[2026-10-05T12:35:03Z] job=sf30-matrix session=macroflow3d-SF-30-sf30-matrix started
[2026-10-05T12:35:03Z] GPU=1 (CUDA_VISIBLE_DEVICES=1, request=auto)
[2026-10-05T12:35:03Z] cwd=/home/sesquerre/MacroFlow3D-SF-30
[2026-10-05T12:35:03Z] command=bash docs/experiments/artifacts/2026-10-05-sf30-closure-gate/scripts/run_matrix.sh all
== [controls] a_lester2021_n64_p16: build/v100-release/closure_gate --field lester2021 --n 64 --eps 1 --pcg-rtol 1e-12 --seeds-file docs/experiments/artifacts/2026-10-05-sf30-closure-gate/scripts/probe_seeds16.csv --tols 1e-6,1e-8,1e-10,1e-12 --working-tol 1e-10 --out output_sf30/controls/a_lester2021_n64_p16
command: build/v100-release/closure_gate --field lester2021 --n 64 --eps 1 --pcg-rtol 1e-12 --seeds-file docs/experiments/artifacts/2026-10-05-sf30-closure-gate/scripts/probe_seeds16.csv --tols 1e-6,1e-8,1e-10,1e-12 --working-tol 1e-10 --out output_sf30/controls/a_lester2021_n64_p16
closure_gate: field=lester2021 grid=64^3 h=0.015625 eps=1 seeds=16 threads=32
  Y: mean=1.844150e-19 var=1.650000e-01 min=-1.331119e+00 max=1.331119e+00
  Darcy: mg_levels=5 (coarsest 4^3) pcg_rtol=1.0e-12 max_iter=1000 iterations=(10,10,10) rel_res=(2.71e-13,3.71e-13,3.93e-13) converged=yes
  G=(9.6442016596e-01, -1.6931771094e-20, 1.5109055484e-20) mean_flux=(1.000e+00, 1.486e-20, 6.480e-20) div_max=6.15e-12
  spline gpu-vs-host prefilter rel=4.33e-15  g: min_g1=6.4175e-01 min|g|=6.4175e-01 max|g|=1.2927e+00 backflow_fraction=0.0000e+00 v_rms=1.0585e+00
  tol=1e-06  ok=16/16 (seed_backflow=0, non_ok_fraction=0.000e+00, ok_with_backflow=0) nfev/streamline-period=409.9
    n=1: R=8.3017e-09 mean=(1.4591e-09, 4.9502e-10) max|d|=1.7993e-08 rms|d|=8.4434e-09 | flux-weighted: R=8.3591e-09 mean=(1.4535e-09, 4.4417e-10) <tau>_w=1.0090926235
    ladder vs 1e-12 at n=1: max=1.803e-08 rms=8.450e-09 (both_ok=16, status_differs=0)
  tol=1e-08  ok=16/16 (seed_backflow=0, non_ok_fraction=0.000e+00, ok_with_backflow=0) nfev/streamline-period=409.9
    n=1: R=8.3017e-09 mean=(1.4591e-09, 4.9502e-10) max|d|=1.7993e-08 rms|d|=8.4434e-09 | flux-weighted: R=8.3591e-09 mean=(1.4535e-09, 4.4417e-10) <tau>_w=1.0090926235
    ladder vs 1e-12 at n=1: max=1.803e-08 rms=8.450e-09 (both_ok=16, status_differs=0)
  tol=1e-10  ok=16/16 (seed_backflow=0, non_ok_fraction=0.000e+00, ok_with_backflow=0) nfev/streamline-period=444.0
    n=1: R=7.9965e-09 mean=(-9.9815e-10, -5.0142e-11) max|d|=1.3800e-08 rms|d|=8.0587e-09 | flux-weighted: R=7.9929e-09 mean=(-1.0080e-09, -2.8652e-11) <tau>_w=1.0090926054
    ladder vs 1e-12 at n=1: max=1.350e-08 rms=7.969e-09 (both_ok=16, status_differs=0)
  tol=1e-12  ok=16/16 (seed_backflow=0, non_ok_fraction=0.000e+00, ok_with_backflow=0) nfev/streamline-period=1606.1
    n=1: R=3.2515e-10 mean=(-5.9190e-11, 8.7815e-12) max|d|=6.3722e-10 rms|d|=3.3061e-10 | flux-weighted: R=3.2260e-10 mean=(-5.7078e-11, 9.6854e-12) <tau>_w=1.0090926195
  round trip (tol=1e-10): eligible=16 backward_ok=16 max=2.996e-08 rms=1.280e-08
  outputs: output_sf30/controls/a_lester2021_n64_p16/{summary.json,streamlines.csv,timing.json}  wall 1.13 s
== [controls] a_lester2021_n64_p16: exit 0, 4.268 s
== [controls] a_lester2021_n64: build/v100-release/closure_gate --field lester2021 --n 64 --eps 1 --pcg-rtol 1e-12 --tols 1e-6,1e-8,1e-10,1e-12 --working-tol 1e-8 --out output_sf30/controls/a_lester2021_n64
command: build/v100-release/closure_gate --field lester2021 --n 64 --eps 1 --pcg-rtol 1e-12 --tols 1e-6,1e-8,1e-10,1e-12 --working-tol 1e-8 --out output_sf30/controls/a_lester2021_n64
closure_gate: field=lester2021 grid=64^3 h=0.015625 eps=1 seeds=1024 threads=32
  Y: mean=1.844150e-19 var=1.650000e-01 min=-1.331119e+00 max=1.331119e+00
  Darcy: mg_levels=5 (coarsest 4^3) pcg_rtol=1.0e-12 max_iter=1000 iterations=(10,10,10) rel_res=(2.71e-13,3.71e-13,3.93e-13) converged=yes
  G=(9.6442016596e-01, -1.6931771094e-20, 1.5109055484e-20) mean_flux=(1.000e+00, 1.486e-20, 6.480e-20) div_max=6.15e-12
  spline gpu-vs-host prefilter rel=4.33e-15  g: min_g1=6.4175e-01 min|g|=6.4175e-01 max|g|=1.2927e+00 backflow_fraction=0.0000e+00 v_rms=1.0585e+00
  tol=1e-06  ok=1024/1024 (seed_backflow=0, non_ok_fraction=0.000e+00, ok_with_backflow=0) nfev/streamline-period=409.4
    n=1: R=7.2083e-09 mean=(6.1730e-12, 2.7928e-10) max|d|=3.3291e-08 rms|d|=7.2137e-09 | flux-weighted: R=7.2402e-09 mean=(7.2678e-12, 2.8088e-10) <tau>_w=1.0046159332
    ladder vs 1e-12 at n=1: max=3.359e-08 rms=7.229e-09 (both_ok=1024, status_differs=0)
  tol=1e-08  ok=1024/1024 (seed_backflow=0, non_ok_fraction=0.000e+00, ok_with_backflow=0) nfev/streamline-period=409.4
    n=1: R=7.2083e-09 mean=(6.1730e-12, 2.7928e-10) max|d|=3.3291e-08 rms|d|=7.2137e-09 | flux-weighted: R=7.2402e-09 mean=(7.2678e-12, 2.8088e-10) <tau>_w=1.0046159332
    ladder vs 1e-12 at n=1: max=3.359e-08 rms=7.229e-09 (both_ok=1024, status_differs=0)
  tol=1e-10  ok=1024/1024 (seed_backflow=0, non_ok_fraction=0.000e+00, ok_with_backflow=0) nfev/streamline-period=438.6
    n=1: R=7.4074e-09 mean=(3.8748e-10, -1.4034e-10) max|d|=2.4528e-08 rms|d|=7.4188e-09 | flux-weighted: R=7.4082e-09 mean=(3.8505e-10, -1.3544e-10) <tau>_w=1.0046159207
    ladder vs 1e-12 at n=1: max=2.446e-08 rms=7.452e-09 (both_ok=1024, status_differs=0)
  tol=1e-12  ok=1024/1024 (seed_backflow=0, non_ok_fraction=0.000e+00, ok_with_backflow=0) nfev/streamline-period=1622.4
    n=1: R=3.2852e-10 mean=(4.2349e-12, -3.4871e-12) max|d|=1.3356e-09 rms|d|=3.2856e-10 | flux-weighted: R=3.2678e-10 mean=(4.1381e-12, -3.3545e-12) <tau>_w=1.0046159240
  round trip (tol=1e-08): eligible=1024 backward_ok=1024 max=7.495e-08 rms=8.566e-09
  outputs: output_sf30/controls/a_lester2021_n64/{summary.json,streamlines.csv,timing.json}  wall 1.21 s
== [controls] a_lester2021_n64: exit 0, 4.498 s
== [controls] a_lester_brk_n64_p16: build/v100-release/closure_gate --field lester_brk --n 64 --eps 1 --pcg-rtol 1e-12 --seeds-file docs/experiments/artifacts/2026-10-05-sf30-closure-gate/scripts/probe_seeds16.csv --tols 1e-6,1e-8,1e-10,1e-12 --working-tol 1e-10 --out output_sf30/controls/a_lester_brk_n64_p16
command: build/v100-release/closure_gate --field lester_brk --n 64 --eps 1 --pcg-rtol 1e-12 --seeds-file docs/experiments/artifacts/2026-10-05-sf30-closure-gate/scripts/probe_seeds16.csv --tols 1e-6,1e-8,1e-10,1e-12 --working-tol 1e-10 --out output_sf30/controls/a_lester_brk_n64_p16
closure_gate: field=lester_brk grid=64^3 h=0.015625 eps=1 seeds=16 threads=32
  Y: mean=1.163082e-19 var=1.650000e-01 min=-1.223455e+00 max=1.223455e+00
  Darcy: mg_levels=5 (coarsest 4^3) pcg_rtol=1.0e-12 max_iter=1000 iterations=(10,10,10) rel_res=(4.43e-13,3.77e-13,3.46e-13) converged=yes
  G=(9.6378116830e-01, -2.9824446611e-20, 5.3392825115e-21) mean_flux=(1.000e+00, -1.863e-20, -3.780e-20) div_max=9.29e-12
  spline gpu-vs-host prefilter rel=3.87e-15  g: min_g1=6.5992e-01 min|g|=6.6046e-01 max|g|=1.3165e+00 backflow_fraction=0.0000e+00 v_rms=1.0587e+00
  tol=1e-06  ok=16/16 (seed_backflow=0, non_ok_fraction=0.000e+00, ok_with_backflow=0) nfev/streamline-period=409.9
    n=1: R=8.7894e-03 mean=(-2.0579e-03, -4.6860e-04) max|d|=1.5466e-02 rms|d|=9.0393e-03 | flux-weighted: R=8.3868e-03 mean=(-2.3543e-03, -4.5878e-04) <tau>_w=1.0165971696
    ladder vs 1e-12 at n=1: max=1.540e-08 rms=5.619e-09 (both_ok=16, status_differs=0)
  tol=1e-08  ok=16/16 (seed_backflow=0, non_ok_fraction=0.000e+00, ok_with_backflow=0) nfev/streamline-period=409.9
    n=1: R=8.7894e-03 mean=(-2.0579e-03, -4.6860e-04) max|d|=1.5466e-02 rms|d|=9.0393e-03 | flux-weighted: R=8.3868e-03 mean=(-2.3543e-03, -4.5878e-04) <tau>_w=1.0165971696
    ladder vs 1e-12 at n=1: max=1.540e-08 rms=5.619e-09 (both_ok=16, status_differs=0)
  tol=1e-10  ok=16/16 (seed_backflow=0, non_ok_fraction=0.000e+00, ok_with_backflow=0) nfev/streamline-period=437.6
    n=1: R=8.7894e-03 mean=(-2.0579e-03, -4.6860e-04) max|d|=1.5466e-02 rms|d|=9.0393e-03 | flux-weighted: R=8.3868e-03 mean=(-2.3543e-03, -4.5878e-04) <tau>_w=1.0165971945
    ladder vs 1e-12 at n=1: max=7.193e-09 rms=4.146e-09 (both_ok=16, status_differs=0)
  tol=1e-12  ok=16/16 (seed_backflow=0, non_ok_fraction=0.000e+00, ok_with_backflow=0) nfev/streamline-period=1554.8
    n=1: R=8.7894e-03 mean=(-2.0579e-03, -4.6860e-04) max|d|=1.5466e-02 rms|d|=9.0393e-03 | flux-weighted: R=8.3868e-03 mean=(-2.3543e-03, -4.5878e-04) <tau>_w=1.0165971752
  round trip (tol=1e-10): eligible=16 backward_ok=16 max=1.059e-08 rms=6.570e-09
  outputs: output_sf30/controls/a_lester_brk_n64_p16/{summary.json,streamlines.csv,timing.json}  wall 1.15 s
== [controls] a_lester_brk_n64_p16: exit 0, 4.597 s
== [controls] a_lester_brk_n64: build/v100-release/closure_gate --field lester_brk --n 64 --eps 1 --pcg-rtol 1e-12 --tols 1e-6,1e-8,1e-10,1e-12 --working-tol 1e-8 --out output_sf30/controls/a_lester_brk_n64
command: build/v100-release/closure_gate --field lester_brk --n 64 --eps 1 --pcg-rtol 1e-12 --tols 1e-6,1e-8,1e-10,1e-12 --working-tol 1e-8 --out output_sf30/controls/a_lester_brk_n64
closure_gate: field=lester_brk grid=64^3 h=0.015625 eps=1 seeds=1024 threads=32
  Y: mean=1.163082e-19 var=1.650000e-01 min=-1.223455e+00 max=1.223455e+00
  Darcy: mg_levels=5 (coarsest 4^3) pcg_rtol=1.0e-12 max_iter=1000 iterations=(10,10,10) rel_res=(4.43e-13,3.77e-13,3.46e-13) converged=yes
  G=(9.6378116830e-01, -2.9824446611e-20, 5.3392825115e-21) mean_flux=(1.000e+00, -1.863e-20, -3.780e-20) div_max=9.29e-12
  spline gpu-vs-host prefilter rel=3.87e-15  g: min_g1=6.5992e-01 min|g|=6.6046e-01 max|g|=1.3165e+00 backflow_fraction=0.0000e+00 v_rms=1.0587e+00
  tol=1e-06  ok=1024/1024 (seed_backflow=0, non_ok_fraction=0.000e+00, ok_with_backflow=0) nfev/streamline-period=409.7
    n=1: R=9.4948e-03 mean=(-1.4620e-04, -2.4381e-05) max|d|=2.4633e-02 rms|d|=9.4959e-03 | flux-weighted: R=9.4846e-03 mean=(-2.0974e-04, -3.3265e-06) <tau>_w=1.0046608744
    ladder vs 1e-12 at n=1: max=3.564e-08 rms=6.385e-09 (both_ok=1024, status_differs=0)
  tol=1e-08  ok=1024/1024 (seed_backflow=0, non_ok_fraction=0.000e+00, ok_with_backflow=0) nfev/streamline-period=409.7
    n=1: R=9.4948e-03 mean=(-1.4620e-04, -2.4381e-05) max|d|=2.4633e-02 rms|d|=9.4959e-03 | flux-weighted: R=9.4846e-03 mean=(-2.0974e-04, -3.3265e-06) <tau>_w=1.0046608744
    ladder vs 1e-12 at n=1: max=3.564e-08 rms=6.385e-09 (both_ok=1024, status_differs=0)
  tol=1e-10  ok=1024/1024 (seed_backflow=0, non_ok_fraction=0.000e+00, ok_with_backflow=0) nfev/streamline-period=433.2
    n=1: R=9.4948e-03 mean=(-1.4620e-04, -2.4381e-05) max|d|=2.4633e-02 rms|d|=9.4960e-03 | flux-weighted: R=9.4846e-03 mean=(-2.0974e-04, -3.3260e-06) <tau>_w=1.0046608819
    ladder vs 1e-12 at n=1: max=2.124e-08 rms=5.741e-09 (both_ok=1024, status_differs=0)
  tol=1e-12  ok=1024/1024 (seed_backflow=0, non_ok_fraction=0.000e+00, ok_with_backflow=0) nfev/streamline-period=1519.9
    n=1: R=9.4948e-03 mean=(-1.4620e-04, -2.4381e-05) max|d|=2.4633e-02 rms|d|=9.4959e-03 | flux-weighted: R=9.4846e-03 mean=(-2.0975e-04, -3.3261e-06) <tau>_w=1.0046608757
  round trip (tol=1e-08): eligible=1024 backward_ok=1024 max=5.490e-08 rms=8.156e-09
  outputs: output_sf30/controls/a_lester_brk_n64/{summary.json,streamlines.csv,timing.json}  wall 1.23 s
== [controls] a_lester_brk_n64: exit 0, 4.415 s
== [controls] a_control2d_n64_p16: build/v100-release/closure_gate --field control2d --n 64 --eps 1 --pcg-rtol 1e-12 --seeds-file docs/experiments/artifacts/2026-10-05-sf30-closure-gate/scripts/probe_seeds16.csv --tols 1e-6,1e-8,1e-10,1e-12 --working-tol 1e-10 --out output_sf30/controls/a_control2d_n64_p16
command: build/v100-release/closure_gate --field control2d --n 64 --eps 1 --pcg-rtol 1e-12 --seeds-file docs/experiments/artifacts/2026-10-05-sf30-closure-gate/scripts/probe_seeds16.csv --tols 1e-6,1e-8,1e-10,1e-12 --working-tol 1e-10 --out output_sf30/controls/a_control2d_n64_p16
closure_gate: field=control2d grid=64^3 h=0.015625 eps=1 seeds=16 threads=32
  Y: mean=7.962110e-20 var=9.450000e-01 min=-2.265103e+00 max=2.265103e+00
  Darcy: mg_levels=5 (coarsest 4^3) pcg_rtol=1.0e-12 max_iter=1000 iterations=(20,20,0) rel_res=(1.69e-14,3.13e-14,0.00e+00) converged=yes
  G=(1.0256998762e+00, 1.0027594147e-01, -4.9813177700e-34) mean_flux=(1.000e+00, 4.532e-16, -6.500e-34) div_max=3.52e-12
  spline gpu-vs-host prefilter rel=3.16e-15  g: min_g1=2.3247e-01 min|g|=2.3838e-01 max|g|=2.6343e+00 backflow_fraction=0.0000e+00 v_rms=1.1914e+00
  tol=1e-06  ok=16/16 (seed_backflow=0, non_ok_fraction=0.000e+00, ok_with_backflow=0) nfev/streamline-period=429.4
    n=1: R=7.1037e-04 mean=(-7.9302e-04, -2.3039e-19) max|d|=1.9684e-03 rms|d|=1.0647e-03 | flux-weighted: R=4.8243e-04 mean=(-4.4912e-04, -5.1567e-17) <tau>_w=1.0841052241
    ladder vs 1e-12 at n=1: max=2.695e-07 rms=1.129e-07 (both_ok=16, status_differs=0)
  tol=1e-08  ok=16/16 (seed_backflow=0, non_ok_fraction=0.000e+00, ok_with_backflow=0) nfev/streamline-period=429.8
    n=1: R=7.1035e-04 mean=(-7.9306e-04, -1.1289e-17) max|d|=1.9685e-03 rms|d|=1.0647e-03 | flux-weighted: R=4.8242e-04 mean=(-4.4915e-04, -7.5889e-17) <tau>_w=1.0841054335
    ladder vs 1e-12 at n=1: max=4.688e-07 rms=2.106e-07 (both_ok=16, status_differs=0)
  tol=1e-10  ok=16/16 (seed_backflow=0, non_ok_fraction=0.000e+00, ok_with_backflow=0) nfev/streamline-period=1259.2
    n=1: R=7.1029e-04 mean=(-7.9301e-04, 2.7512e-17) max|d|=1.9681e-03 rms|d|=1.0646e-03 | flux-weighted: R=4.8238e-04 mean=(-4.4915e-04, -8.1163e-17) <tau>_w=1.0841055262
    ladder vs 1e-12 at n=1: max=2.049e-07 rms=6.471e-08 (both_ok=16, status_differs=0)
  tol=1e-12  ok=16/16 (seed_backflow=0, non_ok_fraction=0.000e+00, ok_with_backflow=0) nfev/streamline-period=3012.4
    n=1: R=7.1029e-04 mean=(-7.9300e-04, 1.3241e-17) max|d|=1.9681e-03 rms|d|=1.0646e-03 | flux-weighted: R=4.8237e-04 mean=(-4.4915e-04, 1.1873e-18) <tau>_w=1.0841055720
  round trip (tol=1e-10): eligible=16 backward_ok=16 max=7.611e-08 rms=3.391e-08
  outputs: output_sf30/controls/a_control2d_n64_p16/{summary.json,streamlines.csv,timing.json}  wall 1.50 s
== [controls] a_control2d_n64_p16: exit 0, 4.808 s
== [controls] a_control2d_n64: build/v100-release/closure_gate --field control2d --n 64 --eps 1 --pcg-rtol 1e-12 --tols 1e-6,1e-8,1e-10,1e-12 --working-tol 1e-8 --out output_sf30/controls/a_control2d_n64
command: build/v100-release/closure_gate --field control2d --n 64 --eps 1 --pcg-rtol 1e-12 --tols 1e-6,1e-8,1e-10,1e-12 --working-tol 1e-8 --out output_sf30/controls/a_control2d_n64
closure_gate: field=control2d grid=64^3 h=0.015625 eps=1 seeds=1024 threads=32
  Y: mean=7.962110e-20 var=9.450000e-01 min=-2.265103e+00 max=2.265103e+00
  Darcy: mg_levels=5 (coarsest 4^3) pcg_rtol=1.0e-12 max_iter=1000 iterations=(20,20,0) rel_res=(1.69e-14,3.13e-14,0.00e+00) converged=yes
  G=(1.0256998762e+00, 1.0027594147e-01, -4.9813177700e-34) mean_flux=(1.000e+00, 4.532e-16, -6.500e-34) div_max=3.52e-12
  spline gpu-vs-host prefilter rel=3.16e-15  g: min_g1=2.3247e-01 min|g|=2.3838e-01 max|g|=2.6343e+00 backflow_fraction=0.0000e+00 v_rms=1.1914e+00
  tol=1e-06  ok=1024/1024 (seed_backflow=0, non_ok_fraction=0.000e+00, ok_with_backflow=0) nfev/streamline-period=431.1
    n=1: R=6.2503e-04 mean=(-6.3786e-04, -1.4160e-17) max|d|=1.9684e-03 rms|d|=8.9304e-04 | flux-weighted: R=4.0781e-04 mean=(-3.9616e-04, -1.2432e-17) <tau>_w=0.9964542367
    ladder vs 1e-12 at n=1: max=5.845e-07 rms=1.371e-07 (both_ok=1024, status_differs=0)
  tol=1e-08  ok=1024/1024 (seed_backflow=0, non_ok_fraction=0.000e+00, ok_with_backflow=0) nfev/streamline-period=431.3
    n=1: R=6.2500e-04 mean=(-6.3786e-04, -1.3700e-17) max|d|=1.9686e-03 rms|d|=8.9302e-04 | flux-weighted: R=4.0782e-04 mean=(-3.9614e-04, -8.4913e-18) <tau>_w=0.9964542081
    ladder vs 1e-12 at n=1: max=5.718e-07 rms=1.503e-07 (both_ok=1024, status_differs=0)
  tol=1e-10  ok=1024/1024 (seed_backflow=0, non_ok_fraction=0.000e+00, ok_with_backflow=0) nfev/streamline-period=1240.2
    n=1: R=6.2502e-04 mean=(-6.3785e-04, -1.2476e-17) max|d|=1.9682e-03 rms|d|=8.9303e-04 | flux-weighted: R=4.0782e-04 mean=(-3.9613e-04, -1.0416e-17) <tau>_w=0.9964541412
    ladder vs 1e-12 at n=1: max=1.967e-07 rms=3.304e-08 (both_ok=1024, status_differs=0)
  tol=1e-12  ok=1024/1024 (seed_backflow=0, non_ok_fraction=0.000e+00, ok_with_backflow=0) nfev/streamline-period=2993.1
    n=1: R=6.2502e-04 mean=(-6.3785e-04, -4.8317e-18) max|d|=1.9681e-03 rms|d|=8.9303e-04 | flux-weighted: R=4.0782e-04 mean=(-3.9613e-04, -9.5952e-18) <tau>_w=0.9964541809
  round trip (tol=1e-08): eligible=1024 backward_ok=1024 max=6.861e-07 rms=1.901e-07
  outputs: output_sf30/controls/a_control2d_n64/{summary.json,streamlines.csv,timing.json}  wall 1.61 s
== [controls] a_control2d_n64: exit 0, 4.995 s
== [controls] a_two_mode_n64_p16: build/v100-release/closure_gate --field two_mode --n 64 --eps 0.5 --pcg-rtol 1e-12 --seeds-file docs/experiments/artifacts/2026-10-05-sf30-closure-gate/scripts/probe_seeds16.csv --tols 1e-6,1e-8,1e-10,1e-12 --working-tol 1e-10 --out output_sf30/controls/a_two_mode_n64_p16
command: build/v100-release/closure_gate --field two_mode --n 64 --eps 0.5 --pcg-rtol 1e-12 --seeds-file docs/experiments/artifacts/2026-10-05-sf30-closure-gate/scripts/probe_seeds16.csv --tols 1e-6,1e-8,1e-10,1e-12 --working-tol 1e-10 --out output_sf30/controls/a_two_mode_n64_p16
closure_gate: field=two_mode grid=64^3 h=0.015625 eps=0.5 seeds=16 threads=32
  Y: mean=3.049742e-18 var=2.500000e-01 min=-1.000000e+00 max=1.000000e+00
  Darcy: mg_levels=5 (coarsest 4^3) pcg_rtol=1.0e-12 max_iter=1000 iterations=(10,10,10) rel_res=(8.28e-14,1.43e-13,1.43e-13) converged=yes
  G=(1.0014221621e+00, 5.8365129577e-02, 5.8365129577e-02) mean_flux=(1.000e+00, -7.959e-17, 1.472e-17) div_max=3.54e-12
  spline gpu-vs-host prefilter rel=4.67e-15  g: min_g1=5.9238e-01 min|g|=6.2741e-01 max|g|=1.6952e+00 backflow_fraction=0.0000e+00 v_rms=1.0624e+00
  tol=1e-06  ok=16/16 (seed_backflow=0, non_ok_fraction=0.000e+00, ok_with_backflow=0) nfev/streamline-period=417.0
    n=1: R=2.8418e-02 mean=(-4.6169e-03, -5.2698e-03) max|d|=4.7939e-02 rms|d|=2.9269e-02 | flux-weighted: R=2.7685e-02 mean=(-3.9259e-03, -4.7611e-03) <tau>_w=1.0092410879
    ladder vs 1e-12 at n=1: max=1.657e-08 rms=7.538e-09 (both_ok=16, status_differs=0)
  tol=1e-08  ok=16/16 (seed_backflow=0, non_ok_fraction=0.000e+00, ok_with_backflow=0) nfev/streamline-period=417.0
    n=1: R=2.8418e-02 mean=(-4.6169e-03, -5.2698e-03) max|d|=4.7939e-02 rms|d|=2.9269e-02 | flux-weighted: R=2.7685e-02 mean=(-3.9259e-03, -4.7611e-03) <tau>_w=1.0092410879
    ladder vs 1e-12 at n=1: max=1.657e-08 rms=7.538e-09 (both_ok=16, status_differs=0)
  tol=1e-10  ok=16/16 (seed_backflow=0, non_ok_fraction=0.000e+00, ok_with_backflow=0) nfev/streamline-period=439.9
    n=1: R=2.8418e-02 mean=(-4.6169e-03, -5.2698e-03) max|d|=4.7939e-02 rms|d|=2.9269e-02 | flux-weighted: R=2.7685e-02 mean=(-3.9259e-03, -4.7611e-03) <tau>_w=1.0092410828
    ladder vs 1e-12 at n=1: max=1.341e-08 rms=6.486e-09 (both_ok=16, status_differs=0)
  tol=1e-12  ok=16/16 (seed_backflow=0, non_ok_fraction=0.000e+00, ok_with_backflow=0) nfev/streamline-period=1690.1
    n=1: R=2.8418e-02 mean=(-4.6169e-03, -5.2698e-03) max|d|=4.7939e-02 rms|d|=2.9269e-02 | flux-weighted: R=2.7685e-02 mean=(-3.9259e-03, -4.7611e-03) <tau>_w=1.0092410808
  round trip (tol=1e-10): eligible=16 backward_ok=16 max=1.669e-08 rms=9.153e-09
  outputs: output_sf30/controls/a_two_mode_n64_p16/{summary.json,streamlines.csv,timing.json}  wall 1.18 s
== [controls] a_two_mode_n64_p16: exit 0, 4.548 s
== [controls] a_two_mode_n64: build/v100-release/closure_gate --field two_mode --n 64 --eps 0.5 --pcg-rtol 1e-12 --tols 1e-6,1e-8,1e-10,1e-12 --working-tol 1e-8 --out output_sf30/controls/a_two_mode_n64
command: build/v100-release/closure_gate --field two_mode --n 64 --eps 0.5 --pcg-rtol 1e-12 --tols 1e-6,1e-8,1e-10,1e-12 --working-tol 1e-8 --out output_sf30/controls/a_two_mode_n64
closure_gate: field=two_mode grid=64^3 h=0.015625 eps=0.5 seeds=1024 threads=32
  Y: mean=3.049742e-18 var=2.500000e-01 min=-1.000000e+00 max=1.000000e+00
  Darcy: mg_levels=5 (coarsest 4^3) pcg_rtol=1.0e-12 max_iter=1000 iterations=(10,10,10) rel_res=(8.28e-14,1.43e-13,1.43e-13) converged=yes
  G=(1.0014221621e+00, 5.8365129577e-02, 5.8365129577e-02) mean_flux=(1.000e+00, -7.959e-17, 1.472e-17) div_max=3.54e-12
  spline gpu-vs-host prefilter rel=4.67e-15  g: min_g1=5.9238e-01 min|g|=6.2741e-01 max|g|=1.6952e+00 backflow_fraction=0.0000e+00 v_rms=1.0624e+00
  tol=1e-06  ok=1024/1024 (seed_backflow=0, non_ok_fraction=0.000e+00, ok_with_backflow=0) nfev/streamline-period=417.0
    n=1: R=3.1207e-02 mean=(-2.0523e-03, -1.9153e-03) max|d|=5.3256e-02 rms|d|=3.1333e-02 | flux-weighted: R=3.0329e-02 mean=(-6.0839e-04, -4.9482e-04) <tau>_w=1.0008729805
    ladder vs 1e-12 at n=1: max=2.347e-08 rms=6.614e-09 (both_ok=1024, status_differs=0)
  tol=1e-08  ok=1024/1024 (seed_backflow=0, non_ok_fraction=0.000e+00, ok_with_backflow=0) nfev/streamline-period=417.0
    n=1: R=3.1207e-02 mean=(-2.0523e-03, -1.9153e-03) max|d|=5.3256e-02 rms|d|=3.1333e-02 | flux-weighted: R=3.0329e-02 mean=(-6.0839e-04, -4.9482e-04) <tau>_w=1.0008729805
    ladder vs 1e-12 at n=1: max=2.347e-08 rms=6.614e-09 (both_ok=1024, status_differs=0)
  tol=1e-10  ok=1024/1024 (seed_backflow=0, non_ok_fraction=0.000e+00, ok_with_backflow=0) nfev/streamline-period=433.1
    n=1: R=3.1207e-02 mean=(-2.0523e-03, -1.9153e-03) max|d|=5.3256e-02 rms|d|=3.1333e-02 | flux-weighted: R=3.0329e-02 mean=(-6.0839e-04, -4.9482e-04) <tau>_w=1.0008729828
    ladder vs 1e-12 at n=1: max=1.936e-08 rms=4.733e-09 (both_ok=1024, status_differs=0)
  tol=1e-12  ok=1024/1024 (seed_backflow=0, non_ok_fraction=0.000e+00, ok_with_backflow=0) nfev/streamline-period=1649.2
    n=1: R=3.1207e-02 mean=(-2.0523e-03, -1.9153e-03) max|d|=5.3256e-02 rms|d|=3.1333e-02 | flux-weighted: R=3.0329e-02 mean=(-6.0839e-04, -4.9482e-04) <tau>_w=1.0008729757
  round trip (tol=1e-08): eligible=1024 backward_ok=1024 max=3.470e-08 rms=1.217e-08
  outputs: output_sf30/controls/a_two_mode_n64/{summary.json,streamlines.csv,timing.json}  wall 1.30 s
== [controls] a_two_mode_n64: exit 0, 4.682 s
== [controls] a_generic3d_n64_p16: build/v100-release/closure_gate --field generic3d --n 64 --eps 0.5 --pcg-rtol 1e-12 --seeds-file docs/experiments/artifacts/2026-10-05-sf30-closure-gate/scripts/probe_seeds16.csv --tols 1e-6,1e-8,1e-10,1e-12 --working-tol 1e-10 --out output_sf30/controls/a_generic3d_n64_p16
command: build/v100-release/closure_gate --field generic3d --n 64 --eps 0.5 --pcg-rtol 1e-12 --seeds-file docs/experiments/artifacts/2026-10-05-sf30-closure-gate/scripts/probe_seeds16.csv --tols 1e-6,1e-8,1e-10,1e-12 --working-tol 1e-10 --out output_sf30/controls/a_generic3d_n64_p16
closure_gate: field=generic3d grid=64^3 h=0.015625 eps=0.5 seeds=16 threads=32
  Y: mean=-3.417778e-18 var=3.750000e-01 min=-1.685745e+00 max=1.654831e+00
  Darcy: mg_levels=5 (coarsest 4^3) pcg_rtol=1.0e-12 max_iter=1000 iterations=(20,20,10) rel_res=(1.75e-14,2.16e-14,9.56e-13) converged=yes
  G=(9.9317238555e-01, 4.6643273457e-02, 6.7168996221e-02) mean_flux=(1.000e+00, -1.605e-17, 5.042e-18) div_max=4.54e-12
  spline gpu-vs-host prefilter rel=3.49e-15  g: min_g1=4.1163e-01 min|g|=4.5556e-01 max|g|=2.0837e+00 backflow_fraction=0.0000e+00 v_rms=1.1005e+00
  tol=1e-06  ok=16/16 (seed_backflow=0, non_ok_fraction=0.000e+00, ok_with_backflow=0) nfev/streamline-period=419.6
    n=1: R=5.3896e-02 mean=(4.3992e-03, 9.3119e-03) max|d|=8.2839e-02 rms|d|=5.4871e-02 | flux-weighted: R=5.4301e-02 mean=(1.2877e-03, 5.5086e-03) <tau>_w=1.0018304345
    ladder vs 1e-12 at n=1: max=5.658e-08 rms=3.118e-08 (both_ok=16, status_differs=0)
  tol=1e-08  ok=16/16 (seed_backflow=0, non_ok_fraction=0.000e+00, ok_with_backflow=0) nfev/streamline-period=419.6
    n=1: R=5.3896e-02 mean=(4.3992e-03, 9.3119e-03) max|d|=8.2839e-02 rms|d|=5.4871e-02 | flux-weighted: R=5.4301e-02 mean=(1.2877e-03, 5.5086e-03) <tau>_w=1.0018304345
    ladder vs 1e-12 at n=1: max=5.658e-08 rms=3.118e-08 (both_ok=16, status_differs=0)
  tol=1e-10  ok=16/16 (seed_backflow=0, non_ok_fraction=0.000e+00, ok_with_backflow=0) nfev/streamline-period=604.9
    n=1: R=5.3896e-02 mean=(4.3992e-03, 9.3119e-03) max|d|=8.2839e-02 rms|d|=5.4871e-02 | flux-weighted: R=5.4301e-02 mean=(1.2877e-03, 5.5086e-03) <tau>_w=1.0018303608
    ladder vs 1e-12 at n=1: max=4.028e-08 rms=1.772e-08 (both_ok=16, status_differs=0)
  tol=1e-12  ok=16/16 (seed_backflow=0, non_ok_fraction=0.000e+00, ok_with_backflow=0) nfev/streamline-period=2195.2
    n=1: R=5.3896e-02 mean=(4.3992e-03, 9.3119e-03) max|d|=8.2839e-02 rms|d|=5.4871e-02 | flux-weighted: R=5.4301e-02 mean=(1.2877e-03, 5.5086e-03) <tau>_w=1.0018303972
  round trip (tol=1e-10): eligible=16 backward_ok=16 max=5.344e-08 rms=2.801e-08
  outputs: output_sf30/controls/a_generic3d_n64_p16/{summary.json,streamlines.csv,timing.json}  wall 1.83 s
== [controls] a_generic3d_n64_p16: exit 0, 5.215 s
== [controls] a_generic3d_n64: build/v100-release/closure_gate --field generic3d --n 64 --eps 0.5 --pcg-rtol 1e-12 --tols 1e-6,1e-8,1e-10,1e-12 --working-tol 1e-8 --out output_sf30/controls/a_generic3d_n64
command: build/v100-release/closure_gate --field generic3d --n 64 --eps 0.5 --pcg-rtol 1e-12 --tols 1e-6,1e-8,1e-10,1e-12 --working-tol 1e-8 --out output_sf30/controls/a_generic3d_n64
closure_gate: field=generic3d grid=64^3 h=0.015625 eps=0.5 seeds=1024 threads=32
  Y: mean=-3.417778e-18 var=3.750000e-01 min=-1.685745e+00 max=1.654831e+00
  Darcy: mg_levels=5 (coarsest 4^3) pcg_rtol=1.0e-12 max_iter=1000 iterations=(20,20,10) rel_res=(1.75e-14,2.16e-14,9.56e-13) converged=yes
  G=(9.9317238555e-01, 4.6643273457e-02, 6.7168996221e-02) mean_flux=(1.000e+00, -1.605e-17, 5.042e-18) div_max=4.54e-12
  spline gpu-vs-host prefilter rel=3.49e-15  g: min_g1=4.1163e-01 min|g|=4.5556e-01 max|g|=2.0837e+00 backflow_fraction=0.0000e+00 v_rms=1.1005e+00
  tol=1e-06  ok=1024/1024 (seed_backflow=0, non_ok_fraction=0.000e+00, ok_with_backflow=0) nfev/streamline-period=420.2
    n=1: R=5.2047e-02 mean=(3.1011e-03, 7.6252e-03) max|d|=9.4729e-02 rms|d|=5.2694e-02 | flux-weighted: R=5.0576e-02 mean=(-8.6508e-05, 9.6664e-05) <tau>_w=0.9951170394
    ladder vs 1e-12 at n=1: max=9.679e-08 rms=3.275e-08 (both_ok=1024, status_differs=0)
  tol=1e-08  ok=1024/1024 (seed_backflow=0, non_ok_fraction=0.000e+00, ok_with_backflow=0) nfev/streamline-period=420.2
    n=1: R=5.2047e-02 mean=(3.1011e-03, 7.6252e-03) max|d|=9.4729e-02 rms|d|=5.2694e-02 | flux-weighted: R=5.0576e-02 mean=(-8.6508e-05, 9.6664e-05) <tau>_w=0.9951170394
    ladder vs 1e-12 at n=1: max=9.679e-08 rms=3.276e-08 (both_ok=1024, status_differs=0)
  tol=1e-10  ok=1024/1024 (seed_backflow=0, non_ok_fraction=0.000e+00, ok_with_backflow=0) nfev/streamline-period=629.4
    n=1: R=5.2047e-02 mean=(3.1011e-03, 7.6252e-03) max|d|=9.4729e-02 rms|d|=5.2694e-02 | flux-weighted: R=5.0576e-02 mean=(-8.6513e-05, 9.6666e-05) <tau>_w=0.9951170395
    ladder vs 1e-12 at n=1: max=4.980e-08 rms=1.385e-08 (both_ok=1024, status_differs=0)
  tol=1e-12  ok=1024/1024 (seed_backflow=0, non_ok_fraction=0.000e+00, ok_with_backflow=0) nfev/streamline-period=2247.2
    n=1: R=5.2047e-02 mean=(3.1011e-03, 7.6252e-03) max|d|=9.4729e-02 rms|d|=5.2694e-02 | flux-weighted: R=5.0576e-02 mean=(-8.6511e-05, 9.6664e-05) <tau>_w=0.9951170425
  round trip (tol=1e-08): eligible=1024 backward_ok=1024 max=1.596e-07 rms=4.609e-08
  outputs: output_sf30/controls/a_generic3d_n64/{summary.json,streamlines.csv,timing.json}  wall 1.94 s
== [controls] a_generic3d_n64: exit 0, 5.319 s
== [controls] a_lester2021_n128_p16: build/v100-release/closure_gate --field lester2021 --n 128 --eps 1 --pcg-rtol 1e-12 --seeds-file docs/experiments/artifacts/2026-10-05-sf30-closure-gate/scripts/probe_seeds16.csv --tols 1e-6,1e-8,1e-10,1e-12 --working-tol 1e-10 --out output_sf30/controls/a_lester2021_n128_p16
command: build/v100-release/closure_gate --field lester2021 --n 128 --eps 1 --pcg-rtol 1e-12 --seeds-file docs/experiments/artifacts/2026-10-05-sf30-closure-gate/scripts/probe_seeds16.csv --tols 1e-6,1e-8,1e-10,1e-12 --working-tol 1e-10 --out output_sf30/controls/a_lester2021_n128_p16
closure_gate: field=lester2021 grid=128^3 h=0.0078125 eps=1 seeds=16 threads=32
  Y: mean=-1.947835e-20 var=1.650000e-01 min=-1.331617e+00 max=1.331617e+00
  Darcy: mg_levels=6 (coarsest 4^3) pcg_rtol=1.0e-12 max_iter=1000 iterations=(10,10,10) rel_res=(6.13e-13,8.72e-13,7.88e-13) converged=yes
  G=(9.6419146555e-01, 5.0950569088e-21, -1.1612559999e-20) mean_flux=(1.000e+00, -6.530e-20, 2.605e-20) div_max=1.83e-11
  spline gpu-vs-host prefilter rel=4.60e-15  g: min_g1=6.4132e-01 min|g|=6.4132e-01 max|g|=1.2936e+00 backflow_fraction=0.0000e+00 v_rms=1.0582e+00
  tol=1e-06  ok=16/16 (seed_backflow=0, non_ok_fraction=0.000e+00, ok_with_backflow=0) nfev/streamline-period=799.9
    n=1: R=3.3015e-10 mean=(-1.4715e-10, -6.0666e-11) max|d|=6.2671e-10 rms|d|=3.6651e-10 | flux-weighted: R=3.2994e-10 mean=(-1.4770e-10, -6.2574e-11) <tau>_w=1.0094789764
    ladder vs 1e-12 at n=1: max=1.012e-09 rms=5.291e-10 (both_ok=16, status_differs=0)
  tol=1e-08  ok=16/16 (seed_backflow=0, non_ok_fraction=0.000e+00, ok_with_backflow=0) nfev/streamline-period=799.9
    n=1: R=3.3015e-10 mean=(-1.4715e-10, -6.0666e-11) max|d|=6.2671e-10 rms|d|=3.6651e-10 | flux-weighted: R=3.2994e-10 mean=(-1.4770e-10, -6.2574e-11) <tau>_w=1.0094789764
    ladder vs 1e-12 at n=1: max=1.012e-09 rms=5.291e-10 (both_ok=16, status_differs=0)
  tol=1e-10  ok=16/16 (seed_backflow=0, non_ok_fraction=0.000e+00, ok_with_backflow=0) nfev/streamline-period=799.9
    n=1: R=3.3054e-10 mean=(-1.4761e-10, -5.9481e-11) max|d|=6.2671e-10 rms|d|=3.6685e-10 | flux-weighted: R=3.3033e-10 mean=(-1.4816e-10, -6.1392e-11) <tau>_w=1.0094789764
    ladder vs 1e-12 at n=1: max=1.012e-09 rms=5.296e-10 (both_ok=16, status_differs=0)
  tol=1e-12  ok=16/16 (seed_backflow=0, non_ok_fraction=0.000e+00, ok_with_backflow=0) nfev/streamline-period=1306.5
    n=1: R=3.4541e-10 mean=(-6.4704e-11, 2.7162e-12) max|d|=6.5932e-10 rms|d|=3.5143e-10 | flux-weighted: R=3.4213e-10 mean=(-6.1643e-11, 2.0803e-12) <tau>_w=1.0094789765
  round trip (tol=1e-10): eligible=16 backward_ok=16 max=1.722e-09 rms=6.830e-10
  outputs: output_sf30/controls/a_lester2021_n128_p16/{summary.json,streamlines.csv,timing.json}  wall 1.77 s
== [controls] a_lester2021_n128_p16: exit 0, 5.144 s
== [controls] a_lester2021_n128: build/v100-release/closure_gate --field lester2021 --n 128 --eps 1 --pcg-rtol 1e-12 --tols 1e-6,1e-8,1e-10,1e-12 --working-tol 1e-8 --out output_sf30/controls/a_lester2021_n128
command: build/v100-release/closure_gate --field lester2021 --n 128 --eps 1 --pcg-rtol 1e-12 --tols 1e-6,1e-8,1e-10,1e-12 --working-tol 1e-8 --out output_sf30/controls/a_lester2021_n128
closure_gate: field=lester2021 grid=128^3 h=0.0078125 eps=1 seeds=1024 threads=32
  Y: mean=-1.947835e-20 var=1.650000e-01 min=-1.331617e+00 max=1.331617e+00
  Darcy: mg_levels=6 (coarsest 4^3) pcg_rtol=1.0e-12 max_iter=1000 iterations=(10,10,10) rel_res=(6.13e-13,8.72e-13,7.88e-13) converged=yes
  G=(9.6419146555e-01, 5.0950569088e-21, -1.1612559999e-20) mean_flux=(1.000e+00, -6.530e-20, 2.605e-20) div_max=1.83e-11
  spline gpu-vs-host prefilter rel=4.60e-15  g: min_g1=6.4132e-01 min|g|=6.4132e-01 max|g|=1.2936e+00 backflow_fraction=0.0000e+00 v_rms=1.0582e+00
  tol=1e-06  ok=1024/1024 (seed_backflow=0, non_ok_fraction=0.000e+00, ok_with_backflow=0) nfev/streamline-period=798.9
    n=1: R=5.0187e-10 mean=(-4.0891e-13, 3.9319e-11) max|d|=3.1701e-09 rms|d|=5.0341e-10 | flux-weighted: R=5.0476e-10 mean=(-4.4423e-13, 3.9774e-11) <tau>_w=1.0050405679
    ladder vs 1e-12 at n=1: max=3.083e-09 rms=6.001e-10 (both_ok=1024, status_differs=0)
  tol=1e-08  ok=1024/1024 (seed_backflow=0, non_ok_fraction=0.000e+00, ok_with_backflow=0) nfev/streamline-period=798.9
    n=1: R=5.0187e-10 mean=(-4.0891e-13, 3.9319e-11) max|d|=3.1701e-09 rms|d|=5.0341e-10 | flux-weighted: R=5.0476e-10 mean=(-4.4423e-13, 3.9774e-11) <tau>_w=1.0050405679
    ladder vs 1e-12 at n=1: max=3.083e-09 rms=6.001e-10 (both_ok=1024, status_differs=0)
  tol=1e-10  ok=1024/1024 (seed_backflow=0, non_ok_fraction=0.000e+00, ok_with_backflow=0) nfev/streamline-period=798.9
    n=1: R=4.9928e-10 mean=(-4.7700e-13, 3.6797e-11) max|d|=3.1237e-09 rms|d|=5.0063e-10 | flux-weighted: R=5.0204e-10 mean=(-5.0907e-13, 3.7143e-11) <tau>_w=1.0050405679
    ladder vs 1e-12 at n=1: max=3.008e-09 rms=5.977e-10 (both_ok=1024, status_differs=0)
  tol=1e-12  ok=1024/1024 (seed_backflow=0, non_ok_fraction=0.000e+00, ok_with_backflow=0) nfev/streamline-period=1262.0
    n=1: R=2.9806e-10 mean=(1.2940e-12, -2.3399e-12) max|d|=8.0784e-10 rms|d|=2.9807e-10 | flux-weighted: R=2.9660e-10 mean=(1.2100e-12, -2.1655e-12) <tau>_w=1.0050405680
  round trip (tol=1e-08): eligible=1024 backward_ok=1024 max=4.241e-09 rms=6.426e-10
  outputs: output_sf30/controls/a_lester2021_n128/{summary.json,streamlines.csv,timing.json}  wall 1.86 s
== [controls] a_lester2021_n128: exit 0, 5.220 s
== [controls] a_lester_brk_n128_p16: build/v100-release/closure_gate --field lester_brk --n 128 --eps 1 --pcg-rtol 1e-12 --seeds-file docs/experiments/artifacts/2026-10-05-sf30-closure-gate/scripts/probe_seeds16.csv --tols 1e-6,1e-8,1e-10,1e-12 --working-tol 1e-10 --out output_sf30/controls/a_lester_brk_n128_p16
command: build/v100-release/closure_gate --field lester_brk --n 128 --eps 1 --pcg-rtol 1e-12 --seeds-file docs/experiments/artifacts/2026-10-05-sf30-closure-gate/scripts/probe_seeds16.csv --tols 1e-6,1e-8,1e-10,1e-12 --working-tol 1e-10 --out output_sf30/controls/a_lester_brk_n128_p16
closure_gate: field=lester_brk grid=128^3 h=0.0078125 eps=1 seeds=16 threads=32
  Y: mean=5.476267e-19 var=1.650000e-01 min=-1.224146e+00 max=1.224146e+00
  Darcy: mg_levels=6 (coarsest 4^3) pcg_rtol=1.0e-12 max_iter=1000 iterations=(10,10,10) rel_res=(9.13e-13,8.04e-13,6.96e-13) converged=yes
  G=(9.6355569218e-01, 3.7422939164e-20, 9.8553907247e-20) mean_flux=(1.000e+00, -5.186e-20, -8.022e-20) div_max=2.44e-11
  spline gpu-vs-host prefilter rel=4.39e-15  g: min_g1=6.5951e-01 min|g|=6.6014e-01 max|g|=1.3181e+00 backflow_fraction=0.0000e+00 v_rms=1.0584e+00
  tol=1e-06  ok=16/16 (seed_backflow=0, non_ok_fraction=0.000e+00, ok_with_backflow=0) nfev/streamline-period=798.8
    n=1: R=8.7131e-03 mean=(-2.0662e-03, -4.3007e-04) max|d|=1.5508e-02 rms|d|=8.9651e-03 | flux-weighted: R=8.3109e-03 mean=(-2.3642e-03, -4.1931e-04) <tau>_w=1.0169946906
    ladder vs 1e-12 at n=1: max=1.592e-09 rms=6.127e-10 (both_ok=16, status_differs=0)
  tol=1e-08  ok=16/16 (seed_backflow=0, non_ok_fraction=0.000e+00, ok_with_backflow=0) nfev/streamline-period=798.8
    n=1: R=8.7131e-03 mean=(-2.0662e-03, -4.3007e-04) max|d|=1.5508e-02 rms|d|=8.9651e-03 | flux-weighted: R=8.3109e-03 mean=(-2.3642e-03, -4.1931e-04) <tau>_w=1.0169946906
    ladder vs 1e-12 at n=1: max=1.592e-09 rms=6.127e-10 (both_ok=16, status_differs=0)
  tol=1e-10  ok=16/16 (seed_backflow=0, non_ok_fraction=0.000e+00, ok_with_backflow=0) nfev/streamline-period=798.8
    n=1: R=8.7131e-03 mean=(-2.0662e-03, -4.3007e-04) max|d|=1.5508e-02 rms|d|=8.9651e-03 | flux-weighted: R=8.3109e-03 mean=(-2.3642e-03, -4.1931e-04) <tau>_w=1.0169946904
    ladder vs 1e-12 at n=1: max=1.592e-09 rms=5.872e-10 (both_ok=16, status_differs=0)
  tol=1e-12  ok=16/16 (seed_backflow=0, non_ok_fraction=0.000e+00, ok_with_backflow=0) nfev/streamline-period=1170.0
    n=1: R=8.7131e-03 mean=(-2.0662e-03, -4.3007e-04) max|d|=1.5508e-02 rms|d|=8.9651e-03 | flux-weighted: R=8.3109e-03 mean=(-2.3642e-03, -4.1931e-04) <tau>_w=1.0169946889
  round trip (tol=1e-10): eligible=16 backward_ok=16 max=1.593e-09 rms=5.233e-10
  outputs: output_sf30/controls/a_lester_brk_n128_p16/{summary.json,streamlines.csv,timing.json}  wall 1.80 s
== [controls] a_lester_brk_n128_p16: exit 0, 5.241 s
== [controls] a_lester_brk_n128: build/v100-release/closure_gate --field lester_brk --n 128 --eps 1 --pcg-rtol 1e-12 --tols 1e-6,1e-8,1e-10,1e-12 --working-tol 1e-8 --out output_sf30/controls/a_lester_brk_n128
command: build/v100-release/closure_gate --field lester_brk --n 128 --eps 1 --pcg-rtol 1e-12 --tols 1e-6,1e-8,1e-10,1e-12 --working-tol 1e-8 --out output_sf30/controls/a_lester_brk_n128
closure_gate: field=lester_brk grid=128^3 h=0.0078125 eps=1 seeds=1024 threads=32
  Y: mean=5.476267e-19 var=1.650000e-01 min=-1.224146e+00 max=1.224146e+00
  Darcy: mg_levels=6 (coarsest 4^3) pcg_rtol=1.0e-12 max_iter=1000 iterations=(10,10,10) rel_res=(9.13e-13,8.04e-13,6.96e-13) converged=yes
  G=(9.6355569218e-01, 3.7422939164e-20, 9.8553907247e-20) mean_flux=(1.000e+00, -5.186e-20, -8.022e-20) div_max=2.44e-11
  spline gpu-vs-host prefilter rel=4.39e-15  g: min_g1=6.5951e-01 min|g|=6.6014e-01 max|g|=1.3181e+00 backflow_fraction=0.0000e+00 v_rms=1.0584e+00
  tol=1e-06  ok=1024/1024 (seed_backflow=0, non_ok_fraction=0.000e+00, ok_with_backflow=0) nfev/streamline-period=799.1
    n=1: R=9.4030e-03 mean=(-1.4492e-04, -2.1005e-05) max|d|=2.4683e-02 rms|d|=9.4041e-03 | flux-weighted: R=9.4059e-03 mean=(-2.0847e-04, -1.3039e-06) <tau>_w=1.0049400330
    ladder vs 1e-12 at n=1: max=4.406e-09 rms=5.925e-10 (both_ok=1024, status_differs=0)
  tol=1e-08  ok=1024/1024 (seed_backflow=0, non_ok_fraction=0.000e+00, ok_with_backflow=0) nfev/streamline-period=799.1
    n=1: R=9.4030e-03 mean=(-1.4492e-04, -2.1005e-05) max|d|=2.4683e-02 rms|d|=9.4041e-03 | flux-weighted: R=9.4059e-03 mean=(-2.0847e-04, -1.3039e-06) <tau>_w=1.0049400330
    ladder vs 1e-12 at n=1: max=4.406e-09 rms=5.925e-10 (both_ok=1024, status_differs=0)
  tol=1e-10  ok=1024/1024 (seed_backflow=0, non_ok_fraction=0.000e+00, ok_with_backflow=0) nfev/streamline-period=799.2
    n=1: R=9.4030e-03 mean=(-1.4492e-04, -2.1005e-05) max|d|=2.4683e-02 rms|d|=9.4041e-03 | flux-weighted: R=9.4059e-03 mean=(-2.0847e-04, -1.3039e-06) <tau>_w=1.0049400330
    ladder vs 1e-12 at n=1: max=4.324e-09 rms=5.929e-10 (both_ok=1024, status_differs=0)
  tol=1e-12  ok=1024/1024 (seed_backflow=0, non_ok_fraction=0.000e+00, ok_with_backflow=0) nfev/streamline-period=1143.8
    n=1: R=9.4030e-03 mean=(-1.4492e-04, -2.1005e-05) max|d|=2.4683e-02 rms|d|=9.4041e-03 | flux-weighted: R=9.4059e-03 mean=(-2.0847e-04, -1.3039e-06) <tau>_w=1.0049400324
  round trip (tol=1e-08): eligible=1024 backward_ok=1024 max=7.036e-09 rms=7.273e-10
  outputs: output_sf30/controls/a_lester_brk_n128/{summary.json,streamlines.csv,timing.json}  wall 1.87 s
== [controls] a_lester_brk_n128: exit 0, 5.423 s
== [controls] a_control2d_n128_p16: build/v100-release/closure_gate --field control2d --n 128 --eps 1 --pcg-rtol 1e-12 --seeds-file docs/experiments/artifacts/2026-10-05-sf30-closure-gate/scripts/probe_seeds16.csv --tols 1e-6,1e-8,1e-10,1e-12 --working-tol 1e-10 --out output_sf30/controls/a_control2d_n128_p16
command: build/v100-release/closure_gate --field control2d --n 128 --eps 1 --pcg-rtol 1e-12 --seeds-file docs/experiments/artifacts/2026-10-05-sf30-closure-gate/scripts/probe_seeds16.csv --tols 1e-6,1e-8,1e-10,1e-12 --working-tol 1e-10 --out output_sf30/controls/a_control2d_n128_p16
closure_gate: field=control2d grid=128^3 h=0.0078125 eps=1 seeds=16 threads=32
  Y: mean=-3.038731e-20 var=9.450000e-01 min=-2.269830e+00 max=2.269830e+00
  Darcy: mg_levels=6 (coarsest 4^3) pcg_rtol=1.0e-12 max_iter=1000 iterations=(20,20,0) rel_res=(6.60e-14,1.26e-13,0.00e+00) converged=yes
  G=(1.0249580317e+00, 1.0008979541e-01, -1.7409887425e-33) mean_flux=(1.000e+00, -4.376e-16, -2.119e-33) div_max=2.46e-11
  spline gpu-vs-host prefilter rel=3.78e-15  g: min_g1=2.3177e-01 min|g|=2.3764e-01 max|g|=2.6383e+00 backflow_fraction=0.0000e+00 v_rms=1.1898e+00
  tol=1e-06  ok=16/16 (seed_backflow=0, non_ok_fraction=0.000e+00, ok_with_backflow=0) nfev/streamline-period=838.1
    n=1: R=1.7897e-04 mean=(-1.9934e-04, 4.7312e-17) max|d|=4.9596e-04 rms|d|=2.6789e-04 | flux-weighted: R=1.2147e-04 mean=(-1.1269e-04, -2.6234e-16) <tau>_w=1.0858304356
    ladder vs 1e-12 at n=1: max=2.384e-08 rms=1.037e-08 (both_ok=16, status_differs=0)
  tol=1e-08  ok=16/16 (seed_backflow=0, non_ok_fraction=0.000e+00, ok_with_backflow=0) nfev/streamline-period=838.1
    n=1: R=1.7897e-04 mean=(-1.9934e-04, 4.7312e-17) max|d|=4.9596e-04 rms|d|=2.6789e-04 | flux-weighted: R=1.2147e-04 mean=(-1.1269e-04, -2.6234e-16) <tau>_w=1.0858304356
    ladder vs 1e-12 at n=1: max=2.384e-08 rms=1.037e-08 (both_ok=16, status_differs=0)
  tol=1e-10  ok=16/16 (seed_backflow=0, non_ok_fraction=0.000e+00, ok_with_backflow=0) nfev/streamline-period=914.6
    n=1: R=1.7897e-04 mean=(-1.9935e-04, 1.2414e-17) max|d|=4.9597e-04 rms|d|=2.6790e-04 | flux-weighted: R=1.2147e-04 mean=(-1.1269e-04, -3.1008e-16) <tau>_w=1.0858304101
    ladder vs 1e-12 at n=1: max=2.512e-08 rms=1.126e-08 (both_ok=16, status_differs=0)
  tol=1e-12  ok=16/16 (seed_backflow=0, non_ok_fraction=0.000e+00, ok_with_backflow=0) nfev/streamline-period=3778.5
    n=1: R=1.7897e-04 mean=(-1.9935e-04, -1.8051e-16) max|d|=4.9597e-04 rms|d|=2.6790e-04 | flux-weighted: R=1.2147e-04 mean=(-1.1269e-04, -3.4679e-16) <tau>_w=1.0858304174
  round trip (tol=1e-10): eligible=16 backward_ok=16 max=4.495e-08 rms=1.648e-08
  outputs: output_sf30/controls/a_control2d_n128_p16/{summary.json,streamlines.csv,timing.json}  wall 2.27 s
== [controls] a_control2d_n128_p16: exit 0, 5.957 s
== [controls] a_control2d_n128: build/v100-release/closure_gate --field control2d --n 128 --eps 1 --pcg-rtol 1e-12 --tols 1e-6,1e-8,1e-10,1e-12 --working-tol 1e-8 --out output_sf30/controls/a_control2d_n128
command: build/v100-release/closure_gate --field control2d --n 128 --eps 1 --pcg-rtol 1e-12 --tols 1e-6,1e-8,1e-10,1e-12 --working-tol 1e-8 --out output_sf30/controls/a_control2d_n128
closure_gate: field=control2d grid=128^3 h=0.0078125 eps=1 seeds=1024 threads=32
  Y: mean=-3.038731e-20 var=9.450000e-01 min=-2.269830e+00 max=2.269830e+00
  Darcy: mg_levels=6 (coarsest 4^3) pcg_rtol=1.0e-12 max_iter=1000 iterations=(20,20,0) rel_res=(6.60e-14,1.26e-13,0.00e+00) converged=yes
  G=(1.0249580317e+00, 1.0008979541e-01, -1.7409887425e-33) mean_flux=(1.000e+00, -4.376e-16, -2.119e-33) div_max=2.46e-11
  spline gpu-vs-host prefilter rel=3.78e-15  g: min_g1=2.3177e-01 min|g|=2.3764e-01 max|g|=2.6383e+00 backflow_fraction=0.0000e+00 v_rms=1.1898e+00
  tol=1e-06  ok=1024/1024 (seed_backflow=0, non_ok_fraction=0.000e+00, ok_with_backflow=0) nfev/streamline-period=842.5
    n=1: R=1.5732e-04 mean=(-1.6040e-04, 2.9951e-17) max|d|=4.9596e-04 rms|d|=2.2468e-04 | flux-weighted: R=1.0262e-04 mean=(-9.9441e-05, 2.3365e-17) <tau>_w=0.9978884180
    ladder vs 1e-12 at n=1: max=3.221e-08 rms=9.787e-09 (both_ok=1024, status_differs=0)
  tol=1e-08  ok=1024/1024 (seed_backflow=0, non_ok_fraction=0.000e+00, ok_with_backflow=0) nfev/streamline-period=842.5
    n=1: R=1.5732e-04 mean=(-1.6040e-04, 2.9951e-17) max|d|=4.9596e-04 rms|d|=2.2468e-04 | flux-weighted: R=1.0262e-04 mean=(-9.9441e-05, 2.3365e-17) <tau>_w=0.9978884180
    ladder vs 1e-12 at n=1: max=3.221e-08 rms=9.787e-09 (both_ok=1024, status_differs=0)
  tol=1e-10  ok=1024/1024 (seed_backflow=0, non_ok_fraction=0.000e+00, ok_with_backflow=0) nfev/streamline-period=920.8
    n=1: R=1.5732e-04 mean=(-1.6040e-04, 3.3373e-17) max|d|=4.9597e-04 rms|d|=2.2467e-04 | flux-weighted: R=1.0262e-04 mean=(-9.9443e-05, 2.3711e-17) <tau>_w=0.9978884223
    ladder vs 1e-12 at n=1: max=5.247e-08 rms=1.270e-08 (both_ok=1024, status_differs=0)
  tol=1e-12  ok=1024/1024 (seed_backflow=0, non_ok_fraction=0.000e+00, ok_with_backflow=0) nfev/streamline-period=3784.8
    n=1: R=1.5733e-04 mean=(-1.6040e-04, 2.2383e-17) max|d|=4.9597e-04 rms|d|=2.2468e-04 | flux-weighted: R=1.0262e-04 mean=(-9.9442e-05, 2.0847e-17) <tau>_w=0.9978884138
  round trip (tol=1e-08): eligible=1024 backward_ok=1024 max=6.328e-08 rms=1.588e-08
  outputs: output_sf30/controls/a_control2d_n128/{summary.json,streamlines.csv,timing.json}  wall 2.33 s
== [controls] a_control2d_n128: exit 0, 5.793 s
== [controls] a_two_mode_n128_p16: build/v100-release/closure_gate --field two_mode --n 128 --eps 0.5 --pcg-rtol 1e-12 --seeds-file docs/experiments/artifacts/2026-10-05-sf30-closure-gate/scripts/probe_seeds16.csv --tols 1e-6,1e-8,1e-10,1e-12 --working-tol 1e-10 --out output_sf30/controls/a_two_mode_n128_p16
command: build/v100-release/closure_gate --field two_mode --n 128 --eps 0.5 --pcg-rtol 1e-12 --seeds-file docs/experiments/artifacts/2026-10-05-sf30-closure-gate/scripts/probe_seeds16.csv --tols 1e-6,1e-8,1e-10,1e-12 --working-tol 1e-10 --out output_sf30/controls/a_two_mode_n128_p16
closure_gate: field=two_mode grid=128^3 h=0.0078125 eps=0.5 seeds=16 threads=32
  Y: mean=1.000404e-17 var=2.500000e-01 min=-1.000000e+00 max=1.000000e+00
  Darcy: mg_levels=6 (coarsest 4^3) pcg_rtol=1.0e-12 max_iter=1000 iterations=(10,10,10) rel_res=(2.72e-13,3.63e-13,3.63e-13) converged=yes
  G=(1.0012249978e+00, 5.8460077716e-02, 5.8460077716e-02) mean_flux=(1.000e+00, -1.330e-16, -1.583e-16) div_max=1.12e-11
  spline gpu-vs-host prefilter rel=5.72e-15  g: min_g1=5.9209e-01 min|g|=6.2711e-01 max|g|=1.6958e+00 backflow_fraction=0.0000e+00 v_rms=1.0621e+00
  tol=1e-06  ok=16/16 (seed_backflow=0, non_ok_fraction=0.000e+00, ok_with_backflow=0) nfev/streamline-period=813.0
    n=1: R=2.8458e-02 mean=(-4.5916e-03, -5.2469e-03) max|d|=4.7960e-02 rms|d|=2.9299e-02 | flux-weighted: R=2.7725e-02 mean=(-3.8986e-03, -4.7365e-03) <tau>_w=1.0094498371
    ladder vs 1e-12 at n=1: max=1.288e-09 rms=5.464e-10 (both_ok=16, status_differs=0)
  tol=1e-08  ok=16/16 (seed_backflow=0, non_ok_fraction=0.000e+00, ok_with_backflow=0) nfev/streamline-period=813.0
    n=1: R=2.8458e-02 mean=(-4.5916e-03, -5.2469e-03) max|d|=4.7960e-02 rms|d|=2.9299e-02 | flux-weighted: R=2.7725e-02 mean=(-3.8986e-03, -4.7365e-03) <tau>_w=1.0094498371
    ladder vs 1e-12 at n=1: max=1.288e-09 rms=5.464e-10 (both_ok=16, status_differs=0)
  tol=1e-10  ok=16/16 (seed_backflow=0, non_ok_fraction=0.000e+00, ok_with_backflow=0) nfev/streamline-period=813.0
    n=1: R=2.8458e-02 mean=(-4.5916e-03, -5.2469e-03) max|d|=4.7960e-02 rms|d|=2.9299e-02 | flux-weighted: R=2.7725e-02 mean=(-3.8986e-03, -4.7365e-03) <tau>_w=1.0094498366
    ladder vs 1e-12 at n=1: max=7.228e-10 rms=4.602e-10 (both_ok=16, status_differs=0)
  tol=1e-12  ok=16/16 (seed_backflow=0, non_ok_fraction=0.000e+00, ok_with_backflow=0) nfev/streamline-period=1368.4
    n=1: R=2.8458e-02 mean=(-4.5916e-03, -5.2469e-03) max|d|=4.7960e-02 rms|d|=2.9299e-02 | flux-weighted: R=2.7725e-02 mean=(-3.8986e-03, -4.7365e-03) <tau>_w=1.0094498361
  round trip (tol=1e-10): eligible=16 backward_ok=16 max=1.643e-09 rms=6.489e-10
  outputs: output_sf30/controls/a_two_mode_n128_p16/{summary.json,streamlines.csv,timing.json}  wall 1.88 s
== [controls] a_two_mode_n128_p16: exit 0, 5.348 s
== [controls] a_two_mode_n128: build/v100-release/closure_gate --field two_mode --n 128 --eps 0.5 --pcg-rtol 1e-12 --tols 1e-6,1e-8,1e-10,1e-12 --working-tol 1e-8 --out output_sf30/controls/a_two_mode_n128
command: build/v100-release/closure_gate --field two_mode --n 128 --eps 0.5 --pcg-rtol 1e-12 --tols 1e-6,1e-8,1e-10,1e-12 --working-tol 1e-8 --out output_sf30/controls/a_two_mode_n128
closure_gate: field=two_mode grid=128^3 h=0.0078125 eps=0.5 seeds=1024 threads=32
  Y: mean=1.000404e-17 var=2.500000e-01 min=-1.000000e+00 max=1.000000e+00
  Darcy: mg_levels=6 (coarsest 4^3) pcg_rtol=1.0e-12 max_iter=1000 iterations=(10,10,10) rel_res=(2.72e-13,3.63e-13,3.63e-13) converged=yes
  G=(1.0012249978e+00, 5.8460077716e-02, 5.8460077716e-02) mean_flux=(1.000e+00, -1.330e-16, -1.583e-16) div_max=1.12e-11
  spline gpu-vs-host prefilter rel=5.72e-15  g: min_g1=5.9209e-01 min|g|=6.2711e-01 max|g|=1.6958e+00 backflow_fraction=0.0000e+00 v_rms=1.0621e+00
  tol=1e-06  ok=1024/1024 (seed_backflow=0, non_ok_fraction=0.000e+00, ok_with_backflow=0) nfev/streamline-period=812.9
    n=1: R=3.1251e-02 mean=(-2.0238e-03, -1.8866e-03) max|d|=5.3282e-02 rms|d|=3.1373e-02 | flux-weighted: R=3.0372e-02 mean=(-5.7741e-04, -4.6360e-04) <tau>_w=1.0010794719
    ladder vs 1e-12 at n=1: max=1.679e-09 rms=4.705e-10 (both_ok=1024, status_differs=0)
  tol=1e-08  ok=1024/1024 (seed_backflow=0, non_ok_fraction=0.000e+00, ok_with_backflow=0) nfev/streamline-period=812.9
    n=1: R=3.1251e-02 mean=(-2.0238e-03, -1.8866e-03) max|d|=5.3282e-02 rms|d|=3.1373e-02 | flux-weighted: R=3.0372e-02 mean=(-5.7741e-04, -4.6360e-04) <tau>_w=1.0010794719
    ladder vs 1e-12 at n=1: max=1.679e-09 rms=4.705e-10 (both_ok=1024, status_differs=0)
  tol=1e-10  ok=1024/1024 (seed_backflow=0, non_ok_fraction=0.000e+00, ok_with_backflow=0) nfev/streamline-period=812.9
    n=1: R=3.1251e-02 mean=(-2.0238e-03, -1.8866e-03) max|d|=5.3282e-02 rms|d|=3.1373e-02 | flux-weighted: R=3.0372e-02 mean=(-5.7741e-04, -4.6360e-04) <tau>_w=1.0010794717
    ladder vs 1e-12 at n=1: max=1.629e-09 rms=4.526e-10 (both_ok=1024, status_differs=0)
  tol=1e-12  ok=1024/1024 (seed_backflow=0, non_ok_fraction=0.000e+00, ok_with_backflow=0) nfev/streamline-period=1289.8
    n=1: R=3.1251e-02 mean=(-2.0238e-03, -1.8866e-03) max|d|=5.3282e-02 rms|d|=3.1373e-02 | flux-weighted: R=3.0372e-02 mean=(-5.7741e-04, -4.6360e-04) <tau>_w=1.0010794714
  round trip (tol=1e-08): eligible=1024 backward_ok=1024 max=2.274e-09 rms=5.356e-10
  outputs: output_sf30/controls/a_two_mode_n128/{summary.json,streamlines.csv,timing.json}  wall 1.99 s
== [controls] a_two_mode_n128: exit 0, 5.591 s
== [controls] a_generic3d_n128_p16: build/v100-release/closure_gate --field generic3d --n 128 --eps 0.5 --pcg-rtol 1e-12 --seeds-file docs/experiments/artifacts/2026-10-05-sf30-closure-gate/scripts/probe_seeds16.csv --tols 1e-6,1e-8,1e-10,1e-12 --working-tol 1e-10 --out output_sf30/controls/a_generic3d_n128_p16
command: build/v100-release/closure_gate --field generic3d --n 128 --eps 0.5 --pcg-rtol 1e-12 --seeds-file docs/experiments/artifacts/2026-10-05-sf30-closure-gate/scripts/probe_seeds16.csv --tols 1e-6,1e-8,1e-10,1e-12 --working-tol 1e-10 --out output_sf30/controls/a_generic3d_n128_p16
closure_gate: field=generic3d grid=128^3 h=0.0078125 eps=0.5 seeds=16 threads=32
  Y: mean=-3.565215e-18 var=3.750000e-01 min=-1.688111e+00 max=1.656388e+00
  Darcy: mg_levels=6 (coarsest 4^3) pcg_rtol=1.0e-12 max_iter=1000 iterations=(20,20,20) rel_res=(6.64e-14,8.27e-14,7.57e-14) converged=yes
  G=(9.9280252030e-01, 4.6740948883e-02, 6.7232230426e-02) mean_flux=(1.000e+00, 5.057e-16, 6.944e-17) div_max=1.10e-11
  spline gpu-vs-host prefilter rel=4.37e-15  g: min_g1=4.1112e-01 min|g|=4.5486e-01 max|g|=2.0869e+00 backflow_fraction=0.0000e+00 v_rms=1.0999e+00
  tol=1e-06  ok=16/16 (seed_backflow=0, non_ok_fraction=0.000e+00, ok_with_backflow=0) nfev/streamline-period=819.8
    n=1: R=5.3990e-02 mean=(4.3842e-03, 9.3921e-03) max|d|=8.3022e-02 rms|d|=5.4976e-02 | flux-weighted: R=5.4385e-02 mean=(1.2746e-03, 5.5868e-03) <tau>_w=1.0021939895
    ladder vs 1e-12 at n=1: max=5.753e-09 rms=2.909e-09 (both_ok=16, status_differs=0)
  tol=1e-08  ok=16/16 (seed_backflow=0, non_ok_fraction=0.000e+00, ok_with_backflow=0) nfev/streamline-period=819.8
    n=1: R=5.3990e-02 mean=(4.3842e-03, 9.3921e-03) max|d|=8.3022e-02 rms|d|=5.4976e-02 | flux-weighted: R=5.4385e-02 mean=(1.2746e-03, 5.5868e-03) <tau>_w=1.0021939895
    ladder vs 1e-12 at n=1: max=5.753e-09 rms=2.909e-09 (both_ok=16, status_differs=0)
  tol=1e-10  ok=16/16 (seed_backflow=0, non_ok_fraction=0.000e+00, ok_with_backflow=0) nfev/streamline-period=820.5
    n=1: R=5.3990e-02 mean=(4.3842e-03, 9.3921e-03) max|d|=8.3022e-02 rms|d|=5.4976e-02 | flux-weighted: R=5.4385e-02 mean=(1.2746e-03, 5.5868e-03) <tau>_w=1.0021939855
    ladder vs 1e-12 at n=1: max=4.505e-09 rms=2.223e-09 (both_ok=16, status_differs=0)
  tol=1e-12  ok=16/16 (seed_backflow=0, non_ok_fraction=0.000e+00, ok_with_backflow=0) nfev/streamline-period=2674.5
    n=1: R=5.3990e-02 mean=(4.3842e-03, 9.3921e-03) max|d|=8.3022e-02 rms|d|=5.4976e-02 | flux-weighted: R=5.4385e-02 mean=(1.2746e-03, 5.5868e-03) <tau>_w=1.0021939790
  round trip (tol=1e-10): eligible=16 backward_ok=16 max=6.734e-09 rms=2.867e-09
  outputs: output_sf30/controls/a_generic3d_n128_p16/{summary.json,streamlines.csv,timing.json}  wall 3.09 s
== [controls] a_generic3d_n128_p16: exit 0, 6.656 s
== [controls] a_generic3d_n128: build/v100-release/closure_gate --field generic3d --n 128 --eps 0.5 --pcg-rtol 1e-12 --tols 1e-6,1e-8,1e-10,1e-12 --working-tol 1e-8 --out output_sf30/controls/a_generic3d_n128
command: build/v100-release/closure_gate --field generic3d --n 128 --eps 0.5 --pcg-rtol 1e-12 --tols 1e-6,1e-8,1e-10,1e-12 --working-tol 1e-8 --out output_sf30/controls/a_generic3d_n128
closure_gate: field=generic3d grid=128^3 h=0.0078125 eps=0.5 seeds=1024 threads=32
  Y: mean=-3.565215e-18 var=3.750000e-01 min=-1.688111e+00 max=1.656388e+00
  Darcy: mg_levels=6 (coarsest 4^3) pcg_rtol=1.0e-12 max_iter=1000 iterations=(20,20,20) rel_res=(6.64e-14,8.27e-14,7.57e-14) converged=yes
  G=(9.9280252030e-01, 4.6740948883e-02, 6.7232230426e-02) mean_flux=(1.000e+00, 5.057e-16, 6.944e-17) div_max=1.10e-11
  spline gpu-vs-host prefilter rel=4.37e-15  g: min_g1=4.1112e-01 min|g|=4.5486e-01 max|g|=2.0869e+00 backflow_fraction=0.0000e+00 v_rms=1.0999e+00
  tol=1e-06  ok=1024/1024 (seed_backflow=0, non_ok_fraction=0.000e+00, ok_with_backflow=0) nfev/streamline-period=820.1
    n=1: R=5.2136e-02 mean=(3.0846e-03, 7.7164e-03) max|d|=9.4965e-02 rms|d|=5.2794e-02 | flux-weighted: R=5.0665e-02 mean=(-9.7616e-05, 1.8303e-04) <tau>_w=0.9954763000
    ladder vs 1e-12 at n=1: max=1.006e-08 rms=2.485e-09 (both_ok=1024, status_differs=0)
  tol=1e-08  ok=1024/1024 (seed_backflow=0, non_ok_fraction=0.000e+00, ok_with_backflow=0) nfev/streamline-period=820.1
    n=1: R=5.2136e-02 mean=(3.0846e-03, 7.7164e-03) max|d|=9.4965e-02 rms|d|=5.2794e-02 | flux-weighted: R=5.0665e-02 mean=(-9.7616e-05, 1.8303e-04) <tau>_w=0.9954763000
    ladder vs 1e-12 at n=1: max=1.006e-08 rms=2.485e-09 (both_ok=1024, status_differs=0)
  tol=1e-10  ok=1024/1024 (seed_backflow=0, non_ok_fraction=0.000e+00, ok_with_backflow=0) nfev/streamline-period=821.2
    n=1: R=5.2136e-02 mean=(3.0846e-03, 7.7164e-03) max|d|=9.4965e-02 rms|d|=5.2794e-02 | flux-weighted: R=5.0665e-02 mean=(-9.7616e-05, 1.8303e-04) <tau>_w=0.9954763001
    ladder vs 1e-12 at n=1: max=8.106e-09 rms=2.513e-09 (both_ok=1024, status_differs=0)
  tol=1e-12  ok=1024/1024 (seed_backflow=0, non_ok_fraction=0.000e+00, ok_with_backflow=0) nfev/streamline-period=2657.6
    n=1: R=5.2136e-02 mean=(3.0846e-03, 7.7164e-03) max|d|=9.4965e-02 rms|d|=5.2794e-02 | flux-weighted: R=5.0665e-02 mean=(-9.7616e-05, 1.8303e-04) <tau>_w=0.9954763001
  round trip (tol=1e-08): eligible=1024 backward_ok=1024 max=1.285e-08 rms=3.437e-09
  outputs: output_sf30/controls/a_generic3d_n128/{summary.json,streamlines.csv,timing.json}  wall 3.24 s
== [controls] a_generic3d_n128: exit 0, 6.655 s
== [controls] a_lester2021_n256_p16: build/v100-release/closure_gate --field lester2021 --n 256 --eps 1 --pcg-rtol 1e-12 --seeds-file docs/experiments/artifacts/2026-10-05-sf30-closure-gate/scripts/probe_seeds16.csv --tols 1e-6,1e-8,1e-10,1e-12 --working-tol 1e-10 --out output_sf30/controls/a_lester2021_n256_p16
command: build/v100-release/closure_gate --field lester2021 --n 256 --eps 1 --pcg-rtol 1e-12 --seeds-file docs/experiments/artifacts/2026-10-05-sf30-closure-gate/scripts/probe_seeds16.csv --tols 1e-6,1e-8,1e-10,1e-12 --working-tol 1e-10 --out output_sf30/controls/a_lester2021_n256_p16
closure_gate: field=lester2021 grid=256^3 h=0.00390625 eps=1 seeds=16 threads=32
  Y: mean=1.569536e-19 var=1.650000e-01 min=-1.333448e+00 max=1.333448e+00
  Darcy: mg_levels=7 (coarsest 4^3) pcg_rtol=1.0e-12 max_iter=1000 iterations=(20,20,20) rel_res=(1.87e-13,2.30e-13,9.91e-14) converged=yes
  G=(9.6413426127e-01, -5.7826007224e-20, 1.3859783299e-21) mean_flux=(1.000e+00, 4.195e-20, -7.540e-21) div_max=1.25e-11
  spline gpu-vs-host prefilter rel=5.53e-15  g: min_g1=6.4118e-01 min|g|=6.4118e-01 max|g|=1.2938e+00 backflow_fraction=0.0000e+00 v_rms=1.0581e+00
  tol=1e-06  ok=16/16 (seed_backflow=0, non_ok_fraction=0.000e+00, ok_with_backflow=0) nfev/streamline-period=1578.4
    n=1: R=2.9279e-11 mean=(5.2893e-12, -7.2723e-12) max|d|=9.3998e-11 rms|d|=3.0629e-11 | flux-weighted: R=2.9568e-11 mean=(5.2255e-12, -7.5458e-12) <tau>_w=1.0095750168
    ladder vs 1e-12 at n=1: max=9.860e-11 rms=4.501e-11 (both_ok=16, status_differs=0)
  tol=1e-08  ok=16/16 (seed_backflow=0, non_ok_fraction=0.000e+00, ok_with_backflow=0) nfev/streamline-period=1578.4
    n=1: R=2.9279e-11 mean=(5.2893e-12, -7.2723e-12) max|d|=9.3998e-11 rms|d|=3.0629e-11 | flux-weighted: R=2.9568e-11 mean=(5.2255e-12, -7.5458e-12) <tau>_w=1.0095750168
    ladder vs 1e-12 at n=1: max=9.860e-11 rms=4.501e-11 (both_ok=16, status_differs=0)
  tol=1e-10  ok=16/16 (seed_backflow=0, non_ok_fraction=0.000e+00, ok_with_backflow=0) nfev/streamline-period=1578.4
    n=1: R=2.9279e-11 mean=(5.2893e-12, -7.2723e-12) max|d|=9.3998e-11 rms|d|=3.0629e-11 | flux-weighted: R=2.9568e-11 mean=(5.2255e-12, -7.5458e-12) <tau>_w=1.0095750168
    ladder vs 1e-12 at n=1: max=9.860e-11 rms=4.501e-11 (both_ok=16, status_differs=0)
  tol=1e-12  ok=16/16 (seed_backflow=0, non_ok_fraction=0.000e+00, ok_with_backflow=0) nfev/streamline-period=1602.0
    n=1: R=3.0667e-11 mean=(-6.9577e-13, 2.4912e-12) max|d|=6.1062e-11 rms|d|=3.0776e-11 | flux-weighted: R=3.0558e-11 mean=(-7.3022e-13, 2.7023e-12) <tau>_w=1.0095750167
  round trip (tol=1e-10): eligible=16 backward_ok=16 max=1.030e-10 rms=3.906e-11
  outputs: output_sf30/controls/a_lester2021_n256_p16/{summary.json,streamlines.csv,timing.json}  wall 7.69 s
== [controls] a_lester2021_n256_p16: exit 0, 11.128 s
== [controls] a_lester2021_n256: build/v100-release/closure_gate --field lester2021 --n 256 --eps 1 --pcg-rtol 1e-12 --tols 1e-6,1e-8,1e-10,1e-12 --working-tol 1e-8 --out output_sf30/controls/a_lester2021_n256
command: build/v100-release/closure_gate --field lester2021 --n 256 --eps 1 --pcg-rtol 1e-12 --tols 1e-6,1e-8,1e-10,1e-12 --working-tol 1e-8 --out output_sf30/controls/a_lester2021_n256
closure_gate: field=lester2021 grid=256^3 h=0.00390625 eps=1 seeds=1024 threads=32
  Y: mean=1.569536e-19 var=1.650000e-01 min=-1.333448e+00 max=1.333448e+00
  Darcy: mg_levels=7 (coarsest 4^3) pcg_rtol=1.0e-12 max_iter=1000 iterations=(20,20,20) rel_res=(1.87e-13,2.30e-13,9.91e-14) converged=yes
  G=(9.6413426127e-01, -5.7826007224e-20, 1.3859783299e-21) mean_flux=(1.000e+00, 4.195e-20, -7.540e-21) div_max=1.25e-11
  spline gpu-vs-host prefilter rel=5.53e-15  g: min_g1=6.4118e-01 min|g|=6.4118e-01 max|g|=1.2938e+00 backflow_fraction=0.0000e+00 v_rms=1.0581e+00
  tol=1e-06  ok=1024/1024 (seed_backflow=0, non_ok_fraction=0.000e+00, ok_with_backflow=0) nfev/streamline-period=1577.5
    n=1: R=3.4516e-11 mean=(-2.8918e-13, -9.0262e-13) max|d|=2.3845e-10 rms|d|=3.4529e-11 | flux-weighted: R=3.4704e-11 mean=(-2.8692e-13, -9.0433e-13) <tau>_w=1.0051468989
    ladder vs 1e-12 at n=1: max=2.721e-10 rms=5.270e-11 (both_ok=1024, status_differs=0)
  tol=1e-08  ok=1024/1024 (seed_backflow=0, non_ok_fraction=0.000e+00, ok_with_backflow=0) nfev/streamline-period=1577.5
    n=1: R=3.4516e-11 mean=(-2.8918e-13, -9.0262e-13) max|d|=2.3845e-10 rms|d|=3.4529e-11 | flux-weighted: R=3.4704e-11 mean=(-2.8692e-13, -9.0433e-13) <tau>_w=1.0051468989
    ladder vs 1e-12 at n=1: max=2.721e-10 rms=5.270e-11 (both_ok=1024, status_differs=0)
  tol=1e-10  ok=1024/1024 (seed_backflow=0, non_ok_fraction=0.000e+00, ok_with_backflow=0) nfev/streamline-period=1577.5
    n=1: R=3.4516e-11 mean=(-2.8918e-13, -9.0262e-13) max|d|=2.3845e-10 rms|d|=3.4529e-11 | flux-weighted: R=3.4704e-11 mean=(-2.8692e-13, -9.0433e-13) <tau>_w=1.0051468989
    ladder vs 1e-12 at n=1: max=2.721e-10 rms=5.270e-11 (both_ok=1024, status_differs=0)
  tol=1e-12  ok=1024/1024 (seed_backflow=0, non_ok_fraction=0.000e+00, ok_with_backflow=0) nfev/streamline-period=1600.5
    n=1: R=4.3856e-11 mean=(2.9339e-14, -4.4915e-13) max|d|=2.0040e-10 rms|d|=4.3858e-11 | flux-weighted: R=4.4010e-11 mean=(2.9814e-14, -4.4512e-13) <tau>_w=1.0051468989
  round trip (tol=1e-08): eligible=1024 backward_ok=1024 max=4.226e-10 rms=5.125e-11
  outputs: output_sf30/controls/a_lester2021_n256/{summary.json,streamlines.csv,timing.json}  wall 7.84 s
== [controls] a_lester2021_n256: exit 0, 11.462 s
== [controls] a_lester_brk_n256_p16: build/v100-release/closure_gate --field lester_brk --n 256 --eps 1 --pcg-rtol 1e-12 --seeds-file docs/experiments/artifacts/2026-10-05-sf30-closure-gate/scripts/probe_seeds16.csv --tols 1e-6,1e-8,1e-10,1e-12 --working-tol 1e-10 --out output_sf30/controls/a_lester_brk_n256_p16
command: build/v100-release/closure_gate --field lester_brk --n 256 --eps 1 --pcg-rtol 1e-12 --seeds-file docs/experiments/artifacts/2026-10-05-sf30-closure-gate/scripts/probe_seeds16.csv --tols 1e-6,1e-8,1e-10,1e-12 --working-tol 1e-10 --out output_sf30/controls/a_lester_brk_n256_p16
closure_gate: field=lester_brk grid=256^3 h=0.00390625 eps=1 seeds=16 threads=32
  Y: mean=1.395951e-19 var=1.650000e-01 min=-1.225003e+00 max=1.225003e+00
  Darcy: mg_levels=7 (coarsest 4^3) pcg_rtol=1.0e-12 max_iter=1000 iterations=(20,20,20) rel_res=(2.06e-13,2.23e-13,1.02e-13) converged=yes
  G=(9.6349929956e-01, -4.7571799789e-20, 4.3261956975e-21) mean_flux=(1.000e+00, 1.049e-19, 4.320e-21) div_max=1.40e-11
  spline gpu-vs-host prefilter rel=5.56e-15  g: min_g1=6.5938e-01 min|g|=6.6005e-01 max|g|=1.3184e+00 backflow_fraction=0.0000e+00 v_rms=1.0584e+00
  tol=1e-06  ok=16/16 (seed_backflow=0, non_ok_fraction=0.000e+00, ok_with_backflow=0) nfev/streamline-period=1577.6
    n=1: R=8.6957e-03 mean=(-2.0683e-03, -4.2025e-04) max|d|=1.5519e-02 rms|d|=8.9481e-03 | flux-weighted: R=8.2934e-03 mean=(-2.3667e-03, -4.0941e-04) <tau>_w=1.0170931717
    ladder vs 1e-12 at n=1: max=1.950e-10 rms=5.472e-11 (both_ok=16, status_differs=0)
  tol=1e-08  ok=16/16 (seed_backflow=0, non_ok_fraction=0.000e+00, ok_with_backflow=0) nfev/streamline-period=1577.6
    n=1: R=8.6957e-03 mean=(-2.0683e-03, -4.2025e-04) max|d|=1.5519e-02 rms|d|=8.9481e-03 | flux-weighted: R=8.2934e-03 mean=(-2.3667e-03, -4.0941e-04) <tau>_w=1.0170931717
    ladder vs 1e-12 at n=1: max=1.950e-10 rms=5.472e-11 (both_ok=16, status_differs=0)
  tol=1e-10  ok=16/16 (seed_backflow=0, non_ok_fraction=0.000e+00, ok_with_backflow=0) nfev/streamline-period=1577.6
    n=1: R=8.6957e-03 mean=(-2.0683e-03, -4.2025e-04) max|d|=1.5519e-02 rms|d|=8.9481e-03 | flux-weighted: R=8.2934e-03 mean=(-2.3667e-03, -4.0941e-04) <tau>_w=1.0170931717
    ladder vs 1e-12 at n=1: max=1.950e-10 rms=5.472e-11 (both_ok=16, status_differs=0)
  tol=1e-12  ok=16/16 (seed_backflow=0, non_ok_fraction=0.000e+00, ok_with_backflow=0) nfev/streamline-period=1600.5
    n=1: R=8.6957e-03 mean=(-2.0683e-03, -4.2025e-04) max|d|=1.5519e-02 rms|d|=8.9481e-03 | flux-weighted: R=8.2934e-03 mean=(-2.3667e-03, -4.0941e-04) <tau>_w=1.0170931717
  round trip (tol=1e-10): eligible=16 backward_ok=16 max=1.942e-10 rms=7.633e-11
  outputs: output_sf30/controls/a_lester_brk_n256_p16/{summary.json,streamlines.csv,timing.json}  wall 8.69 s
== [controls] a_lester_brk_n256_p16: exit 0, 12.416 s
== [controls] a_lester_brk_n256: build/v100-release/closure_gate --field lester_brk --n 256 --eps 1 --pcg-rtol 1e-12 --tols 1e-6,1e-8,1e-10,1e-12 --working-tol 1e-8 --out output_sf30/controls/a_lester_brk_n256
command: build/v100-release/closure_gate --field lester_brk --n 256 --eps 1 --pcg-rtol 1e-12 --tols 1e-6,1e-8,1e-10,1e-12 --working-tol 1e-8 --out output_sf30/controls/a_lester_brk_n256
closure_gate: field=lester_brk grid=256^3 h=0.00390625 eps=1 seeds=1024 threads=32
  Y: mean=1.395951e-19 var=1.650000e-01 min=-1.225003e+00 max=1.225003e+00
  Darcy: mg_levels=7 (coarsest 4^3) pcg_rtol=1.0e-12 max_iter=1000 iterations=(20,20,20) rel_res=(2.06e-13,2.23e-13,1.02e-13) converged=yes
  G=(9.6349929956e-01, -4.7571799789e-20, 4.3261956975e-21) mean_flux=(1.000e+00, 1.049e-19, 4.320e-21) div_max=1.40e-11
  spline gpu-vs-host prefilter rel=5.56e-15  g: min_g1=6.5938e-01 min|g|=6.6005e-01 max|g|=1.3184e+00 backflow_fraction=0.0000e+00 v_rms=1.0584e+00
  tol=1e-06  ok=1024/1024 (seed_backflow=0, non_ok_fraction=0.000e+00, ok_with_backflow=0) nfev/streamline-period=1578.1
    n=1: R=9.3816e-03 mean=(-1.4461e-04, -2.0236e-05) max|d|=2.4696e-02 rms|d|=9.3827e-03 | flux-weighted: R=9.3877e-03 mean=(-2.0814e-04, -8.6789e-07) <tau>_w=1.0050099566
    ladder vs 1e-12 at n=1: max=4.263e-10 rms=5.241e-11 (both_ok=1024, status_differs=0)
  tol=1e-08  ok=1024/1024 (seed_backflow=0, non_ok_fraction=0.000e+00, ok_with_backflow=0) nfev/streamline-period=1578.1
    n=1: R=9.3816e-03 mean=(-1.4461e-04, -2.0236e-05) max|d|=2.4696e-02 rms|d|=9.3827e-03 | flux-weighted: R=9.3877e-03 mean=(-2.0814e-04, -8.6789e-07) <tau>_w=1.0050099566
    ladder vs 1e-12 at n=1: max=4.263e-10 rms=5.241e-11 (both_ok=1024, status_differs=0)
  tol=1e-10  ok=1024/1024 (seed_backflow=0, non_ok_fraction=0.000e+00, ok_with_backflow=0) nfev/streamline-period=1578.1
    n=1: R=9.3816e-03 mean=(-1.4461e-04, -2.0236e-05) max|d|=2.4696e-02 rms|d|=9.3827e-03 | flux-weighted: R=9.3877e-03 mean=(-2.0814e-04, -8.6789e-07) <tau>_w=1.0050099566
    ladder vs 1e-12 at n=1: max=4.263e-10 rms=5.241e-11 (both_ok=1024, status_differs=0)
  tol=1e-12  ok=1024/1024 (seed_backflow=0, non_ok_fraction=0.000e+00, ok_with_backflow=0) nfev/streamline-period=1601.0
    n=1: R=9.3816e-03 mean=(-1.4461e-04, -2.0236e-05) max|d|=2.4696e-02 rms|d|=9.3827e-03 | flux-weighted: R=9.3877e-03 mean=(-2.0814e-04, -8.6789e-07) <tau>_w=1.0050099566
  round trip (tol=1e-08): eligible=1024 backward_ok=1024 max=4.159e-10 rms=5.904e-11
  outputs: output_sf30/controls/a_lester_brk_n256/{summary.json,streamlines.csv,timing.json}  wall 8.31 s
== [controls] a_lester_brk_n256: exit 0, 11.868 s
== [controls] a_control2d_n256_p16: build/v100-release/closure_gate --field control2d --n 256 --eps 1 --pcg-rtol 1e-12 --seeds-file docs/experiments/artifacts/2026-10-05-sf30-closure-gate/scripts/probe_seeds16.csv --tols 1e-6,1e-8,1e-10,1e-12 --working-tol 1e-10 --out output_sf30/controls/a_control2d_n256_p16
command: build/v100-release/closure_gate --field control2d --n 256 --eps 1 --pcg-rtol 1e-12 --seeds-file docs/experiments/artifacts/2026-10-05-sf30-closure-gate/scripts/probe_seeds16.csv --tols 1e-6,1e-8,1e-10,1e-12 --working-tol 1e-10 --out output_sf30/controls/a_control2d_n256_p16
closure_gate: field=control2d grid=256^3 h=0.00390625 eps=1 seeds=16 threads=32
  Y: mean=2.769810e-17 var=9.450000e-01 min=-2.270669e+00 max=2.270669e+00
  Darcy: mg_levels=7 (coarsest 4^3) pcg_rtol=1.0e-12 max_iter=1000 iterations=(20,20,0) rel_res=(2.58e-13,4.94e-13,0.00e+00) converged=yes
  G=(1.0247723069e+00, 1.0004323353e-01, -3.1207704148e-36) mean_flux=(1.000e+00, 3.393e-17, -9.714e-35) div_max=8.64e-11
  spline gpu-vs-host prefilter rel=4.71e-15  g: min_g1=2.3165e-01 min|g|=2.3750e-01 max|g|=2.6410e+00 backflow_fraction=0.0000e+00 v_rms=1.1894e+00
  tol=1e-06  ok=16/16 (seed_backflow=0, non_ok_fraction=0.000e+00, ok_with_backflow=0) nfev/streamline-period=1656.0
    n=1: R=4.4826e-05 mean=(-4.9900e-05, -2.2711e-16) max|d|=1.2426e-04 rms|d|=6.7077e-05 | flux-weighted: R=3.0420e-05 mean=(-2.8193e-05, -4.9696e-17) <tau>_w=1.0862635829
    ladder vs 1e-12 at n=1: max=2.137e-09 rms=8.527e-10 (both_ok=16, status_differs=0)
  tol=1e-08  ok=16/16 (seed_backflow=0, non_ok_fraction=0.000e+00, ok_with_backflow=0) nfev/streamline-period=1656.0
    n=1: R=4.4826e-05 mean=(-4.9900e-05, -2.2711e-16) max|d|=1.2426e-04 rms|d|=6.7077e-05 | flux-weighted: R=3.0420e-05 mean=(-2.8193e-05, -4.9696e-17) <tau>_w=1.0862635829
    ladder vs 1e-12 at n=1: max=2.137e-09 rms=8.527e-10 (both_ok=16, status_differs=0)
  tol=1e-10  ok=16/16 (seed_backflow=0, non_ok_fraction=0.000e+00, ok_with_backflow=0) nfev/streamline-period=1656.4
    n=1: R=4.4826e-05 mean=(-4.9900e-05, -1.7876e-16) max|d|=1.2426e-04 rms|d|=6.7077e-05 | flux-weighted: R=3.0420e-05 mean=(-2.8193e-05, -1.6320e-17) <tau>_w=1.0862635833
    ladder vs 1e-12 at n=1: max=2.707e-09 rms=9.428e-10 (both_ok=16, status_differs=0)
  tol=1e-12  ok=16/16 (seed_backflow=0, non_ok_fraction=0.000e+00, ok_with_backflow=0) nfev/streamline-period=3241.5
    n=1: R=4.4826e-05 mean=(-4.9901e-05, -2.4831e-16) max|d|=1.2426e-04 rms|d|=6.7078e-05 | flux-weighted: R=3.0420e-05 mean=(-2.8193e-05, -2.0665e-16) <tau>_w=1.0862635847
  round trip (tol=1e-10): eligible=16 backward_ok=16 max=1.774e-09 rms=1.018e-09
  outputs: output_sf30/controls/a_control2d_n256_p16/{summary.json,streamlines.csv,timing.json}  wall 6.61 s
== [controls] a_control2d_n256_p16: exit 0, 10.148 s
== [controls] a_control2d_n256: build/v100-release/closure_gate --field control2d --n 256 --eps 1 --pcg-rtol 1e-12 --tols 1e-6,1e-8,1e-10,1e-12 --working-tol 1e-8 --out output_sf30/controls/a_control2d_n256
command: build/v100-release/closure_gate --field control2d --n 256 --eps 1 --pcg-rtol 1e-12 --tols 1e-6,1e-8,1e-10,1e-12 --working-tol 1e-8 --out output_sf30/controls/a_control2d_n256
closure_gate: field=control2d grid=256^3 h=0.00390625 eps=1 seeds=1024 threads=32
  Y: mean=2.769810e-17 var=9.450000e-01 min=-2.270669e+00 max=2.270669e+00
  Darcy: mg_levels=7 (coarsest 4^3) pcg_rtol=1.0e-12 max_iter=1000 iterations=(20,20,0) rel_res=(2.58e-13,4.94e-13,0.00e+00) converged=yes
  G=(1.0247723069e+00, 1.0004323353e-01, -3.1207704148e-36) mean_flux=(1.000e+00, 3.393e-17, -9.714e-35) div_max=8.64e-11
  spline gpu-vs-host prefilter rel=4.71e-15  g: min_g1=2.3165e-01 min|g|=2.3750e-01 max|g|=2.6410e+00 backflow_fraction=0.0000e+00 v_rms=1.1894e+00
  tol=1e-06  ok=1024/1024 (seed_backflow=0, non_ok_fraction=0.000e+00, ok_with_backflow=0) nfev/streamline-period=1664.4
    n=1: R=3.9395e-05 mean=(-4.0157e-05, -3.8201e-17) max|d|=1.2426e-04 rms|d|=5.6254e-05 | flux-weighted: R=2.5695e-05 mean=(-2.4885e-05, -1.9803e-17) <tau>_w=0.9982494476
    ladder vs 1e-12 at n=1: max=3.361e-09 rms=8.251e-10 (both_ok=1024, status_differs=0)
  tol=1e-08  ok=1024/1024 (seed_backflow=0, non_ok_fraction=0.000e+00, ok_with_backflow=0) nfev/streamline-period=1664.4
    n=1: R=3.9395e-05 mean=(-4.0157e-05, -3.8201e-17) max|d|=1.2426e-04 rms|d|=5.6254e-05 | flux-weighted: R=2.5695e-05 mean=(-2.4885e-05, -1.9803e-17) <tau>_w=0.9982494476
    ladder vs 1e-12 at n=1: max=3.361e-09 rms=8.251e-10 (both_ok=1024, status_differs=0)
  tol=1e-10  ok=1024/1024 (seed_backflow=0, non_ok_fraction=0.000e+00, ok_with_backflow=0) nfev/streamline-period=1664.4
    n=1: R=3.9395e-05 mean=(-4.0157e-05, -3.6813e-17) max|d|=1.2426e-04 rms|d|=5.6254e-05 | flux-weighted: R=2.5695e-05 mean=(-2.4885e-05, -1.9066e-17) <tau>_w=0.9982494478
    ladder vs 1e-12 at n=1: max=3.361e-09 rms=8.773e-10 (both_ok=1024, status_differs=0)
  tol=1e-12  ok=1024/1024 (seed_backflow=0, non_ok_fraction=0.000e+00, ok_with_backflow=0) nfev/streamline-period=3263.0
    n=1: R=3.9395e-05 mean=(-4.0157e-05, -3.9284e-17) max|d|=1.2426e-04 rms|d|=5.6254e-05 | flux-weighted: R=2.5695e-05 mean=(-2.4885e-05, -7.4963e-18) <tau>_w=0.9982494472
  round trip (tol=1e-08): eligible=1024 backward_ok=1024 max=3.993e-09 rms=9.094e-10
  outputs: output_sf30/controls/a_control2d_n256/{summary.json,streamlines.csv,timing.json}  wall 6.85 s
== [controls] a_control2d_n256: exit 0, 10.551 s
== [controls] a_two_mode_n256_p16: build/v100-release/closure_gate --field two_mode --n 256 --eps 0.5 --pcg-rtol 1e-12 --seeds-file docs/experiments/artifacts/2026-10-05-sf30-closure-gate/scripts/probe_seeds16.csv --tols 1e-6,1e-8,1e-10,1e-12 --working-tol 1e-10 --out output_sf30/controls/a_two_mode_n256_p16
command: build/v100-release/closure_gate --field two_mode --n 256 --eps 0.5 --pcg-rtol 1e-12 --seeds-file docs/experiments/artifacts/2026-10-05-sf30-closure-gate/scripts/probe_seeds16.csv --tols 1e-6,1e-8,1e-10,1e-12 --working-tol 1e-10 --out output_sf30/controls/a_two_mode_n256_p16
closure_gate: field=two_mode grid=256^3 h=0.00390625 eps=0.5 seeds=16 threads=32
  Y: mean=8.798859e-18 var=2.500000e-01 min=-1.000000e+00 max=1.000000e+00
  Darcy: mg_levels=7 (coarsest 4^3) pcg_rtol=1.0e-12 max_iter=1000 iterations=(10,20,20) rel_res=(8.62e-13,2.94e-13,2.94e-13) converged=yes
  G=(1.0011756749e+00, 5.8483828716e-02, 5.8483828716e-02) mean_flux=(1.000e+00, 2.528e-16, 6.452e-16) div_max=3.95e-11
  spline gpu-vs-host prefilter rel=6.42e-15  g: min_g1=5.9201e-01 min|g|=6.2703e-01 max|g|=1.6960e+00 backflow_fraction=0.0000e+00 v_rms=1.0620e+00
  tol=1e-06  ok=16/16 (seed_backflow=0, non_ok_fraction=0.000e+00, ok_with_backflow=0) nfev/streamline-period=1603.5
    n=1: R=2.8468e-02 mean=(-4.5852e-03, -5.2411e-03) max|d|=4.7965e-02 rms|d|=2.9307e-02 | flux-weighted: R=2.7736e-02 mean=(-3.8918e-03, -4.7303e-03) <tau>_w=1.0095020995
    ladder vs 1e-12 at n=1: max=6.279e-11 rms=3.505e-11 (both_ok=16, status_differs=0)
  tol=1e-08  ok=16/16 (seed_backflow=0, non_ok_fraction=0.000e+00, ok_with_backflow=0) nfev/streamline-period=1603.5
    n=1: R=2.8468e-02 mean=(-4.5852e-03, -5.2411e-03) max|d|=4.7965e-02 rms|d|=2.9307e-02 | flux-weighted: R=2.7736e-02 mean=(-3.8918e-03, -4.7303e-03) <tau>_w=1.0095020995
    ladder vs 1e-12 at n=1: max=6.279e-11 rms=3.505e-11 (both_ok=16, status_differs=0)
  tol=1e-10  ok=16/16 (seed_backflow=0, non_ok_fraction=0.000e+00, ok_with_backflow=0) nfev/streamline-period=1603.5
    n=1: R=2.8468e-02 mean=(-4.5852e-03, -5.2411e-03) max|d|=4.7965e-02 rms|d|=2.9307e-02 | flux-weighted: R=2.7736e-02 mean=(-3.8918e-03, -4.7303e-03) <tau>_w=1.0095020995
    ladder vs 1e-12 at n=1: max=6.279e-11 rms=3.505e-11 (both_ok=16, status_differs=0)
  tol=1e-12  ok=16/16 (seed_backflow=0, non_ok_fraction=0.000e+00, ok_with_backflow=0) nfev/streamline-period=1609.5
    n=1: R=2.8468e-02 mean=(-4.5852e-03, -5.2411e-03) max|d|=4.7965e-02 rms|d|=2.9307e-02 | flux-weighted: R=2.7736e-02 mean=(-3.8918e-03, -4.7303e-03) <tau>_w=1.0095020996
  round trip (tol=1e-10): eligible=16 backward_ok=16 max=1.051e-10 rms=4.193e-11
  outputs: output_sf30/controls/a_two_mode_n256_p16/{summary.json,streamlines.csv,timing.json}  wall 7.69 s
== [controls] a_two_mode_n256_p16: exit 0, 11.479 s
== [controls] a_two_mode_n256: build/v100-release/closure_gate --field two_mode --n 256 --eps 0.5 --pcg-rtol 1e-12 --tols 1e-6,1e-8,1e-10,1e-12 --working-tol 1e-8 --out output_sf30/controls/a_two_mode_n256
command: build/v100-release/closure_gate --field two_mode --n 256 --eps 0.5 --pcg-rtol 1e-12 --tols 1e-6,1e-8,1e-10,1e-12 --working-tol 1e-8 --out output_sf30/controls/a_two_mode_n256
closure_gate: field=two_mode grid=256^3 h=0.00390625 eps=0.5 seeds=1024 threads=32
  Y: mean=8.798859e-18 var=2.500000e-01 min=-1.000000e+00 max=1.000000e+00
  Darcy: mg_levels=7 (coarsest 4^3) pcg_rtol=1.0e-12 max_iter=1000 iterations=(10,20,20) rel_res=(8.62e-13,2.94e-13,2.94e-13) converged=yes
  G=(1.0011756749e+00, 5.8483828716e-02, 5.8483828716e-02) mean_flux=(1.000e+00, 2.528e-16, 6.452e-16) div_max=3.95e-11
  spline gpu-vs-host prefilter rel=6.42e-15  g: min_g1=5.9201e-01 min|g|=6.2703e-01 max|g|=1.6960e+00 backflow_fraction=0.0000e+00 v_rms=1.0620e+00
  tol=1e-06  ok=1024/1024 (seed_backflow=0, non_ok_fraction=0.000e+00, ok_with_backflow=0) nfev/streamline-period=1603.4
    n=1: R=3.1262e-02 mean=(-2.0167e-03, -1.8794e-03) max|d|=5.3289e-02 rms|d|=3.1383e-02 | flux-weighted: R=3.0383e-02 mean=(-5.6965e-04, -4.5578e-04) <tau>_w=1.0011311665
    ladder vs 1e-12 at n=1: max=1.654e-10 rms=3.408e-11 (both_ok=1024, status_differs=0)
  tol=1e-08  ok=1024/1024 (seed_backflow=0, non_ok_fraction=0.000e+00, ok_with_backflow=0) nfev/streamline-period=1603.4
    n=1: R=3.1262e-02 mean=(-2.0167e-03, -1.8794e-03) max|d|=5.3289e-02 rms|d|=3.1383e-02 | flux-weighted: R=3.0383e-02 mean=(-5.6965e-04, -4.5578e-04) <tau>_w=1.0011311665
    ladder vs 1e-12 at n=1: max=1.654e-10 rms=3.408e-11 (both_ok=1024, status_differs=0)
  tol=1e-10  ok=1024/1024 (seed_backflow=0, non_ok_fraction=0.000e+00, ok_with_backflow=0) nfev/streamline-period=1603.4
    n=1: R=3.1262e-02 mean=(-2.0167e-03, -1.8794e-03) max|d|=5.3289e-02 rms|d|=3.1383e-02 | flux-weighted: R=3.0383e-02 mean=(-5.6965e-04, -4.5578e-04) <tau>_w=1.0011311665
    ladder vs 1e-12 at n=1: max=1.654e-10 rms=3.408e-11 (both_ok=1024, status_differs=0)
  tol=1e-12  ok=1024/1024 (seed_backflow=0, non_ok_fraction=0.000e+00, ok_with_backflow=0) nfev/streamline-period=1609.6
    n=1: R=3.1262e-02 mean=(-2.0167e-03, -1.8794e-03) max|d|=5.3289e-02 rms|d|=3.1383e-02 | flux-weighted: R=3.0383e-02 mean=(-5.6965e-04, -4.5578e-04) <tau>_w=1.0011311665
  round trip (tol=1e-08): eligible=1024 backward_ok=1024 max=1.448e-10 rms=3.944e-11
  outputs: output_sf30/controls/a_two_mode_n256/{summary.json,streamlines.csv,timing.json}  wall 7.80 s
== [controls] a_two_mode_n256: exit 0, 11.436 s
== [controls] a_generic3d_n256_p16: build/v100-release/closure_gate --field generic3d --n 256 --eps 0.5 --pcg-rtol 1e-12 --seeds-file docs/experiments/artifacts/2026-10-05-sf30-closure-gate/scripts/probe_seeds16.csv --tols 1e-6,1e-8,1e-10,1e-12 --working-tol 1e-10 --out output_sf30/controls/a_generic3d_n256_p16
command: build/v100-release/closure_gate --field generic3d --n 256 --eps 0.5 --pcg-rtol 1e-12 --seeds-file docs/experiments/artifacts/2026-10-05-sf30-closure-gate/scripts/probe_seeds16.csv --tols 1e-6,1e-8,1e-10,1e-12 --working-tol 1e-10 --out output_sf30/controls/a_generic3d_n256_p16
closure_gate: field=generic3d grid=256^3 h=0.00390625 eps=0.5 seeds=16 threads=32
  Y: mean=-1.134106e-17 var=3.750000e-01 min=-1.688371e+00 max=1.656715e+00
  Darcy: mg_levels=7 (coarsest 4^3) pcg_rtol=1.0e-12 max_iter=1000 iterations=(20,20,20) rel_res=(2.54e-13,3.19e-13,2.92e-13) converged=yes
  G=(9.9270995785e-01, 4.6765381927e-02, 6.7248039825e-02) mean_flux=(1.000e+00, -1.020e-16, -5.529e-17) div_max=4.21e-11
  spline gpu-vs-host prefilter rel=5.12e-15  g: min_g1=4.1089e-01 min|g|=4.5471e-01 max|g|=2.0875e+00 backflow_fraction=0.0000e+00 v_rms=1.0997e+00
  tol=1e-06  ok=16/16 (seed_backflow=0, non_ok_fraction=0.000e+00, ok_with_backflow=0) nfev/streamline-period=1620.0
    n=1: R=5.4014e-02 mean=(4.3804e-03, 9.4122e-03) max|d|=8.3068e-02 rms|d|=5.5002e-02 | flux-weighted: R=5.4406e-02 mean=(1.2712e-03, 5.6064e-03) <tau>_w=1.0022850814
    ladder vs 1e-12 at n=1: max=5.577e-10 rms=2.546e-10 (both_ok=16, status_differs=0)
  tol=1e-08  ok=16/16 (seed_backflow=0, non_ok_fraction=0.000e+00, ok_with_backflow=0) nfev/streamline-period=1620.0
    n=1: R=5.4014e-02 mean=(4.3804e-03, 9.4122e-03) max|d|=8.3068e-02 rms|d|=5.5002e-02 | flux-weighted: R=5.4406e-02 mean=(1.2712e-03, 5.6064e-03) <tau>_w=1.0022850814
    ladder vs 1e-12 at n=1: max=5.577e-10 rms=2.546e-10 (both_ok=16, status_differs=0)
  tol=1e-10  ok=16/16 (seed_backflow=0, non_ok_fraction=0.000e+00, ok_with_backflow=0) nfev/streamline-period=1620.0
    n=1: R=5.4014e-02 mean=(4.3804e-03, 9.4122e-03) max|d|=8.3068e-02 rms|d|=5.5002e-02 | flux-weighted: R=5.4406e-02 mean=(1.2712e-03, 5.6064e-03) <tau>_w=1.0022850814
    ladder vs 1e-12 at n=1: max=5.577e-10 rms=2.546e-10 (both_ok=16, status_differs=0)
  tol=1e-12  ok=16/16 (seed_backflow=0, non_ok_fraction=0.000e+00, ok_with_backflow=0) nfev/streamline-period=1796.6
    n=1: R=5.4014e-02 mean=(4.3804e-03, 9.4122e-03) max|d|=8.3068e-02 rms|d|=5.5002e-02 | flux-weighted: R=5.4406e-02 mean=(1.2712e-03, 5.6064e-03) <tau>_w=1.0022850811
  round trip (tol=1e-10): eligible=16 backward_ok=16 max=4.968e-10 rms=2.424e-10
  outputs: output_sf30/controls/a_generic3d_n256_p16/{summary.json,streamlines.csv,timing.json}  wall 8.75 s
== [controls] a_generic3d_n256_p16: exit 0, 12.429 s
== [controls] a_generic3d_n256: build/v100-release/closure_gate --field generic3d --n 256 --eps 0.5 --pcg-rtol 1e-12 --tols 1e-6,1e-8,1e-10,1e-12 --working-tol 1e-8 --out output_sf30/controls/a_generic3d_n256
command: build/v100-release/closure_gate --field generic3d --n 256 --eps 0.5 --pcg-rtol 1e-12 --tols 1e-6,1e-8,1e-10,1e-12 --working-tol 1e-8 --out output_sf30/controls/a_generic3d_n256
closure_gate: field=generic3d grid=256^3 h=0.00390625 eps=0.5 seeds=1024 threads=32
  Y: mean=-1.134106e-17 var=3.750000e-01 min=-1.688371e+00 max=1.656715e+00
  Darcy: mg_levels=7 (coarsest 4^3) pcg_rtol=1.0e-12 max_iter=1000 iterations=(20,20,20) rel_res=(2.54e-13,3.19e-13,2.92e-13) converged=yes
  G=(9.9270995785e-01, 4.6765381927e-02, 6.7248039825e-02) mean_flux=(1.000e+00, -1.020e-16, -5.529e-17) div_max=4.21e-11
  spline gpu-vs-host prefilter rel=5.12e-15  g: min_g1=4.1089e-01 min|g|=4.5471e-01 max|g|=2.0875e+00 backflow_fraction=0.0000e+00 v_rms=1.0997e+00
  tol=1e-06  ok=1024/1024 (seed_backflow=0, non_ok_fraction=0.000e+00, ok_with_backflow=0) nfev/streamline-period=1620.2
    n=1: R=5.2158e-02 mean=(3.0804e-03, 7.7392e-03) max|d|=9.5024e-02 rms|d|=5.2819e-02 | flux-weighted: R=5.0687e-02 mean=(-1.0042e-04, 2.0469e-04) <tau>_w=0.9955663907
    ladder vs 1e-12 at n=1: max=8.689e-10 rms=2.532e-10 (both_ok=1024, status_differs=0)
  tol=1e-08  ok=1024/1024 (seed_backflow=0, non_ok_fraction=0.000e+00, ok_with_backflow=0) nfev/streamline-period=1620.2
    n=1: R=5.2158e-02 mean=(3.0804e-03, 7.7392e-03) max|d|=9.5024e-02 rms|d|=5.2819e-02 | flux-weighted: R=5.0687e-02 mean=(-1.0042e-04, 2.0469e-04) <tau>_w=0.9955663907
    ladder vs 1e-12 at n=1: max=8.689e-10 rms=2.532e-10 (both_ok=1024, status_differs=0)
  tol=1e-10  ok=1024/1024 (seed_backflow=0, non_ok_fraction=0.000e+00, ok_with_backflow=0) nfev/streamline-period=1620.2
    n=1: R=5.2158e-02 mean=(3.0804e-03, 7.7392e-03) max|d|=9.5024e-02 rms|d|=5.2819e-02 | flux-weighted: R=5.0687e-02 mean=(-1.0042e-04, 2.0469e-04) <tau>_w=0.9955663907
    ladder vs 1e-12 at n=1: max=8.689e-10 rms=2.532e-10 (both_ok=1024, status_differs=0)
  tol=1e-12  ok=1024/1024 (seed_backflow=0, non_ok_fraction=0.000e+00, ok_with_backflow=0) nfev/streamline-period=1812.4
    n=1: R=5.2158e-02 mean=(3.0804e-03, 7.7392e-03) max|d|=9.5024e-02 rms|d|=5.2819e-02 | flux-weighted: R=5.0687e-02 mean=(-1.0042e-04, 2.0469e-04) <tau>_w=0.9955663907
  round trip (tol=1e-08): eligible=1024 backward_ok=1024 max=1.063e-09 rms=2.260e-10
  outputs: output_sf30/controls/a_generic3d_n256/{summary.json,streamlines.csv,timing.json}  wall 9.26 s
== [controls] a_generic3d_n256: exit 0, 13.127 s
== [matched] m_s025_l8_r3001_n64: build/v100-release/closure_gate --field gaussian2d --n 64 --sigma2 0.25 --ell 0.125 --seed 3001 --tols 1e-6,1e-8,1e-10,1e-12 --working-tol 1e-8 --out output_sf30/matched/m_s025_l8_r3001_n64
command: build/v100-release/closure_gate --field gaussian2d --n 64 --sigma2 0.25 --ell 0.125 --seed 3001 --tols 1e-6,1e-8,1e-10,1e-12 --working-tol 1e-8 --out output_sf30/matched/m_s025_l8_r3001_n64
closure_gate: field=gaussian2d grid=64^3 h=0.015625 sigma2=0.25 ell=0.125 seed=3001 seeds=1024 threads=32
  Y: mean=-8.325550e-17 var=2.500000e-01 min=-1.770916e+00 max=1.214582e+00
  x3 control: raw_variance=4.818685e-02 applied_scale=2.277748e+00
  Darcy: mg_levels=5 (coarsest 4^3) pcg_rtol=1.0e-10 max_iter=1000 iterations=(10,10,0) rel_res=(5.31e-11,7.24e-11,0.00e+00) converged=yes
  G=(9.8534669206e-01, -5.5860044196e-03, 6.5223225143e-31) mean_flux=(1.000e+00, 6.181e-18, 3.451e-31) div_max=3.35e-09
  spline gpu-vs-host prefilter rel=3.32e-15  g: min_g1=5.2131e-01 min|g|=5.2286e-01 max|g|=1.9950e+00 backflow_fraction=0.0000e+00 v_rms=1.0645e+00
  tol=1e-06  ok=1024/1024 (seed_backflow=0, non_ok_fraction=0.000e+00, ok_with_backflow=0) nfev/streamline-period=409.3
    n=1: R=3.1937e-04 mean=(6.9719e-05, -1.0829e-15) max|d|=6.7720e-04 rms|d|=3.2690e-04 | flux-weighted: R=3.2057e-04 mean=(5.3868e-05, -9.7415e-16) <tau>_w=0.9919616842
    ladder vs 1e-12 at n=1: max=8.791e-07 rms=2.276e-07 (both_ok=1024, status_differs=0)
  tol=1e-08  ok=1024/1024 (seed_backflow=0, non_ok_fraction=0.000e+00, ok_with_backflow=0) nfev/streamline-period=410.2
    n=1: R=3.1939e-04 mean=(6.9715e-05, -1.0923e-15) max|d|=6.7720e-04 rms|d|=3.2691e-04 | flux-weighted: R=3.2058e-04 mean=(5.3865e-05, -9.8449e-16) <tau>_w=0.9919617711
    ladder vs 1e-12 at n=1: max=8.791e-07 rms=2.105e-07 (both_ok=1024, status_differs=0)
  tol=1e-10  ok=1024/1024 (seed_backflow=0, non_ok_fraction=0.000e+00, ok_with_backflow=0) nfev/streamline-period=1188.5
    n=1: R=3.1931e-04 mean=(6.9745e-05, -1.1051e-15) max|d|=6.7694e-04 rms|d|=3.2684e-04 | flux-weighted: R=3.2050e-04 mean=(5.3894e-05, -1.0008e-15) <tau>_w=0.9919617447
    ladder vs 1e-12 at n=1: max=7.810e-08 rms=2.002e-08 (both_ok=1024, status_differs=0)
  tol=1e-12  ok=1024/1024 (seed_backflow=0, non_ok_fraction=0.000e+00, ok_with_backflow=0) nfev/streamline-period=2867.1
    n=1: R=3.1931e-04 mean=(6.9745e-05, -1.0800e-15) max|d|=6.7692e-04 rms|d|=3.2684e-04 | flux-weighted: R=3.2051e-04 mean=(5.3894e-05, -9.7052e-16) <tau>_w=0.9919617310
  round trip (tol=1e-08): eligible=1024 backward_ok=1024 max=1.172e-06 rms=2.703e-07
  outputs: output_sf30/matched/m_s025_l8_r3001_n64/{summary.json,streamlines.csv,timing.json}  wall 0.94 s
== [matched] m_s025_l8_r3001_n64: exit 0, 4.558 s
== [matched] m_s025_l8_r3001_n128: build/v100-release/closure_gate --field gaussian2d --n 128 --sigma2 0.25 --ell 0.125 --seed 3001 --tols 1e-6,1e-8,1e-10,1e-12 --working-tol 1e-8 --out output_sf30/matched/m_s025_l8_r3001_n128
command: build/v100-release/closure_gate --field gaussian2d --n 128 --sigma2 0.25 --ell 0.125 --seed 3001 --tols 1e-6,1e-8,1e-10,1e-12 --working-tol 1e-8 --out output_sf30/matched/m_s025_l8_r3001_n128
closure_gate: field=gaussian2d grid=128^3 h=0.0078125 sigma2=0.25 ell=0.125 seed=3001 seeds=1024 threads=32
  Y: mean=-1.249076e-16 var=2.500000e-01 min=-1.769704e+00 max=1.221399e+00
  x3 control: raw_variance=4.818685e-02 applied_scale=2.277748e+00
  Darcy: mg_levels=6 (coarsest 4^3) pcg_rtol=1.0e-10 max_iter=1000 iterations=(20,20,0) rel_res=(5.28e-14,3.65e-14,0.00e+00) converged=yes
  G=(9.8490227616e-01, -5.6020991469e-03, 1.7060049541e-34) mean_flux=(1.000e+00, -1.085e-18, 4.454e-34) div_max=5.48e-12
  spline gpu-vs-host prefilter rel=3.54e-15  g: min_g1=5.1705e-01 min|g|=5.1828e-01 max|g|=2.0133e+00 backflow_fraction=0.0000e+00 v_rms=1.0637e+00
  tol=1e-06  ok=1024/1024 (seed_backflow=0, non_ok_fraction=0.000e+00, ok_with_backflow=0) nfev/streamline-period=798.2
    n=1: R=7.9635e-05 mean=(1.7361e-05, -5.0135e-18) max|d|=1.6845e-04 rms|d|=8.1505e-05 | flux-weighted: R=7.9943e-05 mean=(1.3329e-05, -5.1832e-18) <tau>_w=0.9926500653
    ladder vs 1e-12 at n=1: max=7.486e-08 rms=2.168e-08 (both_ok=1024, status_differs=0)
  tol=1e-08  ok=1024/1024 (seed_backflow=0, non_ok_fraction=0.000e+00, ok_with_backflow=0) nfev/streamline-period=798.2
    n=1: R=7.9635e-05 mean=(1.7361e-05, -5.0135e-18) max|d|=1.6845e-04 rms|d|=8.1505e-05 | flux-weighted: R=7.9943e-05 mean=(1.3329e-05, -5.1832e-18) <tau>_w=0.9926500653
    ladder vs 1e-12 at n=1: max=7.486e-08 rms=2.168e-08 (both_ok=1024, status_differs=0)
  tol=1e-10  ok=1024/1024 (seed_backflow=0, non_ok_fraction=0.000e+00, ok_with_backflow=0) nfev/streamline-period=852.2
    n=1: R=7.9631e-05 mean=(1.7361e-05, -4.2130e-18) max|d|=1.6845e-04 rms|d|=8.1502e-05 | flux-weighted: R=7.9939e-05 mean=(1.3329e-05, -4.4629e-18) <tau>_w=0.9926500566
    ladder vs 1e-12 at n=1: max=5.570e-08 rms=1.147e-08 (both_ok=1024, status_differs=0)
  tol=1e-12  ok=1024/1024 (seed_backflow=0, non_ok_fraction=0.000e+00, ok_with_backflow=0) nfev/streamline-period=3682.2
    n=1: R=7.9636e-05 mean=(1.7363e-05, -4.7443e-18) max|d|=1.6847e-04 rms|d|=8.1507e-05 | flux-weighted: R=7.9945e-05 mean=(1.3330e-05, -4.3908e-18) <tau>_w=0.9926500684
  round trip (tol=1e-08): eligible=1024 backward_ok=1024 max=1.031e-07 rms=3.145e-08
  outputs: output_sf30/matched/m_s025_l8_r3001_n128/{summary.json,streamlines.csv,timing.json}  wall 2.13 s
== [matched] m_s025_l8_r3001_n128: exit 0, 5.592 s
== [matched] m_s025_l8_r3001_n256: build/v100-release/closure_gate --field gaussian2d --n 256 --sigma2 0.25 --ell 0.125 --seed 3001 --tols 1e-6,1e-8,1e-10,1e-12 --working-tol 1e-8 --out output_sf30/matched/m_s025_l8_r3001_n256
command: build/v100-release/closure_gate --field gaussian2d --n 256 --sigma2 0.25 --ell 0.125 --seed 3001 --tols 1e-6,1e-8,1e-10,1e-12 --working-tol 1e-8 --out output_sf30/matched/m_s025_l8_r3001_n256
closure_gate: field=gaussian2d grid=256^3 h=0.00390625 sigma2=0.25 ell=0.125 seed=3001 seeds=1024 threads=32
  Y: mean=-2.428663e-16 var=2.500000e-01 min=-1.771255e+00 max=1.221352e+00
  x3 control: raw_variance=4.818685e-02 applied_scale=2.277748e+00
  Darcy: mg_levels=7 (coarsest 4^3) pcg_rtol=1.0e-10 max_iter=1000 iterations=(20,20,0) rel_res=(2.04e-13,1.41e-13,0.00e+00) converged=yes
  G=(9.8479069890e-01, -5.6061455556e-03, -2.9976044803e-37) mean_flux=(1.000e+00, -2.695e-17, -3.457e-36) div_max=2.37e-11
  spline gpu-vs-host prefilter rel=4.18e-15  g: min_g1=5.1616e-01 min|g|=5.1718e-01 max|g|=2.0170e+00 backflow_fraction=0.0000e+00 v_rms=1.0635e+00
  tol=1e-06  ok=1024/1024 (seed_backflow=0, non_ok_fraction=0.000e+00, ok_with_backflow=0) nfev/streamline-period=1576.5
    n=1: R=1.9899e-05 mean=(4.3321e-06, -1.4433e-17) max|d|=4.2019e-05 rms|d|=2.0365e-05 | flux-weighted: R=1.9976e-05 mean=(3.3193e-06, -1.3706e-17) <tau>_w=0.9928237431
    ladder vs 1e-12 at n=1: max=7.732e-09 rms=2.177e-09 (both_ok=1024, status_differs=0)
  tol=1e-08  ok=1024/1024 (seed_backflow=0, non_ok_fraction=0.000e+00, ok_with_backflow=0) nfev/streamline-period=1576.5
    n=1: R=1.9899e-05 mean=(4.3321e-06, -1.4433e-17) max|d|=4.2019e-05 rms|d|=2.0365e-05 | flux-weighted: R=1.9976e-05 mean=(3.3193e-06, -1.3706e-17) <tau>_w=0.9928237431
    ladder vs 1e-12 at n=1: max=7.732e-09 rms=2.177e-09 (both_ok=1024, status_differs=0)
  tol=1e-10  ok=1024/1024 (seed_backflow=0, non_ok_fraction=0.000e+00, ok_with_backflow=0) nfev/streamline-period=1576.6
    n=1: R=1.9899e-05 mean=(4.3322e-06, -1.4270e-17) max|d|=4.2019e-05 rms|d|=2.0365e-05 | flux-weighted: R=1.9976e-05 mean=(3.3193e-06, -1.3538e-17) <tau>_w=0.9928237432
    ladder vs 1e-12 at n=1: max=7.732e-09 rms=2.223e-09 (both_ok=1024, status_differs=0)
  tol=1e-12  ok=1024/1024 (seed_backflow=0, non_ok_fraction=0.000e+00, ok_with_backflow=0) nfev/streamline-period=2619.9
    n=1: R=1.9899e-05 mean=(4.3320e-06, -1.1259e-17) max|d|=4.2019e-05 rms|d|=2.0365e-05 | flux-weighted: R=1.9976e-05 mean=(3.3192e-06, -1.0545e-17) <tau>_w=0.9928237457
  round trip (tol=1e-08): eligible=1024 backward_ok=1024 max=1.140e-08 rms=3.310e-09
  outputs: output_sf30/matched/m_s025_l8_r3001_n256/{summary.json,streamlines.csv,timing.json}  wall 5.54 s
== [matched] m_s025_l8_r3001_n256: exit 0, 9.074 s
== [matched] m_s025_l16_r3001_n64: build/v100-release/closure_gate --field gaussian2d --n 64 --sigma2 0.25 --ell 0.0625 --seed 3001 --tols 1e-6,1e-8,1e-10,1e-12 --working-tol 1e-8 --out output_sf30/matched/m_s025_l16_r3001_n64
command: build/v100-release/closure_gate --field gaussian2d --n 64 --sigma2 0.25 --ell 0.0625 --seed 3001 --tols 1e-6,1e-8,1e-10,1e-12 --working-tol 1e-8 --out output_sf30/matched/m_s025_l16_r3001_n64
closure_gate: field=gaussian2d grid=64^3 h=0.015625 sigma2=0.25 ell=0.0625 seed=3001 seeds=1024 threads=32
  Y: mean=-5.505714e-20 var=2.500000e-01 min=-1.714458e+00 max=1.454662e+00
  x3 control: raw_variance=2.475571e-02 applied_scale=3.177842e+00
  Darcy: mg_levels=5 (coarsest 4^3) pcg_rtol=1.0e-10 max_iter=1000 iterations=(20,20,0) rel_res=(5.00e-15,4.25e-15,0.00e+00) converged=yes
  G=(9.8643506022e-01, -1.2706579867e-03, -5.5371295470e-35) mean_flux=(1.000e+00, -5.540e-18, 1.174e-34) div_max=8.98e-13
  spline gpu-vs-host prefilter rel=2.67e-15  g: min_g1=4.5582e-01 min|g|=4.5718e-01 max|g|=2.1237e+00 backflow_fraction=0.0000e+00 v_rms=1.0704e+00
  tol=1e-06  ok=1024/1024 (seed_backflow=0, non_ok_fraction=0.000e+00, ok_with_backflow=0) nfev/streamline-period=410.4
    n=1: R=8.4177e-04 mean=(1.3900e-04, -1.9050e-18) max|d|=2.4940e-03 rms|d|=8.5317e-04 | flux-weighted: R=8.0549e-04 mean=(1.0765e-04, -1.3919e-18) <tau>_w=0.9923608549
    ladder vs 1e-12 at n=1: max=3.665e-06 rms=9.894e-07 (both_ok=1024, status_differs=0)
  tol=1e-08  ok=1024/1024 (seed_backflow=0, non_ok_fraction=0.000e+00, ok_with_backflow=0) nfev/streamline-period=506.2
    n=1: R=8.4164e-04 mean=(1.3928e-04, -1.8851e-18) max|d|=2.4955e-03 rms|d|=8.5308e-04 | flux-weighted: R=8.0537e-04 mean=(1.0794e-04, -1.4577e-18) <tau>_w=0.9923616989
    ladder vs 1e-12 at n=1: max=2.751e-06 rms=5.378e-07 (both_ok=1024, status_differs=0)
  tol=1e-10  ok=1024/1024 (seed_backflow=0, non_ok_fraction=0.000e+00, ok_with_backflow=0) nfev/streamline-period=1865.1
    n=1: R=8.4166e-04 mean=(1.3920e-04, -6.2148e-19) max|d|=2.4951e-03 rms|d|=8.5310e-04 | flux-weighted: R=8.0540e-04 mean=(1.0787e-04, -6.2448e-19) <tau>_w=0.9923615710
    ladder vs 1e-12 at n=1: max=1.628e-07 rms=2.392e-08 (both_ok=1024, status_differs=0)
  tol=1e-12  ok=1024/1024 (seed_backflow=0, non_ok_fraction=0.000e+00, ok_with_backflow=0) nfev/streamline-period=4062.6
    n=1: R=8.4166e-04 mean=(1.3920e-04, -2.2457e-19) max|d|=2.4951e-03 rms|d|=8.5310e-04 | flux-weighted: R=8.0540e-04 mean=(1.0787e-04, -2.1089e-19) <tau>_w=0.9923616057
  round trip (tol=1e-08): eligible=1024 backward_ok=1024 max=3.137e-06 rms=7.578e-07
  outputs: output_sf30/matched/m_s025_l16_r3001_n64/{summary.json,streamlines.csv,timing.json}  wall 1.65 s
== [matched] m_s025_l16_r3001_n64: exit 0, 5.327 s
== [matched] m_s025_l16_r3001_n128: build/v100-release/closure_gate --field gaussian2d --n 128 --sigma2 0.25 --ell 0.0625 --seed 3001 --tols 1e-6,1e-8,1e-10,1e-12 --working-tol 1e-8 --out output_sf30/matched/m_s025_l16_r3001_n128
command: build/v100-release/closure_gate --field gaussian2d --n 128 --sigma2 0.25 --ell 0.0625 --seed 3001 --tols 1e-6,1e-8,1e-10,1e-12 --working-tol 1e-8 --out output_sf30/matched/m_s025_l16_r3001_n128
closure_gate: field=gaussian2d grid=128^3 h=0.0078125 sigma2=0.25 ell=0.0625 seed=3001 seeds=1024 threads=32
  Y: mean=-2.775743e-17 var=2.500000e-01 min=-1.731294e+00 max=1.474011e+00
  x3 control: raw_variance=2.475571e-02 applied_scale=3.177842e+00
  Darcy: mg_levels=6 (coarsest 4^3) pcg_rtol=1.0e-10 max_iter=1000 iterations=(20,20,0) rel_res=(1.86e-14,1.59e-14,0.00e+00) converged=yes
  G=(9.8485010174e-01, -1.2558980562e-03, 1.8850192010e-34) mean_flux=(1.000e+00, -3.728e-18, -3.009e-34) div_max=4.26e-12
  spline gpu-vs-host prefilter rel=2.83e-15  g: min_g1=4.4030e-01 min|g|=4.4176e-01 max|g|=2.1925e+00 backflow_fraction=0.0000e+00 v_rms=1.0671e+00
  tol=1e-06  ok=1024/1024 (seed_backflow=0, non_ok_fraction=0.000e+00, ok_with_backflow=0) nfev/streamline-period=799.3
    n=1: R=2.0877e-04 mean=(3.4431e-05, 1.3883e-18) max|d|=6.1692e-04 rms|d|=2.1159e-04 | flux-weighted: R=1.9990e-04 mean=(2.6204e-05, 2.4319e-18) <tau>_w=0.9954927122
    ladder vs 1e-12 at n=1: max=5.154e-07 rms=1.622e-07 (both_ok=1024, status_differs=0)
  tol=1e-08  ok=1024/1024 (seed_backflow=0, non_ok_fraction=0.000e+00, ok_with_backflow=0) nfev/streamline-period=799.5
    n=1: R=2.0875e-04 mean=(3.4405e-05, 1.4746e-18) max|d|=6.1652e-04 rms|d|=2.1156e-04 | flux-weighted: R=1.9988e-04 mean=(2.6181e-05, 2.4892e-18) <tau>_w=0.9954926116
    ladder vs 1e-12 at n=1: max=5.447e-07 rms=1.826e-07 (both_ok=1024, status_differs=0)
  tol=1e-10  ok=1024/1024 (seed_backflow=0, non_ok_fraction=0.000e+00, ok_with_backflow=0) nfev/streamline-period=1849.3
    n=1: R=2.0878e-04 mean=(3.4409e-05, 1.7397e-18) max|d|=6.1694e-04 rms|d|=2.1160e-04 | flux-weighted: R=1.9991e-04 mean=(2.6187e-05, 2.6060e-18) <tau>_w=0.9954926143
    ladder vs 1e-12 at n=1: max=8.825e-08 rms=2.126e-08 (both_ok=1024, status_differs=0)
  tol=1e-12  ok=1024/1024 (seed_backflow=0, non_ok_fraction=0.000e+00, ok_with_backflow=0) nfev/streamline-period=5127.2
    n=1: R=2.0878e-04 mean=(3.4410e-05, 1.8950e-19) max|d|=6.1693e-04 rms|d|=2.1160e-04 | flux-weighted: R=1.9991e-04 mean=(2.6187e-05, 5.4858e-19) <tau>_w=0.9954926451
  round trip (tol=1e-08): eligible=1024 backward_ok=1024 max=1.028e-06 rms=2.483e-07
  outputs: output_sf30/matched/m_s025_l16_r3001_n128/{summary.json,streamlines.csv,timing.json}  wall 2.26 s
== [matched] m_s025_l16_r3001_n128: exit 0, 6.279 s
== [matched] m_s025_l16_r3001_n256: build/v100-release/closure_gate --field gaussian2d --n 256 --sigma2 0.25 --ell 0.0625 --seed 3001 --tols 1e-6,1e-8,1e-10,1e-12 --working-tol 1e-8 --out output_sf30/matched/m_s025_l16_r3001_n256
command: build/v100-release/closure_gate --field gaussian2d --n 256 --sigma2 0.25 --ell 0.0625 --seed 3001 --tols 1e-6,1e-8,1e-10,1e-12 --working-tol 1e-8 --out output_sf30/matched/m_s025_l16_r3001_n256
closure_gate: field=gaussian2d grid=256^3 h=0.00390625 sigma2=0.25 ell=0.0625 seed=3001 seeds=1024 threads=32
  Y: mean=-1.387758e-16 var=2.500000e-01 min=-1.734023e+00 max=1.474742e+00
  x3 control: raw_variance=2.475571e-02 applied_scale=3.177842e+00
  Darcy: mg_levels=7 (coarsest 4^3) pcg_rtol=1.0e-10 max_iter=1000 iterations=(20,20,0) rel_res=(7.17e-14,6.16e-14,0.00e+00) converged=yes
  G=(9.8444714753e-01, -1.2517347771e-03, -2.9491852421e-36) mean_flux=(1.000e+00, -6.464e-18, -8.314e-36) div_max=2.18e-11
  spline gpu-vs-host prefilter rel=3.68e-15  g: min_g1=4.3791e-01 min|g|=4.3959e-01 max|g|=2.2103e+00 backflow_fraction=0.0000e+00 v_rms=1.0663e+00
  tol=1e-06  ok=1024/1024 (seed_backflow=0, non_ok_fraction=0.000e+00, ok_with_backflow=0) nfev/streamline-period=1578.3
    n=1: R=5.2135e-05 mean=(8.5288e-06, -2.5205e-19) max|d|=1.5369e-04 rms|d|=5.2828e-05 | flux-weighted: R=4.9936e-05 mean=(6.4626e-06, 1.8017e-19) <tau>_w=0.9963054566
    ladder vs 1e-12 at n=1: max=6.587e-08 rms=1.756e-08 (both_ok=1024, status_differs=0)
  tol=1e-08  ok=1024/1024 (seed_backflow=0, non_ok_fraction=0.000e+00, ok_with_backflow=0) nfev/streamline-period=1578.3
    n=1: R=5.2135e-05 mean=(8.5288e-06, -2.5205e-19) max|d|=1.5369e-04 rms|d|=5.2828e-05 | flux-weighted: R=4.9936e-05 mean=(6.4626e-06, 1.8017e-19) <tau>_w=0.9963054566
    ladder vs 1e-12 at n=1: max=6.587e-08 rms=1.756e-08 (both_ok=1024, status_differs=0)
  tol=1e-10  ok=1024/1024 (seed_backflow=0, non_ok_fraction=0.000e+00, ok_with_backflow=0) nfev/streamline-period=1620.2
    n=1: R=5.2133e-05 mean=(8.5295e-06, -6.2339e-19) max|d|=1.5366e-04 rms|d|=5.2826e-05 | flux-weighted: R=4.9934e-05 mean=(6.4624e-06, -2.2107e-19) <tau>_w=0.9963054546
    ladder vs 1e-12 at n=1: max=5.095e-08 rms=1.238e-08 (both_ok=1024, status_differs=0)
  tol=1e-12  ok=1024/1024 (seed_backflow=0, non_ok_fraction=0.000e+00, ok_with_backflow=0) nfev/streamline-period=6401.0
    n=1: R=5.2131e-05 mean=(8.5289e-06, -7.4735e-19) max|d|=1.5368e-04 rms|d|=5.2824e-05 | flux-weighted: R=4.9933e-05 mean=(6.4620e-06, -1.2074e-18) <tau>_w=0.9963054452
  round trip (tol=1e-08): eligible=1024 backward_ok=1024 max=7.782e-08 rms=2.250e-08
  outputs: output_sf30/matched/m_s025_l16_r3001_n256/{summary.json,streamlines.csv,timing.json}  wall 5.86 s
== [matched] m_s025_l16_r3001_n256: exit 0, 9.515 s
== [matched] m_s1_l8_r3001_n64: build/v100-release/closure_gate --field gaussian2d --n 64 --sigma2 1 --ell 0.125 --seed 3001 --tols 1e-6,1e-8,1e-10,1e-12 --working-tol 1e-8 --out output_sf30/matched/m_s1_l8_r3001_n64
command: build/v100-release/closure_gate --field gaussian2d --n 64 --sigma2 1 --ell 0.125 --seed 3001 --tols 1e-6,1e-8,1e-10,1e-12 --working-tol 1e-8 --out output_sf30/matched/m_s1_l8_r3001_n64
closure_gate: field=gaussian2d grid=64^3 h=0.015625 sigma2=1 ell=0.125 seed=3001 seeds=1024 threads=32
  Y: mean=-1.665110e-16 var=1.000000e+00 min=-3.541832e+00 max=2.429165e+00
  x3 control: raw_variance=1.927474e-01 applied_scale=2.277748e+00
  Darcy: mg_levels=5 (coarsest 4^3) pcg_rtol=1.0e-10 max_iter=1000 iterations=(20,20,0) rel_res=(1.88e-14,1.19e-14,0.00e+00) converged=yes
  G=(9.5656440533e-01, -2.2539453523e-02, 5.5799088111e-34) mean_flux=(1.000e+00, 2.053e-17, -7.704e-34) div_max=6.52e-12
  spline gpu-vs-host prefilter rel=3.05e-15  g: min_g1=2.3733e-01 min|g|=2.3814e-01 max|g|=2.8878e+00 backflow_fraction=0.0000e+00 v_rms=1.2049e+00
  tol=1e-06  ok=1024/1024 (seed_backflow=0, non_ok_fraction=0.000e+00, ok_with_backflow=0) nfev/streamline-period=419.4
    n=1: R=9.7094e-04 mean=(6.9482e-04, -1.0124e-17) max|d|=2.2071e-03 rms|d|=1.1939e-03 | flux-weighted: R=9.6200e-04 mean=(5.0604e-04, -5.3406e-19) <tau>_w=0.9838008894
    ladder vs 1e-12 at n=1: max=3.502e-06 rms=1.041e-06 (both_ok=1024, status_differs=0)
  tol=1e-08  ok=1024/1024 (seed_backflow=0, non_ok_fraction=0.000e+00, ok_with_backflow=0) nfev/streamline-period=435.9
    n=1: R=9.7100e-04 mean=(6.9506e-04, -7.0769e-18) max|d|=2.2048e-03 rms|d|=1.1941e-03 | flux-weighted: R=9.6205e-04 mean=(5.0623e-04, 3.6667e-18) <tau>_w=0.9837985920
    ladder vs 1e-12 at n=1: max=3.168e-06 rms=8.241e-07 (both_ok=1024, status_differs=0)
  tol=1e-10  ok=1024/1024 (seed_backflow=0, non_ok_fraction=0.000e+00, ok_with_backflow=0) nfev/streamline-period=1633.7
    n=1: R=9.7093e-04 mean=(6.9492e-04, -8.5520e-18) max|d|=2.2057e-03 rms|d|=1.1940e-03 | flux-weighted: R=9.6202e-04 mean=(5.0615e-04, -9.6306e-19) <tau>_w=0.9838006118
    ladder vs 1e-12 at n=1: max=3.190e-07 rms=4.301e-08 (both_ok=1024, status_differs=0)
  tol=1e-12  ok=1024/1024 (seed_backflow=0, non_ok_fraction=0.000e+00, ok_with_backflow=0) nfev/streamline-period=3662.8
    n=1: R=9.7093e-04 mean=(6.9492e-04, -2.3975e-18) max|d|=2.2056e-03 rms|d|=1.1940e-03 | flux-weighted: R=9.6201e-04 mean=(5.0614e-04, 1.8511e-18) <tau>_w=0.9838006075
  round trip (tol=1e-08): eligible=1024 backward_ok=1024 max=5.226e-06 rms=1.084e-06
  outputs: output_sf30/matched/m_s1_l8_r3001_n64/{summary.json,streamlines.csv,timing.json}  wall 1.64 s
== [matched] m_s1_l8_r3001_n64: exit 0, 5.214 s
== [matched] m_s1_l8_r3001_n128: build/v100-release/closure_gate --field gaussian2d --n 128 --sigma2 1 --ell 0.125 --seed 3001 --tols 1e-6,1e-8,1e-10,1e-12 --working-tol 1e-8 --out output_sf30/matched/m_s1_l8_r3001_n128
command: build/v100-release/closure_gate --field gaussian2d --n 128 --sigma2 1 --ell 0.125 --seed 3001 --tols 1e-6,1e-8,1e-10,1e-12 --working-tol 1e-8 --out output_sf30/matched/m_s1_l8_r3001_n128
closure_gate: field=gaussian2d grid=128^3 h=0.0078125 sigma2=1 ell=0.125 seed=3001 seeds=1024 threads=32
  Y: mean=-2.498152e-16 var=1.000000e+00 min=-3.539407e+00 max=2.442798e+00
  x3 control: raw_variance=1.927474e-01 applied_scale=2.277748e+00
  Darcy: mg_levels=6 (coarsest 4^3) pcg_rtol=1.0e-10 max_iter=1000 iterations=(20,20,0) rel_res=(7.71e-14,4.66e-14,0.00e+00) converged=yes
  G=(9.5506484247e-01, -2.2572129265e-02, 5.0521367657e-34) mean_flux=(1.000e+00, 6.323e-17, -3.130e-34) div_max=4.08e-11
  spline gpu-vs-host prefilter rel=3.74e-15  g: min_g1=2.3435e-01 min|g|=2.3475e-01 max|g|=2.9229e+00 backflow_fraction=0.0000e+00 v_rms=1.2014e+00
  tol=1e-06  ok=1024/1024 (seed_backflow=0, non_ok_fraction=0.000e+00, ok_with_backflow=0) nfev/streamline-period=818.3
    n=1: R=2.4086e-04 mean=(1.7294e-04, 1.8867e-18) max|d|=5.4697e-04 rms|d|=2.9651e-04 | flux-weighted: R=2.3845e-04 mean=(1.2572e-04, 1.1835e-17) <tau>_w=0.9852160927
    ladder vs 1e-12 at n=1: max=3.897e-07 rms=1.246e-07 (both_ok=1024, status_differs=0)
  tol=1e-08  ok=1024/1024 (seed_backflow=0, non_ok_fraction=0.000e+00, ok_with_backflow=0) nfev/streamline-period=818.3
    n=1: R=2.4086e-04 mean=(1.7294e-04, 1.8867e-18) max|d|=5.4697e-04 rms|d|=2.9651e-04 | flux-weighted: R=2.3845e-04 mean=(1.2572e-04, 1.1835e-17) <tau>_w=0.9852160927
    ladder vs 1e-12 at n=1: max=3.897e-07 rms=1.246e-07 (both_ok=1024, status_differs=0)
  tol=1e-10  ok=1024/1024 (seed_backflow=0, non_ok_fraction=0.000e+00, ok_with_backflow=0) nfev/streamline-period=1256.3
    n=1: R=2.4086e-04 mean=(1.7294e-04, -1.5751e-18) max|d|=5.4729e-04 rms|d|=2.9652e-04 | flux-weighted: R=2.3845e-04 mean=(1.2572e-04, 8.6597e-18) <tau>_w=0.9852161225
    ladder vs 1e-12 at n=1: max=1.627e-07 rms=2.982e-08 (both_ok=1024, status_differs=0)
  tol=1e-12  ok=1024/1024 (seed_backflow=0, non_ok_fraction=0.000e+00, ok_with_backflow=0) nfev/streamline-period=4644.0
    n=1: R=2.4086e-04 mean=(1.7293e-04, -1.3657e-18) max|d|=5.4723e-04 rms|d|=2.9651e-04 | flux-weighted: R=2.3845e-04 mean=(1.2571e-04, 2.8280e-18) <tau>_w=0.9852161244
  round trip (tol=1e-08): eligible=1024 backward_ok=1024 max=6.509e-07 rms=1.758e-07
  outputs: output_sf30/matched/m_s1_l8_r3001_n128/{summary.json,streamlines.csv,timing.json}  wall 2.30 s
== [matched] m_s1_l8_r3001_n128: exit 0, 5.936 s
== [matched] m_s1_l8_r3001_n256: build/v100-release/closure_gate --field gaussian2d --n 256 --sigma2 1 --ell 0.125 --seed 3001 --tols 1e-6,1e-8,1e-10,1e-12 --working-tol 1e-8 --out output_sf30/matched/m_s1_l8_r3001_n256
command: build/v100-release/closure_gate --field gaussian2d --n 256 --sigma2 1 --ell 0.125 --seed 3001 --tols 1e-6,1e-8,1e-10,1e-12 --working-tol 1e-8 --out output_sf30/matched/m_s1_l8_r3001_n256
closure_gate: field=gaussian2d grid=256^3 h=0.00390625 sigma2=1 ell=0.125 seed=3001 seeds=1024 threads=32
  Y: mean=-4.857325e-16 var=1.000000e+00 min=-3.542511e+00 max=2.442703e+00
  x3 control: raw_variance=1.927474e-01 applied_scale=2.277748e+00
  Darcy: mg_levels=7 (coarsest 4^3) pcg_rtol=1.0e-10 max_iter=1000 iterations=(20,20,0) rel_res=(2.99e-13,1.80e-13,0.00e+00) converged=yes
  G=(9.5468761847e-01, -2.2580254438e-02, -5.4214596444e-36) mean_flux=(1.000e+00, -1.459e-16, -2.333e-34) div_max=1.86e-10
  spline gpu-vs-host prefilter rel=4.76e-15  g: min_g1=2.3381e-01 min|g|=2.3406e-01 max|g|=2.9295e+00 backflow_fraction=0.0000e+00 v_rms=1.2006e+00
  tol=1e-06  ok=1024/1024 (seed_backflow=0, non_ok_fraction=0.000e+00, ok_with_backflow=0) nfev/streamline-period=1616.2
    n=1: R=6.0115e-05 mean=(4.3196e-05, 7.5132e-17) max|d|=1.3668e-04 rms|d|=7.4025e-05 | flux-weighted: R=5.9502e-05 mean=(3.1386e-05, 7.3146e-17) <tau>_w=0.9855853919
    ladder vs 1e-12 at n=1: max=3.544e-08 rms=9.442e-09 (both_ok=1024, status_differs=0)
  tol=1e-08  ok=1024/1024 (seed_backflow=0, non_ok_fraction=0.000e+00, ok_with_backflow=0) nfev/streamline-period=1616.2
    n=1: R=6.0115e-05 mean=(4.3196e-05, 7.5132e-17) max|d|=1.3668e-04 rms|d|=7.4025e-05 | flux-weighted: R=5.9502e-05 mean=(3.1386e-05, 7.3146e-17) <tau>_w=0.9855853919
    ladder vs 1e-12 at n=1: max=3.544e-08 rms=9.442e-09 (both_ok=1024, status_differs=0)
  tol=1e-10  ok=1024/1024 (seed_backflow=0, non_ok_fraction=0.000e+00, ok_with_backflow=0) nfev/streamline-period=1620.7
    n=1: R=6.0116e-05 mean=(4.3197e-05, 6.9700e-17) max|d|=1.3670e-04 rms|d|=7.4026e-05 | flux-weighted: R=5.9503e-05 mean=(3.1387e-05, 6.5162e-17) <tau>_w=0.9855853770
    ladder vs 1e-12 at n=1: max=3.515e-08 rms=9.628e-09 (both_ok=1024, status_differs=0)
  tol=1e-12  ok=1024/1024 (seed_backflow=0, non_ok_fraction=0.000e+00, ok_with_backflow=0) nfev/streamline-period=4849.8
    n=1: R=6.0116e-05 mean=(4.3197e-05, 5.1540e-17) max|d|=1.3670e-04 rms|d|=7.4027e-05 | flux-weighted: R=5.9503e-05 mean=(3.1387e-05, 4.9947e-17) <tau>_w=0.9855853897
  round trip (tol=1e-08): eligible=1024 backward_ok=1024 max=5.574e-08 rms=1.354e-08
  outputs: output_sf30/matched/m_s1_l8_r3001_n256/{summary.json,streamlines.csv,timing.json}  wall 5.91 s
== [matched] m_s1_l8_r3001_n256: exit 0, 9.528 s
== [matched] m_s1_l16_r3001_n64: build/v100-release/closure_gate --field gaussian2d --n 64 --sigma2 1 --ell 0.0625 --seed 3001 --tols 1e-6,1e-8,1e-10,1e-12 --working-tol 1e-8 --out output_sf30/matched/m_s1_l16_r3001_n64
command: build/v100-release/closure_gate --field gaussian2d --n 64 --sigma2 1 --ell 0.0625 --seed 3001 --tols 1e-6,1e-8,1e-10,1e-12 --working-tol 1e-8 --out output_sf30/matched/m_s1_l16_r3001_n64
closure_gate: field=gaussian2d grid=64^3 h=0.015625 sigma2=1 ell=0.0625 seed=3001 seeds=1024 threads=32
  Y: mean=-1.101143e-19 var=1.000000e+00 min=-3.428916e+00 max=2.909323e+00
  x3 control: raw_variance=9.902284e-02 applied_scale=3.177842e+00
  Darcy: mg_levels=5 (coarsest 4^3) pcg_rtol=1.0e-10 max_iter=1000 iterations=(20,20,0) rel_res=(7.30e-15,5.21e-15,0.00e+00) converged=yes
  G=(9.6086612363e-01, -4.7992581901e-03, 4.0449216864e-34) mean_flux=(1.000e+00, -2.034e-17, -9.630e-34) div_max=8.06e-12
  spline gpu-vs-host prefilter rel=3.01e-15  g: min_g1=1.6686e-01 min|g|=1.7649e-01 max|g|=3.6014e+00 backflow_fraction=0.0000e+00 v_rms=1.2428e+00
  tol=1e-06  ok=1024/1024 (seed_backflow=0, non_ok_fraction=0.000e+00, ok_with_backflow=0) nfev/streamline-period=422.4
    n=1: R=5.2863e-03 mean=(5.9553e-04, 5.1846e-18) max|d|=1.6268e-02 rms|d|=5.3198e-03 | flux-weighted: R=4.1475e-03 mean=(4.3394e-04, 3.6713e-18) <tau>_w=0.9844656370
    ladder vs 1e-12 at n=1: max=2.505e-05 rms=6.666e-06 (both_ok=1024, status_differs=0)
  tol=1e-08  ok=1024/1024 (seed_backflow=0, non_ok_fraction=0.000e+00, ok_with_backflow=0) nfev/streamline-period=822.5
    n=1: R=5.2861e-03 mean=(5.9414e-04, 1.4415e-18) max|d|=1.6245e-02 rms|d|=5.3194e-03 | flux-weighted: R=4.1480e-03 mean=(4.3331e-04, 3.6111e-19) <tau>_w=0.9844683281
    ladder vs 1e-12 at n=1: max=7.652e-06 rms=1.573e-06 (both_ok=1024, status_differs=0)
  tol=1e-10  ok=1024/1024 (seed_backflow=0, non_ok_fraction=0.000e+00, ok_with_backflow=0) nfev/streamline-period=2434.4
    n=1: R=5.2861e-03 mean=(5.9426e-04, 4.2728e-18) max|d|=1.6243e-02 rms|d|=5.3194e-03 | flux-weighted: R=4.1478e-03 mean=(4.3330e-04, 1.9098e-18) <tau>_w=0.9844692048
    ladder vs 1e-12 at n=1: max=2.698e-07 rms=4.244e-08 (both_ok=1024, status_differs=0)
  tol=1e-12  ok=1024/1024 (seed_backflow=0, non_ok_fraction=0.000e+00, ok_with_backflow=0) nfev/streamline-period=5255.5
    n=1: R=5.2861e-03 mean=(5.9427e-04, 4.4048e-18) max|d|=1.6243e-02 rms|d|=5.3194e-03 | flux-weighted: R=4.1478e-03 mean=(4.3331e-04, 3.4308e-18) <tau>_w=0.9844692939
  round trip (tol=1e-08): eligible=1024 backward_ok=1024 max=1.195e-05 rms=2.352e-06
  outputs: output_sf30/matched/m_s1_l16_r3001_n64/{summary.json,streamlines.csv,timing.json}  wall 1.71 s
== [matched] m_s1_l16_r3001_n64: exit 0, 5.421 s
== [matched] m_s1_l16_r3001_n128: build/v100-release/closure_gate --field gaussian2d --n 128 --sigma2 1 --ell 0.0625 --seed 3001 --tols 1e-6,1e-8,1e-10,1e-12 --working-tol 1e-8 --out output_sf30/matched/m_s1_l16_r3001_n128
command: build/v100-release/closure_gate --field gaussian2d --n 128 --sigma2 1 --ell 0.0625 --seed 3001 --tols 1e-6,1e-8,1e-10,1e-12 --working-tol 1e-8 --out output_sf30/matched/m_s1_l16_r3001_n128
closure_gate: field=gaussian2d grid=128^3 h=0.0078125 sigma2=1 ell=0.0625 seed=3001 seeds=1024 threads=32
  Y: mean=-5.551486e-17 var=1.000000e+00 min=-3.462588e+00 max=2.948022e+00
  x3 control: raw_variance=9.902284e-02 applied_scale=3.177842e+00
  Darcy: mg_levels=6 (coarsest 4^3) pcg_rtol=1.0e-10 max_iter=1000 iterations=(20,20,0) rel_res=(2.80e-14,1.99e-14,0.00e+00) converged=yes
  G=(9.5536207710e-01, -4.7217418087e-03, 7.5202247221e-34) mean_flux=(1.000e+00, 4.029e-18, -6.019e-34) div_max=3.94e-11
  spline gpu-vs-host prefilter rel=2.91e-15  g: min_g1=1.5189e-01 min|g|=1.6994e-01 max|g|=3.8487e+00 backflow_fraction=0.0000e+00 v_rms=1.2289e+00
  tol=1e-06  ok=1024/1024 (seed_backflow=0, non_ok_fraction=0.000e+00, ok_with_backflow=0) nfev/streamline-period=825.0
    n=1: R=1.3205e-03 mean=(1.4361e-04, 1.5801e-17) max|d|=4.0302e-03 rms|d|=1.3282e-03 | flux-weighted: R=1.0410e-03 mean=(1.0163e-04, 1.1433e-17) <tau>_w=0.9874306879
    ladder vs 1e-12 at n=1: max=2.963e-06 rms=6.344e-07 (both_ok=1024, status_differs=0)
  tol=1e-08  ok=1024/1024 (seed_backflow=0, non_ok_fraction=0.000e+00, ok_with_backflow=0) nfev/streamline-period=832.8
    n=1: R=1.3203e-03 mean=(1.4363e-04, 1.2008e-17) max|d|=4.0296e-03 rms|d|=1.3281e-03 | flux-weighted: R=1.0409e-03 mean=(1.0166e-04, 1.0518e-17) <tau>_w=0.9874295393
    ladder vs 1e-12 at n=1: max=2.992e-06 rms=7.073e-07 (both_ok=1024, status_differs=0)
  tol=1e-10  ok=1024/1024 (seed_backflow=0, non_ok_fraction=0.000e+00, ok_with_backflow=0) nfev/streamline-period=2822.5
    n=1: R=1.3204e-03 mean=(1.4358e-04, 4.3158e-18) max|d|=4.0295e-03 rms|d|=1.3282e-03 | flux-weighted: R=1.0409e-03 mean=(1.0161e-04, 1.0308e-18) <tau>_w=0.9874303316
    ladder vs 1e-12 at n=1: max=2.165e-07 rms=5.124e-08 (both_ok=1024, status_differs=0)
  tol=1e-12  ok=1024/1024 (seed_backflow=0, non_ok_fraction=0.000e+00, ok_with_backflow=0) nfev/streamline-period=6585.1
    n=1: R=1.3204e-03 mean=(1.4358e-04, -4.0637e-18) max|d|=4.0295e-03 rms|d|=1.3282e-03 | flux-weighted: R=1.0409e-03 mean=(1.0161e-04, -7.1274e-18) <tau>_w=0.9874304207
  round trip (tol=1e-08): eligible=1024 backward_ok=1024 max=4.294e-06 rms=8.569e-07
  outputs: output_sf30/matched/m_s1_l16_r3001_n128/{summary.json,streamlines.csv,timing.json}  wall 2.31 s
== [matched] m_s1_l16_r3001_n128: exit 0, 5.971 s
== [matched] m_s1_l16_r3001_n256: build/v100-release/closure_gate --field gaussian2d --n 256 --sigma2 1 --ell 0.0625 --seed 3001 --tols 1e-6,1e-8,1e-10,1e-12 --working-tol 1e-8 --out output_sf30/matched/m_s1_l16_r3001_n256
command: build/v100-release/closure_gate --field gaussian2d --n 256 --sigma2 1 --ell 0.0625 --seed 3001 --tols 1e-6,1e-8,1e-10,1e-12 --working-tol 1e-8 --out output_sf30/matched/m_s1_l16_r3001_n256
closure_gate: field=gaussian2d grid=256^3 h=0.00390625 sigma2=1 ell=0.0625 seed=3001 seeds=1024 threads=32
  Y: mean=-2.775515e-16 var=1.000000e+00 min=-3.468045e+00 max=2.949484e+00
  x3 control: raw_variance=9.902284e-02 applied_scale=3.177842e+00
  Darcy: mg_levels=7 (coarsest 4^3) pcg_rtol=1.0e-10 max_iter=1000 iterations=(20,20,0) rel_res=(1.08e-13,7.71e-14,0.00e+00) converged=yes
  G=(9.5395511792e-01, -4.7006611859e-03, -4.9725500170e-36) mean_flux=(1.000e+00, -2.023e-17, -4.083e-34) div_max=1.66e-10
  spline gpu-vs-host prefilter rel=3.50e-15  g: min_g1=1.4861e-01 min|g|=1.6683e-01 max|g|=3.9124e+00 backflow_fraction=0.0000e+00 v_rms=1.2254e+00
  tol=1e-06  ok=1024/1024 (seed_backflow=0, non_ok_fraction=0.000e+00, ok_with_backflow=0) nfev/streamline-period=1629.5
    n=1: R=3.3008e-04 mean=(3.6108e-05, 8.6744e-18) max|d|=9.9827e-04 rms|d|=3.3205e-04 | flux-weighted: R=2.6070e-04 mean=(2.5165e-05, -1.4471e-19) <tau>_w=0.9884026055
    ladder vs 1e-12 at n=1: max=3.063e-07 rms=7.068e-08 (both_ok=1024, status_differs=0)
  tol=1e-08  ok=1024/1024 (seed_backflow=0, non_ok_fraction=0.000e+00, ok_with_backflow=0) nfev/streamline-period=1629.5
    n=1: R=3.3008e-04 mean=(3.6108e-05, 8.6744e-18) max|d|=9.9827e-04 rms|d|=3.3205e-04 | flux-weighted: R=2.6070e-04 mean=(2.5165e-05, -1.4471e-19) <tau>_w=0.9884026055
    ladder vs 1e-12 at n=1: max=3.063e-07 rms=7.068e-08 (both_ok=1024, status_differs=0)
  tol=1e-10  ok=1024/1024 (seed_backflow=0, non_ok_fraction=0.000e+00, ok_with_backflow=0) nfev/streamline-period=2081.2
    n=1: R=3.3008e-04 mean=(3.6115e-05, 1.5344e-17) max|d|=9.9824e-04 rms|d|=3.3205e-04 | flux-weighted: R=2.6070e-04 mean=(2.5169e-05, 6.9979e-18) <tau>_w=0.9884025787
    ladder vs 1e-12 at n=1: max=1.159e-07 rms=3.000e-08 (both_ok=1024, status_differs=0)
  tol=1e-12  ok=1024/1024 (seed_backflow=0, non_ok_fraction=0.000e+00, ok_with_backflow=0) nfev/streamline-period=8250.7
    n=1: R=3.3007e-04 mean=(3.6115e-05, 7.3723e-18) max|d|=9.9821e-04 rms|d|=3.3204e-04 | flux-weighted: R=2.6070e-04 mean=(2.5170e-05, 3.3460e-18) <tau>_w=0.9884025757
  round trip (tol=1e-08): eligible=1024 backward_ok=1024 max=5.618e-07 rms=9.067e-08
  outputs: output_sf30/matched/m_s1_l16_r3001_n256/{summary.json,streamlines.csv,timing.json}  wall 5.95 s
== [matched] m_s1_l16_r3001_n256: exit 0, 9.802 s
== [matched] m_s4_l8_r3001_n64: build/v100-release/closure_gate --field gaussian2d --n 64 --sigma2 4 --ell 0.125 --seed 3001 --tols 1e-6,1e-8,1e-10,1e-12 --working-tol 1e-8 --out output_sf30/matched/m_s4_l8_r3001_n64
command: build/v100-release/closure_gate --field gaussian2d --n 64 --sigma2 4 --ell 0.125 --seed 3001 --tols 1e-6,1e-8,1e-10,1e-12 --working-tol 1e-8 --out output_sf30/matched/m_s4_l8_r3001_n64
closure_gate: field=gaussian2d grid=64^3 h=0.015625 sigma2=4 ell=0.125 seed=3001 seeds=1024 threads=32
  Y: mean=-3.330220e-16 var=4.000000e+00 min=-7.083665e+00 max=4.858330e+00
  x3 control: raw_variance=7.709896e-01 applied_scale=2.277748e+00
  Darcy: mg_levels=5 (coarsest 4^3) pcg_rtol=1.0e-10 max_iter=1000 iterations=(20,20,0) rel_res=(7.63e-13,4.58e-13,0.00e+00) converged=yes
  G=(9.5141637144e-01, -8.4166165053e-02, -2.9449519943e-32) mean_flux=(1.000e+00, 3.790e-18, -3.266e-31) div_max=1.91e-09
  spline gpu-vs-host prefilter rel=4.30e-15  g: min_g1=-2.0860e-01 min|g|=3.8360e-02 max|g|=5.0544e+00 backflow_fraction=5.8594e-03 v_rms=1.5215e+00
  tol=1e-06  ok=1024/1024 (seed_backflow=0, non_ok_fraction=0.000e+00, ok_with_backflow=19) nfev/streamline-period=440.4
    n=1: R=3.1797e-03 mean=(2.8152e-03, 1.4978e-16) max|d|=1.0254e-02 rms|d|=4.2469e-03 | flux-weighted: R=2.6811e-03 mean=(1.5074e-03, 1.0297e-16) <tau>_w=1.0461409167
    ladder vs 1e-12 at n=1: max=5.937e-05 rms=1.266e-05 (both_ok=1024, status_differs=0)
  tol=1e-08  ok=1024/1024 (seed_backflow=0, non_ok_fraction=0.000e+00, ok_with_backflow=19) nfev/streamline-period=628.0
    n=1: R=3.1786e-03 mean=(2.8160e-03, 1.6250e-16) max|d|=1.0237e-02 rms|d|=4.2465e-03 | flux-weighted: R=2.6807e-03 mean=(1.5079e-03, 1.2454e-16) <tau>_w=1.0461797806
    ladder vs 1e-12 at n=1: max=3.858e-05 rms=5.619e-06 (both_ok=1024, status_differs=0)
  tol=1e-10  ok=1024/1024 (seed_backflow=0, non_ok_fraction=0.000e+00, ok_with_backflow=19) nfev/streamline-period=2239.0
    n=1: R=3.1769e-03 mean=(2.8133e-03, 1.4271e-16) max|d|=1.0229e-02 rms|d|=4.2435e-03 | flux-weighted: R=2.6794e-03 mean=(1.5066e-03, 1.0957e-16) <tau>_w=1.0461174890
    ladder vs 1e-12 at n=1: max=9.754e-07 rms=1.369e-07 (both_ok=1024, status_differs=0)
  tol=1e-12  ok=1024/1024 (seed_backflow=0, non_ok_fraction=0.000e+00, ok_with_backflow=19) nfev/streamline-period=4884.2
    n=1: R=3.1769e-03 mean=(2.8132e-03, 1.8638e-16) max|d|=1.0229e-02 rms|d|=4.2434e-03 | flux-weighted: R=2.6793e-03 mean=(1.5065e-03, 1.5269e-16) <tau>_w=1.0461176174
  round trip (tol=1e-08): eligible=1005 backward_ok=1005 max=4.898e-05 rms=8.390e-06
  outputs: output_sf30/matched/m_s4_l8_r3001_n64/{summary.json,streamlines.csv,timing.json}  wall 1.67 s
== [matched] m_s4_l8_r3001_n64: exit 0, 5.437 s
== [matched] m_s4_l8_r3001_n128: build/v100-release/closure_gate --field gaussian2d --n 128 --sigma2 4 --ell 0.125 --seed 3001 --tols 1e-6,1e-8,1e-10,1e-12 --working-tol 1e-8 --out output_sf30/matched/m_s4_l8_r3001_n128
command: build/v100-release/closure_gate --field gaussian2d --n 128 --sigma2 4 --ell 0.125 --seed 3001 --tols 1e-6,1e-8,1e-10,1e-12 --working-tol 1e-8 --out output_sf30/matched/m_s4_l8_r3001_n128
closure_gate: field=gaussian2d grid=128^3 h=0.0078125 sigma2=4 ell=0.125 seed=3001 seeds=1024 threads=32
  Y: mean=-4.996304e-16 var=4.000000e+00 min=-7.078814e+00 max=4.885596e+00
  x3 control: raw_variance=7.709896e-01 applied_scale=2.277748e+00
  Darcy: mg_levels=6 (coarsest 4^3) pcg_rtol=1.0e-10 max_iter=1000 iterations=(20,20,0) rel_res=(1.85e-12,9.69e-13,0.00e+00) converged=yes
  G=(9.4725368278e-01, -8.4012080658e-02, 2.1651268670e-32) mean_flux=(1.000e+00, 7.600e-19, 1.140e-31) div_max=5.49e-09
  spline gpu-vs-host prefilter rel=4.04e-15  g: min_g1=-2.2959e-01 min|g|=3.7007e-02 max|g|=5.1138e+00 backflow_fraction=6.4697e-03 v_rms=1.5072e+00
  tol=1e-06  ok=1024/1024 (seed_backflow=0, non_ok_fraction=0.000e+00, ok_with_backflow=18) nfev/streamline-period=859.6
    n=1: R=8.0541e-04 mean=(6.8899e-04, -1.8213e-16) max|d|=2.5512e-03 rms|d|=1.0599e-03 | flux-weighted: R=6.6659e-04 mean=(3.6570e-04, -4.9016e-16) <tau>_w=1.1152821481
    ladder vs 1e-12 at n=1: max=6.111e-06 rms=1.330e-06 (both_ok=1024, status_differs=0)
  tol=1e-08  ok=1024/1024 (seed_backflow=0, non_ok_fraction=0.000e+00, ok_with_backflow=18) nfev/streamline-period=860.5
    n=1: R=8.0545e-04 mean=(6.8909e-04, -1.8395e-16) max|d|=2.5512e-03 rms|d|=1.0600e-03 | flux-weighted: R=6.6664e-04 mean=(3.6578e-04, -4.8725e-16) <tau>_w=1.1152622027
    ladder vs 1e-12 at n=1: max=6.109e-06 rms=1.259e-06 (both_ok=1024, status_differs=0)
  tol=1e-10  ok=1024/1024 (seed_backflow=0, non_ok_fraction=0.000e+00, ok_with_backflow=18) nfev/streamline-period=2299.3
    n=1: R=8.0551e-04 mean=(6.8914e-04, -1.9120e-16) max|d|=2.5471e-03 rms|d|=1.0601e-03 | flux-weighted: R=6.6662e-04 mean=(3.6575e-04, -4.9062e-16) <tau>_w=1.1152715194
    ladder vs 1e-12 at n=1: max=1.352e-06 rms=2.119e-07 (both_ok=1024, status_differs=0)
  tol=1e-12  ok=1024/1024 (seed_backflow=0, non_ok_fraction=0.000e+00, ok_with_backflow=18) nfev/streamline-period=6195.4
    n=1: R=8.0548e-04 mean=(6.8904e-04, -2.0842e-16) max|d|=2.5473e-03 rms|d|=1.0600e-03 | flux-weighted: R=6.6659e-04 mean=(3.6571e-04, -5.1449e-16) <tau>_w=1.1152727479
  round trip (tol=1e-08): eligible=1006 backward_ok=1006 max=1.130e-05 rms=2.090e-06
  outputs: output_sf30/matched/m_s4_l8_r3001_n128/{summary.json,streamlines.csv,timing.json}  wall 2.27 s
== [matched] m_s4_l8_r3001_n128: exit 0, 5.809 s
== [matched] m_s4_l8_r3001_n256: build/v100-release/closure_gate --field gaussian2d --n 256 --sigma2 4 --ell 0.125 --seed 3001 --tols 1e-6,1e-8,1e-10,1e-12 --working-tol 1e-8 --out output_sf30/matched/m_s4_l8_r3001_n256
command: build/v100-release/closure_gate --field gaussian2d --n 256 --sigma2 4 --ell 0.125 --seed 3001 --tols 1e-6,1e-8,1e-10,1e-12 --working-tol 1e-8 --out output_sf30/matched/m_s4_l8_r3001_n256
closure_gate: field=gaussian2d grid=256^3 h=0.00390625 sigma2=4 ell=0.125 seed=3001 seeds=1024 threads=32
  Y: mean=-9.714651e-16 var=4.000000e+00 min=-7.085021e+00 max=4.885406e+00
  x3 control: raw_variance=7.709896e-01 applied_scale=2.277748e+00
  Darcy: mg_levels=7 (coarsest 4^3) pcg_rtol=1.0e-10 max_iter=1000 iterations=(20,20,0) rel_res=(3.77e-12,1.96e-12,0.00e+00) converged=yes
  G=(9.4620009238e-01, -8.3972000131e-02, 6.5884068374e-34) mean_flux=(1.000e+00, 2.903e-18, -6.072e-34) div_max=1.29e-08
  spline gpu-vs-host prefilter rel=5.03e-15  g: min_g1=-2.3341e-01 min|g|=3.6875e-02 max|g|=5.1249e+00 backflow_fraction=6.4697e-03 v_rms=1.5036e+00
  tol=1e-06  ok=1024/1024 (seed_backflow=0, non_ok_fraction=0.000e+00, ok_with_backflow=17) nfev/streamline-period=1699.2
    n=1: R=2.0229e-04 mean=(1.7144e-04, 1.0574e-16) max|d|=6.3809e-04 rms|d|=2.6517e-04 | flux-weighted: R=1.6660e-04 mean=(9.0782e-05, -3.3458e-16) <tau>_w=1.0260219959
    ladder vs 1e-12 at n=1: max=7.814e-07 rms=1.450e-07 (both_ok=1024, status_differs=0)
  tol=1e-08  ok=1024/1024 (seed_backflow=0, non_ok_fraction=0.000e+00, ok_with_backflow=17) nfev/streamline-period=1699.2
    n=1: R=2.0229e-04 mean=(1.7144e-04, 1.0574e-16) max|d|=6.3809e-04 rms|d|=2.6517e-04 | flux-weighted: R=1.6660e-04 mean=(9.0782e-05, -3.3458e-16) <tau>_w=1.0260219959
    ladder vs 1e-12 at n=1: max=7.814e-07 rms=1.450e-07 (both_ok=1024, status_differs=0)
  tol=1e-10  ok=1024/1024 (seed_backflow=0, non_ok_fraction=0.000e+00, ok_with_backflow=17) nfev/streamline-period=1864.7
    n=1: R=2.0231e-04 mean=(1.7149e-04, 4.7770e-17) max|d|=6.3813e-04 rms|d|=2.6521e-04 | flux-weighted: R=1.6661e-04 mean=(9.0802e-05, -3.7471e-16) <tau>_w=1.0260206812
    ladder vs 1e-12 at n=1: max=4.363e-07 rms=8.514e-08 (both_ok=1024, status_differs=0)
  tol=1e-12  ok=1024/1024 (seed_backflow=0, non_ok_fraction=0.000e+00, ok_with_backflow=17) nfev/streamline-period=7588.1
    n=1: R=2.0228e-04 mean=(1.7144e-04, 9.5599e-17) max|d|=6.3789e-04 rms|d|=2.6516e-04 | flux-weighted: R=1.6659e-04 mean=(9.0780e-05, -2.9541e-16) <tau>_w=1.0260189242
  round trip (tol=1e-08): eligible=1007 backward_ok=1007 max=1.361e-06 rms=2.086e-07
  outputs: output_sf30/matched/m_s4_l8_r3001_n256/{summary.json,streamlines.csv,timing.json}  wall 5.99 s
== [matched] m_s4_l8_r3001_n256: exit 0, 9.920 s
== [matched] m_s4_l16_r3001_n64: build/v100-release/closure_gate --field gaussian2d --n 64 --sigma2 4 --ell 0.0625 --seed 3001 --tols 1e-6,1e-8,1e-10,1e-12 --working-tol 1e-8 --out output_sf30/matched/m_s4_l16_r3001_n64
command: build/v100-release/closure_gate --field gaussian2d --n 64 --sigma2 4 --ell 0.0625 --seed 3001 --tols 1e-6,1e-8,1e-10,1e-12 --working-tol 1e-8 --out output_sf30/matched/m_s4_l16_r3001_n64
closure_gate: field=gaussian2d grid=64^3 h=0.015625 sigma2=4 ell=0.0625 seed=3001 seeds=1024 threads=32
  Y: mean=-2.202286e-19 var=4.000000e+00 min=-6.857833e+00 max=5.818646e+00
  x3 control: raw_variance=3.960913e-01 applied_scale=3.177842e+00
  Darcy: mg_levels=5 (coarsest 4^3) pcg_rtol=1.0e-10 max_iter=1000 iterations=(30,30,0) rel_res=(1.02e-14,5.80e-15,0.00e+00) converged=yes
  G=(9.5890646049e-01, -2.5180577338e-02, 1.2773094885e-33) mean_flux=(1.000e+00, -1.279e-16, 1.213e-32) div_max=2.83e-10
  spline gpu-vs-host prefilter rel=2.89e-15  g: min_g1=-9.8239e-02 min|g|=1.6377e-02 max|g|=7.6227e+00 backflow_fraction=4.1504e-03 v_rms=1.6882e+00
  tol=1e-06  ok=1024/1024 (seed_backflow=0, non_ok_fraction=0.000e+00, ok_with_backflow=61) nfev/streamline-period=460.7
    n=1: R=3.1281e-02 mean=(6.6653e-03, 9.5227e-17) max|d|=9.2249e-02 rms|d|=3.1983e-02 | flux-weighted: R=1.9635e-02 mean=(2.0380e-03, -5.0788e-18) <tau>_w=1.0338756559
    ladder vs 1e-12 at n=1: max=3.626e-04 rms=7.391e-05 (both_ok=1024, status_differs=0)
  tol=1e-08  ok=1024/1024 (seed_backflow=0, non_ok_fraction=0.000e+00, ok_with_backflow=61) nfev/streamline-period=1279.2
    n=1: R=3.1252e-02 mean=(6.6565e-03, 6.7356e-17) max|d|=9.2160e-02 rms|d|=3.1953e-02 | flux-weighted: R=1.9616e-02 mean=(2.0389e-03, -6.0325e-18) <tau>_w=1.0338897612
    ladder vs 1e-12 at n=1: max=4.622e-05 rms=5.570e-06 (both_ok=1024, status_differs=0)
  tol=1e-10  ok=1024/1024 (seed_backflow=0, non_ok_fraction=0.000e+00, ok_with_backflow=62) nfev/streamline-period=3419.0
    n=1: R=3.1251e-02 mean=(6.6567e-03, 8.0434e-17) max|d|=9.2152e-02 rms|d|=3.1952e-02 | flux-weighted: R=1.9615e-02 mean=(2.0389e-03, -1.6457e-18) <tau>_w=1.0338914302
    ladder vs 1e-12 at n=1: max=9.153e-07 rms=1.286e-07 (both_ok=1024, status_differs=0)
  tol=1e-12  ok=1024/1024 (seed_backflow=0, non_ok_fraction=0.000e+00, ok_with_backflow=62) nfev/streamline-period=7192.5
    n=1: R=3.1251e-02 mean=(6.6567e-03, 9.8252e-17) max|d|=9.2152e-02 rms|d|=3.1952e-02 | flux-weighted: R=1.9615e-02 mean=(2.0389e-03, -2.2406e-17) <tau>_w=1.0338909179
  round trip (tol=1e-08): eligible=963 backward_ok=963 max=5.691e-05 rms=1.106e-05
  outputs: output_sf30/matched/m_s4_l16_r3001_n64/{summary.json,streamlines.csv,timing.json}  wall 2.41 s
== [matched] m_s4_l16_r3001_n64: exit 0, 5.982 s
== [matched] m_s4_l16_r3001_n128: build/v100-release/closure_gate --field gaussian2d --n 128 --sigma2 4 --ell 0.0625 --seed 3001 --tols 1e-6,1e-8,1e-10,1e-12 --working-tol 1e-8 --out output_sf30/matched/m_s4_l16_r3001_n128
command: build/v100-release/closure_gate --field gaussian2d --n 128 --sigma2 4 --ell 0.0625 --seed 3001 --tols 1e-6,1e-8,1e-10,1e-12 --working-tol 1e-8 --out output_sf30/matched/m_s4_l16_r3001_n128
closure_gate: field=gaussian2d grid=128^3 h=0.0078125 sigma2=4 ell=0.0625 seed=3001 seeds=1024 threads=32
  Y: mean=-1.110297e-16 var=4.000000e+00 min=-6.925175e+00 max=5.896045e+00
  x3 control: raw_variance=3.960913e-01 applied_scale=3.177842e+00
  Darcy: mg_levels=6 (coarsest 4^3) pcg_rtol=1.0e-10 max_iter=1000 iterations=(30,30,0) rel_res=(3.77e-14,1.97e-14,0.00e+00) converged=yes
  G=(9.4320454633e-01, -2.4454905423e-02, 2.0820674908e-33) mean_flux=(1.000e+00, -3.435e-17, -1.233e-32) div_max=1.63e-09
  spline gpu-vs-host prefilter rel=3.58e-15  g: min_g1=-1.7414e-01 min|g|=1.5379e-02 max|g|=8.3819e+00 backflow_fraction=5.1270e-03 v_rms=1.6310e+00
  tol=1e-06  ok=1024/1024 (seed_backflow=0, non_ok_fraction=0.000e+00, ok_with_backflow=48) nfev/streamline-period=887.5
    n=1: R=1.1784e-02 mean=(2.2657e-03, -2.2083e-17) max|d|=4.2145e-02 rms|d|=1.1999e-02 | flux-weighted: R=5.7669e-03 mean=(3.6466e-04, -1.7177e-16) <tau>_w=1.0108467638
    ladder vs 1e-12 at n=1: max=6.170e-05 rms=9.447e-06 (both_ok=1024, status_differs=0)
  tol=1e-08  ok=1024/1024 (seed_backflow=0, non_ok_fraction=0.000e+00, ok_with_backflow=48) nfev/streamline-period=1064.9
    n=1: R=1.1782e-02 mean=(2.2656e-03, -4.4891e-17) max|d|=4.2198e-02 rms|d|=1.1998e-02 | flux-weighted: R=5.7667e-03 mean=(3.6510e-04, -1.7821e-16) <tau>_w=1.0108465136
    ladder vs 1e-12 at n=1: max=3.190e-05 rms=4.199e-06 (both_ok=1024, status_differs=0)
  tol=1e-10  ok=1024/1024 (seed_backflow=0, non_ok_fraction=0.000e+00, ok_with_backflow=48) nfev/streamline-period=3940.0
    n=1: R=1.1781e-02 mean=(2.2653e-03, -1.2072e-17) max|d|=4.2195e-02 rms|d|=1.1997e-02 | flux-weighted: R=5.7661e-03 mean=(3.6488e-04, -1.5660e-16) <tau>_w=1.0108465803
    ladder vs 1e-12 at n=1: max=1.791e-06 rms=2.255e-07 (both_ok=1024, status_differs=0)
  tol=1e-12  ok=1024/1024 (seed_backflow=0, non_ok_fraction=0.000e+00, ok_with_backflow=48) nfev/streamline-period=8890.0
    n=1: R=1.1781e-02 mean=(2.2653e-03, -6.1149e-18) max|d|=4.2195e-02 rms|d|=1.1997e-02 | flux-weighted: R=5.7660e-03 mean=(3.6487e-04, -1.3654e-16) <tau>_w=1.0108468749
  round trip (tol=1e-08): eligible=976 backward_ok=976 max=3.968e-05 rms=6.387e-06
  outputs: output_sf30/matched/m_s4_l16_r3001_n128/{summary.json,streamlines.csv,timing.json}  wall 3.14 s
== [matched] m_s4_l16_r3001_n128: exit 0, 6.546 s
== [matched] m_s4_l16_r3001_n256: build/v100-release/closure_gate --field gaussian2d --n 256 --sigma2 4 --ell 0.0625 --seed 3001 --tols 1e-6,1e-8,1e-10,1e-12 --working-tol 1e-8 --out output_sf30/matched/m_s4_l16_r3001_n256
command: build/v100-release/closure_gate --field gaussian2d --n 256 --sigma2 4 --ell 0.0625 --seed 3001 --tols 1e-6,1e-8,1e-10,1e-12 --working-tol 1e-8 --out output_sf30/matched/m_s4_l16_r3001_n256
closure_gate: field=gaussian2d grid=256^3 h=0.00390625 sigma2=4 ell=0.0625 seed=3001 seeds=1024 threads=32
  Y: mean=-5.551031e-16 var=4.000000e+00 min=-6.936090e+00 max=5.898967e+00
  x3 control: raw_variance=3.960913e-01 applied_scale=3.177842e+00
  Darcy: mg_levels=7 (coarsest 4^3) pcg_rtol=1.0e-10 max_iter=1000 iterations=(30,30,0) rel_res=(1.39e-13,6.85e-14,0.00e+00) converged=yes
  G=(9.3910805467e-01, -2.4269573853e-02, -5.7659678632e-35) mean_flux=(1.000e+00, -5.105e-18, -3.033e-33) div_max=7.07e-09
  spline gpu-vs-host prefilter rel=4.07e-15  g: min_g1=-1.8685e-01 min|g|=1.5143e-02 max|g|=8.5323e+00 backflow_fraction=5.2185e-03 v_rms=1.6165e+00
  tol=1e-06  ok=1024/1024 (seed_backflow=0, non_ok_fraction=0.000e+00, ok_with_backflow=47) nfev/streamline-period=1755.9
    n=1: R=3.3495e-03 mean=(6.1582e-04, 1.8778e-16) max|d|=1.2768e-02 rms|d|=3.4056e-03 | flux-weighted: R=1.5258e-03 mean=(7.0776e-05, 1.9358e-16) <tau>_w=1.0150593214
    ladder vs 1e-12 at n=1: max=5.971e-06 rms=7.996e-07 (both_ok=1024, status_differs=0)
  tol=1e-08  ok=1024/1024 (seed_backflow=0, non_ok_fraction=0.000e+00, ok_with_backflow=47) nfev/streamline-period=1756.1
    n=1: R=3.3495e-03 mean=(6.1585e-04, 2.2155e-16) max|d|=1.2768e-02 rms|d|=3.4056e-03 | flux-weighted: R=1.5258e-03 mean=(7.0801e-05, 2.2481e-16) <tau>_w=1.0150624056
    ladder vs 1e-12 at n=1: max=5.103e-06 rms=8.206e-07 (both_ok=1024, status_differs=0)
  tol=1e-10  ok=1024/1024 (seed_backflow=0, non_ok_fraction=0.000e+00, ok_with_backflow=47) nfev/streamline-period=3731.4
    n=1: R=3.3495e-03 mean=(6.1582e-04, 1.6828e-16) max|d|=1.2767e-02 rms|d|=3.4056e-03 | flux-weighted: R=1.5258e-03 mean=(7.0762e-05, 2.3260e-16) <tau>_w=1.0150622308
    ladder vs 1e-12 at n=1: max=1.177e-06 rms=2.153e-07 (both_ok=1024, status_differs=0)
  tol=1e-12  ok=1024/1024 (seed_backflow=0, non_ok_fraction=0.000e+00, ok_with_backflow=47) nfev/streamline-period=11093.0
    n=1: R=3.3494e-03 mean=(6.1581e-04, 2.0996e-16) max|d|=1.2766e-02 rms|d|=3.4055e-03 | flux-weighted: R=1.5258e-03 mean=(7.0762e-05, 2.5239e-16) <tau>_w=1.0150613917
  round trip (tol=1e-08): eligible=977 backward_ok=977 max=6.023e-06 rms=1.129e-06
  outputs: output_sf30/matched/m_s4_l16_r3001_n256/{summary.json,streamlines.csv,timing.json}  wall 7.40 s
== [matched] m_s4_l16_r3001_n256: exit 0, 11.023 s
== [matched] m_s4_l16_r3002_n128: build/v100-release/closure_gate --field gaussian2d --n 128 --sigma2 4 --ell 0.0625 --seed 3002 --tols 1e-6,1e-8,1e-10,1e-12 --working-tol 1e-8 --out output_sf30/matched/m_s4_l16_r3002_n128
command: build/v100-release/closure_gate --field gaussian2d --n 128 --sigma2 4 --ell 0.0625 --seed 3002 --tols 1e-6,1e-8,1e-10,1e-12 --working-tol 1e-8 --out output_sf30/matched/m_s4_l16_r3002_n128
closure_gate: field=gaussian2d grid=128^3 h=0.0078125 sigma2=4 ell=0.0625 seed=3002 seeds=1024 threads=32
  Y: mean=3.053334e-16 var=4.000000e+00 min=-5.733993e+00 max=7.463948e+00
  x3 control: raw_variance=4.092544e-01 applied_scale=3.126319e+00
  Darcy: mg_levels=6 (coarsest 4^3) pcg_rtol=1.0e-10 max_iter=1000 iterations=(30,30,0) rel_res=(5.57e-14,2.91e-14,0.00e+00) converged=yes
  G=(1.1100527359e+00, -8.8979171795e-02, 2.8644249582e-34) mean_flux=(1.000e+00, -2.367e-17, 1.003e-31) div_max=1.72e-08
  spline gpu-vs-host prefilter rel=4.19e-15  g: min_g1=-1.5415e-01 min|g|=1.0004e-03 max|g|=1.3211e+01 backflow_fraction=5.1880e-03 v_rms=1.7304e+00
  tol=1e-06  ok=1024/1024 (seed_backflow=0, non_ok_fraction=0.000e+00, ok_with_backflow=128) nfev/streamline-period=932.5
    n=1: R=1.6342e-02 mean=(-3.9274e-03, -2.4937e-15) max|d|=4.9378e-02 rms|d|=1.6807e-02 | flux-weighted: R=6.2522e-03 mean=(-7.6431e-04, -3.9309e-15) <tau>_w=0.9540122433
    ladder vs 1e-12 at n=1: max=1.158e-04 rms=1.463e-05 (both_ok=1024, status_differs=0)
  tol=1e-08  ok=1024/1024 (seed_backflow=0, non_ok_fraction=0.000e+00, ok_with_backflow=128) nfev/streamline-period=1114.8
    n=1: R=1.6338e-02 mean=(-3.9252e-03, -2.3125e-15) max|d|=4.9403e-02 rms|d|=1.6803e-02 | flux-weighted: R=6.2520e-03 mean=(-7.6431e-04, -3.5221e-15) <tau>_w=0.9540201123
    ladder vs 1e-12 at n=1: max=2.639e-04 rms=2.385e-05 (both_ok=1024, status_differs=0)
  tol=1e-10  ok=1024/1024 (seed_backflow=0, non_ok_fraction=0.000e+00, ok_with_backflow=128) nfev/streamline-period=4158.2
    n=1: R=1.6343e-02 mean=(-3.9279e-03, -2.3654e-15) max|d|=4.9391e-02 rms|d|=1.6808e-02 | flux-weighted: R=6.2526e-03 mean=(-7.6427e-04, -3.6977e-15) <tau>_w=0.9540453540
    ladder vs 1e-12 at n=1: max=1.522e-05 rms=9.615e-07 (both_ok=1024, status_differs=0)
  tol=1e-12  ok=1024/1024 (seed_backflow=0, non_ok_fraction=0.000e+00, ok_with_backflow=128) nfev/streamline-period=9402.4
    n=1: R=1.6343e-02 mean=(-3.9280e-03, -2.4167e-15) max|d|=4.9391e-02 rms|d|=1.6808e-02 | flux-weighted: R=6.2527e-03 mean=(-7.6428e-04, -3.7657e-15) <tau>_w=0.9540451322
  round trip (tol=1e-08): eligible=896 backward_ok=896 max=3.190e-04 rms=3.643e-05
  outputs: output_sf30/matched/m_s4_l16_r3002_n128/{summary.json,streamlines.csv,timing.json}  wall 3.15 s
== [matched] m_s4_l16_r3002_n128: exit 0, 6.648 s
== [matched] m_s4_l16_r3002_n256: build/v100-release/closure_gate --field gaussian2d --n 256 --sigma2 4 --ell 0.0625 --seed 3002 --tols 1e-6,1e-8,1e-10,1e-12 --working-tol 1e-8 --out output_sf30/matched/m_s4_l16_r3002_n256
command: build/v100-release/closure_gate --field gaussian2d --n 256 --sigma2 4 --ell 0.0625 --seed 3002 --tols 1e-6,1e-8,1e-10,1e-12 --working-tol 1e-8 --out output_sf30/matched/m_s4_l16_r3002_n256
closure_gate: field=gaussian2d grid=256^3 h=0.00390625 sigma2=4 ell=0.0625 seed=3002 seeds=1024 threads=32
  Y: mean=-2.053877e-15 var=4.000000e+00 min=-5.747655e+00 max=7.476714e+00
  x3 control: raw_variance=4.092544e-01 applied_scale=3.126319e+00
  Darcy: mg_levels=7 (coarsest 4^3) pcg_rtol=1.0e-10 max_iter=1000 iterations=(30,30,0) rel_res=(2.22e-13,1.07e-13,0.00e+00) converged=yes
  G=(1.1059547463e+00, -8.8748730692e-02, 1.3591442117e-33) mean_flux=(1.000e+00, -2.569e-17, -4.095e-33) div_max=7.46e-08
  spline gpu-vs-host prefilter rel=4.52e-15  g: min_g1=-1.6281e-01 min|g|=9.7966e-04 max|g|=1.3308e+01 backflow_fraction=5.4474e-03 v_rms=1.7141e+00
  tol=1e-06  ok=1024/1024 (seed_backflow=0, non_ok_fraction=0.000e+00, ok_with_backflow=134) nfev/streamline-period=1849.7
    n=1: R=4.7227e-03 mean=(-1.1843e-03, 4.7315e-15) max|d|=1.5669e-02 rms|d|=4.8689e-03 | flux-weighted: R=1.6806e-03 mean=(-2.0725e-04, 3.3829e-15) <tau>_w=0.9749764152
    ladder vs 1e-12 at n=1: max=1.103e-05 rms=1.633e-06 (both_ok=1024, status_differs=0)
  tol=1e-08  ok=1024/1024 (seed_backflow=0, non_ok_fraction=0.000e+00, ok_with_backflow=134) nfev/streamline-period=1850.9
    n=1: R=4.7223e-03 mean=(-1.1841e-03, 4.8904e-15) max|d|=1.5669e-02 rms|d|=4.8685e-03 | flux-weighted: R=1.6806e-03 mean=(-2.0724e-04, 3.6396e-15) <tau>_w=0.9749768622
    ladder vs 1e-12 at n=1: max=1.485e-05 rms=1.961e-06 (both_ok=1024, status_differs=0)
  tol=1e-10  ok=1024/1024 (seed_backflow=0, non_ok_fraction=0.000e+00, ok_with_backflow=134) nfev/streamline-period=3976.3
    n=1: R=4.7228e-03 mean=(-1.1843e-03, 4.7655e-15) max|d|=1.5668e-02 rms|d|=4.8690e-03 | flux-weighted: R=1.6807e-03 mean=(-2.0726e-04, 3.4332e-15) <tau>_w=0.9749772807
    ladder vs 1e-12 at n=1: max=9.165e-06 rms=8.600e-07 (both_ok=1024, status_differs=0)
  tol=1e-12  ok=1024/1024 (seed_backflow=0, non_ok_fraction=0.000e+00, ok_with_backflow=134) nfev/streamline-period=11803.4
    n=1: R=4.7226e-03 mean=(-1.1842e-03, 4.5674e-15) max|d|=1.5667e-02 rms|d|=4.8688e-03 | flux-weighted: R=1.6806e-03 mean=(-2.0726e-04, 3.3637e-15) <tau>_w=0.9749773242
  round trip (tol=1e-08): eligible=890 backward_ok=890 max=1.569e-05 rms=2.467e-06
  outputs: output_sf30/matched/m_s4_l16_r3002_n256/{summary.json,streamlines.csv,timing.json}  wall 7.50 s
== [matched] m_s4_l16_r3002_n256: exit 0, 11.122 s
== [matched] m_s4_l16_r3003_n128: build/v100-release/closure_gate --field gaussian2d --n 128 --sigma2 4 --ell 0.0625 --seed 3003 --tols 1e-6,1e-8,1e-10,1e-12 --working-tol 1e-8 --out output_sf30/matched/m_s4_l16_r3003_n128
command: build/v100-release/closure_gate --field gaussian2d --n 128 --sigma2 4 --ell 0.0625 --seed 3003 --tols 1e-6,1e-8,1e-10,1e-12 --working-tol 1e-8 --out output_sf30/matched/m_s4_l16_r3003_n128
closure_gate: field=gaussian2d grid=128^3 h=0.0078125 sigma2=4 ell=0.0625 seed=3003 seeds=1024 threads=32
  Y: mean=3.331310e-16 var=4.000000e+00 min=-7.076956e+00 max=6.110580e+00
  x3 control: raw_variance=4.026175e-01 applied_scale=3.151982e+00
  Darcy: mg_levels=6 (coarsest 4^3) pcg_rtol=1.0e-10 max_iter=1000 iterations=(30,30,0) rel_res=(3.23e-14,2.20e-14,0.00e+00) converged=yes
  G=(1.1234940100e+00, 7.2474293658e-02, 1.8931705670e-33) mean_flux=(1.000e+00, 1.873e-16, 1.541e-33) div_max=2.37e-09
  spline gpu-vs-host prefilter rel=3.82e-15  g: min_g1=-5.4595e-02 min|g|=1.4295e-02 max|g|=9.5913e+00 backflow_fraction=2.6245e-03 v_rms=1.6184e+00
  tol=1e-06  ok=1024/1024 (seed_backflow=0, non_ok_fraction=0.000e+00, ok_with_backflow=103) nfev/streamline-period=930.8
    n=1: R=4.7598e-03 mean=(1.0224e-03, -4.8306e-16) max|d|=2.0716e-02 rms|d|=4.8684e-03 | flux-weighted: R=2.4597e-03 mean=(6.1069e-04, -5.9438e-17) <tau>_w=0.9771178095
    ladder vs 1e-12 at n=1: max=6.752e-05 rms=8.585e-06 (both_ok=1024, status_differs=0)
  tol=1e-08  ok=1024/1024 (seed_backflow=0, non_ok_fraction=0.000e+00, ok_with_backflow=103) nfev/streamline-period=1111.4
    n=1: R=4.7607e-03 mean=(1.0219e-03, -4.6360e-16) max|d|=2.0736e-02 rms|d|=4.8692e-03 | flux-weighted: R=2.4600e-03 mean=(6.1052e-04, -5.4876e-17) <tau>_w=0.9771421702
    ladder vs 1e-12 at n=1: max=3.647e-05 rms=4.676e-06 (both_ok=1024, status_differs=0)
  tol=1e-10  ok=1024/1024 (seed_backflow=0, non_ok_fraction=0.000e+00, ok_with_backflow=103) nfev/streamline-period=4080.0
    n=1: R=4.7601e-03 mean=(1.0226e-03, -4.8047e-16) max|d|=2.0724e-02 rms|d|=4.8687e-03 | flux-weighted: R=2.4598e-03 mean=(6.1073e-04, -6.8924e-17) <tau>_w=0.9771447554
    ladder vs 1e-12 at n=1: max=1.621e-06 rms=2.199e-07 (both_ok=1024, status_differs=0)
  tol=1e-12  ok=1024/1024 (seed_backflow=0, non_ok_fraction=0.000e+00, ok_with_backflow=103) nfev/streamline-period=9255.9
    n=1: R=4.7602e-03 mean=(1.0226e-03, -5.5025e-16) max|d|=2.0725e-02 rms|d|=4.8688e-03 | flux-weighted: R=2.4598e-03 mean=(6.1074e-04, -1.9504e-16) <tau>_w=0.9771428852
  round trip (tol=1e-08): eligible=921 backward_ok=921 max=6.364e-05 rms=7.930e-06
  outputs: output_sf30/matched/m_s4_l16_r3003_n128/{summary.json,streamlines.csv,timing.json}  wall 3.12 s
== [matched] m_s4_l16_r3003_n128: exit 0, 6.622 s
== [matched] m_s4_l16_r3003_n256: build/v100-release/closure_gate --field gaussian2d --n 256 --sigma2 4 --ell 0.0625 --seed 3003 --tols 1e-6,1e-8,1e-10,1e-12 --working-tol 1e-8 --out output_sf30/matched/m_s4_l16_r3003_n256
command: build/v100-release/closure_gate --field gaussian2d --n 256 --sigma2 4 --ell 0.0625 --seed 3003 --tols 1e-6,1e-8,1e-10,1e-12 --working-tol 1e-8 --out output_sf30/matched/m_s4_l16_r3003_n256
closure_gate: field=gaussian2d grid=256^3 h=0.00390625 sigma2=4 ell=0.0625 seed=3003 seeds=1024 threads=32
  Y: mean=-2.692320e-15 var=4.000000e+00 min=-7.074333e+00 max=6.120620e+00
  x3 control: raw_variance=4.026175e-01 applied_scale=3.151982e+00
  Darcy: mg_levels=7 (coarsest 4^3) pcg_rtol=1.0e-10 max_iter=1000 iterations=(30,30,0) rel_res=(1.26e-13,8.79e-14,0.00e+00) converged=yes
  G=(1.1188101689e+00, 7.2311174985e-02, -4.8708827911e-34) mean_flux=(1.000e+00, -1.089e-16, -1.566e-32) div_max=1.21e-08
  spline gpu-vs-host prefilter rel=4.45e-15  g: min_g1=-5.4288e-02 min|g|=1.3940e-02 max|g|=9.9445e+00 backflow_fraction=2.6245e-03 v_rms=1.6040e+00
  tol=1e-06  ok=1024/1024 (seed_backflow=0, non_ok_fraction=0.000e+00, ok_with_backflow=102) nfev/streamline-period=1841.3
    n=1: R=1.2851e-03 mean=(2.7632e-04, -5.6537e-16) max|d|=5.8884e-03 rms|d|=1.3145e-03 | flux-weighted: R=6.4107e-04 mean=(1.5906e-04, -7.8056e-16) <tau>_w=0.9996602902
    ladder vs 1e-12 at n=1: max=3.685e-06 rms=5.213e-07 (both_ok=1024, status_differs=0)
  tol=1e-08  ok=1024/1024 (seed_backflow=0, non_ok_fraction=0.000e+00, ok_with_backflow=102) nfev/streamline-period=1842.4
    n=1: R=1.2851e-03 mean=(2.7632e-04, -5.6773e-16) max|d|=5.8884e-03 rms|d|=1.3145e-03 | flux-weighted: R=6.4106e-04 mean=(1.5907e-04, -7.4280e-16) <tau>_w=0.9996598881
    ladder vs 1e-12 at n=1: max=3.677e-06 rms=5.475e-07 (both_ok=1024, status_differs=0)
  tol=1e-10  ok=1024/1024 (seed_backflow=0, non_ok_fraction=0.000e+00, ok_with_backflow=102) nfev/streamline-period=3786.3
    n=1: R=1.2852e-03 mean=(2.7627e-04, -5.4172e-16) max|d|=5.8870e-03 rms|d|=1.3145e-03 | flux-weighted: R=6.4109e-04 mean=(1.5904e-04, -7.5565e-16) <tau>_w=0.9996329278
    ladder vs 1e-12 at n=1: max=1.715e-06 rms=2.314e-07 (both_ok=1024, status_differs=0)
  tol=1e-12  ok=1024/1024 (seed_backflow=0, non_ok_fraction=0.000e+00, ok_with_backflow=102) nfev/streamline-period=11500.1
    n=1: R=1.2852e-03 mean=(2.7633e-04, -5.2018e-16) max|d|=5.8881e-03 rms|d|=1.3146e-03 | flux-weighted: R=6.4110e-04 mean=(1.5906e-04, -7.6194e-16) <tau>_w=0.9996310657
  round trip (tol=1e-08): eligible=922 backward_ok=922 max=5.822e-06 rms=8.314e-07
  outputs: output_sf30/matched/m_s4_l16_r3003_n256/{summary.json,streamlines.csv,timing.json}  wall 7.38 s
== [matched] m_s4_l16_r3003_n256: exit 0, 11.136 s
== [matrix128] g_s025_l8_r3001_n128: build/v100-release/closure_gate --field gaussian --n 128 --sigma2 0.25 --ell 0.125 --seed 3001 --tols 1e-6,1e-8,1e-10,1e-12 --working-tol 1e-8 --out output_sf30/matrix128/g_s025_l8_r3001_n128
command: build/v100-release/closure_gate --field gaussian --n 128 --sigma2 0.25 --ell 0.125 --seed 3001 --tols 1e-6,1e-8,1e-10,1e-12 --working-tol 1e-8 --out output_sf30/matrix128/g_s025_l8_r3001_n128
closure_gate: field=gaussian grid=128^3 h=0.0078125 sigma2=0.25 ell=0.125 seed=3001 seeds=1024 threads=32
  Y: mean=1.321107e-15 var=2.500000e-01 min=-2.069428e+00 max=1.855448e+00
  Darcy: mg_levels=6 (coarsest 4^3) pcg_rtol=1.0e-10 max_iter=1000 iterations=(10,10,10) rel_res=(1.37e-11,1.45e-11,1.07e-11) converged=yes
  G=(9.5295934566e-01, 2.9849492857e-04, 6.0431562363e-03) mean_flux=(1.000e+00, -3.136e-18, 7.085e-18) div_max=2.77e-09
  spline gpu-vs-host prefilter rel=3.30e-15  g: min_g1=4.4012e-01 min|g|=4.4177e-01 max|g|=1.9148e+00 backflow_fraction=0.0000e+00 v_rms=1.0896e+00
  tol=1e-06  ok=1024/1024 (seed_backflow=0, non_ok_fraction=0.000e+00, ok_with_backflow=0) nfev/streamline-period=799.8
    n=1: R=1.2770e-02 mean=(-1.8936e-04, -2.6551e-05) max|d|=3.9175e-02 rms|d|=1.2772e-02 | flux-weighted: R=1.1722e-02 mean=(3.0461e-04, 5.3673e-05) <tau>_w=0.9969949218
    ladder vs 1e-12 at n=1: max=7.551e-08 rms=2.466e-08 (both_ok=1024, status_differs=0)
  tol=1e-08  ok=1024/1024 (seed_backflow=0, non_ok_fraction=0.000e+00, ok_with_backflow=0) nfev/streamline-period=799.8
    n=1: R=1.2770e-02 mean=(-1.8936e-04, -2.6551e-05) max|d|=3.9175e-02 rms|d|=1.2772e-02 | flux-weighted: R=1.1722e-02 mean=(3.0461e-04, 5.3673e-05) <tau>_w=0.9969949218
    ladder vs 1e-12 at n=1: max=7.551e-08 rms=2.466e-08 (both_ok=1024, status_differs=0)
  tol=1e-10  ok=1024/1024 (seed_backflow=0, non_ok_fraction=0.000e+00, ok_with_backflow=0) nfev/streamline-period=853.9
    n=1: R=1.2770e-02 mean=(-1.8936e-04, -2.6550e-05) max|d|=3.9175e-02 rms|d|=1.2772e-02 | flux-weighted: R=1.1722e-02 mean=(3.0461e-04, 5.3674e-05) <tau>_w=0.9969949263
    ladder vs 1e-12 at n=1: max=4.845e-08 rms=1.275e-08 (both_ok=1024, status_differs=0)
  tol=1e-12  ok=1024/1024 (seed_backflow=0, non_ok_fraction=0.000e+00, ok_with_backflow=0) nfev/streamline-period=3651.2
    n=1: R=1.2770e-02 mean=(-1.8936e-04, -2.6551e-05) max|d|=3.9175e-02 rms|d|=1.2772e-02 | flux-weighted: R=1.1722e-02 mean=(3.0461e-04, 5.3673e-05) <tau>_w=0.9969949181
  round trip (tol=1e-08): eligible=1024 backward_ok=1024 max=1.388e-07 rms=3.466e-08
  outputs: output_sf30/matrix128/g_s025_l8_r3001_n128/{summary.json,streamlines.csv,timing.json}  wall 1.76 s
== [matrix128] g_s025_l8_r3001_n128: exit 0, 5.460 s
== [matrix128] g_s025_l8_r3002_n128: build/v100-release/closure_gate --field gaussian --n 128 --sigma2 0.25 --ell 0.125 --seed 3002 --tols 1e-6,1e-8,1e-10,1e-12 --working-tol 1e-8 --out output_sf30/matrix128/g_s025_l8_r3002_n128
command: build/v100-release/closure_gate --field gaussian --n 128 --sigma2 0.25 --ell 0.125 --seed 3002 --tols 1e-6,1e-8,1e-10,1e-12 --working-tol 1e-8 --out output_sf30/matrix128/g_s025_l8_r3002_n128
closure_gate: field=gaussian grid=128^3 h=0.0078125 sigma2=0.25 ell=0.125 seed=3002 seeds=1024 threads=32
  Y: mean=-8.607451e-16 var=2.500000e-01 min=-1.994120e+00 max=1.782901e+00
  Darcy: mg_levels=6 (coarsest 4^3) pcg_rtol=1.0e-10 max_iter=1000 iterations=(10,10,10) rel_res=(9.98e-12,1.21e-11,8.99e-12) converged=yes
  G=(9.6372652533e-01, 3.6471976068e-03, -2.2563930084e-03) mean_flux=(1.000e+00, 2.500e-18, -7.894e-19) div_max=1.63e-09
  spline gpu-vs-host prefilter rel=3.57e-15  g: min_g1=4.4355e-01 min|g|=4.4361e-01 max|g|=1.8331e+00 backflow_fraction=0.0000e+00 v_rms=1.0816e+00
  tol=1e-06  ok=1024/1024 (seed_backflow=0, non_ok_fraction=0.000e+00, ok_with_backflow=0) nfev/streamline-period=801.5
    n=1: R=1.9382e-02 mean=(1.1927e-03, 4.7645e-04) max|d|=4.7623e-02 rms|d|=1.9424e-02 | flux-weighted: R=1.8474e-02 mean=(1.1113e-04, -2.2351e-04) <tau>_w=1.0059101592
    ladder vs 1e-12 at n=1: max=7.253e-08 rms=2.371e-08 (both_ok=1024, status_differs=0)
  tol=1e-08  ok=1024/1024 (seed_backflow=0, non_ok_fraction=0.000e+00, ok_with_backflow=0) nfev/streamline-period=801.5
    n=1: R=1.9382e-02 mean=(1.1927e-03, 4.7645e-04) max|d|=4.7623e-02 rms|d|=1.9424e-02 | flux-weighted: R=1.8474e-02 mean=(1.1113e-04, -2.2351e-04) <tau>_w=1.0059101592
    ladder vs 1e-12 at n=1: max=7.253e-08 rms=2.371e-08 (both_ok=1024, status_differs=0)
  tol=1e-10  ok=1024/1024 (seed_backflow=0, non_ok_fraction=0.000e+00, ok_with_backflow=0) nfev/streamline-period=855.1
    n=1: R=1.9382e-02 mean=(1.1927e-03, 4.7646e-04) max|d|=4.7623e-02 rms|d|=1.9424e-02 | flux-weighted: R=1.8474e-02 mean=(1.1113e-04, -2.2350e-04) <tau>_w=1.0059101641
    ladder vs 1e-12 at n=1: max=4.258e-08 rms=1.212e-08 (both_ok=1024, status_differs=0)
  tol=1e-12  ok=1024/1024 (seed_backflow=0, non_ok_fraction=0.000e+00, ok_with_backflow=0) nfev/streamline-period=3709.3
    n=1: R=1.9382e-02 mean=(1.1927e-03, 4.7646e-04) max|d|=4.7623e-02 rms|d|=1.9424e-02 | flux-weighted: R=1.8474e-02 mean=(1.1113e-04, -2.2350e-04) <tau>_w=1.0059101626
  round trip (tol=1e-08): eligible=1024 backward_ok=1024 max=1.265e-07 rms=3.453e-08
  outputs: output_sf30/matrix128/g_s025_l8_r3002_n128/{summary.json,streamlines.csv,timing.json}  wall 1.86 s
== [matrix128] g_s025_l8_r3002_n128: exit 0, 5.405 s
== [matrix128] g_s025_l8_r3003_n128: build/v100-release/closure_gate --field gaussian --n 128 --sigma2 0.25 --ell 0.125 --seed 3003 --tols 1e-6,1e-8,1e-10,1e-12 --working-tol 1e-8 --out output_sf30/matrix128/g_s025_l8_r3003_n128
command: build/v100-release/closure_gate --field gaussian --n 128 --sigma2 0.25 --ell 0.125 --seed 3003 --tols 1e-6,1e-8,1e-10,1e-12 --working-tol 1e-8 --out output_sf30/matrix128/g_s025_l8_r3003_n128
closure_gate: field=gaussian grid=128^3 h=0.0078125 sigma2=0.25 ell=0.125 seed=3003 seeds=1024 threads=32
  Y: mean=2.993645e-16 var=2.500000e-01 min=-2.134053e+00 max=2.196458e+00
  Darcy: mg_levels=6 (coarsest 4^3) pcg_rtol=1.0e-10 max_iter=1000 iterations=(10,10,10) rel_res=(1.44e-11,1.13e-11,1.66e-11) converged=yes
  G=(9.5864758809e-01, -9.1208540002e-03, -2.0083086454e-03) mean_flux=(1.000e+00, 3.447e-18, 1.906e-19) div_max=5.35e-09
  spline gpu-vs-host prefilter rel=3.68e-15  g: min_g1=3.5814e-01 min|g|=3.7946e-01 max|g|=1.7430e+00 backflow_fraction=0.0000e+00 v_rms=1.0856e+00
  tol=1e-06  ok=1024/1024 (seed_backflow=0, non_ok_fraction=0.000e+00, ok_with_backflow=0) nfev/streamline-period=800.5
    n=1: R=1.5895e-02 mean=(-9.9231e-04, 3.6841e-04) max|d|=4.3028e-02 rms|d|=1.5930e-02 | flux-weighted: R=1.4327e-02 mean=(-3.0014e-04, 2.0808e-04) <tau>_w=0.9905255443
    ladder vs 1e-12 at n=1: max=8.410e-08 rms=2.266e-08 (both_ok=1024, status_differs=0)
  tol=1e-08  ok=1024/1024 (seed_backflow=0, non_ok_fraction=0.000e+00, ok_with_backflow=0) nfev/streamline-period=800.5
    n=1: R=1.5895e-02 mean=(-9.9231e-04, 3.6841e-04) max|d|=4.3028e-02 rms|d|=1.5930e-02 | flux-weighted: R=1.4327e-02 mean=(-3.0014e-04, 2.0808e-04) <tau>_w=0.9905255443
    ladder vs 1e-12 at n=1: max=8.410e-08 rms=2.266e-08 (both_ok=1024, status_differs=0)
  tol=1e-10  ok=1024/1024 (seed_backflow=0, non_ok_fraction=0.000e+00, ok_with_backflow=0) nfev/streamline-period=843.3
    n=1: R=1.5895e-02 mean=(-9.9231e-04, 3.6841e-04) max|d|=4.3028e-02 rms|d|=1.5930e-02 | flux-weighted: R=1.4327e-02 mean=(-3.0014e-04, 2.0809e-04) <tau>_w=0.9905255549
    ladder vs 1e-12 at n=1: max=3.981e-08 rms=1.179e-08 (both_ok=1024, status_differs=0)
  tol=1e-12  ok=1024/1024 (seed_backflow=0, non_ok_fraction=0.000e+00, ok_with_backflow=0) nfev/streamline-period=3577.9
    n=1: R=1.5895e-02 mean=(-9.9232e-04, 3.6841e-04) max|d|=4.3028e-02 rms|d|=1.5930e-02 | flux-weighted: R=1.4327e-02 mean=(-3.0014e-04, 2.0809e-04) <tau>_w=0.9905255385
  round trip (tol=1e-08): eligible=1024 backward_ok=1024 max=1.514e-07 rms=3.281e-08
  outputs: output_sf30/matrix128/g_s025_l8_r3003_n128/{summary.json,streamlines.csv,timing.json}  wall 1.74 s
== [matrix128] g_s025_l8_r3003_n128: exit 0, 5.854 s
== [matrix128] g_s025_l8_r3004_n128: build/v100-release/closure_gate --field gaussian --n 128 --sigma2 0.25 --ell 0.125 --seed 3004 --tols 1e-6,1e-8,1e-10,1e-12 --working-tol 1e-8 --out output_sf30/matrix128/g_s025_l8_r3004_n128
command: build/v100-release/closure_gate --field gaussian --n 128 --sigma2 0.25 --ell 0.125 --seed 3004 --tols 1e-6,1e-8,1e-10,1e-12 --working-tol 1e-8 --out output_sf30/matrix128/g_s025_l8_r3004_n128
closure_gate: field=gaussian grid=128^3 h=0.0078125 sigma2=0.25 ell=0.125 seed=3004 seeds=1024 threads=32
  Y: mean=-5.963502e-16 var=2.500000e-01 min=-1.924365e+00 max=1.989927e+00
  Darcy: mg_levels=6 (coarsest 4^3) pcg_rtol=1.0e-10 max_iter=1000 iterations=(10,10,10) rel_res=(1.27e-11,9.29e-12,1.20e-11) converged=yes
  G=(9.5746035466e-01, 3.6208592632e-03, -1.6522684433e-03) mean_flux=(1.000e+00, 1.889e-18, 9.859e-19) div_max=4.77e-09
  spline gpu-vs-host prefilter rel=3.69e-15  g: min_g1=3.9033e-01 min|g|=3.9325e-01 max|g|=1.8290e+00 backflow_fraction=0.0000e+00 v_rms=1.0906e+00
  tol=1e-06  ok=1024/1024 (seed_backflow=0, non_ok_fraction=0.000e+00, ok_with_backflow=0) nfev/streamline-period=800.8
    n=1: R=1.6585e-02 mean=(-6.4953e-04, -1.8872e-05) max|d|=4.7109e-02 rms|d|=1.6598e-02 | flux-weighted: R=1.5474e-02 mean=(-3.8633e-04, 1.4169e-04) <tau>_w=1.0027364911
    ladder vs 1e-12 at n=1: max=1.118e-07 rms=2.651e-08 (both_ok=1024, status_differs=0)
  tol=1e-08  ok=1024/1024 (seed_backflow=0, non_ok_fraction=0.000e+00, ok_with_backflow=0) nfev/streamline-period=800.8
    n=1: R=1.6585e-02 mean=(-6.4953e-04, -1.8872e-05) max|d|=4.7109e-02 rms|d|=1.6598e-02 | flux-weighted: R=1.5474e-02 mean=(-3.8633e-04, 1.4169e-04) <tau>_w=1.0027364911
    ladder vs 1e-12 at n=1: max=1.118e-07 rms=2.651e-08 (both_ok=1024, status_differs=0)
  tol=1e-10  ok=1024/1024 (seed_backflow=0, non_ok_fraction=0.000e+00, ok_with_backflow=0) nfev/streamline-period=858.5
    n=1: R=1.6585e-02 mean=(-6.4953e-04, -1.8873e-05) max|d|=4.7109e-02 rms|d|=1.6598e-02 | flux-weighted: R=1.5474e-02 mean=(-3.8633e-04, 1.4169e-04) <tau>_w=1.0027365144
    ladder vs 1e-12 at n=1: max=4.841e-08 rms=1.282e-08 (both_ok=1024, status_differs=0)
  tol=1e-12  ok=1024/1024 (seed_backflow=0, non_ok_fraction=0.000e+00, ok_with_backflow=0) nfev/streamline-period=3653.6
    n=1: R=1.6585e-02 mean=(-6.4953e-04, -1.8872e-05) max|d|=4.7109e-02 rms|d|=1.6598e-02 | flux-weighted: R=1.5474e-02 mean=(-3.8632e-04, 1.4169e-04) <tau>_w=1.0027365035
  round trip (tol=1e-08): eligible=1024 backward_ok=1024 max=1.721e-07 rms=3.743e-08
  outputs: output_sf30/matrix128/g_s025_l8_r3004_n128/{summary.json,streamlines.csv,timing.json}  wall 1.72 s
== [matrix128] g_s025_l8_r3004_n128: exit 0, 5.355 s
== [matrix128] g_s025_l8_r3005_n128: build/v100-release/closure_gate --field gaussian --n 128 --sigma2 0.25 --ell 0.125 --seed 3005 --tols 1e-6,1e-8,1e-10,1e-12 --working-tol 1e-8 --out output_sf30/matrix128/g_s025_l8_r3005_n128
command: build/v100-release/closure_gate --field gaussian --n 128 --sigma2 0.25 --ell 0.125 --seed 3005 --tols 1e-6,1e-8,1e-10,1e-12 --working-tol 1e-8 --out output_sf30/matrix128/g_s025_l8_r3005_n128
closure_gate: field=gaussian grid=128^3 h=0.0078125 sigma2=0.25 ell=0.125 seed=3005 seeds=1024 threads=32
  Y: mean=-9.379013e-16 var=2.500000e-01 min=-1.979830e+00 max=2.077701e+00
  Darcy: mg_levels=6 (coarsest 4^3) pcg_rtol=1.0e-10 max_iter=1000 iterations=(10,10,10) rel_res=(1.21e-11,1.32e-11,1.12e-11) converged=yes
  G=(9.5573135122e-01, -8.1316523490e-03, 2.6484067157e-05) mean_flux=(1.000e+00, 2.049e-18, -4.196e-18) div_max=4.13e-09
  spline gpu-vs-host prefilter rel=3.91e-15  g: min_g1=4.1262e-01 min|g|=4.1732e-01 max|g|=1.8831e+00 backflow_fraction=0.0000e+00 v_rms=1.0851e+00
  tol=1e-06  ok=1024/1024 (seed_backflow=0, non_ok_fraction=0.000e+00, ok_with_backflow=0) nfev/streamline-period=800.8
    n=1: R=1.7567e-02 mean=(-5.4839e-05, 9.5655e-04) max|d|=4.1065e-02 rms|d|=1.7593e-02 | flux-weighted: R=1.6643e-02 mean=(-2.6010e-04, -3.8050e-04) <tau>_w=0.9834163932
    ladder vs 1e-12 at n=1: max=1.087e-07 rms=2.368e-08 (both_ok=1024, status_differs=0)
  tol=1e-08  ok=1024/1024 (seed_backflow=0, non_ok_fraction=0.000e+00, ok_with_backflow=0) nfev/streamline-period=800.8
    n=1: R=1.7567e-02 mean=(-5.4839e-05, 9.5655e-04) max|d|=4.1065e-02 rms|d|=1.7593e-02 | flux-weighted: R=1.6643e-02 mean=(-2.6010e-04, -3.8050e-04) <tau>_w=0.9834163932
    ladder vs 1e-12 at n=1: max=1.087e-07 rms=2.368e-08 (both_ok=1024, status_differs=0)
  tol=1e-10  ok=1024/1024 (seed_backflow=0, non_ok_fraction=0.000e+00, ok_with_backflow=0) nfev/streamline-period=846.1
    n=1: R=1.7567e-02 mean=(-5.4840e-05, 9.5655e-04) max|d|=4.1065e-02 rms|d|=1.7593e-02 | flux-weighted: R=1.6643e-02 mean=(-2.6010e-04, -3.8050e-04) <tau>_w=0.9834164030
    ladder vs 1e-12 at n=1: max=4.198e-08 rms=1.197e-08 (both_ok=1024, status_differs=0)
  tol=1e-12  ok=1024/1024 (seed_backflow=0, non_ok_fraction=0.000e+00, ok_with_backflow=0) nfev/streamline-period=3637.4
    n=1: R=1.7567e-02 mean=(-5.4840e-05, 9.5655e-04) max|d|=4.1065e-02 rms|d|=1.7593e-02 | flux-weighted: R=1.6643e-02 mean=(-2.6010e-04, -3.8050e-04) <tau>_w=0.9834163922
  round trip (tol=1e-08): eligible=1024 backward_ok=1024 max=1.355e-07 rms=3.292e-08
  outputs: output_sf30/matrix128/g_s025_l8_r3005_n128/{summary.json,streamlines.csv,timing.json}  wall 1.73 s
== [matrix128] g_s025_l8_r3005_n128: exit 0, 5.138 s
== [matrix128] g_s025_l16_r3001_n128: build/v100-release/closure_gate --field gaussian --n 128 --sigma2 0.25 --ell 0.0625 --seed 3001 --tols 1e-6,1e-8,1e-10,1e-12 --working-tol 1e-8 --out output_sf30/matrix128/g_s025_l16_r3001_n128
command: build/v100-release/closure_gate --field gaussian --n 128 --sigma2 0.25 --ell 0.0625 --seed 3001 --tols 1e-6,1e-8,1e-10,1e-12 --working-tol 1e-8 --out output_sf30/matrix128/g_s025_l16_r3001_n128
closure_gate: field=gaussian grid=128^3 h=0.0078125 sigma2=0.25 ell=0.0625 seed=3001 seeds=1024 threads=32
  Y: mean=3.019443e-16 var=2.500000e-01 min=-2.208662e+00 max=2.500528e+00
  Darcy: mg_levels=6 (coarsest 4^3) pcg_rtol=1.0e-10 max_iter=1000 iterations=(10,10,10) rel_res=(9.91e-12,1.53e-11,1.24e-11) converged=yes
  G=(9.5647749256e-01, -2.4060019300e-04, 2.4889559919e-03) mean_flux=(1.000e+00, 1.785e-18, 2.714e-18) div_max=1.12e-08
  spline gpu-vs-host prefilter rel=3.15e-15  g: min_g1=3.3796e-01 min|g|=3.3841e-01 max|g|=2.0018e+00 backflow_fraction=0.0000e+00 v_rms=1.0875e+00
  tol=1e-06  ok=1024/1024 (seed_backflow=0, non_ok_fraction=0.000e+00, ok_with_backflow=0) nfev/streamline-period=800.5
    n=1: R=1.1541e-02 mean=(1.7657e-04, 2.4918e-04) max|d|=3.5494e-02 rms|d|=1.1545e-02 | flux-weighted: R=1.1030e-02 mean=(-4.4953e-05, 2.5532e-04) <tau>_w=1.0008963695
    ladder vs 1e-12 at n=1: max=6.716e-07 rms=1.641e-07 (both_ok=1024, status_differs=0)
  tol=1e-08  ok=1024/1024 (seed_backflow=0, non_ok_fraction=0.000e+00, ok_with_backflow=0) nfev/streamline-period=800.7
    n=1: R=1.1541e-02 mean=(1.7658e-04, 2.4918e-04) max|d|=3.5494e-02 rms|d|=1.1545e-02 | flux-weighted: R=1.1030e-02 mean=(-4.4955e-05, 2.5532e-04) <tau>_w=1.0008963809
    ladder vs 1e-12 at n=1: max=6.716e-07 rms=1.647e-07 (both_ok=1024, status_differs=0)
  tol=1e-10  ok=1024/1024 (seed_backflow=0, non_ok_fraction=0.000e+00, ok_with_backflow=0) nfev/streamline-period=1907.7
    n=1: R=1.1541e-02 mean=(1.7657e-04, 2.4918e-04) max|d|=3.5494e-02 rms|d|=1.1545e-02 | flux-weighted: R=1.1030e-02 mean=(-4.4956e-05, 2.5531e-04) <tau>_w=1.0008963614
    ladder vs 1e-12 at n=1: max=8.503e-08 rms=1.890e-08 (both_ok=1024, status_differs=0)
  tol=1e-12  ok=1024/1024 (seed_backflow=0, non_ok_fraction=0.000e+00, ok_with_backflow=0) nfev/streamline-period=5036.0
    n=1: R=1.1541e-02 mean=(1.7657e-04, 2.4918e-04) max|d|=3.5494e-02 rms|d|=1.1545e-02 | flux-weighted: R=1.1030e-02 mean=(-4.4955e-05, 2.5531e-04) <tau>_w=1.0008963705
  round trip (tol=1e-08): eligible=1024 backward_ok=1024 max=1.033e-06 rms=2.358e-07
  outputs: output_sf30/matrix128/g_s025_l16_r3001_n128/{summary.json,streamlines.csv,timing.json}  wall 1.76 s
== [matrix128] g_s025_l16_r3001_n128: exit 0, 5.296 s
== [matrix128] g_s025_l16_r3002_n128: build/v100-release/closure_gate --field gaussian --n 128 --sigma2 0.25 --ell 0.0625 --seed 3002 --tols 1e-6,1e-8,1e-10,1e-12 --working-tol 1e-8 --out output_sf30/matrix128/g_s025_l16_r3002_n128
command: build/v100-release/closure_gate --field gaussian --n 128 --sigma2 0.25 --ell 0.0625 --seed 3002 --tols 1e-6,1e-8,1e-10,1e-12 --working-tol 1e-8 --out output_sf30/matrix128/g_s025_l16_r3002_n128
closure_gate: field=gaussian grid=128^3 h=0.0078125 sigma2=0.25 ell=0.0625 seed=3002 seeds=1024 threads=32
  Y: mean=1.779156e-16 var=2.500000e-01 min=-2.506121e+00 max=1.846397e+00
  Darcy: mg_levels=6 (coarsest 4^3) pcg_rtol=1.0e-10 max_iter=1000 iterations=(10,10,10) rel_res=(8.06e-12,8.86e-12,8.94e-12) converged=yes
  G=(9.6126682668e-01, 1.7822781130e-03, -2.3207229655e-04) mean_flux=(1.000e+00, -3.954e-19, -2.101e-19) div_max=5.05e-09
  spline gpu-vs-host prefilter rel=3.59e-15  g: min_g1=3.7680e-01 min|g|=3.7845e-01 max|g|=2.1090e+00 backflow_fraction=0.0000e+00 v_rms=1.0842e+00
  tol=1e-06  ok=1024/1024 (seed_backflow=0, non_ok_fraction=0.000e+00, ok_with_backflow=0) nfev/streamline-period=800.9
    n=1: R=1.3123e-02 mean=(3.0675e-04, 2.9226e-04) max|d|=3.6720e-02 rms|d|=1.3130e-02 | flux-weighted: R=1.2066e-02 mean=(1.9196e-04, 1.3699e-04) <tau>_w=1.0017933916
    ladder vs 1e-12 at n=1: max=5.331e-07 rms=1.506e-07 (both_ok=1024, status_differs=0)
  tol=1e-08  ok=1024/1024 (seed_backflow=0, non_ok_fraction=0.000e+00, ok_with_backflow=0) nfev/streamline-period=801.0
    n=1: R=1.3123e-02 mean=(3.0675e-04, 2.9226e-04) max|d|=3.6720e-02 rms|d|=1.3130e-02 | flux-weighted: R=1.2066e-02 mean=(1.9195e-04, 1.3699e-04) <tau>_w=1.0017934040
    ladder vs 1e-12 at n=1: max=5.366e-07 rms=1.516e-07 (both_ok=1024, status_differs=0)
  tol=1e-10  ok=1024/1024 (seed_backflow=0, non_ok_fraction=0.000e+00, ok_with_backflow=0) nfev/streamline-period=1902.0
    n=1: R=1.3123e-02 mean=(3.0676e-04, 2.9226e-04) max|d|=3.6721e-02 rms|d|=1.3130e-02 | flux-weighted: R=1.2066e-02 mean=(1.9196e-04, 1.3699e-04) <tau>_w=1.0017934148
    ladder vs 1e-12 at n=1: max=6.681e-08 rms=1.920e-08 (both_ok=1024, status_differs=0)
  tol=1e-12  ok=1024/1024 (seed_backflow=0, non_ok_fraction=0.000e+00, ok_with_backflow=0) nfev/streamline-period=5045.0
    n=1: R=1.3123e-02 mean=(3.0676e-04, 2.9226e-04) max|d|=3.6721e-02 rms|d|=1.3130e-02 | flux-weighted: R=1.2066e-02 mean=(1.9196e-04, 1.3699e-04) <tau>_w=1.0017934216
  round trip (tol=1e-08): eligible=1024 backward_ok=1024 max=1.237e-06 rms=2.352e-07
  outputs: output_sf30/matrix128/g_s025_l16_r3002_n128/{summary.json,streamlines.csv,timing.json}  wall 1.78 s
== [matrix128] g_s025_l16_r3002_n128: exit 0, 5.303 s
== [matrix128] g_s025_l16_r3003_n128: build/v100-release/closure_gate --field gaussian --n 128 --sigma2 0.25 --ell 0.0625 --seed 3003 --tols 1e-6,1e-8,1e-10,1e-12 --working-tol 1e-8 --out output_sf30/matrix128/g_s025_l16_r3003_n128
command: build/v100-release/closure_gate --field gaussian --n 128 --sigma2 0.25 --ell 0.0625 --seed 3003 --tols 1e-6,1e-8,1e-10,1e-12 --working-tol 1e-8 --out output_sf30/matrix128/g_s025_l16_r3003_n128
closure_gate: field=gaussian grid=128^3 h=0.0078125 sigma2=0.25 ell=0.0625 seed=3003 seeds=1024 threads=32
  Y: mean=3.504232e-16 var=2.500000e-01 min=-2.257688e+00 max=1.956373e+00
  Darcy: mg_levels=6 (coarsest 4^3) pcg_rtol=1.0e-10 max_iter=1000 iterations=(10,10,10) rel_res=(1.15e-11,1.16e-11,1.36e-11) converged=yes
  G=(9.5828000177e-01, -1.7634304510e-03, -2.7843133207e-04) mean_flux=(1.000e+00, 2.030e-19, -3.205e-18) div_max=3.98e-09
  spline gpu-vs-host prefilter rel=2.59e-15  g: min_g1=3.7927e-01 min|g|=3.8208e-01 max|g|=2.1250e+00 backflow_fraction=0.0000e+00 v_rms=1.0878e+00
  tol=1e-06  ok=1024/1024 (seed_backflow=0, non_ok_fraction=0.000e+00, ok_with_backflow=0) nfev/streamline-period=801.2
    n=1: R=1.2598e-02 mean=(-2.3074e-05, 2.4210e-04) max|d|=3.6445e-02 rms|d|=1.2600e-02 | flux-weighted: R=1.1742e-02 mean=(1.1773e-04, -1.9506e-04) <tau>_w=0.9932421528
    ladder vs 1e-12 at n=1: max=5.068e-07 rms=1.449e-07 (both_ok=1024, status_differs=0)
  tol=1e-08  ok=1024/1024 (seed_backflow=0, non_ok_fraction=0.000e+00, ok_with_backflow=0) nfev/streamline-period=801.3
    n=1: R=1.2598e-02 mean=(-2.3070e-05, 2.4209e-04) max|d|=3.6445e-02 rms|d|=1.2600e-02 | flux-weighted: R=1.1742e-02 mean=(1.1773e-04, -1.9506e-04) <tau>_w=0.9932421354
    ladder vs 1e-12 at n=1: max=5.033e-07 rms=1.442e-07 (both_ok=1024, status_differs=0)
  tol=1e-10  ok=1024/1024 (seed_backflow=0, non_ok_fraction=0.000e+00, ok_with_backflow=0) nfev/streamline-period=1879.3
    n=1: R=1.2598e-02 mean=(-2.3071e-05, 2.4210e-04) max|d|=3.6445e-02 rms|d|=1.2600e-02 | flux-weighted: R=1.1742e-02 mean=(1.1773e-04, -1.9506e-04) <tau>_w=0.9932421199
    ladder vs 1e-12 at n=1: max=7.168e-08 rms=1.814e-08 (both_ok=1024, status_differs=0)
  tol=1e-12  ok=1024/1024 (seed_backflow=0, non_ok_fraction=0.000e+00, ok_with_backflow=0) nfev/streamline-period=5005.7
    n=1: R=1.2598e-02 mean=(-2.3070e-05, 2.4210e-04) max|d|=3.6445e-02 rms|d|=1.2600e-02 | flux-weighted: R=1.1742e-02 mean=(1.1773e-04, -1.9506e-04) <tau>_w=0.9932421148
  round trip (tol=1e-08): eligible=1024 backward_ok=1024 max=8.232e-07 rms=2.082e-07
  outputs: output_sf30/matrix128/g_s025_l16_r3003_n128/{summary.json,streamlines.csv,timing.json}  wall 1.77 s
== [matrix128] g_s025_l16_r3003_n128: exit 0, 5.334 s
== [matrix128] g_s025_l16_r3004_n128: build/v100-release/closure_gate --field gaussian --n 128 --sigma2 0.25 --ell 0.0625 --seed 3004 --tols 1e-6,1e-8,1e-10,1e-12 --working-tol 1e-8 --out output_sf30/matrix128/g_s025_l16_r3004_n128
command: build/v100-release/closure_gate --field gaussian --n 128 --sigma2 0.25 --ell 0.0625 --seed 3004 --tols 1e-6,1e-8,1e-10,1e-12 --working-tol 1e-8 --out output_sf30/matrix128/g_s025_l16_r3004_n128
closure_gate: field=gaussian grid=128^3 h=0.0078125 sigma2=0.25 ell=0.0625 seed=3004 seeds=1024 threads=32
  Y: mean=-3.899167e-17 var=2.500000e-01 min=-2.022155e+00 max=2.153912e+00
  Darcy: mg_levels=6 (coarsest 4^3) pcg_rtol=1.0e-10 max_iter=1000 iterations=(10,10,10) rel_res=(1.14e-11,1.14e-11,1.36e-11) converged=yes
  G=(9.5982112142e-01, 1.7846028323e-03, 7.1211053910e-04) mean_flux=(1.000e+00, -3.818e-18, -2.037e-18) div_max=6.62e-09
  spline gpu-vs-host prefilter rel=3.33e-15  g: min_g1=3.3306e-01 min|g|=3.4339e-01 max|g|=2.0069e+00 backflow_fraction=0.0000e+00 v_rms=1.0869e+00
  tol=1e-06  ok=1024/1024 (seed_backflow=0, non_ok_fraction=0.000e+00, ok_with_backflow=0) nfev/streamline-period=801.1
    n=1: R=1.3312e-02 mean=(-3.5068e-04, 2.8676e-04) max|d|=4.3346e-02 rms|d|=1.3320e-02 | flux-weighted: R=1.2426e-02 mean=(4.5762e-05, 5.5218e-05) <tau>_w=1.0047665313
    ladder vs 1e-12 at n=1: max=5.791e-07 rms=1.492e-07 (both_ok=1024, status_differs=0)
  tol=1e-08  ok=1024/1024 (seed_backflow=0, non_ok_fraction=0.000e+00, ok_with_backflow=0) nfev/streamline-period=801.2
    n=1: R=1.3312e-02 mean=(-3.5068e-04, 2.8676e-04) max|d|=4.3346e-02 rms|d|=1.3320e-02 | flux-weighted: R=1.2426e-02 mean=(4.5763e-05, 5.5218e-05) <tau>_w=1.0047665498
    ladder vs 1e-12 at n=1: max=5.791e-07 rms=1.499e-07 (both_ok=1024, status_differs=0)
  tol=1e-10  ok=1024/1024 (seed_backflow=0, non_ok_fraction=0.000e+00, ok_with_backflow=0) nfev/streamline-period=1888.9
    n=1: R=1.3312e-02 mean=(-3.5067e-04, 2.8676e-04) max|d|=4.3346e-02 rms|d|=1.3320e-02 | flux-weighted: R=1.2426e-02 mean=(4.5766e-05, 5.5219e-05) <tau>_w=1.0047665264
    ladder vs 1e-12 at n=1: max=6.346e-08 rms=1.892e-08 (both_ok=1024, status_differs=0)
  tol=1e-12  ok=1024/1024 (seed_backflow=0, non_ok_fraction=0.000e+00, ok_with_backflow=0) nfev/streamline-period=5039.2
    n=1: R=1.3312e-02 mean=(-3.5067e-04, 2.8676e-04) max|d|=4.3346e-02 rms|d|=1.3320e-02 | flux-weighted: R=1.2426e-02 mean=(4.5766e-05, 5.5220e-05) <tau>_w=1.0047665277
  round trip (tol=1e-08): eligible=1024 backward_ok=1024 max=9.765e-07 rms=2.118e-07
  outputs: output_sf30/matrix128/g_s025_l16_r3004_n128/{summary.json,streamlines.csv,timing.json}  wall 1.77 s
== [matrix128] g_s025_l16_r3004_n128: exit 0, 5.196 s
== [matrix128] g_s025_l16_r3005_n128: build/v100-release/closure_gate --field gaussian --n 128 --sigma2 0.25 --ell 0.0625 --seed 3005 --tols 1e-6,1e-8,1e-10,1e-12 --working-tol 1e-8 --out output_sf30/matrix128/g_s025_l16_r3005_n128
command: build/v100-release/closure_gate --field gaussian --n 128 --sigma2 0.25 --ell 0.0625 --seed 3005 --tols 1e-6,1e-8,1e-10,1e-12 --working-tol 1e-8 --out output_sf30/matrix128/g_s025_l16_r3005_n128
closure_gate: field=gaussian grid=128^3 h=0.0078125 sigma2=0.25 ell=0.0625 seed=3005 seeds=1024 threads=32
  Y: mean=-8.192852e-17 var=2.500000e-01 min=-2.258804e+00 max=2.573567e+00
  Darcy: mg_levels=6 (coarsest 4^3) pcg_rtol=1.0e-10 max_iter=1000 iterations=(10,10,10) rel_res=(2.43e-11,3.12e-11,2.79e-11) converged=yes
  G=(9.5740603863e-01, -6.8112200844e-03, 1.7783533272e-03) mean_flux=(1.000e+00, 2.659e-18, 1.249e-18) div_max=1.97e-08
  spline gpu-vs-host prefilter rel=2.94e-15  g: min_g1=3.7459e-01 min|g|=3.7748e-01 max|g|=1.9586e+00 backflow_fraction=0.0000e+00 v_rms=1.0899e+00
  tol=1e-06  ok=1024/1024 (seed_backflow=0, non_ok_fraction=0.000e+00, ok_with_backflow=0) nfev/streamline-period=801.0
    n=1: R=1.2656e-02 mean=(3.9114e-04, 6.3241e-05) max|d|=4.5348e-02 rms|d|=1.2662e-02 | flux-weighted: R=1.1980e-02 mean=(2.0679e-04, -4.7164e-04) <tau>_w=0.9788173698
    ladder vs 1e-12 at n=1: max=6.547e-07 rms=1.535e-07 (both_ok=1024, status_differs=0)
  tol=1e-08  ok=1024/1024 (seed_backflow=0, non_ok_fraction=0.000e+00, ok_with_backflow=0) nfev/streamline-period=801.1
    n=1: R=1.2656e-02 mean=(3.9114e-04, 6.3240e-05) max|d|=4.5348e-02 rms|d|=1.2662e-02 | flux-weighted: R=1.1980e-02 mean=(2.0679e-04, -4.7164e-04) <tau>_w=0.9788173578
    ladder vs 1e-12 at n=1: max=7.530e-07 rms=1.537e-07 (both_ok=1024, status_differs=0)
  tol=1e-10  ok=1024/1024 (seed_backflow=0, non_ok_fraction=0.000e+00, ok_with_backflow=0) nfev/streamline-period=1869.8
    n=1: R=1.2656e-02 mean=(3.9115e-04, 6.3239e-05) max|d|=4.5348e-02 rms|d|=1.2662e-02 | flux-weighted: R=1.1980e-02 mean=(2.0679e-04, -4.7164e-04) <tau>_w=0.9788173383
    ladder vs 1e-12 at n=1: max=6.511e-08 rms=1.908e-08 (both_ok=1024, status_differs=0)
  tol=1e-12  ok=1024/1024 (seed_backflow=0, non_ok_fraction=0.000e+00, ok_with_backflow=0) nfev/streamline-period=5029.6
    n=1: R=1.2656e-02 mean=(3.9115e-04, 6.3239e-05) max|d|=4.5348e-02 rms|d|=1.2662e-02 | flux-weighted: R=1.1980e-02 mean=(2.0679e-04, -4.7164e-04) <tau>_w=0.9788173509
  round trip (tol=1e-08): eligible=1024 backward_ok=1024 max=1.045e-06 rms=2.139e-07
  outputs: output_sf30/matrix128/g_s025_l16_r3005_n128/{summary.json,streamlines.csv,timing.json}  wall 1.77 s
== [matrix128] g_s025_l16_r3005_n128: exit 0, 5.179 s
== [matrix128] g_s1_l8_r3001_n128: build/v100-release/closure_gate --field gaussian --n 128 --sigma2 1 --ell 0.125 --seed 3001 --tols 1e-6,1e-8,1e-10,1e-12 --working-tol 1e-8 --out output_sf30/matrix128/g_s1_l8_r3001_n128
command: build/v100-release/closure_gate --field gaussian --n 128 --sigma2 1 --ell 0.125 --seed 3001 --tols 1e-6,1e-8,1e-10,1e-12 --working-tol 1e-8 --out output_sf30/matrix128/g_s1_l8_r3001_n128
closure_gate: field=gaussian grid=128^3 h=0.0078125 sigma2=1 ell=0.125 seed=3001 seeds=1024 threads=32
  Y: mean=2.642214e-15 var=1.000000e+00 min=-4.138855e+00 max=3.710897e+00
  Darcy: mg_levels=6 (coarsest 4^3) pcg_rtol=1.0e-10 max_iter=1000 iterations=(20,20,20) rel_res=(4.00e-14,3.83e-14,3.40e-14) converged=yes
  G=(8.3023212173e-01, -3.8717167593e-03, 2.2457154958e-02) mean_flux=(1.000e+00, -1.728e-18, 8.308e-18) div_max=3.96e-11
  spline gpu-vs-host prefilter rel=3.09e-15  g: min_g1=1.4304e-01 min|g|=1.4794e-01 max|g|=2.8264e+00 backflow_fraction=0.0000e+00 v_rms=1.3622e+00
  tol=1e-06  ok=1024/1024 (seed_backflow=0, non_ok_fraction=0.000e+00, ok_with_backflow=0) nfev/streamline-period=833.2
    n=1: R=5.3139e-02 mean=(-4.1364e-03, -4.7725e-04) max|d|=1.5248e-01 rms|d|=5.3302e-02 | flux-weighted: R=4.2167e-02 mean=(8.1644e-04, 6.2208e-04) <tau>_w=0.9886453690
    ladder vs 1e-12 at n=1: max=4.794e-07 rms=8.546e-08 (both_ok=1024, status_differs=0)
  tol=1e-08  ok=1024/1024 (seed_backflow=0, non_ok_fraction=0.000e+00, ok_with_backflow=0) nfev/streamline-period=833.2
    n=1: R=5.3139e-02 mean=(-4.1364e-03, -4.7725e-04) max|d|=1.5248e-01 rms|d|=5.3302e-02 | flux-weighted: R=4.2167e-02 mean=(8.1644e-04, 6.2208e-04) <tau>_w=0.9886453695
    ladder vs 1e-12 at n=1: max=4.794e-07 rms=8.546e-08 (both_ok=1024, status_differs=0)
  tol=1e-10  ok=1024/1024 (seed_backflow=0, non_ok_fraction=0.000e+00, ok_with_backflow=0) nfev/streamline-period=1332.2
    n=1: R=5.3139e-02 mean=(-4.1364e-03, -4.7724e-04) max|d|=1.5248e-01 rms|d|=5.3302e-02 | flux-weighted: R=4.2167e-02 mean=(8.1644e-04, 6.2209e-04) <tau>_w=0.9886453315
    ladder vs 1e-12 at n=1: max=1.805e-07 rms=2.629e-08 (both_ok=1024, status_differs=0)
  tol=1e-12  ok=1024/1024 (seed_backflow=0, non_ok_fraction=0.000e+00, ok_with_backflow=0) nfev/streamline-period=4654.6
    n=1: R=5.3139e-02 mean=(-4.1364e-03, -4.7724e-04) max|d|=1.5248e-01 rms|d|=5.3302e-02 | flux-weighted: R=4.2167e-02 mean=(8.1644e-04, 6.2208e-04) <tau>_w=0.9886453442
  round trip (tol=1e-08): eligible=1024 backward_ok=1024 max=9.709e-07 rms=1.322e-07
  outputs: output_sf30/matrix128/g_s1_l8_r3001_n128/{summary.json,streamlines.csv,timing.json}  wall 2.98 s
== [matrix128] g_s1_l8_r3001_n128: exit 0, 6.318 s
== [matrix128] g_s1_l8_r3002_n128: build/v100-release/closure_gate --field gaussian --n 128 --sigma2 1 --ell 0.125 --seed 3002 --tols 1e-6,1e-8,1e-10,1e-12 --working-tol 1e-8 --out output_sf30/matrix128/g_s1_l8_r3002_n128
command: build/v100-release/closure_gate --field gaussian --n 128 --sigma2 1 --ell 0.125 --seed 3002 --tols 1e-6,1e-8,1e-10,1e-12 --working-tol 1e-8 --out output_sf30/matrix128/g_s1_l8_r3002_n128
closure_gate: field=gaussian grid=128^3 h=0.0078125 sigma2=1 ell=0.125 seed=3002 seeds=1024 threads=32
  Y: mean=-1.721490e-15 var=1.000000e+00 min=-3.988241e+00 max=3.565803e+00
  Darcy: mg_levels=6 (coarsest 4^3) pcg_rtol=1.0e-10 max_iter=1000 iterations=(20,20,20) rel_res=(4.64e-14,4.26e-14,4.60e-14) converged=yes
  G=(8.6241370586e-01, 1.7223092508e-02, -1.0890137503e-03) mean_flux=(1.000e+00, 8.644e-18, 6.261e-18) div_max=5.70e-11
  spline gpu-vs-host prefilter rel=3.86e-15  g: min_g1=1.5333e-01 min|g|=1.5340e-01 max|g|=2.6762e+00 backflow_fraction=0.0000e+00 v_rms=1.3408e+00
  tol=1e-06  ok=1024/1024 (seed_backflow=0, non_ok_fraction=0.000e+00, ok_with_backflow=0) nfev/streamline-period=837.5
    n=1: R=8.1942e-02 mean=(1.0935e-02, 2.7478e-03) max|d|=2.1629e-01 rms|d|=8.2714e-02 | flux-weighted: R=7.4309e-02 mean=(7.1434e-04, -7.7305e-04) <tau>_w=1.0113768842
    ladder vs 1e-12 at n=1: max=4.279e-07 rms=7.313e-08 (both_ok=1024, status_differs=0)
  tol=1e-08  ok=1024/1024 (seed_backflow=0, non_ok_fraction=0.000e+00, ok_with_backflow=0) nfev/streamline-period=837.5
    n=1: R=8.1942e-02 mean=(1.0935e-02, 2.7478e-03) max|d|=2.1629e-01 rms|d|=8.2714e-02 | flux-weighted: R=7.4309e-02 mean=(7.1434e-04, -7.7305e-04) <tau>_w=1.0113768830
    ladder vs 1e-12 at n=1: max=4.279e-07 rms=7.328e-08 (both_ok=1024, status_differs=0)
  tol=1e-10  ok=1024/1024 (seed_backflow=0, non_ok_fraction=0.000e+00, ok_with_backflow=0) nfev/streamline-period=1299.7
    n=1: R=8.1942e-02 mean=(1.0935e-02, 2.7478e-03) max|d|=2.1629e-01 rms|d|=8.2714e-02 | flux-weighted: R=7.4309e-02 mean=(7.1434e-04, -7.7306e-04) <tau>_w=1.0113768682
    ladder vs 1e-12 at n=1: max=2.006e-07 rms=2.731e-08 (both_ok=1024, status_differs=0)
  tol=1e-12  ok=1024/1024 (seed_backflow=0, non_ok_fraction=0.000e+00, ok_with_backflow=0) nfev/streamline-period=4691.9
    n=1: R=8.1942e-02 mean=(1.0935e-02, 2.7478e-03) max|d|=2.1629e-01 rms|d|=8.2714e-02 | flux-weighted: R=7.4309e-02 mean=(7.1434e-04, -7.7305e-04) <tau>_w=1.0113768816
  round trip (tol=1e-08): eligible=1024 backward_ok=1024 max=6.312e-07 rms=1.109e-07
  outputs: output_sf30/matrix128/g_s1_l8_r3002_n128/{summary.json,streamlines.csv,timing.json}  wall 2.97 s
== [matrix128] g_s1_l8_r3002_n128: exit 0, 6.232 s
== [matrix128] g_s1_l8_r3003_n128: build/v100-release/closure_gate --field gaussian --n 128 --sigma2 1 --ell 0.125 --seed 3003 --tols 1e-6,1e-8,1e-10,1e-12 --working-tol 1e-8 --out output_sf30/matrix128/g_s1_l8_r3003_n128
command: build/v100-release/closure_gate --field gaussian --n 128 --sigma2 1 --ell 0.125 --seed 3003 --tols 1e-6,1e-8,1e-10,1e-12 --working-tol 1e-8 --out output_sf30/matrix128/g_s1_l8_r3003_n128
closure_gate: field=gaussian grid=128^3 h=0.0078125 sigma2=1 ell=0.125 seed=3003 seeds=1024 threads=32
  Y: mean=5.987291e-16 var=1.000000e+00 min=-4.268105e+00 max=4.392915e+00
  Darcy: mg_levels=6 (coarsest 4^3) pcg_rtol=1.0e-10 max_iter=1000 iterations=(20,20,20) rel_res=(4.28e-14,3.21e-14,2.98e-14) converged=yes
  G=(8.4386349413e-01, -3.1139859736e-02, -4.6425883251e-03) mean_flux=(1.000e+00, -3.763e-18, 1.626e-19) div_max=7.46e-11
  spline gpu-vs-host prefilter rel=3.33e-15  g: min_g1=8.9833e-02 min|g|=1.1081e-01 max|g|=2.4973e+00 backflow_fraction=0.0000e+00 v_rms=1.3618e+00
  tol=1e-06  ok=1024/1024 (seed_backflow=0, non_ok_fraction=0.000e+00, ok_with_backflow=0) nfev/streamline-period=835.4
    n=1: R=6.6044e-02 mean=(-3.7025e-03, -2.2908e-03) max|d|=1.9465e-01 rms|d|=6.6187e-02 | flux-weighted: R=5.2168e-02 mean=(-1.0483e-03, 7.5961e-04) <tau>_w=0.9742546032
    ladder vs 1e-12 at n=1: max=9.351e-07 rms=7.415e-08 (both_ok=1024, status_differs=0)
  tol=1e-08  ok=1024/1024 (seed_backflow=0, non_ok_fraction=0.000e+00, ok_with_backflow=0) nfev/streamline-period=835.4
    n=1: R=6.6044e-02 mean=(-3.7025e-03, -2.2908e-03) max|d|=1.9465e-01 rms|d|=6.6187e-02 | flux-weighted: R=5.2168e-02 mean=(-1.0483e-03, 7.5961e-04) <tau>_w=0.9742546029
    ladder vs 1e-12 at n=1: max=9.351e-07 rms=7.412e-08 (both_ok=1024, status_differs=0)
  tol=1e-10  ok=1024/1024 (seed_backflow=0, non_ok_fraction=0.000e+00, ok_with_backflow=0) nfev/streamline-period=1262.7
    n=1: R=6.6044e-02 mean=(-3.7025e-03, -2.2908e-03) max|d|=1.9465e-01 rms|d|=6.6187e-02 | flux-weighted: R=5.2168e-02 mean=(-1.0483e-03, 7.5961e-04) <tau>_w=0.9742545995
    ladder vs 1e-12 at n=1: max=1.410e-07 rms=2.521e-08 (both_ok=1024, status_differs=0)
  tol=1e-12  ok=1024/1024 (seed_backflow=0, non_ok_fraction=0.000e+00, ok_with_backflow=0) nfev/streamline-period=4544.5
    n=1: R=6.6044e-02 mean=(-3.7025e-03, -2.2908e-03) max|d|=1.9465e-01 rms|d|=6.6187e-02 | flux-weighted: R=5.2168e-02 mean=(-1.0483e-03, 7.5961e-04) <tau>_w=0.9742546018
  round trip (tol=1e-08): eligible=1024 backward_ok=1024 max=7.745e-07 rms=1.212e-07
  outputs: output_sf30/matrix128/g_s1_l8_r3003_n128/{summary.json,streamlines.csv,timing.json}  wall 2.96 s
== [matrix128] g_s1_l8_r3003_n128: exit 0, 6.552 s
== [matrix128] g_s1_l8_r3004_n128: build/v100-release/closure_gate --field gaussian --n 128 --sigma2 1 --ell 0.125 --seed 3004 --tols 1e-6,1e-8,1e-10,1e-12 --working-tol 1e-8 --out output_sf30/matrix128/g_s1_l8_r3004_n128
command: build/v100-release/closure_gate --field gaussian --n 128 --sigma2 1 --ell 0.125 --seed 3004 --tols 1e-6,1e-8,1e-10,1e-12 --working-tol 1e-8 --out output_sf30/matrix128/g_s1_l8_r3004_n128
closure_gate: field=gaussian grid=128^3 h=0.0078125 sigma2=1 ell=0.125 seed=3004 seeds=1024 threads=32
  Y: mean=-1.192700e-15 var=1.000000e+00 min=-3.848730e+00 max=3.979854e+00
  Darcy: mg_levels=6 (coarsest 4^3) pcg_rtol=1.0e-10 max_iter=1000 iterations=(20,20,20) rel_res=(4.30e-14,3.28e-14,4.25e-14) converged=yes
  G=(8.4213187024e-01, 1.3152699031e-02, -9.0296796924e-03) mean_flux=(1.000e+00, -6.217e-18, -3.768e-18) div_max=1.19e-10
  spline gpu-vs-host prefilter rel=3.56e-15  g: min_g1=1.1163e-01 min|g|=1.1629e-01 max|g|=2.6960e+00 backflow_fraction=0.0000e+00 v_rms=1.3937e+00
  tol=1e-06  ok=1024/1024 (seed_backflow=0, non_ok_fraction=0.000e+00, ok_with_backflow=0) nfev/streamline-period=838.3
    n=1: R=6.8662e-02 mean=(-5.3448e-03, -1.3701e-03) max|d|=1.9576e-01 rms|d|=6.8883e-02 | flux-weighted: R=5.7227e-02 mean=(-1.5111e-03, 7.2098e-04) <tau>_w=1.0032826569
    ladder vs 1e-12 at n=1: max=8.154e-07 rms=8.884e-08 (both_ok=1024, status_differs=0)
  tol=1e-08  ok=1024/1024 (seed_backflow=0, non_ok_fraction=0.000e+00, ok_with_backflow=0) nfev/streamline-period=838.4
    n=1: R=6.8662e-02 mean=(-5.3448e-03, -1.3701e-03) max|d|=1.9576e-01 rms|d|=6.8883e-02 | flux-weighted: R=5.7227e-02 mean=(-1.5111e-03, 7.2098e-04) <tau>_w=1.0032826564
    ladder vs 1e-12 at n=1: max=8.154e-07 rms=8.910e-08 (both_ok=1024, status_differs=0)
  tol=1e-10  ok=1024/1024 (seed_backflow=0, non_ok_fraction=0.000e+00, ok_with_backflow=0) nfev/streamline-period=1337.1
    n=1: R=6.8662e-02 mean=(-5.3448e-03, -1.3701e-03) max|d|=1.9576e-01 rms|d|=6.8883e-02 | flux-weighted: R=5.7227e-02 mean=(-1.5111e-03, 7.2098e-04) <tau>_w=1.0032825998
    ladder vs 1e-12 at n=1: max=1.606e-07 rms=2.620e-08 (both_ok=1024, status_differs=0)
  tol=1e-12  ok=1024/1024 (seed_backflow=0, non_ok_fraction=0.000e+00, ok_with_backflow=0) nfev/streamline-period=4676.3
    n=1: R=6.8662e-02 mean=(-5.3448e-03, -1.3701e-03) max|d|=1.9576e-01 rms|d|=6.8883e-02 | flux-weighted: R=5.7227e-02 mean=(-1.5111e-03, 7.2098e-04) <tau>_w=1.0032826001
  round trip (tol=1e-08): eligible=1024 backward_ok=1024 max=1.238e-06 rms=1.277e-07
  outputs: output_sf30/matrix128/g_s1_l8_r3004_n128/{summary.json,streamlines.csv,timing.json}  wall 2.97 s
== [matrix128] g_s1_l8_r3004_n128: exit 0, 6.483 s
== [matrix128] g_s1_l8_r3005_n128: build/v100-release/closure_gate --field gaussian --n 128 --sigma2 1 --ell 0.125 --seed 3005 --tols 1e-6,1e-8,1e-10,1e-12 --working-tol 1e-8 --out output_sf30/matrix128/g_s1_l8_r3005_n128
command: build/v100-release/closure_gate --field gaussian --n 128 --sigma2 1 --ell 0.125 --seed 3005 --tols 1e-6,1e-8,1e-10,1e-12 --working-tol 1e-8 --out output_sf30/matrix128/g_s1_l8_r3005_n128
closure_gate: field=gaussian grid=128^3 h=0.0078125 sigma2=1 ell=0.125 seed=3005 seeds=1024 threads=32
  Y: mean=-1.875803e-15 var=1.000000e+00 min=-3.959661e+00 max=4.155402e+00
  Darcy: mg_levels=6 (coarsest 4^3) pcg_rtol=1.0e-10 max_iter=1000 iterations=(20,20,20) rel_res=(5.82e-14,4.16e-14,3.26e-14) converged=yes
  G=(8.3919748028e-01, -2.6637711898e-02, 2.0337493241e-03) mean_flux=(1.000e+00, -2.483e-18, 3.639e-18) div_max=1.69e-10
  spline gpu-vs-host prefilter rel=4.02e-15  g: min_g1=1.3867e-01 min|g|=1.4910e-01 max|g|=2.8158e+00 backflow_fraction=0.0000e+00 v_rms=1.3535e+00
  tol=1e-06  ok=1024/1024 (seed_backflow=0, non_ok_fraction=0.000e+00, ok_with_backflow=0) nfev/streamline-period=836.5
    n=1: R=7.2196e-02 mean=(2.8859e-03, 6.6645e-03) max|d|=1.8534e-01 rms|d|=7.2561e-02 | flux-weighted: R=6.3069e-02 mean=(-5.7911e-04, -1.4607e-03) <tau>_w=0.9713684540
    ladder vs 1e-12 at n=1: max=2.999e-07 rms=6.193e-08 (both_ok=1024, status_differs=0)
  tol=1e-08  ok=1024/1024 (seed_backflow=0, non_ok_fraction=0.000e+00, ok_with_backflow=0) nfev/streamline-period=836.5
    n=1: R=7.2196e-02 mean=(2.8859e-03, 6.6645e-03) max|d|=1.8534e-01 rms|d|=7.2561e-02 | flux-weighted: R=6.3069e-02 mean=(-5.7911e-04, -1.4607e-03) <tau>_w=0.9713684540
    ladder vs 1e-12 at n=1: max=2.999e-07 rms=6.193e-08 (both_ok=1024, status_differs=0)
  tol=1e-10  ok=1024/1024 (seed_backflow=0, non_ok_fraction=0.000e+00, ok_with_backflow=0) nfev/streamline-period=1261.4
    n=1: R=7.2196e-02 mean=(2.8860e-03, 6.6645e-03) max|d|=1.8534e-01 rms|d|=7.2561e-02 | flux-weighted: R=6.3069e-02 mean=(-5.7911e-04, -1.4607e-03) <tau>_w=0.9713684579
    ladder vs 1e-12 at n=1: max=1.383e-07 rms=2.375e-08 (both_ok=1024, status_differs=0)
  tol=1e-12  ok=1024/1024 (seed_backflow=0, non_ok_fraction=0.000e+00, ok_with_backflow=0) nfev/streamline-period=4561.6
    n=1: R=7.2196e-02 mean=(2.8860e-03, 6.6645e-03) max|d|=1.8534e-01 rms|d|=7.2561e-02 | flux-weighted: R=6.3069e-02 mean=(-5.7911e-04, -1.4607e-03) <tau>_w=0.9713684659
  round trip (tol=1e-08): eligible=1024 backward_ok=1024 max=5.176e-07 rms=9.144e-08
  outputs: output_sf30/matrix128/g_s1_l8_r3005_n128/{summary.json,streamlines.csv,timing.json}  wall 2.97 s
== [matrix128] g_s1_l8_r3005_n128: exit 0, 6.422 s
== [matrix128] g_s1_l16_r3001_n128: build/v100-release/closure_gate --field gaussian --n 128 --sigma2 1 --ell 0.0625 --seed 3001 --tols 1e-6,1e-8,1e-10,1e-12 --working-tol 1e-8 --out output_sf30/matrix128/g_s1_l16_r3001_n128
command: build/v100-release/closure_gate --field gaussian --n 128 --sigma2 1 --ell 0.0625 --seed 3001 --tols 1e-6,1e-8,1e-10,1e-12 --working-tol 1e-8 --out output_sf30/matrix128/g_s1_l16_r3001_n128
closure_gate: field=gaussian grid=128^3 h=0.0078125 sigma2=1 ell=0.0625 seed=3001 seeds=1024 threads=32
  Y: mean=6.038885e-16 var=1.000000e+00 min=-4.417324e+00 max=5.001056e+00
  Darcy: mg_levels=6 (coarsest 4^3) pcg_rtol=1.0e-10 max_iter=1000 iterations=(20,20,20) rel_res=(1.29e-14,1.45e-14,1.44e-14) converged=yes
  G=(8.4113060013e-01, -2.0464618488e-03, 8.9921434205e-03) mean_flux=(1.000e+00, -7.409e-19, 5.387e-18) div_max=5.74e-11
  spline gpu-vs-host prefilter rel=2.77e-15  g: min_g1=6.7280e-02 min|g|=6.7608e-02 max|g|=3.0009e+00 backflow_fraction=0.0000e+00 v_rms=1.3592e+00
  tol=1e-06  ok=1024/1024 (seed_backflow=0, non_ok_fraction=0.000e+00, ok_with_backflow=0) nfev/streamline-period=834.6
    n=1: R=5.0194e-02 mean=(1.0787e-04, -2.3926e-04) max|d|=1.6020e-01 rms|d|=5.0195e-02 | flux-weighted: R=4.6559e-02 mean=(-1.3295e-03, 3.7438e-04) <tau>_w=0.9994790602
    ladder vs 1e-12 at n=1: max=4.941e-06 rms=7.031e-07 (both_ok=1024, status_differs=0)
  tol=1e-08  ok=1024/1024 (seed_backflow=0, non_ok_fraction=0.000e+00, ok_with_backflow=0) nfev/streamline-period=838.5
    n=1: R=5.0194e-02 mean=(1.0786e-04, -2.3924e-04) max|d|=1.6020e-01 rms|d|=5.0195e-02 | flux-weighted: R=4.6559e-02 mean=(-1.3295e-03, 3.7438e-04) <tau>_w=0.9994791658
    ladder vs 1e-12 at n=1: max=4.329e-06 rms=7.179e-07 (both_ok=1024, status_differs=0)
  tol=1e-10  ok=1024/1024 (seed_backflow=0, non_ok_fraction=0.000e+00, ok_with_backflow=0) nfev/streamline-period=2810.6
    n=1: R=5.0194e-02 mean=(1.0789e-04, -2.3925e-04) max|d|=1.6020e-01 rms|d|=5.0195e-02 | flux-weighted: R=4.6559e-02 mean=(-1.3294e-03, 3.7438e-04) <tau>_w=0.9994790964
    ladder vs 1e-12 at n=1: max=4.009e-07 rms=5.168e-08 (both_ok=1024, status_differs=0)
  tol=1e-12  ok=1024/1024 (seed_backflow=0, non_ok_fraction=0.000e+00, ok_with_backflow=0) nfev/streamline-period=6539.2
    n=1: R=5.0194e-02 mean=(1.0789e-04, -2.3925e-04) max|d|=1.6020e-01 rms|d|=5.0195e-02 | flux-weighted: R=4.6559e-02 mean=(-1.3294e-03, 3.7439e-04) <tau>_w=0.9994791182
  round trip (tol=1e-08): eligible=1024 backward_ok=1024 max=7.834e-06 rms=1.238e-06
  outputs: output_sf30/matrix128/g_s1_l16_r3001_n128/{summary.json,streamlines.csv,timing.json}  wall 3.05 s
== [matrix128] g_s1_l16_r3001_n128: exit 0, 6.279 s
== [matrix128] g_s1_l16_r3002_n128: build/v100-release/closure_gate --field gaussian --n 128 --sigma2 1 --ell 0.0625 --seed 3002 --tols 1e-6,1e-8,1e-10,1e-12 --working-tol 1e-8 --out output_sf30/matrix128/g_s1_l16_r3002_n128
command: build/v100-release/closure_gate --field gaussian --n 128 --sigma2 1 --ell 0.0625 --seed 3002 --tols 1e-6,1e-8,1e-10,1e-12 --working-tol 1e-8 --out output_sf30/matrix128/g_s1_l16_r3002_n128
closure_gate: field=gaussian grid=128^3 h=0.0078125 sigma2=1 ell=0.0625 seed=3002 seeds=1024 threads=32
  Y: mean=3.558312e-16 var=1.000000e+00 min=-5.012242e+00 max=3.692794e+00
  Darcy: mg_levels=6 (coarsest 4^3) pcg_rtol=1.0e-10 max_iter=1000 iterations=(20,20,20) rel_res=(1.49e-14,1.42e-14,1.31e-14) converged=yes
  G=(8.5440926724e-01, 4.7316499790e-03, 3.4600460212e-05) mean_flux=(1.000e+00, -2.029e-18, -9.487e-19) div_max=6.43e-11
  spline gpu-vs-host prefilter rel=3.51e-15  g: min_g1=1.1078e-01 min|g|=1.1506e-01 max|g|=3.4033e+00 backflow_fraction=0.0000e+00 v_rms=1.3495e+00
  tol=1e-06  ok=1024/1024 (seed_backflow=0, non_ok_fraction=0.000e+00, ok_with_backflow=0) nfev/streamline-period=837.3
    n=1: R=5.4630e-02 mean=(3.1563e-03, 1.3546e-03) max|d|=1.5348e-01 rms|d|=5.4738e-02 | flux-weighted: R=4.8043e-02 mean=(4.0535e-04, 1.5989e-03) <tau>_w=0.9993733241
    ladder vs 1e-12 at n=1: max=3.404e-06 rms=6.757e-07 (both_ok=1024, status_differs=0)
  tol=1e-08  ok=1024/1024 (seed_backflow=0, non_ok_fraction=0.000e+00, ok_with_backflow=0) nfev/streamline-period=841.2
    n=1: R=5.4630e-02 mean=(3.1563e-03, 1.3546e-03) max|d|=1.5348e-01 rms|d|=5.4738e-02 | flux-weighted: R=4.8043e-02 mean=(4.0534e-04, 1.5989e-03) <tau>_w=0.9993727957
    ladder vs 1e-12 at n=1: max=4.342e-06 rms=6.573e-07 (both_ok=1024, status_differs=0)
  tol=1e-10  ok=1024/1024 (seed_backflow=0, non_ok_fraction=0.000e+00, ok_with_backflow=0) nfev/streamline-period=2828.4
    n=1: R=5.4630e-02 mean=(3.1563e-03, 1.3546e-03) max|d|=1.5348e-01 rms|d|=5.4738e-02 | flux-weighted: R=4.8043e-02 mean=(4.0534e-04, 1.5989e-03) <tau>_w=0.9993728398
    ladder vs 1e-12 at n=1: max=3.746e-07 rms=4.996e-08 (both_ok=1024, status_differs=0)
  tol=1e-12  ok=1024/1024 (seed_backflow=0, non_ok_fraction=0.000e+00, ok_with_backflow=0) nfev/streamline-period=6577.1
    n=1: R=5.4630e-02 mean=(3.1563e-03, 1.3546e-03) max|d|=1.5348e-01 rms|d|=5.4738e-02 | flux-weighted: R=4.8043e-02 mean=(4.0534e-04, 1.5989e-03) <tau>_w=0.9993728339
  round trip (tol=1e-08): eligible=1024 backward_ok=1024 max=7.390e-06 rms=1.153e-06
  outputs: output_sf30/matrix128/g_s1_l16_r3002_n128/{summary.json,streamlines.csv,timing.json}  wall 3.02 s
== [matrix128] g_s1_l16_r3002_n128: exit 0, 6.437 s
== [matrix128] g_s1_l16_r3003_n128: build/v100-release/closure_gate --field gaussian --n 128 --sigma2 1 --ell 0.0625 --seed 3003 --tols 1e-6,1e-8,1e-10,1e-12 --working-tol 1e-8 --out output_sf30/matrix128/g_s1_l16_r3003_n128
command: build/v100-release/closure_gate --field gaussian --n 128 --sigma2 1 --ell 0.0625 --seed 3003 --tols 1e-6,1e-8,1e-10,1e-12 --working-tol 1e-8 --out output_sf30/matrix128/g_s1_l16_r3003_n128
closure_gate: field=gaussian grid=128^3 h=0.0078125 sigma2=1 ell=0.0625 seed=3003 seeds=1024 threads=32
  Y: mean=7.008465e-16 var=1.000000e+00 min=-4.515375e+00 max=3.912746e+00
  Darcy: mg_levels=6 (coarsest 4^3) pcg_rtol=1.0e-10 max_iter=1000 iterations=(20,20,20) rel_res=(1.73e-14,1.31e-14,1.48e-14) converged=yes
  G=(8.4275183208e-01, -7.0176065728e-03, 8.7636730599e-04) mean_flux=(1.000e+00, 8.445e-18, 4.066e-19) div_max=7.29e-11
  spline gpu-vs-host prefilter rel=3.03e-15  g: min_g1=1.0556e-01 min|g|=1.0792e-01 max|g|=3.2899e+00 backflow_fraction=0.0000e+00 v_rms=1.3794e+00
  tol=1e-06  ok=1024/1024 (seed_backflow=0, non_ok_fraction=0.000e+00, ok_with_backflow=0) nfev/streamline-period=838.9
    n=1: R=5.2296e-02 mean=(-7.9910e-04, -2.2808e-05) max|d|=1.3855e-01 rms|d|=5.2302e-02 | flux-weighted: R=4.6552e-02 mean=(-6.0177e-04, -5.6086e-04) <tau>_w=0.9972174995
    ladder vs 1e-12 at n=1: max=3.381e-06 rms=5.977e-07 (both_ok=1024, status_differs=0)
  tol=1e-08  ok=1024/1024 (seed_backflow=0, non_ok_fraction=0.000e+00, ok_with_backflow=0) nfev/streamline-period=842.2
    n=1: R=5.2296e-02 mean=(-7.9910e-04, -2.2830e-05) max|d|=1.3854e-01 rms|d|=5.2302e-02 | flux-weighted: R=4.6552e-02 mean=(-6.0176e-04, -5.6088e-04) <tau>_w=0.9972174690
    ladder vs 1e-12 at n=1: max=3.380e-06 rms=5.941e-07 (both_ok=1024, status_differs=0)
  tol=1e-10  ok=1024/1024 (seed_backflow=0, non_ok_fraction=0.000e+00, ok_with_backflow=0) nfev/streamline-period=2789.6
    n=1: R=5.2296e-02 mean=(-7.9909e-04, -2.2809e-05) max|d|=1.3855e-01 rms|d|=5.2302e-02 | flux-weighted: R=4.6552e-02 mean=(-6.0177e-04, -5.6086e-04) <tau>_w=0.9972178358
    ladder vs 1e-12 at n=1: max=2.700e-07 rms=4.428e-08 (both_ok=1024, status_differs=0)
  tol=1e-12  ok=1024/1024 (seed_backflow=0, non_ok_fraction=0.000e+00, ok_with_backflow=0) nfev/streamline-period=6526.8
    n=1: R=5.2296e-02 mean=(-7.9909e-04, -2.2810e-05) max|d|=1.3855e-01 rms|d|=5.2302e-02 | flux-weighted: R=4.6552e-02 mean=(-6.0177e-04, -5.6086e-04) <tau>_w=0.9972178582
  round trip (tol=1e-08): eligible=1024 backward_ok=1024 max=6.380e-06 rms=9.863e-07
  outputs: output_sf30/matrix128/g_s1_l16_r3003_n128/{summary.json,streamlines.csv,timing.json}  wall 3.06 s
== [matrix128] g_s1_l16_r3003_n128: exit 0, 6.499 s
== [matrix128] g_s1_l16_r3004_n128: build/v100-release/closure_gate --field gaussian --n 128 --sigma2 1 --ell 0.0625 --seed 3004 --tols 1e-6,1e-8,1e-10,1e-12 --working-tol 1e-8 --out output_sf30/matrix128/g_s1_l16_r3004_n128
command: build/v100-release/closure_gate --field gaussian --n 128 --sigma2 1 --ell 0.0625 --seed 3004 --tols 1e-6,1e-8,1e-10,1e-12 --working-tol 1e-8 --out output_sf30/matrix128/g_s1_l16_r3004_n128
closure_gate: field=gaussian grid=128^3 h=0.0078125 sigma2=1 ell=0.0625 seed=3004 seeds=1024 threads=32
  Y: mean=-7.798333e-17 var=1.000000e+00 min=-4.044309e+00 max=4.307824e+00
  Darcy: mg_levels=6 (coarsest 4^3) pcg_rtol=1.0e-10 max_iter=1000 iterations=(20,20,20) rel_res=(1.45e-14,1.33e-14,1.62e-14) converged=yes
  G=(8.4988485661e-01, 4.9581283511e-03, 2.4533947929e-03) mean_flux=(1.000e+00, 6.315e-18, -4.012e-18) div_max=5.76e-11
  spline gpu-vs-host prefilter rel=2.79e-15  g: min_g1=8.9885e-02 min|g|=9.7854e-02 max|g|=3.1779e+00 backflow_fraction=0.0000e+00 v_rms=1.3645e+00
  tol=1e-06  ok=1024/1024 (seed_backflow=0, non_ok_fraction=0.000e+00, ok_with_backflow=0) nfev/streamline-period=837.6
    n=1: R=5.6285e-02 mean=(-2.3914e-03, 5.2047e-04) max|d|=1.9085e-01 rms|d|=5.6339e-02 | flux-weighted: R=4.9281e-02 mean=(-5.4991e-05, -3.7692e-04) <tau>_w=0.9873973466
    ladder vs 1e-12 at n=1: max=3.333e-06 rms=6.419e-07 (both_ok=1024, status_differs=0)
  tol=1e-08  ok=1024/1024 (seed_backflow=0, non_ok_fraction=0.000e+00, ok_with_backflow=0) nfev/streamline-period=841.9
    n=1: R=5.6285e-02 mean=(-2.3914e-03, 5.2047e-04) max|d|=1.9085e-01 rms|d|=5.6339e-02 | flux-weighted: R=4.9281e-02 mean=(-5.4990e-05, -3.7691e-04) <tau>_w=0.9873973622
    ladder vs 1e-12 at n=1: max=4.275e-06 rms=6.380e-07 (both_ok=1024, status_differs=0)
  tol=1e-10  ok=1024/1024 (seed_backflow=0, non_ok_fraction=0.000e+00, ok_with_backflow=0) nfev/streamline-period=2807.2
    n=1: R=5.6285e-02 mean=(-2.3914e-03, 5.2049e-04) max|d|=1.9085e-01 rms|d|=5.6339e-02 | flux-weighted: R=4.9281e-02 mean=(-5.4972e-05, -3.7688e-04) <tau>_w=0.9873972653
    ladder vs 1e-12 at n=1: max=2.637e-07 rms=4.545e-08 (both_ok=1024, status_differs=0)
  tol=1e-12  ok=1024/1024 (seed_backflow=0, non_ok_fraction=0.000e+00, ok_with_backflow=0) nfev/streamline-period=6543.2
    n=1: R=5.6285e-02 mean=(-2.3914e-03, 5.2049e-04) max|d|=1.9085e-01 rms|d|=5.6339e-02 | flux-weighted: R=4.9281e-02 mean=(-5.4973e-05, -3.7688e-04) <tau>_w=0.9873972759
  round trip (tol=1e-08): eligible=1024 backward_ok=1024 max=7.213e-06 rms=1.095e-06
  outputs: output_sf30/matrix128/g_s1_l16_r3004_n128/{summary.json,streamlines.csv,timing.json}  wall 3.03 s
== [matrix128] g_s1_l16_r3004_n128: exit 0, 6.570 s
== [matrix128] g_s1_l16_r3005_n128: build/v100-release/closure_gate --field gaussian --n 128 --sigma2 1 --ell 0.0625 --seed 3005 --tols 1e-6,1e-8,1e-10,1e-12 --working-tol 1e-8 --out output_sf30/matrix128/g_s1_l16_r3005_n128
command: build/v100-release/closure_gate --field gaussian --n 128 --sigma2 1 --ell 0.0625 --seed 3005 --tols 1e-6,1e-8,1e-10,1e-12 --working-tol 1e-8 --out output_sf30/matrix128/g_s1_l16_r3005_n128
closure_gate: field=gaussian grid=128^3 h=0.0078125 sigma2=1 ell=0.0625 seed=3005 seeds=1024 threads=32
  Y: mean=-1.638570e-16 var=1.000000e+00 min=-4.517607e+00 max=5.147133e+00
  Darcy: mg_levels=6 (coarsest 4^3) pcg_rtol=1.0e-10 max_iter=1000 iterations=(20,20,20) rel_res=(1.99e-14,1.43e-14,1.20e-14) converged=yes
  G=(8.4354428288e-01, -2.3641770427e-02, 4.5021493960e-03) mean_flux=(1.000e+00, 3.004e-18, 1.274e-18) div_max=2.19e-10
  spline gpu-vs-host prefilter rel=3.06e-15  g: min_g1=9.8652e-02 min|g|=1.0684e-01 max|g|=3.1387e+00 backflow_fraction=0.0000e+00 v_rms=1.3901e+00
  tol=1e-06  ok=1024/1024 (seed_backflow=0, non_ok_fraction=0.000e+00, ok_with_backflow=0) nfev/streamline-period=837.4
    n=1: R=4.8647e-02 mean=(2.3259e-03, 2.0680e-04) max|d|=1.3162e-01 rms|d|=4.8703e-02 | flux-weighted: R=4.3334e-02 mean=(8.5412e-04, -2.4767e-03) <tau>_w=0.9627029113
    ladder vs 1e-12 at n=1: max=5.544e-06 rms=6.584e-07 (both_ok=1024, status_differs=0)
  tol=1e-08  ok=1024/1024 (seed_backflow=0, non_ok_fraction=0.000e+00, ok_with_backflow=0) nfev/streamline-period=840.8
    n=1: R=4.8647e-02 mean=(2.3259e-03, 2.0679e-04) max|d|=1.3162e-01 rms|d|=4.8703e-02 | flux-weighted: R=4.3334e-02 mean=(8.5407e-04, -2.4767e-03) <tau>_w=0.9627034224
    ladder vs 1e-12 at n=1: max=2.629e-06 rms=6.086e-07 (both_ok=1024, status_differs=0)
  tol=1e-10  ok=1024/1024 (seed_backflow=0, non_ok_fraction=0.000e+00, ok_with_backflow=0) nfev/streamline-period=2803.8
    n=1: R=4.8647e-02 mean=(2.3259e-03, 2.0680e-04) max|d|=1.3162e-01 rms|d|=4.8703e-02 | flux-weighted: R=4.3334e-02 mean=(8.5409e-04, -2.4767e-03) <tau>_w=0.9627031275
    ladder vs 1e-12 at n=1: max=2.562e-07 rms=4.728e-08 (both_ok=1024, status_differs=0)
  tol=1e-12  ok=1024/1024 (seed_backflow=0, non_ok_fraction=0.000e+00, ok_with_backflow=0) nfev/streamline-period=6528.4
    n=1: R=4.8647e-02 mean=(2.3259e-03, 2.0680e-04) max|d|=1.3162e-01 rms|d|=4.8703e-02 | flux-weighted: R=4.3334e-02 mean=(8.5409e-04, -2.4767e-03) <tau>_w=0.9627031259
  round trip (tol=1e-08): eligible=1024 backward_ok=1024 max=6.261e-06 rms=9.640e-07
  outputs: output_sf30/matrix128/g_s1_l16_r3005_n128/{summary.json,streamlines.csv,timing.json}  wall 3.04 s
== [matrix128] g_s1_l16_r3005_n128: exit 0, 6.708 s
== [matrix128] g_s4_l8_r3001_n128: build/v100-release/closure_gate --field gaussian --n 128 --sigma2 4 --ell 0.125 --seed 3001 --tols 1e-6,1e-8,1e-10,1e-12 --working-tol 1e-8 --out output_sf30/matrix128/g_s4_l8_r3001_n128
command: build/v100-release/closure_gate --field gaussian --n 128 --sigma2 4 --ell 0.125 --seed 3001 --tols 1e-6,1e-8,1e-10,1e-12 --working-tol 1e-8 --out output_sf30/matrix128/g_s4_l8_r3001_n128
closure_gate: field=gaussian grid=128^3 h=0.0078125 sigma2=4 ell=0.125 seed=3001 seeds=1024 threads=32
  Y: mean=5.284427e-15 var=4.000000e+00 min=-8.277710e+00 max=7.421794e+00
  Darcy: mg_levels=6 (coarsest 4^3) pcg_rtol=1.0e-10 max_iter=1000 iterations=(20,20,20) rel_res=(1.64e-11,2.16e-11,2.29e-11) converged=yes
  G=(5.2290142404e-01, -2.6399741959e-02, 5.6708698629e-02) mean_flux=(1.000e+00, 2.207e-17, -1.515e-17) div_max=6.76e-07
  spline gpu-vs-host prefilter rel=3.55e-15  g: min_g1=7.7657e-03 min|g|=9.6473e-03 max|g|=3.8427e+00 backflow_fraction=0.0000e+00 v_rms=2.3432e+00
  tol=1e-06  ok=1024/1024 (seed_backflow=0, non_ok_fraction=0.000e+00, ok_with_backflow=0) nfev/streamline-period=941.4
    n=1: R=1.6145e-01 mean=(-5.6050e-03, -3.5506e-04) max|d|=4.3102e-01 rms|d|=1.6155e-01 | flux-weighted: R=1.3024e-01 mean=(6.4718e-03, -4.6319e-04) <tau>_w=0.9907156268
    ladder vs 1e-12 at n=1: max=1.553e-05 rms=1.026e-06 (both_ok=1024, status_differs=0)
  tol=1e-08  ok=1024/1024 (seed_backflow=0, non_ok_fraction=0.000e+00, ok_with_backflow=0) nfev/streamline-period=943.6
    n=1: R=1.6145e-01 mean=(-5.6050e-03, -3.5508e-04) max|d|=4.3102e-01 rms|d|=1.6155e-01 | flux-weighted: R=1.3024e-01 mean=(6.4718e-03, -4.6321e-04) <tau>_w=0.9907212116
    ladder vs 1e-12 at n=1: max=1.703e-05 rms=9.617e-07 (both_ok=1024, status_differs=0)
  tol=1e-10  ok=1024/1024 (seed_backflow=0, non_ok_fraction=0.000e+00, ok_with_backflow=0) nfev/streamline-period=2515.3
    n=1: R=1.6145e-01 mean=(-5.6049e-03, -3.5507e-04) max|d|=4.3102e-01 rms|d|=1.6155e-01 | flux-weighted: R=1.3024e-01 mean=(6.4718e-03, -4.6322e-04) <tau>_w=0.9907228492
    ladder vs 1e-12 at n=1: max=2.109e-06 rms=1.434e-07 (both_ok=1024, status_differs=0)
  tol=1e-12  ok=1024/1024 (seed_backflow=0, non_ok_fraction=0.000e+00, ok_with_backflow=0) nfev/streamline-period=6654.8
    n=1: R=1.6145e-01 mean=(-5.6050e-03, -3.5506e-04) max|d|=4.3102e-01 rms|d|=1.6155e-01 | flux-weighted: R=1.3024e-01 mean=(6.4718e-03, -4.6321e-04) <tau>_w=0.9907233253
  round trip (tol=1e-08): eligible=1024 backward_ok=1024 max=8.069e-05 rms=5.788e-06
  outputs: output_sf30/matrix128/g_s4_l8_r3001_n128/{summary.json,streamlines.csv,timing.json}  wall 3.04 s
== [matrix128] g_s4_l8_r3001_n128: exit 0, 6.588 s
== [matrix128] g_s4_l8_r3002_n128: build/v100-release/closure_gate --field gaussian --n 128 --sigma2 4 --ell 0.125 --seed 3002 --tols 1e-6,1e-8,1e-10,1e-12 --working-tol 1e-8 --out output_sf30/matrix128/g_s4_l8_r3002_n128
command: build/v100-release/closure_gate --field gaussian --n 128 --sigma2 4 --ell 0.125 --seed 3002 --tols 1e-6,1e-8,1e-10,1e-12 --working-tol 1e-8 --out output_sf30/matrix128/g_s4_l8_r3002_n128
closure_gate: field=gaussian grid=128^3 h=0.0078125 sigma2=4 ell=0.125 seed=3002 seeds=1024 threads=32
  Y: mean=-3.442981e-15 var=4.000000e+00 min=-7.976482e+00 max=7.131606e+00
  Darcy: mg_levels=6 (coarsest 4^3) pcg_rtol=1.0e-10 max_iter=1000 iterations=(20,20,20) rel_res=(3.82e-12,4.23e-12,3.72e-12) converged=yes
  G=(5.5176935609e-01, 4.8303443533e-02, 1.9406807648e-02) mean_flux=(1.000e+00, 5.255e-18, -7.047e-19) div_max=1.36e-07
  spline gpu-vs-host prefilter rel=3.73e-15  g: min_g1=8.4018e-04 min|g|=1.2365e-02 max|g|=3.6409e+00 backflow_fraction=0.0000e+00 v_rms=2.4249e+00
  tol=1e-06  ok=1024/1024 (seed_backflow=0, non_ok_fraction=0.000e+00, ok_with_backflow=0) nfev/streamline-period=943.2
    n=1: R=2.3722e-01 mean=(2.6864e-02, 2.3722e-03) max|d|=5.5508e-01 rms|d|=2.3875e-01 | flux-weighted: R=2.3262e-01 mean=(-3.4084e-03, -5.2777e-03) <tau>_w=0.9567875748
    ladder vs 1e-12 at n=1: max=5.053e-06 rms=3.628e-07 (both_ok=1024, status_differs=0)
  tol=1e-08  ok=1024/1024 (seed_backflow=0, non_ok_fraction=0.000e+00, ok_with_backflow=0) nfev/streamline-period=944.0
    n=1: R=2.3722e-01 mean=(2.6864e-02, 2.3722e-03) max|d|=5.5508e-01 rms|d|=2.3875e-01 | flux-weighted: R=2.3262e-01 mean=(-3.4084e-03, -5.2777e-03) <tau>_w=0.9567875299
    ladder vs 1e-12 at n=1: max=5.053e-06 rms=3.612e-07 (both_ok=1024, status_differs=0)
  tol=1e-10  ok=1024/1024 (seed_backflow=0, non_ok_fraction=0.000e+00, ok_with_backflow=0) nfev/streamline-period=2430.2
    n=1: R=2.3722e-01 mean=(2.6864e-02, 2.3722e-03) max|d|=5.5508e-01 rms|d|=2.3875e-01 | flux-weighted: R=2.3262e-01 mean=(-3.4084e-03, -5.2777e-03) <tau>_w=0.9567894860
    ladder vs 1e-12 at n=1: max=1.850e-06 rms=1.130e-07 (both_ok=1024, status_differs=0)
  tol=1e-12  ok=1024/1024 (seed_backflow=0, non_ok_fraction=0.000e+00, ok_with_backflow=0) nfev/streamline-period=6486.2
    n=1: R=2.3722e-01 mean=(2.6864e-02, 2.3722e-03) max|d|=5.5508e-01 rms|d|=2.3875e-01 | flux-weighted: R=2.3262e-01 mean=(-3.4085e-03, -5.2777e-03) <tau>_w=0.9567898953
  round trip (tol=1e-08): eligible=1024 backward_ok=1024 max=1.702e-04 rms=1.147e-05
  outputs: output_sf30/matrix128/g_s4_l8_r3002_n128/{summary.json,streamlines.csv,timing.json}  wall 3.06 s
== [matrix128] g_s4_l8_r3002_n128: exit 0, 6.501 s
== [matrix128] g_s4_l8_r3003_n128: build/v100-release/closure_gate --field gaussian --n 128 --sigma2 4 --ell 0.125 --seed 3003 --tols 1e-6,1e-8,1e-10,1e-12 --working-tol 1e-8 --out output_sf30/matrix128/g_s4_l8_r3003_n128
command: build/v100-release/closure_gate --field gaussian --n 128 --sigma2 4 --ell 0.125 --seed 3003 --tols 1e-6,1e-8,1e-10,1e-12 --working-tol 1e-8 --out output_sf30/matrix128/g_s4_l8_r3003_n128
closure_gate: field=gaussian grid=128^3 h=0.0078125 sigma2=4 ell=0.125 seed=3003 seeds=1024 threads=32
  Y: mean=1.197458e-15 var=4.000000e+00 min=-8.536210e+00 max=8.785830e+00
  Darcy: mg_levels=6 (coarsest 4^3) pcg_rtol=1.0e-10 max_iter=1000 iterations=(20,20,20) rel_res=(1.02e-11,1.29e-11,9.07e-12) converged=yes
  G=(5.5237565963e-01, -6.1123290054e-02, 9.6347629460e-04) mean_flux=(1.000e+00, -6.429e-17, -2.060e-18) div_max=1.67e-06
  spline gpu-vs-host prefilter rel=2.88e-15  g: min_g1=-5.4450e-03 min|g|=3.4420e-03 max|g|=3.7504e+00 backflow_fraction=4.6253e-05 v_rms=2.3106e+00
  tol=1e-06  ok=1024/1024 (seed_backflow=0, non_ok_fraction=0.000e+00, ok_with_backflow=2) nfev/streamline-period=932.2
    n=1: R=1.8757e-01 mean=(-1.0495e-02, -9.6914e-03) max|d|=4.1415e-01 rms|d|=1.8811e-01 | flux-weighted: R=1.3305e-01 mean=(-2.9560e-03, 5.3355e-03) <tau>_w=0.9152112529
    ladder vs 1e-12 at n=1: max=6.653e-06 rms=6.376e-07 (both_ok=1024, status_differs=0)
  tol=1e-08  ok=1024/1024 (seed_backflow=0, non_ok_fraction=0.000e+00, ok_with_backflow=2) nfev/streamline-period=933.1
    n=1: R=1.8757e-01 mean=(-1.0495e-02, -9.6914e-03) max|d|=4.1415e-01 rms|d|=1.8811e-01 | flux-weighted: R=1.3305e-01 mean=(-2.9560e-03, 5.3356e-03) <tau>_w=0.9152121842
    ladder vs 1e-12 at n=1: max=5.495e-06 rms=6.004e-07 (both_ok=1024, status_differs=0)
  tol=1e-10  ok=1024/1024 (seed_backflow=0, non_ok_fraction=0.000e+00, ok_with_backflow=2) nfev/streamline-period=2385.8
    n=1: R=1.8757e-01 mean=(-1.0495e-02, -9.6914e-03) max|d|=4.1415e-01 rms|d|=1.8811e-01 | flux-weighted: R=1.3305e-01 mean=(-2.9560e-03, 5.3355e-03) <tau>_w=0.9152120579
    ladder vs 1e-12 at n=1: max=1.411e-06 rms=1.433e-07 (both_ok=1024, status_differs=0)
  tol=1e-12  ok=1024/1024 (seed_backflow=0, non_ok_fraction=0.000e+00, ok_with_backflow=2) nfev/streamline-period=6382.2
    n=1: R=1.8757e-01 mean=(-1.0495e-02, -9.6914e-03) max|d|=4.1415e-01 rms|d|=1.8811e-01 | flux-weighted: R=1.3305e-01 mean=(-2.9560e-03, 5.3355e-03) <tau>_w=0.9152118485
  round trip (tol=1e-08): eligible=1022 backward_ok=1022 max=1.801e-04 rms=9.886e-06
  outputs: output_sf30/matrix128/g_s4_l8_r3003_n128/{summary.json,streamlines.csv,timing.json}  wall 3.04 s
== [matrix128] g_s4_l8_r3003_n128: exit 0, 6.706 s
== [matrix128] g_s4_l8_r3004_n128: build/v100-release/closure_gate --field gaussian --n 128 --sigma2 4 --ell 0.125 --seed 3004 --tols 1e-6,1e-8,1e-10,1e-12 --working-tol 1e-8 --out output_sf30/matrix128/g_s4_l8_r3004_n128
command: build/v100-release/closure_gate --field gaussian --n 128 --sigma2 4 --ell 0.125 --seed 3004 --tols 1e-6,1e-8,1e-10,1e-12 --working-tol 1e-8 --out output_sf30/matrix128/g_s4_l8_r3004_n128
closure_gate: field=gaussian grid=128^3 h=0.0078125 sigma2=4 ell=0.125 seed=3004 seeds=1024 threads=32
  Y: mean=-2.385401e-15 var=4.000000e+00 min=-7.697460e+00 max=7.959708e+00
  Darcy: mg_levels=6 (coarsest 4^3) pcg_rtol=1.0e-10 max_iter=1000 iterations=(20,20,20) rel_res=(3.21e-11,2.79e-11,3.11e-11) converged=yes
  G=(5.2871948239e-01, 1.8792731455e-02, -3.1387127393e-02) mean_flux=(1.000e+00, 1.330e-17, -1.174e-17) div_max=2.20e-06
  spline gpu-vs-host prefilter rel=3.93e-15  g: min_g1=-3.0930e-02 min|g|=5.2626e-03 max|g|=4.3620e+00 backflow_fraction=3.7766e-04 v_rms=2.7357e+00
  tol=1e-06  ok=1024/1024 (seed_backflow=0, non_ok_fraction=0.000e+00, ok_with_backflow=1) nfev/streamline-period=973.6
    n=1: R=2.3180e-01 mean=(-1.2038e-02, -8.3424e-03) max|d|=5.1247e-01 rms|d|=2.3227e-01 | flux-weighted: R=1.8185e-01 mean=(-6.6379e-03, -2.3859e-03) <tau>_w=0.9797475756
    ladder vs 1e-12 at n=1: max=2.018e-05 rms=1.054e-06 (both_ok=1024, status_differs=0)
  tol=1e-08  ok=1024/1024 (seed_backflow=0, non_ok_fraction=0.000e+00, ok_with_backflow=1) nfev/streamline-period=974.9
    n=1: R=2.3180e-01 mean=(-1.2038e-02, -8.3424e-03) max|d|=5.1247e-01 rms|d|=2.3227e-01 | flux-weighted: R=1.8185e-01 mean=(-6.6378e-03, -2.3859e-03) <tau>_w=0.9797488855
    ladder vs 1e-12 at n=1: max=2.018e-05 rms=1.065e-06 (both_ok=1024, status_differs=0)
  tol=1e-10  ok=1024/1024 (seed_backflow=0, non_ok_fraction=0.000e+00, ok_with_backflow=1) nfev/streamline-period=2547.4
    n=1: R=2.3180e-01 mean=(-1.2038e-02, -8.3424e-03) max|d|=5.1247e-01 rms|d|=2.3227e-01 | flux-weighted: R=1.8185e-01 mean=(-6.6379e-03, -2.3859e-03) <tau>_w=0.9797466588
    ladder vs 1e-12 at n=1: max=2.185e-06 rms=1.924e-07 (both_ok=1024, status_differs=0)
  tol=1e-12  ok=1024/1024 (seed_backflow=0, non_ok_fraction=0.000e+00, ok_with_backflow=1) nfev/streamline-period=6789.1
    n=1: R=2.3180e-01 mean=(-1.2038e-02, -8.3424e-03) max|d|=5.1247e-01 rms|d|=2.3227e-01 | flux-weighted: R=1.8185e-01 mean=(-6.6379e-03, -2.3859e-03) <tau>_w=0.9797467109
  round trip (tol=1e-08): eligible=1023 backward_ok=1023 max=8.559e-05 rms=4.902e-06
  outputs: output_sf30/matrix128/g_s4_l8_r3004_n128/{summary.json,streamlines.csv,timing.json}  wall 3.05 s
== [matrix128] g_s4_l8_r3004_n128: exit 0, 6.529 s
== [matrix128] g_s4_l8_r3005_n128: build/v100-release/closure_gate --field gaussian --n 128 --sigma2 4 --ell 0.125 --seed 3005 --tols 1e-6,1e-8,1e-10,1e-12 --working-tol 1e-8 --out output_sf30/matrix128/g_s4_l8_r3005_n128
command: build/v100-release/closure_gate --field gaussian --n 128 --sigma2 4 --ell 0.125 --seed 3005 --tols 1e-6,1e-8,1e-10,1e-12 --working-tol 1e-8 --out output_sf30/matrix128/g_s4_l8_r3005_n128
closure_gate: field=gaussian grid=128^3 h=0.0078125 sigma2=4 ell=0.125 seed=3005 seeds=1024 threads=32
  Y: mean=-3.751605e-15 var=4.000000e+00 min=-7.919321e+00 max=8.310804e+00
  Darcy: mg_levels=6 (coarsest 4^3) pcg_rtol=1.0e-10 max_iter=1000 iterations=(20,20,20) rel_res=(8.66e-12,3.86e-12,3.64e-12) converged=yes
  G=(5.4310279595e-01, -4.4880222101e-02, 5.9079394560e-03) mean_flux=(1.000e+00, -3.097e-17, 6.912e-18) div_max=7.90e-07
  spline gpu-vs-host prefilter rel=3.65e-15  g: min_g1=-9.5582e-02 min|g|=1.4699e-02 max|g|=3.7937e+00 backflow_fraction=5.8699e-04 v_rms=2.3395e+00
  tol=1e-06  ok=1010/1024 (seed_backflow=14, non_ok_fraction=0.000e+00, ok_with_backflow=11) nfev/streamline-period=956.5
    n=1: R=2.1041e-01 mean=(2.0423e-02, 2.0536e-02) max|d|=5.2185e-01 rms|d|=2.1240e-01 | flux-weighted: R=2.0732e-01 mean=(-1.6131e-02, 4.2907e-03) <tau>_w=0.9884684236
    ladder vs 1e-12 at n=1: max=1.404e-05 rms=7.673e-07 (both_ok=1010, status_differs=0)
  tol=1e-08  ok=1010/1024 (seed_backflow=14, non_ok_fraction=0.000e+00, ok_with_backflow=11) nfev/streamline-period=956.8
    n=1: R=2.1041e-01 mean=(2.0423e-02, 2.0536e-02) max|d|=5.2185e-01 rms|d|=2.1240e-01 | flux-weighted: R=2.0732e-01 mean=(-1.6131e-02, 4.2907e-03) <tau>_w=0.9884683913
    ladder vs 1e-12 at n=1: max=8.077e-06 rms=5.965e-07 (both_ok=1010, status_differs=0)
  tol=1e-10  ok=1010/1024 (seed_backflow=14, non_ok_fraction=0.000e+00, ok_with_backflow=11) nfev/streamline-period=2361.4
    n=1: R=2.1041e-01 mean=(2.0423e-02, 2.0536e-02) max|d|=5.2185e-01 rms|d|=2.1240e-01 | flux-weighted: R=2.0732e-01 mean=(-1.6131e-02, 4.2907e-03) <tau>_w=0.9884693802
    ladder vs 1e-12 at n=1: max=1.746e-06 rms=1.031e-07 (both_ok=1010, status_differs=0)
  tol=1e-12  ok=1010/1024 (seed_backflow=14, non_ok_fraction=0.000e+00, ok_with_backflow=11) nfev/streamline-period=6449.9
    n=1: R=2.1041e-01 mean=(2.0423e-02, 2.0536e-02) max|d|=5.2185e-01 rms|d|=2.1240e-01 | flux-weighted: R=2.0732e-01 mean=(-1.6131e-02, 4.2907e-03) <tau>_w=0.9884695497
  round trip (tol=1e-08): eligible=999 backward_ok=999 max=1.893e-05 rms=1.759e-06
  outputs: output_sf30/matrix128/g_s4_l8_r3005_n128/{summary.json,streamlines.csv,timing.json}  wall 3.02 s
== [matrix128] g_s4_l8_r3005_n128: exit 0, 6.600 s
== [matrix128] g_s4_l16_r3001_n128: build/v100-release/closure_gate --field gaussian --n 128 --sigma2 4 --ell 0.0625 --seed 3001 --tols 1e-6,1e-8,1e-10,1e-12 --working-tol 1e-8 --out output_sf30/matrix128/g_s4_l16_r3001_n128
command: build/v100-release/closure_gate --field gaussian --n 128 --sigma2 4 --ell 0.0625 --seed 3001 --tols 1e-6,1e-8,1e-10,1e-12 --working-tol 1e-8 --out output_sf30/matrix128/g_s4_l16_r3001_n128
closure_gate: field=gaussian grid=128^3 h=0.0078125 sigma2=4 ell=0.0625 seed=3001 seeds=1024 threads=32
  Y: mean=1.207777e-15 var=4.000000e+00 min=-8.834648e+00 max=1.000211e+01
  Darcy: mg_levels=6 (coarsest 4^3) pcg_rtol=1.0e-10 max_iter=1000 iterations=(30,30,30) rel_res=(4.11e-14,5.48e-14,5.37e-14) converged=yes
  G=(5.2765299564e-01, -1.3105961598e-02, 2.2010439211e-02) mean_flux=(1.000e+00, 7.732e-18, -3.887e-17) div_max=3.71e-08
  spline gpu-vs-host prefilter rel=3.43e-15  g: min_g1=-2.0631e-01 min|g|=9.1654e-04 max|g|=3.9162e+00 backflow_fraction=9.7561e-04 v_rms=2.4821e+00
  tol=1e-06  ok=1024/1024 (seed_backflow=0, non_ok_fraction=0.000e+00, ok_with_backflow=27) nfev/streamline-period=944.9
    n=1: R=1.3519e-01 mean=(2.7203e-03, 8.7389e-03) max|d|=3.6801e-01 rms|d|=1.3550e-01 | flux-weighted: R=1.3323e-01 mean=(3.2677e-04, 7.2478e-03) <tau>_w=0.9360630589
    ladder vs 1e-12 at n=1: max=3.027e-04 rms=1.468e-05 (both_ok=1024, status_differs=0)
  tol=1e-08  ok=1024/1024 (seed_backflow=0, non_ok_fraction=0.000e+00, ok_with_backflow=28) nfev/streamline-period=1082.1
    n=1: R=1.3519e-01 mean=(2.7207e-03, 8.7387e-03) max|d|=3.6800e-01 rms|d|=1.3549e-01 | flux-weighted: R=1.3323e-01 mean=(3.2651e-04, 7.2483e-03) <tau>_w=0.9360638751
    ladder vs 1e-12 at n=1: max=9.321e-05 rms=7.196e-06 (both_ok=1024, status_differs=0)
  tol=1e-10  ok=1024/1024 (seed_backflow=0, non_ok_fraction=0.000e+00, ok_with_backflow=28) nfev/streamline-period=3981.1
    n=1: R=1.3519e-01 mean=(2.7206e-03, 8.7389e-03) max|d|=3.6801e-01 rms|d|=1.3549e-01 | flux-weighted: R=1.3323e-01 mean=(3.2665e-04, 7.2484e-03) <tau>_w=0.9360834935
    ladder vs 1e-12 at n=1: max=4.498e-06 rms=3.364e-07 (both_ok=1024, status_differs=0)
  tol=1e-12  ok=1024/1024 (seed_backflow=0, non_ok_fraction=0.000e+00, ok_with_backflow=28) nfev/streamline-period=9301.7
    n=1: R=1.3519e-01 mean=(2.7206e-03, 8.7389e-03) max|d|=3.6801e-01 rms|d|=1.3549e-01 | flux-weighted: R=1.3323e-01 mean=(3.2664e-04, 7.2484e-03) <tau>_w=0.9360835551
  round trip (tol=1e-08): eligible=996 backward_ok=996 max=3.375e-03 rms=1.179e-04
  outputs: output_sf30/matrix128/g_s4_l16_r3001_n128/{summary.json,streamlines.csv,timing.json}  wall 4.32 s
== [matrix128] g_s4_l16_r3001_n128: exit 0, 8.041 s
== [matrix128] g_s4_l16_r3002_n128: build/v100-release/closure_gate --field gaussian --n 128 --sigma2 4 --ell 0.0625 --seed 3002 --tols 1e-6,1e-8,1e-10,1e-12 --working-tol 1e-8 --out output_sf30/matrix128/g_s4_l16_r3002_n128
command: build/v100-release/closure_gate --field gaussian --n 128 --sigma2 4 --ell 0.0625 --seed 3002 --tols 1e-6,1e-8,1e-10,1e-12 --working-tol 1e-8 --out output_sf30/matrix128/g_s4_l16_r3002_n128
closure_gate: field=gaussian grid=128^3 h=0.0078125 sigma2=4 ell=0.0625 seed=3002 seeds=1024 threads=32
  Y: mean=7.116624e-16 var=4.000000e+00 min=-1.002448e+01 max=7.385588e+00
  Darcy: mg_levels=6 (coarsest 4^3) pcg_rtol=1.0e-10 max_iter=1000 iterations=(30,30,30) rel_res=(1.83e-14,1.55e-14,1.48e-14) converged=yes
  G=(5.4707369026e-01, 4.5711980809e-03, 2.2149091675e-03) mean_flux=(1.000e+00, 5.579e-18, -9.975e-18) div_max=1.42e-09
  spline gpu-vs-host prefilter rel=2.97e-15  g: min_g1=-1.2919e-01 min|g|=6.2758e-03 max|g|=4.9678e+00 backflow_fraction=5.7459e-04 v_rms=2.4684e+00
  tol=1e-06  ok=1024/1024 (seed_backflow=0, non_ok_fraction=0.000e+00, ok_with_backflow=19) nfev/streamline-period=954.7
    n=1: R=1.6080e-01 mean=(2.0269e-02, 5.9465e-03) max|d|=3.5309e-01 rms|d|=1.6218e-01 | flux-weighted: R=1.4378e-01 mean=(3.0680e-03, 1.0582e-02) <tau>_w=1.0437143168
    ladder vs 1e-12 at n=1: max=1.706e-04 rms=1.084e-05 (both_ok=1024, status_differs=0)
  tol=1e-08  ok=1024/1024 (seed_backflow=0, non_ok_fraction=0.000e+00, ok_with_backflow=20) nfev/streamline-period=1090.6
    n=1: R=1.6080e-01 mean=(2.0269e-02, 5.9462e-03) max|d|=3.5309e-01 rms|d|=1.6218e-01 | flux-weighted: R=1.4377e-01 mean=(3.0689e-03, 1.0583e-02) <tau>_w=1.0438905174
    ladder vs 1e-12 at n=1: max=1.101e-04 rms=7.118e-06 (both_ok=1024, status_differs=0)
  tol=1e-10  ok=1024/1024 (seed_backflow=0, non_ok_fraction=0.000e+00, ok_with_backflow=20) nfev/streamline-period=4016.2
    n=1: R=1.6080e-01 mean=(2.0269e-02, 5.9462e-03) max|d|=3.5309e-01 rms|d|=1.6218e-01 | flux-weighted: R=1.4378e-01 mean=(3.0693e-03, 1.0582e-02) <tau>_w=1.0438859510
    ladder vs 1e-12 at n=1: max=1.342e-05 rms=5.664e-07 (both_ok=1024, status_differs=0)
  tol=1e-12  ok=1024/1024 (seed_backflow=0, non_ok_fraction=0.000e+00, ok_with_backflow=20) nfev/streamline-period=9397.2
    n=1: R=1.6080e-01 mean=(2.0269e-02, 5.9462e-03) max|d|=3.5309e-01 rms|d|=1.6218e-01 | flux-weighted: R=1.4378e-01 mean=(3.0693e-03, 1.0582e-02) <tau>_w=1.0438904618
  round trip (tol=1e-08): eligible=1004 backward_ok=1004 max=6.343e-04 rms=4.182e-05
  outputs: output_sf30/matrix128/g_s4_l16_r3002_n128/{summary.json,streamlines.csv,timing.json}  wall 4.30 s
== [matrix128] g_s4_l16_r3002_n128: exit 0, 7.710 s
== [matrix128] g_s4_l16_r3003_n128: build/v100-release/closure_gate --field gaussian --n 128 --sigma2 4 --ell 0.0625 --seed 3003 --tols 1e-6,1e-8,1e-10,1e-12 --working-tol 1e-8 --out output_sf30/matrix128/g_s4_l16_r3003_n128
command: build/v100-release/closure_gate --field gaussian --n 128 --sigma2 4 --ell 0.0625 --seed 3003 --tols 1e-6,1e-8,1e-10,1e-12 --working-tol 1e-8 --out output_sf30/matrix128/g_s4_l16_r3003_n128
closure_gate: field=gaussian grid=128^3 h=0.0078125 sigma2=4 ell=0.0625 seed=3003 seeds=1024 threads=32
  Y: mean=1.401693e-15 var=4.000000e+00 min=-9.030751e+00 max=7.825493e+00
  Darcy: mg_levels=6 (coarsest 4^3) pcg_rtol=1.0e-10 max_iter=1000 iterations=(30,30,30) rel_res=(3.44e-14,2.81e-14,3.19e-14) converged=yes
  G=(5.2112175598e-01, -1.7631681201e-02, 7.3077471069e-03) mean_flux=(1.000e+00, 3.634e-17, -1.952e-18) div_max=2.69e-09
  spline gpu-vs-host prefilter rel=3.23e-15  g: min_g1=-2.0464e-01 min|g|=5.2740e-03 max|g|=4.4599e+00 backflow_fraction=7.0238e-04 v_rms=2.7062e+00
  tol=1e-06  ok=1022/1024 (seed_backflow=2, non_ok_fraction=0.000e+00, ok_with_backflow=45) nfev/streamline-period=964.4
    n=1: R=1.5481e-01 mean=(-1.0825e-02, -7.9985e-03) max|d|=4.3687e-01 rms|d|=1.5539e-01 | flux-weighted: R=1.4506e-01 mean=(-4.6559e-03, -4.1474e-04) <tau>_w=0.9746996103
    ladder vs 1e-12 at n=1: max=1.986e-04 rms=1.145e-05 (both_ok=1022, status_differs=0)
  tol=1e-08  ok=1022/1024 (seed_backflow=2, non_ok_fraction=0.000e+00, ok_with_backflow=45) nfev/streamline-period=1083.8
    n=1: R=1.5481e-01 mean=(-1.0825e-02, -7.9987e-03) max|d|=4.3686e-01 rms|d|=1.5539e-01 | flux-weighted: R=1.4506e-01 mean=(-4.6555e-03, -4.1510e-04) <tau>_w=0.9746926416
    ladder vs 1e-12 at n=1: max=1.755e-04 rms=9.217e-06 (both_ok=1022, status_differs=0)
  tol=1e-10  ok=1022/1024 (seed_backflow=2, non_ok_fraction=0.000e+00, ok_with_backflow=45) nfev/streamline-period=3989.5
    n=1: R=1.5481e-01 mean=(-1.0825e-02, -7.9985e-03) max|d|=4.3686e-01 rms|d|=1.5539e-01 | flux-weighted: R=1.4506e-01 mean=(-4.6557e-03, -4.1473e-04) <tau>_w=0.9746836057
    ladder vs 1e-12 at n=1: max=9.285e-06 rms=3.848e-07 (both_ok=1022, status_differs=0)
  tol=1e-12  ok=1022/1024 (seed_backflow=2, non_ok_fraction=0.000e+00, ok_with_backflow=45) nfev/streamline-period=9366.4
    n=1: R=1.5481e-01 mean=(-1.0825e-02, -7.9985e-03) max|d|=4.3686e-01 rms|d|=1.5539e-01 | flux-weighted: R=1.4506e-01 mean=(-4.6557e-03, -4.1469e-04) <tau>_w=0.9746839028
  round trip (tol=1e-08): eligible=977 backward_ok=977 max=5.581e-04 rms=3.796e-05
  outputs: output_sf30/matrix128/g_s4_l16_r3003_n128/{summary.json,streamlines.csv,timing.json}  wall 4.30 s
== [matrix128] g_s4_l16_r3003_n128: exit 0, 7.727 s
== [matrix128] g_s4_l16_r3004_n128: build/v100-release/closure_gate --field gaussian --n 128 --sigma2 4 --ell 0.0625 --seed 3004 --tols 1e-6,1e-8,1e-10,1e-12 --working-tol 1e-8 --out output_sf30/matrix128/g_s4_l16_r3004_n128
command: build/v100-release/closure_gate --field gaussian --n 128 --sigma2 4 --ell 0.0625 --seed 3004 --tols 1e-6,1e-8,1e-10,1e-12 --working-tol 1e-8 --out output_sf30/matrix128/g_s4_l16_r3004_n128
closure_gate: field=gaussian grid=128^3 h=0.0078125 sigma2=4 ell=0.0625 seed=3004 seeds=1024 threads=32
  Y: mean=-1.559667e-16 var=4.000000e+00 min=-8.088618e+00 max=8.615647e+00
  Darcy: mg_levels=6 (coarsest 4^3) pcg_rtol=1.0e-10 max_iter=1000 iterations=(30,30,30) rel_res=(2.83e-14,2.51e-14,3.14e-14) converged=yes
  G=(5.3902374109e-01, 5.8726234904e-03, 7.6479143161e-03) mean_flux=(1.000e+00, -5.612e-18, -1.789e-17) div_max=3.95e-09
  spline gpu-vs-host prefilter rel=2.79e-15  g: min_g1=-1.5333e-01 min|g|=5.3441e-03 max|g|=4.9314e+00 backflow_fraction=1.2360e-03 v_rms=2.5704e+00
  tol=1e-06  ok=1021/1024 (seed_backflow=3, non_ok_fraction=0.000e+00, ok_with_backflow=19) nfev/streamline-period=960.5
    n=1: R=1.5206e-01 mean=(7.2332e-03, -1.1000e-02) max|d|=3.6128e-01 rms|d|=1.5263e-01 | flux-weighted: R=1.4353e-01 mean=(-2.9310e-03, -4.9675e-04) <tau>_w=1.0093334837
    ladder vs 1e-12 at n=1: max=2.140e-04 rms=1.280e-05 (both_ok=1021, status_differs=0)
  tol=1e-08  ok=1021/1024 (seed_backflow=3, non_ok_fraction=0.000e+00, ok_with_backflow=19) nfev/streamline-period=1091.5
    n=1: R=1.5206e-01 mean=(7.2337e-03, -1.1000e-02) max|d|=3.6128e-01 rms|d|=1.5263e-01 | flux-weighted: R=1.4353e-01 mean=(-2.9307e-03, -4.9716e-04) <tau>_w=1.0093375578
    ladder vs 1e-12 at n=1: max=2.582e-04 rms=1.075e-05 (both_ok=1021, status_differs=0)
  tol=1e-10  ok=1021/1024 (seed_backflow=3, non_ok_fraction=0.000e+00, ok_with_backflow=19) nfev/streamline-period=3998.5
    n=1: R=1.5206e-01 mean=(7.2335e-03, -1.1000e-02) max|d|=3.6128e-01 rms|d|=1.5263e-01 | flux-weighted: R=1.4353e-01 mean=(-2.9308e-03, -4.9714e-04) <tau>_w=1.0093278830
    ladder vs 1e-12 at n=1: max=2.864e-06 rms=2.768e-07 (both_ok=1021, status_differs=0)
  tol=1e-12  ok=1021/1024 (seed_backflow=3, non_ok_fraction=0.000e+00, ok_with_backflow=19) nfev/streamline-period=9381.7
    n=1: R=1.5206e-01 mean=(7.2335e-03, -1.1000e-02) max|d|=3.6128e-01 rms|d|=1.5263e-01 | flux-weighted: R=1.4353e-01 mean=(-2.9308e-03, -4.9716e-04) <tau>_w=1.0093286307
  round trip (tol=1e-08): eligible=1002 backward_ok=1002 max=2.309e-03 rms=9.620e-05
  outputs: output_sf30/matrix128/g_s4_l16_r3004_n128/{summary.json,streamlines.csv,timing.json}  wall 4.31 s
== [matrix128] g_s4_l16_r3004_n128: exit 0, 7.995 s
== [matrix128] g_s4_l16_r3005_n128: build/v100-release/closure_gate --field gaussian --n 128 --sigma2 4 --ell 0.0625 --seed 3005 --tols 1e-6,1e-8,1e-10,1e-12 --working-tol 1e-8 --out output_sf30/matrix128/g_s4_l16_r3005_n128
command: build/v100-release/closure_gate --field gaussian --n 128 --sigma2 4 --ell 0.0625 --seed 3005 --tols 1e-6,1e-8,1e-10,1e-12 --working-tol 1e-8 --out output_sf30/matrix128/g_s4_l16_r3005_n128
closure_gate: field=gaussian grid=128^3 h=0.0078125 sigma2=4 ell=0.0625 seed=3005 seeds=1024 threads=32
  Y: mean=-3.277141e-16 var=4.000000e+00 min=-9.035215e+00 max=1.029427e+01
  Darcy: mg_levels=6 (coarsest 4^3) pcg_rtol=1.0e-10 max_iter=1000 iterations=(30,30,30) rel_res=(5.65e-14,4.72e-14,4.25e-14) converged=yes
  G=(5.3594678776e-01, -4.9357266762e-02, 3.3372915435e-03) mean_flux=(1.000e+00, 3.371e-19, -2.179e-17) div_max=7.16e-08
  spline gpu-vs-host prefilter rel=3.08e-15  g: min_g1=-8.0359e-02 min|g|=2.4713e-03 max|g|=4.7146e+00 backflow_fraction=2.2745e-04 v_rms=2.5925e+00
  tol=1e-06  ok=1024/1024 (seed_backflow=0, non_ok_fraction=0.000e+00, ok_with_backflow=28) nfev/streamline-period=964.2
    n=1: R=1.4460e-01 mean=(1.1630e-02, -4.1256e-03) max|d|=3.4622e-01 rms|d|=1.4512e-01 | flux-weighted: R=1.3700e-01 mean=(9.6811e-03, -1.2185e-02) <tau>_w=0.9677012009
    ladder vs 1e-12 at n=1: max=1.171e-04 rms=8.259e-06 (both_ok=1024, status_differs=0)
  tol=1e-08  ok=1024/1024 (seed_backflow=0, non_ok_fraction=0.000e+00, ok_with_backflow=29) nfev/streamline-period=1096.2
    n=1: R=1.4460e-01 mean=(1.1630e-02, -4.1259e-03) max|d|=3.4621e-01 rms|d|=1.4512e-01 | flux-weighted: R=1.3700e-01 mean=(9.6809e-03, -1.2186e-02) <tau>_w=0.9677232880
    ladder vs 1e-12 at n=1: max=9.571e-05 rms=6.293e-06 (both_ok=1024, status_differs=0)
  tol=1e-10  ok=1024/1024 (seed_backflow=0, non_ok_fraction=0.000e+00, ok_with_backflow=28) nfev/streamline-period=4037.1
    n=1: R=1.4460e-01 mean=(1.1630e-02, -4.1257e-03) max|d|=3.4621e-01 rms|d|=1.4512e-01 | flux-weighted: R=1.3700e-01 mean=(9.6801e-03, -1.2186e-02) <tau>_w=0.9677043139
    ladder vs 1e-12 at n=1: max=3.667e-06 rms=2.592e-07 (both_ok=1024, status_differs=0)
  tol=1e-12  ok=1024/1024 (seed_backflow=0, non_ok_fraction=0.000e+00, ok_with_backflow=29) nfev/streamline-period=9456.1
    n=1: R=1.4460e-01 mean=(1.1630e-02, -4.1257e-03) max|d|=3.4621e-01 rms|d|=1.4512e-01 | flux-weighted: R=1.3700e-01 mean=(9.6802e-03, -1.2186e-02) <tau>_w=0.9677037442
  round trip (tol=1e-08): eligible=995 backward_ok=995 max=2.513e-02 rms=8.575e-04
  outputs: output_sf30/matrix128/g_s4_l16_r3005_n128/{summary.json,streamlines.csv,timing.json}  wall 4.34 s
== [matrix128] g_s4_l16_r3005_n128: exit 0, 7.642 s
== [ladder] g_s025_l8_r3001_n64: build/v100-release/closure_gate --field gaussian --n 64 --sigma2 0.25 --ell 0.125 --seed 3001 --tols 1e-6,1e-8,1e-10,1e-12 --working-tol 1e-8 --out output_sf30/ladder/g_s025_l8_r3001_n64
command: build/v100-release/closure_gate --field gaussian --n 64 --sigma2 0.25 --ell 0.125 --seed 3001 --tols 1e-6,1e-8,1e-10,1e-12 --working-tol 1e-8 --out output_sf30/ladder/g_s025_l8_r3001_n64
closure_gate: field=gaussian grid=64^3 h=0.015625 sigma2=0.25 ell=0.125 seed=3001 seeds=1024 threads=32
  Y: mean=2.198343e-16 var=2.500000e-01 min=-2.055292e+00 max=1.846885e+00
  Darcy: mg_levels=5 (coarsest 4^3) pcg_rtol=1.0e-10 max_iter=1000 iterations=(10,10,10) rel_res=(6.45e-12,6.90e-12,5.18e-12) converged=yes
  G=(9.5357301308e-01, 2.9330509674e-04, 6.0045370913e-03) mean_flux=(1.000e+00, -4.293e-18, 3.377e-18) div_max=1.10e-09
  spline gpu-vs-host prefilter rel=2.41e-15  g: min_g1=4.4247e-01 min|g|=4.4368e-01 max|g|=1.8992e+00 backflow_fraction=0.0000e+00 v_rms=1.0906e+00
  tol=1e-06  ok=1024/1024 (seed_backflow=0, non_ok_fraction=0.000e+00, ok_with_backflow=0) nfev/streamline-period=410.3
    n=1: R=1.2801e-02 mean=(-1.9501e-04, -9.1589e-05) max|d|=3.9112e-02 rms|d|=1.2802e-02 | flux-weighted: R=1.1754e-02 mean=(3.0153e-04, -1.4579e-05) <tau>_w=0.9958431518
    ladder vs 1e-12 at n=1: max=7.823e-07 rms=2.254e-07 (both_ok=1024, status_differs=0)
  tol=1e-08  ok=1024/1024 (seed_backflow=0, non_ok_fraction=0.000e+00, ok_with_backflow=0) nfev/streamline-period=410.8
    n=1: R=1.2801e-02 mean=(-1.9501e-04, -9.1586e-05) max|d|=3.9112e-02 rms|d|=1.2802e-02 | flux-weighted: R=1.1754e-02 mean=(3.0153e-04, -1.4580e-05) <tau>_w=0.9958431325
    ladder vs 1e-12 at n=1: max=7.823e-07 rms=2.158e-07 (both_ok=1024, status_differs=0)
  tol=1e-10  ok=1024/1024 (seed_backflow=0, non_ok_fraction=0.000e+00, ok_with_backflow=0) nfev/streamline-period=1254.0
    n=1: R=1.2801e-02 mean=(-1.9502e-04, -9.1581e-05) max|d|=3.9112e-02 rms|d|=1.2802e-02 | flux-weighted: R=1.1754e-02 mean=(3.0152e-04, -1.4573e-05) <tau>_w=0.9958431559
    ladder vs 1e-12 at n=1: max=6.541e-08 rms=1.596e-08 (both_ok=1024, status_differs=0)
  tol=1e-12  ok=1024/1024 (seed_backflow=0, non_ok_fraction=0.000e+00, ok_with_backflow=0) nfev/streamline-period=2848.5
    n=1: R=1.2801e-02 mean=(-1.9502e-04, -9.1583e-05) max|d|=3.9112e-02 rms|d|=1.2802e-02 | flux-weighted: R=1.1754e-02 mean=(3.0152e-04, -1.4574e-05) <tau>_w=0.9958431564
  round trip (tol=1e-08): eligible=1024 backward_ok=1024 max=1.388e-06 rms=2.984e-07
  outputs: output_sf30/ladder/g_s025_l8_r3001_n64/{summary.json,streamlines.csv,timing.json}  wall 1.27 s
== [ladder] g_s025_l8_r3001_n64: exit 0, 4.685 s
== [ladder] g_s025_l8_r3001_n256: build/v100-release/closure_gate --field gaussian --n 256 --sigma2 0.25 --ell 0.125 --seed 3001 --tols 1e-6,1e-8,1e-10,1e-12 --working-tol 1e-8 --out output_sf30/ladder/g_s025_l8_r3001_n256
command: build/v100-release/closure_gate --field gaussian --n 256 --sigma2 0.25 --ell 0.125 --seed 3001 --tols 1e-6,1e-8,1e-10,1e-12 --working-tol 1e-8 --out output_sf30/ladder/g_s025_l8_r3001_n256
closure_gate: field=gaussian grid=256^3 h=0.00390625 sigma2=0.25 ell=0.125 seed=3001 seeds=1024 threads=32
  Y: mean=1.331806e-15 var=2.500000e-01 min=-2.071543e+00 max=1.857313e+00
  Darcy: mg_levels=7 (coarsest 4^3) pcg_rtol=1.0e-10 max_iter=1000 iterations=(10,10,10) rel_res=(2.79e-11,2.95e-11,2.15e-11) converged=yes
  G=(9.5280519693e-01, 2.9977904815e-04, 6.0528534455e-03) mean_flux=(1.000e+00, 2.694e-18, -2.120e-18) div_max=6.48e-09
  spline gpu-vs-host prefilter rel=3.86e-15  g: min_g1=4.3960e-01 min|g|=4.4139e-01 max|g|=1.9177e+00 backflow_fraction=0.0000e+00 v_rms=1.0893e+00
  tol=1e-06  ok=1024/1024 (seed_backflow=0, non_ok_fraction=0.000e+00, ok_with_backflow=0) nfev/streamline-period=1579.4
    n=1: R=1.2763e-02 mean=(-1.8792e-04, -1.0221e-05) max|d|=3.9189e-02 rms|d|=1.2765e-02 | flux-weighted: R=1.1715e-02 mean=(3.0543e-04, 7.0818e-05) <tau>_w=0.9972854326
    ladder vs 1e-12 at n=1: max=8.630e-09 rms=2.493e-09 (both_ok=1024, status_differs=0)
  tol=1e-08  ok=1024/1024 (seed_backflow=0, non_ok_fraction=0.000e+00, ok_with_backflow=0) nfev/streamline-period=1579.4
    n=1: R=1.2763e-02 mean=(-1.8792e-04, -1.0221e-05) max|d|=3.9189e-02 rms|d|=1.2765e-02 | flux-weighted: R=1.1715e-02 mean=(3.0543e-04, 7.0818e-05) <tau>_w=0.9972854326
    ladder vs 1e-12 at n=1: max=8.630e-09 rms=2.493e-09 (both_ok=1024, status_differs=0)
  tol=1e-10  ok=1024/1024 (seed_backflow=0, non_ok_fraction=0.000e+00, ok_with_backflow=0) nfev/streamline-period=1579.6
    n=1: R=1.2763e-02 mean=(-1.8792e-04, -1.0221e-05) max|d|=3.9189e-02 rms|d|=1.2765e-02 | flux-weighted: R=1.1715e-02 mean=(3.0543e-04, 7.0818e-05) <tau>_w=0.9972854331
    ladder vs 1e-12 at n=1: max=8.630e-09 rms=2.505e-09 (both_ok=1024, status_differs=0)
  tol=1e-12  ok=1024/1024 (seed_backflow=0, non_ok_fraction=0.000e+00, ok_with_backflow=0) nfev/streamline-period=2694.3
    n=1: R=1.2763e-02 mean=(-1.8792e-04, -1.0221e-05) max|d|=3.9189e-02 rms|d|=1.2765e-02 | flux-weighted: R=1.1715e-02 mean=(3.0543e-04, 7.0818e-05) <tau>_w=0.9972854322
  round trip (tol=1e-08): eligible=1024 backward_ok=1024 max=1.731e-08 rms=3.402e-09
  outputs: output_sf30/ladder/g_s025_l8_r3001_n256/{summary.json,streamlines.csv,timing.json}  wall 4.57 s
== [ladder] g_s025_l8_r3001_n256: exit 0, 8.111 s
== [ladder] g_s025_l16_r3001_n64: build/v100-release/closure_gate --field gaussian --n 64 --sigma2 0.25 --ell 0.0625 --seed 3001 --tols 1e-6,1e-8,1e-10,1e-12 --working-tol 1e-8 --out output_sf30/ladder/g_s025_l16_r3001_n64
command: build/v100-release/closure_gate --field gaussian --n 64 --sigma2 0.25 --ell 0.0625 --seed 3001 --tols 1e-6,1e-8,1e-10,1e-12 --working-tol 1e-8 --out output_sf30/ladder/g_s025_l16_r3001_n64
closure_gate: field=gaussian grid=64^3 h=0.015625 sigma2=0.25 ell=0.0625 seed=3001 seeds=1024 threads=32
  Y: mean=-2.822441e-17 var=2.500000e-01 min=-2.164235e+00 max=2.461426e+00
  Darcy: mg_levels=5 (coarsest 4^3) pcg_rtol=1.0e-10 max_iter=1000 iterations=(10,10,10) rel_res=(3.75e-12,6.13e-12,4.84e-12) converged=yes
  G=(9.5867913125e-01, -2.3709261911e-04, 2.4517200529e-03) mean_flux=(1.000e+00, 3.424e-18, 3.136e-18) div_max=2.40e-09
  spline gpu-vs-host prefilter rel=2.54e-15  g: min_g1=3.4465e-01 min|g|=3.4531e-01 max|g|=1.9413e+00 backflow_fraction=0.0000e+00 v_rms=1.0914e+00
  tol=1e-06  ok=1024/1024 (seed_backflow=0, non_ok_fraction=0.000e+00, ok_with_backflow=0) nfev/streamline-period=410.8
    n=1: R=1.1600e-02 mean=(2.1077e-04, 1.9050e-04) max|d|=3.6731e-02 rms|d|=1.1604e-02 | flux-weighted: R=1.1068e-02 mean=(-1.3682e-05, 2.0042e-04) <tau>_w=0.9972925514
    ladder vs 1e-12 at n=1: max=4.348e-06 rms=9.674e-07 (both_ok=1024, status_differs=0)
  tol=1e-08  ok=1024/1024 (seed_backflow=0, non_ok_fraction=0.000e+00, ok_with_backflow=0) nfev/streamline-period=488.5
    n=1: R=1.1600e-02 mean=(2.1077e-04, 1.9056e-04) max|d|=3.6731e-02 rms|d|=1.1604e-02 | flux-weighted: R=1.1068e-02 mean=(-1.3679e-05, 2.0048e-04) <tau>_w=0.9972927377
    ladder vs 1e-12 at n=1: max=2.033e-06 rms=5.752e-07 (both_ok=1024, status_differs=0)
  tol=1e-10  ok=1024/1024 (seed_backflow=0, non_ok_fraction=0.000e+00, ok_with_backflow=0) nfev/streamline-period=1857.7
    n=1: R=1.1600e-02 mean=(2.1075e-04, 1.9055e-04) max|d|=3.6731e-02 rms|d|=1.1604e-02 | flux-weighted: R=1.1068e-02 mean=(-1.3688e-05, 2.0046e-04) <tau>_w=0.9972925910
    ladder vs 1e-12 at n=1: max=6.993e-08 rms=1.744e-08 (both_ok=1024, status_differs=0)
  tol=1e-12  ok=1024/1024 (seed_backflow=0, non_ok_fraction=0.000e+00, ok_with_backflow=0) nfev/streamline-period=4033.1
    n=1: R=1.1600e-02 mean=(2.1075e-04, 1.9055e-04) max|d|=3.6731e-02 rms|d|=1.1604e-02 | flux-weighted: R=1.1068e-02 mean=(-1.3688e-05, 2.0046e-04) <tau>_w=0.9972925976
  round trip (tol=1e-08): eligible=1024 backward_ok=1024 max=2.940e-06 rms=8.339e-07
  outputs: output_sf30/ladder/g_s025_l16_r3001_n64/{summary.json,streamlines.csv,timing.json}  wall 1.31 s
== [ladder] g_s025_l16_r3001_n64: exit 0, 4.691 s
== [ladder] g_s025_l16_r3001_n256: build/v100-release/closure_gate --field gaussian --n 256 --sigma2 0.25 --ell 0.0625 --seed 3001 --tols 1e-6,1e-8,1e-10,1e-12 --working-tol 1e-8 --out output_sf30/ladder/g_s025_l16_r3001_n256
command: build/v100-release/closure_gate --field gaussian --n 256 --sigma2 0.25 --ell 0.0625 --seed 3001 --tols 1e-6,1e-8,1e-10,1e-12 --working-tol 1e-8 --out output_sf30/ladder/g_s025_l16_r3001_n256
closure_gate: field=gaussian grid=256^3 h=0.00390625 sigma2=0.25 ell=0.0625 seed=3001 seeds=1024 threads=32
  Y: mean=2.037162e-17 var=2.500000e-01 min=-2.222252e+00 max=2.515084e+00
  Darcy: mg_levels=7 (coarsest 4^3) pcg_rtol=1.0e-10 max_iter=1000 iterations=(10,10,10) rel_res=(2.07e-11,3.15e-11,2.58e-11) converged=yes
  G=(9.5591682679e-01, -2.4143765924e-04, 2.4984320703e-03) mean_flux=(1.000e+00, 9.391e-19, 5.760e-20) div_max=3.31e-08
  spline gpu-vs-host prefilter rel=3.91e-15  g: min_g1=3.3531e-01 min|g|=3.3562e-01 max|g|=2.0127e+00 backflow_fraction=0.0000e+00 v_rms=1.0866e+00
  tol=1e-06  ok=1024/1024 (seed_backflow=0, non_ok_fraction=0.000e+00, ok_with_backflow=0) nfev/streamline-period=1580.7
    n=1: R=1.1533e-02 mean=(1.6818e-04, 2.6464e-04) max|d|=3.5180e-02 rms|d|=1.1538e-02 | flux-weighted: R=1.1028e-02 mean=(-5.2636e-05, 2.6968e-04) <tau>_w=1.0018295863
    ladder vs 1e-12 at n=1: max=7.041e-08 rms=1.964e-08 (both_ok=1024, status_differs=0)
  tol=1e-08  ok=1024/1024 (seed_backflow=0, non_ok_fraction=0.000e+00, ok_with_backflow=0) nfev/streamline-period=1580.7
    n=1: R=1.1533e-02 mean=(1.6818e-04, 2.6464e-04) max|d|=3.5180e-02 rms|d|=1.1538e-02 | flux-weighted: R=1.1028e-02 mean=(-5.2636e-05, 2.6968e-04) <tau>_w=1.0018295863
    ladder vs 1e-12 at n=1: max=7.041e-08 rms=1.964e-08 (both_ok=1024, status_differs=0)
  tol=1e-10  ok=1024/1024 (seed_backflow=0, non_ok_fraction=0.000e+00, ok_with_backflow=0) nfev/streamline-period=1606.4
    n=1: R=1.1533e-02 mean=(1.6818e-04, 2.6464e-04) max|d|=3.5180e-02 rms|d|=1.1538e-02 | flux-weighted: R=1.1028e-02 mean=(-5.2637e-05, 2.6969e-04) <tau>_w=1.0018295908
    ladder vs 1e-12 at n=1: max=4.724e-08 rms=1.463e-08 (both_ok=1024, status_differs=0)
  tol=1e-12  ok=1024/1024 (seed_backflow=0, non_ok_fraction=0.000e+00, ok_with_backflow=0) nfev/streamline-period=6550.9
    n=1: R=1.1533e-02 mean=(1.6818e-04, 2.6464e-04) max|d|=3.5180e-02 rms|d|=1.1538e-02 | flux-weighted: R=1.1028e-02 mean=(-5.2637e-05, 2.6968e-04) <tau>_w=1.0018295800
  round trip (tol=1e-08): eligible=1024 backward_ok=1024 max=9.393e-08 rms=2.704e-08
  outputs: output_sf30/ladder/g_s025_l16_r3001_n256/{summary.json,streamlines.csv,timing.json}  wall 4.69 s
== [ladder] g_s025_l16_r3001_n256: exit 0, 8.370 s
== [ladder] g_s1_l8_r3001_n64: build/v100-release/closure_gate --field gaussian --n 64 --sigma2 1 --ell 0.125 --seed 3001 --tols 1e-6,1e-8,1e-10,1e-12 --working-tol 1e-8 --out output_sf30/ladder/g_s1_l8_r3001_n64
command: build/v100-release/closure_gate --field gaussian --n 64 --sigma2 1 --ell 0.125 --seed 3001 --tols 1e-6,1e-8,1e-10,1e-12 --working-tol 1e-8 --out output_sf30/ladder/g_s1_l8_r3001_n64
closure_gate: field=gaussian grid=64^3 h=0.015625 sigma2=1 ell=0.125 seed=3001 seeds=1024 threads=32
  Y: mean=4.396685e-16 var=1.000000e+00 min=-4.110584e+00 max=3.693769e+00
  Darcy: mg_levels=5 (coarsest 4^3) pcg_rtol=1.0e-10 max_iter=1000 iterations=(20,20,20) rel_res=(1.01e-14,9.92e-15,8.80e-15) converged=yes
  G=(8.3220340645e-01, -3.9046575016e-03, 2.2373777212e-02) mean_flux=(1.000e+00, 5.719e-18, -9.385e-18) div_max=1.01e-11
  spline gpu-vs-host prefilter rel=2.95e-15  g: min_g1=1.4438e-01 min|g|=1.4938e-01 max|g|=2.7782e+00 backflow_fraction=0.0000e+00 v_rms=1.3672e+00
  tol=1e-06  ok=1024/1024 (seed_backflow=0, non_ok_fraction=0.000e+00, ok_with_backflow=0) nfev/streamline-period=426.6
    n=1: R=5.3248e-02 mean=(-4.1658e-03, -8.1085e-04) max|d|=1.5321e-01 rms|d|=5.3417e-02 | flux-weighted: R=4.2331e-02 mean=(8.2632e-04, 2.8337e-04) <tau>_w=0.9852253417
    ladder vs 1e-12 at n=1: max=4.660e-06 rms=8.166e-07 (both_ok=1024, status_differs=0)
  tol=1e-08  ok=1024/1024 (seed_backflow=0, non_ok_fraction=0.000e+00, ok_with_backflow=0) nfev/streamline-period=445.4
    n=1: R=5.3248e-02 mean=(-4.1658e-03, -8.1083e-04) max|d|=1.5321e-01 rms|d|=5.3417e-02 | flux-weighted: R=4.2331e-02 mean=(8.2632e-04, 2.8338e-04) <tau>_w=0.9852256133
    ladder vs 1e-12 at n=1: max=2.437e-06 rms=6.049e-07 (both_ok=1024, status_differs=0)
  tol=1e-10  ok=1024/1024 (seed_backflow=0, non_ok_fraction=0.000e+00, ok_with_backflow=0) nfev/streamline-period=1632.2
    n=1: R=5.3248e-02 mean=(-4.1658e-03, -8.1086e-04) max|d|=1.5321e-01 rms|d|=5.3417e-02 | flux-weighted: R=4.2331e-02 mean=(8.2633e-04, 2.8335e-04) <tau>_w=0.9852253790
    ladder vs 1e-12 at n=1: max=1.574e-07 rms=2.954e-08 (both_ok=1024, status_differs=0)
  tol=1e-12  ok=1024/1024 (seed_backflow=0, non_ok_fraction=0.000e+00, ok_with_backflow=0) nfev/streamline-period=3709.4
    n=1: R=5.3248e-02 mean=(-4.1658e-03, -8.1086e-04) max|d|=1.5321e-01 rms|d|=5.3417e-02 | flux-weighted: R=4.2331e-02 mean=(8.2633e-04, 2.8335e-04) <tau>_w=0.9852253971
  round trip (tol=1e-08): eligible=1024 backward_ok=1024 max=7.173e-06 rms=1.125e-06
  outputs: output_sf30/ladder/g_s1_l8_r3001_n64/{summary.json,streamlines.csv,timing.json}  wall 2.29 s
== [ladder] g_s1_l8_r3001_n64: exit 0, 5.787 s
== [ladder] g_s1_l8_r3001_n256: build/v100-release/closure_gate --field gaussian --n 256 --sigma2 1 --ell 0.125 --seed 3001 --tols 1e-6,1e-8,1e-10,1e-12 --working-tol 1e-8 --out output_sf30/ladder/g_s1_l8_r3001_n256
command: build/v100-release/closure_gate --field gaussian --n 256 --sigma2 1 --ell 0.125 --seed 3001 --tols 1e-6,1e-8,1e-10,1e-12 --working-tol 1e-8 --out output_sf30/ladder/g_s1_l8_r3001_n256
closure_gate: field=gaussian grid=256^3 h=0.00390625 sigma2=1 ell=0.125 seed=3001 seeds=1024 threads=32
  Y: mean=2.663612e-15 var=1.000000e+00 min=-4.143085e+00 max=3.714626e+00
  Darcy: mg_levels=7 (coarsest 4^3) pcg_rtol=1.0e-10 max_iter=1000 iterations=(20,20,20) rel_res=(1.57e-13,1.50e-13,1.35e-13) converged=yes
  G=(8.2973625343e-01, -3.8634669893e-03, 2.2478046370e-02) mean_flux=(1.000e+00, -1.025e-17, -1.983e-17) div_max=2.53e-10
  spline gpu-vs-host prefilter rel=3.77e-15  g: min_g1=1.4286e-01 min|g|=1.4747e-01 max|g|=2.8352e+00 backflow_fraction=0.0000e+00 v_rms=1.3609e+00
  tol=1e-06  ok=1024/1024 (seed_backflow=0, non_ok_fraction=0.000e+00, ok_with_backflow=0) nfev/streamline-period=1646.1
    n=1: R=5.3117e-02 mean=(-4.1284e-03, -3.9359e-04) max|d|=1.5229e-01 rms|d|=5.3279e-02 | flux-weighted: R=4.2132e-02 mean=(8.1422e-04, 7.0659e-04) <tau>_w=0.9895122825
    ladder vs 1e-12 at n=1: max=4.876e-08 rms=7.637e-09 (both_ok=1024, status_differs=0)
  tol=1e-08  ok=1024/1024 (seed_backflow=0, non_ok_fraction=0.000e+00, ok_with_backflow=0) nfev/streamline-period=1646.1
    n=1: R=5.3117e-02 mean=(-4.1284e-03, -3.9359e-04) max|d|=1.5229e-01 rms|d|=5.3279e-02 | flux-weighted: R=4.2132e-02 mean=(8.1422e-04, 7.0659e-04) <tau>_w=0.9895122825
    ladder vs 1e-12 at n=1: max=4.876e-08 rms=7.637e-09 (both_ok=1024, status_differs=0)
  tol=1e-10  ok=1024/1024 (seed_backflow=0, non_ok_fraction=0.000e+00, ok_with_backflow=0) nfev/streamline-period=1651.0
    n=1: R=5.3117e-02 mean=(-4.1284e-03, -3.9359e-04) max|d|=1.5229e-01 rms|d|=5.3279e-02 | flux-weighted: R=4.2132e-02 mean=(8.1422e-04, 7.0659e-04) <tau>_w=0.9895122763
    ladder vs 1e-12 at n=1: max=4.778e-08 rms=7.165e-09 (both_ok=1024, status_differs=0)
  tol=1e-12  ok=1024/1024 (seed_backflow=0, non_ok_fraction=0.000e+00, ok_with_backflow=0) nfev/streamline-period=5280.7
    n=1: R=5.3117e-02 mean=(-4.1284e-03, -3.9359e-04) max|d|=1.5229e-01 rms|d|=5.3279e-02 | flux-weighted: R=4.2132e-02 mean=(8.1422e-04, 7.0659e-04) <tau>_w=0.9895122815
  round trip (tol=1e-08): eligible=1024 backward_ok=1024 max=6.827e-08 rms=1.158e-08
  outputs: output_sf30/ladder/g_s1_l8_r3001_n256/{summary.json,streamlines.csv,timing.json}  wall 6.80 s
== [ladder] g_s1_l8_r3001_n256: exit 0, 10.487 s
== [ladder] g_s1_l16_r3001_n64: build/v100-release/closure_gate --field gaussian --n 64 --sigma2 1 --ell 0.0625 --seed 3001 --tols 1e-6,1e-8,1e-10,1e-12 --working-tol 1e-8 --out output_sf30/ladder/g_s1_l16_r3001_n64
command: build/v100-release/closure_gate --field gaussian --n 64 --sigma2 1 --ell 0.0625 --seed 3001 --tols 1e-6,1e-8,1e-10,1e-12 --working-tol 1e-8 --out output_sf30/ladder/g_s1_l16_r3001_n64
closure_gate: field=gaussian grid=64^3 h=0.015625 sigma2=1 ell=0.0625 seed=3001 seeds=1024 threads=32
  Y: mean=-5.644882e-17 var=1.000000e+00 min=-4.328470e+00 max=4.922851e+00
  Darcy: mg_levels=5 (coarsest 4^3) pcg_rtol=1.0e-10 max_iter=1000 iterations=(20,20,20) rel_res=(3.39e-15,3.55e-15,3.50e-15) converged=yes
  G=(8.4825229664e-01, -2.0476319360e-03, 8.9690743060e-03) mean_flux=(1.000e+00, -4.323e-18, -6.657e-18) div_max=1.70e-11
  spline gpu-vs-host prefilter rel=2.73e-15  g: min_g1=7.0155e-02 min|g|=7.0602e-02 max|g|=2.8523e+00 backflow_fraction=0.0000e+00 v_rms=1.3774e+00
  tol=1e-06  ok=1024/1024 (seed_backflow=0, non_ok_fraction=0.000e+00, ok_with_backflow=0) nfev/streamline-period=427.0
    n=1: R=5.0919e-02 mean=(2.8417e-05, -3.9860e-04) max|d|=1.5882e-01 rms|d|=5.0921e-02 | flux-weighted: R=4.7112e-02 mean=(-1.3783e-03, 2.4791e-04) <tau>_w=0.9897745887
    ladder vs 1e-12 at n=1: max=3.485e-05 rms=5.852e-06 (both_ok=1024, status_differs=0)
  tol=1e-08  ok=1024/1024 (seed_backflow=0, non_ok_fraction=0.000e+00, ok_with_backflow=0) nfev/streamline-period=805.8
    n=1: R=5.0919e-02 mean=(2.8543e-05, -3.9867e-04) max|d|=1.5882e-01 rms|d|=5.0921e-02 | flux-weighted: R=4.7112e-02 mean=(-1.3783e-03, 2.4805e-04) <tau>_w=0.9897718415
    ladder vs 1e-12 at n=1: max=1.062e-05 rms=1.668e-06 (both_ok=1024, status_differs=0)
  tol=1e-10  ok=1024/1024 (seed_backflow=0, non_ok_fraction=0.000e+00, ok_with_backflow=0) nfev/streamline-period=2394.5
    n=1: R=5.0919e-02 mean=(2.8662e-05, -3.9868e-04) max|d|=1.5882e-01 rms|d|=5.0921e-02 | flux-weighted: R=4.7112e-02 mean=(-1.3783e-03, 2.4802e-04) <tau>_w=0.9897733725
    ladder vs 1e-12 at n=1: max=3.410e-07 rms=3.727e-08 (both_ok=1024, status_differs=0)
  tol=1e-12  ok=1024/1024 (seed_backflow=0, non_ok_fraction=0.000e+00, ok_with_backflow=0) nfev/streamline-period=5263.9
    n=1: R=5.0919e-02 mean=(2.8663e-05, -3.9868e-04) max|d|=1.5882e-01 rms|d|=5.0921e-02 | flux-weighted: R=4.7112e-02 mean=(-1.3783e-03, 2.4802e-04) <tau>_w=0.9897733905
  round trip (tol=1e-08): eligible=1024 backward_ok=1024 max=3.115e-05 rms=3.072e-06
  outputs: output_sf30/ladder/g_s1_l16_r3001_n64/{summary.json,streamlines.csv,timing.json}  wall 2.34 s
== [ladder] g_s1_l16_r3001_n64: exit 0, 5.865 s
== [ladder] g_s1_l16_r3001_n256: build/v100-release/closure_gate --field gaussian --n 256 --sigma2 1 --ell 0.0625 --seed 3001 --tols 1e-6,1e-8,1e-10,1e-12 --working-tol 1e-8 --out output_sf30/ladder/g_s1_l16_r3001_n256
command: build/v100-release/closure_gate --field gaussian --n 256 --sigma2 1 --ell 0.0625 --seed 3001 --tols 1e-6,1e-8,1e-10,1e-12 --working-tol 1e-8 --out output_sf30/ladder/g_s1_l16_r3001_n256
closure_gate: field=gaussian grid=256^3 h=0.00390625 sigma2=1 ell=0.0625 seed=3001 seeds=1024 threads=32
  Y: mean=4.074324e-17 var=1.000000e+00 min=-4.444504e+00 max=5.030167e+00
  Darcy: mg_levels=7 (coarsest 4^3) pcg_rtol=1.0e-10 max_iter=1000 iterations=(20,20,20) rel_res=(5.11e-14,5.72e-14,5.53e-14) converged=yes
  G=(8.3930891915e-01, -2.0458022751e-03, 8.9980199831e-03) mean_flux=(1.000e+00, -4.822e-18, 1.254e-18) div_max=4.04e-10
  spline gpu-vs-host prefilter rel=3.43e-15  g: min_g1=6.6460e-02 min|g|=6.6788e-02 max|g|=3.0320e+00 backflow_fraction=0.0000e+00 v_rms=1.3546e+00
  tol=1e-06  ok=1024/1024 (seed_backflow=0, non_ok_fraction=0.000e+00, ok_with_backflow=0) nfev/streamline-period=1649.3
    n=1: R=5.0078e-02 mean=(1.3105e-04, -2.0099e-04) max|d|=1.6056e-01 rms|d|=5.0079e-02 | flux-weighted: R=4.6486e-02 mean=(-1.3208e-03, 4.0646e-04) <tau>_w=1.0021250705
    ladder vs 1e-12 at n=1: max=6.361e-07 rms=7.773e-08 (both_ok=1024, status_differs=0)
  tol=1e-08  ok=1024/1024 (seed_backflow=0, non_ok_fraction=0.000e+00, ok_with_backflow=0) nfev/streamline-period=1649.3
    n=1: R=5.0078e-02 mean=(1.3105e-04, -2.0099e-04) max|d|=1.6056e-01 rms|d|=5.0079e-02 | flux-weighted: R=4.6486e-02 mean=(-1.3208e-03, 4.0646e-04) <tau>_w=1.0021250705
    ladder vs 1e-12 at n=1: max=6.361e-07 rms=7.773e-08 (both_ok=1024, status_differs=0)
  tol=1e-10  ok=1024/1024 (seed_backflow=0, non_ok_fraction=0.000e+00, ok_with_backflow=0) nfev/streamline-period=2034.5
    n=1: R=5.0078e-02 mean=(1.3105e-04, -2.0098e-04) max|d|=1.6056e-01 rms|d|=5.0079e-02 | flux-weighted: R=4.6486e-02 mean=(-1.3208e-03, 4.0646e-04) <tau>_w=1.0021250901
    ladder vs 1e-12 at n=1: max=2.179e-07 rms=3.178e-08 (both_ok=1024, status_differs=0)
  tol=1e-12  ok=1024/1024 (seed_backflow=0, non_ok_fraction=0.000e+00, ok_with_backflow=0) nfev/streamline-period=8108.2
    n=1: R=5.0078e-02 mean=(1.3105e-04, -2.0098e-04) max|d|=1.6056e-01 rms|d|=5.0079e-02 | flux-weighted: R=4.6486e-02 mean=(-1.3208e-03, 4.0646e-04) <tau>_w=1.0021250933
  round trip (tol=1e-08): eligible=1024 backward_ok=1024 max=7.979e-07 rms=1.180e-07
  outputs: output_sf30/ladder/g_s1_l16_r3001_n256/{summary.json,streamlines.csv,timing.json}  wall 6.86 s
== [ladder] g_s1_l16_r3001_n256: exit 0, 10.557 s
== [ladder] g_s4_l8_r3001_n64: build/v100-release/closure_gate --field gaussian --n 64 --sigma2 4 --ell 0.125 --seed 3001 --tols 1e-6,1e-8,1e-10,1e-12 --working-tol 1e-8 --out output_sf30/ladder/g_s4_l8_r3001_n64
command: build/v100-release/closure_gate --field gaussian --n 64 --sigma2 4 --ell 0.125 --seed 3001 --tols 1e-6,1e-8,1e-10,1e-12 --working-tol 1e-8 --out output_sf30/ladder/g_s4_l8_r3001_n64
closure_gate: field=gaussian grid=64^3 h=0.015625 sigma2=4 ell=0.125 seed=3001 seeds=1024 threads=32
  Y: mean=8.793371e-16 var=4.000000e+00 min=-8.221168e+00 max=7.387538e+00
  Darcy: mg_levels=5 (coarsest 4^3) pcg_rtol=1.0e-10 max_iter=1000 iterations=(20,20,20) rel_res=(7.26e-12,7.57e-12,7.73e-12) converged=yes
  G=(5.2675483410e-01, -2.6629837679e-02, 5.6847386498e-02) mean_flux=(1.000e+00, -2.971e-17, 5.529e-18) div_max=1.82e-07
  spline gpu-vs-host prefilter rel=3.79e-15  g: min_g1=8.3669e-03 min|g|=9.9487e-03 max|g|=3.7120e+00 backflow_fraction=0.0000e+00 v_rms=2.3723e+00
  tol=1e-06  ok=1024/1024 (seed_backflow=0, non_ok_fraction=0.000e+00, ok_with_backflow=0) nfev/streamline-period=480.2
    n=1: R=1.6055e-01 mean=(-5.2987e-03, -2.0916e-03) max|d|=4.3050e-01 rms|d|=1.6065e-01 | flux-weighted: R=1.2897e-01 mean=(6.3841e-03, -1.5407e-03) <tau>_w=0.9914465955
    ladder vs 1e-12 at n=1: max=3.481e-04 rms=1.528e-05 (both_ok=1024, status_differs=0)
  tol=1e-08  ok=1024/1024 (seed_backflow=0, non_ok_fraction=0.000e+00, ok_with_backflow=0) nfev/streamline-period=686.9
    n=1: R=1.6055e-01 mean=(-5.2985e-03, -2.0909e-03) max|d|=4.3050e-01 rms|d|=1.6065e-01 | flux-weighted: R=1.2897e-01 mean=(6.3841e-03, -1.5402e-03) <tau>_w=0.9914246288
    ladder vs 1e-12 at n=1: max=2.613e-04 rms=8.786e-06 (both_ok=1024, status_differs=0)
  tol=1e-10  ok=1024/1024 (seed_backflow=0, non_ok_fraction=0.000e+00, ok_with_backflow=0) nfev/streamline-period=2349.3
    n=1: R=1.6055e-01 mean=(-5.2987e-03, -2.0911e-03) max|d|=4.3050e-01 rms|d|=1.6065e-01 | flux-weighted: R=1.2897e-01 mean=(6.3838e-03, -1.5403e-03) <tau>_w=0.9914118833
    ladder vs 1e-12 at n=1: max=4.329e-06 rms=1.826e-07 (both_ok=1024, status_differs=0)
  tol=1e-12  ok=1024/1024 (seed_backflow=0, non_ok_fraction=0.000e+00, ok_with_backflow=0) nfev/streamline-period=5358.7
    n=1: R=1.6055e-01 mean=(-5.2987e-03, -2.0911e-03) max|d|=4.3050e-01 rms|d|=1.6065e-01 | flux-weighted: R=1.2897e-01 mean=(6.3838e-03, -1.5403e-03) <tau>_w=0.9914118862
  round trip (tol=1e-08): eligible=1024 backward_ok=1024 max=3.485e-04 rms=2.686e-05
  outputs: output_sf30/ladder/g_s4_l8_r3001_n64/{summary.json,streamlines.csv,timing.json}  wall 2.35 s
== [ladder] g_s4_l8_r3001_n64: exit 0, 5.923 s
== [ladder] g_s4_l8_r3001_n256: build/v100-release/closure_gate --field gaussian --n 256 --sigma2 4 --ell 0.125 --seed 3001 --tols 1e-6,1e-8,1e-10,1e-12 --working-tol 1e-8 --out output_sf30/ladder/g_s4_l8_r3001_n256
command: build/v100-release/closure_gate --field gaussian --n 256 --sigma2 4 --ell 0.125 --seed 3001 --tols 1e-6,1e-8,1e-10,1e-12 --working-tol 1e-8 --out output_sf30/ladder/g_s4_l8_r3001_n256
closure_gate: field=gaussian grid=256^3 h=0.00390625 sigma2=4 ell=0.125 seed=3001 seeds=1024 threads=32
  Y: mean=5.327223e-15 var=4.000000e+00 min=-8.286170e+00 max=7.429252e+00
  Darcy: mg_levels=7 (coarsest 4^3) pcg_rtol=1.0e-10 max_iter=1000 iterations=(20,20,20) rel_res=(4.39e-11,4.80e-11,5.07e-11) converged=yes
  G=(5.2192837960e-01, -2.6341763793e-02, 5.6673121292e-02) mean_flux=(1.000e+00, 1.739e-17, 8.453e-17) div_max=1.88e-06
  spline gpu-vs-host prefilter rel=4.66e-15  g: min_g1=7.5095e-03 min|g|=9.5364e-03 max|g|=3.8725e+00 backflow_fraction=0.0000e+00 v_rms=2.3359e+00
  tol=1e-06  ok=1024/1024 (seed_backflow=0, non_ok_fraction=0.000e+00, ok_with_backflow=0) nfev/streamline-period=1862.9
    n=1: R=1.6177e-01 mean=(-5.5693e-03, 8.7266e-05) max|d|=4.3138e-01 rms|d|=1.6187e-01 | flux-weighted: R=1.3061e-01 mean=(6.5753e-03, -2.2489e-04) <tau>_w=0.9875297342
    ladder vs 1e-12 at n=1: max=5.389e-07 rms=6.308e-08 (both_ok=1024, status_differs=0)
  tol=1e-08  ok=1024/1024 (seed_backflow=0, non_ok_fraction=0.000e+00, ok_with_backflow=0) nfev/streamline-period=1862.9
    n=1: R=1.6177e-01 mean=(-5.5693e-03, 8.7266e-05) max|d|=4.3138e-01 rms|d|=1.6187e-01 | flux-weighted: R=1.3061e-01 mean=(6.5753e-03, -2.2489e-04) <tau>_w=0.9875297342
    ladder vs 1e-12 at n=1: max=5.389e-07 rms=6.308e-08 (both_ok=1024, status_differs=0)
  tol=1e-10  ok=1024/1024 (seed_backflow=0, non_ok_fraction=0.000e+00, ok_with_backflow=0) nfev/streamline-period=2054.5
    n=1: R=1.6177e-01 mean=(-5.5693e-03, 8.7267e-05) max|d|=4.3138e-01 rms|d|=1.6187e-01 | flux-weighted: R=1.3061e-01 mean=(6.5753e-03, -2.2490e-04) <tau>_w=0.9875299219
    ladder vs 1e-12 at n=1: max=8.799e-07 rms=6.280e-08 (both_ok=1024, status_differs=0)
  tol=1e-12  ok=1024/1024 (seed_backflow=0, non_ok_fraction=0.000e+00, ok_with_backflow=0) nfev/streamline-period=8112.9
    n=1: R=1.6177e-01 mean=(-5.5693e-03, 8.7268e-05) max|d|=4.3138e-01 rms|d|=1.6187e-01 | flux-weighted: R=1.3061e-01 mean=(6.5753e-03, -2.2489e-04) <tau>_w=0.9875297742
  round trip (tol=1e-08): eligible=1024 backward_ok=1024 max=5.839e-06 rms=5.221e-07
  outputs: output_sf30/ladder/g_s4_l8_r3001_n256/{summary.json,streamlines.csv,timing.json}  wall 6.88 s
== [ladder] g_s4_l8_r3001_n256: exit 0, 10.298 s
== [ladder] g_s4_l16_r3001_n64: build/v100-release/closure_gate --field gaussian --n 64 --sigma2 4 --ell 0.0625 --seed 3001 --tols 1e-6,1e-8,1e-10,1e-12 --working-tol 1e-8 --out output_sf30/ladder/g_s4_l16_r3001_n64
command: build/v100-release/closure_gate --field gaussian --n 64 --sigma2 4 --ell 0.0625 --seed 3001 --tols 1e-6,1e-8,1e-10,1e-12 --working-tol 1e-8 --out output_sf30/ladder/g_s4_l16_r3001_n64
closure_gate: field=gaussian grid=64^3 h=0.015625 sigma2=4 ell=0.0625 seed=3001 seeds=1024 threads=32
  Y: mean=-1.128976e-16 var=4.000000e+00 min=-8.656940e+00 max=9.845703e+00
  Darcy: mg_levels=5 (coarsest 4^3) pcg_rtol=1.0e-10 max_iter=1000 iterations=(30,30,30) rel_res=(9.53e-15,7.59e-15,9.80e-15) converged=yes
  G=(5.4155623976e-01, -1.3383558422e-02, 2.2518363318e-02) mean_flux=(1.000e+00, 1.626e-17, -1.754e-17) div_max=3.22e-09
  spline gpu-vs-host prefilter rel=2.57e-15  g: min_g1=-1.9663e-01 min|g|=9.6094e-04 max|g|=3.5412e+00 backflow_fraction=8.3923e-04 v_rms=2.5901e+00
  tol=1e-06  ok=1024/1024 (seed_backflow=0, non_ok_fraction=0.000e+00, ok_with_backflow=20) nfev/streamline-period=486.1
    n=1: R=1.3958e-01 mean=(1.5233e-03, 1.2168e-02) max|d|=3.8925e-01 rms|d|=1.4012e-01 | flux-weighted: R=1.3644e-01 mean=(-2.6741e-03, 9.9908e-03) <tau>_w=0.9766775078
    ladder vs 1e-12 at n=1: max=1.218e-03 rms=9.882e-05 (both_ok=1024, status_differs=0)
  tol=1e-08  ok=1024/1024 (seed_backflow=0, non_ok_fraction=0.000e+00, ok_with_backflow=21) nfev/streamline-period=1281.1
    n=1: R=1.3958e-01 mean=(1.5252e-03, 1.2170e-02) max|d|=3.8925e-01 rms|d|=1.4012e-01 | flux-weighted: R=1.3644e-01 mean=(-2.6685e-03, 9.9949e-03) <tau>_w=0.9765648562
    ladder vs 1e-12 at n=1: max=1.234e-04 rms=1.071e-05 (both_ok=1024, status_differs=0)
  tol=1e-10  ok=1024/1024 (seed_backflow=0, non_ok_fraction=0.000e+00, ok_with_backflow=22) nfev/streamline-period=3486.3
    n=1: R=1.3958e-01 mean=(1.5256e-03, 1.2170e-02) max|d|=3.8925e-01 rms|d|=1.4012e-01 | flux-weighted: R=1.3644e-01 mean=(-2.6685e-03, 9.9955e-03) <tau>_w=0.9765479231
    ladder vs 1e-12 at n=1: max=7.855e-06 rms=3.320e-07 (both_ok=1024, status_differs=0)
  tol=1e-12  ok=1024/1024 (seed_backflow=0, non_ok_fraction=0.000e+00, ok_with_backflow=22) nfev/streamline-period=7572.9
    n=1: R=1.3958e-01 mean=(1.5256e-03, 1.2170e-02) max|d|=3.8925e-01 rms|d|=1.4012e-01 | flux-weighted: R=1.3644e-01 mean=(-2.6685e-03, 9.9955e-03) <tau>_w=0.9765483043
  round trip (tol=1e-08): eligible=1003 backward_ok=1003 max=3.909e-03 rms=1.579e-04
  outputs: output_sf30/ladder/g_s4_l16_r3001_n64/{summary.json,streamlines.csv,timing.json}  wall 3.41 s
== [ladder] g_s4_l16_r3001_n64: exit 0, 6.951 s
== [ladder] g_s4_l16_r3001_n256: build/v100-release/closure_gate --field gaussian --n 256 --sigma2 4 --ell 0.0625 --seed 3001 --tols 1e-6,1e-8,1e-10,1e-12 --working-tol 1e-8 --out output_sf30/ladder/g_s4_l16_r3001_n256
command: build/v100-release/closure_gate --field gaussian --n 256 --sigma2 4 --ell 0.0625 --seed 3001 --tols 1e-6,1e-8,1e-10,1e-12 --working-tol 1e-8 --out output_sf30/ladder/g_s4_l16_r3001_n256
closure_gate: field=gaussian grid=256^3 h=0.00390625 sigma2=4 ell=0.0625 seed=3001 seeds=1024 threads=32
  Y: mean=8.148648e-17 var=4.000000e+00 min=-8.889009e+00 max=1.006033e+01
  Darcy: mg_levels=7 (coarsest 4^3) pcg_rtol=1.0e-10 max_iter=1000 iterations=(30,30,30) rel_res=(1.24e-13,1.89e-13,1.78e-13) converged=yes
  G=(5.2405717073e-01, -1.3031667854e-02, 2.1878331048e-02) mean_flux=(1.000e+00, 2.953e-17, -1.038e-17) div_max=1.72e-07
  spline gpu-vs-host prefilter rel=3.82e-15  g: min_g1=-2.0838e-01 min|g|=8.7777e-04 max|g|=4.0306e+00 backflow_fraction=1.0182e-03 v_rms=2.4551e+00
  tol=1e-06  ok=1024/1024 (seed_backflow=0, non_ok_fraction=0.000e+00, ok_with_backflow=26) nfev/streamline-period=1872.0
    n=1: R=1.3542e-01 mean=(3.1907e-03, 7.8174e-03) max|d|=3.5528e-01 rms|d|=1.3568e-01 | flux-weighted: R=1.3336e-01 mean=(-6.8233e-04, 8.1672e-03) <tau>_w=0.9333870744
    ladder vs 1e-12 at n=1: max=2.258e-05 rms=1.399e-06 (both_ok=1024, status_differs=0)
  tol=1e-08  ok=1024/1024 (seed_backflow=0, non_ok_fraction=0.000e+00, ok_with_backflow=26) nfev/streamline-period=1872.4
    n=1: R=1.3542e-01 mean=(3.1907e-03, 7.8174e-03) max|d|=3.5528e-01 rms|d|=1.3568e-01 | flux-weighted: R=1.3336e-01 mean=(-6.8233e-04, 8.1672e-03) <tau>_w=0.9333870502
    ladder vs 1e-12 at n=1: max=2.258e-05 rms=1.377e-06 (both_ok=1024, status_differs=0)
  tol=1e-10  ok=1024/1024 (seed_backflow=0, non_ok_fraction=0.000e+00, ok_with_backflow=26) nfev/streamline-period=3792.8
    n=1: R=1.3542e-01 mean=(3.1907e-03, 7.8173e-03) max|d|=3.5528e-01 rms|d|=1.3568e-01 | flux-weighted: R=1.3336e-01 mean=(-6.8227e-04, 8.1672e-03) <tau>_w=0.9333843029
    ladder vs 1e-12 at n=1: max=7.090e-06 rms=3.572e-07 (both_ok=1024, status_differs=0)
  tol=1e-12  ok=1024/1024 (seed_backflow=0, non_ok_fraction=0.000e+00, ok_with_backflow=27) nfev/streamline-period=11422.8
    n=1: R=1.3542e-01 mean=(3.1907e-03, 7.8174e-03) max|d|=3.5528e-01 rms|d|=1.3568e-01 | flux-weighted: R=1.3336e-01 mean=(-6.8227e-04, 8.1672e-03) <tau>_w=0.9333851299
  round trip (tol=1e-08): eligible=998 backward_ok=998 max=6.657e-05 rms=6.607e-06
  outputs: output_sf30/ladder/g_s4_l16_r3001_n256/{summary.json,streamlines.csv,timing.json}  wall 9.16 s
== [ladder] g_s4_l16_r3001_n256: exit 0, 12.760 s
== [ladder] g_s4_l16_r3002_n256: build/v100-release/closure_gate --field gaussian --n 256 --sigma2 4 --ell 0.0625 --seed 3002 --tols 1e-6,1e-8,1e-10,1e-12 --working-tol 1e-8 --out output_sf30/ladder/g_s4_l16_r3002_n256
command: build/v100-release/closure_gate --field gaussian --n 256 --sigma2 4 --ell 0.0625 --seed 3002 --tols 1e-6,1e-8,1e-10,1e-12 --working-tol 1e-8 --out output_sf30/ladder/g_s4_l16_r3002_n256
closure_gate: field=gaussian grid=256^3 h=0.00390625 sigma2=4 ell=0.0625 seed=3002 seeds=1024 threads=32
  Y: mean=-2.147131e-15 var=4.000000e+00 min=-1.004171e+01 max=7.444907e+00
  Darcy: mg_levels=7 (coarsest 4^3) pcg_rtol=1.0e-10 max_iter=1000 iterations=(30,30,30) rel_res=(7.18e-14,6.07e-14,5.91e-14) converged=yes
  G=(5.4335201330e-01, 4.4933064742e-03, 2.1965891751e-03) mean_flux=(1.000e+00, -2.639e-17, 2.369e-17) div_max=8.87e-09
  spline gpu-vs-host prefilter rel=3.25e-15  g: min_g1=-1.3222e-01 min|g|=6.1147e-03 max|g|=5.1637e+00 backflow_fraction=6.1393e-04 v_rms=2.4415e+00
  tol=1e-06  ok=1024/1024 (seed_backflow=0, non_ok_fraction=0.000e+00, ok_with_backflow=18) nfev/streamline-period=1891.9
    n=1: R=1.6113e-01 mean=(2.0706e-02, 5.7496e-03) max|d|=3.5461e-01 rms|d|=1.6256e-01 | flux-weighted: R=1.4415e-01 mean=(2.5686e-03, 9.7732e-03) <tau>_w=1.0164895496
    ladder vs 1e-12 at n=1: max=1.794e-05 rms=9.830e-07 (both_ok=1024, status_differs=0)
  tol=1e-08  ok=1024/1024 (seed_backflow=0, non_ok_fraction=0.000e+00, ok_with_backflow=18) nfev/streamline-period=1892.0
    n=1: R=1.6113e-01 mean=(2.0706e-02, 5.7496e-03) max|d|=3.5461e-01 rms|d|=1.6256e-01 | flux-weighted: R=1.4415e-01 mean=(2.5686e-03, 9.7732e-03) <tau>_w=1.0164893699
    ladder vs 1e-12 at n=1: max=1.794e-05 rms=9.666e-07 (both_ok=1024, status_differs=0)
  tol=1e-10  ok=1024/1024 (seed_backflow=0, non_ok_fraction=0.000e+00, ok_with_backflow=18) nfev/streamline-period=3863.2
    n=1: R=1.6113e-01 mean=(2.0706e-02, 5.7496e-03) max|d|=3.5461e-01 rms|d|=1.6256e-01 | flux-weighted: R=1.4415e-01 mean=(2.5685e-03, 9.7732e-03) <tau>_w=1.0164893758
    ladder vs 1e-12 at n=1: max=6.759e-06 rms=4.537e-07 (both_ok=1024, status_differs=0)
  tol=1e-12  ok=1024/1024 (seed_backflow=0, non_ok_fraction=0.000e+00, ok_with_backflow=18) nfev/streamline-period=11581.8
    n=1: R=1.6113e-01 mean=(2.0706e-02, 5.7496e-03) max|d|=3.5461e-01 rms|d|=1.6256e-01 | flux-weighted: R=1.4415e-01 mean=(2.5685e-03, 9.7732e-03) <tau>_w=1.0164878680
  round trip (tol=1e-08): eligible=1006 backward_ok=1006 max=9.166e-05 rms=4.926e-06
  outputs: output_sf30/ladder/g_s4_l16_r3002_n256/{summary.json,streamlines.csv,timing.json}  wall 9.12 s
== [ladder] g_s4_l16_r3002_n256: exit 0, 12.721 s
== [ladder] g_s4_l16_r3003_n256: build/v100-release/closure_gate --field gaussian --n 256 --sigma2 4 --ell 0.0625 --seed 3003 --tols 1e-6,1e-8,1e-10,1e-12 --working-tol 1e-8 --out output_sf30/ladder/g_s4_l16_r3003_n256
command: build/v100-release/closure_gate --field gaussian --n 256 --sigma2 4 --ell 0.0625 --seed 3003 --tols 1e-6,1e-8,1e-10,1e-12 --working-tol 1e-8 --out output_sf30/ladder/g_s4_l16_r3003_n256
closure_gate: field=gaussian grid=256^3 h=0.00390625 sigma2=4 ell=0.0625 seed=3003 seeds=1024 threads=32
  Y: mean=-1.785855e-15 var=4.000000e+00 min=-9.056766e+00 max=7.850915e+00
  Darcy: mg_levels=7 (coarsest 4^3) pcg_rtol=1.0e-10 max_iter=1000 iterations=(30,30,30) rel_res=(1.10e-13,8.59e-14,9.10e-14) converged=yes
  G=(5.1735654611e-01, -1.7485936094e-02, 7.3182666795e-03) mean_flux=(1.000e+00, -6.610e-17, -7.156e-18) div_max=2.25e-08
  spline gpu-vs-host prefilter rel=4.43e-15  g: min_g1=-2.1344e-01 min|g|=4.9213e-03 max|g|=4.5467e+00 backflow_fraction=7.3040e-04 v_rms=2.6775e+00
  tol=1e-06  ok=1022/1024 (seed_backflow=2, non_ok_fraction=0.000e+00, ok_with_backflow=47) nfev/streamline-period=1910.8
    n=1: R=1.5525e-01 mean=(-1.1415e-02, -6.9627e-03) max|d|=4.4446e-01 rms|d|=1.5583e-01 | flux-weighted: R=1.4553e-01 mean=(-5.1852e-03, 5.8065e-04) <tau>_w=0.9681849328
    ladder vs 1e-12 at n=1: max=3.082e-05 rms=1.481e-06 (both_ok=1022, status_differs=0)
  tol=1e-08  ok=1022/1024 (seed_backflow=2, non_ok_fraction=0.000e+00, ok_with_backflow=47) nfev/streamline-period=1910.9
    n=1: R=1.5525e-01 mean=(-1.1415e-02, -6.9627e-03) max|d|=4.4446e-01 rms|d|=1.5583e-01 | flux-weighted: R=1.4553e-01 mean=(-5.1852e-03, 5.8065e-04) <tau>_w=0.9681848441
    ladder vs 1e-12 at n=1: max=3.082e-05 rms=1.459e-06 (both_ok=1022, status_differs=0)
  tol=1e-10  ok=1022/1024 (seed_backflow=2, non_ok_fraction=0.000e+00, ok_with_backflow=47) nfev/streamline-period=3744.0
    n=1: R=1.5525e-01 mean=(-1.1415e-02, -6.9627e-03) max|d|=4.4445e-01 rms|d|=1.5583e-01 | flux-weighted: R=1.4553e-01 mean=(-5.1852e-03, 5.8065e-04) <tau>_w=0.9681790824
    ladder vs 1e-12 at n=1: max=5.619e-06 rms=3.221e-07 (both_ok=1022, status_differs=0)
  tol=1e-12  ok=1022/1024 (seed_backflow=2, non_ok_fraction=0.000e+00, ok_with_backflow=47) nfev/streamline-period=11502.6
    n=1: R=1.5525e-01 mean=(-1.1415e-02, -6.9627e-03) max|d|=4.4445e-01 rms|d|=1.5583e-01 | flux-weighted: R=1.4553e-01 mean=(-5.1852e-03, 5.8064e-04) <tau>_w=0.9681812897
  round trip (tol=1e-08): eligible=975 backward_ok=975 max=6.046e-05 rms=4.634e-06
  outputs: output_sf30/ladder/g_s4_l16_r3003_n256/{summary.json,streamlines.csv,timing.json}  wall 9.08 s
== [ladder] g_s4_l16_r3003_n256: exit 0, 12.700 s
== [manyperiod] p_s025_l8_r3001_n128_p64: build/v100-release/closure_gate --field gaussian --n 128 --sigma2 0.25 --ell 0.125 --seed 3001 --periods 64 --tols 1e-6,1e-8,1e-10,1e-12 --working-tol 1e-8 --out output_sf30/manyperiod/p_s025_l8_r3001_n128_p64
command: build/v100-release/closure_gate --field gaussian --n 128 --sigma2 0.25 --ell 0.125 --seed 3001 --periods 64 --tols 1e-6,1e-8,1e-10,1e-12 --working-tol 1e-8 --out output_sf30/manyperiod/p_s025_l8_r3001_n128_p64
closure_gate: field=gaussian grid=128^3 h=0.0078125 sigma2=0.25 ell=0.125 seed=3001 seeds=1024 threads=32
  Y: mean=1.321107e-15 var=2.500000e-01 min=-2.069428e+00 max=1.855448e+00
  Darcy: mg_levels=6 (coarsest 4^3) pcg_rtol=1.0e-10 max_iter=1000 iterations=(10,10,10) rel_res=(1.37e-11,1.45e-11,1.07e-11) converged=yes
  G=(9.5295934566e-01, 2.9849492857e-04, 6.0431562363e-03) mean_flux=(1.000e+00, -3.136e-18, 7.085e-18) div_max=2.77e-09
  spline gpu-vs-host prefilter rel=3.30e-15  g: min_g1=4.4012e-01 min|g|=4.4177e-01 max|g|=1.9148e+00 backflow_fraction=0.0000e+00 v_rms=1.0896e+00
  tol=1e-06  ok=1024/1024 (seed_backflow=0, non_ok_fraction=0.000e+00, ok_with_backflow=0) nfev/streamline-period=790.6
    n=1: R=1.2770e-02 mean=(-1.8936e-04, -2.6551e-05) max|d|=3.9175e-02 rms|d|=1.2772e-02 | flux-weighted: R=1.1722e-02 mean=(3.0461e-04, 5.3673e-05) <tau>_w=0.9969949218
    n=64: R=4.1060e-01 mean=(-2.6372e-02, -8.3211e-04) max|d|=9.0935e-01 rms|d|=4.1145e-01 | flux-weighted: R=4.0691e-01 mean=(7.5779e-03, 1.8818e-03) <tau>_w=64.0435430381
    ladder vs 1e-12 at n=1: max=7.551e-08 rms=2.466e-08 (both_ok=1024, status_differs=0)
    ladder vs 1e-12 at n=64: max=4.832e-04 rms=1.561e-05 (both_ok=1024, status_differs=0)
  tol=1e-08  ok=1024/1024 (seed_backflow=0, non_ok_fraction=0.000e+00, ok_with_backflow=0) nfev/streamline-period=790.6
    n=1: R=1.2770e-02 mean=(-1.8936e-04, -2.6551e-05) max|d|=3.9175e-02 rms|d|=1.2772e-02 | flux-weighted: R=1.1722e-02 mean=(3.0461e-04, 5.3673e-05) <tau>_w=0.9969949218
    n=64: R=4.1060e-01 mean=(-2.6372e-02, -8.3211e-04) max|d|=9.0935e-01 rms|d|=4.1145e-01 | flux-weighted: R=4.0691e-01 mean=(7.5779e-03, 1.8818e-03) <tau>_w=64.0435430381
    ladder vs 1e-12 at n=1: max=7.551e-08 rms=2.466e-08 (both_ok=1024, status_differs=0)
    ladder vs 1e-12 at n=64: max=4.832e-04 rms=1.561e-05 (both_ok=1024, status_differs=0)
  tol=1e-10  ok=1024/1024 (seed_backflow=0, non_ok_fraction=0.000e+00, ok_with_backflow=0) nfev/streamline-period=844.6
    n=1: R=1.2770e-02 mean=(-1.8936e-04, -2.6550e-05) max|d|=3.9175e-02 rms|d|=1.2772e-02 | flux-weighted: R=1.1722e-02 mean=(3.0461e-04, 5.3674e-05) <tau>_w=0.9969949263
    n=64: R=4.1060e-01 mean=(-2.6372e-02, -8.3194e-04) max|d|=9.0935e-01 rms|d|=4.1145e-01 | flux-weighted: R=4.0691e-01 mean=(7.5777e-03, 1.8820e-03) <tau>_w=64.0435467985
    ladder vs 1e-12 at n=1: max=4.845e-08 rms=1.275e-08 (both_ok=1024, status_differs=0)
    ladder vs 1e-12 at n=64: max=2.687e-04 rms=8.716e-06 (both_ok=1024, status_differs=0)
  tol=1e-12  ok=1024/1024 (seed_backflow=0, non_ok_fraction=0.000e+00, ok_with_backflow=0) nfev/streamline-period=3638.5
    n=1: R=1.2770e-02 mean=(-1.8936e-04, -2.6551e-05) max|d|=3.9175e-02 rms|d|=1.2772e-02 | flux-weighted: R=1.1722e-02 mean=(3.0461e-04, 5.3673e-05) <tau>_w=0.9969949181
    n=64: R=4.1060e-01 mean=(-2.6373e-02, -8.3187e-04) max|d|=9.0935e-01 rms|d|=4.1145e-01 | flux-weighted: R=4.0691e-01 mean=(7.5774e-03, 1.8820e-03) <tau>_w=64.0435500117
  round trip (tol=1e-08): eligible=1024 backward_ok=1024 max=1.388e-07 rms=3.466e-08
  outputs: output_sf30/manyperiod/p_s025_l8_r3001_n128_p64/{summary.json,streamlines.csv,timing.json}  wall 8.38 s
== [manyperiod] p_s025_l8_r3001_n128_p64: exit 0, 11.943 s
== [manyperiod] p_s025_l16_r3001_n128_p64: build/v100-release/closure_gate --field gaussian --n 128 --sigma2 0.25 --ell 0.0625 --seed 3001 --periods 64 --tols 1e-6,1e-8,1e-10,1e-12 --working-tol 1e-8 --out output_sf30/manyperiod/p_s025_l16_r3001_n128_p64
command: build/v100-release/closure_gate --field gaussian --n 128 --sigma2 0.25 --ell 0.0625 --seed 3001 --periods 64 --tols 1e-6,1e-8,1e-10,1e-12 --working-tol 1e-8 --out output_sf30/manyperiod/p_s025_l16_r3001_n128_p64
closure_gate: field=gaussian grid=128^3 h=0.0078125 sigma2=0.25 ell=0.0625 seed=3001 seeds=1024 threads=32
  Y: mean=3.019443e-16 var=2.500000e-01 min=-2.208662e+00 max=2.500528e+00
  Darcy: mg_levels=6 (coarsest 4^3) pcg_rtol=1.0e-10 max_iter=1000 iterations=(10,10,10) rel_res=(9.91e-12,1.53e-11,1.24e-11) converged=yes
  G=(9.5647749256e-01, -2.4060019300e-04, 2.4889559919e-03) mean_flux=(1.000e+00, 1.785e-18, 2.714e-18) div_max=1.12e-08
  spline gpu-vs-host prefilter rel=3.15e-15  g: min_g1=3.3796e-01 min|g|=3.3841e-01 max|g|=2.0018e+00 backflow_fraction=0.0000e+00 v_rms=1.0875e+00
  tol=1e-06  ok=1024/1024 (seed_backflow=0, non_ok_fraction=0.000e+00, ok_with_backflow=0) nfev/streamline-period=791.2
    n=1: R=1.1541e-02 mean=(1.7657e-04, 2.4918e-04) max|d|=3.5494e-02 rms|d|=1.1545e-02 | flux-weighted: R=1.1030e-02 mean=(-4.4953e-05, 2.5532e-04) <tau>_w=1.0008963695
    n=64: R=3.3167e-01 mean=(-3.2003e-03, -2.2438e-03) max|d|=7.3159e-01 rms|d|=3.3169e-01 | flux-weighted: R=3.3441e-01 mean=(-6.8293e-03, -9.5817e-03) <tau>_w=63.8820509224
    ladder vs 1e-12 at n=1: max=6.716e-07 rms=1.641e-07 (both_ok=1024, status_differs=0)
    ladder vs 1e-12 at n=64: max=9.013e-04 rms=4.523e-05 (both_ok=1024, status_differs=0)
  tol=1e-08  ok=1024/1024 (seed_backflow=0, non_ok_fraction=0.000e+00, ok_with_backflow=0) nfev/streamline-period=791.2
    n=1: R=1.1541e-02 mean=(1.7658e-04, 2.4918e-04) max|d|=3.5494e-02 rms|d|=1.1545e-02 | flux-weighted: R=1.1030e-02 mean=(-4.4955e-05, 2.5532e-04) <tau>_w=1.0008963809
    n=64: R=3.3167e-01 mean=(-3.2005e-03, -2.2439e-03) max|d|=7.3159e-01 rms|d|=3.3169e-01 | flux-weighted: R=3.3441e-01 mean=(-6.8294e-03, -9.5817e-03) <tau>_w=63.8820495410
    ladder vs 1e-12 at n=1: max=6.716e-07 rms=1.647e-07 (both_ok=1024, status_differs=0)
    ladder vs 1e-12 at n=64: max=8.832e-04 rms=4.507e-05 (both_ok=1024, status_differs=0)
  tol=1e-10  ok=1024/1024 (seed_backflow=0, non_ok_fraction=0.000e+00, ok_with_backflow=0) nfev/streamline-period=1897.3
    n=1: R=1.1541e-02 mean=(1.7657e-04, 2.4918e-04) max|d|=3.5494e-02 rms|d|=1.1545e-02 | flux-weighted: R=1.1030e-02 mean=(-4.4956e-05, 2.5531e-04) <tau>_w=1.0008963614
    n=64: R=3.3167e-01 mean=(-3.2019e-03, -2.2424e-03) max|d|=7.3159e-01 rms|d|=3.3169e-01 | flux-weighted: R=3.3441e-01 mean=(-6.8313e-03, -9.5805e-03) <tau>_w=63.8820560931
    ladder vs 1e-12 at n=1: max=8.503e-08 rms=1.890e-08 (both_ok=1024, status_differs=0)
    ladder vs 1e-12 at n=64: max=1.712e-04 rms=7.259e-06 (both_ok=1024, status_differs=0)
  tol=1e-12  ok=1024/1024 (seed_backflow=0, non_ok_fraction=0.000e+00, ok_with_backflow=0) nfev/streamline-period=5025.3
    n=1: R=1.1541e-02 mean=(1.7657e-04, 2.4918e-04) max|d|=3.5494e-02 rms|d|=1.1545e-02 | flux-weighted: R=1.1030e-02 mean=(-4.4955e-05, 2.5531e-04) <tau>_w=1.0008963705
    n=64: R=3.3167e-01 mean=(-3.2021e-03, -2.2425e-03) max|d|=7.3159e-01 rms|d|=3.3169e-01 | flux-weighted: R=3.3441e-01 mean=(-6.8315e-03, -9.5805e-03) <tau>_w=63.8820529576
  round trip (tol=1e-08): eligible=1024 backward_ok=1024 max=1.033e-06 rms=2.358e-07
  outputs: output_sf30/manyperiod/p_s025_l16_r3001_n128_p64/{summary.json,streamlines.csv,timing.json}  wall 10.90 s
== [manyperiod] p_s025_l16_r3001_n128_p64: exit 0, 14.420 s
== [manyperiod] p_s1_l8_r3001_n128_p64: build/v100-release/closure_gate --field gaussian --n 128 --sigma2 1 --ell 0.125 --seed 3001 --periods 64 --tols 1e-6,1e-8,1e-10,1e-12 --working-tol 1e-8 --out output_sf30/manyperiod/p_s1_l8_r3001_n128_p64
command: build/v100-release/closure_gate --field gaussian --n 128 --sigma2 1 --ell 0.125 --seed 3001 --periods 64 --tols 1e-6,1e-8,1e-10,1e-12 --working-tol 1e-8 --out output_sf30/manyperiod/p_s1_l8_r3001_n128_p64
closure_gate: field=gaussian grid=128^3 h=0.0078125 sigma2=1 ell=0.125 seed=3001 seeds=1024 threads=32
  Y: mean=2.642214e-15 var=1.000000e+00 min=-4.138855e+00 max=3.710897e+00
  Darcy: mg_levels=6 (coarsest 4^3) pcg_rtol=1.0e-10 max_iter=1000 iterations=(20,20,20) rel_res=(4.00e-14,3.83e-14,3.40e-14) converged=yes
  G=(8.3023212173e-01, -3.8717167593e-03, 2.2457154958e-02) mean_flux=(1.000e+00, -1.728e-18, 8.308e-18) div_max=3.96e-11
  spline gpu-vs-host prefilter rel=3.09e-15  g: min_g1=1.4304e-01 min|g|=1.4794e-01 max|g|=2.8264e+00 backflow_fraction=0.0000e+00 v_rms=1.3622e+00
  tol=1e-06  ok=1024/1024 (seed_backflow=0, non_ok_fraction=0.000e+00, ok_with_backflow=0) nfev/streamline-period=823.3
    n=1: R=5.3139e-02 mean=(-4.1364e-03, -4.7725e-04) max|d|=1.5248e-01 rms|d|=5.3302e-02 | flux-weighted: R=4.2167e-02 mean=(8.1644e-04, 6.2208e-04) <tau>_w=0.9886453690
    n=64: R=1.1300e+00 mean=(-1.1643e-01, -6.5518e-03) max|d|=2.8607e+00 rms|d|=1.1360e+00 | flux-weighted: R=1.1169e+00 mean=(-2.1838e-02, -3.2372e-03) <tau>_w=64.1972294257
    ladder vs 1e-12 at n=1: max=4.794e-07 rms=8.546e-08 (both_ok=1024, status_differs=0)
    ladder vs 1e-12 at n=64: max=1.130e-01 rms=7.274e-03 (both_ok=1024, status_differs=0)
  tol=1e-08  ok=1024/1024 (seed_backflow=0, non_ok_fraction=0.000e+00, ok_with_backflow=0) nfev/streamline-period=823.3
    n=1: R=5.3139e-02 mean=(-4.1364e-03, -4.7725e-04) max|d|=1.5248e-01 rms|d|=5.3302e-02 | flux-weighted: R=4.2167e-02 mean=(8.1644e-04, 6.2208e-04) <tau>_w=0.9886453695
    n=64: R=1.1300e+00 mean=(-1.1643e-01, -6.5515e-03) max|d|=2.8607e+00 rms|d|=1.1360e+00 | flux-weighted: R=1.1169e+00 mean=(-2.1838e-02, -3.2372e-03) <tau>_w=64.1972327571
    ladder vs 1e-12 at n=1: max=4.794e-07 rms=8.546e-08 (both_ok=1024, status_differs=0)
    ladder vs 1e-12 at n=64: max=1.130e-01 rms=7.274e-03 (both_ok=1024, status_differs=0)
  tol=1e-10  ok=1024/1024 (seed_backflow=0, non_ok_fraction=0.000e+00, ok_with_backflow=0) nfev/streamline-period=1334.7
    n=1: R=5.3139e-02 mean=(-4.1364e-03, -4.7724e-04) max|d|=1.5248e-01 rms|d|=5.3302e-02 | flux-weighted: R=4.2167e-02 mean=(8.1644e-04, 6.2209e-04) <tau>_w=0.9886453315
    n=64: R=1.1300e+00 mean=(-1.1642e-01, -7.0852e-03) max|d|=2.8607e+00 rms|d|=1.1360e+00 | flux-weighted: R=1.1169e+00 mean=(-2.1914e-02, -3.6763e-03) <tau>_w=64.2037451469
    ladder vs 1e-12 at n=1: max=1.805e-07 rms=2.629e-08 (both_ok=1024, status_differs=0)
    ladder vs 1e-12 at n=64: max=1.816e-01 rms=8.056e-03 (both_ok=1024, status_differs=0)
  tol=1e-12  ok=1024/1024 (seed_backflow=0, non_ok_fraction=0.000e+00, ok_with_backflow=0) nfev/streamline-period=4657.0
    n=1: R=5.3139e-02 mean=(-4.1364e-03, -4.7724e-04) max|d|=1.5248e-01 rms|d|=5.3302e-02 | flux-weighted: R=4.2167e-02 mean=(8.1644e-04, 6.2208e-04) <tau>_w=0.9886453442
    n=64: R=1.1300e+00 mean=(-1.1647e-01, -6.7455e-03) max|d|=2.8607e+00 rms|d|=1.1360e+00 | flux-weighted: R=1.1170e+00 mean=(-2.1874e-02, -3.4260e-03) <tau>_w=64.1980596312
  round trip (tol=1e-08): eligible=1024 backward_ok=1024 max=9.709e-07 rms=1.322e-07
  outputs: output_sf30/manyperiod/p_s1_l8_r3001_n128_p64/{summary.json,streamlines.csv,timing.json}  wall 11.33 s
== [manyperiod] p_s1_l8_r3001_n128_p64: exit 0, 15.064 s
== [manyperiod] p_s1_l16_r3001_n128_p64: build/v100-release/closure_gate --field gaussian --n 128 --sigma2 1 --ell 0.0625 --seed 3001 --periods 64 --tols 1e-6,1e-8,1e-10,1e-12 --working-tol 1e-8 --out output_sf30/manyperiod/p_s1_l16_r3001_n128_p64
command: build/v100-release/closure_gate --field gaussian --n 128 --sigma2 1 --ell 0.0625 --seed 3001 --periods 64 --tols 1e-6,1e-8,1e-10,1e-12 --working-tol 1e-8 --out output_sf30/manyperiod/p_s1_l16_r3001_n128_p64
closure_gate: field=gaussian grid=128^3 h=0.0078125 sigma2=1 ell=0.0625 seed=3001 seeds=1024 threads=32
  Y: mean=6.038885e-16 var=1.000000e+00 min=-4.417324e+00 max=5.001056e+00
  Darcy: mg_levels=6 (coarsest 4^3) pcg_rtol=1.0e-10 max_iter=1000 iterations=(20,20,20) rel_res=(1.29e-14,1.45e-14,1.44e-14) converged=yes
  G=(8.4113060013e-01, -2.0464618488e-03, 8.9921434205e-03) mean_flux=(1.000e+00, -7.409e-19, 5.387e-18) div_max=5.74e-11
  spline gpu-vs-host prefilter rel=2.77e-15  g: min_g1=6.7280e-02 min|g|=6.7608e-02 max|g|=3.0009e+00 backflow_fraction=0.0000e+00 v_rms=1.3592e+00
  tol=1e-06  ok=1024/1024 (seed_backflow=0, non_ok_fraction=0.000e+00, ok_with_backflow=0) nfev/streamline-period=825.6
    n=1: R=5.0194e-02 mean=(1.0787e-04, -2.3926e-04) max|d|=1.6020e-01 rms|d|=5.0195e-02 | flux-weighted: R=4.6559e-02 mean=(-1.3295e-03, 3.7438e-04) <tau>_w=0.9994790602
    n=64: R=5.7212e-01 mean=(2.4115e-02, -3.8433e-02) max|d|=1.4297e+00 rms|d|=5.7392e-01 | flux-weighted: R=5.7522e-01 mean=(5.8273e-03, -3.2085e-02) <tau>_w=63.4800625927
    ladder vs 1e-12 at n=1: max=4.941e-06 rms=7.031e-07 (both_ok=1024, status_differs=0)
    ladder vs 1e-12 at n=64: max=1.255e+00 rms=1.790e-01 (both_ok=1024, status_differs=0)
  tol=1e-08  ok=1024/1024 (seed_backflow=0, non_ok_fraction=0.000e+00, ok_with_backflow=0) nfev/streamline-period=829.7
    n=1: R=5.0194e-02 mean=(1.0786e-04, -2.3924e-04) max|d|=1.6020e-01 rms|d|=5.0195e-02 | flux-weighted: R=4.6559e-02 mean=(-1.3295e-03, 3.7438e-04) <tau>_w=0.9994791658
    n=64: R=5.7183e-01 mean=(2.1569e-02, -3.8637e-02) max|d|=1.4276e+00 rms|d|=5.7354e-01 | flux-weighted: R=5.7557e-01 mean=(3.5557e-03, -3.1953e-02) <tau>_w=63.5080945879
    ladder vs 1e-12 at n=1: max=4.329e-06 rms=7.179e-07 (both_ok=1024, status_differs=0)
    ladder vs 1e-12 at n=64: max=1.266e+00 rms=1.683e-01 (both_ok=1024, status_differs=0)
  tol=1e-10  ok=1024/1024 (seed_backflow=0, non_ok_fraction=0.000e+00, ok_with_backflow=0) nfev/streamline-period=2816.8
    n=1: R=5.0194e-02 mean=(1.0789e-04, -2.3925e-04) max|d|=1.6020e-01 rms|d|=5.0195e-02 | flux-weighted: R=4.6559e-02 mean=(-1.3294e-03, 3.7438e-04) <tau>_w=0.9994790964
    n=64: R=5.6552e-01 mean=(2.7181e-02, -3.6998e-02) max|d|=1.4283e+00 rms|d|=5.6738e-01 | flux-weighted: R=5.6849e-01 mean=(4.6648e-03, -3.6371e-02) <tau>_w=63.4102864191
    ladder vs 1e-12 at n=1: max=4.009e-07 rms=5.168e-08 (both_ok=1024, status_differs=0)
    ladder vs 1e-12 at n=64: max=1.113e+00 rms=1.237e-01 (both_ok=1024, status_differs=0)
  tol=1e-12  ok=1024/1024 (seed_backflow=0, non_ok_fraction=0.000e+00, ok_with_backflow=0) nfev/streamline-period=6541.1
    n=1: R=5.0194e-02 mean=(1.0789e-04, -2.3925e-04) max|d|=1.6020e-01 rms|d|=5.0195e-02 | flux-weighted: R=4.6559e-02 mean=(-1.3294e-03, 3.7439e-04) <tau>_w=0.9994791182
    n=64: R=5.6817e-01 mean=(2.8985e-02, -3.8116e-02) max|d|=1.4283e+00 rms|d|=5.7019e-01 | flux-weighted: R=5.6983e-01 mean=(5.9289e-03, -3.7754e-02) <tau>_w=63.3389902363
  round trip (tol=1e-08): eligible=1024 backward_ok=1024 max=7.834e-06 rms=1.238e-06
  outputs: output_sf30/manyperiod/p_s1_l16_r3001_n128_p64/{summary.json,streamlines.csv,timing.json}  wall 14.84 s
== [manyperiod] p_s1_l16_r3001_n128_p64: exit 0, 18.467 s
== [manyperiod] p_s4_l8_r3001_n128_p64: build/v100-release/closure_gate --field gaussian --n 128 --sigma2 4 --ell 0.125 --seed 3001 --periods 64 --tols 1e-6,1e-8,1e-10,1e-12 --working-tol 1e-8 --out output_sf30/manyperiod/p_s4_l8_r3001_n128_p64
command: build/v100-release/closure_gate --field gaussian --n 128 --sigma2 4 --ell 0.125 --seed 3001 --periods 64 --tols 1e-6,1e-8,1e-10,1e-12 --working-tol 1e-8 --out output_sf30/manyperiod/p_s4_l8_r3001_n128_p64
closure_gate: field=gaussian grid=128^3 h=0.0078125 sigma2=4 ell=0.125 seed=3001 seeds=1024 threads=32
  Y: mean=5.284427e-15 var=4.000000e+00 min=-8.277710e+00 max=7.421794e+00
  Darcy: mg_levels=6 (coarsest 4^3) pcg_rtol=1.0e-10 max_iter=1000 iterations=(20,20,20) rel_res=(1.64e-11,2.16e-11,2.29e-11) converged=yes
  G=(5.2290142404e-01, -2.6399741959e-02, 5.6708698629e-02) mean_flux=(1.000e+00, 2.207e-17, -1.515e-17) div_max=6.76e-07
  spline gpu-vs-host prefilter rel=3.55e-15  g: min_g1=7.7657e-03 min|g|=9.6473e-03 max|g|=3.8427e+00 backflow_fraction=0.0000e+00 v_rms=2.3432e+00
  tol=1e-06  ok=1024/1024 (seed_backflow=0, non_ok_fraction=0.000e+00, ok_with_backflow=0) nfev/streamline-period=927.6
    n=1: R=1.6145e-01 mean=(-5.6050e-03, -3.5506e-04) max|d|=4.3102e-01 rms|d|=1.6155e-01 | flux-weighted: R=1.3024e-01 mean=(6.4718e-03, -4.6319e-04) <tau>_w=0.9907156268
    n=64: R=1.7046e+00 mean=(1.8655e-02, 4.8714e-03) max|d|=5.7699e+00 rms|d|=1.7047e+00 | flux-weighted: R=1.6694e+00 mean=(-1.2713e-01, -2.8009e-02) <tau>_w=62.1127002473
    ladder vs 1e-12 at n=1: max=1.553e-05 rms=1.026e-06 (both_ok=1024, status_differs=0)
    ladder vs 1e-12 at n=64: max=6.798e+00 rms=1.615e+00 (both_ok=1024, status_differs=0)
  tol=1e-08  ok=1024/1024 (seed_backflow=0, non_ok_fraction=0.000e+00, ok_with_backflow=0) nfev/streamline-period=928.6
    n=1: R=1.6145e-01 mean=(-5.6050e-03, -3.5508e-04) max|d|=4.3102e-01 rms|d|=1.6155e-01 | flux-weighted: R=1.3024e-01 mean=(6.4718e-03, -4.6321e-04) <tau>_w=0.9907212116
    n=64: R=1.7294e+00 mean=(6.2557e-02, -1.2762e-03) max|d|=6.5282e+00 rms|d|=1.7306e+00 | flux-weighted: R=1.7331e+00 mean=(-9.3980e-03, -2.4134e-02) <tau>_w=63.6036867810
    ladder vs 1e-12 at n=1: max=1.703e-05 rms=9.617e-07 (both_ok=1024, status_differs=0)
    ladder vs 1e-12 at n=64: max=5.940e+00 rms=1.589e+00 (both_ok=1024, status_differs=0)
  tol=1e-10  ok=1024/1024 (seed_backflow=0, non_ok_fraction=0.000e+00, ok_with_backflow=0) nfev/streamline-period=2535.4
    n=1: R=1.6145e-01 mean=(-5.6049e-03, -3.5507e-04) max|d|=4.3102e-01 rms|d|=1.6155e-01 | flux-weighted: R=1.3024e-01 mean=(6.4718e-03, -4.6322e-04) <tau>_w=0.9907228492
    n=64: R=1.7267e+00 mean=(6.2840e-02, 1.0725e-03) max|d|=6.0145e+00 rms|d|=1.7278e+00 | flux-weighted: R=1.7324e+00 mean=(-8.8860e-02, -1.6346e-02) <tau>_w=64.0196159175
    ladder vs 1e-12 at n=1: max=2.109e-06 rms=1.434e-07 (both_ok=1024, status_differs=0)
    ladder vs 1e-12 at n=64: max=5.256e+00 rms=1.510e+00 (both_ok=1024, status_differs=0)
  tol=1e-12  ok=1024/1024 (seed_backflow=0, non_ok_fraction=0.000e+00, ok_with_backflow=0) nfev/streamline-period=6638.0
    n=1: R=1.6145e-01 mean=(-5.6050e-03, -3.5506e-04) max|d|=4.3102e-01 rms|d|=1.6155e-01 | flux-weighted: R=1.3024e-01 mean=(6.4718e-03, -4.6321e-04) <tau>_w=0.9907233253
    n=64: R=1.7311e+00 mean=(-1.3455e-02, 8.4686e-03) max|d|=6.4734e+00 rms|d|=1.7312e+00 | flux-weighted: R=1.7797e+00 mean=(-1.3364e-01, -1.0422e-02) <tau>_w=64.6283010189
  round trip (tol=1e-08): eligible=1024 backward_ok=1024 max=8.069e-05 rms=5.788e-06
  outputs: output_sf30/manyperiod/p_s4_l8_r3001_n128_p64/{summary.json,streamlines.csv,timing.json}  wall 14.98 s
== [manyperiod] p_s4_l8_r3001_n128_p64: exit 0, 18.504 s
== [manyperiod] p_s4_l16_r3001_n128_p64: build/v100-release/closure_gate --field gaussian --n 128 --sigma2 4 --ell 0.0625 --seed 3001 --periods 64 --tols 1e-6,1e-8,1e-10,1e-12 --working-tol 1e-8 --out output_sf30/manyperiod/p_s4_l16_r3001_n128_p64
command: build/v100-release/closure_gate --field gaussian --n 128 --sigma2 4 --ell 0.0625 --seed 3001 --periods 64 --tols 1e-6,1e-8,1e-10,1e-12 --working-tol 1e-8 --out output_sf30/manyperiod/p_s4_l16_r3001_n128_p64
closure_gate: field=gaussian grid=128^3 h=0.0078125 sigma2=4 ell=0.0625 seed=3001 seeds=1024 threads=32
  Y: mean=1.207777e-15 var=4.000000e+00 min=-8.834648e+00 max=1.000211e+01
  Darcy: mg_levels=6 (coarsest 4^3) pcg_rtol=1.0e-10 max_iter=1000 iterations=(30,30,30) rel_res=(4.11e-14,5.48e-14,5.37e-14) converged=yes
  G=(5.2765299564e-01, -1.3105961598e-02, 2.2010439211e-02) mean_flux=(1.000e+00, 7.732e-18, -3.887e-17) div_max=3.71e-08
  spline gpu-vs-host prefilter rel=3.43e-15  g: min_g1=-2.0631e-01 min|g|=9.1654e-04 max|g|=3.9162e+00 backflow_fraction=9.7561e-04 v_rms=2.4821e+00
  tol=1e-06  ok=1024/1024 (seed_backflow=0, non_ok_fraction=0.000e+00, ok_with_backflow=911) nfev/streamline-period=939.0
    n=1: R=1.3519e-01 mean=(2.7203e-03, 8.7389e-03) max|d|=3.6801e-01 rms|d|=1.3550e-01 | flux-weighted: R=1.3323e-01 mean=(3.2677e-04, 7.2478e-03) <tau>_w=0.9360630589
    n=64: R=1.1117e+00 mean=(8.3156e-02, 5.7472e-02) max|d|=3.5862e+00 rms|d|=1.1163e+00 | flux-weighted: R=1.1053e+00 mean=(9.8541e-02, 5.0456e-02) <tau>_w=64.6726019070
    ladder vs 1e-12 at n=1: max=3.027e-04 rms=1.468e-05 (both_ok=1024, status_differs=0)
    ladder vs 1e-12 at n=64: max=4.382e+00 rms=1.379e+00 (both_ok=1024, status_differs=0)
  tol=1e-08  ok=1024/1024 (seed_backflow=0, non_ok_fraction=0.000e+00, ok_with_backflow=906) nfev/streamline-period=1072.9
    n=1: R=1.3519e-01 mean=(2.7207e-03, 8.7387e-03) max|d|=3.6800e-01 rms|d|=1.3549e-01 | flux-weighted: R=1.3323e-01 mean=(3.2651e-04, 7.2483e-03) <tau>_w=0.9360638751
    n=64: R=1.1464e+00 mean=(9.7840e-02, 7.5572e-02) max|d|=3.7106e+00 rms|d|=1.1530e+00 | flux-weighted: R=1.1394e+00 mean=(6.1943e-02, 1.9100e-02) <tau>_w=64.6555193088
    ladder vs 1e-12 at n=1: max=9.321e-05 rms=7.196e-06 (both_ok=1024, status_differs=0)
    ladder vs 1e-12 at n=64: max=4.096e+00 rms=1.408e+00 (both_ok=1024, status_differs=0)
  tol=1e-10  ok=1024/1024 (seed_backflow=0, non_ok_fraction=0.000e+00, ok_with_backflow=911) nfev/streamline-period=3978.7
    n=1: R=1.3519e-01 mean=(2.7206e-03, 8.7389e-03) max|d|=3.6801e-01 rms|d|=1.3549e-01 | flux-weighted: R=1.3323e-01 mean=(3.2665e-04, 7.2484e-03) <tau>_w=0.9360834935
    n=64: R=1.1512e+00 mean=(8.0680e-02, 7.1038e-02) max|d|=3.6607e+00 rms|d|=1.1562e+00 | flux-weighted: R=1.2146e+00 mean=(1.4313e-01, -2.8932e-02) <tau>_w=64.8867865496
    ladder vs 1e-12 at n=1: max=4.498e-06 rms=3.364e-07 (both_ok=1024, status_differs=0)
    ladder vs 1e-12 at n=64: max=4.209e+00 rms=1.363e+00 (both_ok=1024, status_differs=0)
  tol=1e-12  ok=1024/1024 (seed_backflow=0, non_ok_fraction=0.000e+00, ok_with_backflow=911) nfev/streamline-period=9293.6
    n=1: R=1.3519e-01 mean=(2.7206e-03, 8.7389e-03) max|d|=3.6801e-01 rms|d|=1.3549e-01 | flux-weighted: R=1.3323e-01 mean=(3.2664e-04, 7.2484e-03) <tau>_w=0.9360835551
    n=64: R=1.1346e+00 mean=(5.4117e-02, 5.8393e-02) max|d|=3.2968e+00 rms|d|=1.1374e+00 | flux-weighted: R=1.1664e+00 mean=(1.1847e-01, 1.3274e-01) <tau>_w=65.6063470740
  round trip (tol=1e-08): eligible=996 backward_ok=996 max=3.375e-03 rms=1.179e-04
  outputs: output_sf30/manyperiod/p_s4_l16_r3001_n128_p64/{summary.json,streamlines.csv,timing.json}  wall 20.74 s
== [manyperiod] p_s4_l16_r3001_n128_p64: exit 0, 24.422 s
== [manyperiod] p_s4_l16_r3001_n256_p16: build/v100-release/closure_gate --field gaussian --n 256 --sigma2 4 --ell 0.0625 --seed 3001 --periods 16 --tols 1e-6,1e-8,1e-10,1e-12 --working-tol 1e-8 --out output_sf30/manyperiod/p_s4_l16_r3001_n256_p16
command: build/v100-release/closure_gate --field gaussian --n 256 --sigma2 4 --ell 0.0625 --seed 3001 --periods 16 --tols 1e-6,1e-8,1e-10,1e-12 --working-tol 1e-8 --out output_sf30/manyperiod/p_s4_l16_r3001_n256_p16
closure_gate: field=gaussian grid=256^3 h=0.00390625 sigma2=4 ell=0.0625 seed=3001 seeds=1024 threads=32
  Y: mean=8.148648e-17 var=4.000000e+00 min=-8.889009e+00 max=1.006033e+01
  Darcy: mg_levels=7 (coarsest 4^3) pcg_rtol=1.0e-10 max_iter=1000 iterations=(30,30,30) rel_res=(1.24e-13,1.89e-13,1.78e-13) converged=yes
  G=(5.2405717073e-01, -1.3031667854e-02, 2.1878331048e-02) mean_flux=(1.000e+00, 2.953e-17, -1.038e-17) div_max=1.72e-07
  spline gpu-vs-host prefilter rel=3.82e-15  g: min_g1=-2.0838e-01 min|g|=8.7777e-04 max|g|=4.0306e+00 backflow_fraction=1.0182e-03 v_rms=2.4551e+00
  tol=1e-06  ok=1024/1024 (seed_backflow=0, non_ok_fraction=0.000e+00, ok_with_backflow=405) nfev/streamline-period=1868.2
    n=1: R=1.3542e-01 mean=(3.1907e-03, 7.8174e-03) max|d|=3.5528e-01 rms|d|=1.3568e-01 | flux-weighted: R=1.3336e-01 mean=(-6.8233e-04, 8.1672e-03) <tau>_w=0.9333870744
    n=16: R=5.6502e-01 mean=(4.5415e-03, 9.5079e-03) max|d|=1.5654e+00 rms|d|=5.6511e-01 | flux-weighted: R=6.1157e-01 mean=(1.7029e-02, -1.9993e-02) <tau>_w=15.9198976364
    ladder vs 1e-12 at n=1: max=2.258e-05 rms=1.399e-06 (both_ok=1024, status_differs=0)
    ladder vs 1e-12 at n=16: max=1.081e+00 rms=2.788e-01 (both_ok=1024, status_differs=0)
  tol=1e-08  ok=1024/1024 (seed_backflow=0, non_ok_fraction=0.000e+00, ok_with_backflow=403) nfev/streamline-period=1868.4
    n=1: R=1.3542e-01 mean=(3.1907e-03, 7.8174e-03) max|d|=3.5528e-01 rms|d|=1.3568e-01 | flux-weighted: R=1.3336e-01 mean=(-6.8233e-04, 8.1672e-03) <tau>_w=0.9333870502
    n=16: R=5.6887e-01 mean=(1.8764e-03, 7.8498e-03) max|d|=1.5639e+00 rms|d|=5.6893e-01 | flux-weighted: R=6.1343e-01 mean=(9.2733e-03, -2.0950e-02) <tau>_w=15.9336495944
    ladder vs 1e-12 at n=1: max=2.258e-05 rms=1.377e-06 (both_ok=1024, status_differs=0)
    ladder vs 1e-12 at n=16: max=1.154e+00 rms=2.728e-01 (both_ok=1024, status_differs=0)
  tol=1e-10  ok=1024/1024 (seed_backflow=0, non_ok_fraction=0.000e+00, ok_with_backflow=413) nfev/streamline-period=3788.8
    n=1: R=1.3542e-01 mean=(3.1907e-03, 7.8173e-03) max|d|=3.5528e-01 rms|d|=1.3568e-01 | flux-weighted: R=1.3336e-01 mean=(-6.8227e-04, 8.1672e-03) <tau>_w=0.9333843029
    n=16: R=5.5912e-01 mean=(1.3682e-02, 1.0424e-02) max|d|=1.5563e+00 rms|d|=5.5939e-01 | flux-weighted: R=6.0707e-01 mean=(1.7505e-02, -3.0989e-02) <tau>_w=15.7247571047
    ladder vs 1e-12 at n=1: max=7.090e-06 rms=3.572e-07 (both_ok=1024, status_differs=0)
    ladder vs 1e-12 at n=16: max=1.234e+00 rms=2.312e-01 (both_ok=1024, status_differs=0)
  tol=1e-12  ok=1024/1024 (seed_backflow=0, non_ok_fraction=0.000e+00, ok_with_backflow=409) nfev/streamline-period=11430.8
    n=1: R=1.3542e-01 mean=(3.1907e-03, 7.8174e-03) max|d|=3.5528e-01 rms|d|=1.3568e-01 | flux-weighted: R=1.3336e-01 mean=(-6.8227e-04, 8.1672e-03) <tau>_w=0.9333851299
    n=16: R=5.6178e-01 mean=(1.7762e-02, 1.5478e-02) max|d|=1.5631e+00 rms|d|=5.6228e-01 | flux-weighted: R=6.1843e-01 mean=(2.0885e-02, -1.2404e-02) <tau>_w=15.9992477037
  round trip (tol=1e-08): eligible=998 backward_ok=998 max=6.657e-05 rms=6.607e-06
  outputs: output_sf30/manyperiod/p_s4_l16_r3001_n256_p16/{summary.json,streamlines.csv,timing.json}  wall 14.26 s
== [manyperiod] p_s4_l16_r3001_n256_p16: exit 0, 17.860 s
[2026-10-05T12:48:38Z] job=sf30-matrix finished exit=0
