# SF-29 N2 candidate (i) i0 field=gauss_ch eps=1 N=16: sorted relative singular values of the dense central-FD Jacobian at the final_iterate state (rows F_i=-q(L_i-S_i); smax=1.740507e+05)
3.734006e-07
7.583143e-07
1.745706e-06
2.072018e-06
3.043029e-06
3.579090e-06
4.059912e-06
4.450708e-06
5.581185e-06
7.130052e-06
7.911729e-06
8.870106e-06
9.678996e-06
1.043859e-05
1.168832e-05
1.291464e-05
1.348651e-05
1.469341e-05
1.575588e-05
1.707991e-05
1.811540e-05
1.935410e-05
2.119358e-05
2.246996e-05
2.419851e-05
2.546852e-05
2.757331e-05
2.914501e-05
3.017314e-05
3.094974e-05
3.240156e-05
3.457574e-05
3.546568e-05
3.583359e-05
3.829435e-05
4.018392e-05
4.075120e-05
4.269562e-05
4.417386e-05
4.581518e-05
4.643474e-05
4.848636e-05
4.912223e-05
5.085228e-05
5.249144e-05
5.309080e-05
5.631474e-05
5.807252e-05
5.848694e-05
6.040302e-05
6.142507e-05
6.295995e-05
6.384059e-05
6.479681e-05
6.714042e-05
6.789982e-05
6.875938e-05
7.010103e-05
7.201024e-05
7.282257e-05
7.514733e-05
7.668152e-05
7.758717e-05
7.803053e-05
7.944764e-05
8.085488e-05
8.198920e-05
8.339411e-05
8.560931e-05
8.710567e-05
8.773461e-05
8.977083e-05
9.067666e-05
9.265152e-05
9.307997e-05
9.447005e-05
9.599873e-05
9.710246e-05
9.941842e-05
1.009800e-04
1.018557e-04
1.027845e-04
1.043986e-04
1.057319e-04
1.059972e-04
1.080201e-04
1.088839e-04
1.102389e-04
1.108880e-04
1.122849e-04
1.143618e-04
1.147266e-04
1.163515e-04
1.182040e-04
1.188700e-04
1.201697e-04
1.207866e-04
1.219026e-04
1.240996e-04
1.252845e-04
1.269412e-04
1.284200e-04
1.296645e-04
1.304715e-04
1.308201e-04
1.327951e-04
1.332061e-04
1.338562e-04
1.349429e-04
1.371072e-04
1.383448e-04
1.392641e-04
1.397504e-04
1.404067e-04
1.415508e-04
1.435675e-04
1.450769e-04
1.472686e-04
1.480378e-04
1.493689e-04
1.495531e-04
1.502073e-04
1.510557e-04
1.529967e-04
1.539428e-04
1.549446e-04
1.564092e-04
1.571178e-04
1.577635e-04
1.590564e-04
1.597160e-04
1.618581e-04
1.633129e-04
1.641328e-04
1.650086e-04
1.663314e-04
1.667625e-04
1.686209e-04
1.694488e-04
1.703327e-04
1.712172e-04
1.717901e-04
1.727296e-04
1.745830e-04
1.758313e-04
1.776787e-04
1.781436e-04
1.785297e-04
1.797005e-04
1.814110e-04
1.819420e-04
1.832093e-04
1.844255e-04
1.863518e-04
1.872595e-04
1.881215e-04
1.887423e-04
1.900200e-04
1.906272e-04
1.914799e-04
1.931799e-04
1.938762e-04
1.941572e-04
1.955731e-04
1.974171e-04
1.983896e-04
1.992719e-04
2.005445e-04
2.015563e-04
2.030333e-04
2.034349e-04
2.050381e-04
2.065353e-04
2.070029e-04
2.079931e-04
2.084827e-04
2.088382e-04
2.109333e-04
2.120017e-04
2.134116e-04
2.138407e-04
2.143933e-04
2.169528e-04
2.181812e-04
2.193348e-04
2.193626e-04
2.206695e-04
2.210328e-04
2.222422e-04
2.226722e-04
2.240988e-04
2.246212e-04
2.258466e-04
2.279304e-04
2.284337e-04
2.300276e-04
2.305841e-04
2.308103e-04
2.336852e-04
2.343461e-04
2.346716e-04
2.362634e-04
2.366118e-04
2.375473e-04
2.396060e-04
2.403415e-04
2.419558e-04
2.428839e-04
2.442317e-04
2.450488e-04
2.455036e-04
2.458266e-04
2.468778e-04
2.487975e-04
2.498319e-04
2.506252e-04
2.513121e-04
2.523538e-04
2.536264e-04
2.553620e-04
2.562956e-04
2.578410e-04
2.590193e-04
2.597581e-04
2.604349e-04
2.612029e-04
2.618551e-04
2.632392e-04
2.643855e-04
2.646681e-04
2.658418e-04
2.671063e-04
2.681515e-04
2.692313e-04
2.707599e-04
2.716254e-04
2.721917e-04
2.739525e-04
2.752807e-04
2.759692e-04
2.777612e-04
2.789039e-04
2.791846e-04
2.803530e-04
2.805802e-04
2.823125e-04
2.824360e-04
2.835402e-04
2.857565e-04
2.864498e-04
2.873055e-04
2.879492e-04
2.889962e-04
2.903194e-04
2.911102e-04
2.917512e-04
2.926647e-04
2.937714e-04
2.949842e-04
2.953982e-04
2.965786e-04
2.986456e-04
2.987291e-04
2.994430e-04
3.014868e-04
3.021871e-04
3.031057e-04
3.037046e-04
3.047020e-04
3.066233e-04
3.066457e-04
3.091763e-04
3.098541e-04
3.107650e-04
3.114633e-04
3.119192e-04
3.126308e-04
3.137356e-04
3.152217e-04
3.168501e-04
3.185919e-04
3.196999e-04
3.200447e-04
3.214733e-04
3.226730e-04
3.229429e-04
3.240297e-04
3.246093e-04
3.253068e-04
3.258493e-04
3.274375e-04
3.297780e-04
3.307176e-04
3.313091e-04
3.318852e-04
3.334859e-04
3.345963e-04
3.362533e-04
3.373182e-04
3.384447e-04
3.395800e-04
3.401924e-04
3.415475e-04
3.425014e-04
3.431838e-04
3.433402e-04
3.451722e-04
3.459811e-04
3.474841e-04
3.485106e-04
3.505471e-04
3.512102e-04
3.521331e-04
3.527333e-04
3.531680e-04
3.547572e-04
3.551529e-04
3.554675e-04
3.563985e-04
3.581832e-04
3.588775e-04
3.601735e-04
3.610414e-04
3.613794e-04
3.620744e-04
3.631278e-04
3.645901e-04
3.661974e-04
3.662328e-04
3.681335e-04
3.692260e-04
3.698394e-04
3.711145e-04
3.719217e-04
3.725194e-04
3.747931e-04
3.753917e-04
3.768343e-04
3.787423e-04
3.800643e-04
3.803013e-04
3.811169e-04
3.822552e-04
3.835290e-04
3.840948e-04
3.863137e-04
3.867826e-04
3.882297e-04
3.886088e-04
3.889860e-04
3.903477e-04
3.913791e-04
3.921762e-04
3.932751e-04
3.944718e-04
3.950453e-04
3.955745e-04
3.965306e-04
3.970723e-04
3.987776e-04
3.991965e-04
4.009995e-04
4.017649e-04
4.031144e-04
4.036605e-04
4.056357e-04
4.070084e-04
4.078964e-04
4.092713e-04
4.096139e-04
4.105157e-04
4.116889e-04
4.125643e-04
4.130376e-04
4.140481e-04
4.147256e-04
4.163969e-04
4.169537e-04
4.181708e-04
4.188611e-04
4.198571e-04
4.204433e-04
4.221558e-04
4.229499e-04
4.240128e-04
4.256847e-04
4.270766e-04
4.281720e-04
4.284387e-04
4.290819e-04
4.305983e-04
4.313010e-04
4.339794e-04
4.348868e-04
4.362384e-04
4.371561e-04
4.382272e-04
4.391669e-04
4.405519e-04
4.415815e-04
4.424294e-04
4.440572e-04
4.447915e-04
4.450948e-04
4.465146e-04
4.477231e-04
4.479214e-04
4.491399e-04
4.508103e-04
4.516932e-04
4.525492e-04
4.529688e-04
4.544891e-04
4.549739e-04
4.562098e-04
4.563655e-04
4.575664e-04
4.591943e-04
4.599711e-04
4.613626e-04
4.619514e-04
4.631189e-04
4.637575e-04
4.646132e-04
4.659325e-04
4.669925e-04
4.683681e-04
4.695204e-04
4.703105e-04
4.711215e-04
4.716404e-04
4.722102e-04
4.745572e-04
4.758910e-04
4.763452e-04
4.778223e-04
4.784732e-04
4.786632e-04
4.800983e-04
4.809562e-04
4.826055e-04
4.830690e-04
4.844882e-04
4.849126e-04
4.854388e-04
4.865230e-04
4.886373e-04
4.898176e-04
4.903083e-04
4.915471e-04
4.926313e-04
4.943486e-04
4.949799e-04
4.954683e-04
4.960302e-04
4.977495e-04
4.987098e-04
5.001335e-04
5.006885e-04
5.011825e-04
5.029583e-04
5.045422e-04
5.053694e-04
5.067972e-04
5.072656e-04
5.080995e-04
5.090175e-04
5.096773e-04
5.102991e-04
5.113275e-04
5.118818e-04
5.126332e-04
5.149250e-04
5.154676e-04
5.174677e-04
5.181108e-04
5.184001e-04
5.190151e-04
5.191350e-04
5.219285e-04
5.227292e-04
5.233624e-04
5.251439e-04
5.255406e-04
5.276997e-04
5.285046e-04
5.293323e-04
5.297597e-04
5.307629e-04
5.313809e-04
5.329110e-04
5.337079e-04
5.356309e-04
5.366142e-04
5.375206e-04
5.384077e-04
5.390386e-04
5.396590e-04
5.409040e-04
5.415873e-04
5.429239e-04
5.438531e-04
5.443187e-04
5.460019e-04
5.474803e-04
5.487311e-04
5.500611e-04
5.507063e-04
5.509728e-04
5.514233e-04
5.531364e-04
5.541052e-04
5.545594e-04
5.554948e-04
5.556362e-04
5.581318e-04
5.591889e-04
5.608388e-04
5.612429e-04
5.627476e-04
5.629983e-04
5.652023e-04
5.660501e-04
5.664165e-04
5.681202e-04
5.689171e-04
5.706701e-04
5.712214e-04
5.727996e-04
5.735902e-04
5.746006e-04
5.761913e-04
5.764630e-04
5.768433e-04
5.785762e-04
5.792372e-04
5.812503e-04
5.819005e-04
5.825007e-04
5.827934e-04
5.836907e-04
5.843773e-04
5.857893e-04
5.868440e-04
5.874981e-04
5.880775e-04
5.888682e-04
5.905578e-04
5.917344e-04
5.927761e-04
5.946563e-04
5.951360e-04
5.963100e-04
5.969492e-04
5.977330e-04
5.984508e-04
6.001167e-04
6.015563e-04
6.029706e-04
6.034623e-04
6.043836e-04
6.049413e-04
6.053434e-04
6.071154e-04
6.075194e-04
6.088476e-04
6.092452e-04
6.114968e-04
6.122044e-04
6.128654e-04
6.137316e-04
6.147606e-04
6.159785e-04
6.163114e-04
6.183125e-04
6.191781e-04
6.206573e-04
6.216370e-04
6.220170e-04
6.232212e-04
6.241705e-04
6.255580e-04
6.260520e-04
6.270800e-04
6.280623e-04
6.293905e-04
6.307263e-04
6.317707e-04
6.326894e-04
6.338589e-04
6.349494e-04
6.363656e-04
6.375661e-04
6.389623e-04
6.393500e-04
6.402058e-04
6.404546e-04
6.417376e-04
6.421088e-04
6.429408e-04
6.439278e-04
6.453209e-04
6.464608e-04
6.475107e-04
6.482417e-04
6.500050e-04
6.509868e-04
6.515025e-04
6.526117e-04
6.530493e-04
6.541286e-04
6.549423e-04
6.558837e-04
6.568311e-04
6.583810e-04
6.599645e-04
6.610770e-04
6.621993e-04
6.627375e-04
6.638185e-04
6.651747e-04
6.657697e-04
6.673293e-04
6.682084e-04
6.687959e-04
6.689239e-04
6.707740e-04
6.713618e-04
6.727050e-04
6.730182e-04
6.751653e-04
6.760479e-04
6.761683e-04
6.781015e-04
6.797668e-04
6.798150e-04
6.801247e-04
6.812221e-04
6.824764e-04
6.833900e-04
6.836377e-04
6.855757e-04
6.868530e-04
6.883866e-04
6.887897e-04
6.897594e-04
6.907765e-04
6.911758e-04
6.922066e-04
6.930515e-04
6.940078e-04
6.956304e-04
6.966877e-04
6.981240e-04
6.989951e-04
6.997079e-04
7.003282e-04
7.013660e-04
7.027824e-04
7.032224e-04
7.043637e-04
7.050847e-04
7.062158e-04
7.067703e-04
7.078235e-04
7.087181e-04
7.106526e-04
7.111898e-04
7.120029e-04
7.127098e-04
7.138656e-04
7.144218e-04
7.158409e-04
7.163914e-04
7.175942e-04
7.178176e-04
7.192539e-04
7.196662e-04
7.208516e-04
7.227965e-04
7.232784e-04
7.236001e-04
7.245056e-04
7.265196e-04
7.275880e-04
7.285385e-04
7.291308e-04
7.302157e-04
7.314474e-04
7.329237e-04
7.336417e-04
7.347636e-04
7.356265e-04
7.359884e-04
7.373013e-04
7.375284e-04
7.384906e-04
7.396418e-04
7.398647e-04
7.409239e-04
7.424968e-04
7.433291e-04
7.443792e-04
7.453459e-04
7.467651e-04
7.479888e-04
7.485333e-04
7.499389e-04
7.502729e-04
7.518742e-04
7.538945e-04
7.542921e-04
7.561356e-04
7.569878e-04
7.576497e-04
7.580623e-04
7.588338e-04
7.595701e-04
7.607638e-04
7.617445e-04
7.625385e-04
7.631055e-04
7.646563e-04
7.648894e-04
7.665455e-04
7.676595e-04
7.682978e-04
7.693259e-04
7.696831e-04
7.710922e-04
7.717618e-04
7.732617e-04
7.740565e-04
7.755227e-04
7.766978e-04
7.775873e-04
7.781538e-04
7.799031e-04
7.804279e-04
7.807079e-04
7.828204e-04
7.834872e-04
7.852992e-04
7.856855e-04
7.860240e-04
7.869434e-04
7.885755e-04
7.893150e-04
7.904833e-04
7.913490e-04
7.924768e-04
7.933790e-04
7.938575e-04
7.941223e-04
7.958358e-04
7.970113e-04
7.973659e-04
7.979794e-04
7.987823e-04
7.997954e-04
8.015437e-04
8.031870e-04
8.038655e-04
8.043167e-04
8.050701e-04
8.061858e-04
8.077856e-04
8.088445e-04
8.094155e-04
8.108639e-04
8.120061e-04
8.141204e-04
8.148096e-04
8.153012e-04
8.163281e-04
8.175161e-04
8.183470e-04
8.194183e-04
8.199865e-04
8.216612e-04
8.238866e-04
8.242061e-04
8.255716e-04
8.265230e-04
8.274645e-04
8.279060e-04
8.294349e-04
8.301690e-04
8.306612e-04
8.317335e-04
8.319777e-04
8.345449e-04
8.346785e-04
8.356416e-04
8.370545e-04
8.380500e-04
8.386679e-04
8.397199e-04
8.404949e-04
8.421135e-04
8.430764e-04
8.434257e-04
8.445565e-04
8.450259e-04
8.452373e-04
8.471106e-04
8.488372e-04
8.499337e-04
8.507040e-04
8.508268e-04
8.530744e-04
8.536208e-04
8.548610e-04
8.551890e-04
8.567239e-04
8.571079e-04
8.588212e-04
8.599019e-04
8.614944e-04
8.620213e-04
8.625961e-04
8.636804e-04
8.648621e-04
8.654588e-04
8.661159e-04
8.670895e-04
8.680773e-04
8.687573e-04
8.693046e-04
8.709908e-04
8.717472e-04
8.722552e-04
8.745372e-04
8.753666e-04
8.766814e-04
8.770552e-04
8.784825e-04
8.787180e-04
8.802859e-04
8.812580e-04
8.820260e-04
8.833830e-04
8.840208e-04
8.858653e-04
8.867653e-04
8.880342e-04
8.884414e-04
8.909589e-04
8.914419e-04
8.918905e-04
8.932078e-04
8.940131e-04
8.948180e-04
8.961280e-04
8.964793e-04
8.982439e-04
8.993932e-04
8.999016e-04
9.008388e-04
9.018901e-04
9.024242e-04
9.040345e-04
9.049118e-04
9.066195e-04
9.073359e-04
9.077365e-04
9.086091e-04
9.110962e-04
9.114317e-04
9.117779e-04
9.125253e-04
9.129960e-04
9.135144e-04
9.138099e-04
9.161528e-04
9.178213e-04
9.186445e-04
9.196413e-04
9.214188e-04
9.222896e-04
9.232498e-04
9.236996e-04
9.242380e-04
9.257032e-04
9.260825e-04
9.272903e-04
9.275225e-04
9.289994e-04
9.301790e-04
9.305349e-04
9.317549e-04
9.329723e-04
9.335908e-04
9.345482e-04
9.357094e-04
9.375827e-04
9.384625e-04
9.393195e-04
9.397217e-04
9.407243e-04
9.413376e-04
9.425632e-04
9.432319e-04
9.444276e-04
9.453765e-04
9.468425e-04
9.488022e-04
9.494338e-04
9.512984e-04
9.519286e-04
9.529845e-04
9.530733e-04
9.543570e-04
9.545796e-04
9.559683e-04
9.565951e-04
9.587105e-04
9.598291e-04
9.600563e-04
9.613935e-04
9.628528e-04
9.639446e-04
9.643208e-04
9.655322e-04
9.661075e-04
9.673549e-04
9.679695e-04
9.691249e-04
9.698659e-04
9.707569e-04
9.722537e-04
9.738165e-04
9.741979e-04
9.745420e-04
9.753716e-04
9.772034e-04
9.779628e-04
9.786753e-04
9.804892e-04
9.806499e-04
9.823067e-04
9.827939e-04
9.833398e-04
9.843441e-04
9.859230e-04
9.871107e-04
9.879342e-04
9.884316e-04
9.901596e-04
9.907113e-04
9.912316e-04
9.923801e-04
9.939986e-04
9.951446e-04
9.959590e-04
9.977017e-04
9.979338e-04
9.988218e-04
9.999892e-04
1.001057e-03
1.003026e-03
1.003077e-03
1.003741e-03
1.004174e-03
1.005589e-03
1.006377e-03
1.007880e-03
1.009844e-03
1.010570e-03
1.011296e-03
1.012350e-03
1.012925e-03
1.013833e-03
1.015817e-03
1.016166e-03
1.018105e-03
1.019001e-03
1.019376e-03
1.020810e-03
1.021779e-03
1.023476e-03
1.024421e-03
1.024658e-03
1.025564e-03
1.027169e-03
1.027860e-03
1.028576e-03
1.030313e-03
1.030675e-03
1.031517e-03
1.033014e-03
1.035117e-03
1.035624e-03
1.036740e-03
1.037664e-03
1.038484e-03
1.038722e-03
1.039740e-03
1.041555e-03
1.043194e-03
1.044695e-03
1.044764e-03
1.045431e-03
1.046347e-03
1.047301e-03
1.048679e-03
1.050276e-03
1.052101e-03
1.052375e-03
1.053147e-03
1.053789e-03
1.054093e-03
1.056207e-03
1.056431e-03
1.057943e-03
1.058607e-03
1.059736e-03
1.060729e-03
1.061665e-03
1.062455e-03
1.063431e-03
1.064839e-03
1.066369e-03
1.066938e-03
1.067448e-03
1.068836e-03
1.070437e-03
1.071796e-03
1.072000e-03
1.072434e-03
1.073220e-03
1.074682e-03
1.075084e-03
1.075905e-03
1.076219e-03
1.077125e-03
1.079141e-03
1.079597e-03
1.080682e-03
1.082022e-03
1.082593e-03
1.083289e-03
1.085588e-03
1.086275e-03
1.086600e-03
1.087515e-03
1.087884e-03
1.090227e-03
1.090853e-03
1.091068e-03
1.092542e-03
1.093503e-03
1.094075e-03
1.094736e-03
1.097258e-03
1.098763e-03
1.098995e-03
1.099483e-03
1.100507e-03
1.101515e-03
1.102435e-03
1.104348e-03
1.104971e-03
1.106251e-03
1.106928e-03
1.108069e-03
1.108740e-03
1.109675e-03
1.110739e-03
1.111723e-03
1.112345e-03
1.113581e-03
1.115028e-03
1.116485e-03
1.117111e-03
1.118513e-03
1.118973e-03
1.119887e-03
1.121165e-03
1.121955e-03
1.122720e-03
1.124723e-03
1.125636e-03
1.126944e-03
1.127185e-03
1.127770e-03
1.129559e-03
1.130134e-03
1.130757e-03
1.132582e-03
1.133654e-03
1.133907e-03
1.137030e-03
1.137149e-03
1.138765e-03
1.139007e-03
1.140069e-03
1.140827e-03
1.142161e-03
1.143247e-03
1.144795e-03
1.145672e-03
1.147465e-03
1.147562e-03
1.149201e-03
1.150058e-03
1.151238e-03
1.152272e-03
1.152838e-03
1.154051e-03
1.154713e-03
1.156179e-03
1.156764e-03
1.157611e-03
1.158067e-03
1.159191e-03
1.161142e-03
1.162062e-03
1.162758e-03
1.165834e-03
1.166074e-03
1.166886e-03
1.168291e-03
1.169271e-03
1.171705e-03
1.172511e-03
1.173025e-03
1.173891e-03
1.174677e-03
1.175685e-03
1.177682e-03
1.179076e-03
1.179595e-03
1.180177e-03
1.181143e-03
1.182509e-03
1.183172e-03
1.183904e-03
1.184703e-03
1.185137e-03
1.186619e-03
1.187085e-03
1.188178e-03
1.189219e-03
1.191293e-03
1.191769e-03
1.193104e-03
1.193506e-03
1.194375e-03
1.196320e-03
1.197740e-03
1.199093e-03
1.200621e-03
1.201155e-03
1.202476e-03
1.203754e-03
1.204193e-03
1.205334e-03
1.205739e-03
1.206787e-03
1.207766e-03
1.208456e-03
1.210999e-03
1.211407e-03
1.211921e-03
1.214135e-03
1.214781e-03
1.216488e-03
1.216673e-03
1.217652e-03
1.218928e-03
1.220647e-03
1.221310e-03
1.222410e-03
1.224219e-03
1.224540e-03
1.225178e-03
1.227035e-03
1.228561e-03
1.229337e-03
1.230550e-03
1.232027e-03
1.232394e-03
1.232895e-03
1.234702e-03
1.235639e-03
1.237686e-03
1.238564e-03
1.239060e-03
1.239325e-03
1.240680e-03
1.241668e-03
1.242218e-03
1.243609e-03
1.243836e-03
1.244771e-03
1.247126e-03
1.247447e-03
1.249057e-03
1.250442e-03
1.251528e-03
1.252572e-03
1.253651e-03
1.254037e-03
1.255754e-03
1.256839e-03
1.258119e-03
1.259659e-03
1.260816e-03
1.260962e-03
1.262155e-03
1.262757e-03
1.263886e-03
1.265287e-03
1.266446e-03
1.267023e-03
1.268781e-03
1.270561e-03
1.271045e-03
1.272548e-03
1.273041e-03
1.273709e-03
1.274577e-03
1.276479e-03
1.276795e-03
1.277505e-03
1.279532e-03
1.280468e-03
1.281036e-03
1.281459e-03
1.281971e-03
1.283195e-03
1.285318e-03
1.287012e-03
1.288186e-03
1.288940e-03
1.289696e-03
1.291735e-03
1.292342e-03
1.293014e-03
1.293914e-03
1.293972e-03
1.295257e-03
1.296125e-03
1.297016e-03
1.299284e-03
1.300207e-03
1.301445e-03
1.301749e-03
1.302450e-03
1.303146e-03
1.304269e-03
1.304771e-03
1.305488e-03
1.306368e-03
1.307457e-03
1.308298e-03
1.309750e-03
1.310714e-03
1.312566e-03
1.314099e-03
1.315431e-03
1.315617e-03
1.317124e-03
1.318450e-03
1.318862e-03
1.320278e-03
1.321652e-03
1.321703e-03
1.323328e-03
1.324496e-03
1.325908e-03
1.326835e-03
1.327420e-03
1.328819e-03
1.329559e-03
1.329881e-03
1.331824e-03
1.332522e-03
1.333825e-03
1.334156e-03
1.335110e-03
1.336889e-03
1.337576e-03
1.338817e-03
1.339562e-03
1.340818e-03
1.342740e-03
1.344176e-03
1.345071e-03
1.346015e-03
1.346958e-03
1.348418e-03
1.348902e-03
1.349452e-03
1.350155e-03
1.350968e-03
1.351935e-03
1.353979e-03
1.355396e-03
1.356414e-03
1.357690e-03
1.358924e-03
1.359970e-03
1.361337e-03
1.362451e-03
1.362743e-03
1.364411e-03
1.365289e-03
1.366367e-03
1.367501e-03
1.368123e-03
1.369113e-03
1.369665e-03
1.370380e-03
1.372312e-03
1.373384e-03
1.374556e-03
1.374999e-03
1.376589e-03
1.377117e-03
1.378090e-03
1.378856e-03
1.379426e-03
1.380201e-03
1.381772e-03
1.383070e-03
1.384036e-03
1.385295e-03
1.387134e-03
1.388303e-03
1.389069e-03
1.389986e-03
1.390276e-03
1.392864e-03
1.394593e-03
1.395039e-03
1.395814e-03
1.396724e-03
1.397411e-03
1.398696e-03
1.400022e-03
1.401026e-03
1.402121e-03
1.403170e-03
1.403329e-03
1.404036e-03
1.406022e-03
1.407055e-03
1.408460e-03
1.408948e-03
1.410518e-03
1.410851e-03
1.411458e-03
1.414294e-03
1.414699e-03
1.416045e-03
1.416571e-03
1.417489e-03
1.418478e-03
1.419862e-03
1.420574e-03
1.421488e-03
1.422666e-03
1.423486e-03
1.424578e-03
1.425100e-03
1.425921e-03
1.426701e-03
1.428541e-03
1.429794e-03
1.432283e-03
1.433745e-03
1.434395e-03
1.434856e-03
1.435872e-03
1.436209e-03
1.436843e-03
1.439073e-03
1.440711e-03
1.441248e-03
1.442411e-03
1.443074e-03
1.444135e-03
1.445630e-03
1.446889e-03
1.447182e-03
1.447705e-03
1.448759e-03
1.450474e-03
1.451246e-03
1.452275e-03
1.452676e-03
1.453718e-03
1.454932e-03
1.456211e-03
1.457444e-03
1.457764e-03
1.459824e-03
1.461089e-03
1.462318e-03
1.462729e-03
1.463983e-03
1.464456e-03
1.465760e-03
1.466830e-03
1.467752e-03
1.469219e-03
1.470148e-03
1.471444e-03
1.472598e-03
1.472709e-03
1.474744e-03
1.475188e-03
1.476756e-03
1.477022e-03
1.477972e-03
1.478050e-03
1.479405e-03
1.480267e-03
1.483433e-03
1.483801e-03
1.484328e-03
1.485704e-03
1.487064e-03
1.487521e-03
1.488653e-03
1.490316e-03
1.491418e-03
1.491840e-03
1.492667e-03
1.493710e-03
1.494878e-03
1.496908e-03
1.497954e-03
1.498668e-03
1.499534e-03
1.501486e-03
1.501833e-03
1.502120e-03
1.503915e-03
1.505235e-03
1.505887e-03
1.506373e-03
1.506743e-03
1.507741e-03
1.509417e-03
1.511797e-03
1.512667e-03
1.512947e-03
1.514422e-03
1.516181e-03
1.516292e-03
1.516740e-03
1.518792e-03
1.520225e-03
1.521391e-03
1.521848e-03
1.523019e-03
1.524386e-03
1.525465e-03
1.526600e-03
1.526892e-03
1.528612e-03
1.529202e-03
1.530015e-03
1.531742e-03
1.533455e-03
1.533604e-03
1.534906e-03
1.535727e-03
1.537145e-03
1.539381e-03
1.541079e-03
1.542370e-03
1.542800e-03
1.543299e-03
1.544041e-03
1.545350e-03
1.546472e-03
1.548143e-03
1.549622e-03
1.549833e-03
1.551007e-03
1.551506e-03
1.552862e-03
1.554134e-03
1.554566e-03
1.555523e-03
1.556189e-03
1.558246e-03
1.558778e-03
1.560131e-03
1.560856e-03
1.561453e-03
1.563549e-03
1.564190e-03
1.564840e-03
1.565950e-03
1.566930e-03
1.568171e-03
1.569895e-03
1.570595e-03
1.571636e-03
1.574392e-03
1.574698e-03
1.575843e-03
1.576688e-03
1.578543e-03
1.581164e-03
1.582244e-03
1.582645e-03
1.584092e-03
1.584824e-03
1.586091e-03
1.586935e-03
1.588565e-03
1.589482e-03
1.589828e-03
1.590580e-03
1.591410e-03
1.593175e-03
1.596005e-03
1.596321e-03
1.597148e-03
1.598960e-03
1.599619e-03
1.600785e-03
1.601751e-03
1.602441e-03
1.602955e-03
1.603673e-03
1.604692e-03
1.605031e-03
1.609004e-03
1.609292e-03
1.610756e-03
1.611264e-03
1.611809e-03
1.612805e-03
1.614405e-03
1.614966e-03
1.616681e-03
1.617608e-03
1.618975e-03
1.620626e-03
1.621786e-03
1.622600e-03
1.624222e-03
1.624873e-03
1.625899e-03
1.626602e-03
1.628260e-03
1.629048e-03
1.630206e-03
1.631299e-03
1.633464e-03
1.633871e-03
1.635092e-03
1.635748e-03
1.637047e-03
1.637625e-03
1.638808e-03
1.639845e-03
1.641373e-03
1.641942e-03
1.643437e-03
1.644511e-03
1.645765e-03
1.648146e-03
1.648395e-03
1.649864e-03
1.650983e-03
1.651428e-03
1.653148e-03
1.655556e-03
1.656322e-03
1.657595e-03
1.658075e-03
1.658306e-03
1.659398e-03
1.660504e-03
1.661707e-03
1.662550e-03
1.663956e-03
1.664723e-03
1.665914e-03
1.667973e-03
1.668173e-03
1.669648e-03
1.670796e-03
1.671797e-03
1.672720e-03
1.673343e-03
1.674755e-03
1.674930e-03
1.675740e-03
1.677284e-03
1.678956e-03
1.679514e-03
1.680995e-03
1.682464e-03
1.684278e-03
1.685167e-03
1.685928e-03
1.687034e-03
1.687540e-03
1.688292e-03
1.689612e-03
1.690402e-03
1.692812e-03
1.694003e-03
1.694936e-03
1.695730e-03
1.696211e-03
1.697279e-03
1.698615e-03
1.699262e-03
1.701261e-03
1.702403e-03
1.703141e-03
1.704208e-03
1.704806e-03
1.705569e-03
1.706662e-03
1.707252e-03
1.708672e-03
1.710667e-03
1.710943e-03
1.711790e-03
1.713006e-03
1.713980e-03
1.715794e-03
1.716216e-03
1.717555e-03
1.718907e-03
1.719279e-03
1.719815e-03
1.721520e-03
1.722823e-03
1.723604e-03
1.724120e-03
1.725417e-03
1.727135e-03
1.727787e-03
1.729508e-03
1.730049e-03
1.730497e-03
1.733131e-03
1.735119e-03
1.736549e-03
1.736879e-03
1.737874e-03
1.738336e-03
1.740029e-03
1.740428e-03
1.741566e-03
1.742371e-03
1.743835e-03
1.745351e-03
1.746836e-03
1.747532e-03
1.749061e-03
1.750413e-03
1.750714e-03
1.751490e-03
1.752913e-03
1.753120e-03
1.755062e-03
1.756969e-03
1.758590e-03
1.759562e-03
1.760577e-03
1.761743e-03
1.761937e-03
1.763008e-03
1.763086e-03
1.765300e-03
1.766284e-03
1.766821e-03
1.767325e-03
1.767995e-03
1.769259e-03
1.771231e-03
1.772232e-03
1.773668e-03
1.774226e-03
1.776507e-03
1.776597e-03
1.778826e-03
1.779929e-03
1.780972e-03
1.782425e-03
1.783396e-03
1.784059e-03
1.784370e-03
1.785498e-03
1.786974e-03
1.787938e-03
1.789673e-03
1.790025e-03
1.791410e-03
1.792263e-03
1.793502e-03
1.794223e-03
1.795539e-03
1.796699e-03
1.798535e-03
1.799719e-03
1.800847e-03
1.802043e-03
1.802814e-03
1.804244e-03
1.804406e-03
1.806432e-03
1.807216e-03
1.809472e-03
1.810379e-03
1.811899e-03
1.812570e-03
1.813360e-03
1.814875e-03
1.815703e-03
1.816149e-03
1.817923e-03
1.820503e-03
1.821142e-03
1.821808e-03
1.823903e-03
1.824510e-03
1.825206e-03
1.825436e-03
1.827103e-03
1.828983e-03
1.829692e-03
1.830408e-03
1.831988e-03
1.832982e-03
1.833876e-03
1.834661e-03
1.835996e-03
1.836860e-03
1.837459e-03
1.837933e-03
1.840457e-03
1.841191e-03
1.842091e-03
1.842364e-03
1.845003e-03
1.846473e-03
1.847592e-03
1.850219e-03
1.851417e-03
1.852642e-03
1.852961e-03
1.854104e-03
1.855764e-03
1.855824e-03
1.857254e-03
1.858686e-03
1.859673e-03
1.859765e-03
1.860950e-03
1.861329e-03
1.864297e-03
1.865082e-03
1.865158e-03
1.867332e-03
1.868023e-03
1.869253e-03
1.870597e-03
1.871625e-03
1.873149e-03
1.874023e-03
1.875763e-03
1.878472e-03
1.878688e-03
1.879520e-03
1.879800e-03
1.880734e-03
1.882248e-03
1.883607e-03
1.884657e-03
1.886461e-03
1.888302e-03
1.888831e-03
1.889838e-03
1.891336e-03
1.893061e-03
1.893415e-03
1.894320e-03
1.896365e-03
1.896714e-03
1.898545e-03
1.899399e-03
1.900900e-03
1.902100e-03
1.902539e-03
1.904397e-03
1.905956e-03
1.906226e-03
1.907998e-03
1.908703e-03
1.909785e-03
1.911085e-03
1.911839e-03
1.913090e-03
1.914849e-03
1.915034e-03
1.916468e-03
1.917589e-03
1.918970e-03
1.919605e-03
1.921921e-03
1.923127e-03
1.923687e-03
1.925134e-03
1.926448e-03
1.927188e-03
1.928129e-03
1.929062e-03
1.930665e-03
1.932032e-03
1.932282e-03
1.932939e-03
1.934636e-03
1.935462e-03
1.936234e-03
1.938714e-03
1.939373e-03
1.939661e-03
1.942625e-03
1.943092e-03
1.944827e-03
1.945031e-03
1.945402e-03
1.948334e-03
1.949972e-03
1.951412e-03
1.952080e-03
1.952483e-03
1.954135e-03
1.954608e-03
1.955936e-03
1.957954e-03
1.958246e-03
1.959538e-03
1.960859e-03
1.962074e-03
1.962931e-03
1.963825e-03
1.964990e-03
1.966502e-03
1.967507e-03
1.968871e-03
1.969851e-03
1.971028e-03
1.971630e-03
1.972187e-03
1.974390e-03
1.975128e-03
1.977370e-03
1.978190e-03
1.980083e-03
1.980937e-03
1.981285e-03
1.982374e-03
1.983715e-03
1.985054e-03
1.985797e-03
1.986690e-03
1.987478e-03
1.989092e-03
1.990100e-03
1.990772e-03
1.992402e-03
1.993536e-03
1.994420e-03
1.995814e-03
1.997059e-03
1.998337e-03
1.999436e-03
1.999838e-03
2.001324e-03
2.003036e-03
2.004001e-03
2.005082e-03
2.007108e-03
2.008137e-03
2.008989e-03
2.009921e-03
2.011285e-03
2.011696e-03
2.013071e-03
2.013192e-03
2.014626e-03
2.015751e-03
2.017760e-03
2.018745e-03
2.019402e-03
2.020102e-03
2.022022e-03
2.022957e-03
2.023371e-03
2.024411e-03
2.027677e-03
2.028975e-03
2.030205e-03
2.030854e-03
2.032131e-03
2.033815e-03
2.035867e-03
2.036881e-03
2.037812e-03
2.038698e-03
2.039652e-03
2.040162e-03
2.040955e-03
2.042076e-03
2.042683e-03
2.044994e-03
2.045365e-03
2.047498e-03
2.048978e-03
2.050083e-03
2.050538e-03
2.050862e-03
2.051720e-03
2.053620e-03
2.055104e-03
2.055705e-03
2.056204e-03
2.058352e-03
2.058849e-03
2.060452e-03
2.061507e-03
2.061667e-03
2.064031e-03
2.064945e-03
2.066012e-03
2.067120e-03
2.068223e-03
2.069172e-03
2.070803e-03
2.072110e-03
2.074157e-03
2.074909e-03
2.075581e-03
2.076481e-03
2.077453e-03
2.079287e-03
2.080810e-03
2.081849e-03
2.082775e-03
2.084267e-03
2.086418e-03
2.087417e-03
2.088634e-03
2.089777e-03
2.091571e-03
2.092940e-03
2.094414e-03
2.094765e-03
2.096237e-03
2.099112e-03
2.099590e-03
2.099925e-03
2.101594e-03
2.102473e-03
2.103567e-03
2.104220e-03
2.104789e-03
2.106643e-03
2.108131e-03
2.109170e-03
2.110289e-03
2.111375e-03
2.112902e-03
2.113146e-03
2.114262e-03
2.114926e-03
2.118154e-03
2.119228e-03
2.120005e-03
2.120798e-03
2.122111e-03
2.123296e-03
2.123862e-03
2.124146e-03
2.126105e-03
2.127490e-03
2.127961e-03
2.128781e-03
2.129266e-03
2.132661e-03
2.132987e-03
2.133614e-03
2.135109e-03
2.136217e-03
2.137364e-03
2.138932e-03
2.139123e-03
2.140444e-03
2.142009e-03
2.142895e-03
2.143929e-03
2.145879e-03
2.146653e-03
2.148314e-03
2.148824e-03
2.150215e-03
2.152535e-03
2.152868e-03
2.156300e-03
2.156811e-03
2.157555e-03
2.158094e-03
2.160142e-03
2.161361e-03
2.162180e-03
2.164280e-03
2.164878e-03
2.165645e-03
2.167928e-03
2.168062e-03
2.170037e-03
2.171847e-03
2.173773e-03
2.175832e-03
2.176743e-03
2.178299e-03
2.178934e-03
2.179719e-03
2.181441e-03
2.182865e-03
2.184473e-03
2.185867e-03
2.186636e-03
2.187652e-03
2.188245e-03
2.189262e-03
2.190395e-03
2.191948e-03
2.192582e-03
2.194540e-03
2.195287e-03
2.196981e-03
2.198643e-03
2.200402e-03
2.200852e-03
2.202737e-03
2.203029e-03
2.204678e-03
2.205897e-03
2.207211e-03
2.208088e-03
2.210364e-03
2.210689e-03
2.212211e-03
2.212943e-03
2.214530e-03
2.216195e-03
2.216777e-03
2.218987e-03
2.219077e-03
2.220202e-03
2.220637e-03
2.221805e-03
2.223431e-03
2.224996e-03
2.226035e-03
2.227424e-03
2.230058e-03
2.230769e-03
2.231110e-03
2.232226e-03
2.234377e-03
2.235340e-03
2.236883e-03
2.238095e-03
2.239737e-03
2.240640e-03
2.241961e-03
2.243174e-03
2.244367e-03
2.245496e-03
2.246336e-03
2.247656e-03
2.249439e-03
2.250360e-03
2.251952e-03
2.252679e-03
2.254071e-03
2.256019e-03
2.257067e-03
2.258170e-03
2.260442e-03
2.261108e-03
2.263378e-03
2.263743e-03
2.265351e-03
2.266832e-03
2.268044e-03
2.268232e-03
2.269747e-03
2.271341e-03
2.273010e-03
2.273859e-03
2.274689e-03
2.276001e-03
2.277813e-03
2.279389e-03
2.279846e-03
2.281555e-03
2.282616e-03
2.283163e-03
2.283775e-03
2.284288e-03
2.285242e-03
2.288347e-03
2.288907e-03
2.290458e-03
2.291727e-03
2.293949e-03
2.294173e-03
2.295962e-03
2.297056e-03
2.298119e-03
2.298738e-03
2.300525e-03
2.301993e-03
2.302860e-03
2.303781e-03
2.305226e-03
2.305918e-03
2.307432e-03
2.308591e-03
2.309349e-03
2.310499e-03
2.311512e-03
2.313638e-03
2.314095e-03
2.315877e-03
2.316759e-03
2.318379e-03
2.319433e-03
2.321648e-03
2.323492e-03
2.323923e-03
2.325707e-03
2.326592e-03
2.327468e-03
2.328776e-03
2.329876e-03
2.330501e-03
2.332482e-03
2.334985e-03
2.335990e-03
2.337576e-03
2.338538e-03
2.339864e-03
2.340639e-03
2.342154e-03
2.342727e-03
2.345282e-03
2.346530e-03
2.348780e-03
2.349221e-03
2.349521e-03
2.350445e-03
2.351885e-03
2.352623e-03
2.355285e-03
2.356570e-03
2.358122e-03
2.358990e-03
2.359258e-03
2.360018e-03
2.361219e-03
2.364205e-03
2.365261e-03
2.367501e-03
2.368381e-03
2.369854e-03
2.370518e-03
2.371610e-03
2.373120e-03
2.373786e-03
2.374744e-03
2.375104e-03
2.376987e-03
2.378258e-03
2.379815e-03
2.380825e-03
2.381701e-03
2.383246e-03
2.385015e-03
2.387723e-03
2.389243e-03
2.390521e-03
2.392446e-03
2.393303e-03
2.393995e-03
2.395057e-03
2.395855e-03
2.397096e-03
2.397993e-03
2.400716e-03
2.401246e-03
2.403670e-03
2.404356e-03
2.406404e-03
2.408493e-03
2.409193e-03
2.409842e-03
2.410908e-03
2.411353e-03
2.412540e-03
2.414520e-03
2.414960e-03
2.415617e-03
2.417176e-03
2.418985e-03
2.421620e-03
2.423124e-03
2.424459e-03
2.424774e-03
2.427609e-03
2.428109e-03
2.429522e-03
2.431306e-03
2.433396e-03
2.433793e-03
2.435453e-03
2.436321e-03
2.437241e-03
2.438526e-03
2.440390e-03
2.441140e-03
2.442082e-03
2.443388e-03
2.444250e-03
2.445971e-03
2.447913e-03
2.449173e-03
2.450810e-03
2.452192e-03
2.452823e-03
2.454547e-03
2.455759e-03
2.456377e-03
2.456950e-03
2.460579e-03
2.461461e-03
2.461959e-03
2.464363e-03
2.464796e-03
2.465520e-03
2.466359e-03
2.467458e-03
2.468208e-03
2.469635e-03
2.471172e-03
2.472020e-03
2.473932e-03
2.475823e-03
2.476374e-03
2.477365e-03
2.479071e-03
2.480729e-03
2.481772e-03
2.482722e-03
2.484968e-03
2.486569e-03
2.488118e-03
2.488607e-03
2.489426e-03
2.491426e-03
2.491904e-03
2.494738e-03
2.495237e-03
2.496392e-03
2.497968e-03
2.499220e-03
2.501172e-03
2.502024e-03
2.503796e-03
2.505452e-03
2.506201e-03
2.507161e-03
2.508112e-03
2.510307e-03
2.511404e-03
2.513281e-03
2.514669e-03
2.515398e-03
2.515957e-03
2.516590e-03
2.518752e-03
2.520760e-03
2.521767e-03
2.522095e-03
2.522741e-03
2.525518e-03
2.525937e-03
2.528375e-03
2.529251e-03
2.530387e-03
2.530970e-03
2.533174e-03
2.534059e-03
2.534942e-03
2.537862e-03
2.539316e-03
2.539769e-03
2.540425e-03
2.541596e-03
2.541843e-03
2.543201e-03
2.546026e-03
2.547968e-03
2.548618e-03
2.550158e-03
2.551790e-03
2.553922e-03
2.554967e-03
2.555596e-03
2.556964e-03
2.557980e-03
2.558375e-03
2.560619e-03
2.561830e-03
2.563071e-03
2.563427e-03
2.565060e-03
2.566460e-03
2.567299e-03
2.568030e-03
2.569604e-03
2.570674e-03
2.574663e-03
2.575499e-03
2.576545e-03
2.577600e-03
2.579339e-03
2.579829e-03
2.582721e-03
2.584102e-03
2.585389e-03
2.586059e-03
2.586944e-03
2.588060e-03
2.589970e-03
2.590838e-03
2.591803e-03
2.592639e-03
2.593057e-03
2.594029e-03
2.595754e-03
2.596818e-03
2.599864e-03
2.600660e-03
2.601786e-03
2.602371e-03
2.603117e-03
2.603885e-03
2.605035e-03
2.606152e-03
2.608194e-03
2.610905e-03
2.611410e-03
2.613707e-03
2.614680e-03
2.615695e-03
2.616881e-03
2.619135e-03
2.620368e-03
2.621338e-03
2.623374e-03
2.624334e-03
2.625012e-03
2.626444e-03
2.628586e-03
2.629724e-03
2.632342e-03
2.632699e-03
2.633452e-03
2.634970e-03
2.635745e-03
2.638053e-03
2.638634e-03
2.640116e-03
2.641655e-03
2.642166e-03
2.643210e-03
2.644552e-03
2.645160e-03
2.645931e-03
2.647583e-03
2.649860e-03
2.651506e-03
2.653173e-03
2.654503e-03
2.655050e-03
2.656313e-03
2.657559e-03
2.658166e-03
2.660261e-03
2.660829e-03
2.661786e-03
2.663971e-03
2.667266e-03
2.669598e-03
2.669875e-03
2.671314e-03
2.672387e-03
2.674604e-03
2.674829e-03
2.675206e-03
2.676733e-03
2.677880e-03
2.679410e-03
2.680449e-03
2.682235e-03
2.682851e-03
2.685036e-03
2.686572e-03
2.687071e-03
2.688472e-03
2.689925e-03
2.692285e-03
2.692418e-03
2.695419e-03
2.697425e-03
2.698797e-03
2.698999e-03
2.701491e-03
2.702660e-03
2.704054e-03
2.704269e-03
2.706311e-03
2.707388e-03
2.707785e-03
2.709856e-03
2.712920e-03
2.713845e-03
2.714973e-03
2.715716e-03
2.716049e-03
2.717286e-03
2.718675e-03
2.720014e-03
2.722604e-03
2.724547e-03
2.725180e-03
2.726491e-03
2.729077e-03
2.729252e-03
2.729392e-03
2.730932e-03
2.733035e-03
2.733424e-03
2.736626e-03
2.737204e-03
2.738292e-03
2.739763e-03
2.741236e-03
2.742108e-03
2.743403e-03
2.745932e-03
2.747307e-03
2.747625e-03
2.750057e-03
2.751261e-03
2.754358e-03
2.755125e-03
2.756773e-03
2.758343e-03
2.759423e-03
2.759549e-03
2.761528e-03
2.762792e-03
2.763895e-03
2.765949e-03
2.767361e-03
2.767997e-03
2.770063e-03
2.770628e-03
2.772611e-03
2.773540e-03
2.775036e-03
2.776844e-03
2.778328e-03
2.778391e-03
2.780133e-03
2.781161e-03
2.782053e-03
2.784253e-03
2.784959e-03
2.786078e-03
2.786492e-03
2.787840e-03
2.790309e-03
2.792024e-03
2.792646e-03
2.796151e-03
2.797611e-03
2.799490e-03
2.800102e-03
2.800943e-03
2.802556e-03
2.804126e-03
2.804658e-03
2.806520e-03
2.807679e-03
2.811471e-03
2.812161e-03
2.812737e-03
2.814323e-03
2.815626e-03
2.817623e-03
2.819023e-03
2.819786e-03
2.820572e-03
2.821524e-03
2.822619e-03
2.824598e-03
2.826790e-03
2.827174e-03
2.828989e-03
2.830405e-03
2.831025e-03
2.833242e-03
2.833447e-03
2.835072e-03
2.836751e-03
2.838317e-03
2.839438e-03
2.841718e-03
2.843536e-03
2.845194e-03
2.845779e-03
2.847708e-03
2.849489e-03
2.849911e-03
2.851424e-03
2.852129e-03
2.852932e-03
2.855596e-03
2.856251e-03
2.858125e-03
2.858750e-03
2.861487e-03
2.862012e-03
2.863281e-03
2.864729e-03
2.865152e-03
2.866991e-03
2.869236e-03
2.870478e-03
2.871108e-03
2.874182e-03
2.875358e-03
2.876673e-03
2.877452e-03
2.878529e-03
2.879660e-03
2.881730e-03
2.883078e-03
2.884833e-03
2.886748e-03
2.888585e-03
2.889266e-03
2.891178e-03
2.892995e-03
2.894810e-03
2.895974e-03
2.897426e-03
2.899323e-03
2.901355e-03
2.901548e-03
2.902767e-03
2.904217e-03
2.905747e-03
2.906500e-03
2.909284e-03
2.909495e-03
2.912310e-03
2.912819e-03
2.914275e-03
2.915451e-03
2.917048e-03
2.918104e-03
2.918845e-03
2.920860e-03
2.921257e-03
2.923412e-03
2.925470e-03
2.926232e-03
2.926840e-03
2.928499e-03
2.930033e-03
2.932195e-03
2.933877e-03
2.935575e-03
2.936615e-03
2.939369e-03
2.940605e-03
2.940997e-03
2.942533e-03
2.945504e-03
2.947237e-03
2.947407e-03
2.948021e-03
2.949905e-03
2.951456e-03
2.952750e-03
2.954393e-03
2.954883e-03
2.956905e-03
2.958278e-03
2.959329e-03
2.960996e-03
2.963021e-03
2.964488e-03
2.965452e-03
2.967049e-03
2.968010e-03
2.969662e-03
2.971086e-03
2.972585e-03
2.973648e-03
2.975409e-03
2.977511e-03
2.978386e-03
2.981103e-03
2.982764e-03
2.984314e-03
2.986284e-03
2.987261e-03
2.987666e-03
2.988799e-03
2.991349e-03
2.992362e-03
2.992523e-03
2.995163e-03
2.995763e-03
2.998285e-03
2.999704e-03
3.002190e-03
3.003179e-03
3.003837e-03
3.004305e-03
3.005506e-03
3.006780e-03
3.009230e-03
3.010287e-03
3.010580e-03
3.012760e-03
3.014893e-03
3.015065e-03
3.016831e-03
3.018909e-03
3.020335e-03
3.021912e-03
3.022938e-03
3.023793e-03
3.025271e-03
3.026483e-03
3.028264e-03
3.030367e-03
3.031795e-03
3.033720e-03
3.034164e-03
3.034789e-03
3.036563e-03
3.039549e-03
3.040162e-03
3.041250e-03
3.042842e-03
3.043157e-03
3.045953e-03
3.048012e-03
3.049920e-03
3.052122e-03
3.053897e-03
3.055072e-03
3.057457e-03
3.058163e-03
3.059712e-03
3.061395e-03
3.061780e-03
3.064084e-03
3.065046e-03
3.065631e-03
3.068484e-03
3.069354e-03
3.071407e-03
3.071832e-03
3.073702e-03
3.075767e-03
3.076471e-03
3.078279e-03
3.080130e-03
3.081191e-03
3.082460e-03
3.083748e-03
3.085966e-03
3.087044e-03
3.088224e-03
3.089138e-03
3.091024e-03
3.092554e-03
3.093108e-03
3.094650e-03
3.095626e-03
3.098912e-03
3.099617e-03
3.100689e-03
3.101098e-03
3.102591e-03
3.105907e-03
3.108153e-03
3.108418e-03
3.110496e-03
3.111493e-03
3.112830e-03
3.113789e-03
3.115035e-03
3.116851e-03
3.119524e-03
3.120119e-03
3.120471e-03
3.124338e-03
3.125194e-03
3.126326e-03
3.127452e-03
3.128511e-03
3.129749e-03
3.131918e-03
3.132622e-03
3.132959e-03
3.134465e-03
3.135259e-03
3.137851e-03
3.139518e-03
3.139777e-03
3.143098e-03
3.144743e-03
3.146879e-03
3.146978e-03
3.148655e-03
3.151945e-03
3.152399e-03
3.154111e-03
3.154780e-03
3.155526e-03
3.158869e-03
3.160233e-03
3.162409e-03
3.163196e-03
3.165751e-03
3.166563e-03
3.167808e-03
3.168451e-03
3.169824e-03
3.171394e-03
3.173052e-03
3.176244e-03
3.177779e-03
3.178284e-03
3.179941e-03
3.181496e-03
3.182235e-03
3.184285e-03
3.184740e-03
3.185681e-03
3.188552e-03
3.190330e-03
3.192155e-03
3.192322e-03
3.195328e-03
3.196022e-03
3.197918e-03
3.198524e-03
3.200073e-03
3.201256e-03
3.203056e-03
3.204039e-03
3.206019e-03
3.207116e-03
3.210138e-03
3.211014e-03
3.213779e-03
3.214901e-03
3.216039e-03
3.218171e-03
3.219317e-03
3.221289e-03
3.221938e-03
3.223752e-03
3.226043e-03
3.226262e-03
3.228285e-03
3.230132e-03
3.230904e-03
3.234103e-03
3.235712e-03
3.236680e-03
3.237069e-03
3.238052e-03
3.240471e-03
3.241354e-03
3.243064e-03
3.244708e-03
3.247324e-03
3.248624e-03
3.249256e-03
3.251503e-03
3.253217e-03
3.254704e-03
3.255423e-03
3.256963e-03
3.259321e-03
3.259745e-03
3.260531e-03
3.261946e-03
3.263565e-03
3.265284e-03
3.267198e-03
3.268556e-03
3.270012e-03
3.271592e-03
3.272089e-03
3.273444e-03
3.274966e-03
3.275545e-03
3.276093e-03
3.278830e-03
3.279741e-03
3.281404e-03
3.281940e-03
3.282703e-03
3.284390e-03
3.287480e-03
3.288613e-03
3.288794e-03
3.289838e-03
3.291799e-03
3.293629e-03
3.296282e-03
3.296854e-03
3.300172e-03
3.302049e-03
3.303334e-03
3.304924e-03
3.305201e-03
3.307258e-03
3.307898e-03
3.308951e-03
3.310540e-03
3.311688e-03
3.313123e-03
3.316710e-03
3.318568e-03
3.319952e-03
3.320991e-03
3.322146e-03
3.323978e-03
3.324995e-03
3.326816e-03
3.327911e-03
3.328524e-03
3.331723e-03
3.333114e-03
3.335536e-03
3.335897e-03
3.337315e-03
3.339060e-03
3.340636e-03
3.342334e-03
3.343840e-03
3.344919e-03
3.345635e-03
3.347994e-03
3.349778e-03
3.350580e-03
3.353032e-03
3.355051e-03
3.356032e-03
3.357457e-03
3.359498e-03
3.361307e-03
3.362905e-03
3.363800e-03
3.365096e-03
3.366222e-03
3.368308e-03
3.369152e-03
3.369941e-03
3.372379e-03
3.375313e-03
3.375465e-03
3.377107e-03
3.379311e-03
3.379992e-03
3.380869e-03
3.381366e-03
3.385466e-03
3.386328e-03
3.387208e-03
3.388815e-03
3.390361e-03
3.392348e-03
3.392659e-03
3.395302e-03
3.397893e-03
3.399178e-03
3.400622e-03
3.402302e-03
3.403748e-03
3.404453e-03
3.405916e-03
3.407327e-03
3.408922e-03
3.409922e-03
3.410657e-03
3.414034e-03
3.415141e-03
3.416325e-03
3.417518e-03
3.420002e-03
3.421656e-03
3.423580e-03
3.424358e-03
3.426913e-03
3.427199e-03
3.429800e-03
3.430344e-03
3.432600e-03
3.434459e-03
3.435003e-03
3.436939e-03
3.439013e-03
3.439693e-03
3.441675e-03
3.443390e-03
3.445220e-03
3.447218e-03
3.449590e-03
3.451879e-03
3.452948e-03
3.455031e-03
3.456027e-03
3.457236e-03
3.459645e-03
3.461609e-03
3.462428e-03
3.464180e-03
3.465905e-03
3.466429e-03
3.470482e-03
3.470671e-03
3.472750e-03
3.475222e-03
3.477150e-03
3.478388e-03
3.479169e-03
3.480832e-03
3.481041e-03
3.482149e-03
3.486060e-03
3.487956e-03
3.488781e-03
3.490272e-03
3.491193e-03
3.492196e-03
3.493629e-03
3.495492e-03
3.496840e-03
3.497195e-03
3.499313e-03
3.501466e-03
3.503028e-03
3.505549e-03
3.507025e-03
3.508844e-03
3.510897e-03
3.512465e-03
3.513750e-03
3.516355e-03
3.519523e-03
3.520164e-03
3.520691e-03
3.521588e-03
3.522070e-03
3.524445e-03
3.524957e-03
3.528359e-03
3.529981e-03
3.531724e-03
3.533100e-03
3.534392e-03
3.535451e-03
3.536691e-03
3.538543e-03
3.541145e-03
3.542619e-03
3.543971e-03
3.546270e-03
3.547211e-03
3.549304e-03
3.550625e-03
3.552361e-03
3.554514e-03
3.555716e-03
3.556305e-03
3.558988e-03
3.559901e-03
3.561669e-03
3.563328e-03
3.564894e-03
3.566693e-03
3.567911e-03
3.570862e-03
3.572569e-03
3.573895e-03
3.577523e-03
3.578315e-03
3.579198e-03
3.580093e-03
3.582046e-03
3.583945e-03
3.584940e-03
3.585829e-03
3.588031e-03
3.590127e-03
3.592487e-03
3.593620e-03
3.595551e-03
3.597997e-03
3.598665e-03
3.600019e-03
3.601216e-03
3.602709e-03
3.604269e-03
3.606575e-03
3.607968e-03
3.611196e-03
3.611658e-03
3.613901e-03
3.615787e-03
3.617878e-03
3.618348e-03
3.619307e-03
3.619697e-03
3.622006e-03
3.623502e-03
3.624357e-03
3.626352e-03
3.629975e-03
3.630678e-03
3.631227e-03
3.632505e-03
3.634292e-03
3.636551e-03
3.638205e-03
3.639810e-03
3.641178e-03
3.643134e-03
3.646010e-03
3.649667e-03
3.649941e-03
3.651124e-03
3.652788e-03
3.654503e-03
3.655336e-03
3.657129e-03
3.658364e-03
3.660374e-03
3.662401e-03
3.663109e-03
3.665144e-03
3.665476e-03
3.667476e-03
3.670152e-03
3.670179e-03
3.671215e-03
3.672924e-03
3.674670e-03
3.677662e-03
3.678220e-03
3.682588e-03
3.683840e-03
3.687589e-03
3.688785e-03
3.690864e-03
3.691235e-03
3.693075e-03
3.694395e-03
3.697450e-03
3.697739e-03
3.699544e-03
3.701238e-03
3.702060e-03
3.704033e-03
3.704817e-03
3.705306e-03
3.706919e-03
3.710266e-03
3.711409e-03
3.712890e-03
3.714304e-03
3.715975e-03
3.716758e-03
3.718316e-03
3.719911e-03
3.721562e-03
3.723576e-03
3.725650e-03
3.726646e-03
3.728255e-03
3.730696e-03
3.732312e-03
3.732988e-03
3.734485e-03
3.735745e-03
3.737412e-03
3.738969e-03
3.740896e-03
3.743574e-03
3.744119e-03
3.745520e-03
3.747182e-03
3.747723e-03
3.751109e-03
3.751506e-03
3.754469e-03
3.755188e-03
3.756386e-03
3.759054e-03
3.761348e-03
3.762060e-03
3.762882e-03
3.766145e-03
3.767103e-03
3.768273e-03
3.770715e-03
3.771466e-03
3.773365e-03
3.775831e-03
3.777693e-03
3.779361e-03
3.781478e-03
3.783334e-03
3.784620e-03
3.785141e-03
3.788763e-03
3.789314e-03
3.791158e-03
3.792298e-03
3.793824e-03
3.795884e-03
3.798095e-03
3.799391e-03
3.800626e-03
3.803424e-03
3.804029e-03
3.804581e-03
3.806540e-03
3.808448e-03
3.810179e-03
3.812119e-03
3.812256e-03
3.814790e-03
3.815235e-03
3.817231e-03
3.820033e-03
3.822733e-03
3.822899e-03
3.825721e-03
3.826486e-03
3.827050e-03
3.829753e-03
3.830016e-03
3.832398e-03
3.834106e-03
3.835702e-03
3.837874e-03
3.838700e-03
3.840602e-03
3.841930e-03
3.844134e-03
3.846477e-03
3.847492e-03
3.851339e-03
3.852121e-03
3.853507e-03
3.855248e-03
3.856326e-03
3.857118e-03
3.859135e-03
3.860822e-03
3.863180e-03
3.864353e-03
3.865517e-03
3.867759e-03
3.870293e-03
3.872015e-03
3.873902e-03
3.876602e-03
3.878612e-03
3.879276e-03
3.880389e-03
3.883464e-03
3.884920e-03
3.885700e-03
3.887559e-03
3.888134e-03
3.888795e-03
3.890332e-03
3.892904e-03
3.895409e-03
3.896224e-03
3.898015e-03
3.899425e-03
3.903013e-03
3.904441e-03
3.905120e-03
3.907238e-03
3.910615e-03
3.911857e-03
3.914108e-03
3.914638e-03
3.916228e-03
3.918640e-03
3.919633e-03
3.921341e-03
3.922503e-03
3.925790e-03
3.927940e-03
3.928581e-03
3.931384e-03
3.932392e-03
3.934453e-03
3.936700e-03
3.939343e-03
3.941405e-03
3.942918e-03
3.943500e-03
3.945828e-03
3.946076e-03
3.947912e-03
3.948438e-03
3.950782e-03
3.952234e-03
3.953989e-03
3.956949e-03
3.957756e-03
3.959184e-03
3.961920e-03
3.963697e-03
3.964538e-03
3.965832e-03
3.969096e-03
3.972523e-03
3.974052e-03
3.974560e-03
3.976921e-03
3.977952e-03
3.978789e-03
3.983460e-03
3.983663e-03
3.986303e-03
3.986669e-03
3.990303e-03
3.990838e-03
3.992371e-03
3.993361e-03
3.994747e-03
3.995637e-03
3.997080e-03
4.000028e-03
4.002812e-03
4.003317e-03
4.005432e-03
4.007711e-03
4.009234e-03
4.010818e-03
4.012693e-03
4.013435e-03
4.016507e-03
4.020292e-03
4.021317e-03
4.022360e-03
4.025074e-03
4.026433e-03
4.028803e-03
4.030552e-03
4.031617e-03
4.032607e-03
4.036050e-03
4.037450e-03
4.038308e-03
4.040492e-03
4.043038e-03
4.044403e-03
4.046465e-03
4.049149e-03
4.050772e-03
4.050872e-03
4.052657e-03
4.054909e-03
4.055428e-03
4.059141e-03
4.060299e-03
4.063946e-03
4.066201e-03
4.067301e-03
4.068008e-03
4.070076e-03
4.070669e-03
4.073160e-03
4.075503e-03
4.076756e-03
4.079898e-03
4.081099e-03
4.083290e-03
4.084591e-03
4.085372e-03
4.086997e-03
4.091904e-03
4.094553e-03
4.094938e-03
4.096484e-03
4.097443e-03
4.098515e-03
4.102402e-03
4.103129e-03
4.104762e-03
4.105760e-03
4.107804e-03
4.108254e-03
4.111259e-03
4.113058e-03
4.114486e-03
4.115654e-03
4.120718e-03
4.121473e-03
4.123778e-03
4.126426e-03
4.127505e-03
4.128159e-03
4.130130e-03
4.133057e-03
4.134396e-03
4.136579e-03
4.137826e-03
4.138336e-03
4.140351e-03
4.142634e-03
4.143399e-03
4.147856e-03
4.149237e-03
4.150255e-03
4.153606e-03
4.154973e-03
4.156015e-03
4.157554e-03
4.159314e-03
4.161421e-03
4.162411e-03
4.164785e-03
4.165785e-03
4.166989e-03
4.169472e-03
4.170581e-03
4.173762e-03
4.174088e-03
4.179051e-03
4.181605e-03
4.182870e-03
4.184098e-03
4.185490e-03
4.190146e-03
4.190449e-03
4.192975e-03
4.194906e-03
4.196552e-03
4.197977e-03
4.199857e-03
4.202579e-03
4.203288e-03
4.205456e-03
4.208071e-03
4.208134e-03
4.210625e-03
4.211982e-03
4.212280e-03
4.213554e-03
4.215821e-03
4.217950e-03
4.219915e-03
4.223786e-03
4.224542e-03
4.225448e-03
4.226430e-03
4.227852e-03
4.229971e-03
4.232580e-03
4.234787e-03
4.236513e-03
4.238628e-03
4.239634e-03
4.241407e-03
4.243987e-03
4.245866e-03
4.247128e-03
4.249903e-03
4.250657e-03
4.253357e-03
4.255504e-03
4.257152e-03
4.259328e-03
4.260831e-03
4.262909e-03
4.267091e-03
4.268836e-03
4.269685e-03
4.271337e-03
4.273035e-03
4.273481e-03
4.275790e-03
4.276792e-03
4.280227e-03
4.281524e-03
4.284796e-03
4.287407e-03
4.287872e-03
4.290089e-03
4.291111e-03
4.294560e-03
4.297251e-03
4.297496e-03
4.299132e-03
4.301718e-03
4.302922e-03
4.303838e-03
4.305246e-03
4.306100e-03
4.309568e-03
4.310466e-03
4.310945e-03
4.312985e-03
4.316684e-03
4.317854e-03
4.319192e-03
4.320870e-03
4.322867e-03
4.326101e-03
4.326908e-03
4.328200e-03
4.329093e-03
4.334757e-03
4.335706e-03
4.337405e-03
4.338241e-03
4.341375e-03
4.342660e-03
4.345321e-03
4.346191e-03
4.348684e-03
4.349465e-03
4.354466e-03
4.355507e-03
4.357423e-03
4.358824e-03
4.361269e-03
4.364771e-03
4.365558e-03
4.365784e-03
4.369339e-03
4.370568e-03
4.374261e-03
4.375551e-03
4.377804e-03
4.380124e-03
4.380369e-03
4.381891e-03
4.384389e-03
4.386630e-03
4.388543e-03
4.389246e-03
4.390944e-03
4.393107e-03
4.395735e-03
4.396738e-03
4.398757e-03
4.400049e-03
4.402908e-03
4.403342e-03
4.405132e-03
4.407773e-03
4.408625e-03
4.410720e-03
4.411955e-03
4.413780e-03
4.417290e-03
4.419753e-03
4.421689e-03
4.423866e-03
4.425204e-03
4.427631e-03
4.429411e-03
4.430410e-03
4.431840e-03
4.434177e-03
4.435676e-03
4.437497e-03
4.437813e-03
4.440811e-03
4.443911e-03
4.444947e-03
4.447217e-03
4.452314e-03
4.452701e-03
4.455507e-03
4.456160e-03
4.457626e-03
4.459327e-03
4.462022e-03
4.462937e-03
4.464792e-03
4.466899e-03
4.468709e-03
4.470703e-03
4.471424e-03
4.473389e-03
4.474319e-03
4.474732e-03
4.477420e-03
4.478999e-03
4.481159e-03
4.483106e-03
4.486247e-03
4.487526e-03
4.489408e-03
4.493097e-03
4.495790e-03
4.496701e-03
4.498917e-03
4.499803e-03
4.502557e-03
4.503676e-03
4.506721e-03
4.507513e-03
4.508397e-03
4.511158e-03
4.511783e-03
4.515079e-03
4.517624e-03
4.519428e-03
4.524193e-03
4.525981e-03
4.527355e-03
4.527926e-03
4.530685e-03
4.532368e-03
4.534380e-03
4.535599e-03
4.536810e-03
4.539504e-03
4.542037e-03
4.542579e-03
4.544087e-03
4.546800e-03
4.550041e-03
4.550764e-03
4.552670e-03
4.555503e-03
4.558285e-03
4.558708e-03
4.562418e-03
4.565244e-03
4.565819e-03
4.569170e-03
4.570366e-03
4.572970e-03
4.574010e-03
4.576691e-03
4.578856e-03
4.581174e-03
4.583042e-03
4.584907e-03
4.587362e-03
4.589234e-03
4.590838e-03
4.593204e-03
4.597644e-03
4.598199e-03
4.599962e-03
4.601164e-03
4.602913e-03
4.604018e-03
4.608128e-03
4.609846e-03
4.610737e-03
4.611733e-03
4.614003e-03
4.618521e-03
4.620681e-03
4.621927e-03
4.622441e-03
4.626603e-03
4.628349e-03
4.630135e-03
4.632596e-03
4.632994e-03
4.634099e-03
4.636294e-03
4.636804e-03
4.641490e-03
4.641718e-03
4.644827e-03
4.645987e-03
4.647400e-03
4.649252e-03
4.652203e-03
4.653658e-03
4.655711e-03
4.657122e-03
4.659330e-03
4.661953e-03
4.662119e-03
4.664356e-03
4.665642e-03
4.666140e-03
4.667776e-03
4.669418e-03
4.672008e-03
4.675819e-03
4.676664e-03
4.679373e-03
4.680885e-03
4.682444e-03
4.685925e-03
4.689070e-03
4.689559e-03
4.691377e-03
4.693116e-03
4.693566e-03
4.694894e-03
4.697811e-03
4.700082e-03
4.701701e-03
4.702814e-03
4.705315e-03
4.706683e-03
4.710233e-03
4.711051e-03
4.711328e-03
4.714824e-03
4.718090e-03
4.719805e-03
4.721368e-03
4.723752e-03
4.725138e-03
4.726386e-03
4.728181e-03
4.730698e-03
4.731677e-03
4.735727e-03
4.736675e-03
4.739164e-03
4.739661e-03
4.741317e-03
4.743844e-03
4.746173e-03
4.747729e-03
4.750723e-03
4.751891e-03
4.755355e-03
4.757033e-03
4.757205e-03
4.759678e-03
4.760578e-03
4.764890e-03
4.769176e-03
4.769499e-03
4.773935e-03
4.774614e-03
4.775590e-03
4.777824e-03
4.780323e-03
4.780952e-03
4.782761e-03
4.785492e-03
4.787265e-03
4.789928e-03
4.792049e-03
4.793841e-03
4.794072e-03
4.797748e-03
4.800827e-03
4.802503e-03
4.802848e-03
4.805664e-03
4.808225e-03
4.811772e-03
4.812191e-03
4.813790e-03
4.815790e-03
4.817768e-03
4.819419e-03
4.821653e-03
4.823000e-03
4.825207e-03
4.828380e-03
4.830095e-03
4.830212e-03
4.833820e-03
4.834659e-03
4.836440e-03
4.838753e-03
4.840581e-03
4.842071e-03
4.844654e-03
4.847640e-03
4.852692e-03
4.853493e-03
4.855670e-03
4.857319e-03
4.858694e-03
4.861152e-03
4.865691e-03
4.866866e-03
4.869013e-03
4.870019e-03
4.871254e-03
4.874483e-03
4.878375e-03
4.881140e-03
4.883567e-03
4.885162e-03
4.885609e-03
4.887689e-03
4.889507e-03
4.891686e-03
4.893397e-03
4.895813e-03
4.897722e-03
4.899159e-03
4.901939e-03
4.903857e-03
4.904842e-03
4.907541e-03
4.910604e-03
4.911281e-03
4.916217e-03
4.917203e-03
4.918443e-03
4.919875e-03
4.922846e-03
4.925300e-03
4.927233e-03
4.928780e-03
4.930591e-03
4.933174e-03
4.934433e-03
4.936222e-03
4.938715e-03
4.941462e-03
4.942207e-03
4.943923e-03
4.948368e-03
4.951658e-03
4.952889e-03
4.955284e-03
4.957183e-03
4.963578e-03
4.964750e-03
4.965498e-03
4.967914e-03
4.968246e-03
4.969766e-03
4.972331e-03
4.974134e-03
4.975838e-03
4.976833e-03
4.978322e-03
4.980258e-03
4.982490e-03
4.984682e-03
4.989260e-03
4.991372e-03
4.992240e-03
4.994380e-03
4.994998e-03
4.996170e-03
4.999005e-03
5.000701e-03
5.002202e-03
5.006995e-03
5.007992e-03
5.009547e-03
5.011878e-03
5.013381e-03
5.015609e-03
5.017261e-03
5.018157e-03
5.019817e-03
5.023293e-03
5.026260e-03
5.028354e-03
5.029285e-03
5.033925e-03
5.035194e-03
5.036433e-03
5.036929e-03
5.039275e-03
5.041723e-03
5.043117e-03
5.046056e-03
5.047936e-03
5.048427e-03
5.053411e-03
5.054797e-03
5.056137e-03
5.058637e-03
5.061550e-03
5.062607e-03
5.065827e-03
5.066728e-03
5.069884e-03
5.071034e-03
5.072620e-03
5.075515e-03
5.076450e-03
5.078618e-03
5.081963e-03
5.082176e-03
5.083301e-03
5.087612e-03
5.090339e-03
5.091605e-03
5.092814e-03
5.094282e-03
5.098858e-03
5.101368e-03
5.101721e-03
5.103290e-03
5.104218e-03
5.106683e-03
5.110892e-03
5.112193e-03
5.113834e-03
5.115217e-03
5.116445e-03
5.117906e-03
5.120342e-03
5.126352e-03
5.127816e-03
5.128036e-03
5.130764e-03
5.135314e-03
5.135836e-03
5.138852e-03
5.140056e-03
5.142353e-03
5.144080e-03
5.146254e-03
5.146873e-03
5.148077e-03
5.151244e-03
5.154660e-03
5.156453e-03
5.160051e-03
5.162486e-03
5.163450e-03
5.165430e-03
5.168346e-03
5.170766e-03
5.173506e-03
5.175855e-03
5.178045e-03
5.179697e-03
5.180715e-03
5.184674e-03
5.185881e-03
5.188655e-03
5.192104e-03
5.194735e-03
5.196334e-03
5.197952e-03
5.200778e-03
5.201498e-03
5.205619e-03
5.206468e-03
5.208917e-03
5.211560e-03
5.214150e-03
5.217229e-03
5.218776e-03
5.220395e-03
5.221930e-03
5.223336e-03
5.228322e-03
5.228810e-03
5.232601e-03
5.234596e-03
5.236793e-03
5.238727e-03
5.240521e-03
5.242998e-03
5.245746e-03
5.248522e-03
5.251483e-03
5.252527e-03
5.255013e-03
5.257366e-03
5.259833e-03
5.262297e-03
5.262943e-03
5.265091e-03
5.268875e-03
5.270415e-03
5.272843e-03
5.274216e-03
5.274955e-03
5.278297e-03
5.279489e-03
5.283325e-03
5.286949e-03
5.288065e-03
5.290385e-03
5.292668e-03
5.296408e-03
5.298795e-03
5.301601e-03
5.304055e-03
5.305614e-03
5.307928e-03
5.309760e-03
5.312370e-03
5.313279e-03
5.315240e-03
5.318544e-03
5.320953e-03
5.321891e-03
5.325411e-03
5.328851e-03
5.330060e-03
5.331496e-03
5.336085e-03
5.336475e-03
5.337212e-03
5.339567e-03
5.343243e-03
5.344538e-03
5.347422e-03
5.349196e-03
5.352916e-03
5.354195e-03
5.357655e-03
5.359220e-03
5.363179e-03
5.363871e-03
5.364679e-03
5.367732e-03
5.369715e-03
5.370600e-03
5.371490e-03
5.376399e-03
5.376900e-03
5.379042e-03
5.381694e-03
5.384998e-03
5.386301e-03
5.389345e-03
5.391854e-03
5.394585e-03
5.395844e-03
5.399850e-03
5.400215e-03
5.402411e-03
5.403800e-03
5.409248e-03
5.409417e-03
5.412255e-03
5.414971e-03
5.416638e-03
5.420909e-03
5.421264e-03
5.426483e-03
5.426927e-03
5.428737e-03
5.431968e-03
5.435241e-03
5.436017e-03
5.439875e-03
5.441548e-03
5.443398e-03
5.445159e-03
5.448430e-03
5.450249e-03
5.452517e-03
5.455078e-03
5.457203e-03
5.460658e-03
5.461161e-03
5.463888e-03
5.466160e-03
5.467838e-03
5.470453e-03
5.472051e-03
5.474424e-03
5.476121e-03
5.478103e-03
5.482604e-03
5.486063e-03
5.486463e-03
5.489113e-03
5.494189e-03
5.496887e-03
5.497541e-03
5.501101e-03
5.502827e-03
5.505547e-03
5.508184e-03
5.509007e-03
5.514110e-03
5.518002e-03
5.520302e-03
5.521804e-03
5.524862e-03
5.525951e-03
5.529875e-03
5.531223e-03
5.532457e-03
5.534391e-03
5.537366e-03
5.538528e-03
5.542065e-03
5.543079e-03
5.544976e-03
5.548916e-03
5.549873e-03
5.551861e-03
5.553987e-03
5.555022e-03
5.556897e-03
5.562114e-03
5.564614e-03
5.566324e-03
5.570053e-03
5.572048e-03
5.572251e-03
5.576290e-03
5.579294e-03
5.580547e-03
5.582199e-03
5.583178e-03
5.586255e-03
5.589029e-03
5.589814e-03
5.592479e-03
5.595108e-03
5.596042e-03
5.599200e-03
5.601229e-03
5.604397e-03
5.607656e-03
5.610058e-03
5.611968e-03
5.612845e-03
5.616086e-03
5.617905e-03
5.618254e-03
5.620674e-03
5.622777e-03
5.627055e-03
5.628881e-03
5.631057e-03
5.631559e-03
5.634077e-03
5.637302e-03
5.638349e-03
5.640505e-03
5.642897e-03
5.645832e-03
5.649577e-03
5.650103e-03
5.651413e-03
5.651970e-03
5.657775e-03
5.659012e-03
5.663186e-03
5.665586e-03
5.666381e-03
5.666780e-03
5.669298e-03
5.670086e-03
5.672193e-03
5.675384e-03
5.682181e-03
5.684383e-03
5.686798e-03
5.687982e-03
5.689423e-03
5.692357e-03
5.694221e-03
5.696557e-03
5.700096e-03
5.702057e-03
5.702485e-03
5.705677e-03
5.707018e-03
5.707797e-03
5.710850e-03
5.716474e-03
5.718363e-03
5.722375e-03
5.723398e-03
5.726580e-03
5.728458e-03
5.730460e-03
5.734164e-03
5.734767e-03
5.737479e-03
5.737715e-03
5.742194e-03
5.743244e-03
5.744698e-03
5.748344e-03
5.749962e-03
5.752144e-03
5.755752e-03
5.757820e-03
5.761197e-03
5.763269e-03
5.767770e-03
5.771319e-03
5.772272e-03
5.774298e-03
5.775343e-03
5.778519e-03
5.781193e-03
5.783122e-03
5.786283e-03
5.786763e-03
5.788300e-03
5.791178e-03
5.796777e-03
5.797193e-03
5.799672e-03
5.803913e-03
5.805868e-03
5.806725e-03
5.807308e-03
5.811652e-03
5.815717e-03
5.817386e-03
5.818486e-03
5.820046e-03
5.825720e-03
5.830572e-03
5.832923e-03
5.835816e-03
5.837663e-03
5.838486e-03
5.840684e-03
5.843443e-03
5.845326e-03
5.847890e-03
5.849829e-03
5.851719e-03
5.852959e-03
5.854608e-03
5.857359e-03
5.858317e-03
5.863880e-03
5.866447e-03
5.868249e-03
5.869522e-03
5.872064e-03
5.874556e-03
5.877237e-03
5.878952e-03
5.880734e-03
5.883289e-03
5.886325e-03
5.888672e-03
5.894479e-03
5.895516e-03
5.898482e-03
5.900568e-03
5.905649e-03
5.907158e-03
5.907237e-03
5.908709e-03
5.911446e-03
5.913076e-03
5.917530e-03
5.920593e-03
5.922003e-03
5.923451e-03
5.927781e-03
5.928263e-03
5.931953e-03
5.932094e-03
5.934734e-03
5.938926e-03
5.941794e-03
5.943113e-03
5.944995e-03
5.947956e-03
5.952796e-03
5.953792e-03
5.956291e-03
5.959264e-03
5.960998e-03
5.965731e-03
5.966550e-03
5.969398e-03
5.971264e-03
5.973205e-03
5.977587e-03
5.980507e-03
5.982789e-03
5.986692e-03
5.989196e-03
5.989627e-03
5.991894e-03
5.995873e-03
5.997804e-03
5.998947e-03
6.001948e-03
6.004289e-03
6.007941e-03
6.010622e-03
6.012863e-03
6.014219e-03
6.016921e-03
6.019324e-03
6.020289e-03
6.022967e-03
6.024269e-03
6.026517e-03
6.030284e-03
6.032541e-03
6.035070e-03
6.037906e-03
6.041344e-03
6.044191e-03
6.047006e-03
6.049108e-03
6.051152e-03
6.055527e-03
6.058892e-03
6.059076e-03
6.063430e-03
6.065263e-03
6.066467e-03
6.068265e-03
6.071590e-03
6.071890e-03
6.075487e-03
6.076844e-03
6.079960e-03
6.081550e-03
6.083936e-03
6.088702e-03
6.092409e-03
6.094790e-03
6.096185e-03
6.097753e-03
6.098969e-03
6.100659e-03
6.105401e-03
6.107472e-03
6.111756e-03
6.116603e-03
6.119120e-03
6.121254e-03
6.125771e-03
6.126267e-03
6.130042e-03
6.131368e-03
6.132346e-03
6.135146e-03
6.136754e-03
6.141327e-03
6.143202e-03
6.144041e-03
6.149040e-03
6.149448e-03
6.152762e-03
6.156712e-03
6.158382e-03
6.161566e-03
6.166201e-03
6.167436e-03
6.170314e-03
6.171425e-03
6.175230e-03
6.175719e-03
6.179010e-03
6.183480e-03
6.184640e-03
6.186851e-03
6.190152e-03
6.193340e-03
6.195981e-03
6.198243e-03
6.199144e-03
6.200771e-03
6.204791e-03
6.207650e-03
6.213263e-03
6.215996e-03
6.217321e-03
6.217879e-03
6.221339e-03
6.224562e-03
6.227134e-03
6.228211e-03
6.231510e-03
6.233259e-03
6.235065e-03
6.236546e-03
6.240082e-03
6.242910e-03
6.244042e-03
6.247362e-03
6.250302e-03
6.250667e-03
6.252897e-03
6.257645e-03
6.259070e-03
6.260283e-03
6.265592e-03
6.267242e-03
6.269734e-03
6.271282e-03
6.272661e-03
6.274883e-03
6.279822e-03
6.280714e-03
6.286060e-03
6.286865e-03
6.288741e-03
6.292662e-03
6.296043e-03
6.297210e-03
6.301953e-03
6.302220e-03
6.303796e-03
6.306548e-03
6.309427e-03
6.311327e-03
6.314355e-03
6.318514e-03
6.322767e-03
6.323689e-03
6.328335e-03
6.329837e-03
6.331380e-03
6.332210e-03
6.334920e-03
6.336551e-03
6.337639e-03
6.338198e-03
6.342852e-03
6.345408e-03
6.348227e-03
6.350235e-03
6.353432e-03
6.356205e-03
6.358570e-03
6.362931e-03
6.363988e-03
6.367069e-03
6.368577e-03
6.370709e-03
6.373697e-03
6.377211e-03
6.379053e-03
6.380704e-03
6.384760e-03
6.386507e-03
6.387531e-03
6.391330e-03
6.395052e-03
6.396282e-03
6.400387e-03
6.402175e-03
6.407979e-03
6.410267e-03
6.411511e-03
6.412972e-03
6.413519e-03
6.415679e-03
6.417913e-03
6.422599e-03
6.423836e-03
6.428779e-03
6.430004e-03
6.430727e-03
6.433263e-03
6.437569e-03
6.439365e-03
6.444286e-03
6.446019e-03
6.450168e-03
6.450609e-03
6.455675e-03
6.459118e-03
6.460043e-03
6.461673e-03
6.467102e-03
6.468953e-03
6.471226e-03
6.474488e-03
6.477642e-03
6.481761e-03
6.482826e-03
6.486357e-03
6.489300e-03
6.493107e-03
6.498200e-03
6.500187e-03
6.502002e-03
6.505855e-03
6.507721e-03
6.510096e-03
6.510834e-03
6.512714e-03
6.516428e-03
6.518042e-03
6.519359e-03
6.522316e-03
6.523985e-03
6.527607e-03
6.531204e-03
6.533318e-03
6.534358e-03
6.537003e-03
6.540024e-03
6.543719e-03
6.547330e-03
6.551774e-03
6.552142e-03
6.554675e-03
6.555630e-03
6.558341e-03
6.560883e-03
6.561891e-03
6.563748e-03
6.565951e-03
6.570198e-03
6.573489e-03
6.576914e-03
6.578426e-03
6.581334e-03
6.583970e-03
6.585578e-03
6.586014e-03
6.594830e-03
6.596120e-03
6.598367e-03
6.602228e-03
6.603580e-03
6.607648e-03
6.611329e-03
6.613080e-03
6.616830e-03
6.617999e-03
6.618130e-03
6.623661e-03
6.626521e-03
6.629577e-03
6.631197e-03
6.633598e-03
6.634615e-03
6.637418e-03
6.640819e-03
6.644257e-03
6.646955e-03
6.650875e-03
6.653658e-03
6.656277e-03
6.657668e-03
6.663607e-03
6.664812e-03
6.667187e-03
6.670026e-03
6.673851e-03
6.676248e-03
6.678090e-03
6.682260e-03
6.683427e-03
6.686941e-03
6.688349e-03
6.691491e-03
6.695673e-03
6.696850e-03
6.698366e-03
6.703187e-03
6.706725e-03
6.709876e-03
6.715069e-03
6.716459e-03
6.721399e-03
6.724850e-03
6.725813e-03
6.726436e-03
6.731217e-03
6.734073e-03
6.735731e-03
6.740798e-03
6.742044e-03
6.744057e-03
6.748246e-03
6.750213e-03
6.753770e-03
6.756580e-03
6.762026e-03
6.763391e-03
6.766883e-03
6.771404e-03
6.773439e-03
6.776428e-03
6.777358e-03
6.780058e-03
6.782893e-03
6.784824e-03
6.786934e-03
6.789644e-03
6.795079e-03
6.796901e-03
6.800749e-03
6.803711e-03
6.805406e-03
6.806041e-03
6.808552e-03
6.814037e-03
6.817146e-03
6.819323e-03
6.820775e-03
6.825767e-03
6.828318e-03
6.832076e-03
6.833752e-03
6.834878e-03
6.836430e-03
6.842519e-03
6.844645e-03
6.846528e-03
6.849602e-03
6.851774e-03
6.855350e-03
6.860442e-03
6.862427e-03
6.867518e-03
6.869419e-03
6.871445e-03
6.872704e-03
6.874305e-03
6.876938e-03
6.881503e-03
6.884005e-03
6.886264e-03
6.891646e-03
6.892810e-03
6.894103e-03
6.896207e-03
6.897967e-03
6.905249e-03
6.908567e-03
6.909466e-03
6.910388e-03
6.915339e-03
6.918189e-03
6.919007e-03
6.921464e-03
6.930179e-03
6.933834e-03
6.934444e-03
6.936027e-03
6.938676e-03
6.944372e-03
6.945668e-03
6.946938e-03
6.949036e-03
6.952897e-03
6.957190e-03
6.961397e-03
6.963505e-03
6.966829e-03
6.967163e-03
6.971578e-03
6.974127e-03
6.976130e-03
6.978355e-03
6.984414e-03
6.985120e-03
6.988671e-03
6.990553e-03
6.997152e-03
6.998239e-03
6.999800e-03
7.002809e-03
7.007720e-03
7.012179e-03
7.014357e-03
7.015547e-03
7.022297e-03
7.023542e-03
7.026171e-03
7.031569e-03
7.033077e-03
7.036533e-03
7.041133e-03
7.042568e-03
7.045428e-03
7.049669e-03
7.052998e-03
7.058051e-03
7.059833e-03
7.064336e-03
7.070414e-03
7.073247e-03
7.074123e-03
7.076548e-03
7.081814e-03
7.085587e-03
7.088237e-03
7.091308e-03
7.094749e-03
7.098334e-03
7.103145e-03
7.104587e-03
7.108997e-03
7.113404e-03
7.114157e-03
7.115370e-03
7.119330e-03
7.124008e-03
7.125429e-03
7.126846e-03
7.130543e-03
7.131997e-03
7.138048e-03
7.142553e-03
7.145324e-03
7.150162e-03
7.151063e-03
7.153520e-03
7.157320e-03
7.160396e-03
7.162821e-03
7.167870e-03
7.168314e-03
7.170819e-03
7.177040e-03
7.178468e-03
7.180876e-03
7.183140e-03
7.190906e-03
7.192759e-03
7.194590e-03
7.200256e-03
7.202861e-03
7.204583e-03
7.205524e-03
7.209747e-03
7.213602e-03
7.216439e-03
7.221943e-03
7.225038e-03
7.225816e-03
7.229974e-03
7.230337e-03
7.233462e-03
7.237959e-03
7.242258e-03
7.244552e-03
7.249731e-03
7.252745e-03
7.256745e-03
7.259388e-03
7.262066e-03
7.268004e-03
7.270434e-03
7.272737e-03
7.276198e-03
7.280902e-03
7.282162e-03
7.282777e-03
7.287460e-03
7.289410e-03
7.295468e-03
7.297644e-03
7.301631e-03
7.303839e-03
7.303941e-03
7.309794e-03
7.313490e-03
7.317509e-03
7.318268e-03
7.319163e-03
7.325565e-03
7.326661e-03
7.332263e-03
7.337321e-03
7.338496e-03
7.340318e-03
7.342107e-03
7.346501e-03
7.348369e-03
7.354543e-03
7.356874e-03
7.358650e-03
7.361779e-03
7.363933e-03
7.368128e-03
7.368657e-03
7.372911e-03
7.376224e-03
7.376844e-03
7.382794e-03
7.387076e-03
7.389581e-03
7.394607e-03
7.396151e-03
7.398655e-03
7.402729e-03
7.403337e-03
7.406229e-03
7.410216e-03
7.413564e-03
7.420259e-03
7.423204e-03
7.427487e-03
7.431983e-03
7.434316e-03
7.437189e-03
7.439649e-03
7.443284e-03
7.448115e-03
7.450887e-03
7.455126e-03
7.456042e-03
7.460625e-03
7.464808e-03
7.468573e-03
7.471212e-03
7.474323e-03
7.477284e-03
7.478465e-03
7.482278e-03
7.486048e-03
7.490082e-03
7.492811e-03
7.499674e-03
7.501346e-03
7.503177e-03
7.505757e-03
7.506932e-03
7.513582e-03
7.516240e-03
7.518700e-03
7.521618e-03
7.526975e-03
7.529045e-03
7.535220e-03
7.537150e-03
7.542239e-03
7.542824e-03
7.543883e-03
7.547611e-03
7.551367e-03
7.555763e-03
7.558555e-03
7.565085e-03
7.569966e-03
7.571842e-03
7.575791e-03
7.578436e-03
7.581336e-03
7.585647e-03
7.586556e-03
7.591975e-03
7.594526e-03
7.598068e-03
7.600029e-03
7.605966e-03
7.608046e-03
7.610540e-03
7.613952e-03
7.616388e-03
7.622066e-03
7.622515e-03
7.624924e-03
7.632353e-03
7.635138e-03
7.638439e-03
7.642219e-03
7.642760e-03
7.647504e-03
7.649464e-03
7.656934e-03
7.657558e-03
7.665010e-03
7.666404e-03
7.667457e-03
7.673721e-03
7.674297e-03
7.678585e-03
7.679341e-03
7.681532e-03
7.683659e-03
7.686053e-03
7.691212e-03
7.691917e-03
7.699144e-03
7.701345e-03
7.706100e-03
7.709006e-03
7.711913e-03
7.716387e-03
7.718202e-03
7.720854e-03
7.724260e-03
7.727776e-03
7.734562e-03
7.735744e-03
7.740698e-03
7.741583e-03
7.744969e-03
7.747130e-03
7.751053e-03
7.752137e-03
7.759122e-03
7.759766e-03
7.761547e-03
7.766637e-03
7.767513e-03
7.770577e-03
7.771524e-03
7.772699e-03
7.783835e-03
7.786160e-03
7.788937e-03
7.791389e-03
7.795829e-03
7.796993e-03
7.800390e-03
7.803860e-03
7.806217e-03
7.808724e-03
7.811095e-03
7.817972e-03
7.820590e-03
7.822588e-03
7.824999e-03
7.827571e-03
7.832277e-03
7.833234e-03
7.838144e-03
7.842106e-03
7.843805e-03
7.845411e-03
7.848525e-03
7.854327e-03
7.857773e-03
7.861373e-03
7.865772e-03
7.868320e-03
7.868739e-03
7.873711e-03
7.878020e-03
7.880062e-03
7.882079e-03
7.887607e-03
7.889078e-03
7.892406e-03
7.896240e-03
7.900649e-03
7.903734e-03
7.908589e-03
7.910879e-03
7.913765e-03
7.914657e-03
7.918242e-03
7.920123e-03
7.922799e-03
7.928428e-03
7.934572e-03
7.939636e-03
7.941494e-03
7.943315e-03
7.947699e-03
7.950785e-03
7.951916e-03
7.955634e-03
7.961356e-03
7.963023e-03
7.965779e-03
7.970664e-03
7.972223e-03
7.976756e-03
7.979907e-03
7.982861e-03
7.984035e-03
7.987910e-03
7.990652e-03
7.995027e-03
7.995932e-03
7.998927e-03
8.001032e-03
8.004529e-03
8.010159e-03
8.012095e-03
8.013612e-03
8.018499e-03
8.021830e-03
8.025297e-03
8.028303e-03
8.034526e-03
8.036057e-03
8.038693e-03
8.041694e-03
8.047738e-03
8.049382e-03
8.052277e-03
8.054240e-03
8.059174e-03
8.062672e-03
8.064704e-03
8.065557e-03
8.070051e-03
8.072779e-03
8.077224e-03
8.080172e-03
8.080724e-03
8.083776e-03
8.088299e-03
8.089389e-03
8.092869e-03
8.095886e-03
8.100225e-03
8.108042e-03
8.110134e-03
8.111563e-03
8.114440e-03
8.118766e-03
8.122535e-03
8.123402e-03
8.124864e-03
8.134385e-03
8.135830e-03
8.140574e-03
8.143955e-03
8.148382e-03
8.151136e-03
8.152821e-03
8.157897e-03
8.159988e-03
8.160859e-03
8.161708e-03
8.165806e-03
8.169134e-03
8.173767e-03
8.176127e-03
8.179813e-03
8.184922e-03
8.187382e-03
8.189782e-03
8.194413e-03
8.198231e-03
8.200347e-03
8.206877e-03
8.209617e-03
8.212598e-03
8.217942e-03
8.220449e-03
8.222863e-03
8.224807e-03
8.226810e-03
8.228717e-03
8.232892e-03
8.236532e-03
8.237906e-03
8.244835e-03
8.245953e-03
8.250629e-03
8.252715e-03
8.258601e-03
8.261751e-03
8.265996e-03
8.268135e-03
8.271613e-03
8.274060e-03
8.276793e-03
8.278405e-03
8.288558e-03
8.289385e-03
8.292105e-03
8.294747e-03
8.298288e-03
8.304108e-03
8.307594e-03
8.310810e-03
8.312938e-03
8.320950e-03
8.323109e-03
8.327640e-03
8.328813e-03
8.332386e-03
8.336151e-03
8.337287e-03
8.338360e-03
8.343002e-03
8.345522e-03
8.350532e-03
8.351544e-03
8.356805e-03
8.361505e-03
8.363738e-03
8.369183e-03
8.369757e-03
8.374039e-03
8.377118e-03
8.378124e-03
8.380002e-03
8.383859e-03
8.387899e-03
8.389438e-03
8.394442e-03
8.401434e-03
8.403262e-03
8.404160e-03
8.410112e-03
8.410976e-03
8.413708e-03
8.420439e-03
8.422389e-03
8.424717e-03
8.428809e-03
8.433819e-03
8.439212e-03
8.441557e-03
8.443114e-03
8.447026e-03
8.453110e-03
8.458627e-03
8.459992e-03
8.462976e-03
8.464029e-03
8.467276e-03
8.469668e-03
8.472045e-03
8.475186e-03
8.480190e-03
8.480419e-03
8.485954e-03
8.491698e-03
8.494146e-03
8.499194e-03
8.501897e-03
8.504352e-03
8.507563e-03
8.512195e-03
8.512800e-03
8.516951e-03
8.524628e-03
8.524817e-03
8.529756e-03
8.531541e-03
8.535345e-03
8.537353e-03
8.540885e-03
8.542893e-03
8.547934e-03
8.552997e-03
8.558838e-03
8.561531e-03
8.569842e-03
8.570600e-03
8.573005e-03
8.575928e-03
8.582827e-03
8.585009e-03
8.590918e-03
8.593452e-03
8.594574e-03
8.601800e-03
8.606212e-03
8.609941e-03
8.611197e-03
8.612843e-03
8.614471e-03
8.617240e-03
8.621488e-03
8.628095e-03
8.632682e-03
8.636210e-03
8.638470e-03
8.640876e-03
8.647616e-03
8.650322e-03
8.653161e-03
8.661356e-03
8.661976e-03
8.665395e-03
8.669415e-03
8.671738e-03
8.677162e-03
8.679688e-03
8.685718e-03
8.688918e-03
8.692300e-03
8.697453e-03
8.699375e-03
8.705978e-03
8.710040e-03
8.712438e-03
8.713564e-03
8.718990e-03
8.724341e-03
8.727814e-03
8.729876e-03
8.737126e-03
8.738566e-03
8.738935e-03
8.742941e-03
8.744771e-03
8.746564e-03
8.754628e-03
8.758664e-03
8.761381e-03
8.763337e-03
8.767768e-03
8.768886e-03
8.770233e-03
8.777071e-03
8.778486e-03
8.783088e-03
8.786759e-03
8.789483e-03
8.793445e-03
8.797703e-03
8.800271e-03
8.802658e-03
8.804671e-03
8.812130e-03
8.815567e-03
8.818002e-03
8.818926e-03
8.822797e-03
8.827175e-03
8.828023e-03
8.834191e-03
8.840708e-03
8.844086e-03
8.849352e-03
8.853445e-03
8.856180e-03
8.861195e-03
8.861618e-03
8.863107e-03
8.868535e-03
8.873792e-03
8.875744e-03
8.876955e-03
8.878850e-03
8.888365e-03
8.889662e-03
8.891328e-03
8.895280e-03
8.898185e-03
8.904793e-03
8.907175e-03
8.913297e-03
8.918005e-03
8.923640e-03
8.924366e-03
8.926417e-03
8.931702e-03
8.936254e-03
8.942034e-03
8.943175e-03
8.946048e-03
8.948121e-03
8.953068e-03
8.956604e-03
8.965738e-03
8.966495e-03
8.970743e-03
8.973820e-03
8.977771e-03
8.979612e-03
8.984887e-03
8.990017e-03
8.992981e-03
8.996126e-03
9.000443e-03
9.004313e-03
9.008458e-03
9.012579e-03
9.017361e-03
9.018580e-03
9.019439e-03
9.023220e-03
9.029235e-03
9.032195e-03
9.038071e-03
9.040846e-03
9.045972e-03
9.046611e-03
9.050734e-03
9.053739e-03
9.058935e-03
9.062500e-03
9.066733e-03
9.071189e-03
9.074110e-03
9.078875e-03
9.085307e-03
9.087952e-03
9.092585e-03
9.094662e-03
9.097886e-03
9.101807e-03
9.105185e-03
9.107751e-03
9.112306e-03
9.113593e-03
9.113767e-03
9.119237e-03
9.122593e-03
9.128736e-03
9.131693e-03
9.134702e-03
9.138130e-03
9.139781e-03
9.142608e-03
9.149383e-03
9.153822e-03
9.161999e-03
9.165552e-03
9.167440e-03
9.170312e-03
9.178499e-03
9.181206e-03
9.182614e-03
9.189245e-03
9.190066e-03
9.198900e-03
9.201341e-03
9.204031e-03
9.207423e-03
9.211736e-03
9.215455e-03
9.217910e-03
9.222996e-03
9.225299e-03
9.230351e-03
9.232951e-03
9.233904e-03
9.239356e-03
9.243854e-03
9.245776e-03
9.248006e-03
9.257810e-03
9.258818e-03
9.263338e-03
9.269016e-03
9.271156e-03
9.271743e-03
9.280244e-03
9.288281e-03
9.291815e-03
9.294876e-03
9.300733e-03
9.307523e-03
9.309356e-03
9.315868e-03
9.319689e-03
9.324827e-03
9.326027e-03
9.327364e-03
9.333946e-03
9.335526e-03
9.340406e-03
9.341902e-03
9.346800e-03
9.351998e-03
9.355426e-03
9.361161e-03
9.364419e-03
9.365458e-03
9.369438e-03
9.370696e-03
9.374196e-03
9.377247e-03
9.387796e-03
9.392744e-03
9.396475e-03
9.399317e-03
9.406560e-03
9.407998e-03
9.408978e-03
9.413393e-03
9.418211e-03
9.425491e-03
9.427896e-03
9.429819e-03
9.436322e-03
9.437538e-03
9.441411e-03
9.446705e-03
9.448325e-03
9.453443e-03
9.458477e-03
9.462562e-03
9.467071e-03
9.468400e-03
9.473829e-03
9.479632e-03
9.483927e-03
9.486859e-03
9.493393e-03
9.496151e-03
9.497632e-03
9.500115e-03
9.505905e-03
9.506960e-03
9.510591e-03
9.514304e-03
9.517243e-03
9.521334e-03
9.523926e-03
9.528840e-03
9.532674e-03
9.539151e-03
9.542688e-03
9.550045e-03
9.556241e-03
9.560064e-03
9.562440e-03
9.564516e-03
9.570352e-03
9.572378e-03
9.580729e-03
9.583565e-03
9.586666e-03
9.588548e-03
9.591946e-03
9.600637e-03
9.601466e-03
9.605669e-03
9.608634e-03
9.610720e-03
9.618988e-03
9.623144e-03
9.625989e-03
9.633315e-03
9.634296e-03
9.636893e-03
9.645385e-03
9.646104e-03
9.649763e-03
9.652967e-03
9.660225e-03
9.664999e-03
9.668042e-03
9.675801e-03
9.676420e-03
9.681171e-03
9.685825e-03
9.689114e-03
9.690365e-03
9.693025e-03
9.696439e-03
9.701275e-03
9.705396e-03
9.711999e-03
9.714229e-03
9.719622e-03
9.723712e-03
9.725875e-03
9.728730e-03
9.733664e-03
9.739150e-03
9.747520e-03
9.749604e-03
9.752883e-03
9.756066e-03
9.761183e-03
9.764142e-03
9.765704e-03
9.770644e-03
9.772999e-03
9.776736e-03
9.781889e-03
9.783853e-03
9.790758e-03
9.797589e-03
9.800689e-03
9.804539e-03
9.806609e-03
9.811967e-03
9.821875e-03
9.823064e-03
9.826143e-03
9.828064e-03
9.833279e-03
9.837841e-03
9.845243e-03
9.847546e-03
9.850002e-03
9.854038e-03
9.858349e-03
9.860431e-03
9.866296e-03
9.868616e-03
9.875105e-03
9.879140e-03
9.886165e-03
9.889384e-03
9.890982e-03
9.894990e-03
9.896184e-03
9.902596e-03
9.906813e-03
9.912554e-03
9.914603e-03
9.920482e-03
9.921346e-03
9.925915e-03
9.930697e-03
9.932189e-03
9.936457e-03
9.947444e-03
9.948774e-03
9.954290e-03
9.957023e-03
9.962287e-03
9.965412e-03
9.969450e-03
9.972039e-03
9.977656e-03
9.982950e-03
9.990284e-03
9.992661e-03
9.995231e-03
1.000159e-02
1.000814e-02
1.001057e-02
1.001641e-02
1.002141e-02
1.002537e-02
1.002835e-02
1.003410e-02
1.003571e-02
1.003905e-02
1.004271e-02
1.004321e-02
1.004667e-02
1.005477e-02
1.005874e-02
1.006360e-02
1.007229e-02
1.007471e-02
1.007876e-02
1.008003e-02
1.008344e-02
1.009301e-02
1.009500e-02
1.009975e-02
1.010173e-02
1.010458e-02
1.010866e-02
1.011371e-02
1.012159e-02
1.012289e-02
1.012666e-02
1.012789e-02
1.013411e-02
1.013690e-02
1.014270e-02
1.015071e-02
1.015364e-02
1.015875e-02
1.016427e-02
1.016924e-02
1.017565e-02
1.017697e-02
1.017889e-02
1.018434e-02
1.018767e-02
1.019014e-02
1.019152e-02
1.019636e-02
1.020036e-02
1.020437e-02
1.021039e-02
1.021494e-02
1.021783e-02
1.022003e-02
1.022513e-02
1.023141e-02
1.023757e-02
1.023965e-02
1.025221e-02
1.025399e-02
1.025703e-02
1.025917e-02
1.026533e-02
1.026891e-02
1.027289e-02
1.028060e-02
1.028244e-02
1.028835e-02
1.029454e-02
1.029707e-02
1.030386e-02
1.030632e-02
1.031364e-02
1.031510e-02
1.032086e-02
1.032607e-02
1.033035e-02
1.033285e-02
1.033984e-02
1.034053e-02
1.034338e-02
1.034790e-02
1.035168e-02
1.035282e-02
1.035747e-02
1.036396e-02
1.037097e-02
1.037554e-02
1.037752e-02
1.038234e-02
1.039069e-02
1.039678e-02
1.040094e-02
1.040514e-02
1.041399e-02
1.041503e-02
1.041893e-02
1.042514e-02
1.042939e-02
1.043164e-02
1.043698e-02
1.043891e-02
1.044896e-02
1.044965e-02
1.045778e-02
1.046139e-02
1.046289e-02
1.047253e-02
1.047449e-02
1.048081e-02
1.048551e-02
1.048580e-02
1.048922e-02
1.049615e-02
1.050050e-02
1.050396e-02
1.051105e-02
1.051487e-02
1.051896e-02
1.052130e-02
1.052635e-02
1.053172e-02
1.053912e-02
1.054006e-02
1.054844e-02
1.054952e-02
1.055120e-02
1.056072e-02
1.056288e-02
1.056695e-02
1.056967e-02
1.057630e-02
1.057973e-02
1.058403e-02
1.058973e-02
1.059048e-02
1.059673e-02
1.060213e-02
1.060793e-02
1.061402e-02
1.061484e-02
1.062089e-02
1.062901e-02
1.063334e-02
1.063531e-02
1.064358e-02
1.064540e-02
1.064632e-02
1.065393e-02
1.065605e-02
1.066018e-02
1.066433e-02
1.067112e-02
1.067752e-02
1.068160e-02
1.068479e-02
1.068555e-02
1.069359e-02
1.069616e-02
1.070096e-02
1.070656e-02
1.071093e-02
1.071393e-02
1.071636e-02
1.072097e-02
1.072416e-02
1.073392e-02
1.074204e-02
1.074541e-02
1.074864e-02
1.075229e-02
1.075491e-02
1.075770e-02
1.075984e-02
1.076352e-02
1.077027e-02
1.077326e-02
1.078269e-02
1.078491e-02
1.078739e-02
1.079404e-02
1.080105e-02
1.080583e-02
1.080697e-02
1.081160e-02
1.081559e-02
1.081921e-02
1.082191e-02
1.082753e-02
1.083438e-02
1.083621e-02
1.083838e-02
1.084657e-02
1.084856e-02
1.085726e-02
1.086037e-02
1.086373e-02
1.086727e-02
1.086855e-02
1.087439e-02
1.087507e-02
1.087940e-02
1.088906e-02
1.089163e-02
1.089503e-02
1.089926e-02
1.090595e-02
1.091107e-02
1.091484e-02
1.091873e-02
1.092619e-02
1.093045e-02
1.093789e-02
1.094377e-02
1.094578e-02
1.094989e-02
1.095363e-02
1.095967e-02
1.096452e-02
1.097438e-02
1.098252e-02
1.098777e-02
1.099081e-02
1.099453e-02
1.099855e-02
1.100120e-02
1.100791e-02
1.100841e-02
1.101610e-02
1.102636e-02
1.102989e-02
1.103737e-02
1.104501e-02
1.104699e-02
1.104871e-02
1.105772e-02
1.106058e-02
1.107196e-02
1.107235e-02
1.107641e-02
1.108518e-02
1.108745e-02
1.109122e-02
1.109770e-02
1.110314e-02
1.110854e-02
1.111360e-02
1.111739e-02
1.111872e-02
1.112165e-02
1.112608e-02
1.113020e-02
1.113486e-02
1.114345e-02
1.114838e-02
1.115668e-02
1.116007e-02
1.116358e-02
1.116820e-02
1.116898e-02
1.117729e-02
1.117952e-02
1.118246e-02
1.118702e-02
1.119168e-02
1.119850e-02
1.120012e-02
1.120962e-02
1.121546e-02
1.121761e-02
1.122567e-02
1.123281e-02
1.123793e-02
1.124133e-02
1.124600e-02
1.125531e-02
1.125927e-02
1.126493e-02
1.126736e-02
1.126963e-02
1.127509e-02
1.127642e-02
1.128664e-02
1.129208e-02
1.129740e-02
1.130550e-02
1.131209e-02
1.131717e-02
1.132147e-02
1.132252e-02
1.132655e-02
1.133748e-02
1.134502e-02
1.134815e-02
1.135780e-02
1.135852e-02
1.136440e-02
1.136589e-02
1.137883e-02
1.138117e-02
1.138431e-02
1.138907e-02
1.139522e-02
1.140555e-02
1.140652e-02
1.141118e-02
1.141508e-02
1.142519e-02
1.143375e-02
1.143647e-02
1.143880e-02
1.144590e-02
1.144930e-02
1.145254e-02
1.145680e-02
1.146596e-02
1.147433e-02
1.147490e-02
1.148084e-02
1.148147e-02
1.148754e-02
1.148830e-02
1.149721e-02
1.149967e-02
1.150591e-02
1.150994e-02
1.151441e-02
1.151696e-02
1.152092e-02
1.152368e-02
1.153185e-02
1.153620e-02
1.153895e-02
1.154423e-02
1.155026e-02
1.155229e-02
1.155758e-02
1.156605e-02
1.156721e-02
1.157179e-02
1.157418e-02
1.157945e-02
1.158293e-02
1.158618e-02
1.159093e-02
1.159235e-02
1.159993e-02
1.160262e-02
1.160345e-02
1.161227e-02
1.161454e-02
1.162084e-02
1.162574e-02
1.162663e-02
1.164435e-02
1.164794e-02
1.165127e-02
1.165643e-02
1.166068e-02
1.166341e-02
1.166872e-02
1.167457e-02
1.167810e-02
1.168153e-02
1.168917e-02
1.169340e-02
1.169760e-02
1.169942e-02
1.170480e-02
1.170705e-02
1.171070e-02
1.172251e-02
1.172675e-02
1.173046e-02
1.173599e-02
1.174099e-02
1.174326e-02
1.174478e-02
1.175271e-02
1.175964e-02
1.176131e-02
1.177057e-02
1.177278e-02
1.177391e-02
1.178315e-02
1.178561e-02
1.178956e-02
1.179405e-02
1.179735e-02
1.181157e-02
1.181342e-02
1.181854e-02
1.182332e-02
1.182707e-02
1.182936e-02
1.183206e-02
1.184644e-02
1.184787e-02
1.185356e-02
1.185952e-02
1.186567e-02
1.186974e-02
1.187294e-02
1.187599e-02
1.188320e-02
1.188673e-02
1.189610e-02
1.190220e-02
1.191085e-02
1.191393e-02
1.191804e-02
1.192272e-02
1.192675e-02
1.193301e-02
1.194225e-02
1.194254e-02
1.194830e-02
1.195227e-02
1.195836e-02
1.196569e-02
1.197265e-02
1.198233e-02
1.198578e-02
1.198781e-02
1.199247e-02
1.200782e-02
1.201015e-02
1.201362e-02
1.201948e-02
1.202175e-02
1.202756e-02
1.203572e-02
1.203615e-02
1.204063e-02
1.204639e-02
1.205142e-02
1.205646e-02
1.206212e-02
1.206386e-02
1.207575e-02
1.207964e-02
1.208328e-02
1.209187e-02
1.209726e-02
1.210055e-02
1.210308e-02
1.210582e-02
1.211405e-02
1.212131e-02
1.212646e-02
1.213112e-02
1.213215e-02
1.213625e-02
1.214820e-02
1.215173e-02
1.215665e-02
1.216267e-02
1.217560e-02
1.218079e-02
1.218791e-02
1.219468e-02
1.219661e-02
1.220272e-02
1.221009e-02
1.221739e-02
1.221959e-02
1.222440e-02
1.223191e-02
1.223328e-02
1.223654e-02
1.223782e-02
1.224731e-02
1.225180e-02
1.225335e-02
1.225786e-02
1.225954e-02
1.226268e-02
1.227076e-02
1.227545e-02
1.228168e-02
1.228671e-02
1.229262e-02
1.230454e-02
1.230540e-02
1.231377e-02
1.231543e-02
1.232315e-02
1.232637e-02
1.233811e-02
1.234498e-02
1.234794e-02
1.235516e-02
1.236165e-02
1.236415e-02
1.236805e-02
1.237066e-02
1.237778e-02
1.238364e-02
1.238930e-02
1.239481e-02
1.239861e-02
1.240627e-02
1.241544e-02
1.241937e-02
1.242161e-02
1.242905e-02
1.243663e-02
1.244201e-02
1.244539e-02
1.245026e-02
1.245451e-02
1.246085e-02
1.246450e-02
1.247035e-02
1.247761e-02
1.248790e-02
1.249073e-02
1.249689e-02
1.250064e-02
1.251003e-02
1.252043e-02
1.252473e-02
1.252973e-02
1.253390e-02
1.254136e-02
1.254544e-02
1.254894e-02
1.255258e-02
1.255430e-02
1.256029e-02
1.256180e-02
1.256475e-02
1.257764e-02
1.258269e-02
1.258934e-02
1.259346e-02
1.259618e-02
1.260348e-02
1.260491e-02
1.261178e-02
1.261824e-02
1.262310e-02
1.262593e-02
1.262870e-02
1.264103e-02
1.264297e-02
1.264957e-02
1.265708e-02
1.266087e-02
1.266578e-02
1.267250e-02
1.267541e-02
1.268246e-02
1.268498e-02
1.270034e-02
1.270751e-02
1.271213e-02
1.271331e-02
1.271686e-02
1.271996e-02
1.272703e-02
1.272885e-02
1.273405e-02
1.274242e-02
1.275296e-02
1.275857e-02
1.276538e-02
1.276711e-02
1.277613e-02
1.277804e-02
1.278227e-02
1.279194e-02
1.279580e-02
1.280040e-02
1.280929e-02
1.281203e-02
1.281650e-02
1.282052e-02
1.282765e-02
1.283255e-02
1.283829e-02
1.284441e-02
1.285105e-02
1.285558e-02
1.286571e-02
1.287245e-02
1.287890e-02
1.287980e-02
1.288469e-02
1.288651e-02
1.288936e-02
1.289150e-02
1.289640e-02
1.289920e-02
1.291013e-02
1.291655e-02
1.292006e-02
1.292858e-02
1.293336e-02
1.293644e-02
1.294352e-02
1.295057e-02
1.295928e-02
1.296677e-02
1.297349e-02
1.297898e-02
1.298618e-02
1.299471e-02
1.299728e-02
1.300005e-02
1.300329e-02
1.300929e-02
1.301280e-02
1.301660e-02
1.302187e-02
1.303245e-02
1.303831e-02
1.304379e-02
1.305195e-02
1.305796e-02
1.305932e-02
1.306490e-02
1.307803e-02
1.307967e-02
1.308469e-02
1.308692e-02
1.309545e-02
1.310044e-02
1.310609e-02
1.311191e-02
1.311980e-02
1.312505e-02
1.313560e-02
1.314554e-02
1.315143e-02
1.315603e-02
1.316300e-02
1.317169e-02
1.317985e-02
1.318503e-02
1.318998e-02
1.319649e-02
1.319804e-02
1.320244e-02
1.320936e-02
1.321487e-02
1.321706e-02
1.322295e-02
1.323521e-02
1.323822e-02
1.324547e-02
1.325306e-02
1.325711e-02
1.327042e-02
1.327531e-02
1.327794e-02
1.328261e-02
1.329307e-02
1.329558e-02
1.331005e-02
1.331579e-02
1.331875e-02
1.332201e-02
1.333139e-02
1.333514e-02
1.334010e-02
1.334384e-02
1.335933e-02
1.336208e-02
1.336831e-02
1.337405e-02
1.337798e-02
1.338645e-02
1.339259e-02
1.339882e-02
1.340377e-02
1.340904e-02
1.342520e-02
1.342954e-02
1.343347e-02
1.343918e-02
1.344463e-02
1.345601e-02
1.346134e-02
1.346450e-02
1.347015e-02
1.347985e-02
1.348251e-02
1.348980e-02
1.349960e-02
1.350367e-02
1.350738e-02
1.351176e-02
1.352035e-02
1.352299e-02
1.353292e-02
1.354019e-02
1.354593e-02
1.355175e-02
1.355927e-02
1.356364e-02
1.356870e-02
1.357248e-02
1.358071e-02
1.358621e-02
1.359504e-02
1.359981e-02
1.360962e-02
1.360980e-02
1.361501e-02
1.362325e-02
1.362962e-02
1.363368e-02
1.364190e-02
1.364663e-02
1.365152e-02
1.366166e-02
1.366606e-02
1.367493e-02
1.368462e-02
1.369123e-02
1.370171e-02
1.370930e-02
1.371376e-02
1.372148e-02
1.372515e-02
1.373484e-02
1.374192e-02
1.375210e-02
1.375671e-02
1.376004e-02
1.377067e-02
1.377755e-02
1.378048e-02
1.378562e-02
1.379019e-02
1.379587e-02
1.380060e-02
1.381092e-02
1.382069e-02
1.382784e-02
1.383665e-02
1.384030e-02
1.384643e-02
1.385285e-02
1.385869e-02
1.386872e-02
1.387155e-02
1.387892e-02
1.388228e-02
1.389321e-02
1.389779e-02
1.390666e-02
1.391019e-02
1.392558e-02
1.392619e-02
1.392812e-02
1.393260e-02
1.394312e-02
1.395284e-02
1.395754e-02
1.396178e-02
1.396900e-02
1.397647e-02
1.398391e-02
1.399142e-02
1.400353e-02
1.400576e-02
1.401857e-02
1.402578e-02
1.403142e-02
1.403926e-02
1.404654e-02
1.405210e-02
1.405443e-02
1.405802e-02
1.406804e-02
1.407361e-02
1.408361e-02
1.408874e-02
1.409760e-02
1.410206e-02
1.410688e-02
1.411661e-02
1.411761e-02
1.412435e-02
1.413345e-02
1.413642e-02
1.414713e-02
1.415908e-02
1.417000e-02
1.418402e-02
1.418653e-02
1.419411e-02
1.419677e-02
1.420669e-02
1.420965e-02
1.421495e-02
1.422655e-02
1.422928e-02
1.423835e-02
1.423988e-02
1.424618e-02
1.425263e-02
1.425728e-02
1.426970e-02
1.427020e-02
1.427937e-02
1.429004e-02
1.429379e-02
1.429798e-02
1.430250e-02
1.431373e-02
1.431471e-02
1.432245e-02
1.432532e-02
1.433413e-02
1.434158e-02
1.435130e-02
1.436526e-02
1.436681e-02
1.437302e-02
1.437924e-02
1.438480e-02
1.438965e-02
1.439800e-02
1.440550e-02
1.442266e-02
1.442284e-02
1.442904e-02
1.443920e-02
1.444659e-02
1.445287e-02
1.445975e-02
1.446897e-02
1.447906e-02
1.448157e-02
1.448843e-02
1.449692e-02
1.449891e-02
1.450560e-02
1.451178e-02
1.451991e-02
1.452727e-02
1.453072e-02
1.453705e-02
1.454208e-02
1.455068e-02
1.456105e-02
1.456500e-02
1.456754e-02
1.457450e-02
1.458857e-02
1.459088e-02
1.459972e-02
1.460938e-02
1.461535e-02
1.462335e-02
1.462760e-02
1.464359e-02
1.464673e-02
1.465015e-02
1.465290e-02
1.466258e-02
1.467381e-02
1.467822e-02
1.468826e-02
1.469389e-02
1.470276e-02
1.471433e-02
1.472157e-02
1.472340e-02
1.472683e-02
1.473676e-02
1.474742e-02
1.474904e-02
1.475223e-02
1.475840e-02
1.476124e-02
1.477218e-02
1.477900e-02
1.478949e-02
1.479785e-02
1.480333e-02
1.480736e-02
1.482292e-02
1.482459e-02
1.483988e-02
1.484696e-02
1.485826e-02
1.486797e-02
1.487839e-02
1.488910e-02
1.489097e-02
1.489881e-02
1.490703e-02
1.491458e-02
1.492115e-02
1.492229e-02
1.492623e-02
1.493909e-02
1.494673e-02
1.495054e-02
1.496185e-02
1.497405e-02
1.497571e-02
1.497804e-02
1.499198e-02
1.499679e-02
1.499899e-02
1.500155e-02
1.500982e-02
1.501543e-02
1.502061e-02
1.503603e-02
1.503991e-02
1.504624e-02
1.504785e-02
1.505864e-02
1.506639e-02
1.507319e-02
1.508026e-02
1.508924e-02
1.509073e-02
1.509367e-02
1.510044e-02
1.510345e-02
1.511669e-02
1.512805e-02
1.513106e-02
1.513476e-02
1.514503e-02
1.514655e-02
1.515555e-02
1.516241e-02
1.516887e-02
1.517898e-02
1.518323e-02
1.518986e-02
1.519475e-02
1.520104e-02
1.520836e-02
1.521254e-02
1.522314e-02
1.522616e-02
1.522827e-02
1.523291e-02
1.523942e-02
1.524731e-02
1.525074e-02
1.526190e-02
1.527224e-02
1.528668e-02
1.529968e-02
1.530331e-02
1.531042e-02
1.531636e-02
1.532058e-02
1.532576e-02
1.534243e-02
1.534608e-02
1.537169e-02
1.537613e-02
1.538421e-02
1.539392e-02
1.540245e-02
1.540960e-02
1.543091e-02
1.543619e-02
1.544007e-02
1.544773e-02
1.545833e-02
1.546262e-02
1.547530e-02
1.547563e-02
1.548244e-02
1.548612e-02
1.549669e-02
1.550493e-02
1.550649e-02
1.551639e-02
1.552559e-02
1.553386e-02
1.553986e-02
1.554684e-02
1.555491e-02
1.556548e-02
1.557145e-02
1.557376e-02
1.558467e-02
1.558981e-02
1.560945e-02
1.561911e-02
1.562392e-02
1.563016e-02
1.563468e-02
1.563890e-02
1.565157e-02
1.565879e-02
1.566435e-02
1.567060e-02
1.569214e-02
1.570532e-02
1.570838e-02
1.571732e-02
1.571831e-02
1.572819e-02
1.573499e-02
1.574009e-02
1.574177e-02
1.575275e-02
1.575795e-02
1.576516e-02
1.576604e-02
1.577626e-02
1.578071e-02
1.579918e-02
1.580024e-02
1.580955e-02
1.582537e-02
1.583003e-02
1.583478e-02
1.583844e-02
1.585462e-02
1.586864e-02
1.587815e-02
1.588686e-02
1.589002e-02
1.589753e-02
1.590232e-02
1.590864e-02
1.591379e-02
1.592467e-02
1.592825e-02
1.593116e-02
1.595032e-02
1.595599e-02
1.595674e-02
1.596301e-02
1.597103e-02
1.597746e-02
1.598584e-02
1.599595e-02
1.600939e-02
1.601312e-02
1.601566e-02
1.603283e-02
1.604005e-02
1.605063e-02
1.606313e-02
1.606418e-02
1.606686e-02
1.607346e-02
1.607896e-02
1.609012e-02
1.609066e-02
1.610635e-02
1.610993e-02
1.612860e-02
1.613047e-02
1.613733e-02
1.614605e-02
1.615078e-02
1.615361e-02
1.615696e-02
1.616393e-02
1.617296e-02
1.617692e-02
1.618440e-02
1.619061e-02
1.621119e-02
1.621377e-02
1.622690e-02
1.623015e-02
1.623062e-02
1.624490e-02
1.625710e-02
1.626794e-02
1.628005e-02
1.628370e-02
1.629061e-02
1.629444e-02
1.630254e-02
1.631324e-02
1.632219e-02
1.632723e-02
1.634492e-02
1.635699e-02
1.636525e-02
1.637763e-02
1.638582e-02
1.639716e-02
1.641283e-02
1.642067e-02
1.642439e-02
1.643321e-02
1.644142e-02
1.645005e-02
1.645801e-02
1.646829e-02
1.647236e-02
1.648113e-02
1.648811e-02
1.649504e-02
1.650183e-02
1.650750e-02
1.651407e-02
1.652360e-02
1.652516e-02
1.652960e-02
1.653416e-02
1.654511e-02
1.655407e-02
1.655951e-02
1.658008e-02
1.658437e-02
1.659235e-02
1.660807e-02
1.661155e-02
1.662697e-02
1.662870e-02
1.663890e-02
1.664377e-02
1.665601e-02
1.666667e-02
1.667823e-02
1.669114e-02
1.669908e-02
1.671503e-02
1.671801e-02
1.672495e-02
1.673356e-02
1.674077e-02
1.675313e-02
1.675720e-02
1.676522e-02
1.677262e-02
1.677743e-02
1.679528e-02
1.680900e-02
1.681005e-02
1.682034e-02
1.682869e-02
1.683548e-02
1.683984e-02
1.685863e-02
1.687607e-02
1.688050e-02
1.689503e-02
1.690077e-02
1.690974e-02
1.692464e-02
1.693040e-02
1.693678e-02
1.694211e-02
1.695475e-02
1.695814e-02
1.697682e-02
1.697984e-02
1.698864e-02
1.699622e-02
1.700379e-02
1.701539e-02
1.702023e-02
1.702601e-02
1.703352e-02
1.704016e-02
1.704939e-02
1.706110e-02
1.707249e-02
1.708306e-02
1.708557e-02
1.708958e-02
1.710162e-02
1.710620e-02
1.711386e-02
1.712376e-02
1.714185e-02
1.714583e-02
1.715956e-02
1.716976e-02
1.717652e-02
1.718597e-02
1.720397e-02
1.720809e-02
1.721992e-02
1.723925e-02
1.724648e-02
1.725388e-02
1.725999e-02
1.727759e-02
1.728278e-02
1.728713e-02
1.729192e-02
1.730019e-02
1.731856e-02
1.732165e-02
1.734192e-02
1.735384e-02
1.735835e-02
1.736504e-02
1.737268e-02
1.737630e-02
1.738538e-02
1.739746e-02
1.741379e-02
1.741662e-02
1.742166e-02
1.743184e-02
1.743642e-02
1.744366e-02
1.744939e-02
1.745777e-02
1.747073e-02
1.747725e-02
1.748545e-02
1.749287e-02
1.751661e-02
1.753279e-02
1.754052e-02
1.755208e-02
1.756788e-02
1.757503e-02
1.758671e-02
1.759425e-02
1.759885e-02
1.761551e-02
1.762370e-02
1.762650e-02
1.763044e-02
1.764521e-02
1.764989e-02
1.765889e-02
1.766612e-02
1.767333e-02
1.768248e-02
1.769650e-02
1.770084e-02
1.771241e-02
1.771612e-02
1.771884e-02
1.773966e-02
1.774014e-02
1.774996e-02
1.776863e-02
1.777622e-02
1.778890e-02
1.780409e-02
1.781440e-02
1.782871e-02
1.783428e-02
1.783893e-02
1.784739e-02
1.786222e-02
1.786494e-02
1.788609e-02
1.789106e-02
1.789650e-02
1.791022e-02
1.792772e-02
1.793739e-02
1.794597e-02
1.795738e-02
1.796526e-02
1.797655e-02
1.799688e-02
1.800144e-02
1.800565e-02
1.802046e-02
1.802269e-02
1.803343e-02
1.803907e-02
1.804222e-02
1.805495e-02
1.806235e-02
1.807356e-02
1.808441e-02
1.808998e-02
1.810655e-02
1.810861e-02
1.812901e-02
1.813682e-02
1.814167e-02
1.815737e-02
1.817132e-02
1.818447e-02
1.819279e-02
1.821507e-02
1.822027e-02
1.822912e-02
1.823135e-02
1.824076e-02
1.825198e-02
1.825857e-02
1.826179e-02
1.826239e-02
1.827252e-02
1.828617e-02
1.828984e-02
1.830226e-02
1.830576e-02
1.831708e-02
1.832337e-02
1.833604e-02
1.834849e-02
1.835306e-02
1.837409e-02
1.837725e-02
1.838376e-02
1.839030e-02
1.841261e-02
1.842081e-02
1.843518e-02
1.843653e-02
1.844291e-02
1.845823e-02
1.846329e-02
1.847229e-02
1.848249e-02
1.848768e-02
1.850198e-02
1.851934e-02
1.852449e-02
1.853425e-02
1.854787e-02
1.857300e-02
1.858420e-02
1.859737e-02
1.860080e-02
1.861158e-02
1.862015e-02
1.862290e-02
1.864209e-02
1.864713e-02
1.865567e-02
1.865929e-02
1.867543e-02
1.869044e-02
1.869726e-02
1.871140e-02
1.872140e-02
1.874751e-02
1.875416e-02
1.876761e-02
1.877099e-02
1.877842e-02
1.878570e-02
1.880474e-02
1.881218e-02
1.883400e-02
1.884050e-02
1.884286e-02
1.884818e-02
1.886778e-02
1.887786e-02
1.888837e-02
1.889010e-02
1.890161e-02
1.890900e-02
1.892067e-02
1.893560e-02
1.893773e-02
1.895059e-02
1.895975e-02
1.896188e-02
1.897277e-02
1.899291e-02
1.900650e-02
1.900738e-02
1.904773e-02
1.905071e-02
1.906358e-02
1.906510e-02
1.907496e-02
1.910246e-02
1.910907e-02
1.910965e-02
1.912303e-02
1.913213e-02
1.914199e-02
1.915266e-02
1.916413e-02
1.917107e-02
1.918950e-02
1.919221e-02
1.919978e-02
1.921456e-02
1.923547e-02
1.923717e-02
1.924630e-02
1.924876e-02
1.925332e-02
1.927705e-02
1.929314e-02
1.931672e-02
1.932334e-02
1.933356e-02
1.934986e-02
1.937153e-02
1.937532e-02
1.939023e-02
1.939962e-02
1.942202e-02
1.942956e-02
1.944221e-02
1.946391e-02
1.947626e-02
1.948065e-02
1.948536e-02
1.949217e-02
1.949743e-02
1.951408e-02
1.952822e-02
1.952990e-02
1.953362e-02
1.956554e-02
1.957265e-02
1.958389e-02
1.958799e-02
1.964956e-02
1.966149e-02
1.966594e-02
1.968370e-02
1.970028e-02
1.971716e-02
1.974525e-02
1.975535e-02
1.977190e-02
1.977565e-02
1.977974e-02
1.979455e-02
1.980418e-02
1.981553e-02
1.982583e-02
1.983853e-02
1.984259e-02
1.985806e-02
1.986725e-02
1.987917e-02
1.988565e-02
1.990093e-02
1.991051e-02
1.991643e-02
1.992368e-02
1.993017e-02
1.995614e-02
1.996349e-02
1.997120e-02
1.998676e-02
1.999881e-02
2.000213e-02
2.002417e-02
2.002896e-02
2.003547e-02
2.004021e-02
2.006679e-02
2.007176e-02
2.007985e-02
2.009426e-02
2.011087e-02
2.012145e-02
2.013253e-02
2.014911e-02
2.016444e-02
2.016687e-02
2.017175e-02
2.018868e-02
2.020370e-02
2.021273e-02
2.022052e-02
2.023337e-02
2.024169e-02
2.025666e-02
2.029282e-02
2.030558e-02
2.031396e-02
2.033440e-02
2.034558e-02
2.035321e-02
2.037168e-02
2.037523e-02
2.038679e-02
2.040477e-02
2.041150e-02
2.042903e-02
2.043814e-02
2.045814e-02
2.047184e-02
2.050301e-02
2.051201e-02
2.051850e-02
2.053325e-02
2.055157e-02
2.055775e-02
2.056194e-02
2.056841e-02
2.058386e-02
2.058938e-02
2.060295e-02
2.061234e-02
2.061839e-02
2.063885e-02
2.064413e-02
2.065574e-02
2.068391e-02
2.070185e-02
2.070956e-02
2.073149e-02
2.075598e-02
2.077231e-02
2.079226e-02
2.079884e-02
2.081170e-02
2.081954e-02
2.082351e-02
2.083376e-02
2.084201e-02
2.086417e-02
2.088358e-02
2.089486e-02
2.090295e-02
2.092705e-02
2.092776e-02
2.094665e-02
2.095579e-02
2.096362e-02
2.096823e-02
2.099103e-02
2.100793e-02
2.101404e-02
2.103336e-02
2.104328e-02
2.105526e-02
2.107608e-02
2.107980e-02
2.108961e-02
2.109422e-02
2.110808e-02
2.111306e-02
2.111550e-02
2.112787e-02
2.116120e-02
2.119048e-02
2.121089e-02
2.122432e-02
2.122487e-02
2.124193e-02
2.124727e-02
2.125662e-02
2.128019e-02
2.130191e-02
2.131041e-02
2.132457e-02
2.134028e-02
2.135398e-02
2.135985e-02
2.137047e-02
2.138306e-02
2.140158e-02
2.140680e-02
2.141564e-02
2.142495e-02
2.145640e-02
2.146328e-02
2.147301e-02
2.149318e-02
2.151627e-02
2.152860e-02
2.154794e-02
2.157151e-02
2.157738e-02
2.159175e-02
2.161279e-02
2.162795e-02
2.164084e-02
2.166930e-02
2.167711e-02
2.169619e-02
2.170657e-02
2.171666e-02
2.174454e-02
2.174736e-02
2.177674e-02
2.178345e-02
2.181147e-02
2.181472e-02
2.184970e-02
2.185575e-02
2.187154e-02
2.188037e-02
2.189676e-02
2.190939e-02
2.192478e-02
2.195941e-02
2.196766e-02
2.198211e-02
2.198793e-02
2.199531e-02
2.201475e-02
2.202649e-02
2.205220e-02
2.205496e-02
2.205916e-02
2.207457e-02
2.208029e-02
2.208730e-02
2.209159e-02
2.211142e-02
2.212452e-02
2.214643e-02
2.215943e-02
2.217028e-02
2.219897e-02
2.220452e-02
2.221791e-02
2.223304e-02
2.225537e-02
2.226588e-02
2.228907e-02
2.230450e-02
2.232041e-02
2.233885e-02
2.235733e-02
2.237480e-02
2.239301e-02
2.241468e-02
2.243155e-02
2.243852e-02
2.245348e-02
2.246576e-02
2.247771e-02
2.248613e-02
2.249436e-02
2.251949e-02
2.253966e-02
2.254649e-02
2.257243e-02
2.257515e-02
2.259993e-02
2.260709e-02
2.262586e-02
2.263028e-02
2.266650e-02
2.268465e-02
2.269605e-02
2.271400e-02
2.272428e-02
2.273667e-02
2.274396e-02
2.275078e-02
2.276037e-02
2.277953e-02
2.280553e-02
2.282299e-02
2.282825e-02
2.284558e-02
2.286757e-02
2.288044e-02
2.289041e-02
2.289493e-02
2.291517e-02
2.292737e-02
2.293580e-02
2.294753e-02
2.296071e-02
2.298235e-02
2.298687e-02
2.302079e-02
2.303616e-02
2.304496e-02
2.307255e-02
2.309181e-02
2.309667e-02
2.309985e-02
2.311986e-02
2.312505e-02
2.313503e-02
2.316501e-02
2.319041e-02
2.319648e-02
2.321029e-02
2.321557e-02
2.323718e-02
2.325676e-02
2.327401e-02
2.328984e-02
2.329908e-02
2.331623e-02
2.334107e-02
2.335189e-02
2.337026e-02
2.339739e-02
2.340858e-02
2.342845e-02
2.343226e-02
2.343457e-02
2.346217e-02
2.347379e-02
2.348494e-02
2.349732e-02
2.351118e-02
2.353241e-02
2.354963e-02
2.355815e-02
2.358229e-02
2.361184e-02
2.362359e-02
2.364805e-02
2.368514e-02
2.369655e-02
2.371416e-02
2.373352e-02
2.374475e-02
2.375843e-02
2.377120e-02
2.380623e-02
2.381710e-02
2.384510e-02
2.385563e-02
2.386029e-02
2.388497e-02
2.388969e-02
2.390003e-02
2.390274e-02
2.391328e-02
2.393837e-02
2.394255e-02
2.396775e-02
2.400392e-02
2.400980e-02
2.404523e-02
2.405673e-02
2.408740e-02
2.409723e-02
2.411924e-02
2.413360e-02
2.414743e-02
2.417531e-02
2.418076e-02
2.421311e-02
2.423694e-02
2.424286e-02
2.425477e-02
2.425819e-02
2.427991e-02
2.430913e-02
2.433172e-02
2.437994e-02
2.439937e-02
2.441973e-02
2.445178e-02
2.446129e-02
2.446778e-02
2.448206e-02
2.449695e-02
2.450457e-02
2.451282e-02
2.452494e-02
2.454485e-02
2.455355e-02
2.459806e-02
2.463315e-02
2.463821e-02
2.464439e-02
2.465144e-02
2.467511e-02
2.468050e-02
2.469105e-02
2.469424e-02
2.469922e-02
2.474551e-02
2.475112e-02
2.476702e-02
2.477141e-02
2.482308e-02
2.483146e-02
2.485340e-02
2.487737e-02
2.488273e-02
2.490242e-02
2.492307e-02
2.494161e-02
2.495867e-02
2.496308e-02
2.498700e-02
2.500412e-02
2.501429e-02
2.503533e-02
2.507647e-02
2.508730e-02
2.511387e-02
2.512837e-02
2.515622e-02
2.516015e-02
2.517085e-02
2.520041e-02
2.521149e-02
2.524091e-02
2.525029e-02
2.525939e-02
2.527074e-02
2.533044e-02
2.536470e-02
2.537671e-02
2.539711e-02
2.542204e-02
2.542765e-02
2.545973e-02
2.546572e-02
2.547180e-02
2.547713e-02
2.547880e-02
2.549400e-02
2.550241e-02
2.552693e-02
2.554143e-02
2.559532e-02
2.562803e-02
2.565797e-02
2.567109e-02
2.567993e-02
2.569498e-02
2.571309e-02
2.572377e-02
2.574484e-02
2.578698e-02
2.581404e-02
2.583599e-02
2.584502e-02
2.585421e-02
2.585668e-02
2.588545e-02
2.588977e-02
2.591876e-02
2.592858e-02
2.594536e-02
2.596517e-02
2.598233e-02
2.598924e-02
2.601135e-02
2.604646e-02
2.605775e-02
2.611452e-02
2.612937e-02
2.614900e-02
2.616443e-02
2.618179e-02
2.623804e-02
2.624255e-02
2.626968e-02
2.629690e-02
2.630584e-02
2.632991e-02
2.633617e-02
2.636149e-02
2.638777e-02
2.640064e-02
2.641559e-02
2.643204e-02
2.647459e-02
2.648882e-02
2.651534e-02
2.652677e-02
2.654490e-02
2.654673e-02
2.660151e-02
2.662265e-02
2.663105e-02
2.664329e-02
2.665383e-02
2.668993e-02
2.669713e-02
2.673701e-02
2.674122e-02
2.674655e-02
2.677672e-02
2.678639e-02
2.685471e-02
2.685821e-02
2.687511e-02
2.693034e-02
2.695406e-02
2.696080e-02
2.700503e-02
2.700832e-02
2.701463e-02
2.703863e-02
2.706375e-02
2.707561e-02
2.712211e-02
2.713223e-02
2.715890e-02
2.723194e-02
2.724832e-02
2.726219e-02
2.727958e-02
2.729529e-02
2.730065e-02
2.731536e-02
2.735427e-02
2.737525e-02
2.739838e-02
2.740666e-02
2.743001e-02
2.746173e-02
2.747727e-02
2.752812e-02
2.753583e-02
2.755200e-02
2.758675e-02
2.760134e-02
2.762312e-02
2.763628e-02
2.766386e-02
2.767734e-02
2.769449e-02
2.770993e-02
2.773354e-02
2.776268e-02
2.780382e-02
2.783366e-02
2.785513e-02
2.785789e-02
2.789540e-02
2.793777e-02
2.796023e-02
2.796546e-02
2.798612e-02
2.804987e-02
2.808355e-02
2.810615e-02
2.811859e-02
2.813382e-02
2.814654e-02
2.818285e-02
2.819874e-02
2.822125e-02
2.823192e-02
2.824414e-02
2.829038e-02
2.831425e-02
2.832341e-02
2.837312e-02
2.838739e-02
2.838885e-02
2.842406e-02
2.845365e-02
2.848970e-02
2.854839e-02
2.855262e-02
2.857396e-02
2.860309e-02
2.861917e-02
2.865621e-02
2.867007e-02
2.868548e-02
2.869708e-02
2.874526e-02
2.875820e-02
2.879288e-02
2.881749e-02
2.885205e-02
2.886142e-02
2.889243e-02
2.890021e-02
2.896528e-02
2.896962e-02
2.898573e-02
2.899285e-02
2.901676e-02
2.902574e-02
2.905749e-02
2.908694e-02
2.909802e-02
2.913201e-02
2.914623e-02
2.922397e-02
2.924034e-02
2.926371e-02
2.928949e-02
2.930583e-02
2.935521e-02
2.941323e-02
2.944668e-02
2.946167e-02
2.947204e-02
2.950764e-02
2.951867e-02
2.956153e-02
2.960112e-02
2.960532e-02
2.963849e-02
2.965839e-02
2.967784e-02
2.968706e-02
2.976092e-02
2.978948e-02
2.980647e-02
2.981934e-02
2.982385e-02
2.982496e-02
2.985601e-02
2.990876e-02
2.995884e-02
2.997809e-02
2.999148e-02
3.000418e-02
3.003036e-02
3.003343e-02
3.006393e-02
3.010970e-02
3.013041e-02
3.019269e-02
3.021191e-02
3.026021e-02
3.030121e-02
3.030363e-02
3.034559e-02
3.037068e-02
3.037631e-02
3.040483e-02
3.042264e-02
3.046119e-02
3.048537e-02
3.053791e-02
3.056653e-02
3.057709e-02
3.061184e-02
3.066507e-02
3.067623e-02
3.069120e-02
3.070736e-02
3.071289e-02
3.075507e-02
3.077897e-02
3.078665e-02
3.078932e-02
3.083455e-02
3.084514e-02
3.088706e-02
3.090570e-02
3.093824e-02
3.095913e-02
3.099631e-02
3.102573e-02
3.102836e-02
3.104470e-02
3.114436e-02
3.115556e-02
3.119991e-02
3.124688e-02
3.128121e-02
3.129515e-02
3.135722e-02
3.136545e-02
3.137411e-02
3.138240e-02
3.140619e-02
3.142163e-02
3.147456e-02
3.149485e-02
3.153716e-02
3.156088e-02
3.157149e-02
3.165017e-02
3.170141e-02
3.170590e-02
3.173434e-02
3.178223e-02
3.178414e-02
3.180226e-02
3.181765e-02
3.184616e-02
3.188154e-02
3.189192e-02
3.190649e-02
3.192571e-02
3.196997e-02
3.199864e-02
3.204759e-02
3.205920e-02
3.207388e-02
3.208047e-02
3.209287e-02
3.215446e-02
3.217544e-02
3.218042e-02
3.223038e-02
3.224411e-02
3.227683e-02
3.227906e-02
3.231419e-02
3.237128e-02
3.238441e-02
3.240606e-02
3.249246e-02
3.252734e-02
3.260896e-02
3.273104e-02
3.275147e-02
3.276310e-02
3.277740e-02
3.280052e-02
3.283502e-02
3.286246e-02
3.288287e-02
3.296016e-02
3.302823e-02
3.304501e-02
3.304950e-02
3.305743e-02
3.311056e-02
3.312015e-02
3.319806e-02
3.327142e-02
3.334281e-02
3.334797e-02
3.337557e-02
3.338581e-02
3.339119e-02
3.342730e-02
3.343304e-02
3.344643e-02
3.352399e-02
3.353718e-02
3.354529e-02
3.361558e-02
3.365762e-02
3.367766e-02
3.373982e-02
3.377423e-02
3.378304e-02
3.386853e-02
3.390483e-02
3.397177e-02
3.399346e-02
3.405709e-02
3.414227e-02
3.417881e-02
3.419939e-02
3.426006e-02
3.427835e-02
3.430761e-02
3.433336e-02
3.435237e-02
3.436597e-02
3.442390e-02
3.446306e-02
3.452799e-02
3.464673e-02
3.469516e-02
3.471089e-02
3.473315e-02
3.474465e-02
3.479344e-02
3.483453e-02
3.485140e-02
3.487981e-02
3.489008e-02
3.500698e-02
3.506992e-02
3.508679e-02
3.509382e-02
3.510802e-02
3.515227e-02
3.518132e-02
3.519879e-02
3.523284e-02
3.536130e-02
3.536442e-02
3.540544e-02
3.546923e-02
3.550731e-02
3.553275e-02
3.558405e-02
3.558801e-02
3.569237e-02
3.570605e-02
3.572970e-02
3.576998e-02
3.579796e-02
3.581872e-02
3.585074e-02
3.586790e-02
3.590378e-02
3.592978e-02
3.593395e-02
3.594431e-02
3.597739e-02
3.598481e-02
3.603866e-02
3.607085e-02
3.609525e-02
3.612609e-02
3.612972e-02
3.615516e-02
3.622143e-02
3.624999e-02
3.627161e-02
3.636199e-02
3.637184e-02
3.637831e-02
3.643221e-02
3.654636e-02
3.655772e-02
3.662525e-02
3.663169e-02
3.667371e-02
3.670392e-02
3.672524e-02
3.673004e-02
3.675985e-02
3.680597e-02
3.683406e-02
3.686884e-02
3.689301e-02
3.693657e-02
3.699488e-02
3.701106e-02
3.705601e-02
3.709445e-02
3.715211e-02
3.727846e-02
3.729109e-02
3.736315e-02
3.739056e-02
3.741191e-02
3.742552e-02
3.752825e-02
3.753959e-02
3.757324e-02
3.760811e-02
3.769792e-02
3.778297e-02
3.785191e-02
3.787723e-02
3.790687e-02
3.795589e-02
3.796327e-02
3.807446e-02
3.814330e-02
3.825192e-02
3.834334e-02
3.837549e-02
3.837946e-02
3.841324e-02
3.843138e-02
3.845631e-02
3.855142e-02
3.856392e-02
3.861131e-02
3.867912e-02
3.874068e-02
3.882626e-02
3.883722e-02
3.886648e-02
3.890562e-02
3.893075e-02
3.895079e-02
3.896024e-02
3.898713e-02
3.907341e-02
3.908779e-02
3.911626e-02
3.919011e-02
3.928498e-02
3.933518e-02
3.934887e-02
3.941696e-02
3.942862e-02
3.945782e-02
3.947073e-02
3.959053e-02
3.964813e-02
3.965087e-02
3.974984e-02
3.976762e-02
3.984619e-02
3.991579e-02
4.005117e-02
4.006314e-02
4.006780e-02
4.008624e-02
4.009522e-02
4.014511e-02
4.027887e-02
4.031067e-02
4.036352e-02
4.041164e-02
4.049201e-02
4.053638e-02
4.057053e-02
4.057332e-02
4.063837e-02
4.073812e-02
4.075849e-02
4.085684e-02
4.090654e-02
4.093696e-02
4.098281e-02
4.100685e-02
4.103754e-02
4.103857e-02
4.113759e-02
4.120007e-02
4.126103e-02
4.126496e-02
4.133622e-02
4.147561e-02
4.148231e-02
4.149647e-02
4.152374e-02
4.161322e-02
4.169936e-02
4.170352e-02
4.175369e-02
4.182904e-02
4.186608e-02
4.189814e-02
4.201823e-02
4.204434e-02
4.206445e-02
4.210276e-02
4.211129e-02
4.214467e-02
4.218263e-02
4.218910e-02
4.233299e-02
4.240519e-02
4.254304e-02
4.267272e-02
4.269734e-02
4.278124e-02
4.278477e-02
4.279097e-02
4.279695e-02
4.286971e-02
4.300784e-02
4.303240e-02
4.312931e-02
4.313168e-02
4.314255e-02
4.319193e-02
4.328216e-02
4.330188e-02
4.340508e-02
4.343187e-02
4.353307e-02
4.360228e-02
4.361256e-02
4.366942e-02
4.372401e-02
4.378415e-02
4.379930e-02
4.387845e-02
4.392024e-02
4.393948e-02
4.408666e-02
4.424699e-02
4.428821e-02
4.438609e-02
4.443833e-02
4.443938e-02
4.445713e-02
4.446904e-02
4.452200e-02
4.452479e-02
4.453613e-02
4.461759e-02
4.462139e-02
4.466731e-02
4.482275e-02
4.485516e-02
4.501971e-02
4.515977e-02
4.520351e-02
4.520764e-02
4.529658e-02
4.536118e-02
4.538436e-02
4.545262e-02
4.545792e-02
4.548377e-02
4.564141e-02
4.580810e-02
4.591828e-02
4.595417e-02
4.598503e-02
4.608619e-02
4.609284e-02
4.630060e-02
4.639013e-02
4.649332e-02
4.652451e-02
4.660716e-02
4.673622e-02
4.691197e-02
4.696456e-02
4.711570e-02
4.719813e-02
4.721743e-02
4.729979e-02
4.735328e-02
4.736494e-02
4.744510e-02
4.749499e-02
4.757257e-02
4.766733e-02
4.768383e-02
4.778950e-02
4.780282e-02
4.793821e-02
4.797933e-02
4.808175e-02
4.819899e-02
4.824810e-02
4.832017e-02
4.843078e-02
4.860422e-02
4.867120e-02
4.878187e-02
4.880656e-02
4.889050e-02
4.898332e-02
4.901326e-02
4.906473e-02
4.914149e-02
4.922050e-02
4.922526e-02
4.930686e-02
4.940697e-02
4.956823e-02
4.966341e-02
4.975344e-02
4.982436e-02
4.986318e-02
4.990780e-02
5.001779e-02
5.013043e-02
5.019661e-02
5.023217e-02
5.030802e-02
5.033081e-02
5.041714e-02
5.050685e-02
5.058215e-02
5.078747e-02
5.080074e-02
5.096175e-02
5.106342e-02
5.112051e-02
5.116999e-02
5.121029e-02
5.123109e-02
5.128039e-02
5.141107e-02
5.162296e-02
5.175741e-02
5.192526e-02
5.198995e-02
5.204448e-02
5.207464e-02
5.223525e-02
5.230921e-02
5.240142e-02
5.246092e-02
5.255444e-02
5.266907e-02
5.276244e-02
5.281617e-02
5.282672e-02
5.287333e-02
5.298710e-02
5.323726e-02
5.326618e-02
5.335264e-02
5.339625e-02
5.356219e-02
5.359570e-02
5.379150e-02
5.398386e-02
5.401917e-02
5.404354e-02
5.418652e-02
5.421703e-02
5.439582e-02
5.445574e-02
5.467893e-02
5.472745e-02
5.495616e-02
5.503717e-02
5.513359e-02
5.523451e-02
5.527723e-02
5.540433e-02
5.551743e-02
5.555836e-02
5.599884e-02
5.610057e-02
5.616203e-02
5.644274e-02
5.656642e-02
5.664876e-02
5.673600e-02
5.699151e-02
5.711124e-02
5.742668e-02
5.756190e-02
5.773150e-02
5.780776e-02
5.805463e-02
5.828988e-02
5.831790e-02
5.843955e-02
5.850720e-02
5.859493e-02
5.886161e-02
5.893988e-02
5.894071e-02
5.903299e-02
5.929900e-02
5.943669e-02
5.948389e-02
5.960477e-02
5.960759e-02
5.969588e-02
5.974539e-02
5.985974e-02
5.992337e-02
5.996276e-02
6.030278e-02
6.032343e-02
6.067320e-02
6.067562e-02
6.079894e-02
6.087009e-02
6.099000e-02
6.102401e-02
6.114101e-02
6.135856e-02
6.147463e-02
6.162005e-02
6.176481e-02
6.185084e-02
6.203458e-02
6.212227e-02
6.223781e-02
6.257020e-02
6.285790e-02
6.288638e-02
6.312954e-02
6.342326e-02
6.359022e-02
6.385231e-02
6.415396e-02
6.424910e-02
6.455027e-02
6.487004e-02
6.507223e-02
6.529127e-02
6.548329e-02
6.580783e-02
6.584099e-02
6.589462e-02
6.593198e-02
6.607368e-02
6.607973e-02
6.618474e-02
6.631362e-02
6.670009e-02
6.670654e-02
6.707714e-02
6.737247e-02
6.744935e-02
6.746777e-02
6.756509e-02
6.761823e-02
6.782426e-02
6.802789e-02
6.808129e-02
6.817032e-02
6.836005e-02
6.867380e-02
6.874133e-02
6.887816e-02
6.928181e-02
6.938136e-02
6.948351e-02
7.012074e-02
7.077953e-02
7.110360e-02
7.133578e-02
7.137006e-02
7.174261e-02
7.189113e-02
7.191688e-02
7.209688e-02
7.212048e-02
7.220110e-02
7.240754e-02
7.252776e-02
7.255185e-02
7.316634e-02
7.327554e-02
7.329316e-02
7.413820e-02
7.477202e-02
7.480292e-02
7.483112e-02
7.496838e-02
7.517808e-02
7.587009e-02
7.633623e-02
7.700467e-02
7.704836e-02
7.707117e-02
7.712669e-02
7.727402e-02
7.742177e-02
7.763453e-02
7.780747e-02
7.843640e-02
7.882017e-02
7.936178e-02
7.951389e-02
7.993777e-02
8.032550e-02
8.058400e-02
8.085930e-02
8.124258e-02
8.143834e-02
8.198948e-02
8.250287e-02
8.283915e-02
8.286884e-02
8.296671e-02
8.402194e-02
8.407420e-02
8.421268e-02
8.508019e-02
8.531836e-02
8.534861e-02
8.570446e-02
8.581439e-02
8.702499e-02
8.704953e-02
8.712707e-02
8.717148e-02
8.738654e-02
8.803778e-02
8.845654e-02
8.850340e-02
9.007446e-02
9.050184e-02
9.154648e-02
9.186761e-02
9.212480e-02
9.227269e-02
9.264250e-02
9.387674e-02
9.418988e-02
9.531044e-02
9.535015e-02
9.581853e-02
9.585025e-02
9.644642e-02
9.690580e-02
9.691682e-02
9.703172e-02
9.898892e-02
9.909852e-02
9.965355e-02
9.972744e-02
1.003815e-01
1.010355e-01
1.012582e-01
1.016830e-01
1.020329e-01
1.035116e-01
1.042400e-01
1.058839e-01
1.060977e-01
1.066752e-01
1.089213e-01
1.093430e-01
1.104522e-01
1.107497e-01
1.138154e-01
1.149643e-01
1.154669e-01
1.178626e-01
1.194580e-01
1.207452e-01
1.208634e-01
1.221618e-01
1.257632e-01
1.266420e-01
1.313900e-01
1.329273e-01
1.376840e-01
1.398520e-01
1.415558e-01
1.420672e-01
1.427718e-01
1.554728e-01
1.556956e-01
1.591784e-01
1.604679e-01
1.653110e-01
1.674416e-01
1.677126e-01
1.706938e-01
1.709291e-01
1.815432e-01
1.877227e-01
1.897026e-01
1.981129e-01
2.139809e-01
2.231364e-01
2.321334e-01
2.415314e-01
2.671283e-01
3.180868e-01
3.412453e-01
4.024348e-01
4.351512e-01
4.641938e-01
5.785938e-01
6.140039e-01
6.307341e-01
6.502216e-01
8.571264e-01
9.180565e-01
1.000000e+00
