# SF-29 N2 candidate (i) i0 field=gauss eps=0.25 N=16: sorted relative singular values of the dense central-FD Jacobian at the oracle state (rows F_i=-q(L_i-S_i); smax=3.843978e+03)
8.287336e-06
1.080922e-05
1.591107e-05
1.961485e-05
2.004859e-05
3.006689e-05
3.237147e-05
3.694773e-05
3.855724e-05
3.914319e-05
4.706605e-05
4.907433e-05
5.365250e-05
5.494688e-05
5.685077e-05
6.023007e-05
6.689169e-05
6.870766e-05
7.188424e-05
7.531592e-05
7.849042e-05
8.040465e-05
8.204921e-05
8.607109e-05
8.861657e-05
9.036124e-05
9.224401e-05
9.362417e-05
9.595528e-05
1.064682e-04
1.067404e-04
1.119516e-04
1.149740e-04
1.208469e-04
1.225805e-04
1.256302e-04
1.287825e-04
1.333769e-04
1.373629e-04
1.411469e-04
1.463218e-04
1.487033e-04
1.597678e-04
1.831005e-04
1.840913e-04
2.012372e-04
2.029356e-04
2.049967e-04
2.113045e-04
2.158644e-04
2.278994e-04
2.401386e-04
2.470617e-04
2.660019e-04
2.688700e-04
2.737477e-04
2.859746e-04
2.904161e-04
3.012666e-04
3.057757e-04
3.190750e-04
3.272481e-04
3.282041e-04
3.333148e-04
3.544147e-04
3.602723e-04
3.701221e-04
3.774707e-04
3.827301e-04
3.913192e-04
4.033664e-04
4.116760e-04
4.320705e-04
4.342319e-04
4.542095e-04
4.653078e-04
4.819431e-04
4.989559e-04
5.118626e-04
5.153585e-04
5.401881e-04
5.544442e-04
5.594795e-04
5.668914e-04
5.835367e-04
5.855029e-04
6.182232e-04
6.442066e-04
6.499829e-04
6.652179e-04
6.814117e-04
6.927791e-04
6.988850e-04
7.178727e-04
7.214214e-04
7.295058e-04
7.361857e-04
8.176012e-04
8.206657e-04
8.526756e-04
9.131392e-04
9.157776e-04
9.212145e-04
9.584294e-04
1.458905e-03
1.481541e-03
1.490538e-03
1.523296e-03
1.529450e-03
1.558513e-03
1.588453e-03
1.609575e-03
1.621988e-03
1.635129e-03
1.712524e-03
1.916914e-03
2.324406e-03
2.325971e-03
2.404215e-03
2.407071e-03
2.540255e-03
2.573476e-03
2.627015e-03
2.640460e-03
2.679880e-03
2.685115e-03
2.850397e-03
2.852805e-03
3.149827e-03
3.172208e-03
3.247795e-03
3.328516e-03
3.367905e-03
3.386252e-03
3.423920e-03
3.458191e-03
3.480954e-03
3.487918e-03
3.500548e-03
3.600338e-03
3.623363e-03
3.633198e-03
3.638318e-03
3.652324e-03
3.707537e-03
3.731254e-03
3.788507e-03
3.803265e-03
3.804615e-03
3.819107e-03
3.853259e-03
3.854853e-03
3.873215e-03
3.889266e-03
3.919127e-03
4.004422e-03
4.024038e-03
4.068355e-03
4.103390e-03
4.128108e-03
4.224486e-03
4.239796e-03
4.248528e-03
4.269116e-03
4.290432e-03
4.315263e-03
4.351109e-03
4.414796e-03
4.423172e-03
4.502969e-03
4.506955e-03
4.525729e-03
4.537076e-03
4.580643e-03
4.599746e-03
4.633045e-03
4.733520e-03
4.802797e-03
4.863285e-03
4.902503e-03
4.910605e-03
4.925946e-03
4.931449e-03
4.945675e-03
4.989821e-03
5.043951e-03
5.102062e-03
5.123801e-03
5.148907e-03
5.201982e-03
5.226867e-03
5.235738e-03
5.264304e-03
5.314397e-03
5.482699e-03
5.485088e-03
5.607496e-03
5.612273e-03
5.943899e-03
6.013247e-03
6.058322e-03
6.108305e-03
6.124126e-03
6.206407e-03
6.210048e-03
6.215023e-03
6.406105e-03
6.421622e-03
6.481029e-03
6.596765e-03
6.654131e-03
6.671212e-03
6.704348e-03
6.776604e-03
7.184374e-03
7.227815e-03
7.582581e-03
7.641413e-03
7.668318e-03
7.698510e-03
7.747510e-03
7.809960e-03
8.175041e-03
8.280405e-03
8.320735e-03
8.377473e-03
8.429702e-03
8.495932e-03
8.554439e-03
8.643417e-03
8.726004e-03
8.783184e-03
9.181514e-03
9.190002e-03
9.226570e-03
9.434301e-03
9.465015e-03
9.487997e-03
9.531422e-03
9.587900e-03
9.622860e-03
9.673812e-03
9.800705e-03
9.842273e-03
9.851476e-03
9.889022e-03
9.932082e-03
1.022994e-02
1.038664e-02
1.043053e-02
1.046184e-02
1.055556e-02
1.058767e-02
1.074639e-02
1.075462e-02
1.085559e-02
1.086936e-02
1.108542e-02
1.111789e-02
1.124758e-02
1.126572e-02
1.134294e-02
1.137305e-02
1.144404e-02
1.149657e-02
1.151795e-02
1.156329e-02
1.163154e-02
1.165453e-02
1.169240e-02
1.177247e-02
1.183472e-02
1.185389e-02
1.190707e-02
1.196792e-02
1.199193e-02
1.211382e-02
1.215449e-02
1.218028e-02
1.219657e-02
1.225459e-02
1.227650e-02
1.230919e-02
1.238283e-02
1.240963e-02
1.244311e-02
1.246095e-02
1.251558e-02
1.252661e-02
1.253797e-02
1.265826e-02
1.268845e-02
1.275146e-02
1.279517e-02
1.281713e-02
1.288172e-02
1.291400e-02
1.298788e-02
1.299339e-02
1.300388e-02
1.302171e-02
1.305061e-02
1.331202e-02
1.335738e-02
1.342055e-02
1.346984e-02
1.348519e-02
1.349985e-02
1.360880e-02
1.362285e-02
1.366011e-02
1.368094e-02
1.372423e-02
1.378676e-02
1.383060e-02
1.388451e-02
1.391220e-02
1.391690e-02
1.395593e-02
1.397087e-02
1.397798e-02
1.403386e-02
1.406233e-02
1.409096e-02
1.412811e-02
1.422001e-02
1.427675e-02
1.431249e-02
1.441470e-02
1.445174e-02
1.447489e-02
1.453256e-02
1.458677e-02
1.463364e-02
1.467328e-02
1.471471e-02
1.477199e-02
1.478821e-02
1.483687e-02
1.484998e-02
1.501204e-02
1.515012e-02
1.515291e-02
1.520588e-02
1.550795e-02
1.563922e-02
1.565266e-02
1.585222e-02
1.590695e-02
1.592346e-02
1.595727e-02
1.607992e-02
1.615951e-02
1.616823e-02
1.618787e-02
1.637460e-02
1.641476e-02
1.653614e-02
1.660907e-02
1.667171e-02
1.682095e-02
1.687758e-02
1.695848e-02
1.696627e-02
1.727708e-02
1.731685e-02
1.734522e-02
1.762344e-02
1.790067e-02
1.797715e-02
1.799704e-02
1.811866e-02
1.813190e-02
1.846592e-02
1.857208e-02
1.861372e-02
1.864320e-02
1.872987e-02
1.895450e-02
1.897521e-02
1.904175e-02
1.942124e-02
1.953339e-02
1.974034e-02
1.978702e-02
1.988158e-02
2.018746e-02
2.023192e-02
2.030203e-02
2.037868e-02
2.042435e-02
2.047733e-02
2.054349e-02
2.063390e-02
2.067128e-02
2.072480e-02
2.081152e-02
2.084289e-02
2.092160e-02
2.096076e-02
2.099733e-02
2.106164e-02
2.107556e-02
2.113925e-02
2.124151e-02
2.129868e-02
2.131670e-02
2.145534e-02
2.150117e-02
2.153759e-02
2.157110e-02
2.161878e-02
2.167851e-02
2.171421e-02
2.172133e-02
2.177540e-02
2.181588e-02
2.183041e-02
2.191187e-02
2.199056e-02
2.205337e-02
2.210182e-02
2.212654e-02
2.215943e-02
2.222478e-02
2.229106e-02
2.230691e-02
2.236394e-02
2.243846e-02
2.251336e-02
2.252343e-02
2.254751e-02
2.264513e-02
2.272667e-02
2.275245e-02
2.284426e-02
2.286681e-02
2.294206e-02
2.302311e-02
2.305160e-02
2.307575e-02
2.307935e-02
2.309855e-02
2.314669e-02
2.317342e-02
2.327038e-02
2.339441e-02
2.342184e-02
2.349258e-02
2.350242e-02
2.350945e-02
2.354909e-02
2.380836e-02
2.386293e-02
2.394508e-02
2.404764e-02
2.409245e-02
2.418488e-02
2.425792e-02
2.432751e-02
2.440492e-02
2.445943e-02
2.454658e-02
2.460427e-02
2.463764e-02
2.474942e-02
2.478573e-02
2.482264e-02
2.486238e-02
2.501241e-02
2.509746e-02
2.513683e-02
2.524814e-02
2.536713e-02
2.540990e-02
2.562226e-02
2.565105e-02
2.570429e-02
2.574178e-02
2.579022e-02
2.583149e-02
2.585113e-02
2.595951e-02
2.611450e-02
2.616737e-02
2.624895e-02
2.629977e-02
2.634554e-02
2.650607e-02
2.662121e-02
2.681142e-02
2.699184e-02
2.704609e-02
2.713832e-02
2.725132e-02
2.739655e-02
2.746475e-02
2.754999e-02
2.769022e-02
2.772709e-02
2.783410e-02
2.788032e-02
2.793531e-02
2.802749e-02
2.806496e-02
2.811440e-02
2.818746e-02
2.830115e-02
2.839108e-02
2.848080e-02
2.857443e-02
2.872370e-02
2.880750e-02
2.894883e-02
2.905506e-02
2.908528e-02
2.914877e-02
2.925193e-02
2.928303e-02
2.934566e-02
2.938880e-02
2.953244e-02
2.962984e-02
2.969209e-02
2.975285e-02
2.983127e-02
2.986567e-02
3.002353e-02
3.012598e-02
3.017288e-02
3.034507e-02
3.049728e-02
3.062785e-02
3.063181e-02
3.067213e-02
3.071519e-02
3.083005e-02
3.087226e-02
3.093520e-02
3.126425e-02
3.128720e-02
3.137365e-02
3.143437e-02
3.150947e-02
3.159580e-02
3.168699e-02
3.177368e-02
3.189924e-02
3.194167e-02
3.197054e-02
3.211561e-02
3.216614e-02
3.222049e-02
3.230663e-02
3.234072e-02
3.246022e-02
3.248215e-02
3.262688e-02
3.268575e-02
3.271642e-02
3.281656e-02
3.291576e-02
3.317015e-02
3.324224e-02
3.325823e-02
3.336204e-02
3.341068e-02
3.352972e-02
3.361922e-02
3.366682e-02
3.371573e-02
3.380202e-02
3.382802e-02
3.386569e-02
3.396874e-02
3.410656e-02
3.419876e-02
3.423860e-02
3.432288e-02
3.433812e-02
3.440348e-02
3.442390e-02
3.449317e-02
3.452365e-02
3.459100e-02
3.468728e-02
3.472074e-02
3.484975e-02
3.502466e-02
3.509038e-02
3.515327e-02
3.525356e-02
3.532531e-02
3.549704e-02
3.557917e-02
3.569988e-02
3.577439e-02
3.585659e-02
3.589301e-02
3.599089e-02
3.606533e-02
3.617546e-02
3.620386e-02
3.630389e-02
3.642042e-02
3.648915e-02
3.655185e-02
3.666562e-02
3.679187e-02
3.684617e-02
3.684808e-02
3.687285e-02
3.689890e-02
3.705037e-02
3.708017e-02
3.716069e-02
3.721958e-02
3.727985e-02
3.737264e-02
3.742530e-02
3.755796e-02
3.773774e-02
3.780009e-02
3.784502e-02
3.799891e-02
3.812471e-02
3.820042e-02
3.825977e-02
3.835663e-02
3.844820e-02
3.852602e-02
3.856506e-02
3.859131e-02
3.865220e-02
3.866389e-02
3.872766e-02
3.874798e-02
3.882894e-02
3.888873e-02
3.892693e-02
3.905145e-02
3.908983e-02
3.918612e-02
3.923273e-02
3.928664e-02
3.930139e-02
3.941401e-02
3.951372e-02
3.960121e-02
3.965039e-02
3.969497e-02
3.973538e-02
3.978844e-02
3.987610e-02
3.989044e-02
3.993932e-02
4.001213e-02
4.007802e-02
4.017958e-02
4.022288e-02
4.028108e-02
4.039708e-02
4.051547e-02
4.063145e-02
4.066517e-02
4.073021e-02
4.085101e-02
4.092922e-02
4.104563e-02
4.112877e-02
4.121270e-02
4.125784e-02
4.129793e-02
4.136244e-02
4.140199e-02
4.143983e-02
4.159341e-02
4.162245e-02
4.165144e-02
4.172612e-02
4.187083e-02
4.202876e-02
4.207522e-02
4.212000e-02
4.218580e-02
4.221533e-02
4.229669e-02
4.232739e-02
4.239646e-02
4.245709e-02
4.247782e-02
4.249739e-02
4.259874e-02
4.269417e-02
4.272105e-02
4.278112e-02
4.285140e-02
4.291496e-02
4.302213e-02
4.304954e-02
4.310258e-02
4.320696e-02
4.324798e-02
4.332024e-02
4.336263e-02
4.345650e-02
4.354157e-02
4.356944e-02
4.365154e-02
4.368612e-02
4.378180e-02
4.383563e-02
4.389369e-02
4.397423e-02
4.399904e-02
4.407050e-02
4.413485e-02
4.419728e-02
4.420688e-02
4.435477e-02
4.445557e-02
4.456826e-02
4.465093e-02
4.469511e-02
4.479258e-02
4.481117e-02
4.490823e-02
4.496308e-02
4.515077e-02
4.520009e-02
4.533007e-02
4.537760e-02
4.550366e-02
4.555306e-02
4.566480e-02
4.568610e-02
4.582474e-02
4.585451e-02
4.595089e-02
4.608702e-02
4.623705e-02
4.628301e-02
4.636002e-02
4.649227e-02
4.653515e-02
4.664830e-02
4.674366e-02
4.683024e-02
4.688664e-02
4.707532e-02
4.714151e-02
4.724225e-02
4.725933e-02
4.735196e-02
4.746511e-02
4.751522e-02
4.757051e-02
4.767521e-02
4.779434e-02
4.781194e-02
4.790590e-02
4.797842e-02
4.804768e-02
4.813677e-02
4.824159e-02
4.827261e-02
4.835217e-02
4.840582e-02
4.847861e-02
4.859281e-02
4.862432e-02
4.865657e-02
4.876744e-02
4.884771e-02
4.887776e-02
4.897247e-02
4.903711e-02
4.912980e-02
4.919707e-02
4.925081e-02
4.936310e-02
4.940535e-02
4.948209e-02
4.960295e-02
4.970417e-02
4.975837e-02
4.982490e-02
4.985158e-02
4.990928e-02
5.008695e-02
5.015587e-02
5.018679e-02
5.022319e-02
5.023028e-02
5.030572e-02
5.035656e-02
5.038786e-02
5.044106e-02
5.061288e-02
5.072480e-02
5.090415e-02
5.096466e-02
5.103395e-02
5.104581e-02
5.117529e-02
5.131279e-02
5.136820e-02
5.142257e-02
5.145089e-02
5.153109e-02
5.157936e-02
5.165756e-02
5.170716e-02
5.172626e-02
5.187595e-02
5.195792e-02
5.204072e-02
5.206781e-02
5.216331e-02
5.226152e-02
5.231899e-02
5.244575e-02
5.256433e-02
5.261081e-02
5.278882e-02
5.283638e-02
5.288835e-02
5.295964e-02
5.301847e-02
5.303540e-02
5.309362e-02
5.314856e-02
5.316930e-02
5.323109e-02
5.341806e-02
5.345595e-02
5.356018e-02
5.366179e-02
5.367106e-02
5.376048e-02
5.382453e-02
5.393552e-02
5.400321e-02
5.407056e-02
5.415571e-02
5.425756e-02
5.431328e-02
5.439738e-02
5.446969e-02
5.451753e-02
5.463358e-02
5.468180e-02
5.477414e-02
5.485780e-02
5.487914e-02
5.492437e-02
5.500240e-02
5.509976e-02
5.518362e-02
5.528076e-02
5.543194e-02
5.554603e-02
5.565044e-02
5.578485e-02
5.583083e-02
5.586840e-02
5.608505e-02
5.622724e-02
5.630325e-02
5.638073e-02
5.644104e-02
5.652061e-02
5.656388e-02
5.666137e-02
5.676686e-02
5.681617e-02
5.689032e-02
5.700931e-02
5.706292e-02
5.715618e-02
5.721730e-02
5.723306e-02
5.734149e-02
5.736257e-02
5.741012e-02
5.744333e-02
5.750621e-02
5.757193e-02
5.761414e-02
5.771175e-02
5.772914e-02
5.787218e-02
5.792134e-02
5.793864e-02
5.798275e-02
5.814281e-02
5.819527e-02
5.821721e-02
5.823242e-02
5.843301e-02
5.854278e-02
5.872296e-02
5.875753e-02
5.883878e-02
5.891356e-02
5.897608e-02
5.901196e-02
5.908575e-02
5.915806e-02
5.929156e-02
5.935532e-02
5.939130e-02
5.952655e-02
5.957493e-02
5.966405e-02
5.971495e-02
5.979938e-02
5.982893e-02
5.991130e-02
6.004334e-02
6.013699e-02
6.022082e-02
6.030327e-02
6.035021e-02
6.051238e-02
6.060459e-02
6.064264e-02
6.073340e-02
6.085055e-02
6.097387e-02
6.098853e-02
6.102656e-02
6.115626e-02
6.118391e-02
6.126253e-02
6.144434e-02
6.151110e-02
6.157163e-02
6.162951e-02
6.167042e-02
6.175541e-02
6.183921e-02
6.189666e-02
6.191464e-02
6.197161e-02
6.201981e-02
6.210966e-02
6.221475e-02
6.231479e-02
6.238436e-02
6.254714e-02
6.271709e-02
6.283257e-02
6.287296e-02
6.298240e-02
6.301949e-02
6.310967e-02
6.317186e-02
6.325599e-02
6.337932e-02
6.342806e-02
6.344012e-02
6.348336e-02
6.357730e-02
6.360481e-02
6.369671e-02
6.372402e-02
6.382141e-02
6.383472e-02
6.391279e-02
6.404083e-02
6.412756e-02
6.430780e-02
6.432074e-02
6.440268e-02
6.459112e-02
6.461972e-02
6.469005e-02
6.475542e-02
6.490855e-02
6.501124e-02
6.509462e-02
6.515632e-02
6.523026e-02
6.530040e-02
6.537390e-02
6.543136e-02
6.547167e-02
6.560760e-02
6.568790e-02
6.580906e-02
6.589568e-02
6.601150e-02
6.610611e-02
6.613136e-02
6.621491e-02
6.635170e-02
6.642714e-02
6.647370e-02
6.655548e-02
6.659218e-02
6.667771e-02
6.678719e-02
6.681899e-02
6.687843e-02
6.693041e-02
6.700163e-02
6.705515e-02
6.715656e-02
6.720513e-02
6.731854e-02
6.736282e-02
6.741032e-02
6.747731e-02
6.761052e-02
6.766562e-02
6.775195e-02
6.775642e-02
6.783700e-02
6.794825e-02
6.798088e-02
6.805035e-02
6.810748e-02
6.823122e-02
6.834196e-02
6.853252e-02
6.858004e-02
6.870730e-02
6.873535e-02
6.874516e-02
6.882606e-02
6.892700e-02
6.903094e-02
6.914482e-02
6.925705e-02
6.927918e-02
6.934360e-02
6.937802e-02
6.948609e-02
6.955517e-02
6.964598e-02
6.971422e-02
6.987044e-02
6.992615e-02
7.012912e-02
7.014279e-02
7.022806e-02
7.031460e-02
7.037524e-02
7.053962e-02
7.058067e-02
7.066141e-02
7.072021e-02
7.075099e-02
7.080365e-02
7.086639e-02
7.091979e-02
7.096948e-02
7.113196e-02
7.126721e-02
7.131186e-02
7.139928e-02
7.144379e-02
7.156076e-02
7.157577e-02
7.162598e-02
7.175873e-02
7.183807e-02
7.187666e-02
7.193278e-02
7.198437e-02
7.203639e-02
7.209001e-02
7.210137e-02
7.221059e-02
7.228905e-02
7.232530e-02
7.234839e-02
7.241453e-02
7.247004e-02
7.263502e-02
7.271054e-02
7.277355e-02
7.278708e-02
7.301228e-02
7.305544e-02
7.309327e-02
7.326207e-02
7.332176e-02
7.340420e-02
7.347574e-02
7.353115e-02
7.360734e-02
7.374379e-02
7.380514e-02
7.385335e-02
7.395309e-02
7.399997e-02
7.411602e-02
7.418677e-02
7.420006e-02
7.426548e-02
7.433969e-02
7.436384e-02
7.452384e-02
7.454660e-02
7.460377e-02
7.473013e-02
7.477111e-02
7.486854e-02
7.488730e-02
7.509839e-02
7.515391e-02
7.527754e-02
7.531148e-02
7.537655e-02
7.545227e-02
7.549376e-02
7.567282e-02
7.571602e-02
7.576674e-02
7.582171e-02
7.585748e-02
7.595049e-02
7.595548e-02
7.606010e-02
7.609644e-02
7.621911e-02
7.632242e-02
7.635308e-02
7.639136e-02
7.647412e-02
7.656159e-02
7.667949e-02
7.670428e-02
7.672041e-02
7.683124e-02
7.684018e-02
7.692362e-02
7.699944e-02
7.709200e-02
7.719754e-02
7.728097e-02
7.737512e-02
7.747240e-02
7.749756e-02
7.756786e-02
7.760285e-02
7.767697e-02
7.770367e-02
7.783287e-02
7.791466e-02
7.797113e-02
7.808870e-02
7.812515e-02
7.817007e-02
7.826226e-02
7.832635e-02
7.841895e-02
7.857665e-02
7.861613e-02
7.864955e-02
7.868416e-02
7.872644e-02
7.880123e-02
7.885745e-02
7.893829e-02
7.902368e-02
7.907710e-02
7.912991e-02
7.916146e-02
7.936223e-02
7.944783e-02
7.946062e-02
7.950119e-02
7.955642e-02
7.965446e-02
7.972059e-02
7.978690e-02
7.982624e-02
7.985806e-02
7.997264e-02
7.999953e-02
8.009722e-02
8.013493e-02
8.018609e-02
8.024831e-02
8.034981e-02
8.039589e-02
8.053192e-02
8.059610e-02
8.064168e-02
8.069348e-02
8.083259e-02
8.085048e-02
8.092720e-02
8.094595e-02
8.100097e-02
8.108591e-02
8.113449e-02
8.117485e-02
8.125740e-02
8.134325e-02
8.142341e-02
8.158064e-02
8.160730e-02
8.177198e-02
8.180076e-02
8.186846e-02
8.195100e-02
8.200822e-02
8.203398e-02
8.215377e-02
8.224429e-02
8.227725e-02
8.241644e-02
8.250141e-02
8.254165e-02
8.257832e-02
8.268508e-02
8.284383e-02
8.289122e-02
8.294062e-02
8.307968e-02
8.312740e-02
8.321414e-02
8.329273e-02
8.337400e-02
8.346109e-02
8.353793e-02
8.362462e-02
8.369762e-02
8.379307e-02
8.382765e-02
8.386270e-02
8.399220e-02
8.409444e-02
8.417083e-02
8.423108e-02
8.432729e-02
8.439131e-02
8.446800e-02
8.452813e-02
8.474590e-02
8.477983e-02
8.487127e-02
8.491815e-02
8.505675e-02
8.507639e-02
8.522654e-02
8.526430e-02
8.540805e-02
8.544272e-02
8.554597e-02
8.565165e-02
8.572521e-02
8.574671e-02
8.582748e-02
8.586418e-02
8.592005e-02
8.595258e-02
8.604897e-02
8.614079e-02
8.617821e-02
8.627531e-02
8.633960e-02
8.636953e-02
8.645778e-02
8.653125e-02
8.662767e-02
8.667973e-02
8.675784e-02
8.684931e-02
8.688235e-02
8.701395e-02
8.706104e-02
8.710469e-02
8.725376e-02
8.726566e-02
8.732512e-02
8.737886e-02
8.751337e-02
8.761054e-02
8.767069e-02
8.777746e-02
8.781923e-02
8.787264e-02
8.795717e-02
8.800491e-02
8.808916e-02
8.814523e-02
8.827331e-02
8.835691e-02
8.839493e-02
8.844733e-02
8.854051e-02
8.862276e-02
8.865671e-02
8.871805e-02
8.875530e-02
8.893727e-02
8.894997e-02
8.903746e-02
8.913449e-02
8.916177e-02
8.919480e-02
8.928750e-02
8.943653e-02
8.951523e-02
8.954058e-02
8.962819e-02
8.968555e-02
8.971702e-02
8.982762e-02
8.986582e-02
8.994972e-02
9.011091e-02
9.015229e-02
9.020355e-02
9.024451e-02
9.027892e-02
9.038278e-02
9.050515e-02
9.055155e-02
9.067155e-02
9.069897e-02
9.078669e-02
9.081667e-02
9.087464e-02
9.097347e-02
9.102754e-02
9.113567e-02
9.115631e-02
9.122356e-02
9.133051e-02
9.137660e-02
9.147249e-02
9.150169e-02
9.158285e-02
9.169904e-02
9.172344e-02
9.178761e-02
9.190033e-02
9.198353e-02
9.201105e-02
9.207345e-02
9.223133e-02
9.227020e-02
9.237465e-02
9.246232e-02
9.253436e-02
9.258892e-02
9.259714e-02
9.269803e-02
9.282167e-02
9.285261e-02
9.291164e-02
9.301030e-02
9.306514e-02
9.311135e-02
9.325194e-02
9.330104e-02
9.340918e-02
9.347561e-02
9.357886e-02
9.359868e-02
9.365894e-02
9.382609e-02
9.387084e-02
9.391517e-02
9.393747e-02
9.407712e-02
9.410320e-02
9.420100e-02
9.420960e-02
9.431762e-02
9.441233e-02
9.445199e-02
9.449459e-02
9.462086e-02
9.465832e-02
9.472368e-02
9.476067e-02
9.484974e-02
9.493938e-02
9.500375e-02
9.504112e-02
9.510759e-02
9.518587e-02
9.518816e-02
9.523239e-02
9.532914e-02
9.544056e-02
9.548853e-02
9.552609e-02
9.564498e-02
9.572444e-02
9.575859e-02
9.580577e-02
9.581860e-02
9.596221e-02
9.603930e-02
9.608830e-02
9.614022e-02
9.622309e-02
9.623711e-02
9.633110e-02
9.634487e-02
9.647182e-02
9.655628e-02
9.663948e-02
9.665786e-02
9.676077e-02
9.684084e-02
9.686636e-02
9.696021e-02
9.709505e-02
9.717545e-02
9.722898e-02
9.727403e-02
9.734172e-02
9.737888e-02
9.741807e-02
9.746621e-02
9.755285e-02
9.771203e-02
9.777970e-02
9.782579e-02
9.786821e-02
9.790805e-02
9.798574e-02
9.804375e-02
9.807729e-02
9.820880e-02
9.830239e-02
9.830991e-02
9.835999e-02
9.845547e-02
9.848883e-02
9.855553e-02
9.859490e-02
9.871660e-02
9.874117e-02
9.875875e-02
9.887575e-02
9.895089e-02
9.905215e-02
9.906870e-02
9.919613e-02
9.923582e-02
9.930618e-02
9.934316e-02
9.946834e-02
9.951216e-02
9.964492e-02
9.967350e-02
9.979612e-02
9.980602e-02
9.994330e-02
1.000053e-01
1.000455e-01
1.001598e-01
1.002300e-01
1.002950e-01
1.003538e-01
1.004324e-01
1.004733e-01
1.005418e-01
1.005784e-01
1.005904e-01
1.006965e-01
1.008064e-01
1.008740e-01
1.010227e-01
1.010384e-01
1.011086e-01
1.012351e-01
1.013250e-01
1.013952e-01
1.014571e-01
1.014855e-01
1.015456e-01
1.016367e-01
1.016802e-01
1.017685e-01
1.018204e-01
1.018655e-01
1.019276e-01
1.020083e-01
1.021149e-01
1.021968e-01
1.022261e-01
1.022996e-01
1.023364e-01
1.024663e-01
1.025361e-01
1.026075e-01
1.026823e-01
1.027142e-01
1.028304e-01
1.028951e-01
1.029330e-01
1.029659e-01
1.030391e-01
1.030702e-01
1.031285e-01
1.032434e-01
1.033184e-01
1.033661e-01
1.034169e-01
1.036062e-01
1.036441e-01
1.037054e-01
1.037809e-01
1.038105e-01
1.038583e-01
1.039459e-01
1.040360e-01
1.040698e-01
1.041432e-01
1.042061e-01
1.043663e-01
1.043726e-01
1.045099e-01
1.045674e-01
1.046273e-01
1.047352e-01
1.048008e-01
1.048310e-01
1.049231e-01
1.049536e-01
1.050194e-01
1.050420e-01
1.050773e-01
1.052231e-01
1.053587e-01
1.054106e-01
1.055036e-01
1.055236e-01
1.055637e-01
1.056742e-01
1.057347e-01
1.058579e-01
1.058960e-01
1.059972e-01
1.060441e-01
1.061242e-01
1.062246e-01
1.063320e-01
1.064126e-01
1.064965e-01
1.065083e-01
1.066289e-01
1.066679e-01
1.067561e-01
1.067764e-01
1.069162e-01
1.069851e-01
1.069960e-01
1.070757e-01
1.071466e-01
1.072342e-01
1.072889e-01
1.073422e-01
1.074829e-01
1.075411e-01
1.075600e-01
1.076557e-01
1.077287e-01
1.077470e-01
1.078479e-01
1.079266e-01
1.079809e-01
1.081113e-01
1.081776e-01
1.082703e-01
1.083191e-01
1.084027e-01
1.084663e-01
1.085175e-01
1.085890e-01
1.087133e-01
1.087544e-01
1.089199e-01
1.089353e-01
1.089438e-01
1.090385e-01
1.090940e-01
1.091084e-01
1.092788e-01
1.093278e-01
1.093651e-01
1.094416e-01
1.095169e-01
1.096029e-01
1.096588e-01
1.097409e-01
1.098004e-01
1.099070e-01
1.099817e-01
1.100097e-01
1.100357e-01
1.101001e-01
1.101724e-01
1.102071e-01
1.103680e-01
1.104478e-01
1.105427e-01
1.106213e-01
1.107297e-01
1.107621e-01
1.107850e-01
1.108400e-01
1.108742e-01
1.109494e-01
1.110717e-01
1.111130e-01
1.111428e-01
1.112729e-01
1.113493e-01
1.114234e-01
1.115529e-01
1.116371e-01
1.117273e-01
1.117738e-01
1.118933e-01
1.119645e-01
1.120210e-01
1.120769e-01
1.120947e-01
1.121750e-01
1.122597e-01
1.123293e-01
1.123578e-01
1.124083e-01
1.125184e-01
1.126086e-01
1.126567e-01
1.127507e-01
1.128216e-01
1.128665e-01
1.129266e-01
1.129576e-01
1.130520e-01
1.131355e-01
1.132369e-01
1.132948e-01
1.133603e-01
1.134697e-01
1.134993e-01
1.136043e-01
1.136743e-01
1.137396e-01
1.138040e-01
1.138971e-01
1.139211e-01
1.139726e-01
1.140478e-01
1.140893e-01
1.142052e-01
1.142700e-01
1.143127e-01
1.143949e-01
1.145150e-01
1.145610e-01
1.145897e-01
1.146599e-01
1.147066e-01
1.147589e-01
1.148293e-01
1.149131e-01
1.149413e-01
1.149662e-01
1.150587e-01
1.151069e-01
1.151953e-01
1.153237e-01
1.153898e-01
1.154334e-01
1.154366e-01
1.155385e-01
1.156391e-01
1.157165e-01
1.157947e-01
1.158077e-01
1.158630e-01
1.159047e-01
1.159475e-01
1.160743e-01
1.161949e-01
1.162474e-01
1.163051e-01
1.163791e-01
1.164500e-01
1.165288e-01
1.166019e-01
1.166344e-01
1.166979e-01
1.167203e-01
1.168891e-01
1.169450e-01
1.169908e-01
1.170421e-01
1.171072e-01
1.171210e-01
1.171816e-01
1.172540e-01
1.172931e-01
1.174001e-01
1.174137e-01
1.174840e-01
1.175334e-01
1.176136e-01
1.177216e-01
1.177546e-01
1.179003e-01
1.179555e-01
1.180296e-01
1.181071e-01
1.181172e-01
1.181820e-01
1.183131e-01
1.184211e-01
1.184787e-01
1.185975e-01
1.186449e-01
1.186950e-01
1.187819e-01
1.188392e-01
1.188883e-01
1.189520e-01
1.189797e-01
1.190570e-01
1.191720e-01
1.192554e-01
1.193122e-01
1.193776e-01
1.194597e-01
1.195808e-01
1.196029e-01
1.196874e-01
1.197089e-01
1.197864e-01
1.198810e-01
1.199186e-01
1.200165e-01
1.200647e-01
1.201299e-01
1.201608e-01
1.201932e-01
1.202833e-01
1.203188e-01
1.204594e-01
1.205125e-01
1.205877e-01
1.205922e-01
1.207186e-01
1.207638e-01
1.208071e-01
1.209362e-01
1.209841e-01
1.210056e-01
1.210432e-01
1.211664e-01
1.212446e-01
1.212956e-01
1.214139e-01
1.215168e-01
1.215307e-01
1.215607e-01
1.216917e-01
1.217166e-01
1.217901e-01
1.218717e-01
1.219099e-01
1.219312e-01
1.220670e-01
1.221147e-01
1.221455e-01
1.222394e-01
1.222887e-01
1.223849e-01
1.224469e-01
1.225515e-01
1.225828e-01
1.226600e-01
1.227325e-01
1.227567e-01
1.227970e-01
1.228576e-01
1.228913e-01
1.229594e-01
1.231161e-01
1.231170e-01
1.231776e-01
1.233104e-01
1.233138e-01
1.233651e-01
1.234221e-01
1.235262e-01
1.236014e-01
1.237462e-01
1.237995e-01
1.238497e-01
1.239220e-01
1.240006e-01
1.240412e-01
1.240768e-01
1.241570e-01
1.243293e-01
1.243980e-01
1.245210e-01
1.245515e-01
1.245913e-01
1.246243e-01
1.247392e-01
1.248013e-01
1.248706e-01
1.249303e-01
1.250195e-01
1.250656e-01
1.250824e-01
1.251830e-01
1.253046e-01
1.253466e-01
1.254506e-01
1.254798e-01
1.255441e-01
1.256008e-01
1.256582e-01
1.257079e-01
1.258488e-01
1.258900e-01
1.259716e-01
1.260234e-01
1.261457e-01
1.261768e-01
1.263412e-01
1.263906e-01
1.264562e-01
1.264722e-01
1.265077e-01
1.266158e-01
1.266809e-01
1.267667e-01
1.268425e-01
1.268605e-01
1.269102e-01
1.269579e-01
1.270017e-01
1.270793e-01
1.271236e-01
1.271785e-01
1.272447e-01
1.273711e-01
1.274033e-01
1.275101e-01
1.275296e-01
1.275890e-01
1.276981e-01
1.277860e-01
1.278519e-01
1.278692e-01
1.279552e-01
1.280214e-01
1.280630e-01
1.281669e-01
1.282245e-01
1.282724e-01
1.283851e-01
1.284222e-01
1.285052e-01
1.285479e-01
1.286528e-01
1.286715e-01
1.287678e-01
1.288373e-01
1.288738e-01
1.289200e-01
1.290112e-01
1.290472e-01
1.291354e-01
1.291776e-01
1.292182e-01
1.292617e-01
1.293437e-01
1.294128e-01
1.294560e-01
1.294834e-01
1.296288e-01
1.296777e-01
1.297574e-01
1.298307e-01
1.298791e-01
1.299809e-01
1.300184e-01
1.301245e-01
1.301535e-01
1.302134e-01
1.302599e-01
1.303420e-01
1.303968e-01
1.304592e-01
1.305120e-01
1.305757e-01
1.306327e-01
1.307767e-01
1.308211e-01
1.308770e-01
1.309647e-01
1.310069e-01
1.311342e-01
1.311861e-01
1.312584e-01
1.312967e-01
1.313453e-01
1.313822e-01
1.315181e-01
1.315304e-01
1.316006e-01
1.316262e-01
1.317315e-01
1.317930e-01
1.318273e-01
1.319182e-01
1.319923e-01
1.320325e-01
1.320748e-01
1.321177e-01
1.321553e-01
1.322103e-01
1.323231e-01
1.323834e-01
1.323919e-01
1.324844e-01
1.325350e-01
1.325449e-01
1.326922e-01
1.327364e-01
1.328401e-01
1.329377e-01
1.329619e-01
1.330058e-01
1.331415e-01
1.332016e-01
1.332325e-01
1.332767e-01
1.333604e-01
1.334305e-01
1.334972e-01
1.336184e-01
1.336681e-01
1.336931e-01
1.337107e-01
1.338313e-01
1.338770e-01
1.339226e-01
1.340454e-01
1.341088e-01
1.341279e-01
1.341881e-01
1.342121e-01
1.343073e-01
1.343426e-01
1.344065e-01
1.344829e-01
1.345310e-01
1.345451e-01
1.346663e-01
1.348413e-01
1.348683e-01
1.349246e-01
1.350243e-01
1.350494e-01
1.351143e-01
1.351733e-01
1.352735e-01
1.352845e-01
1.353898e-01
1.354406e-01
1.355641e-01
1.355784e-01
1.356545e-01
1.356826e-01
1.357088e-01
1.358085e-01
1.358768e-01
1.359543e-01
1.359946e-01
1.360509e-01
1.361270e-01
1.361990e-01
1.362420e-01
1.362545e-01
1.363986e-01
1.364303e-01
1.365477e-01
1.366010e-01
1.366371e-01
1.367258e-01
1.367788e-01
1.368822e-01
1.369267e-01
1.370269e-01
1.370860e-01
1.371323e-01
1.372127e-01
1.372474e-01
1.373572e-01
1.374242e-01
1.375069e-01
1.376074e-01
1.376695e-01
1.377934e-01
1.378083e-01
1.379192e-01
1.379565e-01
1.380281e-01
1.380608e-01
1.381659e-01
1.382308e-01
1.383123e-01
1.383262e-01
1.383802e-01
1.385041e-01
1.385677e-01
1.386434e-01
1.387054e-01
1.387159e-01
1.387515e-01
1.388247e-01
1.389133e-01
1.390453e-01
1.390652e-01
1.391618e-01
1.392289e-01
1.392915e-01
1.393257e-01
1.393551e-01
1.394639e-01
1.395102e-01
1.395758e-01
1.396415e-01
1.397056e-01
1.398219e-01
1.398811e-01
1.399055e-01
1.399515e-01
1.400128e-01
1.400841e-01
1.401843e-01
1.402245e-01
1.402779e-01
1.403792e-01
1.404134e-01
1.404539e-01
1.405004e-01
1.405386e-01
1.405750e-01
1.406331e-01
1.407012e-01
1.407598e-01
1.408566e-01
1.408920e-01
1.409527e-01
1.409646e-01
1.411052e-01
1.412184e-01
1.413025e-01
1.413283e-01
1.413941e-01
1.414132e-01
1.415388e-01
1.415625e-01
1.416030e-01
1.416917e-01
1.417730e-01
1.418448e-01
1.419199e-01
1.419415e-01
1.420480e-01
1.420897e-01
1.421220e-01
1.421834e-01
1.422587e-01
1.423404e-01
1.423710e-01
1.424195e-01
1.425683e-01
1.426542e-01
1.426751e-01
1.427489e-01
1.428126e-01
1.428895e-01
1.429482e-01
1.430291e-01
1.430502e-01
1.431437e-01
1.431789e-01
1.432587e-01
1.433210e-01
1.433573e-01
1.433846e-01
1.434389e-01
1.435145e-01
1.436220e-01
1.436693e-01
1.437361e-01
1.437849e-01
1.438819e-01
1.438949e-01
1.440159e-01
1.441057e-01
1.441161e-01
1.441630e-01
1.442484e-01
1.443213e-01
1.444139e-01
1.444215e-01
1.444776e-01
1.445603e-01
1.446016e-01
1.446585e-01
1.447396e-01
1.447798e-01
1.448018e-01
1.449134e-01
1.449867e-01
1.450736e-01
1.450909e-01
1.451717e-01
1.452569e-01
1.452862e-01
1.453646e-01
1.454049e-01
1.454641e-01
1.455726e-01
1.456417e-01
1.456806e-01
1.457672e-01
1.457738e-01
1.458349e-01
1.460201e-01
1.460335e-01
1.460847e-01
1.461484e-01
1.462226e-01
1.462487e-01
1.463331e-01
1.463525e-01
1.464289e-01
1.465615e-01
1.466073e-01
1.466751e-01
1.466989e-01
1.467262e-01
1.467671e-01
1.468589e-01
1.469250e-01
1.469388e-01
1.470146e-01
1.471427e-01
1.471594e-01
1.472588e-01
1.473292e-01
1.473895e-01
1.474421e-01
1.474748e-01
1.475287e-01
1.475727e-01
1.476497e-01
1.477143e-01
1.477740e-01
1.478393e-01
1.478597e-01
1.479695e-01
1.480148e-01
1.480561e-01
1.481462e-01
1.481743e-01
1.482154e-01
1.482666e-01
1.483547e-01
1.484013e-01
1.484305e-01
1.485634e-01
1.485952e-01
1.486800e-01
1.486993e-01
1.487739e-01
1.488130e-01
1.489059e-01
1.489454e-01
1.490175e-01
1.490667e-01
1.491180e-01
1.492153e-01
1.493241e-01
1.493883e-01
1.494276e-01
1.494645e-01
1.495248e-01
1.495829e-01
1.496713e-01
1.497045e-01
1.497574e-01
1.498027e-01
1.499083e-01
1.499565e-01
1.500304e-01
1.500887e-01
1.501952e-01
1.502467e-01
1.502696e-01
1.502987e-01
1.503730e-01
1.504316e-01
1.504632e-01
1.504931e-01
1.506226e-01
1.506675e-01
1.506982e-01
1.508000e-01
1.508429e-01
1.508889e-01
1.509792e-01
1.510785e-01
1.511036e-01
1.511787e-01
1.511896e-01
1.512458e-01
1.513172e-01
1.513578e-01
1.514405e-01
1.514884e-01
1.515838e-01
1.516684e-01
1.517040e-01
1.517497e-01
1.518946e-01
1.519315e-01
1.519435e-01
1.520186e-01
1.521363e-01
1.521991e-01
1.522178e-01
1.522551e-01
1.522975e-01
1.523345e-01
1.523547e-01
1.524230e-01
1.525492e-01
1.525675e-01
1.525892e-01
1.527329e-01
1.528135e-01
1.528574e-01
1.528976e-01
1.530043e-01
1.530697e-01
1.531147e-01
1.531630e-01
1.532217e-01
1.532640e-01
1.533108e-01
1.533881e-01
1.535076e-01
1.535536e-01
1.535864e-01
1.536324e-01
1.536680e-01
1.537751e-01
1.538829e-01
1.539343e-01
1.539933e-01
1.540072e-01
1.541323e-01
1.542037e-01
1.542550e-01
1.542937e-01
1.543598e-01
1.543699e-01
1.544255e-01
1.545611e-01
1.545953e-01
1.546212e-01
1.547118e-01
1.547578e-01
1.547818e-01
1.548057e-01
1.549272e-01
1.550107e-01
1.550569e-01
1.551596e-01
1.552082e-01
1.552725e-01
1.552880e-01
1.553750e-01
1.554157e-01
1.554706e-01
1.555582e-01
1.556177e-01
1.556463e-01
1.557591e-01
1.557889e-01
1.558482e-01
1.559013e-01
1.559838e-01
1.560350e-01
1.561079e-01
1.561227e-01
1.561949e-01
1.562582e-01
1.562992e-01
1.563719e-01
1.564181e-01
1.564991e-01
1.565280e-01
1.565791e-01
1.565993e-01
1.566764e-01
1.567348e-01
1.568413e-01
1.568664e-01
1.570092e-01
1.570640e-01
1.570993e-01
1.571493e-01
1.571952e-01
1.573238e-01
1.574259e-01
1.574284e-01
1.574498e-01
1.575556e-01
1.576018e-01
1.576682e-01
1.576915e-01
1.577782e-01
1.577977e-01
1.578928e-01
1.579674e-01
1.580018e-01
1.580413e-01
1.580825e-01
1.581823e-01
1.582260e-01
1.582821e-01
1.583143e-01
1.583913e-01
1.584238e-01
1.585237e-01
1.585921e-01
1.586454e-01
1.587302e-01
1.587774e-01
1.588373e-01
1.589710e-01
1.590113e-01
1.590235e-01
1.590654e-01
1.591088e-01
1.591501e-01
1.592441e-01
1.592981e-01
1.594257e-01
1.594740e-01
1.595291e-01
1.595543e-01
1.597004e-01
1.597477e-01
1.598795e-01
1.599466e-01
1.599949e-01
1.600569e-01
1.600920e-01
1.601517e-01
1.601599e-01
1.602013e-01
1.602753e-01
1.603307e-01
1.604430e-01
1.605059e-01
1.605397e-01
1.605867e-01
1.606680e-01
1.607425e-01
1.608042e-01
1.608553e-01
1.608831e-01
1.609663e-01
1.610793e-01
1.611141e-01
1.612178e-01
1.612628e-01
1.613186e-01
1.613385e-01
1.613558e-01
1.614289e-01
1.615539e-01
1.616054e-01
1.616490e-01
1.617306e-01
1.618597e-01
1.618875e-01
1.619040e-01
1.619954e-01
1.620598e-01
1.621323e-01
1.621436e-01
1.621604e-01
1.622864e-01
1.623015e-01
1.624239e-01
1.624925e-01
1.625771e-01
1.626317e-01
1.626558e-01
1.627239e-01
1.627935e-01
1.628769e-01
1.629154e-01
1.629389e-01
1.630602e-01
1.631194e-01
1.631596e-01
1.632306e-01
1.632729e-01
1.633171e-01
1.633788e-01
1.634521e-01
1.634739e-01
1.635399e-01
1.636255e-01
1.636914e-01
1.637222e-01
1.637925e-01
1.638459e-01
1.639184e-01
1.639858e-01
1.640360e-01
1.640855e-01
1.641577e-01
1.642573e-01
1.643561e-01
1.644088e-01
1.644784e-01
1.645300e-01
1.645534e-01
1.646121e-01
1.647502e-01
1.647985e-01
1.648948e-01
1.649413e-01
1.649660e-01
1.649968e-01
1.650527e-01
1.651129e-01
1.651757e-01
1.652266e-01
1.653342e-01
1.653946e-01
1.654468e-01
1.654582e-01
1.655405e-01
1.655813e-01
1.656860e-01
1.657666e-01
1.657854e-01
1.658224e-01
1.659008e-01
1.659355e-01
1.659769e-01
1.660563e-01
1.660770e-01
1.661483e-01
1.662191e-01
1.663327e-01
1.663653e-01
1.664352e-01
1.664886e-01
1.665600e-01
1.666163e-01
1.666696e-01
1.666864e-01
1.667300e-01
1.668316e-01
1.668683e-01
1.669181e-01
1.669530e-01
1.669769e-01
1.670391e-01
1.671917e-01
1.672069e-01
1.672494e-01
1.672875e-01
1.673601e-01
1.675212e-01
1.675361e-01
1.676259e-01
1.677157e-01
1.678017e-01
1.678384e-01
1.679007e-01
1.679194e-01
1.679825e-01
1.680613e-01
1.681079e-01
1.682260e-01
1.682592e-01
1.683783e-01
1.683996e-01
1.685079e-01
1.685104e-01
1.685581e-01
1.685721e-01
1.686386e-01
1.686838e-01
1.686995e-01
1.688276e-01
1.688425e-01
1.688762e-01
1.689348e-01
1.689870e-01
1.690317e-01
1.691104e-01
1.691874e-01
1.692152e-01
1.692583e-01
1.693224e-01
1.694087e-01
1.694799e-01
1.695035e-01
1.695730e-01
1.696333e-01
1.696519e-01
1.697446e-01
1.698247e-01
1.698527e-01
1.699212e-01
1.699474e-01
1.700057e-01
1.700497e-01
1.701184e-01
1.701469e-01
1.702477e-01
1.702862e-01
1.703897e-01
1.704661e-01
1.704854e-01
1.705447e-01
1.705539e-01
1.706091e-01
1.706876e-01
1.707108e-01
1.707990e-01
1.708034e-01
1.708773e-01
1.709215e-01
1.709638e-01
1.709678e-01
1.711153e-01
1.711633e-01
1.712075e-01
1.712877e-01
1.713257e-01
1.713719e-01
1.713799e-01
1.714564e-01
1.714872e-01
1.715361e-01
1.716706e-01
1.716833e-01
1.717424e-01
1.717893e-01
1.718626e-01
1.719505e-01
1.720393e-01
1.720496e-01
1.720965e-01
1.721465e-01
1.722136e-01
1.722932e-01
1.723077e-01
1.724126e-01
1.725241e-01
1.725760e-01
1.726193e-01
1.726532e-01
1.727102e-01
1.727455e-01
1.728424e-01
1.728878e-01
1.729111e-01
1.729719e-01
1.730514e-01
1.731262e-01
1.731354e-01
1.732385e-01
1.732531e-01
1.733347e-01
1.733499e-01
1.733753e-01
1.734233e-01
1.735656e-01
1.736341e-01
1.736632e-01
1.737240e-01
1.737558e-01
1.738429e-01
1.738950e-01
1.740270e-01
1.740695e-01
1.741023e-01
1.741332e-01
1.741653e-01
1.742321e-01
1.742671e-01
1.743667e-01
1.743878e-01
1.745268e-01
1.746448e-01
1.746499e-01
1.746871e-01
1.747069e-01
1.747466e-01
1.748182e-01
1.748380e-01
1.749219e-01
1.750433e-01
1.750699e-01
1.751330e-01
1.751785e-01
1.752684e-01
1.752944e-01
1.753647e-01
1.754640e-01
1.755051e-01
1.755290e-01
1.755777e-01
1.756207e-01
1.756675e-01
1.757242e-01
1.757693e-01
1.758439e-01
1.758998e-01
1.759336e-01
1.759946e-01
1.760445e-01
1.760549e-01
1.761310e-01
1.761923e-01
1.762622e-01
1.763710e-01
1.764875e-01
1.765379e-01
1.765980e-01
1.766298e-01
1.766795e-01
1.767392e-01
1.767515e-01
1.768295e-01
1.768954e-01
1.769634e-01
1.770012e-01
1.771038e-01
1.771720e-01
1.772019e-01
1.772591e-01
1.772692e-01
1.773650e-01
1.774185e-01
1.774453e-01
1.774924e-01
1.775575e-01
1.776171e-01
1.776291e-01
1.776955e-01
1.777598e-01
1.778330e-01
1.779145e-01
1.779495e-01
1.780527e-01
1.781188e-01
1.781380e-01
1.782578e-01
1.782756e-01
1.783215e-01
1.783861e-01
1.784022e-01
1.784840e-01
1.785653e-01
1.786269e-01
1.786595e-01
1.787514e-01
1.788030e-01
1.788590e-01
1.789097e-01
1.789188e-01
1.790772e-01
1.790848e-01
1.791545e-01
1.792320e-01
1.793064e-01
1.793400e-01
1.793526e-01
1.794278e-01
1.794607e-01
1.794891e-01
1.795318e-01
1.796369e-01
1.796812e-01
1.797463e-01
1.798337e-01
1.799052e-01
1.800007e-01
1.800554e-01
1.801024e-01
1.801505e-01
1.801818e-01
1.802189e-01
1.802707e-01
1.803512e-01
1.803662e-01
1.803968e-01
1.804460e-01
1.804776e-01
1.805885e-01
1.806013e-01
1.806740e-01
1.807405e-01
1.807979e-01
1.808833e-01
1.809194e-01
1.809729e-01
1.810271e-01
1.810755e-01
1.811157e-01
1.811906e-01
1.812660e-01
1.813016e-01
1.813539e-01
1.813835e-01
1.815050e-01
1.815446e-01
1.815986e-01
1.816389e-01
1.816962e-01
1.817267e-01
1.818114e-01
1.818505e-01
1.819259e-01
1.819715e-01
1.820083e-01
1.820752e-01
1.820926e-01
1.821419e-01
1.821655e-01
1.821900e-01
1.822875e-01
1.823546e-01
1.824800e-01
1.825150e-01
1.825505e-01
1.825825e-01
1.826262e-01
1.826830e-01
1.827276e-01
1.827610e-01
1.829019e-01
1.829275e-01
1.829792e-01
1.830168e-01
1.830374e-01
1.830731e-01
1.831619e-01
1.832166e-01
1.832531e-01
1.833667e-01
1.833892e-01
1.834357e-01
1.834927e-01
1.835449e-01
1.835929e-01
1.836042e-01
1.836414e-01
1.837621e-01
1.838594e-01
1.838863e-01
1.839687e-01
1.840344e-01
1.840839e-01
1.841516e-01
1.841986e-01
1.842829e-01
1.843063e-01
1.843554e-01
1.844121e-01
1.845783e-01
1.845908e-01
1.846343e-01
1.846612e-01
1.847517e-01
1.847565e-01
1.848610e-01
1.849164e-01
1.849553e-01
1.850351e-01
1.850695e-01
1.851429e-01
1.851884e-01
1.852445e-01
1.853163e-01
1.853603e-01
1.854001e-01
1.854507e-01
1.854926e-01
1.855610e-01
1.856045e-01
1.856727e-01
1.856799e-01
1.857151e-01
1.859072e-01
1.859411e-01
1.859639e-01
1.861016e-01
1.861203e-01
1.861411e-01
1.861936e-01
1.862511e-01
1.863561e-01
1.864279e-01
1.864592e-01
1.865236e-01
1.865592e-01
1.865853e-01
1.866381e-01
1.866970e-01
1.867690e-01
1.868085e-01
1.868555e-01
1.868976e-01
1.869786e-01
1.870785e-01
1.871068e-01
1.871894e-01
1.872355e-01
1.872720e-01
1.873112e-01
1.873889e-01
1.874695e-01
1.875338e-01
1.875924e-01
1.876324e-01
1.877036e-01
1.877724e-01
1.878115e-01
1.878527e-01
1.879274e-01
1.879365e-01
1.880169e-01
1.880822e-01
1.881222e-01
1.882390e-01
1.882745e-01
1.883218e-01
1.883986e-01
1.884617e-01
1.885158e-01
1.886011e-01
1.886973e-01
1.887109e-01
1.887351e-01
1.888007e-01
1.889214e-01
1.889613e-01
1.890000e-01
1.890442e-01
1.890771e-01
1.891372e-01
1.892193e-01
1.892648e-01
1.893048e-01
1.893690e-01
1.894548e-01
1.895068e-01
1.895399e-01
1.896068e-01
1.896630e-01
1.897253e-01
1.897422e-01
1.897859e-01
1.898039e-01
1.898524e-01
1.899020e-01
1.900065e-01
1.900279e-01
1.901066e-01
1.901584e-01
1.901738e-01
1.902056e-01
1.902157e-01
1.902936e-01
1.903570e-01
1.904253e-01
1.904919e-01
1.905174e-01
1.905966e-01
1.906187e-01
1.906970e-01
1.908086e-01
1.908805e-01
1.909378e-01
1.909766e-01
1.910302e-01
1.910928e-01
1.911972e-01
1.912232e-01
1.913148e-01
1.913439e-01
1.913913e-01
1.914080e-01
1.914358e-01
1.915107e-01
1.915398e-01
1.917014e-01
1.917235e-01
1.917441e-01
1.917825e-01
1.918573e-01
1.918675e-01
1.919207e-01
1.919835e-01
1.921274e-01
1.922197e-01
1.922563e-01
1.923174e-01
1.923350e-01
1.923847e-01
1.924000e-01
1.924240e-01
1.924784e-01
1.925209e-01
1.925989e-01
1.926582e-01
1.927320e-01
1.927935e-01
1.928184e-01
1.928619e-01
1.929208e-01
1.929416e-01
1.930442e-01
1.930773e-01
1.931239e-01
1.931694e-01
1.932101e-01
1.932419e-01
1.933150e-01
1.933660e-01
1.934196e-01
1.934648e-01
1.935217e-01
1.935249e-01
1.936141e-01
1.936507e-01
1.937300e-01
1.937535e-01
1.938267e-01
1.939001e-01
1.939243e-01
1.940164e-01
1.940587e-01
1.940917e-01
1.941652e-01
1.942031e-01
1.942783e-01
1.943175e-01
1.943881e-01
1.944548e-01
1.945191e-01
1.945799e-01
1.945974e-01
1.946774e-01
1.947528e-01
1.947946e-01
1.948396e-01
1.948827e-01
1.949269e-01
1.949604e-01
1.949911e-01
1.950774e-01
1.951531e-01
1.951906e-01
1.952099e-01
1.952659e-01
1.953699e-01
1.954179e-01
1.954935e-01
1.955485e-01
1.955543e-01
1.956267e-01
1.956364e-01
1.957248e-01
1.957565e-01
1.958363e-01
1.958869e-01
1.959389e-01
1.959576e-01
1.960051e-01
1.960432e-01
1.960912e-01
1.961899e-01
1.962062e-01
1.962899e-01
1.963291e-01
1.963352e-01
1.964022e-01
1.964624e-01
1.964805e-01
1.965449e-01
1.967019e-01
1.967091e-01
1.967528e-01
1.968496e-01
1.969007e-01
1.969528e-01
1.970094e-01
1.970658e-01
1.970868e-01
1.971264e-01
1.971695e-01
1.972303e-01
1.972499e-01
1.972643e-01
1.973189e-01
1.974753e-01
1.975434e-01
1.975630e-01
1.976592e-01
1.976684e-01
1.976927e-01
1.978028e-01
1.978157e-01
1.978877e-01
1.979218e-01
1.979489e-01
1.980043e-01
1.980770e-01
1.981349e-01
1.981787e-01
1.982824e-01
1.983704e-01
1.983969e-01
1.984176e-01
1.984563e-01
1.984646e-01
1.985018e-01
1.986034e-01
1.987053e-01
1.987350e-01
1.987826e-01
1.988187e-01
1.989247e-01
1.989845e-01
1.990081e-01
1.990578e-01
1.990812e-01
1.991155e-01
1.991644e-01
1.992606e-01
1.993342e-01
1.993849e-01
1.994043e-01
1.994231e-01
1.994567e-01
1.994761e-01
1.995481e-01
1.996799e-01
1.997045e-01
1.997133e-01
1.997660e-01
1.997990e-01
1.999307e-01
1.999491e-01
1.999705e-01
2.000339e-01
2.001110e-01
2.001246e-01
2.001703e-01
2.002186e-01
2.002792e-01
2.003803e-01
2.004464e-01
2.005165e-01
2.005706e-01
2.005914e-01
2.006547e-01
2.006864e-01
2.007449e-01
2.008239e-01
2.008574e-01
2.008657e-01
2.009290e-01
2.010002e-01
2.010057e-01
2.010641e-01
2.010816e-01
2.011338e-01
2.012377e-01
2.012664e-01
2.013549e-01
2.014040e-01
2.014894e-01
2.015447e-01
2.015890e-01
2.017009e-01
2.017113e-01
2.017841e-01
2.018486e-01
2.018917e-01
2.019432e-01
2.020233e-01
2.020662e-01
2.020945e-01
2.021645e-01
2.022082e-01
2.022450e-01
2.022918e-01
2.023504e-01
2.023894e-01
2.024647e-01
2.025024e-01
2.025648e-01
2.026072e-01
2.026567e-01
2.027175e-01
2.027889e-01
2.028337e-01
2.028693e-01
2.029364e-01
2.029576e-01
2.030392e-01
2.030845e-01
2.031149e-01
2.032385e-01
2.032822e-01
2.033433e-01
2.033639e-01
2.034282e-01
2.034536e-01
2.034826e-01
2.035722e-01
2.036378e-01
2.037067e-01
2.037167e-01
2.038008e-01
2.038472e-01
2.038934e-01
2.039109e-01
2.039687e-01
2.040393e-01
2.041213e-01
2.041745e-01
2.042013e-01
2.042235e-01
2.042363e-01
2.042966e-01
2.044060e-01
2.044625e-01
2.045177e-01
2.045999e-01
2.046379e-01
2.046552e-01
2.047231e-01
2.047913e-01
2.048272e-01
2.048740e-01
2.049323e-01
2.049675e-01
2.050547e-01
2.051004e-01
2.051182e-01
2.051757e-01
2.052221e-01
2.052885e-01
2.053456e-01
2.054545e-01
2.054994e-01
2.055231e-01
2.055891e-01
2.056062e-01
2.057027e-01
2.057810e-01
2.058117e-01
2.058353e-01
2.058456e-01
2.059273e-01
2.060003e-01
2.060114e-01
2.060809e-01
2.061604e-01
2.061649e-01
2.062417e-01
2.062638e-01
2.063998e-01
2.064066e-01
2.064814e-01
2.065258e-01
2.065430e-01
2.066218e-01
2.067292e-01
2.067573e-01
2.067901e-01
2.068529e-01
2.068829e-01
2.069503e-01
2.070250e-01
2.070763e-01
2.071288e-01
2.071682e-01
2.071910e-01
2.072477e-01
2.073345e-01
2.074072e-01
2.074614e-01
2.074799e-01
2.075201e-01
2.076366e-01
2.076829e-01
2.077615e-01
2.077840e-01
2.077975e-01
2.078268e-01
2.078846e-01
2.079679e-01
2.080078e-01
2.080234e-01
2.080783e-01
2.081417e-01
2.082199e-01
2.082602e-01
2.083625e-01
2.083886e-01
2.084527e-01
2.084576e-01
2.085271e-01
2.085557e-01
2.086524e-01
2.087357e-01
2.087864e-01
2.088654e-01
2.089238e-01
2.089864e-01
2.090249e-01
2.091196e-01
2.091388e-01
2.092226e-01
2.092580e-01
2.093047e-01
2.093469e-01
2.093910e-01
2.094846e-01
2.095323e-01
2.095417e-01
2.096781e-01
2.097191e-01
2.097929e-01
2.098102e-01
2.098843e-01
2.099062e-01
2.100179e-01
2.100478e-01
2.100775e-01
2.101070e-01
2.101614e-01
2.102322e-01
2.102641e-01
2.102874e-01
2.103843e-01
2.104394e-01
2.105106e-01
2.105773e-01
2.106009e-01
2.106681e-01
2.107609e-01
2.107745e-01
2.108320e-01
2.108988e-01
2.109193e-01
2.109966e-01
2.110607e-01
2.111732e-01
2.112221e-01
2.112810e-01
2.113207e-01
2.113363e-01
2.114128e-01
2.114439e-01
2.114542e-01
2.115443e-01
2.116211e-01
2.116627e-01
2.117096e-01
2.117803e-01
2.118241e-01
2.118569e-01
2.119274e-01
2.119953e-01
2.120648e-01
2.121202e-01
2.121773e-01
2.122407e-01
2.123153e-01
2.123831e-01
2.124122e-01
2.124700e-01
2.125016e-01
2.125685e-01
2.125855e-01
2.126409e-01
2.126878e-01
2.127146e-01
2.128029e-01
2.128239e-01
2.128823e-01
2.130171e-01
2.130307e-01
2.130727e-01
2.131560e-01
2.132111e-01
2.132813e-01
2.133169e-01
2.133741e-01
2.134390e-01
2.134591e-01
2.135013e-01
2.135914e-01
2.135973e-01
2.136140e-01
2.137341e-01
2.137705e-01
2.138569e-01
2.139071e-01
2.139096e-01
2.139557e-01
2.140221e-01
2.140773e-01
2.141439e-01
2.141716e-01
2.141875e-01
2.142396e-01
2.142986e-01
2.143671e-01
2.143932e-01
2.144333e-01
2.144901e-01
2.145227e-01
2.147120e-01
2.147543e-01
2.148076e-01
2.148338e-01
2.148934e-01
2.149672e-01
2.150625e-01
2.150918e-01
2.151355e-01
2.151853e-01
2.152287e-01
2.152735e-01
2.152938e-01
2.153624e-01
2.154242e-01
2.154469e-01
2.155588e-01
2.155726e-01
2.156339e-01
2.157031e-01
2.157724e-01
2.157810e-01
2.158138e-01
2.159244e-01
2.159330e-01
2.159559e-01
2.160230e-01
2.161066e-01
2.161634e-01
2.162042e-01
2.162448e-01
2.162599e-01
2.163696e-01
2.164290e-01
2.164767e-01
2.165347e-01
2.166031e-01
2.166294e-01
2.167254e-01
2.167670e-01
2.168518e-01
2.168753e-01
2.169681e-01
2.169929e-01
2.170531e-01
2.171154e-01
2.171665e-01
2.171999e-01
2.172492e-01
2.173024e-01
2.173465e-01
2.173821e-01
2.174066e-01
2.174719e-01
2.175038e-01
2.175862e-01
2.176254e-01
2.176931e-01
2.177112e-01
2.178154e-01
2.178351e-01
2.178604e-01
2.179305e-01
2.180336e-01
2.180906e-01
2.181232e-01
2.182002e-01
2.182587e-01
2.182899e-01
2.183036e-01
2.183823e-01
2.184675e-01
2.184900e-01
2.185073e-01
2.185571e-01
2.186598e-01
2.187256e-01
2.187663e-01
2.187791e-01
2.188114e-01
2.188519e-01
2.189523e-01
2.189535e-01
2.190559e-01
2.190595e-01
2.191151e-01
2.191785e-01
2.192520e-01
2.193000e-01
2.193811e-01
2.194044e-01
2.194610e-01
2.195129e-01
2.195359e-01
2.195927e-01
2.196167e-01
2.196894e-01
2.197782e-01
2.198324e-01
2.198763e-01
2.198982e-01
2.199739e-01
2.199977e-01
2.201305e-01
2.201719e-01
2.201776e-01
2.202259e-01
2.202693e-01
2.203104e-01
2.203738e-01
2.203958e-01
2.204982e-01
2.205474e-01
2.206299e-01
2.206958e-01
2.207362e-01
2.207416e-01
2.207725e-01
2.208540e-01
2.208954e-01
2.209607e-01
2.210235e-01
2.210465e-01
2.211334e-01
2.211896e-01
2.212015e-01
2.213289e-01
2.213524e-01
2.213738e-01
2.213877e-01
2.214411e-01
2.214956e-01
2.215391e-01
2.216841e-01
2.216866e-01
2.217403e-01
2.218212e-01
2.218861e-01
2.219243e-01
2.219523e-01
2.220264e-01
2.220637e-01
2.221188e-01
2.221459e-01
2.221783e-01
2.222099e-01
2.222724e-01
2.223471e-01
2.224086e-01
2.224824e-01
2.225001e-01
2.225343e-01
2.225639e-01
2.226207e-01
2.226998e-01
2.227444e-01
2.227821e-01
2.228110e-01
2.229515e-01
2.229885e-01
2.230594e-01
2.230991e-01
2.231237e-01
2.231664e-01
2.232422e-01
2.232737e-01
2.233411e-01
2.233565e-01
2.234805e-01
2.234923e-01
2.235544e-01
2.236539e-01
2.237068e-01
2.237883e-01
2.238176e-01
2.238937e-01
2.239144e-01
2.239820e-01
2.240522e-01
2.241179e-01
2.241858e-01
2.242200e-01
2.242595e-01
2.243504e-01
2.243807e-01
2.244191e-01
2.244839e-01
2.245053e-01
2.245648e-01
2.245916e-01
2.246141e-01
2.246551e-01
2.247653e-01
2.248056e-01
2.248259e-01
2.249827e-01
2.249859e-01
2.250080e-01
2.251084e-01
2.251210e-01
2.252197e-01
2.252790e-01
2.252876e-01
2.253818e-01
2.254490e-01
2.254771e-01
2.255004e-01
2.255687e-01
2.256112e-01
2.256869e-01
2.257047e-01
2.257445e-01
2.257961e-01
2.258874e-01
2.258994e-01
2.260640e-01
2.261074e-01
2.261257e-01
2.261854e-01
2.261872e-01
2.262475e-01
2.263124e-01
2.263557e-01
2.263883e-01
2.264793e-01
2.265396e-01
2.266050e-01
2.266417e-01
2.266878e-01
2.267507e-01
2.267609e-01
2.268164e-01
2.269469e-01
2.270043e-01
2.270134e-01
2.270763e-01
2.271310e-01
2.271597e-01
2.272007e-01
2.272830e-01
2.273133e-01
2.273587e-01
2.274209e-01
2.274686e-01
2.274883e-01
2.275625e-01
2.275815e-01
2.276551e-01
2.277134e-01
2.278301e-01
2.278788e-01
2.279262e-01
2.279501e-01
2.280054e-01
2.281026e-01
2.281475e-01
2.281844e-01
2.282249e-01
2.282499e-01
2.283381e-01
2.284125e-01
2.284394e-01
2.284679e-01
2.285523e-01
2.285870e-01
2.286552e-01
2.286691e-01
2.287368e-01
2.288298e-01
2.288519e-01
2.288662e-01
2.289654e-01
2.290205e-01
2.290431e-01
2.291140e-01
2.291378e-01
2.291901e-01
2.292458e-01
2.293418e-01
2.293859e-01
2.294515e-01
2.294758e-01
2.295166e-01
2.296180e-01
2.296394e-01
2.297334e-01
2.297763e-01
2.298216e-01
2.298378e-01
2.299760e-01
2.300044e-01
2.300147e-01
2.300673e-01
2.301142e-01
2.302158e-01
2.302498e-01
2.302834e-01
2.303007e-01
2.303415e-01
2.304547e-01
2.305142e-01
2.305268e-01
2.305626e-01
2.306271e-01
2.307089e-01
2.307339e-01
2.307961e-01
2.308753e-01
2.309194e-01
2.309485e-01
2.310033e-01
2.310250e-01
2.310772e-01
2.311643e-01
2.312310e-01
2.313231e-01
2.313356e-01
2.314035e-01
2.314392e-01
2.315112e-01
2.315326e-01
2.315629e-01
2.316502e-01
2.316975e-01
2.317401e-01
2.317827e-01
2.318442e-01
2.318745e-01
2.319344e-01
2.320155e-01
2.320485e-01
2.320939e-01
2.321070e-01
2.321185e-01
2.321503e-01
2.322605e-01
2.322998e-01
2.323598e-01
2.323767e-01
2.324899e-01
2.325122e-01
2.325728e-01
2.326466e-01
2.326813e-01
2.327606e-01
2.328310e-01
2.328560e-01
2.328801e-01
2.329951e-01
2.330139e-01
2.330483e-01
2.331236e-01
2.331396e-01
2.332322e-01
2.333253e-01
2.333609e-01
2.334135e-01
2.334509e-01
2.335245e-01
2.335520e-01
2.336052e-01
2.336607e-01
2.336937e-01
2.337792e-01
2.337844e-01
2.338666e-01
2.339065e-01
2.340279e-01
2.340408e-01
2.341077e-01
2.341633e-01
2.341883e-01
2.342801e-01
2.343395e-01
2.343696e-01
2.343942e-01
2.344387e-01
2.344934e-01
2.345302e-01
2.345590e-01
2.346163e-01
2.346952e-01
2.347768e-01
2.347907e-01
2.348511e-01
2.349081e-01
2.350092e-01
2.351018e-01
2.351359e-01
2.351762e-01
2.352609e-01
2.353179e-01
2.353477e-01
2.353711e-01
2.354828e-01
2.355193e-01
2.355935e-01
2.356474e-01
2.356628e-01
2.357373e-01
2.357800e-01
2.358341e-01
2.359235e-01
2.359642e-01
2.360189e-01
2.360497e-01
2.360644e-01
2.361278e-01
2.362007e-01
2.362564e-01
2.363003e-01
2.363697e-01
2.364016e-01
2.364618e-01
2.364731e-01
2.365947e-01
2.366392e-01
2.366771e-01
2.367315e-01
2.367818e-01
2.368401e-01
2.368949e-01
2.369716e-01
2.370023e-01
2.370637e-01
2.371570e-01
2.371678e-01
2.372099e-01
2.372663e-01
2.373330e-01
2.373911e-01
2.374642e-01
2.375326e-01
2.375457e-01
2.376268e-01
2.376449e-01
2.377636e-01
2.377837e-01
2.378317e-01
2.378726e-01
2.379367e-01
2.379930e-01
2.380557e-01
2.380968e-01
2.381269e-01
2.381940e-01
2.382097e-01
2.382478e-01
2.383319e-01
2.384129e-01
2.384987e-01
2.385386e-01
2.385875e-01
2.386277e-01
2.386551e-01
2.386924e-01
2.387518e-01
2.387939e-01
2.388437e-01
2.389156e-01
2.389309e-01
2.390027e-01
2.390877e-01
2.391496e-01
2.392724e-01
2.392893e-01
2.393899e-01
2.394051e-01
2.394498e-01
2.395362e-01
2.395575e-01
2.396417e-01
2.396861e-01
2.397130e-01
2.398151e-01
2.398899e-01
2.399588e-01
2.399943e-01
2.400294e-01
2.400932e-01
2.401116e-01
2.401533e-01
2.401741e-01
2.402765e-01
2.402983e-01
2.403448e-01
2.404390e-01
2.404648e-01
2.405291e-01
2.406092e-01
2.406406e-01
2.407350e-01
2.407502e-01
2.407796e-01
2.408457e-01
2.408766e-01
2.409348e-01
2.409585e-01
2.410104e-01
2.410934e-01
2.411184e-01
2.411996e-01
2.412078e-01
2.413051e-01
2.413442e-01
2.413967e-01
2.414701e-01
2.415085e-01
2.415808e-01
2.416294e-01
2.416635e-01
2.417344e-01
2.417658e-01
2.418312e-01
2.418604e-01
2.419581e-01
2.419777e-01
2.420152e-01
2.420548e-01
2.421525e-01
2.421703e-01
2.422486e-01
2.422685e-01
2.423151e-01
2.423898e-01
2.424249e-01
2.424761e-01
2.425455e-01
2.425743e-01
2.425801e-01
2.426366e-01
2.427122e-01
2.427539e-01
2.427866e-01
2.428686e-01
2.428935e-01
2.429694e-01
2.430191e-01
2.431104e-01
2.431213e-01
2.431717e-01
2.432097e-01
2.432664e-01
2.433348e-01
2.433797e-01
2.434948e-01
2.435587e-01
2.435983e-01
2.436652e-01
2.436878e-01
2.437337e-01
2.438054e-01
2.438585e-01
2.438803e-01
2.438913e-01
2.439692e-01
2.440311e-01
2.440639e-01
2.440825e-01
2.441646e-01
2.442137e-01
2.443066e-01
2.443206e-01
2.444152e-01
2.444741e-01
2.445463e-01
2.445767e-01
2.446303e-01
2.446780e-01
2.447011e-01
2.447727e-01
2.448146e-01
2.448437e-01
2.449082e-01
2.449711e-01
2.450395e-01
2.451148e-01
2.451545e-01
2.452110e-01
2.452495e-01
2.453578e-01
2.453895e-01
2.454635e-01
2.455085e-01
2.455613e-01
2.455794e-01
2.456779e-01
2.456954e-01
2.457791e-01
2.458566e-01
2.459052e-01
2.459465e-01
2.460398e-01
2.460660e-01
2.461167e-01
2.462284e-01
2.462723e-01
2.463120e-01
2.463470e-01
2.463688e-01
2.464376e-01
2.464753e-01
2.465266e-01
2.466035e-01
2.466076e-01
2.467025e-01
2.467187e-01
2.467704e-01
2.468033e-01
2.468215e-01
2.469346e-01
2.469634e-01
2.470710e-01
2.471037e-01
2.471374e-01
2.472107e-01
2.472466e-01
2.473828e-01
2.473992e-01
2.474194e-01
2.474826e-01
2.474908e-01
2.475590e-01
2.475951e-01
2.476610e-01
2.476857e-01
2.477195e-01
2.477464e-01
2.478337e-01
2.479513e-01
2.479591e-01
2.480172e-01
2.481121e-01
2.482015e-01
2.482443e-01
2.483340e-01
2.483651e-01
2.483847e-01
2.484347e-01
2.485169e-01
2.485677e-01
2.486326e-01
2.486915e-01
2.487389e-01
2.487446e-01
2.488268e-01
2.488298e-01
2.489179e-01
2.489559e-01
2.490283e-01
2.490782e-01
2.491490e-01
2.492224e-01
2.492371e-01
2.492945e-01
2.493139e-01
2.493733e-01
2.494313e-01
2.494614e-01
2.495153e-01
2.495682e-01
2.496215e-01
2.496503e-01
2.496802e-01
2.497394e-01
2.498052e-01
2.498613e-01
2.498765e-01
2.499477e-01
2.500369e-01
2.501316e-01
2.502245e-01
2.502844e-01
2.503229e-01
2.503766e-01
2.504675e-01
2.504841e-01
2.504978e-01
2.505828e-01
2.505947e-01
2.506467e-01
2.507142e-01
2.507759e-01
2.507928e-01
2.508556e-01
2.509154e-01
2.509548e-01
2.509782e-01
2.510623e-01
2.510752e-01
2.511429e-01
2.512016e-01
2.512282e-01
2.513022e-01
2.513797e-01
2.514220e-01
2.514503e-01
2.514742e-01
2.515606e-01
2.515804e-01
2.516576e-01
2.516822e-01
2.517889e-01
2.518205e-01
2.518929e-01
2.519328e-01
2.519886e-01
2.520650e-01
2.520681e-01
2.521207e-01
2.522256e-01
2.523060e-01
2.523435e-01
2.523651e-01
2.523885e-01
2.525190e-01
2.525580e-01
2.526278e-01
2.526403e-01
2.526853e-01
2.527615e-01
2.527790e-01
2.528167e-01
2.528821e-01
2.529547e-01
2.530577e-01
2.530607e-01
2.531396e-01
2.531991e-01
2.532505e-01
2.532830e-01
2.533442e-01
2.533925e-01
2.534267e-01
2.534757e-01
2.535028e-01
2.535519e-01
2.536407e-01
2.536809e-01
2.537686e-01
2.538428e-01
2.539416e-01
2.539739e-01
2.540251e-01
2.540872e-01
2.541301e-01
2.542035e-01
2.542694e-01
2.543318e-01
2.543435e-01
2.543695e-01
2.544203e-01
2.544764e-01
2.545286e-01
2.545817e-01
2.546976e-01
2.547114e-01
2.547966e-01
2.548555e-01
2.548966e-01
2.549295e-01
2.549674e-01
2.550481e-01
2.550909e-01
2.551524e-01
2.551885e-01
2.552345e-01
2.553215e-01
2.553865e-01
2.553989e-01
2.554434e-01
2.554542e-01
2.555179e-01
2.555846e-01
2.556260e-01
2.556988e-01
2.558088e-01
2.558856e-01
2.559112e-01
2.559821e-01
2.560291e-01
2.561002e-01
2.561126e-01
2.561399e-01
2.561874e-01
2.562142e-01
2.562704e-01
2.563312e-01
2.563946e-01
2.564191e-01
2.565204e-01
2.565626e-01
2.566591e-01
2.567043e-01
2.567410e-01
2.567980e-01
2.568379e-01
2.568769e-01
2.569415e-01
2.569555e-01
2.570779e-01
2.571060e-01
2.571285e-01
2.571622e-01
2.572401e-01
2.573048e-01
2.573814e-01
2.574460e-01
2.574901e-01
2.575295e-01
2.576098e-01
2.576362e-01
2.577340e-01
2.578156e-01
2.578646e-01
2.579431e-01
2.579528e-01
2.579749e-01
2.580492e-01
2.581194e-01
2.581722e-01
2.581737e-01
2.582159e-01
2.583036e-01
2.583867e-01
2.584686e-01
2.585120e-01
2.585448e-01
2.585791e-01
2.586825e-01
2.586984e-01
2.587532e-01
2.588724e-01
2.588887e-01
2.589035e-01
2.589282e-01
2.589879e-01
2.590744e-01
2.591253e-01
2.592396e-01
2.592558e-01
2.592900e-01
2.593552e-01
2.593979e-01
2.594420e-01
2.595448e-01
2.595587e-01
2.595968e-01
2.596538e-01
2.597177e-01
2.597508e-01
2.598278e-01
2.598921e-01
2.599193e-01
2.599651e-01
2.600567e-01
2.601083e-01
2.601435e-01
2.602483e-01
2.602800e-01
2.603135e-01
2.603877e-01
2.603990e-01
2.604996e-01
2.605554e-01
2.605769e-01
2.606162e-01
2.606614e-01
2.607538e-01
2.607809e-01
2.608387e-01
2.608635e-01
2.609403e-01
2.609741e-01
2.609933e-01
2.610455e-01
2.611409e-01
2.611581e-01
2.612185e-01
2.612499e-01
2.613328e-01
2.613610e-01
2.614395e-01
2.614648e-01
2.615122e-01
2.615545e-01
2.616146e-01
2.617004e-01
2.617381e-01
2.617875e-01
2.618245e-01
2.618451e-01
2.619820e-01
2.620295e-01
2.620559e-01
2.621677e-01
2.622214e-01
2.623040e-01
2.623312e-01
2.623729e-01
2.624203e-01
2.624549e-01
2.625437e-01
2.625999e-01
2.626301e-01
2.627066e-01
2.627533e-01
2.627943e-01
2.628731e-01
2.629014e-01
2.629552e-01
2.629922e-01
2.630215e-01
2.630869e-01
2.631497e-01
2.632397e-01
2.632840e-01
2.633421e-01
2.633654e-01
2.633991e-01
2.634359e-01
2.634703e-01
2.634953e-01
2.635802e-01
2.636060e-01
2.636730e-01
2.637587e-01
2.638024e-01
2.638466e-01
2.638732e-01
2.639772e-01
2.640116e-01
2.640883e-01
2.641393e-01
2.641992e-01
2.642591e-01
2.643389e-01
2.643423e-01
2.643822e-01
2.644459e-01
2.644941e-01
2.645479e-01
2.645767e-01
2.646534e-01
2.647310e-01
2.647602e-01
2.648154e-01
2.648993e-01
2.649225e-01
2.650382e-01
2.650969e-01
2.651116e-01
2.651490e-01
2.652036e-01
2.653473e-01
2.653827e-01
2.654218e-01
2.654945e-01
2.655377e-01
2.655869e-01
2.656088e-01
2.656952e-01
2.657956e-01
2.658395e-01
2.658809e-01
2.659128e-01
2.659563e-01
2.660202e-01
2.660604e-01
2.661069e-01
2.661768e-01
2.662447e-01
2.662901e-01
2.663663e-01
2.663988e-01
2.664295e-01
2.664561e-01
2.665067e-01
2.666020e-01
2.666289e-01
2.666471e-01
2.666789e-01
2.668140e-01
2.668517e-01
2.668999e-01
2.669333e-01
2.669923e-01
2.670549e-01
2.671620e-01
2.672092e-01
2.673275e-01
2.673505e-01
2.673905e-01
2.674200e-01
2.674456e-01
2.675136e-01
2.675790e-01
2.676350e-01
2.677128e-01
2.677868e-01
2.678316e-01
2.678563e-01
2.679147e-01
2.679711e-01
2.680531e-01
2.680899e-01
2.682096e-01
2.682635e-01
2.682838e-01
2.683308e-01
2.683488e-01
2.684683e-01
2.684766e-01
2.685904e-01
2.686185e-01
2.686332e-01
2.686919e-01
2.687284e-01
2.687914e-01
2.688432e-01
2.688845e-01
2.689969e-01
2.690230e-01
2.690595e-01
2.691946e-01
2.692121e-01
2.693060e-01
2.693525e-01
2.694252e-01
2.694746e-01
2.695550e-01
2.696366e-01
2.696746e-01
2.697322e-01
2.698050e-01
2.698185e-01
2.698798e-01
2.699114e-01
2.699890e-01
2.700079e-01
2.700855e-01
2.701521e-01
2.701821e-01
2.702469e-01
2.703077e-01
2.703744e-01
2.704202e-01
2.704689e-01
2.704820e-01
2.705177e-01
2.706036e-01
2.706336e-01
2.707290e-01
2.707630e-01
2.708229e-01
2.708886e-01
2.709608e-01
2.710215e-01
2.711351e-01
2.711855e-01
2.712039e-01
2.712774e-01
2.713185e-01
2.714531e-01
2.714826e-01
2.715193e-01
2.716139e-01
2.716431e-01
2.716983e-01
2.717343e-01
2.717594e-01
2.717853e-01
2.718572e-01
2.720092e-01
2.720850e-01
2.721157e-01
2.721323e-01
2.721575e-01
2.722215e-01
2.722994e-01
2.723498e-01
2.724425e-01
2.724617e-01
2.724859e-01
2.725348e-01
2.726398e-01
2.727069e-01
2.727661e-01
2.727970e-01
2.729255e-01
2.729578e-01
2.729755e-01
2.730486e-01
2.731094e-01
2.731475e-01
2.732676e-01
2.733097e-01
2.733673e-01
2.734227e-01
2.734334e-01
2.734587e-01
2.735355e-01
2.736116e-01
2.736528e-01
2.736911e-01
2.737098e-01
2.737925e-01
2.738374e-01
2.738676e-01
2.739919e-01
2.740365e-01
2.741143e-01
2.741692e-01
2.742861e-01
2.743128e-01
2.743323e-01
2.744239e-01
2.744516e-01
2.745522e-01
2.745640e-01
2.746000e-01
2.746373e-01
2.748222e-01
2.748618e-01
2.749061e-01
2.749756e-01
2.749847e-01
2.750520e-01
2.751234e-01
2.751861e-01
2.752727e-01
2.752780e-01
2.753599e-01
2.753961e-01
2.754161e-01
2.755086e-01
2.755792e-01
2.756682e-01
2.756727e-01
2.756915e-01
2.757544e-01
2.758075e-01
2.758439e-01
2.759323e-01
2.759978e-01
2.760287e-01
2.761220e-01
2.761257e-01
2.762592e-01
2.763630e-01
2.764158e-01
2.764510e-01
2.764889e-01
2.765399e-01
2.765599e-01
2.766217e-01
2.766441e-01
2.767187e-01
2.767708e-01
2.767911e-01
2.768649e-01
2.769094e-01
2.770231e-01
2.770562e-01
2.771224e-01
2.771772e-01
2.772068e-01
2.772399e-01
2.773213e-01
2.773629e-01
2.774439e-01
2.774917e-01
2.775541e-01
2.776932e-01
2.777959e-01
2.778594e-01
2.779054e-01
2.779270e-01
2.779974e-01
2.780280e-01
2.780675e-01
2.781525e-01
2.782191e-01
2.782618e-01
2.783495e-01
2.783685e-01
2.784568e-01
2.785089e-01
2.785336e-01
2.786076e-01
2.786322e-01
2.787096e-01
2.787829e-01
2.787981e-01
2.788558e-01
2.788765e-01
2.789482e-01
2.789811e-01
2.790574e-01
2.790736e-01
2.791821e-01
2.792519e-01
2.793288e-01
2.793717e-01
2.794632e-01
2.795159e-01
2.795386e-01
2.795685e-01
2.796506e-01
2.797147e-01
2.797466e-01
2.797852e-01
2.798734e-01
2.799343e-01
2.800098e-01
2.800427e-01
2.801390e-01
2.801549e-01
2.802287e-01
2.802519e-01
2.803235e-01
2.803975e-01
2.804310e-01
2.805508e-01
2.805653e-01
2.806391e-01
2.807481e-01
2.807972e-01
2.808266e-01
2.808866e-01
2.808985e-01
2.809829e-01
2.811107e-01
2.811500e-01
2.811984e-01
2.812343e-01
2.813027e-01
2.813647e-01
2.814590e-01
2.814978e-01
2.815342e-01
2.815749e-01
2.816549e-01
2.816681e-01
2.817140e-01
2.817920e-01
2.818574e-01
2.819402e-01
2.819603e-01
2.820000e-01
2.820519e-01
2.821225e-01
2.822241e-01
2.822665e-01
2.822723e-01
2.823691e-01
2.823966e-01
2.824600e-01
2.825425e-01
2.825493e-01
2.826471e-01
2.827358e-01
2.828155e-01
2.828327e-01
2.828988e-01
2.829823e-01
2.830257e-01
2.831026e-01
2.832130e-01
2.832215e-01
2.832928e-01
2.832971e-01
2.834120e-01
2.834490e-01
2.835065e-01
2.835361e-01
2.835688e-01
2.836244e-01
2.837465e-01
2.837519e-01
2.837887e-01
2.838318e-01
2.839601e-01
2.840333e-01
2.840495e-01
2.841362e-01
2.841627e-01
2.842215e-01
2.842696e-01
2.843226e-01
2.843382e-01
2.844002e-01
2.845563e-01
2.845645e-01
2.846340e-01
2.846600e-01
2.847134e-01
2.847759e-01
2.848455e-01
2.849143e-01
2.849392e-01
2.849925e-01
2.850866e-01
2.851384e-01
2.851769e-01
2.852456e-01
2.852695e-01
2.853393e-01
2.853775e-01
2.854592e-01
2.855362e-01
2.855660e-01
2.855958e-01
2.856619e-01
2.857792e-01
2.858399e-01
2.858886e-01
2.859089e-01
2.859909e-01
2.860708e-01
2.861198e-01
2.861706e-01
2.862189e-01
2.862523e-01
2.863062e-01
2.863668e-01
2.864090e-01
2.864379e-01
2.865154e-01
2.865743e-01
2.865998e-01
2.866617e-01
2.867429e-01
2.867926e-01
2.868311e-01
2.869248e-01
2.869870e-01
2.870820e-01
2.871176e-01
2.871668e-01
2.872241e-01
2.872806e-01
2.873313e-01
2.873618e-01
2.874359e-01
2.875070e-01
2.875903e-01
2.876321e-01
2.876981e-01
2.877182e-01
2.878020e-01
2.878412e-01
2.879386e-01
2.879718e-01
2.880046e-01
2.880563e-01
2.880786e-01
2.881782e-01
2.882370e-01
2.882784e-01
2.883571e-01
2.884341e-01
2.884489e-01
2.884788e-01
2.885315e-01
2.886117e-01
2.886518e-01
2.886642e-01
2.887189e-01
2.888009e-01
2.888731e-01
2.889316e-01
2.890099e-01
2.890698e-01
2.891099e-01
2.891744e-01
2.892353e-01
2.892858e-01
2.893732e-01
2.894841e-01
2.895048e-01
2.895780e-01
2.896234e-01
2.896411e-01
2.896732e-01
2.897396e-01
2.897761e-01
2.898993e-01
2.899475e-01
2.900049e-01
2.900559e-01
2.901081e-01
2.901414e-01
2.902146e-01
2.902710e-01
2.902842e-01
2.903386e-01
2.904322e-01
2.904629e-01
2.905294e-01
2.905536e-01
2.906392e-01
2.906717e-01
2.907936e-01
2.908462e-01
2.908534e-01
2.909648e-01
2.910105e-01
2.911198e-01
2.911323e-01
2.912097e-01
2.912880e-01
2.913069e-01
2.913572e-01
2.914062e-01
2.914851e-01
2.915081e-01
2.916137e-01
2.916746e-01
2.916918e-01
2.917523e-01
2.918247e-01
2.918395e-01
2.918582e-01
2.918928e-01
2.919938e-01
2.920883e-01
2.921278e-01
2.922224e-01
2.922481e-01
2.922982e-01
2.923401e-01
2.924199e-01
2.924488e-01
2.924762e-01
2.925604e-01
2.926141e-01
2.926548e-01
2.926916e-01
2.927577e-01
2.928430e-01
2.928902e-01
2.929261e-01
2.930474e-01
2.930750e-01
2.931315e-01
2.932524e-01
2.932712e-01
2.933510e-01
2.934118e-01
2.934710e-01
2.934926e-01
2.935946e-01
2.936874e-01
2.937288e-01
2.938085e-01
2.938545e-01
2.938611e-01
2.939255e-01
2.939326e-01
2.939974e-01
2.941069e-01
2.941524e-01
2.941692e-01
2.942395e-01
2.943183e-01
2.943583e-01
2.944318e-01
2.944643e-01
2.945378e-01
2.946080e-01
2.946723e-01
2.947027e-01
2.947549e-01
2.948562e-01
2.948828e-01
2.949633e-01
2.950121e-01
2.951015e-01
2.951673e-01
2.952101e-01
2.952166e-01
2.953053e-01
2.953383e-01
2.954119e-01
2.954651e-01
2.955211e-01
2.955635e-01
2.955966e-01
2.956900e-01
2.957370e-01
2.958055e-01
2.958660e-01
2.958895e-01
2.959591e-01
2.960790e-01
2.961263e-01
2.961818e-01
2.962596e-01
2.962972e-01
2.963688e-01
2.964273e-01
2.964307e-01
2.965520e-01
2.966071e-01
2.966389e-01
2.966957e-01
2.967270e-01
2.968055e-01
2.968747e-01
2.969434e-01
2.969874e-01
2.970747e-01
2.971273e-01
2.971846e-01
2.972932e-01
2.973173e-01
2.973362e-01
2.973586e-01
2.975044e-01
2.975184e-01
2.975894e-01
2.976227e-01
2.976716e-01
2.977171e-01
2.978110e-01
2.978916e-01
2.979193e-01
2.979955e-01
2.980057e-01
2.980651e-01
2.981255e-01
2.981423e-01
2.982029e-01
2.982888e-01
2.983320e-01
2.983860e-01
2.984156e-01
2.984716e-01
2.985415e-01
2.986187e-01
2.986995e-01
2.987363e-01
2.987780e-01
2.988496e-01
2.989299e-01
2.989944e-01
2.990275e-01
2.990662e-01
2.991162e-01
2.991554e-01
2.992363e-01
2.993063e-01
2.993403e-01
2.994045e-01
2.994781e-01
2.995299e-01
2.995440e-01
2.996712e-01
2.997469e-01
2.997906e-01
2.997926e-01
2.998903e-01
2.999283e-01
2.999725e-01
3.000378e-01
3.000828e-01
3.002195e-01
3.002269e-01
3.002426e-01
3.003283e-01
3.003600e-01
3.004223e-01
3.004762e-01
3.005770e-01
3.006007e-01
3.007215e-01
3.007347e-01
3.007979e-01
3.008727e-01
3.009161e-01
3.009639e-01
3.010187e-01
3.011084e-01
3.011433e-01
3.012031e-01
3.012421e-01
3.012937e-01
3.013266e-01
3.013814e-01
3.014417e-01
3.015345e-01
3.015669e-01
3.016218e-01
3.016639e-01
3.017394e-01
3.018506e-01
3.018911e-01
3.019301e-01
3.019809e-01
3.020436e-01
3.021268e-01
3.021581e-01
3.022539e-01
3.022813e-01
3.023309e-01
3.023739e-01
3.024340e-01
3.024952e-01
3.025566e-01
3.025976e-01
3.026474e-01
3.026941e-01
3.027555e-01
3.028131e-01
3.029025e-01
3.029672e-01
3.030189e-01
3.030342e-01
3.030851e-01
3.031045e-01
3.031983e-01
3.033127e-01
3.033485e-01
3.034144e-01
3.034538e-01
3.035577e-01
3.035844e-01
3.036415e-01
3.037361e-01
3.037530e-01
3.038537e-01
3.038811e-01
3.039619e-01
3.040342e-01
3.040473e-01
3.040580e-01
3.041723e-01
3.042351e-01
3.043073e-01
3.044224e-01
3.044384e-01
3.044865e-01
3.045542e-01
3.045934e-01
3.046299e-01
3.047009e-01
3.047461e-01
3.048195e-01
3.048763e-01
3.049896e-01
3.050238e-01
3.050614e-01
3.050892e-01
3.051923e-01
3.053014e-01
3.053191e-01
3.053987e-01
3.054746e-01
3.055435e-01
3.055850e-01
3.056451e-01
3.057207e-01
3.058054e-01
3.058566e-01
3.059101e-01
3.059320e-01
3.059795e-01
3.060834e-01
3.061364e-01
3.062089e-01
3.062361e-01
3.063209e-01
3.064117e-01
3.064392e-01
3.064951e-01
3.065622e-01
3.066356e-01
3.066596e-01
3.067152e-01
3.067610e-01
3.068220e-01
3.068504e-01
3.069136e-01
3.069458e-01
3.070602e-01
3.070861e-01
3.071590e-01
3.072382e-01
3.072714e-01
3.073739e-01
3.073883e-01
3.074137e-01
3.074946e-01
3.075522e-01
3.075850e-01
3.076503e-01
3.077642e-01
3.078204e-01
3.078506e-01
3.079491e-01
3.079845e-01
3.080358e-01
3.080711e-01
3.081126e-01
3.081863e-01
3.082373e-01
3.082615e-01
3.083163e-01
3.083868e-01
3.083995e-01
3.084609e-01
3.085281e-01
3.086530e-01
3.087111e-01
3.087371e-01
3.088494e-01
3.089115e-01
3.089290e-01
3.089594e-01
3.090214e-01
3.090819e-01
3.091131e-01
3.091640e-01
3.092687e-01
3.093673e-01
3.093948e-01
3.094345e-01
3.095487e-01
3.096309e-01
3.097457e-01
3.097767e-01
3.098801e-01
3.099061e-01
3.099279e-01
3.100497e-01
3.101063e-01
3.101585e-01
3.102564e-01
3.102825e-01
3.103464e-01
3.103642e-01
3.103777e-01
3.105041e-01
3.105529e-01
3.105961e-01
3.106229e-01
3.107138e-01
3.107684e-01
3.108430e-01
3.109012e-01
3.109467e-01
3.110525e-01
3.111077e-01
3.111756e-01
3.112060e-01
3.112928e-01
3.113367e-01
3.114059e-01
3.114788e-01
3.114936e-01
3.115247e-01
3.116305e-01
3.117209e-01
3.117696e-01
3.117708e-01
3.118380e-01
3.119124e-01
3.119341e-01
3.120464e-01
3.121001e-01
3.121667e-01
3.122773e-01
3.123267e-01
3.123526e-01
3.123879e-01
3.124562e-01
3.124974e-01
3.125301e-01
3.125939e-01
3.126838e-01
3.127400e-01
3.128069e-01
3.128885e-01
3.129363e-01
3.129945e-01
3.130584e-01
3.130940e-01
3.131425e-01
3.132507e-01
3.133094e-01
3.133756e-01
3.133967e-01
3.134725e-01
3.135148e-01
3.135567e-01
3.135781e-01
3.137637e-01
3.138130e-01
3.138943e-01
3.139442e-01
3.139876e-01
3.140379e-01
3.141401e-01
3.142024e-01
3.142191e-01
3.142790e-01
3.143808e-01
3.144425e-01
3.144931e-01
3.145604e-01
3.146263e-01
3.146605e-01
3.147094e-01
3.147210e-01
3.147955e-01
3.148853e-01
3.149580e-01
3.149917e-01
3.150623e-01
3.151508e-01
3.152290e-01
3.152655e-01
3.153317e-01
3.154378e-01
3.154504e-01
3.155319e-01
3.155427e-01
3.156020e-01
3.156760e-01
3.157747e-01
3.158204e-01
3.158765e-01
3.159530e-01
3.160044e-01
3.160953e-01
3.161544e-01
3.162116e-01
3.162634e-01
3.163224e-01
3.163567e-01
3.164208e-01
3.165009e-01
3.165429e-01
3.165833e-01
3.166456e-01
3.167348e-01
3.168037e-01
3.168127e-01
3.168616e-01
3.169004e-01
3.170056e-01
3.170855e-01
3.171238e-01
3.172372e-01
3.173240e-01
3.173844e-01
3.173947e-01
3.174249e-01
3.174790e-01
3.175750e-01
3.176178e-01
3.176466e-01
3.177153e-01
3.177605e-01
3.178116e-01
3.179437e-01
3.179889e-01
3.180124e-01
3.180801e-01
3.181905e-01
3.182219e-01
3.182728e-01
3.183670e-01
3.184238e-01
3.184638e-01
3.185531e-01
3.186555e-01
3.187107e-01
3.187495e-01
3.187991e-01
3.188736e-01
3.189045e-01
3.189425e-01
3.190679e-01
3.191188e-01
3.192404e-01
3.192975e-01
3.193790e-01
3.193941e-01
3.194280e-01
3.195220e-01
3.196287e-01
3.196702e-01
3.197251e-01
3.197978e-01
3.198367e-01
3.199309e-01
3.199739e-01
3.200378e-01
3.201143e-01
3.201632e-01
3.202095e-01
3.202608e-01
3.203098e-01
3.204090e-01
3.205038e-01
3.205186e-01
3.205722e-01
3.206239e-01
3.206741e-01
3.207078e-01
3.207433e-01
3.208434e-01
3.209012e-01
3.209974e-01
3.210720e-01
3.211641e-01
3.212054e-01
3.213107e-01
3.213581e-01
3.214020e-01
3.214704e-01
3.214915e-01
3.215631e-01
3.216579e-01
3.217066e-01
3.218336e-01
3.218931e-01
3.219486e-01
3.219786e-01
3.220553e-01
3.221723e-01
3.222254e-01
3.222633e-01
3.223703e-01
3.224132e-01
3.225187e-01
3.225649e-01
3.226628e-01
3.226755e-01
3.227362e-01
3.228642e-01
3.228995e-01
3.229459e-01
3.229857e-01
3.230315e-01
3.230967e-01
3.231288e-01
3.231778e-01
3.232357e-01
3.233254e-01
3.234153e-01
3.234929e-01
3.235153e-01
3.235962e-01
3.236064e-01
3.236244e-01
3.237498e-01
3.237995e-01
3.238161e-01
3.239855e-01
3.239957e-01
3.241733e-01
3.242128e-01
3.242718e-01
3.243467e-01
3.244332e-01
3.244900e-01
3.245025e-01
3.245903e-01
3.246357e-01
3.246624e-01
3.247750e-01
3.248265e-01
3.249009e-01
3.249489e-01
3.249927e-01
3.250547e-01
3.251500e-01
3.252573e-01
3.252758e-01
3.253582e-01
3.253929e-01
3.254775e-01
3.255926e-01
3.256097e-01
3.257039e-01
3.257293e-01
3.258096e-01
3.258146e-01
3.258934e-01
3.259291e-01
3.259566e-01
3.261381e-01
3.261730e-01
3.262935e-01
3.263131e-01
3.263427e-01
3.264513e-01
3.264772e-01
3.265087e-01
3.265584e-01
3.266809e-01
3.267341e-01
3.268008e-01
3.268434e-01
3.269876e-01
3.270241e-01
3.271093e-01
3.271184e-01
3.271362e-01
3.272083e-01
3.272942e-01
3.274417e-01
3.275769e-01
3.275940e-01
3.276347e-01
3.277207e-01
3.277802e-01
3.278050e-01
3.278732e-01
3.279376e-01
3.279963e-01
3.280922e-01
3.281329e-01
3.282145e-01
3.282670e-01
3.283068e-01
3.283168e-01
3.284040e-01
3.285191e-01
3.285543e-01
3.286109e-01
3.286504e-01
3.287165e-01
3.288533e-01
3.288775e-01
3.289942e-01
3.290374e-01
3.291163e-01
3.291570e-01
3.291848e-01
3.293189e-01
3.293677e-01
3.293843e-01
3.294660e-01
3.295229e-01
3.295617e-01
3.296010e-01
3.297117e-01
3.297478e-01
3.298476e-01
3.298634e-01
3.299899e-01
3.300524e-01
3.301693e-01
3.301978e-01
3.302108e-01
3.303458e-01
3.303667e-01
3.304269e-01
3.305075e-01
3.305465e-01
3.305996e-01
3.306879e-01
3.307395e-01
3.308383e-01
3.309334e-01
3.309405e-01
3.310407e-01
3.310758e-01
3.311898e-01
3.312617e-01
3.313161e-01
3.313596e-01
3.314288e-01
3.315847e-01
3.316614e-01
3.317204e-01
3.317798e-01
3.318142e-01
3.318950e-01
3.319138e-01
3.320717e-01
3.321266e-01
3.321477e-01
3.321932e-01
3.322165e-01
3.322852e-01
3.323416e-01
3.324619e-01
3.324831e-01
3.325827e-01
3.326330e-01
3.327611e-01
3.327735e-01
3.327972e-01
3.329316e-01
3.330031e-01
3.330351e-01
3.331554e-01
3.332549e-01
3.333094e-01
3.333332e-01
3.334076e-01
3.335073e-01
3.335963e-01
3.336445e-01
3.336881e-01
3.337497e-01
3.338255e-01
3.339666e-01
3.339938e-01
3.340347e-01
3.341061e-01
3.341374e-01
3.341853e-01
3.342395e-01
3.343219e-01
3.343663e-01
3.344388e-01
3.345206e-01
3.345879e-01
3.346498e-01
3.347051e-01
3.347845e-01
3.348482e-01
3.348845e-01
3.349517e-01
3.350521e-01
3.351202e-01
3.352143e-01
3.352502e-01
3.353079e-01
3.353929e-01
3.354895e-01
3.355242e-01
3.355627e-01
3.355880e-01
3.357374e-01
3.358134e-01
3.358330e-01
3.358871e-01
3.360098e-01
3.360332e-01
3.360782e-01
3.362222e-01
3.362607e-01
3.363303e-01
3.363571e-01
3.363895e-01
3.364410e-01
3.364959e-01
3.365789e-01
3.366621e-01
3.367239e-01
3.368187e-01
3.369203e-01
3.369545e-01
3.369996e-01
3.370162e-01
3.371317e-01
3.371452e-01
3.372163e-01
3.372301e-01
3.373242e-01
3.373836e-01
3.374972e-01
3.375731e-01
3.376237e-01
3.378030e-01
3.378627e-01
3.379354e-01
3.379476e-01
3.380043e-01
3.380766e-01
3.381514e-01
3.381654e-01
3.383156e-01
3.383811e-01
3.384022e-01
3.384973e-01
3.385473e-01
3.386083e-01
3.387395e-01
3.388348e-01
3.389519e-01
3.389923e-01
3.390076e-01
3.390676e-01
3.391053e-01
3.392290e-01
3.392608e-01
3.393719e-01
3.394234e-01
3.394694e-01
3.395004e-01
3.395538e-01
3.396162e-01
3.396929e-01
3.397724e-01
3.397955e-01
3.398909e-01
3.399513e-01
3.400366e-01
3.401248e-01
3.401965e-01
3.402260e-01
3.403374e-01
3.403532e-01
3.404958e-01
3.405386e-01
3.405958e-01
3.406740e-01
3.407783e-01
3.408251e-01
3.408503e-01
3.408708e-01
3.409940e-01
3.411239e-01
3.411977e-01
3.412332e-01
3.412612e-01
3.413377e-01
3.414262e-01
3.414542e-01
3.414813e-01
3.416502e-01
3.416688e-01
3.417570e-01
3.418839e-01
3.419378e-01
3.419904e-01
3.420419e-01
3.420699e-01
3.421089e-01
3.422334e-01
3.423528e-01
3.423905e-01
3.424762e-01
3.425134e-01
3.425830e-01
3.426337e-01
3.427367e-01
3.428177e-01
3.429452e-01
3.430152e-01
3.430716e-01
3.431027e-01
3.431805e-01
3.432882e-01
3.433087e-01
3.433939e-01
3.434328e-01
3.434827e-01
3.435158e-01
3.436227e-01
3.436966e-01
3.437956e-01
3.438511e-01
3.439151e-01
3.440405e-01
3.441298e-01
3.441835e-01
3.442405e-01
3.443239e-01
3.443408e-01
3.444480e-01
3.444933e-01
3.445741e-01
3.446553e-01
3.447410e-01
3.448517e-01
3.449037e-01
3.449931e-01
3.450353e-01
3.450966e-01
3.451967e-01
3.452133e-01
3.453332e-01
3.453911e-01
3.454404e-01
3.455791e-01
3.455919e-01
3.457129e-01
3.457679e-01
3.457925e-01
3.458788e-01
3.459099e-01
3.459884e-01
3.460672e-01
3.461215e-01
3.462015e-01
3.463148e-01
3.464309e-01
3.464957e-01
3.465259e-01
3.465930e-01
3.466782e-01
3.467199e-01
3.467842e-01
3.469329e-01
3.469963e-01
3.470475e-01
3.470789e-01
3.471117e-01
3.471785e-01
3.472741e-01
3.474129e-01
3.474614e-01
3.475588e-01
3.476062e-01
3.477062e-01
3.477736e-01
3.478261e-01
3.478833e-01
3.479462e-01
3.479971e-01
3.481093e-01
3.482245e-01
3.483003e-01
3.483275e-01
3.484006e-01
3.484792e-01
3.485407e-01
3.485639e-01
3.486790e-01
3.487461e-01
3.488297e-01
3.488477e-01
3.489886e-01
3.490710e-01
3.490916e-01
3.491642e-01
3.491766e-01
3.492768e-01
3.493245e-01
3.494543e-01
3.495666e-01
3.495830e-01
3.496997e-01
3.497997e-01
3.498243e-01
3.499233e-01
3.499662e-01
3.501146e-01
3.502297e-01
3.502571e-01
3.503276e-01
3.503601e-01
3.504477e-01
3.505197e-01
3.506171e-01
3.506652e-01
3.507706e-01
3.508619e-01
3.509277e-01
3.509968e-01
3.511088e-01
3.511378e-01
3.512527e-01
3.513322e-01
3.514026e-01
3.514458e-01
3.514785e-01
3.515484e-01
3.516731e-01
3.517058e-01
3.517507e-01
3.517896e-01
3.518954e-01
3.520319e-01
3.520541e-01
3.521216e-01
3.522207e-01
3.522698e-01
3.523112e-01
3.523892e-01
3.525246e-01
3.525520e-01
3.526166e-01
3.526640e-01
3.527802e-01
3.528256e-01
3.529117e-01
3.530017e-01
3.530427e-01
3.530750e-01
3.531483e-01
3.532031e-01
3.533788e-01
3.534478e-01
3.535622e-01
3.536164e-01
3.537000e-01
3.537288e-01
3.537913e-01
3.538473e-01
3.538693e-01
3.540052e-01
3.541048e-01
3.542030e-01
3.542736e-01
3.543855e-01
3.543930e-01
3.545627e-01
3.546275e-01
3.546745e-01
3.547694e-01
3.548429e-01
3.548885e-01
3.549256e-01
3.550480e-01
3.551525e-01
3.552564e-01
3.552896e-01
3.553207e-01
3.554225e-01
3.554417e-01
3.555363e-01
3.555709e-01
3.556485e-01
3.557125e-01
3.557784e-01
3.558205e-01
3.559289e-01
3.560377e-01
3.560599e-01
3.561441e-01
3.561796e-01
3.562093e-01
3.562769e-01
3.563161e-01
3.563924e-01
3.565327e-01
3.565718e-01
3.566923e-01
3.568080e-01
3.568168e-01
3.569287e-01
3.569581e-01
3.570364e-01
3.571025e-01
3.572078e-01
3.572633e-01
3.573040e-01
3.573769e-01
3.574867e-01
3.574992e-01
3.576467e-01
3.576740e-01
3.577370e-01
3.578005e-01
3.578508e-01
3.579539e-01
3.579706e-01
3.580552e-01
3.580706e-01
3.581575e-01
3.582986e-01
3.583365e-01
3.584303e-01
3.584629e-01
3.585693e-01
3.586880e-01
3.587410e-01
3.588257e-01
3.588836e-01
3.589740e-01
3.590290e-01
3.592028e-01
3.592536e-01
3.593528e-01
3.594092e-01
3.594499e-01
3.595591e-01
3.596295e-01
3.596927e-01
3.597896e-01
3.598324e-01
3.600011e-01
3.600407e-01
3.601135e-01
3.601562e-01
3.602012e-01
3.602649e-01
3.603572e-01
3.604959e-01
3.605166e-01
3.605716e-01
3.606592e-01
3.607550e-01
3.607779e-01
3.608458e-01
3.609218e-01
3.610096e-01
3.610470e-01
3.611746e-01
3.612262e-01
3.613363e-01
3.613683e-01
3.614795e-01
3.615760e-01
3.616728e-01
3.616915e-01
3.617178e-01
3.618807e-01
3.619438e-01
3.620082e-01
3.620821e-01
3.621732e-01
3.622721e-01
3.622980e-01
3.623404e-01
3.624281e-01
3.624728e-01
3.625876e-01
3.626775e-01
3.626935e-01
3.627349e-01
3.628396e-01
3.629904e-01
3.630044e-01
3.630914e-01
3.631372e-01
3.631608e-01
3.632975e-01
3.633504e-01
3.634449e-01
3.635244e-01
3.635323e-01
3.636677e-01
3.637980e-01
3.638468e-01
3.638747e-01
3.638926e-01
3.640777e-01
3.641088e-01
3.641578e-01
3.642512e-01
3.643139e-01
3.643775e-01
3.644876e-01
3.645973e-01
3.646891e-01
3.647675e-01
3.648486e-01
3.648924e-01
3.649857e-01
3.650771e-01
3.651240e-01
3.651932e-01
3.652508e-01
3.652982e-01
3.653243e-01
3.654074e-01
3.654669e-01
3.655684e-01
3.657012e-01
3.658121e-01
3.658286e-01
3.659207e-01
3.660455e-01
3.660665e-01
3.661474e-01
3.662769e-01
3.663104e-01
3.663727e-01
3.664507e-01
3.666051e-01
3.666755e-01
3.667508e-01
3.668430e-01
3.668973e-01
3.669648e-01
3.670379e-01
3.672227e-01
3.672920e-01
3.673134e-01
3.674740e-01
3.674850e-01
3.675385e-01
3.676326e-01
3.677118e-01
3.678051e-01
3.678492e-01
3.679233e-01
3.679590e-01
3.681369e-01
3.682574e-01
3.682784e-01
3.683290e-01
3.684017e-01
3.684593e-01
3.685727e-01
3.686252e-01
3.686750e-01
3.687599e-01
3.688548e-01
3.689353e-01
3.689832e-01
3.691467e-01
3.692207e-01
3.692724e-01
3.693420e-01
3.694100e-01
3.694695e-01
3.694974e-01
3.695506e-01
3.696942e-01
3.697056e-01
3.698037e-01
3.698574e-01
3.699580e-01
3.700755e-01
3.700867e-01
3.701584e-01
3.702839e-01
3.703620e-01
3.703909e-01
3.704541e-01
3.705648e-01
3.706722e-01
3.707882e-01
3.708435e-01
3.709558e-01
3.710215e-01
3.711020e-01
3.711897e-01
3.712494e-01
3.713731e-01
3.714608e-01
3.714801e-01
3.715576e-01
3.715905e-01
3.716338e-01
3.717793e-01
3.718329e-01
3.719553e-01
3.721048e-01
3.721707e-01
3.722412e-01
3.722645e-01
3.724310e-01
3.724848e-01
3.725417e-01
3.726211e-01
3.726536e-01
3.727117e-01
3.727828e-01
3.729802e-01
3.730314e-01
3.730885e-01
3.730961e-01
3.732694e-01
3.733136e-01
3.734068e-01
3.735353e-01
3.736300e-01
3.736862e-01
3.737053e-01
3.738384e-01
3.738796e-01
3.740732e-01
3.741522e-01
3.741631e-01
3.742258e-01
3.743079e-01
3.743294e-01
3.745500e-01
3.746182e-01
3.746573e-01
3.747700e-01
3.748235e-01
3.748420e-01
3.749261e-01
3.749739e-01
3.751332e-01
3.752039e-01
3.753097e-01
3.753816e-01
3.755137e-01
3.755488e-01
3.756135e-01
3.756872e-01
3.757791e-01
3.758201e-01
3.758456e-01
3.759425e-01
3.760509e-01
3.761396e-01
3.762540e-01
3.762803e-01
3.762976e-01
3.764349e-01
3.765097e-01
3.766585e-01
3.767284e-01
3.767352e-01
3.768303e-01
3.769741e-01
3.770047e-01
3.770935e-01
3.771402e-01
3.772041e-01
3.772494e-01
3.774157e-01
3.774427e-01
3.775969e-01
3.776184e-01
3.776832e-01
3.778366e-01
3.778904e-01
3.779919e-01
3.780667e-01
3.781457e-01
3.782012e-01
3.783155e-01
3.784503e-01
3.784661e-01
3.785388e-01
3.785739e-01
3.786442e-01
3.787365e-01
3.788356e-01
3.789313e-01
3.789570e-01
3.791230e-01
3.791632e-01
3.793521e-01
3.793754e-01
3.794349e-01
3.795406e-01
3.795661e-01
3.797625e-01
3.798318e-01
3.799179e-01
3.799916e-01
3.800366e-01
3.801280e-01
3.802040e-01
3.803060e-01
3.803364e-01
3.804107e-01
3.805495e-01
3.806479e-01
3.807117e-01
3.807357e-01
3.807934e-01
3.808728e-01
3.809292e-01
3.810293e-01
3.810803e-01
3.813290e-01
3.813335e-01
3.814056e-01
3.814328e-01
3.815698e-01
3.816063e-01
3.818794e-01
3.819367e-01
3.819682e-01
3.820802e-01
3.821474e-01
3.822178e-01
3.822442e-01
3.823513e-01
3.824701e-01
3.825022e-01
3.825284e-01
3.825647e-01
3.826861e-01
3.829236e-01
3.829323e-01
3.829831e-01
3.830768e-01
3.831220e-01
3.832089e-01
3.832353e-01
3.833379e-01
3.834431e-01
3.834937e-01
3.836238e-01
3.837992e-01
3.838346e-01
3.839699e-01
3.839778e-01
3.841212e-01
3.841569e-01
3.842316e-01
3.844166e-01
3.844910e-01
3.845661e-01
3.846147e-01
3.847871e-01
3.848338e-01
3.848631e-01
3.848869e-01
3.850439e-01
3.851394e-01
3.852201e-01
3.852949e-01
3.853721e-01
3.855464e-01
3.856303e-01
3.856485e-01
3.857803e-01
3.858098e-01
3.859272e-01
3.859495e-01
3.860043e-01
3.860949e-01
3.861779e-01
3.861888e-01
3.862651e-01
3.864836e-01
3.865873e-01
3.866282e-01
3.867032e-01
3.867838e-01
3.868615e-01
3.868892e-01
3.870273e-01
3.871575e-01
3.872338e-01
3.873115e-01
3.874913e-01
3.875917e-01
3.876134e-01
3.877256e-01
3.878711e-01
3.879467e-01
3.880403e-01
3.880670e-01
3.882007e-01
3.882279e-01
3.882510e-01
3.883024e-01
3.884226e-01
3.885537e-01
3.886400e-01
3.886806e-01
3.887703e-01
3.888552e-01
3.888749e-01
3.889172e-01
3.891241e-01
3.891861e-01
3.893216e-01
3.893609e-01
3.894627e-01
3.895707e-01
3.896527e-01
3.896748e-01
3.898119e-01
3.898844e-01
3.899155e-01
3.900912e-01
3.901534e-01
3.901988e-01
3.903007e-01
3.903610e-01
3.904234e-01
3.904838e-01
3.907244e-01
3.907699e-01
3.908793e-01
3.909713e-01
3.910746e-01
3.911504e-01
3.912903e-01
3.913635e-01
3.915037e-01
3.915818e-01
3.916138e-01
3.917131e-01
3.918572e-01
3.918982e-01
3.919655e-01
3.920883e-01
3.921775e-01
3.922029e-01
3.922547e-01
3.924501e-01
3.925528e-01
3.926185e-01
3.926503e-01
3.927453e-01
3.928014e-01
3.929053e-01
3.930500e-01
3.931691e-01
3.932139e-01
3.933614e-01
3.933802e-01
3.934970e-01
3.935110e-01
3.936713e-01
3.937393e-01
3.937995e-01
3.939034e-01
3.940481e-01
3.941927e-01
3.942184e-01
3.942408e-01
3.943166e-01
3.943725e-01
3.945912e-01
3.946498e-01
3.947293e-01
3.948318e-01
3.949142e-01
3.949720e-01
3.950780e-01
3.952316e-01
3.954186e-01
3.955331e-01
3.956018e-01
3.957021e-01
3.958034e-01
3.958155e-01
3.958816e-01
3.959938e-01
3.961142e-01
3.962300e-01
3.962777e-01
3.963387e-01
3.964454e-01
3.965662e-01
3.966639e-01
3.966877e-01
3.968951e-01
3.969933e-01
3.971376e-01
3.971474e-01
3.972121e-01
3.973408e-01
3.974009e-01
3.975239e-01
3.975911e-01
3.977728e-01
3.978600e-01
3.979830e-01
3.980695e-01
3.981092e-01
3.981680e-01
3.981934e-01
3.983495e-01
3.984617e-01
3.985390e-01
3.986266e-01
3.986715e-01
3.988546e-01
3.989413e-01
3.989733e-01
3.990191e-01
3.991065e-01
3.991883e-01
3.992739e-01
3.993716e-01
3.994702e-01
3.996100e-01
3.997098e-01
3.997541e-01
3.998680e-01
3.999067e-01
4.000346e-01
4.000973e-01
4.002080e-01
4.003301e-01
4.004766e-01
4.005718e-01
4.007026e-01
4.007677e-01
4.008311e-01
4.009100e-01
4.011015e-01
4.011895e-01
4.012309e-01
4.012841e-01
4.014485e-01
4.016030e-01
4.016722e-01
4.017199e-01
4.018235e-01
4.018902e-01
4.020188e-01
4.021004e-01
4.021756e-01
4.022773e-01
4.023875e-01
4.023933e-01
4.025813e-01
4.026026e-01
4.026815e-01
4.027696e-01
4.029032e-01
4.030000e-01
4.030436e-01
4.031376e-01
4.032101e-01
4.034470e-01
4.034860e-01
4.035098e-01
4.036057e-01
4.037138e-01
4.037376e-01
4.038096e-01
4.038852e-01
4.039535e-01
4.040146e-01
4.041050e-01
4.042015e-01
4.042789e-01
4.043961e-01
4.044879e-01
4.045880e-01
4.047545e-01
4.048837e-01
4.049572e-01
4.049929e-01
4.050827e-01
4.051852e-01
4.053050e-01
4.053849e-01
4.054060e-01
4.055151e-01
4.056239e-01
4.057121e-01
4.057483e-01
4.057736e-01
4.058728e-01
4.059209e-01
4.059833e-01
4.062110e-01
4.062907e-01
4.063467e-01
4.064176e-01
4.064480e-01
4.064970e-01
4.065908e-01
4.067274e-01
4.067473e-01
4.068437e-01
4.070173e-01
4.071036e-01
4.071877e-01
4.073165e-01
4.074094e-01
4.074284e-01
4.075976e-01
4.076279e-01
4.078380e-01
4.078888e-01
4.079723e-01
4.080775e-01
4.081747e-01
4.082238e-01
4.083070e-01
4.084082e-01
4.086039e-01
4.086606e-01
4.087180e-01
4.088148e-01
4.088440e-01
4.090138e-01
4.091554e-01
4.092452e-01
4.093602e-01
4.094003e-01
4.095627e-01
4.095833e-01
4.096200e-01
4.097686e-01
4.098209e-01
4.099171e-01
4.099470e-01
4.100438e-01
4.101931e-01
4.102930e-01
4.103380e-01
4.105498e-01
4.106802e-01
4.107366e-01
4.108783e-01
4.109437e-01
4.110155e-01
4.110777e-01
4.111915e-01
4.112549e-01
4.113765e-01
4.114151e-01
4.115354e-01
4.115958e-01
4.116740e-01
4.117525e-01
4.118252e-01
4.120613e-01
4.121570e-01
4.122766e-01
4.123159e-01
4.124478e-01
4.125375e-01
4.127458e-01
4.127791e-01
4.128781e-01
4.129045e-01
4.129972e-01
4.132318e-01
4.132675e-01
4.133147e-01
4.134074e-01
4.135549e-01
4.136710e-01
4.136938e-01
4.137522e-01
4.138088e-01
4.139062e-01
4.139725e-01
4.141573e-01
4.142099e-01
4.143412e-01
4.145420e-01
4.146012e-01
4.146690e-01
4.147465e-01
4.147795e-01
4.149068e-01
4.149779e-01
4.150031e-01
4.152821e-01
4.154359e-01
4.155972e-01
4.156718e-01
4.157912e-01
4.158656e-01
4.160482e-01
4.161226e-01
4.162162e-01
4.162750e-01
4.163910e-01
4.164414e-01
4.164673e-01
4.166129e-01
4.166678e-01
4.168424e-01
4.169578e-01
4.170871e-01
4.171674e-01
4.172738e-01
4.173296e-01
4.174059e-01
4.176392e-01
4.177566e-01
4.178199e-01
4.178666e-01
4.178827e-01
4.179958e-01
4.181044e-01
4.181273e-01
4.183293e-01
4.183530e-01
4.185069e-01
4.186214e-01
4.186471e-01
4.188316e-01
4.189020e-01
4.190138e-01
4.190703e-01
4.192015e-01
4.192451e-01
4.193186e-01
4.194761e-01
4.196240e-01
4.196732e-01
4.197639e-01
4.198615e-01
4.199722e-01
4.202015e-01
4.202816e-01
4.203301e-01
4.204450e-01
4.205211e-01
4.205884e-01
4.207300e-01
4.208951e-01
4.210389e-01
4.210445e-01
4.212845e-01
4.214412e-01
4.215452e-01
4.216197e-01
4.216847e-01
4.217192e-01
4.217996e-01
4.219025e-01
4.220367e-01
4.221022e-01
4.222091e-01
4.223792e-01
4.224988e-01
4.225369e-01
4.226912e-01
4.227498e-01
4.228832e-01
4.230059e-01
4.231014e-01
4.231801e-01
4.232780e-01
4.234933e-01
4.235618e-01
4.236278e-01
4.236309e-01
4.236988e-01
4.238824e-01
4.240241e-01
4.241218e-01
4.242548e-01
4.243223e-01
4.244515e-01
4.245329e-01
4.246520e-01
4.247433e-01
4.247620e-01
4.248893e-01
4.250250e-01
4.252151e-01
4.253358e-01
4.253976e-01
4.255359e-01
4.256667e-01
4.257348e-01
4.257892e-01
4.259390e-01
4.260267e-01
4.260772e-01
4.261588e-01
4.262751e-01
4.263005e-01
4.264417e-01
4.265332e-01
4.267850e-01
4.268886e-01
4.269290e-01
4.269616e-01
4.270385e-01
4.271604e-01
4.273424e-01
4.274923e-01
4.275197e-01
4.277110e-01
4.277577e-01
4.278375e-01
4.279565e-01
4.280367e-01
4.280663e-01
4.281226e-01
4.282403e-01
4.285554e-01
4.286056e-01
4.286257e-01
4.287315e-01
4.288402e-01
4.288451e-01
4.290355e-01
4.291643e-01
4.292974e-01
4.293698e-01
4.295406e-01
4.296531e-01
4.298511e-01
4.298803e-01
4.299459e-01
4.301568e-01
4.302906e-01
4.304565e-01
4.305126e-01
4.305665e-01
4.306623e-01
4.307608e-01
4.308038e-01
4.308743e-01
4.309890e-01
4.311800e-01
4.313173e-01
4.314348e-01
4.316038e-01
4.316187e-01
4.316927e-01
4.317372e-01
4.319654e-01
4.321652e-01
4.322844e-01
4.323511e-01
4.324188e-01
4.324775e-01
4.326003e-01
4.327455e-01
4.327854e-01
4.328846e-01
4.331685e-01
4.332639e-01
4.333639e-01
4.334705e-01
4.335181e-01
4.337216e-01
4.338250e-01
4.338958e-01
4.339689e-01
4.340315e-01
4.342362e-01
4.343285e-01
4.343697e-01
4.344935e-01
4.345317e-01
4.346002e-01
4.347690e-01
4.348636e-01
4.350577e-01
4.351614e-01
4.352382e-01
4.352967e-01
4.354121e-01
4.354715e-01
4.355666e-01
4.356472e-01
4.357934e-01
4.358710e-01
4.359302e-01
4.359944e-01
4.360885e-01
4.361151e-01
4.361987e-01
4.363621e-01
4.364185e-01
4.365350e-01
4.366208e-01
4.367759e-01
4.369439e-01
4.371756e-01
4.372860e-01
4.374099e-01
4.375160e-01
4.375277e-01
4.376622e-01
4.379158e-01
4.379938e-01
4.380648e-01
4.381482e-01
4.383060e-01
4.383599e-01
4.384196e-01
4.385502e-01
4.387062e-01
4.388264e-01
4.388660e-01
4.389733e-01
4.390821e-01
4.393271e-01
4.394930e-01
4.395095e-01
4.396961e-01
4.397464e-01
4.398833e-01
4.400272e-01
4.400616e-01
4.402477e-01
4.403002e-01
4.403762e-01
4.403846e-01
4.406328e-01
4.407331e-01
4.408717e-01
4.410146e-01
4.411237e-01
4.411532e-01
4.412687e-01
4.414601e-01
4.415235e-01
4.415993e-01
4.417058e-01
4.418773e-01
4.419871e-01
4.420548e-01
4.421663e-01
4.422931e-01
4.424134e-01
4.426418e-01
4.427414e-01
4.427830e-01
4.428766e-01
4.429900e-01
4.431959e-01
4.433074e-01
4.434542e-01
4.434573e-01
4.436348e-01
4.438477e-01
4.439278e-01
4.440632e-01
4.441005e-01
4.442250e-01
4.443668e-01
4.444350e-01
4.444545e-01
4.446562e-01
4.447799e-01
4.450305e-01
4.450708e-01
4.451075e-01
4.452527e-01
4.453149e-01
4.453276e-01
4.454384e-01
4.455884e-01
4.457202e-01
4.457978e-01
4.458888e-01
4.460210e-01
4.461513e-01
4.463326e-01
4.463933e-01
4.464382e-01
4.464759e-01
4.465990e-01
4.466411e-01
4.467881e-01
4.469349e-01
4.470593e-01
4.470972e-01
4.473911e-01
4.474563e-01
4.475427e-01
4.476933e-01
4.478032e-01
4.479980e-01
4.480496e-01
4.482094e-01
4.483732e-01
4.484720e-01
4.486412e-01
4.487936e-01
4.488218e-01
4.489009e-01
4.491268e-01
4.492058e-01
4.494910e-01
4.495493e-01
4.495739e-01
4.497363e-01
4.498059e-01
4.498591e-01
4.499003e-01
4.499731e-01
4.500743e-01
4.502589e-01
4.503489e-01
4.504703e-01
4.505848e-01
4.506790e-01
4.508333e-01
4.509230e-01
4.511165e-01
4.512465e-01
4.513474e-01
4.515160e-01
4.515789e-01
4.516515e-01
4.518449e-01
4.519648e-01
4.520715e-01
4.521665e-01
4.522905e-01
4.524387e-01
4.526997e-01
4.528451e-01
4.529099e-01
4.531700e-01
4.532108e-01
4.533928e-01
4.534466e-01
4.534957e-01
4.535978e-01
4.536548e-01
4.538451e-01
4.539636e-01
4.540367e-01
4.540747e-01
4.542573e-01
4.543919e-01
4.544188e-01
4.545615e-01
4.546272e-01
4.548356e-01
4.549119e-01
4.550324e-01
4.551482e-01
4.553351e-01
4.555168e-01
4.556849e-01
4.557243e-01
4.557938e-01
4.558856e-01
4.561514e-01
4.562116e-01
4.562714e-01
4.564769e-01
4.565430e-01
4.567839e-01
4.568329e-01
4.569468e-01
4.571318e-01
4.572975e-01
4.573465e-01
4.574604e-01
4.575336e-01
4.578466e-01
4.579840e-01
4.581002e-01
4.581809e-01
4.583652e-01
4.584774e-01
4.585898e-01
4.587641e-01
4.589852e-01
4.590588e-01
4.591276e-01
4.592922e-01
4.593865e-01
4.596845e-01
4.597029e-01
4.598070e-01
4.599754e-01
4.601022e-01
4.601469e-01
4.603545e-01
4.604816e-01
4.605944e-01
4.606365e-01
4.608253e-01
4.608840e-01
4.609573e-01
4.610662e-01
4.611840e-01
4.612377e-01
4.615330e-01
4.617217e-01
4.617977e-01
4.619084e-01
4.620160e-01
4.620889e-01
4.623403e-01
4.624841e-01
4.625422e-01
4.626556e-01
4.627865e-01
4.628799e-01
4.629588e-01
4.630583e-01
4.631516e-01
4.633878e-01
4.634841e-01
4.635911e-01
4.637903e-01
4.639221e-01
4.641218e-01
4.641960e-01
4.642478e-01
4.642876e-01
4.644672e-01
4.645957e-01
4.646933e-01
4.647981e-01
4.650024e-01
4.650130e-01
4.651540e-01
4.652836e-01
4.654300e-01
4.655274e-01
4.657061e-01
4.657307e-01
4.659340e-01
4.660145e-01
4.660655e-01
4.661748e-01
4.663423e-01
4.664939e-01
4.666019e-01
4.668109e-01
4.669459e-01
4.670835e-01
4.671497e-01
4.672291e-01
4.673706e-01
4.674804e-01
4.676613e-01
4.678762e-01
4.679313e-01
4.681002e-01
4.682086e-01
4.682988e-01
4.684993e-01
4.685743e-01
4.687473e-01
4.689112e-01
4.689730e-01
4.691433e-01
4.694867e-01
4.696088e-01
4.697020e-01
4.698456e-01
4.699592e-01
4.700863e-01
4.701876e-01
4.703426e-01
4.704597e-01
4.705756e-01
4.707089e-01
4.708534e-01
4.708641e-01
4.710234e-01
4.710878e-01
4.712794e-01
4.713722e-01
4.714638e-01
4.715627e-01
4.717914e-01
4.719581e-01
4.721274e-01
4.722256e-01
4.725529e-01
4.726318e-01
4.727514e-01
4.728217e-01
4.729964e-01
4.731892e-01
4.732216e-01
4.733111e-01
4.734379e-01
4.735457e-01
4.737818e-01
4.738648e-01
4.739441e-01
4.742637e-01
4.743598e-01
4.744235e-01
4.745748e-01
4.746882e-01
4.747873e-01
4.749307e-01
4.750435e-01
4.750847e-01
4.753460e-01
4.754688e-01
4.755498e-01
4.756609e-01
4.757279e-01
4.759099e-01
4.761075e-01
4.761843e-01
4.763641e-01
4.764387e-01
4.767394e-01
4.768600e-01
4.769266e-01
4.770835e-01
4.771155e-01
4.771654e-01
4.773662e-01
4.774235e-01
4.775105e-01
4.776968e-01
4.779760e-01
4.780482e-01
4.781701e-01
4.782788e-01
4.784158e-01
4.785473e-01
4.786441e-01
4.787784e-01
4.788314e-01
4.791247e-01
4.791679e-01
4.792297e-01
4.793752e-01
4.797180e-01
4.798204e-01
4.799351e-01
4.800488e-01
4.802756e-01
4.804383e-01
4.805721e-01
4.807739e-01
4.810688e-01
4.811494e-01
4.812292e-01
4.813297e-01
4.816018e-01
4.816817e-01
4.819333e-01
4.819588e-01
4.820635e-01
4.824041e-01
4.824980e-01
4.826819e-01
4.828564e-01
4.829779e-01
4.830472e-01
4.830872e-01
4.833067e-01
4.833239e-01
4.835457e-01
4.836695e-01
4.837990e-01
4.839668e-01
4.841654e-01
4.842534e-01
4.844410e-01
4.845764e-01
4.846396e-01
4.847433e-01
4.849992e-01
4.850454e-01
4.853176e-01
4.855382e-01
4.856413e-01
4.858229e-01
4.859465e-01
4.862396e-01
4.863256e-01
4.864143e-01
4.866158e-01
4.867865e-01
4.868534e-01
4.868768e-01
4.870920e-01
4.871946e-01
4.873011e-01
4.874713e-01
4.875233e-01
4.876418e-01
4.878212e-01
4.881369e-01
4.883173e-01
4.885942e-01
4.886091e-01
4.886577e-01
4.887380e-01
4.890331e-01
4.891827e-01
4.893010e-01
4.893300e-01
4.894470e-01
4.896124e-01
4.897440e-01
4.898312e-01
4.899746e-01
4.900665e-01
4.902229e-01
4.903639e-01
4.904619e-01
4.905278e-01
4.906557e-01
4.909204e-01
4.909710e-01
4.910394e-01
4.913104e-01
4.915391e-01
4.917649e-01
4.918544e-01
4.918727e-01
4.921040e-01
4.922377e-01
4.923086e-01
4.924593e-01
4.924849e-01
4.927973e-01
4.928682e-01
4.930294e-01
4.932646e-01
4.933326e-01
4.934802e-01
4.936623e-01
4.938069e-01
4.938257e-01
4.938549e-01
4.939711e-01
4.942054e-01
4.944410e-01
4.945803e-01
4.946987e-01
4.947762e-01
4.949026e-01
4.949924e-01
4.950800e-01
4.953094e-01
4.954310e-01
4.955715e-01
4.957840e-01
4.958960e-01
4.961577e-01
4.963005e-01
4.964016e-01
4.965392e-01
4.965972e-01
4.968832e-01
4.969115e-01
4.970522e-01
4.971233e-01
4.972551e-01
4.974389e-01
4.975618e-01
4.976980e-01
4.978939e-01
4.980373e-01
4.980727e-01
4.983047e-01
4.983546e-01
4.986181e-01
4.987115e-01
4.988114e-01
4.990694e-01
4.991897e-01
4.993945e-01
4.994310e-01
4.994680e-01
4.996917e-01
4.998277e-01
5.000063e-01
5.000547e-01
5.002824e-01
5.004070e-01
5.005654e-01
5.007390e-01
5.008497e-01
5.011219e-01
5.013034e-01
5.014569e-01
5.017879e-01
5.018886e-01
5.019844e-01
5.020697e-01
5.022538e-01
5.022865e-01
5.024853e-01
5.025377e-01
5.027381e-01
5.029111e-01
5.030979e-01
5.033412e-01
5.033973e-01
5.035157e-01
5.036324e-01
5.040061e-01
5.040764e-01
5.042635e-01
5.042754e-01
5.044838e-01
5.047671e-01
5.049518e-01
5.050534e-01
5.051826e-01
5.054861e-01
5.055429e-01
5.057722e-01
5.059388e-01
5.061347e-01
5.062895e-01
5.063497e-01
5.065471e-01
5.068279e-01
5.070171e-01
5.070647e-01
5.071522e-01
5.072486e-01
5.074501e-01
5.075689e-01
5.078645e-01
5.081170e-01
5.082062e-01
5.082512e-01
5.084305e-01
5.085745e-01
5.086695e-01
5.087543e-01
5.088631e-01
5.091206e-01
5.092417e-01
5.093580e-01
5.095016e-01
5.098165e-01
5.099049e-01
5.102374e-01
5.103519e-01
5.106055e-01
5.106764e-01
5.107487e-01
5.108839e-01
5.109872e-01
5.111311e-01
5.111886e-01
5.114223e-01
5.115168e-01
5.118523e-01
5.119727e-01
5.121078e-01
5.121384e-01
5.122334e-01
5.124736e-01
5.125073e-01
5.127923e-01
5.129338e-01
5.131077e-01
5.132188e-01
5.133578e-01
5.135624e-01
5.137703e-01
5.140112e-01
5.142070e-01
5.143426e-01
5.143978e-01
5.148763e-01
5.149749e-01
5.151966e-01
5.152851e-01
5.154559e-01
5.154989e-01
5.156743e-01
5.158717e-01
5.159104e-01
5.162912e-01
5.164455e-01
5.165437e-01
5.166211e-01
5.168505e-01
5.169550e-01
5.173377e-01
5.176254e-01
5.176859e-01
5.178222e-01
5.179156e-01
5.181704e-01
5.182622e-01
5.183698e-01
5.184677e-01
5.187602e-01
5.189249e-01
5.189888e-01
5.190835e-01
5.191826e-01
5.193967e-01
5.196394e-01
5.198283e-01
5.200234e-01
5.201913e-01
5.202201e-01
5.205425e-01
5.207542e-01
5.208800e-01
5.211009e-01
5.212649e-01
5.214355e-01
5.215931e-01
5.216801e-01
5.218437e-01
5.219991e-01
5.223376e-01
5.225421e-01
5.226457e-01
5.227513e-01
5.230204e-01
5.232099e-01
5.233176e-01
5.234173e-01
5.236390e-01
5.238117e-01
5.239634e-01
5.240631e-01
5.241636e-01
5.243944e-01
5.244372e-01
5.246072e-01
5.248127e-01
5.248916e-01
5.251361e-01
5.253124e-01
5.254318e-01
5.256707e-01
5.257586e-01
5.258458e-01
5.262190e-01
5.264438e-01
5.265652e-01
5.267372e-01
5.269181e-01
5.269608e-01
5.273005e-01
5.277846e-01
5.280466e-01
5.281047e-01
5.283538e-01
5.285712e-01
5.288058e-01
5.288929e-01
5.290031e-01
5.292680e-01
5.293004e-01
5.296573e-01
5.300217e-01
5.300752e-01
5.301461e-01
5.303824e-01
5.304877e-01
5.308068e-01
5.309338e-01
5.312574e-01
5.314732e-01
5.315260e-01
5.318433e-01
5.320979e-01
5.322673e-01
5.325031e-01
5.328510e-01
5.331298e-01
5.332837e-01
5.333253e-01
5.335860e-01
5.337614e-01
5.340190e-01
5.342323e-01
5.343211e-01
5.344366e-01
5.348170e-01
5.349994e-01
5.350445e-01
5.353663e-01
5.354857e-01
5.357496e-01
5.359030e-01
5.361791e-01
5.363274e-01
5.363507e-01
5.364696e-01
5.368426e-01
5.369396e-01
5.370919e-01
5.373664e-01
5.376878e-01
5.377857e-01
5.382395e-01
5.382890e-01
5.384452e-01
5.386814e-01
5.389345e-01
5.390625e-01
5.394503e-01
5.394894e-01
5.396497e-01
5.398951e-01
5.399901e-01
5.401812e-01
5.402402e-01
5.405600e-01
5.407230e-01
5.409900e-01
5.412696e-01
5.415050e-01
5.416960e-01
5.418260e-01
5.421394e-01
5.423601e-01
5.424815e-01
5.427274e-01
5.428389e-01
5.431725e-01
5.434126e-01
5.435845e-01
5.437909e-01
5.438954e-01
5.441280e-01
5.442913e-01
5.446388e-01
5.448845e-01
5.450507e-01
5.453374e-01
5.457648e-01
5.459716e-01
5.460326e-01
5.462230e-01
5.462597e-01
5.465407e-01
5.467065e-01
5.469201e-01
5.470989e-01
5.472599e-01
5.474501e-01
5.477816e-01
5.478714e-01
5.480152e-01
5.480503e-01
5.481022e-01
5.483253e-01
5.486691e-01
5.487596e-01
5.489642e-01
5.491402e-01
5.496960e-01
5.499008e-01
5.500185e-01
5.501857e-01
5.505034e-01
5.507708e-01
5.508334e-01
5.510654e-01
5.512848e-01
5.513430e-01
5.515700e-01
5.516849e-01
5.519228e-01
5.521270e-01
5.523516e-01
5.525645e-01
5.528220e-01
5.529544e-01
5.530626e-01
5.533495e-01
5.533854e-01
5.534220e-01
5.538988e-01
5.539924e-01
5.542466e-01
5.545830e-01
5.546272e-01
5.546524e-01
5.548741e-01
5.549876e-01
5.552149e-01
5.553901e-01
5.556505e-01
5.557049e-01
5.560912e-01
5.564620e-01
5.567493e-01
5.567983e-01
5.568729e-01
5.570575e-01
5.572224e-01
5.574577e-01
5.576396e-01
5.577455e-01
5.580353e-01
5.581732e-01
5.582856e-01
5.583962e-01
5.587056e-01
5.589127e-01
5.589485e-01
5.591246e-01
5.592263e-01
5.593755e-01
5.594301e-01
5.595560e-01
5.597031e-01
5.599407e-01
5.602319e-01
5.603948e-01
5.607874e-01
5.608516e-01
5.612631e-01
5.614464e-01
5.618934e-01
5.621750e-01
5.623977e-01
5.626453e-01
5.627999e-01
5.633328e-01
5.636494e-01
5.636747e-01
5.642064e-01
5.642350e-01
5.645269e-01
5.646325e-01
5.648747e-01
5.649377e-01
5.651783e-01
5.654691e-01
5.658735e-01
5.660058e-01
5.660769e-01
5.663323e-01
5.664455e-01
5.670102e-01
5.672564e-01
5.673464e-01
5.674533e-01
5.678184e-01
5.679985e-01
5.683329e-01
5.685553e-01
5.688998e-01
5.689846e-01
5.690402e-01
5.694008e-01
5.698110e-01
5.699931e-01
5.701960e-01
5.703114e-01
5.706349e-01
5.710648e-01
5.711584e-01
5.716239e-01
5.717986e-01
5.720495e-01
5.722605e-01
5.727342e-01
5.727596e-01
5.730472e-01
5.733892e-01
5.735314e-01
5.737498e-01
5.739018e-01
5.741071e-01
5.742223e-01
5.744301e-01
5.745696e-01
5.752786e-01
5.755005e-01
5.755970e-01
5.756162e-01
5.761286e-01
5.761751e-01
5.767442e-01
5.769666e-01
5.772065e-01
5.777757e-01
5.778406e-01
5.779495e-01
5.782190e-01
5.784029e-01
5.786084e-01
5.788018e-01
5.791207e-01
5.792946e-01
5.795202e-01
5.797601e-01
5.800478e-01
5.803093e-01
5.807447e-01
5.808134e-01
5.809785e-01
5.810935e-01
5.811651e-01
5.814551e-01
5.815415e-01
5.817463e-01
5.819796e-01
5.824484e-01
5.828131e-01
5.831022e-01
5.834319e-01
5.836429e-01
5.837187e-01
5.838533e-01
5.841100e-01
5.843482e-01
5.845336e-01
5.847547e-01
5.849522e-01
5.851549e-01
5.852098e-01
5.857321e-01
5.861570e-01
5.862691e-01
5.864261e-01
5.865542e-01
5.867823e-01
5.873412e-01
5.874202e-01
5.875385e-01
5.880651e-01
5.885057e-01
5.889640e-01
5.891745e-01
5.895837e-01
5.898198e-01
5.899241e-01
5.900680e-01
5.901842e-01
5.902440e-01
5.907129e-01
5.907761e-01
5.912925e-01
5.915688e-01
5.919298e-01
5.922358e-01
5.924928e-01
5.926375e-01
5.930895e-01
5.932128e-01
5.932999e-01
5.936837e-01
5.939851e-01
5.940802e-01
5.944316e-01
5.947887e-01
5.951765e-01
5.955845e-01
5.957499e-01
5.959113e-01
5.964148e-01
5.964772e-01
5.967363e-01
5.968796e-01
5.970023e-01
5.972044e-01
5.974423e-01
5.975227e-01
5.978547e-01
5.980954e-01
5.981991e-01
5.984948e-01
5.985838e-01
5.988285e-01
5.993179e-01
5.994829e-01
5.996175e-01
5.997309e-01
6.000508e-01
6.002999e-01
6.007240e-01
6.008693e-01
6.008804e-01
6.010780e-01
6.014660e-01
6.016056e-01
6.018182e-01
6.018606e-01
6.021153e-01
6.025334e-01
6.027291e-01
6.028153e-01
6.036638e-01
6.037277e-01
6.037682e-01
6.038001e-01
6.040386e-01
6.042428e-01
6.043318e-01
6.043906e-01
6.048083e-01
6.051371e-01
6.053337e-01
6.054725e-01
6.061498e-01
6.064411e-01
6.066652e-01
6.067164e-01
6.070645e-01
6.071157e-01
6.072590e-01
6.073791e-01
6.081146e-01
6.083677e-01
6.087792e-01
6.093472e-01
6.095067e-01
6.096316e-01
6.096835e-01
6.100900e-01
6.104079e-01
6.106367e-01
6.112211e-01
6.114697e-01
6.116093e-01
6.116331e-01
6.120275e-01
6.122533e-01
6.122924e-01
6.125866e-01
6.129967e-01
6.130978e-01
6.133940e-01
6.138087e-01
6.141575e-01
6.143096e-01
6.144967e-01
6.147739e-01
6.153648e-01
6.154831e-01
6.158989e-01
6.162436e-01
6.163562e-01
6.165925e-01
6.167299e-01
6.169925e-01
6.172976e-01
6.175073e-01
6.175389e-01
6.180481e-01
6.181085e-01
6.185103e-01
6.188164e-01
6.189569e-01
6.193240e-01
6.199328e-01
6.206234e-01
6.209235e-01
6.212826e-01
6.214841e-01
6.224407e-01
6.227163e-01
6.232250e-01
6.235656e-01
6.237135e-01
6.237503e-01
6.241140e-01
6.245748e-01
6.247539e-01
6.250397e-01
6.252006e-01
6.254298e-01
6.256974e-01
6.262696e-01
6.264161e-01
6.268610e-01
6.270516e-01
6.271581e-01
6.272753e-01
6.277591e-01
6.280004e-01
6.283884e-01
6.285779e-01
6.289132e-01
6.291438e-01
6.294202e-01
6.294486e-01
6.297428e-01
6.299005e-01
6.301275e-01
6.305309e-01
6.307476e-01
6.310644e-01
6.314946e-01
6.318321e-01
6.326304e-01
6.329316e-01
6.332188e-01
6.333416e-01
6.334294e-01
6.337752e-01
6.340831e-01
6.345613e-01
6.351170e-01
6.352253e-01
6.355407e-01
6.359471e-01
6.361694e-01
6.363682e-01
6.365062e-01
6.368007e-01
6.369990e-01
6.379622e-01
6.381100e-01
6.389278e-01
6.394446e-01
6.396681e-01
6.403020e-01
6.406256e-01
6.409956e-01
6.413795e-01
6.417980e-01
6.422751e-01
6.424000e-01
6.433083e-01
6.434328e-01
6.437926e-01
6.439871e-01
6.443842e-01
6.451863e-01
6.458374e-01
6.464518e-01
6.465130e-01
6.465883e-01
6.469790e-01
6.470979e-01
6.476549e-01
6.483036e-01
6.489153e-01
6.493953e-01
6.497702e-01
6.498340e-01
6.503263e-01
6.508708e-01
6.514305e-01
6.517965e-01
6.520004e-01
6.526329e-01
6.533934e-01
6.536220e-01
6.540738e-01
6.542701e-01
6.550168e-01
6.555611e-01
6.557127e-01
6.561717e-01
6.562534e-01
6.568742e-01
6.572194e-01
6.576491e-01
6.578564e-01
6.583427e-01
6.584354e-01
6.592543e-01
6.594678e-01
6.598599e-01
6.603297e-01
6.603670e-01
6.607203e-01
6.608594e-01
6.611587e-01
6.618976e-01
6.621043e-01
6.628223e-01
6.629624e-01
6.633747e-01
6.640386e-01
6.643822e-01
6.645103e-01
6.650340e-01
6.651187e-01
6.654204e-01
6.656612e-01
6.663031e-01
6.668940e-01
6.670407e-01
6.673117e-01
6.678933e-01
6.681446e-01
6.689606e-01
6.690190e-01
6.695145e-01
6.699332e-01
6.709224e-01
6.713134e-01
6.719356e-01
6.722123e-01
6.728822e-01
6.735369e-01
6.737511e-01
6.740489e-01
6.744443e-01
6.745368e-01
6.751354e-01
6.755726e-01
6.756199e-01
6.757875e-01
6.763377e-01
6.766591e-01
6.767613e-01
6.769288e-01
6.777401e-01
6.788125e-01
6.789255e-01
6.790907e-01
6.797572e-01
6.798114e-01
6.800668e-01
6.802922e-01
6.805374e-01
6.809653e-01
6.814146e-01
6.817981e-01
6.828178e-01
6.832215e-01
6.835841e-01
6.837075e-01
6.840182e-01
6.843902e-01
6.845648e-01
6.850648e-01
6.858409e-01
6.864997e-01
6.867963e-01
6.871642e-01
6.876792e-01
6.879537e-01
6.879762e-01
6.883101e-01
6.883680e-01
6.889160e-01
6.893074e-01
6.895592e-01
6.907355e-01
6.912669e-01
6.916334e-01
6.920133e-01
6.922583e-01
6.928033e-01
6.937676e-01
6.941413e-01
6.942205e-01
6.950768e-01
6.962446e-01
6.963254e-01
6.967705e-01
6.979196e-01
6.983178e-01
6.983798e-01
6.986292e-01
6.989536e-01
6.993829e-01
7.000070e-01
7.011037e-01
7.015162e-01
7.020664e-01
7.022844e-01
7.031323e-01
7.033278e-01
7.040660e-01
7.044168e-01
7.046095e-01
7.050524e-01
7.061445e-01
7.065216e-01
7.074700e-01
7.082277e-01
7.083912e-01
7.086084e-01
7.091641e-01
7.092393e-01
7.097050e-01
7.102904e-01
7.109441e-01
7.112366e-01
7.114348e-01
7.126196e-01
7.131331e-01
7.134476e-01
7.136642e-01
7.137312e-01
7.142702e-01
7.154316e-01
7.158267e-01
7.165185e-01
7.169090e-01
7.174833e-01
7.175352e-01
7.184460e-01
7.204152e-01
7.205912e-01
7.208250e-01
7.217578e-01
7.218438e-01
7.220737e-01
7.235617e-01
7.238394e-01
7.247684e-01
7.258727e-01
7.262034e-01
7.269281e-01
7.272617e-01
7.274096e-01
7.279490e-01
7.293004e-01
7.298531e-01
7.299403e-01
7.311792e-01
7.318036e-01
7.322834e-01
7.327511e-01
7.332556e-01
7.336854e-01
7.337430e-01
7.339331e-01
7.349754e-01
7.351517e-01
7.357358e-01
7.365552e-01
7.367552e-01
7.378025e-01
7.381031e-01
7.387127e-01
7.400407e-01
7.403395e-01
7.408356e-01
7.414815e-01
7.417659e-01
7.432495e-01
7.435032e-01
7.438461e-01
7.451523e-01
7.458317e-01
7.458816e-01
7.459941e-01
7.464587e-01
7.466504e-01
7.475066e-01
7.491308e-01
7.506144e-01
7.509350e-01
7.516840e-01
7.531416e-01
7.534585e-01
7.540075e-01
7.549290e-01
7.561565e-01
7.569110e-01
7.575322e-01
7.578515e-01
7.583599e-01
7.588010e-01
7.602121e-01
7.616303e-01
7.617403e-01
7.632760e-01
7.638490e-01
7.655714e-01
7.657306e-01
7.661578e-01
7.674190e-01
7.680935e-01
7.690733e-01
7.694958e-01
7.720323e-01
7.727243e-01
7.731351e-01
7.743051e-01
7.758329e-01
7.765466e-01
7.779469e-01
7.783318e-01
7.786410e-01
7.793166e-01
7.802143e-01
7.804151e-01
7.807243e-01
7.818699e-01
7.826776e-01
7.834763e-01
7.846061e-01
7.858402e-01
7.868289e-01
7.873271e-01
7.881834e-01
7.902980e-01
7.903213e-01
7.936174e-01
7.943510e-01
7.958153e-01
7.961267e-01
7.966066e-01
7.972201e-01
8.001026e-01
8.008289e-01
8.013138e-01
8.018014e-01
8.043669e-01
8.054662e-01
8.073659e-01
8.096297e-01
8.102801e-01
8.103483e-01
8.129136e-01
8.143326e-01
8.186745e-01
8.196044e-01
8.204927e-01
8.214219e-01
8.216967e-01
8.231370e-01
8.242373e-01
8.255962e-01
8.260676e-01
8.281337e-01
8.294704e-01
8.295958e-01
8.337868e-01
8.339757e-01
8.354142e-01
8.371640e-01
8.381687e-01
8.396944e-01
8.401651e-01
8.415514e-01
8.431630e-01
8.440965e-01
8.460695e-01
8.492382e-01
8.500193e-01
8.506553e-01
8.519376e-01
8.527382e-01
8.548438e-01
8.552509e-01
8.571606e-01
8.614546e-01
8.633756e-01
8.636879e-01
8.687984e-01
8.698850e-01
8.723805e-01
8.758341e-01
8.781425e-01
8.814024e-01
8.846724e-01
8.877051e-01
8.880507e-01
8.906150e-01
8.911005e-01
8.974494e-01
9.039431e-01
9.050921e-01
9.061738e-01
9.120506e-01
9.135387e-01
9.139389e-01
9.160392e-01
9.190668e-01
9.207259e-01
9.247781e-01
9.253405e-01
9.265677e-01
9.286731e-01
9.317862e-01
9.438290e-01
9.459368e-01
9.472122e-01
9.541446e-01
9.552096e-01
9.739834e-01
9.740746e-01
9.752752e-01
9.834260e-01
9.997560e-01
1.000000e+00
