# sorted relative singular values (reduced_hessian) field=gauss eps=0.25 N=16 n=7935
9.308961291099555413e-04
1.004326978743762299e-03
1.013615997882261243e-03
1.020487861711960077e-03
1.053724486254232649e-03
1.075193001570418820e-03
1.120240170572087699e-03
1.150135063761590455e-03
1.199026651007418934e-03
1.220909637276559054e-03
1.237915106550183846e-03
1.257336375415821651e-03
1.269172952014393585e-03
1.289810478539693724e-03
1.318138189498264251e-03
1.342282502290299611e-03
1.390526978879788860e-03
1.424466011756359224e-03
1.450805324172240807e-03
1.478372104996399095e-03
1.498415457854591166e-03
1.532435493092240610e-03
1.563170832603896646e-03
1.666261896082159039e-03
1.696360564421315080e-03
1.774006922463161042e-03
1.821758511596379988e-03
1.929769240546996834e-03
1.950674289868285088e-03
1.996284053159920989e-03
2.040650624356124716e-03
2.079493124682093609e-03
2.118941232091988477e-03
2.136510075538164150e-03
2.153148426550406235e-03
2.178218363269587583e-03
2.258076976178356818e-03
2.320668740838872576e-03
2.694030800246580409e-03
2.866627556065468908e-03
2.891486140963227171e-03
2.988834495005470316e-03
3.013540164250347146e-03
3.077802350305113184e-03
3.095199365217971184e-03
3.174959481270956015e-03
3.262835287576783521e-03
3.287701440591949721e-03
3.324031199124212205e-03
3.915277365480649210e-03
3.924650268960649772e-03
3.937061566054074653e-03
4.149746414995212837e-03
4.194854641399107902e-03
4.227855601870468376e-03
4.281702097004370759e-03
4.557600479801262282e-03
4.577219815658136078e-03
4.698122658598075270e-03
4.760280405098859385e-03
4.790369569939324952e-03
4.828719531583908382e-03
4.910008227000901143e-03
4.968403884009836395e-03
5.291833198852508371e-03
5.309425480594576717e-03
5.338773526788360979e-03
5.398314281861502431e-03
5.421237315005985463e-03
5.454357640602616915e-03
5.466196875306453609e-03
5.488674766156013442e-03
5.634279847684472813e-03
5.791411810291520294e-03
5.912196095405400365e-03
5.998718450685220152e-03
6.080753829850599201e-03
6.092996837974346859e-03
6.166996670837422180e-03
6.389987913009352767e-03
6.444304686163106026e-03
6.588458841914415949e-03
6.607618363220007889e-03
6.662449005694208969e-03
6.692875445365681873e-03
6.704724390516646378e-03
6.884113749076172482e-03
6.942967173545677370e-03
7.088702792012259273e-03
7.107005575926410301e-03
7.155888522099349003e-03
7.201578194279928229e-03
7.235345554935621558e-03
7.267522015657239612e-03
7.371165815822111091e-03
7.448382459241584784e-03
7.509242950197215355e-03
7.543876635033927927e-03
7.692255831291077046e-03
7.753138847343250817e-03
7.812486272955333245e-03
7.836123243453636117e-03
7.869103781211427701e-03
7.914187417217465048e-03
7.953256725970364246e-03
7.963936012765373412e-03
8.124277124853860818e-03
8.145430921505891070e-03
8.247677771949612005e-03
8.283351659672153269e-03
8.325070172531222334e-03
8.353617361567975894e-03
8.429516044607921268e-03
8.489061752634712368e-03
8.538225878801063151e-03
8.598443542345497390e-03
8.650027972038468183e-03
8.729652037510438403e-03
8.855402974508893785e-03
8.887918378283276091e-03
8.913407280561402163e-03
9.010564161877161402e-03
9.100360268627743360e-03
9.162641684039537701e-03
9.189506232937384722e-03
9.250311980163123185e-03
9.335517337561032719e-03
9.361626214777563418e-03
9.395210357380430130e-03
9.439595193867897707e-03
9.501865214452370756e-03
9.530506532013932261e-03
9.604565759028212482e-03
9.681303845001426947e-03
9.767082007017407336e-03
9.786988232082793893e-03
9.864154386820540854e-03
9.909540636060400198e-03
1.000548758842620400e-02
1.004203231652197117e-02
1.006528665888830124e-02
1.014116836302492337e-02
1.021905956521245405e-02
1.029172852761553632e-02
1.032449597620575116e-02
1.036028770240859757e-02
1.039475268343284173e-02
1.051836586581325096e-02
1.054255520544831494e-02
1.058414949289031813e-02
1.066806473233827997e-02
1.074286748166605916e-02
1.078647140780650097e-02
1.081011336544136260e-02
1.083508962399266050e-02
1.086967257670756228e-02
1.091957814500188820e-02
1.094704906347526360e-02
1.104357281845251906e-02
1.114479161636613459e-02
1.115949274927617065e-02
1.127454404373011247e-02
1.129532033993683841e-02
1.132294638810040464e-02
1.139817931085591873e-02
1.143010324498312281e-02
1.144820457573847775e-02
1.156888453812787189e-02
1.160657959828135036e-02
1.170031929656231533e-02
1.174062556109602487e-02
1.180750403216387912e-02
1.183562760618380588e-02
1.191873685789166838e-02
1.196634720874437639e-02
1.199650187126179157e-02
1.204504147041631119e-02
1.228752828719458304e-02
1.234255522521950262e-02
1.236595121599973375e-02
1.242336391797671871e-02
1.242390052511843646e-02
1.251589988967092594e-02
1.258712884314686781e-02
1.267194927889962047e-02
1.278235761572974784e-02
1.282727925645008038e-02
1.290126722323988069e-02
1.293727765808447804e-02
1.297172936288551633e-02
1.303990664154688894e-02
1.308179242127627609e-02
1.313369303789182693e-02
1.314341601217202879e-02
1.327704676967759664e-02
1.330090564062652234e-02
1.337645994882545424e-02
1.345540296355007132e-02
1.349426079170964327e-02
1.353014848789843225e-02
1.399868990311645481e-02
1.404957824420063721e-02
1.411373070452791312e-02
1.418383413453841273e-02
1.422018409550732804e-02
1.424383217653869306e-02
1.432920928411392063e-02
1.443024760010549329e-02
1.444082437746036993e-02
1.458067098514610228e-02
1.490109742692479963e-02
1.491085918766517880e-02
1.527894662661119854e-02
1.528901192897866475e-02
1.541607665681572585e-02
1.582230098200032228e-02
1.584771296841062937e-02
1.588261187040244243e-02
1.603822012728487248e-02
1.610409599736395414e-02
1.613106027178537114e-02
1.620548298041614085e-02
1.626415494666785116e-02
1.636655153888088091e-02
1.643115638262275524e-02
1.648225584244532305e-02
1.652569803544191862e-02
1.678145236145519789e-02
1.689155723011383919e-02
1.696868036195489995e-02
1.711370241737477510e-02
1.720123577617115734e-02
1.726700729151425459e-02
1.736560618761795807e-02
1.756110249021917979e-02
1.761407480237667245e-02
1.767025726021554180e-02
1.774174757391145177e-02
1.781584375123119665e-02
1.791392088090713527e-02
1.796482975238945443e-02
1.804480587371373040e-02
1.809544267034806850e-02
1.817164784989047654e-02
1.825143999955084265e-02
1.836132000183135840e-02
1.841663882019326307e-02
1.848137838312628387e-02
1.853274889113840779e-02
1.856534873389516574e-02
1.857914632854034548e-02
1.866143135733441816e-02
1.881908733430496042e-02
1.888463637358951674e-02
1.903772595351694782e-02
1.912270549079455109e-02
1.917454962904291058e-02
1.930784522114315990e-02
1.939706558956160939e-02
1.942276469952444740e-02
1.944721520518008159e-02
1.953702320015885882e-02
1.965253534651706380e-02
1.969234132316339050e-02
1.975244145966058990e-02
1.987628278137746826e-02
1.991851891781387662e-02
1.997431437654117320e-02
2.001675180993278680e-02
2.012609188477018640e-02
2.015083155610860113e-02
2.021079005093561962e-02
2.025424705343196671e-02
2.032879103924287861e-02
2.037128495664322636e-02
2.045866811366891039e-02
2.057321031817189658e-02
2.061852405794852364e-02
2.075458970710798712e-02
2.076461378533503432e-02
2.081269343161474758e-02
2.089256097006447419e-02
2.094774461895473894e-02
2.095709704672990906e-02
2.097247039275765973e-02
2.103938976585567611e-02
2.107835362751079092e-02
2.114416037272061344e-02
2.124891351092567798e-02
2.131803285678912988e-02
2.138182402267919946e-02
2.143397617176533154e-02
2.150605348297206232e-02
2.154027481990970078e-02
2.164161704702684610e-02
2.171703200288830141e-02
2.173817098583614993e-02
2.181104743786173653e-02
2.185210028144419017e-02
2.192664520239875903e-02
2.201913178266061422e-02
2.211222228776092008e-02
2.214775608080697678e-02
2.223737516874095196e-02
2.231299073376040443e-02
2.241949213181222353e-02
2.258715039595991098e-02
2.261289607499894841e-02
2.269410265083734307e-02
2.270019295292187433e-02
2.289560789912792674e-02
2.292568880947952817e-02
2.301419084745686891e-02
2.310165510346772963e-02
2.314934049079542602e-02
2.323283048785911714e-02
2.334025354932458760e-02
2.338652904359517920e-02
2.345592566161266296e-02
2.347747286514960743e-02
2.355194812596137638e-02
2.365991849267138833e-02
2.373736990085314330e-02
2.376614300138149213e-02
2.379480305967622902e-02
2.390365140908982250e-02
2.395747938466865484e-02
2.398835513938434028e-02
2.402457314799572030e-02
2.405113398779081327e-02
2.410184186058338465e-02
2.417191537525214748e-02
2.423057186105671834e-02
2.425471351063119077e-02
2.435727175838814720e-02
2.442162193920232108e-02
2.454483322437495119e-02
2.459726297825826774e-02
2.460405399984806271e-02
2.467650898917986627e-02
2.470245726771883032e-02
2.476140471809110469e-02
2.484928699761462800e-02
2.494397210672060980e-02
2.503514481365088501e-02
2.509805294737873019e-02
2.519717353891659517e-02
2.526970697581775935e-02
2.533113045590641710e-02
2.538156124872295930e-02
2.544274398751445593e-02
2.548696920428291518e-02
2.561666360978848492e-02
2.566888777368787899e-02
2.567878224999245451e-02
2.577069384879488931e-02
2.589319410357007745e-02
2.597814350471180922e-02
2.600041578816396012e-02
2.611019198517690668e-02
2.614061807938522497e-02
2.620571020701736170e-02
2.631080122234911653e-02
2.635106830194933539e-02
2.640252022889255645e-02
2.648982422461405514e-02
2.653701887801438938e-02
2.661645891189693552e-02
2.669148897742330481e-02
2.675042464540959564e-02
2.682602742621982908e-02
2.693400629181034317e-02
2.705120906418605198e-02
2.713830433219926314e-02
2.722328052649691105e-02
2.727382142441927768e-02
2.732975597964160119e-02
2.735024974588087798e-02
2.743729006589434860e-02
2.747684775340170429e-02
2.753124968827928148e-02
2.761068202585332393e-02
2.765527818925183484e-02
2.774191823645899557e-02
2.780237007780168162e-02
2.791907374285140450e-02
2.797377309821047139e-02
2.810652948259426478e-02
2.822948043245738711e-02
2.826272181512895845e-02
2.842051716056628527e-02
2.846108163591345303e-02
2.855767371971706589e-02
2.856506468252673070e-02
2.860393755009625963e-02
2.870622587465022912e-02
2.877438324266916314e-02
2.880578045204018611e-02
2.881988423746970757e-02
2.888093187124289932e-02
2.900059068943199730e-02
2.905236362095807434e-02
2.915216461757698385e-02
2.920113822485045918e-02
2.927598336936441600e-02
2.942932245642506175e-02
2.944822340289294377e-02
2.950411449739536243e-02
2.952182229510667139e-02
2.962201841734422511e-02
2.972130324733915363e-02
2.979553737902464541e-02
2.989594866831947820e-02
2.991650724731272429e-02
2.999023412464225588e-02
3.003811416951617311e-02
3.012661823449037587e-02
3.016667182777136788e-02
3.035159295886894620e-02
3.038073983391971489e-02
3.049939341984679933e-02
3.060243483599990252e-02
3.062728171054797735e-02
3.075704338778204386e-02
3.079468454307196512e-02
3.089454764909719750e-02
3.093407423485586630e-02
3.104766134042262829e-02
3.106242445447934472e-02
3.112215235964744045e-02
3.118587032390023397e-02
3.127845603984623357e-02
3.139667506491809063e-02
3.141137662259540358e-02
3.150892207582347421e-02
3.157292325984529385e-02
3.165919114520101413e-02
3.172106501199081080e-02
3.175894222387065646e-02
3.179213630815928837e-02
3.190665477995056204e-02
3.195652939881077348e-02
3.206641214944767893e-02
3.215103806816101834e-02
3.224018735130879804e-02
3.231557181706270349e-02
3.235072241379500363e-02
3.240008197233654186e-02
3.247136192845599678e-02
3.257095017680732701e-02
3.266390623965816781e-02
3.271679504900606300e-02
3.280462464072720491e-02
3.282122913211812931e-02
3.294288299542755954e-02
3.298348287053754629e-02
3.306410431942496952e-02
3.314793772747638007e-02
3.321719144334959323e-02
3.327921447230158120e-02
3.333348950693276747e-02
3.343220861873803795e-02
3.346096183760899345e-02
3.352532393291261098e-02
3.358174905254581594e-02
3.358776747334692864e-02
3.373991079377728491e-02
3.378449095300400246e-02
3.386492366674152821e-02
3.387834389517679207e-02
3.397954555889231426e-02
3.410973766989409267e-02
3.414685718423433186e-02
3.424043869305234272e-02
3.445800915956564320e-02
3.447218028302443532e-02
3.461505687648450819e-02
3.467885621759319442e-02
3.474046577316342727e-02
3.488948182203308046e-02
3.492496528064267108e-02
3.497583963693629699e-02
3.510528138820982053e-02
3.514890824248105561e-02
3.518492503371511981e-02
3.525247771715793454e-02
3.536982819697603170e-02
3.550942726768964441e-02
3.558127440284992310e-02
3.567163855004805428e-02
3.569534527760818282e-02
3.574157275593569522e-02
3.582983591102041621e-02
3.587132217681477525e-02
3.588487114941330686e-02
3.592950601283510098e-02
3.600715510832375177e-02
3.617425052643816197e-02
3.620223912761662277e-02
3.634133789547309978e-02
3.636672046214597942e-02
3.639028171388927063e-02
3.658869056683722309e-02
3.665081649948492143e-02
3.671263942997287505e-02
3.682689660093887291e-02
3.688646711979563092e-02
3.703590324263697497e-02
3.706541873966538031e-02
3.709451772889898330e-02
3.720889410106438533e-02
3.725313595620888957e-02
3.731313904217802707e-02
3.735372003833706961e-02
3.738219974294329506e-02
3.743390882767132916e-02
3.754549014518241551e-02
3.774895604504367730e-02
3.784586435409381666e-02
3.787514977849777004e-02
3.801218154887599232e-02
3.804663471641980821e-02
3.814394206596245090e-02
3.818633613014280059e-02
3.822102547479565293e-02
3.834655767094321405e-02
3.840252431869332905e-02
3.849047832750703696e-02
3.851103727230214407e-02
3.860625137299970172e-02
3.865440544127903694e-02
3.870942407430038451e-02
3.887365837460152185e-02
3.889927458950902250e-02
3.894761923159353878e-02
3.902861194524973737e-02
3.910156643073597893e-02
3.911986249661070919e-02
3.932951274464688979e-02
3.939990655672863384e-02
3.941340988628904557e-02
3.952536668346744164e-02
3.961564015393342214e-02
3.975522074668539491e-02
3.978729554582537131e-02
3.986317379642100034e-02
3.998175576140317045e-02
4.002873148964876393e-02
4.007966612386672928e-02
4.016214962880781253e-02
4.020302886261586939e-02
4.026887802619207729e-02
4.037876187474698925e-02
4.040877497023678128e-02
4.045274432537276227e-02
4.048517525020791513e-02
4.057799244954334722e-02
4.058451623395350344e-02
4.065659738589467304e-02
4.084024848812775610e-02
4.089853773571366924e-02
4.094970345470858031e-02
4.105870589270104593e-02
4.108013585400664691e-02
4.117384984200370135e-02
4.118614600144020893e-02
4.130318409020068693e-02
4.131169147516158130e-02
4.146923060745615064e-02
4.152694669719643461e-02
4.164427737338938923e-02
4.165319296006229216e-02
4.171845011749782117e-02
4.173871137861951547e-02
4.184043513320120922e-02
4.190499631573391115e-02
4.196583297210776387e-02
4.206930717997475755e-02
4.210412626639335743e-02
4.223128497998381026e-02
4.227651844451565943e-02
4.231200698271517929e-02
4.236594332454945988e-02
4.243379243373673199e-02
4.249701435573741831e-02
4.251356412009826141e-02
4.260947099718320752e-02
4.267717229575853505e-02
4.274519501845110148e-02
4.277848541410483180e-02
4.284955452996373065e-02
4.291971280006576933e-02
4.295383363583578362e-02
4.297915858814770756e-02
4.305922093638640119e-02
4.311330131061437421e-02
4.322699308951178515e-02
4.323740178151636721e-02
4.332923508540803548e-02
4.339131940171438856e-02
4.345115488993426395e-02
4.350097157488962835e-02
4.355822080883577779e-02
4.362119985201507594e-02
4.366295327721157749e-02
4.373232234645855337e-02
4.373720853898940830e-02
4.377250965166858132e-02
4.385495723544191593e-02
4.393173178854515443e-02
4.396842830034025651e-02
4.409823605000658814e-02
4.415986913676484688e-02
4.424613012368798504e-02
4.425810966457576628e-02
4.438991696461822706e-02
4.443786129460595286e-02
4.445680842386511011e-02
4.456998451497132252e-02
4.459610822258673613e-02
4.468404911088622034e-02
4.476921833484319435e-02
4.485878411644134145e-02
4.488633575246774726e-02
4.501251039101791807e-02
4.508705452248390477e-02
4.515999621857049590e-02
4.526026621356211976e-02
4.531858309367754745e-02
4.539565046885796901e-02
4.541877689598010359e-02
4.549075170812871827e-02
4.553910180161736126e-02
4.559887532368779584e-02
4.563830833936977777e-02
4.568029131313674357e-02
4.574267899161692935e-02
4.583011219899502803e-02
4.592515606294769737e-02
4.599470096939552860e-02
4.602306487313694017e-02
4.606944821204324997e-02
4.615892604166453583e-02
4.625251415291028317e-02
4.628525697837240771e-02
4.631186731813669716e-02
4.646469406708243072e-02
4.651093449084880288e-02
4.657324268764000824e-02
4.662876392741768794e-02
4.667181780231283855e-02
4.672296173415147608e-02
4.685875787925739000e-02
4.689308224615525850e-02
4.699923653867019852e-02
4.708988921349499535e-02
4.713199763525909719e-02
4.728265165554483562e-02
4.732189741548590428e-02
4.732898857499951567e-02
4.752113447687348474e-02
4.761065591214149600e-02
4.766730526035829058e-02
4.771118950648824825e-02
4.779186803625756069e-02
4.783750388736684317e-02
4.792262398178601113e-02
4.797867517910275881e-02
4.802269678688959875e-02
4.812472183557346683e-02
4.822251471919634935e-02
4.832927255648235276e-02
4.833873899255105439e-02
4.847096520669957193e-02
4.851149197614178926e-02
4.856605332269307851e-02
4.865318255616981474e-02
4.873947047256665249e-02
4.875870497070709797e-02
4.884378920331037405e-02
4.885017250437230507e-02
4.892472007137134427e-02
4.895143714495756027e-02
4.908043067381994556e-02
4.912464687130198293e-02
4.919647364898281638e-02
4.927703986102872913e-02
4.933367692574089358e-02
4.945922943191983362e-02
4.948490499779349683e-02
4.956068983392596106e-02
4.959396166392575356e-02
4.968444119258458302e-02
4.980277258175948296e-02
4.986181681112046571e-02
4.991620518235756476e-02
4.998325254002261575e-02
5.016138662984553215e-02
5.019438611212138218e-02
5.025910862308210353e-02
5.038680178348842187e-02
5.044945276178155330e-02
5.057943648425894390e-02
5.063343126657948723e-02
5.068648548924700736e-02
5.076605932926497172e-02
5.085978996692409188e-02
5.088209299531922664e-02
5.095795952674644219e-02
5.104177386683216716e-02
5.104994857328561814e-02
5.112437031283725841e-02
5.124256446864978304e-02
5.128287957030387006e-02
5.136038265604894043e-02
5.148024161100562407e-02
5.150412292924438223e-02
5.157891509594134116e-02
5.172247941088164297e-02
5.173139862445453457e-02
5.181423976814580890e-02
5.187992792716127066e-02
5.191206167861443094e-02
5.193915660286360647e-02
5.204182814770597076e-02
5.207977214922060449e-02
5.227919328518766673e-02
5.230819353818366019e-02
5.235437614146689483e-02
5.240202498040604645e-02
5.240990902543191110e-02
5.253787170280702773e-02
5.260781530374319948e-02
5.261359486407838487e-02
5.263992801573418034e-02
5.268487203878114561e-02
5.270960391457488181e-02
5.280164468718628185e-02
5.290946041416774021e-02
5.297118405749938475e-02
5.316339995694840947e-02
5.320995178690793997e-02
5.324176365061819571e-02
5.339478183876953526e-02
5.343474931773717351e-02
5.348952563659707671e-02
5.358322124473707815e-02
5.365826900551236983e-02
5.373628941951361787e-02
5.379407061485202979e-02
5.398223999849694615e-02
5.404417898393464731e-02
5.413604447829156036e-02
5.417828490063918839e-02
5.427273108940858931e-02
5.434278385121812938e-02
5.437939805862251202e-02
5.445760023716100101e-02
5.458755486584038197e-02
5.462395637607938420e-02
5.471271362332066207e-02
5.477351518636220523e-02
5.482723937017328769e-02
5.486126559739167019e-02
5.488481433701280360e-02
5.497383576713905234e-02
5.504411350830279437e-02
5.508878239729881471e-02
5.517440897999111721e-02
5.522749663345426219e-02
5.531458016044116938e-02
5.538468533432935881e-02
5.546997340539828319e-02
5.550141082518435243e-02
5.556850510296802714e-02
5.563553241384773529e-02
5.568641026215578882e-02
5.571427684467958330e-02
5.576920098596749309e-02
5.586462905796482636e-02
5.592927940485181021e-02
5.599145003901678103e-02
5.604695789736607869e-02
5.611372179289571965e-02
5.618651846834442354e-02
5.627706022594102658e-02
5.633286592380468832e-02
5.638134577113704249e-02
5.645425093361881863e-02
5.646992102627831217e-02
5.653823720007729314e-02
5.663431183257369023e-02
5.671568096488997096e-02
5.675914803279220183e-02
5.686368975752991578e-02
5.696921733249828146e-02
5.701431906433389318e-02
5.709199277884011159e-02
5.711723392892693874e-02
5.719140826806606154e-02
5.725537737762228380e-02
5.730330876854660554e-02
5.735334164271786717e-02
5.737314578016244893e-02
5.745149528716973070e-02
5.750025710927773870e-02
5.759550307908258004e-02
5.764637158261416011e-02
5.777109513699425075e-02
5.777487625466932314e-02
5.787643450898462966e-02
5.791232272156271454e-02
5.795351759610429393e-02
5.801145730949333612e-02
5.806538001635797031e-02
5.813384206796208542e-02
5.823032901428941421e-02
5.824105417273051089e-02
5.834655209214156119e-02
5.837334586423290061e-02
5.848527898885114151e-02
5.852769588819527191e-02
5.861821575152025704e-02
5.866194765970134117e-02
5.873337904324388986e-02
5.873679600060281031e-02
5.880776635074258518e-02
5.889505090656408509e-02
5.891807916772891229e-02
5.894854566308704164e-02
5.897904469732080657e-02
5.909362564548107516e-02
5.923098338897513082e-02
5.925201169457678524e-02
5.929451362226227651e-02
5.933527427672230514e-02
5.938390674155760718e-02
5.947929490746348830e-02
5.960000986394937972e-02
5.962624677588240774e-02
5.970171544479645903e-02
5.975798588112492954e-02
5.979728764725395634e-02
5.984333652197020709e-02
5.990868223502539974e-02
5.998913527804713985e-02
6.009389643012084253e-02
6.012871419301765025e-02
6.020145535792162383e-02
6.023655812701525503e-02
6.030349449701273568e-02
6.033852056844149492e-02
6.038584799250250323e-02
6.042538351883502967e-02
6.050905969989222449e-02
6.055084890317694729e-02
6.061794050171775972e-02
6.067156390358732082e-02
6.072326631351477461e-02
6.079037432038671834e-02
6.088446074937717278e-02
6.090705118602593449e-02
6.093959718082643529e-02
6.098396684820961422e-02
6.108136483681798207e-02
6.111823308451427850e-02
6.118547630898860112e-02
6.125022968597588352e-02
6.134396344378164473e-02
6.140418849746102220e-02
6.146154236997888182e-02
6.151209821886335916e-02
6.159854872740184312e-02
6.162186799584296742e-02
6.164970539205454070e-02
6.179579566573436405e-02
6.183802773214750609e-02
6.192489454845907793e-02
6.193620271136655864e-02
6.202810996790086850e-02
6.208081295416362916e-02
6.212489275328528238e-02
6.222032364134631732e-02
6.231763471142628963e-02
6.233993250594600105e-02
6.239457223104663552e-02
6.243198423577967643e-02
6.252930889621027832e-02
6.259883847184777306e-02
6.262461274080018125e-02
6.269824456244985078e-02
6.274962107858146620e-02
6.281991026108862952e-02
6.289370346922809607e-02
6.302221772307747827e-02
6.308526645413631284e-02
6.311011412436708101e-02
6.323025036675325450e-02
6.328009549740419570e-02
6.331489555745491160e-02
6.340306630907745211e-02
6.348963834545641449e-02
6.356296328325237999e-02
6.362757140459418537e-02
6.364767354292877322e-02
6.372743619712750718e-02
6.376363698980044847e-02
6.384205315747953913e-02
6.390161132840864455e-02
6.398753575190536946e-02
6.401573920605631296e-02
6.404298244296789677e-02
6.412529134976459322e-02
6.416984513425941228e-02
6.421651888259566343e-02
6.426398331257560104e-02
6.431070151720076622e-02
6.435033405493818803e-02
6.449494600543476119e-02
6.453204868731660104e-02
6.463033361470621463e-02
6.472645745145483298e-02
6.477533791134429397e-02
6.482483058664863240e-02
6.487769783292340886e-02
6.498069141561263473e-02
6.504103887526342664e-02
6.508677904941065351e-02
6.518438957863431638e-02
6.520676730300900559e-02
6.532103244066293779e-02
6.535015274262084839e-02
6.537105910523557939e-02
6.555157107657837157e-02
6.560896562052760672e-02
6.565207553761379100e-02
6.577449894478615278e-02
6.582129866567355825e-02
6.593932112929205835e-02
6.599116089486528614e-02
6.603439347370466950e-02
6.609737802010975938e-02
6.617436065417552082e-02
6.625200300243183626e-02
6.632799033043969283e-02
6.636947896847975037e-02
6.644993965000800529e-02
6.650358624277666331e-02
6.655014096299245729e-02
6.663748613697680068e-02
6.671441020408271083e-02
6.673797654251929778e-02
6.677444604347294865e-02
6.688470642013359668e-02
6.692204851744491811e-02
6.702811888858939415e-02
6.704732113351957734e-02
6.714579927270047932e-02
6.723833129448181234e-02
6.725323190832109554e-02
6.733356418282210321e-02
6.744096053989268036e-02
6.744730095012062276e-02
6.750057033664558226e-02
6.757043995094141886e-02
6.762109239953571771e-02
6.767928569009830364e-02
6.774789317551135892e-02
6.785730498030152769e-02
6.788985677557335396e-02
6.797240010146238243e-02
6.801507777501679397e-02
6.810056631050948051e-02
6.813110221869343730e-02
6.817736913332013426e-02
6.822454714031003786e-02
6.829287937395159269e-02
6.839171703990783169e-02
6.841689437955006392e-02
6.850413219928055963e-02
6.852456064159045956e-02
6.863626214968990280e-02
6.870274025009660834e-02
6.875266880685795834e-02
6.881677061213511970e-02
6.888076375081411684e-02
6.889611352682539769e-02
6.896185206418294078e-02
6.904621744209826772e-02
6.910320846718114030e-02
6.911571016047482474e-02
6.916437830015054189e-02
6.924155008549820467e-02
6.926347712461103368e-02
6.936062637776430062e-02
6.944845946737347731e-02
6.950731076375604722e-02
6.961277231895617035e-02
6.966461969812953736e-02
6.973822282039590648e-02
6.983535192198085662e-02
6.990441635536984166e-02
6.999752274706752542e-02
7.002566446391461641e-02
7.008531427241508627e-02
7.011412418889374776e-02
7.019088276502084833e-02
7.025600681983711071e-02
7.029575901206455701e-02
7.032206310223834689e-02
7.042040088818989074e-02
7.057620510974559058e-02
7.062528354810818088e-02
7.067091322703787648e-02
7.071787790815667329e-02
7.082373139137410067e-02
7.089517360426744741e-02
7.095583571962876812e-02
7.104817689840116357e-02
7.110379078481911252e-02
7.112716924584049083e-02
7.120939406930426596e-02
7.126421322650135226e-02
7.130145973457664710e-02
7.139441027789575345e-02
7.141019022106072367e-02
7.149998930393712537e-02
7.153150948372651030e-02
7.155273186482645487e-02
7.166010439844226754e-02
7.172508362504784185e-02
7.184690176465535760e-02
7.188099228475385016e-02
7.193914997900317798e-02
7.197152949600045535e-02
7.201630474835681028e-02
7.209274968293356844e-02
7.217301301931569601e-02
7.222008730125237252e-02
7.228436111794329932e-02
7.234494701853375065e-02
7.235344980657400227e-02
7.249022022752955874e-02
7.250038732958256904e-02
7.262253876343126302e-02
7.267500309362345812e-02
7.273315747750752625e-02
7.279351109860773827e-02
7.288839180369444115e-02
7.291935998655169060e-02
7.301997193056286584e-02
7.304846435661013770e-02
7.305805463091494256e-02
7.317030904361797317e-02
7.322245128121591951e-02
7.323918296954332052e-02
7.340048359535698841e-02
7.349648912826944880e-02
7.355951774378542696e-02
7.357273175324405279e-02
7.368453573663837075e-02
7.370448731201829917e-02
7.373083415900127946e-02
7.393135001495108882e-02
7.400274545523718994e-02
7.406561383738305415e-02
7.409432701961909951e-02
7.415813025528025793e-02
7.425253789711565300e-02
7.429003983139864653e-02
7.432925718979585539e-02
7.439586616000391783e-02
7.452536935890050063e-02
7.453788579818589055e-02
7.460110015210942580e-02
7.464326992151663898e-02
7.477627832451236300e-02
7.481772983109259700e-02
7.486459556858335307e-02
7.488077744735197050e-02
7.499619928652173639e-02
7.504521155114356190e-02
7.508912245401890007e-02
7.518328945961948173e-02
7.528077613011348312e-02
7.535366187674427674e-02
7.547587367378529033e-02
7.553061449026701735e-02
7.558678045259097089e-02
7.560738478963280329e-02
7.566912216906467037e-02
7.570052384114588084e-02
7.588731119871254538e-02
7.592265789516680630e-02
7.596726579319540429e-02
7.598789987668025381e-02
7.608807580606137544e-02
7.612387613778401341e-02
7.615034067917020311e-02
7.619248397453069754e-02
7.631650331481708294e-02
7.639031575739259339e-02
7.648028000703703533e-02
7.660005377924658521e-02
7.660684543571338878e-02
7.671344661152078304e-02
7.674960055135028603e-02
7.677706751304962107e-02
7.688111318449633580e-02
7.693642259471719647e-02
7.696826525948131936e-02
7.703141143299456484e-02
7.705217027549733644e-02
7.716757623398662336e-02
7.722447690178632640e-02
7.728906703702398406e-02
7.736535351954340611e-02
7.748168089918672230e-02
7.749540890400105630e-02
7.767871453562290307e-02
7.771211298111607713e-02
7.775462116635142862e-02
7.787750398074157199e-02
7.788600659792646597e-02
7.789715196175756029e-02
7.792041217146439269e-02
7.801254154418943432e-02
7.805237734742440092e-02
7.818411296176680514e-02
7.827261029392967862e-02
7.833946323342805274e-02
7.837491797466990262e-02
7.842888368623072981e-02
7.849933960316769765e-02
7.852571687190461336e-02
7.857934061694105132e-02
7.865405400141339820e-02
7.875104736035025421e-02
7.880193602629020910e-02
7.886030867361616681e-02
7.895606058231445512e-02
7.901988547032731680e-02
7.905981527982020030e-02
7.911845405113947238e-02
7.915582836484270912e-02
7.923863742441994429e-02
7.928232337764695714e-02
7.935377653999560466e-02
7.940260479600684540e-02
7.946969988025130716e-02
7.948066910625881110e-02
7.955429860638126016e-02
7.964203130296060307e-02
7.969316383308151786e-02
7.978660066871678946e-02
7.980947308526127604e-02
7.982525883601124250e-02
7.984340034096246153e-02
7.991447232657217237e-02
7.996658576916072791e-02
8.005866339697167988e-02
8.013972838496265239e-02
8.019909999301984282e-02
8.023067756021196040e-02
8.025620918008770366e-02
8.033636473812286183e-02
8.038218476950488578e-02
8.039734513552802830e-02
8.045637191730427296e-02
8.047431875382794753e-02
8.049419605122772048e-02
8.060489611905964635e-02
8.069017768861277973e-02
8.074860618608138696e-02
8.082124743405431910e-02
8.089088828576798673e-02
8.091907372524062558e-02
8.096047397760078312e-02
8.100467673067754393e-02
8.104379609845462074e-02
8.106467691893011474e-02
8.113932603421811218e-02
8.117567109861399677e-02
8.123784831402308670e-02
8.132431256618691262e-02
8.137766783202696197e-02
8.142383304276318290e-02
8.144261735352187337e-02
8.151672888438744879e-02
8.156750342827474853e-02
8.163904946116277983e-02
8.171130668739842728e-02
8.172112434516451418e-02
8.179993207526496668e-02
8.183867294265903536e-02
8.188053314472942823e-02
8.189527447696129392e-02
8.191324838388186480e-02
8.202707864978517338e-02
8.209782200294336862e-02
8.212339041523729344e-02
8.220691699494506177e-02
8.226056455699359837e-02
8.236408455285329500e-02
8.240028734201351734e-02
8.241920009520771473e-02
8.247055734113736825e-02
8.254143994540832918e-02
8.263153063793711450e-02
8.263388018019585113e-02
8.275119463542342235e-02
8.278827103186049696e-02
8.291750595369756782e-02
8.297423115959631779e-02
8.301684084590905954e-02
8.303819222069604156e-02
8.311465987257068977e-02
8.314052332250176924e-02
8.325692532900781651e-02
8.327403941527744546e-02
8.334125640356938869e-02
8.336532417607321610e-02
8.338709811680074246e-02
8.343438369105746211e-02
8.354084663244809583e-02
8.361180985423397050e-02
8.364029732185827848e-02
8.372908311167655271e-02
8.378516693959897621e-02
8.385494609303589808e-02
8.389555612935785389e-02
8.392777945792276317e-02
8.396177197004527082e-02
8.403427213484594704e-02
8.412354817963463294e-02
8.416091575028261662e-02
8.417676666137725860e-02
8.427520367073260132e-02
8.429344669061190898e-02
8.433452144138296747e-02
8.441959654821894199e-02
8.445073798812413601e-02
8.450263646879743740e-02
8.458968838466984774e-02
8.463659322924871331e-02
8.470196723091251434e-02
8.473820791272194952e-02
8.475018489017639711e-02
8.484304338843774718e-02
8.491776807658968362e-02
8.492580866686791352e-02
8.503218900133557856e-02
8.506690647876462286e-02
8.515597853724658772e-02
8.517471932968466442e-02
8.526557097334359903e-02
8.531149570301514717e-02
8.537584163356483347e-02
8.543604551565386895e-02
8.548110694735533421e-02
8.554451820707179022e-02
8.563386091801343525e-02
8.567681950370328869e-02
8.571877486986063943e-02
8.576779202211447239e-02
8.582336334851937976e-02
8.588620439626853953e-02
8.594625675770070639e-02
8.595282705837729853e-02
8.596935537299779662e-02
8.603274873846154802e-02
8.605390243560322172e-02
8.611394449217363301e-02
8.618022876665096255e-02
8.632274061794648068e-02
8.638588150664930354e-02
8.639364134306411203e-02
8.644214101130419381e-02
8.651665593346663519e-02
8.657092893545254020e-02
8.664992977974389499e-02
8.667500440738723499e-02
8.673548702194057436e-02
8.680860002979935708e-02
8.684138078103691150e-02
8.694113879333484340e-02
8.696273209245364288e-02
8.702876386685892696e-02
8.707984164693531592e-02
8.715244271645133933e-02
8.718697661798524567e-02
8.721033522478058297e-02
8.726379568758520222e-02
8.728310834576186172e-02
8.735424888770691731e-02
8.743097713237843460e-02
8.744946844762359339e-02
8.755324656762443480e-02
8.756385075325458234e-02
8.762056119652665565e-02
8.764584096368335797e-02
8.770514872791830563e-02
8.777850495868408376e-02
8.784575475529438071e-02
8.785797038073391019e-02
8.789494008899018107e-02
8.797071116784900557e-02
8.800508124523873099e-02
8.808579893113975545e-02
8.813415586499227794e-02
8.816174667285488209e-02
8.819284592700368797e-02
8.821565123969354882e-02
8.831839148770098680e-02
8.833874450274926959e-02
8.838690968624395017e-02
8.843472151861195285e-02
8.849673526034168569e-02
8.852534019981003754e-02
8.857615186229962634e-02
8.863693556475936430e-02
8.873007850487238390e-02
8.875919472849361225e-02
8.880133601643412644e-02
8.884336171212883770e-02
8.890240515630953855e-02
8.892390065529891252e-02
8.898354807016028989e-02
8.906025906038989026e-02
8.912499605288599913e-02
8.917626288951298330e-02
8.918633296561209733e-02
8.928583964679501217e-02
8.930078049197742729e-02
8.934852941386110803e-02
8.935839736851934612e-02
8.947168866909811780e-02
8.953908840904845068e-02
8.959928710950260111e-02
8.962907356339257225e-02
8.970080550679183917e-02
8.970947156990724536e-02
8.976712985501003605e-02
8.980710102040186105e-02
8.982360193972110940e-02
8.988205299020585182e-02
8.990240725295887969e-02
8.996261035224897840e-02
8.998580112782039730e-02
9.007936294060710225e-02
9.009788854880274034e-02
9.010591320180330599e-02
9.019289277160476292e-02
9.021943100000180682e-02
9.024246104207789276e-02
9.032278355694242644e-02
9.034658886503370290e-02
9.040364124123627387e-02
9.040956045472621494e-02
9.050691381434028404e-02
9.055312244177368686e-02
9.057222688579560921e-02
9.062032794744541431e-02
9.066947094302706123e-02
9.070384559382914380e-02
9.077733507343373198e-02
9.085401593720031366e-02
9.089455166269121145e-02
9.091799304808773075e-02
9.096973296471301540e-02
9.104901953410783622e-02
9.108148458739731557e-02
9.111327764794875661e-02
9.112329086312453974e-02
9.117836695563251437e-02
9.124641044998112183e-02
9.126162415382095550e-02
9.135384087711842516e-02
9.139115077162050793e-02
9.141819706556462977e-02
9.146170594551471245e-02
9.154358949420073055e-02
9.156839371675493111e-02
9.162325047872181549e-02
9.164652710162639326e-02
9.171368330654132428e-02
9.177999777809230098e-02
9.185258055916563358e-02
9.192433023352157562e-02
9.193455895261883060e-02
9.196916101151643430e-02
9.201909187259613154e-02
9.207963121923480598e-02
9.212363647656875154e-02
9.216207182052861546e-02
9.218430986254344539e-02
9.224873936179690814e-02
9.226235040361753514e-02
9.237314079065245265e-02
9.238996449672301492e-02
9.241545042673214583e-02
9.252639717356174465e-02
9.255716791975933389e-02
9.256834156506683897e-02
9.263935419475489985e-02
9.267039552091187182e-02
9.270011847304443497e-02
9.273594791622301325e-02
9.279982418094520624e-02
9.280585787920631047e-02
9.286578980706614028e-02
9.293809392562228655e-02
9.300517748980073607e-02
9.303542107290245500e-02
9.307472349162285163e-02
9.309370974608756344e-02
9.312630933805554623e-02
9.318540193394335425e-02
9.327614129862282777e-02
9.332969355999942707e-02
9.339406066995675770e-02
9.342732019013150202e-02
9.348087221247274037e-02
9.351860433471785583e-02
9.359837951184026006e-02
9.365022320488336494e-02
9.366125448844532519e-02
9.367077069848328552e-02
9.373644742485401360e-02
9.380338255292777760e-02
9.384797601469026251e-02
9.389331869257311336e-02
9.391530812083946633e-02
9.396058984782590384e-02
9.405186399289078292e-02
9.408031533914651412e-02
9.412242420972592727e-02
9.418078936366140741e-02
9.422429218122252426e-02
9.424333014307556544e-02
9.427738363941307043e-02
9.434812508749516879e-02
9.440612657916051809e-02
9.448465022386547119e-02
9.450251420928941493e-02
9.455848336649028130e-02
9.457614151714928419e-02
9.464505961902608400e-02
9.470051228242203079e-02
9.474589743056294200e-02
9.477657716072408756e-02
9.480830969446095435e-02
9.485885047534713121e-02
9.490877952205872825e-02
9.492234807780906836e-02
9.498652929389669874e-02
9.505431693689395112e-02
9.508367005741073796e-02
9.518579264831961151e-02
9.521594642989199275e-02
9.526709234576923035e-02
9.531001074809145046e-02
9.535515706884102605e-02
9.539160024366437340e-02
9.542173733346777376e-02
9.546483138951583625e-02
9.551868021056236779e-02
9.558029388984114194e-02
9.560974066488407697e-02
9.564712408929450238e-02
9.567819690376876129e-02
9.571539367156023381e-02
9.579857673426657450e-02
9.582409138135304649e-02
9.583806878963087306e-02
9.589332409027569171e-02
9.595970523549887665e-02
9.601195245071389439e-02
9.603795830063645289e-02
9.608134837849043042e-02
9.612266381786302438e-02
9.616438386043973940e-02
9.622013285486731571e-02
9.623736343209941813e-02
9.629452387362039123e-02
9.636138581035298689e-02
9.637059101000490513e-02
9.641940640536469931e-02
9.647220617546090060e-02
9.650294192648696534e-02
9.652933268580919657e-02
9.663520785220121312e-02
9.664771574862353332e-02
9.668389522651785195e-02
9.671506977392099746e-02
9.674542369641191131e-02
9.679248307471291501e-02
9.682238984548144356e-02
9.687187010477660287e-02
9.693420176025799306e-02
9.696995836680448455e-02
9.698728371151388306e-02
9.705057843244248306e-02
9.710465498172762833e-02
9.713309798287074470e-02
9.717881229714696312e-02
9.724330848946274863e-02
9.728759013513660348e-02
9.732133999735545493e-02
9.735010246062072992e-02
9.743631587426586360e-02
9.746288772210190410e-02
9.752566148846260330e-02
9.753086405772928846e-02
9.759682394631882807e-02
9.762627666007188398e-02
9.769192433460818781e-02
9.770416994059272220e-02
9.779484850069140867e-02
9.783067296140836311e-02
9.792557373193848391e-02
9.794235435795729805e-02
9.797168350320126229e-02
9.803128704986935338e-02
9.808857514703010760e-02
9.810472874397918597e-02
9.815102080265546147e-02
9.818828381555014251e-02
9.821816137089776910e-02
9.831944404648799984e-02
9.834769801732898276e-02
9.836571224227110000e-02
9.838345507420859226e-02
9.844463688409922641e-02
9.850060614728196884e-02
9.853869816779332880e-02
9.858593683519943640e-02
9.860570275913543847e-02
9.871498272817300079e-02
9.876906406089459856e-02
9.877777276120526528e-02
9.884774134190439654e-02
9.888606234391197902e-02
9.893162910923455899e-02
9.897230788178389138e-02
9.901227097105397279e-02
9.905573490665441072e-02
9.908330070581222726e-02
9.912066274245510955e-02
9.915328444391371954e-02
9.919238245588865577e-02
9.924485209339879710e-02
9.930452010692063236e-02
9.938466972587806092e-02
9.940642443700724307e-02
9.943951958620869669e-02
9.947832439082028577e-02
9.952209258504005063e-02
9.957664034489102645e-02
9.965994363141844614e-02
9.971444804740918488e-02
9.974204026998528816e-02
9.982325960187343750e-02
9.984904949080891656e-02
9.990339931272551599e-02
9.994668243190789336e-02
9.998547388623470200e-02
1.000136115806856268e-01
1.000199409572464088e-01
1.000458924320771908e-01
1.001359752791457641e-01
1.001560859903512513e-01
1.001831894513926374e-01
1.002242483866477990e-01
1.002587485120620681e-01
1.003214926060661261e-01
1.003651593478612769e-01
1.003695516781913794e-01
1.004629595005867015e-01
1.005117182255103880e-01
1.005894369454452819e-01
1.005982806567874560e-01
1.006779648206249794e-01
1.006898557074606126e-01
1.007516956457728818e-01
1.008074856159105054e-01
1.008662735795446963e-01
1.009430160655880732e-01
1.009663273290311442e-01
1.009847790148707264e-01
1.010251014038482803e-01
1.010742649449284797e-01
1.010989056010492548e-01
1.011081221781704037e-01
1.012177623862746539e-01
1.012390796119241737e-01
1.013305730897328255e-01
1.013579047638221153e-01
1.013926800879656892e-01
1.014287397794580436e-01
1.014415425054535080e-01
1.015049481458736580e-01
1.015532459120496167e-01
1.015869407882818015e-01
1.016191579188642502e-01
1.016776226470714195e-01
1.017312266467450543e-01
1.017673703161006138e-01
1.017779729418279572e-01
1.018821253409391697e-01
1.019124141874834799e-01
1.019691773960064163e-01
1.019727477064828747e-01
1.020247167635039420e-01
1.020637227625404847e-01
1.021040541145003533e-01
1.021422782769756121e-01
1.021647130856167540e-01
1.022370826241726649e-01
1.022778057612023089e-01
1.022945790290379908e-01
1.023746780560449848e-01
1.024252583843637265e-01
1.024798336436598262e-01
1.024988280928829792e-01
1.026334658064940314e-01
1.026436536195114158e-01
1.026920703926895578e-01
1.027601937813604205e-01
1.027695784973745724e-01
1.028341151735851638e-01
1.028463184538474240e-01
1.028570765020312971e-01
1.028815373444915970e-01
1.029275761396176436e-01
1.029807792928089383e-01
1.030527604063582736e-01
1.031026394484516190e-01
1.031214900034730791e-01
1.031763214908623660e-01
1.032421196730691909e-01
1.032911832008662073e-01
1.033251199989319857e-01
1.033775387296843040e-01
1.034196864644936487e-01
1.034649789982800272e-01
1.034756047322827055e-01
1.035522751307968309e-01
1.035739850716412419e-01
1.036303485973068539e-01
1.036647154297740403e-01
1.037014745458198217e-01
1.037480201938728169e-01
1.037860741689580479e-01
1.038359075444120760e-01
1.038666890476935140e-01
1.039260228641815664e-01
1.039683572328786026e-01
1.040022231750844378e-01
1.040259218825086568e-01
1.040727616141831624e-01
1.040780334008851032e-01
1.041306515381945907e-01
1.041590382005265630e-01
1.042425357119211582e-01
1.042702501986640939e-01
1.043411410113642412e-01
1.043895386789866764e-01
1.044092491823867958e-01
1.044473062643369171e-01
1.044958312474356943e-01
1.045586866644299257e-01
1.046149359795333356e-01
1.046652420686225021e-01
1.047070479580220065e-01
1.047207152285992010e-01
1.047465327596519974e-01
1.047980113319235407e-01
1.048515011634095495e-01
1.049493422729568387e-01
1.049816370261058979e-01
1.050349450198774653e-01
1.050741028338088578e-01
1.051160359641292036e-01
1.051973774285771129e-01
1.052276802789192112e-01
1.052455671975813523e-01
1.052988024829494690e-01
1.053364582962123541e-01
1.053742325549806291e-01
1.054378830653193710e-01
1.054689803415211902e-01
1.055153624090559294e-01
1.055629069047496760e-01
1.056018711994617942e-01
1.056190430296844035e-01
1.056811601292304836e-01
1.057096590396169045e-01
1.057523282979918600e-01
1.057867447786930704e-01
1.058491172551560555e-01
1.058646257763843218e-01
1.059046328066412385e-01
1.059591310409955939e-01
1.060069932659577080e-01
1.060277775721135823e-01
1.061090439041435657e-01
1.061586625025773556e-01
1.061796881630990702e-01
1.061905287985554641e-01
1.062816541207081550e-01
1.063146180070518310e-01
1.063549342699204731e-01
1.063967093056438912e-01
1.064157746635364388e-01
1.064489982491395453e-01
1.064556493748787108e-01
1.065341934601401475e-01
1.065875525698913862e-01
1.066060094520219909e-01
1.067003048689910416e-01
1.067502360836794645e-01
1.067659783544187418e-01
1.068022014348375265e-01
1.068170927688275318e-01
1.069074067995622046e-01
1.069294152630635292e-01
1.069487702636071347e-01
1.069833684289796250e-01
1.070168275965760751e-01
1.070436683363730906e-01
1.071056496042613881e-01
1.071558837127376540e-01
1.071954108997148214e-01
1.072894102428392504e-01
1.072945834119978931e-01
1.073194182330748508e-01
1.073825729528456174e-01
1.074668872371084410e-01
1.075018720066932554e-01
1.075139470498466115e-01
1.075621119512499280e-01
1.076310106971443831e-01
1.076569085707097112e-01
1.076731162139573234e-01
1.076920747101264703e-01
1.077605092481546956e-01
1.078150724680952272e-01
1.078249691209269834e-01
1.079059753325618265e-01
1.079492928774663241e-01
1.079663825567304114e-01
1.080424857812124911e-01
1.080760436260971430e-01
1.080907718781793647e-01
1.081541820199529158e-01
1.081879224366898984e-01
1.082195499529937238e-01
1.082485634149683712e-01
1.082803219706997555e-01
1.083346887129054553e-01
1.083710787411286125e-01
1.084050593024146331e-01
1.084411946092249807e-01
1.085077307259148388e-01
1.085267045811602743e-01
1.085884171311273655e-01
1.086009166569954221e-01
1.086363672104538880e-01
1.087177866443607976e-01
1.087381379052208275e-01
1.087901363215383749e-01
1.088541969613904814e-01
1.088701111185605835e-01
1.089040326859903596e-01
1.089166037213162852e-01
1.089729767116495440e-01
1.090148628998959257e-01
1.090716107247946959e-01
1.090994149046114053e-01
1.091274063347335149e-01
1.091820484852355638e-01
1.092769703424608663e-01
1.093013507188814598e-01
1.093221979514766157e-01
1.093952883181796149e-01
1.094201909555822944e-01
1.094766918124856353e-01
1.094822913152686122e-01
1.095970928986217119e-01
1.096313097558700295e-01
1.096364387108296062e-01
1.096714580940645611e-01
1.097316832880408655e-01
1.097364985496658840e-01
1.098067507166508860e-01
1.098283794034508321e-01
1.098371441822006689e-01
1.099109642290771599e-01
1.099513414179119908e-01
1.099752950727049677e-01
1.099940529281557000e-01
1.100151121882605582e-01
1.100516287057305143e-01
1.101062227054850906e-01
1.101705378792033618e-01
1.101879246564648057e-01
1.102113240669201771e-01
1.102905891113389880e-01
1.103480241858990768e-01
1.103926499779785270e-01
1.104285271202628260e-01
1.104458587230726790e-01
1.104830699212013823e-01
1.105760260922932642e-01
1.105969167155193278e-01
1.106163389864495972e-01
1.106582844456514003e-01
1.106785714150770872e-01
1.107282797553671011e-01
1.107935639342463446e-01
1.108079456495554976e-01
1.108279558570137435e-01
1.109306685353850103e-01
1.109461653819052290e-01
1.109862260197875677e-01
1.110470121066594040e-01
1.110658141645583935e-01
1.111212448616833159e-01
1.111775903073530247e-01
1.112031240093307033e-01
1.112203227677745487e-01
1.112867914866673413e-01
1.113407218639479862e-01
1.113583283019089487e-01
1.114419033544183507e-01
1.114587968728640854e-01
1.115101730929820706e-01
1.115434050660872173e-01
1.115649696268508628e-01
1.116462233352889799e-01
1.116700878886892623e-01
1.117374248421103278e-01
1.117737559355213572e-01
1.118095101763487698e-01
1.118605858015976617e-01
1.118862362198416865e-01
1.118975653681912180e-01
1.119934884167326505e-01
1.120608521955272913e-01
1.120786010756804757e-01
1.121147480128695390e-01
1.121434454448996670e-01
1.121897615195835696e-01
1.122395821497254031e-01
1.122870973559250835e-01
1.122916083679658811e-01
1.123608263712099903e-01
1.123720533033921859e-01
1.123862155994626577e-01
1.124481941469670232e-01
1.124914174725547278e-01
1.125699413144783528e-01
1.125843276301926876e-01
1.126362535711814689e-01
1.126974837314056177e-01
1.127248583151461286e-01
1.127604522971912132e-01
1.128259956415686993e-01
1.128301761004102954e-01
1.128635777717059835e-01
1.128914670268451742e-01
1.129879154671020458e-01
1.130203532501272562e-01
1.130804486110821988e-01
1.130880129328401124e-01
1.131425696005455978e-01
1.131867311694069178e-01
1.132360988315572609e-01
1.132720109160979677e-01
1.132945073699419269e-01
1.133478008271606580e-01
1.133699709812502343e-01
1.134039481794459625e-01
1.134460328558663939e-01
1.134993668000207345e-01
1.135416786883544638e-01
1.135736783452935689e-01
1.136483237469355090e-01
1.136956277676567095e-01
1.137201300338235438e-01
1.137624639303917023e-01
1.137879514848912366e-01
1.138536633966115014e-01
1.139072929519302224e-01
1.139142204029170297e-01
1.139418488721355149e-01
1.139915035589577630e-01
1.140301993561666227e-01
1.140582261179232809e-01
1.140858536345316226e-01
1.141374480647941864e-01
1.141509283976252509e-01
1.142691334163573047e-01
1.142922819006251534e-01
1.143046761977900838e-01
1.143879619937401837e-01
1.144081549099807416e-01
1.144725361455938839e-01
1.144948947842005654e-01
1.145667365727922604e-01
1.146041218792145655e-01
1.146269641765773478e-01
1.146763859433301697e-01
1.146924664156801221e-01
1.147180571675476546e-01
1.147580481341541891e-01
1.147869600738442714e-01
1.147970275659077888e-01
1.148769054478964297e-01
1.149081208849694336e-01
1.149884645438590397e-01
1.150314318195590352e-01
1.150698277132440606e-01
1.151170059432587572e-01
1.151271383409133015e-01
1.151954710579977947e-01
1.152314218846347549e-01
1.152965948389974710e-01
1.153252430428650110e-01
1.153648853095912696e-01
1.153993217504422908e-01
1.154913907506217308e-01
1.154949616255396411e-01
1.155368224559912144e-01
1.155571012316595619e-01
1.155653321898010150e-01
1.156563357271371689e-01
1.157050908929567329e-01
1.157351949102160271e-01
1.157815669421372734e-01
1.158191197538395306e-01
1.158391300792568357e-01
1.158677665939344126e-01
1.159190628637362247e-01
1.159337982714950532e-01
1.159911902406619150e-01
1.160277172290178349e-01
1.160673845876924598e-01
1.161000490325484330e-01
1.161397965979348301e-01
1.161464765924964254e-01
1.161966144665024930e-01
1.162252215087741652e-01
1.162609602679811616e-01
1.163267004980227393e-01
1.164027372374974723e-01
1.164427754630129874e-01
1.164673650114555342e-01
1.165147975356829041e-01
1.165503531207675997e-01
1.165942817148009347e-01
1.166463408616668224e-01
1.166848822455705953e-01
1.167250238859163236e-01
1.167584805641524864e-01
1.167790055940346183e-01
1.168207043021955160e-01
1.168513353524185117e-01
1.169058404294340686e-01
1.169634772358925517e-01
1.170103739879836402e-01
1.170333817464284387e-01
1.170540535719287317e-01
1.170983875902359556e-01
1.171621264102533644e-01
1.171722518476498998e-01
1.171868616041542299e-01
1.172386541666174259e-01
1.173177980610588117e-01
1.173466776231009423e-01
1.174133177920065052e-01
1.174863871667325421e-01
1.175143774311583206e-01
1.175625684507659724e-01
1.176119977544292511e-01
1.176506160061074197e-01
1.176742893615952967e-01
1.177383337457179185e-01
1.177584193116374134e-01
1.178029576398343520e-01
1.178359163768036427e-01
1.178608052027693975e-01
1.178857406475293385e-01
1.179568191096024288e-01
1.180146533249702007e-01
1.180749713610203949e-01
1.180902694073834025e-01
1.181598780051489328e-01
1.181731962911265754e-01
1.182176572832309980e-01
1.182566596926641761e-01
1.183098179702700981e-01
1.183409440718485861e-01
1.184031275029240465e-01
1.184350258467878891e-01
1.184703206943687331e-01
1.184789955397081984e-01
1.185144999034912633e-01
1.185587986071381800e-01
1.185689410458866111e-01
1.185959890116619342e-01
1.186450750388410164e-01
1.187315413775478085e-01
1.187604485788116698e-01
1.188079845071720042e-01
1.188342879183658662e-01
1.188901369517444684e-01
1.189672437605235333e-01
1.189922579137861619e-01
1.190552707319344761e-01
1.191134019266810173e-01
1.191171357830862199e-01
1.191370535522872226e-01
1.191948084162334776e-01
1.192353160504324300e-01
1.192813867935280936e-01
1.193179745772979666e-01
1.193762022385881222e-01
1.194359987822382341e-01
1.194619072391158859e-01
1.194986530063065072e-01
1.195637491866095997e-01
1.195978850257907594e-01
1.196677700450771847e-01
1.197136587384801665e-01
1.197304713640729296e-01
1.197637320546152129e-01
1.197818991100797897e-01
1.198224866771839675e-01
1.198982378374806312e-01
1.199145181107905966e-01
1.199619438614981104e-01
1.199942387410808942e-01
1.200371988900611614e-01
1.201053595548987607e-01
1.201611088253300985e-01
1.201932888731162691e-01
1.202219787755148817e-01
1.202631975978186857e-01
1.202778253552669457e-01
1.203577600317729396e-01
1.203992875219433711e-01
1.204371394160464459e-01
1.204690102859505424e-01
1.205018170341978639e-01
1.205561223894272560e-01
1.205667881835938426e-01
1.206063603148996854e-01
1.206862245172524578e-01
1.207478193712654552e-01
1.207731554142973812e-01
1.208066895893637333e-01
1.208366251756136101e-01
1.208738641456869045e-01
1.209371073036469152e-01
1.209778628608608048e-01
1.210111213264830760e-01
1.210608582540687733e-01
1.210859576704846480e-01
1.211259714327027615e-01
1.211971097688419458e-01
1.212098795507497301e-01
1.212663918207884384e-01
1.212884759864630846e-01
1.213151310824983065e-01
1.213824313515514397e-01
1.214110352714218716e-01
1.214218376388103704e-01
1.215341699499118688e-01
1.215690490722690920e-01
1.216032134809046789e-01
1.216524966968791782e-01
1.216814843755169989e-01
1.217180560464329875e-01
1.217803495071286823e-01
1.218294298885693183e-01
1.218706328156315688e-01
1.218829012733894379e-01
1.219543533183876788e-01
1.219732196001079849e-01
1.220094564554152217e-01
1.220427334229386290e-01
1.220604358308706033e-01
1.221125599161885927e-01
1.221641709254579627e-01
1.222138698232960868e-01
1.222705807500221731e-01
1.223125548828567777e-01
1.223299711134634010e-01
1.223752754599981424e-01
1.224024487955703427e-01
1.224276366260015902e-01
1.224733872556247466e-01
1.225401756188002622e-01
1.225559714713177345e-01
1.226211532223217965e-01
1.227244584527441007e-01
1.227404410585425792e-01
1.227629233013820126e-01
1.228205775359611368e-01
1.228480761504495006e-01
1.228991976101399958e-01
1.229526773520357580e-01
1.230007582578763747e-01
1.230013637807441246e-01
1.230824281917274887e-01
1.231098405241764504e-01
1.231285298285303420e-01
1.231795147696720522e-01
1.232413544137687528e-01
1.233043775847753459e-01
1.233324452373834590e-01
1.233610443211936997e-01
1.234561853334957132e-01
1.235286215666449722e-01
1.235319293296154863e-01
1.235886400039433036e-01
1.236058148667254220e-01
1.236193901249172805e-01
1.236798422987776674e-01
1.237556625294805868e-01
1.238096735240544755e-01
1.238131006377698323e-01
1.238701018888543198e-01
1.239016895109070343e-01
1.239481022834177798e-01
1.240055221395859608e-01
1.240811497680656961e-01
1.241289168461290199e-01
1.241846512558647253e-01
1.241915390119099766e-01
1.242735257473692734e-01
1.243118298634003499e-01
1.243349920479008830e-01
1.243567405517368440e-01
1.244474539074524877e-01
1.244861284291465947e-01
1.245391054120459084e-01
1.245895190631499116e-01
1.246318725698536689e-01
1.246482861890395172e-01
1.246700038144106376e-01
1.247107470770160570e-01
1.247476725524978708e-01
1.247694486181030876e-01
1.248674890339794563e-01
1.248695843593742721e-01
1.249892797417112844e-01
1.250083029698565995e-01
1.250221217731157797e-01
1.250900444639419518e-01
1.251302002731866092e-01
1.251551222955517018e-01
1.251887434903138918e-01
1.252333109823149937e-01
1.252581651695323373e-01
1.252981493123637713e-01
1.253621417970140761e-01
1.254021955742027628e-01
1.254236462265395646e-01
1.254901756340971453e-01
1.255066251592525106e-01
1.255931879060717682e-01
1.256136668358440733e-01
1.256582587537643791e-01
1.257232180766748031e-01
1.257804029899297071e-01
1.258431202912848323e-01
1.258851552323672629e-01
1.259006878830964959e-01
1.259197574357161231e-01
1.260036320068574078e-01
1.260110957189640446e-01
1.260442154159528150e-01
1.261373855140531242e-01
1.261505022304232615e-01
1.261950187245243771e-01
1.262171284704498575e-01
1.262571128921023411e-01
1.263045528167643650e-01
1.263526948453231047e-01
1.263717231305298283e-01
1.264135889298204363e-01
1.264619500077481251e-01
1.265028828244113834e-01
1.265493678384626564e-01
1.266174465726291609e-01
1.266476684626005600e-01
1.266878005075803282e-01
1.267561204143425602e-01
1.267781870342150341e-01
1.267871468897871778e-01
1.268207167349899023e-01
1.268810197830435860e-01
1.269595390571296722e-01
1.269803688732816516e-01
1.270159448522598378e-01
1.270710046302288287e-01
1.271110929618170515e-01
1.272035023369195439e-01
1.272317821285867401e-01
1.272618255377626906e-01
1.272863069713462691e-01
1.273311632627877610e-01
1.274010424412236886e-01
1.274349647057702595e-01
1.274865446138074843e-01
1.275180035339797957e-01
1.275354265596474190e-01
1.275836837937928403e-01
1.276128453444486943e-01
1.276850939461829926e-01
1.277538390037277205e-01
1.277942437682429988e-01
1.278463534346517549e-01
1.278665474217881848e-01
1.278689889618308539e-01
1.279169482051542295e-01
1.279716303506401864e-01
1.279875059840359375e-01
1.280277712337480334e-01
1.280983701580623857e-01
1.281168189278356628e-01
1.281588800423906216e-01
1.282198697426404355e-01
1.282352434472375236e-01
1.283283391635778314e-01
1.283911056444214105e-01
1.284128548229945543e-01
1.284385661492553621e-01
1.284780582776067770e-01
1.285379637741670689e-01
1.285440839410134095e-01
1.286257464071151879e-01
1.286330784754763645e-01
1.286774684072438391e-01
1.287409926562541329e-01
1.287581920625308629e-01
1.288333883473194719e-01
1.288439154914298723e-01
1.288969132654299299e-01
1.289140653116989943e-01
1.289817281741297283e-01
1.290168684961789380e-01
1.290238733191727827e-01
1.291108662171329136e-01
1.291280331349766164e-01
1.291689061072252842e-01
1.292582780034949586e-01
1.292818248818180804e-01
1.293295766854647422e-01
1.293857779467211810e-01
1.294100238745015119e-01
1.294720812471070182e-01
1.294969301350632207e-01
1.295449520123752585e-01
1.296163467367286715e-01
1.296374791107266777e-01
1.296613065266469522e-01
1.297498141985036491e-01
1.297870970635365828e-01
1.298516823844437507e-01
1.298694047954132291e-01
1.299101501974987138e-01
1.299783215406379588e-01
1.299939402647353470e-01
1.300608416712998039e-01
1.300638644209640704e-01
1.301375014781853412e-01
1.301512983174516191e-01
1.301971136670384555e-01
1.302254192712768155e-01
1.303003021116185545e-01
1.303151860453791444e-01
1.303575583093329049e-01
1.303882593009392521e-01
1.304016722509500348e-01
1.304314075706686782e-01
1.304856447502443506e-01
1.305256648501436356e-01
1.305918492114814256e-01
1.306338700463516855e-01
1.306952111755941559e-01
1.307220977775605530e-01
1.307516499174395941e-01
1.308403997650705586e-01
1.308763169643134550e-01
1.309250728730148583e-01
1.309432341124190935e-01
1.309593511114940656e-01
1.309662069695368969e-01
1.309960049657718506e-01
1.310690683486940844e-01
1.311010875123090058e-01
1.311706128963983364e-01
1.311996920324578486e-01
1.312642838527075806e-01
1.312878180203903566e-01
1.313603769113388664e-01
1.314039319225791813e-01
1.314344357232265781e-01
1.314879359710658946e-01
1.315165883661290613e-01
1.315578593606958335e-01
1.315873840360773928e-01
1.316102916929078326e-01
1.316601851849192040e-01
1.316727948839059581e-01
1.317282387126602339e-01
1.317618757620034886e-01
1.317799677991756957e-01
1.318439593971790502e-01
1.318890874861031737e-01
1.319465480012521619e-01
1.319846815230564241e-01
1.320341830570602726e-01
1.320701523832051860e-01
1.321245737365276673e-01
1.321409005860339492e-01
1.322057396408537477e-01
1.322472380055965402e-01
1.322613231665571987e-01
1.322809638183196079e-01
1.323663145653144468e-01
1.324238621344560884e-01
1.324397709477156682e-01
1.324842082499765317e-01
1.325244810208444368e-01
1.326125473819450562e-01
1.326646049925713500e-01
1.326830107015437021e-01
1.327260363094631135e-01
1.327534450302720881e-01
1.328293584478845712e-01
1.328573586883121938e-01
1.329224162594406233e-01
1.329797341081986328e-01
1.330031374815052458e-01
1.330200289810669900e-01
1.330754963576357419e-01
1.331023167281497610e-01
1.331854744728060425e-01
1.332223692593802744e-01
1.332332911821911825e-01
1.333033509893319923e-01
1.333597991977215902e-01
1.333782853953147107e-01
1.334049019435666616e-01
1.334306444180964335e-01
1.334838336425007987e-01
1.335059690295885559e-01
1.335506739586048153e-01
1.336257119071562194e-01
1.336939231114164517e-01
1.337155962453782654e-01
1.337533805256815589e-01
1.338005301965778382e-01
1.338631437646410627e-01
1.339056264403180596e-01
1.339074926021436018e-01
1.339626335430798565e-01
1.340065407765765881e-01
1.340406122208370743e-01
1.340816250370472085e-01
1.341428604744924480e-01
1.341666871115441417e-01
1.342267275528847281e-01
1.342697525939263448e-01
1.343192547285547711e-01
1.343372720483908545e-01
1.343825214063384677e-01
1.344543334658651057e-01
1.344575548946896348e-01
1.345190236880585422e-01
1.345549557296902288e-01
1.346062629818834122e-01
1.346582358348483999e-01
1.347461093212969918e-01
1.347691276683770367e-01
1.348408560645182053e-01
1.348494524737496036e-01
1.348701950110502146e-01
1.349049924812660561e-01
1.349762077476313882e-01
1.350138650493525327e-01
1.350811179808506235e-01
1.351179191960356074e-01
1.351722208107720424e-01
1.352020654467926686e-01
1.352185142822019959e-01
1.352677739937207524e-01
1.352877708226492837e-01
1.353404417313802954e-01
1.353745274996564218e-01
1.354498311076332284e-01
1.354780405107796071e-01
1.355124249961956739e-01
1.355711613345703115e-01
1.356254613254744001e-01
1.356563629730209997e-01
1.357099027567031380e-01
1.357277109125133441e-01
1.357514493921166965e-01
1.358342292158227216e-01
1.359077139447246452e-01
1.359215264600509565e-01
1.359633700695864200e-01
1.359678848593288136e-01
1.360061458642642385e-01
1.360799610767942369e-01
1.361374882024920796e-01
1.361572752329457958e-01
1.361624019788788831e-01
1.362699584041401901e-01
1.363045142221077644e-01
1.363614951542442277e-01
1.363837765371359867e-01
1.364209176993508854e-01
1.365249729102296083e-01
1.365572232727669255e-01
1.365892152667119441e-01
1.366601363436484307e-01
1.366820684623337445e-01
1.367179312041996442e-01
1.367824131223652762e-01
1.368101580626902847e-01
1.368673666227228081e-01
1.369194346609657886e-01
1.369707194721237753e-01
1.369920179767968871e-01
1.370207289756653068e-01
1.370570322926107087e-01
1.371083146591733637e-01
1.371623081966500957e-01
1.371951904713492043e-01
1.372307976384665174e-01
1.372799576245250230e-01
1.373082734817129835e-01
1.373866411528755216e-01
1.373961889431458694e-01
1.374757926805671715e-01
1.374903853981648549e-01
1.375423395423529538e-01
1.375976716356576146e-01
1.376275426472347574e-01
1.376637082252209765e-01
1.377023837159206676e-01
1.377250102445557456e-01
1.377708062422888513e-01
1.378411049043847536e-01
1.378776304118530249e-01
1.379233219495834273e-01
1.379323353816958031e-01
1.379943390389527236e-01
1.380297439298657780e-01
1.380648637397364487e-01
1.381033286656967729e-01
1.381866547446982951e-01
1.382295331933056093e-01
1.382998637023727662e-01
1.383098504129365303e-01
1.383486849867256174e-01
1.383868811566154600e-01
1.384156491907590769e-01
1.384248498053313736e-01
1.385319777049603962e-01
1.385765789823036054e-01
1.386357520084371409e-01
1.386720627622302360e-01
1.387170789876978061e-01
1.387433369167850317e-01
1.388020305816858868e-01
1.389009258974603644e-01
1.389084676091543735e-01
1.389626289615313592e-01
1.389840178732908715e-01
1.390206539255902096e-01
1.390969471851666861e-01
1.391178047457806710e-01
1.391518571978069829e-01
1.391870538145178193e-01
1.392339753598646201e-01
1.392863519994776145e-01
1.393206546134336810e-01
1.393901697077369051e-01
1.394221196432599286e-01
1.394512326107396893e-01
1.394717458034278323e-01
1.395385734772255637e-01
1.395778719621560693e-01
1.396281134501871912e-01
1.397114029127271562e-01
1.397290513525304145e-01
1.397878632229540008e-01
1.398240618699706228e-01
1.398456806950018616e-01
1.399164573920357313e-01
1.399414024008922286e-01
1.400030222987920792e-01
1.400723327211489122e-01
1.401340626894810593e-01
1.401906298267124318e-01
1.402009952681114169e-01
1.402728994891470904e-01
1.402908581555243062e-01
1.403263728792487064e-01
1.403473490879784125e-01
1.403771073607935627e-01
1.404707341465807613e-01
1.404769608785192692e-01
1.405370717531234381e-01
1.406338321623664400e-01
1.406695876084706753e-01
1.406990413570725074e-01
1.407613486470087327e-01
1.408279870256498589e-01
1.409147531089315064e-01
1.409314686686860829e-01
1.409741141218763538e-01
1.409773074311475860e-01
1.410452795856936281e-01
1.411120481467925680e-01
1.411250034206071591e-01
1.411611611118532561e-01
1.412168110712980207e-01
1.412660891355195514e-01
1.412900857368966645e-01
1.413294910890177669e-01
1.413593701189559404e-01
1.413995269118362985e-01
1.414954283669553892e-01
1.415075315523706689e-01
1.415702226356045368e-01
1.415780204522585628e-01
1.416620474298458943e-01
1.417059641716067186e-01
1.417762155126788548e-01
1.418206689262995479e-01
1.418426814153274929e-01
1.419228682408793518e-01
1.419418766765819517e-01
1.419909158990500520e-01
1.420304628162963323e-01
1.420796839757106911e-01
1.421202131713684147e-01
1.421457924080740953e-01
1.421578771773479577e-01
1.422194206928289739e-01
1.422504675869529500e-01
1.422858759006981888e-01
1.423348119308410487e-01
1.424284875515639814e-01
1.424670538888782312e-01
1.424951472206715530e-01
1.425417694471292629e-01
1.426060407277101039e-01
1.426402064441001927e-01
1.426867865837179450e-01
1.427253389341336665e-01
1.427806165925641080e-01
1.428452377407059548e-01
1.428729001850602420e-01
1.428925483793638818e-01
1.429384399594761101e-01
1.429636316922315575e-01
1.430202338007157126e-01
1.430746056226395446e-01
1.431157150098344988e-01
1.431666321828544142e-01
1.432206448557920009e-01
1.432449044034173891e-01
1.433127677418906953e-01
1.433161953214758255e-01
1.433948493158209991e-01
1.434258911426229688e-01
1.434508660466564667e-01
1.435370568943685476e-01
1.435576654413064368e-01
1.436427822005983401e-01
1.436619609927114183e-01
1.436896247505554391e-01
1.437055314661193628e-01
1.437881135374277919e-01
1.438507825865970313e-01
1.439261893524781122e-01
1.439456941094517661e-01
1.439763947660533394e-01
1.439876109948964311e-01
1.440083423823111108e-01
1.440480024257234648e-01
1.441796417728422319e-01
1.441884863368771419e-01
1.442283526413464800e-01
1.442736358207541425e-01
1.443143811018371969e-01
1.443257639644434653e-01
1.443887851470305184e-01
1.444696455929114498e-01
1.444941794426305159e-01
1.445250543114931785e-01
1.445609656613557614e-01
1.446379988488883939e-01
1.446826814680472195e-01
1.447111263957673033e-01
1.447913468616441879e-01
1.448218621658514116e-01
1.449007141180357616e-01
1.449405866595976089e-01
1.449736301955846796e-01
1.450033309201910203e-01
1.450463851611648314e-01
1.451116388567159077e-01
1.451529564520271098e-01
1.451980280445669125e-01
1.452516074421593140e-01
1.452878379941386355e-01
1.453351901141684832e-01
1.453854384487555385e-01
1.453963972946496208e-01
1.454192834535873169e-01
1.454945680727469104e-01
1.455979739458210243e-01
1.456473685184008215e-01
1.457172926302188476e-01
1.457402338867790081e-01
1.458238209453903422e-01
1.458551750813728565e-01
1.459263158324896059e-01
1.460031200841730437e-01
1.460636241705646765e-01
1.461013920019501033e-01
1.461214408134580423e-01
1.461729354060106734e-01
1.461804736521308545e-01
1.462235725342603820e-01
1.462663122278160255e-01
1.463207561289718017e-01
1.463693178774649051e-01
1.464074959920196872e-01
1.465026332322220404e-01
1.465147527440877617e-01
1.465422518759441906e-01
1.466373601943962435e-01
1.466558803798654054e-01
1.466807580645164699e-01
1.467381843209588921e-01
1.467872130774717232e-01
1.468121561144263565e-01
1.468331061762383205e-01
1.469101125753503323e-01
1.469725633697316070e-01
1.470243180012247020e-01
1.470466709690999296e-01
1.470713819239614917e-01
1.471434480976291925e-01
1.471600759147994875e-01
1.472142698826445772e-01
1.472905027964529212e-01
1.473710929720061513e-01
1.473834017076806890e-01
1.474084956980295513e-01
1.474790893915689238e-01
1.475377989925262812e-01
1.475885273275591159e-01
1.476088901763895345e-01
1.476463198652465669e-01
1.477359584827208638e-01
1.477722748181988510e-01
1.477994795769912439e-01
1.478590759397382937e-01
1.478936407880613590e-01
1.479598727354961285e-01
1.479955234834370303e-01
1.480233255586057006e-01
1.480351931141877797e-01
1.480824816844459879e-01
1.482103415137389357e-01
1.482378599530618790e-01
1.482806668724020449e-01
1.483521861358880201e-01
1.483866801515637268e-01
1.484805537380515517e-01
1.485400406214105185e-01
1.485655397549435208e-01
1.485981233991842954e-01
1.486893253103801493e-01
1.487619222644399331e-01
1.487791853558886324e-01
1.487951080786119873e-01
1.488677845201301364e-01
1.488707605078760932e-01
1.489864061620418956e-01
1.490258521182127593e-01
1.490599931175371484e-01
1.491389491962314406e-01
1.492024820009952013e-01
1.492242692585193098e-01
1.492727451209347189e-01
1.492948928511251272e-01
1.493342752503331317e-01
1.493902714849291435e-01
1.494619811449071634e-01
1.495203187436449643e-01
1.495571556551435199e-01
1.496422857072887691e-01
1.496640572089586729e-01
1.497077587210640937e-01
1.497444990251391161e-01
1.497941036103541956e-01
1.498368701271697856e-01
1.498706348825860624e-01
1.499034742228541051e-01
1.499730121873009137e-01
1.500083586242932920e-01
1.501019358077745891e-01
1.501670123601487605e-01
1.502056807344301081e-01
1.502593985831160994e-01
1.502787398848825784e-01
1.503338361916674304e-01
1.503783984919826455e-01
1.504477013341451730e-01
1.505232123881488637e-01
1.505351312255416296e-01
1.506222272464841361e-01
1.506443108155626487e-01
1.507732143028484295e-01
1.508189940907230520e-01
1.508620216918931944e-01
1.509123245765132681e-01
1.509554590454381395e-01
1.509767392511768835e-01
1.510523974678528447e-01
1.511117073783760090e-01
1.511427841312113496e-01
1.511481920001348234e-01
1.512210741794701718e-01
1.512770114750592310e-01
1.513401434558942493e-01
1.513502204968302789e-01
1.513897866625202038e-01
1.514732099505329554e-01
1.515084819293642526e-01
1.515487804786747050e-01
1.515725147289691543e-01
1.516181462741486297e-01
1.516317258472680840e-01
1.517033228616033458e-01
1.517978208189545430e-01
1.518406559581162163e-01
1.518840631245208239e-01
1.519386423214263149e-01
1.519795794069689898e-01
1.520572711564243396e-01
1.520758058001133728e-01
1.521226343560820871e-01
1.521653168139885659e-01
1.522045255725895663e-01
1.522535874867560757e-01
1.523096295751424634e-01
1.523572552050391771e-01
1.524152465176001059e-01
1.524469505794239788e-01
1.524842765722715099e-01
1.525494877222184076e-01
1.525772577952276554e-01
1.526186753419052078e-01
1.526927558858720835e-01
1.527628781026755811e-01
1.528200002355625531e-01
1.528369675597121002e-01
1.528686958359780079e-01
1.529263705533105422e-01
1.529818067085727540e-01
1.530793561780658119e-01
1.530871697982998103e-01
1.531695064436631171e-01
1.531927773511134738e-01
1.532640777586554148e-01
1.532776396472639857e-01
1.533042449797591966e-01
1.533533740245027477e-01
1.533887114543117380e-01
1.533904761979935361e-01
1.534993172480307033e-01
1.535124408400729834e-01
1.535698734807342536e-01
1.536044609065981281e-01
1.536921434771552075e-01
1.536990812249039162e-01
1.537632942692440385e-01
1.538112234968677383e-01
1.538955718529423089e-01
1.539213451378402264e-01
1.539645971366135069e-01
1.539963442971903906e-01
1.540492593992990877e-01
1.540760128308208132e-01
1.541794959249547792e-01
1.542241409271630503e-01
1.542567950884113637e-01
1.542942061898336381e-01
1.543465210834115142e-01
1.544653399404124772e-01
1.544810479506389111e-01
1.545044583721172649e-01
1.545440340154683734e-01
1.545928936992033154e-01
1.546273382651805750e-01
1.546696204514339534e-01
1.547462849783307060e-01
1.547982485433044009e-01
1.548263353353998562e-01
1.548619122635737644e-01
1.549186542248415233e-01
1.549358212114728961e-01
1.550028117741308331e-01
1.550353096863465729e-01
1.550586258387781635e-01
1.551442923871932389e-01
1.551961181230410713e-01
1.552488039458815028e-01
1.553100588220354961e-01
1.553999287165726273e-01
1.554452988370846611e-01
1.554786631909966799e-01
1.555241733516351810e-01
1.555962527182019051e-01
1.556302446796565264e-01
1.556596821676803910e-01
1.556929729330711332e-01
1.557847784736662022e-01
1.558320597065048774e-01
1.558720854209451612e-01
1.559415347808365548e-01
1.559684375188245820e-01
1.560446310441265250e-01
1.560849794872681551e-01
1.560894680094648546e-01
1.561886027025716495e-01
1.562454584825998805e-01
1.562803601789087005e-01
1.563440882843349644e-01
1.564394205850450359e-01
1.564703378647807619e-01
1.565016921142236006e-01
1.565647403045546393e-01
1.565934499943854030e-01
1.566276075889190822e-01
1.567098534362403872e-01
1.567193978776159069e-01
1.568043303024487800e-01
1.568264403860254175e-01
1.569182319448038099e-01
1.569450952052673098e-01
1.570369360751382171e-01
1.570418894574896196e-01
1.570790406156697128e-01
1.571606841632103568e-01
1.571693496417000124e-01
1.572135514158125302e-01
1.572535427980994993e-01
1.573049172415812991e-01
1.573383374247028510e-01
1.573928323052913025e-01
1.574486998341259048e-01
1.575131986906629089e-01
1.575719853052962582e-01
1.576176299979671069e-01
1.576266096072355960e-01
1.576786783499631028e-01
1.577492717643902420e-01
1.578115412662419448e-01
1.578473775608698060e-01
1.578762971096409617e-01
1.578901924237848253e-01
1.579539829917067095e-01
1.580176385568390351e-01
1.580500425685263666e-01
1.581059467245511385e-01
1.581409562327411589e-01
1.582355342095408401e-01
1.582387622092345791e-01
1.582978873609463544e-01
1.583063847233212029e-01
1.583850462436374174e-01
1.584589188941544213e-01
1.585273792887643696e-01
1.585667911528448604e-01
1.586422267299275046e-01
1.586873132308881662e-01
1.587267152447586482e-01
1.587473205191229364e-01
1.588099149528598986e-01
1.589111184995053438e-01
1.589778089776850700e-01
1.590392146317567701e-01
1.590777232649999429e-01
1.591258867081502826e-01
1.591812128119897696e-01
1.592044934163074354e-01
1.592274362600646365e-01
1.592511991828406970e-01
1.592979074615719359e-01
1.593918973281434615e-01
1.594226639535469281e-01
1.595038641389311118e-01
1.596102491021139658e-01
1.596388024009944839e-01
1.596576464677648410e-01
1.597112182844766526e-01
1.597824064803264610e-01
1.598208923993847674e-01
1.598572150320807794e-01
1.598897606589578246e-01
1.599845195067880477e-01
1.600350694648763616e-01
1.600652758223177208e-01
1.601053130092232046e-01
1.601607090770363895e-01
1.602370278226939726e-01
1.602936629729783680e-01
1.603098295687207797e-01
1.603604999209456428e-01
1.603909474282629866e-01
1.604434081053286998e-01
1.605200587433624482e-01
1.605837665695176164e-01
1.606884292994898156e-01
1.607560433754289531e-01
1.607862366289257161e-01
1.608342859081750009e-01
1.608670425833587381e-01
1.609995826418950116e-01
1.610172417467825579e-01
1.610625629807073134e-01
1.611171419025007878e-01
1.611680753835325330e-01
1.612262991586500271e-01
1.612618574880763656e-01
1.613251135998091945e-01
1.613653639650889648e-01
1.614440401969185757e-01
1.614714833175095177e-01
1.614957367404291078e-01
1.615308337858679388e-01
1.615882635955101509e-01
1.616432982381839356e-01
1.617271619895237489e-01
1.617548210081347915e-01
1.618574106046432870e-01
1.618731013132509722e-01
1.619199183126153463e-01
1.619665071859833216e-01
1.619965206741815489e-01
1.620552926368458158e-01
1.620868026024656905e-01
1.621353026793152796e-01
1.622286944467380976e-01
1.622793158647565515e-01
1.622914088654902887e-01
1.622979043257053444e-01
1.623743820090569889e-01
1.624136609643246909e-01
1.625118510059848365e-01
1.625260266519986119e-01
1.626044556604464009e-01
1.626241346198474269e-01
1.627213763139997715e-01
1.627494779592988938e-01
1.627925765371867062e-01
1.628313474703062813e-01
1.629182877457222012e-01
1.629729538252936427e-01
1.629913046458365544e-01
1.631261532757780908e-01
1.631449020369708236e-01
1.631940665754704201e-01
1.632190151410165269e-01
1.633010784193727472e-01
1.633236565586301814e-01
1.633662438663707195e-01
1.633888845731139294e-01
1.634327205199041788e-01
1.635305814076276343e-01
1.635811481990495364e-01
1.636508152911830272e-01
1.637024079620212347e-01
1.637446697605421386e-01
1.638021038505172999e-01
1.638486682774220882e-01
1.639229155537579308e-01
1.639859918005134309e-01
1.640336524252948569e-01
1.640709094218671671e-01
1.640901735814838669e-01
1.641189322096087699e-01
1.641623592766147943e-01
1.641992429488335348e-01
1.642556621093303748e-01
1.643459270079532797e-01
1.644512619782027285e-01
1.644880109404703861e-01
1.645120591537673760e-01
1.645555776471076814e-01
1.646258774650434242e-01
1.647006234889273057e-01
1.647223312039143017e-01
1.647451283174311831e-01
1.648493775169508624e-01
1.649215235513739886e-01
1.649938883931775513e-01
1.650523135317790713e-01
1.651476916178445664e-01
1.651560650235590066e-01
1.651861498077723256e-01
1.652942155390017265e-01
1.653072897112081441e-01
1.653756502677749540e-01
1.653915997178091735e-01
1.654486815441098546e-01
1.654922858721185330e-01
1.655474509199014732e-01
1.655947362195118178e-01
1.656086283694154226e-01
1.656583230436477483e-01
1.658079338690927607e-01
1.658348961892753826e-01
1.658801669803729173e-01
1.659196403955610077e-01
1.660268680586936829e-01
1.660944630732114902e-01
1.661874356111657791e-01
1.662584184612863336e-01
1.663264433046689750e-01
1.663731957252976568e-01
1.664171215384510349e-01
1.664657286622472088e-01
1.664990119782399636e-01
1.665396788337163148e-01
1.666034666128388964e-01
1.666412395147169601e-01
1.666818233126387827e-01
1.667185515138348562e-01
1.667882712954574798e-01
1.668201578943049324e-01
1.668681866410256787e-01
1.668909650842567705e-01
1.669635055127583756e-01
1.670579020903583123e-01
1.670747854222215389e-01
1.671134065997025853e-01
1.671434855366337457e-01
1.672380020132547829e-01
1.673012302872334267e-01
1.673453950050384775e-01
1.674119001915607141e-01
1.674272896285096679e-01
1.674890742063988858e-01
1.675185263782510980e-01
1.675877185330760522e-01
1.676026197457511635e-01
1.676913735083410684e-01
1.677172979569749867e-01
1.677888490676024136e-01
1.678673500433882637e-01
1.679351821974919834e-01
1.679696907092741442e-01
1.679932953708533905e-01
1.680527773438932615e-01
1.681046794134370692e-01
1.681628026989722691e-01
1.682413178924558883e-01
1.682861353666540161e-01
1.682956345539557974e-01
1.683509406610261272e-01
1.683901057986840755e-01
1.684874492241434096e-01
1.686209415077789819e-01
1.686714822289149540e-01
1.687006950639894920e-01
1.687373804717088033e-01
1.687814202770280547e-01
1.688455706793586253e-01
1.689060225111939373e-01
1.689314073521318849e-01
1.690058979937132944e-01
1.690357197457265648e-01
1.690899639225612594e-01
1.691300559868120224e-01
1.692127062953917571e-01
1.692814924472531568e-01
1.693324514014047655e-01
1.693956926904682248e-01
1.694263072895090261e-01
1.694341630845189184e-01
1.695081181365344636e-01
1.695947759642906227e-01
1.696270590313367632e-01
1.697165031642754729e-01
1.697362413273503789e-01
1.697642080459731695e-01
1.698234006359989889e-01
1.698907128562231472e-01
1.699382691524257138e-01
1.699821115139065475e-01
1.700308330961615433e-01
1.700900663163664450e-01
1.701425100389364342e-01
1.702127525572560141e-01
1.702508063577663766e-01
1.702985046963977345e-01
1.703303024727857440e-01
1.703662767024731461e-01
1.704063656395546078e-01
1.704571874610852356e-01
1.705619741901542030e-01
1.706057861537305653e-01
1.706734194628879708e-01
1.707066430926086620e-01
1.707544236847311492e-01
1.708028486056627215e-01
1.708440894312535097e-01
1.708877040759602395e-01
1.709103055862654374e-01
1.709440702968804404e-01
1.709998196615748201e-01
1.711737155010185085e-01
1.711808075800003159e-01
1.712687831410995010e-01
1.712764595094805609e-01
1.713720702529972217e-01
1.715001088008830665e-01
1.715439818005854711e-01
1.715715762593159333e-01
1.715783583260836187e-01
1.716163455836717255e-01
1.716790791367805158e-01
1.717702442915264305e-01
1.718418299967017782e-01
1.718647563057896788e-01
1.719250747167638260e-01
1.720153579585066983e-01
1.720255278729644066e-01
1.721149401523376088e-01
1.721223220193558168e-01
1.722092778321605011e-01
1.722443822440858086e-01
1.723025002018900853e-01
1.723421202434939070e-01
1.723562436865013758e-01
1.724029511542398696e-01
1.724865122630377390e-01
1.725365212469925358e-01
1.725863839341164330e-01
1.726296457315376343e-01
1.726675469680120922e-01
1.727360961868462386e-01
1.727945888082330350e-01
1.728439770485493965e-01
1.728794359081279319e-01
1.729321534047859321e-01
1.730147646669890349e-01
1.730462906934129574e-01
1.730912689878466582e-01
1.731527356050201472e-01
1.732532539981187780e-01
1.732806130734283190e-01
1.733024165394427274e-01
1.733778969693978989e-01
1.734414846295146140e-01
1.734827953977225445e-01
1.735414787615784105e-01
1.736435799771047783e-01
1.736768069571991147e-01
1.737229529024853780e-01
1.737295526432007520e-01
1.738034544955425198e-01
1.739482422864715994e-01
1.739816550034530007e-01
1.740993902093181389e-01
1.741261497564958738e-01
1.741704851734122983e-01
1.741996391275107692e-01
1.742814241550672549e-01
1.743564345750203137e-01
1.743710342785642908e-01
1.744149693056188111e-01
1.744566425216021177e-01
1.745357643659144475e-01
1.745870213567138340e-01
1.746127074812103552e-01
1.746746047890747611e-01
1.747773978532661809e-01
1.748209515143661075e-01
1.748496420135982055e-01
1.748892883840781065e-01
1.749317985714380352e-01
1.749709387741833211e-01
1.750276729755552985e-01
1.750856807674735227e-01
1.751276568541011436e-01
1.751568347280079430e-01
1.752857450789200022e-01
1.753060048955897288e-01
1.753574733580409162e-01
1.754423037993084189e-01
1.755202733595733755e-01
1.755566403986637269e-01
1.756538778930514799e-01
1.756684177952217429e-01
1.757171969620208163e-01
1.757634652403025632e-01
1.758015381195245086e-01
1.758475402313782743e-01
1.759611829014360029e-01
1.760265697678689567e-01
1.760407577989515915e-01
1.761479448624255761e-01
1.761902284150046183e-01
1.762613106086572679e-01
1.762678439841040556e-01
1.762999874245790854e-01
1.763512163856561510e-01
1.764002715143621058e-01
1.764244828678128152e-01
1.765203403189115339e-01
1.766551265656173542e-01
1.767229697882457817e-01
1.767981884637045142e-01
1.768102642948109204e-01
1.768573387167693134e-01
1.769304176053645983e-01
1.769514532937960238e-01
1.770820980263812794e-01
1.771622365192788984e-01
1.772002223423112810e-01
1.772509345265545766e-01
1.773267284888370432e-01
1.773340376342437963e-01
1.774120051452138525e-01
1.774179672670432029e-01
1.775239802099653208e-01
1.775477595275771758e-01
1.776108310949774394e-01
1.776526609430308379e-01
1.778029464898673306e-01
1.778479732489982312e-01
1.779215341703114517e-01
1.779927789245684955e-01
1.780220769331241071e-01
1.781072644731161447e-01
1.781439431635451209e-01
1.782242892852022031e-01
1.782410630967725118e-01
1.783253201610325578e-01
1.783667435301646287e-01
1.784108987097471899e-01
1.785055069821015195e-01
1.786099184082002300e-01
1.786894424907650991e-01
1.787482901167414540e-01
1.787604576407408608e-01
1.788172274351569890e-01
1.789002077163573956e-01
1.789438935314771328e-01
1.790237029173866734e-01
1.790491231470033029e-01
1.791155057663790517e-01
1.791915612125507817e-01
1.792230868017006262e-01
1.793487786125759764e-01
1.793632488329936214e-01
1.794397041797348991e-01
1.794533963512110197e-01
1.795941499957120491e-01
1.796007187126202609e-01
1.796488384160129792e-01
1.796584035813566516e-01
1.797987314597722097e-01
1.798427914549252937e-01
1.798518153150726051e-01
1.799067062969195441e-01
1.799731958947285715e-01
1.800233536670658163e-01
1.800723142167371948e-01
1.801256541783594345e-01
1.802742836865480758e-01
1.803175570425533947e-01
1.803676747000845515e-01
1.804184950160523104e-01
1.805426586722763127e-01
1.805661956173948979e-01
1.806624180298554150e-01
1.806785336473664960e-01
1.807527598387878298e-01
1.807704740195139603e-01
1.808588672534098551e-01
1.808838179817374991e-01
1.809492423587910626e-01
1.809655589068475401e-01
1.810627958466757281e-01
1.811223965685221093e-01
1.812263903445423818e-01
1.812610618373381999e-01
1.813055662899559772e-01
1.813411431650890915e-01
1.813651085009221064e-01
1.815086290750978493e-01
1.815256792093212501e-01
1.815896888318318525e-01
1.816517014045019029e-01
1.816903414699709285e-01
1.817904234231224048e-01
1.818098095232340283e-01
1.818829019473286734e-01
1.819232777853944660e-01
1.820188125769306997e-01
1.820882621681761127e-01
1.821155873528874369e-01
1.821796173443152589e-01
1.822259979226023840e-01
1.822360481685080524e-01
1.823302774172229912e-01
1.823904355926951326e-01
1.824590610005598634e-01
1.825442534423313556e-01
1.826006906554262232e-01
1.826230397644795778e-01
1.826374300096953729e-01
1.827025523350196412e-01
1.827513733471579083e-01
1.828438931924780686e-01
1.829227804248608480e-01
1.829494747429094570e-01
1.830179691263980613e-01
1.830402679901166341e-01
1.830939534819372716e-01
1.831642581725360375e-01
1.832557920174109622e-01
1.832677637821784333e-01
1.833213326349286409e-01
1.834012713451270982e-01
1.834514425041811059e-01
1.834676133627332062e-01
1.835726310442595266e-01
1.836133619868008660e-01
1.836826331865628603e-01
1.837532396213414632e-01
1.838025284651998159e-01
1.838218111107458863e-01
1.838771236656436547e-01
1.839649667275926326e-01
1.840363997273218311e-01
1.840690714664953431e-01
1.841391795179646851e-01
1.842087734484537387e-01
1.842119301141893484e-01
1.843902096257199197e-01
1.844206907254876682e-01
1.844680120622932684e-01
1.845184327109258282e-01
1.845530603802952585e-01
1.845728505209039971e-01
1.846199447406041139e-01
1.847367820707558062e-01
1.848570301558143669e-01
1.849641930314229465e-01
1.849948347032147611e-01
1.850615527632519519e-01
1.851045609490629962e-01
1.851675968012259921e-01
1.852039269581179648e-01
1.853295867683204812e-01
1.853697321552951749e-01
1.854025095301045645e-01
1.854777888496824123e-01
1.855152319799840410e-01
1.855566308820246479e-01
1.856159208455826215e-01
1.856388562872871850e-01
1.857518187564546064e-01
1.857671014582897850e-01
1.858739808999155252e-01
1.859594147023064248e-01
1.860194049828427232e-01
1.860374558389366328e-01
1.860766551640057054e-01
1.861776213784230027e-01
1.862290336793283319e-01
1.862555107740357097e-01
1.863106871858311586e-01
1.863973884063903075e-01
1.864253130163468497e-01
1.864530237852991823e-01
1.865404941467847799e-01
1.865995131535577722e-01
1.867005144322167742e-01
1.867237314355702782e-01
1.867376095299270733e-01
1.868922972872355259e-01
1.869098546401714023e-01
1.869244022567147223e-01
1.869610205956852012e-01
1.870353677025764216e-01
1.870885959191432579e-01
1.871075660368380356e-01
1.871706587038120539e-01
1.872333242276362497e-01
1.873112705318044913e-01
1.873640586464185021e-01
1.873922600284481377e-01
1.874451955890792387e-01
1.874776006498808933e-01
1.876023551943330203e-01
1.877060209071120533e-01
1.877256548766136901e-01
1.877684504638354179e-01
1.878052862690916258e-01
1.878537649618107486e-01
1.879128295837812490e-01
1.879489283062278360e-01
1.880413300989045022e-01
1.880912841842257710e-01
1.881314716946615451e-01
1.881685542455124593e-01
1.882483105194883433e-01
1.883236478563328209e-01
1.884144796123436716e-01
1.885473399144712847e-01
1.885867490483702502e-01
1.886605854127102466e-01
1.887668876798707096e-01
1.887927948539753209e-01
1.888334370496003722e-01
1.889038118354829099e-01
1.889700506504379263e-01
1.890549701823255602e-01
1.890983532177206994e-01
1.891656224790216612e-01
1.892076659749031275e-01
1.892626198002803073e-01
1.893087087085601194e-01
1.893942688611828240e-01
1.894334072295990323e-01
1.895024069400974009e-01
1.896344914137228777e-01
1.896494397213953353e-01
1.897231393560632473e-01
1.897598001524767597e-01
1.897808259926636876e-01
1.898290581196903637e-01
1.899254602894080435e-01
1.899990218962678279e-01
1.900438561230032297e-01
1.900881581191629643e-01
1.902001586214513429e-01
1.902585829748245083e-01
1.903625202880538381e-01
1.904439005452964184e-01
1.904679164125243906e-01
1.906083656135942328e-01
1.906623638852192604e-01
1.906973045001728040e-01
1.907936660576050880e-01
1.908455553823424355e-01
1.909054774793046416e-01
1.909694363709903142e-01
1.910333193869318269e-01
1.910804615738732892e-01
1.910962338464779475e-01
1.911446359139315210e-01
1.911657891987642577e-01
1.912165664564069723e-01
1.913729703018508255e-01
1.913949192403405497e-01
1.914094309689412798e-01
1.914470471122862449e-01
1.915108846788954600e-01
1.916280466007771743e-01
1.916962993685878969e-01
1.917532574298781711e-01
1.918017125281839541e-01
1.918236501747057343e-01
1.919057687635580822e-01
1.919249668418909205e-01
1.919928644265817830e-01
1.920967859557967672e-01
1.921399410154558118e-01
1.922203539605149558e-01
1.922877023872452407e-01
1.923347602170863702e-01
1.923586328399266021e-01
1.924349488233127181e-01
1.924954664920659475e-01
1.925219657292106257e-01
1.926270978927302202e-01
1.926511994732115762e-01
1.927403856226592160e-01
1.928387150299175345e-01
1.929647547589189993e-01
1.930036749143888841e-01
1.930595706944576717e-01
1.930673868816779881e-01
1.931961699783758812e-01
1.932694165493413774e-01
1.933326708628638202e-01
1.933953686288630014e-01
1.934753082847771866e-01
1.935082185743031147e-01
1.936143791250227453e-01
1.936810407517590704e-01
1.937051579085916353e-01
1.937924420641541634e-01
1.938303691641354021e-01
1.939267831948273957e-01
1.939359985876114301e-01
1.940851544719005284e-01
1.941104325568787370e-01
1.942110868939352364e-01
1.942384268224309485e-01
1.942835470358316718e-01
1.943599855874948434e-01
1.944382872751152513e-01
1.945354761476891514e-01
1.945379357164956913e-01
1.946240786452891336e-01
1.946798514469657571e-01
1.947163430424168618e-01
1.948175813537225964e-01
1.948554175438149683e-01
1.949464655267166002e-01
1.950586665194613545e-01
1.950973865695319887e-01
1.951267125866604779e-01
1.952166533176947771e-01
1.952376834663852589e-01
1.952998920705431019e-01
1.954196173700174788e-01
1.954626035933418327e-01
1.955546195598618919e-01
1.956055461577091703e-01
1.956429217501006734e-01
1.957094808044843315e-01
1.957605247978589924e-01
1.958833865734365687e-01
1.959070496082175594e-01
1.959422230605867565e-01
1.960115828106323288e-01
1.960435788631899046e-01
1.960879795280707771e-01
1.961282338293770522e-01
1.961963044239254939e-01
1.962864524286410395e-01
1.963730445186354090e-01
1.963767183211051759e-01
1.964231474944561073e-01
1.965161477534864143e-01
1.965577354093462625e-01
1.966305465325064450e-01
1.967390275807939515e-01
1.967691612459212813e-01
1.968100270084942593e-01
1.969002333771740498e-01
1.969417176855347285e-01
1.969843270476767660e-01
1.970555408953648668e-01
1.971157169450974134e-01
1.971923572795719892e-01
1.972295404021228160e-01
1.972768215141121328e-01
1.973781910107229587e-01
1.974493571079205811e-01
1.975073684939547825e-01
1.976427007494322430e-01
1.976817950229401433e-01
1.977709155020869469e-01
1.977861680211568107e-01
1.978856030399460675e-01
1.979178202593099012e-01
1.980471890208834740e-01
1.980769066077855134e-01
1.981293133019505492e-01
1.982050170525173072e-01
1.982793210767780090e-01
1.983300818437654378e-01
1.983901578306939140e-01
1.984403835307663733e-01
1.984690728313907859e-01
1.985515924110624331e-01
1.986564629954016559e-01
1.987127772951380877e-01
1.987509664023027478e-01
1.987712245730376137e-01
1.988752318763529481e-01
1.989239323987378461e-01
1.989396395014575158e-01
1.990240783097727839e-01
1.990694519142571783e-01
1.991159504115277423e-01
1.991820195866515764e-01
1.992589605950753628e-01
1.993425383069008516e-01
1.993542026836929992e-01
1.994071557720626942e-01
1.995442884346415036e-01
1.996004372831181317e-01
1.996569066236655032e-01
1.997518990064859890e-01
1.998367464013430239e-01
1.998604530743559871e-01
1.999271246726562201e-01
2.000204610138796024e-01
2.000837147078323996e-01
2.001175520447576739e-01
2.002140355989519005e-01
2.002923129577240946e-01
2.003285758041565001e-01
2.003868936979752713e-01
2.004577702119299809e-01
2.005229910402288040e-01
2.006214281746667716e-01
2.006446143536299576e-01
2.007110217775783523e-01
2.007535196109822562e-01
2.008723176656329601e-01
2.008930751587093277e-01
2.009453138514775694e-01
2.009801965358415099e-01
2.011377358338132526e-01
2.011927491569567572e-01
2.012238131638496852e-01
2.012928536196613716e-01
2.013001295933307677e-01
2.013726246087523264e-01
2.013941965510646914e-01
2.014928967622794942e-01
2.015631507549426604e-01
2.016679873458002148e-01
2.017370303311072088e-01
2.017723849189068108e-01
2.018436944410107459e-01
2.018907387759687755e-01
2.019623034855743959e-01
2.020568058626152075e-01
2.021237714325759272e-01
2.021662692456478172e-01
2.022367796377813609e-01
2.022829008554428154e-01
2.023121382312393357e-01
2.023483598773363756e-01
2.024495202427895602e-01
2.025156627971547163e-01
2.025955964131281317e-01
2.026751589502126527e-01
2.027063285324325337e-01
2.027609907850071447e-01
2.028705459835822567e-01
2.029266067971790266e-01
2.029521229455592546e-01
2.030558481725607267e-01
2.031433933352047028e-01
2.031561055134595284e-01
2.032883722996551290e-01
2.033355043040114829e-01
2.034125065712153457e-01
2.034519009397300904e-01
2.035244925880493050e-01
2.035358987526209862e-01
2.036206645044453534e-01
2.037023897098350356e-01
2.037803564490508201e-01
2.038461242662675532e-01
2.038549232028416536e-01
2.039203273603619471e-01
2.039995534848704772e-01
2.040668262659027232e-01
2.041299728443877470e-01
2.042139886689734174e-01
2.042350967206613133e-01
2.043541406737288957e-01
2.043974165436951984e-01
2.044439202599075411e-01
2.045196468748303742e-01
2.045645660633771679e-01
2.046379610979808528e-01
2.046698656113017378e-01
2.047463814589702835e-01
2.048098160640981769e-01
2.048881019244969681e-01
2.048950025759735394e-01
2.050508615898588849e-01
2.050989550221847812e-01
2.051504720463801223e-01
2.052571853676947167e-01
2.053064924859411000e-01
2.054097910410648542e-01
2.054294179572178636e-01
2.054782324097935153e-01
2.054993452261970333e-01
2.055623489465863984e-01
2.056330733426883772e-01
2.057400028340332920e-01
2.058028281810678206e-01
2.058254455232189917e-01
2.059128307226114341e-01
2.059328201953159465e-01
2.059449238951274186e-01
2.061346366806303121e-01
2.061942401254283352e-01
2.062749410260310001e-01
2.063129694978800555e-01
2.063404881162327620e-01
2.064272337688256576e-01
2.064905470417440214e-01
2.065792217662558439e-01
2.066047025935097425e-01
2.066739209393095855e-01
2.067089279660772327e-01
2.068057094561092379e-01
2.068905820163562115e-01
2.069538728055005106e-01
2.070002971934178648e-01
2.070812867354432651e-01
2.071206681756083967e-01
2.071635585405155189e-01
2.073181482552713395e-01
2.073736319908014714e-01
2.074089752648432816e-01
2.075722341399641180e-01
2.076057111999799476e-01
2.076087921592947860e-01
2.076828234334634204e-01
2.077653656810488358e-01
2.077992231355339503e-01
2.079391335640594640e-01
2.080106827427813665e-01
2.080301038596416852e-01
2.080469482899933442e-01
2.081543304378508652e-01
2.081869849358940205e-01
2.082659883509243581e-01
2.082991950262801650e-01
2.083716300481893158e-01
2.084318594491582077e-01
2.085065571166455634e-01
2.085751468268902120e-01
2.087118959430897258e-01
2.087509576239380271e-01
2.088566305288757086e-01
2.089163650176566467e-01
2.089473219943877580e-01
2.089881537339922657e-01
2.090902601790616822e-01
2.091266393792970690e-01
2.092114941623512692e-01
2.092963909743482120e-01
2.093325087953442076e-01
2.093885661144331278e-01
2.094800481134174996e-01
2.095339016844331714e-01
2.095465857249733388e-01
2.096928549097155647e-01
2.097183164575164571e-01
2.097989426205522090e-01
2.098365421279078102e-01
2.099711140928330610e-01
2.100803031209224070e-01
2.101285882374676617e-01
2.101939877556368297e-01
2.102834635575847322e-01
2.103317942263066287e-01
2.103651464462369947e-01
2.103970848031845309e-01
2.104815748888941296e-01
2.105302312451599600e-01
2.106047211917388695e-01
2.107286305142716532e-01
2.107478068069993660e-01
2.108629913845128379e-01
2.109335872443369730e-01
2.110289167626973605e-01
2.110609681188727882e-01
2.111865613054135227e-01
2.112290298551847967e-01
2.112614816245693694e-01
2.113084654591077527e-01
2.113729169315999301e-01
2.114455429353116755e-01
2.114659734622288678e-01
2.115069646350373755e-01
2.115677260783535851e-01
2.116733178793685499e-01
2.117374387601470009e-01
2.118129376614316939e-01
2.118511571645256553e-01
2.119214986421095459e-01
2.120326013691305467e-01
2.120532019195584816e-01
2.121495382898679338e-01
2.121986422359538049e-01
2.122679058774813998e-01
2.123886280815976968e-01
2.124673603530958244e-01
2.125116931503022721e-01
2.125972593260269383e-01
2.126125989169707631e-01
2.126681711539717412e-01
2.127290925303291502e-01
2.127818930290926447e-01
2.128656677765848326e-01
2.129183082831567209e-01
2.130636129445352134e-01
2.131372597394559087e-01
2.131564524856094378e-01
2.132638226489810829e-01
2.132971061819025904e-01
2.133587221380109644e-01
2.134325858346574345e-01
2.135072411584807150e-01
2.135727337063896836e-01
2.136660665691264283e-01
2.136948620161308598e-01
2.137530678663086270e-01
2.138401713252234826e-01
2.139158405428184806e-01
2.140010472395365293e-01
2.140769088286572919e-01
2.141156864851408992e-01
2.141737829729543907e-01
2.142709519744469826e-01
2.143120522060162902e-01
2.143789940135738814e-01
2.144621765085989173e-01
2.144788840704476840e-01
2.145113359950118759e-01
2.145992386723497292e-01
2.146541902042129191e-01
2.147196663433181829e-01
2.148073898610013965e-01
2.148882113528869653e-01
2.149623767447167988e-01
2.150644720191313419e-01
2.151226740845399721e-01
2.151545483490187316e-01
2.151666197250076684e-01
2.152051336676143178e-01
2.152971381603627499e-01
2.154431888381791727e-01
2.154875093449044599e-01
2.155808722705185310e-01
2.156780023744324093e-01
2.156982389998141902e-01
2.157906227027014956e-01
2.158380336712107661e-01
2.158611567958491628e-01
2.159510686169524296e-01
2.160371147447143481e-01
2.161426028803277721e-01
2.162020793721322609e-01
2.162520965033041531e-01
2.163516025766407946e-01
2.164237797722620427e-01
2.164876786488542093e-01
2.165223230707667146e-01
2.165822556190783454e-01
2.166627738111153167e-01
2.167700479086559773e-01
2.168504109927467949e-01
2.168873097879046585e-01
2.169427457447196672e-01
2.169703781138569154e-01
2.170203516105820019e-01
2.171072065821405828e-01
2.172481875313503896e-01
2.172915188817635124e-01
2.173578076230102685e-01
2.174269880092055962e-01
2.174439770249541604e-01
2.174771932940145480e-01
2.175501690108803676e-01
2.175995698307101045e-01
2.176657164620608986e-01
2.177251370589626811e-01
2.178355819447232999e-01
2.179304866038175581e-01
2.179811037922963213e-01
2.180520630548014593e-01
2.180863603739858492e-01
2.181971028284739322e-01
2.182836865446531327e-01
2.183273178005177007e-01
2.184218779418790335e-01
2.185118316029347751e-01
2.185375244617298873e-01
2.186908801729460228e-01
2.187273332174011764e-01
2.188024175171550678e-01
2.188576739408946981e-01
2.188911195214843786e-01
2.189531462000441353e-01
2.190530855920909958e-01
2.191577741513173749e-01
2.191882510016586183e-01
2.192870820859940117e-01
2.192979396202270337e-01
2.193566048089020393e-01
2.194681942057377655e-01
2.195249384806875759e-01
2.195719344032320830e-01
2.196721747083352494e-01
2.197121272862223862e-01
2.197628616018200975e-01
2.198978148681952072e-01
2.199116150853621665e-01
2.199875251465999437e-01
2.200208732202219020e-01
2.200973767964315431e-01
2.201861443420193853e-01
2.202761394389085581e-01
2.203213809124209555e-01
2.204582875282922738e-01
2.204873066025588579e-01
2.205532111685071794e-01
2.205950701326712116e-01
2.206411865241752479e-01
2.207212526748964232e-01
2.207886544231382753e-01
2.208446572620546833e-01
2.209442897884335566e-01
2.209868079002532404e-01
2.210318181626780565e-01
2.211608006955556316e-01
2.211803920650044497e-01
2.211954579730034953e-01
2.212447063920563450e-01
2.213281919242699458e-01
2.213607972076243047e-01
2.213818851743710459e-01
2.215182399354513609e-01
2.215802269593706020e-01
2.216691993508023983e-01
2.217481457088616437e-01
2.218408831633708056e-01
2.219575309042955136e-01
2.219827164568005107e-01
2.220193578432638759e-01
2.220664170199854459e-01
2.222161102620925366e-01
2.222690964563948102e-01
2.222972118540963715e-01
2.224205392333108988e-01
2.224570300316299765e-01
2.225252666233120957e-01
2.227488093128849600e-01
2.227720507993535548e-01
2.227893311222217398e-01
2.228596867396882564e-01
2.229292926317061607e-01
2.230318059151947252e-01
2.230966982685915201e-01
2.231511185685081944e-01
2.232362166454364139e-01
2.232920835645603730e-01
2.233198381287865297e-01
2.234232798864478342e-01
2.234706727560249739e-01
2.235513497292833940e-01
2.236288784554271158e-01
2.237419392924878681e-01
2.237821347503947123e-01
2.238537606830860727e-01
2.239783340937389344e-01
2.240270022956108720e-01
2.240936623388129489e-01
2.241436045617095085e-01
2.241655037994461919e-01
2.242791799977466027e-01
2.243179452179065447e-01
2.243808649835301594e-01
2.244439847749047923e-01
2.245838366202413117e-01
2.246076870093046407e-01
2.246474109786303075e-01
2.247819995225108225e-01
2.248283519439857603e-01
2.248968107397425198e-01
2.249582509071883507e-01
2.249912216528989206e-01
2.250938463842178661e-01
2.251990777960678758e-01
2.252799001905384790e-01
2.253537433241490362e-01
2.253887323910080953e-01
2.254987340011085084e-01
2.255153758260335928e-01
2.255428050171778553e-01
2.256452503905354845e-01
2.257057061690479483e-01
2.258116894423030374e-01
2.258577882991937569e-01
2.259599210746061626e-01
2.259779730098433193e-01
2.260399285013590109e-01
2.261856722723406821e-01
2.262153446047368566e-01
2.263229924771834323e-01
2.263961783250146020e-01
2.264235203319243384e-01
2.264615965148681631e-01
2.265186629839829879e-01
2.266420510305309222e-01
2.266804174684886042e-01
2.267233143724383948e-01
2.268631615243062172e-01
2.269204109688807147e-01
2.269722070043226347e-01
2.270130279345259905e-01
2.270301959149969018e-01
2.270534982366634036e-01
2.271188869326178084e-01
2.271465129832167251e-01
2.272390904358629060e-01
2.273129598521812234e-01
2.273832961204662606e-01
2.274702378325882957e-01
2.275354222970407403e-01
2.275940506703020560e-01
2.276982539507797221e-01
2.277245264492581966e-01
2.278296569670337501e-01
2.279020136197711932e-01
2.279674019299855192e-01
2.280009387444580926e-01
2.280741502853846081e-01
2.280960362127427976e-01
2.282502540290134996e-01
2.282558387055313165e-01
2.283075354597730311e-01
2.283949149132075140e-01
2.285306096725421010e-01
2.285686670253298802e-01
2.286254367429555734e-01
2.287452383010608326e-01
2.287537380503106843e-01
2.287723068913030400e-01
2.288969117068860581e-01
2.289285883751999151e-01
2.289912460177448150e-01
2.290556575003548367e-01
2.292022936693032531e-01
2.292662111307534334e-01
2.293536916532923908e-01
2.293769475494562837e-01
2.294537737385368148e-01
2.294866119021837514e-01
2.295904502338375897e-01
2.296394251679373388e-01
2.296800655479173670e-01
2.297595120941865743e-01
2.298401588900095827e-01
2.298998802488946558e-01
2.299110878635458599e-01
2.300307378601587904e-01
2.301215262916543047e-01
2.301511394745414663e-01
2.302119945929619882e-01
2.303038279806547406e-01
2.303256870229118680e-01
2.303676434669376660e-01
2.304483394296648890e-01
2.305995615887667938e-01
2.307296367319972286e-01
2.307635197138492578e-01
2.308539954590006771e-01
2.308754816879488303e-01
2.309761996268857864e-01
2.309921904128261483e-01
2.310887874637598260e-01
2.312141531307835285e-01
2.312839433412013090e-01
2.313220409077784145e-01
2.313521938907522058e-01
2.314441675434973644e-01
2.314807316299608564e-01
2.315461299990000388e-01
2.316548899969521069e-01
2.316987712557939116e-01
2.317525956474442983e-01
2.318150989403194306e-01
2.318375055630087778e-01
2.319291971343447056e-01
2.320351824605632052e-01
2.321031614793351572e-01
2.321267437425268143e-01
2.322058916766735481e-01
2.322550401737895065e-01
2.323206009984581377e-01
2.324784883172546501e-01
2.325071505554959783e-01
2.325388887872943122e-01
2.325807363984085663e-01
2.326484146939778175e-01
2.327390156006308997e-01
2.327508122791091261e-01
2.328670787217381744e-01
2.329965317589038076e-01
2.330521144140136613e-01
2.330960170485314731e-01
2.331775357350990008e-01
2.332591445829427790e-01
2.333113717506336560e-01
2.333698540100587193e-01
2.334323255184271029e-01
2.334957114119539656e-01
2.336145266567080381e-01
2.336596858616384886e-01
2.337198456082643927e-01
2.337816723766602822e-01
2.338288089695148564e-01
2.339667032613557129e-01
2.340080499832090377e-01
2.340912607230362374e-01
2.341852360309455983e-01
2.342257891087011212e-01
2.342771853875883770e-01
2.343655978412875762e-01
2.344160149908329771e-01
2.344341026896802349e-01
2.345483026143400096e-01
2.345816966987510355e-01
2.346231368446937415e-01
2.347919760802926470e-01
2.348054458392146715e-01
2.348863805997567777e-01
2.349922066283441913e-01
2.350140068958700978e-01
2.351152821181389518e-01
2.351200197027680239e-01
2.351699377002046953e-01
2.352751039300572944e-01
2.353471394160367713e-01
2.353900675094691974e-01
2.354268098305418722e-01
2.355271528314093199e-01
2.356469123138648925e-01
2.356864537474212262e-01
2.357492132195574130e-01
2.358230951343176229e-01
2.359355717004097686e-01
2.360672564223331993e-01
2.360842662653046820e-01
2.361039501741096225e-01
2.361667865889810480e-01
2.362070030490204253e-01
2.363419919306244676e-01
2.364618315163901363e-01
2.364808433735293980e-01
2.365179871436020598e-01
2.365345677352983234e-01
2.366449625727241601e-01
2.366724890761715827e-01
2.367277085330815878e-01
2.367930112987364499e-01
2.368459920533479146e-01
2.369702208110434638e-01
2.369974645192907958e-01
2.370410249505163214e-01
2.370993011666187589e-01
2.371280438343610353e-01
2.372603587966730931e-01
2.373357194147395488e-01
2.374069819240889612e-01
2.374838288129262065e-01
2.375447905797391790e-01
2.376401114123247449e-01
2.376966249466254122e-01
2.377354872314738909e-01
2.378513567642807636e-01
2.379542106311579031e-01
2.380492257011162516e-01
2.381006913576511619e-01
2.381837844705540497e-01
2.382680841065401567e-01
2.383080207466516387e-01
2.383748394389601510e-01
2.384502428061123502e-01
2.385160750040748734e-01
2.386054086778843231e-01
2.386116860062773293e-01
2.387211034746430927e-01
2.387391822849742884e-01
2.387943437504316535e-01
2.388269965461428945e-01
2.388901061750334787e-01
2.389494526971059352e-01
2.390971286086185921e-01
2.391658198288746928e-01
2.392543316174646773e-01
2.393102155047007185e-01
2.393709382541999164e-01
2.394196818866625998e-01
2.394678896669921175e-01
2.395413876483437621e-01
2.395722184437069635e-01
2.396669893468134360e-01
2.397667367937489913e-01
2.398317861495785075e-01
2.398845021851407910e-01
2.399354954426764219e-01
2.400260297330432391e-01
2.400564345260814691e-01
2.401337446433289557e-01
2.402252669125960749e-01
2.402893843128774964e-01
2.403283392280422814e-01
2.403843229506324175e-01
2.404484529082837885e-01
2.406009829119814258e-01
2.406391210495669730e-01
2.406892284354403277e-01
2.407153353277817764e-01
2.407703876844564106e-01
2.408874976960882486e-01
2.409282560600570500e-01
2.410526025556376239e-01
2.410984898671074406e-01
2.412348145892685980e-01
2.413733486558401753e-01
2.413995078349082946e-01
2.414449813939264500e-01
2.414988696428241877e-01
2.415839829477715861e-01
2.416653196512215940e-01
2.417443999647429231e-01
2.417704953735246853e-01
2.418871923721976069e-01
2.419380565492655899e-01
2.420026092730004352e-01
2.420598515550175245e-01
2.420860963943524125e-01
2.421312541081372949e-01
2.422764847257563303e-01
2.423416225589915818e-01
2.424777336840926445e-01
2.425047994490949210e-01
2.425341675447976741e-01
2.425833418151236431e-01
2.426890620655646202e-01
2.427524386081607033e-01
2.428810613406177377e-01
2.429058727220124447e-01
2.429477768805369531e-01
2.430352719579026988e-01
2.431018075654478583e-01
2.432365740209135319e-01
2.432648193974632500e-01
2.433595156152155714e-01
2.433977663882038178e-01
2.434433769512077961e-01
2.434669035103332324e-01
2.436002078919524139e-01
2.436128492568991333e-01
2.436963808830125144e-01
2.438087678289808935e-01
2.439106239851556446e-01
2.439503370831416773e-01
2.439901493879082506e-01
2.440119864816073514e-01
2.442073480749785142e-01
2.443367933883773546e-01
2.443480877926733075e-01
2.444539665524009531e-01
2.445729075418731358e-01
2.446334709429076604e-01
2.446665427189838038e-01
2.447105286379239464e-01
2.448427353042640364e-01
2.448973737775012316e-01
2.449571803287998450e-01
2.450032535871832784e-01
2.450590711404261046e-01
2.450746656643255916e-01
2.451396862645196240e-01
2.452724434089855188e-01
2.453299108113264348e-01
2.454230904187610363e-01
2.454849901151026081e-01
2.455770824150258491e-01
2.456709527693015371e-01
2.456834175881923710e-01
2.457449279268984488e-01
2.457954987761189203e-01
2.459120453410772733e-01
2.459450264193700775e-01
2.459858652570074689e-01
2.460893454309771577e-01
2.461686796599582006e-01
2.462697391278226289e-01
2.463029691917092423e-01
2.464217660815742339e-01
2.464840339191156915e-01
2.465747703843753635e-01
2.465890606714966071e-01
2.466536247163065299e-01
2.467780010138226066e-01
2.468572609183350142e-01
2.468786957145154837e-01
2.469955399075016711e-01
2.470843367514918565e-01
2.471530599242419413e-01
2.472293400283220033e-01
2.472537188540977759e-01
2.472832807224894514e-01
2.473413584898017936e-01
2.474229385482866195e-01
2.475106901131278458e-01
2.475455055799866411e-01
2.475668309650120302e-01
2.477248559221645330e-01
2.477575539541272964e-01
2.478202148200836785e-01
2.479063846480111521e-01
2.479704710267267853e-01
2.480137119925673039e-01
2.480489332220919274e-01
2.481304856410515292e-01
2.482331436084806164e-01
2.483314257904274402e-01
2.483558198529713656e-01
2.484107029666162425e-01
2.485615114412202398e-01
2.487068354617115729e-01
2.487419130036704895e-01
2.488304462064301337e-01
2.488688516639323278e-01
2.489303736906181841e-01
2.489902967144463075e-01
2.491105706623761296e-01
2.491637596018842493e-01
2.491749864813867787e-01
2.492875952301285003e-01
2.493416864092258822e-01
2.493949478107793105e-01
2.495502794304960137e-01
2.495611365387371272e-01
2.496481617088316396e-01
2.496681001452254745e-01
2.498671075143541476e-01
2.499063310330478793e-01
2.499922989557424591e-01
2.500528815521574910e-01
2.501847754680994185e-01
2.502485820249722992e-01
2.502920285758615249e-01
2.503052933914686196e-01
2.503702006026250482e-01
2.504929789377072780e-01
2.505444144550740271e-01
2.505776578945110855e-01
2.506240262991906165e-01
2.506830729968974047e-01
2.507427732167917256e-01
2.507628733113512753e-01
2.509186652438168408e-01
2.509300589722961439e-01
2.509778083288342621e-01
2.510043227224077467e-01
2.510617581861515069e-01
2.511545760818227890e-01
2.512282944660643724e-01
2.513878027965976147e-01
2.514822468825506085e-01
2.515213712727032425e-01
2.515449927019594023e-01
2.516380704472724883e-01
2.516810115722977192e-01
2.517422410672412458e-01
2.517599414699323024e-01
2.518735314965149241e-01
2.519443381960139172e-01
2.519908006585507843e-01
2.521204385983069063e-01
2.522328704335617400e-01
2.523161082016178169e-01
2.524149016527886813e-01
2.524596824108180093e-01
2.524853542202591394e-01
2.525887201698000517e-01
2.526097388553451561e-01
2.526420156733633626e-01
2.527149975971438867e-01
2.528356669484818631e-01
2.529436330862430693e-01
2.530041994898797886e-01
2.530674049046631180e-01
2.531150214950292909e-01
2.531815782477019883e-01
2.532259767090526137e-01
2.533282814833793251e-01
2.533717540479367147e-01
2.534013370429741285e-01
2.534166153022289758e-01
2.534632939757038295e-01
2.535827460759249585e-01
2.536933702376010791e-01
2.537981437439184584e-01
2.538697923794881461e-01
2.539269697302904416e-01
2.539971432141575614e-01
2.541085163572019967e-01
2.541586807229365697e-01
2.541798236110539011e-01
2.542737876759668669e-01
2.544120601850829999e-01
2.544471997403545682e-01
2.544904043456848175e-01
2.545480051890934292e-01
2.546595024713562694e-01
2.546768632030328994e-01
2.547363869581724116e-01
2.548126659222659796e-01
2.549088014547478132e-01
2.549592262401159104e-01
2.549712810877569624e-01
2.550400586438497097e-01
2.551387233297420232e-01
2.551924890511190758e-01
2.552535171074691300e-01
2.553233044153291886e-01
2.554621689970643650e-01
2.555302227489070210e-01
2.555837692146242235e-01
2.556274309731288441e-01
2.557697008823718865e-01
2.558303257849768864e-01
2.558603123773063315e-01
2.559475751460434378e-01
2.559778926065399141e-01
2.560822586119681499e-01
2.561343387750813494e-01
2.561689262628816799e-01
2.563083482192638485e-01
2.563713227743424916e-01
2.564632171133787164e-01
2.565684995541586688e-01
2.565928363197937379e-01
2.566594071578898739e-01
2.566692405065064131e-01
2.568392276696695453e-01
2.569176808520627353e-01
2.569759592713660723e-01
2.570351366257447312e-01
2.571350668725877475e-01
2.571766607828872564e-01
2.572320977729282698e-01
2.573227115342942573e-01
2.574033830592211136e-01
2.574955661632177817e-01
2.575505992721666693e-01
2.576601293470922038e-01
2.576703642969100927e-01
2.577911155437336288e-01
2.578374581796123444e-01
2.578897814710232050e-01
2.579371459345429218e-01
2.580057074249140214e-01
2.580085129308856140e-01
2.580471815769204147e-01
2.581613462236339585e-01
2.582856436597187333e-01
2.583417896251322676e-01
2.583531169680209905e-01
2.584685408694398223e-01
2.585333187193852855e-01
2.585927940291172233e-01
2.587182819873088957e-01
2.588171363956188187e-01
2.588666252458146078e-01
2.589807509761237192e-01
2.590485182580598011e-01
2.590988613902945326e-01
2.591275462738404367e-01
2.592100231228659513e-01
2.592639634232825618e-01
2.593367515148880531e-01
2.593865797827294428e-01
2.594896607266168886e-01
2.595766168337753643e-01
2.595887501815709042e-01
2.596699597818618588e-01
2.597523981428265794e-01
2.598264845779272303e-01
2.598471208211887151e-01
2.599410030187831455e-01
2.600439144268546499e-01
2.601401004217942514e-01
2.601924696689104088e-01
2.602811080315545200e-01
2.603285775247149436e-01
2.604131619338257431e-01
2.605096078703450502e-01
2.605415042391759917e-01
2.606202304682398996e-01
2.607246676671274854e-01
2.608086385390008255e-01
2.608582923676568410e-01
2.609051964549864988e-01
2.609352844806643312e-01
2.609633658033198578e-01
2.610790487197663934e-01
2.611938198360959085e-01
2.613319741078008462e-01
2.613551610434742822e-01
2.614334916199066994e-01
2.614610276192728122e-01
2.616001045812230141e-01
2.616876659704484576e-01
2.617547405617000611e-01
2.618241092917061863e-01
2.618489116184715693e-01
2.618760029542304135e-01
2.620873808602020016e-01
2.621560614315551208e-01
2.621831263302494275e-01
2.622700404718660283e-01
2.623070056366600955e-01
2.623551017483609082e-01
2.624307113504210087e-01
2.625126128098698164e-01
2.625787599122702543e-01
2.626505491005465820e-01
2.626882821773998122e-01
2.627639413237387034e-01
2.628540096669655934e-01
2.629207344817640624e-01
2.629782897211159765e-01
2.630531704964992890e-01
2.631033781754191225e-01
2.631708922449055299e-01
2.632556582614127838e-01
2.633528368574959977e-01
2.633780486473593641e-01
2.634333048774974984e-01
2.635055076185662259e-01
2.636540451466993784e-01
2.636824912093947981e-01
2.637325479809205508e-01
2.638203472318779719e-01
2.639288147174440602e-01
2.639552787523339328e-01
2.640276502399245828e-01
2.640875947352286368e-01
2.642380620613624664e-01
2.643057808704727396e-01
2.643218903139964437e-01
2.643920719672901987e-01
2.644583781454462046e-01
2.644950944960209882e-01
2.645288795989508834e-01
2.646927011428710230e-01
2.647039005554892022e-01
2.647616306137692277e-01
2.648616299922612605e-01
2.649104921878005503e-01
2.650357158065059227e-01
2.650992201852939711e-01
2.651949525496534177e-01
2.652316475599945655e-01
2.653126938433715276e-01
2.653765817451254616e-01
2.654064060596895702e-01
2.655286650103466095e-01
2.655495035460331277e-01
2.656708587838551572e-01
2.656904815457175051e-01
2.657625124155449381e-01
2.658212390047873797e-01
2.659270790323677858e-01
2.659850965139756163e-01
2.660391041649566302e-01
2.660815411821407239e-01
2.661940747652229988e-01
2.662440505498959720e-01
2.662952461112000346e-01
2.664199068684481864e-01
2.664473411141651815e-01
2.664898189262686623e-01
2.666200299303168597e-01
2.667153475286002107e-01
2.667963174999743448e-01
2.668586320190115546e-01
2.669561946874205449e-01
2.670164721135401820e-01
2.670636548751281758e-01
2.670663119879886360e-01
2.671555491333575394e-01
2.672583802637713002e-01
2.672790977923892308e-01
2.673871425936492630e-01
2.674493971605734766e-01
2.675187663324782861e-01
2.675808918775550715e-01
2.677066207625694583e-01
2.677287320663844783e-01
2.678193112008793730e-01
2.678351275528109143e-01
2.678951122273557917e-01
2.679860285342995363e-01
2.680412257460086933e-01
2.681703616349165320e-01
2.682655505070081214e-01
2.683117889908887554e-01
2.683466546794034957e-01
2.683877103642774986e-01
2.684936603955792589e-01
2.685510694663312270e-01
2.685800705718621173e-01
2.686873448947268428e-01
2.687412478202501065e-01
2.688357870709656705e-01
2.689668402409868264e-01
2.689911259736609828e-01
2.690243678753050927e-01
2.690746785222296045e-01
2.691123592585510926e-01
2.692227608462648414e-01
2.692333870295723908e-01
2.693975173409122736e-01
2.694746789950262511e-01
2.695634160120210510e-01
2.695971803106785303e-01
2.697166899758912662e-01
2.697748715151797594e-01
2.698270810175774637e-01
2.698959797427349927e-01
2.699539202192060006e-01
2.700201681794699993e-01
2.701387062229684832e-01
2.701899403345500716e-01
2.701998560270787442e-01
2.702325206900634269e-01
2.703709227791211145e-01
2.704446238284652915e-01
2.705077965015882380e-01
2.705758926423700306e-01
2.706553127631552980e-01
2.707873935444636282e-01
2.708738115415746384e-01
2.708952303462310307e-01
2.710171373944064710e-01
2.710548552380909748e-01
2.711386767106599982e-01
2.711741551478381029e-01
2.712722866596576354e-01
2.713307429942313220e-01
2.714022490781711761e-01
2.714292315460932192e-01
2.715008248164996196e-01
2.716041864715716958e-01
2.716945043878575272e-01
2.717526767593388959e-01
2.718016860899181153e-01
2.718809091016721746e-01
2.719048540427411176e-01
2.719814720302408673e-01
2.720806611509194450e-01
2.721204692633872879e-01
2.722285671669371632e-01
2.723433913515775906e-01
2.724560747697392649e-01
2.724607265098667463e-01
2.725181270103930742e-01
2.725727159906795594e-01
2.726842391692011480e-01
2.726901203105415727e-01
2.727714323334389790e-01
2.728437300562177037e-01
2.728944857264726798e-01
2.729510852148699929e-01
2.731017514780483824e-01
2.731308372228595793e-01
2.731994476474663425e-01
2.732923983123077272e-01
2.734355892327546833e-01
2.734496426140208825e-01
2.735514216359161699e-01
2.735686274558954412e-01
2.736878223833018042e-01
2.738408418002812872e-01
2.738944314923179024e-01
2.739144360864648742e-01
2.739528431247333917e-01
2.739792413741688470e-01
2.740796218970387721e-01
2.741782960321977880e-01
2.741963551632056739e-01
2.742529461663771317e-01
2.743768715227770660e-01
2.743976531940618413e-01
2.744537884652437643e-01
2.745217954852851583e-01
2.746039517620517678e-01
2.746647123264853718e-01
2.747238018430410711e-01
2.748308278341569655e-01
2.749189399014960178e-01
2.749736248200770339e-01
2.750610870189735269e-01
2.751136014532803986e-01
2.751753388131863431e-01
2.752837214315529968e-01
2.753409715758479148e-01
2.753587743719051462e-01
2.754205321127189410e-01
2.755254453540969539e-01
2.755387754454976523e-01
2.756128491353275756e-01
2.756920222368456352e-01
2.757889318230440368e-01
2.758971693656339652e-01
2.759945830173428094e-01
2.760670093190668029e-01
2.761123929213921135e-01
2.761438862067979172e-01
2.762235580162042958e-01
2.763392737165318858e-01
2.763776512926338080e-01
2.763839174220906192e-01
2.765171370003622342e-01
2.766086907380875259e-01
2.766483530646705047e-01
2.767395800216960189e-01
2.768045371029773660e-01
2.769463052652912927e-01
2.769755082137173585e-01
2.770697197917499910e-01
2.771315137803258555e-01
2.771625437504059430e-01
2.772466252282350663e-01
2.773569090784046565e-01
2.773767575376785421e-01
2.775153996027160397e-01
2.775601250417311650e-01
2.776162279280107170e-01
2.776977747382343709e-01
2.777611152725786292e-01
2.778277880421061163e-01
2.779027006488361540e-01
2.779327937468377141e-01
2.780524761357665020e-01
2.780843578698668495e-01
2.780960855023427158e-01
2.781915834888587513e-01
2.783240773587014050e-01
2.783516879852940273e-01
2.783888164495832984e-01
2.785591209176845329e-01
2.785741586216642918e-01
2.786455540862535218e-01
2.787456891940112702e-01
2.788231056791141693e-01
2.788979415380770654e-01
2.789796779727176101e-01
2.790904924857825486e-01
2.790941375998038376e-01
2.791292842052532364e-01
2.791744632720224439e-01
2.793135611107006588e-01
2.793434194539621829e-01
2.794504595787787316e-01
2.795210427959457511e-01
2.796161187812807314e-01
2.796441166212263463e-01
2.797057512600758522e-01
2.797796973815402377e-01
2.798121622052486268e-01
2.799497043715021283e-01
2.799982632132708149e-01
2.800562295101188814e-01
2.800941911164395726e-01
2.801819314008182626e-01
2.802583205977063896e-01
2.803302424324597419e-01
2.804010763120123317e-01
2.805248450835237106e-01
2.806012404813317818e-01
2.806699568538178480e-01
2.806801081565502010e-01
2.807743932709666490e-01
2.808428214069647044e-01
2.809394999171033747e-01
2.810115206585719894e-01
2.810725810891971932e-01
2.811828169832175650e-01
2.812648234848472151e-01
2.813047906822117583e-01
2.813632466388346631e-01
2.814021406996058960e-01
2.814065588571257326e-01
2.815668476819352395e-01
2.816531559137042673e-01
2.816937223608768082e-01
2.817666108060896124e-01
2.818123134352109593e-01
2.818680261035025891e-01
2.819139554337625198e-01
2.819849765530471619e-01
2.821072693085645011e-01
2.821924775718099299e-01
2.822723413989692842e-01
2.823456979537790623e-01
2.824069062736314084e-01
2.824723629988517559e-01
2.825225118800037682e-01
2.825673821584078205e-01
2.826361873005763248e-01
2.826634303129965109e-01
2.827063467705978606e-01
2.828295869845040000e-01
2.828554643289241666e-01
2.829411341325144824e-01
2.830046982291328783e-01
2.831117233604431016e-01
2.831373325179498690e-01
2.832826802800394450e-01
2.833304584203208965e-01
2.833817633599132191e-01
2.835812870786813544e-01
2.836057192479429223e-01
2.836396520621285999e-01
2.836984491262584118e-01
2.837247067074325502e-01
2.837989218898351873e-01
2.838952989402745986e-01
2.839966080142353189e-01
2.840307510978338779e-01
2.841113368095742331e-01
2.841421501852703368e-01
2.842733810502681702e-01
2.843402798743099313e-01
2.844354155836206766e-01
2.845520403520425679e-01
2.845646616988581346e-01
2.846532650557827560e-01
2.846932841440143469e-01
2.847574972399300464e-01
2.849052676726062661e-01
2.849634635498858870e-01
2.850523836860562321e-01
2.851115588794611022e-01
2.851792819052914041e-01
2.852258197568617870e-01
2.852937592444771964e-01
2.853180431800712569e-01
2.854859604053831545e-01
2.855362426882600557e-01
2.855919603967895237e-01
2.856431381395875269e-01
2.856942855502825340e-01
2.858496109791272555e-01
2.858979698983315498e-01
2.859455974855077409e-01
2.859923994901750754e-01
2.860434085409063187e-01
2.861212922168246964e-01
2.861709296448634587e-01
2.862747520412321500e-01
2.863333771023416907e-01
2.863720288769883715e-01
2.864980803779350049e-01
2.865360870168768836e-01
2.866657763872603737e-01
2.867157368744729373e-01
2.868296250154307447e-01
2.868541394950558931e-01
2.869046616690515972e-01
2.869161134150662318e-01
2.870388893624327142e-01
2.870985881513926641e-01
2.871268428640675330e-01
2.872090745760191299e-01
2.872566746751104017e-01
2.873805631716337405e-01
2.874126011782096590e-01
2.874497940409252439e-01
2.875949472241080551e-01
2.876748250061866852e-01
2.876927206220300515e-01
2.878320430207920166e-01
2.878745490308843302e-01
2.878767872172091624e-01
2.879113063640703629e-01
2.880071225943438007e-01
2.881071055358971345e-01
2.882191686346368131e-01
2.882694797914068241e-01
2.883887808832985011e-01
2.884375124551572522e-01
2.884663312213076591e-01
2.885587690967182373e-01
2.886187228318573550e-01
2.886842715397999193e-01
2.887471629266657458e-01
2.888456466760966346e-01
2.889351950203150055e-01
2.890288217988871700e-01
2.891057261714971571e-01
2.891444665910236633e-01
2.892166316128675918e-01
2.893112560060900340e-01
2.893479293475739733e-01
2.894312681150018607e-01
2.895153712240378652e-01
2.895346099816941687e-01
2.896206373764765307e-01
2.897099264814107511e-01
2.897695935369375420e-01
2.898505405049520700e-01
2.899012604924755543e-01
2.899692686311961531e-01
2.901241210915391777e-01
2.901529703335205546e-01
2.901975703134918594e-01
2.902545539563651245e-01
2.903458404692620953e-01
2.904549172505698218e-01
2.905141849141792965e-01
2.906143980687728168e-01
2.906878550077046097e-01
2.907542479367351551e-01
2.908102512001711770e-01
2.908788492755712829e-01
2.909253086821974588e-01
2.910114408439594680e-01
2.910482055965353254e-01
2.911508850966753603e-01
2.911900489506973333e-01
2.913096673309786278e-01
2.913548362610053899e-01
2.913911021538906354e-01
2.915037526890340569e-01
2.915739778068756061e-01
2.915923200706315721e-01
2.916726574152277984e-01
2.916966344819689749e-01
2.918233133040887828e-01
2.918805141226531452e-01
2.919419686723152552e-01
2.920209271355456715e-01
2.920933317999825918e-01
2.921656103763236034e-01
2.922927269508433512e-01
2.923360283031806173e-01
2.924472317204830363e-01
2.924833560043486047e-01
2.926071703584091632e-01
2.926213027642914355e-01
2.927137297722173237e-01
2.927249808663008324e-01
2.928681280326475567e-01
2.929263440345112324e-01
2.930008052401756879e-01
2.931416750268568405e-01
2.931894097655635689e-01
2.931953259277222945e-01
2.932759463685402634e-01
2.933953462733190909e-01
2.935132267937905493e-01
2.935927196716054399e-01
2.936017980548133455e-01
2.936440071251779638e-01
2.937065718102525036e-01
2.937555037815757220e-01
2.937995626625581891e-01
2.939094992908271031e-01
2.939961543222300855e-01
2.940383438396553806e-01
2.941223524233735342e-01
2.942483121565604431e-01
2.943022696780848158e-01
2.943084212290282831e-01
2.943686116752205484e-01
2.944536890608814850e-01
2.945265328428847695e-01
2.946144340959090946e-01
2.946881380060824007e-01
2.947050595308631227e-01
2.948358123589906454e-01
2.949099674547504546e-01
2.950176010328064979e-01
2.950563876460349233e-01
2.951137987884980274e-01
2.952047629059445510e-01
2.952432130940222388e-01
2.953062254744886483e-01
2.954521412124247459e-01
2.955163247955995831e-01
2.956512250737208247e-01
2.956884072556899001e-01
2.957111782874157768e-01
2.957280838851224503e-01
2.957981214610341247e-01
2.958592433472687078e-01
2.959264989330671614e-01
2.960339958360332369e-01
2.961025208985917923e-01
2.961825525064968323e-01
2.961942491677075906e-01
2.962813536930798408e-01
2.963967417788944680e-01
2.964148097507954827e-01
2.964795702902270902e-01
2.964984944182610382e-01
2.965836175567522215e-01
2.966429578180870830e-01
2.967623160264786786e-01
2.968247465017653797e-01
2.968806003446102237e-01
2.969664029941944672e-01
2.970562666348028902e-01
2.970978590324687141e-01
2.972025135788910477e-01
2.972549197340143556e-01
2.973518235921436825e-01
2.974243126403512405e-01
2.974690754277010685e-01
2.974942633613774090e-01
2.975991444704100264e-01
2.977698922885829158e-01
2.978119174309745154e-01
2.978423534182701449e-01
2.979682642163718476e-01
2.979963755931013258e-01
2.980322056368006067e-01
2.981640975365383861e-01
2.981830755351528861e-01
2.983095961018688014e-01
2.983478383512481180e-01
2.984170337309028920e-01
2.984591997080439651e-01
2.985126595418485240e-01
2.986227803110516610e-01
2.986766306729565779e-01
2.987676721593806040e-01
2.987920441270748850e-01
2.988976865672641203e-01
2.989511168577115852e-01
2.990197340902170375e-01
2.990793377141898746e-01
2.991953799141294223e-01
2.993079781399171080e-01
2.993171739652262242e-01
2.994544254062140864e-01
2.995342081592801686e-01
2.995484670226249979e-01
2.996532375833556028e-01
2.996829977768569186e-01
2.997082085077826807e-01
2.997851213088603695e-01
2.998896962083581474e-01
2.999813938293732773e-01
3.000057666907868237e-01
3.000874353679809370e-01
3.001356742594883387e-01
3.001908883306158571e-01
3.002906332020245372e-01
3.003381425511721936e-01
3.004167710575509354e-01
3.004979216146002052e-01
3.005623002704885804e-01
3.006135136901019744e-01
3.007371464437113562e-01
3.008167118991921796e-01
3.009126546137861902e-01
3.009400516706763340e-01
3.009694495107696488e-01
3.010337304623055266e-01
3.011424930232318165e-01
3.011999857532738356e-01
3.012644223944108690e-01
3.013688219182758532e-01
3.013940763447559013e-01
3.014599016497662154e-01
3.014911188387621177e-01
3.015831058210061144e-01
3.015918515933562194e-01
3.016902315321556838e-01
3.017297187915556900e-01
3.018737980858710035e-01
3.019019958348713728e-01
3.019641825391162215e-01
3.020038750171717412e-01
3.020762156657706421e-01
3.021659559894118718e-01
3.022643728611109637e-01
3.024129384427813871e-01
3.024874801660810131e-01
3.025188979022273572e-01
3.026132468622566574e-01
3.026692288308232559e-01
3.027030025679176561e-01
3.027399071467454239e-01
3.028037505273515340e-01
3.029679590247911780e-01
3.029811294050024917e-01
3.030573331886964317e-01
3.031251054373105824e-01
3.031959043856558567e-01
3.033016192368200858e-01
3.033255756077678500e-01
3.033852351886284215e-01
3.033979505862424708e-01
3.035483383970002391e-01
3.035859176313666641e-01
3.036266871095150699e-01
3.037524004384830056e-01
3.038387898998631265e-01
3.039422519031275138e-01
3.040484616018681585e-01
3.041179653844158781e-01
3.041240094035335129e-01
3.041971800806966830e-01
3.042467691817921649e-01
3.043550683064486506e-01
3.043779404161576219e-01
3.044387005794245149e-01
3.044780117278722553e-01
3.045708020095789226e-01
3.046330845706384793e-01
3.047290691420627140e-01
3.048823304578486826e-01
3.049158900295442232e-01
3.049956435822062661e-01
3.050345432542996282e-01
3.051019138501289696e-01
3.051341241338358379e-01
3.052464090263453667e-01
3.053251415466111118e-01
3.054347862160384786e-01
3.054703344556026212e-01
3.055464766608623761e-01
3.056663258049035492e-01
3.057153638708229315e-01
3.058210522081469263e-01
3.058895590553761812e-01
3.059461347370274753e-01
3.060180774495353528e-01
3.060341412144145790e-01
3.061624379788595030e-01
3.061832680062488987e-01
3.062627951932379022e-01
3.062792619979509690e-01
3.063737951863594322e-01
3.064223839590383691e-01
3.065310393146536971e-01
3.065856998108544285e-01
3.066434965384302047e-01
3.067085153169126777e-01
3.067490033799148419e-01
3.068353709593359402e-01
3.069416781749324530e-01
3.069648965101591798e-01
3.069952085475363690e-01
3.071411237321031718e-01
3.071742893069894231e-01
3.073168369683081380e-01
3.073564256729601207e-01
3.074848607986631066e-01
3.075468136477734205e-01
3.076083790037173471e-01
3.076766413364481756e-01
3.077191699886867027e-01
3.077703275447439824e-01
3.078625213274107097e-01
3.079064069111292490e-01
3.079989226527009571e-01
3.080077140069494845e-01
3.081101686538125772e-01
3.081197815092530656e-01
3.082212073877577674e-01
3.082952400474408550e-01
3.083371048295797112e-01
3.084238042283126147e-01
3.084870389170771832e-01
3.085495621568445923e-01
3.085861045845991191e-01
3.086805897383056996e-01
3.087251906702509485e-01
3.088460568575465137e-01
3.088951722914962672e-01
3.089459139360337114e-01
3.090420635806705452e-01
3.090717337166390410e-01
3.091010985536020161e-01
3.091926303883438254e-01
3.093511120617878918e-01
3.094001218715474177e-01
3.095137542584529555e-01
3.095608446977620165e-01
3.096898962758488638e-01
3.097454269600090071e-01
3.098287293173015988e-01
3.099103713730305687e-01
3.099605215417014503e-01
3.100383738387341159e-01
3.100855017367670219e-01
3.101345863821954874e-01
3.102004087228983908e-01
3.102725814399846516e-01
3.103017717797006414e-01
3.104376812269097341e-01
3.104999026971216325e-01
3.105101456128218085e-01
3.106454273332276417e-01
3.107040067191243482e-01
3.107256583733867261e-01
3.107956987937224302e-01
3.108606589914243989e-01
3.109652352169436362e-01
3.110332243012444708e-01
3.110784962823446853e-01
3.112033570791380432e-01
3.112765713576028936e-01
3.112943705684451112e-01
3.113555980388397204e-01
3.114516944663069942e-01
3.115470269079319565e-01
3.115624099854274465e-01
3.116527182319482336e-01
3.117128256808170406e-01
3.118494096533900861e-01
3.119547324146341727e-01
3.119895923644693814e-01
3.120690889154428271e-01
3.121244706298006433e-01
3.121813709929708303e-01
3.122229684628357593e-01
3.122967104704315044e-01
3.123700207027763631e-01
3.124528206119762674e-01
3.125303616831734410e-01
3.126760281069018710e-01
3.127576909381493686e-01
3.128698017643018470e-01
3.129428294369064889e-01
3.130173216750022358e-01
3.131042226992407640e-01
3.131364952178499195e-01
3.132453118579618945e-01
3.132732955391617780e-01
3.133063778854663362e-01
3.133524762218033999e-01
3.134621502649949654e-01
3.135414374023997586e-01
3.136199228548893214e-01
3.136438162305793531e-01
3.137550866482331502e-01
3.138320299941737557e-01
3.138987708215028594e-01
3.139655514058755648e-01
3.140767487316805107e-01
3.141616876080428056e-01
3.142338513046438742e-01
3.143014904288183309e-01
3.143886878540440577e-01
3.144353327194918113e-01
3.144997707822544952e-01
3.146048032385292403e-01
3.146442583124208214e-01
3.147336322508703654e-01
3.147984015435107419e-01
3.148788169147583860e-01
3.148960145064950145e-01
3.149305758855430737e-01
3.150225325405232590e-01
3.150925456049346596e-01
3.152218419442767150e-01
3.152812007540991557e-01
3.153442787742869458e-01
3.153838786349494883e-01
3.154663233725931160e-01
3.155090051769519621e-01
3.155563545585765572e-01
3.156057796989666375e-01
3.157230841599765192e-01
3.157873334459945225e-01
3.158859596986379747e-01
3.158971677280996149e-01
3.159976551613479234e-01
3.161089336976569131e-01
3.161544221219177442e-01
3.162812658044615866e-01
3.163651851871676635e-01
3.165224079826883807e-01
3.165644102155852346e-01
3.166532977065903420e-01
3.167098999328037956e-01
3.168297667184587496e-01
3.169373937836981181e-01
3.169736453713469793e-01
3.170898713368373589e-01
3.171128395337754480e-01
3.171306951334826874e-01
3.172358539342647332e-01
3.173135341956206390e-01
3.173568793659109488e-01
3.174124365515320623e-01
3.174657571142683876e-01
3.174814465933002983e-01
3.176122120102517488e-01
3.176822417377385688e-01
3.176939524909385693e-01
3.178197325215920133e-01
3.178370324272862257e-01
3.179229766562343129e-01
3.181323135057353424e-01
3.181486854440319645e-01
3.182035761234615623e-01
3.182533274902906162e-01
3.183577547358721893e-01
3.184173210804139287e-01
3.184252750182720582e-01
3.185051311224125770e-01
3.185874614774168445e-01
3.187024239487896704e-01
3.187097054256659012e-01
3.187982039445714233e-01
3.188605598385894635e-01
3.188939388195429214e-01
3.189445072477415932e-01
3.191202364026711757e-01
3.192194395563121567e-01
3.192386758135059566e-01
3.193894261480844654e-01
3.194385219738882231e-01
3.194682926979170445e-01
3.195287220621840230e-01
3.195398095349858414e-01
3.196410757677410897e-01
3.198560420881405020e-01
3.198785258372097706e-01
3.199203061790759084e-01
3.199876945563202013e-01
3.200673052268024343e-01
3.201716692947819687e-01
3.202101429549303324e-01
3.202432966287935279e-01
3.203588926009987015e-01
3.204407609459685169e-01
3.204611767615931361e-01
3.205373439051835693e-01
3.205740458059977427e-01
3.206505887838558833e-01
3.207121647811261300e-01
3.208458748972738417e-01
3.209413114266271849e-01
3.209708517427026786e-01
3.210228644792736952e-01
3.210980287574979331e-01
3.212280477102534282e-01
3.212700744667448260e-01
3.213416551857398162e-01
3.214982554880931875e-01
3.215567943232439663e-01
3.216292742706416408e-01
3.216610862980550656e-01
3.217300351759648791e-01
3.218608109805141115e-01
3.218858246250244637e-01
3.219671924561733345e-01
3.220286628438870924e-01
3.221435544806157680e-01
3.221946897262158438e-01
3.222342938187396921e-01
3.223502531694271700e-01
3.223810652660117348e-01
3.224738543795780954e-01
3.225142174378835547e-01
3.226243375869432550e-01
3.227754332255195480e-01
3.228473080904803449e-01
3.229231096559049830e-01
3.230526739788074919e-01
3.230736129564976133e-01
3.231701048333723847e-01
3.231989060047781304e-01
3.232580831257721443e-01
3.233161851798698749e-01
3.233403732739270620e-01
3.234305420935380537e-01
3.235800925227669822e-01
3.236923704407779212e-01
3.237369672432250378e-01
3.237798437211518165e-01
3.238414467866740365e-01
3.238868016177521847e-01
3.239596213914431866e-01
3.241158686892943730e-01
3.241298537328959894e-01
3.242082673217413502e-01
3.242710397220994190e-01
3.242833736162582525e-01
3.244139411867298373e-01
3.244275984082145015e-01
3.244533774745201882e-01
3.245261545667745273e-01
3.245978366172364016e-01
3.247360613872126711e-01
3.247987092323157965e-01
3.248619147684841391e-01
3.249568613021741603e-01
3.250092418189992061e-01
3.250645018660880403e-01
3.250944232492080088e-01
3.251855263160602916e-01
3.252729063733281190e-01
3.253224255482635163e-01
3.254498140197571443e-01
3.254805721868598289e-01
3.255590981454042909e-01
3.256268091007669674e-01
3.256852439041226233e-01
3.258243786189842783e-01
3.259520118912833664e-01
3.259684772833759681e-01
3.260277509000762408e-01
3.260947758872598801e-01
3.261418559065835665e-01
3.262124584693104068e-01
3.262501631123461143e-01
3.263664488513180473e-01
3.264397706024259604e-01
3.264655645039118981e-01
3.265440275053687613e-01
3.266459732104950997e-01
3.267500336041383457e-01
3.267709338972462074e-01
3.268155464224477558e-01
3.269202025895868724e-01
3.270156181017922492e-01
3.271542660008016634e-01
3.271977395526364241e-01
3.272798508504112247e-01
3.272967909935539099e-01
3.273554904723596226e-01
3.274097251455818647e-01
3.274883627691684285e-01
3.275962666502041376e-01
3.276218459944850170e-01
3.277243039350933307e-01
3.277883555209694100e-01
3.278420019576322453e-01
3.279329726209849749e-01
3.279810435981911909e-01
3.280729102761032467e-01
3.281165864852986225e-01
3.281828746897629268e-01
3.282070446807259789e-01
3.283138753224046358e-01
3.283686990558055685e-01
3.284872310627434122e-01
3.285452976159344840e-01
3.286506482043503041e-01
3.286691934171088736e-01
3.287867358220812330e-01
3.289144328663773931e-01
3.289451200728318869e-01
3.289970849364505789e-01
3.291138240631998335e-01
3.291815189311012024e-01
3.292675267374238213e-01
3.293056404903377810e-01
3.293725415355458486e-01
3.294739176467719188e-01
3.295807838464980821e-01
3.296263059925415573e-01
3.296761525192143383e-01
3.297609337925759276e-01
3.297793930759617687e-01
3.298267802153215245e-01
3.299669567127673786e-01
3.301032659895690169e-01
3.301464707573098512e-01
3.302415259721228069e-01
3.302802407528651618e-01
3.303249082752151011e-01
3.304051828675306779e-01
3.304455269489823266e-01
3.305625908009945935e-01
3.306091147432964616e-01
3.306183438925578422e-01
3.307696924089507107e-01
3.308157038564015773e-01
3.308930889142596699e-01
3.309613652297146991e-01
3.309742293788116019e-01
3.310861100696342874e-01
3.311284763092814387e-01
3.311829330640440050e-01
3.312996055803615891e-01
3.313087325759895840e-01
3.314594254317548283e-01
3.315018346496996227e-01
3.315407784464934893e-01
3.315953357511952637e-01
3.317275182000319345e-01
3.318249986323146272e-01
3.319049205702165328e-01
3.319303105299634682e-01
3.320250779541657482e-01
3.320946603744431846e-01
3.321129519177355438e-01
3.322480226440170381e-01
3.323188485204430220e-01
3.323772062595782284e-01
3.324146089133321880e-01
3.324851887827082741e-01
3.326307743877773282e-01
3.326753574628087406e-01
3.327562407163738301e-01
3.328251966941944140e-01
3.329910977952483253e-01
3.330142089717045839e-01
3.331209463624277833e-01
3.331443561764739769e-01
3.331825720952216185e-01
3.332267653051688150e-01
3.333193151524120323e-01
3.334420458680556476e-01
3.335188663643162688e-01
3.335409245721506211e-01
3.335913291188173924e-01
3.337157409884222159e-01
3.337497469821906759e-01
3.338086236284782959e-01
3.338639015453153669e-01
3.339570671151019243e-01
3.340510459021552303e-01
3.341360992828807941e-01
3.341970986524832044e-01
3.342328256395049602e-01
3.342860287738719793e-01
3.344513949039585876e-01
3.344882451055256611e-01
3.345122202309434023e-01
3.346965141662681109e-01
3.347713950032749075e-01
3.348664076351896002e-01
3.348842877186484213e-01
3.349422596359561410e-01
3.349618101995064934e-01
3.350272794211526795e-01
3.351354599331818895e-01
3.351430605526011242e-01
3.352187335447755490e-01
3.352655658223314128e-01
3.353408507931525118e-01
3.355329812088977959e-01
3.355724251684905068e-01
3.356713327313721185e-01
3.357208767356278933e-01
3.358000436823687096e-01
3.358518422794696812e-01
3.359492952039443425e-01
3.360198974422594631e-01
3.360757322656056090e-01
3.362276369402899534e-01
3.362950095216029056e-01
3.363114062114178071e-01
3.363376856660187375e-01
3.363893637950927662e-01
3.364697902634179449e-01
3.365456486009452686e-01
3.366224051101943116e-01
3.367026940206435115e-01
3.367379444930253540e-01
3.368178030356427377e-01
3.369147429483018708e-01
3.369380791422795229e-01
3.370844633686995162e-01
3.371648354873424958e-01
3.372046661561884373e-01
3.372609079103022767e-01
3.373688072358954626e-01
3.373809595381059290e-01
3.375330832040892570e-01
3.375484609177072937e-01
3.376539674010273773e-01
3.377439563045221416e-01
3.378379587385353378e-01
3.378670814948996903e-01
3.379182657843814996e-01
3.379847357927728280e-01
3.380471833334707243e-01
3.381224083991139495e-01
3.382006679729081533e-01
3.382333928072432383e-01
3.382831161397226172e-01
3.383495892342164857e-01
3.384153335018796893e-01
3.385117886768873041e-01
3.385865206022470875e-01
3.386412824391009657e-01
3.387927014385341273e-01
3.388516685982373988e-01
3.388664765406066981e-01
3.390039751854940220e-01
3.390756552263900492e-01
3.391752423127791793e-01
3.392378042310925657e-01
3.393192969762205968e-01
3.393745333339531212e-01
3.394586569537509368e-01
3.395183446643377234e-01
3.396676164269917808e-01
3.396921781293993914e-01
3.397736885858234079e-01
3.398334970267069544e-01
3.398762992094219726e-01
3.399663258847217540e-01
3.399864810489037770e-01
3.400390634274413904e-01
3.401111314071390557e-01
3.401608664381879921e-01
3.402797834263381338e-01
3.403293742448324499e-01
3.404023102380046573e-01
3.404870823083201437e-01
3.405617903094849686e-01
3.406005940159438916e-01
3.407070076432522909e-01
3.407605364525617686e-01
3.408183122882847416e-01
3.408715780882756730e-01
3.409405695341966580e-01
3.410051210115261355e-01
3.410857948179683019e-01
3.411526667149132330e-01
3.412325940823835446e-01
3.413243772913490126e-01
3.413559493738832495e-01
3.414948001399072397e-01
3.415509757035876670e-01
3.415961936849579161e-01
3.416911206932617961e-01
3.417572286008205285e-01
3.417771528829736116e-01
3.418295010196946149e-01
3.419220340434198646e-01
3.420220902356698733e-01
3.420349221692071673e-01
3.421043013069836602e-01
3.422567371393120950e-01
3.423263207778273198e-01
3.423420433901019355e-01
3.424345280830042304e-01
3.426215569950739059e-01
3.426632915441901739e-01
3.427100330413387352e-01
3.427399276432208652e-01
3.428063089963184207e-01
3.428869140984277530e-01
3.429675344460649256e-01
3.430461514032454584e-01
3.431305711269736491e-01
3.431781654844039964e-01
3.432471665044150022e-01
3.433290581045114198e-01
3.433970561000548871e-01
3.434792994283686896e-01
3.435663116470385470e-01
3.436182920281971587e-01
3.436904891143993113e-01
3.437438390064656013e-01
3.437795412847933774e-01
3.438997232305534002e-01
3.440635035173040257e-01
3.440806526294769574e-01
3.440961806262004541e-01
3.441563265925015602e-01
3.443271292279051488e-01
3.443929638678274729e-01
3.444808313988815818e-01
3.445324673750581046e-01
3.446173285244181761e-01
3.446471212662625128e-01
3.446857720134874903e-01
3.448005311948422746e-01
3.448664467844277937e-01
3.449151669994140468e-01
3.449527633889392098e-01
3.449883314210248075e-01
3.450332633708739216e-01
3.451369849865436046e-01
3.452108687009624588e-01
3.453256710047649114e-01
3.454044662147309763e-01
3.455731036009701551e-01
3.456468938858212603e-01
3.456571537120132209e-01
3.457305414757960160e-01
3.458069359570504209e-01
3.459122194544383411e-01
3.459737986816218136e-01
3.460304341260166949e-01
3.460896740349157508e-01
3.461555548450573339e-01
3.462040396837468004e-01
3.463274922449873228e-01
3.463547027547154711e-01
3.464241738005963134e-01
3.465212113166437069e-01
3.466101408172099219e-01
3.467028818679353530e-01
3.467612983354362299e-01
3.468210813395063430e-01
3.468587348316626850e-01
3.469271786661590196e-01
3.470604439954020903e-01
3.471102395248084060e-01
3.471185889677709802e-01
3.472368025275866521e-01
3.473501041349441598e-01
3.473667880931123331e-01
3.474315521069299417e-01
3.475257833297695775e-01
3.475834963133245248e-01
3.476842197241403198e-01
3.477107751720486251e-01
3.477892345714445055e-01
3.479108064257145361e-01
3.479446714429778043e-01
3.480772931126512315e-01
3.481220503962350610e-01
3.481653121683791485e-01
3.482384394042865039e-01
3.483392905161220576e-01
3.483930019694213009e-01
3.484903094837752402e-01
3.485450818883633062e-01
3.486311941381480262e-01
3.487910913387510248e-01
3.488204857044130414e-01
3.488592543275773061e-01
3.489976996743042181e-01
3.491034222547272359e-01
3.492060735213500244e-01
3.492917787265457097e-01
3.493426912802999884e-01
3.494140364125658538e-01
3.494796243314527984e-01
3.495874745905303560e-01
3.496237592141345774e-01
3.497229911583491502e-01
3.497651947886427637e-01
3.498266849873192808e-01
3.499422155213228192e-01
3.500062824983802279e-01
3.500680154303851821e-01
3.501813743578904292e-01
3.501973031897315791e-01
3.503129335341584327e-01
3.503462306181815977e-01
3.504324019457812356e-01
3.504589310254713763e-01
3.506399926937894262e-01
3.506845077305477676e-01
3.507013893830923656e-01
3.508298081823795211e-01
3.508497550819448252e-01
3.509956193965202420e-01
3.510086946371798744e-01
3.510543711755299001e-01
3.512123457157604323e-01
3.512443359187601977e-01
3.512834221093194542e-01
3.514020936749814306e-01
3.514295979494808653e-01
3.515233202467554219e-01
3.515421853499592353e-01
3.516309269953571959e-01
3.516933409569838465e-01
3.517390060582734068e-01
3.518383452915583853e-01
3.518639362164057705e-01
3.519767643903709553e-01
3.520636508832558076e-01
3.521920480959717104e-01
3.522108676173761332e-01
3.523048660061197102e-01
3.523926573509556515e-01
3.524310546736342253e-01
3.525461684208061053e-01
3.525839443623639546e-01
3.526654883633672521e-01
3.527640947962079609e-01
3.528354640218194227e-01
3.529313037012564158e-01
3.530638718878600368e-01
3.531012872220439802e-01
3.531355803322289155e-01
3.531579490531109866e-01
3.532376765402167051e-01
3.533452273004368260e-01
3.534124731108756468e-01
3.534416696633223554e-01
3.534776576096448353e-01
3.536058925476551762e-01
3.536614161795025302e-01
3.537209326462377734e-01
3.537924408348225858e-01
3.538692487689082400e-01
3.539973261597731402e-01
3.540849485883592607e-01
3.541145630350427953e-01
3.541780023797257981e-01
3.542768857106642910e-01
3.543090389638438586e-01
3.543715762537397729e-01
3.544582453234224051e-01
3.545433691782182151e-01
3.547111042648982693e-01
3.547332988223471095e-01
3.548432548242101414e-01
3.549456583908895957e-01
3.550577061269976631e-01
3.551435724879648537e-01
3.552218621476191940e-01
3.552855104017907939e-01
3.553555792140541403e-01
3.554029127083574435e-01
3.554257141709223355e-01
3.554902299241378127e-01
3.556601132145508215e-01
3.556756059193295072e-01
3.558189601558131021e-01
3.558535238331070327e-01
3.559776215322976167e-01
3.560397041545825814e-01
3.561397576399250586e-01
3.562025518877848240e-01
3.562415326356802581e-01
3.563400298586735793e-01
3.564065161382690694e-01
3.564572013603453104e-01
3.565668856942460496e-01
3.566021134418436156e-01
3.566715066482720742e-01
3.567865178027597173e-01
3.568605941790799485e-01
3.568971597267793783e-01
3.569916017443734990e-01
3.571451001066474618e-01
3.572060087802084727e-01
3.572847100946256460e-01
3.573275935074798904e-01
3.574218183774505175e-01
3.575154527315523856e-01
3.575944440224289034e-01
3.576031785074590963e-01
3.576728802084345737e-01
3.577237122190237706e-01
3.578273225055841888e-01
3.578742410112139560e-01
3.580362856794997439e-01
3.581448298764758342e-01
3.581844238694230631e-01
3.583512700585778088e-01
3.583839837909083004e-01
3.584451714706523573e-01
3.585361594394145257e-01
3.586785477821089474e-01
3.587064177377020102e-01
3.587755227676208136e-01
3.588211367537646468e-01
3.588747187648873571e-01
3.589402192529337343e-01
3.590058535888110969e-01
3.591056221249558922e-01
3.592498441081712901e-01
3.592849255133443442e-01
3.593310297859102498e-01
3.594242779872011684e-01
3.594726304820978768e-01
3.595303896180186976e-01
3.596066704528750324e-01
3.596967772828185139e-01
3.597716988314866304e-01
3.598801827228186312e-01
3.599565354150420782e-01
3.600087150711119843e-01
3.600955755458376539e-01
3.601787730481577077e-01
3.601928709849159249e-01
3.602858030258561106e-01
3.603734804947887338e-01
3.604246194799262670e-01
3.604815510796148814e-01
3.605029412183426984e-01
3.607203386035118808e-01
3.607580731100021310e-01
3.607686882599591693e-01
3.608438025565987028e-01
3.609505047430988656e-01
3.610199994493509812e-01
3.610891288759926487e-01
3.611914642216318416e-01
3.612228706369041142e-01
3.613112946487549992e-01
3.613920772635059175e-01
3.614706560833008120e-01
3.614941236521281298e-01
3.615822981497157085e-01
3.617415502982765374e-01
3.618010540277349918e-01
3.618636875548288390e-01
3.619112336900419669e-01
3.620977819854565571e-01
3.621419225497580219e-01
3.622587632753251352e-01
3.622883475306559742e-01
3.624141869180726450e-01
3.625098379879663768e-01
3.625465198861157479e-01
3.626160841907250520e-01
3.626565599849186361e-01
3.627006208634226958e-01
3.627235767801463839e-01
3.628801372927172308e-01
3.629451740980337293e-01
3.630025691033810786e-01
3.631021449123554290e-01
3.631969839241614983e-01
3.632882372431688323e-01
3.633492060207369478e-01
3.634673314755524909e-01
3.634896035689934024e-01
3.635235018936973095e-01
3.636253428413136479e-01
3.637101742269260862e-01
3.637311940720311387e-01
3.638027881082733228e-01
3.639802592804288195e-01
3.640312181809860492e-01
3.640644882613908173e-01
3.641620498731328315e-01
3.642304982604121499e-01
3.642749040238947855e-01
3.643533710375562173e-01
3.644861263781196126e-01
3.645414045439837047e-01
3.646071535646436823e-01
3.646238583108482034e-01
3.647078754536060563e-01
3.647768877818322597e-01
3.648667448240132671e-01
3.649655250736184020e-01
3.650176990393430021e-01
3.650971512531100416e-01
3.651237315355602697e-01
3.652573300216470087e-01
3.652727328742518820e-01
3.653133939289101573e-01
3.653471421712458089e-01
3.655286556166067458e-01
3.655817008277221780e-01
3.656874713702262247e-01
3.657798414647957519e-01
3.658762949821333099e-01
3.658945464686851334e-01
3.659446067225906041e-01
3.660660229909662444e-01
3.662178573706052487e-01
3.662302036756020507e-01
3.663622938607209445e-01
3.664089946294310507e-01
3.664897231820775092e-01
3.665501471386373167e-01
3.666117673552094502e-01
3.667062341678425375e-01
3.668114589628293509e-01
3.668508502353310385e-01
3.669390618303526863e-01
3.670325917229754764e-01
3.670799469823841643e-01
3.672326675203607671e-01
3.672526168003010794e-01
3.673677799381658282e-01
3.673976300594858357e-01
3.676391652857790571e-01
3.676796366938819283e-01
3.677742923494367044e-01
3.678245222559376471e-01
3.679076170965021597e-01
3.679424074693836144e-01
3.680269927016563414e-01
3.681434629920715684e-01
3.682701314459232989e-01
3.683386144161515663e-01
3.683432597660394325e-01
3.684909709732251404e-01
3.685599365434777952e-01
3.686134873097398068e-01
3.687073100312088791e-01
3.687384880447597824e-01
3.687714555818673023e-01
3.689237795241088191e-01
3.689873622727097291e-01
3.690590672547759965e-01
3.692046398288197362e-01
3.692281405521414817e-01
3.692686154683964550e-01
3.693849007440770382e-01
3.694633077841064095e-01
3.695404445399492199e-01
3.696035177343746092e-01
3.696549772770955089e-01
3.696877288709353171e-01
3.697866708536665659e-01
3.698365299186157640e-01
3.699211058599372048e-01
3.700480550121191259e-01
3.700861873925145873e-01
3.701830056127327628e-01
3.701895424824796499e-01
3.703048701990276914e-01
3.704120543543015787e-01
3.705361752156657862e-01
3.706535625812984458e-01
3.707343150869324977e-01
3.707496546856496877e-01
3.708095164118836440e-01
3.709047425606964432e-01
3.709926317301321941e-01
3.710916065712346890e-01
3.711285497671025779e-01
3.712311173200801284e-01
3.713133095689767349e-01
3.713861753803093801e-01
3.713925431401120525e-01
3.715264081978795208e-01
3.716085474088987595e-01
3.716735028736500301e-01
3.718077748670504112e-01
3.718378335594982320e-01
3.718822955616132298e-01
3.719806063801230911e-01
3.720226991856197540e-01
3.720521272916472166e-01
3.722047246773959595e-01
3.722192732555084094e-01
3.723562975774227235e-01
3.725137364472900781e-01
3.725502905616726035e-01
3.726660115935016004e-01
3.726756652499194078e-01
3.728501836835709793e-01
3.728576313543896514e-01
3.729353841687839122e-01
3.730161156376891607e-01
3.731783111207950254e-01
3.732034614220023361e-01
3.733339965152962514e-01
3.733848850650872131e-01
3.734914140136712524e-01
3.735869279526677911e-01
3.736260539837893968e-01
3.736540408509591571e-01
3.737530122473586847e-01
3.738812764856631610e-01
3.739836263500032620e-01
3.740379713931667460e-01
3.741279914048509792e-01
3.741891784152450717e-01
3.742385804926313675e-01
3.742602964833422474e-01
3.743639966201344760e-01
3.744787662929384142e-01
3.745580914883671064e-01
3.745852682601685801e-01
3.747363560894078072e-01
3.747587812248200367e-01
3.749134533902822031e-01
3.750195573967231022e-01
3.750640777167428830e-01
3.751159941816705201e-01
3.751873019789798702e-01
3.752597641092814684e-01
3.753498979093118915e-01
3.754681551251378147e-01
3.755210413658583990e-01
3.756018535071827813e-01
3.756793555273839069e-01
3.757075583663468388e-01
3.757790216692754592e-01
3.758034843544670323e-01
3.759632163985157094e-01
3.760551292977070137e-01
3.761880659223036938e-01
3.762729143391191355e-01
3.763196872323953945e-01
3.763964526199272687e-01
3.765562585353228742e-01
3.766032494703994149e-01
3.766703648687408923e-01
3.767136656549947560e-01
3.768126532167443421e-01
3.768715125118766163e-01
3.769082653786933190e-01
3.770687177174125160e-01
3.770980447960166626e-01
3.771659586654814156e-01
3.772856757982496756e-01
3.773200812374933322e-01
3.774391710405827771e-01
3.774763245024816971e-01
3.775586456602227359e-01
3.776503543091427328e-01
3.776882697122082022e-01
3.777551110926907207e-01
3.778960879819542873e-01
3.779337148713263761e-01
3.780382265749472892e-01
3.781043585883274161e-01
3.781350632258664857e-01
3.782239406747622823e-01
3.783679083789324715e-01
3.784186573344346938e-01
3.784714649409782750e-01
3.785229751816459043e-01
3.785960772959838794e-01
3.786665643767951339e-01
3.787988516688294838e-01
3.788531998104458509e-01
3.789386272789637689e-01
3.790232131024716122e-01
3.791345399351701007e-01
3.791635589373217874e-01
3.792603324664596820e-01
3.793567815436896806e-01
3.794000201253098781e-01
3.794627769139565232e-01
3.795572441008605025e-01
3.795617952892582636e-01
3.796242051348623359e-01
3.797379814541839149e-01
3.798824203095041430e-01
3.799420378205922710e-01
3.800116836708200552e-01
3.800743561743702981e-01
3.801567845105437993e-01
3.802031950108786806e-01
3.803205143106477837e-01
3.804168118919884489e-01
3.805172637098452881e-01
3.806715270326201384e-01
3.807889985856249826e-01
3.808642187707011462e-01
3.809042289531096026e-01
3.810356391580048685e-01
3.811397451222832689e-01
3.811618782010223194e-01
3.812658356698690465e-01
3.813131566560733487e-01
3.814022179372734689e-01
3.814711967226902534e-01
3.815706917916604768e-01
3.817494713160934916e-01
3.817948477669187435e-01
3.818410853508868441e-01
3.818871726980851422e-01
3.819307137247128225e-01
3.819907763396385159e-01
3.820593543536149328e-01
3.821390910268775976e-01
3.822162207209705009e-01
3.822749802254118978e-01
3.823585513387897650e-01
3.824757864704999011e-01
3.825308927848445339e-01
3.826140371023917797e-01
3.827812597780289039e-01
3.828044235485928981e-01
3.828409802469668888e-01
3.829814220158424543e-01
3.830717215987901048e-01
3.831861158244906918e-01
3.832320128713691543e-01
3.833145822622031629e-01
3.833710420016541165e-01
3.835256335919510207e-01
3.835736088214205530e-01
3.836714267559979685e-01
3.837649822279807221e-01
3.838270147268451615e-01
3.839607165618144080e-01
3.840153983790783321e-01
3.841148509369736175e-01
3.842694442227492790e-01
3.843396159320681682e-01
3.843859770102248108e-01
3.844739695144477332e-01
3.845271192894518797e-01
3.847378778770601526e-01
3.847625265228175606e-01
3.848562479861432628e-01
3.849326992000054459e-01
3.851083547258730144e-01
3.851207351900056697e-01
3.851686297402892589e-01
3.852641796036507249e-01
3.853173191001580400e-01
3.853418924099740184e-01
3.855223188012697477e-01
3.855424021840651028e-01
3.855812421148928082e-01
3.856646116303791283e-01
3.857297610935441212e-01
3.857960610598975548e-01
3.858867510126252620e-01
3.860074866786615821e-01
3.860586865409843527e-01
3.861054109302250459e-01
3.861295165331956047e-01
3.863190352464815347e-01
3.863653970945410410e-01
3.863832875448796056e-01
3.865728860699430558e-01
3.865983369765341737e-01
3.866525484100353793e-01
3.867943087512538680e-01
3.868853622428393702e-01
3.869700361585741710e-01
3.870581284467540240e-01
3.871807715094878755e-01
3.872163134054399380e-01
3.872966497030362332e-01
3.873317190681523359e-01
3.874374627445527630e-01
3.875333964748240989e-01
3.876141307972917338e-01
3.876966239592576358e-01
3.877547734767594068e-01
3.878145460379909815e-01
3.878457058084939235e-01
3.878976550957867753e-01
3.880190216019437366e-01
3.881616943119061691e-01
3.882139879371108160e-01
3.883516589055582280e-01
3.884345821411381294e-01
3.885211531271596797e-01
3.885584773473325648e-01
3.885877115613882715e-01
3.887156828190135305e-01
3.887718174792078041e-01
3.888649434136733363e-01
3.889828032769163113e-01
3.890387280352191612e-01
3.891262280861185197e-01
3.891596985456954316e-01
3.892554664275125198e-01
3.893360111311530147e-01
3.893673864628238168e-01
3.895144944244059437e-01
3.895420711486655141e-01
3.896828006387951238e-01
3.897348042406398871e-01
3.898413000924775274e-01
3.899028972050734843e-01
3.899394365342893076e-01
3.901059442738913918e-01
3.901528358923523343e-01
3.902269203007149856e-01
3.902517660068370864e-01
3.903287853157155762e-01
3.904179546460419536e-01
3.904669031448705363e-01
3.905776477106751021e-01
3.906527990279277107e-01
3.906932442601794842e-01
3.908028205677224198e-01
3.909432770316386141e-01
3.910339391858710378e-01
3.911267082399582651e-01
3.911549454207586818e-01
3.912685278506367048e-01
3.913128246544745337e-01
3.914828367770138984e-01
3.915588007894625355e-01
3.916322525075297545e-01
3.916920160260787265e-01
3.917189550052807001e-01
3.918745421284516306e-01
3.919200268873943571e-01
3.920209879706549883e-01
3.920684057852866777e-01
3.922091304054744487e-01
3.922351941196537406e-01
3.922849579746332527e-01
3.924808789326976743e-01
3.924938252693245255e-01
3.925518831726779734e-01
3.927147480235752552e-01
3.927609889291178158e-01
3.928234807304272214e-01
3.929537426399959399e-01
3.930413010178285815e-01
3.930520799679999011e-01
3.931894172617661498e-01
3.932622785288034106e-01
3.933476739070383976e-01
3.935525215082213979e-01
3.935978806587397405e-01
3.936516085960920508e-01
3.937043443443325463e-01
3.938214162587623246e-01
3.938888398058432716e-01
3.939612616711099524e-01
3.940926550138980633e-01
3.941448461117614821e-01
3.942072037356196823e-01
3.942728475009273925e-01
3.943585857220023860e-01
3.944004977812454182e-01
3.945327191597081673e-01
3.946114893760127584e-01
3.946366509896658270e-01
3.947196506196923305e-01
3.948601655143888500e-01
3.949523665967966113e-01
3.950529481726902103e-01
3.951347200906552559e-01
3.952161538001505714e-01
3.952638166572309819e-01
3.953806935255340105e-01
3.954220855759061348e-01
3.955072040339824291e-01
3.956541287970059551e-01
3.956984926664926516e-01
3.957610074305702441e-01
3.959058649763257387e-01
3.959757139592988695e-01
3.960009751728501004e-01
3.961439749624440232e-01
3.961768210201420115e-01
3.963241415071699358e-01
3.963850594686777473e-01
3.963969776323003624e-01
3.965283747153315885e-01
3.965778395586236904e-01
3.966944532704105852e-01
3.968050793994771230e-01
3.968671800065507460e-01
3.969501246074751410e-01
3.971152284003125477e-01
3.971387911175914276e-01
3.972314847903542501e-01
3.972465051401161684e-01
3.973951489630354605e-01
3.974206623202433120e-01
3.975443737229534258e-01
3.977018812594360631e-01
3.977344512372948948e-01
3.977984347192694559e-01
3.978283330376001237e-01
3.980148486680031850e-01
3.980746168819924713e-01
3.980860388749782319e-01
3.982217578004004777e-01
3.982828862522575508e-01
3.983121683402420232e-01
3.983667908568108706e-01
3.984045681898787938e-01
3.986080540407121453e-01
3.986448174550814016e-01
3.987893188253234800e-01
3.988382761890570394e-01
3.989024263568193840e-01
3.989886907724879972e-01
3.990863118333144444e-01
3.991827908582504247e-01
3.994321043235080637e-01
3.995321438540331282e-01
3.996276202581037773e-01
3.996604290347669508e-01
3.997883673181297781e-01
3.998973280581412104e-01
3.999390187618407366e-01
4.000051268524694170e-01
4.000458077909482268e-01
4.001121967288890913e-01
4.002388156148723453e-01
4.003238182599335726e-01
4.003705365230421642e-01
4.004651361427862821e-01
4.005186728870712698e-01
4.006570872023608176e-01
4.006871874273864598e-01
4.007590630233859863e-01
4.008542635137647414e-01
4.009303185672107306e-01
4.010060057483691986e-01
4.010540359742528760e-01
4.011003632346972769e-01
4.012449392765202738e-01
4.014207109064960033e-01
4.014389124570196254e-01
4.015549818807948035e-01
4.016825825609156020e-01
4.017338276457325108e-01
4.018590142378954955e-01
4.019117244917291831e-01
4.019852411159380301e-01
4.021347976214648123e-01
4.021625551500124796e-01
4.022858747817534830e-01
4.023253884170933103e-01
4.023911677160156852e-01
4.025625709115565609e-01
4.026246812428440069e-01
4.027049715781467198e-01
4.027400677240237648e-01
4.028510669357596718e-01
4.028889742743913538e-01
4.030382789505022045e-01
4.030853691596041899e-01
4.031256521996572362e-01
4.032113785657175931e-01
4.033493188365890880e-01
4.034744706662298230e-01
4.035059853118085904e-01
4.035832602520925128e-01
4.036691425852735327e-01
4.036927411651369257e-01
4.038109540899225691e-01
4.039179883789283942e-01
4.040604176059710007e-01
4.041683885348106298e-01
4.041813149519412063e-01
4.042262523252918016e-01
4.042724481565960204e-01
4.044273913726165182e-01
4.045447569388800346e-01
4.045613055402361158e-01
4.047442811358084591e-01
4.047925283803590624e-01
4.049287926153655737e-01
4.050272269939665382e-01
4.051406601841416877e-01
4.051798296691578316e-01
4.052404691050353613e-01
4.052619968481964707e-01
4.053180022310665098e-01
4.054035789021845360e-01
4.055082369226143402e-01
4.055940071247193246e-01
4.057125677468314540e-01
4.058337154842180938e-01
4.058780577185447935e-01
4.059918192903495537e-01
4.060188183060968736e-01
4.060511455236303080e-01
4.061157381046330284e-01
4.061958078731322530e-01
4.063360036910541595e-01
4.063647840231452424e-01
4.065127099882474004e-01
4.065422820346614174e-01
4.066598959320015805e-01
4.067445083658332017e-01
4.068000698451096353e-01
4.069348455532100783e-01
4.069564812351209038e-01
4.070924434468632946e-01
4.071968253231597057e-01
4.072841196464374036e-01
4.073569038985914159e-01
4.074730781120334822e-01
4.074900781289143570e-01
4.077550562842131021e-01
4.078099749572823285e-01
4.078752306383859327e-01
4.079412903660771805e-01
4.080481212573339178e-01
4.080671078914985817e-01
4.081592687027872923e-01
4.082899805339282873e-01
4.084220993113475418e-01
4.084608390593736371e-01
4.084847344964175342e-01
4.086291265130899686e-01
4.086692584580281506e-01
4.087047742413204565e-01
4.089064241104666264e-01
4.090258876237138908e-01
4.090585606659260520e-01
4.092140283208134943e-01
4.092697539252858063e-01
4.093310196994774941e-01
4.093931914601845468e-01
4.094363490571915065e-01
4.095560532327758296e-01
4.096916266566900111e-01
4.097721005324486687e-01
4.098188187522955328e-01
4.098628232009864925e-01
4.099498295245919688e-01
4.101030709116099127e-01
4.101598314991976024e-01
4.102213939348056670e-01
4.103273722759595565e-01
4.104006827701952576e-01
4.106098747069479860e-01
4.107452998171061687e-01
4.108399708588221233e-01
4.109113989667638744e-01
4.109497620072422031e-01
4.111201718600305810e-01
4.111798387526224841e-01
4.113598865864277476e-01
4.113908421295348061e-01
4.114026755506911548e-01
4.114350417544575533e-01
4.115246271372485776e-01
4.116690968724969202e-01
4.117158185943719517e-01
4.118133301417148395e-01
4.118282900070647234e-01
4.119793890455392682e-01
4.120617406731883481e-01
4.121030007297184494e-01
4.122526636555556290e-01
4.123403047515747932e-01
4.124472691626394072e-01
4.124802132061980431e-01
4.125811554620469890e-01
4.126146248144517692e-01
4.128782771326244827e-01
4.128975110180347907e-01
4.129530060072759134e-01
4.130727522056701906e-01
4.132253561305617162e-01
4.132598725126290784e-01
4.133252107342152426e-01
4.134257702386099909e-01
4.134684712165601628e-01
4.136136006715889768e-01
4.137266645521135988e-01
4.137540998536187731e-01
4.139095588330839459e-01
4.140199706574738681e-01
4.141228103767093383e-01
4.141389113002274525e-01
4.142288667880199005e-01
4.143467912890607119e-01
4.145083646590874693e-01
4.145793248347337534e-01
4.146703012090414142e-01
4.146838049329928388e-01
4.148032491149248324e-01
4.148761216305409949e-01
4.149984606415355604e-01
4.150415025133348257e-01
4.151506855311297151e-01
4.152414416557134169e-01
4.153655679193872796e-01
4.154778569778716513e-01
4.155245132530958618e-01
4.156555984989833141e-01
4.158091269538919388e-01
4.158841824172980206e-01
4.159110927890019016e-01
4.160555163116448907e-01
4.161220520551507929e-01
4.162095058021218486e-01
4.162318887291930891e-01
4.163393609668796791e-01
4.164192193548688081e-01
4.165193429609218567e-01
4.166307280726918028e-01
4.167014400790184925e-01
4.167630966460706965e-01
4.168267933941150472e-01
4.169038108021754230e-01
4.170280371917119977e-01
4.170953669890094528e-01
4.171724659886998920e-01
4.172033251659199027e-01
4.173556216303226374e-01
4.174978903260613827e-01
4.176629160657745476e-01
4.176814941696156414e-01
4.178710398377906698e-01
4.179212877438469032e-01
4.179448260846723717e-01
4.180401131390964475e-01
4.181897515082940164e-01
4.182191781010467513e-01
4.183298686138952061e-01
4.184373957977905456e-01
4.185702462719632644e-01
4.187386484352761395e-01
4.188137093321762094e-01
4.188544890337987381e-01
4.189882215430408841e-01
4.190791144232318688e-01
4.191639732418613318e-01
4.191690789230455017e-01
4.192791600333246604e-01
4.193867222274192397e-01
4.194941664864059172e-01
4.196238839718173241e-01
4.196952331628144295e-01
4.197797751407127409e-01
4.198527546894041951e-01
4.199110623455274971e-01
4.201043778568004927e-01
4.201793993625768109e-01
4.202640456402160773e-01
4.203080549107089947e-01
4.203733091811384659e-01
4.204630233323414790e-01
4.204772132445553368e-01
4.206389729044544556e-01
4.206976649935814105e-01
4.208067713541997490e-01
4.208994901039868619e-01
4.209722475368823380e-01
4.210358448087331840e-01
4.211625430149802951e-01
4.212955785841380196e-01
4.213314930230487310e-01
4.214727450612930082e-01
4.216023256404258790e-01
4.216951213256940334e-01
4.219016915039314752e-01
4.219240074392350270e-01
4.220081733407039515e-01
4.221141856525341129e-01
4.221620031685663355e-01
4.223747041248470113e-01
4.224690576387740704e-01
4.225460023086659023e-01
4.226899085108754561e-01
4.227125476860837394e-01
4.228383423380482342e-01
4.229053967446938511e-01
4.230048669283357765e-01
4.230819286800835410e-01
4.232232957742629309e-01
4.232483981792627414e-01
4.233345683214548294e-01
4.233830255928038855e-01
4.235284497384065316e-01
4.236546329446146397e-01
4.237157689080622291e-01
4.237818992575803634e-01
4.239295747919324953e-01
4.240782093006068010e-01
4.241917747971277741e-01
4.242788167835307434e-01
4.242894914917821336e-01
4.244140051524847856e-01
4.244210600069521222e-01
4.245533181955002955e-01
4.246013443433171441e-01
4.247170869169025198e-01
4.247718808048405736e-01
4.249942434292341975e-01
4.250148670249568328e-01
4.251032710318078944e-01
4.252217594282611257e-01
4.252874992369488072e-01
4.253871559809973002e-01
4.254440445800521942e-01
4.256083317499603780e-01
4.256895390308130245e-01
4.258242409682170826e-01
4.259648322536640497e-01
4.259970383838461161e-01
4.260898962700347958e-01
4.261581434974985316e-01
4.263066308517234893e-01
4.264652080915574128e-01
4.264780084200307519e-01
4.266096789690724811e-01
4.266670127352007458e-01
4.267849761826886801e-01
4.269374384894828456e-01
4.269978327487021774e-01
4.270712167011209148e-01
4.271858718163221158e-01
4.274099000745670840e-01
4.274567628219659854e-01
4.274875745648934466e-01
4.276077031433886955e-01
4.277015721634158107e-01
4.277633298492024561e-01
4.278829252361476820e-01
4.280230216479740113e-01
4.280423063023812147e-01
4.281388637252400708e-01
4.282508277038624689e-01
4.282651139159837084e-01
4.283834418524027354e-01
4.285192877286074231e-01
4.285872848789178402e-01
4.287103737176748419e-01
4.288486658143189079e-01
4.288830522794085387e-01
4.289666883486414339e-01
4.291341767468436763e-01
4.291551916181195470e-01
4.293472526079262774e-01
4.295500764411053218e-01
4.295898499825581140e-01
4.297139447430365355e-01
4.297376295505089816e-01
4.297920431610470215e-01
4.300257003156705005e-01
4.300484127562286263e-01
4.300895156397905317e-01
4.302706862162148926e-01
4.303119031114723270e-01
4.303633608001618538e-01
4.304516310333023621e-01
4.305726594252197170e-01
4.306697666128445623e-01
4.307847747706551877e-01
4.308769914437663440e-01
4.310491840216499337e-01
4.311694338697282247e-01
4.312289921724182240e-01
4.313641932587080063e-01
4.313710777700865417e-01
4.315712973085880644e-01
4.317410886409496218e-01
4.318392338563499799e-01
4.319879728912034422e-01
4.320507247379811733e-01
4.321231017186553669e-01
4.322637241426511290e-01
4.323119660314324597e-01
4.323964801311235284e-01
4.325234943871320570e-01
4.325694101919236867e-01
4.327229356618813583e-01
4.328002236617428111e-01
4.328839505219591044e-01
4.330179917025233083e-01
4.330219536468684627e-01
4.331504059752852021e-01
4.331973415736580235e-01
4.334474320272347359e-01
4.335254499219788338e-01
4.335752281463781665e-01
4.336432963071276681e-01
4.337126834939218356e-01
4.338284431023516352e-01
4.339971861919718066e-01
4.340583185036996916e-01
4.341357453663741706e-01
4.343015019977663482e-01
4.344138550294328605e-01
4.344339122195687852e-01
4.345850861890748207e-01
4.346681386147348003e-01
4.348405899880399827e-01
4.349851537534182855e-01
4.350231188916724445e-01
4.351169847262574830e-01
4.352462832501744483e-01
4.353941181578322994e-01
4.355243791374199813e-01
4.355917525777523447e-01
4.356384130657074416e-01
4.357105069806525566e-01
4.358382490911734131e-01
4.359278217312982373e-01
4.360807123797996177e-01
4.361512201625826757e-01
4.361854797148458363e-01
4.362388449904305299e-01
4.362749753585791201e-01
4.363579988865464721e-01
4.365283612774872868e-01
4.366700859029610804e-01
4.368145907250646220e-01
4.368554570486566369e-01
4.370026816859877150e-01
4.370354637157680688e-01
4.371628802818763870e-01
4.372735880915064044e-01
4.373224733300294931e-01
4.374148692514290282e-01
4.374924622690154474e-01
4.375712169376604344e-01
4.376252847424997872e-01
4.377759908921501908e-01
4.378311126035168699e-01
4.378759275973377885e-01
4.380706379140328899e-01
4.381983292623438109e-01
4.382609112591622225e-01
4.383667966000207028e-01
4.384385348827566919e-01
4.386120988182724556e-01
4.387385924383840341e-01
4.389185286297478950e-01
4.390329922113179739e-01
4.390954534981577062e-01
4.392444084882970445e-01
4.393297796309041381e-01
4.394630830803326060e-01
4.396066313534140457e-01
4.396897198429204900e-01
4.397386751105012426e-01
4.398582016539838713e-01
4.399291849983125169e-01
4.400503262096920332e-01
4.401174694108996310e-01
4.402208518229711598e-01
4.402863668596543323e-01
4.405248570988510859e-01
4.407214535016239498e-01
4.407562389515992662e-01
4.409102517568784796e-01
4.409800418314810955e-01
4.410409840172944129e-01
4.412162721838798762e-01
4.414458078423513232e-01
4.414905728971418863e-01
4.416409403518670174e-01
4.416980227755748500e-01
4.418405772498744666e-01
4.419189122429912908e-01
4.420369588522766735e-01
4.421486428358941678e-01
4.421930775873364472e-01
4.423177381264276065e-01
4.424370344469920613e-01
4.424693311042625643e-01
4.425375316259837488e-01
4.426223194123348192e-01
4.426916993145961210e-01
4.427727297494846725e-01
4.429458948571804444e-01
4.430867210082343188e-01
4.431826412601923559e-01
4.432776086495057721e-01
4.433418938719086988e-01
4.433834087825483383e-01
4.435980770125315664e-01
4.436589576736051921e-01
4.437094131994547830e-01
4.438727497171815473e-01
4.439409364628755794e-01
4.441263030462709871e-01
4.441817264293427825e-01
4.442621316662257458e-01
4.444952441169084945e-01
4.445685805650974598e-01
4.447160794301727171e-01
4.448564782491969405e-01
4.450045221889080693e-01
4.450498115447990566e-01
4.451887749843986830e-01
4.452252434123115665e-01
4.453097005020162924e-01
4.455016344540499995e-01
4.456136108556031927e-01
4.457119836903891685e-01
4.457592950689133193e-01
4.459105439033176910e-01
4.460166600842350726e-01
4.461106492732729856e-01
4.461541075536573087e-01
4.462732873612205164e-01
4.464667618801975713e-01
4.465456518837209177e-01
4.466404349737050361e-01
4.467704352748624874e-01
4.468310982681923949e-01
4.470954429580962786e-01
4.471176855709732556e-01
4.471946157903265440e-01
4.472357902170751021e-01
4.473749708266714364e-01
4.473815750298125171e-01
4.475491630317920411e-01
4.477464022596061577e-01
4.478993288387038696e-01
4.480092149965518300e-01
4.480962725527915524e-01
4.482361170894962332e-01
4.482864481860068806e-01
4.483352526140406691e-01
4.485220157702454191e-01
4.486328872583021377e-01
4.486976033862735136e-01
4.487774729403809504e-01
4.489229446958722947e-01
4.489946190467309917e-01
4.490983332640571812e-01
4.492521097154333898e-01
4.493596096670496864e-01
4.493918430691637989e-01
4.495287469999300067e-01
4.496680541889415683e-01
4.497310635749159902e-01
4.497537733149102324e-01
4.498555779236386165e-01
4.499980893028300288e-01
4.501664523190594402e-01
4.503458317381701104e-01
4.504339517981574281e-01
4.506121236531164254e-01
4.507030132313739612e-01
4.508906103192270032e-01
4.509754462190557756e-01
4.511564554041229136e-01
4.512312720987496362e-01
4.513724514758528650e-01
4.514249720250270714e-01
4.515338480954829703e-01
4.516510866150196812e-01
4.517810911591391698e-01
4.518984331508149599e-01
4.520021153777246670e-01
4.520389895712217387e-01
4.522327306747299103e-01
4.523255490251387734e-01
4.523630977949248955e-01
4.524518772186071902e-01
4.526053758707178631e-01
4.526596842597043202e-01
4.526730974905672222e-01
4.527952832507038949e-01
4.530983256646365365e-01
4.532172532682641752e-01
4.532887682618641501e-01
4.533659212219889878e-01
4.534636947546590302e-01
4.536304459146014989e-01
4.536778194935494057e-01
4.538012392164967324e-01
4.539006207166432216e-01
4.539855775876464605e-01
4.541212285029068152e-01
4.542594090922875694e-01
4.545615681699010091e-01
4.545787903241205186e-01
4.547734560378736690e-01
4.548889921566003913e-01
4.549239646412516214e-01
4.550977501141352244e-01
4.552491441539537886e-01
4.553998085077978764e-01
4.556169383737186940e-01
4.557202083668320802e-01
4.558208542390222440e-01
4.558864925245446620e-01
4.560032999683624744e-01
4.561681747093347949e-01
4.562199276441942786e-01
4.563276521963204879e-01
4.564594263086885206e-01
4.565704812592377149e-01
4.566605703647335646e-01
4.567470978243748370e-01
4.568485197675698495e-01
4.569000982575291969e-01
4.571480875195496063e-01
4.572142013079952827e-01
4.573277384577705273e-01
4.574447943901446267e-01
4.575757991471669506e-01
4.576032208334097073e-01
4.577182199290995013e-01
4.578123430408160277e-01
4.579290082060056832e-01
4.580089625839221523e-01
4.582266638579620133e-01
4.583843872101605599e-01
4.584419935950130864e-01
4.585135006743730202e-01
4.586638241591992626e-01
4.588220089467182072e-01
4.589357085578900652e-01
4.589792505402080502e-01
4.591180649461918395e-01
4.593261684809781809e-01
4.594273491755045957e-01
4.595128666373550774e-01
4.595709165292046205e-01
4.596586855182391296e-01
4.598524677480540501e-01
4.600858358237523427e-01
4.601490073433317507e-01
4.602410988551850490e-01
4.604011831824840195e-01
4.605645073843724902e-01
4.606441787694846024e-01
4.608201876901829586e-01
4.609066861664167791e-01
4.609575542328817610e-01
4.610732705201026627e-01
4.611966314549936219e-01
4.613926813354554679e-01
4.614520937712865978e-01
4.615618197929718391e-01
4.616191250138308444e-01
4.616279958334770783e-01
4.618453291035063968e-01
4.619667430342925263e-01
4.620559406314923012e-01
4.622037997170636570e-01
4.624141882629278499e-01
4.624331295410221698e-01
4.625448826272208214e-01
4.626055711712885876e-01
4.629000573607654490e-01
4.630062530174840485e-01
4.630960243516009656e-01
4.632465268162526684e-01
4.633511494853593260e-01
4.635619737877944013e-01
4.636936507047259570e-01
4.637289055185707665e-01
4.639105876475943524e-01
4.639543603994882304e-01
4.641754644505336480e-01
4.642020642189098045e-01
4.643820946785691128e-01
4.644730074546167820e-01
4.645719015326616463e-01
4.646231241002843904e-01
4.646841149812033223e-01
4.649153937882500309e-01
4.649464261503296614e-01
4.650779312165441715e-01
4.652513902805103796e-01
4.653115365686169569e-01
4.654321975490412489e-01
4.656394419443554145e-01
4.657474202480060277e-01
4.659201048600442041e-01
4.660488675266880598e-01
4.660997666958072716e-01
4.662710868969979772e-01
4.664049032491670577e-01
4.665032027817180293e-01
4.665798443041091481e-01
4.666158128213783174e-01
4.669295351992950316e-01
4.669611877110708131e-01
4.670868896956125171e-01
4.672976003818120616e-01
4.674110469046951488e-01
4.677301020043742041e-01
4.678483881658452304e-01
4.678680357700873982e-01
4.679605449424281693e-01
4.680983648706239508e-01
4.681467498515988201e-01
4.682744693081739018e-01
4.685476170521988837e-01
4.687423589975224236e-01
4.687958792909603378e-01
4.689091454431860151e-01
4.690878138656116025e-01
4.691657545642797800e-01
4.693213043396362583e-01
4.693770006434769826e-01
4.695020846844723539e-01
4.695500683687253707e-01
4.697883060838110580e-01
4.698799670641631288e-01
4.700727212288037804e-01
4.701049215670858872e-01
4.702211796164277868e-01
4.703287717351913311e-01
4.704972984275455072e-01
4.705590325663007722e-01
4.706451846341898060e-01
4.708789289321881899e-01
4.709989058627556124e-01
4.711190233613117284e-01
4.712282658507399580e-01
4.713133557477194313e-01
4.714079286849242045e-01
4.715470880487896976e-01
4.717178103824916646e-01
4.718294355467274603e-01
4.719016997452101791e-01
4.721412751246126249e-01
4.722691457045490315e-01
4.724676839569272868e-01
4.725416916073638673e-01
4.727469636838942391e-01
4.728434763408413399e-01
4.730773165587505158e-01
4.731069877385655209e-01
4.732934481658965797e-01
4.733446023730008556e-01
4.734958510331578330e-01
4.735605096915666556e-01
4.736019371038766579e-01
4.737051708810785522e-01
4.738016011774132674e-01
4.738514417148777524e-01
4.740699885767870048e-01
4.743133941239181528e-01
4.745004789950263979e-01
4.746550805162311204e-01
4.747402683146057512e-01
4.747687217958379002e-01
4.749868534722890834e-01
4.751618459884225376e-01
4.754024725956573216e-01
4.754478761524974506e-01
4.755020591065473035e-01
4.756108618385576081e-01
4.757038630396524526e-01
4.758056073964544441e-01
4.758712650965711832e-01
4.760056331506603566e-01
4.761420379312117923e-01
4.762268123243837969e-01
4.765314910212901656e-01
4.766274763803035053e-01
4.767507263206366419e-01
4.769007015574202590e-01
4.770597823435450691e-01
4.772205283735991843e-01
4.772940250801777640e-01
4.775161251948327190e-01
4.775861536759819503e-01
4.776666236807475263e-01
4.778861657415628406e-01
4.779319525715157724e-01
4.780422556666399370e-01
4.782275444977139855e-01
4.782748678488752403e-01
4.783569758439891739e-01
4.784990308945871740e-01
4.787812598007913922e-01
4.788541683748712696e-01
4.788906498591404826e-01
4.789633081439666484e-01
4.791281041835243615e-01
4.793442241875439658e-01
4.794285646913354904e-01
4.795291613437284162e-01
4.797087977588677665e-01
4.798121038931233429e-01
4.800575085609802284e-01
4.800935301343249306e-01
4.801868315370438900e-01
4.802894034074275398e-01
4.805327874433898971e-01
4.806757369158211057e-01
4.808332715520067246e-01
4.808708317275642297e-01
4.810724224630407719e-01
4.811672585641467714e-01
4.813202069776695291e-01
4.814232871766404576e-01
4.814764297137080762e-01
4.816829044094117496e-01
4.818385822360410908e-01
4.820247764962981019e-01
4.821059335336985718e-01
4.822766160932640545e-01
4.824001318620354528e-01
4.826809639005651409e-01
4.827896276260538744e-01
4.828957274807667566e-01
4.829209741305759973e-01
4.831706735416542164e-01
4.832719168269402621e-01
4.833880939623582673e-01
4.834179034517581686e-01
4.834967859609440866e-01
4.836057373466672304e-01
4.838415800475062700e-01
4.838648032084877371e-01
4.840615884484123499e-01
4.842717178636499753e-01
4.843523271883277692e-01
4.846934025512302235e-01
4.848068794341064414e-01
4.849996063421544434e-01
4.850640437452984344e-01
4.852699855911885574e-01
4.853303597711273731e-01
4.854990388145158375e-01
4.856082395376146166e-01
4.857039089147627831e-01
4.858238176424648502e-01
4.861014632515658351e-01
4.862910279321707163e-01
4.863560647927706038e-01
4.864993043212865187e-01
4.865237463056295564e-01
4.867128762800369546e-01
4.868654746268360478e-01
4.870087931359634581e-01
4.871797144232943855e-01
4.872715023097494713e-01
4.874643275558984135e-01
4.875826338300569551e-01
4.876875069937717799e-01
4.878087274635413140e-01
4.880169060862795116e-01
4.881568806763873503e-01
4.882869705828444262e-01
4.884514073801839995e-01
4.884752460040397981e-01
4.886029066015437072e-01
4.888597144272408546e-01
4.889618897057119162e-01
4.891427118466412094e-01
4.894646540895235542e-01
4.896009532391434327e-01
4.896215851887041892e-01
4.897385619131671142e-01
4.898097106292071956e-01
4.899278417389302254e-01
4.900505171029445051e-01
4.902238371714890408e-01
4.904352960114762849e-01
4.905554240479196304e-01
4.907100788119566070e-01
4.908224115160421119e-01
4.909770354771514911e-01
4.911903665017350873e-01
4.912777306449837567e-01
4.914836251063067762e-01
4.916382083423153082e-01
4.917013371404010957e-01
4.917832634259208247e-01
4.919297138778747081e-01
4.920878791258055940e-01
4.922777198168288293e-01
4.923754579764162975e-01
4.926219440901850044e-01
4.927842146215023478e-01
4.929929966019331311e-01
4.930937477272315239e-01
4.932051347105553263e-01
4.932781720338392795e-01
4.934837917111384864e-01
4.935036794570250573e-01
4.935599454842382050e-01
4.937558164323557208e-01
4.939962842482896188e-01
4.942242121979469327e-01
4.942753661925509134e-01
4.944695967911241219e-01
4.945040935225515910e-01
4.949905610969754233e-01
4.950465820385249183e-01
4.952734914816740441e-01
4.953537139922958299e-01
4.954994187150062457e-01
4.956568936888195998e-01
4.957393010424527291e-01
4.958713360593492991e-01
4.960335899236111290e-01
4.961614272858189123e-01
4.963731119206524212e-01
4.964550305834020127e-01
4.966536303880482728e-01
4.967857459234465978e-01
4.969165742755852766e-01
4.970130031148654592e-01
4.972826201524996881e-01
4.974123051603893120e-01
4.974950377601370932e-01
4.977227353781630836e-01
4.979332267088117936e-01
4.979802171814393663e-01
4.981662873532314850e-01
4.983109994736676929e-01
4.983830447064837577e-01
4.985521679138080198e-01
4.987965952552050886e-01
4.989410645652775367e-01
4.992394117226511829e-01
4.993580066659022432e-01
4.994638082608650609e-01
4.996420877161151797e-01
4.996955674611224252e-01
4.997228247181963456e-01
5.000704983317473262e-01
5.001801512249213211e-01
5.003380485169198755e-01
5.004397403541508416e-01
5.008937759524971778e-01
5.009913796888475490e-01
5.011662438546430343e-01
5.011816123335177675e-01
5.013684107739245777e-01
5.016058752999095205e-01
5.017276585915955156e-01
5.018783552078525112e-01
5.020475714684496937e-01
5.022903771193518718e-01
5.023602691829684996e-01
5.024780885115133211e-01
5.026350569188234862e-01
5.027433022506170301e-01
5.027748448850838381e-01
5.031836270415620538e-01
5.033068806475089474e-01
5.035327104047263580e-01
5.037553273058966719e-01
5.037976952099714190e-01
5.039607403693190379e-01
5.041316587145672212e-01
5.043056234977766339e-01
5.043799823489241163e-01
5.046827313140253013e-01
5.047974028709265593e-01
5.049275752660548067e-01
5.051007822214926835e-01
5.053281487085283796e-01
5.054156591579126445e-01
5.057304422637171060e-01
5.058920042730405964e-01
5.059411537104911982e-01
5.062639069798001712e-01
5.063591188520005781e-01
5.064458480611701008e-01
5.066644441096751494e-01
5.068748872014985363e-01
5.069828402026655967e-01
5.073810249608171619e-01
5.075130381958167236e-01
5.076273899568457537e-01
5.077322760041018679e-01
5.078068948462024501e-01
5.080305664159640022e-01
5.082891421706090540e-01
5.083706671646398556e-01
5.085384817890005182e-01
5.086400892200745316e-01
5.088657164330324667e-01
5.090949482056674746e-01
5.092550990074088402e-01
5.095309423173982610e-01
5.096287848012538424e-01
5.096755415160943992e-01
5.098382248257764537e-01
5.101005931269798621e-01
5.101707536194552972e-01
5.102824333876259111e-01
5.103612569909966590e-01
5.105668843571911086e-01
5.109785717438976027e-01
5.111478562395962433e-01
5.112647191854964301e-01
5.116654083243084017e-01
5.117034580303242430e-01
5.118740719054374333e-01
5.119162818608264942e-01
5.119979625867399076e-01
5.122447965497772815e-01
5.123289337031607937e-01
5.126129178422195176e-01
5.127122428701944568e-01
5.128098465431021324e-01
5.130053284898329347e-01
5.132580957912530328e-01
5.135635118412946731e-01
5.136296761108176678e-01
5.136889854376990305e-01
5.139188606594896624e-01
5.141170390329976581e-01
5.142610949828385625e-01
5.143522958589678007e-01
5.145079152438899461e-01
5.148255305263095272e-01
5.148752429731391356e-01
5.150647897991994517e-01
5.151959100002472258e-01
5.153130166196359108e-01
5.154748814495546672e-01
5.157844621849846378e-01
5.160135790936147826e-01
5.162597907786700135e-01
5.165264429410370006e-01
5.165849944660634296e-01
5.167492995990743410e-01
5.169562141941735911e-01
5.171175679152343330e-01
5.171849284028784410e-01
5.174033995598534830e-01
5.176392391794834014e-01
5.177922353518062959e-01
5.178501666920640734e-01
5.181126468091824533e-01
5.181558914617320211e-01
5.181824395644946124e-01
5.185635897943955408e-01
5.186477051818326744e-01
5.188714926815429784e-01
5.192737894550044642e-01
5.193866704773156817e-01
5.194655362607506488e-01
5.198444355759356261e-01
5.200169693332421517e-01
5.201719392449064561e-01
5.203962722006805208e-01
5.204466894224678564e-01
5.206872499046851788e-01
5.208293833516616234e-01
5.209133136933929986e-01
5.210212693482791924e-01
5.212395125784585748e-01
5.214327727306978799e-01
5.215362679572200788e-01
5.218581161412506608e-01
5.219709592096387629e-01
5.221225934608526575e-01
5.224966991630500823e-01
5.229520624312125054e-01
5.230043911844459714e-01
5.230766535101606385e-01
5.231987594636490213e-01
5.233771521100283319e-01
5.235296638399795643e-01
5.236156210016423840e-01
5.239756736918813607e-01
5.242984676094474272e-01
5.244745005788240544e-01
5.247082645367284748e-01
5.247706153512418092e-01
5.249326784836426674e-01
5.250920661574053350e-01
5.253116395409574979e-01
5.257874349862304841e-01
5.260232166722922376e-01
5.261625560350395858e-01
5.262284308370844821e-01
5.264172720504521896e-01
5.265297484166387987e-01
5.266745963797422325e-01
5.268485859855046582e-01
5.270555417409253929e-01
5.272506255769006112e-01
5.273938099150002889e-01
5.276431712261487883e-01
5.278288410522875562e-01
5.279132476412675690e-01
5.280250309398046848e-01
5.284194166736325693e-01
5.284821795962207913e-01
5.287471003471999609e-01
5.289499103884951481e-01
5.290575538483206497e-01
5.292883579807136085e-01
5.295435131642982629e-01
5.297375059692553956e-01
5.299307763982354924e-01
5.300194072865715977e-01
5.302119019643612985e-01
5.303735217353869880e-01
5.305193272469537202e-01
5.308139528912031446e-01
5.308974021088403994e-01
5.312045171952241018e-01
5.313926350348608940e-01
5.315769457696074562e-01
5.317558018191830271e-01
5.320351284274426051e-01
5.321920081820792348e-01
5.323218376620585390e-01
5.327164847046712559e-01
5.330391088525986421e-01
5.330548535040081637e-01
5.332874483144206534e-01
5.335552465319876037e-01
5.336284725451413413e-01
5.338059302769555536e-01
5.340922167582374813e-01
5.343285099161797502e-01
5.344826246187848184e-01
5.348106596935139345e-01
5.349524689110020104e-01
5.352556766884309924e-01
5.354636997616054606e-01
5.357617891270421984e-01
5.358519722384512685e-01
5.361542996087445001e-01
5.362080342322872450e-01
5.363298968905052533e-01
5.365827038855914832e-01
5.367101454974787522e-01
5.370327739168624381e-01
5.372551636539579789e-01
5.374641516073672687e-01
5.377820773388090059e-01
5.379177611162873074e-01
5.381807811455827650e-01
5.385110785091672403e-01
5.387231491155276553e-01
5.389575426882140530e-01
5.390921222790197032e-01
5.394097543598569411e-01
5.398588001033376438e-01
5.399097621994112250e-01
5.400151579285260572e-01
5.402162914653556580e-01
5.405778863703724069e-01
5.406865000590991288e-01
5.411250892239576338e-01
5.413516465996210947e-01
5.414530417103878834e-01
5.416082803054252937e-01
5.420100379052091855e-01
5.421527840735909098e-01
5.424951205857199144e-01
5.426512365343307831e-01
5.428627507719230305e-01
5.429547753094053908e-01
5.431478458882574856e-01
5.434190466526407359e-01
5.437176103528864601e-01
5.440875623363621294e-01
5.442297548159078513e-01
5.445595020618051452e-01
5.447005305894401239e-01
5.451001621231684746e-01
5.452368853700255702e-01
5.456017663327948908e-01
5.457620581322299991e-01
5.460321327825862214e-01
5.465500203682447378e-01
5.466113889720604080e-01
5.468963832241100498e-01
5.473265468124139943e-01
5.474926413262134473e-01
5.477630787269844870e-01
5.479494419732764410e-01
5.482400244422238611e-01
5.484256234551011522e-01
5.487172368249445542e-01
5.489198002197057669e-01
5.490540676713605572e-01
5.492162189777735071e-01
5.495107266830064896e-01
5.497957071536906382e-01
5.499765783109834549e-01
5.503596941432076228e-01
5.506906790442411825e-01
5.507377039873513347e-01
5.509071617622213202e-01
5.512529857509312903e-01
5.513335250768078843e-01
5.515200270956968076e-01
5.518496056135646644e-01
5.523625657100597053e-01
5.528743471790004138e-01
5.530773955566054001e-01
5.531311382609470639e-01
5.534617714983183223e-01
5.536448246953397101e-01
5.537377963268825809e-01
5.540323329846730260e-01
5.543596335762516203e-01
5.546378183452710386e-01
5.549152493779105910e-01
5.553816093470319570e-01
5.556350793047338810e-01
5.558392090668040630e-01
5.559515647651414039e-01
5.560609370297966425e-01
5.561748644349003845e-01
5.567278536013657853e-01
5.569552818525131954e-01
5.572857221529526894e-01
5.574973921968534585e-01
5.576051227415677047e-01
5.580757536556538723e-01
5.583401756091168622e-01
5.584896312163915022e-01
5.590771225538097022e-01
5.593689879461091197e-01
5.595361947226515920e-01
5.597331491497657963e-01
5.601464341719224471e-01
5.602540152676181995e-01
5.608245978040244939e-01
5.610144362356159764e-01
5.613012209260723751e-01
5.617205084631942125e-01
5.619189235857335873e-01
5.620681133764273696e-01
5.623409256321060257e-01
5.625023500731284321e-01
5.626102882686022655e-01
5.627104536101695809e-01
5.632077904656419554e-01
5.633459007672595442e-01
5.636201098464729276e-01
5.639713735913477466e-01
5.645027346816996472e-01
5.647559309017985418e-01
5.652151095456119378e-01
5.655168578879485874e-01
5.657861310875749172e-01
5.658819850647470728e-01
5.659665132571733981e-01
5.664985191682805343e-01
5.666559411732541296e-01
5.670589671267589615e-01
5.672186806120809166e-01
5.674364301597928373e-01
5.677848354134233944e-01
5.682301766612941618e-01
5.684162140695661058e-01
5.685672966089663216e-01
5.686986590980446232e-01
5.693035104813687353e-01
5.693369094517914952e-01
5.695808874306361735e-01
5.698715152077831192e-01
5.703137472053428914e-01
5.705405365393352302e-01
5.707865551528727988e-01
5.712514901954860447e-01
5.714065111528680019e-01
5.718128889052379593e-01
5.721332870093499556e-01
5.723349615958016612e-01
5.725740349612973290e-01
5.727872428933086235e-01
5.731236164983271042e-01
5.733500888011769936e-01
5.736419405305550612e-01
5.742680214234234803e-01
5.745035373642335408e-01
5.748166957643003894e-01
5.752174248660963940e-01
5.754166728618320681e-01
5.756448893604876327e-01
5.758796013017584148e-01
5.764826300890792954e-01
5.766742607657115993e-01
5.771807332567602256e-01
5.775211609754027364e-01
5.776807520279368946e-01
5.779031439256465674e-01
5.784561135473591520e-01
5.786245600864232674e-01
5.792859162246802862e-01
5.793674012116262206e-01
5.794982247807802800e-01
5.800777654006843420e-01
5.802515082324106732e-01
5.804471580467258640e-01
5.806148086573909017e-01
5.810461351052291779e-01
5.814827003476141787e-01
5.816853807844913904e-01
5.819834428548850136e-01
5.824005906623921369e-01
5.827286695806357386e-01
5.830056510456103069e-01
5.833695689845020960e-01
5.834449144930465847e-01
5.839335780212088212e-01
5.841928948740171545e-01
5.844157907299126764e-01
5.850214803691803356e-01
5.856320680642301824e-01
5.863871719357559575e-01
5.865408322351345349e-01
5.868868596481761069e-01
5.874795082814138203e-01
5.876954936260760931e-01
5.880766418013105845e-01
5.881304503835489417e-01
5.883849659740911786e-01
5.888702507143475096e-01
5.895903894120353428e-01
5.899411180397371446e-01
5.903561619893844536e-01
5.904838892331305544e-01
5.908056777694786765e-01
5.915447477243601648e-01
5.916724807553114251e-01
5.920579024633383369e-01
5.923015282114720836e-01
5.927016335989628848e-01
5.934653019339019009e-01
5.938297161449848094e-01
5.944579022451013106e-01
5.952081638279339559e-01
5.954942729180505712e-01
5.961059430021204975e-01
5.964131335474689433e-01
5.968352768025650956e-01
5.972416426064002248e-01
5.974343689873066188e-01
5.979139417752191710e-01
5.985402561448255332e-01
5.989412522842322284e-01
5.990957750749468236e-01
5.998433810214699458e-01
6.002129551312539446e-01
6.008400190573224275e-01
6.014087724723591322e-01
6.015900124206121635e-01
6.019771532965426664e-01
6.021930472662844203e-01
6.025705262775130633e-01
6.030975684247963375e-01
6.033508649302942173e-01
6.039267188344671355e-01
6.048465623719692097e-01
6.049279183776823388e-01
6.050674153746060657e-01
6.057238819725286882e-01
6.061027341274329849e-01
6.063456069861399289e-01
6.067519098203691952e-01
6.071304562531126825e-01
6.074743628605017154e-01
6.079001500054364016e-01
6.085312349157573353e-01
6.088927601945750556e-01
6.093883599163789633e-01
6.097325895715763888e-01
6.100677406223734556e-01
6.102036257409452213e-01
6.104981022962164827e-01
6.108445774162993835e-01
6.110363886866994054e-01
6.115266757029600431e-01
6.117240017249087058e-01
6.124318484000058627e-01
6.127056162042137100e-01
6.128463976272061631e-01
6.134063462177459236e-01
6.137870775074357743e-01
6.139573255161375753e-01
6.148923966785385664e-01
6.153461462950547967e-01
6.153987715163223848e-01
6.161833999069640244e-01
6.163049197905590137e-01
6.171436708313303710e-01
6.173737243553681919e-01
6.175845923023550732e-01
6.179776839591885063e-01
6.187093673570907004e-01
6.192598731231638842e-01
6.202505914404570220e-01
6.208024333673999307e-01
6.213633169805693468e-01
6.218069315693305343e-01
6.222521670873533139e-01
6.231581262148586653e-01
6.238571352902272382e-01
6.240385162017882958e-01
6.246055312340850207e-01
6.251547431982399372e-01
6.255201190045793780e-01
6.256324226358113139e-01
6.257078218595931718e-01
6.262467343500638384e-01
6.270639311493731993e-01
6.275192928546939886e-01
6.277405321719241593e-01
6.285270763051183929e-01
6.290822686746693204e-01
6.299395154036818711e-01
6.308003698036713791e-01
6.311169977248728413e-01
6.315597936427954640e-01
6.322056270467779626e-01
6.326726996795102309e-01
6.333853121534919195e-01
6.337273752786194425e-01
6.341640617930502932e-01
6.348731593823401242e-01
6.350775866669494674e-01
6.357321264473168032e-01
6.365691476361250434e-01
6.371895014479936892e-01
6.375149609214927349e-01
6.376471784560094891e-01
6.386869477646485160e-01
6.394100770758058827e-01
6.401221203823095340e-01
6.405587918782261747e-01
6.416180231568308079e-01
6.419146284775009148e-01
6.425753963162923466e-01
6.428184555152836044e-01
6.433740558829342815e-01
6.439288191588562471e-01
6.446433867191243561e-01
6.451801708716730088e-01
6.462321919900949618e-01
6.474823913088815219e-01
6.485405713260183891e-01
6.485878045036302941e-01
6.500223764446033670e-01
6.511226809673115179e-01
6.517125138980226495e-01
6.524330833522878903e-01
6.526123164711695734e-01
6.531607549950384506e-01
6.538040545557212146e-01
6.543055197329855632e-01
6.547759127105898802e-01
6.553505690494917379e-01
6.558967117136265124e-01
6.565549343012089256e-01
6.570161644341103724e-01
6.573665495186019614e-01
6.584533450936908006e-01
6.588681231753091838e-01
6.595321337724753263e-01
6.599874379127043111e-01
6.611704460984036968e-01
6.615715920121929550e-01
6.628381069106596968e-01
6.642780833163811627e-01
6.646726183433996349e-01
6.659140274185486597e-01
6.684556445215220633e-01
6.695744631449087603e-01
6.698287547580693557e-01
6.716603379617388514e-01
6.717373851140213681e-01
6.723976280446734011e-01
6.738435263663823394e-01
6.752819819451572059e-01
6.759810850349653455e-01
6.780781476806766461e-01
6.783914216125611629e-01
6.794281887440454248e-01
6.807093527438247138e-01
6.824681184343135421e-01
6.842626115844808732e-01
6.851148289496512556e-01
6.855916063458318277e-01
6.857823862712135732e-01
6.868331936871544530e-01
6.874729716517796740e-01
6.877933456058767936e-01
6.882236750425736460e-01
6.885359103712240803e-01
6.893654241295658069e-01
6.900372446006646232e-01
6.911011392774120132e-01
6.920853673526949912e-01
6.943052245091103636e-01
6.956004162693423254e-01
6.964545468757462610e-01
6.969829990280158594e-01
6.979504660577312558e-01
7.001782447355618944e-01
7.016744630712971054e-01
7.048241437010778210e-01
7.064912290479530288e-01
7.073113737570260184e-01
7.082465815382863461e-01
7.102039777780567720e-01
7.107729434066172303e-01
7.135625478271494515e-01
7.147774902751486970e-01
7.157094206035682360e-01
7.166009204367952412e-01
7.211539944824069126e-01
7.223055319153703913e-01
7.232224872973053165e-01
7.244487107178848584e-01
7.261794216020464043e-01
7.270353002935754372e-01
7.311434318884894035e-01
7.361006593888347327e-01
7.373635357951621172e-01
7.421093471824049548e-01
7.446789669173534687e-01
7.460763431762844622e-01
7.466927373742605623e-01
7.484205199207070169e-01
7.513709598258245803e-01
7.520839555227849527e-01
7.547745820505035175e-01
7.557953480214508746e-01
7.612729774052303666e-01
7.645441227258004124e-01
7.674159658545873786e-01
7.789605650822535310e-01
7.796012412892672216e-01
7.847738112994250281e-01
7.867534211406785882e-01
7.885152600824480995e-01
7.908862176926881871e-01
7.926898439198483137e-01
8.008638026642256325e-01
8.051658681057699551e-01
8.070924323863133409e-01
8.121471169921359312e-01
8.195322919494160141e-01
8.302265306389696731e-01
8.411602248964447082e-01
8.434290426476546143e-01
8.581581175755444990e-01
8.677063570910458212e-01
8.869296409690086147e-01
9.102608748636220604e-01
9.309184747865156817e-01
9.516307562666346254e-01
1.000000000000000000e+00
