# SF-29 N2 candidate (i) i1 field=generic3d eps=0.5 N=16: sorted relative singular values of the dense central-FD Jacobian at the converged state (rows F_i=-q(L_i-S_i); outlet rows (2q/h)(vperp_in-c_perp); smax=8.985089e+03)
1.727313e-04
1.927981e-04
1.954119e-04
2.033573e-04
2.139552e-04
2.265800e-04
2.890250e-04
2.937900e-04
3.050371e-04
3.180754e-04
3.466742e-04
3.478957e-04
3.496638e-04
3.603858e-04
5.713703e-04
5.733250e-04
5.800959e-04
5.808927e-04
7.234568e-04
7.252634e-04
7.946902e-04
8.071835e-04
8.164109e-04
8.187910e-04
8.492585e-04
8.497252e-04
9.917959e-04
1.012104e-03
1.029629e-03
1.031676e-03
1.246982e-03
1.317983e-03
1.385112e-03
1.402600e-03
1.441539e-03
1.446908e-03
1.475659e-03
1.549383e-03
1.570832e-03
1.587380e-03
1.594883e-03
1.617365e-03
1.626163e-03
1.636958e-03
1.648644e-03
1.702760e-03
1.746311e-03
1.789636e-03
1.804334e-03
1.821402e-03
1.848565e-03
1.874614e-03
1.935436e-03
1.946191e-03
1.956899e-03
2.013556e-03
2.046931e-03
2.054838e-03
2.084549e-03
2.097437e-03
2.153157e-03
2.165085e-03
2.179418e-03
2.196172e-03
2.239344e-03
2.250232e-03
2.280756e-03
2.306048e-03
2.325099e-03
2.346247e-03
2.385245e-03
2.433874e-03
2.451740e-03
2.467313e-03
2.480337e-03
2.487041e-03
2.536684e-03
2.539082e-03
2.574038e-03
2.597247e-03
2.606965e-03
2.643631e-03
2.692993e-03
2.712964e-03
2.730963e-03
2.777593e-03
2.800347e-03
2.809592e-03
2.843296e-03
2.910208e-03
2.941172e-03
2.973327e-03
2.986128e-03
3.041075e-03
3.109274e-03
3.127450e-03
3.167151e-03
3.193499e-03
3.200380e-03
3.228405e-03
3.274587e-03
3.296237e-03
3.304630e-03
3.319013e-03
3.354516e-03
3.362507e-03
3.397016e-03
3.399936e-03
3.420140e-03
3.451467e-03
3.504293e-03
3.574915e-03
3.605696e-03
3.620336e-03
3.684277e-03
3.714459e-03
3.765616e-03
3.769489e-03
3.787935e-03
3.790379e-03
3.817801e-03
3.869789e-03
3.890998e-03
3.903838e-03
3.972398e-03
3.983349e-03
4.039242e-03
4.081380e-03
4.089172e-03
4.182892e-03
4.232631e-03
4.242081e-03
4.277570e-03
4.290499e-03
4.311618e-03
4.329720e-03
4.352339e-03
4.380269e-03
4.405580e-03
4.410004e-03
4.423284e-03
4.453873e-03
4.476556e-03
4.499495e-03
4.533064e-03
4.564076e-03
4.585266e-03
4.607684e-03
4.636143e-03
4.660471e-03
4.666514e-03
4.684288e-03
4.693556e-03
4.754379e-03
4.768363e-03
4.790926e-03
4.811553e-03
4.827452e-03
4.887732e-03
4.914800e-03
4.965603e-03
4.981690e-03
5.030172e-03
5.045427e-03
5.067382e-03
5.130058e-03
5.139755e-03
5.200929e-03
5.213435e-03
5.242217e-03
5.278715e-03
5.292974e-03
5.323865e-03
5.345169e-03
5.363533e-03
5.398547e-03
5.422193e-03
5.442081e-03
5.474134e-03
5.493569e-03
5.500089e-03
5.538579e-03
5.557008e-03
5.579304e-03
5.604886e-03
5.634883e-03
5.641574e-03
5.657808e-03
5.705453e-03
5.712209e-03
5.740776e-03
5.773617e-03
5.782397e-03
5.795318e-03
5.829101e-03
5.866153e-03
5.877916e-03
5.897462e-03
5.934756e-03
5.975218e-03
5.996773e-03
6.004378e-03
6.030969e-03
6.063780e-03
6.088265e-03
6.104327e-03
6.124928e-03
6.143518e-03
6.180224e-03
6.194041e-03
6.258940e-03
6.276408e-03
6.292872e-03
6.314385e-03
6.343935e-03
6.366289e-03
6.402582e-03
6.417282e-03
6.425959e-03
6.478302e-03
6.495727e-03
6.513769e-03
6.534511e-03
6.567942e-03
6.584430e-03
6.602495e-03
6.648273e-03
6.669330e-03
6.727552e-03
6.739910e-03
6.781590e-03
6.793445e-03
6.823555e-03
6.833718e-03
6.857966e-03
6.874109e-03
6.910024e-03
6.944306e-03
6.959163e-03
6.973458e-03
6.997459e-03
7.011772e-03
7.098980e-03
7.121172e-03
7.151631e-03
7.160442e-03
7.210883e-03
7.228426e-03
7.239407e-03
7.288123e-03
7.313622e-03
7.334547e-03
7.376628e-03
7.393233e-03
7.421536e-03
7.480261e-03
7.487021e-03
7.536158e-03
7.600643e-03
7.666556e-03
7.695880e-03
7.714099e-03
7.734411e-03
7.740843e-03
7.776871e-03
7.789307e-03
7.834326e-03
7.846628e-03
7.873879e-03
7.879380e-03
7.947076e-03
7.982932e-03
7.999159e-03
8.024643e-03
8.065200e-03
8.084631e-03
8.106956e-03
8.138746e-03
8.170960e-03
8.200412e-03
8.221466e-03
8.240225e-03
8.272705e-03
8.290790e-03
8.304147e-03
8.343943e-03
8.361835e-03
8.412746e-03
8.438380e-03
8.498196e-03
8.540512e-03
8.551189e-03
8.580962e-03
8.610204e-03
8.651360e-03
8.678303e-03
8.692032e-03
8.741652e-03
8.770008e-03
8.795173e-03
8.802986e-03
8.832081e-03
8.864098e-03
8.881554e-03
8.919013e-03
8.947189e-03
9.010918e-03
9.027584e-03
9.039603e-03
9.057261e-03
9.094603e-03
9.142375e-03
9.166107e-03
9.172954e-03
9.210318e-03
9.244153e-03
9.271498e-03
9.288110e-03
9.320922e-03
9.352848e-03
9.354617e-03
9.398405e-03
9.411411e-03
9.443882e-03
9.479542e-03
9.509885e-03
9.528413e-03
9.583127e-03
9.615010e-03
9.616868e-03
9.648275e-03
9.669632e-03
9.703505e-03
9.733577e-03
9.758021e-03
9.800034e-03
9.823182e-03
9.846684e-03
9.866723e-03
9.875198e-03
9.885424e-03
9.956353e-03
9.997020e-03
1.003728e-02
1.004433e-02
1.006481e-02
1.008946e-02
1.012583e-02
1.016332e-02
1.018659e-02
1.020530e-02
1.023099e-02
1.028178e-02
1.030201e-02
1.030973e-02
1.033794e-02
1.034443e-02
1.038733e-02
1.041450e-02
1.043995e-02
1.046151e-02
1.046456e-02
1.048548e-02
1.051700e-02
1.055811e-02
1.057848e-02
1.059864e-02
1.063375e-02
1.065777e-02
1.070075e-02
1.071384e-02
1.073420e-02
1.080461e-02
1.080738e-02
1.083797e-02
1.087066e-02
1.089372e-02
1.092331e-02
1.096558e-02
1.099560e-02
1.102118e-02
1.104400e-02
1.106409e-02
1.110403e-02
1.112209e-02
1.115848e-02
1.116988e-02
1.119950e-02
1.122770e-02
1.124966e-02
1.127771e-02
1.130791e-02
1.131787e-02
1.136765e-02
1.138196e-02
1.141522e-02
1.142474e-02
1.144674e-02
1.146136e-02
1.150359e-02
1.151962e-02
1.152902e-02
1.154816e-02
1.156390e-02
1.159466e-02
1.163375e-02
1.167661e-02
1.168409e-02
1.170074e-02
1.171271e-02
1.174722e-02
1.178176e-02
1.181576e-02
1.184574e-02
1.185703e-02
1.191147e-02
1.194951e-02
1.197452e-02
1.198623e-02
1.203209e-02
1.205417e-02
1.207413e-02
1.211879e-02
1.212736e-02
1.215598e-02
1.216385e-02
1.221815e-02
1.223759e-02
1.224591e-02
1.226337e-02
1.229594e-02
1.231995e-02
1.234921e-02
1.236812e-02
1.240566e-02
1.242173e-02
1.246123e-02
1.249096e-02
1.255544e-02
1.259128e-02
1.261111e-02
1.264892e-02
1.268296e-02
1.268449e-02
1.273409e-02
1.274266e-02
1.276750e-02
1.278673e-02
1.281065e-02
1.283807e-02
1.287793e-02
1.291814e-02
1.294332e-02
1.296444e-02
1.299139e-02
1.301088e-02
1.302455e-02
1.307946e-02
1.309602e-02
1.312962e-02
1.315063e-02
1.319100e-02
1.324148e-02
1.325283e-02
1.328013e-02
1.331096e-02
1.334110e-02
1.335404e-02
1.338204e-02
1.344192e-02
1.344525e-02
1.346375e-02
1.348907e-02
1.350202e-02
1.353456e-02
1.355519e-02
1.359218e-02
1.362666e-02
1.365320e-02
1.365988e-02
1.369026e-02
1.372105e-02
1.374828e-02
1.375371e-02
1.379877e-02
1.382670e-02
1.385232e-02
1.390167e-02
1.390909e-02
1.391746e-02
1.394757e-02
1.397847e-02
1.403811e-02
1.405225e-02
1.408511e-02
1.408986e-02
1.414303e-02
1.417181e-02
1.418174e-02
1.423462e-02
1.427190e-02
1.428766e-02
1.431669e-02
1.433192e-02
1.435874e-02
1.437092e-02
1.441478e-02
1.443507e-02
1.445283e-02
1.446573e-02
1.451924e-02
1.453475e-02
1.456471e-02
1.459457e-02
1.461491e-02
1.461976e-02
1.463146e-02
1.465531e-02
1.468504e-02
1.472212e-02
1.475428e-02
1.480543e-02
1.482488e-02
1.483935e-02
1.485888e-02
1.487453e-02
1.488899e-02
1.494815e-02
1.495551e-02
1.497481e-02
1.500965e-02
1.502259e-02
1.505570e-02
1.509016e-02
1.512661e-02
1.514170e-02
1.517507e-02
1.522268e-02
1.524278e-02
1.526406e-02
1.527160e-02
1.530310e-02
1.534258e-02
1.534524e-02
1.536518e-02
1.538670e-02
1.543005e-02
1.545258e-02
1.547053e-02
1.551179e-02
1.554281e-02
1.556370e-02
1.560423e-02
1.561433e-02
1.564163e-02
1.566281e-02
1.568603e-02
1.573270e-02
1.574661e-02
1.577045e-02
1.582352e-02
1.585464e-02
1.587624e-02
1.589178e-02
1.591793e-02
1.594779e-02
1.596733e-02
1.597748e-02
1.599653e-02
1.602251e-02
1.603848e-02
1.606540e-02
1.608717e-02
1.613378e-02
1.615733e-02
1.619580e-02
1.620435e-02
1.622916e-02
1.626398e-02
1.627965e-02
1.630861e-02
1.632341e-02
1.634922e-02
1.637452e-02
1.638533e-02
1.642560e-02
1.643578e-02
1.645774e-02
1.651783e-02
1.652750e-02
1.655214e-02
1.657922e-02
1.659247e-02
1.663545e-02
1.665766e-02
1.667942e-02
1.672610e-02
1.672893e-02
1.675092e-02
1.680095e-02
1.682242e-02
1.683061e-02
1.687454e-02
1.689828e-02
1.691118e-02
1.693601e-02
1.695961e-02
1.700942e-02
1.703860e-02
1.705673e-02
1.708299e-02
1.709891e-02
1.714055e-02
1.716853e-02
1.719338e-02
1.723600e-02
1.726187e-02
1.728454e-02
1.732384e-02
1.735005e-02
1.737623e-02
1.739690e-02
1.741908e-02
1.745591e-02
1.747520e-02
1.750225e-02
1.751439e-02
1.756108e-02
1.759491e-02
1.761172e-02
1.764816e-02
1.765300e-02
1.766445e-02
1.769291e-02
1.773024e-02
1.774595e-02
1.776038e-02
1.779064e-02
1.782472e-02
1.783106e-02
1.787426e-02
1.790689e-02
1.791750e-02
1.792684e-02
1.797940e-02
1.800475e-02
1.802710e-02
1.804205e-02
1.807919e-02
1.811941e-02
1.813654e-02
1.816913e-02
1.818086e-02
1.820473e-02
1.822315e-02
1.825895e-02
1.827630e-02
1.828501e-02
1.831752e-02
1.834483e-02
1.838725e-02
1.842581e-02
1.843373e-02
1.846029e-02
1.849107e-02
1.850625e-02
1.851832e-02
1.853897e-02
1.856062e-02
1.862525e-02
1.864666e-02
1.867871e-02
1.869615e-02
1.870586e-02
1.875646e-02
1.876259e-02
1.880083e-02
1.880882e-02
1.882185e-02
1.885809e-02
1.887748e-02
1.890235e-02
1.897317e-02
1.898382e-02
1.900485e-02
1.902985e-02
1.904321e-02
1.907810e-02
1.912628e-02
1.913943e-02
1.917572e-02
1.920316e-02
1.922426e-02
1.923782e-02
1.925164e-02
1.927113e-02
1.931406e-02
1.934589e-02
1.937239e-02
1.939128e-02
1.941061e-02
1.942401e-02
1.946104e-02
1.952549e-02
1.955414e-02
1.955729e-02
1.957799e-02
1.960217e-02
1.964519e-02
1.965381e-02
1.967071e-02
1.969086e-02
1.971913e-02
1.972969e-02
1.978043e-02
1.981140e-02
1.982440e-02
1.983013e-02
1.989429e-02
1.992942e-02
1.995351e-02
1.998470e-02
2.000403e-02
2.003018e-02
2.004256e-02
2.005181e-02
2.008522e-02
2.010800e-02
2.013580e-02
2.014677e-02
2.017824e-02
2.019739e-02
2.022743e-02
2.026056e-02
2.030664e-02
2.033570e-02
2.036492e-02
2.039745e-02
2.042363e-02
2.047225e-02
2.048845e-02
2.051781e-02
2.053936e-02
2.055091e-02
2.056884e-02
2.057544e-02
2.062446e-02
2.063174e-02
2.068076e-02
2.071455e-02
2.073209e-02
2.076031e-02
2.078771e-02
2.081625e-02
2.083571e-02
2.087254e-02
2.088621e-02
2.093592e-02
2.096531e-02
2.098364e-02
2.101592e-02
2.105746e-02
2.108848e-02
2.109892e-02
2.113434e-02
2.115530e-02
2.117557e-02
2.120029e-02
2.124509e-02
2.125038e-02
2.128884e-02
2.131761e-02
2.132588e-02
2.133935e-02
2.136935e-02
2.141362e-02
2.145592e-02
2.147806e-02
2.149511e-02
2.151211e-02
2.154465e-02
2.158586e-02
2.161160e-02
2.165602e-02
2.169629e-02
2.171660e-02
2.172449e-02
2.175336e-02
2.178665e-02
2.180329e-02
2.184289e-02
2.186983e-02
2.190173e-02
2.193915e-02
2.194881e-02
2.198792e-02
2.202569e-02
2.206329e-02
2.207006e-02
2.209386e-02
2.212031e-02
2.213385e-02
2.216791e-02
2.217411e-02
2.223585e-02
2.224847e-02
2.227763e-02
2.228246e-02
2.231361e-02
2.234686e-02
2.238125e-02
2.242173e-02
2.244341e-02
2.245596e-02
2.248842e-02
2.249567e-02
2.252632e-02
2.256361e-02
2.256632e-02
2.260405e-02
2.263908e-02
2.267179e-02
2.270631e-02
2.271902e-02
2.274847e-02
2.275896e-02
2.277335e-02
2.280373e-02
2.281645e-02
2.285304e-02
2.290444e-02
2.292024e-02
2.294424e-02
2.294937e-02
2.301396e-02
2.305711e-02
2.306048e-02
2.306896e-02
2.308153e-02
2.309812e-02
2.314086e-02
2.317265e-02
2.320084e-02
2.320862e-02
2.323538e-02
2.327090e-02
2.328882e-02
2.331022e-02
2.333015e-02
2.337619e-02
2.339344e-02
2.343143e-02
2.343956e-02
2.347371e-02
2.348930e-02
2.354753e-02
2.357117e-02
2.359593e-02
2.361075e-02
2.362661e-02
2.363403e-02
2.367257e-02
2.371425e-02
2.373142e-02
2.375876e-02
2.379559e-02
2.382140e-02
2.383927e-02
2.384262e-02
2.386423e-02
2.389296e-02
2.392733e-02
2.396725e-02
2.399452e-02
2.400551e-02
2.406482e-02
2.408254e-02
2.412592e-02
2.416392e-02
2.417782e-02
2.418911e-02
2.423500e-02
2.426198e-02
2.426909e-02
2.429176e-02
2.432048e-02
2.433669e-02
2.437284e-02
2.438569e-02
2.441507e-02
2.444430e-02
2.446880e-02
2.449839e-02
2.453373e-02
2.455323e-02
2.456817e-02
2.460074e-02
2.463720e-02
2.464194e-02
2.467373e-02
2.470215e-02
2.475142e-02
2.476691e-02
2.482195e-02
2.482745e-02
2.485121e-02
2.485898e-02
2.487167e-02
2.490899e-02
2.494824e-02
2.497401e-02
2.497509e-02
2.501221e-02
2.503719e-02
2.504635e-02
2.509633e-02
2.511375e-02
2.515004e-02
2.519930e-02
2.522014e-02
2.524764e-02
2.526579e-02
2.527209e-02
2.530562e-02
2.533323e-02
2.536136e-02
2.537553e-02
2.538913e-02
2.541442e-02
2.544675e-02
2.546649e-02
2.551734e-02
2.553358e-02
2.554583e-02
2.557175e-02
2.560553e-02
2.561930e-02
2.564358e-02
2.565812e-02
2.569241e-02
2.571822e-02
2.573685e-02
2.575436e-02
2.578069e-02
2.582966e-02
2.583232e-02
2.584714e-02
2.588104e-02
2.591403e-02
2.595270e-02
2.597393e-02
2.601988e-02
2.602959e-02
2.603908e-02
2.606533e-02
2.612014e-02
2.613598e-02
2.614414e-02
2.618370e-02
2.623057e-02
2.624033e-02
2.625574e-02
2.629069e-02
2.629729e-02
2.635704e-02
2.637246e-02
2.639464e-02
2.642795e-02
2.643616e-02
2.646788e-02
2.648410e-02
2.652779e-02
2.653501e-02
2.657745e-02
2.657937e-02
2.660401e-02
2.663638e-02
2.667629e-02
2.669591e-02
2.671459e-02
2.673522e-02
2.674673e-02
2.678591e-02
2.680204e-02
2.682374e-02
2.685222e-02
2.688488e-02
2.689828e-02
2.692947e-02
2.694377e-02
2.696278e-02
2.696651e-02
2.701184e-02
2.705241e-02
2.705909e-02
2.709540e-02
2.710835e-02
2.712975e-02
2.715065e-02
2.716072e-02
2.718657e-02
2.720393e-02
2.723750e-02
2.725800e-02
2.730031e-02
2.732249e-02
2.732879e-02
2.734722e-02
2.738297e-02
2.742488e-02
2.748076e-02
2.749562e-02
2.750802e-02
2.753589e-02
2.757397e-02
2.762603e-02
2.763332e-02
2.767207e-02
2.767623e-02
2.770361e-02
2.772380e-02
2.774355e-02
2.777090e-02
2.778111e-02
2.784328e-02
2.785435e-02
2.788716e-02
2.791262e-02
2.794526e-02
2.795286e-02
2.802969e-02
2.803758e-02
2.806105e-02
2.807163e-02
2.811676e-02
2.812719e-02
2.814203e-02
2.816362e-02
2.818202e-02
2.822867e-02
2.824892e-02
2.827953e-02
2.829941e-02
2.833262e-02
2.835481e-02
2.837905e-02
2.840480e-02
2.842785e-02
2.845903e-02
2.850507e-02
2.851136e-02
2.853059e-02
2.856980e-02
2.858082e-02
2.863418e-02
2.866275e-02
2.867777e-02
2.869219e-02
2.869832e-02
2.871915e-02
2.877325e-02
2.879025e-02
2.880700e-02
2.883214e-02
2.884216e-02
2.886869e-02
2.891114e-02
2.894990e-02
2.896966e-02
2.900411e-02
2.901347e-02
2.904402e-02
2.905647e-02
2.908053e-02
2.911663e-02
2.913686e-02
2.917114e-02
2.920436e-02
2.922774e-02
2.923328e-02
2.929983e-02
2.932847e-02
2.933795e-02
2.935556e-02
2.939765e-02
2.942309e-02
2.944720e-02
2.946747e-02
2.947804e-02
2.950060e-02
2.951074e-02
2.953020e-02
2.955196e-02
2.955357e-02
2.958966e-02
2.961545e-02
2.963100e-02
2.965644e-02
2.967210e-02
2.968854e-02
2.971598e-02
2.973873e-02
2.976699e-02
2.980100e-02
2.981485e-02
2.984687e-02
2.986292e-02
2.989333e-02
2.996496e-02
2.997827e-02
3.000525e-02
3.001687e-02
3.005259e-02
3.008045e-02
3.009146e-02
3.012227e-02
3.017370e-02
3.019451e-02
3.022707e-02
3.023404e-02
3.028218e-02
3.030204e-02
3.032868e-02
3.035854e-02
3.036578e-02
3.039025e-02
3.043214e-02
3.046265e-02
3.048083e-02
3.050249e-02
3.052333e-02
3.054038e-02
3.057677e-02
3.060974e-02
3.062031e-02
3.063515e-02
3.067666e-02
3.070081e-02
3.073111e-02
3.075816e-02
3.078921e-02
3.081614e-02
3.083079e-02
3.086286e-02
3.087718e-02
3.089069e-02
3.092833e-02
3.093475e-02
3.096611e-02
3.099699e-02
3.102540e-02
3.104298e-02
3.105137e-02
3.107942e-02
3.113456e-02
3.115564e-02
3.117755e-02
3.118302e-02
3.120629e-02
3.123164e-02
3.124552e-02
3.124800e-02
3.132120e-02
3.135391e-02
3.138805e-02
3.139287e-02
3.142531e-02
3.147276e-02
3.149045e-02
3.151209e-02
3.153969e-02
3.155380e-02
3.159029e-02
3.160724e-02
3.166056e-02
3.167294e-02
3.170535e-02
3.172438e-02
3.174099e-02
3.176864e-02
3.177945e-02
3.181509e-02
3.183506e-02
3.186774e-02
3.190133e-02
3.193119e-02
3.194036e-02
3.194936e-02
3.197011e-02
3.198772e-02
3.203221e-02
3.204989e-02
3.206934e-02
3.208628e-02
3.209981e-02
3.215676e-02
3.219317e-02
3.221154e-02
3.223770e-02
3.224975e-02
3.226527e-02
3.228841e-02
3.232496e-02
3.235265e-02
3.238885e-02
3.239502e-02
3.243294e-02
3.246894e-02
3.247288e-02
3.250371e-02
3.253045e-02
3.255001e-02
3.255647e-02
3.260310e-02
3.262523e-02
3.265412e-02
3.268046e-02
3.269427e-02
3.270827e-02
3.272276e-02
3.275048e-02
3.279634e-02
3.281895e-02
3.284354e-02
3.286256e-02
3.288731e-02
3.290032e-02
3.291540e-02
3.293632e-02
3.296280e-02
3.299265e-02
3.303836e-02
3.305267e-02
3.306946e-02
3.309784e-02
3.310093e-02
3.312873e-02
3.314213e-02
3.316629e-02
3.320543e-02
3.323404e-02
3.324959e-02
3.328212e-02
3.330988e-02
3.333380e-02
3.335821e-02
3.337155e-02
3.340253e-02
3.344270e-02
3.346098e-02
3.348336e-02
3.351010e-02
3.353453e-02
3.357086e-02
3.360310e-02
3.363153e-02
3.364244e-02
3.365913e-02
3.368918e-02
3.371423e-02
3.373197e-02
3.376526e-02
3.377438e-02
3.379788e-02
3.381132e-02
3.383976e-02
3.389201e-02
3.390017e-02
3.392051e-02
3.395380e-02
3.396152e-02
3.399247e-02
3.404225e-02
3.405621e-02
3.410937e-02
3.411641e-02
3.415466e-02
3.416413e-02
3.418057e-02
3.419723e-02
3.423937e-02
3.424318e-02
3.426463e-02
3.428302e-02
3.431003e-02
3.436127e-02
3.439123e-02
3.441062e-02
3.443620e-02
3.445635e-02
3.449485e-02
3.451680e-02
3.454120e-02
3.456757e-02
3.459122e-02
3.459576e-02
3.460365e-02
3.462447e-02
3.468211e-02
3.469015e-02
3.472530e-02
3.474686e-02
3.476962e-02
3.478480e-02
3.479741e-02
3.482589e-02
3.485565e-02
3.486988e-02
3.488640e-02
3.490876e-02
3.494456e-02
3.496021e-02
3.498796e-02
3.500999e-02
3.504506e-02
3.506032e-02
3.509818e-02
3.511240e-02
3.514055e-02
3.515610e-02
3.520668e-02
3.521198e-02
3.522084e-02
3.524675e-02
3.528729e-02
3.531348e-02
3.533346e-02
3.537490e-02
3.538503e-02
3.542041e-02
3.545279e-02
3.546434e-02
3.548129e-02
3.548983e-02
3.550736e-02
3.553350e-02
3.555153e-02
3.561254e-02
3.564471e-02
3.564797e-02
3.567831e-02
3.568470e-02
3.572678e-02
3.573500e-02
3.576303e-02
3.579692e-02
3.583880e-02
3.585233e-02
3.587720e-02
3.588752e-02
3.589849e-02
3.592468e-02
3.594629e-02
3.597492e-02
3.599529e-02
3.602607e-02
3.606246e-02
3.608076e-02
3.608827e-02
3.612952e-02
3.616297e-02
3.618301e-02
3.621102e-02
3.622674e-02
3.623782e-02
3.627865e-02
3.629793e-02
3.632399e-02
3.634448e-02
3.636864e-02
3.639468e-02
3.640218e-02
3.642044e-02
3.644756e-02
3.648148e-02
3.649990e-02
3.653359e-02
3.654262e-02
3.655687e-02
3.659641e-02
3.662200e-02
3.663970e-02
3.665712e-02
3.667416e-02
3.671446e-02
3.674091e-02
3.676150e-02
3.678665e-02
3.680659e-02
3.684367e-02
3.686312e-02
3.688227e-02
3.689384e-02
3.689565e-02
3.693813e-02
3.695229e-02
3.698321e-02
3.701712e-02
3.706526e-02
3.708156e-02
3.710045e-02
3.710869e-02
3.713924e-02
3.716326e-02
3.717228e-02
3.722606e-02
3.724936e-02
3.727406e-02
3.730060e-02
3.732064e-02
3.734925e-02
3.739394e-02
3.740818e-02
3.741630e-02
3.743574e-02
3.746210e-02
3.750128e-02
3.751084e-02
3.753001e-02
3.755819e-02
3.758427e-02
3.761311e-02
3.762414e-02
3.766463e-02
3.767634e-02
3.772078e-02
3.772860e-02
3.773928e-02
3.777218e-02
3.781091e-02
3.781682e-02
3.783503e-02
3.786164e-02
3.788226e-02
3.789055e-02
3.789532e-02
3.794404e-02
3.795976e-02
3.797796e-02
3.800109e-02
3.803573e-02
3.805340e-02
3.806325e-02
3.811193e-02
3.815230e-02
3.815562e-02
3.816859e-02
3.819995e-02
3.822496e-02
3.825371e-02
3.827734e-02
3.829329e-02
3.829731e-02
3.832024e-02
3.833626e-02
3.836632e-02
3.838694e-02
3.840518e-02
3.844774e-02
3.847214e-02
3.849182e-02
3.851451e-02
3.853352e-02
3.854100e-02
3.857146e-02
3.860619e-02
3.861262e-02
3.864332e-02
3.865179e-02
3.869899e-02
3.872747e-02
3.875020e-02
3.879175e-02
3.879738e-02
3.883084e-02
3.884594e-02
3.887073e-02
3.889498e-02
3.892675e-02
3.895047e-02
3.897560e-02
3.901614e-02
3.902917e-02
3.905177e-02
3.905958e-02
3.908555e-02
3.910746e-02
3.912607e-02
3.915851e-02
3.918853e-02
3.922837e-02
3.923115e-02
3.925775e-02
3.927637e-02
3.929334e-02
3.932002e-02
3.933447e-02
3.934914e-02
3.937894e-02
3.942441e-02
3.944278e-02
3.945196e-02
3.948806e-02
3.950707e-02
3.953757e-02
3.955227e-02
3.957591e-02
3.960413e-02
3.962140e-02
3.963776e-02
3.966660e-02
3.968713e-02
3.973088e-02
3.975061e-02
3.976915e-02
3.977779e-02
3.982403e-02
3.986019e-02
3.987463e-02
3.989825e-02
3.991660e-02
3.995592e-02
3.996013e-02
3.998615e-02
4.001292e-02
4.001575e-02
4.003209e-02
4.005679e-02
4.008188e-02
4.009297e-02
4.013479e-02
4.013875e-02
4.015645e-02
4.017196e-02
4.019501e-02
4.025777e-02
4.027471e-02
4.028380e-02
4.030909e-02
4.033244e-02
4.036370e-02
4.038366e-02
4.039635e-02
4.045361e-02
4.047731e-02
4.049229e-02
4.049705e-02
4.052359e-02
4.054129e-02
4.059783e-02
4.061649e-02
4.064866e-02
4.068005e-02
4.069718e-02
4.070291e-02
4.072739e-02
4.076015e-02
4.078335e-02
4.080849e-02
4.084072e-02
4.085789e-02
4.087944e-02
4.090510e-02
4.092127e-02
4.093380e-02
4.096702e-02
4.098639e-02
4.100939e-02
4.104352e-02
4.105225e-02
4.107834e-02
4.112712e-02
4.113280e-02
4.114320e-02
4.119150e-02
4.121846e-02
4.122110e-02
4.124371e-02
4.126721e-02
4.128227e-02
4.131027e-02
4.132903e-02
4.137102e-02
4.139521e-02
4.140774e-02
4.142731e-02
4.145245e-02
4.147106e-02
4.148683e-02
4.149942e-02
4.151985e-02
4.154380e-02
4.156101e-02
4.162104e-02
4.164135e-02
4.165472e-02
4.167299e-02
4.172121e-02
4.174794e-02
4.174912e-02
4.179255e-02
4.180478e-02
4.182175e-02
4.184021e-02
4.188434e-02
4.190503e-02
4.191288e-02
4.192084e-02
4.193470e-02
4.198336e-02
4.200082e-02
4.203932e-02
4.207085e-02
4.208788e-02
4.211584e-02
4.214264e-02
4.215951e-02
4.220195e-02
4.222625e-02
4.223572e-02
4.225282e-02
4.225976e-02
4.229092e-02
4.232030e-02
4.233525e-02
4.234996e-02
4.239436e-02
4.241348e-02
4.244796e-02
4.245595e-02
4.247932e-02
4.251425e-02
4.253369e-02
4.255078e-02
4.257194e-02
4.258036e-02
4.260931e-02
4.263897e-02
4.265258e-02
4.268908e-02
4.269434e-02
4.271246e-02
4.276672e-02
4.279124e-02
4.280107e-02
4.281500e-02
4.282330e-02
4.289136e-02
4.290258e-02
4.292268e-02
4.294159e-02
4.297599e-02
4.299726e-02
4.300959e-02
4.303346e-02
4.306687e-02
4.307162e-02
4.309308e-02
4.313148e-02
4.316999e-02
4.319182e-02
4.320471e-02
4.322776e-02
4.325318e-02
4.328235e-02
4.330466e-02
4.333496e-02
4.334420e-02
4.337778e-02
4.341966e-02
4.343658e-02
4.344304e-02
4.346379e-02
4.349633e-02
4.352386e-02
4.353734e-02
4.354847e-02
4.357930e-02
4.360231e-02
4.363026e-02
4.365198e-02
4.365866e-02
4.369521e-02
4.373586e-02
4.374133e-02
4.377599e-02
4.379606e-02
4.382448e-02
4.384039e-02
4.386279e-02
4.386547e-02
4.387887e-02
4.389633e-02
4.390584e-02
4.393171e-02
4.395039e-02
4.398083e-02
4.399871e-02
4.405707e-02
4.407369e-02
4.408533e-02
4.412244e-02
4.415026e-02
4.416077e-02
4.418583e-02
4.419809e-02
4.422275e-02
4.423081e-02
4.428025e-02
4.432062e-02
4.433336e-02
4.435937e-02
4.438219e-02
4.440833e-02
4.444148e-02
4.444759e-02
4.445566e-02
4.448755e-02
4.449910e-02
4.452349e-02
4.454237e-02
4.458658e-02
4.460439e-02
4.460689e-02
4.465803e-02
4.468867e-02
4.470003e-02
4.472279e-02
4.475412e-02
4.477602e-02
4.481307e-02
4.482712e-02
4.485566e-02
4.486864e-02
4.487648e-02
4.489172e-02
4.491254e-02
4.494871e-02
4.497106e-02
4.499122e-02
4.500017e-02
4.503031e-02
4.506883e-02
4.508414e-02
4.510356e-02
4.513324e-02
4.515372e-02
4.516557e-02
4.518674e-02
4.521405e-02
4.524067e-02
4.527076e-02
4.529128e-02
4.530384e-02
4.533321e-02
4.535869e-02
4.537963e-02
4.540683e-02
4.543232e-02
4.543688e-02
4.546007e-02
4.548910e-02
4.551464e-02
4.553366e-02
4.555320e-02
4.556660e-02
4.557285e-02
4.560534e-02
4.562482e-02
4.563839e-02
4.565849e-02
4.569420e-02
4.572537e-02
4.574522e-02
4.576178e-02
4.578650e-02
4.581678e-02
4.584002e-02
4.584284e-02
4.585509e-02
4.588181e-02
4.592762e-02
4.593763e-02
4.595220e-02
4.597134e-02
4.599976e-02
4.604587e-02
4.606633e-02
4.608151e-02
4.611514e-02
4.612619e-02
4.614888e-02
4.616567e-02
4.619378e-02
4.620026e-02
4.621501e-02
4.625089e-02
4.626417e-02
4.627736e-02
4.629407e-02
4.633268e-02
4.636320e-02
4.638883e-02
4.639379e-02
4.641813e-02
4.644704e-02
4.646253e-02
4.646812e-02
4.648714e-02
4.650945e-02
4.653836e-02
4.654386e-02
4.655817e-02
4.656792e-02
4.659343e-02
4.663758e-02
4.666995e-02
4.671053e-02
4.672863e-02
4.675694e-02
4.677674e-02
4.680576e-02
4.683990e-02
4.685225e-02
4.687683e-02
4.690756e-02
4.691345e-02
4.693947e-02
4.696447e-02
4.698402e-02
4.702160e-02
4.704537e-02
4.705968e-02
4.706930e-02
4.709789e-02
4.711316e-02
4.713816e-02
4.714550e-02
4.716552e-02
4.717476e-02
4.720843e-02
4.721853e-02
4.724934e-02
4.726700e-02
4.728016e-02
4.730782e-02
4.733477e-02
4.735373e-02
4.739739e-02
4.741336e-02
4.743027e-02
4.746826e-02
4.748508e-02
4.750704e-02
4.753531e-02
4.758100e-02
4.760396e-02
4.761524e-02
4.764109e-02
4.765428e-02
4.766907e-02
4.768713e-02
4.770435e-02
4.772349e-02
4.774179e-02
4.777167e-02
4.777860e-02
4.781366e-02
4.781645e-02
4.783355e-02
4.784928e-02
4.787405e-02
4.792502e-02
4.793878e-02
4.797787e-02
4.798055e-02
4.801794e-02
4.802465e-02
4.804833e-02
4.808678e-02
4.811338e-02
4.812309e-02
4.815960e-02
4.819682e-02
4.819985e-02
4.821299e-02
4.824350e-02
4.827082e-02
4.829583e-02
4.830928e-02
4.833298e-02
4.834789e-02
4.836662e-02
4.840163e-02
4.841380e-02
4.844463e-02
4.845938e-02
4.848023e-02
4.851290e-02
4.854484e-02
4.855734e-02
4.856631e-02
4.861439e-02
4.862270e-02
4.864635e-02
4.865907e-02
4.869561e-02
4.870837e-02
4.873679e-02
4.876767e-02
4.877981e-02
4.879752e-02
4.881234e-02
4.883230e-02
4.887621e-02
4.889622e-02
4.890363e-02
4.893118e-02
4.895137e-02
4.896677e-02
4.897166e-02
4.899783e-02
4.902115e-02
4.905312e-02
4.906824e-02
4.907682e-02
4.910502e-02
4.916026e-02
4.917568e-02
4.918277e-02
4.920320e-02
4.924037e-02
4.925028e-02
4.925598e-02
4.927049e-02
4.929122e-02
4.929877e-02
4.934381e-02
4.936983e-02
4.937428e-02
4.939335e-02
4.945951e-02
4.947742e-02
4.948551e-02
4.951881e-02
4.953324e-02
4.955624e-02
4.956163e-02
4.957424e-02
4.959922e-02
4.961690e-02
4.965612e-02
4.968714e-02
4.969127e-02
4.972259e-02
4.976915e-02
4.977835e-02
4.978762e-02
4.982180e-02
4.985002e-02
4.985915e-02
4.988374e-02
4.991085e-02
4.992090e-02
4.993606e-02
4.997408e-02
4.999087e-02
5.001391e-02
5.002622e-02
5.005418e-02
5.006708e-02
5.007603e-02
5.009965e-02
5.015289e-02
5.017276e-02
5.019102e-02
5.023590e-02
5.024314e-02
5.026155e-02
5.027171e-02
5.027522e-02
5.029709e-02
5.034552e-02
5.034983e-02
5.038682e-02
5.041026e-02
5.042237e-02
5.046408e-02
5.049303e-02
5.051189e-02
5.052407e-02
5.055080e-02
5.057472e-02
5.059136e-02
5.061394e-02
5.062531e-02
5.063898e-02
5.066095e-02
5.068921e-02
5.069494e-02
5.072676e-02
5.075895e-02
5.076953e-02
5.079143e-02
5.082262e-02
5.086295e-02
5.090211e-02
5.091317e-02
5.094465e-02
5.094585e-02
5.095221e-02
5.099183e-02
5.100512e-02
5.101823e-02
5.105330e-02
5.107071e-02
5.107751e-02
5.110711e-02
5.112706e-02
5.118004e-02
5.119841e-02
5.120387e-02
5.124767e-02
5.126712e-02
5.127736e-02
5.134661e-02
5.135256e-02
5.138345e-02
5.139269e-02
5.140410e-02
5.143343e-02
5.144867e-02
5.147391e-02
5.149489e-02
5.151717e-02
5.154578e-02
5.156337e-02
5.157162e-02
5.160069e-02
5.160693e-02
5.164000e-02
5.165156e-02
5.167434e-02
5.168581e-02
5.170512e-02
5.173163e-02
5.177043e-02
5.178964e-02
5.180801e-02
5.183533e-02
5.185846e-02
5.190726e-02
5.192106e-02
5.192943e-02
5.194272e-02
5.195498e-02
5.196848e-02
5.200373e-02
5.201798e-02
5.203533e-02
5.206136e-02
5.207483e-02
5.208856e-02
5.210452e-02
5.212796e-02
5.217818e-02
5.219899e-02
5.223099e-02
5.224807e-02
5.227157e-02
5.228002e-02
5.232086e-02
5.233070e-02
5.234972e-02
5.238662e-02
5.239426e-02
5.240079e-02
5.242797e-02
5.245464e-02
5.247752e-02
5.250800e-02
5.252008e-02
5.253797e-02
5.257139e-02
5.258444e-02
5.260695e-02
5.261817e-02
5.263485e-02
5.265570e-02
5.269158e-02
5.269740e-02
5.273180e-02
5.274351e-02
5.278286e-02
5.279297e-02
5.282391e-02
5.284228e-02
5.286525e-02
5.287589e-02
5.287795e-02
5.290566e-02
5.292505e-02
5.294797e-02
5.298007e-02
5.299181e-02
5.301968e-02
5.303217e-02
5.306577e-02
5.308719e-02
5.311876e-02
5.314340e-02
5.315148e-02
5.316052e-02
5.317882e-02
5.319848e-02
5.326331e-02
5.328501e-02
5.331037e-02
5.331357e-02
5.332271e-02
5.337058e-02
5.338642e-02
5.341059e-02
5.343262e-02
5.344097e-02
5.345935e-02
5.349166e-02
5.350933e-02
5.353009e-02
5.355108e-02
5.358231e-02
5.359209e-02
5.360799e-02
5.363211e-02
5.364956e-02
5.367537e-02
5.371116e-02
5.376083e-02
5.376436e-02
5.377481e-02
5.379404e-02
5.380695e-02
5.383545e-02
5.385253e-02
5.385766e-02
5.389095e-02
5.390327e-02
5.393111e-02
5.394309e-02
5.396716e-02
5.399604e-02
5.400287e-02
5.403820e-02
5.404826e-02
5.407771e-02
5.411306e-02
5.412176e-02
5.412939e-02
5.414120e-02
5.416701e-02
5.419510e-02
5.420624e-02
5.422397e-02
5.424869e-02
5.428344e-02
5.428819e-02
5.429783e-02
5.434626e-02
5.438265e-02
5.439682e-02
5.441610e-02
5.442766e-02
5.445460e-02
5.445887e-02
5.448420e-02
5.450952e-02
5.453346e-02
5.454523e-02
5.458630e-02
5.459037e-02
5.463480e-02
5.465372e-02
5.467736e-02
5.468274e-02
5.470103e-02
5.473284e-02
5.474676e-02
5.476436e-02
5.477531e-02
5.483016e-02
5.486419e-02
5.487644e-02
5.488835e-02
5.492077e-02
5.493746e-02
5.496688e-02
5.497333e-02
5.500162e-02
5.500892e-02
5.503150e-02
5.505912e-02
5.509592e-02
5.512267e-02
5.514691e-02
5.516499e-02
5.520071e-02
5.521043e-02
5.526112e-02
5.527302e-02
5.529430e-02
5.531075e-02
5.533426e-02
5.534754e-02
5.537138e-02
5.537966e-02
5.539665e-02
5.540908e-02
5.544503e-02
5.545640e-02
5.547982e-02
5.551715e-02
5.553689e-02
5.554740e-02
5.556767e-02
5.561006e-02
5.562111e-02
5.564407e-02
5.566026e-02
5.568988e-02
5.573020e-02
5.573451e-02
5.575045e-02
5.577603e-02
5.580001e-02
5.582503e-02
5.584142e-02
5.585434e-02
5.587584e-02
5.589157e-02
5.592410e-02
5.595581e-02
5.597739e-02
5.600619e-02
5.601297e-02
5.602605e-02
5.605681e-02
5.607549e-02
5.609450e-02
5.612712e-02
5.615737e-02
5.616525e-02
5.619197e-02
5.621026e-02
5.623000e-02
5.625206e-02
5.628376e-02
5.629371e-02
5.631325e-02
5.635282e-02
5.638364e-02
5.640401e-02
5.640810e-02
5.643899e-02
5.646645e-02
5.648110e-02
5.649130e-02
5.649755e-02
5.651377e-02
5.656130e-02
5.657215e-02
5.659144e-02
5.661624e-02
5.663106e-02
5.666998e-02
5.667978e-02
5.672533e-02
5.673085e-02
5.674848e-02
5.675648e-02
5.677518e-02
5.682489e-02
5.683191e-02
5.685546e-02
5.687296e-02
5.690141e-02
5.691261e-02
5.692732e-02
5.695357e-02
5.700763e-02
5.702416e-02
5.703052e-02
5.703888e-02
5.708178e-02
5.711782e-02
5.712537e-02
5.714503e-02
5.717955e-02
5.721143e-02
5.723364e-02
5.724673e-02
5.728231e-02
5.728286e-02
5.729549e-02
5.731932e-02
5.733789e-02
5.734614e-02
5.739527e-02
5.740510e-02
5.741550e-02
5.744427e-02
5.747460e-02
5.748822e-02
5.749989e-02
5.752623e-02
5.755518e-02
5.758212e-02
5.759275e-02
5.760634e-02
5.763349e-02
5.765957e-02
5.769176e-02
5.772089e-02
5.774156e-02
5.776046e-02
5.778217e-02
5.778542e-02
5.780555e-02
5.785461e-02
5.787355e-02
5.787665e-02
5.790447e-02
5.790910e-02
5.795775e-02
5.798517e-02
5.798714e-02
5.800780e-02
5.806551e-02
5.807374e-02
5.809422e-02
5.811561e-02
5.813436e-02
5.815108e-02
5.817704e-02
5.818513e-02
5.822482e-02
5.823855e-02
5.825793e-02
5.827843e-02
5.830944e-02
5.832373e-02
5.835203e-02
5.837077e-02
5.840386e-02
5.842047e-02
5.843281e-02
5.844134e-02
5.846399e-02
5.848932e-02
5.849715e-02
5.851025e-02
5.853985e-02
5.856355e-02
5.858584e-02
5.861385e-02
5.864983e-02
5.866930e-02
5.869796e-02
5.871016e-02
5.873353e-02
5.874487e-02
5.881900e-02
5.882569e-02
5.884256e-02
5.884978e-02
5.888320e-02
5.889710e-02
5.892205e-02
5.893087e-02
5.895678e-02
5.899801e-02
5.900642e-02
5.901969e-02
5.902830e-02
5.904470e-02
5.908375e-02
5.909615e-02
5.913762e-02
5.914637e-02
5.915934e-02
5.917366e-02
5.919447e-02
5.923246e-02
5.926087e-02
5.930053e-02
5.930395e-02
5.932671e-02
5.935582e-02
5.937697e-02
5.940119e-02
5.941811e-02
5.942793e-02
5.945275e-02
5.946001e-02
5.948087e-02
5.948968e-02
5.952470e-02
5.953205e-02
5.958022e-02
5.960538e-02
5.961702e-02
5.963916e-02
5.965184e-02
5.967247e-02
5.971371e-02
5.971830e-02
5.973216e-02
5.975880e-02
5.976904e-02
5.981359e-02
5.983547e-02
5.985436e-02
5.987040e-02
5.988879e-02
5.991943e-02
5.994601e-02
5.995799e-02
5.999170e-02
6.000773e-02
6.003813e-02
6.005409e-02
6.005599e-02
6.010628e-02
6.012029e-02
6.012687e-02
6.015616e-02
6.018578e-02
6.018984e-02
6.020150e-02
6.021518e-02
6.025413e-02
6.026612e-02
6.028992e-02
6.031169e-02
6.033053e-02
6.035801e-02
6.038033e-02
6.039130e-02
6.044185e-02
6.045494e-02
6.046398e-02
6.048482e-02
6.052300e-02
6.053786e-02
6.056680e-02
6.058122e-02
6.060772e-02
6.062340e-02
6.066387e-02
6.068254e-02
6.069715e-02
6.072134e-02
6.074200e-02
6.075074e-02
6.078401e-02
6.082220e-02
6.084875e-02
6.086742e-02
6.089802e-02
6.091327e-02
6.094771e-02
6.097161e-02
6.097642e-02
6.098992e-02
6.102376e-02
6.103808e-02
6.108122e-02
6.109143e-02
6.109669e-02
6.112855e-02
6.114632e-02
6.116198e-02
6.120019e-02
6.121056e-02
6.123268e-02
6.124723e-02
6.126281e-02
6.129230e-02
6.131720e-02
6.133802e-02
6.137672e-02
6.138914e-02
6.140024e-02
6.142121e-02
6.145315e-02
6.146227e-02
6.148248e-02
6.150544e-02
6.154199e-02
6.155872e-02
6.156299e-02
6.158344e-02
6.162511e-02
6.163807e-02
6.167026e-02
6.170832e-02
6.172926e-02
6.175521e-02
6.176766e-02
6.181955e-02
6.182594e-02
6.183089e-02
6.183938e-02
6.186847e-02
6.189328e-02
6.192568e-02
6.194997e-02
6.198605e-02
6.199569e-02
6.201204e-02
6.202042e-02
6.204116e-02
6.207982e-02
6.208975e-02
6.212092e-02
6.212440e-02
6.213949e-02
6.215468e-02
6.218483e-02
6.218845e-02
6.221673e-02
6.225815e-02
6.228002e-02
6.228157e-02
6.232222e-02
6.235298e-02
6.236215e-02
6.238223e-02
6.241324e-02
6.245940e-02
6.247555e-02
6.249429e-02
6.252652e-02
6.254030e-02
6.255014e-02
6.256772e-02
6.260484e-02
6.262507e-02
6.264161e-02
6.264886e-02
6.266481e-02
6.269821e-02
6.273271e-02
6.275923e-02
6.278666e-02
6.280719e-02
6.282759e-02
6.284253e-02
6.286766e-02
6.290103e-02
6.290999e-02
6.293783e-02
6.296625e-02
6.298446e-02
6.300418e-02
6.301506e-02
6.305118e-02
6.307224e-02
6.309875e-02
6.313684e-02
6.315282e-02
6.317385e-02
6.317734e-02
6.319880e-02
6.320993e-02
6.324371e-02
6.325919e-02
6.327957e-02
6.330227e-02
6.332173e-02
6.333938e-02
6.336101e-02
6.338275e-02
6.339090e-02
6.342843e-02
6.343231e-02
6.346314e-02
6.347687e-02
6.349691e-02
6.350587e-02
6.354017e-02
6.356408e-02
6.357895e-02
6.362887e-02
6.363435e-02
6.366053e-02
6.369399e-02
6.370003e-02
6.373090e-02
6.377113e-02
6.379416e-02
6.379966e-02
6.380851e-02
6.383088e-02
6.387863e-02
6.390029e-02
6.392653e-02
6.393764e-02
6.396683e-02
6.397284e-02
6.400248e-02
6.401758e-02
6.403646e-02
6.404384e-02
6.407466e-02
6.410291e-02
6.411174e-02
6.414659e-02
6.415285e-02
6.417904e-02
6.419306e-02
6.422695e-02
6.423473e-02
6.425117e-02
6.426904e-02
6.429946e-02
6.432088e-02
6.432398e-02
6.436689e-02
6.440381e-02
6.441235e-02
6.443756e-02
6.446120e-02
6.448456e-02
6.449960e-02
6.451103e-02
6.454379e-02
6.456327e-02
6.457219e-02
6.458745e-02
6.462807e-02
6.465432e-02
6.466741e-02
6.469585e-02
6.472807e-02
6.474738e-02
6.475453e-02
6.478352e-02
6.480090e-02
6.481882e-02
6.483315e-02
6.487175e-02
6.489826e-02
6.491540e-02
6.495229e-02
6.499072e-02
6.501484e-02
6.501808e-02
6.505408e-02
6.507161e-02
6.508309e-02
6.510524e-02
6.512636e-02
6.514228e-02
6.514815e-02
6.518639e-02
6.520920e-02
6.521469e-02
6.525492e-02
6.525624e-02
6.528366e-02
6.529927e-02
6.532701e-02
6.534147e-02
6.537170e-02
6.540035e-02
6.541785e-02
6.544295e-02
6.544938e-02
6.547324e-02
6.548880e-02
6.552248e-02
6.553979e-02
6.559981e-02
6.560354e-02
6.562309e-02
6.564727e-02
6.568730e-02
6.570124e-02
6.574493e-02
6.579006e-02
6.579482e-02
6.579703e-02
6.582514e-02
6.584749e-02
6.585731e-02
6.588771e-02
6.590631e-02
6.591631e-02
6.595496e-02
6.596192e-02
6.600364e-02
6.600891e-02
6.602070e-02
6.602924e-02
6.606753e-02
6.608821e-02
6.609998e-02
6.611962e-02
6.614466e-02
6.616992e-02
6.621104e-02
6.621437e-02
6.623828e-02
6.626585e-02
6.628206e-02
6.630234e-02
6.632205e-02
6.636550e-02
6.637724e-02
6.638509e-02
6.639942e-02
6.643995e-02
6.645218e-02
6.649149e-02
6.651111e-02
6.654081e-02
6.655232e-02
6.656844e-02
6.659676e-02
6.660701e-02
6.663344e-02
6.666139e-02
6.666759e-02
6.668716e-02
6.671644e-02
6.673840e-02
6.676404e-02
6.677456e-02
6.681705e-02
6.685105e-02
6.686921e-02
6.689339e-02
6.691415e-02
6.692492e-02
6.694150e-02
6.697121e-02
6.698540e-02
6.703616e-02
6.705427e-02
6.707270e-02
6.707525e-02
6.709327e-02
6.710666e-02
6.715340e-02
6.716706e-02
6.718237e-02
6.721189e-02
6.722697e-02
6.724385e-02
6.727514e-02
6.731478e-02
6.734109e-02
6.736066e-02
6.737135e-02
6.740814e-02
6.745059e-02
6.747228e-02
6.748956e-02
6.749799e-02
6.751599e-02
6.753365e-02
6.756850e-02
6.760617e-02
6.762030e-02
6.763824e-02
6.765525e-02
6.767452e-02
6.768782e-02
6.770189e-02
6.772229e-02
6.775396e-02
6.777348e-02
6.779644e-02
6.784521e-02
6.786656e-02
6.787330e-02
6.790647e-02
6.791277e-02
6.793310e-02
6.796785e-02
6.798051e-02
6.802232e-02
6.803263e-02
6.806104e-02
6.807257e-02
6.809784e-02
6.813941e-02
6.815699e-02
6.818590e-02
6.820148e-02
6.821755e-02
6.823452e-02
6.826002e-02
6.827939e-02
6.828979e-02
6.831187e-02
6.831616e-02
6.835605e-02
6.839685e-02
6.841314e-02
6.842929e-02
6.844927e-02
6.848259e-02
6.849046e-02
6.850262e-02
6.854479e-02
6.856266e-02
6.856747e-02
6.860982e-02
6.864131e-02
6.865376e-02
6.867402e-02
6.868564e-02
6.869979e-02
6.870619e-02
6.871646e-02
6.875621e-02
6.880369e-02
6.881155e-02
6.884007e-02
6.885267e-02
6.885901e-02
6.890741e-02
6.891608e-02
6.894757e-02
6.895950e-02
6.898756e-02
6.900961e-02
6.903708e-02
6.905791e-02
6.906865e-02
6.910045e-02
6.913617e-02
6.915022e-02
6.918405e-02
6.920885e-02
6.922226e-02
6.923719e-02
6.926859e-02
6.929371e-02
6.931255e-02
6.932716e-02
6.936769e-02
6.937808e-02
6.939873e-02
6.941335e-02
6.946195e-02
6.948834e-02
6.950384e-02
6.951622e-02
6.955804e-02
6.957628e-02
6.958585e-02
6.959902e-02
6.961430e-02
6.964817e-02
6.968730e-02
6.970768e-02
6.973768e-02
6.974897e-02
6.977555e-02
6.980176e-02
6.980971e-02
6.984121e-02
6.987186e-02
6.989188e-02
6.992065e-02
6.993555e-02
6.994900e-02
6.999445e-02
7.000021e-02
7.002853e-02
7.007135e-02
7.009833e-02
7.011360e-02
7.012011e-02
7.016032e-02
7.017051e-02
7.021574e-02
7.024192e-02
7.025449e-02
7.027714e-02
7.030086e-02
7.030715e-02
7.035103e-02
7.037537e-02
7.040077e-02
7.041588e-02
7.043933e-02
7.044365e-02
7.049645e-02
7.051788e-02
7.052014e-02
7.054774e-02
7.057914e-02
7.061379e-02
7.062675e-02
7.065591e-02
7.067502e-02
7.069886e-02
7.072339e-02
7.073538e-02
7.074836e-02
7.077878e-02
7.080903e-02
7.085172e-02
7.086130e-02
7.087066e-02
7.090180e-02
7.094352e-02
7.094644e-02
7.096830e-02
7.100022e-02
7.101543e-02
7.103945e-02
7.107094e-02
7.110051e-02
7.111214e-02
7.113880e-02
7.114772e-02
7.119486e-02
7.121610e-02
7.123425e-02
7.124697e-02
7.127766e-02
7.129280e-02
7.133289e-02
7.134683e-02
7.136232e-02
7.138732e-02
7.140502e-02
7.141572e-02
7.144078e-02
7.147999e-02
7.151248e-02
7.151869e-02
7.152715e-02
7.153992e-02
7.157275e-02
7.158699e-02
7.159544e-02
7.160848e-02
7.165397e-02
7.169789e-02
7.172187e-02
7.172938e-02
7.173700e-02
7.176273e-02
7.177123e-02
7.178530e-02
7.183990e-02
7.186254e-02
7.189728e-02
7.190368e-02
7.192802e-02
7.196823e-02
7.198763e-02
7.200204e-02
7.200695e-02
7.203029e-02
7.203611e-02
7.207585e-02
7.209537e-02
7.210896e-02
7.215265e-02
7.216222e-02
7.218956e-02
7.219912e-02
7.221935e-02
7.222734e-02
7.227483e-02
7.228734e-02
7.231781e-02
7.233674e-02
7.236166e-02
7.239629e-02
7.241701e-02
7.242366e-02
7.247979e-02
7.249193e-02
7.250947e-02
7.253344e-02
7.255005e-02
7.257458e-02
7.259751e-02
7.260172e-02
7.263121e-02
7.266135e-02
7.268152e-02
7.269685e-02
7.272164e-02
7.276377e-02
7.278182e-02
7.281322e-02
7.284587e-02
7.285484e-02
7.288109e-02
7.290826e-02
7.294021e-02
7.294520e-02
7.296645e-02
7.299705e-02
7.301961e-02
7.302847e-02
7.305028e-02
7.306509e-02
7.311881e-02
7.313793e-02
7.317181e-02
7.317573e-02
7.319764e-02
7.321689e-02
7.327880e-02
7.328851e-02
7.330272e-02
7.331612e-02
7.333122e-02
7.335049e-02
7.337053e-02
7.340424e-02
7.341946e-02
7.346098e-02
7.347657e-02
7.350073e-02
7.353500e-02
7.358174e-02
7.359107e-02
7.360432e-02
7.362039e-02
7.363563e-02
7.366494e-02
7.367466e-02
7.368016e-02
7.372626e-02
7.373956e-02
7.376489e-02
7.380820e-02
7.381986e-02
7.384918e-02
7.387625e-02
7.389440e-02
7.392154e-02
7.393518e-02
7.394289e-02
7.397977e-02
7.398988e-02
7.402272e-02
7.403570e-02
7.408362e-02
7.410650e-02
7.412581e-02
7.415220e-02
7.418154e-02
7.419054e-02
7.420875e-02
7.422989e-02
7.424003e-02
7.425195e-02
7.427677e-02
7.430754e-02
7.433798e-02
7.434426e-02
7.436430e-02
7.439200e-02
7.441168e-02
7.444341e-02
7.446403e-02
7.448606e-02
7.450039e-02
7.452524e-02
7.453848e-02
7.457532e-02
7.459010e-02
7.461729e-02
7.462906e-02
7.463762e-02
7.468755e-02
7.472563e-02
7.474161e-02
7.476845e-02
7.478011e-02
7.478763e-02
7.482306e-02
7.484741e-02
7.486009e-02
7.489363e-02
7.490269e-02
7.494127e-02
7.497822e-02
7.499081e-02
7.502623e-02
7.505090e-02
7.507606e-02
7.508280e-02
7.513575e-02
7.514703e-02
7.516880e-02
7.517678e-02
7.519889e-02
7.521764e-02
7.526605e-02
7.527095e-02
7.529455e-02
7.532095e-02
7.534069e-02
7.535645e-02
7.539298e-02
7.542704e-02
7.543610e-02
7.547432e-02
7.552003e-02
7.552770e-02
7.553357e-02
7.556933e-02
7.557669e-02
7.559622e-02
7.563411e-02
7.564555e-02
7.565575e-02
7.568023e-02
7.569855e-02
7.572676e-02
7.575158e-02
7.576926e-02
7.579534e-02
7.581025e-02
7.583549e-02
7.584898e-02
7.590083e-02
7.591078e-02
7.593717e-02
7.597679e-02
7.598122e-02
7.601136e-02
7.602397e-02
7.606091e-02
7.608591e-02
7.611186e-02
7.614330e-02
7.614680e-02
7.617043e-02
7.622415e-02
7.623547e-02
7.625387e-02
7.626261e-02
7.627848e-02
7.634555e-02
7.638839e-02
7.639857e-02
7.640395e-02
7.642069e-02
7.645667e-02
7.646852e-02
7.648409e-02
7.649908e-02
7.652929e-02
7.655258e-02
7.657211e-02
7.658382e-02
7.659952e-02
7.661753e-02
7.663337e-02
7.666556e-02
7.667734e-02
7.670595e-02
7.673919e-02
7.677082e-02
7.679208e-02
7.680810e-02
7.681444e-02
7.683503e-02
7.684842e-02
7.686447e-02
7.691159e-02
7.693393e-02
7.694260e-02
7.699119e-02
7.700067e-02
7.703241e-02
7.705798e-02
7.706724e-02
7.709130e-02
7.711727e-02
7.713469e-02
7.714888e-02
7.717310e-02
7.718720e-02
7.721218e-02
7.724039e-02
7.726882e-02
7.727973e-02
7.730045e-02
7.730913e-02
7.734141e-02
7.736484e-02
7.739616e-02
7.741077e-02
7.742595e-02
7.745725e-02
7.748133e-02
7.748982e-02
7.753151e-02
7.756460e-02
7.757920e-02
7.759053e-02
7.762954e-02
7.766445e-02
7.766974e-02
7.768094e-02
7.772798e-02
7.774858e-02
7.776507e-02
7.778586e-02
7.782023e-02
7.784791e-02
7.786404e-02
7.790857e-02
7.793534e-02
7.794564e-02
7.797615e-02
7.803186e-02
7.804631e-02
7.805002e-02
7.805525e-02
7.808481e-02
7.811683e-02
7.813994e-02
7.816243e-02
7.820027e-02
7.820944e-02
7.823272e-02
7.825270e-02
7.826544e-02
7.828905e-02
7.832203e-02
7.832779e-02
7.835650e-02
7.837621e-02
7.843563e-02
7.844099e-02
7.846620e-02
7.848675e-02
7.850326e-02
7.851398e-02
7.857017e-02
7.859172e-02
7.860625e-02
7.862883e-02
7.864184e-02
7.867013e-02
7.870376e-02
7.871097e-02
7.874242e-02
7.876363e-02
7.878988e-02
7.880458e-02
7.884210e-02
7.888862e-02
7.889383e-02
7.891866e-02
7.896038e-02
7.896656e-02
7.899617e-02
7.902105e-02
7.903761e-02
7.906623e-02
7.909695e-02
7.910581e-02
7.913775e-02
7.917847e-02
7.920116e-02
7.920626e-02
7.924387e-02
7.928354e-02
7.928736e-02
7.930667e-02
7.934395e-02
7.936874e-02
7.939739e-02
7.940419e-02
7.944182e-02
7.946635e-02
7.947644e-02
7.950796e-02
7.951506e-02
7.951936e-02
7.957756e-02
7.958309e-02
7.961157e-02
7.963674e-02
7.966238e-02
7.970306e-02
7.970942e-02
7.973028e-02
7.976805e-02
7.977177e-02
7.981415e-02
7.985353e-02
7.987218e-02
7.987444e-02
7.990436e-02
7.991751e-02
7.994207e-02
7.995665e-02
7.999273e-02
8.001093e-02
8.003850e-02
8.006939e-02
8.008656e-02
8.010979e-02
8.012101e-02
8.013925e-02
8.018808e-02
8.023421e-02
8.023920e-02
8.027270e-02
8.029581e-02
8.032965e-02
8.034411e-02
8.035038e-02
8.037165e-02
8.038946e-02
8.041506e-02
8.045355e-02
8.047897e-02
8.049912e-02
8.054138e-02
8.055972e-02
8.058655e-02
8.061082e-02
8.062314e-02
8.064634e-02
8.069178e-02
8.070256e-02
8.073314e-02
8.074782e-02
8.078848e-02
8.079399e-02
8.082738e-02
8.087223e-02
8.087914e-02
8.089968e-02
8.092866e-02
8.095676e-02
8.097431e-02
8.100532e-02
8.103511e-02
8.105060e-02
8.109753e-02
8.110678e-02
8.114122e-02
8.115394e-02
8.117149e-02
8.117700e-02
8.118870e-02
8.119593e-02
8.123234e-02
8.128475e-02
8.128944e-02
8.131720e-02
8.133343e-02
8.137836e-02
8.139271e-02
8.141034e-02
8.142658e-02
8.146080e-02
8.149334e-02
8.152649e-02
8.153800e-02
8.158205e-02
8.162395e-02
8.164696e-02
8.167710e-02
8.168037e-02
8.170700e-02
8.174077e-02
8.175965e-02
8.177918e-02
8.179422e-02
8.184243e-02
8.185928e-02
8.187911e-02
8.189721e-02
8.191310e-02
8.193589e-02
8.194985e-02
8.200709e-02
8.203183e-02
8.205265e-02
8.207432e-02
8.208439e-02
8.215380e-02
8.216227e-02
8.218966e-02
8.222421e-02
8.223829e-02
8.226007e-02
8.227303e-02
8.230946e-02
8.233415e-02
8.237034e-02
8.240872e-02
8.241363e-02
8.243947e-02
8.246497e-02
8.248228e-02
8.250955e-02
8.252571e-02
8.254311e-02
8.256383e-02
8.258513e-02
8.263750e-02
8.265643e-02
8.268237e-02
8.269663e-02
8.272959e-02
8.274935e-02
8.278355e-02
8.279054e-02
8.282229e-02
8.288194e-02
8.290540e-02
8.292241e-02
8.293279e-02
8.296895e-02
8.297896e-02
8.299253e-02
8.302168e-02
8.304260e-02
8.305861e-02
8.307988e-02
8.311872e-02
8.313596e-02
8.314912e-02
8.318318e-02
8.322015e-02
8.325712e-02
8.327865e-02
8.330288e-02
8.334325e-02
8.335916e-02
8.336978e-02
8.340542e-02
8.343919e-02
8.344606e-02
8.345694e-02
8.345963e-02
8.353233e-02
8.355246e-02
8.357896e-02
8.362294e-02
8.366131e-02
8.368220e-02
8.371569e-02
8.372168e-02
8.372584e-02
8.376397e-02
8.380497e-02
8.383786e-02
8.386230e-02
8.388513e-02
8.389232e-02
8.393032e-02
8.394878e-02
8.398447e-02
8.399998e-02
8.403774e-02
8.406291e-02
8.407163e-02
8.411109e-02
8.411868e-02
8.415074e-02
8.420140e-02
8.422028e-02
8.423107e-02
8.428160e-02
8.429680e-02
8.431669e-02
8.433102e-02
8.435208e-02
8.437278e-02
8.438959e-02
8.441292e-02
8.445397e-02
8.449392e-02
8.449904e-02
8.451111e-02
8.455182e-02
8.457713e-02
8.459527e-02
8.460684e-02
8.464943e-02
8.466391e-02
8.467791e-02
8.470182e-02
8.471296e-02
8.476322e-02
8.477234e-02
8.481058e-02
8.485785e-02
8.487496e-02
8.489122e-02
8.492876e-02
8.494033e-02
8.497691e-02
8.498194e-02
8.501474e-02
8.502009e-02
8.505264e-02
8.511434e-02
8.513756e-02
8.516379e-02
8.517766e-02
8.518652e-02
8.520835e-02
8.521564e-02
8.527862e-02
8.529425e-02
8.531044e-02
8.532616e-02
8.534597e-02
8.539266e-02
8.541187e-02
8.542420e-02
8.544424e-02
8.548175e-02
8.549430e-02
8.551161e-02
8.552203e-02
8.556034e-02
8.561364e-02
8.563550e-02
8.564643e-02
8.569534e-02
8.571002e-02
8.574032e-02
8.575024e-02
8.579300e-02
8.581413e-02
8.582397e-02
8.582961e-02
8.585700e-02
8.588537e-02
8.590298e-02
8.592426e-02
8.596190e-02
8.600143e-02
8.605144e-02
8.607629e-02
8.610533e-02
8.612286e-02
8.616101e-02
8.617281e-02
8.619555e-02
8.620787e-02
8.622243e-02
8.625316e-02
8.627929e-02
8.629600e-02
8.631233e-02
8.635350e-02
8.639220e-02
8.641257e-02
8.645398e-02
8.646733e-02
8.648315e-02
8.650808e-02
8.653279e-02
8.653952e-02
8.655773e-02
8.659005e-02
8.666500e-02
8.666839e-02
8.671236e-02
8.673375e-02
8.675821e-02
8.677063e-02
8.680557e-02
8.683163e-02
8.685838e-02
8.691208e-02
8.691429e-02
8.694946e-02
8.698699e-02
8.699319e-02
8.704113e-02
8.706173e-02
8.706707e-02
8.713574e-02
8.714884e-02
8.717117e-02
8.718766e-02
8.724192e-02
8.724715e-02
8.728192e-02
8.729283e-02
8.731015e-02
8.733833e-02
8.737217e-02
8.737627e-02
8.743203e-02
8.743996e-02
8.745445e-02
8.748206e-02
8.749997e-02
8.752962e-02
8.757271e-02
8.762779e-02
8.764746e-02
8.768127e-02
8.770463e-02
8.771551e-02
8.773192e-02
8.777465e-02
8.780444e-02
8.782656e-02
8.787827e-02
8.788333e-02
8.792086e-02
8.793497e-02
8.797290e-02
8.800256e-02
8.801345e-02
8.802175e-02
8.805992e-02
8.809983e-02
8.810822e-02
8.815096e-02
8.816944e-02
8.819024e-02
8.821230e-02
8.824240e-02
8.829033e-02
8.830323e-02
8.832973e-02
8.834238e-02
8.836003e-02
8.839262e-02
8.840772e-02
8.846115e-02
8.847418e-02
8.851069e-02
8.852771e-02
8.857252e-02
8.860030e-02
8.862548e-02
8.866005e-02
8.866887e-02
8.868734e-02
8.871640e-02
8.875254e-02
8.876390e-02
8.878449e-02
8.882286e-02
8.883860e-02
8.886131e-02
8.887843e-02
8.892690e-02
8.894940e-02
8.896184e-02
8.899640e-02
8.901657e-02
8.903650e-02
8.905839e-02
8.908990e-02
8.909585e-02
8.911844e-02
8.914169e-02
8.918491e-02
8.920168e-02
8.920902e-02
8.927350e-02
8.929541e-02
8.932230e-02
8.933854e-02
8.939826e-02
8.941064e-02
8.944382e-02
8.945595e-02
8.948077e-02
8.949152e-02
8.952418e-02
8.954991e-02
8.959536e-02
8.961581e-02
8.963907e-02
8.966191e-02
8.969025e-02
8.971618e-02
8.975645e-02
8.977436e-02
8.982360e-02
8.983854e-02
8.988070e-02
8.989631e-02
8.990742e-02
8.994888e-02
8.998549e-02
8.999302e-02
9.003226e-02
9.005025e-02
9.009218e-02
9.010755e-02
9.014544e-02
9.015254e-02
9.020593e-02
9.023863e-02
9.024270e-02
9.027305e-02
9.030247e-02
9.032456e-02
9.034010e-02
9.036989e-02
9.040071e-02
9.041619e-02
9.046499e-02
9.050154e-02
9.051453e-02
9.052349e-02
9.055490e-02
9.056634e-02
9.059190e-02
9.062751e-02
9.065106e-02
9.068005e-02
9.070524e-02
9.074126e-02
9.074851e-02
9.077925e-02
9.081270e-02
9.083856e-02
9.086339e-02
9.089321e-02
9.091992e-02
9.096751e-02
9.098929e-02
9.101543e-02
9.104564e-02
9.106187e-02
9.111285e-02
9.113352e-02
9.116436e-02
9.116892e-02
9.122517e-02
9.123605e-02
9.124795e-02
9.129968e-02
9.132392e-02
9.133580e-02
9.135212e-02
9.138820e-02
9.140608e-02
9.141080e-02
9.143768e-02
9.148451e-02
9.151650e-02
9.154451e-02
9.159725e-02
9.160708e-02
9.161959e-02
9.163060e-02
9.167412e-02
9.167929e-02
9.171004e-02
9.175868e-02
9.176906e-02
9.181846e-02
9.182266e-02
9.185955e-02
9.191172e-02
9.194234e-02
9.196249e-02
9.198529e-02
9.200643e-02
9.203003e-02
9.209257e-02
9.211846e-02
9.214606e-02
9.215176e-02
9.218119e-02
9.218611e-02
9.224134e-02
9.226318e-02
9.227760e-02
9.232124e-02
9.232991e-02
9.235960e-02
9.238800e-02
9.240745e-02
9.242226e-02
9.247202e-02
9.249613e-02
9.252210e-02
9.255356e-02
9.259520e-02
9.260296e-02
9.261457e-02
9.265796e-02
9.267385e-02
9.268016e-02
9.271455e-02
9.274527e-02
9.278370e-02
9.279371e-02
9.282894e-02
9.283765e-02
9.289403e-02
9.292061e-02
9.294595e-02
9.296630e-02
9.300238e-02
9.303612e-02
9.305369e-02
9.305981e-02
9.313276e-02
9.313993e-02
9.318773e-02
9.319728e-02
9.321706e-02
9.325159e-02
9.327820e-02
9.329181e-02
9.332285e-02
9.335810e-02
9.339986e-02
9.341167e-02
9.343941e-02
9.344891e-02
9.347758e-02
9.352913e-02
9.356966e-02
9.359304e-02
9.361076e-02
9.363112e-02
9.363652e-02
9.368477e-02
9.372359e-02
9.373632e-02
9.377931e-02
9.380296e-02
9.382149e-02
9.383347e-02
9.386650e-02
9.390463e-02
9.393102e-02
9.394864e-02
9.397891e-02
9.400269e-02
9.403274e-02
9.406125e-02
9.408574e-02
9.409842e-02
9.412187e-02
9.416285e-02
9.419659e-02
9.422694e-02
9.424391e-02
9.430314e-02
9.432603e-02
9.435727e-02
9.436623e-02
9.438105e-02
9.439722e-02
9.443509e-02
9.445291e-02
9.447978e-02
9.452238e-02
9.454312e-02
9.456920e-02
9.458239e-02
9.462338e-02
9.465427e-02
9.467289e-02
9.470412e-02
9.473380e-02
9.476028e-02
9.478581e-02
9.481660e-02
9.483218e-02
9.486466e-02
9.490104e-02
9.493939e-02
9.497115e-02
9.498051e-02
9.500807e-02
9.504705e-02
9.508614e-02
9.509259e-02
9.513431e-02
9.515959e-02
9.518307e-02
9.523146e-02
9.525686e-02
9.527349e-02
9.529236e-02
9.531221e-02
9.532625e-02
9.537645e-02
9.540724e-02
9.543784e-02
9.545504e-02
9.547949e-02
9.552009e-02
9.553063e-02
9.557586e-02
9.558420e-02
9.562666e-02
9.565720e-02
9.569641e-02
9.572648e-02
9.574797e-02
9.577262e-02
9.580521e-02
9.583211e-02
9.584013e-02
9.585341e-02
9.589600e-02
9.593022e-02
9.595482e-02
9.598721e-02
9.600940e-02
9.603196e-02
9.606065e-02
9.609519e-02
9.613378e-02
9.616048e-02
9.617458e-02
9.618574e-02
9.620262e-02
9.623913e-02
9.627685e-02
9.630351e-02
9.632223e-02
9.637701e-02
9.640076e-02
9.642613e-02
9.643593e-02
9.648953e-02
9.650997e-02
9.652316e-02
9.654002e-02
9.661469e-02
9.664442e-02
9.665340e-02
9.667052e-02
9.668600e-02
9.672212e-02
9.675013e-02
9.678855e-02
9.679964e-02
9.682717e-02
9.686767e-02
9.688542e-02
9.690982e-02
9.691264e-02
9.696423e-02
9.699168e-02
9.703096e-02
9.705610e-02
9.708491e-02
9.709379e-02
9.713659e-02
9.715130e-02
9.717228e-02
9.720782e-02
9.728108e-02
9.729158e-02
9.731017e-02
9.732745e-02
9.736025e-02
9.739843e-02
9.744242e-02
9.746598e-02
9.749265e-02
9.751414e-02
9.752868e-02
9.756834e-02
9.759566e-02
9.761854e-02
9.765027e-02
9.768411e-02
9.772097e-02
9.774283e-02
9.775836e-02
9.779509e-02
9.780929e-02
9.783135e-02
9.785256e-02
9.790845e-02
9.792192e-02
9.796124e-02
9.799170e-02
9.802838e-02
9.806048e-02
9.810555e-02
9.813114e-02
9.817151e-02
9.818111e-02
9.820452e-02
9.822318e-02
9.824977e-02
9.825777e-02
9.826819e-02
9.834075e-02
9.835524e-02
9.838622e-02
9.841139e-02
9.843599e-02
9.846197e-02
9.847413e-02
9.852633e-02
9.855092e-02
9.862528e-02
9.864059e-02
9.866169e-02
9.869846e-02
9.871417e-02
9.874338e-02
9.877129e-02
9.879306e-02
9.882264e-02
9.885358e-02
9.887095e-02
9.888744e-02
9.893891e-02
9.896951e-02
9.898914e-02
9.902391e-02
9.907651e-02
9.909685e-02
9.910503e-02
9.914217e-02
9.916992e-02
9.919775e-02
9.923758e-02
9.925106e-02
9.927623e-02
9.929479e-02
9.934942e-02
9.935754e-02
9.936762e-02
9.940319e-02
9.941169e-02
9.946994e-02
9.950253e-02
9.952696e-02
9.955463e-02
9.960464e-02
9.963355e-02
9.964445e-02
9.968346e-02
9.972589e-02
9.975643e-02
9.977261e-02
9.980486e-02
9.982718e-02
9.985602e-02
9.989780e-02
9.990257e-02
9.992791e-02
9.994249e-02
9.997966e-02
1.000042e-01
1.000215e-01
1.000658e-01
1.000839e-01
1.001341e-01
1.001436e-01
1.001812e-01
1.002265e-01
1.002375e-01
1.002859e-01
1.002981e-01
1.003258e-01
1.003770e-01
1.004320e-01
1.004484e-01
1.004753e-01
1.005049e-01
1.005150e-01
1.005248e-01
1.005591e-01
1.005765e-01
1.006243e-01
1.006459e-01
1.006710e-01
1.006766e-01
1.007309e-01
1.007652e-01
1.008000e-01
1.008112e-01
1.008611e-01
1.008996e-01
1.009208e-01
1.009395e-01
1.009947e-01
1.010047e-01
1.010461e-01
1.010845e-01
1.010944e-01
1.011171e-01
1.011247e-01
1.011556e-01
1.011737e-01
1.012046e-01
1.012440e-01
1.012747e-01
1.013034e-01
1.013290e-01
1.013598e-01
1.013809e-01
1.014248e-01
1.014483e-01
1.014791e-01
1.014840e-01
1.015632e-01
1.015743e-01
1.016117e-01
1.016278e-01
1.016609e-01
1.016761e-01
1.017117e-01
1.017279e-01
1.017597e-01
1.017693e-01
1.018127e-01
1.018196e-01
1.018392e-01
1.018790e-01
1.019016e-01
1.019570e-01
1.019809e-01
1.019866e-01
1.020412e-01
1.020798e-01
1.020883e-01
1.021117e-01
1.021314e-01
1.021797e-01
1.021849e-01
1.022445e-01
1.022541e-01
1.022658e-01
1.022946e-01
1.023417e-01
1.023685e-01
1.024218e-01
1.024498e-01
1.024868e-01
1.025145e-01
1.025421e-01
1.025580e-01
1.026172e-01
1.026541e-01
1.026596e-01
1.027005e-01
1.027142e-01
1.027458e-01
1.027604e-01
1.028170e-01
1.028554e-01
1.028782e-01
1.028901e-01
1.029146e-01
1.029709e-01
1.029862e-01
1.030147e-01
1.030496e-01
1.030793e-01
1.030962e-01
1.031028e-01
1.031595e-01
1.031773e-01
1.032129e-01
1.032602e-01
1.032767e-01
1.033372e-01
1.033478e-01
1.033788e-01
1.034145e-01
1.034526e-01
1.034649e-01
1.034851e-01
1.035114e-01
1.035346e-01
1.035517e-01
1.035801e-01
1.036051e-01
1.036108e-01
1.036482e-01
1.036602e-01
1.036922e-01
1.037365e-01
1.037621e-01
1.037988e-01
1.038255e-01
1.038364e-01
1.038839e-01
1.039024e-01
1.039210e-01
1.039296e-01
1.039448e-01
1.040483e-01
1.040822e-01
1.040983e-01
1.041240e-01
1.041474e-01
1.041901e-01
1.041953e-01
1.042353e-01
1.042597e-01
1.042702e-01
1.042906e-01
1.043258e-01
1.043786e-01
1.043907e-01
1.044144e-01
1.044443e-01
1.044834e-01
1.045254e-01
1.045536e-01
1.045682e-01
1.046267e-01
1.046404e-01
1.046858e-01
1.047030e-01
1.047089e-01
1.047413e-01
1.047618e-01
1.047979e-01
1.048103e-01
1.048555e-01
1.048721e-01
1.049352e-01
1.049625e-01
1.049706e-01
1.050035e-01
1.050198e-01
1.050390e-01
1.050690e-01
1.051253e-01
1.051763e-01
1.051849e-01
1.051965e-01
1.052270e-01
1.052517e-01
1.052800e-01
1.053205e-01
1.053660e-01
1.053826e-01
1.054236e-01
1.054582e-01
1.054631e-01
1.055201e-01
1.055445e-01
1.055679e-01
1.056248e-01
1.056366e-01
1.056671e-01
1.057044e-01
1.057359e-01
1.057451e-01
1.057608e-01
1.058365e-01
1.058636e-01
1.058691e-01
1.059022e-01
1.059432e-01
1.059579e-01
1.059820e-01
1.060012e-01
1.060167e-01
1.060569e-01
1.060718e-01
1.060938e-01
1.061744e-01
1.061976e-01
1.062176e-01
1.062366e-01
1.062733e-01
1.062953e-01
1.063069e-01
1.063220e-01
1.063676e-01
1.063749e-01
1.064089e-01
1.064495e-01
1.064635e-01
1.064978e-01
1.065980e-01
1.066196e-01
1.066496e-01
1.066737e-01
1.066861e-01
1.067140e-01
1.067207e-01
1.067750e-01
1.068046e-01
1.068209e-01
1.068374e-01
1.068623e-01
1.069233e-01
1.069918e-01
1.070245e-01
1.070358e-01
1.070704e-01
1.070842e-01
1.070950e-01
1.071310e-01
1.071462e-01
1.071876e-01
1.072485e-01
1.072813e-01
1.073085e-01
1.073233e-01
1.073570e-01
1.073963e-01
1.074220e-01
1.074641e-01
1.075030e-01
1.075176e-01
1.075406e-01
1.075543e-01
1.076268e-01
1.076420e-01
1.076513e-01
1.076906e-01
1.077077e-01
1.077253e-01
1.077897e-01
1.078329e-01
1.078496e-01
1.079039e-01
1.079144e-01
1.079885e-01
1.080043e-01
1.080431e-01
1.080554e-01
1.080794e-01
1.081067e-01
1.081384e-01
1.081848e-01
1.082279e-01
1.082367e-01
1.082571e-01
1.082780e-01
1.083212e-01
1.083324e-01
1.083679e-01
1.083927e-01
1.084068e-01
1.084457e-01
1.084689e-01
1.085001e-01
1.085203e-01
1.085632e-01
1.085834e-01
1.085995e-01
1.086400e-01
1.086923e-01
1.087252e-01
1.087357e-01
1.087729e-01
1.087955e-01
1.088325e-01
1.088601e-01
1.088948e-01
1.089197e-01
1.089292e-01
1.089565e-01
1.089951e-01
1.090508e-01
1.090595e-01
1.091005e-01
1.091094e-01
1.091501e-01
1.091620e-01
1.091997e-01
1.092525e-01
1.092678e-01
1.093208e-01
1.093337e-01
1.093789e-01
1.093954e-01
1.094214e-01
1.094563e-01
1.094899e-01
1.095177e-01
1.095405e-01
1.095705e-01
1.095906e-01
1.096410e-01
1.096810e-01
1.097144e-01
1.097399e-01
1.097719e-01
1.097831e-01
1.098308e-01
1.098614e-01
1.098866e-01
1.099153e-01
1.099569e-01
1.099805e-01
1.100451e-01
1.100521e-01
1.100819e-01
1.101084e-01
1.101271e-01
1.101361e-01
1.101994e-01
1.102158e-01
1.102470e-01
1.102569e-01
1.103033e-01
1.103369e-01
1.103525e-01
1.103889e-01
1.104350e-01
1.104459e-01
1.105074e-01
1.105494e-01
1.105819e-01
1.105976e-01
1.106127e-01
1.106719e-01
1.106853e-01
1.107649e-01
1.107837e-01
1.108266e-01
1.108317e-01
1.108768e-01
1.108938e-01
1.109249e-01
1.109481e-01
1.109683e-01
1.110194e-01
1.110370e-01
1.110873e-01
1.111133e-01
1.111239e-01
1.111810e-01
1.112130e-01
1.112200e-01
1.112466e-01
1.112963e-01
1.113040e-01
1.113695e-01
1.114087e-01
1.114369e-01
1.114793e-01
1.115086e-01
1.115203e-01
1.115336e-01
1.115468e-01
1.116158e-01
1.116389e-01
1.116840e-01
1.117029e-01
1.117166e-01
1.117426e-01
1.117960e-01
1.118138e-01
1.118518e-01
1.118685e-01
1.119158e-01
1.119231e-01
1.119388e-01
1.119735e-01
1.120269e-01
1.120652e-01
1.121086e-01
1.121553e-01
1.122015e-01
1.122284e-01
1.122305e-01
1.122607e-01
1.122768e-01
1.123021e-01
1.123417e-01
1.123860e-01
1.124231e-01
1.124841e-01
1.125119e-01
1.125657e-01
1.125760e-01
1.126157e-01
1.126243e-01
1.126459e-01
1.126652e-01
1.126816e-01
1.127247e-01
1.127494e-01
1.128056e-01
1.128354e-01
1.129019e-01
1.129236e-01
1.129501e-01
1.129657e-01
1.130108e-01
1.130158e-01
1.130804e-01
1.130928e-01
1.131077e-01
1.131534e-01
1.131894e-01
1.131957e-01
1.132296e-01
1.132668e-01
1.133063e-01
1.133237e-01
1.133663e-01
1.133959e-01
1.134372e-01
1.134762e-01
1.134890e-01
1.135444e-01
1.135974e-01
1.136343e-01
1.136545e-01
1.136598e-01
1.137018e-01
1.137156e-01
1.137359e-01
1.137857e-01
1.138028e-01
1.138299e-01
1.139356e-01
1.139531e-01
1.139602e-01
1.140081e-01
1.140486e-01
1.140834e-01
1.141261e-01
1.141680e-01
1.141894e-01
1.142028e-01
1.142509e-01
1.143080e-01
1.143284e-01
1.143526e-01
1.143814e-01
1.144214e-01
1.144351e-01
1.144640e-01
1.145014e-01
1.145107e-01
1.145504e-01
1.145818e-01
1.146029e-01
1.146161e-01
1.146640e-01
1.146963e-01
1.147371e-01
1.147616e-01
1.147999e-01
1.148282e-01
1.148544e-01
1.148775e-01
1.149055e-01
1.149512e-01
1.149966e-01
1.150346e-01
1.150458e-01
1.150806e-01
1.151164e-01
1.151376e-01
1.151568e-01
1.151956e-01
1.152307e-01
1.152655e-01
1.152957e-01
1.153303e-01
1.153678e-01
1.153834e-01
1.153907e-01
1.154438e-01
1.154988e-01
1.155030e-01
1.155439e-01
1.155806e-01
1.156486e-01
1.156531e-01
1.156793e-01
1.157107e-01
1.157312e-01
1.157674e-01
1.157804e-01
1.158288e-01
1.159006e-01
1.159114e-01
1.159983e-01
1.160081e-01
1.160279e-01
1.160490e-01
1.160557e-01
1.160853e-01
1.161609e-01
1.161795e-01
1.162048e-01
1.162349e-01
1.162497e-01
1.163157e-01
1.163589e-01
1.164011e-01
1.164133e-01
1.164367e-01
1.164712e-01
1.164996e-01
1.165159e-01
1.165334e-01
1.165703e-01
1.165903e-01
1.166435e-01
1.166524e-01
1.166888e-01
1.167325e-01
1.167993e-01
1.168175e-01
1.168438e-01
1.168855e-01
1.168996e-01
1.169558e-01
1.170054e-01
1.170447e-01
1.170757e-01
1.170901e-01
1.171005e-01
1.171357e-01
1.171394e-01
1.171818e-01
1.172072e-01
1.172598e-01
1.173128e-01
1.173203e-01
1.174193e-01
1.174266e-01
1.174530e-01
1.174668e-01
1.174973e-01
1.175162e-01
1.175560e-01
1.175908e-01
1.176116e-01
1.176579e-01
1.176927e-01
1.177481e-01
1.177742e-01
1.177987e-01
1.178396e-01
1.178586e-01
1.178933e-01
1.179588e-01
1.179728e-01
1.179919e-01
1.180313e-01
1.180685e-01
1.180777e-01
1.180891e-01
1.181140e-01
1.181551e-01
1.182179e-01
1.182330e-01
1.182634e-01
1.183109e-01
1.183461e-01
1.183636e-01
1.184017e-01
1.184126e-01
1.184355e-01
1.185015e-01
1.185530e-01
1.185978e-01
1.186301e-01
1.186476e-01
1.186975e-01
1.187382e-01
1.187712e-01
1.187826e-01
1.188233e-01
1.188565e-01
1.189024e-01
1.189250e-01
1.189578e-01
1.189786e-01
1.189983e-01
1.190815e-01
1.191160e-01
1.191463e-01
1.191828e-01
1.192263e-01
1.192521e-01
1.192615e-01
1.192817e-01
1.193242e-01
1.193322e-01
1.193976e-01
1.194398e-01
1.194628e-01
1.194710e-01
1.194944e-01
1.195462e-01
1.195732e-01
1.196044e-01
1.196129e-01
1.196555e-01
1.196792e-01
1.197276e-01
1.197541e-01
1.198085e-01
1.198717e-01
1.199182e-01
1.199338e-01
1.199763e-01
1.199945e-01
1.200076e-01
1.200305e-01
1.201027e-01
1.201285e-01
1.201397e-01
1.201749e-01
1.201990e-01
1.202109e-01
1.202504e-01
1.202999e-01
1.203059e-01
1.203660e-01
1.203803e-01
1.204105e-01
1.204715e-01
1.205034e-01
1.205387e-01
1.205621e-01
1.205893e-01
1.206324e-01
1.206531e-01
1.206945e-01
1.207387e-01
1.207762e-01
1.208040e-01
1.208722e-01
1.208909e-01
1.209176e-01
1.209268e-01
1.209496e-01
1.209908e-01
1.210254e-01
1.210833e-01
1.211166e-01
1.211603e-01
1.211886e-01
1.212280e-01
1.212649e-01
1.212943e-01
1.213087e-01
1.213427e-01
1.213719e-01
1.214413e-01
1.214620e-01
1.215035e-01
1.215281e-01
1.215291e-01
1.215409e-01
1.216047e-01
1.216510e-01
1.216858e-01
1.217531e-01
1.217769e-01
1.217920e-01
1.218502e-01
1.218826e-01
1.219241e-01
1.219378e-01
1.219543e-01
1.219738e-01
1.220160e-01
1.220480e-01
1.220949e-01
1.221014e-01
1.221556e-01
1.221759e-01
1.222317e-01
1.222799e-01
1.223168e-01
1.223403e-01
1.223666e-01
1.223836e-01
1.224411e-01
1.224653e-01
1.224893e-01
1.225148e-01
1.225423e-01
1.225853e-01
1.226067e-01
1.226374e-01
1.227160e-01
1.227306e-01
1.227763e-01
1.228013e-01
1.228362e-01
1.228529e-01
1.229018e-01
1.229287e-01
1.229414e-01
1.229972e-01
1.230002e-01
1.230380e-01
1.230441e-01
1.230888e-01
1.231470e-01
1.231518e-01
1.232019e-01
1.232421e-01
1.232685e-01
1.232930e-01
1.233491e-01
1.233744e-01
1.233996e-01
1.234218e-01
1.234659e-01
1.235298e-01
1.235448e-01
1.235839e-01
1.236181e-01
1.236769e-01
1.236856e-01
1.237246e-01
1.237619e-01
1.238156e-01
1.238407e-01
1.238563e-01
1.238980e-01
1.239318e-01
1.239431e-01
1.239802e-01
1.240246e-01
1.240863e-01
1.241300e-01
1.241476e-01
1.241978e-01
1.242397e-01
1.242762e-01
1.242966e-01
1.243349e-01
1.243736e-01
1.243860e-01
1.244276e-01
1.244353e-01
1.244779e-01
1.245121e-01
1.245442e-01
1.245613e-01
1.245872e-01
1.246375e-01
1.246642e-01
1.246974e-01
1.247171e-01
1.247698e-01
1.247836e-01
1.248350e-01
1.248923e-01
1.249617e-01
1.249845e-01
1.250245e-01
1.250622e-01
1.250932e-01
1.251219e-01
1.251524e-01
1.251991e-01
1.252656e-01
1.253281e-01
1.253437e-01
1.253614e-01
1.254119e-01
1.254232e-01
1.254697e-01
1.255091e-01
1.255438e-01
1.255533e-01
1.256126e-01
1.256463e-01
1.256897e-01
1.257112e-01
1.257881e-01
1.257926e-01
1.258511e-01
1.258759e-01
1.259388e-01
1.259637e-01
1.260106e-01
1.260202e-01
1.260920e-01
1.260991e-01
1.261420e-01
1.261794e-01
1.262259e-01
1.262609e-01
1.263094e-01
1.263204e-01
1.263602e-01
1.264096e-01
1.264399e-01
1.264562e-01
1.265034e-01
1.265516e-01
1.265688e-01
1.265763e-01
1.266190e-01
1.266509e-01
1.266946e-01
1.267563e-01
1.267825e-01
1.268162e-01
1.268423e-01
1.268731e-01
1.268990e-01
1.269794e-01
1.269984e-01
1.270223e-01
1.271074e-01
1.271258e-01
1.271360e-01
1.272108e-01
1.272456e-01
1.272999e-01
1.273420e-01
1.273644e-01
1.273998e-01
1.274089e-01
1.274672e-01
1.275109e-01
1.275516e-01
1.275716e-01
1.275865e-01
1.276143e-01
1.276655e-01
1.277475e-01
1.277763e-01
1.278110e-01
1.278456e-01
1.278920e-01
1.279030e-01
1.279503e-01
1.280073e-01
1.280455e-01
1.280496e-01
1.280966e-01
1.281229e-01
1.281719e-01
1.281939e-01
1.282310e-01
1.282830e-01
1.283216e-01
1.283401e-01
1.284045e-01
1.284102e-01
1.284929e-01
1.285081e-01
1.285449e-01
1.285765e-01
1.285905e-01
1.286623e-01
1.286882e-01
1.287201e-01
1.287328e-01
1.287994e-01
1.288590e-01
1.288982e-01
1.289260e-01
1.289449e-01
1.289674e-01
1.289947e-01
1.290497e-01
1.290771e-01
1.291002e-01
1.291495e-01
1.291786e-01
1.291991e-01
1.292380e-01
1.292844e-01
1.292939e-01
1.293826e-01
1.294037e-01
1.294061e-01
1.294718e-01
1.295194e-01
1.295365e-01
1.295683e-01
1.296005e-01
1.296103e-01
1.296704e-01
1.296864e-01
1.297440e-01
1.297655e-01
1.297807e-01
1.298489e-01
1.298679e-01
1.298959e-01
1.299320e-01
1.299538e-01
1.300342e-01
1.300556e-01
1.301017e-01
1.301292e-01
1.301878e-01
1.302217e-01
1.302386e-01
1.302809e-01
1.303078e-01
1.303231e-01
1.303901e-01
1.304057e-01
1.304727e-01
1.305426e-01
1.305506e-01
1.305806e-01
1.306166e-01
1.306367e-01
1.306578e-01
1.307037e-01
1.307151e-01
1.307604e-01
1.308001e-01
1.308304e-01
1.308616e-01
1.308924e-01
1.309339e-01
1.309902e-01
1.310192e-01
1.310831e-01
1.311467e-01
1.311631e-01
1.312200e-01
1.312384e-01
1.312915e-01
1.313259e-01
1.313393e-01
1.313705e-01
1.314198e-01
1.314683e-01
1.315459e-01
1.315781e-01
1.315889e-01
1.316173e-01
1.316247e-01
1.316621e-01
1.316865e-01
1.317181e-01
1.318051e-01
1.318697e-01
1.318978e-01
1.319463e-01
1.320008e-01
1.320155e-01
1.320673e-01
1.320903e-01
1.321167e-01
1.321702e-01
1.321796e-01
1.322553e-01
1.322939e-01
1.323164e-01
1.323835e-01
1.324272e-01
1.324564e-01
1.324620e-01
1.324709e-01
1.325536e-01
1.325578e-01
1.326505e-01
1.326593e-01
1.327108e-01
1.327272e-01
1.327414e-01
1.327911e-01
1.328220e-01
1.328687e-01
1.328936e-01
1.329033e-01
1.329349e-01
1.329936e-01
1.330254e-01
1.331013e-01
1.331259e-01
1.331537e-01
1.331586e-01
1.332040e-01
1.332103e-01
1.332908e-01
1.333208e-01
1.333658e-01
1.334086e-01
1.334639e-01
1.334733e-01
1.335359e-01
1.335795e-01
1.336340e-01
1.337055e-01
1.337077e-01
1.337412e-01
1.338145e-01
1.338505e-01
1.338827e-01
1.339292e-01
1.339968e-01
1.340036e-01
1.340259e-01
1.341013e-01
1.341539e-01
1.341998e-01
1.342210e-01
1.342286e-01
1.342481e-01
1.343096e-01
1.343817e-01
1.344063e-01
1.344463e-01
1.344498e-01
1.344738e-01
1.345229e-01
1.345347e-01
1.346061e-01
1.346576e-01
1.347561e-01
1.347749e-01
1.348224e-01
1.348347e-01
1.349025e-01
1.349314e-01
1.349539e-01
1.350038e-01
1.350098e-01
1.350710e-01
1.351026e-01
1.351134e-01
1.351571e-01
1.351975e-01
1.352658e-01
1.353174e-01
1.353675e-01
1.353731e-01
1.354389e-01
1.354522e-01
1.355292e-01
1.355642e-01
1.355857e-01
1.356242e-01
1.356494e-01
1.356949e-01
1.357296e-01
1.357896e-01
1.358105e-01
1.358608e-01
1.359310e-01
1.359433e-01
1.359742e-01
1.360194e-01
1.360378e-01
1.360901e-01
1.361422e-01
1.361600e-01
1.361790e-01
1.362538e-01
1.363058e-01
1.363349e-01
1.364109e-01
1.364267e-01
1.364573e-01
1.364987e-01
1.365636e-01
1.366100e-01
1.366590e-01
1.367111e-01
1.367285e-01
1.367743e-01
1.368151e-01
1.368705e-01
1.368773e-01
1.369053e-01
1.369529e-01
1.369879e-01
1.370016e-01
1.370469e-01
1.370879e-01
1.371348e-01
1.371812e-01
1.372357e-01
1.372681e-01
1.373032e-01
1.373289e-01
1.374006e-01
1.374103e-01
1.374474e-01
1.374849e-01
1.375071e-01
1.375440e-01
1.375600e-01
1.376529e-01
1.376844e-01
1.377171e-01
1.377475e-01
1.378331e-01
1.378766e-01
1.378945e-01
1.379180e-01
1.379798e-01
1.380550e-01
1.380872e-01
1.381236e-01
1.381544e-01
1.382135e-01
1.382798e-01
1.382967e-01
1.383096e-01
1.383538e-01
1.384036e-01
1.384635e-01
1.384906e-01
1.385185e-01
1.386450e-01
1.386756e-01
1.386997e-01
1.387295e-01
1.387355e-01
1.387942e-01
1.388176e-01
1.388671e-01
1.389068e-01
1.389735e-01
1.390239e-01
1.390536e-01
1.390797e-01
1.391389e-01
1.391735e-01
1.391910e-01
1.392340e-01
1.392776e-01
1.393497e-01
1.393762e-01
1.393858e-01
1.394529e-01
1.395031e-01
1.395378e-01
1.395530e-01
1.395746e-01
1.396687e-01
1.397010e-01
1.397620e-01
1.397765e-01
1.398134e-01
1.398764e-01
1.399028e-01
1.399279e-01
1.399897e-01
1.400138e-01
1.400476e-01
1.401156e-01
1.401212e-01
1.401611e-01
1.402529e-01
1.402678e-01
1.402795e-01
1.403091e-01
1.403640e-01
1.403893e-01
1.404260e-01
1.405295e-01
1.405356e-01
1.405544e-01
1.405979e-01
1.406202e-01
1.406941e-01
1.407162e-01
1.407203e-01
1.407572e-01
1.407911e-01
1.408244e-01
1.408784e-01
1.408945e-01
1.409554e-01
1.409664e-01
1.410626e-01
1.410678e-01
1.410916e-01
1.411479e-01
1.412130e-01
1.412374e-01
1.412908e-01
1.413086e-01
1.413421e-01
1.414010e-01
1.414764e-01
1.414962e-01
1.415182e-01
1.415352e-01
1.416032e-01
1.416561e-01
1.417018e-01
1.417498e-01
1.417679e-01
1.418215e-01
1.418485e-01
1.419173e-01
1.419732e-01
1.419959e-01
1.420285e-01
1.420546e-01
1.421540e-01
1.421944e-01
1.422032e-01
1.422978e-01
1.423526e-01
1.423907e-01
1.424767e-01
1.425115e-01
1.425482e-01
1.425630e-01
1.426030e-01
1.426271e-01
1.426544e-01
1.427043e-01
1.427555e-01
1.427949e-01
1.428565e-01
1.429377e-01
1.429637e-01
1.430146e-01
1.431085e-01
1.431249e-01
1.431537e-01
1.431868e-01
1.432264e-01
1.432426e-01
1.433250e-01
1.434099e-01
1.434187e-01
1.434502e-01
1.434716e-01
1.435583e-01
1.435906e-01
1.436072e-01
1.436347e-01
1.436815e-01
1.437501e-01
1.438182e-01
1.438361e-01
1.438638e-01
1.439013e-01
1.439413e-01
1.439990e-01
1.440237e-01
1.440940e-01
1.441568e-01
1.441952e-01
1.442517e-01
1.443003e-01
1.443093e-01
1.443936e-01
1.444236e-01
1.444735e-01
1.445128e-01
1.445543e-01
1.445849e-01
1.446231e-01
1.446349e-01
1.446649e-01
1.447212e-01
1.447864e-01
1.448058e-01
1.448451e-01
1.449223e-01
1.449400e-01
1.449516e-01
1.449932e-01
1.450538e-01
1.450579e-01
1.451050e-01
1.451440e-01
1.451907e-01
1.451979e-01
1.452531e-01
1.452983e-01
1.453508e-01
1.454225e-01
1.454469e-01
1.455356e-01
1.455447e-01
1.455731e-01
1.456302e-01
1.456495e-01
1.457159e-01
1.457440e-01
1.457657e-01
1.458135e-01
1.458427e-01
1.458732e-01
1.459327e-01
1.459576e-01
1.459934e-01
1.460205e-01
1.460911e-01
1.461499e-01
1.461793e-01
1.462484e-01
1.462667e-01
1.463322e-01
1.464011e-01
1.464161e-01
1.464854e-01
1.465240e-01
1.465334e-01
1.466347e-01
1.466452e-01
1.466719e-01
1.467288e-01
1.467536e-01
1.468016e-01
1.468264e-01
1.468526e-01
1.469043e-01
1.469309e-01
1.469642e-01
1.469990e-01
1.470499e-01
1.471228e-01
1.471762e-01
1.471949e-01
1.472204e-01
1.473036e-01
1.473338e-01
1.473650e-01
1.473838e-01
1.474628e-01
1.475112e-01
1.475660e-01
1.476407e-01
1.476810e-01
1.477161e-01
1.477449e-01
1.477770e-01
1.478120e-01
1.478831e-01
1.479052e-01
1.479596e-01
1.480123e-01
1.480862e-01
1.481109e-01
1.481657e-01
1.481822e-01
1.482764e-01
1.482970e-01
1.483495e-01
1.483814e-01
1.484015e-01
1.484561e-01
1.484836e-01
1.485436e-01
1.485921e-01
1.486070e-01
1.487391e-01
1.487691e-01
1.487901e-01
1.488246e-01
1.488570e-01
1.489267e-01
1.489628e-01
1.489800e-01
1.490269e-01
1.490465e-01
1.491273e-01
1.491536e-01
1.492139e-01
1.492869e-01
1.493309e-01
1.493483e-01
1.493927e-01
1.494258e-01
1.494633e-01
1.494730e-01
1.494928e-01
1.495659e-01
1.496107e-01
1.496678e-01
1.497237e-01
1.497755e-01
1.498188e-01
1.498926e-01
1.499312e-01
1.499455e-01
1.500070e-01
1.500391e-01
1.500677e-01
1.501172e-01
1.501477e-01
1.501880e-01
1.502452e-01
1.502746e-01
1.503156e-01
1.503681e-01
1.504247e-01
1.504760e-01
1.505181e-01
1.505623e-01
1.505887e-01
1.506349e-01
1.506759e-01
1.507139e-01
1.507165e-01
1.507932e-01
1.508528e-01
1.508734e-01
1.509868e-01
1.509933e-01
1.510403e-01
1.510903e-01
1.511252e-01
1.512016e-01
1.512503e-01
1.512582e-01
1.512700e-01
1.513589e-01
1.513716e-01
1.514426e-01
1.514668e-01
1.515134e-01
1.515660e-01
1.516373e-01
1.517053e-01
1.517569e-01
1.517742e-01
1.518026e-01
1.518410e-01
1.519097e-01
1.519538e-01
1.519839e-01
1.520161e-01
1.520398e-01
1.521281e-01
1.521827e-01
1.522290e-01
1.522661e-01
1.523488e-01
1.523806e-01
1.523996e-01
1.524689e-01
1.525211e-01
1.525572e-01
1.525869e-01
1.526170e-01
1.526863e-01
1.527243e-01
1.527831e-01
1.528494e-01
1.528726e-01
1.528931e-01
1.529094e-01
1.529425e-01
1.530225e-01
1.530603e-01
1.530746e-01
1.531858e-01
1.532117e-01
1.532604e-01
1.532915e-01
1.533394e-01
1.533672e-01
1.533862e-01
1.534838e-01
1.535324e-01
1.535766e-01
1.536419e-01
1.536563e-01
1.537177e-01
1.537369e-01
1.537849e-01
1.538025e-01
1.538421e-01
1.539261e-01
1.539851e-01
1.540031e-01
1.540749e-01
1.541090e-01
1.541446e-01
1.541570e-01
1.542300e-01
1.542684e-01
1.543063e-01
1.543830e-01
1.544389e-01
1.544763e-01
1.545020e-01
1.545301e-01
1.545664e-01
1.545985e-01
1.547057e-01
1.547305e-01
1.547695e-01
1.547950e-01
1.548635e-01
1.549324e-01
1.549659e-01
1.550458e-01
1.550751e-01
1.550854e-01
1.551102e-01
1.551353e-01
1.551897e-01
1.552861e-01
1.553516e-01
1.553837e-01
1.554132e-01
1.554424e-01
1.555222e-01
1.555582e-01
1.555767e-01
1.556139e-01
1.556937e-01
1.557408e-01
1.557715e-01
1.558412e-01
1.558992e-01
1.559100e-01
1.559718e-01
1.560364e-01
1.560416e-01
1.561311e-01
1.561670e-01
1.562007e-01
1.562425e-01
1.562878e-01
1.563145e-01
1.564001e-01
1.564284e-01
1.564776e-01
1.565378e-01
1.565639e-01
1.566113e-01
1.566252e-01
1.566418e-01
1.566859e-01
1.567605e-01
1.568353e-01
1.568575e-01
1.568857e-01
1.569586e-01
1.569974e-01
1.570301e-01
1.570899e-01
1.570970e-01
1.571681e-01
1.572302e-01
1.572612e-01
1.573256e-01
1.574009e-01
1.574364e-01
1.574490e-01
1.575674e-01
1.575913e-01
1.576694e-01
1.576886e-01
1.577125e-01
1.577757e-01
1.578226e-01
1.578620e-01
1.579009e-01
1.579559e-01
1.580135e-01
1.580595e-01
1.581040e-01
1.581607e-01
1.581965e-01
1.582206e-01
1.582674e-01
1.583187e-01
1.583574e-01
1.583946e-01
1.584079e-01
1.584388e-01
1.584803e-01
1.585409e-01
1.585721e-01
1.586060e-01
1.586318e-01
1.586613e-01
1.587097e-01
1.587883e-01
1.588117e-01
1.589011e-01
1.589395e-01
1.589496e-01
1.589718e-01
1.590115e-01
1.590616e-01
1.590688e-01
1.591308e-01
1.591519e-01
1.592605e-01
1.592781e-01
1.593374e-01
1.593844e-01
1.594598e-01
1.594685e-01
1.595667e-01
1.595743e-01
1.596249e-01
1.596799e-01
1.596978e-01
1.597434e-01
1.597700e-01
1.598484e-01
1.599116e-01
1.599661e-01
1.600322e-01
1.600449e-01
1.601023e-01
1.601656e-01
1.601937e-01
1.602076e-01
1.602788e-01
1.603054e-01
1.603142e-01
1.604042e-01
1.604154e-01
1.605080e-01
1.605361e-01
1.606215e-01
1.606842e-01
1.607350e-01
1.608287e-01
1.608490e-01
1.609448e-01
1.609983e-01
1.610838e-01
1.611015e-01
1.611724e-01
1.612065e-01
1.612306e-01
1.612918e-01
1.613239e-01
1.613830e-01
1.614207e-01
1.614560e-01
1.615086e-01
1.615845e-01
1.616443e-01
1.616521e-01
1.616988e-01
1.617514e-01
1.617868e-01
1.618484e-01
1.618832e-01
1.619286e-01
1.620599e-01
1.620661e-01
1.621286e-01
1.621849e-01
1.622051e-01
1.622670e-01
1.623120e-01
1.623619e-01
1.624626e-01
1.624646e-01
1.624791e-01
1.625161e-01
1.625395e-01
1.625784e-01
1.626673e-01
1.627200e-01
1.628052e-01
1.628301e-01
1.628816e-01
1.629883e-01
1.630027e-01
1.630398e-01
1.631165e-01
1.631433e-01
1.631697e-01
1.632451e-01
1.632964e-01
1.633583e-01
1.634378e-01
1.634774e-01
1.635025e-01
1.635569e-01
1.635662e-01
1.636467e-01
1.636643e-01
1.637196e-01
1.638352e-01
1.638947e-01
1.639774e-01
1.640103e-01
1.640668e-01
1.641115e-01
1.641752e-01
1.641951e-01
1.642466e-01
1.643053e-01
1.643564e-01
1.644046e-01
1.644758e-01
1.645044e-01
1.645917e-01
1.646811e-01
1.647151e-01
1.648212e-01
1.648677e-01
1.649221e-01
1.649653e-01
1.649940e-01
1.650591e-01
1.651208e-01
1.651795e-01
1.652102e-01
1.652904e-01
1.653614e-01
1.653895e-01
1.654873e-01
1.655159e-01
1.655378e-01
1.655939e-01
1.656688e-01
1.657282e-01
1.657431e-01
1.658513e-01
1.659038e-01
1.659511e-01
1.659741e-01
1.660501e-01
1.660738e-01
1.661486e-01
1.662125e-01
1.662524e-01
1.663048e-01
1.663613e-01
1.663639e-01
1.664458e-01
1.665198e-01
1.665497e-01
1.666300e-01
1.667068e-01
1.667364e-01
1.668197e-01
1.668519e-01
1.668817e-01
1.669313e-01
1.670039e-01
1.670187e-01
1.670289e-01
1.671684e-01
1.672191e-01
1.672498e-01
1.672920e-01
1.673764e-01
1.674463e-01
1.674746e-01
1.674982e-01
1.675568e-01
1.675782e-01
1.676818e-01
1.677164e-01
1.677723e-01
1.678438e-01
1.678537e-01
1.678928e-01
1.679834e-01
1.680612e-01
1.680912e-01
1.681854e-01
1.682196e-01
1.682640e-01
1.682756e-01
1.683281e-01
1.683813e-01
1.684311e-01
1.684990e-01
1.685791e-01
1.686390e-01
1.686756e-01
1.686859e-01
1.687403e-01
1.688099e-01
1.688286e-01
1.689189e-01
1.689964e-01
1.690081e-01
1.691008e-01
1.691372e-01
1.691687e-01
1.692207e-01
1.692878e-01
1.693393e-01
1.694081e-01
1.694481e-01
1.694956e-01
1.695526e-01
1.696362e-01
1.697108e-01
1.697425e-01
1.697790e-01
1.698361e-01
1.699298e-01
1.699518e-01
1.700495e-01
1.700812e-01
1.701469e-01
1.702075e-01
1.702681e-01
1.702901e-01
1.703925e-01
1.704311e-01
1.704702e-01
1.704874e-01
1.705414e-01
1.706041e-01
1.706921e-01
1.707682e-01
1.707902e-01
1.708114e-01
1.708601e-01
1.709028e-01
1.710404e-01
1.710718e-01
1.711287e-01
1.711484e-01
1.712277e-01
1.712833e-01
1.713404e-01
1.714282e-01
1.714775e-01
1.715114e-01
1.716205e-01
1.716685e-01
1.716884e-01
1.717748e-01
1.718043e-01
1.718379e-01
1.718628e-01
1.719237e-01
1.719660e-01
1.720413e-01
1.720894e-01
1.721465e-01
1.721675e-01
1.723032e-01
1.723451e-01
1.723678e-01
1.724277e-01
1.724927e-01
1.725327e-01
1.725746e-01
1.725801e-01
1.726964e-01
1.727437e-01
1.728543e-01
1.729180e-01
1.729336e-01
1.729623e-01
1.730863e-01
1.731300e-01
1.731920e-01
1.732745e-01
1.732864e-01
1.732975e-01
1.733548e-01
1.734290e-01
1.734696e-01
1.735647e-01
1.736371e-01
1.736806e-01
1.737106e-01
1.737832e-01
1.738049e-01
1.738930e-01
1.739333e-01
1.739957e-01
1.740411e-01
1.741233e-01
1.741481e-01
1.742189e-01
1.743177e-01
1.743583e-01
1.744094e-01
1.744571e-01
1.744924e-01
1.745921e-01
1.746873e-01
1.747169e-01
1.747859e-01
1.748106e-01
1.748579e-01
1.749504e-01
1.750003e-01
1.750476e-01
1.750931e-01
1.751824e-01
1.752352e-01
1.753041e-01
1.753129e-01
1.753841e-01
1.754388e-01
1.755104e-01
1.755422e-01
1.755760e-01
1.756175e-01
1.756666e-01
1.756798e-01
1.757694e-01
1.757970e-01
1.759303e-01
1.759612e-01
1.760108e-01
1.760441e-01
1.760671e-01
1.761230e-01
1.762373e-01
1.762993e-01
1.763695e-01
1.763921e-01
1.764425e-01
1.765462e-01
1.766078e-01
1.766526e-01
1.766903e-01
1.767807e-01
1.768109e-01
1.768359e-01
1.769061e-01
1.770122e-01
1.770885e-01
1.771240e-01
1.771453e-01
1.771981e-01
1.772464e-01
1.772738e-01
1.773472e-01
1.773710e-01
1.774601e-01
1.775389e-01
1.775517e-01
1.776358e-01
1.777064e-01
1.777671e-01
1.778240e-01
1.778610e-01
1.778855e-01
1.780047e-01
1.781264e-01
1.781439e-01
1.781940e-01
1.782321e-01
1.783329e-01
1.783677e-01
1.784020e-01
1.785140e-01
1.785672e-01
1.785994e-01
1.787202e-01
1.787551e-01
1.787672e-01
1.788687e-01
1.788837e-01
1.789406e-01
1.789739e-01
1.790165e-01
1.791173e-01
1.791755e-01
1.792089e-01
1.792867e-01
1.793369e-01
1.793777e-01
1.794321e-01
1.794970e-01
1.795635e-01
1.795985e-01
1.796910e-01
1.797293e-01
1.798021e-01
1.798580e-01
1.799209e-01
1.800139e-01
1.800326e-01
1.800697e-01
1.801570e-01
1.802289e-01
1.802543e-01
1.803295e-01
1.803835e-01
1.804307e-01
1.804987e-01
1.805876e-01
1.806287e-01
1.806349e-01
1.806689e-01
1.807386e-01
1.807880e-01
1.808876e-01
1.809395e-01
1.809453e-01
1.810104e-01
1.810294e-01
1.811174e-01
1.811408e-01
1.812432e-01
1.813228e-01
1.814233e-01
1.814738e-01
1.814961e-01
1.815680e-01
1.816080e-01
1.816450e-01
1.817080e-01
1.817719e-01
1.817923e-01
1.818616e-01
1.819315e-01
1.821233e-01
1.821597e-01
1.821921e-01
1.822188e-01
1.823215e-01
1.823555e-01
1.824228e-01
1.825362e-01
1.826088e-01
1.826170e-01
1.826553e-01
1.827290e-01
1.827964e-01
1.828886e-01
1.829351e-01
1.829984e-01
1.830971e-01
1.831722e-01
1.831872e-01
1.832542e-01
1.833423e-01
1.833592e-01
1.833683e-01
1.834383e-01
1.835385e-01
1.836897e-01
1.837035e-01
1.837644e-01
1.838618e-01
1.838832e-01
1.839653e-01
1.840693e-01
1.841595e-01
1.841795e-01
1.841937e-01
1.843000e-01
1.843560e-01
1.844101e-01
1.844438e-01
1.845346e-01
1.846051e-01
1.846254e-01
1.847158e-01
1.848463e-01
1.849209e-01
1.849368e-01
1.850439e-01
1.850765e-01
1.851457e-01
1.851881e-01
1.853274e-01
1.853574e-01
1.854228e-01
1.854606e-01
1.855053e-01
1.855345e-01
1.856314e-01
1.856935e-01
1.857450e-01
1.857679e-01
1.858884e-01
1.859113e-01
1.859865e-01
1.860689e-01
1.861429e-01
1.862106e-01
1.862782e-01
1.863520e-01
1.863881e-01
1.864722e-01
1.865486e-01
1.865610e-01
1.866235e-01
1.867334e-01
1.867940e-01
1.868819e-01
1.869092e-01
1.869277e-01
1.869920e-01
1.871158e-01
1.872160e-01
1.872347e-01
1.872895e-01
1.873445e-01
1.874646e-01
1.874932e-01
1.875255e-01
1.875745e-01
1.877046e-01
1.877664e-01
1.878059e-01
1.878814e-01
1.879396e-01
1.879937e-01
1.880641e-01
1.882178e-01
1.883053e-01
1.884101e-01
1.885095e-01
1.885401e-01
1.886077e-01
1.886438e-01
1.887382e-01
1.887837e-01
1.888568e-01
1.889132e-01
1.890098e-01
1.890388e-01
1.890749e-01
1.890933e-01
1.891110e-01
1.892431e-01
1.893188e-01
1.893944e-01
1.894158e-01
1.895241e-01
1.895547e-01
1.896083e-01
1.896673e-01
1.897615e-01
1.898233e-01
1.898659e-01
1.899724e-01
1.900786e-01
1.901217e-01
1.901483e-01
1.902065e-01
1.903115e-01
1.903750e-01
1.903973e-01
1.904384e-01
1.905378e-01
1.906727e-01
1.907005e-01
1.908218e-01
1.908580e-01
1.909161e-01
1.909979e-01
1.910260e-01
1.910962e-01
1.912104e-01
1.912705e-01
1.912905e-01
1.914185e-01
1.914486e-01
1.915307e-01
1.916452e-01
1.917064e-01
1.917439e-01
1.917674e-01
1.918144e-01
1.918755e-01
1.919702e-01
1.920147e-01
1.920989e-01
1.921488e-01
1.922092e-01
1.922797e-01
1.923283e-01
1.923973e-01
1.924723e-01
1.925400e-01
1.926041e-01
1.926475e-01
1.927196e-01
1.928611e-01
1.929385e-01
1.929631e-01
1.931049e-01
1.931459e-01
1.932216e-01
1.932630e-01
1.933588e-01
1.934126e-01
1.934806e-01
1.935663e-01
1.936088e-01
1.936312e-01
1.937205e-01
1.937753e-01
1.937868e-01
1.938658e-01
1.939297e-01
1.939583e-01
1.940279e-01
1.940451e-01
1.940962e-01
1.941839e-01
1.943227e-01
1.943601e-01
1.944078e-01
1.944975e-01
1.945293e-01
1.945472e-01
1.946267e-01
1.946677e-01
1.947213e-01
1.948158e-01
1.949149e-01
1.950028e-01
1.950702e-01
1.950850e-01
1.951725e-01
1.952566e-01
1.953372e-01
1.953696e-01
1.954140e-01
1.955108e-01
1.955422e-01
1.955862e-01
1.956621e-01
1.957354e-01
1.958509e-01
1.958863e-01
1.959738e-01
1.960153e-01
1.961079e-01
1.961849e-01
1.962095e-01
1.963368e-01
1.963678e-01
1.963941e-01
1.965034e-01
1.965100e-01
1.965338e-01
1.966299e-01
1.967391e-01
1.968316e-01
1.968561e-01
1.969541e-01
1.970342e-01
1.970564e-01
1.971319e-01
1.971504e-01
1.972842e-01
1.973311e-01
1.973933e-01
1.974203e-01
1.975218e-01
1.975502e-01
1.975953e-01
1.977109e-01
1.977856e-01
1.978463e-01
1.978929e-01
1.979629e-01
1.980164e-01
1.980647e-01
1.981418e-01
1.982338e-01
1.982955e-01
1.983359e-01
1.983909e-01
1.984693e-01
1.985882e-01
1.986024e-01
1.986833e-01
1.987057e-01
1.988190e-01
1.989059e-01
1.989971e-01
1.990246e-01
1.990511e-01
1.991049e-01
1.991953e-01
1.993277e-01
1.993912e-01
1.994424e-01
1.995209e-01
1.996120e-01
1.996634e-01
1.997235e-01
1.997731e-01
1.998429e-01
1.999067e-01
1.999758e-01
2.000575e-01
2.001191e-01
2.001450e-01
2.002653e-01
2.003327e-01
2.003815e-01
2.004410e-01
2.005033e-01
2.005507e-01
2.005931e-01
2.007147e-01
2.007453e-01
2.007964e-01
2.008513e-01
2.008698e-01
2.009554e-01
2.010190e-01
2.011051e-01
2.011454e-01
2.011790e-01
2.012727e-01
2.013012e-01
2.014706e-01
2.015512e-01
2.016401e-01
2.016812e-01
2.017276e-01
2.018005e-01
2.018098e-01
2.019194e-01
2.019536e-01
2.020838e-01
2.021240e-01
2.022452e-01
2.023460e-01
2.024012e-01
2.024359e-01
2.024957e-01
2.026322e-01
2.027165e-01
2.027500e-01
2.027734e-01
2.028374e-01
2.029513e-01
2.029833e-01
2.030686e-01
2.031237e-01
2.031802e-01
2.033123e-01
2.033514e-01
2.034425e-01
2.035040e-01
2.035945e-01
2.036688e-01
2.037905e-01
2.038809e-01
2.039042e-01
2.039546e-01
2.040405e-01
2.041226e-01
2.042312e-01
2.042761e-01
2.043489e-01
2.043851e-01
2.045012e-01
2.045546e-01
2.045984e-01
2.046911e-01
2.047207e-01
2.048409e-01
2.048545e-01
2.048920e-01
2.049681e-01
2.050080e-01
2.050834e-01
2.051120e-01
2.052032e-01
2.052365e-01
2.053257e-01
2.053984e-01
2.055229e-01
2.055502e-01
2.056581e-01
2.057006e-01
2.057740e-01
2.058452e-01
2.058821e-01
2.059879e-01
2.060090e-01
2.060944e-01
2.061570e-01
2.061857e-01
2.062083e-01
2.063329e-01
2.064015e-01
2.064669e-01
2.066134e-01
2.066895e-01
2.067006e-01
2.067446e-01
2.068075e-01
2.069208e-01
2.070132e-01
2.071080e-01
2.072174e-01
2.072743e-01
2.073347e-01
2.073842e-01
2.074208e-01
2.075031e-01
2.075609e-01
2.076144e-01
2.076996e-01
2.077268e-01
2.078443e-01
2.078893e-01
2.079161e-01
2.079657e-01
2.080253e-01
2.080948e-01
2.082025e-01
2.083145e-01
2.083203e-01
2.084259e-01
2.084893e-01
2.085726e-01
2.086199e-01
2.086940e-01
2.088182e-01
2.089197e-01
2.089962e-01
2.090886e-01
2.091077e-01
2.091831e-01
2.092927e-01
2.093426e-01
2.093651e-01
2.095117e-01
2.095957e-01
2.096627e-01
2.097209e-01
2.098355e-01
2.098436e-01
2.099658e-01
2.101239e-01
2.101560e-01
2.102780e-01
2.103193e-01
2.103965e-01
2.104874e-01
2.105240e-01
2.105716e-01
2.106761e-01
2.107228e-01
2.107793e-01
2.108443e-01
2.108817e-01
2.109167e-01
2.110097e-01
2.110353e-01
2.111729e-01
2.111956e-01
2.112619e-01
2.113311e-01
2.113933e-01
2.115153e-01
2.115563e-01
2.116366e-01
2.116692e-01
2.117270e-01
2.118488e-01
2.119570e-01
2.119853e-01
2.120562e-01
2.121869e-01
2.122877e-01
2.123190e-01
2.123882e-01
2.124446e-01
2.125214e-01
2.126198e-01
2.126335e-01
2.127119e-01
2.127799e-01
2.128751e-01
2.130069e-01
2.130309e-01
2.131245e-01
2.132013e-01
2.132451e-01
2.133051e-01
2.133746e-01
2.134537e-01
2.136240e-01
2.137106e-01
2.137358e-01
2.138109e-01
2.138952e-01
2.140111e-01
2.140328e-01
2.140937e-01
2.141389e-01
2.142214e-01
2.143190e-01
2.143740e-01
2.144489e-01
2.144966e-01
2.145565e-01
2.146215e-01
2.147939e-01
2.148436e-01
2.149214e-01
2.149935e-01
2.150706e-01
2.151207e-01
2.151925e-01
2.152288e-01
2.154067e-01
2.155017e-01
2.155334e-01
2.156334e-01
2.157562e-01
2.158175e-01
2.158655e-01
2.159639e-01
2.160917e-01
2.161611e-01
2.162991e-01
2.163287e-01
2.164259e-01
2.164826e-01
2.165415e-01
2.165869e-01
2.166733e-01
2.167627e-01
2.168980e-01
2.170476e-01
2.170957e-01
2.171413e-01
2.172290e-01
2.172609e-01
2.173781e-01
2.174183e-01
2.174245e-01
2.175287e-01
2.176258e-01
2.177155e-01
2.178149e-01
2.178461e-01
2.179330e-01
2.179870e-01
2.181122e-01
2.181538e-01
2.182642e-01
2.183133e-01
2.183805e-01
2.184326e-01
2.185774e-01
2.187279e-01
2.187398e-01
2.187898e-01
2.188732e-01
2.189531e-01
2.190198e-01
2.192669e-01
2.193062e-01
2.193307e-01
2.194471e-01
2.194712e-01
2.195574e-01
2.196163e-01
2.197475e-01
2.197612e-01
2.198855e-01
2.199643e-01
2.199982e-01
2.200830e-01
2.201508e-01
2.202603e-01
2.203495e-01
2.204356e-01
2.204510e-01
2.205357e-01
2.205949e-01
2.206576e-01
2.207235e-01
2.208552e-01
2.209325e-01
2.209823e-01
2.211103e-01
2.211239e-01
2.211895e-01
2.212677e-01
2.213953e-01
2.215074e-01
2.215233e-01
2.216864e-01
2.217725e-01
2.218621e-01
2.219342e-01
2.219808e-01
2.220863e-01
2.221970e-01
2.222554e-01
2.223652e-01
2.224201e-01
2.225130e-01
2.227069e-01
2.227942e-01
2.228203e-01
2.228675e-01
2.229714e-01
2.229813e-01
2.231327e-01
2.232478e-01
2.233217e-01
2.233978e-01
2.235753e-01
2.235972e-01
2.236545e-01
2.237182e-01
2.237807e-01
2.239167e-01
2.239754e-01
2.240095e-01
2.240510e-01
2.241352e-01
2.242795e-01
2.243512e-01
2.244685e-01
2.245062e-01
2.245944e-01
2.247387e-01
2.247754e-01
2.248342e-01
2.249717e-01
2.250478e-01
2.251680e-01
2.252691e-01
2.252968e-01
2.253633e-01
2.254855e-01
2.255631e-01
2.257400e-01
2.258222e-01
2.258319e-01
2.259569e-01
2.260088e-01
2.260263e-01
2.260682e-01
2.261303e-01
2.262475e-01
2.263646e-01
2.264040e-01
2.264961e-01
2.265154e-01
2.266837e-01
2.267833e-01
2.268292e-01
2.269114e-01
2.269660e-01
2.270567e-01
2.270780e-01
2.272412e-01
2.272700e-01
2.273769e-01
2.273882e-01
2.275708e-01
2.276593e-01
2.277243e-01
2.278471e-01
2.279076e-01
2.280023e-01
2.280476e-01
2.281554e-01
2.282620e-01
2.284139e-01
2.284790e-01
2.285504e-01
2.286106e-01
2.286759e-01
2.287144e-01
2.289026e-01
2.289370e-01
2.290248e-01
2.290743e-01
2.292313e-01
2.293235e-01
2.294077e-01
2.295199e-01
2.295764e-01
2.296143e-01
2.297204e-01
2.299020e-01
2.299372e-01
2.300366e-01
2.301350e-01
2.301765e-01
2.302970e-01
2.303504e-01
2.303844e-01
2.304424e-01
2.305771e-01
2.306750e-01
2.308286e-01
2.309617e-01
2.310235e-01
2.311018e-01
2.311386e-01
2.312075e-01
2.312566e-01
2.313903e-01
2.315153e-01
2.316076e-01
2.317525e-01
2.317828e-01
2.318998e-01
2.319524e-01
2.319940e-01
2.320754e-01
2.322375e-01
2.323025e-01
2.324303e-01
2.324678e-01
2.325203e-01
2.326343e-01
2.327200e-01
2.328300e-01
2.328773e-01
2.329827e-01
2.330962e-01
2.331690e-01
2.332305e-01
2.333217e-01
2.333792e-01
2.334255e-01
2.335850e-01
2.336118e-01
2.337113e-01
2.337982e-01
2.338678e-01
2.339711e-01
2.340461e-01
2.340955e-01
2.342861e-01
2.343766e-01
2.344261e-01
2.344656e-01
2.345722e-01
2.346524e-01
2.348866e-01
2.349186e-01
2.350468e-01
2.351529e-01
2.352492e-01
2.353210e-01
2.353538e-01
2.354694e-01
2.355467e-01
2.356454e-01
2.358076e-01
2.359269e-01
2.359779e-01
2.360212e-01
2.361737e-01
2.362514e-01
2.364317e-01
2.365325e-01
2.365755e-01
2.367282e-01
2.368398e-01
2.369965e-01
2.370184e-01
2.371377e-01
2.371588e-01
2.373125e-01
2.374367e-01
2.376180e-01
2.376638e-01
2.377211e-01
2.378238e-01
2.378862e-01
2.381069e-01
2.381824e-01
2.382034e-01
2.382704e-01
2.384217e-01
2.384755e-01
2.385529e-01
2.386165e-01
2.386997e-01
2.388338e-01
2.388770e-01
2.390946e-01
2.391187e-01
2.393640e-01
2.394944e-01
2.396760e-01
2.398417e-01
2.398830e-01
2.399807e-01
2.400123e-01
2.401559e-01
2.402620e-01
2.403161e-01
2.403740e-01
2.404855e-01
2.405466e-01
2.407161e-01
2.407643e-01
2.408498e-01
2.409318e-01
2.410597e-01
2.411806e-01
2.411938e-01
2.412653e-01
2.413829e-01
2.414453e-01
2.414983e-01
2.416318e-01
2.417209e-01
2.418516e-01
2.419648e-01
2.420118e-01
2.422364e-01
2.423689e-01
2.424181e-01
2.425717e-01
2.427294e-01
2.427839e-01
2.428600e-01
2.430256e-01
2.430711e-01
2.432511e-01
2.432954e-01
2.433222e-01
2.434264e-01
2.434754e-01
2.435600e-01
2.436478e-01
2.437299e-01
2.438752e-01
2.439681e-01
2.441028e-01
2.441964e-01
2.442189e-01
2.442514e-01
2.444758e-01
2.445905e-01
2.446817e-01
2.447295e-01
2.448615e-01
2.449071e-01
2.452304e-01
2.452904e-01
2.454838e-01
2.456391e-01
2.456792e-01
2.458307e-01
2.458606e-01
2.458678e-01
2.460742e-01
2.461424e-01
2.463662e-01
2.464444e-01
2.464844e-01
2.465660e-01
2.466482e-01
2.467376e-01
2.468052e-01
2.470218e-01
2.471379e-01
2.472768e-01
2.473740e-01
2.473837e-01
2.474762e-01
2.474829e-01
2.475631e-01
2.476038e-01
2.477901e-01
2.478480e-01
2.479660e-01
2.480512e-01
2.481572e-01
2.482797e-01
2.483687e-01
2.484570e-01
2.485062e-01
2.486553e-01
2.487695e-01
2.488673e-01
2.489409e-01
2.489578e-01
2.492115e-01
2.493549e-01
2.494018e-01
2.494660e-01
2.496274e-01
2.496619e-01
2.497579e-01
2.498952e-01
2.499957e-01
2.500064e-01
2.501168e-01
2.502494e-01
2.503968e-01
2.504559e-01
2.506584e-01
2.506997e-01
2.508643e-01
2.509014e-01
2.510229e-01
2.511876e-01
2.513029e-01
2.513623e-01
2.514393e-01
2.515166e-01
2.515922e-01
2.517329e-01
2.518476e-01
2.519629e-01
2.520518e-01
2.520781e-01
2.522072e-01
2.523210e-01
2.524884e-01
2.526692e-01
2.526962e-01
2.528061e-01
2.529764e-01
2.531082e-01
2.531597e-01
2.533605e-01
2.534286e-01
2.534829e-01
2.535480e-01
2.536954e-01
2.538035e-01
2.540062e-01
2.540855e-01
2.542044e-01
2.542976e-01
2.543377e-01
2.543669e-01
2.544382e-01
2.545769e-01
2.546433e-01
2.547924e-01
2.548996e-01
2.551099e-01
2.553680e-01
2.554338e-01
2.555382e-01
2.556066e-01
2.557460e-01
2.559623e-01
2.560025e-01
2.560948e-01
2.563125e-01
2.564705e-01
2.565393e-01
2.565891e-01
2.567406e-01
2.569208e-01
2.570324e-01
2.571985e-01
2.572316e-01
2.573425e-01
2.573913e-01
2.575974e-01
2.577013e-01
2.577813e-01
2.580006e-01
2.581381e-01
2.582401e-01
2.584464e-01
2.584765e-01
2.585165e-01
2.586515e-01
2.588500e-01
2.589021e-01
2.590569e-01
2.590923e-01
2.591752e-01
2.593443e-01
2.593977e-01
2.594847e-01
2.596966e-01
2.597953e-01
2.598730e-01
2.600218e-01
2.601260e-01
2.602414e-01
2.603903e-01
2.604760e-01
2.606358e-01
2.607739e-01
2.608634e-01
2.609684e-01
2.610518e-01
2.611674e-01
2.612866e-01
2.613233e-01
2.616341e-01
2.617594e-01
2.618085e-01
2.619513e-01
2.620234e-01
2.620482e-01
2.621050e-01
2.622478e-01
2.623212e-01
2.624543e-01
2.625266e-01
2.627291e-01
2.628239e-01
2.629748e-01
2.629968e-01
2.630936e-01
2.631754e-01
2.632455e-01
2.634226e-01
2.635569e-01
2.636287e-01
2.637378e-01
2.639062e-01
2.639513e-01
2.641021e-01
2.641383e-01
2.645609e-01
2.646457e-01
2.647358e-01
2.648409e-01
2.649493e-01
2.650509e-01
2.650639e-01
2.651502e-01
2.652939e-01
2.655420e-01
2.655655e-01
2.656737e-01
2.658053e-01
2.660455e-01
2.660667e-01
2.661448e-01
2.662569e-01
2.664342e-01
2.666895e-01
2.667454e-01
2.668664e-01
2.671119e-01
2.672494e-01
2.672898e-01
2.674298e-01
2.675066e-01
2.677356e-01
2.677510e-01
2.678402e-01
2.680646e-01
2.681392e-01
2.682098e-01
2.682771e-01
2.684488e-01
2.685559e-01
2.687378e-01
2.688727e-01
2.690865e-01
2.691010e-01
2.694072e-01
2.694979e-01
2.695955e-01
2.697622e-01
2.699378e-01
2.700389e-01
2.701195e-01
2.702139e-01
2.704440e-01
2.706124e-01
2.707259e-01
2.708784e-01
2.710030e-01
2.711219e-01
2.711605e-01
2.712983e-01
2.715031e-01
2.715246e-01
2.716386e-01
2.717524e-01
2.718363e-01
2.720823e-01
2.722593e-01
2.723321e-01
2.723813e-01
2.724793e-01
2.725031e-01
2.727161e-01
2.730556e-01
2.732121e-01
2.732552e-01
2.733260e-01
2.735548e-01
2.737106e-01
2.737596e-01
2.739574e-01
2.740050e-01
2.741782e-01
2.742922e-01
2.744026e-01
2.745116e-01
2.748054e-01
2.748783e-01
2.750320e-01
2.750600e-01
2.752312e-01
2.753068e-01
2.755024e-01
2.755650e-01
2.756539e-01
2.757462e-01
2.758078e-01
2.760071e-01
2.762845e-01
2.763359e-01
2.765526e-01
2.765896e-01
2.767264e-01
2.767929e-01
2.770194e-01
2.771142e-01
2.772285e-01
2.775971e-01
2.777401e-01
2.778744e-01
2.779557e-01
2.781493e-01
2.782009e-01
2.784331e-01
2.786531e-01
2.787559e-01
2.787604e-01
2.789347e-01
2.790580e-01
2.791411e-01
2.793305e-01
2.794259e-01
2.794862e-01
2.796655e-01
2.797718e-01
2.797973e-01
2.801459e-01
2.802615e-01
2.803312e-01
2.805789e-01
2.806638e-01
2.808376e-01
2.808495e-01
2.810042e-01
2.811512e-01
2.812388e-01
2.813208e-01
2.814571e-01
2.815951e-01
2.816799e-01
2.818640e-01
2.819352e-01
2.820372e-01
2.821849e-01
2.822597e-01
2.824260e-01
2.828885e-01
2.829900e-01
2.831803e-01
2.833219e-01
2.834831e-01
2.836279e-01
2.837280e-01
2.838136e-01
2.839427e-01
2.840105e-01
2.842499e-01
2.843835e-01
2.844913e-01
2.847849e-01
2.848351e-01
2.849466e-01
2.852429e-01
2.853575e-01
2.855534e-01
2.856101e-01
2.857359e-01
2.858979e-01
2.860751e-01
2.860936e-01
2.862972e-01
2.865241e-01
2.866352e-01
2.868890e-01
2.870945e-01
2.871794e-01
2.873401e-01
2.875854e-01
2.876547e-01
2.876793e-01
2.878165e-01
2.879883e-01
2.881964e-01
2.883087e-01
2.883813e-01
2.886009e-01
2.887364e-01
2.889214e-01
2.891630e-01
2.892453e-01
2.894149e-01
2.896254e-01
2.896529e-01
2.897916e-01
2.898371e-01
2.899867e-01
2.900469e-01
2.901532e-01
2.902179e-01
2.903637e-01
2.904911e-01
2.906806e-01
2.908762e-01
2.910314e-01
2.912207e-01
2.913945e-01
2.916115e-01
2.917346e-01
2.919115e-01
2.919799e-01
2.919994e-01
2.921489e-01
2.923235e-01
2.923714e-01
2.925642e-01
2.926961e-01
2.927753e-01
2.930085e-01
2.931604e-01
2.934089e-01
2.934488e-01
2.935100e-01
2.937379e-01
2.938428e-01
2.940546e-01
2.941901e-01
2.942700e-01
2.943367e-01
2.944212e-01
2.945657e-01
2.946973e-01
2.948016e-01
2.950738e-01
2.952403e-01
2.955071e-01
2.956702e-01
2.957248e-01
2.958800e-01
2.959236e-01
2.961783e-01
2.963799e-01
2.964797e-01
2.966635e-01
2.967448e-01
2.970214e-01
2.970906e-01
2.971993e-01
2.972963e-01
2.973518e-01
2.974503e-01
2.976199e-01
2.977925e-01
2.979839e-01
2.980618e-01
2.983008e-01
2.983153e-01
2.984830e-01
2.988364e-01
2.990061e-01
2.990627e-01
2.991809e-01
2.993638e-01
2.995603e-01
2.997016e-01
2.998604e-01
3.000388e-01
3.001469e-01
3.003055e-01
3.005077e-01
3.006685e-01
3.007188e-01
3.008966e-01
3.009980e-01
3.012627e-01
3.012910e-01
3.015602e-01
3.016412e-01
3.018155e-01
3.019029e-01
3.020540e-01
3.021145e-01
3.024670e-01
3.025879e-01
3.026542e-01
3.028824e-01
3.031268e-01
3.033131e-01
3.034636e-01
3.035497e-01
3.038076e-01
3.038715e-01
3.039441e-01
3.041117e-01
3.042460e-01
3.043188e-01
3.045902e-01
3.047345e-01
3.047948e-01
3.049082e-01
3.051094e-01
3.053383e-01
3.054149e-01
3.054843e-01
3.059160e-01
3.060035e-01
3.061276e-01
3.063553e-01
3.064937e-01
3.066398e-01
3.069387e-01
3.069761e-01
3.071944e-01
3.073833e-01
3.074530e-01
3.075904e-01
3.077633e-01
3.079291e-01
3.081654e-01
3.083193e-01
3.083782e-01
3.084784e-01
3.087990e-01
3.089269e-01
3.090730e-01
3.092545e-01
3.094829e-01
3.095804e-01
3.096450e-01
3.098988e-01
3.100689e-01
3.102960e-01
3.104565e-01
3.105005e-01
3.109278e-01
3.110235e-01
3.111051e-01
3.112689e-01
3.114292e-01
3.114891e-01
3.116225e-01
3.118936e-01
3.120749e-01
3.123875e-01
3.125989e-01
3.126696e-01
3.127454e-01
3.130469e-01
3.131017e-01
3.132585e-01
3.134430e-01
3.135522e-01
3.138389e-01
3.140052e-01
3.142183e-01
3.145527e-01
3.148066e-01
3.149807e-01
3.149919e-01
3.151485e-01
3.154507e-01
3.156463e-01
3.156752e-01
3.158661e-01
3.161281e-01
3.163001e-01
3.165019e-01
3.166224e-01
3.167732e-01
3.170278e-01
3.171215e-01
3.172844e-01
3.174454e-01
3.176282e-01
3.178744e-01
3.180717e-01
3.183434e-01
3.186629e-01
3.188612e-01
3.189203e-01
3.191629e-01
3.193350e-01
3.194999e-01
3.195608e-01
3.198189e-01
3.199692e-01
3.200879e-01
3.202789e-01
3.203594e-01
3.206746e-01
3.209377e-01
3.210573e-01
3.212424e-01
3.214263e-01
3.216050e-01
3.217439e-01
3.218877e-01
3.220911e-01
3.222378e-01
3.224780e-01
3.225395e-01
3.227402e-01
3.229733e-01
3.230567e-01
3.231115e-01
3.233965e-01
3.236402e-01
3.238854e-01
3.241215e-01
3.242081e-01
3.245844e-01
3.246602e-01
3.249331e-01
3.250872e-01
3.251912e-01
3.254002e-01
3.254725e-01
3.257214e-01
3.259896e-01
3.261383e-01
3.263114e-01
3.265410e-01
3.267739e-01
3.268389e-01
3.272470e-01
3.273672e-01
3.275035e-01
3.275735e-01
3.281414e-01
3.283310e-01
3.284483e-01
3.286046e-01
3.289539e-01
3.291572e-01
3.294628e-01
3.299055e-01
3.299927e-01
3.301699e-01
3.302470e-01
3.304540e-01
3.306740e-01
3.307540e-01
3.309819e-01
3.312909e-01
3.314562e-01
3.317042e-01
3.318776e-01
3.320949e-01
3.325690e-01
3.326487e-01
3.327923e-01
3.330202e-01
3.331668e-01
3.333804e-01
3.335078e-01
3.336755e-01
3.337755e-01
3.338448e-01
3.341768e-01
3.344234e-01
3.346199e-01
3.347551e-01
3.348596e-01
3.351831e-01
3.352885e-01
3.354990e-01
3.357326e-01
3.359308e-01
3.360160e-01
3.364378e-01
3.364422e-01
3.367315e-01
3.367951e-01
3.369325e-01
3.373449e-01
3.375367e-01
3.376136e-01
3.378193e-01
3.379586e-01
3.382571e-01
3.383938e-01
3.386288e-01
3.388053e-01
3.389927e-01
3.393087e-01
3.394633e-01
3.395340e-01
3.397253e-01
3.400627e-01
3.401917e-01
3.405035e-01
3.406137e-01
3.408692e-01
3.409722e-01
3.411213e-01
3.413251e-01
3.416653e-01
3.417774e-01
3.419319e-01
3.422231e-01
3.423088e-01
3.427590e-01
3.428404e-01
3.430449e-01
3.431334e-01
3.433954e-01
3.434686e-01
3.438585e-01
3.441179e-01
3.441435e-01
3.442381e-01
3.443921e-01
3.444990e-01
3.450411e-01
3.452016e-01
3.455668e-01
3.456762e-01
3.459485e-01
3.460559e-01
3.462115e-01
3.463748e-01
3.466518e-01
3.469290e-01
3.471091e-01
3.474257e-01
3.481295e-01
3.483031e-01
3.483828e-01
3.488525e-01
3.489822e-01
3.491853e-01
3.492752e-01
3.496199e-01
3.499095e-01
3.500416e-01
3.502119e-01
3.505492e-01
3.506012e-01
3.509950e-01
3.511431e-01
3.513609e-01
3.515870e-01
3.517478e-01
3.521940e-01
3.524467e-01
3.527800e-01
3.528316e-01
3.530956e-01
3.533492e-01
3.535277e-01
3.536722e-01
3.540394e-01
3.542827e-01
3.546679e-01
3.550174e-01
3.551274e-01
3.551827e-01
3.553990e-01
3.555381e-01
3.562774e-01
3.563633e-01
3.566202e-01
3.567961e-01
3.571221e-01
3.574039e-01
3.577413e-01
3.579130e-01
3.580472e-01
3.582154e-01
3.583509e-01
3.587347e-01
3.588672e-01
3.593126e-01
3.593836e-01
3.595321e-01
3.596013e-01
3.599069e-01
3.600762e-01
3.604113e-01
3.606099e-01
3.608996e-01
3.611282e-01
3.612343e-01
3.614945e-01
3.618562e-01
3.620813e-01
3.624439e-01
3.627247e-01
3.629374e-01
3.631417e-01
3.634822e-01
3.636540e-01
3.639297e-01
3.641536e-01
3.642390e-01
3.650358e-01
3.653412e-01
3.658636e-01
3.660655e-01
3.664585e-01
3.666455e-01
3.668279e-01
3.670721e-01
3.674387e-01
3.676073e-01
3.677793e-01
3.681451e-01
3.688589e-01
3.692090e-01
3.694416e-01
3.696723e-01
3.696945e-01
3.698541e-01
3.701119e-01
3.703432e-01
3.706475e-01
3.710282e-01
3.712241e-01
3.718554e-01
3.725363e-01
3.727817e-01
3.730180e-01
3.734355e-01
3.737024e-01
3.740818e-01
3.742408e-01
3.744828e-01
3.751733e-01
3.754113e-01
3.756378e-01
3.759070e-01
3.761649e-01
3.763145e-01
3.765851e-01
3.769759e-01
3.773990e-01
3.775806e-01
3.777037e-01
3.779619e-01
3.781917e-01
3.783613e-01
3.788909e-01
3.790223e-01
3.793743e-01
3.797867e-01
3.798377e-01
3.799429e-01
3.805674e-01
3.808338e-01
3.809528e-01
3.813417e-01
3.815983e-01
3.820055e-01
3.825540e-01
3.827823e-01
3.830577e-01
3.834245e-01
3.835075e-01
3.837362e-01
3.838855e-01
3.841910e-01
3.844330e-01
3.845107e-01
3.848392e-01
3.855526e-01
3.859386e-01
3.863619e-01
3.866299e-01
3.871553e-01
3.872660e-01
3.877398e-01
3.878880e-01
3.884184e-01
3.886684e-01
3.890926e-01
3.895302e-01
3.902546e-01
3.904896e-01
3.906106e-01
3.911246e-01
3.917726e-01
3.918527e-01
3.922995e-01
3.929821e-01
3.932977e-01
3.934180e-01
3.939999e-01
3.940448e-01
3.943076e-01
3.945348e-01
3.949047e-01
3.951229e-01
3.956335e-01
3.964283e-01
3.966934e-01
3.971512e-01
3.977416e-01
3.977802e-01
3.981239e-01
3.983234e-01
3.986639e-01
3.992878e-01
3.997871e-01
3.998866e-01
4.000271e-01
4.003927e-01
4.005467e-01
4.010689e-01
4.013084e-01
4.016993e-01
4.017887e-01
4.021458e-01
4.024869e-01
4.025534e-01
4.029004e-01
4.034882e-01
4.037386e-01
4.041057e-01
4.044581e-01
4.046552e-01
4.052455e-01
4.055622e-01
4.058068e-01
4.061960e-01
4.063352e-01
4.069976e-01
4.074479e-01
4.077333e-01
4.079772e-01
4.086043e-01
4.090453e-01
4.095069e-01
4.101706e-01
4.104925e-01
4.106118e-01
4.111850e-01
4.115704e-01
4.119064e-01
4.122085e-01
4.124231e-01
4.125774e-01
4.127802e-01
4.131349e-01
4.134085e-01
4.137437e-01
4.139307e-01
4.144420e-01
4.147590e-01
4.154474e-01
4.158404e-01
4.160521e-01
4.167650e-01
4.168929e-01
4.172247e-01
4.177430e-01
4.185491e-01
4.190142e-01
4.199370e-01
4.202164e-01
4.205367e-01
4.211746e-01
4.217569e-01
4.218816e-01
4.220980e-01
4.223470e-01
4.231150e-01
4.234785e-01
4.236628e-01
4.239167e-01
4.244903e-01
4.248517e-01
4.254019e-01
4.257236e-01
4.259309e-01
4.266024e-01
4.270203e-01
4.271307e-01
4.274245e-01
4.278052e-01
4.283008e-01
4.286400e-01
4.290168e-01
4.299318e-01
4.301356e-01
4.306303e-01
4.312987e-01
4.317295e-01
4.327031e-01
4.331442e-01
4.333960e-01
4.337057e-01
4.339055e-01
4.341125e-01
4.343233e-01
4.350683e-01
4.364589e-01
4.365598e-01
4.369866e-01
4.372210e-01
4.375800e-01
4.380071e-01
4.382090e-01
4.390960e-01
4.393745e-01
4.402895e-01
4.407446e-01
4.412097e-01
4.419241e-01
4.427146e-01
4.432094e-01
4.437568e-01
4.442439e-01
4.444681e-01
4.455378e-01
4.458537e-01
4.461870e-01
4.470463e-01
4.476640e-01
4.484929e-01
4.488992e-01
4.492749e-01
4.496178e-01
4.503903e-01
4.511169e-01
4.522083e-01
4.523881e-01
4.527982e-01
4.533871e-01
4.538891e-01
4.541379e-01
4.545494e-01
4.551782e-01
4.557184e-01
4.562519e-01
4.566623e-01
4.578728e-01
4.581517e-01
4.588940e-01
4.593240e-01
4.601223e-01
4.604208e-01
4.605907e-01
4.612551e-01
4.627201e-01
4.632188e-01
4.638034e-01
4.649031e-01
4.649354e-01
4.653088e-01
4.654580e-01
4.669200e-01
4.673741e-01
4.677532e-01
4.684203e-01
4.691328e-01
4.693016e-01
4.698701e-01
4.701111e-01
4.710019e-01
4.714970e-01
4.716243e-01
4.723577e-01
4.728053e-01
4.740673e-01
4.742755e-01
4.748111e-01
4.750252e-01
4.761001e-01
4.766217e-01
4.777222e-01
4.778803e-01
4.784181e-01
4.789514e-01
4.791033e-01
4.794259e-01
4.800436e-01
4.805122e-01
4.809951e-01
4.815531e-01
4.822143e-01
4.826502e-01
4.836269e-01
4.847635e-01
4.850111e-01
4.856204e-01
4.861654e-01
4.869354e-01
4.877454e-01
4.879676e-01
4.888027e-01
4.900524e-01
4.909778e-01
4.928356e-01
4.932585e-01
4.939993e-01
4.947362e-01
4.958101e-01
4.966549e-01
4.969765e-01
4.972694e-01
4.978585e-01
4.984652e-01
4.988234e-01
4.995701e-01
4.998500e-01
5.010561e-01
5.012758e-01
5.021087e-01
5.029036e-01
5.043022e-01
5.051305e-01
5.055463e-01
5.060292e-01
5.067509e-01
5.083740e-01
5.092968e-01
5.102797e-01
5.109488e-01
5.120589e-01
5.126992e-01
5.137621e-01
5.141182e-01
5.145859e-01
5.147144e-01
5.159996e-01
5.169138e-01
5.176745e-01
5.187324e-01
5.206704e-01
5.213029e-01
5.218477e-01
5.221625e-01
5.226253e-01
5.229646e-01
5.248393e-01
5.261545e-01
5.265785e-01
5.279504e-01
5.299488e-01
5.307857e-01
5.310351e-01
5.340361e-01
5.349052e-01
5.357765e-01
5.372788e-01
5.380686e-01
5.399378e-01
5.412647e-01
5.420386e-01
5.427185e-01
5.438536e-01
5.451373e-01
5.460789e-01
5.461102e-01
5.472088e-01
5.480710e-01
5.492037e-01
5.508413e-01
5.512822e-01
5.519335e-01
5.530509e-01
5.541795e-01
5.562092e-01
5.576213e-01
5.585209e-01
5.592319e-01
5.596661e-01
5.615861e-01
5.621283e-01
5.633147e-01
5.646236e-01
5.650298e-01
5.661439e-01
5.689834e-01
5.697650e-01
5.713635e-01
5.720053e-01
5.737846e-01
5.747726e-01
5.752990e-01
5.758877e-01
5.779969e-01
5.787642e-01
5.807687e-01
5.815339e-01
5.816069e-01
5.825666e-01
5.868794e-01
5.873217e-01
5.917050e-01
5.927473e-01
5.934796e-01
5.939453e-01
5.958672e-01
5.965582e-01
5.987024e-01
5.999696e-01
6.036608e-01
6.038198e-01
6.046020e-01
6.099506e-01
6.120273e-01
6.138399e-01
6.147944e-01
6.160637e-01
6.185516e-01
6.195842e-01
6.241897e-01
6.248273e-01
6.258316e-01
6.268062e-01
6.296797e-01
6.333528e-01
6.368467e-01
6.376038e-01
6.398915e-01
6.417204e-01
6.425542e-01
6.441891e-01
6.487028e-01
6.498426e-01
6.539739e-01
6.626278e-01
6.649191e-01
6.665953e-01
6.718860e-01
6.768923e-01
6.799150e-01
6.838380e-01
6.925203e-01
6.934851e-01
6.963864e-01
6.988613e-01
7.016648e-01
7.036161e-01
7.082347e-01
7.115838e-01
7.138234e-01
7.170759e-01
7.229831e-01
7.256160e-01
7.264112e-01
7.312413e-01
7.349779e-01
7.387494e-01
7.415279e-01
7.443122e-01
7.564041e-01
7.622959e-01
7.637606e-01
7.695165e-01
7.854518e-01
7.923617e-01
7.966141e-01
8.186024e-01
8.189879e-01
8.305252e-01
8.358031e-01
8.367124e-01
8.455361e-01
8.502905e-01
8.626318e-01
8.814577e-01
9.353114e-01
9.409598e-01
9.462249e-01
9.643369e-01
9.888107e-01
1.000000e+00
