# SF-29 N2 candidate (i) i1 field=lester2021 eps=0.25 N=16: sorted relative singular values of the dense central-FD Jacobian at the converged state (rows F_i=-q(L_i-S_i); outlet rows (2q/h)(vperp_in-c_perp); smax=2.610259e+03)
8.109893e-04
8.437091e-04
8.482173e-04
8.562346e-04
8.566596e-04
8.582024e-04
8.603670e-04
8.648810e-04
8.689574e-04
8.785315e-04
8.805036e-04
8.859400e-04
8.888296e-04
9.033493e-04
9.225804e-04
9.288864e-04
9.311552e-04
9.356730e-04
9.447920e-04
9.600042e-04
1.006477e-03
1.007092e-03
1.066286e-03
1.066982e-03
1.133576e-03
1.133686e-03
1.172709e-03
1.174058e-03
1.330873e-03
1.330879e-03
1.361038e-03
1.367654e-03
1.368879e-03
1.371917e-03
1.390380e-03
1.398261e-03
2.687145e-03
2.688792e-03
2.799766e-03
2.800765e-03
2.863002e-03
2.863203e-03
2.993503e-03
2.997126e-03
4.996279e-03
4.996311e-03
5.006896e-03
5.007006e-03
5.016795e-03
5.019069e-03
5.024635e-03
5.026661e-03
7.323914e-03
7.334552e-03
7.339722e-03
7.376354e-03
7.406758e-03
7.495592e-03
7.529767e-03
7.561995e-03
7.561996e-03
7.582900e-03
7.593904e-03
7.633532e-03
7.679047e-03
7.682495e-03
7.709637e-03
7.711635e-03
7.730556e-03
7.740573e-03
7.760632e-03
7.764063e-03
7.767422e-03
7.772251e-03
7.777543e-03
7.799636e-03
7.820993e-03
7.822174e-03
7.889002e-03
7.896927e-03
7.956492e-03
7.986204e-03
8.005210e-03
8.040017e-03
8.044818e-03
8.056077e-03
8.082958e-03
8.126585e-03
8.203586e-03
8.225091e-03
8.242211e-03
8.264149e-03
8.267023e-03
8.287023e-03
8.337032e-03
8.374227e-03
8.375551e-03
8.460698e-03
8.707051e-03
8.709073e-03
9.407477e-03
9.423729e-03
9.568847e-03
9.575225e-03
9.884852e-03
9.893419e-03
1.004223e-02
1.005262e-02
1.008865e-02
1.008872e-02
1.013479e-02
1.014766e-02
1.029763e-02
1.029801e-02
1.034912e-02
1.035462e-02
1.193689e-02
1.193748e-02
1.194077e-02
1.194521e-02
1.202295e-02
1.202398e-02
1.203962e-02
1.204476e-02
1.207600e-02
1.220239e-02
1.220917e-02
1.230513e-02
1.242725e-02
1.245895e-02
1.250820e-02
1.275976e-02
1.313349e-02
1.352937e-02
1.364469e-02
1.369619e-02
1.373175e-02
1.381244e-02
1.384704e-02
1.387504e-02
1.399349e-02
1.408152e-02
1.409308e-02
1.410833e-02
1.421607e-02
1.437417e-02
1.443418e-02
1.444722e-02
1.444905e-02
1.449492e-02
1.450532e-02
1.452643e-02
1.458980e-02
1.460280e-02
1.476617e-02
1.494924e-02
1.503183e-02
1.503197e-02
1.558933e-02
1.559357e-02
1.580522e-02
1.580536e-02
1.602623e-02
1.603031e-02
1.699294e-02
1.699560e-02
1.718948e-02
1.719514e-02
1.722700e-02
1.723699e-02
1.726212e-02
1.726225e-02
1.729130e-02
1.730064e-02
1.750453e-02
1.750575e-02
1.915550e-02
1.917806e-02
1.938858e-02
1.943673e-02
1.951418e-02
1.954304e-02
1.955310e-02
1.975760e-02
2.011680e-02
2.018147e-02
2.044353e-02
2.050821e-02
2.081722e-02
2.097936e-02
2.104955e-02
2.119077e-02
2.119195e-02
2.120551e-02
2.125424e-02
2.125433e-02
2.126341e-02
2.128298e-02
2.133847e-02
2.135002e-02
2.135464e-02
2.136915e-02
2.139006e-02
2.140924e-02
2.141387e-02
2.141460e-02
2.141920e-02
2.144520e-02
2.153808e-02
2.155104e-02
2.155533e-02
2.160011e-02
2.160443e-02
2.163128e-02
2.166179e-02
2.174645e-02
2.175225e-02
2.177289e-02
2.180472e-02
2.185955e-02
2.195336e-02
2.197925e-02
2.198471e-02
2.201591e-02
2.202063e-02
2.206110e-02
2.217403e-02
2.221960e-02
2.224945e-02
2.225174e-02
2.228451e-02
2.230769e-02
2.270997e-02
2.278352e-02
2.279668e-02
2.287051e-02
2.308807e-02
2.310601e-02
2.319280e-02
2.321842e-02
2.329097e-02
2.342583e-02
2.357797e-02
2.362779e-02
2.368058e-02
2.377408e-02
2.405434e-02
2.406797e-02
2.417406e-02
2.418205e-02
2.451858e-02
2.451888e-02
2.453470e-02
2.453518e-02
2.497292e-02
2.497498e-02
2.515220e-02
2.515287e-02
2.538834e-02
2.539301e-02
2.556586e-02
2.564477e-02
2.565578e-02
2.566519e-02
2.568084e-02
2.573507e-02
2.576968e-02
2.576976e-02
2.580578e-02
2.580801e-02
2.603977e-02
2.604007e-02
2.841807e-02
2.841839e-02
2.851050e-02
2.851588e-02
2.853022e-02
2.853609e-02
2.859022e-02
2.861209e-02
2.899836e-02
2.899934e-02
2.923469e-02
2.923557e-02
3.043847e-02
3.044106e-02
3.048603e-02
3.051414e-02
3.054782e-02
3.056832e-02
3.058334e-02
3.059075e-02
3.239358e-02
3.239596e-02
3.241105e-02
3.241331e-02
3.281159e-02
3.290557e-02
3.292783e-02
3.299176e-02
3.303749e-02
3.307610e-02
3.312242e-02
3.313671e-02
3.315372e-02
3.315758e-02
3.370740e-02
3.370814e-02
3.371256e-02
3.371456e-02
3.405636e-02
3.416184e-02
3.430491e-02
3.430530e-02
3.433460e-02
3.437666e-02
3.454875e-02
3.462109e-02
3.463152e-02
3.471290e-02
3.477514e-02
3.478402e-02
3.479961e-02
3.485543e-02
3.494820e-02
3.501012e-02
3.502907e-02
3.503854e-02
3.509047e-02
3.510784e-02
3.521886e-02
3.525087e-02
3.525792e-02
3.529037e-02
3.530405e-02
3.534966e-02
3.537011e-02
3.538875e-02
3.556610e-02
3.557598e-02
3.746959e-02
3.747076e-02
3.764098e-02
3.764459e-02
3.776444e-02
3.776874e-02
3.794641e-02
3.794682e-02
3.981916e-02
3.982479e-02
3.996259e-02
3.996392e-02
4.104349e-02
4.114385e-02
4.114968e-02
4.116106e-02
4.116438e-02
4.122448e-02
4.122738e-02
4.139523e-02
4.144515e-02
4.154631e-02
4.155006e-02
4.156144e-02
4.158206e-02
4.159473e-02
4.163654e-02
4.175425e-02
4.180331e-02
4.180622e-02
4.180932e-02
4.186775e-02
4.197400e-02
4.199669e-02
4.199675e-02
4.203295e-02
4.203492e-02
4.206618e-02
4.207517e-02
4.207942e-02
4.208291e-02
4.209609e-02
4.213106e-02
4.214584e-02
4.220465e-02
4.220672e-02
4.228950e-02
4.230551e-02
4.235181e-02
4.239157e-02
4.241745e-02
4.246405e-02
4.248627e-02
4.254573e-02
4.255428e-02
4.262791e-02
4.342817e-02
4.348699e-02
4.351536e-02
4.362812e-02
4.374924e-02
4.386405e-02
4.387510e-02
4.391923e-02
4.407634e-02
4.432308e-02
4.454237e-02
4.454425e-02
4.489888e-02
4.490489e-02
4.503595e-02
4.511345e-02
4.513063e-02
4.527733e-02
4.532320e-02
4.533687e-02
4.536474e-02
4.536848e-02
4.538557e-02
4.544459e-02
4.548389e-02
4.549057e-02
4.564465e-02
4.570810e-02
4.571008e-02
4.571595e-02
4.574390e-02
4.582359e-02
4.582486e-02
4.611836e-02
4.656634e-02
4.657235e-02
4.663081e-02
4.663145e-02
4.666491e-02
4.669919e-02
4.673314e-02
4.673358e-02
4.710721e-02
4.711839e-02
4.741253e-02
4.745428e-02
4.756937e-02
4.760455e-02
4.805976e-02
4.812796e-02
4.828512e-02
4.836249e-02
4.850012e-02
4.858093e-02
4.858232e-02
4.865301e-02
4.868025e-02
4.874338e-02
4.875236e-02
4.882254e-02
4.883006e-02
4.902313e-02
4.915483e-02
4.921944e-02
4.926701e-02
4.936812e-02
4.937146e-02
4.959186e-02
5.071139e-02
5.071142e-02
5.080916e-02
5.080932e-02
5.184872e-02
5.186751e-02
5.196002e-02
5.202637e-02
5.212039e-02
5.214189e-02
5.218340e-02
5.220529e-02
5.227840e-02
5.232892e-02
5.253850e-02
5.260050e-02
5.280439e-02
5.285488e-02
5.287219e-02
5.287838e-02
5.291922e-02
5.292802e-02
5.326118e-02
5.329372e-02
5.348151e-02
5.352903e-02
5.386264e-02
5.389558e-02
5.392402e-02
5.407027e-02
5.421972e-02
5.445140e-02
5.449523e-02
5.459483e-02
5.478376e-02
5.483150e-02
5.491562e-02
5.518078e-02
5.523783e-02
5.529035e-02
5.534905e-02
5.546040e-02
5.548389e-02
5.549787e-02
5.550339e-02
5.555177e-02
5.572430e-02
5.573285e-02
5.595622e-02
5.600864e-02
5.606475e-02
5.606616e-02
5.609805e-02
5.610270e-02
5.672264e-02
5.680736e-02
5.780255e-02
5.780436e-02
5.789079e-02
5.790479e-02
5.797856e-02
5.798976e-02
5.810729e-02
5.814767e-02
5.817172e-02
5.818650e-02
5.823778e-02
5.824451e-02
5.857085e-02
5.861417e-02
5.868038e-02
5.868890e-02
5.955969e-02
5.978862e-02
6.096530e-02
6.096792e-02
6.098191e-02
6.116628e-02
6.126784e-02
6.127617e-02
6.177322e-02
6.181140e-02
6.224283e-02
6.224283e-02
6.225212e-02
6.225220e-02
6.269953e-02
6.277551e-02
6.295962e-02
6.306504e-02
6.317932e-02
6.327827e-02
6.335429e-02
6.335611e-02
6.336608e-02
6.336677e-02
6.503029e-02
6.506018e-02
6.507190e-02
6.520983e-02
6.525127e-02
6.526111e-02
6.542941e-02
6.631380e-02
6.632412e-02
6.647487e-02
6.648675e-02
6.661935e-02
6.716533e-02
6.723694e-02
6.727242e-02
6.737897e-02
6.744802e-02
6.749830e-02
6.753245e-02
6.760429e-02
6.763268e-02
6.764064e-02
6.767001e-02
6.769340e-02
6.770966e-02
6.771885e-02
6.775161e-02
6.779516e-02
6.783358e-02
6.794336e-02
6.796110e-02
6.796788e-02
6.808065e-02
6.808353e-02
6.810293e-02
6.812060e-02
6.813294e-02
6.821112e-02
6.825809e-02
6.826840e-02
6.835159e-02
6.837375e-02
6.839481e-02
6.844326e-02
6.846272e-02
6.846973e-02
6.851140e-02
6.851286e-02
6.852753e-02
6.856309e-02
6.859244e-02
6.877612e-02
6.885210e-02
6.885240e-02
6.892287e-02
6.895616e-02
6.898497e-02
6.900274e-02
6.906412e-02
6.933522e-02
6.943672e-02
6.945428e-02
6.950030e-02
6.967207e-02
6.978626e-02
6.988493e-02
7.004301e-02
7.007522e-02
7.017156e-02
7.037835e-02
7.070311e-02
7.083447e-02
7.205816e-02
7.208015e-02
7.234496e-02
7.235923e-02
7.250450e-02
7.256154e-02
7.266751e-02
7.289399e-02
7.296848e-02
7.297920e-02
7.299393e-02
7.303724e-02
7.313173e-02
7.314956e-02
7.319801e-02
7.321251e-02
7.338466e-02
7.349128e-02
7.352299e-02
7.360084e-02
7.365345e-02
7.376894e-02
7.380972e-02
7.381031e-02
7.401835e-02
7.402421e-02
7.411644e-02
7.422710e-02
7.428837e-02
7.435772e-02
7.436326e-02
7.449791e-02
7.450611e-02
7.451850e-02
7.452779e-02
7.452881e-02
7.462242e-02
7.463145e-02
7.463527e-02
7.464792e-02
7.469557e-02
7.476801e-02
7.478144e-02
7.482738e-02
7.482914e-02
7.503710e-02
7.528114e-02
7.534418e-02
7.536351e-02
7.537172e-02
7.566077e-02
7.570974e-02
7.576607e-02
7.603058e-02
7.611781e-02
7.614586e-02
7.616808e-02
7.621439e-02
7.623615e-02
7.639921e-02
7.642510e-02
7.652700e-02
7.654354e-02
7.660664e-02
7.677778e-02
7.698602e-02
7.702179e-02
7.716550e-02
7.716956e-02
7.719893e-02
7.725353e-02
7.728654e-02
7.741821e-02
7.758448e-02
7.764015e-02
7.803566e-02
7.806459e-02
7.824752e-02
7.855203e-02
7.882030e-02
7.892169e-02
7.902507e-02
7.912360e-02
7.921737e-02
7.927160e-02
7.931642e-02
7.940405e-02
7.941912e-02
7.964046e-02
7.983570e-02
8.008773e-02
8.026930e-02
8.036708e-02
8.062301e-02
8.074436e-02
8.099306e-02
8.101954e-02
8.118274e-02
8.120395e-02
8.127282e-02
8.128519e-02
8.148353e-02
8.155320e-02
8.169232e-02
8.182194e-02
8.184995e-02
8.190445e-02
8.190479e-02
8.204394e-02
8.210935e-02
8.211360e-02
8.215423e-02
8.278417e-02
8.299058e-02
8.302806e-02
8.319841e-02
8.322849e-02
8.329302e-02
8.332144e-02
8.337833e-02
8.388680e-02
8.390783e-02
8.400181e-02
8.402641e-02
8.408976e-02
8.413056e-02
8.432154e-02
8.433244e-02
8.441019e-02
8.441895e-02
8.443081e-02
8.444935e-02
8.448184e-02
8.449721e-02
8.450519e-02
8.451580e-02
8.728800e-02
8.731851e-02
8.734690e-02
8.740375e-02
8.780653e-02
8.790409e-02
8.794728e-02
8.800455e-02
8.800575e-02
8.800941e-02
8.815716e-02
8.832169e-02
8.838624e-02
8.854298e-02
8.861637e-02
8.862631e-02
8.873616e-02
8.875154e-02
8.878670e-02
8.883113e-02
8.921520e-02
8.924603e-02
8.932255e-02
8.937537e-02
8.939568e-02
8.941012e-02
8.942156e-02
8.949573e-02
8.951781e-02
8.951784e-02
8.952652e-02
8.952659e-02
9.016686e-02
9.026636e-02
9.033268e-02
9.040698e-02
9.049683e-02
9.056088e-02
9.132721e-02
9.276086e-02
9.318962e-02
9.320494e-02
9.396115e-02
9.403858e-02
9.410635e-02
9.414255e-02
9.414876e-02
9.419037e-02
9.422160e-02
9.436057e-02
9.442380e-02
9.442743e-02
9.453709e-02
9.453842e-02
9.473311e-02
9.474003e-02
9.522931e-02
9.523128e-02
9.524375e-02
9.524397e-02
9.606371e-02
9.619416e-02
9.643675e-02
9.647263e-02
9.647555e-02
9.650056e-02
9.655690e-02
9.657323e-02
9.661837e-02
9.748649e-02
9.751687e-02
9.779952e-02
9.780113e-02
9.785240e-02
9.785258e-02
9.806689e-02
9.806706e-02
9.807655e-02
9.809359e-02
9.890838e-02
9.902955e-02
9.918597e-02
9.920127e-02
9.929788e-02
9.938125e-02
9.939052e-02
9.939985e-02
9.946551e-02
9.951851e-02
9.954593e-02
9.964390e-02
9.966357e-02
9.974349e-02
9.975551e-02
9.975675e-02
9.977930e-02
9.978147e-02
9.992990e-02
9.993192e-02
9.997560e-02
1.000439e-01
1.001676e-01
1.001778e-01
1.001787e-01
1.002121e-01
1.004131e-01
1.005116e-01
1.005510e-01
1.006580e-01
1.007047e-01
1.007658e-01
1.008163e-01
1.008295e-01
1.011582e-01
1.011948e-01
1.012142e-01
1.012489e-01
1.012760e-01
1.012809e-01
1.013351e-01
1.013961e-01
1.014191e-01
1.014657e-01
1.015481e-01
1.017137e-01
1.017173e-01
1.017226e-01
1.017685e-01
1.018318e-01
1.018470e-01
1.019317e-01
1.019320e-01
1.019761e-01
1.019848e-01
1.022083e-01
1.022421e-01
1.037038e-01
1.037077e-01
1.037092e-01
1.037407e-01
1.038860e-01
1.038978e-01
1.039298e-01
1.039795e-01
1.040365e-01
1.041210e-01
1.041493e-01
1.042258e-01
1.043492e-01
1.045037e-01
1.046245e-01
1.047909e-01
1.053060e-01
1.053136e-01
1.053511e-01
1.053514e-01
1.059229e-01
1.059233e-01
1.064053e-01
1.065188e-01
1.066030e-01
1.067156e-01
1.067867e-01
1.068036e-01
1.068106e-01
1.068346e-01
1.068882e-01
1.070159e-01
1.070778e-01
1.071122e-01
1.071303e-01
1.073717e-01
1.074519e-01
1.074577e-01
1.074614e-01
1.075038e-01
1.075218e-01
1.076095e-01
1.076144e-01
1.076342e-01
1.076429e-01
1.076694e-01
1.077293e-01
1.077368e-01
1.077626e-01
1.077987e-01
1.078510e-01
1.078707e-01
1.079648e-01
1.079899e-01
1.080357e-01
1.080603e-01
1.080905e-01
1.081832e-01
1.082256e-01
1.084959e-01
1.085248e-01
1.085303e-01
1.085602e-01
1.085961e-01
1.086134e-01
1.087417e-01
1.088353e-01
1.090320e-01
1.092570e-01
1.092651e-01
1.098715e-01
1.098755e-01
1.098806e-01
1.102208e-01
1.104192e-01
1.104250e-01
1.104623e-01
1.106037e-01
1.107619e-01
1.107740e-01
1.110288e-01
1.111210e-01
1.112983e-01
1.113574e-01
1.116519e-01
1.117892e-01
1.123037e-01
1.125408e-01
1.125412e-01
1.125770e-01
1.126457e-01
1.126542e-01
1.129879e-01
1.130561e-01
1.131727e-01
1.133439e-01
1.137456e-01
1.139349e-01
1.139890e-01
1.140404e-01
1.147895e-01
1.148793e-01
1.151201e-01
1.151632e-01
1.152782e-01
1.153274e-01
1.153785e-01
1.154417e-01
1.154650e-01
1.155954e-01
1.156476e-01
1.158910e-01
1.159620e-01
1.160180e-01
1.160790e-01
1.161052e-01
1.161346e-01
1.162191e-01
1.162428e-01
1.162773e-01
1.170937e-01
1.172385e-01
1.173139e-01
1.173771e-01
1.178700e-01
1.178776e-01
1.179213e-01
1.179424e-01
1.180732e-01
1.185155e-01
1.188544e-01
1.188799e-01
1.189042e-01
1.189068e-01
1.189555e-01
1.189716e-01
1.191300e-01
1.192854e-01
1.192854e-01
1.193094e-01
1.194000e-01
1.194469e-01
1.194476e-01
1.195162e-01
1.195216e-01
1.195393e-01
1.195895e-01
1.199504e-01
1.200072e-01
1.201936e-01
1.202011e-01
1.205997e-01
1.208131e-01
1.208597e-01
1.208723e-01
1.208766e-01
1.209257e-01
1.210005e-01
1.211366e-01
1.212366e-01
1.212374e-01
1.212388e-01
1.213295e-01
1.213436e-01
1.213502e-01
1.213700e-01
1.214208e-01
1.214931e-01
1.216622e-01
1.217268e-01
1.221452e-01
1.222097e-01
1.222291e-01
1.222892e-01
1.223883e-01
1.224736e-01
1.225029e-01
1.226007e-01
1.226352e-01
1.228393e-01
1.230194e-01
1.232826e-01
1.233232e-01
1.233304e-01
1.236764e-01
1.237169e-01
1.237811e-01
1.238048e-01
1.240986e-01
1.242979e-01
1.243629e-01
1.247776e-01
1.247796e-01
1.248206e-01
1.248221e-01
1.251975e-01
1.252020e-01
1.252712e-01
1.252891e-01
1.254336e-01
1.254741e-01
1.255048e-01
1.255483e-01
1.255521e-01
1.255568e-01
1.255866e-01
1.256612e-01
1.257138e-01
1.257389e-01
1.257983e-01
1.259354e-01
1.259617e-01
1.260354e-01
1.261623e-01
1.262486e-01
1.264761e-01
1.264796e-01
1.280535e-01
1.281241e-01
1.286417e-01
1.286443e-01
1.299743e-01
1.304861e-01
1.304876e-01
1.306191e-01
1.306270e-01
1.307445e-01
1.307448e-01
1.314613e-01
1.314686e-01
1.320482e-01
1.321018e-01
1.324089e-01
1.324553e-01
1.324772e-01
1.324811e-01
1.324948e-01
1.327541e-01
1.327561e-01
1.327933e-01
1.330338e-01
1.330360e-01
1.331588e-01
1.333340e-01
1.333482e-01
1.333491e-01
1.333655e-01
1.334047e-01
1.334578e-01
1.334658e-01
1.336266e-01
1.336631e-01
1.336649e-01
1.338051e-01
1.338119e-01
1.341975e-01
1.342611e-01
1.343729e-01
1.344132e-01
1.345248e-01
1.345437e-01
1.347012e-01
1.347237e-01
1.347758e-01
1.348361e-01
1.348677e-01
1.349148e-01
1.350007e-01
1.350519e-01
1.351003e-01
1.351332e-01
1.351772e-01
1.351917e-01
1.352527e-01
1.352962e-01
1.353117e-01
1.353904e-01
1.354343e-01
1.354796e-01
1.355086e-01
1.355888e-01
1.357065e-01
1.357681e-01
1.359099e-01
1.359760e-01
1.360094e-01
1.360470e-01
1.361281e-01
1.361963e-01
1.363044e-01
1.363819e-01
1.364036e-01
1.364041e-01
1.364795e-01
1.365573e-01
1.366318e-01
1.366909e-01
1.367155e-01
1.367655e-01
1.368258e-01
1.368258e-01
1.368782e-01
1.369031e-01
1.369638e-01
1.369832e-01
1.370016e-01
1.370183e-01
1.370351e-01
1.371374e-01
1.372101e-01
1.372104e-01
1.372269e-01
1.372293e-01
1.373571e-01
1.373751e-01
1.373958e-01
1.374734e-01
1.375239e-01
1.376780e-01
1.376867e-01
1.377497e-01
1.378107e-01
1.378567e-01
1.379732e-01
1.379746e-01
1.379939e-01
1.381002e-01
1.381034e-01
1.381391e-01
1.381400e-01
1.382506e-01
1.383198e-01
1.384514e-01
1.386647e-01
1.386748e-01
1.387441e-01
1.388351e-01
1.388754e-01
1.388909e-01
1.389010e-01
1.389280e-01
1.389290e-01
1.390856e-01
1.391196e-01
1.391255e-01
1.391527e-01
1.393970e-01
1.395556e-01
1.396573e-01
1.397130e-01
1.397306e-01
1.398881e-01
1.399326e-01
1.399362e-01
1.400975e-01
1.402485e-01
1.402495e-01
1.402937e-01
1.404041e-01
1.406260e-01
1.410293e-01
1.410637e-01
1.413727e-01
1.414416e-01
1.416647e-01
1.417003e-01
1.418246e-01
1.419135e-01
1.420239e-01
1.421149e-01
1.421523e-01
1.421711e-01
1.424107e-01
1.425112e-01
1.425469e-01
1.426748e-01
1.427097e-01
1.430133e-01
1.431024e-01
1.432525e-01
1.432723e-01
1.434134e-01
1.434957e-01
1.436013e-01
1.436182e-01
1.436579e-01
1.436729e-01
1.436757e-01
1.437130e-01
1.437234e-01
1.437330e-01
1.440281e-01
1.441091e-01
1.441916e-01
1.442096e-01
1.443178e-01
1.451044e-01
1.451210e-01
1.453576e-01
1.455514e-01
1.455689e-01
1.456276e-01
1.457977e-01
1.459058e-01
1.459109e-01
1.459917e-01
1.460673e-01
1.460904e-01
1.461371e-01
1.462282e-01
1.463011e-01
1.464195e-01
1.464409e-01
1.464889e-01
1.465585e-01
1.465676e-01
1.465842e-01
1.466587e-01
1.466726e-01
1.468631e-01
1.468803e-01
1.469528e-01
1.470376e-01
1.475063e-01
1.475746e-01
1.476528e-01
1.476550e-01
1.476685e-01
1.477577e-01
1.479479e-01
1.480407e-01
1.480804e-01
1.480825e-01
1.483990e-01
1.484100e-01
1.486081e-01
1.487717e-01
1.489055e-01
1.490946e-01
1.491931e-01
1.492498e-01
1.492923e-01
1.495051e-01
1.495609e-01
1.496333e-01
1.496855e-01
1.497226e-01
1.497248e-01
1.497301e-01
1.498682e-01
1.499563e-01
1.500086e-01
1.502018e-01
1.506232e-01
1.507992e-01
1.511780e-01
1.514575e-01
1.514746e-01
1.517620e-01
1.518484e-01
1.518735e-01
1.519137e-01
1.520260e-01
1.522981e-01
1.523355e-01
1.523423e-01
1.523905e-01
1.523941e-01
1.524704e-01
1.525945e-01
1.526430e-01
1.526816e-01
1.527607e-01
1.527781e-01
1.528405e-01
1.529492e-01
1.531280e-01
1.531282e-01
1.531286e-01
1.531854e-01
1.532776e-01
1.533083e-01
1.534104e-01
1.536519e-01
1.537226e-01
1.538635e-01
1.539494e-01
1.540125e-01
1.541880e-01
1.542045e-01
1.542858e-01
1.544316e-01
1.545724e-01
1.546424e-01
1.546453e-01
1.546653e-01
1.548254e-01
1.548375e-01
1.548720e-01
1.548898e-01
1.549549e-01
1.550189e-01
1.550830e-01
1.552217e-01
1.552967e-01
1.556196e-01
1.556442e-01
1.556919e-01
1.561329e-01
1.561521e-01
1.563350e-01
1.565301e-01
1.569505e-01
1.569531e-01
1.571456e-01
1.572287e-01
1.572548e-01
1.572777e-01
1.573798e-01
1.574389e-01
1.575383e-01
1.575569e-01
1.576147e-01
1.576343e-01
1.576680e-01
1.577380e-01
1.578246e-01
1.578272e-01
1.582727e-01
1.583056e-01
1.583476e-01
1.584416e-01
1.586829e-01
1.589264e-01
1.591745e-01
1.593758e-01
1.594109e-01
1.597287e-01
1.597324e-01
1.598183e-01
1.598264e-01
1.600403e-01
1.600423e-01
1.601057e-01
1.601702e-01
1.601872e-01
1.602245e-01
1.602318e-01
1.602527e-01
1.603434e-01
1.603593e-01
1.604854e-01
1.605354e-01
1.606971e-01
1.607251e-01
1.607828e-01
1.607927e-01
1.613883e-01
1.614026e-01
1.615240e-01
1.615669e-01
1.616164e-01
1.617360e-01
1.621979e-01
1.623969e-01
1.624233e-01
1.628391e-01
1.629336e-01
1.629543e-01
1.630164e-01
1.631486e-01
1.631913e-01
1.636019e-01
1.638920e-01
1.639028e-01
1.641240e-01
1.641973e-01
1.642758e-01
1.643136e-01
1.647232e-01
1.647259e-01
1.647533e-01
1.647929e-01
1.648348e-01
1.648607e-01
1.649923e-01
1.651117e-01
1.652192e-01
1.653145e-01
1.653931e-01
1.655488e-01
1.655513e-01
1.655910e-01
1.656036e-01
1.656435e-01
1.657739e-01
1.657873e-01
1.659373e-01
1.659864e-01
1.660538e-01
1.661303e-01
1.661754e-01
1.662030e-01
1.662381e-01
1.662679e-01
1.662797e-01
1.663147e-01
1.663519e-01
1.664588e-01
1.665643e-01
1.666016e-01
1.666270e-01
1.667602e-01
1.667837e-01
1.669174e-01
1.670196e-01
1.670607e-01
1.671007e-01
1.671524e-01
1.672051e-01
1.674944e-01
1.681851e-01
1.682418e-01
1.682521e-01
1.683651e-01
1.683978e-01
1.687232e-01
1.688331e-01
1.689177e-01
1.690446e-01
1.690639e-01
1.690916e-01
1.691754e-01
1.692051e-01
1.692375e-01
1.693086e-01
1.695841e-01
1.696484e-01
1.699233e-01
1.700081e-01
1.701179e-01
1.701981e-01
1.702628e-01
1.705101e-01
1.705170e-01
1.706043e-01
1.706080e-01
1.707448e-01
1.707992e-01
1.709293e-01
1.709831e-01
1.711244e-01
1.712162e-01
1.712212e-01
1.712823e-01
1.712963e-01
1.713406e-01
1.713426e-01
1.715884e-01
1.716319e-01
1.716706e-01
1.716713e-01
1.717969e-01
1.718589e-01
1.720484e-01
1.722166e-01
1.722370e-01
1.722645e-01
1.725709e-01
1.726789e-01
1.726895e-01
1.727688e-01
1.727781e-01
1.728431e-01
1.729447e-01
1.729590e-01
1.730149e-01
1.730392e-01
1.730786e-01
1.731913e-01
1.731924e-01
1.732112e-01
1.732195e-01
1.732667e-01
1.733615e-01
1.734687e-01
1.735254e-01
1.735652e-01
1.736209e-01
1.736238e-01
1.737277e-01
1.738024e-01
1.738297e-01
1.739135e-01
1.739197e-01
1.739344e-01
1.739898e-01
1.740549e-01
1.740635e-01
1.740739e-01
1.740765e-01
1.741116e-01
1.741538e-01
1.741597e-01
1.742555e-01
1.743579e-01
1.744233e-01
1.744566e-01
1.744681e-01
1.745272e-01
1.745551e-01
1.746037e-01
1.746046e-01
1.746228e-01
1.747234e-01
1.747374e-01
1.747412e-01
1.747772e-01
1.747821e-01
1.747887e-01
1.747957e-01
1.749406e-01
1.749657e-01
1.749917e-01
1.750058e-01
1.750714e-01
1.751025e-01
1.752831e-01
1.753134e-01
1.753250e-01
1.753631e-01
1.753792e-01
1.754003e-01
1.754392e-01
1.754449e-01
1.754758e-01
1.754949e-01
1.755118e-01
1.755247e-01
1.755454e-01
1.755695e-01
1.755857e-01
1.756077e-01
1.757149e-01
1.758341e-01
1.758489e-01
1.758738e-01
1.758798e-01
1.759606e-01
1.760253e-01
1.760499e-01
1.760561e-01
1.760643e-01
1.760813e-01
1.761357e-01
1.761459e-01
1.762508e-01
1.762882e-01
1.763476e-01
1.763599e-01
1.763874e-01
1.764043e-01
1.765181e-01
1.765372e-01
1.765682e-01
1.765770e-01
1.766143e-01
1.766414e-01
1.766700e-01
1.767160e-01
1.767674e-01
1.768707e-01
1.769018e-01
1.770133e-01
1.772641e-01
1.773447e-01
1.774207e-01
1.774287e-01
1.774385e-01
1.774410e-01
1.775063e-01
1.776087e-01
1.776477e-01
1.776672e-01
1.776676e-01
1.778295e-01
1.778674e-01
1.779364e-01
1.779667e-01
1.780235e-01
1.780382e-01
1.781749e-01
1.781808e-01
1.783259e-01
1.783474e-01
1.784355e-01
1.784447e-01
1.784949e-01
1.785098e-01
1.785763e-01
1.786255e-01
1.786313e-01
1.786605e-01
1.788534e-01
1.789302e-01
1.789897e-01
1.790028e-01
1.790906e-01
1.791550e-01
1.791673e-01
1.792687e-01
1.793098e-01
1.793294e-01
1.793410e-01
1.793574e-01
1.793630e-01
1.794491e-01
1.794576e-01
1.794780e-01
1.797093e-01
1.797400e-01
1.797905e-01
1.798846e-01
1.799542e-01
1.799733e-01
1.800700e-01
1.800924e-01
1.801929e-01
1.803317e-01
1.803598e-01
1.803924e-01
1.804013e-01
1.804784e-01
1.805179e-01
1.805579e-01
1.806253e-01
1.807325e-01
1.808058e-01
1.808322e-01
1.808722e-01
1.808829e-01
1.809086e-01
1.810176e-01
1.810612e-01
1.810897e-01
1.811053e-01
1.812367e-01
1.813966e-01
1.814689e-01
1.815482e-01
1.816460e-01
1.817098e-01
1.817137e-01
1.817211e-01
1.817772e-01
1.818370e-01
1.818844e-01
1.820437e-01
1.821305e-01
1.821811e-01
1.822904e-01
1.823543e-01
1.824384e-01
1.824441e-01
1.825217e-01
1.825446e-01
1.826269e-01
1.827344e-01
1.829953e-01
1.830137e-01
1.830701e-01
1.831171e-01
1.831540e-01
1.831973e-01
1.832807e-01
1.833047e-01
1.833341e-01
1.833845e-01
1.834004e-01
1.835855e-01
1.836175e-01
1.836220e-01
1.836348e-01
1.836669e-01
1.838334e-01
1.840322e-01
1.841184e-01
1.843066e-01
1.843634e-01
1.844394e-01
1.844934e-01
1.845026e-01
1.845310e-01
1.846059e-01
1.846199e-01
1.847391e-01
1.848574e-01
1.848665e-01
1.851052e-01
1.853209e-01
1.853673e-01
1.856074e-01
1.856264e-01
1.858405e-01
1.858525e-01
1.860689e-01
1.860776e-01
1.861504e-01
1.863168e-01
1.863314e-01
1.863375e-01
1.863715e-01
1.864319e-01
1.864471e-01
1.864548e-01
1.864632e-01
1.865615e-01
1.866506e-01
1.867066e-01
1.868130e-01
1.869934e-01
1.872405e-01
1.872946e-01
1.874686e-01
1.875443e-01
1.876040e-01
1.876942e-01
1.876945e-01
1.878174e-01
1.880721e-01
1.881486e-01
1.882049e-01
1.884920e-01
1.892137e-01
1.892369e-01
1.893409e-01
1.895566e-01
1.899117e-01
1.901860e-01
1.901870e-01
1.902150e-01
1.903163e-01
1.903755e-01
1.904997e-01
1.907153e-01
1.908193e-01
1.910577e-01
1.911497e-01
1.912271e-01
1.913113e-01
1.913985e-01
1.914455e-01
1.916224e-01
1.917892e-01
1.918442e-01
1.919353e-01
1.920236e-01
1.920624e-01
1.920871e-01
1.922750e-01
1.923524e-01
1.923774e-01
1.926784e-01
1.927333e-01
1.928004e-01
1.928245e-01
1.928395e-01
1.930478e-01
1.931510e-01
1.933444e-01
1.933550e-01
1.937140e-01
1.938541e-01
1.938731e-01
1.939452e-01
1.941568e-01
1.941901e-01
1.942085e-01
1.942928e-01
1.944301e-01
1.944835e-01
1.945398e-01
1.947101e-01
1.947338e-01
1.949119e-01
1.950367e-01
1.954701e-01
1.955855e-01
1.956205e-01
1.957077e-01
1.957867e-01
1.958160e-01
1.960058e-01
1.962192e-01
1.962777e-01
1.964755e-01
1.964844e-01
1.966346e-01
1.966708e-01
1.969663e-01
1.971993e-01
1.972359e-01
1.973994e-01
1.974197e-01
1.976121e-01
1.978064e-01
1.978441e-01
1.981883e-01
1.981911e-01
1.986988e-01
1.987055e-01
1.987355e-01
1.987998e-01
1.991129e-01
1.995099e-01
1.995213e-01
1.999800e-01
2.000472e-01
2.001040e-01
2.001407e-01
2.002773e-01
2.003796e-01
2.003975e-01
2.007520e-01
2.009463e-01
2.010251e-01
2.010307e-01
2.011184e-01
2.011498e-01
2.012059e-01
2.015020e-01
2.018150e-01
2.019157e-01
2.019219e-01
2.023767e-01
2.024945e-01
2.031811e-01
2.032069e-01
2.034204e-01
2.035352e-01
2.038089e-01
2.038271e-01
2.038587e-01
2.039090e-01
2.048291e-01
2.048489e-01
2.048853e-01
2.049087e-01
2.051109e-01
2.051933e-01
2.053141e-01
2.054555e-01
2.054928e-01
2.055166e-01
2.057320e-01
2.058808e-01
2.059038e-01
2.059642e-01
2.060063e-01
2.061791e-01
2.062516e-01
2.063108e-01
2.063281e-01
2.063968e-01
2.069285e-01
2.069631e-01
2.071452e-01
2.071822e-01
2.072912e-01
2.075315e-01
2.076009e-01
2.076384e-01
2.076977e-01
2.080335e-01
2.081018e-01
2.081304e-01
2.083508e-01
2.083808e-01
2.084142e-01
2.084731e-01
2.085210e-01
2.086125e-01
2.089165e-01
2.089837e-01
2.091038e-01
2.092968e-01
2.093643e-01
2.093834e-01
2.094493e-01
2.097489e-01
2.099789e-01
2.099971e-01
2.100889e-01
2.101872e-01
2.103004e-01
2.104407e-01
2.104639e-01
2.105538e-01
2.107462e-01
2.108952e-01
2.109635e-01
2.110073e-01
2.110241e-01
2.112943e-01
2.113730e-01
2.113950e-01
2.115233e-01
2.115997e-01
2.116175e-01
2.116854e-01
2.120722e-01
2.121307e-01
2.121521e-01
2.122634e-01
2.124627e-01
2.125296e-01
2.125886e-01
2.126394e-01
2.126508e-01
2.126937e-01
2.127127e-01
2.128187e-01
2.128505e-01
2.128954e-01
2.131131e-01
2.131175e-01
2.132185e-01
2.133148e-01
2.133239e-01
2.133457e-01
2.134144e-01
2.136083e-01
2.140045e-01
2.140186e-01
2.140226e-01
2.141618e-01
2.141882e-01
2.142212e-01
2.144600e-01
2.145994e-01
2.146677e-01
2.147116e-01
2.147273e-01
2.147704e-01
2.148710e-01
2.149684e-01
2.150457e-01
2.150688e-01
2.151476e-01
2.151993e-01
2.155100e-01
2.155220e-01
2.156139e-01
2.156414e-01
2.156686e-01
2.157526e-01
2.158591e-01
2.158682e-01
2.159217e-01
2.159798e-01
2.160320e-01
2.163057e-01
2.163195e-01
2.163935e-01
2.164301e-01
2.166030e-01
2.167156e-01
2.168536e-01
2.171840e-01
2.172385e-01
2.173714e-01
2.175582e-01
2.176923e-01
2.178172e-01
2.179254e-01
2.179649e-01
2.179975e-01
2.181352e-01
2.181885e-01
2.182194e-01
2.183544e-01
2.185846e-01
2.186273e-01
2.187633e-01
2.188197e-01
2.189296e-01
2.189328e-01
2.189668e-01
2.190438e-01
2.190809e-01
2.193250e-01
2.193702e-01
2.193775e-01
2.195717e-01
2.196529e-01
2.196578e-01
2.199593e-01
2.200445e-01
2.200836e-01
2.201074e-01
2.201573e-01
2.203733e-01
2.204000e-01
2.204341e-01
2.206377e-01
2.206849e-01
2.208031e-01
2.209857e-01
2.210474e-01
2.211089e-01
2.212679e-01
2.212942e-01
2.214740e-01
2.214788e-01
2.215248e-01
2.215516e-01
2.215971e-01
2.216139e-01
2.217177e-01
2.218298e-01
2.218394e-01
2.218966e-01
2.219653e-01
2.220571e-01
2.221281e-01
2.222109e-01
2.222586e-01
2.224250e-01
2.225830e-01
2.227007e-01
2.228265e-01
2.230116e-01
2.231265e-01
2.231810e-01
2.235523e-01
2.235555e-01
2.236184e-01
2.238381e-01
2.238645e-01
2.239888e-01
2.240050e-01
2.240778e-01
2.241317e-01
2.243177e-01
2.243983e-01
2.244587e-01
2.245801e-01
2.246396e-01
2.246904e-01
2.248406e-01
2.249543e-01
2.249837e-01
2.251386e-01
2.252501e-01
2.253717e-01
2.254808e-01
2.254940e-01
2.256334e-01
2.256802e-01
2.257337e-01
2.258682e-01
2.259562e-01
2.260977e-01
2.261125e-01
2.261791e-01
2.262159e-01
2.264649e-01
2.264952e-01
2.269609e-01
2.271061e-01
2.271723e-01
2.274967e-01
2.275862e-01
2.280269e-01
2.280549e-01
2.281007e-01
2.281085e-01
2.281357e-01
2.285207e-01
2.286029e-01
2.286071e-01
2.286138e-01
2.290974e-01
2.292899e-01
2.294622e-01
2.295877e-01
2.297053e-01
2.300449e-01
2.301743e-01
2.302883e-01
2.304971e-01
2.305462e-01
2.306338e-01
2.306411e-01
2.306538e-01
2.307877e-01
2.308308e-01
2.308422e-01
2.308901e-01
2.309440e-01
2.311540e-01
2.312286e-01
2.312315e-01
2.312857e-01
2.314960e-01
2.315252e-01
2.316238e-01
2.316388e-01
2.318802e-01
2.319258e-01
2.319528e-01
2.321608e-01
2.321752e-01
2.323414e-01
2.325212e-01
2.325431e-01
2.328357e-01
2.329332e-01
2.330423e-01
2.330727e-01
2.330934e-01
2.331607e-01
2.332107e-01
2.333551e-01
2.335132e-01
2.335321e-01
2.335930e-01
2.337195e-01
2.337323e-01
2.338117e-01
2.338608e-01
2.341009e-01
2.342835e-01
2.345373e-01
2.348519e-01
2.349965e-01
2.350286e-01
2.352521e-01
2.353452e-01
2.354953e-01
2.355501e-01
2.357196e-01
2.357444e-01
2.362389e-01
2.363164e-01
2.364039e-01
2.364177e-01
2.366868e-01
2.367623e-01
2.368917e-01
2.369771e-01
2.369853e-01
2.370651e-01
2.378494e-01
2.380608e-01
2.382161e-01
2.386312e-01
2.386882e-01
2.388758e-01
2.392398e-01
2.393684e-01
2.397267e-01
2.397725e-01
2.398183e-01
2.398565e-01
2.398727e-01
2.399850e-01
2.410172e-01
2.410228e-01
2.412381e-01
2.414290e-01
2.415041e-01
2.416052e-01
2.416870e-01
2.417426e-01
2.419025e-01
2.419581e-01
2.419685e-01
2.420912e-01
2.421130e-01
2.423021e-01
2.424314e-01
2.427538e-01
2.427668e-01
2.428785e-01
2.429823e-01
2.430160e-01
2.430365e-01
2.431714e-01
2.433932e-01
2.435135e-01
2.438746e-01
2.443979e-01
2.445933e-01
2.446320e-01
2.446565e-01
2.450622e-01
2.451665e-01
2.453598e-01
2.453619e-01
2.455663e-01
2.456563e-01
2.458059e-01
2.458213e-01
2.460465e-01
2.460548e-01
2.462462e-01
2.465011e-01
2.465647e-01
2.465975e-01
2.466073e-01
2.466363e-01
2.467027e-01
2.472563e-01
2.472679e-01
2.474889e-01
2.477444e-01
2.480565e-01
2.481132e-01
2.482433e-01
2.483128e-01
2.486022e-01
2.486292e-01
2.486866e-01
2.487131e-01
2.490733e-01
2.491583e-01
2.492062e-01
2.492579e-01
2.494456e-01
2.495796e-01
2.496242e-01
2.496894e-01
2.498665e-01
2.499501e-01
2.499515e-01
2.502715e-01
2.502843e-01
2.504243e-01
2.506303e-01
2.507045e-01
2.507390e-01
2.507797e-01
2.509278e-01
2.509837e-01
2.510165e-01
2.510182e-01
2.510968e-01
2.512836e-01
2.513383e-01
2.514713e-01
2.515386e-01
2.515864e-01
2.516483e-01
2.517038e-01
2.517668e-01
2.518250e-01
2.520313e-01
2.521329e-01
2.522126e-01
2.522689e-01
2.522935e-01
2.523268e-01
2.524133e-01
2.525241e-01
2.525746e-01
2.525918e-01
2.526112e-01
2.528421e-01
2.528596e-01
2.529132e-01
2.530154e-01
2.530282e-01
2.530344e-01
2.531976e-01
2.533656e-01
2.534473e-01
2.534618e-01
2.535032e-01
2.535550e-01
2.535726e-01
2.536123e-01
2.536599e-01
2.537367e-01
2.537752e-01
2.538416e-01
2.538729e-01
2.538929e-01
2.539529e-01
2.539592e-01
2.539619e-01
2.540700e-01
2.540704e-01
2.541327e-01
2.542225e-01
2.543987e-01
2.544172e-01
2.544501e-01
2.544915e-01
2.546386e-01
2.546964e-01
2.547112e-01
2.547440e-01
2.548347e-01
2.548479e-01
2.550599e-01
2.550857e-01
2.550912e-01
2.551327e-01
2.551865e-01
2.553104e-01
2.553173e-01
2.555254e-01
2.556320e-01
2.556491e-01
2.556936e-01
2.561144e-01
2.561742e-01
2.563107e-01
2.563144e-01
2.564213e-01
2.566552e-01
2.567485e-01
2.568000e-01
2.568793e-01
2.569101e-01
2.570409e-01
2.570445e-01
2.571104e-01
2.571182e-01
2.571635e-01
2.572340e-01
2.573709e-01
2.577181e-01
2.577688e-01
2.578253e-01
2.578696e-01
2.579502e-01
2.579721e-01
2.580015e-01
2.581337e-01
2.582258e-01
2.583834e-01
2.583988e-01
2.584297e-01
2.584318e-01
2.585108e-01
2.585172e-01
2.587679e-01
2.588190e-01
2.588746e-01
2.590455e-01
2.590861e-01
2.593108e-01
2.594191e-01
2.594722e-01
2.596559e-01
2.597494e-01
2.598430e-01
2.599559e-01
2.600400e-01
2.601655e-01
2.601859e-01
2.603786e-01
2.604304e-01
2.605238e-01
2.607218e-01
2.609008e-01
2.609849e-01
2.611701e-01
2.612057e-01
2.612611e-01
2.613288e-01
2.616692e-01
2.616972e-01
2.617681e-01
2.619818e-01
2.620233e-01
2.622823e-01
2.623103e-01
2.623353e-01
2.626848e-01
2.626943e-01
2.627455e-01
2.627926e-01
2.629058e-01
2.629464e-01
2.629681e-01
2.630669e-01
2.632281e-01
2.634848e-01
2.635497e-01
2.635894e-01
2.640859e-01
2.640908e-01
2.640974e-01
2.641804e-01
2.642968e-01
2.644414e-01
2.644756e-01
2.645537e-01
2.645812e-01
2.648445e-01
2.648551e-01
2.648748e-01
2.650341e-01
2.651455e-01
2.652665e-01
2.653999e-01
2.654832e-01
2.656420e-01
2.657044e-01
2.657322e-01
2.660474e-01
2.660929e-01
2.661468e-01
2.662517e-01
2.663988e-01
2.664055e-01
2.664554e-01
2.664857e-01
2.668103e-01
2.669174e-01
2.669460e-01
2.670307e-01
2.672009e-01
2.672637e-01
2.673068e-01
2.673125e-01
2.673534e-01
2.673647e-01
2.674807e-01
2.678819e-01
2.681153e-01
2.681650e-01
2.684236e-01
2.684797e-01
2.685256e-01
2.685608e-01
2.685702e-01
2.685974e-01
2.687044e-01
2.688078e-01
2.689490e-01
2.690107e-01
2.693303e-01
2.694453e-01
2.694961e-01
2.695615e-01
2.696149e-01
2.696808e-01
2.697334e-01
2.699760e-01
2.701170e-01
2.701191e-01
2.702890e-01
2.702992e-01
2.703576e-01
2.703829e-01
2.704720e-01
2.706897e-01
2.707289e-01
2.707702e-01
2.708225e-01
2.710334e-01
2.711563e-01
2.712097e-01
2.712440e-01
2.712967e-01
2.714961e-01
2.715664e-01
2.715828e-01
2.715973e-01
2.718397e-01
2.718539e-01
2.720255e-01
2.720937e-01
2.722798e-01
2.723508e-01
2.723551e-01
2.724751e-01
2.725148e-01
2.725746e-01
2.726728e-01
2.727313e-01
2.729258e-01
2.730529e-01
2.730700e-01
2.730829e-01
2.732245e-01
2.732601e-01
2.734298e-01
2.735402e-01
2.737340e-01
2.738299e-01
2.739042e-01
2.739815e-01
2.740442e-01
2.742493e-01
2.744727e-01
2.745245e-01
2.746483e-01
2.746738e-01
2.748519e-01
2.748635e-01
2.750654e-01
2.754749e-01
2.755650e-01
2.755878e-01
2.759076e-01
2.759164e-01
2.760826e-01
2.762170e-01
2.765602e-01
2.768075e-01
2.768113e-01
2.768634e-01
2.769423e-01
2.770721e-01
2.771572e-01
2.772750e-01
2.775506e-01
2.775954e-01
2.777927e-01
2.778501e-01
2.781197e-01
2.781528e-01
2.782884e-01
2.783573e-01
2.785832e-01
2.786801e-01
2.789263e-01
2.789917e-01
2.792405e-01
2.792877e-01
2.795561e-01
2.795909e-01
2.796133e-01
2.797773e-01
2.800460e-01
2.800550e-01
2.801801e-01
2.802338e-01
2.802665e-01
2.803407e-01
2.805527e-01
2.806476e-01
2.807017e-01
2.807319e-01
2.812236e-01
2.813247e-01
2.813594e-01
2.814623e-01
2.816611e-01
2.817207e-01
2.817569e-01
2.818308e-01
2.818388e-01
2.819262e-01
2.820656e-01
2.822434e-01
2.822737e-01
2.822838e-01
2.823881e-01
2.824110e-01
2.825930e-01
2.826228e-01
2.827775e-01
2.829362e-01
2.831232e-01
2.831584e-01
2.831778e-01
2.832394e-01
2.832663e-01
2.833124e-01
2.834169e-01
2.835265e-01
2.835265e-01
2.836542e-01
2.837210e-01
2.838881e-01
2.840698e-01
2.841154e-01
2.841843e-01
2.844825e-01
2.845646e-01
2.845745e-01
2.845981e-01
2.847231e-01
2.847780e-01
2.847970e-01
2.850824e-01
2.851048e-01
2.851152e-01
2.851807e-01
2.851894e-01
2.852172e-01
2.852519e-01
2.855178e-01
2.855280e-01
2.855678e-01
2.855779e-01
2.855999e-01
2.856966e-01
2.858652e-01
2.861297e-01
2.862166e-01
2.862966e-01
2.863543e-01
2.865094e-01
2.865481e-01
2.866415e-01
2.867804e-01
2.868036e-01
2.868486e-01
2.868836e-01
2.869533e-01
2.869824e-01
2.871929e-01
2.873539e-01
2.873754e-01
2.876014e-01
2.877075e-01
2.877129e-01
2.877368e-01
2.877593e-01
2.879534e-01
2.879576e-01
2.879994e-01
2.880354e-01
2.880803e-01
2.882259e-01
2.883404e-01
2.883487e-01
2.885813e-01
2.885832e-01
2.887380e-01
2.888009e-01
2.888792e-01
2.888932e-01
2.891451e-01
2.892811e-01
2.893374e-01
2.893870e-01
2.894899e-01
2.896202e-01
2.897472e-01
2.897529e-01
2.897800e-01
2.898535e-01
2.898761e-01
2.899440e-01
2.900573e-01
2.900860e-01
2.901181e-01
2.903558e-01
2.903714e-01
2.904295e-01
2.904991e-01
2.905550e-01
2.906508e-01
2.906819e-01
2.907401e-01
2.907438e-01
2.909300e-01
2.909531e-01
2.909895e-01
2.910891e-01
2.911407e-01
2.912492e-01
2.912539e-01
2.913656e-01
2.914155e-01
2.914980e-01
2.915326e-01
2.916026e-01
2.917124e-01
2.917373e-01
2.919408e-01
2.920266e-01
2.922252e-01
2.922893e-01
2.924500e-01
2.924612e-01
2.925709e-01
2.926590e-01
2.928954e-01
2.931275e-01
2.931672e-01
2.931905e-01
2.932384e-01
2.934047e-01
2.935135e-01
2.936509e-01
2.937479e-01
2.939132e-01
2.939919e-01
2.940177e-01
2.941162e-01
2.941312e-01
2.942050e-01
2.942290e-01
2.942812e-01
2.943854e-01
2.944017e-01
2.944173e-01
2.944271e-01
2.945134e-01
2.946652e-01
2.947310e-01
2.948079e-01
2.949862e-01
2.950030e-01
2.950061e-01
2.950500e-01
2.950794e-01
2.951759e-01
2.951773e-01
2.954176e-01
2.955110e-01
2.955627e-01
2.956328e-01
2.956406e-01
2.956633e-01
2.958073e-01
2.958241e-01
2.958320e-01
2.959651e-01
2.961615e-01
2.961825e-01
2.962320e-01
2.962747e-01
2.963128e-01
2.963897e-01
2.964995e-01
2.965582e-01
2.966132e-01
2.966690e-01
2.968604e-01
2.969043e-01
2.969571e-01
2.970028e-01
2.970332e-01
2.970699e-01
2.973135e-01
2.973838e-01
2.974645e-01
2.974922e-01
2.975164e-01
2.977297e-01
2.977894e-01
2.978401e-01
2.979829e-01
2.981025e-01
2.981185e-01
2.982261e-01
2.983684e-01
2.983959e-01
2.984389e-01
2.986274e-01
2.986460e-01
2.987432e-01
2.987729e-01
2.987853e-01
2.990088e-01
2.990460e-01
2.992060e-01
2.994102e-01
2.995071e-01
2.995493e-01
2.997442e-01
2.998991e-01
2.999829e-01
3.000846e-01
3.001023e-01
3.001945e-01
3.002595e-01
3.002624e-01
3.002929e-01
3.004482e-01
3.005158e-01
3.005742e-01
3.006876e-01
3.007523e-01
3.008681e-01
3.009087e-01
3.009632e-01
3.011291e-01
3.012446e-01
3.014010e-01
3.014566e-01
3.015809e-01
3.017230e-01
3.019414e-01
3.019897e-01
3.020422e-01
3.020766e-01
3.022820e-01
3.024123e-01
3.025181e-01
3.027079e-01
3.027273e-01
3.027850e-01
3.029177e-01
3.029437e-01
3.031783e-01
3.032459e-01
3.033919e-01
3.035863e-01
3.037459e-01
3.037611e-01
3.038076e-01
3.038668e-01
3.040258e-01
3.041036e-01
3.041202e-01
3.043029e-01
3.044794e-01
3.046794e-01
3.047975e-01
3.048214e-01
3.048221e-01
3.049602e-01
3.050821e-01
3.051177e-01
3.052591e-01
3.053292e-01
3.053837e-01
3.053865e-01
3.055069e-01
3.055344e-01
3.056779e-01
3.058800e-01
3.058981e-01
3.059710e-01
3.059718e-01
3.060127e-01
3.061433e-01
3.061669e-01
3.062845e-01
3.063182e-01
3.064104e-01
3.064344e-01
3.066588e-01
3.066971e-01
3.067397e-01
3.067820e-01
3.067848e-01
3.068085e-01
3.071114e-01
3.071967e-01
3.072710e-01
3.073756e-01
3.074079e-01
3.074917e-01
3.075208e-01
3.077412e-01
3.077670e-01
3.079162e-01
3.079249e-01
3.079859e-01
3.080901e-01
3.082325e-01
3.083207e-01
3.084461e-01
3.084868e-01
3.085197e-01
3.085801e-01
3.086256e-01
3.086814e-01
3.088229e-01
3.088638e-01
3.088845e-01
3.088974e-01
3.089771e-01
3.091342e-01
3.092640e-01
3.093507e-01
3.093753e-01
3.093993e-01
3.095117e-01
3.095810e-01
3.095840e-01
3.097400e-01
3.098117e-01
3.099038e-01
3.099882e-01
3.100863e-01
3.102511e-01
3.103173e-01
3.103807e-01
3.104440e-01
3.105506e-01
3.107845e-01
3.110066e-01
3.110456e-01
3.110880e-01
3.112824e-01
3.113555e-01
3.114822e-01
3.116046e-01
3.116832e-01
3.117458e-01
3.117741e-01
3.117842e-01
3.119377e-01
3.119938e-01
3.120326e-01
3.120433e-01
3.120699e-01
3.121966e-01
3.122362e-01
3.122964e-01
3.124112e-01
3.128103e-01
3.128216e-01
3.128771e-01
3.131014e-01
3.132006e-01
3.132397e-01
3.132829e-01
3.132986e-01
3.133055e-01
3.135966e-01
3.135997e-01
3.137292e-01
3.137390e-01
3.139034e-01
3.139431e-01
3.139781e-01
3.140665e-01
3.141555e-01
3.142005e-01
3.142430e-01
3.143493e-01
3.144185e-01
3.144543e-01
3.146398e-01
3.147668e-01
3.147787e-01
3.149564e-01
3.150397e-01
3.150620e-01
3.151716e-01
3.152973e-01
3.153887e-01
3.155113e-01
3.155291e-01
3.156148e-01
3.156777e-01
3.157559e-01
3.158491e-01
3.159257e-01
3.159897e-01
3.160838e-01
3.162725e-01
3.162827e-01
3.163220e-01
3.163528e-01
3.165040e-01
3.166620e-01
3.167453e-01
3.168306e-01
3.169336e-01
3.171348e-01
3.172253e-01
3.172469e-01
3.173704e-01
3.174377e-01
3.175013e-01
3.177982e-01
3.178808e-01
3.179108e-01
3.180184e-01
3.180209e-01
3.181197e-01
3.183936e-01
3.183993e-01
3.185502e-01
3.186039e-01
3.186657e-01
3.187803e-01
3.188817e-01
3.188919e-01
3.190476e-01
3.191822e-01
3.192845e-01
3.194639e-01
3.198273e-01
3.198318e-01
3.198506e-01
3.199340e-01
3.200230e-01
3.200290e-01
3.201566e-01
3.202444e-01
3.202788e-01
3.203485e-01
3.203723e-01
3.203740e-01
3.206123e-01
3.207957e-01
3.209538e-01
3.210670e-01
3.210869e-01
3.213207e-01
3.213634e-01
3.214441e-01
3.214650e-01
3.214823e-01
3.214893e-01
3.216360e-01
3.217301e-01
3.217483e-01
3.217798e-01
3.219693e-01
3.220440e-01
3.220967e-01
3.220974e-01
3.221323e-01
3.222487e-01
3.222974e-01
3.224077e-01
3.224696e-01
3.225177e-01
3.225429e-01
3.226624e-01
3.227982e-01
3.228472e-01
3.228727e-01
3.229498e-01
3.230596e-01
3.230665e-01
3.231135e-01
3.231204e-01
3.232414e-01
3.232914e-01
3.233189e-01
3.233720e-01
3.234623e-01
3.235890e-01
3.236364e-01
3.237915e-01
3.240306e-01
3.240425e-01
3.241053e-01
3.241337e-01
3.241560e-01
3.243206e-01
3.243557e-01
3.244291e-01
3.244901e-01
3.245292e-01
3.245421e-01
3.246131e-01
3.246618e-01
3.247355e-01
3.247965e-01
3.248595e-01
3.249371e-01
3.250177e-01
3.250246e-01
3.250446e-01
3.252812e-01
3.252893e-01
3.253211e-01
3.254629e-01
3.254851e-01
3.255446e-01
3.255720e-01
3.255800e-01
3.257881e-01
3.257892e-01
3.258049e-01
3.258610e-01
3.259493e-01
3.260409e-01
3.260985e-01
3.261520e-01
3.262200e-01
3.262714e-01
3.263352e-01
3.264319e-01
3.264353e-01
3.265310e-01
3.265991e-01
3.266172e-01
3.266419e-01
3.267188e-01
3.270424e-01
3.270908e-01
3.271386e-01
3.271888e-01
3.272410e-01
3.272473e-01
3.273707e-01
3.274424e-01
3.275314e-01
3.276019e-01
3.276460e-01
3.277291e-01
3.277705e-01
3.278603e-01
3.279063e-01
3.280097e-01
3.282055e-01
3.283267e-01
3.283627e-01
3.285349e-01
3.286396e-01
3.286666e-01
3.287616e-01
3.288594e-01
3.289106e-01
3.289312e-01
3.289482e-01
3.290122e-01
3.290172e-01
3.291409e-01
3.293945e-01
3.294571e-01
3.295580e-01
3.295892e-01
3.296110e-01
3.296381e-01
3.296969e-01
3.297537e-01
3.297604e-01
3.297927e-01
3.298225e-01
3.300382e-01
3.300541e-01
3.301100e-01
3.301390e-01
3.301948e-01
3.303334e-01
3.304430e-01
3.305543e-01
3.305885e-01
3.307113e-01
3.307715e-01
3.308900e-01
3.309008e-01
3.310024e-01
3.310594e-01
3.310701e-01
3.312090e-01
3.312431e-01
3.312834e-01
3.312836e-01
3.313971e-01
3.314633e-01
3.315353e-01
3.316730e-01
3.316737e-01
3.317709e-01
3.319490e-01
3.321059e-01
3.321553e-01
3.322404e-01
3.323581e-01
3.326967e-01
3.327175e-01
3.327850e-01
3.328414e-01
3.329268e-01
3.330111e-01
3.330913e-01
3.330952e-01
3.331926e-01
3.332396e-01
3.333095e-01
3.333188e-01
3.333265e-01
3.334307e-01
3.334858e-01
3.336294e-01
3.337287e-01
3.338156e-01
3.338433e-01
3.339140e-01
3.339627e-01
3.340353e-01
3.341077e-01
3.341270e-01
3.343505e-01
3.343931e-01
3.344828e-01
3.345546e-01
3.345979e-01
3.346677e-01
3.347838e-01
3.347968e-01
3.348823e-01
3.350074e-01
3.351249e-01
3.351705e-01
3.351816e-01
3.351957e-01
3.353152e-01
3.353498e-01
3.353656e-01
3.354165e-01
3.354886e-01
3.355245e-01
3.356134e-01
3.356473e-01
3.356662e-01
3.358455e-01
3.358529e-01
3.359102e-01
3.360235e-01
3.360733e-01
3.361177e-01
3.362902e-01
3.363202e-01
3.365201e-01
3.365310e-01
3.366052e-01
3.366114e-01
3.366421e-01
3.367508e-01
3.367828e-01
3.369426e-01
3.371142e-01
3.371143e-01
3.371289e-01
3.371827e-01
3.373622e-01
3.376319e-01
3.376468e-01
3.376861e-01
3.377985e-01
3.378319e-01
3.378751e-01
3.378888e-01
3.379868e-01
3.380821e-01
3.380822e-01
3.381103e-01
3.382628e-01
3.383628e-01
3.384248e-01
3.384490e-01
3.385374e-01
3.386093e-01
3.386236e-01
3.386305e-01
3.388299e-01
3.389079e-01
3.389466e-01
3.389523e-01
3.390610e-01
3.391383e-01
3.392441e-01
3.393783e-01
3.394740e-01
3.395281e-01
3.395543e-01
3.396009e-01
3.396314e-01
3.396439e-01
3.396809e-01
3.396859e-01
3.397199e-01
3.398518e-01
3.399594e-01
3.400097e-01
3.400267e-01
3.402195e-01
3.402708e-01
3.403874e-01
3.404081e-01
3.404584e-01
3.405209e-01
3.406076e-01
3.406220e-01
3.407809e-01
3.408520e-01
3.409672e-01
3.410997e-01
3.411591e-01
3.411818e-01
3.411992e-01
3.412293e-01
3.413797e-01
3.414402e-01
3.414450e-01
3.414770e-01
3.415416e-01
3.415534e-01
3.416008e-01
3.417657e-01
3.417700e-01
3.417997e-01
3.420777e-01
3.421029e-01
3.422604e-01
3.423561e-01
3.423973e-01
3.424140e-01
3.424232e-01
3.424739e-01
3.426228e-01
3.426527e-01
3.427536e-01
3.427549e-01
3.427839e-01
3.428133e-01
3.428782e-01
3.428863e-01
3.430665e-01
3.432214e-01
3.432592e-01
3.432864e-01
3.434595e-01
3.434632e-01
3.435685e-01
3.436326e-01
3.438226e-01
3.438653e-01
3.439291e-01
3.439361e-01
3.440034e-01
3.440090e-01
3.441292e-01
3.441647e-01
3.443118e-01
3.444921e-01
3.447006e-01
3.449351e-01
3.449571e-01
3.450102e-01
3.450367e-01
3.452178e-01
3.452788e-01
3.453115e-01
3.453760e-01
3.453903e-01
3.454112e-01
3.454754e-01
3.455464e-01
3.456872e-01
3.457879e-01
3.458832e-01
3.458887e-01
3.459350e-01
3.459960e-01
3.460441e-01
3.460517e-01
3.460874e-01
3.462116e-01
3.462502e-01
3.463548e-01
3.463726e-01
3.465628e-01
3.466262e-01
3.466588e-01
3.467691e-01
3.468200e-01
3.468668e-01
3.468859e-01
3.471016e-01
3.471085e-01
3.471088e-01
3.471375e-01
3.473621e-01
3.474200e-01
3.474914e-01
3.475422e-01
3.476218e-01
3.477279e-01
3.477816e-01
3.478082e-01
3.478395e-01
3.478528e-01
3.480130e-01
3.481138e-01
3.481637e-01
3.482870e-01
3.483254e-01
3.483290e-01
3.484193e-01
3.485400e-01
3.485606e-01
3.486252e-01
3.487296e-01
3.487461e-01
3.488131e-01
3.488545e-01
3.488700e-01
3.489005e-01
3.490659e-01
3.490713e-01
3.490860e-01
3.492220e-01
3.494126e-01
3.495112e-01
3.495132e-01
3.495217e-01
3.495802e-01
3.496248e-01
3.496698e-01
3.497235e-01
3.497406e-01
3.498241e-01
3.498572e-01
3.499548e-01
3.499646e-01
3.500181e-01
3.500357e-01
3.502112e-01
3.502418e-01
3.502757e-01
3.502999e-01
3.503180e-01
3.503394e-01
3.503593e-01
3.503819e-01
3.505297e-01
3.506086e-01
3.507268e-01
3.508943e-01
3.509090e-01
3.510619e-01
3.511027e-01
3.511217e-01
3.511966e-01
3.512873e-01
3.513504e-01
3.514056e-01
3.514306e-01
3.514593e-01
3.514964e-01
3.515511e-01
3.516326e-01
3.517070e-01
3.517179e-01
3.518154e-01
3.518458e-01
3.519103e-01
3.520017e-01
3.520217e-01
3.520662e-01
3.522387e-01
3.523360e-01
3.524194e-01
3.525080e-01
3.525679e-01
3.525930e-01
3.526481e-01
3.526930e-01
3.527367e-01
3.528271e-01
3.529366e-01
3.530231e-01
3.530626e-01
3.530642e-01
3.531952e-01
3.533609e-01
3.533879e-01
3.533926e-01
3.534935e-01
3.535519e-01
3.535670e-01
3.536789e-01
3.536837e-01
3.538072e-01
3.538523e-01
3.540083e-01
3.540951e-01
3.542452e-01
3.543980e-01
3.544302e-01
3.544450e-01
3.545667e-01
3.545997e-01
3.546096e-01
3.547283e-01
3.547343e-01
3.548071e-01
3.548624e-01
3.548803e-01
3.549241e-01
3.550229e-01
3.550297e-01
3.550798e-01
3.550988e-01
3.552409e-01
3.554602e-01
3.555052e-01
3.555227e-01
3.555521e-01
3.556858e-01
3.556910e-01
3.556954e-01
3.558151e-01
3.558324e-01
3.559093e-01
3.560929e-01
3.561625e-01
3.561819e-01
3.562054e-01
3.562853e-01
3.563922e-01
3.564037e-01
3.564909e-01
3.565610e-01
3.565839e-01
3.568375e-01
3.569380e-01
3.569811e-01
3.571006e-01
3.572071e-01
3.572216e-01
3.573354e-01
3.575111e-01
3.575408e-01
3.576106e-01
3.577097e-01
3.577128e-01
3.577265e-01
3.580100e-01
3.580716e-01
3.581673e-01
3.581993e-01
3.582020e-01
3.583180e-01
3.583602e-01
3.584075e-01
3.584974e-01
3.586046e-01
3.586297e-01
3.586501e-01
3.586856e-01
3.588581e-01
3.590365e-01
3.590652e-01
3.590718e-01
3.591335e-01
3.592872e-01
3.593551e-01
3.593801e-01
3.594388e-01
3.594550e-01
3.597329e-01
3.597379e-01
3.600031e-01
3.600146e-01
3.600511e-01
3.601219e-01
3.601515e-01
3.601839e-01
3.602675e-01
3.603455e-01
3.603514e-01
3.605188e-01
3.606344e-01
3.606766e-01
3.607077e-01
3.607260e-01
3.608147e-01
3.609302e-01
3.609837e-01
3.610026e-01
3.611776e-01
3.612073e-01
3.613117e-01
3.613435e-01
3.613985e-01
3.614127e-01
3.614712e-01
3.615288e-01
3.616209e-01
3.616706e-01
3.617305e-01
3.618205e-01
3.618468e-01
3.618998e-01
3.620890e-01
3.621971e-01
3.622260e-01
3.623001e-01
3.623732e-01
3.624104e-01
3.625317e-01
3.627050e-01
3.627623e-01
3.628435e-01
3.628771e-01
3.628989e-01
3.629365e-01
3.629514e-01
3.630366e-01
3.631009e-01
3.633301e-01
3.633337e-01
3.633546e-01
3.633607e-01
3.634215e-01
3.635244e-01
3.635857e-01
3.636483e-01
3.639047e-01
3.639126e-01
3.639814e-01
3.639920e-01
3.640443e-01
3.640760e-01
3.642807e-01
3.643196e-01
3.643644e-01
3.643667e-01
3.644341e-01
3.645451e-01
3.645546e-01
3.646097e-01
3.646861e-01
3.647962e-01
3.648445e-01
3.648560e-01
3.649621e-01
3.650345e-01
3.651289e-01
3.652656e-01
3.653126e-01
3.653348e-01
3.654572e-01
3.654808e-01
3.655579e-01
3.656814e-01
3.657303e-01
3.658224e-01
3.658469e-01
3.660132e-01
3.660797e-01
3.661033e-01
3.661170e-01
3.661407e-01
3.661923e-01
3.662344e-01
3.662483e-01
3.663200e-01
3.664381e-01
3.665696e-01
3.665811e-01
3.666190e-01
3.667388e-01
3.668222e-01
3.669028e-01
3.669146e-01
3.669956e-01
3.671213e-01
3.672170e-01
3.672288e-01
3.672965e-01
3.672991e-01
3.673415e-01
3.674774e-01
3.674895e-01
3.677160e-01
3.678089e-01
3.678157e-01
3.678292e-01
3.679217e-01
3.680302e-01
3.680409e-01
3.680418e-01
3.681543e-01
3.682304e-01
3.683983e-01
3.684321e-01
3.684504e-01
3.685736e-01
3.686109e-01
3.686208e-01
3.686421e-01
3.686876e-01
3.687348e-01
3.688209e-01
3.688336e-01
3.688625e-01
3.688686e-01
3.688958e-01
3.689680e-01
3.690824e-01
3.691265e-01
3.691889e-01
3.693052e-01
3.693313e-01
3.693627e-01
3.695498e-01
3.695931e-01
3.696226e-01
3.696439e-01
3.697345e-01
3.697540e-01
3.699293e-01
3.700800e-01
3.700910e-01
3.701150e-01
3.701834e-01
3.702610e-01
3.703491e-01
3.703850e-01
3.704217e-01
3.704606e-01
3.704703e-01
3.705731e-01
3.706667e-01
3.707634e-01
3.708109e-01
3.708110e-01
3.708162e-01
3.708837e-01
3.710149e-01
3.710903e-01
3.711752e-01
3.713423e-01
3.713528e-01
3.713789e-01
3.713947e-01
3.715472e-01
3.715527e-01
3.716300e-01
3.716487e-01
3.717943e-01
3.718730e-01
3.718743e-01
3.719243e-01
3.719254e-01
3.721006e-01
3.721674e-01
3.722137e-01
3.722258e-01
3.723138e-01
3.723581e-01
3.724165e-01
3.726329e-01
3.726635e-01
3.727266e-01
3.728154e-01
3.728905e-01
3.729705e-01
3.730503e-01
3.730563e-01
3.731694e-01
3.732308e-01
3.733201e-01
3.734110e-01
3.734428e-01
3.734452e-01
3.734777e-01
3.736383e-01
3.736692e-01
3.737432e-01
3.737912e-01
3.738314e-01
3.738782e-01
3.738971e-01
3.739549e-01
3.740351e-01
3.741071e-01
3.741098e-01
3.742460e-01
3.742496e-01
3.743115e-01
3.744378e-01
3.744511e-01
3.744657e-01
3.746887e-01
3.746922e-01
3.747023e-01
3.747270e-01
3.747853e-01
3.748678e-01
3.748756e-01
3.749666e-01
3.750045e-01
3.750734e-01
3.751264e-01
3.751767e-01
3.752473e-01
3.752719e-01
3.753590e-01
3.754459e-01
3.754686e-01
3.756584e-01
3.757140e-01
3.757305e-01
3.757896e-01
3.758131e-01
3.759132e-01
3.759326e-01
3.759422e-01
3.759586e-01
3.759913e-01
3.760826e-01
3.761280e-01
3.761991e-01
3.762111e-01
3.764750e-01
3.765460e-01
3.767249e-01
3.767465e-01
3.767799e-01
3.767876e-01
3.768268e-01
3.770031e-01
3.770648e-01
3.771159e-01
3.771868e-01
3.772039e-01
3.772679e-01
3.773078e-01
3.774687e-01
3.774908e-01
3.775886e-01
3.776027e-01
3.776148e-01
3.776601e-01
3.777478e-01
3.777915e-01
3.779476e-01
3.779574e-01
3.779622e-01
3.780968e-01
3.781529e-01
3.782588e-01
3.782779e-01
3.783246e-01
3.783885e-01
3.783966e-01
3.785036e-01
3.785435e-01
3.787019e-01
3.788088e-01
3.788250e-01
3.788446e-01
3.789595e-01
3.789981e-01
3.790793e-01
3.790881e-01
3.791631e-01
3.791777e-01
3.792971e-01
3.794739e-01
3.795421e-01
3.795810e-01
3.797059e-01
3.798479e-01
3.798808e-01
3.798831e-01
3.799705e-01
3.799863e-01
3.800685e-01
3.800796e-01
3.801831e-01
3.802029e-01
3.802163e-01
3.803014e-01
3.803421e-01
3.805455e-01
3.805482e-01
3.805551e-01
3.806139e-01
3.806472e-01
3.806648e-01
3.808094e-01
3.808514e-01
3.808805e-01
3.808987e-01
3.809249e-01
3.809367e-01
3.809985e-01
3.811358e-01
3.812658e-01
3.812681e-01
3.812879e-01
3.813493e-01
3.813810e-01
3.814052e-01
3.815445e-01
3.816866e-01
3.817150e-01
3.817458e-01
3.819395e-01
3.819400e-01
3.819570e-01
3.820647e-01
3.820978e-01
3.821749e-01
3.822478e-01
3.822679e-01
3.823868e-01
3.823898e-01
3.824183e-01
3.826026e-01
3.828046e-01
3.828837e-01
3.829574e-01
3.829664e-01
3.829968e-01
3.830257e-01
3.831229e-01
3.831809e-01
3.832077e-01
3.832216e-01
3.833012e-01
3.833239e-01
3.835184e-01
3.835954e-01
3.836160e-01
3.836840e-01
3.837519e-01
3.838005e-01
3.838063e-01
3.838650e-01
3.839342e-01
3.839422e-01
3.840198e-01
3.841270e-01
3.841655e-01
3.842158e-01
3.843109e-01
3.844710e-01
3.846178e-01
3.846620e-01
3.846838e-01
3.847387e-01
3.847601e-01
3.847757e-01
3.847908e-01
3.849412e-01
3.849498e-01
3.850019e-01
3.850385e-01
3.850578e-01
3.851868e-01
3.852686e-01
3.852774e-01
3.853570e-01
3.853576e-01
3.854396e-01
3.854599e-01
3.854675e-01
3.854791e-01
3.855730e-01
3.856311e-01
3.856609e-01
3.857570e-01
3.858111e-01
3.858203e-01
3.858400e-01
3.859074e-01
3.859169e-01
3.859398e-01
3.861255e-01
3.862413e-01
3.862644e-01
3.862675e-01
3.863547e-01
3.863951e-01
3.864068e-01
3.865138e-01
3.865898e-01
3.866660e-01
3.867102e-01
3.867239e-01
3.867940e-01
3.868150e-01
3.869127e-01
3.869304e-01
3.869744e-01
3.870024e-01
3.871393e-01
3.871516e-01
3.871551e-01
3.871596e-01
3.871798e-01
3.872734e-01
3.873529e-01
3.873812e-01
3.874486e-01
3.874643e-01
3.874711e-01
3.876976e-01
3.877794e-01
3.878135e-01
3.878400e-01
3.880007e-01
3.880504e-01
3.881066e-01
3.881068e-01
3.881323e-01
3.881555e-01
3.882287e-01
3.883255e-01
3.883376e-01
3.884194e-01
3.884802e-01
3.885661e-01
3.885766e-01
3.886438e-01
3.886630e-01
3.888183e-01
3.888490e-01
3.888759e-01
3.889774e-01
3.890897e-01
3.891574e-01
3.891745e-01
3.891763e-01
3.892399e-01
3.892774e-01
3.892813e-01
3.893558e-01
3.894338e-01
3.894806e-01
3.896162e-01
3.896415e-01
3.896764e-01
3.896819e-01
3.897274e-01
3.899573e-01
3.899597e-01
3.900282e-01
3.900960e-01
3.901829e-01
3.901942e-01
3.903789e-01
3.904104e-01
3.904271e-01
3.904421e-01
3.905030e-01
3.905565e-01
3.905852e-01
3.906122e-01
3.906739e-01
3.907847e-01
3.907892e-01
3.908396e-01
3.908995e-01
3.909309e-01
3.910531e-01
3.910773e-01
3.911000e-01
3.911422e-01
3.912440e-01
3.913097e-01
3.913782e-01
3.914283e-01
3.914901e-01
3.915135e-01
3.915209e-01
3.915229e-01
3.916371e-01
3.917107e-01
3.917306e-01
3.917947e-01
3.919928e-01
3.920063e-01
3.920210e-01
3.920371e-01
3.921808e-01
3.922063e-01
3.922520e-01
3.923904e-01
3.923915e-01
3.924295e-01
3.926075e-01
3.927537e-01
3.928206e-01
3.928981e-01
3.929657e-01
3.929675e-01
3.930599e-01
3.930787e-01
3.930874e-01
3.931224e-01
3.931448e-01
3.932352e-01
3.933722e-01
3.933999e-01
3.935281e-01
3.935744e-01
3.936376e-01
3.936776e-01
3.937512e-01
3.937603e-01
3.938193e-01
3.939767e-01
3.940108e-01
3.940184e-01
3.940728e-01
3.941029e-01
3.941188e-01
3.942359e-01
3.944466e-01
3.944639e-01
3.946092e-01
3.946543e-01
3.946955e-01
3.948225e-01
3.948767e-01
3.949031e-01
3.949425e-01
3.949579e-01
3.950731e-01
3.951122e-01
3.951377e-01
3.952874e-01
3.953190e-01
3.954436e-01
3.954720e-01
3.955619e-01
3.956552e-01
3.957177e-01
3.957229e-01
3.958742e-01
3.959082e-01
3.960372e-01
3.960447e-01
3.960656e-01
3.961385e-01
3.961424e-01
3.962288e-01
3.962487e-01
3.963908e-01
3.964053e-01
3.964143e-01
3.964837e-01
3.965357e-01
3.966644e-01
3.967267e-01
3.967362e-01
3.968218e-01
3.968274e-01
3.968296e-01
3.969598e-01
3.971101e-01
3.971357e-01
3.972052e-01
3.972403e-01
3.972820e-01
3.973013e-01
3.973073e-01
3.974616e-01
3.974866e-01
3.975147e-01
3.975801e-01
3.976406e-01
3.976933e-01
3.977309e-01
3.978807e-01
3.979346e-01
3.979788e-01
3.980182e-01
3.980963e-01
3.981099e-01
3.981635e-01
3.982088e-01
3.982950e-01
3.984055e-01
3.984294e-01
3.984675e-01
3.985509e-01
3.985703e-01
3.985982e-01
3.986294e-01
3.987339e-01
3.987454e-01
3.987821e-01
3.988355e-01
3.989929e-01
3.990135e-01
3.991380e-01
3.991694e-01
3.992440e-01
3.993522e-01
3.994354e-01
3.994453e-01
3.995379e-01
3.996052e-01
3.996701e-01
3.997958e-01
3.998482e-01
3.998860e-01
3.999276e-01
3.999764e-01
3.999904e-01
4.000515e-01
4.001451e-01
4.002246e-01
4.002434e-01
4.003062e-01
4.003658e-01
4.004632e-01
4.005527e-01
4.006699e-01
4.008070e-01
4.008141e-01
4.009281e-01
4.009349e-01
4.010555e-01
4.010803e-01
4.011524e-01
4.011909e-01
4.013118e-01
4.014682e-01
4.015311e-01
4.015558e-01
4.015939e-01
4.016719e-01
4.017843e-01
4.017940e-01
4.017973e-01
4.019557e-01
4.020093e-01
4.020210e-01
4.020360e-01
4.020823e-01
4.021333e-01
4.021631e-01
4.022324e-01
4.023498e-01
4.023996e-01
4.024245e-01
4.024698e-01
4.024911e-01
4.025927e-01
4.026636e-01
4.026643e-01
4.026972e-01
4.027114e-01
4.028049e-01
4.028906e-01
4.030245e-01
4.030591e-01
4.030968e-01
4.032908e-01
4.033560e-01
4.033668e-01
4.034202e-01
4.035506e-01
4.036047e-01
4.036234e-01
4.036754e-01
4.036990e-01
4.037061e-01
4.037959e-01
4.039890e-01
4.040157e-01
4.040831e-01
4.041561e-01
4.043282e-01
4.043297e-01
4.043322e-01
4.044764e-01
4.045825e-01
4.046186e-01
4.046362e-01
4.047096e-01
4.047926e-01
4.047973e-01
4.048495e-01
4.050234e-01
4.050510e-01
4.050699e-01
4.051461e-01
4.052044e-01
4.052740e-01
4.052765e-01
4.053968e-01
4.054881e-01
4.055566e-01
4.055818e-01
4.057004e-01
4.057258e-01
4.057308e-01
4.058647e-01
4.060060e-01
4.060424e-01
4.060616e-01
4.060693e-01
4.060976e-01
4.062871e-01
4.063228e-01
4.063300e-01
4.063669e-01
4.064663e-01
4.064887e-01
4.066347e-01
4.067481e-01
4.068060e-01
4.068301e-01
4.068747e-01
4.069222e-01
4.069258e-01
4.069780e-01
4.070777e-01
4.071469e-01
4.071489e-01
4.072732e-01
4.072989e-01
4.073896e-01
4.073921e-01
4.075342e-01
4.075413e-01
4.076708e-01
4.077259e-01
4.077942e-01
4.078671e-01
4.078874e-01
4.079894e-01
4.081260e-01
4.081347e-01
4.081395e-01
4.081441e-01
4.081610e-01
4.082883e-01
4.083291e-01
4.084248e-01
4.084681e-01
4.085187e-01
4.085257e-01
4.085618e-01
4.088170e-01
4.088578e-01
4.089088e-01
4.089622e-01
4.089673e-01
4.090059e-01
4.091515e-01
4.091948e-01
4.092650e-01
4.093241e-01
4.093634e-01
4.093990e-01
4.095615e-01
4.095649e-01
4.095701e-01
4.095985e-01
4.097695e-01
4.097901e-01
4.098834e-01
4.099101e-01
4.099443e-01
4.100271e-01
4.101032e-01
4.101168e-01
4.101548e-01
4.101556e-01
4.102688e-01
4.105607e-01
4.105743e-01
4.106603e-01
4.107023e-01
4.107685e-01
4.107875e-01
4.108157e-01
4.109481e-01
4.110048e-01
4.110682e-01
4.112268e-01
4.112536e-01
4.113112e-01
4.114062e-01
4.114200e-01
4.115591e-01
4.116895e-01
4.117554e-01
4.118576e-01
4.118987e-01
4.119219e-01
4.119466e-01
4.120501e-01
4.120557e-01
4.121084e-01
4.121342e-01
4.122456e-01
4.123777e-01
4.123849e-01
4.125157e-01
4.125811e-01
4.126432e-01
4.127819e-01
4.128515e-01
4.129268e-01
4.129657e-01
4.129816e-01
4.130513e-01
4.131742e-01
4.132002e-01
4.132861e-01
4.133058e-01
4.133900e-01
4.135582e-01
4.136071e-01
4.136133e-01
4.137127e-01
4.137465e-01
4.138532e-01
4.138772e-01
4.139119e-01
4.140162e-01
4.140988e-01
4.142756e-01
4.143069e-01
4.144649e-01
4.144685e-01
4.144694e-01
4.145386e-01
4.146138e-01
4.146744e-01
4.148261e-01
4.149222e-01
4.149548e-01
4.149868e-01
4.151547e-01
4.152449e-01
4.153342e-01
4.153509e-01
4.153736e-01
4.154108e-01
4.154281e-01
4.154962e-01
4.155036e-01
4.155693e-01
4.156163e-01
4.156982e-01
4.157217e-01
4.158537e-01
4.158662e-01
4.159085e-01
4.160690e-01
4.161099e-01
4.161438e-01
4.161475e-01
4.163861e-01
4.164603e-01
4.164742e-01
4.166125e-01
4.166621e-01
4.168993e-01
4.169583e-01
4.169987e-01
4.171547e-01
4.171973e-01
4.173110e-01
4.173293e-01
4.173918e-01
4.174730e-01
4.174734e-01
4.174982e-01
4.177259e-01
4.178227e-01
4.178661e-01
4.178882e-01
4.179022e-01
4.179926e-01
4.180772e-01
4.181543e-01
4.182066e-01
4.183021e-01
4.183222e-01
4.184425e-01
4.185800e-01
4.186150e-01
4.186388e-01
4.187179e-01
4.187907e-01
4.189311e-01
4.189521e-01
4.190559e-01
4.190844e-01
4.191910e-01
4.191922e-01
4.193437e-01
4.194231e-01
4.194321e-01
4.194945e-01
4.195835e-01
4.195999e-01
4.196121e-01
4.196666e-01
4.198542e-01
4.198784e-01
4.199090e-01
4.199433e-01
4.201351e-01
4.201724e-01
4.201952e-01
4.203394e-01
4.204213e-01
4.204308e-01
4.204397e-01
4.205583e-01
4.205932e-01
4.206233e-01
4.207274e-01
4.207612e-01
4.208104e-01
4.209016e-01
4.209485e-01
4.211762e-01
4.211794e-01
4.212090e-01
4.213120e-01
4.213789e-01
4.213810e-01
4.215812e-01
4.216252e-01
4.216682e-01
4.217293e-01
4.217688e-01
4.217952e-01
4.218088e-01
4.219674e-01
4.220766e-01
4.221412e-01
4.222601e-01
4.222987e-01
4.223745e-01
4.223901e-01
4.224203e-01
4.224250e-01
4.225940e-01
4.226220e-01
4.227157e-01
4.227576e-01
4.229207e-01
4.229516e-01
4.229681e-01
4.230664e-01
4.231772e-01
4.232444e-01
4.232591e-01
4.234096e-01
4.234871e-01
4.235263e-01
4.236312e-01
4.237005e-01
4.237053e-01
4.237469e-01
4.238196e-01
4.238908e-01
4.239702e-01
4.240290e-01
4.240679e-01
4.241019e-01
4.241583e-01
4.241918e-01
4.242522e-01
4.243867e-01
4.245696e-01
4.246119e-01
4.246175e-01
4.246280e-01
4.246529e-01
4.246672e-01
4.247225e-01
4.248934e-01
4.249330e-01
4.250265e-01
4.250523e-01
4.250676e-01
4.251738e-01
4.251975e-01
4.252565e-01
4.253196e-01
4.253754e-01
4.254307e-01
4.255215e-01
4.256372e-01
4.256569e-01
4.257951e-01
4.259174e-01
4.259579e-01
4.260410e-01
4.260887e-01
4.262937e-01
4.264257e-01
4.264545e-01
4.264709e-01
4.265331e-01
4.266538e-01
4.266651e-01
4.266858e-01
4.266991e-01
4.267547e-01
4.268259e-01
4.268888e-01
4.270319e-01
4.270619e-01
4.271985e-01
4.272349e-01
4.272455e-01
4.272793e-01
4.273503e-01
4.273710e-01
4.274558e-01
4.275584e-01
4.276030e-01
4.277534e-01
4.277682e-01
4.279691e-01
4.279937e-01
4.280079e-01
4.281718e-01
4.282112e-01
4.282828e-01
4.282852e-01
4.283786e-01
4.284118e-01
4.284333e-01
4.284532e-01
4.285033e-01
4.286313e-01
4.288209e-01
4.289184e-01
4.289228e-01
4.291610e-01
4.291642e-01
4.291780e-01
4.293431e-01
4.293438e-01
4.293723e-01
4.294057e-01
4.294667e-01
4.294864e-01
4.295961e-01
4.296323e-01
4.297721e-01
4.297865e-01
4.298629e-01
4.298787e-01
4.299418e-01
4.300484e-01
4.302111e-01
4.302229e-01
4.303719e-01
4.304353e-01
4.304526e-01
4.304707e-01
4.304992e-01
4.305532e-01
4.307416e-01
4.307667e-01
4.307816e-01
4.307936e-01
4.308440e-01
4.308460e-01
4.310141e-01
4.310546e-01
4.310745e-01
4.310814e-01
4.311763e-01
4.312063e-01
4.314595e-01
4.314978e-01
4.315315e-01
4.315335e-01
4.315361e-01
4.315759e-01
4.316762e-01
4.317307e-01
4.317664e-01
4.319278e-01
4.320083e-01
4.320150e-01
4.322037e-01
4.322456e-01
4.322582e-01
4.323828e-01
4.324242e-01
4.325541e-01
4.326087e-01
4.326872e-01
4.327382e-01
4.329368e-01
4.329440e-01
4.331798e-01
4.332931e-01
4.333406e-01
4.333630e-01
4.334072e-01
4.335690e-01
4.336999e-01
4.338327e-01
4.339770e-01
4.340574e-01
4.341495e-01
4.341579e-01
4.341748e-01
4.341916e-01
4.342276e-01
4.342449e-01
4.343142e-01
4.343325e-01
4.344410e-01
4.344727e-01
4.345786e-01
4.346119e-01
4.346909e-01
4.348103e-01
4.349554e-01
4.351562e-01
4.352108e-01
4.352184e-01
4.352436e-01
4.353604e-01
4.354605e-01
4.355247e-01
4.356658e-01
4.357207e-01
4.357579e-01
4.358340e-01
4.358370e-01
4.358401e-01
4.359248e-01
4.360610e-01
4.361250e-01
4.362552e-01
4.362625e-01
4.362891e-01
4.363966e-01
4.364722e-01
4.364740e-01
4.365245e-01
4.366431e-01
4.366481e-01
4.367319e-01
4.367881e-01
4.369017e-01
4.369673e-01
4.370369e-01
4.370987e-01
4.371271e-01
4.371940e-01
4.372305e-01
4.374079e-01
4.374669e-01
4.376331e-01
4.376566e-01
4.377631e-01
4.379536e-01
4.379634e-01
4.379682e-01
4.380330e-01
4.381977e-01
4.382375e-01
4.382723e-01
4.383051e-01
4.383706e-01
4.383829e-01
4.385184e-01
4.385464e-01
4.385576e-01
4.386606e-01
4.387006e-01
4.389033e-01
4.389166e-01
4.389998e-01
4.390064e-01
4.392153e-01
4.392333e-01
4.392972e-01
4.393237e-01
4.393599e-01
4.393664e-01
4.396234e-01
4.397553e-01
4.398592e-01
4.398651e-01
4.399162e-01
4.399235e-01
4.400008e-01
4.402862e-01
4.403356e-01
4.404750e-01
4.404822e-01
4.405371e-01
4.407370e-01
4.407918e-01
4.408336e-01
4.408648e-01
4.409298e-01
4.410170e-01
4.410452e-01
4.410558e-01
4.411029e-01
4.412322e-01
4.412809e-01
4.413308e-01
4.414589e-01
4.415209e-01
4.416133e-01
4.417101e-01
4.417328e-01
4.418443e-01
4.418749e-01
4.419634e-01
4.420908e-01
4.421024e-01
4.421321e-01
4.421978e-01
4.422338e-01
4.423135e-01
4.423595e-01
4.424140e-01
4.424643e-01
4.425116e-01
4.426821e-01
4.428168e-01
4.428193e-01
4.429040e-01
4.429919e-01
4.430159e-01
4.430434e-01
4.430570e-01
4.431152e-01
4.432446e-01
4.432882e-01
4.435647e-01
4.437278e-01
4.437549e-01
4.439037e-01
4.439082e-01
4.439917e-01
4.441752e-01
4.442308e-01
4.443226e-01
4.444485e-01
4.444654e-01
4.445912e-01
4.447030e-01
4.447474e-01
4.448225e-01
4.448451e-01
4.448727e-01
4.449216e-01
4.450492e-01
4.451341e-01
4.453088e-01
4.453696e-01
4.455846e-01
4.455854e-01
4.455974e-01
4.456322e-01
4.460742e-01
4.460996e-01
4.461606e-01
4.461633e-01
4.463206e-01
4.463917e-01
4.464616e-01
4.464661e-01
4.464779e-01
4.466373e-01
4.466735e-01
4.467449e-01
4.467958e-01
4.469602e-01
4.469673e-01
4.470563e-01
4.470985e-01
4.471574e-01
4.472477e-01
4.473450e-01
4.474272e-01
4.475158e-01
4.475604e-01
4.475634e-01
4.477842e-01
4.478625e-01
4.479408e-01
4.480211e-01
4.481464e-01
4.483051e-01
4.484016e-01
4.485108e-01
4.485278e-01
4.485865e-01
4.486896e-01
4.487760e-01
4.489047e-01
4.490556e-01
4.491182e-01
4.491540e-01
4.492631e-01
4.493073e-01
4.493163e-01
4.494264e-01
4.494349e-01
4.494470e-01
4.495287e-01
4.495860e-01
4.496630e-01
4.497075e-01
4.497854e-01
4.498969e-01
4.499859e-01
4.500272e-01
4.500984e-01
4.501672e-01
4.502474e-01
4.504492e-01
4.504579e-01
4.505557e-01
4.505710e-01
4.506297e-01
4.507511e-01
4.509523e-01
4.509844e-01
4.510909e-01
4.511018e-01
4.511585e-01
4.512541e-01
4.513112e-01
4.514167e-01
4.514464e-01
4.515288e-01
4.515526e-01
4.516070e-01
4.517297e-01
4.519704e-01
4.520146e-01
4.521267e-01
4.521768e-01
4.522228e-01
4.522913e-01
4.522929e-01
4.523304e-01
4.524192e-01
4.524697e-01
4.524935e-01
4.526391e-01
4.527235e-01
4.527316e-01
4.527850e-01
4.528943e-01
4.531802e-01
4.531867e-01
4.532630e-01
4.534155e-01
4.534463e-01
4.535559e-01
4.535710e-01
4.536999e-01
4.537811e-01
4.538999e-01
4.539624e-01
4.540441e-01
4.540795e-01
4.541092e-01
4.541622e-01
4.542805e-01
4.544849e-01
4.545182e-01
4.545590e-01
4.546562e-01
4.547047e-01
4.547456e-01
4.548362e-01
4.549596e-01
4.549854e-01
4.550709e-01
4.550719e-01
4.553584e-01
4.553931e-01
4.554824e-01
4.555196e-01
4.556137e-01
4.557433e-01
4.557470e-01
4.557644e-01
4.557831e-01
4.558676e-01
4.558826e-01
4.560756e-01
4.560859e-01
4.562323e-01
4.563498e-01
4.563649e-01
4.564355e-01
4.566510e-01
4.566578e-01
4.567630e-01
4.568339e-01
4.569650e-01
4.569702e-01
4.570127e-01
4.570277e-01
4.570938e-01
4.573217e-01
4.573888e-01
4.574873e-01
4.576355e-01
4.576413e-01
4.576688e-01
4.578184e-01
4.578927e-01
4.579513e-01
4.580843e-01
4.582105e-01
4.582594e-01
4.582612e-01
4.583590e-01
4.583630e-01
4.585041e-01
4.585097e-01
4.585748e-01
4.586395e-01
4.587541e-01
4.587587e-01
4.588094e-01
4.589469e-01
4.591343e-01
4.592129e-01
4.593253e-01
4.594024e-01
4.594241e-01
4.595415e-01
4.597393e-01
4.598126e-01
4.599413e-01
4.600727e-01
4.600728e-01
4.601004e-01
4.603232e-01
4.604601e-01
4.604626e-01
4.604627e-01
4.606279e-01
4.606398e-01
4.608284e-01
4.608347e-01
4.609455e-01
4.610071e-01
4.611815e-01
4.611926e-01
4.611979e-01
4.613869e-01
4.614592e-01
4.615802e-01
4.616706e-01
4.617289e-01
4.617619e-01
4.619117e-01
4.619420e-01
4.620886e-01
4.622017e-01
4.622384e-01
4.622512e-01
4.623750e-01
4.624291e-01
4.624334e-01
4.624373e-01
4.626571e-01
4.626605e-01
4.627321e-01
4.629542e-01
4.629887e-01
4.630544e-01
4.631441e-01
4.631618e-01
4.632756e-01
4.633476e-01
4.634893e-01
4.635265e-01
4.635389e-01
4.636883e-01
4.638885e-01
4.639330e-01
4.640977e-01
4.642516e-01
4.642631e-01
4.643393e-01
4.643652e-01
4.644665e-01
4.645163e-01
4.645959e-01
4.647650e-01
4.648052e-01
4.649137e-01
4.649711e-01
4.650050e-01
4.650329e-01
4.650487e-01
4.650710e-01
4.652882e-01
4.653840e-01
4.655203e-01
4.655419e-01
4.656145e-01
4.657082e-01
4.657193e-01
4.657663e-01
4.661652e-01
4.661707e-01
4.662273e-01
4.663109e-01
4.664023e-01
4.664428e-01
4.664854e-01
4.666063e-01
4.667468e-01
4.667639e-01
4.669372e-01
4.669940e-01
4.670758e-01
4.670771e-01
4.671840e-01
4.672175e-01
4.672961e-01
4.673306e-01
4.674055e-01
4.675625e-01
4.676428e-01
4.677872e-01
4.678401e-01
4.680788e-01
4.681197e-01
4.681873e-01
4.681874e-01
4.682873e-01
4.683422e-01
4.684437e-01
4.684756e-01
4.686170e-01
4.687243e-01
4.688075e-01
4.688268e-01
4.688850e-01
4.690140e-01
4.690611e-01
4.690892e-01
4.692186e-01
4.693761e-01
4.694331e-01
4.694461e-01
4.695420e-01
4.695476e-01
4.696005e-01
4.697226e-01
4.697231e-01
4.697464e-01
4.698860e-01
4.700424e-01
4.700557e-01
4.703267e-01
4.705375e-01
4.705809e-01
4.705903e-01
4.706891e-01
4.707826e-01
4.708107e-01
4.708609e-01
4.710796e-01
4.710833e-01
4.711085e-01
4.711671e-01
4.712170e-01
4.713632e-01
4.713708e-01
4.714607e-01
4.716102e-01
4.716808e-01
4.717803e-01
4.718499e-01
4.718742e-01
4.720087e-01
4.720269e-01
4.721085e-01
4.721364e-01
4.723496e-01
4.723721e-01
4.724712e-01
4.724760e-01
4.724781e-01
4.725543e-01
4.728686e-01
4.730004e-01
4.730034e-01
4.730658e-01
4.730985e-01
4.731854e-01
4.733259e-01
4.733361e-01
4.735249e-01
4.735444e-01
4.736256e-01
4.736775e-01
4.737546e-01
4.740467e-01
4.740513e-01
4.741152e-01
4.742779e-01
4.743276e-01
4.743877e-01
4.745378e-01
4.746251e-01
4.747439e-01
4.747522e-01
4.748623e-01
4.748788e-01
4.749480e-01
4.750127e-01
4.750860e-01
4.751334e-01
4.754316e-01
4.755457e-01
4.755794e-01
4.756205e-01
4.756452e-01
4.757093e-01
4.757848e-01
4.758286e-01
4.759598e-01
4.760318e-01
4.761328e-01
4.761859e-01
4.762402e-01
4.764209e-01
4.764883e-01
4.765010e-01
4.765503e-01
4.765722e-01
4.766656e-01
4.767575e-01
4.767818e-01
4.768461e-01
4.768850e-01
4.769913e-01
4.770941e-01
4.771311e-01
4.771376e-01
4.772297e-01
4.774736e-01
4.775838e-01
4.777841e-01
4.778761e-01
4.779679e-01
4.780621e-01
4.781107e-01
4.781966e-01
4.783134e-01
4.783375e-01
4.785030e-01
4.785051e-01
4.786897e-01
4.786913e-01
4.787052e-01
4.787674e-01
4.788076e-01
4.788361e-01
4.791168e-01
4.792363e-01
4.792776e-01
4.793375e-01
4.794900e-01
4.795009e-01
4.795763e-01
4.796844e-01
4.797694e-01
4.798243e-01
4.798725e-01
4.798962e-01
4.802083e-01
4.802541e-01
4.803950e-01
4.804894e-01
4.806234e-01
4.807413e-01
4.807547e-01
4.809842e-01
4.812159e-01
4.813582e-01
4.813933e-01
4.814331e-01
4.814593e-01
4.814924e-01
4.815202e-01
4.816276e-01
4.818036e-01
4.818959e-01
4.819049e-01
4.819410e-01
4.820054e-01
4.821994e-01
4.822620e-01
4.823771e-01
4.823968e-01
4.825026e-01
4.825868e-01
4.826313e-01
4.826994e-01
4.829063e-01
4.830020e-01
4.830459e-01
4.831482e-01
4.831708e-01
4.832030e-01
4.833853e-01
4.834887e-01
4.835313e-01
4.836207e-01
4.836228e-01
4.838135e-01
4.838286e-01
4.839614e-01
4.840552e-01
4.841746e-01
4.845125e-01
4.845531e-01
4.845745e-01
4.846172e-01
4.846184e-01
4.846266e-01
4.847959e-01
4.849120e-01
4.850990e-01
4.851576e-01
4.851736e-01
4.851737e-01
4.852689e-01
4.852696e-01
4.854800e-01
4.855378e-01
4.856569e-01
4.857445e-01
4.858781e-01
4.860001e-01
4.860821e-01
4.861340e-01
4.861711e-01
4.861875e-01
4.862934e-01
4.864230e-01
4.865489e-01
4.866910e-01
4.867018e-01
4.869101e-01
4.869898e-01
4.870011e-01
4.871283e-01
4.871697e-01
4.872867e-01
4.873751e-01
4.873756e-01
4.877289e-01
4.877754e-01
4.878996e-01
4.880898e-01
4.881235e-01
4.883249e-01
4.883480e-01
4.883901e-01
4.884947e-01
4.884986e-01
4.885728e-01
4.886455e-01
4.890607e-01
4.890692e-01
4.891971e-01
4.892886e-01
4.893505e-01
4.895180e-01
4.895515e-01
4.897474e-01
4.898409e-01
4.898481e-01
4.898485e-01
4.899867e-01
4.901326e-01
4.901721e-01
4.902873e-01
4.902953e-01
4.904861e-01
4.904932e-01
4.906482e-01
4.908096e-01
4.909642e-01
4.909907e-01
4.910035e-01
4.910266e-01
4.911354e-01
4.911776e-01
4.912458e-01
4.912925e-01
4.914238e-01
4.915621e-01
4.916687e-01
4.917039e-01
4.919716e-01
4.922178e-01
4.922181e-01
4.924703e-01
4.926311e-01
4.927934e-01
4.929167e-01
4.929268e-01
4.929426e-01
4.930044e-01
4.932443e-01
4.932659e-01
4.933901e-01
4.934595e-01
4.934878e-01
4.937338e-01
4.938517e-01
4.938899e-01
4.940790e-01
4.941912e-01
4.943722e-01
4.944243e-01
4.944449e-01
4.945346e-01
4.947448e-01
4.947812e-01
4.949805e-01
4.949864e-01
4.950611e-01
4.950917e-01
4.951620e-01
4.954092e-01
4.954981e-01
4.956009e-01
4.956236e-01
4.958589e-01
4.959500e-01
4.959692e-01
4.960969e-01
4.961429e-01
4.961794e-01
4.962104e-01
4.963317e-01
4.964432e-01
4.967173e-01
4.967913e-01
4.968334e-01
4.969757e-01
4.969789e-01
4.970195e-01
4.971925e-01
4.972482e-01
4.973296e-01
4.973304e-01
4.973880e-01
4.975032e-01
4.976273e-01
4.977723e-01
4.979273e-01
4.980028e-01
4.980090e-01
4.981062e-01
4.982483e-01
4.982796e-01
4.983887e-01
4.984928e-01
4.986154e-01
4.988048e-01
4.988283e-01
4.988436e-01
4.988667e-01
4.992139e-01
4.992403e-01
4.993167e-01
4.994391e-01
4.995017e-01
4.995854e-01
4.996525e-01
4.996739e-01
4.998754e-01
4.998794e-01
5.000829e-01
5.001740e-01
5.002861e-01
5.003045e-01
5.003486e-01
5.004611e-01
5.005961e-01
5.006717e-01
5.008520e-01
5.008599e-01
5.010600e-01
5.010619e-01
5.011521e-01
5.013185e-01
5.013842e-01
5.014236e-01
5.016016e-01
5.016885e-01
5.017887e-01
5.019232e-01
5.020160e-01
5.020166e-01
5.020558e-01
5.020621e-01
5.021790e-01
5.022236e-01
5.023995e-01
5.024649e-01
5.026053e-01
5.027570e-01
5.027962e-01
5.028250e-01
5.029418e-01
5.029714e-01
5.030431e-01
5.032322e-01
5.033188e-01
5.033685e-01
5.035144e-01
5.036491e-01
5.036530e-01
5.038068e-01
5.039634e-01
5.040780e-01
5.041800e-01
5.041903e-01
5.043318e-01
5.044398e-01
5.045472e-01
5.046698e-01
5.046764e-01
5.047419e-01
5.050306e-01
5.050591e-01
5.051751e-01
5.052004e-01
5.054921e-01
5.055110e-01
5.055262e-01
5.055820e-01
5.056202e-01
5.058260e-01
5.058802e-01
5.059033e-01
5.059547e-01
5.062628e-01
5.064104e-01
5.064402e-01
5.064837e-01
5.065612e-01
5.066056e-01
5.066500e-01
5.067574e-01
5.067915e-01
5.068620e-01
5.069226e-01
5.069542e-01
5.071351e-01
5.071709e-01
5.071740e-01
5.072854e-01
5.072996e-01
5.078849e-01
5.078916e-01
5.079103e-01
5.079380e-01
5.081307e-01
5.081345e-01
5.082360e-01
5.084178e-01
5.086823e-01
5.087223e-01
5.088198e-01
5.088690e-01
5.089786e-01
5.090215e-01
5.092249e-01
5.093184e-01
5.095421e-01
5.096295e-01
5.096887e-01
5.096992e-01
5.098651e-01
5.099495e-01
5.099862e-01
5.100143e-01
5.101899e-01
5.103139e-01
5.105091e-01
5.105137e-01
5.106374e-01
5.106421e-01
5.107537e-01
5.107546e-01
5.109836e-01
5.111166e-01
5.111339e-01
5.113737e-01
5.114994e-01
5.115214e-01
5.115914e-01
5.116844e-01
5.117114e-01
5.118838e-01
5.119814e-01
5.122013e-01
5.122115e-01
5.123414e-01
5.125730e-01
5.126513e-01
5.126528e-01
5.126536e-01
5.128119e-01
5.128688e-01
5.130310e-01
5.130458e-01
5.133126e-01
5.133441e-01
5.133494e-01
5.133842e-01
5.134337e-01
5.135227e-01
5.136505e-01
5.136754e-01
5.137014e-01
5.138328e-01
5.140643e-01
5.140691e-01
5.140785e-01
5.142734e-01
5.143808e-01
5.144209e-01
5.145165e-01
5.147431e-01
5.148691e-01
5.148699e-01
5.149227e-01
5.150695e-01
5.150761e-01
5.152456e-01
5.153882e-01
5.154369e-01
5.155961e-01
5.158035e-01
5.158381e-01
5.158435e-01
5.158746e-01
5.160730e-01
5.160947e-01
5.161447e-01
5.162407e-01
5.162514e-01
5.164421e-01
5.164691e-01
5.165595e-01
5.166641e-01
5.167718e-01
5.169052e-01
5.170463e-01
5.170764e-01
5.171935e-01
5.172314e-01
5.174894e-01
5.176013e-01
5.177889e-01
5.178685e-01
5.181172e-01
5.181899e-01
5.182396e-01
5.183483e-01
5.183946e-01
5.185877e-01
5.187474e-01
5.188149e-01
5.188245e-01
5.188669e-01
5.190759e-01
5.191790e-01
5.192211e-01
5.192974e-01
5.195004e-01
5.196368e-01
5.197152e-01
5.199077e-01
5.200096e-01
5.201228e-01
5.201938e-01
5.202821e-01
5.203356e-01
5.205461e-01
5.205919e-01
5.206066e-01
5.207524e-01
5.208986e-01
5.209472e-01
5.210631e-01
5.210639e-01
5.212721e-01
5.212947e-01
5.213489e-01
5.213920e-01
5.214920e-01
5.215576e-01
5.216311e-01
5.217904e-01
5.220248e-01
5.220465e-01
5.221449e-01
5.222141e-01
5.223657e-01
5.223949e-01
5.224263e-01
5.225003e-01
5.228334e-01
5.228971e-01
5.229645e-01
5.230650e-01
5.231090e-01
5.231179e-01
5.233276e-01
5.235142e-01
5.237218e-01
5.238162e-01
5.238661e-01
5.238670e-01
5.240660e-01
5.241275e-01
5.244056e-01
5.244073e-01
5.247528e-01
5.247921e-01
5.247932e-01
5.248066e-01
5.250209e-01
5.250776e-01
5.253148e-01
5.254069e-01
5.256290e-01
5.256334e-01
5.259265e-01
5.259709e-01
5.261632e-01
5.262218e-01
5.263250e-01
5.263323e-01
5.265451e-01
5.265507e-01
5.267448e-01
5.267772e-01
5.269066e-01
5.270244e-01
5.270844e-01
5.270916e-01
5.271468e-01
5.274357e-01
5.274475e-01
5.275902e-01
5.277031e-01
5.277571e-01
5.278978e-01
5.279071e-01
5.281162e-01
5.281698e-01
5.284205e-01
5.284318e-01
5.285177e-01
5.286326e-01
5.287786e-01
5.288940e-01
5.289803e-01
5.290893e-01
5.290940e-01
5.292069e-01
5.294948e-01
5.295839e-01
5.297049e-01
5.298229e-01
5.300819e-01
5.303547e-01
5.304956e-01
5.306297e-01
5.309153e-01
5.309302e-01
5.309311e-01
5.310003e-01
5.310845e-01
5.311061e-01
5.313281e-01
5.316105e-01
5.316733e-01
5.318551e-01
5.319670e-01
5.320222e-01
5.323318e-01
5.323777e-01
5.326233e-01
5.326563e-01
5.328773e-01
5.329434e-01
5.329629e-01
5.330578e-01
5.330972e-01
5.334582e-01
5.334984e-01
5.336444e-01
5.337008e-01
5.339325e-01
5.340420e-01
5.341426e-01
5.342456e-01
5.344442e-01
5.345446e-01
5.347812e-01
5.348540e-01
5.349182e-01
5.351718e-01
5.352218e-01
5.352856e-01
5.355728e-01
5.355907e-01
5.356600e-01
5.358407e-01
5.359412e-01
5.361018e-01
5.362437e-01
5.362905e-01
5.363412e-01
5.364028e-01
5.366801e-01
5.368292e-01
5.368366e-01
5.368917e-01
5.371157e-01
5.372486e-01
5.373996e-01
5.375105e-01
5.377838e-01
5.379740e-01
5.380668e-01
5.382381e-01
5.382938e-01
5.382955e-01
5.384492e-01
5.385644e-01
5.386300e-01
5.388849e-01
5.388994e-01
5.390114e-01
5.392254e-01
5.392404e-01
5.393252e-01
5.394799e-01
5.394968e-01
5.397700e-01
5.398959e-01
5.399921e-01
5.400079e-01
5.401192e-01
5.403418e-01
5.404766e-01
5.405419e-01
5.405683e-01
5.408598e-01
5.408683e-01
5.409488e-01
5.409760e-01
5.412007e-01
5.413724e-01
5.415172e-01
5.418132e-01
5.419003e-01
5.419692e-01
5.419931e-01
5.420096e-01
5.421161e-01
5.422532e-01
5.424200e-01
5.425148e-01
5.426080e-01
5.427057e-01
5.427732e-01
5.430241e-01
5.430742e-01
5.430776e-01
5.433637e-01
5.434062e-01
5.434875e-01
5.435587e-01
5.436634e-01
5.438459e-01
5.438869e-01
5.439279e-01
5.440747e-01
5.441238e-01
5.441701e-01
5.443703e-01
5.444600e-01
5.445753e-01
5.446442e-01
5.446733e-01
5.447093e-01
5.448498e-01
5.448596e-01
5.448962e-01
5.449900e-01
5.451217e-01
5.452178e-01
5.453399e-01
5.454593e-01
5.456543e-01
5.457246e-01
5.457299e-01
5.461760e-01
5.462550e-01
5.462570e-01
5.464300e-01
5.465986e-01
5.466338e-01
5.469105e-01
5.470240e-01
5.472193e-01
5.472682e-01
5.473196e-01
5.473415e-01
5.474138e-01
5.475959e-01
5.479555e-01
5.479621e-01
5.480226e-01
5.481208e-01
5.481434e-01
5.483237e-01
5.483699e-01
5.483736e-01
5.485462e-01
5.485831e-01
5.488283e-01
5.490743e-01
5.492549e-01
5.494351e-01
5.495147e-01
5.496344e-01
5.497424e-01
5.497456e-01
5.498300e-01
5.498679e-01
5.501500e-01
5.501655e-01
5.503685e-01
5.503762e-01
5.503941e-01
5.504002e-01
5.507205e-01
5.507222e-01
5.507797e-01
5.509337e-01
5.510118e-01
5.510298e-01
5.512224e-01
5.514343e-01
5.514989e-01
5.517047e-01
5.517382e-01
5.518254e-01
5.518550e-01
5.519304e-01
5.519393e-01
5.519822e-01
5.521023e-01
5.522858e-01
5.524313e-01
5.525085e-01
5.526307e-01
5.526310e-01
5.528453e-01
5.528502e-01
5.528592e-01
5.532212e-01
5.533100e-01
5.535196e-01
5.536013e-01
5.536108e-01
5.536488e-01
5.538451e-01
5.539434e-01
5.539848e-01
5.540970e-01
5.541065e-01
5.541286e-01
5.542869e-01
5.543560e-01
5.544910e-01
5.545771e-01
5.545799e-01
5.548994e-01
5.549811e-01
5.549907e-01
5.550126e-01
5.551756e-01
5.552289e-01
5.552866e-01
5.553066e-01
5.555081e-01
5.555419e-01
5.559529e-01
5.561557e-01
5.562434e-01
5.562923e-01
5.564057e-01
5.565860e-01
5.567712e-01
5.567877e-01
5.569191e-01
5.569664e-01
5.570670e-01
5.572476e-01
5.575520e-01
5.575539e-01
5.575963e-01
5.577091e-01
5.578165e-01
5.579856e-01
5.579903e-01
5.581424e-01
5.581907e-01
5.582084e-01
5.582258e-01
5.583479e-01
5.584654e-01
5.586034e-01
5.586691e-01
5.587004e-01
5.587455e-01
5.587493e-01
5.589506e-01
5.589937e-01
5.590195e-01
5.590405e-01
5.590664e-01
5.592280e-01
5.593883e-01
5.594718e-01
5.597090e-01
5.597199e-01
5.597300e-01
5.598111e-01
5.598392e-01
5.600389e-01
5.601556e-01
5.603583e-01
5.603688e-01
5.605049e-01
5.607289e-01
5.607566e-01
5.608909e-01
5.608999e-01
5.609435e-01
5.609735e-01
5.610065e-01
5.612139e-01
5.612243e-01
5.615354e-01
5.615563e-01
5.616198e-01
5.616419e-01
5.617259e-01
5.617302e-01
5.618504e-01
5.619141e-01
5.620799e-01
5.621389e-01
5.622285e-01
5.624700e-01
5.624949e-01
5.625198e-01
5.626973e-01
5.627115e-01
5.627204e-01
5.629590e-01
5.630049e-01
5.630291e-01
5.631680e-01
5.631950e-01
5.632461e-01
5.633873e-01
5.634522e-01
5.634575e-01
5.635184e-01
5.635352e-01
5.636671e-01
5.637116e-01
5.637702e-01
5.638794e-01
5.638885e-01
5.639313e-01
5.639581e-01
5.639855e-01
5.643205e-01
5.644544e-01
5.644685e-01
5.645259e-01
5.646731e-01
5.646883e-01
5.647217e-01
5.648392e-01
5.648835e-01
5.649522e-01
5.650167e-01
5.650963e-01
5.651178e-01
5.651255e-01
5.652054e-01
5.654029e-01
5.655828e-01
5.657678e-01
5.658402e-01
5.658997e-01
5.659987e-01
5.659998e-01
5.661426e-01
5.661459e-01
5.663052e-01
5.664996e-01
5.665060e-01
5.665111e-01
5.666288e-01
5.666481e-01
5.667499e-01
5.667621e-01
5.667922e-01
5.668253e-01
5.670119e-01
5.671352e-01
5.671385e-01
5.672740e-01
5.673300e-01
5.673628e-01
5.676161e-01
5.676342e-01
5.676831e-01
5.678782e-01
5.679949e-01
5.680726e-01
5.681260e-01
5.681813e-01
5.682008e-01
5.684499e-01
5.685282e-01
5.685615e-01
5.686646e-01
5.686742e-01
5.687191e-01
5.687910e-01
5.688049e-01
5.688871e-01
5.690023e-01
5.690481e-01
5.690944e-01
5.691704e-01
5.692346e-01
5.693858e-01
5.694483e-01
5.696329e-01
5.696688e-01
5.697031e-01
5.698095e-01
5.698738e-01
5.699727e-01
5.699809e-01
5.701900e-01
5.702120e-01
5.703725e-01
5.704305e-01
5.704617e-01
5.706292e-01
5.706719e-01
5.706937e-01
5.708752e-01
5.709332e-01
5.709767e-01
5.709804e-01
5.711181e-01
5.711440e-01
5.712635e-01
5.712872e-01
5.713478e-01
5.714741e-01
5.716497e-01
5.718009e-01
5.718066e-01
5.720196e-01
5.721806e-01
5.722361e-01
5.723766e-01
5.723934e-01
5.726683e-01
5.727092e-01
5.728497e-01
5.728705e-01
5.729051e-01
5.730026e-01
5.730638e-01
5.730897e-01
5.731957e-01
5.732691e-01
5.733354e-01
5.733448e-01
5.733777e-01
5.734146e-01
5.734361e-01
5.735465e-01
5.736118e-01
5.736828e-01
5.737284e-01
5.738897e-01
5.739398e-01
5.739841e-01
5.740267e-01
5.741584e-01
5.741791e-01
5.743120e-01
5.744527e-01
5.744616e-01
5.745659e-01
5.745762e-01
5.746856e-01
5.747283e-01
5.748983e-01
5.749130e-01
5.749326e-01
5.749755e-01
5.750932e-01
5.752702e-01
5.753140e-01
5.753310e-01
5.753401e-01
5.754259e-01
5.755043e-01
5.755151e-01
5.755268e-01
5.758043e-01
5.759353e-01
5.759506e-01
5.760772e-01
5.762130e-01
5.762584e-01
5.763595e-01
5.763728e-01
5.764997e-01
5.765269e-01
5.767175e-01
5.767237e-01
5.768081e-01
5.768580e-01
5.769169e-01
5.773775e-01
5.773992e-01
5.774060e-01
5.775083e-01
5.775380e-01
5.775823e-01
5.776282e-01
5.778333e-01
5.779987e-01
5.780430e-01
5.780828e-01
5.782492e-01
5.783033e-01
5.783950e-01
5.784771e-01
5.786040e-01
5.786331e-01
5.786447e-01
5.788251e-01
5.789869e-01
5.790225e-01
5.790979e-01
5.791889e-01
5.793273e-01
5.793424e-01
5.793909e-01
5.794305e-01
5.794314e-01
5.796327e-01
5.796586e-01
5.797051e-01
5.798026e-01
5.799408e-01
5.799607e-01
5.799697e-01
5.800679e-01
5.801504e-01
5.801899e-01
5.802419e-01
5.802675e-01
5.804905e-01
5.805313e-01
5.807038e-01
5.807800e-01
5.808481e-01
5.808502e-01
5.808931e-01
5.811297e-01
5.812279e-01
5.812576e-01
5.812918e-01
5.814215e-01
5.815442e-01
5.817053e-01
5.817267e-01
5.818512e-01
5.818959e-01
5.821212e-01
5.822370e-01
5.822925e-01
5.824392e-01
5.824971e-01
5.825723e-01
5.828370e-01
5.828857e-01
5.829110e-01
5.831140e-01
5.831385e-01
5.831852e-01
5.832621e-01
5.834516e-01
5.834525e-01
5.834933e-01
5.835058e-01
5.835351e-01
5.838528e-01
5.838947e-01
5.839490e-01
5.839711e-01
5.840136e-01
5.842122e-01
5.843107e-01
5.843777e-01
5.843863e-01
5.844368e-01
5.845726e-01
5.847021e-01
5.848092e-01
5.848604e-01
5.848977e-01
5.849813e-01
5.851018e-01
5.851142e-01
5.851639e-01
5.852980e-01
5.853625e-01
5.854062e-01
5.855749e-01
5.856000e-01
5.857392e-01
5.858442e-01
5.860190e-01
5.862933e-01
5.862981e-01
5.863076e-01
5.863236e-01
5.864024e-01
5.864486e-01
5.866807e-01
5.867183e-01
5.868267e-01
5.868305e-01
5.868763e-01
5.870000e-01
5.871908e-01
5.872347e-01
5.872689e-01
5.873269e-01
5.873930e-01
5.874299e-01
5.874874e-01
5.875213e-01
5.876115e-01
5.877864e-01
5.879125e-01
5.880400e-01
5.880601e-01
5.881536e-01
5.882506e-01
5.883660e-01
5.884339e-01
5.884776e-01
5.885595e-01
5.886557e-01
5.886937e-01
5.890073e-01
5.891445e-01
5.891931e-01
5.892522e-01
5.892966e-01
5.895181e-01
5.895206e-01
5.895302e-01
5.896230e-01
5.896499e-01
5.896836e-01
5.897605e-01
5.899360e-01
5.900143e-01
5.900144e-01
5.900409e-01
5.901016e-01
5.901304e-01
5.902392e-01
5.902641e-01
5.904175e-01
5.905843e-01
5.906608e-01
5.907106e-01
5.907770e-01
5.910451e-01
5.912026e-01
5.914645e-01
5.915228e-01
5.915553e-01
5.916139e-01
5.916228e-01
5.916833e-01
5.919053e-01
5.920390e-01
5.922066e-01
5.922417e-01
5.922627e-01
5.925089e-01
5.925549e-01
5.926637e-01
5.926705e-01
5.927281e-01
5.928214e-01
5.930726e-01
5.930926e-01
5.932017e-01
5.932478e-01
5.932644e-01
5.934027e-01
5.934250e-01
5.934483e-01
5.936561e-01
5.936817e-01
5.938469e-01
5.938757e-01
5.938991e-01
5.939006e-01
5.939293e-01
5.941596e-01
5.942410e-01
5.942812e-01
5.943390e-01
5.944101e-01
5.944815e-01
5.945089e-01
5.945660e-01
5.946471e-01
5.947816e-01
5.947888e-01
5.949501e-01
5.950150e-01
5.951094e-01
5.951548e-01
5.953015e-01
5.953061e-01
5.955789e-01
5.956667e-01
5.957613e-01
5.957706e-01
5.959047e-01
5.959332e-01
5.959866e-01
5.960521e-01
5.960665e-01
5.961463e-01
5.963133e-01
5.963230e-01
5.963860e-01
5.965217e-01
5.965300e-01
5.965688e-01
5.967380e-01
5.968497e-01
5.970004e-01
5.970156e-01
5.972406e-01
5.972587e-01
5.973003e-01
5.973143e-01
5.973823e-01
5.976100e-01
5.976637e-01
5.977586e-01
5.977974e-01
5.978001e-01
5.979274e-01
5.979949e-01
5.981830e-01
5.982739e-01
5.984099e-01
5.984684e-01
5.985204e-01
5.985909e-01
5.986545e-01
5.988377e-01
5.988605e-01
5.989366e-01
5.989586e-01
5.989666e-01
5.990698e-01
5.993075e-01
5.994536e-01
5.995562e-01
5.996981e-01
5.997900e-01
5.999102e-01
5.999116e-01
6.001756e-01
6.002308e-01
6.002895e-01
6.003233e-01
6.004131e-01
6.004781e-01
6.005269e-01
6.008379e-01
6.008784e-01
6.009507e-01
6.010025e-01
6.011487e-01
6.012644e-01
6.012730e-01
6.014820e-01
6.016745e-01
6.019687e-01
6.020193e-01
6.020263e-01
6.023891e-01
6.024704e-01
6.025383e-01
6.026504e-01
6.028950e-01
6.029252e-01
6.031538e-01
6.032160e-01
6.032905e-01
6.034998e-01
6.035441e-01
6.036715e-01
6.039058e-01
6.039302e-01
6.040057e-01
6.040069e-01
6.040302e-01
6.043703e-01
6.044891e-01
6.044954e-01
6.046967e-01
6.049050e-01
6.049724e-01
6.049808e-01
6.052717e-01
6.053668e-01
6.055322e-01
6.056380e-01
6.057728e-01
6.058255e-01
6.060145e-01
6.060306e-01
6.061823e-01
6.064047e-01
6.064568e-01
6.064670e-01
6.064873e-01
6.066080e-01
6.067740e-01
6.067781e-01
6.069812e-01
6.071008e-01
6.071264e-01
6.072185e-01
6.073020e-01
6.073463e-01
6.074240e-01
6.075039e-01
6.076147e-01
6.077305e-01
6.078703e-01
6.079900e-01
6.080586e-01
6.080658e-01
6.082264e-01
6.083309e-01
6.084967e-01
6.085381e-01
6.088519e-01
6.088875e-01
6.092873e-01
6.094790e-01
6.096084e-01
6.096153e-01
6.098427e-01
6.099217e-01
6.099275e-01
6.101800e-01
6.103434e-01
6.106398e-01
6.106983e-01
6.107818e-01
6.108318e-01
6.108577e-01
6.108685e-01
6.111203e-01
6.111462e-01
6.113873e-01
6.114808e-01
6.115730e-01
6.116985e-01
6.118943e-01
6.119131e-01
6.119858e-01
6.120859e-01
6.122413e-01
6.125995e-01
6.126229e-01
6.128120e-01
6.128210e-01
6.130626e-01
6.131200e-01
6.132718e-01
6.134853e-01
6.138109e-01
6.138259e-01
6.138548e-01
6.138701e-01
6.140559e-01
6.141662e-01
6.144535e-01
6.146393e-01
6.148057e-01
6.148517e-01
6.149181e-01
6.150692e-01
6.151788e-01
6.153466e-01
6.154380e-01
6.156488e-01
6.156932e-01
6.156988e-01
6.157101e-01
6.159930e-01
6.160716e-01
6.160834e-01
6.161335e-01
6.161676e-01
6.162928e-01
6.164482e-01
6.166657e-01
6.169195e-01
6.170263e-01
6.170563e-01
6.173109e-01
6.173316e-01
6.176479e-01
6.177376e-01
6.178190e-01
6.179493e-01
6.180352e-01
6.181822e-01
6.183464e-01
6.183552e-01
6.184625e-01
6.185750e-01
6.186272e-01
6.187903e-01
6.190012e-01
6.190391e-01
6.191408e-01
6.192112e-01
6.193245e-01
6.194442e-01
6.194949e-01
6.195058e-01
6.195788e-01
6.198805e-01
6.200560e-01
6.202978e-01
6.205149e-01
6.205388e-01
6.206070e-01
6.208568e-01
6.208737e-01
6.208847e-01
6.210520e-01
6.211681e-01
6.211697e-01
6.214126e-01
6.216620e-01
6.217530e-01
6.219023e-01
6.220405e-01
6.220597e-01
6.220980e-01
6.223791e-01
6.223954e-01
6.226395e-01
6.227277e-01
6.227779e-01
6.228082e-01
6.228267e-01
6.229841e-01
6.230166e-01
6.230501e-01
6.234081e-01
6.235211e-01
6.236572e-01
6.238129e-01
6.239787e-01
6.239924e-01
6.241236e-01
6.244709e-01
6.246231e-01
6.246401e-01
6.246467e-01
6.246808e-01
6.249022e-01
6.249384e-01
6.251359e-01
6.252540e-01
6.254700e-01
6.255358e-01
6.255537e-01
6.256221e-01
6.257535e-01
6.258453e-01
6.260456e-01
6.260916e-01
6.263297e-01
6.263877e-01
6.265116e-01
6.265472e-01
6.265551e-01
6.266172e-01
6.266346e-01
6.267065e-01
6.269978e-01
6.270732e-01
6.271364e-01
6.271704e-01
6.273676e-01
6.276161e-01
6.277184e-01
6.277823e-01
6.278577e-01
6.280582e-01
6.280848e-01
6.281088e-01
6.282087e-01
6.284990e-01
6.285804e-01
6.286004e-01
6.286440e-01
6.288744e-01
6.290369e-01
6.291001e-01
6.291075e-01
6.291924e-01
6.292711e-01
6.294206e-01
6.295103e-01
6.297529e-01
6.298671e-01
6.299220e-01
6.300441e-01
6.300454e-01
6.302340e-01
6.303111e-01
6.303320e-01
6.304171e-01
6.304625e-01
6.304996e-01
6.305474e-01
6.306274e-01
6.308087e-01
6.308386e-01
6.308610e-01
6.309634e-01
6.310464e-01
6.313588e-01
6.315685e-01
6.316291e-01
6.316515e-01
6.319979e-01
6.321061e-01
6.321068e-01
6.322421e-01
6.322638e-01
6.323473e-01
6.325226e-01
6.326551e-01
6.328774e-01
6.329034e-01
6.331256e-01
6.331268e-01
6.332881e-01
6.334145e-01
6.334402e-01
6.334748e-01
6.335288e-01
6.336911e-01
6.339872e-01
6.340225e-01
6.342655e-01
6.342833e-01
6.343241e-01
6.343379e-01
6.344678e-01
6.347463e-01
6.348244e-01
6.348535e-01
6.348700e-01
6.348913e-01
6.350470e-01
6.351322e-01
6.352056e-01
6.355217e-01
6.355571e-01
6.358371e-01
6.358684e-01
6.358926e-01
6.360945e-01
6.361838e-01
6.362127e-01
6.363690e-01
6.365568e-01
6.366204e-01
6.366693e-01
6.366973e-01
6.369890e-01
6.370211e-01
6.370391e-01
6.373194e-01
6.373784e-01
6.374641e-01
6.375735e-01
6.375845e-01
6.376203e-01
6.379219e-01
6.381022e-01
6.381612e-01
6.381901e-01
6.382869e-01
6.384241e-01
6.386306e-01
6.387082e-01
6.389965e-01
6.391634e-01
6.392763e-01
6.395317e-01
6.396595e-01
6.397417e-01
6.398047e-01
6.399339e-01
6.401354e-01
6.401998e-01
6.402484e-01
6.402972e-01
6.404126e-01
6.405534e-01
6.405547e-01
6.407266e-01
6.407273e-01
6.409053e-01
6.409187e-01
6.409717e-01
6.412472e-01
6.414239e-01
6.415654e-01
6.416701e-01
6.417325e-01
6.417821e-01
6.418640e-01
6.419642e-01
6.421223e-01
6.422861e-01
6.423446e-01
6.425650e-01
6.427702e-01
6.428742e-01
6.430605e-01
6.431609e-01
6.431833e-01
6.433932e-01
6.435318e-01
6.436228e-01
6.437891e-01
6.441386e-01
6.441592e-01
6.444048e-01
6.445693e-01
6.447061e-01
6.448163e-01
6.450063e-01
6.450576e-01
6.450643e-01
6.451710e-01
6.453129e-01
6.454634e-01
6.455827e-01
6.456363e-01
6.457395e-01
6.460550e-01
6.461491e-01
6.462493e-01
6.464897e-01
6.466198e-01
6.468660e-01
6.469148e-01
6.470338e-01
6.471909e-01
6.472314e-01
6.473646e-01
6.473880e-01
6.474581e-01
6.474891e-01
6.477890e-01
6.480955e-01
6.483772e-01
6.483927e-01
6.486733e-01
6.487385e-01
6.490242e-01
6.490777e-01
6.491309e-01
6.491797e-01
6.494841e-01
6.496296e-01
6.496469e-01
6.497429e-01
6.499182e-01
6.500503e-01
6.503215e-01
6.503576e-01
6.503733e-01
6.504994e-01
6.507109e-01
6.508472e-01
6.508805e-01
6.509692e-01
6.510340e-01
6.512193e-01
6.514604e-01
6.515839e-01
6.515978e-01
6.518236e-01
6.523202e-01
6.523310e-01
6.524634e-01
6.526394e-01
6.529266e-01
6.530911e-01
6.531274e-01
6.531851e-01
6.533481e-01
6.534492e-01
6.534760e-01
6.537746e-01
6.538661e-01
6.538697e-01
6.538944e-01
6.540336e-01
6.541047e-01
6.541327e-01
6.542299e-01
6.544327e-01
6.549157e-01
6.549632e-01
6.549992e-01
6.552019e-01
6.553142e-01
6.553621e-01
6.556554e-01
6.561927e-01
6.562388e-01
6.562421e-01
6.563215e-01
6.565237e-01
6.565274e-01
6.567569e-01
6.567929e-01
6.569115e-01
6.571228e-01
6.572087e-01
6.572674e-01
6.573641e-01
6.574230e-01
6.575084e-01
6.576367e-01
6.577665e-01
6.578686e-01
6.578778e-01
6.579600e-01
6.583933e-01
6.585087e-01
6.585697e-01
6.587211e-01
6.587686e-01
6.589418e-01
6.591407e-01
6.592260e-01
6.594084e-01
6.594895e-01
6.596171e-01
6.596574e-01
6.596766e-01
6.597609e-01
6.598092e-01
6.600441e-01
6.600622e-01
6.603150e-01
6.606783e-01
6.606970e-01
6.608582e-01
6.609082e-01
6.614272e-01
6.616493e-01
6.616589e-01
6.617441e-01
6.618234e-01
6.618984e-01
6.619652e-01
6.620809e-01
6.624290e-01
6.624651e-01
6.626081e-01
6.628412e-01
6.629071e-01
6.630632e-01
6.631142e-01
6.631555e-01
6.633007e-01
6.633373e-01
6.634261e-01
6.636317e-01
6.637424e-01
6.638647e-01
6.639704e-01
6.640679e-01
6.642672e-01
6.646252e-01
6.646515e-01
6.647624e-01
6.650658e-01
6.652614e-01
6.653102e-01
6.654355e-01
6.655389e-01
6.656966e-01
6.658104e-01
6.659421e-01
6.660423e-01
6.660486e-01
6.661728e-01
6.663417e-01
6.664608e-01
6.664802e-01
6.666219e-01
6.669334e-01
6.670820e-01
6.672648e-01
6.673473e-01
6.674825e-01
6.675072e-01
6.677620e-01
6.678965e-01
6.679815e-01
6.681178e-01
6.681594e-01
6.682732e-01
6.683549e-01
6.685750e-01
6.690042e-01
6.691349e-01
6.691948e-01
6.692180e-01
6.692357e-01
6.695726e-01
6.696889e-01
6.696963e-01
6.699121e-01
6.701039e-01
6.702209e-01
6.702512e-01
6.702690e-01
6.703815e-01
6.705337e-01
6.706193e-01
6.707468e-01
6.711681e-01
6.712139e-01
6.712948e-01
6.714231e-01
6.714742e-01
6.714912e-01
6.716770e-01
6.717751e-01
6.718601e-01
6.719081e-01
6.720842e-01
6.722258e-01
6.723595e-01
6.724543e-01
6.726540e-01
6.726556e-01
6.727256e-01
6.728593e-01
6.730220e-01
6.731367e-01
6.732606e-01
6.734563e-01
6.735404e-01
6.736563e-01
6.737060e-01
6.738000e-01
6.740158e-01
6.740451e-01
6.742806e-01
6.743015e-01
6.743831e-01
6.743942e-01
6.747139e-01
6.747688e-01
6.748968e-01
6.751278e-01
6.752245e-01
6.753068e-01
6.753965e-01
6.755464e-01
6.756438e-01
6.762848e-01
6.764424e-01
6.764441e-01
6.766304e-01
6.767502e-01
6.767626e-01
6.769186e-01
6.769535e-01
6.770691e-01
6.771410e-01
6.773275e-01
6.773682e-01
6.774597e-01
6.777314e-01
6.778078e-01
6.778782e-01
6.780674e-01
6.782159e-01
6.782276e-01
6.782631e-01
6.784467e-01
6.785959e-01
6.786403e-01
6.789795e-01
6.790998e-01
6.793568e-01
6.794944e-01
6.797122e-01
6.799232e-01
6.800238e-01
6.800525e-01
6.800923e-01
6.800991e-01
6.802763e-01
6.803634e-01
6.805749e-01
6.807201e-01
6.807892e-01
6.808061e-01
6.808591e-01
6.808601e-01
6.810848e-01
6.812536e-01
6.813743e-01
6.816589e-01
6.817131e-01
6.817572e-01
6.820320e-01
6.820426e-01
6.823544e-01
6.824652e-01
6.825161e-01
6.826420e-01
6.828369e-01
6.832150e-01
6.832916e-01
6.833307e-01
6.835168e-01
6.835831e-01
6.836473e-01
6.838389e-01
6.839274e-01
6.839626e-01
6.842572e-01
6.844041e-01
6.846094e-01
6.846168e-01
6.846796e-01
6.852299e-01
6.852966e-01
6.855135e-01
6.856376e-01
6.856487e-01
6.856705e-01
6.858102e-01
6.860457e-01
6.865458e-01
6.866447e-01
6.869310e-01
6.871902e-01
6.874218e-01
6.874620e-01
6.875006e-01
6.878515e-01
6.878767e-01
6.878844e-01
6.880160e-01
6.883145e-01
6.883633e-01
6.884710e-01
6.885907e-01
6.890091e-01
6.891967e-01
6.893587e-01
6.893647e-01
6.895061e-01
6.895275e-01
6.898714e-01
6.899588e-01
6.899734e-01
6.902985e-01
6.904197e-01
6.907593e-01
6.907656e-01
6.908502e-01
6.910183e-01
6.911248e-01
6.912315e-01
6.915305e-01
6.917064e-01
6.918680e-01
6.921050e-01
6.923196e-01
6.925011e-01
6.925458e-01
6.927914e-01
6.929894e-01
6.931534e-01
6.932443e-01
6.933321e-01
6.933619e-01
6.936992e-01
6.937818e-01
6.941076e-01
6.944279e-01
6.946674e-01
6.947758e-01
6.952015e-01
6.952342e-01
6.953315e-01
6.953934e-01
6.954865e-01
6.957468e-01
6.958029e-01
6.961265e-01
6.966265e-01
6.966267e-01
6.968340e-01
6.969333e-01
6.969372e-01
6.972271e-01
6.972954e-01
6.973436e-01
6.976195e-01
6.976542e-01
6.978610e-01
6.980711e-01
6.980806e-01
6.985153e-01
6.985179e-01
6.989147e-01
6.989771e-01
6.990194e-01
6.993012e-01
6.993892e-01
6.995267e-01
6.997091e-01
6.997311e-01
6.997852e-01
6.998395e-01
6.998465e-01
6.999830e-01
7.002500e-01
7.003019e-01
7.005617e-01
7.006128e-01
7.009317e-01
7.010790e-01
7.012820e-01
7.013900e-01
7.014227e-01
7.015604e-01
7.017425e-01
7.017921e-01
7.018639e-01
7.019438e-01
7.019834e-01
7.021232e-01
7.023525e-01
7.026318e-01
7.027828e-01
7.029417e-01
7.034191e-01
7.034556e-01
7.034636e-01
7.036410e-01
7.038402e-01
7.038627e-01
7.040653e-01
7.043142e-01
7.043836e-01
7.044387e-01
7.050076e-01
7.050370e-01
7.053786e-01
7.054994e-01
7.055161e-01
7.055620e-01
7.061891e-01
7.063854e-01
7.064600e-01
7.065069e-01
7.066445e-01
7.067414e-01
7.068494e-01
7.070367e-01
7.075124e-01
7.075393e-01
7.076623e-01
7.077743e-01
7.078893e-01
7.082290e-01
7.085046e-01
7.085797e-01
7.087752e-01
7.090852e-01
7.090911e-01
7.091821e-01
7.093010e-01
7.093829e-01
7.096673e-01
7.097938e-01
7.098881e-01
7.100821e-01
7.101309e-01
7.104233e-01
7.109644e-01
7.110546e-01
7.112814e-01
7.116378e-01
7.116949e-01
7.118801e-01
7.120708e-01
7.121201e-01
7.124260e-01
7.124470e-01
7.126842e-01
7.127061e-01
7.127502e-01
7.128402e-01
7.128747e-01
7.129707e-01
7.131826e-01
7.132455e-01
7.133434e-01
7.134553e-01
7.136320e-01
7.136698e-01
7.138939e-01
7.139930e-01
7.140888e-01
7.142983e-01
7.144661e-01
7.145680e-01
7.146512e-01
7.149219e-01
7.149987e-01
7.150779e-01
7.156765e-01
7.157031e-01
7.157260e-01
7.159734e-01
7.160603e-01
7.161632e-01
7.165836e-01
7.168705e-01
7.168727e-01
7.170485e-01
7.171165e-01
7.172432e-01
7.174984e-01
7.175969e-01
7.177834e-01
7.180283e-01
7.180742e-01
7.180881e-01
7.182898e-01
7.184727e-01
7.188676e-01
7.189066e-01
7.189304e-01
7.194309e-01
7.194891e-01
7.195397e-01
7.198657e-01
7.199894e-01
7.200279e-01
7.201797e-01
7.201830e-01
7.201898e-01
7.204417e-01
7.207015e-01
7.209205e-01
7.210595e-01
7.211393e-01
7.213428e-01
7.213613e-01
7.214687e-01
7.216443e-01
7.217233e-01
7.220448e-01
7.221029e-01
7.221840e-01
7.222613e-01
7.224494e-01
7.228544e-01
7.229294e-01
7.232773e-01
7.233527e-01
7.233805e-01
7.234082e-01
7.234377e-01
7.234991e-01
7.236727e-01
7.240326e-01
7.242791e-01
7.243117e-01
7.244704e-01
7.245500e-01
7.247854e-01
7.247970e-01
7.248983e-01
7.250674e-01
7.253248e-01
7.254054e-01
7.255190e-01
7.256856e-01
7.259875e-01
7.260291e-01
7.261808e-01
7.265689e-01
7.266915e-01
7.268545e-01
7.270473e-01
7.271799e-01
7.275994e-01
7.276101e-01
7.276336e-01
7.277651e-01
7.277684e-01
7.279834e-01
7.280021e-01
7.281906e-01
7.283627e-01
7.286004e-01
7.289464e-01
7.289480e-01
7.289911e-01
7.291732e-01
7.292348e-01
7.295702e-01
7.295803e-01
7.296529e-01
7.296712e-01
7.302819e-01
7.305137e-01
7.305568e-01
7.305830e-01
7.306054e-01
7.309579e-01
7.310965e-01
7.311144e-01
7.311726e-01
7.315293e-01
7.315629e-01
7.316937e-01
7.317615e-01
7.319081e-01
7.320749e-01
7.321158e-01
7.322801e-01
7.323834e-01
7.324603e-01
7.325825e-01
7.327512e-01
7.328557e-01
7.330028e-01
7.331520e-01
7.332263e-01
7.334802e-01
7.336626e-01
7.338808e-01
7.340797e-01
7.340890e-01
7.342208e-01
7.344197e-01
7.346898e-01
7.348245e-01
7.351380e-01
7.353907e-01
7.355052e-01
7.361735e-01
7.362108e-01
7.363427e-01
7.364107e-01
7.364927e-01
7.364997e-01
7.369237e-01
7.369921e-01
7.374008e-01
7.375503e-01
7.379506e-01
7.380638e-01
7.382952e-01
7.385782e-01
7.388945e-01
7.390194e-01
7.392197e-01
7.395234e-01
7.395486e-01
7.395853e-01
7.401963e-01
7.402824e-01
7.403437e-01
7.406709e-01
7.409758e-01
7.412055e-01
7.412597e-01
7.414564e-01
7.415367e-01
7.418611e-01
7.419148e-01
7.419498e-01
7.424120e-01
7.424217e-01
7.425598e-01
7.426406e-01
7.429821e-01
7.430134e-01
7.434008e-01
7.436200e-01
7.442121e-01
7.442431e-01
7.445690e-01
7.446770e-01
7.447998e-01
7.449200e-01
7.449994e-01
7.454506e-01
7.455664e-01
7.458623e-01
7.459895e-01
7.459944e-01
7.464925e-01
7.465046e-01
7.467214e-01
7.469128e-01
7.470759e-01
7.472461e-01
7.474977e-01
7.476915e-01
7.478547e-01
7.478815e-01
7.479592e-01
7.484984e-01
7.485443e-01
7.487703e-01
7.488948e-01
7.490632e-01
7.491075e-01
7.491362e-01
7.492236e-01
7.494833e-01
7.499707e-01
7.500572e-01
7.500776e-01
7.500877e-01
7.501348e-01
7.503278e-01
7.507732e-01
7.508143e-01
7.508164e-01
7.512932e-01
7.513183e-01
7.515707e-01
7.515838e-01
7.518296e-01
7.520607e-01
7.521498e-01
7.523833e-01
7.525738e-01
7.525901e-01
7.527972e-01
7.529429e-01
7.531961e-01
7.532591e-01
7.535259e-01
7.535484e-01
7.538466e-01
7.538790e-01
7.539421e-01
7.539707e-01
7.543836e-01
7.546104e-01
7.548592e-01
7.550162e-01
7.550593e-01
7.552631e-01
7.553752e-01
7.554418e-01
7.557473e-01
7.559994e-01
7.561940e-01
7.563212e-01
7.563575e-01
7.565147e-01
7.567993e-01
7.569946e-01
7.572845e-01
7.574335e-01
7.575737e-01
7.578021e-01
7.579013e-01
7.579074e-01
7.581653e-01
7.581970e-01
7.583178e-01
7.589204e-01
7.591408e-01
7.592269e-01
7.595936e-01
7.596029e-01
7.598397e-01
7.599617e-01
7.601145e-01
7.602353e-01
7.603443e-01
7.603826e-01
7.605270e-01
7.606977e-01
7.610527e-01
7.610903e-01
7.612945e-01
7.613702e-01
7.616080e-01
7.623405e-01
7.623709e-01
7.624186e-01
7.627081e-01
7.629987e-01
7.630620e-01
7.632175e-01
7.632178e-01
7.636836e-01
7.639365e-01
7.639506e-01
7.640927e-01
7.643636e-01
7.645828e-01
7.647572e-01
7.649148e-01
7.650856e-01
7.653047e-01
7.653356e-01
7.654167e-01
7.654211e-01
7.654920e-01
7.662840e-01
7.665540e-01
7.666480e-01
7.668616e-01
7.669591e-01
7.670490e-01
7.673442e-01
7.674071e-01
7.675031e-01
7.676808e-01
7.678704e-01
7.678776e-01
7.680438e-01
7.681992e-01
7.683514e-01
7.683633e-01
7.690680e-01
7.690922e-01
7.693022e-01
7.693710e-01
7.696835e-01
7.698703e-01
7.700017e-01
7.700797e-01
7.701057e-01
7.701804e-01
7.702970e-01
7.703898e-01
7.708693e-01
7.711602e-01
7.713260e-01
7.713457e-01
7.717168e-01
7.717662e-01
7.719319e-01
7.720814e-01
7.720979e-01
7.723337e-01
7.724490e-01
7.728512e-01
7.729005e-01
7.733271e-01
7.736338e-01
7.736863e-01
7.737414e-01
7.742528e-01
7.743912e-01
7.750426e-01
7.752444e-01
7.752749e-01
7.753208e-01
7.757401e-01
7.758594e-01
7.759819e-01
7.760524e-01
7.762315e-01
7.762896e-01
7.765645e-01
7.767523e-01
7.767904e-01
7.768994e-01
7.770999e-01
7.772413e-01
7.776038e-01
7.777675e-01
7.778463e-01
7.780597e-01
7.781977e-01
7.782827e-01
7.783201e-01
7.788002e-01
7.789670e-01
7.790068e-01
7.793962e-01
7.794932e-01
7.795413e-01
7.795603e-01
7.797816e-01
7.798092e-01
7.804031e-01
7.804668e-01
7.808167e-01
7.810639e-01
7.812980e-01
7.813916e-01
7.814407e-01
7.819692e-01
7.820643e-01
7.822346e-01
7.822363e-01
7.823242e-01
7.826317e-01
7.827919e-01
7.831850e-01
7.832739e-01
7.833943e-01
7.836318e-01
7.836439e-01
7.839835e-01
7.840422e-01
7.852003e-01
7.855500e-01
7.857662e-01
7.859070e-01
7.863613e-01
7.864546e-01
7.865359e-01
7.866526e-01
7.867472e-01
7.869440e-01
7.873688e-01
7.875600e-01
7.875843e-01
7.876561e-01
7.877160e-01
7.879442e-01
7.880705e-01
7.887094e-01
7.888002e-01
7.892659e-01
7.898500e-01
7.900257e-01
7.901598e-01
7.902268e-01
7.902349e-01
7.905406e-01
7.909245e-01
7.909622e-01
7.911333e-01
7.914243e-01
7.916144e-01
7.918248e-01
7.919064e-01
7.919742e-01
7.922052e-01
7.922434e-01
7.925675e-01
7.938248e-01
7.941241e-01
7.941895e-01
7.943586e-01
7.953320e-01
7.972138e-01
7.973214e-01
7.984219e-01
7.985099e-01
7.988058e-01
7.993171e-01
7.994832e-01
7.995699e-01
7.997677e-01
7.999596e-01
7.999603e-01
8.003131e-01
8.005095e-01
8.006382e-01
8.007146e-01
8.010923e-01
8.011618e-01
8.014620e-01
8.014684e-01
8.023687e-01
8.023792e-01
8.027911e-01
8.028143e-01
8.028600e-01
8.032867e-01
8.035339e-01
8.037266e-01
8.039058e-01
8.046859e-01
8.047242e-01
8.058458e-01
8.061195e-01
8.063660e-01
8.063691e-01
8.068362e-01
8.070453e-01
8.071383e-01
8.071762e-01
8.072224e-01
8.072313e-01
8.073541e-01
8.075714e-01
8.077550e-01
8.078664e-01
8.079715e-01
8.091357e-01
8.092363e-01
8.094959e-01
8.096996e-01
8.097733e-01
8.106545e-01
8.109376e-01
8.112822e-01
8.120097e-01
8.123878e-01
8.124339e-01
8.126896e-01
8.127568e-01
8.129901e-01
8.130823e-01
8.133208e-01
8.135636e-01
8.141191e-01
8.141392e-01
8.144641e-01
8.149813e-01
8.154553e-01
8.155003e-01
8.157652e-01
8.162498e-01
8.163769e-01
8.166909e-01
8.168178e-01
8.169629e-01
8.173435e-01
8.173476e-01
8.174153e-01
8.174997e-01
8.180149e-01
8.183328e-01
8.183922e-01
8.186329e-01
8.186717e-01
8.187871e-01
8.194654e-01
8.195197e-01
8.195859e-01
8.197013e-01
8.197940e-01
8.201913e-01
8.213086e-01
8.220554e-01
8.222189e-01
8.228140e-01
8.229636e-01
8.229878e-01
8.230454e-01
8.234368e-01
8.234959e-01
8.238014e-01
8.243039e-01
8.243170e-01
8.245464e-01
8.246379e-01
8.246698e-01
8.248034e-01
8.256774e-01
8.258562e-01
8.276842e-01
8.284426e-01
8.290514e-01
8.292515e-01
8.293635e-01
8.293945e-01
8.314872e-01
8.315200e-01
8.331905e-01
8.332699e-01
8.337494e-01
8.338707e-01
8.340450e-01
8.342902e-01
8.343610e-01
8.350261e-01
8.364011e-01
8.368585e-01
8.378200e-01
8.378495e-01
8.382450e-01
8.382471e-01
8.390008e-01
8.392063e-01
8.396468e-01
8.402801e-01
8.404727e-01
8.405898e-01
8.415443e-01
8.423970e-01
8.423999e-01
8.427203e-01
8.430440e-01
8.430695e-01
8.431478e-01
8.432070e-01
8.433517e-01
8.434032e-01
8.435354e-01
8.435889e-01
8.439715e-01
8.439812e-01
8.449453e-01
8.450012e-01
8.450151e-01
8.450339e-01
8.489979e-01
8.491132e-01
8.515769e-01
8.516030e-01
8.520751e-01
8.521946e-01
8.534630e-01
8.535707e-01
8.540640e-01
8.540642e-01
8.552665e-01
8.554568e-01
8.558428e-01
8.559545e-01
8.566721e-01
8.566814e-01
8.570143e-01
8.577484e-01
8.579335e-01
8.585788e-01
8.588007e-01
8.588856e-01
8.603519e-01
8.603590e-01
8.606937e-01
8.608410e-01
8.616167e-01
8.617500e-01
8.675869e-01
8.676176e-01
8.678058e-01
8.678783e-01
8.692963e-01
8.695617e-01
8.711137e-01
8.711202e-01
8.712057e-01
8.712861e-01
8.718364e-01
8.718535e-01
8.727640e-01
8.728103e-01
8.743218e-01
8.743437e-01
8.758151e-01
8.758265e-01
8.779997e-01
8.780371e-01
8.823936e-01
8.824183e-01
8.836099e-01
8.837611e-01
8.856780e-01
8.856887e-01
8.868450e-01
8.868995e-01
8.869187e-01
8.869476e-01
8.909676e-01
8.909836e-01
8.922594e-01
8.923243e-01
8.928098e-01
8.928532e-01
8.946501e-01
8.947078e-01
8.965837e-01
8.965854e-01
9.028648e-01
9.029243e-01
9.029258e-01
9.029929e-01
9.053564e-01
9.054187e-01
9.214300e-01
9.214324e-01
9.229056e-01
9.229068e-01
9.239369e-01
9.239376e-01
9.304894e-01
9.304909e-01
9.305119e-01
9.305123e-01
9.306947e-01
9.307010e-01
9.371633e-01
9.371714e-01
9.408220e-01
9.408228e-01
9.469155e-01
9.469164e-01
9.506573e-01
9.506594e-01
9.560569e-01
9.560594e-01
9.961723e-01
9.961727e-01
9.999994e-01
1.000000e+00
