# SF-29 N2 candidate (i) i1 field=lester_brk eps=0.25 N=16: sorted relative singular values of the dense central-FD Jacobian at the converged state (rows F_i=-q(L_i-S_i); outlet rows (2q/h)(vperp_in-c_perp); smax=2.541346e+03)
8.345812e-04
8.710360e-04
8.741079e-04
8.795112e-04
8.799294e-04
8.805692e-04
8.837877e-04
8.890298e-04
8.926063e-04
8.982970e-04
9.013720e-04
9.079317e-04
9.130809e-04
9.309540e-04
9.543374e-04
9.546821e-04
9.566343e-04
9.715031e-04
9.809788e-04
9.981069e-04
1.034159e-03
1.034792e-03
1.114729e-03
1.115243e-03
1.164979e-03
1.165092e-03
1.222048e-03
1.223422e-03
1.368051e-03
1.368057e-03
1.405014e-03
1.408602e-03
1.409615e-03
1.412811e-03
1.446645e-03
1.449905e-03
2.813627e-03
2.815901e-03
2.865131e-03
2.867123e-03
2.961179e-03
2.961463e-03
3.028332e-03
3.031844e-03
5.138264e-03
5.138265e-03
5.149439e-03
5.149455e-03
5.156938e-03
5.161000e-03
5.166739e-03
5.169581e-03
7.537930e-03
7.538310e-03
7.543362e-03
7.568985e-03
7.618857e-03
7.701747e-03
7.755519e-03
7.774719e-03
7.774722e-03
7.785601e-03
7.803650e-03
7.818010e-03
7.890435e-03
7.893294e-03
7.913563e-03
7.920626e-03
7.952293e-03
7.969310e-03
7.970434e-03
7.975012e-03
7.986135e-03
7.997064e-03
8.005359e-03
8.012516e-03
8.027523e-03
8.035592e-03
8.114416e-03
8.123218e-03
8.193834e-03
8.206403e-03
8.244030e-03
8.267957e-03
8.306283e-03
8.367215e-03
8.429008e-03
8.453349e-03
8.454208e-03
8.479121e-03
8.507094e-03
8.508542e-03
8.516144e-03
8.525959e-03
8.577176e-03
8.608970e-03
8.613193e-03
8.686122e-03
8.718938e-03
8.733131e-03
9.733504e-03
9.742503e-03
9.797193e-03
9.806263e-03
1.019376e-02
1.020061e-02
1.027242e-02
1.028360e-02
1.037087e-02
1.037094e-02
1.043019e-02
1.043568e-02
1.058612e-02
1.058651e-02
1.064103e-02
1.066426e-02
1.227020e-02
1.227383e-02
1.227684e-02
1.228162e-02
1.235916e-02
1.236408e-02
1.237657e-02
1.238299e-02
1.254276e-02
1.254973e-02
1.258431e-02
1.267518e-02
1.277447e-02
1.280710e-02
1.281763e-02
1.294020e-02
1.348722e-02
1.390621e-02
1.400712e-02
1.407775e-02
1.411488e-02
1.417739e-02
1.422083e-02
1.430058e-02
1.438327e-02
1.448646e-02
1.450113e-02
1.458536e-02
1.458959e-02
1.482985e-02
1.483315e-02
1.485013e-02
1.488266e-02
1.488429e-02
1.489710e-02
1.491075e-02
1.499679e-02
1.501178e-02
1.501327e-02
1.526155e-02
1.575802e-02
1.575823e-02
1.595456e-02
1.595458e-02
1.627421e-02
1.627768e-02
1.629062e-02
1.629393e-02
1.762430e-02
1.762624e-02
1.766252e-02
1.766837e-02
1.770004e-02
1.772481e-02
1.772681e-02
1.773063e-02
1.773862e-02
1.773877e-02
1.778237e-02
1.778594e-02
1.970166e-02
1.976726e-02
1.991958e-02
1.998857e-02
2.008063e-02
2.009115e-02
2.013820e-02
2.016135e-02
2.066310e-02
2.073923e-02
2.101575e-02
2.106435e-02
2.138890e-02
2.155519e-02
2.163839e-02
2.177303e-02
2.177556e-02
2.181282e-02
2.182844e-02
2.183075e-02
2.185637e-02
2.186867e-02
2.193355e-02
2.193737e-02
2.193774e-02
2.196486e-02
2.197029e-02
2.199331e-02
2.199332e-02
2.199408e-02
2.200802e-02
2.204735e-02
2.213216e-02
2.213668e-02
2.214748e-02
2.218643e-02
2.219692e-02
2.222523e-02
2.228172e-02
2.233287e-02
2.233922e-02
2.237456e-02
2.241289e-02
2.246153e-02
2.254341e-02
2.257239e-02
2.258536e-02
2.261369e-02
2.262079e-02
2.265541e-02
2.279178e-02
2.282436e-02
2.285159e-02
2.285587e-02
2.291022e-02
2.293557e-02
2.332831e-02
2.341906e-02
2.341995e-02
2.351317e-02
2.372917e-02
2.378074e-02
2.390672e-02
2.392988e-02
2.400005e-02
2.414487e-02
2.424080e-02
2.434097e-02
2.460322e-02
2.462818e-02
2.465648e-02
2.466866e-02
2.481644e-02
2.481805e-02
2.484822e-02
2.485649e-02
2.546145e-02
2.546248e-02
2.568067e-02
2.568370e-02
2.585819e-02
2.586960e-02
2.595301e-02
2.595580e-02
2.610830e-02
2.615244e-02
2.622597e-02
2.628766e-02
2.640095e-02
2.640244e-02
2.646989e-02
2.647068e-02
2.662347e-02
2.663461e-02
2.666520e-02
2.669264e-02
2.918923e-02
2.918965e-02
2.926277e-02
2.926611e-02
2.929021e-02
2.930396e-02
2.936267e-02
2.937909e-02
2.989825e-02
2.989929e-02
2.992233e-02
2.992319e-02
3.129470e-02
3.129783e-02
3.136663e-02
3.136920e-02
3.138581e-02
3.139630e-02
3.143453e-02
3.145685e-02
3.330946e-02
3.331191e-02
3.334082e-02
3.334366e-02
3.371168e-02
3.380503e-02
3.387954e-02
3.395199e-02
3.396490e-02
3.399872e-02
3.401933e-02
3.410459e-02
3.433239e-02
3.433248e-02
3.465914e-02
3.465976e-02
3.467735e-02
3.467874e-02
3.486676e-02
3.487079e-02
3.499400e-02
3.510509e-02
3.547611e-02
3.557221e-02
3.559811e-02
3.564961e-02
3.568161e-02
3.570909e-02
3.571150e-02
3.576650e-02
3.578423e-02
3.581297e-02
3.589517e-02
3.594896e-02
3.597448e-02
3.600323e-02
3.600968e-02
3.609305e-02
3.610320e-02
3.616800e-02
3.616836e-02
3.618786e-02
3.621984e-02
3.625754e-02
3.625778e-02
3.629330e-02
3.633623e-02
3.638251e-02
3.857482e-02
3.857600e-02
3.862628e-02
3.862873e-02
3.881213e-02
3.881280e-02
3.888186e-02
3.888343e-02
4.126302e-02
4.126834e-02
4.141395e-02
4.141467e-02
4.192177e-02
4.192865e-02
4.197351e-02
4.197374e-02
4.219691e-02
4.227205e-02
4.228169e-02
4.252744e-02
4.257935e-02
4.269154e-02
4.269272e-02
4.271448e-02
4.273156e-02
4.274500e-02
4.276773e-02
4.287474e-02
4.293168e-02
4.293475e-02
4.294231e-02
4.302135e-02
4.312316e-02
4.312373e-02
4.313263e-02
4.317555e-02
4.317763e-02
4.320644e-02
4.321078e-02
4.322084e-02
4.322146e-02
4.324421e-02
4.326643e-02
4.327866e-02
4.334349e-02
4.334371e-02
4.343597e-02
4.345237e-02
4.348790e-02
4.356961e-02
4.358075e-02
4.361524e-02
4.366732e-02
4.369892e-02
4.372758e-02
4.380983e-02
4.460719e-02
4.466401e-02
4.466680e-02
4.479898e-02
4.494606e-02
4.506911e-02
4.508075e-02
4.512581e-02
4.564245e-02
4.589170e-02
4.600067e-02
4.600895e-02
4.601086e-02
4.601928e-02
4.619377e-02
4.621689e-02
4.633238e-02
4.650023e-02
4.654455e-02
4.659552e-02
4.660810e-02
4.661151e-02
4.662945e-02
4.666569e-02
4.668709e-02
4.670131e-02
4.679662e-02
4.687366e-02
4.687520e-02
4.691387e-02
4.696017e-02
4.703045e-02
4.732557e-02
4.748399e-02
4.764138e-02
4.770708e-02
4.788735e-02
4.790277e-02
4.795575e-02
4.795635e-02
4.803579e-02
4.803686e-02
4.803738e-02
4.816802e-02
4.889915e-02
4.891991e-02
4.901707e-02
4.902479e-02
4.938880e-02
4.958545e-02
4.959440e-02
4.963647e-02
4.980285e-02
4.989486e-02
4.989494e-02
4.994378e-02
4.998752e-02
5.006678e-02
5.007051e-02
5.011458e-02
5.015053e-02
5.025480e-02
5.032356e-02
5.061190e-02
5.064671e-02
5.066255e-02
5.067853e-02
5.083655e-02
5.208168e-02
5.208169e-02
5.215816e-02
5.215818e-02
5.326732e-02
5.326912e-02
5.337588e-02
5.342003e-02
5.355585e-02
5.357640e-02
5.360767e-02
5.373529e-02
5.380177e-02
5.382055e-02
5.392840e-02
5.396548e-02
5.404946e-02
5.425076e-02
5.430714e-02
5.435014e-02
5.443684e-02
5.459527e-02
5.463631e-02
5.464756e-02
5.488999e-02
5.503096e-02
5.517015e-02
5.520995e-02
5.556694e-02
5.581853e-02
5.597610e-02
5.613490e-02
5.614066e-02
5.615245e-02
5.627184e-02
5.633248e-02
5.648144e-02
5.652725e-02
5.673412e-02
5.680410e-02
5.683894e-02
5.683989e-02
5.696620e-02
5.701170e-02
5.705695e-02
5.706316e-02
5.708740e-02
5.719643e-02
5.760244e-02
5.760278e-02
5.760483e-02
5.763072e-02
5.763370e-02
5.765421e-02
5.786563e-02
5.795708e-02
5.934405e-02
5.935232e-02
5.937870e-02
5.939187e-02
5.962760e-02
5.964087e-02
5.968685e-02
5.968806e-02
5.995352e-02
5.997788e-02
6.005753e-02
6.009615e-02
6.010773e-02
6.014663e-02
6.039471e-02
6.041478e-02
6.131790e-02
6.150183e-02
6.252812e-02
6.256355e-02
6.257979e-02
6.277987e-02
6.282315e-02
6.282789e-02
6.327448e-02
6.354630e-02
6.391346e-02
6.391658e-02
6.393491e-02
6.393503e-02
6.429059e-02
6.438258e-02
6.454583e-02
6.454679e-02
6.487822e-02
6.506545e-02
6.507410e-02
6.507559e-02
6.509671e-02
6.518181e-02
6.687963e-02
6.688665e-02
6.689256e-02
6.701641e-02
6.704085e-02
6.705018e-02
6.724805e-02
6.805090e-02
6.806116e-02
6.823830e-02
6.825023e-02
6.877506e-02
6.894613e-02
6.896987e-02
6.913505e-02
6.932234e-02
6.932895e-02
6.938569e-02
6.942063e-02
6.948989e-02
6.952188e-02
6.953917e-02
6.955422e-02
6.958149e-02
6.959460e-02
6.959765e-02
6.963353e-02
6.965020e-02
6.967475e-02
6.979720e-02
6.980246e-02
6.984421e-02
6.987420e-02
6.995921e-02
6.997970e-02
7.002761e-02
7.003061e-02
7.010817e-02
7.012368e-02
7.013478e-02
7.014377e-02
7.021011e-02
7.022747e-02
7.029733e-02
7.033124e-02
7.033818e-02
7.035176e-02
7.036926e-02
7.038423e-02
7.040168e-02
7.055393e-02
7.064760e-02
7.072127e-02
7.073010e-02
7.079617e-02
7.085904e-02
7.086702e-02
7.092677e-02
7.096978e-02
7.122300e-02
7.136924e-02
7.140737e-02
7.147366e-02
7.149871e-02
7.169081e-02
7.177617e-02
7.197864e-02
7.200456e-02
7.204231e-02
7.244265e-02
7.269931e-02
7.299947e-02
7.401449e-02
7.408369e-02
7.429090e-02
7.433863e-02
7.437970e-02
7.447860e-02
7.471209e-02
7.475491e-02
7.493667e-02
7.494826e-02
7.494863e-02
7.499570e-02
7.499985e-02
7.514861e-02
7.527012e-02
7.531160e-02
7.532208e-02
7.533945e-02
7.547642e-02
7.553559e-02
7.561397e-02
7.575628e-02
7.582773e-02
7.587167e-02
7.588106e-02
7.589146e-02
7.609521e-02
7.609719e-02
7.620855e-02
7.629213e-02
7.631130e-02
7.631797e-02
7.644520e-02
7.654870e-02
7.655176e-02
7.658632e-02
7.659715e-02
7.663101e-02
7.663262e-02
7.671931e-02
7.677893e-02
7.678937e-02
7.681963e-02
7.693920e-02
7.728965e-02
7.729717e-02
7.733232e-02
7.734953e-02
7.751887e-02
7.772444e-02
7.772727e-02
7.795054e-02
7.796148e-02
7.798569e-02
7.801546e-02
7.818889e-02
7.822066e-02
7.830197e-02
7.832557e-02
7.841296e-02
7.846396e-02
7.852546e-02
7.855669e-02
7.862803e-02
7.863088e-02
7.869543e-02
7.889022e-02
7.927581e-02
7.930788e-02
7.936094e-02
7.936365e-02
7.946208e-02
7.951957e-02
7.968529e-02
7.970764e-02
8.014553e-02
8.017536e-02
8.032202e-02
8.034244e-02
8.082956e-02
8.096043e-02
8.106536e-02
8.126209e-02
8.139191e-02
8.144645e-02
8.146410e-02
8.158232e-02
8.159549e-02
8.184221e-02
8.198195e-02
8.230887e-02
8.244178e-02
8.264396e-02
8.283219e-02
8.302547e-02
8.319518e-02
8.341053e-02
8.343403e-02
8.349525e-02
8.351752e-02
8.353891e-02
8.370088e-02
8.376480e-02
8.393524e-02
8.394186e-02
8.396398e-02
8.406636e-02
8.406711e-02
8.414224e-02
8.419538e-02
8.427371e-02
8.427828e-02
8.498626e-02
8.522344e-02
8.525480e-02
8.549659e-02
8.552531e-02
8.558401e-02
8.562159e-02
8.562910e-02
8.605643e-02
8.610378e-02
8.624105e-02
8.624157e-02
8.646615e-02
8.647017e-02
8.650917e-02
8.651500e-02
8.659708e-02
8.660765e-02
8.668222e-02
8.669306e-02
8.674756e-02
8.674859e-02
8.687910e-02
8.689097e-02
8.968351e-02
8.969699e-02
8.973662e-02
8.976316e-02
9.013681e-02
9.020839e-02
9.023334e-02
9.030116e-02
9.031063e-02
9.050112e-02
9.054086e-02
9.072718e-02
9.080568e-02
9.098203e-02
9.103082e-02
9.103967e-02
9.110518e-02
9.113418e-02
9.115106e-02
9.122885e-02
9.171639e-02
9.175808e-02
9.177078e-02
9.177532e-02
9.182563e-02
9.182568e-02
9.185101e-02
9.189212e-02
9.189218e-02
9.189343e-02
9.189422e-02
9.196979e-02
9.267148e-02
9.276419e-02
9.277776e-02
9.283398e-02
9.341100e-02
9.346519e-02
9.387570e-02
9.534918e-02
9.610746e-02
9.611151e-02
9.651862e-02
9.660839e-02
9.668746e-02
9.673914e-02
9.674400e-02
9.679631e-02
9.682779e-02
9.689353e-02
9.700969e-02
9.701666e-02
9.709156e-02
9.714634e-02
9.733370e-02
9.733689e-02
9.770256e-02
9.770280e-02
9.775056e-02
9.775142e-02
9.867835e-02
9.876423e-02
9.907581e-02
9.910594e-02
9.914129e-02
9.916130e-02
9.919132e-02
9.925727e-02
9.927709e-02
1.000656e-01
1.001288e-01
1.002373e-01
1.002532e-01
1.004609e-01
1.004616e-01
1.005252e-01
1.005259e-01
1.006621e-01
1.006761e-01
1.016174e-01
1.017024e-01
1.018929e-01
1.019172e-01
1.019763e-01
1.020466e-01
1.021223e-01
1.021529e-01
1.021912e-01
1.022019e-01
1.022238e-01
1.023394e-01
1.023444e-01
1.024347e-01
1.024723e-01
1.024730e-01
1.025615e-01
1.025869e-01
1.026609e-01
1.027360e-01
1.028429e-01
1.028510e-01
1.028984e-01
1.029749e-01
1.030703e-01
1.030830e-01
1.031516e-01
1.032250e-01
1.032723e-01
1.034357e-01
1.035175e-01
1.035567e-01
1.036309e-01
1.036341e-01
1.037687e-01
1.039123e-01
1.039355e-01
1.039771e-01
1.039953e-01
1.040169e-01
1.040563e-01
1.041487e-01
1.042113e-01
1.042967e-01
1.043521e-01
1.043750e-01
1.043802e-01
1.045938e-01
1.046157e-01
1.046864e-01
1.046947e-01
1.048681e-01
1.048718e-01
1.049411e-01
1.049486e-01
1.051834e-01
1.052332e-01
1.064141e-01
1.064142e-01
1.065098e-01
1.065343e-01
1.065821e-01
1.066487e-01
1.066966e-01
1.067339e-01
1.068814e-01
1.069502e-01
1.069571e-01
1.069822e-01
1.070412e-01
1.070788e-01
1.071721e-01
1.073201e-01
1.079981e-01
1.079986e-01
1.084772e-01
1.084819e-01
1.086448e-01
1.086461e-01
1.092161e-01
1.092197e-01
1.094682e-01
1.095239e-01
1.095925e-01
1.096500e-01
1.096854e-01
1.097564e-01
1.098313e-01
1.098322e-01
1.098478e-01
1.099519e-01
1.100581e-01
1.102622e-01
1.103613e-01
1.103627e-01
1.103734e-01
1.104065e-01
1.104095e-01
1.104231e-01
1.105158e-01
1.105303e-01
1.105335e-01
1.105339e-01
1.105559e-01
1.105860e-01
1.106604e-01
1.106911e-01
1.107377e-01
1.107660e-01
1.108304e-01
1.108925e-01
1.109148e-01
1.111148e-01
1.111263e-01
1.111577e-01
1.111668e-01
1.111989e-01
1.112556e-01
1.112784e-01
1.113215e-01
1.113363e-01
1.115080e-01
1.115240e-01
1.116678e-01
1.117531e-01
1.118780e-01
1.120005e-01
1.128570e-01
1.132131e-01
1.132743e-01
1.133798e-01
1.134305e-01
1.135347e-01
1.135934e-01
1.136267e-01
1.137808e-01
1.138516e-01
1.139986e-01
1.141953e-01
1.142574e-01
1.143374e-01
1.146714e-01
1.147487e-01
1.153532e-01
1.156694e-01
1.156727e-01
1.156855e-01
1.157114e-01
1.157560e-01
1.160496e-01
1.160631e-01
1.163191e-01
1.164776e-01
1.168231e-01
1.170625e-01
1.170853e-01
1.172476e-01
1.183308e-01
1.183309e-01
1.184228e-01
1.184358e-01
1.184680e-01
1.185267e-01
1.185478e-01
1.186234e-01
1.186485e-01
1.187318e-01
1.187958e-01
1.188268e-01
1.189311e-01
1.190177e-01
1.190204e-01
1.190773e-01
1.190963e-01
1.192326e-01
1.193163e-01
1.194189e-01
1.202668e-01
1.203220e-01
1.204603e-01
1.205132e-01
1.208499e-01
1.208704e-01
1.208958e-01
1.209136e-01
1.215606e-01
1.219107e-01
1.220663e-01
1.221020e-01
1.221718e-01
1.221837e-01
1.221889e-01
1.222317e-01
1.222454e-01
1.222778e-01
1.222785e-01
1.223035e-01
1.225349e-01
1.227920e-01
1.227924e-01
1.228005e-01
1.228214e-01
1.229342e-01
1.229458e-01
1.231985e-01
1.232628e-01
1.232745e-01
1.234030e-01
1.236432e-01
1.238841e-01
1.240254e-01
1.241066e-01
1.241382e-01
1.241579e-01
1.243080e-01
1.243303e-01
1.244618e-01
1.244863e-01
1.245466e-01
1.246613e-01
1.246691e-01
1.246937e-01
1.246965e-01
1.248090e-01
1.248178e-01
1.249530e-01
1.251834e-01
1.252097e-01
1.254546e-01
1.254648e-01
1.256061e-01
1.256628e-01
1.256760e-01
1.258270e-01
1.259074e-01
1.259663e-01
1.261692e-01
1.266648e-01
1.267382e-01
1.269601e-01
1.269702e-01
1.270073e-01
1.271567e-01
1.271778e-01
1.272029e-01
1.274697e-01
1.277276e-01
1.277773e-01
1.282010e-01
1.282021e-01
1.282672e-01
1.282686e-01
1.284891e-01
1.284939e-01
1.287156e-01
1.287572e-01
1.288983e-01
1.289126e-01
1.289365e-01
1.289381e-01
1.290104e-01
1.290436e-01
1.290574e-01
1.290708e-01
1.291595e-01
1.292130e-01
1.293032e-01
1.293485e-01
1.293559e-01
1.294223e-01
1.295273e-01
1.296042e-01
1.297316e-01
1.297438e-01
1.308424e-01
1.308929e-01
1.326620e-01
1.326632e-01
1.336556e-01
1.336889e-01
1.336907e-01
1.338661e-01
1.338707e-01
1.338836e-01
1.338838e-01
1.350220e-01
1.350238e-01
1.356517e-01
1.356564e-01
1.357132e-01
1.358289e-01
1.360459e-01
1.361620e-01
1.362026e-01
1.362329e-01
1.363293e-01
1.363399e-01
1.364558e-01
1.364592e-01
1.365585e-01
1.368201e-01
1.368633e-01
1.368638e-01
1.370693e-01
1.370695e-01
1.370777e-01
1.371314e-01
1.372490e-01
1.372551e-01
1.374179e-01
1.374704e-01
1.375647e-01
1.375650e-01
1.377854e-01
1.379223e-01
1.380720e-01
1.381719e-01
1.382522e-01
1.382764e-01
1.383427e-01
1.384861e-01
1.385274e-01
1.386294e-01
1.386326e-01
1.386905e-01
1.387707e-01
1.388078e-01
1.388476e-01
1.388627e-01
1.389074e-01
1.389194e-01
1.389787e-01
1.389887e-01
1.390525e-01
1.390841e-01
1.391125e-01
1.391723e-01
1.392190e-01
1.393780e-01
1.394643e-01
1.395504e-01
1.395582e-01
1.396480e-01
1.396839e-01
1.397025e-01
1.398735e-01
1.399903e-01
1.400083e-01
1.400913e-01
1.401219e-01
1.402337e-01
1.402605e-01
1.402724e-01
1.403637e-01
1.404112e-01
1.404178e-01
1.404929e-01
1.405041e-01
1.405669e-01
1.405731e-01
1.406339e-01
1.406492e-01
1.406957e-01
1.407281e-01
1.407300e-01
1.407526e-01
1.408639e-01
1.409465e-01
1.409896e-01
1.410134e-01
1.410405e-01
1.410886e-01
1.410907e-01
1.411542e-01
1.411935e-01
1.412098e-01
1.412951e-01
1.413222e-01
1.413788e-01
1.415179e-01
1.415214e-01
1.417213e-01
1.417238e-01
1.417488e-01
1.418362e-01
1.418833e-01
1.419042e-01
1.420990e-01
1.421010e-01
1.421826e-01
1.422445e-01
1.423718e-01
1.425008e-01
1.425909e-01
1.426201e-01
1.426236e-01
1.426389e-01
1.427144e-01
1.427841e-01
1.428693e-01
1.430775e-01
1.431611e-01
1.432618e-01
1.433775e-01
1.434019e-01
1.434783e-01
1.434939e-01
1.435801e-01
1.436212e-01
1.437495e-01
1.437735e-01
1.438442e-01
1.438446e-01
1.440517e-01
1.440798e-01
1.441440e-01
1.444445e-01
1.448180e-01
1.448566e-01
1.449327e-01
1.449708e-01
1.451745e-01
1.453412e-01
1.454653e-01
1.455344e-01
1.456448e-01
1.458201e-01
1.459324e-01
1.460391e-01
1.463402e-01
1.463643e-01
1.464594e-01
1.465550e-01
1.465992e-01
1.468726e-01
1.468980e-01
1.469571e-01
1.469690e-01
1.469978e-01
1.470263e-01
1.470325e-01
1.470363e-01
1.471234e-01
1.473351e-01
1.473495e-01
1.474232e-01
1.474429e-01
1.476063e-01
1.478282e-01
1.479049e-01
1.480226e-01
1.481128e-01
1.482841e-01
1.487352e-01
1.488092e-01
1.492528e-01
1.493053e-01
1.493070e-01
1.493262e-01
1.494096e-01
1.494758e-01
1.495745e-01
1.495887e-01
1.496067e-01
1.497788e-01
1.498269e-01
1.498392e-01
1.498703e-01
1.499415e-01
1.503443e-01
1.504841e-01
1.505550e-01
1.505973e-01
1.506462e-01
1.506822e-01
1.507902e-01
1.508056e-01
1.508192e-01
1.509556e-01
1.511034e-01
1.512859e-01
1.514911e-01
1.516394e-01
1.517146e-01
1.518332e-01
1.518695e-01
1.519523e-01
1.519754e-01
1.520264e-01
1.521463e-01
1.522432e-01
1.523342e-01
1.524244e-01
1.529726e-01
1.531382e-01
1.533083e-01
1.533386e-01
1.534828e-01
1.535535e-01
1.536273e-01
1.536452e-01
1.537078e-01
1.537828e-01
1.538842e-01
1.539200e-01
1.539726e-01
1.541375e-01
1.541519e-01
1.543143e-01
1.545039e-01
1.549463e-01
1.551024e-01
1.551267e-01
1.551367e-01
1.554196e-01
1.554417e-01
1.556653e-01
1.557676e-01
1.557907e-01
1.558233e-01
1.558727e-01
1.561155e-01
1.561972e-01
1.562179e-01
1.564361e-01
1.564583e-01
1.564640e-01
1.565994e-01
1.566252e-01
1.566918e-01
1.566993e-01
1.567896e-01
1.567927e-01
1.570118e-01
1.571148e-01
1.571664e-01
1.573066e-01
1.573175e-01
1.574115e-01
1.575010e-01
1.576343e-01
1.578900e-01
1.580455e-01
1.581801e-01
1.582256e-01
1.583936e-01
1.585499e-01
1.585608e-01
1.586137e-01
1.586944e-01
1.587249e-01
1.587422e-01
1.588308e-01
1.588462e-01
1.589233e-01
1.590802e-01
1.590897e-01
1.592432e-01
1.592536e-01
1.592740e-01
1.593790e-01
1.595420e-01
1.596216e-01
1.596360e-01
1.599591e-01
1.599963e-01
1.601767e-01
1.603062e-01
1.605465e-01
1.607485e-01
1.609177e-01
1.609228e-01
1.612706e-01
1.613533e-01
1.613585e-01
1.615338e-01
1.615498e-01
1.616778e-01
1.617474e-01
1.617745e-01
1.617797e-01
1.618352e-01
1.619161e-01
1.620286e-01
1.621808e-01
1.623261e-01
1.624473e-01
1.625808e-01
1.626469e-01
1.629460e-01
1.630308e-01
1.635493e-01
1.637576e-01
1.637629e-01
1.637664e-01
1.639371e-01
1.639700e-01
1.640365e-01
1.640414e-01
1.642884e-01
1.643088e-01
1.643222e-01
1.643497e-01
1.643507e-01
1.644326e-01
1.645830e-01
1.645885e-01
1.646144e-01
1.646517e-01
1.646715e-01
1.648468e-01
1.649974e-01
1.650013e-01
1.650078e-01
1.651624e-01
1.653481e-01
1.655116e-01
1.656290e-01
1.657710e-01
1.658006e-01
1.658865e-01
1.659150e-01
1.660295e-01
1.662780e-01
1.664052e-01
1.664382e-01
1.666493e-01
1.666784e-01
1.667463e-01
1.668578e-01
1.668855e-01
1.670928e-01
1.674617e-01
1.677503e-01
1.677825e-01
1.678909e-01
1.683971e-01
1.686154e-01
1.687863e-01
1.687908e-01
1.690979e-01
1.691590e-01
1.692079e-01
1.692559e-01
1.694354e-01
1.696579e-01
1.696668e-01
1.697728e-01
1.699493e-01
1.699585e-01
1.699674e-01
1.700257e-01
1.701177e-01
1.701662e-01
1.702294e-01
1.702692e-01
1.704170e-01
1.704852e-01
1.705266e-01
1.706014e-01
1.707573e-01
1.709015e-01
1.709668e-01
1.710061e-01
1.710098e-01
1.711160e-01
1.711611e-01
1.711667e-01
1.711895e-01
1.713139e-01
1.713429e-01
1.715788e-01
1.715900e-01
1.716335e-01
1.720303e-01
1.727591e-01
1.727786e-01
1.727810e-01
1.728105e-01
1.729949e-01
1.730014e-01
1.730717e-01
1.731621e-01
1.732394e-01
1.733072e-01
1.733340e-01
1.733890e-01
1.733995e-01
1.734138e-01
1.734759e-01
1.736467e-01
1.738067e-01
1.738379e-01
1.739117e-01
1.743083e-01
1.746688e-01
1.746966e-01
1.747974e-01
1.750084e-01
1.750231e-01
1.751364e-01
1.751430e-01
1.752018e-01
1.752418e-01
1.753601e-01
1.753720e-01
1.754778e-01
1.755855e-01
1.756691e-01
1.757048e-01
1.757130e-01
1.757484e-01
1.757576e-01
1.759284e-01
1.762226e-01
1.762982e-01
1.763243e-01
1.764370e-01
1.766223e-01
1.766981e-01
1.767762e-01
1.768044e-01
1.768083e-01
1.769040e-01
1.769527e-01
1.771846e-01
1.773242e-01
1.773431e-01
1.773535e-01
1.773815e-01
1.774835e-01
1.775392e-01
1.776019e-01
1.776954e-01
1.777019e-01
1.777241e-01
1.777722e-01
1.778000e-01
1.778255e-01
1.778774e-01
1.779391e-01
1.779451e-01
1.781026e-01
1.781037e-01
1.782402e-01
1.782685e-01
1.783028e-01
1.783734e-01
1.784381e-01
1.784941e-01
1.785510e-01
1.786068e-01
1.786499e-01
1.788153e-01
1.788616e-01
1.788832e-01
1.789838e-01
1.790234e-01
1.792167e-01
1.792647e-01
1.792901e-01
1.793160e-01
1.793571e-01
1.793637e-01
1.793815e-01
1.794945e-01
1.795226e-01
1.795412e-01
1.795665e-01
1.796019e-01
1.796695e-01
1.796697e-01
1.796778e-01
1.797159e-01
1.797922e-01
1.798286e-01
1.798312e-01
1.798454e-01
1.798701e-01
1.799202e-01
1.799421e-01
1.799477e-01
1.799945e-01
1.800330e-01
1.801475e-01
1.801529e-01
1.801642e-01
1.802245e-01
1.802497e-01
1.803437e-01
1.803673e-01
1.803807e-01
1.804132e-01
1.804578e-01
1.805093e-01
1.805122e-01
1.805357e-01
1.805931e-01
1.806207e-01
1.806802e-01
1.806970e-01
1.807000e-01
1.807582e-01
1.808024e-01
1.808136e-01
1.808512e-01
1.809260e-01
1.809777e-01
1.810392e-01
1.810453e-01
1.811163e-01
1.811170e-01
1.811511e-01
1.811997e-01
1.812591e-01
1.813356e-01
1.813870e-01
1.813873e-01
1.814156e-01
1.814284e-01
1.814542e-01
1.815685e-01
1.816103e-01
1.817229e-01
1.817949e-01
1.819229e-01
1.819589e-01
1.819687e-01
1.820194e-01
1.820535e-01
1.820587e-01
1.821883e-01
1.822263e-01
1.822702e-01
1.822819e-01
1.824008e-01
1.824374e-01
1.825417e-01
1.827114e-01
1.827297e-01
1.827585e-01
1.827696e-01
1.827768e-01
1.828083e-01
1.829607e-01
1.830014e-01
1.830175e-01
1.830433e-01
1.830569e-01
1.832011e-01
1.832971e-01
1.833116e-01
1.834108e-01
1.835904e-01
1.836207e-01
1.837398e-01
1.837472e-01
1.839273e-01
1.839872e-01
1.840002e-01
1.840681e-01
1.841753e-01
1.841889e-01
1.842473e-01
1.842479e-01
1.842825e-01
1.843395e-01
1.844104e-01
1.844129e-01
1.844235e-01
1.845277e-01
1.847117e-01
1.847463e-01
1.848180e-01
1.848232e-01
1.848352e-01
1.849047e-01
1.850022e-01
1.850183e-01
1.850472e-01
1.850748e-01
1.852230e-01
1.852597e-01
1.853648e-01
1.855002e-01
1.855185e-01
1.858133e-01
1.858190e-01
1.858941e-01
1.859527e-01
1.859590e-01
1.859748e-01
1.860174e-01
1.861305e-01
1.861661e-01
1.861968e-01
1.862246e-01
1.862352e-01
1.863148e-01
1.863602e-01
1.864039e-01
1.864402e-01
1.864432e-01
1.866232e-01
1.866447e-01
1.867447e-01
1.869275e-01
1.869286e-01
1.869683e-01
1.869914e-01
1.872256e-01
1.873432e-01
1.873634e-01
1.874130e-01
1.874753e-01
1.875383e-01
1.875718e-01
1.876601e-01
1.876635e-01
1.877519e-01
1.879022e-01
1.880059e-01
1.880225e-01
1.880568e-01
1.880734e-01
1.881326e-01
1.883168e-01
1.883502e-01
1.884321e-01
1.884774e-01
1.885061e-01
1.886579e-01
1.886627e-01
1.886655e-01
1.889663e-01
1.890681e-01
1.892340e-01
1.892660e-01
1.892795e-01
1.894415e-01
1.894684e-01
1.895774e-01
1.895889e-01
1.896213e-01
1.896321e-01
1.896949e-01
1.898936e-01
1.899085e-01
1.899399e-01
1.899544e-01
1.899639e-01
1.900735e-01
1.902626e-01
1.904881e-01
1.905487e-01
1.906652e-01
1.908690e-01
1.908901e-01
1.910192e-01
1.911069e-01
1.911305e-01
1.912582e-01
1.912893e-01
1.912963e-01
1.914122e-01
1.915131e-01
1.916828e-01
1.916961e-01
1.917612e-01
1.917874e-01
1.917943e-01
1.921174e-01
1.921674e-01
1.921980e-01
1.922477e-01
1.923652e-01
1.923955e-01
1.924237e-01
1.924625e-01
1.926188e-01
1.926670e-01
1.926718e-01
1.927183e-01
1.928949e-01
1.929637e-01
1.933984e-01
1.934816e-01
1.937125e-01
1.944545e-01
1.945761e-01
1.946389e-01
1.948008e-01
1.950416e-01
1.951055e-01
1.953231e-01
1.953575e-01
1.953651e-01
1.956893e-01
1.958543e-01
1.958938e-01
1.958995e-01
1.959027e-01
1.959236e-01
1.960103e-01
1.964000e-01
1.966705e-01
1.966931e-01
1.966979e-01
1.967829e-01
1.968622e-01
1.970230e-01
1.970528e-01
1.971804e-01
1.973351e-01
1.973621e-01
1.975012e-01
1.975375e-01
1.976210e-01
1.978284e-01
1.979185e-01
1.979371e-01
1.979995e-01
1.981279e-01
1.981664e-01
1.983507e-01
1.988019e-01
1.988619e-01
1.988681e-01
1.989073e-01
1.991005e-01
1.991431e-01
1.993484e-01
1.994003e-01
1.995895e-01
1.997950e-01
1.998323e-01
2.000151e-01
2.001557e-01
2.002028e-01
2.003384e-01
2.003767e-01
2.003781e-01
2.005976e-01
2.008801e-01
2.009285e-01
2.009843e-01
2.010410e-01
2.010872e-01
2.011095e-01
2.011295e-01
2.011578e-01
2.013275e-01
2.014868e-01
2.016901e-01
2.020114e-01
2.022361e-01
2.024397e-01
2.026115e-01
2.027783e-01
2.027839e-01
2.028554e-01
2.028942e-01
2.030868e-01
2.031319e-01
2.038427e-01
2.038584e-01
2.042246e-01
2.043087e-01
2.043604e-01
2.044771e-01
2.046202e-01
2.049007e-01
2.049598e-01
2.050681e-01
2.051261e-01
2.051790e-01
2.054964e-01
2.055308e-01
2.055929e-01
2.062773e-01
2.062959e-01
2.065256e-01
2.065259e-01
2.066205e-01
2.066892e-01
2.066933e-01
2.070842e-01
2.071364e-01
2.071545e-01
2.078578e-01
2.078865e-01
2.080741e-01
2.082855e-01
2.084071e-01
2.084726e-01
2.086427e-01
2.089372e-01
2.095028e-01
2.095055e-01
2.095077e-01
2.095291e-01
2.101024e-01
2.101468e-01
2.105133e-01
2.106387e-01
2.106531e-01
2.106954e-01
2.109539e-01
2.110649e-01
2.111427e-01
2.112691e-01
2.112866e-01
2.113188e-01
2.113218e-01
2.114740e-01
2.115599e-01
2.117959e-01
2.119361e-01
2.119415e-01
2.121508e-01
2.123770e-01
2.128476e-01
2.129506e-01
2.130252e-01
2.130396e-01
2.131929e-01
2.132303e-01
2.134330e-01
2.134494e-01
2.135901e-01
2.136160e-01
2.136758e-01
2.136777e-01
2.139891e-01
2.140393e-01
2.141092e-01
2.141912e-01
2.142693e-01
2.144314e-01
2.144317e-01
2.145586e-01
2.148180e-01
2.149044e-01
2.150259e-01
2.151351e-01
2.152700e-01
2.157447e-01
2.158324e-01
2.158916e-01
2.159106e-01
2.161090e-01
2.162226e-01
2.162900e-01
2.164368e-01
2.166903e-01
2.167450e-01
2.167848e-01
2.168144e-01
2.169188e-01
2.169826e-01
2.171864e-01
2.173388e-01
2.173399e-01
2.173799e-01
2.174752e-01
2.175279e-01
2.175913e-01
2.176189e-01
2.176767e-01
2.179500e-01
2.179770e-01
2.181516e-01
2.183110e-01
2.183808e-01
2.184434e-01
2.185679e-01
2.185775e-01
2.186318e-01
2.186794e-01
2.189347e-01
2.189541e-01
2.189916e-01
2.190330e-01
2.191029e-01
2.191508e-01
2.191711e-01
2.192152e-01
2.192965e-01
2.193075e-01
2.197890e-01
2.198409e-01
2.199848e-01
2.200010e-01
2.201196e-01
2.201581e-01
2.203565e-01
2.205185e-01
2.206553e-01
2.206585e-01
2.206728e-01
2.207154e-01
2.207205e-01
2.208658e-01
2.209060e-01
2.210263e-01
2.211486e-01
2.211715e-01
2.212926e-01
2.213046e-01
2.214485e-01
2.214797e-01
2.214929e-01
2.215312e-01
2.217228e-01
2.218548e-01
2.218704e-01
2.218943e-01
2.220356e-01
2.221894e-01
2.223415e-01
2.223422e-01
2.223457e-01
2.224105e-01
2.225582e-01
2.227976e-01
2.228898e-01
2.229481e-01
2.232311e-01
2.234022e-01
2.235370e-01
2.235437e-01
2.237398e-01
2.238489e-01
2.239094e-01
2.239382e-01
2.243160e-01
2.243888e-01
2.245081e-01
2.245316e-01
2.246732e-01
2.247610e-01
2.247824e-01
2.248917e-01
2.249094e-01
2.251312e-01
2.251375e-01
2.253029e-01
2.253889e-01
2.254334e-01
2.254767e-01
2.257340e-01
2.257460e-01
2.257607e-01
2.257799e-01
2.259212e-01
2.260593e-01
2.262070e-01
2.264620e-01
2.264811e-01
2.265513e-01
2.265864e-01
2.266512e-01
2.266896e-01
2.269343e-01
2.269968e-01
2.270858e-01
2.271737e-01
2.271865e-01
2.272511e-01
2.274641e-01
2.274868e-01
2.274933e-01
2.275218e-01
2.276053e-01
2.276293e-01
2.277600e-01
2.278307e-01
2.278903e-01
2.279145e-01
2.279531e-01
2.280537e-01
2.281289e-01
2.281674e-01
2.283639e-01
2.284311e-01
2.285558e-01
2.286474e-01
2.287847e-01
2.289969e-01
2.290200e-01
2.290852e-01
2.291856e-01
2.294411e-01
2.295231e-01
2.295722e-01
2.296563e-01
2.299497e-01
2.300609e-01
2.302165e-01
2.302821e-01
2.302881e-01
2.303535e-01
2.305154e-01
2.305853e-01
2.306121e-01
2.306362e-01
2.306766e-01
2.308222e-01
2.312898e-01
2.312929e-01
2.314176e-01
2.314666e-01
2.318424e-01
2.318855e-01
2.319917e-01
2.320350e-01
2.321247e-01
2.321698e-01
2.325489e-01
2.326456e-01
2.326655e-01
2.328030e-01
2.328732e-01
2.328970e-01
2.330093e-01
2.332000e-01
2.332984e-01
2.335674e-01
2.337098e-01
2.337891e-01
2.337994e-01
2.343654e-01
2.345453e-01
2.347186e-01
2.347974e-01
2.348003e-01
2.348819e-01
2.350036e-01
2.350239e-01
2.353121e-01
2.355764e-01
2.356632e-01
2.359920e-01
2.361856e-01
2.365649e-01
2.366885e-01
2.367848e-01
2.368023e-01
2.368062e-01
2.369948e-01
2.370139e-01
2.370844e-01
2.371233e-01
2.371370e-01
2.374369e-01
2.375998e-01
2.376404e-01
2.376507e-01
2.376578e-01
2.377523e-01
2.378582e-01
2.379516e-01
2.380474e-01
2.380773e-01
2.382594e-01
2.383275e-01
2.383843e-01
2.384782e-01
2.384834e-01
2.386265e-01
2.386822e-01
2.387917e-01
2.388403e-01
2.390787e-01
2.393676e-01
2.393857e-01
2.393873e-01
2.395612e-01
2.395818e-01
2.396198e-01
2.396649e-01
2.396832e-01
2.399048e-01
2.399197e-01
2.401215e-01
2.402457e-01
2.403574e-01
2.405667e-01
2.407215e-01
2.409477e-01
2.410238e-01
2.412347e-01
2.416605e-01
2.416671e-01
2.416802e-01
2.417245e-01
2.419134e-01
2.419808e-01
2.420485e-01
2.421675e-01
2.422131e-01
2.426431e-01
2.426760e-01
2.427087e-01
2.431791e-01
2.432900e-01
2.433464e-01
2.434876e-01
2.435151e-01
2.435935e-01
2.439607e-01
2.440660e-01
2.443318e-01
2.444424e-01
2.444461e-01
2.453185e-01
2.455102e-01
2.456635e-01
2.462155e-01
2.462856e-01
2.463005e-01
2.463344e-01
2.463743e-01
2.470280e-01
2.473048e-01
2.476132e-01
2.476719e-01
2.479329e-01
2.482022e-01
2.482630e-01
2.483439e-01
2.483529e-01
2.484678e-01
2.485541e-01
2.485814e-01
2.486184e-01
2.490323e-01
2.491854e-01
2.493371e-01
2.494409e-01
2.494519e-01
2.494991e-01
2.495809e-01
2.496914e-01
2.498574e-01
2.500732e-01
2.500889e-01
2.502286e-01
2.509346e-01
2.510646e-01
2.512109e-01
2.514475e-01
2.518174e-01
2.519531e-01
2.520409e-01
2.520411e-01
2.522668e-01
2.522763e-01
2.524189e-01
2.524367e-01
2.525036e-01
2.525129e-01
2.526911e-01
2.527575e-01
2.528055e-01
2.528742e-01
2.529519e-01
2.529640e-01
2.532661e-01
2.538017e-01
2.539177e-01
2.541976e-01
2.544820e-01
2.545703e-01
2.547700e-01
2.550293e-01
2.553129e-01
2.553157e-01
2.555609e-01
2.555802e-01
2.555913e-01
2.557147e-01
2.562834e-01
2.563617e-01
2.564193e-01
2.564949e-01
2.565759e-01
2.566642e-01
2.567541e-01
2.567958e-01
2.568097e-01
2.568627e-01
2.569474e-01
2.569993e-01
2.570604e-01
2.570624e-01
2.572776e-01
2.573748e-01
2.574383e-01
2.574803e-01
2.575034e-01
2.577328e-01
2.577486e-01
2.578100e-01
2.579440e-01
2.579632e-01
2.580258e-01
2.583640e-01
2.584240e-01
2.584585e-01
2.584618e-01
2.584984e-01
2.586450e-01
2.587242e-01
2.587408e-01
2.587569e-01
2.589239e-01
2.589275e-01
2.589998e-01
2.590544e-01
2.591577e-01
2.591577e-01
2.592115e-01
2.593226e-01
2.594010e-01
2.594800e-01
2.596063e-01
2.596856e-01
2.597207e-01
2.597366e-01
2.598697e-01
2.599102e-01
2.599323e-01
2.599692e-01
2.600586e-01
2.601296e-01
2.601385e-01
2.602413e-01
2.602747e-01
2.604878e-01
2.605425e-01
2.605532e-01
2.605547e-01
2.606713e-01
2.607650e-01
2.607723e-01
2.609790e-01
2.609930e-01
2.610664e-01
2.611157e-01
2.611734e-01
2.614058e-01
2.614270e-01
2.614764e-01
2.614860e-01
2.615388e-01
2.615905e-01
2.616243e-01
2.616411e-01
2.618414e-01
2.618459e-01
2.619773e-01
2.620498e-01
2.621554e-01
2.621846e-01
2.622850e-01
2.622878e-01
2.623092e-01
2.623853e-01
2.626023e-01
2.627556e-01
2.627564e-01
2.628609e-01
2.629047e-01
2.629574e-01
2.629946e-01
2.631020e-01
2.633318e-01
2.634127e-01
2.634713e-01
2.636488e-01
2.637086e-01
2.639957e-01
2.641262e-01
2.643680e-01
2.644120e-01
2.644926e-01
2.645477e-01
2.645707e-01
2.646181e-01
2.647223e-01
2.647925e-01
2.648551e-01
2.650015e-01
2.651387e-01
2.654123e-01
2.654804e-01
2.655030e-01
2.655535e-01
2.655557e-01
2.656195e-01
2.656409e-01
2.657047e-01
2.658301e-01
2.658466e-01
2.661086e-01
2.661558e-01
2.661898e-01
2.664113e-01
2.664380e-01
2.664768e-01
2.665643e-01
2.666396e-01
2.667581e-01
2.668033e-01
2.670513e-01
2.672381e-01
2.672945e-01
2.673706e-01
2.674295e-01
2.674437e-01
2.677074e-01
2.677806e-01
2.678541e-01
2.680273e-01
2.680597e-01
2.682684e-01
2.683191e-01
2.683299e-01
2.685637e-01
2.685647e-01
2.688620e-01
2.689297e-01
2.691665e-01
2.692077e-01
2.693468e-01
2.695244e-01
2.695650e-01
2.696771e-01
2.697748e-01
2.698878e-01
2.701979e-01
2.702389e-01
2.703086e-01
2.703203e-01
2.703556e-01
2.703932e-01
2.705231e-01
2.707315e-01
2.710606e-01
2.711445e-01
2.711460e-01
2.711647e-01
2.712214e-01
2.713685e-01
2.714902e-01
2.715321e-01
2.716366e-01
2.717311e-01
2.719688e-01
2.720099e-01
2.721511e-01
2.723053e-01
2.723060e-01
2.724697e-01
2.726160e-01
2.726313e-01
2.726389e-01
2.727659e-01
2.729692e-01
2.732426e-01
2.733090e-01
2.734715e-01
2.734907e-01
2.735789e-01
2.737390e-01
2.738988e-01
2.740801e-01
2.742209e-01
2.742233e-01
2.743328e-01
2.743890e-01
2.743928e-01
2.744883e-01
2.745549e-01
2.746577e-01
2.750210e-01
2.752381e-01
2.753430e-01
2.754916e-01
2.755987e-01
2.757431e-01
2.757558e-01
2.759330e-01
2.759428e-01
2.760118e-01
2.760633e-01
2.762100e-01
2.762209e-01
2.762829e-01
2.764113e-01
2.764522e-01
2.766431e-01
2.767150e-01
2.770479e-01
2.771653e-01
2.774097e-01
2.774139e-01
2.775552e-01
2.777533e-01
2.777573e-01
2.778113e-01
2.778658e-01
2.780064e-01
2.780588e-01
2.781506e-01
2.782756e-01
2.783307e-01
2.783952e-01
2.784538e-01
2.784852e-01
2.786387e-01
2.787865e-01
2.789771e-01
2.790519e-01
2.790738e-01
2.791999e-01
2.793106e-01
2.793263e-01
2.794142e-01
2.794507e-01
2.794860e-01
2.797202e-01
2.798291e-01
2.798397e-01
2.798417e-01
2.799827e-01
2.800182e-01
2.800659e-01
2.801131e-01
2.801451e-01
2.801975e-01
2.803456e-01
2.806181e-01
2.806440e-01
2.807631e-01
2.809933e-01
2.812121e-01
2.812571e-01
2.813547e-01
2.814904e-01
2.816034e-01
2.817795e-01
2.819591e-01
2.819739e-01
2.821804e-01
2.822313e-01
2.822700e-01
2.825834e-01
2.826327e-01
2.827512e-01
2.829470e-01
2.830526e-01
2.830583e-01
2.830837e-01
2.834549e-01
2.836258e-01
2.837469e-01
2.839439e-01
2.842598e-01
2.843342e-01
2.845061e-01
2.845364e-01
2.845726e-01
2.847398e-01
2.849221e-01
2.849649e-01
2.849845e-01
2.853806e-01
2.855572e-01
2.855640e-01
2.856290e-01
2.857338e-01
2.861657e-01
2.863913e-01
2.865489e-01
2.866688e-01
2.866835e-01
2.868035e-01
2.870388e-01
2.870620e-01
2.871022e-01
2.871222e-01
2.873724e-01
2.875383e-01
2.875547e-01
2.877283e-01
2.877471e-01
2.877482e-01
2.880460e-01
2.880973e-01
2.881120e-01
2.881974e-01
2.882340e-01
2.882648e-01
2.886010e-01
2.886914e-01
2.888345e-01
2.889815e-01
2.890127e-01
2.893898e-01
2.894260e-01
2.896082e-01
2.896137e-01
2.897425e-01
2.897575e-01
2.900481e-01
2.900963e-01
2.901909e-01
2.903027e-01
2.903776e-01
2.905065e-01
2.905632e-01
2.906305e-01
2.906842e-01
2.906904e-01
2.907701e-01
2.908703e-01
2.910783e-01
2.911441e-01
2.912304e-01
2.913379e-01
2.915339e-01
2.916277e-01
2.916795e-01
2.916814e-01
2.917651e-01
2.917790e-01
2.921264e-01
2.922668e-01
2.923170e-01
2.923183e-01
2.923776e-01
2.924808e-01
2.926286e-01
2.927338e-01
2.927956e-01
2.928008e-01
2.928495e-01
2.929270e-01
2.930123e-01
2.930643e-01
2.930830e-01
2.930920e-01
2.932954e-01
2.933139e-01
2.933395e-01
2.934263e-01
2.935211e-01
2.936243e-01
2.936293e-01
2.937242e-01
2.938256e-01
2.941692e-01
2.941821e-01
2.942634e-01
2.942725e-01
2.942891e-01
2.943815e-01
2.944739e-01
2.945198e-01
2.946857e-01
2.948832e-01
2.949835e-01
2.949853e-01
2.951271e-01
2.951502e-01
2.952327e-01
2.953506e-01
2.953925e-01
2.954491e-01
2.955355e-01
2.956184e-01
2.957122e-01
2.957586e-01
2.958200e-01
2.958272e-01
2.960180e-01
2.960205e-01
2.961109e-01
2.963016e-01
2.963393e-01
2.964704e-01
2.966170e-01
2.967761e-01
2.968859e-01
2.968947e-01
2.970209e-01
2.971431e-01
2.971442e-01
2.971501e-01
2.972880e-01
2.973148e-01
2.973956e-01
2.974425e-01
2.974910e-01
2.976293e-01
2.977523e-01
2.979681e-01
2.980354e-01
2.980422e-01
2.980503e-01
2.982022e-01
2.982595e-01
2.983550e-01
2.983703e-01
2.984644e-01
2.985207e-01
2.985523e-01
2.986286e-01
2.987827e-01
2.989681e-01
2.989699e-01
2.991506e-01
2.991721e-01
2.991797e-01
2.991944e-01
2.996068e-01
2.996784e-01
2.997034e-01
2.997185e-01
2.997556e-01
2.999083e-01
2.999229e-01
3.000490e-01
3.001958e-01
3.002191e-01
3.003135e-01
3.005165e-01
3.005416e-01
3.005822e-01
3.006049e-01
3.006599e-01
3.006974e-01
3.008768e-01
3.011383e-01
3.012641e-01
3.012883e-01
3.013084e-01
3.013233e-01
3.015301e-01
3.016211e-01
3.018788e-01
3.019203e-01
3.019393e-01
3.019554e-01
3.019782e-01
3.020524e-01
3.021914e-01
3.022784e-01
3.022880e-01
3.023898e-01
3.025069e-01
3.025297e-01
3.026032e-01
3.026175e-01
3.026375e-01
3.028194e-01
3.028614e-01
3.029668e-01
3.030158e-01
3.030484e-01
3.030641e-01
3.031687e-01
3.031916e-01
3.033442e-01
3.034649e-01
3.035286e-01
3.035410e-01
3.037273e-01
3.037661e-01
3.038212e-01
3.039213e-01
3.041188e-01
3.041916e-01
3.042179e-01
3.042198e-01
3.043546e-01
3.043941e-01
3.045091e-01
3.045924e-01
3.046812e-01
3.046910e-01
3.048162e-01
3.048637e-01
3.049488e-01
3.049572e-01
3.050031e-01
3.050161e-01
3.050294e-01
3.050729e-01
3.052554e-01
3.052936e-01
3.053207e-01
3.053890e-01
3.054292e-01
3.055545e-01
3.057601e-01
3.058289e-01
3.059868e-01
3.060434e-01
3.061055e-01
3.061142e-01
3.062828e-01
3.063456e-01
3.064635e-01
3.066804e-01
3.066872e-01
3.071209e-01
3.071410e-01
3.072534e-01
3.072603e-01
3.073226e-01
3.073498e-01
3.073938e-01
3.075967e-01
3.076197e-01
3.077204e-01
3.079150e-01
3.079574e-01
3.079630e-01
3.081511e-01
3.082755e-01
3.083832e-01
3.084794e-01
3.085805e-01
3.087885e-01
3.088782e-01
3.089294e-01
3.089427e-01
3.089478e-01
3.092087e-01
3.093398e-01
3.093589e-01
3.093842e-01
3.094000e-01
3.095663e-01
3.098178e-01
3.099276e-01
3.101819e-01
3.102302e-01
3.102951e-01
3.104043e-01
3.104255e-01
3.104822e-01
3.106598e-01
3.106904e-01
3.108915e-01
3.109940e-01
3.112848e-01
3.114321e-01
3.115133e-01
3.115687e-01
3.116444e-01
3.117410e-01
3.120213e-01
3.120854e-01
3.121019e-01
3.121701e-01
3.123309e-01
3.123823e-01
3.124291e-01
3.125393e-01
3.127714e-01
3.128797e-01
3.129314e-01
3.130917e-01
3.131996e-01
3.133820e-01
3.134638e-01
3.135148e-01
3.135447e-01
3.135902e-01
3.136506e-01
3.138390e-01
3.139287e-01
3.140903e-01
3.142167e-01
3.143813e-01
3.143884e-01
3.144874e-01
3.145894e-01
3.146154e-01
3.146966e-01
3.147626e-01
3.147884e-01
3.148730e-01
3.149150e-01
3.150773e-01
3.151159e-01
3.151691e-01
3.151849e-01
3.152475e-01
3.153555e-01
3.153793e-01
3.155817e-01
3.156211e-01
3.156451e-01
3.156467e-01
3.158043e-01
3.159268e-01
3.159602e-01
3.160211e-01
3.161027e-01
3.162543e-01
3.162764e-01
3.164317e-01
3.164401e-01
3.166592e-01
3.168898e-01
3.168977e-01
3.171019e-01
3.171972e-01
3.172201e-01
3.172490e-01
3.172973e-01
3.174137e-01
3.176904e-01
3.176984e-01
3.177612e-01
3.177889e-01
3.179006e-01
3.179536e-01
3.180676e-01
3.181416e-01
3.181913e-01
3.182496e-01
3.182925e-01
3.183638e-01
3.185024e-01
3.185334e-01
3.185805e-01
3.185845e-01
3.186389e-01
3.189613e-01
3.190449e-01
3.190955e-01
3.191526e-01
3.192381e-01
3.193148e-01
3.193584e-01
3.194887e-01
3.196087e-01
3.196769e-01
3.197676e-01
3.198498e-01
3.199281e-01
3.199668e-01
3.200504e-01
3.203163e-01
3.203219e-01
3.203874e-01
3.205201e-01
3.205916e-01
3.207868e-01
3.208339e-01
3.208994e-01
3.210382e-01
3.210450e-01
3.212348e-01
3.212700e-01
3.213000e-01
3.214295e-01
3.216133e-01
3.216331e-01
3.216662e-01
3.218143e-01
3.219489e-01
3.219948e-01
3.222268e-01
3.223187e-01
3.223912e-01
3.224460e-01
3.225308e-01
3.225619e-01
3.226545e-01
3.227476e-01
3.228156e-01
3.229100e-01
3.229960e-01
3.230126e-01
3.230805e-01
3.231764e-01
3.232720e-01
3.233340e-01
3.233767e-01
3.234411e-01
3.235801e-01
3.237993e-01
3.238427e-01
3.240401e-01
3.241684e-01
3.241850e-01
3.243579e-01
3.243623e-01
3.245032e-01
3.245750e-01
3.246677e-01
3.247794e-01
3.247929e-01
3.247981e-01
3.248036e-01
3.248377e-01
3.251534e-01
3.251697e-01
3.252150e-01
3.254221e-01
3.254325e-01
3.255319e-01
3.256173e-01
3.256555e-01
3.257733e-01
3.258036e-01
3.258728e-01
3.260585e-01
3.261914e-01
3.261974e-01
3.262257e-01
3.263649e-01
3.266012e-01
3.266898e-01
3.268518e-01
3.269674e-01
3.269717e-01
3.270069e-01
3.271188e-01
3.274387e-01
3.274760e-01
3.277155e-01
3.278504e-01
3.278789e-01
3.279097e-01
3.279795e-01
3.280902e-01
3.281129e-01
3.284621e-01
3.284629e-01
3.285374e-01
3.286702e-01
3.287263e-01
3.287625e-01
3.288061e-01
3.289069e-01
3.290431e-01
3.290723e-01
3.292178e-01
3.295093e-01
3.295260e-01
3.296138e-01
3.296569e-01
3.297241e-01
3.298071e-01
3.298348e-01
3.299499e-01
3.300411e-01
3.300564e-01
3.300683e-01
3.301375e-01
3.301477e-01
3.303231e-01
3.303629e-01
3.305646e-01
3.306548e-01
3.307558e-01
3.307812e-01
3.308277e-01
3.309506e-01
3.310237e-01
3.310349e-01
3.310453e-01
3.311474e-01
3.313037e-01
3.313579e-01
3.315748e-01
3.315866e-01
3.315992e-01
3.316131e-01
3.316581e-01
3.317878e-01
3.318842e-01
3.319419e-01
3.320236e-01
3.320672e-01
3.320725e-01
3.320992e-01
3.321622e-01
3.323227e-01
3.323899e-01
3.324805e-01
3.325907e-01
3.326489e-01
3.327263e-01
3.328040e-01
3.328121e-01
3.328760e-01
3.329499e-01
3.329708e-01
3.330340e-01
3.330775e-01
3.331079e-01
3.332211e-01
3.333115e-01
3.333579e-01
3.334165e-01
3.335103e-01
3.335322e-01
3.336821e-01
3.336943e-01
3.337328e-01
3.337597e-01
3.337989e-01
3.339271e-01
3.340511e-01
3.340955e-01
3.341202e-01
3.341372e-01
3.341498e-01
3.342519e-01
3.344513e-01
3.346056e-01
3.346218e-01
3.347190e-01
3.348641e-01
3.350321e-01
3.350348e-01
3.350557e-01
3.350836e-01
3.351767e-01
3.352330e-01
3.353200e-01
3.353434e-01
3.353899e-01
3.354606e-01
3.355215e-01
3.356380e-01
3.356662e-01
3.357309e-01
3.357784e-01
3.359287e-01
3.361224e-01
3.361736e-01
3.363327e-01
3.363995e-01
3.365070e-01
3.365912e-01
3.366281e-01
3.366283e-01
3.367710e-01
3.367960e-01
3.368956e-01
3.369641e-01
3.370129e-01
3.370468e-01
3.371373e-01
3.372412e-01
3.373230e-01
3.373701e-01
3.374884e-01
3.375164e-01
3.376523e-01
3.377084e-01
3.377188e-01
3.377599e-01
3.379092e-01
3.379206e-01
3.379689e-01
3.383087e-01
3.383121e-01
3.384195e-01
3.385201e-01
3.385310e-01
3.385915e-01
3.387948e-01
3.389083e-01
3.389150e-01
3.390476e-01
3.391580e-01
3.391596e-01
3.391688e-01
3.392941e-01
3.394050e-01
3.394190e-01
3.396251e-01
3.396593e-01
3.397151e-01
3.397720e-01
3.398155e-01
3.399022e-01
3.399866e-01
3.400055e-01
3.400486e-01
3.400970e-01
3.401246e-01
3.402132e-01
3.402879e-01
3.403039e-01
3.404259e-01
3.404370e-01
3.405700e-01
3.408760e-01
3.409535e-01
3.409793e-01
3.410098e-01
3.410993e-01
3.411572e-01
3.411655e-01
3.411707e-01
3.415717e-01
3.416444e-01
3.418075e-01
3.419319e-01
3.419641e-01
3.419738e-01
3.419806e-01
3.420575e-01
3.421193e-01
3.421739e-01
3.423437e-01
3.424197e-01
3.424477e-01
3.425996e-01
3.426435e-01
3.427281e-01
3.427509e-01
3.427703e-01
3.429048e-01
3.430528e-01
3.431081e-01
3.431621e-01
3.431778e-01
3.432109e-01
3.432817e-01
3.433178e-01
3.434555e-01
3.434895e-01
3.436047e-01
3.436453e-01
3.437034e-01
3.437834e-01
3.438469e-01
3.439098e-01
3.439729e-01
3.440216e-01
3.440339e-01
3.441988e-01
3.442309e-01
3.442865e-01
3.443171e-01
3.443505e-01
3.444468e-01
3.444910e-01
3.445062e-01
3.445210e-01
3.446679e-01
3.447794e-01
3.448180e-01
3.449455e-01
3.451085e-01
3.451536e-01
3.452456e-01
3.452590e-01
3.453993e-01
3.454185e-01
3.454956e-01
3.456542e-01
3.456585e-01
3.456956e-01
3.457799e-01
3.459577e-01
3.460342e-01
3.461257e-01
3.461950e-01
3.463529e-01
3.464149e-01
3.464380e-01
3.464384e-01
3.465106e-01
3.466020e-01
3.466339e-01
3.466778e-01
3.467628e-01
3.467659e-01
3.468521e-01
3.468695e-01
3.469068e-01
3.470988e-01
3.471882e-01
3.472248e-01
3.472633e-01
3.474329e-01
3.474842e-01
3.474865e-01
3.477545e-01
3.478147e-01
3.478183e-01
3.478361e-01
3.480096e-01
3.480196e-01
3.480713e-01
3.481206e-01
3.481561e-01
3.481591e-01
3.483814e-01
3.484892e-01
3.486372e-01
3.486693e-01
3.487682e-01
3.488112e-01
3.488191e-01
3.489179e-01
3.489833e-01
3.489978e-01
3.491391e-01
3.491446e-01
3.492146e-01
3.492647e-01
3.493318e-01
3.493696e-01
3.494776e-01
3.495303e-01
3.496002e-01
3.496034e-01
3.497098e-01
3.497499e-01
3.497775e-01
3.498907e-01
3.501504e-01
3.503028e-01
3.503365e-01
3.503882e-01
3.503898e-01
3.504584e-01
3.505333e-01
3.506708e-01
3.507149e-01
3.507232e-01
3.508861e-01
3.509317e-01
3.509639e-01
3.510242e-01
3.510477e-01
3.510483e-01
3.511556e-01
3.512299e-01
3.513610e-01
3.514517e-01
3.517318e-01
3.517744e-01
3.518068e-01
3.518079e-01
3.519966e-01
3.519973e-01
3.520648e-01
3.520815e-01
3.521354e-01
3.521393e-01
3.521603e-01
3.523407e-01
3.523529e-01
3.523689e-01
3.526011e-01
3.526970e-01
3.528514e-01
3.529259e-01
3.529962e-01
3.530097e-01
3.530220e-01
3.531826e-01
3.532746e-01
3.533108e-01
3.534707e-01
3.535687e-01
3.535831e-01
3.537512e-01
3.538672e-01
3.538818e-01
3.538819e-01
3.539242e-01
3.539293e-01
3.541611e-01
3.543837e-01
3.544377e-01
3.544837e-01
3.545092e-01
3.545719e-01
3.546953e-01
3.547176e-01
3.547540e-01
3.548181e-01
3.548422e-01
3.549423e-01
3.549490e-01
3.551121e-01
3.552488e-01
3.553027e-01
3.553133e-01
3.554590e-01
3.555089e-01
3.555912e-01
3.555972e-01
3.556509e-01
3.557171e-01
3.557829e-01
3.558838e-01
3.560422e-01
3.560656e-01
3.561479e-01
3.562265e-01
3.562333e-01
3.562588e-01
3.563111e-01
3.565220e-01
3.565312e-01
3.565505e-01
3.566062e-01
3.567720e-01
3.568094e-01
3.569228e-01
3.570609e-01
3.570874e-01
3.571467e-01
3.571798e-01
3.572307e-01
3.572899e-01
3.573173e-01
3.573315e-01
3.574661e-01
3.575221e-01
3.575312e-01
3.577448e-01
3.577509e-01
3.578520e-01
3.579066e-01
3.579955e-01
3.581187e-01
3.581343e-01
3.582305e-01
3.582939e-01
3.583147e-01
3.583764e-01
3.583825e-01
3.586350e-01
3.586745e-01
3.587171e-01
3.587572e-01
3.589297e-01
3.589384e-01
3.590826e-01
3.591406e-01
3.591986e-01
3.592346e-01
3.592623e-01
3.592826e-01
3.593036e-01
3.594444e-01
3.594484e-01
3.596348e-01
3.596520e-01
3.597916e-01
3.598025e-01
3.598051e-01
3.598590e-01
3.598621e-01
3.599413e-01
3.599692e-01
3.600806e-01
3.602062e-01
3.603147e-01
3.603601e-01
3.604193e-01
3.604771e-01
3.606954e-01
3.607095e-01
3.607611e-01
3.607802e-01
3.608196e-01
3.608849e-01
3.609649e-01
3.610078e-01
3.610982e-01
3.611199e-01
3.612066e-01
3.613096e-01
3.613543e-01
3.614252e-01
3.614352e-01
3.614400e-01
3.616005e-01
3.616032e-01
3.617138e-01
3.618013e-01
3.618203e-01
3.618447e-01
3.619129e-01
3.619707e-01
3.620166e-01
3.620526e-01
3.622575e-01
3.622711e-01
3.623311e-01
3.623769e-01
3.624335e-01
3.624681e-01
3.625229e-01
3.626823e-01
3.627414e-01
3.627589e-01
3.628264e-01
3.628794e-01
3.629682e-01
3.630525e-01
3.630586e-01
3.631140e-01
3.631630e-01
3.631744e-01
3.633740e-01
3.633740e-01
3.634006e-01
3.634460e-01
3.635649e-01
3.636770e-01
3.637705e-01
3.637923e-01
3.639036e-01
3.639704e-01
3.640822e-01
3.641330e-01
3.642527e-01
3.642577e-01
3.643810e-01
3.644629e-01
3.644878e-01
3.645242e-01
3.646773e-01
3.646941e-01
3.647010e-01
3.647344e-01
3.647610e-01
3.648969e-01
3.652957e-01
3.653595e-01
3.653742e-01
3.653782e-01
3.655896e-01
3.656144e-01
3.656368e-01
3.656595e-01
3.656891e-01
3.657678e-01
3.659135e-01
3.661488e-01
3.663559e-01
3.664585e-01
3.665414e-01
3.665824e-01
3.666099e-01
3.667070e-01
3.667296e-01
3.668022e-01
3.668131e-01
3.669199e-01
3.672033e-01
3.672703e-01
3.672735e-01
3.673168e-01
3.673191e-01
3.674995e-01
3.675088e-01
3.675992e-01
3.676322e-01
3.677195e-01
3.677706e-01
3.677809e-01
3.677825e-01
3.680219e-01
3.680390e-01
3.681007e-01
3.681989e-01
3.682384e-01
3.682897e-01
3.683429e-01
3.684940e-01
3.686493e-01
3.686973e-01
3.687245e-01
3.688883e-01
3.689283e-01
3.689831e-01
3.689831e-01
3.690674e-01
3.691735e-01
3.692705e-01
3.693038e-01
3.693587e-01
3.695191e-01
3.695317e-01
3.695430e-01
3.696396e-01
3.697740e-01
3.698300e-01
3.699604e-01
3.700812e-01
3.701097e-01
3.701156e-01
3.702115e-01
3.703025e-01
3.704939e-01
3.704984e-01
3.705269e-01
3.706811e-01
3.707545e-01
3.707960e-01
3.708328e-01
3.708633e-01
3.708698e-01
3.709842e-01
3.710418e-01
3.710615e-01
3.711598e-01
3.712352e-01
3.713800e-01
3.714261e-01
3.714500e-01
3.715724e-01
3.716079e-01
3.716718e-01
3.718373e-01
3.718484e-01
3.718530e-01
3.720402e-01
3.721840e-01
3.722020e-01
3.722399e-01
3.722681e-01
3.723364e-01
3.723608e-01
3.723796e-01
3.724135e-01
3.725324e-01
3.726711e-01
3.727484e-01
3.727931e-01
3.729911e-01
3.730297e-01
3.730590e-01
3.731264e-01
3.731637e-01
3.731920e-01
3.732986e-01
3.733363e-01
3.733555e-01
3.734470e-01
3.735322e-01
3.735754e-01
3.735842e-01
3.735940e-01
3.737436e-01
3.738633e-01
3.739210e-01
3.739854e-01
3.740037e-01
3.740492e-01
3.741894e-01
3.742414e-01
3.742577e-01
3.743089e-01
3.744342e-01
3.745540e-01
3.746286e-01
3.746481e-01
3.746755e-01
3.748059e-01
3.748766e-01
3.749067e-01
3.750186e-01
3.751383e-01
3.751476e-01
3.752279e-01
3.753176e-01
3.754074e-01
3.754719e-01
3.755290e-01
3.755389e-01
3.757357e-01
3.757737e-01
3.759030e-01
3.760003e-01
3.760422e-01
3.761201e-01
3.761956e-01
3.762511e-01
3.763292e-01
3.763572e-01
3.764189e-01
3.764924e-01
3.765077e-01
3.765815e-01
3.766079e-01
3.767798e-01
3.768198e-01
3.768562e-01
3.768812e-01
3.770374e-01
3.770769e-01
3.771468e-01
3.772307e-01
3.772641e-01
3.773420e-01
3.774074e-01
3.774156e-01
3.774273e-01
3.774980e-01
3.776242e-01
3.776466e-01
3.776657e-01
3.776983e-01
3.777038e-01
3.777871e-01
3.779221e-01
3.779774e-01
3.781610e-01
3.781821e-01
3.782072e-01
3.782464e-01
3.783082e-01
3.784453e-01
3.784624e-01
3.785318e-01
3.785763e-01
3.785903e-01
3.786898e-01
3.786976e-01
3.787425e-01
3.788287e-01
3.789432e-01
3.789850e-01
3.790180e-01
3.790550e-01
3.791369e-01
3.791918e-01
3.793959e-01
3.794515e-01
3.794734e-01
3.794829e-01
3.796331e-01
3.796898e-01
3.797238e-01
3.799147e-01
3.799634e-01
3.799660e-01
3.800569e-01
3.800628e-01
3.801365e-01
3.802606e-01
3.803048e-01
3.803188e-01
3.804017e-01
3.805464e-01
3.807959e-01
3.808900e-01
3.809363e-01
3.809410e-01
3.810309e-01
3.810422e-01
3.811060e-01
3.811212e-01
3.811644e-01
3.812246e-01
3.813137e-01
3.813296e-01
3.814696e-01
3.814937e-01
3.815828e-01
3.816701e-01
3.817664e-01
3.818382e-01
3.818420e-01
3.819101e-01
3.820150e-01
3.820285e-01
3.820929e-01
3.821561e-01
3.821565e-01
3.822152e-01
3.823176e-01
3.823538e-01
3.824073e-01
3.824609e-01
3.825669e-01
3.826449e-01
3.827192e-01
3.827942e-01
3.827951e-01
3.828657e-01
3.829482e-01
3.830162e-01
3.830993e-01
3.833293e-01
3.833783e-01
3.834117e-01
3.835273e-01
3.835679e-01
3.836818e-01
3.836886e-01
3.836968e-01
3.837114e-01
3.838015e-01
3.838325e-01
3.838897e-01
3.839621e-01
3.839923e-01
3.840576e-01
3.841658e-01
3.842663e-01
3.843418e-01
3.844426e-01
3.844513e-01
3.844744e-01
3.844774e-01
3.845363e-01
3.846803e-01
3.847843e-01
3.848278e-01
3.849003e-01
3.849348e-01
3.850470e-01
3.850908e-01
3.851499e-01
3.851595e-01
3.851745e-01
3.851887e-01
3.852408e-01
3.853448e-01
3.853715e-01
3.855274e-01
3.856170e-01
3.857109e-01
3.858507e-01
3.858800e-01
3.858964e-01
3.859430e-01
3.860300e-01
3.860975e-01
3.862301e-01
3.862562e-01
3.863075e-01
3.863304e-01
3.865030e-01
3.865336e-01
3.866100e-01
3.866676e-01
3.867128e-01
3.867915e-01
3.868025e-01
3.869644e-01
3.870007e-01
3.871014e-01
3.871366e-01
3.872519e-01
3.872567e-01
3.873555e-01
3.874059e-01
3.874206e-01
3.874215e-01
3.874869e-01
3.875059e-01
3.876672e-01
3.877064e-01
3.877555e-01
3.878320e-01
3.879809e-01
3.880508e-01
3.881073e-01
3.881431e-01
3.882742e-01
3.883151e-01
3.884700e-01
3.884814e-01
3.885629e-01
3.885692e-01
3.886787e-01
3.887274e-01
3.888113e-01
3.888823e-01
3.889460e-01
3.889866e-01
3.890501e-01
3.891276e-01
3.891641e-01
3.892965e-01
3.892996e-01
3.893246e-01
3.893979e-01
3.894208e-01
3.895839e-01
3.896481e-01
3.896719e-01
3.897182e-01
3.897606e-01
3.898484e-01
3.899485e-01
3.900391e-01
3.900740e-01
3.901157e-01
3.901265e-01
3.902639e-01
3.903220e-01
3.904022e-01
3.904666e-01
3.905249e-01
3.906210e-01
3.906274e-01
3.907977e-01
3.909184e-01
3.909714e-01
3.911105e-01
3.911415e-01
3.911935e-01
3.911988e-01
3.912267e-01
3.913067e-01
3.913579e-01
3.914429e-01
3.914749e-01
3.915922e-01
3.916184e-01
3.917266e-01
3.918261e-01
3.918888e-01
3.918908e-01
3.919114e-01
3.919821e-01
3.920586e-01
3.920600e-01
3.921151e-01
3.921386e-01
3.922475e-01
3.922928e-01
3.923169e-01
3.923535e-01
3.924486e-01
3.924996e-01
3.925880e-01
3.926968e-01
3.927347e-01
3.927468e-01
3.929666e-01
3.929932e-01
3.930273e-01
3.930649e-01
3.932266e-01
3.932598e-01
3.933140e-01
3.933984e-01
3.934263e-01
3.934408e-01
3.934809e-01
3.935768e-01
3.937294e-01
3.937674e-01
3.937737e-01
3.938462e-01
3.938533e-01
3.940148e-01
3.940640e-01
3.940885e-01
3.940922e-01
3.941060e-01
3.942524e-01
3.942597e-01
3.943313e-01
3.943986e-01
3.944016e-01
3.946088e-01
3.946111e-01
3.947063e-01
3.948174e-01
3.949560e-01
3.949822e-01
3.950834e-01
3.951071e-01
3.951861e-01
3.952108e-01
3.952895e-01
3.953014e-01
3.953591e-01
3.954035e-01
3.954933e-01
3.955716e-01
3.956380e-01
3.956388e-01
3.957198e-01
3.957938e-01
3.958224e-01
3.958919e-01
3.959326e-01
3.959634e-01
3.960275e-01
3.960425e-01
3.960562e-01
3.961879e-01
3.961923e-01
3.962154e-01
3.962660e-01
3.964404e-01
3.965768e-01
3.966501e-01
3.967517e-01
3.967613e-01
3.968630e-01
3.968991e-01
3.969238e-01
3.969585e-01
3.969726e-01
3.970072e-01
3.970851e-01
3.971589e-01
3.972537e-01
3.973148e-01
3.973466e-01
3.973654e-01
3.973734e-01
3.973840e-01
3.974583e-01
3.975309e-01
3.975861e-01
3.975897e-01
3.976358e-01
3.976419e-01
3.976944e-01
3.977876e-01
3.978147e-01
3.978949e-01
3.980022e-01
3.980653e-01
3.980667e-01
3.981432e-01
3.982479e-01
3.983014e-01
3.983822e-01
3.983869e-01
3.984867e-01
3.984925e-01
3.985744e-01
3.987627e-01
3.988447e-01
3.989082e-01
3.989319e-01
3.989625e-01
3.990518e-01
3.990647e-01
3.991804e-01
3.991937e-01
3.992149e-01
3.992782e-01
3.993354e-01
3.993660e-01
3.993863e-01
3.994881e-01
3.997566e-01
3.997585e-01
3.998063e-01
3.999406e-01
3.999827e-01
4.000548e-01
4.000881e-01
4.001492e-01
4.001887e-01
4.002075e-01
4.002215e-01
4.002966e-01
4.003566e-01
4.003677e-01
4.004796e-01
4.004891e-01
4.005898e-01
4.007056e-01
4.007535e-01
4.007645e-01
4.007838e-01
4.008838e-01
4.009674e-01
4.010541e-01
4.010689e-01
4.010705e-01
4.011601e-01
4.011958e-01
4.013534e-01
4.014500e-01
4.015497e-01
4.015739e-01
4.015843e-01
4.016072e-01
4.016935e-01
4.017401e-01
4.018031e-01
4.018843e-01
4.020651e-01
4.021933e-01
4.021943e-01
4.022481e-01
4.022993e-01
4.023298e-01
4.024879e-01
4.025304e-01
4.026636e-01
4.026714e-01
4.026935e-01
4.028047e-01
4.028055e-01
4.028473e-01
4.028773e-01
4.031190e-01
4.032202e-01
4.032741e-01
4.034416e-01
4.034468e-01
4.035126e-01
4.035522e-01
4.035598e-01
4.037596e-01
4.037858e-01
4.037861e-01
4.037917e-01
4.038771e-01
4.039732e-01
4.040356e-01
4.040407e-01
4.041401e-01
4.041758e-01
4.042626e-01
4.043204e-01
4.044089e-01
4.044861e-01
4.045450e-01
4.047698e-01
4.048016e-01
4.048267e-01
4.048274e-01
4.050569e-01
4.050635e-01
4.051607e-01
4.051634e-01
4.052500e-01
4.052992e-01
4.053782e-01
4.054094e-01
4.054717e-01
4.056837e-01
4.057233e-01
4.057514e-01
4.057861e-01
4.059021e-01
4.059024e-01
4.059939e-01
4.060822e-01
4.060894e-01
4.061856e-01
4.062626e-01
4.063203e-01
4.064448e-01
4.064618e-01
4.065154e-01
4.066526e-01
4.067129e-01
4.067157e-01
4.067426e-01
4.067571e-01
4.067796e-01
4.068576e-01
4.068990e-01
4.069411e-01
4.070471e-01
4.071032e-01
4.071823e-01
4.071944e-01
4.072566e-01
4.073891e-01
4.074916e-01
4.075164e-01
4.075291e-01
4.075560e-01
4.076793e-01
4.077618e-01
4.077702e-01
4.077992e-01
4.079006e-01
4.079063e-01
4.079568e-01
4.079802e-01
4.079804e-01
4.080720e-01
4.081024e-01
4.081353e-01
4.081791e-01
4.082186e-01
4.082652e-01
4.083233e-01
4.083236e-01
4.085571e-01
4.088118e-01
4.088430e-01
4.088652e-01
4.089063e-01
4.089163e-01
4.090378e-01
4.091574e-01
4.092618e-01
4.093129e-01
4.093327e-01
4.093604e-01
4.094220e-01
4.094280e-01
4.094611e-01
4.094681e-01
4.094709e-01
4.095522e-01
4.097520e-01
4.097858e-01
4.099060e-01
4.099075e-01
4.099990e-01
4.101108e-01
4.101135e-01
4.102579e-01
4.103171e-01
4.103189e-01
4.103606e-01
4.104472e-01
4.106211e-01
4.106673e-01
4.106803e-01
4.107149e-01
4.107314e-01
4.108826e-01
4.108986e-01
4.109005e-01
4.109819e-01
4.110701e-01
4.111185e-01
4.111458e-01
4.113001e-01
4.113481e-01
4.113797e-01
4.114107e-01
4.114296e-01
4.114930e-01
4.115510e-01
4.117548e-01
4.118339e-01
4.118604e-01
4.118731e-01
4.119022e-01
4.119024e-01
4.120695e-01
4.121044e-01
4.121067e-01
4.121288e-01
4.122933e-01
4.124616e-01
4.125391e-01
4.125979e-01
4.126089e-01
4.126739e-01
4.127379e-01
4.127381e-01
4.129015e-01
4.129579e-01
4.129913e-01
4.130176e-01
4.130655e-01
4.131934e-01
4.132387e-01
4.132761e-01
4.133764e-01
4.134769e-01
4.136106e-01
4.136351e-01
4.136872e-01
4.137361e-01
4.138544e-01
4.138827e-01
4.140389e-01
4.140680e-01
4.140771e-01
4.141088e-01
4.141297e-01
4.141576e-01
4.142480e-01
4.142654e-01
4.142874e-01
4.143877e-01
4.145033e-01
4.146120e-01
4.146239e-01
4.147823e-01
4.148601e-01
4.148750e-01
4.149005e-01
4.149455e-01
4.150852e-01
4.151698e-01
4.151914e-01
4.152331e-01
4.153165e-01
4.154616e-01
4.155249e-01
4.155264e-01
4.155531e-01
4.155952e-01
4.157142e-01
4.157298e-01
4.159063e-01
4.159241e-01
4.160229e-01
4.160963e-01
4.162080e-01
4.162971e-01
4.163161e-01
4.163879e-01
4.164380e-01
4.164665e-01
4.165780e-01
4.166571e-01
4.167107e-01
4.167252e-01
4.167697e-01
4.168456e-01
4.168824e-01
4.168946e-01
4.170302e-01
4.170916e-01
4.171711e-01
4.172460e-01
4.173369e-01
4.174333e-01
4.174579e-01
4.174895e-01
4.175887e-01
4.176061e-01
4.177501e-01
4.178012e-01
4.178987e-01
4.179655e-01
4.180346e-01
4.180908e-01
4.181761e-01
4.183431e-01
4.183842e-01
4.183893e-01
4.184016e-01
4.184956e-01
4.185202e-01
4.185462e-01
4.187114e-01
4.188230e-01
4.189001e-01
4.189392e-01
4.189536e-01
4.190282e-01
4.191744e-01
4.192164e-01
4.192476e-01
4.192646e-01
4.193363e-01
4.194534e-01
4.194538e-01
4.195261e-01
4.196522e-01
4.196861e-01
4.197600e-01
4.199759e-01
4.200805e-01
4.201889e-01
4.202184e-01
4.202253e-01
4.202323e-01
4.203760e-01
4.203895e-01
4.204570e-01
4.204671e-01
4.205194e-01
4.206369e-01
4.207504e-01
4.207994e-01
4.208135e-01
4.208839e-01
4.209053e-01
4.210436e-01
4.210654e-01
4.211518e-01
4.211998e-01
4.212196e-01
4.212568e-01
4.213260e-01
4.214136e-01
4.214423e-01
4.214811e-01
4.214867e-01
4.215747e-01
4.216676e-01
4.217746e-01
4.218449e-01
4.218719e-01
4.219176e-01
4.219329e-01
4.220497e-01
4.220557e-01
4.221825e-01
4.223100e-01
4.223480e-01
4.223831e-01
4.223872e-01
4.225072e-01
4.225190e-01
4.226186e-01
4.228763e-01
4.229239e-01
4.229679e-01
4.230380e-01
4.230405e-01
4.231086e-01
4.231246e-01
4.232051e-01
4.233481e-01
4.234578e-01
4.235781e-01
4.235800e-01
4.235968e-01
4.238129e-01
4.238155e-01
4.238173e-01
4.238857e-01
4.239685e-01
4.239979e-01
4.242778e-01
4.243354e-01
4.243851e-01
4.244532e-01
4.244628e-01
4.245166e-01
4.246418e-01
4.246902e-01
4.248192e-01
4.248299e-01
4.248549e-01
4.248562e-01
4.249941e-01
4.250061e-01
4.251269e-01
4.251440e-01
4.252858e-01
4.254249e-01
4.254303e-01
4.255899e-01
4.256497e-01
4.257567e-01
4.257644e-01
4.257934e-01
4.258781e-01
4.259310e-01
4.259848e-01
4.260647e-01
4.263048e-01
4.263976e-01
4.264007e-01
4.264491e-01
4.265454e-01
4.266030e-01
4.266996e-01
4.267808e-01
4.268112e-01
4.268645e-01
4.268790e-01
4.270584e-01
4.271103e-01
4.271954e-01
4.272665e-01
4.273629e-01
4.274266e-01
4.275429e-01
4.275748e-01
4.276656e-01
4.276902e-01
4.278735e-01
4.279655e-01
4.279805e-01
4.280099e-01
4.281930e-01
4.282027e-01
4.282050e-01
4.283181e-01
4.283905e-01
4.284108e-01
4.284265e-01
4.285816e-01
4.286257e-01
4.286306e-01
4.286536e-01
4.288200e-01
4.288269e-01
4.288418e-01
4.289180e-01
4.290225e-01
4.290609e-01
4.290956e-01
4.291550e-01
4.292540e-01
4.292731e-01
4.293169e-01
4.293960e-01
4.294040e-01
4.294353e-01
4.295415e-01
4.297711e-01
4.297714e-01
4.297724e-01
4.298439e-01
4.298745e-01
4.299905e-01
4.301382e-01
4.302064e-01
4.303172e-01
4.304468e-01
4.304905e-01
4.306418e-01
4.307097e-01
4.307842e-01
4.308272e-01
4.308657e-01
4.309843e-01
4.309963e-01
4.310358e-01
4.310626e-01
4.311967e-01
4.312279e-01
4.312973e-01
4.313054e-01
4.314640e-01
4.315153e-01
4.315409e-01
4.316090e-01
4.316589e-01
4.316612e-01
4.317498e-01
4.318277e-01
4.319375e-01
4.320397e-01
4.321496e-01
4.321835e-01
4.321891e-01
4.322889e-01
4.323069e-01
4.323970e-01
4.325612e-01
4.326248e-01
4.327293e-01
4.327801e-01
4.328369e-01
4.328831e-01
4.329415e-01
4.330244e-01
4.331000e-01
4.333052e-01
4.333082e-01
4.333621e-01
4.334236e-01
4.334867e-01
4.335116e-01
4.336068e-01
4.337590e-01
4.337636e-01
4.338135e-01
4.338163e-01
4.338560e-01
4.339643e-01
4.340047e-01
4.340713e-01
4.341593e-01
4.341658e-01
4.342810e-01
4.342822e-01
4.343076e-01
4.343573e-01
4.346027e-01
4.346110e-01
4.346908e-01
4.347505e-01
4.348547e-01
4.349094e-01
4.350291e-01
4.351422e-01
4.351914e-01
4.351941e-01
4.352905e-01
4.354386e-01
4.354635e-01
4.355837e-01
4.356871e-01
4.357259e-01
4.357772e-01
4.358738e-01
4.359151e-01
4.359916e-01
4.361240e-01
4.362229e-01
4.362413e-01
4.363920e-01
4.365030e-01
4.365451e-01
4.367335e-01
4.367348e-01
4.367860e-01
4.368406e-01
4.368451e-01
4.368737e-01
4.369589e-01
4.369888e-01
4.370713e-01
4.372119e-01
4.372329e-01
4.373895e-01
4.375485e-01
4.375560e-01
4.376393e-01
4.377102e-01
4.378188e-01
4.378731e-01
4.379059e-01
4.379991e-01
4.381191e-01
4.382980e-01
4.383035e-01
4.383525e-01
4.384043e-01
4.384249e-01
4.385279e-01
4.386504e-01
4.387676e-01
4.387906e-01
4.387928e-01
4.388208e-01
4.389347e-01
4.390107e-01
4.390922e-01
4.391270e-01
4.392146e-01
4.392322e-01
4.394256e-01
4.395854e-01
4.396125e-01
4.396637e-01
4.396784e-01
4.396936e-01
4.398548e-01
4.399082e-01
4.399120e-01
4.399251e-01
4.400337e-01
4.400583e-01
4.401362e-01
4.401410e-01
4.402632e-01
4.403012e-01
4.403294e-01
4.404438e-01
4.405219e-01
4.405759e-01
4.406854e-01
4.407778e-01
4.408749e-01
4.408751e-01
4.409950e-01
4.409964e-01
4.410703e-01
4.412467e-01
4.412659e-01
4.413037e-01
4.414093e-01
4.414138e-01
4.414262e-01
4.414700e-01
4.415256e-01
4.417624e-01
4.417776e-01
4.418756e-01
4.419341e-01
4.419865e-01
4.420444e-01
4.422465e-01
4.423045e-01
4.423127e-01
4.424041e-01
4.424854e-01
4.425367e-01
4.426550e-01
4.426555e-01
4.427937e-01
4.428243e-01
4.428675e-01
4.430395e-01
4.430917e-01
4.430951e-01
4.431323e-01
4.431356e-01
4.432718e-01
4.433967e-01
4.434283e-01
4.434314e-01
4.434620e-01
4.435633e-01
4.436309e-01
4.436647e-01
4.437459e-01
4.437635e-01
4.437906e-01
4.438316e-01
4.440349e-01
4.441037e-01
4.441811e-01
4.444177e-01
4.444242e-01
4.444904e-01
4.445162e-01
4.445972e-01
4.446900e-01
4.447429e-01
4.447981e-01
4.448046e-01
4.448237e-01
4.448830e-01
4.451082e-01
4.451592e-01
4.451867e-01
4.452395e-01
4.453047e-01
4.453474e-01
4.453575e-01
4.455767e-01
4.457034e-01
4.457299e-01
4.458529e-01
4.459158e-01
4.459688e-01
4.460377e-01
4.460961e-01
4.462161e-01
4.463039e-01
4.463926e-01
4.463996e-01
4.464493e-01
4.464813e-01
4.466117e-01
4.467752e-01
4.469076e-01
4.470032e-01
4.470090e-01
4.470863e-01
4.472686e-01
4.472769e-01
4.473214e-01
4.474928e-01
4.475147e-01
4.475208e-01
4.475904e-01
4.476420e-01
4.477666e-01
4.479006e-01
4.480047e-01
4.480569e-01
4.481538e-01
4.482294e-01
4.482550e-01
4.482990e-01
4.485023e-01
4.485343e-01
4.485611e-01
4.486024e-01
4.486679e-01
4.488213e-01
4.488897e-01
4.489617e-01
4.490964e-01
4.491139e-01
4.492595e-01
4.493015e-01
4.493547e-01
4.493913e-01
4.494451e-01
4.494579e-01
4.495242e-01
4.495726e-01
4.497196e-01
4.497509e-01
4.498650e-01
4.499473e-01
4.500639e-01
4.502194e-01
4.502424e-01
4.502612e-01
4.502639e-01
4.504119e-01
4.504479e-01
4.505020e-01
4.505140e-01
4.505234e-01
4.506873e-01
4.507990e-01
4.508706e-01
4.509568e-01
4.510089e-01
4.511427e-01
4.511645e-01
4.513093e-01
4.513721e-01
4.514594e-01
4.515041e-01
4.516320e-01
4.516399e-01
4.518350e-01
4.519220e-01
4.519915e-01
4.520390e-01
4.520644e-01
4.522024e-01
4.522034e-01
4.522160e-01
4.522795e-01
4.522816e-01
4.524106e-01
4.526251e-01
4.527099e-01
4.527269e-01
4.528532e-01
4.529113e-01
4.529484e-01
4.530212e-01
4.530613e-01
4.532460e-01
4.533300e-01
4.533869e-01
4.535430e-01
4.535618e-01
4.536261e-01
4.536573e-01
4.536780e-01
4.537760e-01
4.539395e-01
4.539607e-01
4.542886e-01
4.543245e-01
4.543315e-01
4.543436e-01
4.544953e-01
4.545757e-01
4.546663e-01
4.547112e-01
4.548628e-01
4.549416e-01
4.550004e-01
4.550701e-01
4.550991e-01
4.551930e-01
4.552259e-01
4.552925e-01
4.553200e-01
4.555635e-01
4.556336e-01
4.557549e-01
4.557936e-01
4.558086e-01
4.559934e-01
4.561846e-01
4.562797e-01
4.563017e-01
4.564492e-01
4.565003e-01
4.565828e-01
4.565937e-01
4.567365e-01
4.567593e-01
4.569855e-01
4.570318e-01
4.571291e-01
4.571447e-01
4.572580e-01
4.572829e-01
4.573540e-01
4.574563e-01
4.575257e-01
4.575506e-01
4.577314e-01
4.577527e-01
4.578136e-01
4.579089e-01
4.579669e-01
4.581038e-01
4.581162e-01
4.581950e-01
4.582371e-01
4.584080e-01
4.584521e-01
4.585079e-01
4.585251e-01
4.585851e-01
4.587064e-01
4.587308e-01
4.587998e-01
4.589237e-01
4.590084e-01
4.590461e-01
4.590491e-01
4.590569e-01
4.593425e-01
4.594337e-01
4.594527e-01
4.596080e-01
4.596514e-01
4.596946e-01
4.598362e-01
4.598787e-01
4.599273e-01
4.599389e-01
4.601536e-01
4.603202e-01
4.604140e-01
4.605380e-01
4.606214e-01
4.606575e-01
4.606994e-01
4.607609e-01
4.607785e-01
4.608493e-01
4.610151e-01
4.611852e-01
4.612211e-01
4.613506e-01
4.613854e-01
4.614051e-01
4.615873e-01
4.615921e-01
4.616738e-01
4.616797e-01
4.617216e-01
4.619073e-01
4.619211e-01
4.619887e-01
4.621427e-01
4.621659e-01
4.621971e-01
4.623684e-01
4.623740e-01
4.625612e-01
4.626671e-01
4.626909e-01
4.628356e-01
4.629878e-01
4.630047e-01
4.630054e-01
4.630785e-01
4.631562e-01
4.633449e-01
4.633603e-01
4.633929e-01
4.634190e-01
4.634455e-01
4.636103e-01
4.637632e-01
4.637893e-01
4.638559e-01
4.638583e-01
4.639570e-01
4.640989e-01
4.642114e-01
4.642216e-01
4.643232e-01
4.644039e-01
4.645531e-01
4.647324e-01
4.647459e-01
4.647696e-01
4.648215e-01
4.648385e-01
4.649364e-01
4.651338e-01
4.651922e-01
4.652896e-01
4.653209e-01
4.653832e-01
4.654052e-01
4.655700e-01
4.656296e-01
4.656788e-01
4.657564e-01
4.658348e-01
4.658443e-01
4.659173e-01
4.660185e-01
4.660863e-01
4.661685e-01
4.662190e-01
4.662822e-01
4.663113e-01
4.663129e-01
4.665081e-01
4.665502e-01
4.665716e-01
4.666267e-01
4.666573e-01
4.667164e-01
4.669216e-01
4.669835e-01
4.671156e-01
4.671199e-01
4.671237e-01
4.671853e-01
4.672060e-01
4.672234e-01
4.674307e-01
4.674963e-01
4.675184e-01
4.676387e-01
4.676857e-01
4.679099e-01
4.680130e-01
4.680186e-01
4.680875e-01
4.681414e-01
4.682165e-01
4.682829e-01
4.683830e-01
4.685007e-01
4.685260e-01
4.687475e-01
4.687866e-01
4.687888e-01
4.689205e-01
4.690837e-01
4.690841e-01
4.691847e-01
4.692927e-01
4.693096e-01
4.694077e-01
4.694981e-01
4.695119e-01
4.695702e-01
4.696947e-01
4.699129e-01
4.700414e-01
4.700742e-01
4.701315e-01
4.702307e-01
4.702376e-01
4.702980e-01
4.703087e-01
4.705444e-01
4.707996e-01
4.708304e-01
4.709474e-01
4.709786e-01
4.711407e-01
4.711422e-01
4.712234e-01
4.713572e-01
4.714307e-01
4.714605e-01
4.715115e-01
4.717021e-01
4.717919e-01
4.718492e-01
4.719085e-01
4.720942e-01
4.721888e-01
4.723233e-01
4.725017e-01
4.725025e-01
4.725788e-01
4.727972e-01
4.728411e-01
4.728565e-01
4.729551e-01
4.730399e-01
4.730569e-01
4.730777e-01
4.731664e-01
4.733374e-01
4.733541e-01
4.733589e-01
4.733637e-01
4.735210e-01
4.736337e-01
4.736438e-01
4.738652e-01
4.738901e-01
4.739354e-01
4.740701e-01
4.741441e-01
4.742056e-01
4.742999e-01
4.743105e-01
4.744284e-01
4.745417e-01
4.745493e-01
4.748443e-01
4.749157e-01
4.749810e-01
4.750835e-01
4.751588e-01
4.753160e-01
4.753482e-01
4.754130e-01
4.756889e-01
4.757334e-01
4.757922e-01
4.758290e-01
4.758672e-01
4.758942e-01
4.759397e-01
4.759541e-01
4.760537e-01
4.763043e-01
4.763863e-01
4.764728e-01
4.765248e-01
4.765373e-01
4.766612e-01
4.768440e-01
4.768668e-01
4.769377e-01
4.770665e-01
4.771280e-01
4.772127e-01
4.773223e-01
4.773491e-01
4.774975e-01
4.775077e-01
4.775943e-01
4.776217e-01
4.777012e-01
4.777512e-01
4.777747e-01
4.777762e-01
4.779974e-01
4.781909e-01
4.782856e-01
4.782953e-01
4.784964e-01
4.785909e-01
4.787455e-01
4.787939e-01
4.788390e-01
4.789322e-01
4.789811e-01
4.790571e-01
4.790795e-01
4.790978e-01
4.793656e-01
4.795031e-01
4.796003e-01
4.796597e-01
4.798179e-01
4.798493e-01
4.799463e-01
4.799632e-01
4.799768e-01
4.800785e-01
4.801506e-01
4.802179e-01
4.804530e-01
4.804600e-01
4.805119e-01
4.805775e-01
4.805928e-01
4.806430e-01
4.806653e-01
4.810074e-01
4.810090e-01
4.810729e-01
4.811126e-01
4.814335e-01
4.815424e-01
4.816423e-01
4.817442e-01
4.817619e-01
4.817909e-01
4.818775e-01
4.819064e-01
4.819461e-01
4.821557e-01
4.822366e-01
4.823561e-01
4.824389e-01
4.824821e-01
4.825660e-01
4.826408e-01
4.826426e-01
4.826534e-01
4.827951e-01
4.828256e-01
4.830222e-01
4.831671e-01
4.832969e-01
4.833010e-01
4.834100e-01
4.834158e-01
4.835588e-01
4.835710e-01
4.836354e-01
4.838357e-01
4.838668e-01
4.839179e-01
4.840314e-01
4.841216e-01
4.841485e-01
4.841943e-01
4.843080e-01
4.843316e-01
4.846529e-01
4.847406e-01
4.847843e-01
4.848381e-01
4.848916e-01
4.849789e-01
4.851225e-01
4.852048e-01
4.853820e-01
4.853878e-01
4.854177e-01
4.854790e-01
4.855764e-01
4.857449e-01
4.857832e-01
4.858022e-01
4.858508e-01
4.860191e-01
4.861580e-01
4.861802e-01
4.863149e-01
4.865487e-01
4.865936e-01
4.866343e-01
4.866619e-01
4.867259e-01
4.867622e-01
4.867750e-01
4.869149e-01
4.870487e-01
4.870620e-01
4.871928e-01
4.873309e-01
4.873785e-01
4.874951e-01
4.878514e-01
4.879304e-01
4.879448e-01
4.879516e-01
4.880535e-01
4.880799e-01
4.881075e-01
4.881370e-01
4.881761e-01
4.884294e-01
4.884740e-01
4.886044e-01
4.886722e-01
4.887120e-01
4.888034e-01
4.889340e-01
4.890396e-01
4.891063e-01
4.892433e-01
4.892535e-01
4.893094e-01
4.893374e-01
4.894980e-01
4.895727e-01
4.896807e-01
4.896814e-01
4.898114e-01
4.900929e-01
4.901765e-01
4.902301e-01
4.902378e-01
4.903670e-01
4.904284e-01
4.905649e-01
4.906109e-01
4.907519e-01
4.907568e-01
4.907859e-01
4.907987e-01
4.908901e-01
4.910045e-01
4.910945e-01
4.912329e-01
4.912596e-01
4.914386e-01
4.914622e-01
4.916755e-01
4.916956e-01
4.917000e-01
4.917460e-01
4.918297e-01
4.918390e-01
4.919622e-01
4.922466e-01
4.923611e-01
4.927619e-01
4.927979e-01
4.927995e-01
4.928689e-01
4.929769e-01
4.929889e-01
4.930785e-01
4.931059e-01
4.931856e-01
4.933134e-01
4.934564e-01
4.934970e-01
4.935879e-01
4.935966e-01
4.937412e-01
4.938896e-01
4.938943e-01
4.940255e-01
4.940497e-01
4.941128e-01
4.943131e-01
4.943467e-01
4.944343e-01
4.947141e-01
4.947588e-01
4.948783e-01
4.950245e-01
4.950527e-01
4.950529e-01
4.952066e-01
4.952070e-01
4.953488e-01
4.954140e-01
4.954764e-01
4.955474e-01
4.957555e-01
4.958903e-01
4.959605e-01
4.959824e-01
4.959925e-01
4.960727e-01
4.962787e-01
4.964653e-01
4.965431e-01
4.966127e-01
4.967787e-01
4.967897e-01
4.968274e-01
4.969439e-01
4.970562e-01
4.970850e-01
4.970915e-01
4.972650e-01
4.974185e-01
4.974397e-01
4.974736e-01
4.974794e-01
4.978094e-01
4.978675e-01
4.978843e-01
4.979239e-01
4.980479e-01
4.980499e-01
4.982053e-01
4.983675e-01
4.984013e-01
4.984795e-01
4.985365e-01
4.987549e-01
4.987945e-01
4.988440e-01
4.988767e-01
4.989328e-01
4.989657e-01
4.992402e-01
4.993219e-01
4.994611e-01
4.994612e-01
4.995381e-01
4.995753e-01
4.995851e-01
4.998049e-01
5.000157e-01
5.001222e-01
5.001319e-01
5.002519e-01
5.004024e-01
5.008186e-01
5.008267e-01
5.009268e-01
5.009621e-01
5.010293e-01
5.010580e-01
5.011249e-01
5.012841e-01
5.013055e-01
5.013776e-01
5.015331e-01
5.015582e-01
5.017562e-01
5.018802e-01
5.019241e-01
5.021228e-01
5.021417e-01
5.022130e-01
5.022966e-01
5.024574e-01
5.024897e-01
5.025428e-01
5.028689e-01
5.029657e-01
5.030506e-01
5.031812e-01
5.033240e-01
5.036260e-01
5.036707e-01
5.036747e-01
5.039901e-01
5.040874e-01
5.040958e-01
5.041534e-01
5.041890e-01
5.044294e-01
5.044535e-01
5.044831e-01
5.044862e-01
5.046684e-01
5.048056e-01
5.048546e-01
5.051105e-01
5.051606e-01
5.051903e-01
5.051988e-01
5.053135e-01
5.053262e-01
5.054757e-01
5.056334e-01
5.058381e-01
5.059212e-01
5.059632e-01
5.059694e-01
5.059860e-01
5.060192e-01
5.061765e-01
5.062134e-01
5.062210e-01
5.065730e-01
5.065843e-01
5.067449e-01
5.068751e-01
5.069206e-01
5.069734e-01
5.070241e-01
5.070703e-01
5.071665e-01
5.072613e-01
5.072878e-01
5.076228e-01
5.076913e-01
5.078003e-01
5.080115e-01
5.080715e-01
5.081768e-01
5.082045e-01
5.082286e-01
5.083261e-01
5.083460e-01
5.084180e-01
5.085243e-01
5.085367e-01
5.086391e-01
5.088414e-01
5.090442e-01
5.091449e-01
5.094103e-01
5.095190e-01
5.095305e-01
5.096453e-01
5.097276e-01
5.097508e-01
5.099086e-01
5.099526e-01
5.099826e-01
5.102424e-01
5.103040e-01
5.103281e-01
5.103893e-01
5.105719e-01
5.107542e-01
5.108189e-01
5.109482e-01
5.110645e-01
5.111044e-01
5.111552e-01
5.112137e-01
5.114626e-01
5.115327e-01
5.115686e-01
5.116442e-01
5.117245e-01
5.117843e-01
5.118613e-01
5.119886e-01
5.122632e-01
5.122983e-01
5.123982e-01
5.127308e-01
5.127533e-01
5.128531e-01
5.129427e-01
5.130942e-01
5.131056e-01
5.131136e-01
5.132245e-01
5.132388e-01
5.132684e-01
5.132775e-01
5.135212e-01
5.135277e-01
5.137258e-01
5.138480e-01
5.139813e-01
5.140338e-01
5.141445e-01
5.142281e-01
5.142956e-01
5.144531e-01
5.145827e-01
5.146180e-01
5.146690e-01
5.148304e-01
5.148423e-01
5.149848e-01
5.149946e-01
5.150582e-01
5.152810e-01
5.155167e-01
5.156250e-01
5.156420e-01
5.157790e-01
5.158881e-01
5.159270e-01
5.160175e-01
5.161493e-01
5.161540e-01
5.162312e-01
5.162551e-01
5.163789e-01
5.163936e-01
5.165186e-01
5.166364e-01
5.166581e-01
5.168979e-01
5.171017e-01
5.171537e-01
5.171632e-01
5.173992e-01
5.175678e-01
5.175731e-01
5.176573e-01
5.176704e-01
5.178630e-01
5.180877e-01
5.181033e-01
5.181081e-01
5.182112e-01
5.182561e-01
5.182681e-01
5.183391e-01
5.184100e-01
5.184288e-01
5.187461e-01
5.188177e-01
5.188911e-01
5.190929e-01
5.191015e-01
5.191392e-01
5.194143e-01
5.195077e-01
5.196422e-01
5.196436e-01
5.196948e-01
5.199684e-01
5.200314e-01
5.200579e-01
5.201297e-01
5.203101e-01
5.203683e-01
5.203706e-01
5.204262e-01
5.204333e-01
5.206777e-01
5.207829e-01
5.208681e-01
5.209088e-01
5.209416e-01
5.212913e-01
5.215014e-01
5.216440e-01
5.218471e-01
5.219149e-01
5.220932e-01
5.221673e-01
5.222036e-01
5.222102e-01
5.223331e-01
5.224310e-01
5.224870e-01
5.227548e-01
5.227835e-01
5.228087e-01
5.228800e-01
5.228983e-01
5.230775e-01
5.231246e-01
5.231689e-01
5.232442e-01
5.233891e-01
5.236112e-01
5.237561e-01
5.238834e-01
5.239348e-01
5.240757e-01
5.240951e-01
5.242670e-01
5.243012e-01
5.243431e-01
5.243547e-01
5.243824e-01
5.243869e-01
5.247914e-01
5.248889e-01
5.250483e-01
5.251419e-01
5.251851e-01
5.252257e-01
5.254246e-01
5.254331e-01
5.254941e-01
5.255441e-01
5.257143e-01
5.257680e-01
5.259098e-01
5.261606e-01
5.263566e-01
5.264091e-01
5.264570e-01
5.266037e-01
5.267061e-01
5.267475e-01
5.267486e-01
5.268144e-01
5.269662e-01
5.269996e-01
5.271318e-01
5.271481e-01
5.271583e-01
5.272468e-01
5.272790e-01
5.274604e-01
5.274660e-01
5.278313e-01
5.278612e-01
5.279369e-01
5.281011e-01
5.281083e-01
5.282084e-01
5.282491e-01
5.283291e-01
5.283907e-01
5.285077e-01
5.285733e-01
5.286020e-01
5.289609e-01
5.290233e-01
5.290336e-01
5.291759e-01
5.292414e-01
5.294664e-01
5.294695e-01
5.295558e-01
5.295737e-01
5.296645e-01
5.298170e-01
5.298779e-01
5.299254e-01
5.299652e-01
5.300364e-01
5.301379e-01
5.302618e-01
5.303042e-01
5.303864e-01
5.305953e-01
5.306297e-01
5.309963e-01
5.310660e-01
5.312126e-01
5.313342e-01
5.313602e-01
5.315967e-01
5.316522e-01
5.317172e-01
5.319717e-01
5.320419e-01
5.321185e-01
5.321569e-01
5.322940e-01
5.323503e-01
5.323636e-01
5.325085e-01
5.325389e-01
5.326792e-01
5.328655e-01
5.330485e-01
5.331457e-01
5.332031e-01
5.333815e-01
5.334085e-01
5.334309e-01
5.334860e-01
5.335115e-01
5.335831e-01
5.338188e-01
5.339961e-01
5.340203e-01
5.341805e-01
5.344431e-01
5.344786e-01
5.346001e-01
5.349169e-01
5.349849e-01
5.350091e-01
5.351241e-01
5.351381e-01
5.353968e-01
5.353999e-01
5.354537e-01
5.355915e-01
5.356991e-01
5.358886e-01
5.359070e-01
5.360895e-01
5.361203e-01
5.361292e-01
5.361911e-01
5.362976e-01
5.363470e-01
5.367739e-01
5.368317e-01
5.368904e-01
5.369350e-01
5.369534e-01
5.369715e-01
5.372885e-01
5.374265e-01
5.374313e-01
5.376515e-01
5.377172e-01
5.378141e-01
5.378981e-01
5.380555e-01
5.382114e-01
5.382125e-01
5.382691e-01
5.386262e-01
5.387851e-01
5.388304e-01
5.390326e-01
5.390569e-01
5.391008e-01
5.392846e-01
5.392853e-01
5.394386e-01
5.395450e-01
5.396592e-01
5.397365e-01
5.398593e-01
5.399288e-01
5.400721e-01
5.401521e-01
5.404330e-01
5.405339e-01
5.406548e-01
5.408036e-01
5.409145e-01
5.409146e-01
5.409378e-01
5.410063e-01
5.410077e-01
5.412166e-01
5.412317e-01
5.413571e-01
5.415503e-01
5.416545e-01
5.417971e-01
5.419530e-01
5.419721e-01
5.421679e-01
5.422817e-01
5.423952e-01
5.424449e-01
5.424515e-01
5.425969e-01
5.426381e-01
5.428872e-01
5.433589e-01
5.434104e-01
5.436439e-01
5.437956e-01
5.438055e-01
5.438415e-01
5.442278e-01
5.443094e-01
5.443157e-01
5.443587e-01
5.445425e-01
5.446518e-01
5.446530e-01
5.448389e-01
5.448549e-01
5.452928e-01
5.453603e-01
5.455865e-01
5.457658e-01
5.460013e-01
5.460058e-01
5.460845e-01
5.463800e-01
5.464981e-01
5.465198e-01
5.465798e-01
5.466254e-01
5.466954e-01
5.470036e-01
5.470281e-01
5.471376e-01
5.472377e-01
5.474293e-01
5.474593e-01
5.477980e-01
5.481863e-01
5.482561e-01
5.483153e-01
5.483510e-01
5.484793e-01
5.485267e-01
5.487775e-01
5.488161e-01
5.488319e-01
5.491638e-01
5.492181e-01
5.493188e-01
5.495757e-01
5.497318e-01
5.498351e-01
5.498697e-01
5.499527e-01
5.502685e-01
5.502735e-01
5.504172e-01
5.504218e-01
5.505806e-01
5.505892e-01
5.508504e-01
5.508564e-01
5.509276e-01
5.513908e-01
5.514080e-01
5.516050e-01
5.517293e-01
5.517469e-01
5.519697e-01
5.520368e-01
5.522402e-01
5.522658e-01
5.523078e-01
5.525680e-01
5.526861e-01
5.527557e-01
5.530948e-01
5.531192e-01
5.533278e-01
5.533783e-01
5.534282e-01
5.534611e-01
5.537007e-01
5.538249e-01
5.539734e-01
5.539764e-01
5.539976e-01
5.540140e-01
5.543602e-01
5.544736e-01
5.544907e-01
5.544961e-01
5.546171e-01
5.546331e-01
5.548249e-01
5.551538e-01
5.552132e-01
5.553526e-01
5.554982e-01
5.555657e-01
5.556933e-01
5.558727e-01
5.559537e-01
5.561381e-01
5.562297e-01
5.562676e-01
5.565161e-01
5.565568e-01
5.568179e-01
5.568372e-01
5.569062e-01
5.571865e-01
5.573209e-01
5.574458e-01
5.575336e-01
5.577065e-01
5.577441e-01
5.578321e-01
5.579163e-01
5.579777e-01
5.581990e-01
5.584303e-01
5.584897e-01
5.587055e-01
5.587348e-01
5.587589e-01
5.589093e-01
5.590336e-01
5.591148e-01
5.592309e-01
5.592703e-01
5.594894e-01
5.595669e-01
5.597799e-01
5.600185e-01
5.600525e-01
5.600572e-01
5.602372e-01
5.603080e-01
5.604375e-01
5.605243e-01
5.605587e-01
5.606604e-01
5.606733e-01
5.606852e-01
5.606976e-01
5.608486e-01
5.610020e-01
5.610447e-01
5.611434e-01
5.612106e-01
5.612114e-01
5.612910e-01
5.615650e-01
5.617806e-01
5.618096e-01
5.619640e-01
5.623099e-01
5.624053e-01
5.624399e-01
5.625274e-01
5.625480e-01
5.626105e-01
5.626684e-01
5.628548e-01
5.628668e-01
5.629952e-01
5.631406e-01
5.631868e-01
5.632948e-01
5.633173e-01
5.633818e-01
5.635570e-01
5.636704e-01
5.637036e-01
5.639252e-01
5.640156e-01
5.641450e-01
5.641569e-01
5.642756e-01
5.644711e-01
5.645337e-01
5.645997e-01
5.647352e-01
5.647685e-01
5.649386e-01
5.649739e-01
5.650217e-01
5.651120e-01
5.652477e-01
5.652761e-01
5.654124e-01
5.654561e-01
5.654580e-01
5.655433e-01
5.656109e-01
5.656568e-01
5.658868e-01
5.658949e-01
5.660208e-01
5.660221e-01
5.662989e-01
5.663241e-01
5.663892e-01
5.665461e-01
5.665522e-01
5.667460e-01
5.667728e-01
5.669340e-01
5.670931e-01
5.671743e-01
5.673185e-01
5.673240e-01
5.674575e-01
5.674979e-01
5.674993e-01
5.675738e-01
5.676950e-01
5.677545e-01
5.678985e-01
5.679357e-01
5.679565e-01
5.680456e-01
5.681130e-01
5.684559e-01
5.685466e-01
5.685477e-01
5.685739e-01
5.686718e-01
5.688861e-01
5.689016e-01
5.690456e-01
5.690909e-01
5.691189e-01
5.692651e-01
5.692949e-01
5.694293e-01
5.694335e-01
5.695084e-01
5.696961e-01
5.697902e-01
5.698763e-01
5.699682e-01
5.699921e-01
5.700622e-01
5.700783e-01
5.701962e-01
5.702864e-01
5.703131e-01
5.706228e-01
5.706566e-01
5.707238e-01
5.707333e-01
5.707623e-01
5.709251e-01
5.710629e-01
5.711012e-01
5.711546e-01
5.712799e-01
5.712921e-01
5.713006e-01
5.714282e-01
5.715859e-01
5.717513e-01
5.718926e-01
5.719433e-01
5.719439e-01
5.719914e-01
5.721646e-01
5.722805e-01
5.724226e-01
5.724879e-01
5.726721e-01
5.728029e-01
5.728331e-01
5.728436e-01
5.728641e-01
5.729602e-01
5.732106e-01
5.733284e-01
5.734196e-01
5.734541e-01
5.737771e-01
5.738228e-01
5.739037e-01
5.739245e-01
5.740452e-01
5.740886e-01
5.741238e-01
5.741986e-01
5.743043e-01
5.743219e-01
5.743601e-01
5.743843e-01
5.744900e-01
5.745167e-01
5.746324e-01
5.747766e-01
5.748187e-01
5.748364e-01
5.749002e-01
5.750736e-01
5.751499e-01
5.751544e-01
5.752472e-01
5.752789e-01
5.753507e-01
5.753865e-01
5.753897e-01
5.755616e-01
5.756126e-01
5.756133e-01
5.756536e-01
5.758121e-01
5.759398e-01
5.761034e-01
5.761674e-01
5.762361e-01
5.762999e-01
5.763760e-01
5.764488e-01
5.764875e-01
5.765413e-01
5.767017e-01
5.767327e-01
5.767810e-01
5.768497e-01
5.770589e-01
5.770804e-01
5.773237e-01
5.773716e-01
5.773808e-01
5.774932e-01
5.775316e-01
5.775379e-01
5.778707e-01
5.779027e-01
5.779151e-01
5.780726e-01
5.780773e-01
5.781209e-01
5.781589e-01
5.781796e-01
5.782047e-01
5.783436e-01
5.784896e-01
5.786539e-01
5.787480e-01
5.787563e-01
5.789673e-01
5.790761e-01
5.790806e-01
5.792283e-01
5.793079e-01
5.793332e-01
5.793714e-01
5.794246e-01
5.794656e-01
5.795694e-01
5.797084e-01
5.797827e-01
5.797927e-01
5.798734e-01
5.799896e-01
5.803045e-01
5.803786e-01
5.803917e-01
5.805815e-01
5.806280e-01
5.807767e-01
5.807827e-01
5.809600e-01
5.810073e-01
5.810222e-01
5.811586e-01
5.811760e-01
5.812486e-01
5.812815e-01
5.813796e-01
5.814709e-01
5.816722e-01
5.818827e-01
5.819212e-01
5.819589e-01
5.820975e-01
5.821329e-01
5.821772e-01
5.822092e-01
5.823072e-01
5.825008e-01
5.825541e-01
5.826150e-01
5.826847e-01
5.829778e-01
5.830193e-01
5.830629e-01
5.831448e-01
5.832063e-01
5.832651e-01
5.832947e-01
5.835458e-01
5.836547e-01
5.836896e-01
5.837467e-01
5.837957e-01
5.840971e-01
5.841765e-01
5.842257e-01
5.842856e-01
5.845070e-01
5.845652e-01
5.845753e-01
5.846435e-01
5.846801e-01
5.847460e-01
5.847915e-01
5.848898e-01
5.849662e-01
5.850418e-01
5.850948e-01
5.852531e-01
5.852592e-01
5.853024e-01
5.854715e-01
5.854821e-01
5.855096e-01
5.856937e-01
5.857042e-01
5.857347e-01
5.858692e-01
5.861844e-01
5.862162e-01
5.862996e-01
5.864657e-01
5.865576e-01
5.866839e-01
5.867452e-01
5.867653e-01
5.868011e-01
5.869504e-01
5.869857e-01
5.870239e-01
5.871341e-01
5.872267e-01
5.872432e-01
5.874055e-01
5.874572e-01
5.876174e-01
5.877991e-01
5.878033e-01
5.879015e-01
5.879346e-01
5.879357e-01
5.880764e-01
5.880961e-01
5.882000e-01
5.882310e-01
5.883893e-01
5.885746e-01
5.886639e-01
5.887040e-01
5.887103e-01
5.889008e-01
5.889919e-01
5.890200e-01
5.891141e-01
5.893018e-01
5.894348e-01
5.894474e-01
5.895308e-01
5.896777e-01
5.898415e-01
5.898457e-01
5.900376e-01
5.900605e-01
5.902918e-01
5.905196e-01
5.905256e-01
5.905807e-01
5.905947e-01
5.907146e-01
5.909145e-01
5.909727e-01
5.910818e-01
5.912122e-01
5.912558e-01
5.914748e-01
5.914854e-01
5.915821e-01
5.917934e-01
5.918813e-01
5.921431e-01
5.921517e-01
5.921763e-01
5.922007e-01
5.922730e-01
5.925675e-01
5.925917e-01
5.929100e-01
5.930519e-01
5.930904e-01
5.931907e-01
5.932282e-01
5.933210e-01
5.933359e-01
5.933497e-01
5.934582e-01
5.935053e-01
5.936230e-01
5.937195e-01
5.937202e-01
5.940257e-01
5.942106e-01
5.942400e-01
5.942421e-01
5.944240e-01
5.945212e-01
5.945581e-01
5.946526e-01
5.946696e-01
5.947419e-01
5.947902e-01
5.948768e-01
5.950224e-01
5.950905e-01
5.955384e-01
5.955454e-01
5.956223e-01
5.956275e-01
5.959146e-01
5.960090e-01
5.960093e-01
5.960799e-01
5.962794e-01
5.962874e-01
5.963304e-01
5.964202e-01
5.965379e-01
5.967065e-01
5.967718e-01
5.967913e-01
5.970765e-01
5.973474e-01
5.973667e-01
5.974268e-01
5.975997e-01
5.976640e-01
5.977896e-01
5.978582e-01
5.979066e-01
5.980028e-01
5.980363e-01
5.980497e-01
5.983817e-01
5.984930e-01
5.986769e-01
5.988389e-01
5.988931e-01
5.988991e-01
5.989371e-01
5.990597e-01
5.991740e-01
5.992019e-01
5.993796e-01
5.995704e-01
5.996467e-01
5.997950e-01
5.998523e-01
5.998932e-01
5.999334e-01
5.999872e-01
6.001662e-01
6.001995e-01
6.003254e-01
6.003861e-01
6.003938e-01
6.004933e-01
6.005767e-01
6.007475e-01
6.010235e-01
6.010837e-01
6.012878e-01
6.013173e-01
6.013206e-01
6.013769e-01
6.015064e-01
6.016276e-01
6.016873e-01
6.018365e-01
6.018570e-01
6.018876e-01
6.019332e-01
6.021650e-01
6.021699e-01
6.024095e-01
6.024330e-01
6.024468e-01
6.024573e-01
6.025485e-01
6.025556e-01
6.027798e-01
6.028931e-01
6.030236e-01
6.031355e-01
6.031614e-01
6.032419e-01
6.033505e-01
6.034009e-01
6.036784e-01
6.038092e-01
6.038097e-01
6.038442e-01
6.038977e-01
6.040380e-01
6.040673e-01
6.041722e-01
6.042489e-01
6.043094e-01
6.044211e-01
6.044849e-01
6.044969e-01
6.046204e-01
6.046695e-01
6.046876e-01
6.049117e-01
6.049428e-01
6.049512e-01
6.050696e-01
6.051148e-01
6.051568e-01
6.053883e-01
6.054986e-01
6.055234e-01
6.055298e-01
6.058264e-01
6.058265e-01
6.058773e-01
6.059982e-01
6.060058e-01
6.062374e-01
6.063996e-01
6.064579e-01
6.066103e-01
6.066190e-01
6.067501e-01
6.068291e-01
6.069091e-01
6.070654e-01
6.071813e-01
6.071902e-01
6.073052e-01
6.074873e-01
6.074879e-01
6.075632e-01
6.077069e-01
6.077459e-01
6.078460e-01
6.078588e-01
6.078914e-01
6.081128e-01
6.081571e-01
6.081912e-01
6.082785e-01
6.083076e-01
6.084498e-01
6.087822e-01
6.088030e-01
6.088466e-01
6.090579e-01
6.090729e-01
6.091528e-01
6.092151e-01
6.093664e-01
6.094908e-01
6.095133e-01
6.097393e-01
6.097950e-01
6.099107e-01
6.100447e-01
6.101160e-01
6.101415e-01
6.104102e-01
6.105067e-01
6.105343e-01
6.106672e-01
6.107248e-01
6.108375e-01
6.109616e-01
6.110298e-01
6.111339e-01
6.112895e-01
6.113299e-01
6.113432e-01
6.114466e-01
6.114702e-01
6.118805e-01
6.119032e-01
6.119080e-01
6.119381e-01
6.121877e-01
6.122834e-01
6.123498e-01
6.124660e-01
6.125047e-01
6.125451e-01
6.125975e-01
6.126809e-01
6.128546e-01
6.129368e-01
6.131042e-01
6.131817e-01
6.132409e-01
6.134149e-01
6.135931e-01
6.136286e-01
6.138058e-01
6.138068e-01
6.138223e-01
6.138629e-01
6.141359e-01
6.141766e-01
6.142577e-01
6.143196e-01
6.143788e-01
6.144455e-01
6.145056e-01
6.147628e-01
6.148182e-01
6.150765e-01
6.151546e-01
6.152458e-01
6.153819e-01
6.154654e-01
6.155436e-01
6.155719e-01
6.156828e-01
6.159318e-01
6.159828e-01
6.160169e-01
6.160267e-01
6.161445e-01
6.162409e-01
6.162970e-01
6.163491e-01
6.164782e-01
6.165432e-01
6.165592e-01
6.167021e-01
6.168177e-01
6.170144e-01
6.170686e-01
6.171269e-01
6.172320e-01
6.172363e-01
6.174394e-01
6.174663e-01
6.174869e-01
6.178030e-01
6.178084e-01
6.178156e-01
6.183682e-01
6.184078e-01
6.184805e-01
6.186656e-01
6.188448e-01
6.190283e-01
6.191202e-01
6.192333e-01
6.193518e-01
6.194118e-01
6.195902e-01
6.197259e-01
6.201233e-01
6.201523e-01
6.202240e-01
6.203893e-01
6.204573e-01
6.204995e-01
6.205025e-01
6.207285e-01
6.207900e-01
6.208377e-01
6.210299e-01
6.210818e-01
6.211125e-01
6.213639e-01
6.214320e-01
6.218372e-01
6.219166e-01
6.219540e-01
6.220410e-01
6.221909e-01
6.221948e-01
6.224758e-01
6.224862e-01
6.225032e-01
6.225621e-01
6.226192e-01
6.227332e-01
6.227432e-01
6.227984e-01
6.230966e-01
6.232992e-01
6.233418e-01
6.235249e-01
6.236313e-01
6.237551e-01
6.237797e-01
6.239338e-01
6.239850e-01
6.240062e-01
6.240072e-01
6.242741e-01
6.244791e-01
6.245655e-01
6.247341e-01
6.247498e-01
6.247704e-01
6.250240e-01
6.250637e-01
6.251955e-01
6.252308e-01
6.253144e-01
6.253959e-01
6.256317e-01
6.257845e-01
6.258004e-01
6.258143e-01
6.259674e-01
6.261164e-01
6.261759e-01
6.263433e-01
6.265267e-01
6.266708e-01
6.269224e-01
6.270156e-01
6.271319e-01
6.271457e-01
6.271910e-01
6.273859e-01
6.273948e-01
6.275663e-01
6.276489e-01
6.276751e-01
6.277914e-01
6.279425e-01
6.279783e-01
6.281300e-01
6.282912e-01
6.284941e-01
6.285570e-01
6.286217e-01
6.287509e-01
6.288591e-01
6.291448e-01
6.291964e-01
6.293779e-01
6.295676e-01
6.298437e-01
6.299939e-01
6.301385e-01
6.301731e-01
6.302112e-01
6.302533e-01
6.302841e-01
6.303603e-01
6.305242e-01
6.307024e-01
6.307224e-01
6.307869e-01
6.308750e-01
6.309266e-01
6.311027e-01
6.312643e-01
6.313501e-01
6.314897e-01
6.315332e-01
6.316416e-01
6.317369e-01
6.320820e-01
6.322384e-01
6.324457e-01
6.325750e-01
6.326872e-01
6.330701e-01
6.331071e-01
6.331097e-01
6.332334e-01
6.333286e-01
6.334269e-01
6.336821e-01
6.337674e-01
6.339280e-01
6.339336e-01
6.339882e-01
6.340612e-01
6.342103e-01
6.343376e-01
6.346510e-01
6.346983e-01
6.350071e-01
6.350475e-01
6.350714e-01
6.351789e-01
6.352928e-01
6.354270e-01
6.356180e-01
6.357941e-01
6.358069e-01
6.359100e-01
6.360063e-01
6.361722e-01
6.363942e-01
6.364534e-01
6.364642e-01
6.364983e-01
6.365003e-01
6.367838e-01
6.370068e-01
6.372642e-01
6.373225e-01
6.374483e-01
6.375913e-01
6.376772e-01
6.377045e-01
6.377424e-01
6.380927e-01
6.381137e-01
6.381703e-01
6.382131e-01
6.385286e-01
6.386710e-01
6.387829e-01
6.388105e-01
6.388463e-01
6.388886e-01
6.391757e-01
6.391862e-01
6.395053e-01
6.395262e-01
6.398591e-01
6.399375e-01
6.399899e-01
6.400248e-01
6.400974e-01
6.401758e-01
6.405759e-01
6.406639e-01
6.407012e-01
6.407134e-01
6.407935e-01
6.411114e-01
6.412162e-01
6.412958e-01
6.414497e-01
6.415042e-01
6.415105e-01
6.420069e-01
6.420915e-01
6.421646e-01
6.422795e-01
6.423497e-01
6.424482e-01
6.425931e-01
6.426132e-01
6.426541e-01
6.428682e-01
6.430689e-01
6.431085e-01
6.431549e-01
6.433355e-01
6.434173e-01
6.436471e-01
6.437511e-01
6.438768e-01
6.440743e-01
6.441876e-01
6.441894e-01
6.443102e-01
6.447135e-01
6.447280e-01
6.448660e-01
6.449006e-01
6.449477e-01
6.449645e-01
6.451308e-01
6.452684e-01
6.454664e-01
6.455375e-01
6.456009e-01
6.457363e-01
6.458004e-01
6.458792e-01
6.459583e-01
6.459774e-01
6.461938e-01
6.462533e-01
6.464209e-01
6.465432e-01
6.466236e-01
6.467218e-01
6.467587e-01
6.467927e-01
6.469821e-01
6.470150e-01
6.470488e-01
6.472480e-01
6.473859e-01
6.474188e-01
6.475245e-01
6.475870e-01
6.476263e-01
6.476775e-01
6.478075e-01
6.479455e-01
6.479604e-01
6.480907e-01
6.482026e-01
6.482033e-01
6.483889e-01
6.485648e-01
6.487408e-01
6.488239e-01
6.488461e-01
6.489022e-01
6.493252e-01
6.494117e-01
6.496140e-01
6.496476e-01
6.497108e-01
6.498803e-01
6.499572e-01
6.501256e-01
6.502115e-01
6.503667e-01
6.504941e-01
6.505317e-01
6.505691e-01
6.511560e-01
6.511715e-01
6.512463e-01
6.513035e-01
6.513199e-01
6.516493e-01
6.516774e-01
6.517210e-01
6.518170e-01
6.519975e-01
6.522036e-01
6.522484e-01
6.522494e-01
6.524067e-01
6.526396e-01
6.527056e-01
6.528058e-01
6.528705e-01
6.531522e-01
6.532303e-01
6.532450e-01
6.533460e-01
6.535023e-01
6.535887e-01
6.537635e-01
6.537824e-01
6.538659e-01
6.539431e-01
6.540919e-01
6.541523e-01
6.541680e-01
6.542942e-01
6.544359e-01
6.546106e-01
6.547433e-01
6.548151e-01
6.548900e-01
6.550266e-01
6.552041e-01
6.552270e-01
6.554048e-01
6.554392e-01
6.554635e-01
6.555898e-01
6.556650e-01
6.559070e-01
6.559157e-01
6.559441e-01
6.561920e-01
6.562737e-01
6.564159e-01
6.565508e-01
6.566659e-01
6.566811e-01
6.567936e-01
6.568516e-01
6.572149e-01
6.573073e-01
6.574119e-01
6.577890e-01
6.578054e-01
6.578060e-01
6.578060e-01
6.580135e-01
6.581225e-01
6.582201e-01
6.582862e-01
6.584334e-01
6.584856e-01
6.587943e-01
6.588058e-01
6.588320e-01
6.588358e-01
6.588650e-01
6.591105e-01
6.595755e-01
6.597317e-01
6.598787e-01
6.599946e-01
6.602886e-01
6.603564e-01
6.603764e-01
6.605875e-01
6.608802e-01
6.608817e-01
6.610966e-01
6.611922e-01
6.612152e-01
6.612369e-01
6.613662e-01
6.613818e-01
6.615990e-01
6.617754e-01
6.619544e-01
6.620513e-01
6.623607e-01
6.624559e-01
6.626010e-01
6.627810e-01
6.627812e-01
6.628820e-01
6.628830e-01
6.629938e-01
6.630730e-01
6.632988e-01
6.633618e-01
6.636378e-01
6.636558e-01
6.638101e-01
6.639484e-01
6.639661e-01
6.639759e-01
6.642838e-01
6.643565e-01
6.644619e-01
6.645586e-01
6.646985e-01
6.647586e-01
6.648723e-01
6.649776e-01
6.649826e-01
6.651276e-01
6.656853e-01
6.658664e-01
6.660695e-01
6.661125e-01
6.662324e-01
6.664500e-01
6.664665e-01
6.665187e-01
6.665557e-01
6.667069e-01
6.668846e-01
6.671329e-01
6.671518e-01
6.673673e-01
6.674281e-01
6.674706e-01
6.677011e-01
6.678180e-01
6.681964e-01
6.682119e-01
6.684924e-01
6.686351e-01
6.687061e-01
6.687484e-01
6.688552e-01
6.689439e-01
6.690038e-01
6.693044e-01
6.696404e-01
6.696414e-01
6.696751e-01
6.699202e-01
6.700908e-01
6.702349e-01
6.702968e-01
6.705191e-01
6.707932e-01
6.710195e-01
6.710825e-01
6.711119e-01
6.712351e-01
6.713930e-01
6.714461e-01
6.714674e-01
6.718581e-01
6.719324e-01
6.719492e-01
6.719797e-01
6.724502e-01
6.725214e-01
6.725914e-01
6.728058e-01
6.728707e-01
6.728742e-01
6.731357e-01
6.732944e-01
6.735365e-01
6.736209e-01
6.738198e-01
6.739042e-01
6.741534e-01
6.742783e-01
6.742975e-01
6.743519e-01
6.745108e-01
6.745314e-01
6.747637e-01
6.749273e-01
6.749350e-01
6.750567e-01
6.753592e-01
6.755489e-01
6.755744e-01
6.756647e-01
6.759691e-01
6.759872e-01
6.760778e-01
6.761328e-01
6.762138e-01
6.764839e-01
6.767412e-01
6.768763e-01
6.771106e-01
6.772635e-01
6.774271e-01
6.774931e-01
6.775877e-01
6.776962e-01
6.777955e-01
6.779127e-01
6.779732e-01
6.779911e-01
6.781552e-01
6.783928e-01
6.784603e-01
6.786710e-01
6.786965e-01
6.789381e-01
6.790260e-01
6.790670e-01
6.791672e-01
6.793318e-01
6.793395e-01
6.793458e-01
6.794057e-01
6.798038e-01
6.798826e-01
6.804045e-01
6.804543e-01
6.804918e-01
6.807489e-01
6.809702e-01
6.810945e-01
6.811386e-01
6.812928e-01
6.815511e-01
6.815826e-01
6.815834e-01
6.816499e-01
6.820805e-01
6.820901e-01
6.822840e-01
6.823681e-01
6.825705e-01
6.828016e-01
6.829031e-01
6.831474e-01
6.834286e-01
6.835284e-01
6.835379e-01
6.836489e-01
6.837228e-01
6.840705e-01
6.840754e-01
6.841618e-01
6.842406e-01
6.844180e-01
6.844272e-01
6.847720e-01
6.848926e-01
6.849140e-01
6.852901e-01
6.853039e-01
6.855951e-01
6.858028e-01
6.859218e-01
6.859910e-01
6.861819e-01
6.862030e-01
6.864061e-01
6.864241e-01
6.865967e-01
6.867412e-01
6.868063e-01
6.870937e-01
6.871645e-01
6.872385e-01
6.874145e-01
6.877379e-01
6.877692e-01
6.878299e-01
6.881155e-01
6.881693e-01
6.883579e-01
6.883718e-01
6.884043e-01
6.884215e-01
6.885832e-01
6.886403e-01
6.888117e-01
6.891747e-01
6.891941e-01
6.894318e-01
6.894990e-01
6.897693e-01
6.897989e-01
6.898012e-01
6.898920e-01
6.899290e-01
6.900717e-01
6.901470e-01
6.901888e-01
6.902254e-01
6.904958e-01
6.907627e-01
6.908792e-01
6.910195e-01
6.910605e-01
6.911007e-01
6.911704e-01
6.912884e-01
6.913344e-01
6.916808e-01
6.917707e-01
6.921230e-01
6.921281e-01
6.922203e-01
6.923589e-01
6.924806e-01
6.928209e-01
6.928337e-01
6.928844e-01
6.929096e-01
6.929880e-01
6.930693e-01
6.932196e-01
6.934406e-01
6.937291e-01
6.937756e-01
6.941424e-01
6.942190e-01
6.943880e-01
6.944599e-01
6.944828e-01
6.945236e-01
6.948006e-01
6.950471e-01
6.950631e-01
6.952197e-01
6.953119e-01
6.953781e-01
6.957139e-01
6.957398e-01
6.958904e-01
6.959119e-01
6.959615e-01
6.962712e-01
6.962889e-01
6.962964e-01
6.963067e-01
6.964449e-01
6.964998e-01
6.968152e-01
6.969636e-01
6.970410e-01
6.970816e-01
6.974284e-01
6.974593e-01
6.974926e-01
6.975393e-01
6.977089e-01
6.978723e-01
6.980812e-01
6.981341e-01
6.983573e-01
6.984085e-01
6.986645e-01
6.987684e-01
6.988058e-01
6.992611e-01
6.992672e-01
6.992739e-01
6.997260e-01
6.998516e-01
6.999525e-01
7.002047e-01
7.004002e-01
7.005540e-01
7.007430e-01
7.009061e-01
7.010933e-01
7.011265e-01
7.012205e-01
7.012602e-01
7.013167e-01
7.014649e-01
7.015865e-01
7.017900e-01
7.019721e-01
7.021933e-01
7.024855e-01
7.026642e-01
7.026790e-01
7.031993e-01
7.032010e-01
7.034136e-01
7.034533e-01
7.036124e-01
7.038069e-01
7.038936e-01
7.040486e-01
7.040781e-01
7.041966e-01
7.042875e-01
7.043733e-01
7.044775e-01
7.045139e-01
7.046089e-01
7.047628e-01
7.049291e-01
7.049414e-01
7.054131e-01
7.056928e-01
7.057814e-01
7.057884e-01
7.060617e-01
7.062554e-01
7.064961e-01
7.067500e-01
7.068988e-01
7.070156e-01
7.071913e-01
7.071980e-01
7.072270e-01
7.073832e-01
7.075040e-01
7.078315e-01
7.078871e-01
7.081166e-01
7.081296e-01
7.081650e-01
7.083454e-01
7.089877e-01
7.090093e-01
7.091954e-01
7.092791e-01
7.094347e-01
7.094502e-01
7.098767e-01
7.100237e-01
7.101041e-01
7.102262e-01
7.106582e-01
7.106789e-01
7.109264e-01
7.109724e-01
7.110632e-01
7.112300e-01
7.116789e-01
7.120113e-01
7.120614e-01
7.124168e-01
7.124416e-01
7.125397e-01
7.127221e-01
7.127897e-01
7.130960e-01
7.131981e-01
7.134076e-01
7.136742e-01
7.137869e-01
7.138460e-01
7.141340e-01
7.142127e-01
7.142771e-01
7.145313e-01
7.145650e-01
7.148979e-01
7.149536e-01
7.149834e-01
7.152180e-01
7.156997e-01
7.157237e-01
7.158080e-01
7.158262e-01
7.164955e-01
7.165646e-01
7.168378e-01
7.170202e-01
7.170426e-01
7.170942e-01
7.173239e-01
7.176138e-01
7.177368e-01
7.179040e-01
7.180659e-01
7.182240e-01
7.183278e-01
7.184822e-01
7.186071e-01
7.190170e-01
7.190180e-01
7.192386e-01
7.192460e-01
7.195012e-01
7.197563e-01
7.198040e-01
7.198659e-01
7.201262e-01
7.202068e-01
7.203102e-01
7.203823e-01
7.206218e-01
7.208858e-01
7.210078e-01
7.210862e-01
7.211578e-01
7.214581e-01
7.215707e-01
7.215988e-01
7.221617e-01
7.221741e-01
7.222149e-01
7.223488e-01
7.225502e-01
7.225619e-01
7.227679e-01
7.233749e-01
7.234266e-01
7.234355e-01
7.236624e-01
7.237084e-01
7.240065e-01
7.240598e-01
7.244021e-01
7.244172e-01
7.247628e-01
7.249011e-01
7.249139e-01
7.251563e-01
7.252841e-01
7.252871e-01
7.254888e-01
7.257418e-01
7.257754e-01
7.258880e-01
7.261928e-01
7.262502e-01
7.263724e-01
7.264227e-01
7.264241e-01
7.265799e-01
7.265869e-01
7.267517e-01
7.270488e-01
7.273275e-01
7.274603e-01
7.276414e-01
7.276588e-01
7.277511e-01
7.280471e-01
7.282958e-01
7.286528e-01
7.290091e-01
7.290116e-01
7.290268e-01
7.290767e-01
7.290914e-01
7.293164e-01
7.298167e-01
7.298968e-01
7.301251e-01
7.301876e-01
7.304759e-01
7.306235e-01
7.306928e-01
7.311960e-01
7.314073e-01
7.314995e-01
7.317185e-01
7.319050e-01
7.319423e-01
7.320152e-01
7.322488e-01
7.323506e-01
7.323879e-01
7.325084e-01
7.325534e-01
7.325634e-01
7.326605e-01
7.326751e-01
7.328973e-01
7.330372e-01
7.334886e-01
7.336014e-01
7.337546e-01
7.338531e-01
7.341570e-01
7.342132e-01
7.346683e-01
7.347745e-01
7.348479e-01
7.349749e-01
7.350483e-01
7.351208e-01
7.351598e-01
7.353431e-01
7.353767e-01
7.353987e-01
7.359995e-01
7.361732e-01
7.362597e-01
7.363492e-01
7.364207e-01
7.365271e-01
7.366605e-01
7.368932e-01
7.369881e-01
7.372593e-01
7.374322e-01
7.375574e-01
7.380759e-01
7.381341e-01
7.381551e-01
7.384640e-01
7.384666e-01
7.388876e-01
7.389462e-01
7.393226e-01
7.394890e-01
7.396901e-01
7.396932e-01
7.400768e-01
7.401365e-01
7.402445e-01
7.403321e-01
7.406137e-01
7.406240e-01
7.410750e-01
7.411396e-01
7.413474e-01
7.417685e-01
7.417845e-01
7.420885e-01
7.422026e-01
7.422974e-01
7.423609e-01
7.424948e-01
7.426250e-01
7.430999e-01
7.431265e-01
7.431923e-01
7.437643e-01
7.438109e-01
7.438197e-01
7.438342e-01
7.438444e-01
7.440479e-01
7.442165e-01
7.443011e-01
7.447858e-01
7.448478e-01
7.448913e-01
7.452802e-01
7.453403e-01
7.454072e-01
7.455052e-01
7.456772e-01
7.459567e-01
7.461740e-01
7.462137e-01
7.463411e-01
7.463989e-01
7.465399e-01
7.467479e-01
7.470736e-01
7.473243e-01
7.474893e-01
7.475522e-01
7.477794e-01
7.480311e-01
7.481098e-01
7.481520e-01
7.481682e-01
7.482749e-01
7.486372e-01
7.487729e-01
7.488287e-01
7.490391e-01
7.491492e-01
7.491531e-01
7.495880e-01
7.497512e-01
7.497534e-01
7.498250e-01
7.501612e-01
7.504200e-01
7.507198e-01
7.507199e-01
7.508057e-01
7.509156e-01
7.510965e-01
7.511590e-01
7.513286e-01
7.516449e-01
7.516475e-01
7.518841e-01
7.521868e-01
7.524761e-01
7.524796e-01
7.525835e-01
7.530035e-01
7.533137e-01
7.534576e-01
7.534609e-01
7.535290e-01
7.536703e-01
7.539840e-01
7.543448e-01
7.543690e-01
7.544329e-01
7.546090e-01
7.547740e-01
7.553174e-01
7.554154e-01
7.554594e-01
7.556060e-01
7.556781e-01
7.560356e-01
7.562002e-01
7.563855e-01
7.566638e-01
7.566647e-01
7.569674e-01
7.571270e-01
7.576290e-01
7.576497e-01
7.583524e-01
7.583840e-01
7.584362e-01
7.584499e-01
7.590892e-01
7.591812e-01
7.594938e-01
7.597632e-01
7.600496e-01
7.601257e-01
7.603752e-01
7.603948e-01
7.605220e-01
7.607064e-01
7.608641e-01
7.609669e-01
7.613916e-01
7.614379e-01
7.616438e-01
7.617902e-01
7.624704e-01
7.626013e-01
7.626155e-01
7.626353e-01
7.626555e-01
7.628109e-01
7.632112e-01
7.633235e-01
7.634681e-01
7.637530e-01
7.638842e-01
7.639159e-01
7.645218e-01
7.645365e-01
7.645787e-01
7.646956e-01
7.647226e-01
7.648724e-01
7.651337e-01
7.653441e-01
7.653557e-01
7.657262e-01
7.661090e-01
7.661353e-01
7.662118e-01
7.663585e-01
7.664605e-01
7.669396e-01
7.669752e-01
7.669908e-01
7.671445e-01
7.676522e-01
7.679001e-01
7.680702e-01
7.685060e-01
7.685971e-01
7.689136e-01
7.690272e-01
7.692595e-01
7.693920e-01
7.693966e-01
7.694271e-01
7.698986e-01
7.699244e-01
7.700236e-01
7.700579e-01
7.703659e-01
7.703792e-01
7.708105e-01
7.708203e-01
7.712207e-01
7.712298e-01
7.713712e-01
7.714322e-01
7.716076e-01
7.719151e-01
7.720309e-01
7.721560e-01
7.723977e-01
7.724438e-01
7.725161e-01
7.731723e-01
7.732074e-01
7.733438e-01
7.735792e-01
7.737027e-01
7.739197e-01
7.740213e-01
7.741549e-01
7.742935e-01
7.743783e-01
7.747656e-01
7.748666e-01
7.749469e-01
7.753195e-01
7.754769e-01
7.755877e-01
7.755954e-01
7.758760e-01
7.758958e-01
7.761088e-01
7.762285e-01
7.772703e-01
7.773215e-01
7.774042e-01
7.774047e-01
7.775560e-01
7.779621e-01
7.781636e-01
7.783966e-01
7.784069e-01
7.784403e-01
7.785364e-01
7.797861e-01
7.798853e-01
7.800460e-01
7.800680e-01
7.802217e-01
7.806096e-01
7.807009e-01
7.808067e-01
7.808100e-01
7.809940e-01
7.812911e-01
7.816235e-01
7.819937e-01
7.820982e-01
7.822190e-01
7.825723e-01
7.829121e-01
7.831848e-01
7.832569e-01
7.834421e-01
7.836854e-01
7.837232e-01
7.842364e-01
7.844587e-01
7.845035e-01
7.845155e-01
7.847933e-01
7.848663e-01
7.849570e-01
7.855098e-01
7.855929e-01
7.857619e-01
7.858897e-01
7.859684e-01
7.860436e-01
7.861968e-01
7.863717e-01
7.864251e-01
7.865750e-01
7.871434e-01
7.873788e-01
7.876290e-01
7.878521e-01
7.880038e-01
7.881331e-01
7.884507e-01
7.886312e-01
7.887939e-01
7.888580e-01
7.891181e-01
7.892547e-01
7.893708e-01
7.894091e-01
7.894536e-01
7.895249e-01
7.897584e-01
7.899321e-01
7.902957e-01
7.904658e-01
7.905345e-01
7.911806e-01
7.912068e-01
7.916354e-01
7.919017e-01
7.919883e-01
7.920350e-01
7.921427e-01
7.925849e-01
7.927933e-01
7.927986e-01
7.931690e-01
7.936966e-01
7.937594e-01
7.938151e-01
7.938164e-01
7.938811e-01
7.940554e-01
7.941373e-01
7.943984e-01
7.945587e-01
7.946536e-01
7.947414e-01
7.953767e-01
7.954823e-01
7.956327e-01
7.956802e-01
7.959356e-01
7.959486e-01
7.962809e-01
7.963693e-01
7.964890e-01
7.966703e-01
7.969128e-01
7.970798e-01
7.971345e-01
7.972597e-01
7.976062e-01
7.976155e-01
7.976682e-01
7.977682e-01
7.981587e-01
7.983591e-01
7.984516e-01
7.987705e-01
7.990405e-01
7.992621e-01
7.996695e-01
7.999898e-01
8.001465e-01
8.002476e-01
8.004092e-01
8.006775e-01
8.006820e-01
8.007041e-01
8.008217e-01
8.009949e-01
8.015018e-01
8.015054e-01
8.017679e-01
8.017704e-01
8.021626e-01
8.023361e-01
8.026087e-01
8.027707e-01
8.030783e-01
8.032467e-01
8.033429e-01
8.034150e-01
8.036323e-01
8.037061e-01
8.040999e-01
8.041905e-01
8.043556e-01
8.043755e-01
8.047661e-01
8.048422e-01
8.048613e-01
8.048764e-01
8.049627e-01
8.057516e-01
8.058540e-01
8.059155e-01
8.062566e-01
8.064051e-01
8.077011e-01
8.077386e-01
8.079382e-01
8.080214e-01
8.081314e-01
8.081972e-01
8.083668e-01
8.090379e-01
8.096813e-01
8.098480e-01
8.098986e-01
8.099769e-01
8.106823e-01
8.108064e-01
8.110178e-01
8.117478e-01
8.119042e-01
8.123208e-01
8.125089e-01
8.129659e-01
8.132422e-01
8.134237e-01
8.136188e-01
8.138113e-01
8.141092e-01
8.142953e-01
8.143802e-01
8.145897e-01
8.148315e-01
8.149964e-01
8.150343e-01
8.150597e-01
8.160767e-01
8.161641e-01
8.162949e-01
8.165368e-01
8.166471e-01
8.169887e-01
8.172238e-01
8.172420e-01
8.172820e-01
8.173851e-01
8.181120e-01
8.182959e-01
8.185421e-01
8.187237e-01
8.199310e-01
8.202681e-01
8.203438e-01
8.207415e-01
8.208774e-01
8.212463e-01
8.213019e-01
8.214595e-01
8.224966e-01
8.237393e-01
8.241621e-01
8.242436e-01
8.247964e-01
8.248403e-01
8.255306e-01
8.256118e-01
8.257289e-01
8.258292e-01
8.260287e-01
8.260954e-01
8.262643e-01
8.264250e-01
8.264591e-01
8.267083e-01
8.269371e-01
8.271283e-01
8.272204e-01
8.277867e-01
8.278268e-01
8.279853e-01
8.282873e-01
8.286304e-01
8.289563e-01
8.290443e-01
8.293533e-01
8.295682e-01
8.297941e-01
8.304804e-01
8.309554e-01
8.309803e-01
8.310846e-01
8.321923e-01
8.325598e-01
8.326039e-01
8.327217e-01
8.328021e-01
8.328767e-01
8.336594e-01
8.341270e-01
8.342959e-01
8.343848e-01
8.348307e-01
8.349505e-01
8.349664e-01
8.351725e-01
8.351787e-01
8.352881e-01
8.356060e-01
8.360857e-01
8.362686e-01
8.363787e-01
8.364800e-01
8.367969e-01
8.368422e-01
8.371272e-01
8.378176e-01
8.381312e-01
8.384553e-01
8.386373e-01
8.386465e-01
8.388163e-01
8.389640e-01
8.390985e-01
8.393193e-01
8.397903e-01
8.403841e-01
8.409520e-01
8.419706e-01
8.420143e-01
8.421357e-01
8.425631e-01
8.427989e-01
8.430917e-01
8.440154e-01
8.443748e-01
8.445477e-01
8.447364e-01
8.450346e-01
8.450821e-01
8.451727e-01
8.453536e-01
8.455852e-01
8.458046e-01
8.458400e-01
8.459485e-01
8.466009e-01
8.466186e-01
8.467976e-01
8.474112e-01
8.476769e-01
8.478132e-01
8.499657e-01
8.504033e-01
8.504788e-01
8.504950e-01
8.508816e-01
8.509726e-01
8.511578e-01
8.513917e-01
8.514210e-01
8.519333e-01
8.520262e-01
8.520309e-01
8.523909e-01
8.525378e-01
8.529381e-01
8.533787e-01
8.535787e-01
8.539872e-01
8.545275e-01
8.546583e-01
8.552419e-01
8.555976e-01
8.563980e-01
8.567994e-01
8.568700e-01
8.571598e-01
8.580170e-01
8.581720e-01
8.583920e-01
8.586568e-01
8.601472e-01
8.602794e-01
8.605224e-01
8.605386e-01
8.615534e-01
8.616141e-01
8.623514e-01
8.623583e-01
8.624081e-01
8.624089e-01
8.646468e-01
8.646796e-01
8.651575e-01
8.652899e-01
8.666322e-01
8.667810e-01
8.667849e-01
8.668608e-01
8.681607e-01
8.683317e-01
8.687499e-01
8.687780e-01
8.690769e-01
8.691247e-01
8.693561e-01
8.694265e-01
8.703101e-01
8.711046e-01
8.713407e-01
8.713660e-01
8.717562e-01
8.717573e-01
8.744553e-01
8.744786e-01
8.759982e-01
8.762067e-01
8.768467e-01
8.775920e-01
8.779772e-01
8.782610e-01
8.790220e-01
8.790335e-01
8.796768e-01
8.798474e-01
8.817649e-01
8.818810e-01
8.834503e-01
8.835021e-01
8.863335e-01
8.863343e-01
8.863510e-01
8.863944e-01
8.865928e-01
8.866032e-01
8.901383e-01
8.901754e-01
8.903216e-01
8.905155e-01
8.929237e-01
8.929254e-01
8.939326e-01
8.939769e-01
8.945191e-01
8.945279e-01
8.972085e-01
8.972623e-01
8.990958e-01
8.991267e-01
8.993255e-01
8.993464e-01
9.013342e-01
9.013443e-01
9.020142e-01
9.020185e-01
9.044850e-01
9.045314e-01
9.048559e-01
9.049141e-01
9.067276e-01
9.068820e-01
9.074043e-01
9.074602e-01
9.085871e-01
9.085892e-01
9.089216e-01
9.090095e-01
9.107814e-01
9.107891e-01
9.129443e-01
9.129851e-01
9.170841e-01
9.171575e-01
9.176116e-01
9.176156e-01
9.212224e-01
9.212298e-01
9.232625e-01
9.232664e-01
9.291165e-01
9.291185e-01
9.339503e-01
9.339550e-01
9.395564e-01
9.395609e-01
9.446198e-01
9.446283e-01
9.456736e-01
9.456744e-01
9.511354e-01
9.511472e-01
9.541299e-01
9.541316e-01
9.568366e-01
9.568373e-01
9.626283e-01
9.626306e-01
9.645390e-01
9.645419e-01
9.696070e-01
9.696110e-01
9.976580e-01
9.976589e-01
9.999990e-01
1.000000e+00
