# SF-29 N2 candidate (i) i1 field=gauss eps=1 N=16: sorted relative singular values of the dense central-FD Jacobian at the converged state (rows F_i=-q(L_i-S_i); outlet rows (2q/h)(vperp_in-c_perp); smax=5.938916e+04)
1.104287e-05
1.676145e-05
1.739557e-05
2.105303e-05
2.447143e-05
2.605311e-05
2.693222e-05
3.168940e-05
3.291451e-05
3.569522e-05
3.652275e-05
3.949397e-05
4.662301e-05
5.357944e-05
5.751590e-05
6.103193e-05
6.326992e-05
6.806252e-05
7.152132e-05
7.503843e-05
8.080026e-05
8.519017e-05
8.983974e-05
9.434826e-05
9.853907e-05
1.050546e-04
1.082602e-04
1.137269e-04
1.146892e-04
1.183429e-04
1.210691e-04
1.234231e-04
1.294517e-04
1.364996e-04
1.374656e-04
1.392907e-04
1.430840e-04
1.451440e-04
1.523910e-04
1.536314e-04
1.566127e-04
1.587974e-04
1.627940e-04
1.647235e-04
1.698932e-04
1.739882e-04
1.745756e-04
1.763425e-04
1.805364e-04
1.831017e-04
1.836489e-04
1.895917e-04
1.924638e-04
1.931761e-04
1.954272e-04
2.009119e-04
2.046874e-04
2.103750e-04
2.122979e-04
2.139217e-04
2.213135e-04
2.222533e-04
2.242449e-04
2.272014e-04
2.314737e-04
2.326738e-04
2.389569e-04
2.438981e-04
2.441562e-04
2.469485e-04
2.489356e-04
2.515077e-04
2.563639e-04
2.581785e-04
2.599745e-04
2.655779e-04
2.677151e-04
2.697103e-04
2.748487e-04
2.756101e-04
2.788499e-04
2.817283e-04
2.834495e-04
2.866446e-04
2.912901e-04
2.966630e-04
2.995817e-04
3.017070e-04
3.053588e-04
3.089819e-04
3.167063e-04
3.189729e-04
3.229558e-04
3.256915e-04
3.285292e-04
3.302145e-04
3.312764e-04
3.333800e-04
3.389024e-04
3.429772e-04
3.471007e-04
3.513184e-04
3.539868e-04
3.568814e-04
3.631135e-04
3.650439e-04
3.697062e-04
3.716226e-04
3.732125e-04
3.768541e-04
3.778804e-04
3.809515e-04
3.829402e-04
3.879865e-04
3.942304e-04
3.960030e-04
4.003542e-04
4.024171e-04
4.037199e-04
4.088855e-04
4.106205e-04
4.129354e-04
4.144072e-04
4.190973e-04
4.198461e-04
4.236259e-04
4.263403e-04
4.294868e-04
4.312928e-04
4.360237e-04
4.382881e-04
4.434852e-04
4.449844e-04
4.466730e-04
4.492979e-04
4.553446e-04
4.556833e-04
4.595678e-04
4.615495e-04
4.660880e-04
4.690889e-04
4.711253e-04
4.730194e-04
4.759332e-04
4.785577e-04
4.828429e-04
4.876759e-04
4.891591e-04
4.932209e-04
4.960955e-04
5.021429e-04
5.031059e-04
5.089006e-04
5.127948e-04
5.168870e-04
5.182975e-04
5.220417e-04
5.229863e-04
5.244493e-04
5.269089e-04
5.324483e-04
5.365886e-04
5.376890e-04
5.385334e-04
5.460600e-04
5.471522e-04
5.495111e-04
5.545457e-04
5.559610e-04
5.580057e-04
5.591627e-04
5.642413e-04
5.686179e-04
5.691751e-04
5.718291e-04
5.751700e-04
5.795780e-04
5.830408e-04
5.846622e-04
5.900639e-04
5.906358e-04
5.953743e-04
5.971786e-04
6.018998e-04
6.028770e-04
6.050601e-04
6.104450e-04
6.127426e-04
6.137729e-04
6.177470e-04
6.215434e-04
6.226580e-04
6.266866e-04
6.279809e-04
6.316912e-04
6.356065e-04
6.376111e-04
6.405545e-04
6.440380e-04
6.486218e-04
6.515554e-04
6.582971e-04
6.593087e-04
6.626171e-04
6.653782e-04
6.684281e-04
6.728650e-04
6.738255e-04
6.750544e-04
6.767906e-04
6.840958e-04
6.847105e-04
6.866902e-04
6.910637e-04
6.921684e-04
6.940157e-04
7.016507e-04
7.038558e-04
7.066492e-04
7.083766e-04
7.125722e-04
7.140168e-04
7.165495e-04
7.189345e-04
7.204639e-04
7.243322e-04
7.275941e-04
7.303956e-04
7.346977e-04
7.367452e-04
7.384678e-04
7.438294e-04
7.460028e-04
7.517427e-04
7.529107e-04
7.533574e-04
7.610428e-04
7.619890e-04
7.677604e-04
7.694252e-04
7.716423e-04
7.729807e-04
7.759001e-04
7.787602e-04
7.827521e-04
7.854337e-04
7.880868e-04
7.965377e-04
7.971853e-04
7.987676e-04
8.003193e-04
8.034445e-04
8.070263e-04
8.095677e-04
8.109313e-04
8.131856e-04
8.189113e-04
8.213979e-04
8.236427e-04
8.255685e-04
8.267870e-04
8.304432e-04
8.329615e-04
8.379140e-04
8.387264e-04
8.438035e-04
8.462002e-04
8.469178e-04
8.496193e-04
8.530759e-04
8.557727e-04
8.592292e-04
8.624405e-04
8.661142e-04
8.680347e-04
8.709284e-04
8.732132e-04
8.772135e-04
8.799641e-04
8.833500e-04
8.840599e-04
8.862881e-04
8.871254e-04
8.900535e-04
8.972561e-04
9.007512e-04
9.021076e-04
9.058682e-04
9.076524e-04
9.097011e-04
9.115025e-04
9.142206e-04
9.164639e-04
9.192559e-04
9.220752e-04
9.272207e-04
9.318266e-04
9.336445e-04
9.358600e-04
9.372372e-04
9.412922e-04
9.452651e-04
9.458446e-04
9.491086e-04
9.539943e-04
9.566443e-04
9.570921e-04
9.613361e-04
9.625220e-04
9.646845e-04
9.695825e-04
9.730085e-04
9.734998e-04
9.779901e-04
9.805709e-04
9.829571e-04
9.872085e-04
9.920812e-04
9.933625e-04
9.955569e-04
9.973911e-04
1.000717e-03
1.002439e-03
1.005854e-03
1.007338e-03
1.008647e-03
1.012236e-03
1.016034e-03
1.021179e-03
1.023252e-03
1.023824e-03
1.025050e-03
1.028678e-03
1.031948e-03
1.036925e-03
1.038467e-03
1.040301e-03
1.043848e-03
1.049278e-03
1.052555e-03
1.055133e-03
1.058725e-03
1.060293e-03
1.061475e-03
1.065577e-03
1.069153e-03
1.071283e-03
1.073559e-03
1.076143e-03
1.076802e-03
1.079485e-03
1.081129e-03
1.083939e-03
1.085677e-03
1.087304e-03
1.095333e-03
1.097612e-03
1.102734e-03
1.104463e-03
1.105929e-03
1.107877e-03
1.112369e-03
1.119519e-03
1.119903e-03
1.122917e-03
1.123763e-03
1.128499e-03
1.129967e-03
1.132945e-03
1.135032e-03
1.135303e-03
1.141935e-03
1.144779e-03
1.146781e-03
1.149800e-03
1.154348e-03
1.155409e-03
1.156334e-03
1.158800e-03
1.163562e-03
1.167120e-03
1.167558e-03
1.170825e-03
1.172702e-03
1.176691e-03
1.179278e-03
1.181200e-03
1.184189e-03
1.185185e-03
1.188737e-03
1.190063e-03
1.192525e-03
1.195584e-03
1.198333e-03
1.200970e-03
1.204383e-03
1.207801e-03
1.209928e-03
1.212630e-03
1.215961e-03
1.217849e-03
1.219385e-03
1.220420e-03
1.224263e-03
1.228504e-03
1.230616e-03
1.235446e-03
1.236385e-03
1.239392e-03
1.240344e-03
1.241927e-03
1.244797e-03
1.246820e-03
1.253176e-03
1.257082e-03
1.259923e-03
1.261616e-03
1.265063e-03
1.266938e-03
1.271394e-03
1.272670e-03
1.275051e-03
1.276543e-03
1.282368e-03
1.284716e-03
1.287420e-03
1.287901e-03
1.289572e-03
1.293661e-03
1.294582e-03
1.296515e-03
1.300837e-03
1.304161e-03
1.307863e-03
1.309034e-03
1.310555e-03
1.315083e-03
1.319747e-03
1.321800e-03
1.323990e-03
1.327593e-03
1.329284e-03
1.333092e-03
1.336028e-03
1.337475e-03
1.341452e-03
1.344904e-03
1.347409e-03
1.350647e-03
1.352652e-03
1.354240e-03
1.357938e-03
1.361093e-03
1.363496e-03
1.367230e-03
1.370910e-03
1.374185e-03
1.376568e-03
1.380473e-03
1.382030e-03
1.384477e-03
1.389018e-03
1.390476e-03
1.391723e-03
1.394986e-03
1.396564e-03
1.399573e-03
1.402415e-03
1.403757e-03
1.406819e-03
1.410459e-03
1.411784e-03
1.413329e-03
1.419768e-03
1.423200e-03
1.425188e-03
1.429159e-03
1.430251e-03
1.430675e-03
1.432613e-03
1.435882e-03
1.437648e-03
1.441023e-03
1.444416e-03
1.450715e-03
1.451624e-03
1.454614e-03
1.458772e-03
1.462561e-03
1.464175e-03
1.469311e-03
1.470489e-03
1.471916e-03
1.475709e-03
1.476732e-03
1.477694e-03
1.480332e-03
1.487122e-03
1.488085e-03
1.491548e-03
1.492926e-03
1.497050e-03
1.498409e-03
1.501008e-03
1.502695e-03
1.505493e-03
1.509151e-03
1.514162e-03
1.516476e-03
1.518406e-03
1.520769e-03
1.524714e-03
1.528594e-03
1.530740e-03
1.532693e-03
1.536614e-03
1.537525e-03
1.540661e-03
1.541606e-03
1.545577e-03
1.551461e-03
1.555458e-03
1.555967e-03
1.558729e-03
1.559835e-03
1.562285e-03
1.566172e-03
1.567361e-03
1.570945e-03
1.572804e-03
1.576623e-03
1.579313e-03
1.582330e-03
1.582925e-03
1.589635e-03
1.590922e-03
1.593851e-03
1.594398e-03
1.595646e-03
1.600932e-03
1.603186e-03
1.607028e-03
1.607420e-03
1.608989e-03
1.613204e-03
1.618380e-03
1.623021e-03
1.624926e-03
1.628047e-03
1.630643e-03
1.634381e-03
1.635198e-03
1.637859e-03
1.642655e-03
1.645454e-03
1.647356e-03
1.648341e-03
1.653228e-03
1.654626e-03
1.654705e-03
1.660318e-03
1.663893e-03
1.665979e-03
1.667737e-03
1.671745e-03
1.672391e-03
1.673318e-03
1.676790e-03
1.679275e-03
1.681935e-03
1.685734e-03
1.689121e-03
1.693236e-03
1.695782e-03
1.697704e-03
1.700727e-03
1.703399e-03
1.704748e-03
1.705838e-03
1.708506e-03
1.711982e-03
1.715774e-03
1.717118e-03
1.719890e-03
1.723223e-03
1.724945e-03
1.729465e-03
1.729920e-03
1.731041e-03
1.737296e-03
1.739581e-03
1.741002e-03
1.744270e-03
1.749480e-03
1.753076e-03
1.754788e-03
1.756799e-03
1.763537e-03
1.764885e-03
1.766195e-03
1.769265e-03
1.772282e-03
1.778169e-03
1.780956e-03
1.781651e-03
1.783335e-03
1.785990e-03
1.788513e-03
1.792056e-03
1.796111e-03
1.797826e-03
1.799998e-03
1.801833e-03
1.803327e-03
1.805995e-03
1.806653e-03
1.810752e-03
1.814319e-03
1.816393e-03
1.819568e-03
1.823087e-03
1.825582e-03
1.828980e-03
1.830932e-03
1.832066e-03
1.836410e-03
1.840134e-03
1.842108e-03
1.844049e-03
1.846928e-03
1.848131e-03
1.852683e-03
1.853600e-03
1.858263e-03
1.858866e-03
1.861990e-03
1.865476e-03
1.868985e-03
1.870157e-03
1.876567e-03
1.880252e-03
1.882106e-03
1.886104e-03
1.890069e-03
1.890644e-03
1.892638e-03
1.895114e-03
1.899669e-03
1.901645e-03
1.904785e-03
1.909340e-03
1.910745e-03
1.913866e-03
1.916327e-03
1.918693e-03
1.922475e-03
1.923960e-03
1.926579e-03
1.928162e-03
1.929862e-03
1.936246e-03
1.937497e-03
1.938997e-03
1.944344e-03
1.946815e-03
1.948722e-03
1.951213e-03
1.954157e-03
1.955445e-03
1.958422e-03
1.959215e-03
1.962661e-03
1.965556e-03
1.968161e-03
1.969305e-03
1.970333e-03
1.975545e-03
1.978089e-03
1.980593e-03
1.982684e-03
1.984998e-03
1.986249e-03
1.991023e-03
1.994420e-03
1.997455e-03
1.998221e-03
2.000054e-03
2.005020e-03
2.007004e-03
2.010640e-03
2.013797e-03
2.016214e-03
2.018788e-03
2.019651e-03
2.022475e-03
2.025422e-03
2.028112e-03
2.028347e-03
2.035101e-03
2.036346e-03
2.040845e-03
2.041254e-03
2.043562e-03
2.047297e-03
2.049059e-03
2.050952e-03
2.053149e-03
2.056697e-03
2.057291e-03
2.061354e-03
2.062264e-03
2.065585e-03
2.069105e-03
2.072564e-03
2.074625e-03
2.077203e-03
2.080514e-03
2.082582e-03
2.084811e-03
2.088583e-03
2.089969e-03
2.094112e-03
2.095915e-03
2.099518e-03
2.100251e-03
2.104966e-03
2.109735e-03
2.110987e-03
2.112335e-03
2.115938e-03
2.117774e-03
2.119523e-03
2.119838e-03
2.126403e-03
2.127861e-03
2.129035e-03
2.132457e-03
2.134962e-03
2.138498e-03
2.140611e-03
2.142035e-03
2.144658e-03
2.149147e-03
2.149746e-03
2.153097e-03
2.155911e-03
2.157664e-03
2.160491e-03
2.164430e-03
2.166632e-03
2.167608e-03
2.173117e-03
2.174890e-03
2.175285e-03
2.178615e-03
2.181493e-03
2.185865e-03
2.188476e-03
2.191479e-03
2.193237e-03
2.195334e-03
2.197745e-03
2.199446e-03
2.204016e-03
2.207526e-03
2.210308e-03
2.211829e-03
2.212896e-03
2.215656e-03
2.221327e-03
2.222815e-03
2.224177e-03
2.228454e-03
2.231002e-03
2.233327e-03
2.233654e-03
2.237190e-03
2.240190e-03
2.244569e-03
2.247700e-03
2.248798e-03
2.250302e-03
2.253934e-03
2.259171e-03
2.260656e-03
2.262197e-03
2.262973e-03
2.267190e-03
2.269572e-03
2.270181e-03
2.274430e-03
2.276425e-03
2.280683e-03
2.281751e-03
2.287018e-03
2.287464e-03
2.289656e-03
2.290446e-03
2.296646e-03
2.298208e-03
2.300085e-03
2.301681e-03
2.303160e-03
2.308714e-03
2.311735e-03
2.314467e-03
2.315159e-03
2.319292e-03
2.321029e-03
2.325081e-03
2.326768e-03
2.329178e-03
2.330413e-03
2.333216e-03
2.334899e-03
2.341455e-03
2.343288e-03
2.344792e-03
2.346382e-03
2.349123e-03
2.349653e-03
2.351754e-03
2.355186e-03
2.359575e-03
2.360678e-03
2.364548e-03
2.366681e-03
2.370781e-03
2.371503e-03
2.376632e-03
2.380373e-03
2.381506e-03
2.383657e-03
2.384173e-03
2.391672e-03
2.393275e-03
2.394528e-03
2.396421e-03
2.401853e-03
2.403702e-03
2.408118e-03
2.409945e-03
2.413085e-03
2.414590e-03
2.415847e-03
2.418060e-03
2.420612e-03
2.423361e-03
2.425308e-03
2.426316e-03
2.428730e-03
2.432676e-03
2.435495e-03
2.436639e-03
2.440823e-03
2.443988e-03
2.446470e-03
2.449657e-03
2.450823e-03
2.453581e-03
2.454616e-03
2.459641e-03
2.461572e-03
2.464447e-03
2.465375e-03
2.472127e-03
2.474007e-03
2.476535e-03
2.478252e-03
2.483010e-03
2.483937e-03
2.486993e-03
2.491026e-03
2.493437e-03
2.497126e-03
2.498731e-03
2.503764e-03
2.505585e-03
2.507845e-03
2.508291e-03
2.514624e-03
2.515035e-03
2.516555e-03
2.520718e-03
2.521902e-03
2.526976e-03
2.529108e-03
2.532201e-03
2.534451e-03
2.535809e-03
2.540728e-03
2.543276e-03
2.546309e-03
2.549592e-03
2.550959e-03
2.554792e-03
2.557800e-03
2.558898e-03
2.562218e-03
2.565114e-03
2.566203e-03
2.566358e-03
2.571521e-03
2.573115e-03
2.574777e-03
2.579570e-03
2.582493e-03
2.584985e-03
2.586135e-03
2.587431e-03
2.593024e-03
2.595398e-03
2.596172e-03
2.603620e-03
2.605035e-03
2.606544e-03
2.607929e-03
2.611754e-03
2.612542e-03
2.615645e-03
2.618150e-03
2.620677e-03
2.624555e-03
2.625625e-03
2.629999e-03
2.631786e-03
2.632898e-03
2.635768e-03
2.638119e-03
2.642470e-03
2.643627e-03
2.644623e-03
2.646843e-03
2.653669e-03
2.658877e-03
2.660625e-03
2.663757e-03
2.664681e-03
2.666722e-03
2.670728e-03
2.671962e-03
2.674984e-03
2.677336e-03
2.678836e-03
2.682649e-03
2.682958e-03
2.691285e-03
2.692128e-03
2.694138e-03
2.696343e-03
2.697473e-03
2.700581e-03
2.703564e-03
2.704208e-03
2.708834e-03
2.712209e-03
2.713546e-03
2.715736e-03
2.719284e-03
2.722029e-03
2.723944e-03
2.727523e-03
2.729351e-03
2.729625e-03
2.733244e-03
2.737480e-03
2.741106e-03
2.741876e-03
2.746102e-03
2.749160e-03
2.749588e-03
2.752551e-03
2.754618e-03
2.755766e-03
2.756113e-03
2.760849e-03
2.760967e-03
2.766124e-03
2.767912e-03
2.772095e-03
2.773301e-03
2.778097e-03
2.780392e-03
2.782347e-03
2.785498e-03
2.787961e-03
2.790503e-03
2.791775e-03
2.797336e-03
2.800380e-03
2.802651e-03
2.805016e-03
2.808345e-03
2.811595e-03
2.816153e-03
2.820615e-03
2.820871e-03
2.821237e-03
2.824140e-03
2.826995e-03
2.830005e-03
2.832161e-03
2.833227e-03
2.839341e-03
2.842065e-03
2.843661e-03
2.844971e-03
2.846155e-03
2.848977e-03
2.853816e-03
2.857462e-03
2.859264e-03
2.860683e-03
2.863818e-03
2.866111e-03
2.870081e-03
2.871864e-03
2.873125e-03
2.875948e-03
2.878010e-03
2.882793e-03
2.887288e-03
2.888479e-03
2.889906e-03
2.891315e-03
2.895819e-03
2.897988e-03
2.899537e-03
2.901884e-03
2.902622e-03
2.907857e-03
2.911006e-03
2.913536e-03
2.914507e-03
2.916646e-03
2.920016e-03
2.923901e-03
2.926425e-03
2.929037e-03
2.932511e-03
2.933456e-03
2.938197e-03
2.941838e-03
2.943184e-03
2.944403e-03
2.947783e-03
2.948288e-03
2.951052e-03
2.953392e-03
2.957372e-03
2.960327e-03
2.965027e-03
2.967193e-03
2.969254e-03
2.971020e-03
2.973142e-03
2.977929e-03
2.980519e-03
2.983352e-03
2.985257e-03
2.985647e-03
2.987049e-03
2.993519e-03
2.996660e-03
2.997894e-03
3.002310e-03
3.004237e-03
3.006249e-03
3.008182e-03
3.011845e-03
3.012969e-03
3.014017e-03
3.019224e-03
3.022672e-03
3.025663e-03
3.028078e-03
3.030317e-03
3.032806e-03
3.033969e-03
3.035496e-03
3.041381e-03
3.042606e-03
3.043624e-03
3.048548e-03
3.050098e-03
3.055342e-03
3.056250e-03
3.059570e-03
3.060840e-03
3.062966e-03
3.067006e-03
3.069773e-03
3.071385e-03
3.078722e-03
3.080079e-03
3.084167e-03
3.085612e-03
3.088184e-03
3.089746e-03
3.091702e-03
3.095655e-03
3.098337e-03
3.099226e-03
3.103561e-03
3.104800e-03
3.108684e-03
3.109235e-03
3.111098e-03
3.114178e-03
3.116352e-03
3.118580e-03
3.121387e-03
3.122374e-03
3.125649e-03
3.126980e-03
3.130537e-03
3.131908e-03
3.134506e-03
3.136345e-03
3.140558e-03
3.145086e-03
3.146238e-03
3.150320e-03
3.151088e-03
3.154553e-03
3.156898e-03
3.159414e-03
3.159879e-03
3.163729e-03
3.166602e-03
3.167001e-03
3.171704e-03
3.172725e-03
3.174697e-03
3.176659e-03
3.183074e-03
3.184611e-03
3.186112e-03
3.187932e-03
3.191790e-03
3.195434e-03
3.197140e-03
3.199921e-03
3.201923e-03
3.205914e-03
3.209278e-03
3.212275e-03
3.213554e-03
3.215703e-03
3.221068e-03
3.226901e-03
3.228265e-03
3.232171e-03
3.232482e-03
3.234450e-03
3.236256e-03
3.240273e-03
3.242804e-03
3.245925e-03
3.249214e-03
3.251203e-03
3.252599e-03
3.257663e-03
3.260562e-03
3.262338e-03
3.264840e-03
3.267550e-03
3.270769e-03
3.274096e-03
3.276411e-03
3.283322e-03
3.285019e-03
3.288343e-03
3.292438e-03
3.292745e-03
3.293956e-03
3.297253e-03
3.300060e-03
3.302876e-03
3.305026e-03
3.306897e-03
3.311029e-03
3.317539e-03
3.318083e-03
3.318486e-03
3.322535e-03
3.323407e-03
3.325204e-03
3.328088e-03
3.332721e-03
3.334200e-03
3.335076e-03
3.337858e-03
3.341761e-03
3.343238e-03
3.348337e-03
3.352277e-03
3.352924e-03
3.354698e-03
3.360423e-03
3.363020e-03
3.365855e-03
3.367676e-03
3.369115e-03
3.373094e-03
3.373837e-03
3.376249e-03
3.381072e-03
3.382964e-03
3.383284e-03
3.385177e-03
3.387746e-03
3.392274e-03
3.394471e-03
3.397452e-03
3.400806e-03
3.402489e-03
3.405973e-03
3.406872e-03
3.410818e-03
3.414180e-03
3.416071e-03
3.418704e-03
3.421653e-03
3.423030e-03
3.426416e-03
3.429616e-03
3.431723e-03
3.432982e-03
3.434686e-03
3.439502e-03
3.441719e-03
3.444452e-03
3.447405e-03
3.452143e-03
3.452631e-03
3.457315e-03
3.458437e-03
3.459161e-03
3.462155e-03
3.465584e-03
3.470570e-03
3.473262e-03
3.477985e-03
3.480465e-03
3.483863e-03
3.485811e-03
3.488568e-03
3.489447e-03
3.494310e-03
3.499054e-03
3.499601e-03
3.501631e-03
3.504206e-03
3.505052e-03
3.509070e-03
3.510883e-03
3.514201e-03
3.515832e-03
3.520159e-03
3.524302e-03
3.525299e-03
3.527425e-03
3.529989e-03
3.534403e-03
3.534926e-03
3.537251e-03
3.542056e-03
3.543266e-03
3.545627e-03
3.551147e-03
3.552847e-03
3.554677e-03
3.558118e-03
3.560511e-03
3.563477e-03
3.564055e-03
3.570723e-03
3.573067e-03
3.577352e-03
3.579862e-03
3.582251e-03
3.584748e-03
3.586557e-03
3.589600e-03
3.593148e-03
3.596522e-03
3.599313e-03
3.603980e-03
3.605276e-03
3.611373e-03
3.612256e-03
3.614247e-03
3.616820e-03
3.619692e-03
3.621034e-03
3.623218e-03
3.624271e-03
3.627259e-03
3.628656e-03
3.630600e-03
3.634889e-03
3.636165e-03
3.638132e-03
3.640388e-03
3.643779e-03
3.651362e-03
3.653186e-03
3.654266e-03
3.659761e-03
3.660938e-03
3.667229e-03
3.667494e-03
3.668182e-03
3.670713e-03
3.676878e-03
3.678922e-03
3.681413e-03
3.686988e-03
3.688546e-03
3.692108e-03
3.693258e-03
3.694505e-03
3.697258e-03
3.700690e-03
3.704983e-03
3.707470e-03
3.708277e-03
3.712131e-03
3.715232e-03
3.717720e-03
3.721867e-03
3.723280e-03
3.724534e-03
3.727988e-03
3.733957e-03
3.735598e-03
3.736792e-03
3.741017e-03
3.744853e-03
3.746902e-03
3.750345e-03
3.752669e-03
3.755303e-03
3.759011e-03
3.761738e-03
3.762555e-03
3.768077e-03
3.768455e-03
3.770610e-03
3.775207e-03
3.777230e-03
3.779609e-03
3.784029e-03
3.785783e-03
3.788824e-03
3.792123e-03
3.793168e-03
3.797009e-03
3.797600e-03
3.801957e-03
3.803048e-03
3.808080e-03
3.808673e-03
3.813627e-03
3.815948e-03
3.818592e-03
3.823136e-03
3.826478e-03
3.827870e-03
3.828583e-03
3.830859e-03
3.835388e-03
3.838604e-03
3.840904e-03
3.843824e-03
3.846352e-03
3.848363e-03
3.851979e-03
3.857002e-03
3.861032e-03
3.865055e-03
3.868771e-03
3.869959e-03
3.872708e-03
3.876546e-03
3.876917e-03
3.878665e-03
3.885521e-03
3.889076e-03
3.891138e-03
3.892342e-03
3.896137e-03
3.899605e-03
3.901403e-03
3.903438e-03
3.906984e-03
3.908739e-03
3.914424e-03
3.916898e-03
3.921637e-03
3.922426e-03
3.923718e-03
3.925784e-03
3.926927e-03
3.931276e-03
3.934797e-03
3.938864e-03
3.939852e-03
3.944188e-03
3.945683e-03
3.953334e-03
3.954560e-03
3.955591e-03
3.958279e-03
3.959758e-03
3.965212e-03
3.967220e-03
3.970390e-03
3.971750e-03
3.974979e-03
3.977311e-03
3.980596e-03
3.982174e-03
3.984523e-03
3.986080e-03
3.989494e-03
3.992099e-03
3.994342e-03
3.996600e-03
4.002341e-03
4.003189e-03
4.006267e-03
4.011059e-03
4.012695e-03
4.014989e-03
4.016864e-03
4.017686e-03
4.019634e-03
4.025531e-03
4.027976e-03
4.029899e-03
4.031869e-03
4.036287e-03
4.037682e-03
4.038817e-03
4.040442e-03
4.046226e-03
4.050086e-03
4.054073e-03
4.056593e-03
4.059365e-03
4.064046e-03
4.065968e-03
4.067156e-03
4.071821e-03
4.073985e-03
4.077395e-03
4.079267e-03
4.079700e-03
4.082471e-03
4.086597e-03
4.088531e-03
4.091608e-03
4.093143e-03
4.095442e-03
4.099303e-03
4.100704e-03
4.102834e-03
4.106695e-03
4.111142e-03
4.116673e-03
4.120333e-03
4.122697e-03
4.123268e-03
4.125503e-03
4.128747e-03
4.129515e-03
4.134117e-03
4.136360e-03
4.140400e-03
4.143911e-03
4.145678e-03
4.147147e-03
4.148677e-03
4.152478e-03
4.156820e-03
4.159137e-03
4.164786e-03
4.166409e-03
4.170053e-03
4.172259e-03
4.173472e-03
4.176384e-03
4.177885e-03
4.179212e-03
4.180741e-03
4.185072e-03
4.193096e-03
4.196264e-03
4.196719e-03
4.197996e-03
4.201624e-03
4.204436e-03
4.207811e-03
4.208984e-03
4.210536e-03
4.215135e-03
4.217241e-03
4.218938e-03
4.224947e-03
4.225788e-03
4.226501e-03
4.229591e-03
4.234930e-03
4.236953e-03
4.237737e-03
4.242552e-03
4.244444e-03
4.247822e-03
4.251244e-03
4.253106e-03
4.257315e-03
4.259795e-03
4.261194e-03
4.262421e-03
4.267419e-03
4.267602e-03
4.273050e-03
4.277160e-03
4.280163e-03
4.281289e-03
4.283820e-03
4.286473e-03
4.288120e-03
4.293250e-03
4.296156e-03
4.302595e-03
4.303624e-03
4.305183e-03
4.308075e-03
4.310133e-03
4.313670e-03
4.315983e-03
4.318814e-03
4.322207e-03
4.324930e-03
4.326537e-03
4.327971e-03
4.333096e-03
4.335876e-03
4.337986e-03
4.342133e-03
4.346077e-03
4.346547e-03
4.351296e-03
4.352964e-03
4.356916e-03
4.357977e-03
4.362493e-03
4.365044e-03
4.367239e-03
4.370755e-03
4.372428e-03
4.376395e-03
4.380039e-03
4.382258e-03
4.384615e-03
4.385861e-03
4.391095e-03
4.393259e-03
4.398247e-03
4.399489e-03
4.400675e-03
4.406458e-03
4.409317e-03
4.410610e-03
4.413902e-03
4.417889e-03
4.419256e-03
4.425723e-03
4.428558e-03
4.430440e-03
4.433237e-03
4.435577e-03
4.439329e-03
4.443182e-03
4.445359e-03
4.447954e-03
4.449929e-03
4.454017e-03
4.456816e-03
4.457709e-03
4.464514e-03
4.465508e-03
4.468046e-03
4.470490e-03
4.474901e-03
4.477053e-03
4.479212e-03
4.481877e-03
4.484149e-03
4.487901e-03
4.492327e-03
4.494701e-03
4.499903e-03
4.502170e-03
4.503728e-03
4.506914e-03
4.508107e-03
4.509378e-03
4.516548e-03
4.519563e-03
4.521992e-03
4.523896e-03
4.526457e-03
4.529942e-03
4.531326e-03
4.534384e-03
4.538165e-03
4.539775e-03
4.545794e-03
4.548050e-03
4.549253e-03
4.554044e-03
4.557322e-03
4.558688e-03
4.561381e-03
4.565405e-03
4.566374e-03
4.569348e-03
4.571997e-03
4.573191e-03
4.578230e-03
4.581618e-03
4.588658e-03
4.589629e-03
4.591359e-03
4.593047e-03
4.596336e-03
4.599589e-03
4.600783e-03
4.606471e-03
4.606853e-03
4.611059e-03
4.612720e-03
4.614332e-03
4.619676e-03
4.623165e-03
4.625548e-03
4.627115e-03
4.629321e-03
4.631677e-03
4.636640e-03
4.640033e-03
4.642302e-03
4.644563e-03
4.646577e-03
4.651234e-03
4.654423e-03
4.656486e-03
4.661189e-03
4.665032e-03
4.665793e-03
4.670294e-03
4.671938e-03
4.673667e-03
4.679550e-03
4.681703e-03
4.682743e-03
4.686703e-03
4.688351e-03
4.690099e-03
4.695156e-03
4.698687e-03
4.700094e-03
4.701350e-03
4.703755e-03
4.707260e-03
4.708959e-03
4.710964e-03
4.714640e-03
4.721269e-03
4.723727e-03
4.725628e-03
4.728014e-03
4.729444e-03
4.733071e-03
4.736146e-03
4.738490e-03
4.740279e-03
4.743659e-03
4.745210e-03
4.748466e-03
4.752105e-03
4.754707e-03
4.758517e-03
4.760040e-03
4.763398e-03
4.765904e-03
4.767146e-03
4.768281e-03
4.773095e-03
4.777771e-03
4.783061e-03
4.789231e-03
4.794064e-03
4.794133e-03
4.797620e-03
4.798544e-03
4.803457e-03
4.806532e-03
4.809938e-03
4.811280e-03
4.814786e-03
4.816344e-03
4.820232e-03
4.822760e-03
4.824133e-03
4.828394e-03
4.830360e-03
4.833264e-03
4.837301e-03
4.838252e-03
4.844862e-03
4.847730e-03
4.848841e-03
4.852266e-03
4.854274e-03
4.858916e-03
4.861766e-03
4.865127e-03
4.871152e-03
4.873515e-03
4.874110e-03
4.876693e-03
4.880741e-03
4.884925e-03
4.886138e-03
4.890535e-03
4.893552e-03
4.895874e-03
4.898190e-03
4.898703e-03
4.906587e-03
4.907516e-03
4.911235e-03
4.912121e-03
4.913025e-03
4.917495e-03
4.919536e-03
4.922191e-03
4.925567e-03
4.931058e-03
4.936024e-03
4.939523e-03
4.941281e-03
4.944291e-03
4.948113e-03
4.949671e-03
4.951403e-03
4.957478e-03
4.958196e-03
4.958490e-03
4.961738e-03
4.965562e-03
4.966684e-03
4.970248e-03
4.974029e-03
4.979725e-03
4.980348e-03
4.983133e-03
4.986615e-03
4.990624e-03
4.992340e-03
4.997603e-03
5.000230e-03
5.002218e-03
5.003150e-03
5.004192e-03
5.010342e-03
5.013465e-03
5.015202e-03
5.020740e-03
5.023504e-03
5.025746e-03
5.027558e-03
5.032227e-03
5.034638e-03
5.040238e-03
5.042277e-03
5.044833e-03
5.045667e-03
5.048615e-03
5.048834e-03
5.050211e-03
5.053556e-03
5.059329e-03
5.061907e-03
5.063434e-03
5.067382e-03
5.071268e-03
5.073520e-03
5.078364e-03
5.081226e-03
5.083056e-03
5.085244e-03
5.089612e-03
5.091404e-03
5.094783e-03
5.096560e-03
5.101365e-03
5.105914e-03
5.108144e-03
5.109979e-03
5.110813e-03
5.113773e-03
5.114397e-03
5.120171e-03
5.122078e-03
5.125713e-03
5.128921e-03
5.129810e-03
5.132678e-03
5.134502e-03
5.137543e-03
5.141572e-03
5.145272e-03
5.149496e-03
5.150526e-03
5.156426e-03
5.159054e-03
5.161841e-03
5.166025e-03
5.169431e-03
5.171691e-03
5.175804e-03
5.178657e-03
5.181763e-03
5.186701e-03
5.187428e-03
5.188859e-03
5.193286e-03
5.193503e-03
5.195850e-03
5.198622e-03
5.202002e-03
5.206112e-03
5.207143e-03
5.210740e-03
5.212409e-03
5.214082e-03
5.217273e-03
5.221176e-03
5.224631e-03
5.227520e-03
5.228647e-03
5.231888e-03
5.232561e-03
5.236410e-03
5.241108e-03
5.246639e-03
5.248194e-03
5.251259e-03
5.253859e-03
5.257758e-03
5.260277e-03
5.264122e-03
5.266951e-03
5.269226e-03
5.277053e-03
5.278772e-03
5.282851e-03
5.283632e-03
5.285605e-03
5.289947e-03
5.292966e-03
5.297268e-03
5.298689e-03
5.299558e-03
5.304130e-03
5.306562e-03
5.309778e-03
5.311691e-03
5.314293e-03
5.316346e-03
5.322242e-03
5.325063e-03
5.327960e-03
5.330982e-03
5.333128e-03
5.335319e-03
5.339983e-03
5.340544e-03
5.343291e-03
5.345457e-03
5.350981e-03
5.353760e-03
5.356996e-03
5.360544e-03
5.362897e-03
5.364872e-03
5.368547e-03
5.370080e-03
5.373659e-03
5.374001e-03
5.376345e-03
5.381038e-03
5.384786e-03
5.387278e-03
5.391555e-03
5.392316e-03
5.398273e-03
5.403079e-03
5.403883e-03
5.406002e-03
5.408030e-03
5.409463e-03
5.415579e-03
5.417266e-03
5.421228e-03
5.422489e-03
5.424835e-03
5.428937e-03
5.431503e-03
5.434070e-03
5.438379e-03
5.443344e-03
5.444902e-03
5.448569e-03
5.450388e-03
5.452246e-03
5.455867e-03
5.459575e-03
5.463283e-03
5.465128e-03
5.468661e-03
5.470698e-03
5.475716e-03
5.475989e-03
5.478412e-03
5.482610e-03
5.486893e-03
5.489886e-03
5.492319e-03
5.494341e-03
5.496571e-03
5.501791e-03
5.503415e-03
5.504958e-03
5.506787e-03
5.510672e-03
5.513994e-03
5.515267e-03
5.519626e-03
5.523718e-03
5.525108e-03
5.528838e-03
5.532208e-03
5.534943e-03
5.538359e-03
5.541491e-03
5.545703e-03
5.547170e-03
5.550039e-03
5.554349e-03
5.557695e-03
5.560707e-03
5.566034e-03
5.568588e-03
5.571358e-03
5.573168e-03
5.576360e-03
5.577715e-03
5.582375e-03
5.584911e-03
5.588323e-03
5.590125e-03
5.594905e-03
5.597739e-03
5.604869e-03
5.606602e-03
5.608392e-03
5.609364e-03
5.611479e-03
5.618059e-03
5.619642e-03
5.622156e-03
5.625315e-03
5.627945e-03
5.630643e-03
5.634994e-03
5.638046e-03
5.641280e-03
5.644234e-03
5.647444e-03
5.651137e-03
5.654705e-03
5.660978e-03
5.666038e-03
5.667414e-03
5.669215e-03
5.672029e-03
5.674333e-03
5.680034e-03
5.681871e-03
5.685170e-03
5.686462e-03
5.690953e-03
5.693265e-03
5.694948e-03
5.697026e-03
5.703475e-03
5.704149e-03
5.710126e-03
5.710537e-03
5.713341e-03
5.717348e-03
5.718170e-03
5.721640e-03
5.724254e-03
5.726274e-03
5.735452e-03
5.736046e-03
5.739231e-03
5.741841e-03
5.746870e-03
5.749539e-03
5.752702e-03
5.755226e-03
5.759703e-03
5.761990e-03
5.766398e-03
5.766961e-03
5.769667e-03
5.774712e-03
5.780214e-03
5.782317e-03
5.785124e-03
5.785993e-03
5.790438e-03
5.794658e-03
5.795298e-03
5.797429e-03
5.800406e-03
5.805981e-03
5.810149e-03
5.813415e-03
5.814657e-03
5.816672e-03
5.820012e-03
5.823856e-03
5.827809e-03
5.830107e-03
5.834132e-03
5.835930e-03
5.838634e-03
5.842477e-03
5.845648e-03
5.850568e-03
5.852376e-03
5.856491e-03
5.858304e-03
5.861724e-03
5.862053e-03
5.869369e-03
5.870430e-03
5.873026e-03
5.873832e-03
5.877877e-03
5.879200e-03
5.883335e-03
5.884681e-03
5.887541e-03
5.890124e-03
5.894663e-03
5.896760e-03
5.901253e-03
5.905766e-03
5.908122e-03
5.910783e-03
5.913179e-03
5.919280e-03
5.922843e-03
5.927972e-03
5.930004e-03
5.932304e-03
5.934391e-03
5.940223e-03
5.942701e-03
5.944771e-03
5.945792e-03
5.950090e-03
5.953067e-03
5.955560e-03
5.956534e-03
5.962079e-03
5.964999e-03
5.967457e-03
5.970944e-03
5.974641e-03
5.976210e-03
5.978018e-03
5.980304e-03
5.982428e-03
5.988377e-03
5.990141e-03
5.993875e-03
5.997596e-03
5.999059e-03
6.005522e-03
6.007422e-03
6.009134e-03
6.011387e-03
6.014235e-03
6.016029e-03
6.020252e-03
6.021938e-03
6.025131e-03
6.029599e-03
6.032579e-03
6.036445e-03
6.038157e-03
6.043618e-03
6.046437e-03
6.049049e-03
6.053141e-03
6.056143e-03
6.058963e-03
6.063675e-03
6.066073e-03
6.070148e-03
6.074207e-03
6.080594e-03
6.082710e-03
6.086409e-03
6.088981e-03
6.090968e-03
6.095637e-03
6.096838e-03
6.097841e-03
6.101938e-03
6.107280e-03
6.108672e-03
6.110409e-03
6.112626e-03
6.117088e-03
6.119221e-03
6.120536e-03
6.127707e-03
6.129872e-03
6.130400e-03
6.134728e-03
6.136775e-03
6.141473e-03
6.144347e-03
6.148673e-03
6.153212e-03
6.153350e-03
6.155946e-03
6.158785e-03
6.161978e-03
6.169878e-03
6.171842e-03
6.174610e-03
6.176474e-03
6.182089e-03
6.185351e-03
6.188678e-03
6.192266e-03
6.193864e-03
6.198805e-03
6.204058e-03
6.204797e-03
6.208124e-03
6.213794e-03
6.214518e-03
6.217030e-03
6.219599e-03
6.228840e-03
6.229505e-03
6.230953e-03
6.234880e-03
6.236776e-03
6.240993e-03
6.244474e-03
6.248687e-03
6.250445e-03
6.256037e-03
6.257228e-03
6.257962e-03
6.260298e-03
6.263774e-03
6.269681e-03
6.271590e-03
6.274306e-03
6.278567e-03
6.286159e-03
6.286689e-03
6.289560e-03
6.293638e-03
6.298352e-03
6.300596e-03
6.301992e-03
6.302729e-03
6.305359e-03
6.312599e-03
6.316744e-03
6.318877e-03
6.320577e-03
6.327209e-03
6.329203e-03
6.331371e-03
6.337736e-03
6.338180e-03
6.341264e-03
6.344167e-03
6.348155e-03
6.355708e-03
6.357537e-03
6.361107e-03
6.364109e-03
6.365609e-03
6.367579e-03
6.368485e-03
6.372015e-03
6.379315e-03
6.380840e-03
6.383395e-03
6.390195e-03
6.394820e-03
6.395639e-03
6.399662e-03
6.400948e-03
6.403050e-03
6.406669e-03
6.409792e-03
6.412201e-03
6.415210e-03
6.417914e-03
6.419978e-03
6.424830e-03
6.427084e-03
6.431365e-03
6.435066e-03
6.437339e-03
6.439223e-03
6.442275e-03
6.446272e-03
6.450565e-03
6.452303e-03
6.455332e-03
6.459420e-03
6.460992e-03
6.465498e-03
6.469610e-03
6.473700e-03
6.476444e-03
6.477966e-03
6.479224e-03
6.482385e-03
6.490491e-03
6.491444e-03
6.494518e-03
6.501333e-03
6.503342e-03
6.506523e-03
6.509125e-03
6.510615e-03
6.513841e-03
6.517886e-03
6.519585e-03
6.522827e-03
6.525693e-03
6.530703e-03
6.534222e-03
6.538472e-03
6.541011e-03
6.544047e-03
6.547385e-03
6.551942e-03
6.555185e-03
6.558961e-03
6.562585e-03
6.565131e-03
6.569634e-03
6.569919e-03
6.573203e-03
6.575593e-03
6.578371e-03
6.582032e-03
6.587388e-03
6.589020e-03
6.593124e-03
6.595991e-03
6.598160e-03
6.600566e-03
6.607121e-03
6.608572e-03
6.611061e-03
6.615721e-03
6.618734e-03
6.621781e-03
6.625832e-03
6.628573e-03
6.633342e-03
6.636005e-03
6.638192e-03
6.641605e-03
6.645538e-03
6.648883e-03
6.652107e-03
6.656400e-03
6.660242e-03
6.660796e-03
6.662813e-03
6.668024e-03
6.672014e-03
6.674225e-03
6.677747e-03
6.680397e-03
6.686674e-03
6.689422e-03
6.691530e-03
6.692825e-03
6.697887e-03
6.701561e-03
6.705285e-03
6.707072e-03
6.710188e-03
6.715973e-03
6.718604e-03
6.722949e-03
6.724245e-03
6.727825e-03
6.730264e-03
6.733619e-03
6.736663e-03
6.743327e-03
6.747502e-03
6.750744e-03
6.753763e-03
6.756274e-03
6.757733e-03
6.761842e-03
6.765990e-03
6.769207e-03
6.770421e-03
6.775970e-03
6.777774e-03
6.781928e-03
6.783593e-03
6.788021e-03
6.790914e-03
6.796222e-03
6.799078e-03
6.802659e-03
6.803518e-03
6.804658e-03
6.806979e-03
6.811688e-03
6.814861e-03
6.819928e-03
6.824062e-03
6.826498e-03
6.828052e-03
6.832807e-03
6.835224e-03
6.841120e-03
6.846042e-03
6.847768e-03
6.852380e-03
6.854446e-03
6.857449e-03
6.858616e-03
6.864641e-03
6.866506e-03
6.869601e-03
6.872340e-03
6.877016e-03
6.882399e-03
6.883124e-03
6.888942e-03
6.890559e-03
6.894911e-03
6.899038e-03
6.905284e-03
6.907418e-03
6.909100e-03
6.910684e-03
6.916254e-03
6.919200e-03
6.921559e-03
6.927498e-03
6.931196e-03
6.934115e-03
6.940052e-03
6.941539e-03
6.945755e-03
6.946270e-03
6.948621e-03
6.952937e-03
6.953583e-03
6.960794e-03
6.963810e-03
6.968940e-03
6.971793e-03
6.975745e-03
6.979366e-03
6.982289e-03
6.986479e-03
6.991035e-03
6.996221e-03
6.997187e-03
6.999977e-03
7.003069e-03
7.008428e-03
7.014822e-03
7.015002e-03
7.019439e-03
7.020253e-03
7.027314e-03
7.029729e-03
7.032806e-03
7.035889e-03
7.036558e-03
7.043864e-03
7.051382e-03
7.054596e-03
7.058177e-03
7.059107e-03
7.063642e-03
7.064786e-03
7.069531e-03
7.071674e-03
7.077041e-03
7.080979e-03
7.083355e-03
7.086486e-03
7.088835e-03
7.091793e-03
7.096708e-03
7.099125e-03
7.100939e-03
7.107531e-03
7.110014e-03
7.112777e-03
7.115431e-03
7.121691e-03
7.122446e-03
7.125084e-03
7.129534e-03
7.133175e-03
7.137437e-03
7.140166e-03
7.143241e-03
7.146207e-03
7.150715e-03
7.152645e-03
7.154420e-03
7.160376e-03
7.162069e-03
7.165862e-03
7.167528e-03
7.169290e-03
7.173261e-03
7.174712e-03
7.175870e-03
7.185365e-03
7.191408e-03
7.197611e-03
7.199299e-03
7.202118e-03
7.206107e-03
7.207722e-03
7.212539e-03
7.216534e-03
7.221817e-03
7.227970e-03
7.230815e-03
7.234363e-03
7.237473e-03
7.239072e-03
7.244273e-03
7.247054e-03
7.248182e-03
7.255388e-03
7.256234e-03
7.260199e-03
7.261893e-03
7.265587e-03
7.270683e-03
7.274706e-03
7.275186e-03
7.279807e-03
7.280770e-03
7.288211e-03
7.288807e-03
7.291923e-03
7.296310e-03
7.301223e-03
7.304479e-03
7.306967e-03
7.309098e-03
7.314638e-03
7.320471e-03
7.321832e-03
7.325286e-03
7.327738e-03
7.331080e-03
7.335615e-03
7.338578e-03
7.341739e-03
7.343003e-03
7.350852e-03
7.353004e-03
7.357117e-03
7.361372e-03
7.362915e-03
7.366704e-03
7.370971e-03
7.374014e-03
7.379343e-03
7.382012e-03
7.386169e-03
7.389733e-03
7.390932e-03
7.395322e-03
7.400454e-03
7.401542e-03
7.402398e-03
7.412121e-03
7.413218e-03
7.414819e-03
7.421047e-03
7.424274e-03
7.427430e-03
7.430545e-03
7.434261e-03
7.435445e-03
7.443068e-03
7.445124e-03
7.445486e-03
7.449876e-03
7.451144e-03
7.457174e-03
7.460503e-03
7.465370e-03
7.465824e-03
7.472446e-03
7.476239e-03
7.481096e-03
7.481885e-03
7.488516e-03
7.490238e-03
7.494087e-03
7.496161e-03
7.499664e-03
7.504616e-03
7.509751e-03
7.512921e-03
7.515416e-03
7.516468e-03
7.523733e-03
7.528229e-03
7.531302e-03
7.535674e-03
7.539220e-03
7.541456e-03
7.545503e-03
7.546245e-03
7.550717e-03
7.553789e-03
7.561095e-03
7.564844e-03
7.566010e-03
7.570605e-03
7.573579e-03
7.576810e-03
7.577848e-03
7.579116e-03
7.583297e-03
7.586991e-03
7.591975e-03
7.595733e-03
7.600157e-03
7.608060e-03
7.608422e-03
7.612038e-03
7.613810e-03
7.615750e-03
7.618448e-03
7.625476e-03
7.628772e-03
7.632702e-03
7.637516e-03
7.641130e-03
7.642174e-03
7.643809e-03
7.646381e-03
7.649216e-03
7.653302e-03
7.656923e-03
7.660205e-03
7.663181e-03
7.666230e-03
7.667164e-03
7.675943e-03
7.679889e-03
7.684470e-03
7.685798e-03
7.688569e-03
7.695351e-03
7.697726e-03
7.704710e-03
7.706333e-03
7.708715e-03
7.709946e-03
7.716091e-03
7.718023e-03
7.723996e-03
7.725992e-03
7.731078e-03
7.731574e-03
7.735709e-03
7.737026e-03
7.744847e-03
7.746548e-03
7.753165e-03
7.755044e-03
7.760809e-03
7.762333e-03
7.766523e-03
7.768867e-03
7.772707e-03
7.778360e-03
7.779537e-03
7.784054e-03
7.789607e-03
7.793482e-03
7.796643e-03
7.799185e-03
7.804039e-03
7.806574e-03
7.807642e-03
7.815867e-03
7.821726e-03
7.822455e-03
7.825663e-03
7.829274e-03
7.832303e-03
7.835803e-03
7.838855e-03
7.843257e-03
7.845575e-03
7.848801e-03
7.851742e-03
7.852758e-03
7.861241e-03
7.864899e-03
7.867538e-03
7.871936e-03
7.877790e-03
7.879970e-03
7.885261e-03
7.888455e-03
7.890513e-03
7.894518e-03
7.895187e-03
7.901975e-03
7.905004e-03
7.910227e-03
7.911645e-03
7.913984e-03
7.917847e-03
7.922172e-03
7.923921e-03
7.927524e-03
7.932822e-03
7.937430e-03
7.939814e-03
7.942315e-03
7.945882e-03
7.951272e-03
7.954779e-03
7.956237e-03
7.962868e-03
7.964955e-03
7.970739e-03
7.975506e-03
7.978452e-03
7.983422e-03
7.986147e-03
7.987299e-03
7.992250e-03
7.998414e-03
7.999893e-03
8.003290e-03
8.006512e-03
8.008901e-03
8.013594e-03
8.019018e-03
8.022646e-03
8.026705e-03
8.032165e-03
8.033553e-03
8.035503e-03
8.039821e-03
8.042370e-03
8.049643e-03
8.051347e-03
8.053591e-03
8.056538e-03
8.061866e-03
8.065943e-03
8.066637e-03
8.071720e-03
8.074225e-03
8.077816e-03
8.081652e-03
8.090193e-03
8.090488e-03
8.094765e-03
8.099121e-03
8.101327e-03
8.105105e-03
8.107398e-03
8.111780e-03
8.114941e-03
8.119778e-03
8.122788e-03
8.126955e-03
8.130357e-03
8.133895e-03
8.134072e-03
8.139929e-03
8.144092e-03
8.147540e-03
8.151548e-03
8.155781e-03
8.158622e-03
8.160051e-03
8.164959e-03
8.168917e-03
8.169847e-03
8.175525e-03
8.183619e-03
8.186830e-03
8.189786e-03
8.190539e-03
8.195826e-03
8.198006e-03
8.205291e-03
8.208178e-03
8.211358e-03
8.215088e-03
8.220841e-03
8.224087e-03
8.226555e-03
8.231774e-03
8.233495e-03
8.238028e-03
8.244152e-03
8.245875e-03
8.248604e-03
8.250201e-03
8.253992e-03
8.264332e-03
8.265362e-03
8.268131e-03
8.270062e-03
8.275817e-03
8.277968e-03
8.285842e-03
8.287282e-03
8.293264e-03
8.296898e-03
8.299605e-03
8.304373e-03
8.310206e-03
8.313100e-03
8.320723e-03
8.326126e-03
8.328855e-03
8.330367e-03
8.333361e-03
8.336479e-03
8.342615e-03
8.344311e-03
8.346622e-03
8.350671e-03
8.354003e-03
8.359127e-03
8.363691e-03
8.365963e-03
8.368770e-03
8.375188e-03
8.379734e-03
8.382942e-03
8.386912e-03
8.388729e-03
8.390587e-03
8.392884e-03
8.396785e-03
8.401093e-03
8.406314e-03
8.409997e-03
8.411552e-03
8.414393e-03
8.417328e-03
8.420786e-03
8.426399e-03
8.431060e-03
8.433611e-03
8.438062e-03
8.439441e-03
8.447080e-03
8.449174e-03
8.452677e-03
8.455927e-03
8.456143e-03
8.461813e-03
8.464970e-03
8.469003e-03
8.474523e-03
8.476983e-03
8.479414e-03
8.483851e-03
8.488020e-03
8.493734e-03
8.496734e-03
8.501716e-03
8.508394e-03
8.510413e-03
8.514112e-03
8.515923e-03
8.519612e-03
8.520524e-03
8.525935e-03
8.530515e-03
8.532896e-03
8.537696e-03
8.541083e-03
8.548550e-03
8.553020e-03
8.556335e-03
8.560011e-03
8.562602e-03
8.566236e-03
8.569600e-03
8.575356e-03
8.579941e-03
8.582830e-03
8.584205e-03
8.587540e-03
8.590855e-03
8.593545e-03
8.602317e-03
8.605422e-03
8.609992e-03
8.614545e-03
8.616230e-03
8.617784e-03
8.622232e-03
8.627009e-03
8.634601e-03
8.640092e-03
8.642611e-03
8.644949e-03
8.648499e-03
8.655997e-03
8.658833e-03
8.661064e-03
8.666077e-03
8.668693e-03
8.677630e-03
8.678840e-03
8.684913e-03
8.687084e-03
8.691965e-03
8.693387e-03
8.697021e-03
8.700654e-03
8.703236e-03
8.708638e-03
8.715028e-03
8.719115e-03
8.720146e-03
8.726427e-03
8.727982e-03
8.735994e-03
8.738048e-03
8.739586e-03
8.743783e-03
8.749880e-03
8.751924e-03
8.759703e-03
8.762321e-03
8.769325e-03
8.775597e-03
8.777107e-03
8.777822e-03
8.783743e-03
8.785605e-03
8.792052e-03
8.798107e-03
8.801482e-03
8.803641e-03
8.805016e-03
8.810703e-03
8.816322e-03
8.821255e-03
8.824123e-03
8.828332e-03
8.830055e-03
8.837251e-03
8.840117e-03
8.842840e-03
8.847173e-03
8.850881e-03
8.856001e-03
8.863177e-03
8.866020e-03
8.869363e-03
8.872226e-03
8.877560e-03
8.880666e-03
8.885406e-03
8.888647e-03
8.891008e-03
8.895879e-03
8.900430e-03
8.905021e-03
8.906600e-03
8.910289e-03
8.913523e-03
8.915422e-03
8.924378e-03
8.929213e-03
8.931991e-03
8.935598e-03
8.939864e-03
8.946235e-03
8.947435e-03
8.949454e-03
8.951381e-03
8.952618e-03
8.958270e-03
8.964857e-03
8.970263e-03
8.976204e-03
8.979028e-03
8.980478e-03
8.981719e-03
8.985718e-03
8.990977e-03
8.998470e-03
9.001429e-03
9.006595e-03
9.007570e-03
9.012602e-03
9.017508e-03
9.019265e-03
9.026127e-03
9.030231e-03
9.035568e-03
9.038640e-03
9.041804e-03
9.052814e-03
9.056037e-03
9.057562e-03
9.064801e-03
9.065352e-03
9.066854e-03
9.074575e-03
9.078189e-03
9.086713e-03
9.088705e-03
9.095769e-03
9.098211e-03
9.100433e-03
9.104322e-03
9.106379e-03
9.113130e-03
9.114319e-03
9.117744e-03
9.124062e-03
9.130231e-03
9.131857e-03
9.135353e-03
9.142905e-03
9.146304e-03
9.151587e-03
9.153075e-03
9.158575e-03
9.160345e-03
9.164799e-03
9.169993e-03
9.175885e-03
9.178164e-03
9.179892e-03
9.187505e-03
9.189864e-03
9.190206e-03
9.197448e-03
9.201153e-03
9.206061e-03
9.211743e-03
9.213869e-03
9.219160e-03
9.220038e-03
9.224711e-03
9.231152e-03
9.232549e-03
9.241295e-03
9.244451e-03
9.246747e-03
9.251764e-03
9.256513e-03
9.259661e-03
9.262290e-03
9.265508e-03
9.272478e-03
9.279996e-03
9.281524e-03
9.284993e-03
9.287311e-03
9.291272e-03
9.298273e-03
9.304208e-03
9.304456e-03
9.307442e-03
9.308837e-03
9.319326e-03
9.322767e-03
9.325299e-03
9.329303e-03
9.332060e-03
9.334179e-03
9.340600e-03
9.344912e-03
9.347963e-03
9.353831e-03
9.357467e-03
9.358990e-03
9.364044e-03
9.366695e-03
9.370038e-03
9.371289e-03
9.375757e-03
9.380218e-03
9.386494e-03
9.387654e-03
9.392521e-03
9.394809e-03
9.405503e-03
9.410143e-03
9.416439e-03
9.419931e-03
9.428574e-03
9.431131e-03
9.435151e-03
9.437527e-03
9.440158e-03
9.444178e-03
9.447143e-03
9.449245e-03
9.454144e-03
9.459858e-03
9.462587e-03
9.466216e-03
9.469709e-03
9.475764e-03
9.476321e-03
9.481293e-03
9.490156e-03
9.493891e-03
9.495194e-03
9.497852e-03
9.500406e-03
9.505522e-03
9.508514e-03
9.514138e-03
9.515973e-03
9.520491e-03
9.527543e-03
9.531259e-03
9.537683e-03
9.540508e-03
9.548308e-03
9.550729e-03
9.552412e-03
9.555356e-03
9.560745e-03
9.568390e-03
9.569863e-03
9.575753e-03
9.578321e-03
9.582299e-03
9.585918e-03
9.591774e-03
9.595128e-03
9.599060e-03
9.602449e-03
9.606084e-03
9.612874e-03
9.614799e-03
9.615376e-03
9.620308e-03
9.630629e-03
9.632514e-03
9.633203e-03
9.635582e-03
9.641197e-03
9.646092e-03
9.652289e-03
9.655565e-03
9.657066e-03
9.661890e-03
9.664931e-03
9.669153e-03
9.671340e-03
9.672159e-03
9.676380e-03
9.681701e-03
9.688901e-03
9.692997e-03
9.693986e-03
9.698503e-03
9.702206e-03
9.705632e-03
9.713441e-03
9.717015e-03
9.724836e-03
9.726827e-03
9.731399e-03
9.732904e-03
9.734490e-03
9.739959e-03
9.747606e-03
9.750494e-03
9.753930e-03
9.760770e-03
9.761289e-03
9.766111e-03
9.772036e-03
9.775297e-03
9.777683e-03
9.780926e-03
9.786916e-03
9.787424e-03
9.790859e-03
9.795172e-03
9.798077e-03
9.801366e-03
9.807119e-03
9.811346e-03
9.817051e-03
9.824346e-03
9.826980e-03
9.834940e-03
9.838910e-03
9.841476e-03
9.844462e-03
9.847465e-03
9.850184e-03
9.858175e-03
9.864145e-03
9.865249e-03
9.872070e-03
9.873045e-03
9.880711e-03
9.888148e-03
9.889863e-03
9.897038e-03
9.903121e-03
9.906416e-03
9.911121e-03
9.912697e-03
9.918103e-03
9.923783e-03
9.930593e-03
9.935530e-03
9.938316e-03
9.943978e-03
9.945633e-03
9.948856e-03
9.951142e-03
9.955005e-03
9.957472e-03
9.961160e-03
9.965942e-03
9.968658e-03
9.972279e-03
9.975445e-03
9.980160e-03
9.982287e-03
9.984213e-03
9.988600e-03
9.998861e-03
1.000230e-02
1.001098e-02
1.001729e-02
1.002111e-02
1.002370e-02
1.002752e-02
1.003165e-02
1.003498e-02
1.003877e-02
1.004328e-02
1.004977e-02
1.005219e-02
1.005674e-02
1.006455e-02
1.007030e-02
1.007349e-02
1.007579e-02
1.008000e-02
1.008543e-02
1.008848e-02
1.009176e-02
1.009401e-02
1.010117e-02
1.010355e-02
1.010908e-02
1.011314e-02
1.012010e-02
1.012214e-02
1.012934e-02
1.013329e-02
1.013527e-02
1.013915e-02
1.014556e-02
1.014725e-02
1.015131e-02
1.015723e-02
1.015953e-02
1.016497e-02
1.017205e-02
1.017687e-02
1.018062e-02
1.018182e-02
1.018764e-02
1.019072e-02
1.019485e-02
1.019762e-02
1.020505e-02
1.020852e-02
1.021242e-02
1.021614e-02
1.022501e-02
1.022757e-02
1.023118e-02
1.023694e-02
1.023976e-02
1.024654e-02
1.024769e-02
1.025504e-02
1.026101e-02
1.026440e-02
1.027020e-02
1.027105e-02
1.027773e-02
1.028591e-02
1.028804e-02
1.028845e-02
1.029254e-02
1.029498e-02
1.030339e-02
1.030563e-02
1.031234e-02
1.031377e-02
1.032000e-02
1.032276e-02
1.032511e-02
1.033101e-02
1.033827e-02
1.034190e-02
1.034660e-02
1.034892e-02
1.035655e-02
1.035891e-02
1.036248e-02
1.036365e-02
1.036697e-02
1.037182e-02
1.037601e-02
1.037747e-02
1.038686e-02
1.039519e-02
1.039786e-02
1.040418e-02
1.040616e-02
1.041050e-02
1.041592e-02
1.041947e-02
1.042373e-02
1.042462e-02
1.043170e-02
1.043369e-02
1.043864e-02
1.044321e-02
1.044956e-02
1.045463e-02
1.045966e-02
1.046372e-02
1.046579e-02
1.046953e-02
1.047149e-02
1.047608e-02
1.048131e-02
1.048816e-02
1.049359e-02
1.049881e-02
1.050336e-02
1.050448e-02
1.050889e-02
1.051324e-02
1.051849e-02
1.052487e-02
1.052885e-02
1.053396e-02
1.054086e-02
1.054694e-02
1.055167e-02
1.055400e-02
1.055768e-02
1.056186e-02
1.056949e-02
1.057369e-02
1.057841e-02
1.057988e-02
1.058475e-02
1.059039e-02
1.059575e-02
1.060054e-02
1.060290e-02
1.061026e-02
1.061322e-02
1.061792e-02
1.062132e-02
1.062463e-02
1.062965e-02
1.063634e-02
1.064267e-02
1.064697e-02
1.065327e-02
1.065561e-02
1.065837e-02
1.066066e-02
1.066182e-02
1.066848e-02
1.067577e-02
1.068128e-02
1.068326e-02
1.068611e-02
1.069391e-02
1.069673e-02
1.070016e-02
1.070459e-02
1.070882e-02
1.071400e-02
1.072302e-02
1.072588e-02
1.072854e-02
1.073523e-02
1.073786e-02
1.074640e-02
1.075093e-02
1.075548e-02
1.075791e-02
1.076386e-02
1.076767e-02
1.077270e-02
1.077711e-02
1.078451e-02
1.078817e-02
1.079397e-02
1.079851e-02
1.079968e-02
1.080668e-02
1.080884e-02
1.081403e-02
1.082142e-02
1.082558e-02
1.082867e-02
1.083146e-02
1.083794e-02
1.084097e-02
1.084392e-02
1.084967e-02
1.085162e-02
1.085341e-02
1.085961e-02
1.086393e-02
1.086947e-02
1.087454e-02
1.087905e-02
1.088721e-02
1.088872e-02
1.089071e-02
1.090266e-02
1.090494e-02
1.090764e-02
1.091362e-02
1.091531e-02
1.091956e-02
1.092039e-02
1.092420e-02
1.092772e-02
1.093005e-02
1.093877e-02
1.094159e-02
1.094343e-02
1.095445e-02
1.095626e-02
1.095946e-02
1.096509e-02
1.096846e-02
1.097729e-02
1.098443e-02
1.098696e-02
1.099218e-02
1.099951e-02
1.100204e-02
1.100627e-02
1.101118e-02
1.101427e-02
1.102099e-02
1.102745e-02
1.103015e-02
1.103344e-02
1.103607e-02
1.104044e-02
1.104663e-02
1.104860e-02
1.105568e-02
1.105949e-02
1.106769e-02
1.107196e-02
1.107516e-02
1.108159e-02
1.108443e-02
1.108888e-02
1.109122e-02
1.109911e-02
1.110303e-02
1.110857e-02
1.111293e-02
1.111479e-02
1.111796e-02
1.112324e-02
1.112808e-02
1.113155e-02
1.113372e-02
1.114576e-02
1.114840e-02
1.115258e-02
1.116028e-02
1.116120e-02
1.116449e-02
1.117114e-02
1.117773e-02
1.117949e-02
1.118484e-02
1.119011e-02
1.119313e-02
1.119632e-02
1.120368e-02
1.120576e-02
1.121154e-02
1.121709e-02
1.121940e-02
1.122596e-02
1.122814e-02
1.123472e-02
1.124134e-02
1.124430e-02
1.125194e-02
1.125498e-02
1.126005e-02
1.126388e-02
1.126651e-02
1.127084e-02
1.128179e-02
1.128464e-02
1.129117e-02
1.129329e-02
1.130005e-02
1.130059e-02
1.130596e-02
1.130832e-02
1.131812e-02
1.132081e-02
1.132546e-02
1.133097e-02
1.133952e-02
1.134038e-02
1.134730e-02
1.135091e-02
1.135570e-02
1.135951e-02
1.136066e-02
1.136825e-02
1.137467e-02
1.137623e-02
1.137929e-02
1.139149e-02
1.139334e-02
1.139728e-02
1.140102e-02
1.140343e-02
1.140932e-02
1.141174e-02
1.141553e-02
1.142261e-02
1.142648e-02
1.142941e-02
1.143808e-02
1.144019e-02
1.144112e-02
1.144654e-02
1.144999e-02
1.145610e-02
1.146163e-02
1.146657e-02
1.146806e-02
1.147095e-02
1.147984e-02
1.148481e-02
1.148918e-02
1.149660e-02
1.150161e-02
1.150383e-02
1.151080e-02
1.151736e-02
1.152385e-02
1.152455e-02
1.152720e-02
1.153000e-02
1.153322e-02
1.154077e-02
1.154470e-02
1.154945e-02
1.155717e-02
1.155944e-02
1.156490e-02
1.156976e-02
1.157145e-02
1.157829e-02
1.158192e-02
1.158990e-02
1.159254e-02
1.159759e-02
1.160393e-02
1.160841e-02
1.161145e-02
1.161720e-02
1.161946e-02
1.162618e-02
1.162827e-02
1.163078e-02
1.163435e-02
1.164070e-02
1.164546e-02
1.164714e-02
1.165867e-02
1.166039e-02
1.166565e-02
1.166698e-02
1.167507e-02
1.167758e-02
1.167934e-02
1.168758e-02
1.169063e-02
1.169383e-02
1.169615e-02
1.171494e-02
1.171650e-02
1.172286e-02
1.172616e-02
1.173426e-02
1.173977e-02
1.174453e-02
1.174747e-02
1.175036e-02
1.175743e-02
1.176113e-02
1.176181e-02
1.176753e-02
1.176838e-02
1.177681e-02
1.178048e-02
1.178621e-02
1.179046e-02
1.179645e-02
1.180175e-02
1.180895e-02
1.181210e-02
1.181938e-02
1.182348e-02
1.183406e-02
1.183657e-02
1.184290e-02
1.184622e-02
1.185473e-02
1.185538e-02
1.186104e-02
1.186370e-02
1.186720e-02
1.186881e-02
1.187730e-02
1.188273e-02
1.188541e-02
1.188973e-02
1.189169e-02
1.189887e-02
1.190838e-02
1.191410e-02
1.191810e-02
1.192207e-02
1.192257e-02
1.192719e-02
1.193313e-02
1.193405e-02
1.194382e-02
1.194639e-02
1.195111e-02
1.195158e-02
1.196285e-02
1.196448e-02
1.196916e-02
1.197256e-02
1.197628e-02
1.198099e-02
1.198841e-02
1.199314e-02
1.199472e-02
1.200026e-02
1.200464e-02
1.201212e-02
1.201580e-02
1.201832e-02
1.202357e-02
1.202829e-02
1.203664e-02
1.204001e-02
1.204445e-02
1.204847e-02
1.205127e-02
1.205353e-02
1.206326e-02
1.206754e-02
1.207026e-02
1.207602e-02
1.208125e-02
1.208552e-02
1.208811e-02
1.209303e-02
1.209991e-02
1.210745e-02
1.211936e-02
1.212359e-02
1.212804e-02
1.212987e-02
1.214286e-02
1.214374e-02
1.214889e-02
1.215563e-02
1.215858e-02
1.216168e-02
1.216517e-02
1.217031e-02
1.217732e-02
1.217860e-02
1.218395e-02
1.218795e-02
1.218977e-02
1.219609e-02
1.220251e-02
1.220507e-02
1.221198e-02
1.221456e-02
1.222163e-02
1.222602e-02
1.222953e-02
1.223407e-02
1.224976e-02
1.225461e-02
1.225856e-02
1.226272e-02
1.226509e-02
1.227112e-02
1.227734e-02
1.228097e-02
1.229153e-02
1.229208e-02
1.229884e-02
1.230181e-02
1.230464e-02
1.230862e-02
1.231653e-02
1.232180e-02
1.232693e-02
1.233232e-02
1.234027e-02
1.234307e-02
1.234739e-02
1.234987e-02
1.235690e-02
1.236379e-02
1.236636e-02
1.237697e-02
1.238426e-02
1.238633e-02
1.239649e-02
1.239778e-02
1.240035e-02
1.240570e-02
1.241095e-02
1.241253e-02
1.241899e-02
1.242433e-02
1.242786e-02
1.243507e-02
1.244353e-02
1.244940e-02
1.245223e-02
1.245796e-02
1.246055e-02
1.246725e-02
1.247177e-02
1.247349e-02
1.247587e-02
1.248331e-02
1.248848e-02
1.249093e-02
1.250059e-02
1.250494e-02
1.251020e-02
1.251447e-02
1.251538e-02
1.252085e-02
1.252698e-02
1.252882e-02
1.253741e-02
1.253948e-02
1.254390e-02
1.254796e-02
1.255875e-02
1.255967e-02
1.256289e-02
1.257167e-02
1.257244e-02
1.258332e-02
1.258964e-02
1.259199e-02
1.259659e-02
1.260351e-02
1.261017e-02
1.261451e-02
1.261750e-02
1.262003e-02
1.262658e-02
1.262950e-02
1.263541e-02
1.264149e-02
1.264214e-02
1.264714e-02
1.265876e-02
1.266254e-02
1.266457e-02
1.266919e-02
1.267156e-02
1.267665e-02
1.268020e-02
1.268996e-02
1.269399e-02
1.270027e-02
1.270205e-02
1.270899e-02
1.271929e-02
1.272358e-02
1.273411e-02
1.273762e-02
1.274111e-02
1.274507e-02
1.275065e-02
1.275319e-02
1.275725e-02
1.276284e-02
1.276822e-02
1.277143e-02
1.278080e-02
1.278231e-02
1.279063e-02
1.279901e-02
1.280315e-02
1.280767e-02
1.281016e-02
1.281559e-02
1.282340e-02
1.282527e-02
1.283246e-02
1.283794e-02
1.284486e-02
1.285236e-02
1.285411e-02
1.285901e-02
1.286011e-02
1.286916e-02
1.287428e-02
1.288005e-02
1.288442e-02
1.288705e-02
1.289395e-02
1.289851e-02
1.290101e-02
1.290533e-02
1.290827e-02
1.291783e-02
1.292006e-02
1.292668e-02
1.293787e-02
1.293956e-02
1.294239e-02
1.295024e-02
1.295357e-02
1.296127e-02
1.296310e-02
1.296512e-02
1.297603e-02
1.298050e-02
1.298601e-02
1.299412e-02
1.299563e-02
1.300152e-02
1.301049e-02
1.301476e-02
1.302243e-02
1.302632e-02
1.303090e-02
1.303701e-02
1.304269e-02
1.304683e-02
1.305604e-02
1.305811e-02
1.306585e-02
1.306775e-02
1.307195e-02
1.307911e-02
1.308172e-02
1.308913e-02
1.309451e-02
1.309958e-02
1.310241e-02
1.311077e-02
1.311993e-02
1.312194e-02
1.312297e-02
1.313094e-02
1.314089e-02
1.314499e-02
1.315377e-02
1.316143e-02
1.316345e-02
1.316845e-02
1.317119e-02
1.317453e-02
1.318021e-02
1.318501e-02
1.318946e-02
1.319662e-02
1.319859e-02
1.320020e-02
1.320588e-02
1.321145e-02
1.321413e-02
1.322546e-02
1.323039e-02
1.323727e-02
1.324311e-02
1.325047e-02
1.325441e-02
1.326128e-02
1.327121e-02
1.327802e-02
1.328304e-02
1.328333e-02
1.328972e-02
1.330124e-02
1.330591e-02
1.331003e-02
1.331657e-02
1.332121e-02
1.332624e-02
1.333175e-02
1.333791e-02
1.334073e-02
1.334898e-02
1.335970e-02
1.336218e-02
1.336863e-02
1.337148e-02
1.337304e-02
1.337823e-02
1.338209e-02
1.338859e-02
1.339617e-02
1.340348e-02
1.341079e-02
1.341347e-02
1.341886e-02
1.342681e-02
1.343287e-02
1.343844e-02
1.344528e-02
1.344700e-02
1.345582e-02
1.346155e-02
1.346483e-02
1.346863e-02
1.347543e-02
1.348099e-02
1.348642e-02
1.348949e-02
1.349527e-02
1.350508e-02
1.351206e-02
1.351674e-02
1.352603e-02
1.353106e-02
1.353340e-02
1.354018e-02
1.354535e-02
1.355178e-02
1.355769e-02
1.356205e-02
1.356809e-02
1.357535e-02
1.358163e-02
1.358398e-02
1.358645e-02
1.359287e-02
1.359891e-02
1.360577e-02
1.361506e-02
1.361805e-02
1.362537e-02
1.363346e-02
1.363733e-02
1.364208e-02
1.364916e-02
1.365625e-02
1.366031e-02
1.366705e-02
1.366870e-02
1.367325e-02
1.368124e-02
1.368811e-02
1.368893e-02
1.369722e-02
1.370061e-02
1.370922e-02
1.371038e-02
1.371601e-02
1.372454e-02
1.373222e-02
1.374017e-02
1.374360e-02
1.374841e-02
1.375557e-02
1.376591e-02
1.377296e-02
1.377626e-02
1.378086e-02
1.378966e-02
1.379451e-02
1.380113e-02
1.380244e-02
1.381105e-02
1.381905e-02
1.382394e-02
1.382888e-02
1.383000e-02
1.383800e-02
1.384545e-02
1.385032e-02
1.385494e-02
1.386138e-02
1.386904e-02
1.387338e-02
1.388330e-02
1.388747e-02
1.389286e-02
1.389453e-02
1.390277e-02
1.390466e-02
1.390764e-02
1.391199e-02
1.392700e-02
1.393126e-02
1.393275e-02
1.393422e-02
1.394404e-02
1.395038e-02
1.395413e-02
1.395915e-02
1.396173e-02
1.397379e-02
1.397762e-02
1.398477e-02
1.399263e-02
1.399299e-02
1.399905e-02
1.400508e-02
1.400939e-02
1.401627e-02
1.401930e-02
1.401997e-02
1.403175e-02
1.404375e-02
1.404649e-02
1.405015e-02
1.405394e-02
1.405724e-02
1.406259e-02
1.407068e-02
1.407356e-02
1.408230e-02
1.408536e-02
1.408922e-02
1.409906e-02
1.410346e-02
1.412043e-02
1.412767e-02
1.413115e-02
1.413484e-02
1.414007e-02
1.414489e-02
1.414912e-02
1.415241e-02
1.415685e-02
1.416221e-02
1.416949e-02
1.417729e-02
1.418490e-02
1.419134e-02
1.419733e-02
1.420445e-02
1.420778e-02
1.420941e-02
1.421705e-02
1.422540e-02
1.422945e-02
1.423459e-02
1.424135e-02
1.424512e-02
1.425003e-02
1.425701e-02
1.425983e-02
1.426865e-02
1.427284e-02
1.427405e-02
1.428278e-02
1.429129e-02
1.429969e-02
1.430354e-02
1.430875e-02
1.431207e-02
1.432455e-02
1.432776e-02
1.432929e-02
1.433504e-02
1.434704e-02
1.435047e-02
1.435807e-02
1.436221e-02
1.436243e-02
1.437178e-02
1.437427e-02
1.437908e-02
1.438864e-02
1.439298e-02
1.439576e-02
1.440084e-02
1.440948e-02
1.441571e-02
1.441740e-02
1.442761e-02
1.443021e-02
1.443703e-02
1.443830e-02
1.444759e-02
1.445191e-02
1.445933e-02
1.446564e-02
1.446793e-02
1.447541e-02
1.447802e-02
1.448753e-02
1.449017e-02
1.449982e-02
1.450140e-02
1.451003e-02
1.451756e-02
1.452041e-02
1.453006e-02
1.453309e-02
1.453963e-02
1.454377e-02
1.455251e-02
1.456199e-02
1.457181e-02
1.458199e-02
1.458532e-02
1.459234e-02
1.459277e-02
1.459722e-02
1.460744e-02
1.461736e-02
1.462319e-02
1.463354e-02
1.463712e-02
1.464488e-02
1.465203e-02
1.465631e-02
1.466604e-02
1.467271e-02
1.467927e-02
1.468425e-02
1.468893e-02
1.469365e-02
1.469808e-02
1.470473e-02
1.471503e-02
1.471996e-02
1.472154e-02
1.472923e-02
1.474076e-02
1.474561e-02
1.474737e-02
1.475930e-02
1.476140e-02
1.477366e-02
1.478129e-02
1.478903e-02
1.479306e-02
1.479856e-02
1.480020e-02
1.480459e-02
1.481924e-02
1.482061e-02
1.483157e-02
1.483489e-02
1.484595e-02
1.485264e-02
1.486033e-02
1.486231e-02
1.486559e-02
1.486710e-02
1.487445e-02
1.488789e-02
1.488832e-02
1.489374e-02
1.489894e-02
1.490032e-02
1.490721e-02
1.491117e-02
1.491668e-02
1.492340e-02
1.492835e-02
1.494123e-02
1.494888e-02
1.495368e-02
1.495914e-02
1.496065e-02
1.496963e-02
1.498125e-02
1.498922e-02
1.499189e-02
1.499546e-02
1.500451e-02
1.500550e-02
1.501152e-02
1.502175e-02
1.502476e-02
1.502936e-02
1.503541e-02
1.504245e-02
1.505359e-02
1.505503e-02
1.506188e-02
1.506953e-02
1.507502e-02
1.507774e-02
1.508134e-02
1.508794e-02
1.509808e-02
1.510205e-02
1.510844e-02
1.511157e-02
1.512182e-02
1.512517e-02
1.513703e-02
1.514552e-02
1.515050e-02
1.515741e-02
1.516251e-02
1.516587e-02
1.517099e-02
1.518736e-02
1.519337e-02
1.519992e-02
1.520623e-02
1.521076e-02
1.521592e-02
1.521875e-02
1.523100e-02
1.523215e-02
1.523726e-02
1.524341e-02
1.525142e-02
1.526335e-02
1.526610e-02
1.527625e-02
1.528611e-02
1.529134e-02
1.529554e-02
1.530002e-02
1.530863e-02
1.531085e-02
1.531848e-02
1.532721e-02
1.533174e-02
1.533862e-02
1.534226e-02
1.535132e-02
1.536122e-02
1.536680e-02
1.537661e-02
1.537894e-02
1.539003e-02
1.539298e-02
1.539563e-02
1.540233e-02
1.540746e-02
1.541237e-02
1.542258e-02
1.542528e-02
1.544101e-02
1.544255e-02
1.544926e-02
1.545482e-02
1.545605e-02
1.546102e-02
1.548017e-02
1.548952e-02
1.549094e-02
1.549518e-02
1.549757e-02
1.550770e-02
1.551129e-02
1.551767e-02
1.552576e-02
1.552903e-02
1.553175e-02
1.553781e-02
1.554868e-02
1.555981e-02
1.556404e-02
1.557287e-02
1.557744e-02
1.558711e-02
1.559099e-02
1.559189e-02
1.560088e-02
1.560859e-02
1.561391e-02
1.562082e-02
1.562565e-02
1.562951e-02
1.563818e-02
1.564090e-02
1.565235e-02
1.565834e-02
1.566623e-02
1.567220e-02
1.567446e-02
1.568145e-02
1.568809e-02
1.570042e-02
1.570781e-02
1.571171e-02
1.571350e-02
1.572426e-02
1.573357e-02
1.574333e-02
1.575223e-02
1.575772e-02
1.576731e-02
1.577355e-02
1.577723e-02
1.578229e-02
1.579281e-02
1.579805e-02
1.580028e-02
1.580335e-02
1.581404e-02
1.582582e-02
1.582726e-02
1.583511e-02
1.584258e-02
1.585244e-02
1.585564e-02
1.586885e-02
1.588060e-02
1.588645e-02
1.589525e-02
1.590170e-02
1.590467e-02
1.591299e-02
1.591984e-02
1.592264e-02
1.593030e-02
1.593545e-02
1.593734e-02
1.594819e-02
1.595502e-02
1.596221e-02
1.596391e-02
1.597649e-02
1.598037e-02
1.598497e-02
1.598940e-02
1.600179e-02
1.600412e-02
1.601251e-02
1.601778e-02
1.603719e-02
1.603897e-02
1.604180e-02
1.604824e-02
1.606446e-02
1.606954e-02
1.607464e-02
1.607800e-02
1.608410e-02
1.609069e-02
1.609816e-02
1.610265e-02
1.612009e-02
1.612173e-02
1.612918e-02
1.613230e-02
1.613797e-02
1.614178e-02
1.615037e-02
1.615834e-02
1.616682e-02
1.617338e-02
1.617812e-02
1.618939e-02
1.619455e-02
1.619877e-02
1.620272e-02
1.621051e-02
1.622435e-02
1.623097e-02
1.623240e-02
1.623659e-02
1.624295e-02
1.625036e-02
1.625720e-02
1.626607e-02
1.627225e-02
1.628009e-02
1.628751e-02
1.629180e-02
1.629821e-02
1.630221e-02
1.630756e-02
1.631424e-02
1.632269e-02
1.633028e-02
1.633893e-02
1.635120e-02
1.635423e-02
1.635646e-02
1.637748e-02
1.638073e-02
1.638505e-02
1.639166e-02
1.639759e-02
1.640226e-02
1.640630e-02
1.642157e-02
1.642305e-02
1.642997e-02
1.644335e-02
1.645027e-02
1.645296e-02
1.646076e-02
1.646602e-02
1.646730e-02
1.647007e-02
1.647824e-02
1.648924e-02
1.649273e-02
1.649819e-02
1.650391e-02
1.651582e-02
1.652370e-02
1.652850e-02
1.653841e-02
1.654453e-02
1.655225e-02
1.656236e-02
1.657046e-02
1.658057e-02
1.658699e-02
1.659102e-02
1.660641e-02
1.661598e-02
1.661718e-02
1.662476e-02
1.662540e-02
1.663246e-02
1.663413e-02
1.664244e-02
1.664646e-02
1.665381e-02
1.666374e-02
1.667355e-02
1.667701e-02
1.668253e-02
1.668731e-02
1.668919e-02
1.670065e-02
1.670392e-02
1.671464e-02
1.671850e-02
1.672348e-02
1.673137e-02
1.673813e-02
1.674420e-02
1.675234e-02
1.675376e-02
1.676342e-02
1.676872e-02
1.677756e-02
1.678309e-02
1.679102e-02
1.679733e-02
1.680402e-02
1.681239e-02
1.682186e-02
1.682483e-02
1.682606e-02
1.683886e-02
1.684764e-02
1.685319e-02
1.686031e-02
1.686474e-02
1.686889e-02
1.688310e-02
1.689287e-02
1.689684e-02
1.690254e-02
1.690544e-02
1.690811e-02
1.691435e-02
1.692091e-02
1.693229e-02
1.693711e-02
1.694138e-02
1.695844e-02
1.696156e-02
1.697526e-02
1.697757e-02
1.698441e-02
1.699299e-02
1.699556e-02
1.701080e-02
1.701485e-02
1.702074e-02
1.702610e-02
1.702895e-02
1.703986e-02
1.705166e-02
1.705723e-02
1.706039e-02
1.707256e-02
1.708036e-02
1.708277e-02
1.708978e-02
1.709852e-02
1.710273e-02
1.710765e-02
1.711577e-02
1.711717e-02
1.712685e-02
1.713380e-02
1.714091e-02
1.715270e-02
1.715741e-02
1.716023e-02
1.717021e-02
1.717375e-02
1.718893e-02
1.720027e-02
1.720526e-02
1.721360e-02
1.721826e-02
1.722455e-02
1.723131e-02
1.723724e-02
1.723904e-02
1.725314e-02
1.726802e-02
1.727147e-02
1.727326e-02
1.728108e-02
1.729511e-02
1.729792e-02
1.730305e-02
1.730584e-02
1.731436e-02
1.732226e-02
1.733254e-02
1.734435e-02
1.735150e-02
1.735604e-02
1.736277e-02
1.737011e-02
1.737950e-02
1.738128e-02
1.739585e-02
1.740061e-02
1.740743e-02
1.741563e-02
1.742228e-02
1.742868e-02
1.743304e-02
1.744583e-02
1.745088e-02
1.745511e-02
1.746479e-02
1.747512e-02
1.748412e-02
1.748596e-02
1.749266e-02
1.750219e-02
1.750606e-02
1.751829e-02
1.752286e-02
1.753023e-02
1.753829e-02
1.754030e-02
1.754614e-02
1.755282e-02
1.757027e-02
1.757278e-02
1.758281e-02
1.759260e-02
1.760088e-02
1.760970e-02
1.761184e-02
1.762778e-02
1.763307e-02
1.764313e-02
1.765093e-02
1.765414e-02
1.766263e-02
1.766974e-02
1.768039e-02
1.768336e-02
1.768946e-02
1.769718e-02
1.771001e-02
1.771417e-02
1.771900e-02
1.772311e-02
1.773003e-02
1.774166e-02
1.774816e-02
1.775346e-02
1.775900e-02
1.777547e-02
1.778242e-02
1.778517e-02
1.779435e-02
1.779819e-02
1.781238e-02
1.782002e-02
1.782674e-02
1.783500e-02
1.783801e-02
1.784944e-02
1.785692e-02
1.786253e-02
1.787120e-02
1.787879e-02
1.789601e-02
1.789828e-02
1.791036e-02
1.791405e-02
1.791649e-02
1.792656e-02
1.793141e-02
1.794240e-02
1.794688e-02
1.794880e-02
1.795711e-02
1.796543e-02
1.797579e-02
1.798328e-02
1.799329e-02
1.799970e-02
1.800782e-02
1.801430e-02
1.801942e-02
1.802535e-02
1.803803e-02
1.804357e-02
1.804570e-02
1.805112e-02
1.806221e-02
1.807062e-02
1.808077e-02
1.808338e-02
1.808640e-02
1.808985e-02
1.811320e-02
1.812024e-02
1.812505e-02
1.813344e-02
1.813854e-02
1.814473e-02
1.815490e-02
1.816845e-02
1.817116e-02
1.818106e-02
1.818615e-02
1.819267e-02
1.820368e-02
1.820535e-02
1.821227e-02
1.822271e-02
1.822956e-02
1.823556e-02
1.824479e-02
1.825555e-02
1.826085e-02
1.827059e-02
1.827517e-02
1.828103e-02
1.829159e-02
1.829691e-02
1.830480e-02
1.831751e-02
1.832155e-02
1.832622e-02
1.833623e-02
1.834071e-02
1.834107e-02
1.835256e-02
1.836581e-02
1.837156e-02
1.837865e-02
1.838239e-02
1.838996e-02
1.840176e-02
1.840749e-02
1.841682e-02
1.841886e-02
1.842707e-02
1.843511e-02
1.844577e-02
1.845151e-02
1.846039e-02
1.846249e-02
1.847128e-02
1.847700e-02
1.848582e-02
1.849744e-02
1.850361e-02
1.850826e-02
1.851448e-02
1.852485e-02
1.853204e-02
1.853926e-02
1.854642e-02
1.855780e-02
1.856302e-02
1.857436e-02
1.858303e-02
1.858767e-02
1.859543e-02
1.859932e-02
1.861021e-02
1.862044e-02
1.862563e-02
1.863195e-02
1.864081e-02
1.865250e-02
1.865853e-02
1.866584e-02
1.867856e-02
1.868436e-02
1.869334e-02
1.870035e-02
1.870507e-02
1.871709e-02
1.872235e-02
1.873394e-02
1.873705e-02
1.874467e-02
1.876054e-02
1.876815e-02
1.877680e-02
1.879035e-02
1.879260e-02
1.879815e-02
1.881346e-02
1.881576e-02
1.882923e-02
1.883163e-02
1.884493e-02
1.885009e-02
1.886184e-02
1.886821e-02
1.887199e-02
1.887932e-02
1.888960e-02
1.889462e-02
1.890316e-02
1.890944e-02
1.891394e-02
1.892281e-02
1.893223e-02
1.893894e-02
1.894578e-02
1.896165e-02
1.896535e-02
1.897737e-02
1.898555e-02
1.899138e-02
1.900376e-02
1.901030e-02
1.901881e-02
1.902732e-02
1.903509e-02
1.904118e-02
1.905260e-02
1.905819e-02
1.906513e-02
1.907872e-02
1.908169e-02
1.909491e-02
1.910301e-02
1.910698e-02
1.911251e-02
1.912217e-02
1.912592e-02
1.913184e-02
1.915153e-02
1.916080e-02
1.916543e-02
1.917085e-02
1.918558e-02
1.919834e-02
1.920235e-02
1.921115e-02
1.921796e-02
1.922668e-02
1.923801e-02
1.923921e-02
1.924865e-02
1.926308e-02
1.926949e-02
1.927939e-02
1.928491e-02
1.928994e-02
1.930106e-02
1.930736e-02
1.931394e-02
1.931975e-02
1.932721e-02
1.933626e-02
1.933719e-02
1.934668e-02
1.935800e-02
1.936484e-02
1.937254e-02
1.938613e-02
1.939035e-02
1.939243e-02
1.940540e-02
1.941059e-02
1.941933e-02
1.942050e-02
1.942840e-02
1.944254e-02
1.945030e-02
1.946544e-02
1.946598e-02
1.947186e-02
1.948927e-02
1.949374e-02
1.949590e-02
1.950162e-02
1.950318e-02
1.952378e-02
1.953605e-02
1.953895e-02
1.954678e-02
1.955733e-02
1.956808e-02
1.957333e-02
1.958402e-02
1.959356e-02
1.959580e-02
1.960360e-02
1.961370e-02
1.961690e-02
1.961836e-02
1.963850e-02
1.964047e-02
1.965020e-02
1.966296e-02
1.967731e-02
1.968382e-02
1.969043e-02
1.969488e-02
1.970524e-02
1.971085e-02
1.971678e-02
1.972971e-02
1.973748e-02
1.974486e-02
1.975390e-02
1.976043e-02
1.976717e-02
1.978846e-02
1.979381e-02
1.980350e-02
1.981077e-02
1.981771e-02
1.982425e-02
1.982773e-02
1.984875e-02
1.985310e-02
1.985491e-02
1.986112e-02
1.986719e-02
1.987387e-02
1.987603e-02
1.989288e-02
1.989824e-02
1.990652e-02
1.991117e-02
1.992729e-02
1.993030e-02
1.994541e-02
1.995507e-02
1.996310e-02
1.996594e-02
1.997936e-02
1.998960e-02
2.000234e-02
2.000699e-02
2.001073e-02
2.002298e-02
2.002541e-02
2.004227e-02
2.004730e-02
2.005600e-02
2.005977e-02
2.007221e-02
2.008113e-02
2.009348e-02
2.009669e-02
2.010140e-02
2.010964e-02
2.011853e-02
2.013115e-02
2.014207e-02
2.015160e-02
2.015384e-02
2.016778e-02
2.017984e-02
2.018444e-02
2.020041e-02
2.021024e-02
2.021525e-02
2.023905e-02
2.024786e-02
2.025020e-02
2.025800e-02
2.026407e-02
2.027134e-02
2.028078e-02
2.028713e-02
2.029362e-02
2.030109e-02
2.031048e-02
2.031956e-02
2.033238e-02
2.034664e-02
2.035084e-02
2.036052e-02
2.037023e-02
2.038171e-02
2.038723e-02
2.038944e-02
2.039742e-02
2.040395e-02
2.041477e-02
2.043035e-02
2.043959e-02
2.044385e-02
2.045180e-02
2.046162e-02
2.047033e-02
2.047906e-02
2.048802e-02
2.049439e-02
2.050929e-02
2.051497e-02
2.053574e-02
2.054180e-02
2.054544e-02
2.055441e-02
2.055880e-02
2.057099e-02
2.057556e-02
2.058136e-02
2.059627e-02
2.059744e-02
2.060348e-02
2.060974e-02
2.061860e-02
2.062196e-02
2.062969e-02
2.064271e-02
2.064858e-02
2.065507e-02
2.066599e-02
2.067777e-02
2.068414e-02
2.069935e-02
2.070702e-02
2.072060e-02
2.072411e-02
2.073051e-02
2.073427e-02
2.073998e-02
2.074258e-02
2.075687e-02
2.075794e-02
2.076966e-02
2.077310e-02
2.078835e-02
2.079205e-02
2.080255e-02
2.081101e-02
2.081455e-02
2.082978e-02
2.083250e-02
2.084059e-02
2.085765e-02
2.086373e-02
2.087500e-02
2.088278e-02
2.089778e-02
2.090456e-02
2.091228e-02
2.092396e-02
2.092511e-02
2.093174e-02
2.094795e-02
2.095520e-02
2.097435e-02
2.097718e-02
2.097977e-02
2.099256e-02
2.100003e-02
2.101545e-02
2.101824e-02
2.102171e-02
2.103281e-02
2.104482e-02
2.105716e-02
2.106180e-02
2.106932e-02
2.107753e-02
2.109354e-02
2.109905e-02
2.110165e-02
2.111111e-02
2.112286e-02
2.112860e-02
2.113673e-02
2.114080e-02
2.114932e-02
2.116693e-02
2.117294e-02
2.118042e-02
2.118354e-02
2.121027e-02
2.121658e-02
2.121973e-02
2.123260e-02
2.124338e-02
2.124973e-02
2.125736e-02
2.126582e-02
2.127275e-02
2.129206e-02
2.129885e-02
2.130384e-02
2.130804e-02
2.131246e-02
2.132142e-02
2.132355e-02
2.133517e-02
2.133547e-02
2.135175e-02
2.135651e-02
2.137193e-02
2.137738e-02
2.138784e-02
2.139290e-02
2.140887e-02
2.141831e-02
2.142322e-02
2.142941e-02
2.145527e-02
2.146167e-02
2.146344e-02
2.147004e-02
2.148428e-02
2.148946e-02
2.149784e-02
2.150470e-02
2.151844e-02
2.152490e-02
2.153333e-02
2.154140e-02
2.155845e-02
2.156343e-02
2.158214e-02
2.158314e-02
2.159834e-02
2.160088e-02
2.161392e-02
2.162931e-02
2.163374e-02
2.164324e-02
2.165194e-02
2.166546e-02
2.167033e-02
2.167309e-02
2.167669e-02
2.168967e-02
2.169565e-02
2.171033e-02
2.172497e-02
2.173435e-02
2.173739e-02
2.174621e-02
2.175847e-02
2.176416e-02
2.176568e-02
2.177103e-02
2.178033e-02
2.179330e-02
2.180245e-02
2.181107e-02
2.182886e-02
2.183298e-02
2.184642e-02
2.184866e-02
2.185640e-02
2.186186e-02
2.187057e-02
2.187795e-02
2.188955e-02
2.189784e-02
2.190297e-02
2.191118e-02
2.192828e-02
2.193427e-02
2.194857e-02
2.195062e-02
2.196453e-02
2.197691e-02
2.198026e-02
2.198315e-02
2.199710e-02
2.201097e-02
2.202238e-02
2.203027e-02
2.203711e-02
2.203996e-02
2.205489e-02
2.205971e-02
2.207023e-02
2.208385e-02
2.208731e-02
2.210094e-02
2.210407e-02
2.212362e-02
2.213165e-02
2.214156e-02
2.214938e-02
2.216113e-02
2.217140e-02
2.217275e-02
2.218166e-02
2.219492e-02
2.220620e-02
2.221027e-02
2.221627e-02
2.222602e-02
2.223517e-02
2.224392e-02
2.225598e-02
2.225819e-02
2.227545e-02
2.227788e-02
2.229843e-02
2.230366e-02
2.231175e-02
2.234084e-02
2.234901e-02
2.235538e-02
2.236772e-02
2.237681e-02
2.237872e-02
2.238757e-02
2.239360e-02
2.240273e-02
2.241060e-02
2.241983e-02
2.242543e-02
2.243868e-02
2.243953e-02
2.245440e-02
2.247512e-02
2.248273e-02
2.249209e-02
2.249829e-02
2.250367e-02
2.252043e-02
2.253198e-02
2.253553e-02
2.254176e-02
2.255520e-02
2.256548e-02
2.257867e-02
2.258558e-02
2.259423e-02
2.260722e-02
2.261920e-02
2.263424e-02
2.263720e-02
2.264328e-02
2.264859e-02
2.266141e-02
2.267032e-02
2.268744e-02
2.269310e-02
2.269905e-02
2.271542e-02
2.272365e-02
2.273617e-02
2.275281e-02
2.276143e-02
2.276409e-02
2.276865e-02
2.279068e-02
2.280398e-02
2.280927e-02
2.281465e-02
2.283149e-02
2.283389e-02
2.284598e-02
2.285491e-02
2.286385e-02
2.286649e-02
2.287275e-02
2.289494e-02
2.289923e-02
2.290197e-02
2.292561e-02
2.293458e-02
2.294508e-02
2.295008e-02
2.296404e-02
2.297971e-02
2.298836e-02
2.298996e-02
2.300474e-02
2.300733e-02
2.301328e-02
2.301790e-02
2.303029e-02
2.304328e-02
2.305470e-02
2.305596e-02
2.306977e-02
2.308202e-02
2.308902e-02
2.310276e-02
2.311052e-02
2.311894e-02
2.312523e-02
2.313257e-02
2.314297e-02
2.315083e-02
2.315498e-02
2.317388e-02
2.318648e-02
2.319283e-02
2.320503e-02
2.322684e-02
2.323359e-02
2.324432e-02
2.324658e-02
2.326610e-02
2.327236e-02
2.328483e-02
2.329108e-02
2.329592e-02
2.330838e-02
2.332050e-02
2.332990e-02
2.334075e-02
2.334948e-02
2.335927e-02
2.336442e-02
2.337655e-02
2.338975e-02
2.339605e-02
2.340538e-02
2.341583e-02
2.342145e-02
2.343640e-02
2.345187e-02
2.346649e-02
2.347885e-02
2.348141e-02
2.349426e-02
2.349958e-02
2.351564e-02
2.352867e-02
2.353605e-02
2.353653e-02
2.356112e-02
2.356494e-02
2.357008e-02
2.358447e-02
2.359275e-02
2.359370e-02
2.359962e-02
2.361943e-02
2.363189e-02
2.363972e-02
2.364875e-02
2.365617e-02
2.367817e-02
2.368578e-02
2.369270e-02
2.370008e-02
2.371170e-02
2.371680e-02
2.372983e-02
2.374536e-02
2.376645e-02
2.377756e-02
2.378018e-02
2.379352e-02
2.381064e-02
2.381436e-02
2.382878e-02
2.384067e-02
2.384527e-02
2.384959e-02
2.386263e-02
2.388584e-02
2.389336e-02
2.390674e-02
2.390803e-02
2.391598e-02
2.392572e-02
2.393884e-02
2.394962e-02
2.395682e-02
2.396074e-02
2.396718e-02
2.399211e-02
2.399614e-02
2.400986e-02
2.401152e-02
2.402079e-02
2.403097e-02
2.404191e-02
2.404940e-02
2.405743e-02
2.406519e-02
2.407769e-02
2.408655e-02
2.409492e-02
2.410195e-02
2.411317e-02
2.412608e-02
2.413673e-02
2.414476e-02
2.414651e-02
2.416727e-02
2.417879e-02
2.418438e-02
2.418737e-02
2.419783e-02
2.421118e-02
2.421720e-02
2.423014e-02
2.424823e-02
2.425132e-02
2.425532e-02
2.426595e-02
2.427388e-02
2.428206e-02
2.429550e-02
2.431432e-02
2.432404e-02
2.433594e-02
2.434465e-02
2.434670e-02
2.435743e-02
2.437198e-02
2.437843e-02
2.438364e-02
2.440221e-02
2.440866e-02
2.442457e-02
2.443154e-02
2.443691e-02
2.445146e-02
2.446084e-02
2.447695e-02
2.448551e-02
2.449362e-02
2.450801e-02
2.451402e-02
2.451807e-02
2.452841e-02
2.453576e-02
2.455182e-02
2.456139e-02
2.457885e-02
2.458809e-02
2.459459e-02
2.461539e-02
2.462241e-02
2.464335e-02
2.464650e-02
2.466049e-02
2.466455e-02
2.466648e-02
2.468361e-02
2.469016e-02
2.470006e-02
2.470782e-02
2.473784e-02
2.474399e-02
2.476217e-02
2.476712e-02
2.477738e-02
2.477836e-02
2.478371e-02
2.480075e-02
2.480429e-02
2.480729e-02
2.482017e-02
2.483529e-02
2.485023e-02
2.486242e-02
2.486543e-02
2.486963e-02
2.488183e-02
2.490493e-02
2.492245e-02
2.492956e-02
2.493259e-02
2.494077e-02
2.496633e-02
2.498954e-02
2.499150e-02
2.500732e-02
2.501962e-02
2.503185e-02
2.503781e-02
2.504935e-02
2.505779e-02
2.507323e-02
2.508012e-02
2.508630e-02
2.510642e-02
2.511610e-02
2.511985e-02
2.512480e-02
2.513337e-02
2.514585e-02
2.516951e-02
2.517713e-02
2.518510e-02
2.520383e-02
2.521217e-02
2.522466e-02
2.523174e-02
2.524319e-02
2.526018e-02
2.527214e-02
2.527785e-02
2.528876e-02
2.530512e-02
2.532271e-02
2.532802e-02
2.533315e-02
2.534208e-02
2.535135e-02
2.536658e-02
2.537174e-02
2.538509e-02
2.538769e-02
2.540360e-02
2.540747e-02
2.542590e-02
2.543346e-02
2.545290e-02
2.545512e-02
2.547065e-02
2.547372e-02
2.548761e-02
2.550479e-02
2.551124e-02
2.552227e-02
2.553142e-02
2.554475e-02
2.556793e-02
2.557391e-02
2.558458e-02
2.559549e-02
2.560573e-02
2.561793e-02
2.562882e-02
2.564187e-02
2.566090e-02
2.566527e-02
2.567088e-02
2.568255e-02
2.568486e-02
2.569883e-02
2.571159e-02
2.571656e-02
2.572386e-02
2.575604e-02
2.575868e-02
2.576155e-02
2.577721e-02
2.578464e-02
2.579358e-02
2.580265e-02
2.581139e-02
2.582210e-02
2.583144e-02
2.584046e-02
2.585174e-02
2.585270e-02
2.586807e-02
2.587791e-02
2.589600e-02
2.589928e-02
2.591035e-02
2.591280e-02
2.592368e-02
2.594301e-02
2.596201e-02
2.596736e-02
2.598005e-02
2.598450e-02
2.600145e-02
2.600749e-02
2.600996e-02
2.602687e-02
2.603651e-02
2.605693e-02
2.606007e-02
2.606698e-02
2.608020e-02
2.608185e-02
2.609377e-02
2.610815e-02
2.611679e-02
2.613350e-02
2.614143e-02
2.615174e-02
2.616976e-02
2.618752e-02
2.620373e-02
2.620887e-02
2.621620e-02
2.622913e-02
2.623610e-02
2.625092e-02
2.626635e-02
2.627856e-02
2.628177e-02
2.629621e-02
2.630087e-02
2.631418e-02
2.632862e-02
2.634219e-02
2.635044e-02
2.636848e-02
2.638051e-02
2.638859e-02
2.639408e-02
2.640431e-02
2.642480e-02
2.643058e-02
2.643320e-02
2.644047e-02
2.644555e-02
2.645845e-02
2.646894e-02
2.648138e-02
2.649740e-02
2.650450e-02
2.651823e-02
2.653240e-02
2.653970e-02
2.654696e-02
2.656728e-02
2.657712e-02
2.660354e-02
2.661391e-02
2.662003e-02
2.664691e-02
2.664999e-02
2.666655e-02
2.668549e-02
2.669451e-02
2.670663e-02
2.671154e-02
2.673037e-02
2.674015e-02
2.675740e-02
2.676879e-02
2.677831e-02
2.678969e-02
2.679680e-02
2.681193e-02
2.682508e-02
2.682828e-02
2.685344e-02
2.685696e-02
2.688018e-02
2.688214e-02
2.690352e-02
2.691672e-02
2.691707e-02
2.694053e-02
2.695145e-02
2.696087e-02
2.697148e-02
2.697563e-02
2.700133e-02
2.701538e-02
2.703218e-02
2.703579e-02
2.704577e-02
2.705299e-02
2.706142e-02
2.707799e-02
2.708400e-02
2.710341e-02
2.711029e-02
2.712409e-02
2.713481e-02
2.715169e-02
2.715626e-02
2.717456e-02
2.718880e-02
2.719549e-02
2.720958e-02
2.722401e-02
2.723657e-02
2.724255e-02
2.724573e-02
2.727236e-02
2.728520e-02
2.728616e-02
2.730048e-02
2.731261e-02
2.733025e-02
2.734374e-02
2.735184e-02
2.735583e-02
2.738270e-02
2.741692e-02
2.742254e-02
2.742559e-02
2.744543e-02
2.745625e-02
2.746723e-02
2.747749e-02
2.748031e-02
2.749352e-02
2.749975e-02
2.750628e-02
2.752655e-02
2.752985e-02
2.754139e-02
2.756973e-02
2.757563e-02
2.758246e-02
2.759826e-02
2.760676e-02
2.762051e-02
2.763475e-02
2.766163e-02
2.767555e-02
2.767723e-02
2.769237e-02
2.769664e-02
2.770516e-02
2.772154e-02
2.772302e-02
2.775690e-02
2.776263e-02
2.777651e-02
2.779101e-02
2.780023e-02
2.780521e-02
2.781453e-02
2.783407e-02
2.783571e-02
2.785603e-02
2.786817e-02
2.787972e-02
2.788379e-02
2.789245e-02
2.789712e-02
2.790560e-02
2.791296e-02
2.793880e-02
2.794328e-02
2.795939e-02
2.797154e-02
2.798651e-02
2.799448e-02
2.801492e-02
2.801736e-02
2.802525e-02
2.803744e-02
2.805058e-02
2.806453e-02
2.807493e-02
2.808362e-02
2.810696e-02
2.812278e-02
2.813205e-02
2.813680e-02
2.815717e-02
2.816089e-02
2.817208e-02
2.818769e-02
2.819008e-02
2.819799e-02
2.820831e-02
2.822730e-02
2.824270e-02
2.824468e-02
2.825705e-02
2.826498e-02
2.827215e-02
2.828685e-02
2.829162e-02
2.830469e-02
2.831921e-02
2.833664e-02
2.835390e-02
2.836945e-02
2.837885e-02
2.838362e-02
2.839531e-02
2.841019e-02
2.841859e-02
2.844014e-02
2.845211e-02
2.846466e-02
2.847530e-02
2.848222e-02
2.849482e-02
2.850882e-02
2.851039e-02
2.852267e-02
2.853935e-02
2.855222e-02
2.855908e-02
2.858290e-02
2.858801e-02
2.861106e-02
2.861797e-02
2.862572e-02
2.862946e-02
2.863887e-02
2.865027e-02
2.867711e-02
2.868229e-02
2.869944e-02
2.871278e-02
2.872292e-02
2.873539e-02
2.873931e-02
2.875704e-02
2.876550e-02
2.877738e-02
2.879146e-02
2.881900e-02
2.883185e-02
2.883440e-02
2.885971e-02
2.886523e-02
2.887597e-02
2.888511e-02
2.890090e-02
2.891466e-02
2.891984e-02
2.892624e-02
2.893377e-02
2.894422e-02
2.895021e-02
2.896842e-02
2.897768e-02
2.899471e-02
2.899695e-02
2.901541e-02
2.903005e-02
2.903792e-02
2.905655e-02
2.907125e-02
2.908164e-02
2.909514e-02
2.910943e-02
2.912447e-02
2.912798e-02
2.915771e-02
2.917416e-02
2.918261e-02
2.919301e-02
2.920117e-02
2.922931e-02
2.923267e-02
2.925097e-02
2.925435e-02
2.926910e-02
2.929321e-02
2.930367e-02
2.930818e-02
2.933211e-02
2.933621e-02
2.934071e-02
2.936145e-02
2.938672e-02
2.940047e-02
2.940425e-02
2.942927e-02
2.944396e-02
2.945857e-02
2.946998e-02
2.948141e-02
2.948267e-02
2.949801e-02
2.951202e-02
2.951549e-02
2.953165e-02
2.956069e-02
2.957838e-02
2.958167e-02
2.959928e-02
2.960627e-02
2.962636e-02
2.963047e-02
2.963511e-02
2.964568e-02
2.966700e-02
2.968173e-02
2.969570e-02
2.970037e-02
2.971814e-02
2.972001e-02
2.973734e-02
2.976299e-02
2.977298e-02
2.978510e-02
2.980958e-02
2.982281e-02
2.982814e-02
2.984863e-02
2.985455e-02
2.985649e-02
2.987850e-02
2.989164e-02
2.990015e-02
2.991365e-02
2.992548e-02
2.993947e-02
2.997256e-02
2.998221e-02
2.998570e-02
3.000510e-02
3.001736e-02
3.004621e-02
3.005025e-02
3.006143e-02
3.007262e-02
3.008245e-02
3.008651e-02
3.009973e-02
3.011901e-02
3.012520e-02
3.013504e-02
3.015077e-02
3.016671e-02
3.018168e-02
3.019373e-02
3.021945e-02
3.022568e-02
3.024482e-02
3.026450e-02
3.026889e-02
3.029998e-02
3.032119e-02
3.032863e-02
3.034927e-02
3.036193e-02
3.039207e-02
3.040521e-02
3.042001e-02
3.042632e-02
3.044073e-02
3.045268e-02
3.046758e-02
3.047513e-02
3.048627e-02
3.049200e-02
3.050963e-02
3.051154e-02
3.052223e-02
3.055518e-02
3.057177e-02
3.057835e-02
3.059507e-02
3.061329e-02
3.061648e-02
3.063772e-02
3.065699e-02
3.066712e-02
3.067875e-02
3.069172e-02
3.070321e-02
3.071770e-02
3.073644e-02
3.074603e-02
3.075118e-02
3.076248e-02
3.078405e-02
3.080446e-02
3.080895e-02
3.084518e-02
3.086291e-02
3.087612e-02
3.089232e-02
3.089326e-02
3.090051e-02
3.091024e-02
3.092469e-02
3.093168e-02
3.094171e-02
3.095090e-02
3.096506e-02
3.097786e-02
3.099752e-02
3.102822e-02
3.103604e-02
3.105792e-02
3.106973e-02
3.108268e-02
3.108898e-02
3.109386e-02
3.109735e-02
3.112143e-02
3.113937e-02
3.114695e-02
3.116429e-02
3.117614e-02
3.119286e-02
3.121041e-02
3.122013e-02
3.122587e-02
3.124243e-02
3.124931e-02
3.126817e-02
3.127567e-02
3.129741e-02
3.132117e-02
3.132458e-02
3.133435e-02
3.135537e-02
3.136314e-02
3.137551e-02
3.140352e-02
3.141578e-02
3.142206e-02
3.143281e-02
3.145283e-02
3.146062e-02
3.147450e-02
3.148980e-02
3.149527e-02
3.153098e-02
3.153654e-02
3.155140e-02
3.157126e-02
3.158458e-02
3.159910e-02
3.160813e-02
3.161651e-02
3.162863e-02
3.164843e-02
3.166202e-02
3.167380e-02
3.168751e-02
3.170827e-02
3.173011e-02
3.173536e-02
3.175607e-02
3.175858e-02
3.177717e-02
3.179024e-02
3.181648e-02
3.182532e-02
3.184024e-02
3.185609e-02
3.186865e-02
3.187315e-02
3.189815e-02
3.190604e-02
3.193368e-02
3.194049e-02
3.195193e-02
3.195716e-02
3.197857e-02
3.199200e-02
3.201171e-02
3.202791e-02
3.204811e-02
3.205922e-02
3.206709e-02
3.208442e-02
3.209974e-02
3.211740e-02
3.212414e-02
3.214953e-02
3.216136e-02
3.216698e-02
3.219452e-02
3.220166e-02
3.220450e-02
3.223332e-02
3.224786e-02
3.226603e-02
3.227564e-02
3.229137e-02
3.230724e-02
3.232231e-02
3.233440e-02
3.234170e-02
3.235280e-02
3.237436e-02
3.238268e-02
3.239701e-02
3.242124e-02
3.242232e-02
3.244915e-02
3.245917e-02
3.247263e-02
3.247805e-02
3.250302e-02
3.252358e-02
3.254269e-02
3.256273e-02
3.257039e-02
3.257893e-02
3.261303e-02
3.264316e-02
3.265144e-02
3.265715e-02
3.267019e-02
3.268204e-02
3.269257e-02
3.271874e-02
3.272568e-02
3.274555e-02
3.274814e-02
3.277876e-02
3.278700e-02
3.280077e-02
3.281121e-02
3.282486e-02
3.283064e-02
3.284078e-02
3.286061e-02
3.287354e-02
3.288684e-02
3.289203e-02
3.291373e-02
3.293493e-02
3.294765e-02
3.296889e-02
3.297766e-02
3.298988e-02
3.299915e-02
3.300952e-02
3.302925e-02
3.304248e-02
3.305889e-02
3.306534e-02
3.307686e-02
3.310178e-02
3.311474e-02
3.312191e-02
3.312892e-02
3.313806e-02
3.316037e-02
3.316627e-02
3.317397e-02
3.319718e-02
3.321498e-02
3.323101e-02
3.325241e-02
3.326091e-02
3.327855e-02
3.330055e-02
3.330297e-02
3.331658e-02
3.332765e-02
3.334388e-02
3.334645e-02
3.337481e-02
3.339387e-02
3.342008e-02
3.342558e-02
3.342764e-02
3.344577e-02
3.346454e-02
3.348439e-02
3.351236e-02
3.351510e-02
3.356255e-02
3.358358e-02
3.360346e-02
3.360780e-02
3.362656e-02
3.364109e-02
3.366724e-02
3.367577e-02
3.368487e-02
3.370790e-02
3.371836e-02
3.373627e-02
3.374592e-02
3.377269e-02
3.378422e-02
3.381378e-02
3.383257e-02
3.386150e-02
3.387120e-02
3.388475e-02
3.389790e-02
3.391198e-02
3.393572e-02
3.395554e-02
3.396925e-02
3.398333e-02
3.400883e-02
3.401504e-02
3.402887e-02
3.405173e-02
3.407611e-02
3.409375e-02
3.411488e-02
3.413285e-02
3.414496e-02
3.415956e-02
3.417246e-02
3.420322e-02
3.421179e-02
3.421789e-02
3.423576e-02
3.424204e-02
3.426019e-02
3.428687e-02
3.430778e-02
3.431822e-02
3.433668e-02
3.434907e-02
3.436436e-02
3.437731e-02
3.439376e-02
3.440342e-02
3.442300e-02
3.443654e-02
3.445539e-02
3.446348e-02
3.446873e-02
3.451373e-02
3.452672e-02
3.453899e-02
3.455903e-02
3.456827e-02
3.458817e-02
3.461175e-02
3.462728e-02
3.464556e-02
3.464832e-02
3.466570e-02
3.467763e-02
3.469916e-02
3.471886e-02
3.473496e-02
3.476580e-02
3.476836e-02
3.478600e-02
3.479313e-02
3.481990e-02
3.483496e-02
3.485731e-02
3.487810e-02
3.488620e-02
3.492246e-02
3.493560e-02
3.494668e-02
3.494985e-02
3.498678e-02
3.499817e-02
3.500769e-02
3.502510e-02
3.503875e-02
3.507069e-02
3.508887e-02
3.509953e-02
3.511654e-02
3.513015e-02
3.514372e-02
3.516104e-02
3.516697e-02
3.518355e-02
3.519412e-02
3.521221e-02
3.524488e-02
3.525858e-02
3.526236e-02
3.531226e-02
3.531838e-02
3.532079e-02
3.535042e-02
3.535158e-02
3.536385e-02
3.538924e-02
3.541406e-02
3.543308e-02
3.543900e-02
3.545841e-02
3.549012e-02
3.550622e-02
3.553160e-02
3.554127e-02
3.554517e-02
3.556771e-02
3.557561e-02
3.560563e-02
3.562455e-02
3.564505e-02
3.564643e-02
3.565319e-02
3.568923e-02
3.570785e-02
3.571389e-02
3.572177e-02
3.575052e-02
3.577924e-02
3.579921e-02
3.580434e-02
3.581732e-02
3.583631e-02
3.587774e-02
3.588109e-02
3.590535e-02
3.592026e-02
3.593077e-02
3.594240e-02
3.596460e-02
3.597489e-02
3.599991e-02
3.600623e-02
3.602753e-02
3.605050e-02
3.605993e-02
3.607649e-02
3.608512e-02
3.612273e-02
3.614478e-02
3.614665e-02
3.616271e-02
3.619034e-02
3.620245e-02
3.620638e-02
3.623467e-02
3.624822e-02
3.627040e-02
3.628370e-02
3.629646e-02
3.631217e-02
3.632788e-02
3.634128e-02
3.634610e-02
3.637007e-02
3.638522e-02
3.640857e-02
3.643209e-02
3.644897e-02
3.647468e-02
3.648913e-02
3.650109e-02
3.651577e-02
3.653318e-02
3.655892e-02
3.656836e-02
3.657716e-02
3.660830e-02
3.661509e-02
3.664023e-02
3.665917e-02
3.667032e-02
3.669711e-02
3.670773e-02
3.672886e-02
3.674705e-02
3.677265e-02
3.679062e-02
3.682369e-02
3.684428e-02
3.685710e-02
3.688735e-02
3.690352e-02
3.691865e-02
3.694517e-02
3.698625e-02
3.699114e-02
3.701968e-02
3.702299e-02
3.703025e-02
3.703361e-02
3.707646e-02
3.708296e-02
3.711291e-02
3.712907e-02
3.714252e-02
3.715470e-02
3.719904e-02
3.723580e-02
3.725056e-02
3.725459e-02
3.728570e-02
3.730354e-02
3.731617e-02
3.733309e-02
3.736470e-02
3.737667e-02
3.740167e-02
3.740775e-02
3.743663e-02
3.744740e-02
3.746156e-02
3.748798e-02
3.749742e-02
3.750721e-02
3.753935e-02
3.755564e-02
3.758900e-02
3.759953e-02
3.760677e-02
3.760937e-02
3.763252e-02
3.765186e-02
3.768107e-02
3.770130e-02
3.771544e-02
3.772230e-02
3.773202e-02
3.775004e-02
3.776018e-02
3.778453e-02
3.779906e-02
3.782332e-02
3.783452e-02
3.785088e-02
3.786330e-02
3.787739e-02
3.788789e-02
3.790643e-02
3.792031e-02
3.793638e-02
3.794961e-02
3.795433e-02
3.798265e-02
3.799633e-02
3.802725e-02
3.804889e-02
3.805605e-02
3.807449e-02
3.809490e-02
3.809925e-02
3.812458e-02
3.813890e-02
3.816894e-02
3.818219e-02
3.821270e-02
3.822418e-02
3.825822e-02
3.827334e-02
3.829480e-02
3.831705e-02
3.832804e-02
3.834798e-02
3.836637e-02
3.838830e-02
3.839926e-02
3.842301e-02
3.846109e-02
3.846930e-02
3.847345e-02
3.850175e-02
3.850733e-02
3.853842e-02
3.854653e-02
3.854798e-02
3.857198e-02
3.858811e-02
3.861249e-02
3.864101e-02
3.866239e-02
3.866740e-02
3.868999e-02
3.869890e-02
3.872267e-02
3.874282e-02
3.875275e-02
3.877358e-02
3.880619e-02
3.882717e-02
3.883454e-02
3.886459e-02
3.887339e-02
3.890562e-02
3.892141e-02
3.892381e-02
3.897553e-02
3.898541e-02
3.902102e-02
3.903454e-02
3.905315e-02
3.906086e-02
3.907474e-02
3.911251e-02
3.912629e-02
3.914393e-02
3.916001e-02
3.918613e-02
3.922526e-02
3.924222e-02
3.925372e-02
3.926280e-02
3.928028e-02
3.932589e-02
3.934006e-02
3.938281e-02
3.938731e-02
3.940195e-02
3.943570e-02
3.945179e-02
3.946010e-02
3.946113e-02
3.947811e-02
3.949483e-02
3.952453e-02
3.954233e-02
3.955139e-02
3.956463e-02
3.957602e-02
3.958729e-02
3.960924e-02
3.963467e-02
3.965342e-02
3.966309e-02
3.968438e-02
3.969958e-02
3.973228e-02
3.974044e-02
3.975914e-02
3.978872e-02
3.980407e-02
3.981441e-02
3.985975e-02
3.987455e-02
3.989839e-02
3.990845e-02
3.992843e-02
3.996056e-02
3.996759e-02
3.997738e-02
3.998602e-02
4.002649e-02
4.003816e-02
4.009333e-02
4.010296e-02
4.013040e-02
4.014610e-02
4.015206e-02
4.018274e-02
4.021550e-02
4.021788e-02
4.025196e-02
4.027185e-02
4.028979e-02
4.030332e-02
4.032103e-02
4.033111e-02
4.035439e-02
4.038985e-02
4.040103e-02
4.043479e-02
4.043886e-02
4.046795e-02
4.048141e-02
4.050583e-02
4.053556e-02
4.054736e-02
4.057042e-02
4.059677e-02
4.064366e-02
4.066612e-02
4.067220e-02
4.069827e-02
4.072346e-02
4.074558e-02
4.077597e-02
4.079915e-02
4.081551e-02
4.084270e-02
4.087099e-02
4.088617e-02
4.091111e-02
4.091967e-02
4.093824e-02
4.095417e-02
4.097365e-02
4.097583e-02
4.100037e-02
4.101841e-02
4.104751e-02
4.107706e-02
4.108619e-02
4.109963e-02
4.112978e-02
4.113689e-02
4.115821e-02
4.118124e-02
4.118759e-02
4.119512e-02
4.123293e-02
4.124383e-02
4.127394e-02
4.131525e-02
4.133235e-02
4.134454e-02
4.135193e-02
4.138475e-02
4.142266e-02
4.144665e-02
4.147487e-02
4.149662e-02
4.151214e-02
4.152730e-02
4.153036e-02
4.156180e-02
4.160159e-02
4.161655e-02
4.163263e-02
4.167196e-02
4.167981e-02
4.169963e-02
4.171754e-02
4.174362e-02
4.176434e-02
4.178643e-02
4.181028e-02
4.183363e-02
4.185022e-02
4.185707e-02
4.188187e-02
4.190808e-02
4.191380e-02
4.194663e-02
4.195072e-02
4.198721e-02
4.200213e-02
4.204164e-02
4.205208e-02
4.208053e-02
4.210311e-02
4.214807e-02
4.217767e-02
4.221997e-02
4.223483e-02
4.227487e-02
4.229173e-02
4.232292e-02
4.234309e-02
4.237662e-02
4.238895e-02
4.240163e-02
4.246127e-02
4.247142e-02
4.250051e-02
4.250578e-02
4.252301e-02
4.252767e-02
4.254569e-02
4.258287e-02
4.259318e-02
4.260069e-02
4.262250e-02
4.263264e-02
4.266088e-02
4.268298e-02
4.271934e-02
4.273291e-02
4.274920e-02
4.276975e-02
4.277822e-02
4.279594e-02
4.282763e-02
4.283726e-02
4.286432e-02
4.292444e-02
4.292951e-02
4.296844e-02
4.297858e-02
4.298669e-02
4.303529e-02
4.306012e-02
4.308044e-02
4.310403e-02
4.312496e-02
4.317771e-02
4.318990e-02
4.322642e-02
4.326109e-02
4.327835e-02
4.328306e-02
4.332115e-02
4.334469e-02
4.335834e-02
4.336665e-02
4.337159e-02
4.340195e-02
4.341842e-02
4.343776e-02
4.344716e-02
4.346775e-02
4.353907e-02
4.356463e-02
4.358195e-02
4.360081e-02
4.364272e-02
4.365406e-02
4.366947e-02
4.371101e-02
4.373479e-02
4.374125e-02
4.377044e-02
4.380314e-02
4.384465e-02
4.387195e-02
4.390094e-02
4.392076e-02
4.393992e-02
4.396530e-02
4.398524e-02
4.399879e-02
4.402690e-02
4.405632e-02
4.406156e-02
4.408117e-02
4.412051e-02
4.414063e-02
4.415410e-02
4.416903e-02
4.417748e-02
4.423654e-02
4.424026e-02
4.425545e-02
4.428741e-02
4.430643e-02
4.432184e-02
4.433907e-02
4.434911e-02
4.436665e-02
4.437967e-02
4.442173e-02
4.444694e-02
4.445042e-02
4.448177e-02
4.451060e-02
4.454564e-02
4.456646e-02
4.457651e-02
4.458419e-02
4.461476e-02
4.465047e-02
4.466949e-02
4.469047e-02
4.470587e-02
4.476559e-02
4.479322e-02
4.480499e-02
4.483032e-02
4.485840e-02
4.489232e-02
4.492210e-02
4.495771e-02
4.497954e-02
4.499754e-02
4.500620e-02
4.502798e-02
4.505937e-02
4.507855e-02
4.508984e-02
4.511094e-02
4.513335e-02
4.518796e-02
4.522110e-02
4.525251e-02
4.527039e-02
4.530225e-02
4.533413e-02
4.536381e-02
4.537980e-02
4.541047e-02
4.546373e-02
4.547886e-02
4.548720e-02
4.551209e-02
4.552792e-02
4.556119e-02
4.557225e-02
4.558525e-02
4.563017e-02
4.563810e-02
4.566827e-02
4.567389e-02
4.569978e-02
4.574071e-02
4.574621e-02
4.577824e-02
4.579574e-02
4.582116e-02
4.585768e-02
4.588581e-02
4.589419e-02
4.590519e-02
4.598093e-02
4.600071e-02
4.601330e-02
4.606112e-02
4.607887e-02
4.608613e-02
4.612211e-02
4.612320e-02
4.613363e-02
4.617470e-02
4.618949e-02
4.620155e-02
4.624314e-02
4.626166e-02
4.627025e-02
4.628918e-02
4.635286e-02
4.639380e-02
4.640740e-02
4.642244e-02
4.643381e-02
4.645972e-02
4.648504e-02
4.650044e-02
4.652617e-02
4.657191e-02
4.661038e-02
4.662360e-02
4.664454e-02
4.670006e-02
4.672654e-02
4.674693e-02
4.677688e-02
4.679122e-02
4.682387e-02
4.685235e-02
4.688420e-02
4.690239e-02
4.694325e-02
4.695280e-02
4.700710e-02
4.702812e-02
4.704664e-02
4.707435e-02
4.710401e-02
4.715361e-02
4.721584e-02
4.721923e-02
4.724120e-02
4.727078e-02
4.729655e-02
4.734064e-02
4.734348e-02
4.737301e-02
4.741729e-02
4.743068e-02
4.746360e-02
4.749125e-02
4.751928e-02
4.755201e-02
4.757650e-02
4.760318e-02
4.761015e-02
4.763515e-02
4.766803e-02
4.768459e-02
4.770729e-02
4.773572e-02
4.776056e-02
4.778346e-02
4.779127e-02
4.780374e-02
4.784980e-02
4.787078e-02
4.791136e-02
4.791798e-02
4.800209e-02
4.802277e-02
4.803312e-02
4.806515e-02
4.808606e-02
4.811251e-02
4.814588e-02
4.819574e-02
4.821504e-02
4.824927e-02
4.825181e-02
4.831016e-02
4.832126e-02
4.832898e-02
4.834088e-02
4.839127e-02
4.840912e-02
4.843655e-02
4.846301e-02
4.849411e-02
4.851616e-02
4.853438e-02
4.857533e-02
4.860034e-02
4.864254e-02
4.866157e-02
4.868750e-02
4.870561e-02
4.872613e-02
4.874086e-02
4.876682e-02
4.879343e-02
4.882353e-02
4.883163e-02
4.887351e-02
4.891429e-02
4.895955e-02
4.899234e-02
4.902968e-02
4.905716e-02
4.908201e-02
4.910407e-02
4.913635e-02
4.913801e-02
4.919368e-02
4.921195e-02
4.924954e-02
4.928268e-02
4.929759e-02
4.931648e-02
4.933730e-02
4.937019e-02
4.938853e-02
4.941148e-02
4.945349e-02
4.948637e-02
4.950763e-02
4.955754e-02
4.958520e-02
4.960240e-02
4.964185e-02
4.967077e-02
4.969140e-02
4.971522e-02
4.976007e-02
4.978907e-02
4.981725e-02
4.982669e-02
4.987468e-02
4.988333e-02
4.992088e-02
4.994863e-02
4.996441e-02
5.001794e-02
5.006382e-02
5.008431e-02
5.012884e-02
5.017271e-02
5.019153e-02
5.022848e-02
5.023784e-02
5.025056e-02
5.026756e-02
5.028094e-02
5.029381e-02
5.030423e-02
5.031996e-02
5.033094e-02
5.035532e-02
5.040142e-02
5.042745e-02
5.046140e-02
5.048203e-02
5.049192e-02
5.054822e-02
5.056662e-02
5.058446e-02
5.060540e-02
5.062873e-02
5.064164e-02
5.067408e-02
5.070651e-02
5.071520e-02
5.075448e-02
5.077756e-02
5.079265e-02
5.084283e-02
5.087543e-02
5.095521e-02
5.097031e-02
5.097835e-02
5.097938e-02
5.103985e-02
5.106315e-02
5.109707e-02
5.111052e-02
5.114673e-02
5.118510e-02
5.119399e-02
5.120286e-02
5.123677e-02
5.125351e-02
5.129176e-02
5.130947e-02
5.138074e-02
5.138333e-02
5.140950e-02
5.142673e-02
5.148682e-02
5.152976e-02
5.153433e-02
5.158511e-02
5.161679e-02
5.164598e-02
5.165732e-02
5.168582e-02
5.171155e-02
5.175177e-02
5.177174e-02
5.181381e-02
5.183306e-02
5.186541e-02
5.188143e-02
5.190180e-02
5.194236e-02
5.197034e-02
5.198644e-02
5.203824e-02
5.206445e-02
5.211110e-02
5.216619e-02
5.220259e-02
5.223935e-02
5.228787e-02
5.233113e-02
5.236996e-02
5.240844e-02
5.244046e-02
5.244694e-02
5.248216e-02
5.250520e-02
5.251291e-02
5.253385e-02
5.254001e-02
5.258139e-02
5.260908e-02
5.264029e-02
5.270784e-02
5.273743e-02
5.275351e-02
5.277285e-02
5.281919e-02
5.284607e-02
5.286321e-02
5.291990e-02
5.293451e-02
5.296601e-02
5.299253e-02
5.302099e-02
5.307746e-02
5.308817e-02
5.311699e-02
5.315267e-02
5.317537e-02
5.319671e-02
5.322017e-02
5.323899e-02
5.324799e-02
5.331439e-02
5.331858e-02
5.340414e-02
5.344278e-02
5.345457e-02
5.349199e-02
5.356344e-02
5.356560e-02
5.363498e-02
5.364487e-02
5.368192e-02
5.375118e-02
5.378782e-02
5.381502e-02
5.385033e-02
5.387325e-02
5.391404e-02
5.395513e-02
5.398234e-02
5.399181e-02
5.404726e-02
5.407473e-02
5.413912e-02
5.416585e-02
5.420422e-02
5.425251e-02
5.428773e-02
5.430239e-02
5.432025e-02
5.436568e-02
5.437832e-02
5.441852e-02
5.444331e-02
5.446199e-02
5.452017e-02
5.454370e-02
5.456417e-02
5.461561e-02
5.464922e-02
5.468143e-02
5.473101e-02
5.474438e-02
5.478472e-02
5.481262e-02
5.485871e-02
5.488306e-02
5.492556e-02
5.495100e-02
5.498882e-02
5.502775e-02
5.506295e-02
5.511031e-02
5.514568e-02
5.516061e-02
5.520699e-02
5.523083e-02
5.525229e-02
5.531364e-02
5.534230e-02
5.539788e-02
5.542096e-02
5.542769e-02
5.548175e-02
5.550711e-02
5.557214e-02
5.560769e-02
5.567710e-02
5.568425e-02
5.573507e-02
5.575199e-02
5.580547e-02
5.583647e-02
5.584891e-02
5.592143e-02
5.593032e-02
5.597558e-02
5.599793e-02
5.604178e-02
5.608454e-02
5.612842e-02
5.616451e-02
5.626540e-02
5.628632e-02
5.631833e-02
5.640200e-02
5.641551e-02
5.644192e-02
5.649895e-02
5.651300e-02
5.656181e-02
5.662288e-02
5.665981e-02
5.670276e-02
5.673496e-02
5.675765e-02
5.677886e-02
5.681269e-02
5.687761e-02
5.689680e-02
5.696344e-02
5.697197e-02
5.699028e-02
5.701417e-02
5.705461e-02
5.708945e-02
5.713199e-02
5.716480e-02
5.721059e-02
5.724569e-02
5.729000e-02
5.731737e-02
5.735186e-02
5.738206e-02
5.739504e-02
5.741038e-02
5.747969e-02
5.749100e-02
5.752190e-02
5.754788e-02
5.759947e-02
5.764859e-02
5.767421e-02
5.772959e-02
5.774545e-02
5.775986e-02
5.777337e-02
5.780316e-02
5.783954e-02
5.785521e-02
5.790975e-02
5.793669e-02
5.795417e-02
5.797989e-02
5.802098e-02
5.806734e-02
5.812122e-02
5.815468e-02
5.815893e-02
5.822840e-02
5.828931e-02
5.830737e-02
5.834865e-02
5.839529e-02
5.846146e-02
5.847938e-02
5.855047e-02
5.855942e-02
5.860965e-02
5.864168e-02
5.869639e-02
5.876966e-02
5.877685e-02
5.878412e-02
5.884054e-02
5.889924e-02
5.892524e-02
5.894106e-02
5.895411e-02
5.902515e-02
5.904811e-02
5.910383e-02
5.912899e-02
5.914415e-02
5.915628e-02
5.918814e-02
5.923613e-02
5.927779e-02
5.929296e-02
5.933666e-02
5.937905e-02
5.940165e-02
5.943361e-02
5.945020e-02
5.948034e-02
5.953106e-02
5.955330e-02
5.960952e-02
5.966196e-02
5.969810e-02
5.972184e-02
5.975161e-02
5.975613e-02
5.979846e-02
5.980191e-02
5.983089e-02
5.984919e-02
5.991002e-02
5.993500e-02
5.997139e-02
5.999862e-02
6.000390e-02
6.006328e-02
6.009082e-02
6.013071e-02
6.018294e-02
6.020584e-02
6.029700e-02
6.033487e-02
6.036873e-02
6.044934e-02
6.045619e-02
6.053480e-02
6.058910e-02
6.062739e-02
6.064693e-02
6.069161e-02
6.072193e-02
6.084506e-02
6.089744e-02
6.091067e-02
6.092382e-02
6.095707e-02
6.099661e-02
6.101895e-02
6.106277e-02
6.116594e-02
6.123586e-02
6.124487e-02
6.127886e-02
6.134247e-02
6.140347e-02
6.149395e-02
6.151179e-02
6.154787e-02
6.159344e-02
6.163104e-02
6.173215e-02
6.176054e-02
6.184480e-02
6.188567e-02
6.193726e-02
6.195783e-02
6.196172e-02
6.204556e-02
6.210737e-02
6.214928e-02
6.219106e-02
6.222233e-02
6.224649e-02
6.225727e-02
6.232599e-02
6.237442e-02
6.240715e-02
6.244934e-02
6.247768e-02
6.248671e-02
6.253395e-02
6.258957e-02
6.260895e-02
6.262973e-02
6.267324e-02
6.274439e-02
6.277010e-02
6.282604e-02
6.290664e-02
6.291751e-02
6.294208e-02
6.296300e-02
6.299421e-02
6.307849e-02
6.314060e-02
6.319684e-02
6.326786e-02
6.331140e-02
6.335928e-02
6.339506e-02
6.344199e-02
6.349076e-02
6.352230e-02
6.359188e-02
6.361919e-02
6.364117e-02
6.372688e-02
6.373352e-02
6.377173e-02
6.384468e-02
6.387494e-02
6.390708e-02
6.395521e-02
6.402570e-02
6.407480e-02
6.411325e-02
6.415196e-02
6.420789e-02
6.423329e-02
6.431004e-02
6.435965e-02
6.440511e-02
6.445699e-02
6.446309e-02
6.453993e-02
6.457419e-02
6.460564e-02
6.462598e-02
6.471047e-02
6.474109e-02
6.479615e-02
6.481775e-02
6.482807e-02
6.485384e-02
6.501724e-02
6.505837e-02
6.510113e-02
6.511048e-02
6.514619e-02
6.518140e-02
6.520252e-02
6.525677e-02
6.528777e-02
6.532489e-02
6.535258e-02
6.539009e-02
6.548157e-02
6.556540e-02
6.558496e-02
6.560627e-02
6.568179e-02
6.572939e-02
6.575241e-02
6.577751e-02
6.587388e-02
6.589788e-02
6.591194e-02
6.598642e-02
6.613238e-02
6.615324e-02
6.616978e-02
6.622732e-02
6.624884e-02
6.628904e-02
6.637665e-02
6.643858e-02
6.644689e-02
6.646730e-02
6.655288e-02
6.659260e-02
6.667727e-02
6.669113e-02
6.679454e-02
6.687237e-02
6.689655e-02
6.696289e-02
6.700964e-02
6.704335e-02
6.708218e-02
6.711346e-02
6.713896e-02
6.717803e-02
6.721549e-02
6.725778e-02
6.727691e-02
6.732375e-02
6.739238e-02
6.748360e-02
6.753676e-02
6.754191e-02
6.755220e-02
6.758179e-02
6.761619e-02
6.772639e-02
6.784872e-02
6.792390e-02
6.795368e-02
6.802254e-02
6.814042e-02
6.819070e-02
6.825211e-02
6.828052e-02
6.831100e-02
6.840859e-02
6.844074e-02
6.851786e-02
6.857022e-02
6.861025e-02
6.861938e-02
6.865946e-02
6.872243e-02
6.878147e-02
6.881082e-02
6.883522e-02
6.889751e-02
6.899480e-02
6.904348e-02
6.908915e-02
6.912447e-02
6.915731e-02
6.921494e-02
6.925669e-02
6.928844e-02
6.930755e-02
6.935565e-02
6.938890e-02
6.942103e-02
6.945596e-02
6.947207e-02
6.956043e-02
6.964050e-02
6.971497e-02
6.979732e-02
6.985025e-02
6.990937e-02
6.993589e-02
6.994805e-02
6.998688e-02
7.007226e-02
7.010782e-02
7.013474e-02
7.027374e-02
7.028903e-02
7.034359e-02
7.034828e-02
7.043870e-02
7.046916e-02
7.049873e-02
7.054504e-02
7.058236e-02
7.067455e-02
7.076935e-02
7.078690e-02
7.082576e-02
7.087409e-02
7.088259e-02
7.092284e-02
7.094473e-02
7.103846e-02
7.111176e-02
7.115501e-02
7.117713e-02
7.122919e-02
7.136225e-02
7.140058e-02
7.148710e-02
7.153400e-02
7.159685e-02
7.165383e-02
7.166978e-02
7.180676e-02
7.181605e-02
7.187143e-02
7.189689e-02
7.198623e-02
7.201778e-02
7.209116e-02
7.216826e-02
7.234514e-02
7.240574e-02
7.250904e-02
7.256735e-02
7.258535e-02
7.266113e-02
7.268687e-02
7.274968e-02
7.275653e-02
7.285608e-02
7.287301e-02
7.293972e-02
7.302568e-02
7.306587e-02
7.312274e-02
7.323804e-02
7.327164e-02
7.329816e-02
7.341261e-02
7.347672e-02
7.362809e-02
7.366026e-02
7.375529e-02
7.386708e-02
7.390595e-02
7.393800e-02
7.398897e-02
7.406760e-02
7.410302e-02
7.421580e-02
7.423105e-02
7.425141e-02
7.429413e-02
7.433012e-02
7.446132e-02
7.453394e-02
7.455073e-02
7.457862e-02
7.462130e-02
7.464492e-02
7.482138e-02
7.485121e-02
7.501769e-02
7.507419e-02
7.511301e-02
7.513688e-02
7.515470e-02
7.518483e-02
7.525909e-02
7.533494e-02
7.537296e-02
7.555014e-02
7.563224e-02
7.565271e-02
7.568762e-02
7.589168e-02
7.590020e-02
7.599139e-02
7.608733e-02
7.613779e-02
7.616607e-02
7.625885e-02
7.634202e-02
7.639702e-02
7.654491e-02
7.661692e-02
7.663456e-02
7.674678e-02
7.677379e-02
7.683626e-02
7.693078e-02
7.697816e-02
7.703225e-02
7.710417e-02
7.720612e-02
7.726198e-02
7.728971e-02
7.735565e-02
7.741206e-02
7.745805e-02
7.753759e-02
7.765576e-02
7.771967e-02
7.775809e-02
7.778775e-02
7.782757e-02
7.783146e-02
7.789801e-02
7.794262e-02
7.807858e-02
7.812672e-02
7.816950e-02
7.821226e-02
7.828432e-02
7.834717e-02
7.841553e-02
7.851650e-02
7.855131e-02
7.870576e-02
7.873638e-02
7.876258e-02
7.881254e-02
7.893141e-02
7.896496e-02
7.916468e-02
7.923753e-02
7.939609e-02
7.948325e-02
7.957757e-02
7.961563e-02
7.969586e-02
7.989390e-02
7.993808e-02
7.994168e-02
7.996959e-02
8.009899e-02
8.013032e-02
8.019781e-02
8.027530e-02
8.033900e-02
8.036263e-02
8.044819e-02
8.046230e-02
8.059789e-02
8.065673e-02
8.066902e-02
8.075115e-02
8.078084e-02
8.082351e-02
8.087871e-02
8.097673e-02
8.101554e-02
8.105567e-02
8.121696e-02
8.128829e-02
8.135869e-02
8.141926e-02
8.150044e-02
8.160654e-02
8.162964e-02
8.180656e-02
8.187971e-02
8.192092e-02
8.195463e-02
8.199750e-02
8.206255e-02
8.209075e-02
8.214872e-02
8.240461e-02
8.245726e-02
8.253081e-02
8.267907e-02
8.269758e-02
8.273925e-02
8.284292e-02
8.290966e-02
8.302054e-02
8.313879e-02
8.322799e-02
8.339718e-02
8.341214e-02
8.350843e-02
8.354392e-02
8.363487e-02
8.371234e-02
8.372164e-02
8.389658e-02
8.398938e-02
8.399582e-02
8.419854e-02
8.422033e-02
8.426128e-02
8.428330e-02
8.439883e-02
8.447148e-02
8.450201e-02
8.453488e-02
8.463778e-02
8.487703e-02
8.492546e-02
8.506695e-02
8.512291e-02
8.517275e-02
8.529694e-02
8.537715e-02
8.540650e-02
8.545777e-02
8.551208e-02
8.564523e-02
8.568829e-02
8.575736e-02
8.579725e-02
8.597740e-02
8.598624e-02
8.600990e-02
8.609286e-02
8.617657e-02
8.623349e-02
8.633098e-02
8.641637e-02
8.643654e-02
8.649408e-02
8.663205e-02
8.683053e-02
8.707569e-02
8.708215e-02
8.712002e-02
8.715134e-02
8.725868e-02
8.728602e-02
8.729877e-02
8.746483e-02
8.754176e-02
8.763412e-02
8.767725e-02
8.780660e-02
8.794796e-02
8.796931e-02
8.817455e-02
8.823718e-02
8.824899e-02
8.831560e-02
8.837459e-02
8.843384e-02
8.853154e-02
8.859482e-02
8.867456e-02
8.894767e-02
8.902945e-02
8.913071e-02
8.916389e-02
8.920301e-02
8.926068e-02
8.934089e-02
8.940059e-02
8.947830e-02
8.972107e-02
8.976570e-02
8.986929e-02
8.993380e-02
9.005407e-02
9.008247e-02
9.023652e-02
9.026379e-02
9.029551e-02
9.032139e-02
9.044238e-02
9.062236e-02
9.063853e-02
9.075597e-02
9.085659e-02
9.090799e-02
9.109903e-02
9.115091e-02
9.136708e-02
9.145180e-02
9.155468e-02
9.166086e-02
9.171801e-02
9.174672e-02
9.198101e-02
9.211493e-02
9.212622e-02
9.219960e-02
9.236185e-02
9.257117e-02
9.263220e-02
9.264114e-02
9.273849e-02
9.284382e-02
9.290459e-02
9.296656e-02
9.297225e-02
9.314151e-02
9.325827e-02
9.335451e-02
9.342833e-02
9.355940e-02
9.365415e-02
9.374661e-02
9.379373e-02
9.389326e-02
9.420188e-02
9.436616e-02
9.450397e-02
9.456829e-02
9.476812e-02
9.481776e-02
9.513184e-02
9.531891e-02
9.553484e-02
9.556271e-02
9.559944e-02
9.566313e-02
9.577180e-02
9.578310e-02
9.590062e-02
9.619145e-02
9.631283e-02
9.644627e-02
9.657235e-02
9.671374e-02
9.686853e-02
9.698436e-02
9.719325e-02
9.728543e-02
9.729803e-02
9.735647e-02
9.769388e-02
9.773672e-02
9.786894e-02
9.796990e-02
9.818783e-02
9.832989e-02
9.836755e-02
9.846809e-02
9.847448e-02
9.861349e-02
9.881096e-02
9.902431e-02
9.904406e-02
9.908748e-02
9.917442e-02
9.929917e-02
9.933353e-02
9.959126e-02
9.968682e-02
9.973694e-02
9.980958e-02
9.995734e-02
1.000840e-01
1.001178e-01
1.002639e-01
1.003351e-01
1.007307e-01
1.008374e-01
1.008892e-01
1.009942e-01
1.011916e-01
1.012521e-01
1.013073e-01
1.013760e-01
1.014350e-01
1.014418e-01
1.015945e-01
1.017267e-01
1.017726e-01
1.019972e-01
1.021006e-01
1.021304e-01
1.022478e-01
1.024421e-01
1.025899e-01
1.028507e-01
1.028781e-01
1.029783e-01
1.030516e-01
1.032757e-01
1.033897e-01
1.034867e-01
1.036500e-01
1.036518e-01
1.036893e-01
1.037412e-01
1.042236e-01
1.043265e-01
1.043696e-01
1.043936e-01
1.045011e-01
1.045574e-01
1.046087e-01
1.046997e-01
1.048152e-01
1.048623e-01
1.050512e-01
1.051610e-01
1.053529e-01
1.055943e-01
1.058979e-01
1.059440e-01
1.060456e-01
1.063734e-01
1.063920e-01
1.064469e-01
1.067267e-01
1.068014e-01
1.070153e-01
1.071266e-01
1.073135e-01
1.073666e-01
1.075291e-01
1.076108e-01
1.076749e-01
1.078478e-01
1.079259e-01
1.081725e-01
1.083142e-01
1.085531e-01
1.086855e-01
1.088048e-01
1.089420e-01
1.089916e-01
1.090423e-01
1.092844e-01
1.093355e-01
1.093861e-01
1.095579e-01
1.098571e-01
1.101337e-01
1.102310e-01
1.104200e-01
1.105856e-01
1.106837e-01
1.109219e-01
1.109764e-01
1.111816e-01
1.114172e-01
1.114775e-01
1.117908e-01
1.118296e-01
1.119213e-01
1.119412e-01
1.121629e-01
1.125563e-01
1.127104e-01
1.129190e-01
1.131321e-01
1.131455e-01
1.135103e-01
1.136045e-01
1.136870e-01
1.138713e-01
1.139040e-01
1.140093e-01
1.144780e-01
1.147249e-01
1.147785e-01
1.149363e-01
1.149739e-01
1.149787e-01
1.151394e-01
1.152804e-01
1.153389e-01
1.154099e-01
1.155899e-01
1.156738e-01
1.157865e-01
1.160083e-01
1.161837e-01
1.163533e-01
1.166564e-01
1.170065e-01
1.170821e-01
1.171716e-01
1.173624e-01
1.174120e-01
1.175586e-01
1.176994e-01
1.178676e-01
1.179266e-01
1.183942e-01
1.184256e-01
1.187420e-01
1.189395e-01
1.191057e-01
1.193263e-01
1.196398e-01
1.199155e-01
1.199843e-01
1.201181e-01
1.202453e-01
1.203997e-01
1.206704e-01
1.211506e-01
1.211824e-01
1.217449e-01
1.220638e-01
1.220934e-01
1.225014e-01
1.229853e-01
1.229952e-01
1.230451e-01
1.233360e-01
1.236936e-01
1.237470e-01
1.238874e-01
1.239239e-01
1.244722e-01
1.245680e-01
1.246859e-01
1.247605e-01
1.253397e-01
1.254464e-01
1.257753e-01
1.259939e-01
1.260408e-01
1.261584e-01
1.262276e-01
1.264171e-01
1.265322e-01
1.267489e-01
1.272440e-01
1.273412e-01
1.276640e-01
1.279763e-01
1.280378e-01
1.281989e-01
1.283745e-01
1.284961e-01
1.286917e-01
1.289491e-01
1.290466e-01
1.291035e-01
1.291557e-01
1.294211e-01
1.295309e-01
1.295857e-01
1.296390e-01
1.300210e-01
1.302482e-01
1.304429e-01
1.305619e-01
1.309575e-01
1.311935e-01
1.316096e-01
1.316311e-01
1.317166e-01
1.319192e-01
1.321211e-01
1.321506e-01
1.322090e-01
1.322121e-01
1.328144e-01
1.329973e-01
1.330348e-01
1.331138e-01
1.332657e-01
1.333487e-01
1.337623e-01
1.343907e-01
1.344157e-01
1.344743e-01
1.345191e-01
1.348701e-01
1.355575e-01
1.358232e-01
1.360395e-01
1.360565e-01
1.360918e-01
1.362434e-01
1.363271e-01
1.373558e-01
1.374458e-01
1.378541e-01
1.380219e-01
1.382901e-01
1.388710e-01
1.389241e-01
1.389871e-01
1.395157e-01
1.395744e-01
1.399408e-01
1.400220e-01
1.403174e-01
1.407607e-01
1.408576e-01
1.413740e-01
1.417739e-01
1.419721e-01
1.425718e-01
1.427422e-01
1.428519e-01
1.430568e-01
1.430752e-01
1.433252e-01
1.435559e-01
1.439673e-01
1.448749e-01
1.452019e-01
1.453096e-01
1.454022e-01
1.460085e-01
1.460909e-01
1.465893e-01
1.469227e-01
1.473376e-01
1.475397e-01
1.477355e-01
1.479421e-01
1.481349e-01
1.482411e-01
1.483975e-01
1.485603e-01
1.489263e-01
1.492425e-01
1.493186e-01
1.493468e-01
1.507503e-01
1.509285e-01
1.509372e-01
1.510837e-01
1.514229e-01
1.516578e-01
1.525226e-01
1.527536e-01
1.529356e-01
1.531603e-01
1.532157e-01
1.534349e-01
1.536010e-01
1.539500e-01
1.545779e-01
1.550098e-01
1.551241e-01
1.557418e-01
1.562820e-01
1.566754e-01
1.570039e-01
1.572377e-01
1.572551e-01
1.576550e-01
1.579677e-01
1.583996e-01
1.588431e-01
1.593893e-01
1.594358e-01
1.595135e-01
1.595235e-01
1.598241e-01
1.614724e-01
1.615173e-01
1.618997e-01
1.632442e-01
1.634867e-01
1.636441e-01
1.637542e-01
1.639833e-01
1.640939e-01
1.650962e-01
1.651868e-01
1.651903e-01
1.657942e-01
1.659722e-01
1.660304e-01
1.665793e-01
1.666234e-01
1.671115e-01
1.675230e-01
1.679773e-01
1.684003e-01
1.695752e-01
1.700119e-01
1.701637e-01
1.703551e-01
1.706979e-01
1.720030e-01
1.733341e-01
1.733734e-01
1.735652e-01
1.742399e-01
1.756352e-01
1.758429e-01
1.758601e-01
1.771138e-01
1.780284e-01
1.788322e-01
1.792741e-01
1.794466e-01
1.803003e-01
1.808117e-01
1.809404e-01
1.814356e-01
1.819595e-01
1.830098e-01
1.833690e-01
1.836687e-01
1.844773e-01
1.846115e-01
1.860903e-01
1.861363e-01
1.875340e-01
1.875724e-01
1.878391e-01
1.881175e-01
1.890591e-01
1.897061e-01
1.897956e-01
1.900782e-01
1.901423e-01
1.920098e-01
1.923128e-01
1.923262e-01
1.932738e-01
1.939523e-01
1.950821e-01
1.951362e-01
1.952543e-01
1.969609e-01
1.973073e-01
1.986806e-01
1.987417e-01
2.002639e-01
2.007150e-01
2.011333e-01
2.012532e-01
2.025669e-01
2.038948e-01
2.075345e-01
2.081053e-01
2.092556e-01
2.094118e-01
2.098035e-01
2.119381e-01
2.124026e-01
2.130652e-01
2.143308e-01
2.144161e-01
2.144255e-01
2.155451e-01
2.159794e-01
2.192832e-01
2.196000e-01
2.203075e-01
2.207260e-01
2.240366e-01
2.245696e-01
2.248495e-01
2.261695e-01
2.262469e-01
2.282786e-01
2.295980e-01
2.325845e-01
2.330064e-01
2.344798e-01
2.356379e-01
2.372163e-01
2.386979e-01
2.392691e-01
2.408596e-01
2.427691e-01
2.459016e-01
2.462501e-01
2.504491e-01
2.538002e-01
2.569931e-01
2.597913e-01
2.632752e-01
2.634161e-01
2.634875e-01
2.722456e-01
2.754288e-01
2.757729e-01
2.794161e-01
2.812957e-01
2.813903e-01
2.914335e-01
2.919722e-01
2.975072e-01
3.024642e-01
3.045298e-01
3.047445e-01
3.053161e-01
3.069549e-01
3.073481e-01
3.073619e-01
3.184493e-01
3.251403e-01
3.279731e-01
3.330516e-01
3.353678e-01
3.395171e-01
3.457781e-01
3.535193e-01
3.545955e-01
3.756402e-01
3.856185e-01
4.063636e-01
4.231219e-01
4.401894e-01
4.556425e-01
4.796436e-01
5.008296e-01
5.383498e-01
6.475161e-01
7.858204e-01
1.000000e+00
