# sorted relative singular values (kkt) field=control2d eps=0.25 N=16 n=8449
5.482657704179858197e-17
2.843984819519890497e-05
5.417860458489742682e-05
1.285229725366697137e-04
1.285229726139104178e-04
1.103085705075934012e-03
1.103326184149146412e-03
1.204225335436782040e-03
1.204225337035075153e-03
1.249369388180661400e-03
1.249369397061238880e-03
1.468177477387800278e-03
1.468177477590770731e-03
1.481307634916755088e-03
1.481307634940858637e-03
1.559605979680440653e-03
1.559606056499393328e-03
1.574875812727425176e-03
1.574875945580006542e-03
1.586297820251448111e-03
1.699417651540142092e-03
1.699417651593285779e-03
1.788003134717429084e-03
1.788003134905082146e-03
1.788152046834879825e-03
1.788152047074763459e-03
2.016623730327431283e-03
2.016623730468533691e-03
2.366678355279899781e-03
2.366686375629986541e-03
2.455896185499645539e-03
2.456249151344546897e-03
2.476195868050737672e-03
2.476195868900549213e-03
2.987974605720272129e-03
2.988074963575599804e-03
3.089679762099713321e-03
3.089767442180886732e-03
3.140766504078389837e-03
3.140766554445538223e-03
3.143030794850701966e-03
3.143030846382429203e-03
3.434072043792348473e-03
3.486890951469893193e-03
3.486890956237007413e-03
3.562040354711226361e-03
3.699033169315207262e-03
3.728184788550430520e-03
3.968194499008132967e-03
3.986184603672958231e-03
4.090135984120065772e-03
4.090140379279077684e-03
4.108758788775649512e-03
4.108763069226808833e-03
4.203374609287920637e-03
4.285923951858557762e-03
4.311011810021119633e-03
4.438564914656720033e-03
4.654449459249357900e-03
4.658309060009229591e-03
4.676974756830224768e-03
4.676976840449062998e-03
5.133083530109687140e-03
5.628337775312606400e-03
5.628351694161215675e-03
5.734434593509779576e-03
5.734434665492075568e-03
5.735033120473963762e-03
5.735033137103471429e-03
6.078658247138189058e-03
6.078663994538355091e-03
6.089821459489220580e-03
6.089826392494709917e-03
6.152901848679018237e-03
6.224223480565906595e-03
6.278667359122067082e-03
6.373156490051114752e-03
6.373165710861469595e-03
6.575569028010999628e-03
6.575569030022888548e-03
6.601016476520407683e-03
6.601017198314526081e-03
6.614001106749136868e-03
6.614001618341277047e-03
6.705376613343431470e-03
6.705377189630701978e-03
6.759747500850506879e-03
6.759748457411170891e-03
6.778311212554139625e-03
6.778312216861952753e-03
6.859550599093801326e-03
6.859572313551990340e-03
6.881076978165751382e-03
6.881077117820337888e-03
7.092316074417842967e-03
7.092361388284622488e-03
7.173831190834297454e-03
7.173831330897459044e-03
7.318011437566100674e-03
7.318011437927262296e-03
7.616110962249842027e-03
7.616110975056275892e-03
7.731688066653251076e-03
7.745158348663810748e-03
7.745158356312514467e-03
7.831797193745725777e-03
7.914980673907131767e-03
7.914980849048106407e-03
7.923204150296384377e-03
7.923209835201280166e-03
7.975599477299654544e-03
7.975599486366558022e-03
8.019987531006292011e-03
8.019987538140344041e-03
8.359084361330143889e-03
8.514427568325032628e-03
9.081329203227473876e-03
9.136829004515050617e-03
9.136829007279663808e-03
9.470566914879923262e-03
9.470566926726962237e-03
9.591000210242086460e-03
9.591031007052965712e-03
9.709283275829743570e-03
9.709283281808115881e-03
1.002061201656684504e-02
1.042135060446971150e-02
1.050473111960100944e-02
1.050475204089825094e-02
1.090077460122547068e-02
1.090077460550855498e-02
1.091564668387441650e-02
1.091564736353137048e-02
1.101450406160453879e-02
1.101450406179667850e-02
1.109513509050043430e-02
1.111437836819552556e-02
1.137270883198121529e-02
1.137270909734764031e-02
1.137659574595240551e-02
1.137659810739223565e-02
1.141223441898639446e-02
1.141223441985344741e-02
1.148235900467416484e-02
1.168289594006854080e-02
1.168290628727083023e-02
1.172241418957963889e-02
1.183594371232040213e-02
1.191367928753308755e-02
1.191367962942025890e-02
1.192388160514217497e-02
1.192388195748500350e-02
1.194765147362984205e-02
1.211033387899267642e-02
1.211033423223645440e-02
1.224807528315955893e-02
1.251284825453449767e-02
1.251284836659075257e-02
1.253317440564371069e-02
1.256954527428519319e-02
1.256954527795843546e-02
1.279079640097815530e-02
1.279080069579398987e-02
1.309040464242234268e-02
1.312143218547029075e-02
1.328635517080414830e-02
1.328635615879967050e-02
1.374395084152678706e-02
1.374401299272185253e-02
1.376364533332213695e-02
1.376364770741361938e-02
1.379732374172873768e-02
1.379732374407958810e-02
1.389254389576929580e-02
1.428804983899661929e-02
1.439115444466767743e-02
1.439492787451080412e-02
1.439495785298571494e-02
1.447307292297670897e-02
1.447311302706211916e-02
1.457726247418349511e-02
1.457793996109472447e-02
1.478729335402791285e-02
1.478752966131606159e-02
1.480893603211477436e-02
1.480893608250840980e-02
1.495258487390789710e-02
1.495258552834711346e-02
1.506541239999225137e-02
1.506541573024313373e-02
1.506644169698769312e-02
1.506645613571531810e-02
1.510935509101614393e-02
1.510935510542786228e-02
1.511082238243920649e-02
1.511082263926714561e-02
1.512363971703108156e-02
1.512932970744377409e-02
1.516922068334636796e-02
1.516968331296662809e-02
1.540791683804401506e-02
1.540791684292361352e-02
1.577868962291416668e-02
1.577869082841882112e-02
1.605445564876019707e-02
1.605445602641833447e-02
1.609589656272081282e-02
1.609623840461441371e-02
1.653765227947041894e-02
1.653837981438628646e-02
1.659090241363311499e-02
1.659090492101177386e-02
1.711446383892054057e-02
1.711446490445242205e-02
1.724907234097531120e-02
1.724907662669996136e-02
1.742885559356488478e-02
1.742885638444756011e-02
1.749425485987698980e-02
1.749425489000881045e-02
1.755059079838654570e-02
1.771208127769862209e-02
1.771221159722895580e-02
1.809748057000990645e-02
1.809748064232901202e-02
1.812520795179952890e-02
1.815265186306740455e-02
1.836664379542471068e-02
1.836664381741533875e-02
1.879940672463733045e-02
1.879940676334326821e-02
1.880408326886640752e-02
1.880408351090278110e-02
1.884583958875088450e-02
1.920633612590301117e-02
1.923914086047900582e-02
1.948231860821720077e-02
1.948231861800490961e-02
1.949444480358830320e-02
1.949461079150059326e-02
1.949461101760572093e-02
1.963420133968384051e-02
1.963420236690071111e-02
2.003749584669657288e-02
2.003749697338631092e-02
2.028878012650309204e-02
2.055910348865561468e-02
2.055910362819955012e-02
2.056318071752128926e-02
2.056318204478324932e-02
2.066493119226110384e-02
2.066519610890857339e-02
2.069069648840738893e-02
2.069071031139562214e-02
2.069542399798669774e-02
2.107093388279186394e-02
2.107175673471188213e-02
2.111695019266014370e-02
2.143128037493050725e-02
2.143128245271529175e-02
2.147834587503100537e-02
2.147834649584928757e-02
2.160692559617878941e-02
2.160693915890401356e-02
2.168124060584930915e-02
2.171509963111025593e-02
2.171510077718524431e-02
2.180355700084667808e-02
2.187954564268121752e-02
2.195579075642123748e-02
2.195581086545228197e-02
2.199991179908419164e-02
2.199991183480581175e-02
2.221400861107168320e-02
2.221400861227059223e-02
2.250492338548135129e-02
2.254193984393584524e-02
2.254194388375509173e-02
2.254815565460495386e-02
2.260732042519838017e-02
2.261377221502666734e-02
2.261380598842663986e-02
2.269755166747589384e-02
2.269755472358517615e-02
2.272676178025420657e-02
2.272676329010814289e-02
2.293289290849929996e-02
2.293701988618504842e-02
2.298497013793124669e-02
2.298900476821783001e-02
2.301222287551597107e-02
2.301222302156162927e-02
2.314097464485978528e-02
2.314097472986072559e-02
2.320537332671643305e-02
2.321472738613140560e-02
2.368271012725199284e-02
2.368271049937519662e-02
2.375231104056885548e-02
2.377798384658515868e-02
2.377805251466694886e-02
2.394698875257096626e-02
2.397808440180007605e-02
2.416918833044914491e-02
2.416918989433236228e-02
2.420156556475519527e-02
2.420156564895312862e-02
2.442213606276536983e-02
2.442213606355798580e-02
2.459807670425443946e-02
2.459810131263819727e-02
2.484279363977168198e-02
2.484445095467021497e-02
2.484935608230296605e-02
2.485093504026615607e-02
2.487415427755678213e-02
2.487415556048063955e-02
2.499742819767563837e-02
2.506101366011335638e-02
2.511878057899413763e-02
2.511878065111502675e-02
2.520681960547740269e-02
2.521668410630670959e-02
2.521668723272307150e-02
2.530214092525285077e-02
2.530230151978380207e-02
2.536327558342986108e-02
2.536331067419448845e-02
2.589168680457572952e-02
2.589170531683442772e-02
2.599940131932777787e-02
2.603109052893717162e-02
2.603111186457529244e-02
2.603258342413611315e-02
2.608698986460837935e-02
2.608701671293812280e-02
2.620820810288737243e-02
2.620831320972218104e-02
2.660080543970842412e-02
2.660080797547190179e-02
2.660095421936077911e-02
2.660207780812877745e-02
2.667033551392063162e-02
2.667033554808465740e-02
2.682114186144942194e-02
2.682114239168129771e-02
2.691488863962148217e-02
2.691488899918970806e-02
2.715764785549743682e-02
2.721809207079836646e-02
2.742464190975504867e-02
2.742464191053686079e-02
2.745833164636773266e-02
2.745833199245043335e-02
2.754570406144129721e-02
2.754570431587279045e-02
2.758388478335322899e-02
2.758388485461430242e-02
2.768995923392496977e-02
2.769008112192677951e-02
2.770646346325411624e-02
2.772847851430481486e-02
2.772847852491148665e-02
2.772925311215571759e-02
2.772925336705028485e-02
2.773281891720523473e-02
2.773302265685222839e-02
2.788668970556238205e-02
2.788669041665894910e-02
2.797586288086134979e-02
2.797586335646810168e-02
2.800822447122513006e-02
2.802620477849038574e-02
2.813429446952107546e-02
2.844777188977223523e-02
2.853954832936888078e-02
2.853954832991963467e-02
2.914994905907669284e-02
2.928969135189873549e-02
2.928988469100571659e-02
2.957632847489564953e-02
2.957632860121458748e-02
2.973060491788787410e-02
2.974434135229717807e-02
2.974434135970505100e-02
3.013773384812489659e-02
3.034264557109183497e-02
3.034265456838084948e-02
3.042200842236962924e-02
3.044197363246579566e-02
3.044223777728926467e-02
3.045086885873756269e-02
3.045087440013826557e-02
3.052748299085360564e-02
3.052748299482638261e-02
3.058915014943698954e-02
3.079973971421014547e-02
3.080001434797811563e-02
3.083069856831354913e-02
3.083230849082518876e-02
3.084967351331238672e-02
3.085019545391059700e-02
3.098676987320969980e-02
3.098677570573457260e-02
3.107796160081690781e-02
3.117933122509588054e-02
3.117934804061390716e-02
3.119540636925471552e-02
3.119541194438115936e-02
3.157928582621999380e-02
3.157928669692475210e-02
3.210907675983926818e-02
3.255223257088262628e-02
3.256490622191812040e-02
3.263543318153747097e-02
3.263543323760127041e-02
3.285941787715579432e-02
3.285971318017736481e-02
3.287845127879938240e-02
3.305148050911457108e-02
3.306246863966669225e-02
3.332674682748688888e-02
3.332675995092755639e-02
3.335484711859302426e-02
3.336919418462832437e-02
3.339432660805619069e-02
3.339432740248968190e-02
3.351294265369551134e-02
3.354319791436195103e-02
3.354437802019840514e-02
3.363445361284007895e-02
3.382540215079777451e-02
3.382779084097560507e-02
3.388603980580032204e-02
3.388603984439957084e-02
3.395709114353990393e-02
3.395709682290772718e-02
3.399648652595740894e-02
3.399650162950223348e-02
3.400409706166253321e-02
3.400410754722300172e-02
3.404701509885674909e-02
3.411902932526780091e-02
3.414746387523167476e-02
3.414746670332281797e-02
3.419639243943252416e-02
3.420341421784117708e-02
3.426628748148562859e-02
3.427476176024145393e-02
3.441807311073081382e-02
3.444041269275596728e-02
3.444042743801836726e-02
3.444869618696686647e-02
3.444933872677660019e-02
3.445343182073599270e-02
3.447178661659527910e-02
3.447178719839760069e-02
3.447528278192026757e-02
3.447528670547186924e-02
3.454427870332971162e-02
3.455762341888445749e-02
3.455762551138704536e-02
3.482371724706964655e-02
3.482371732722452234e-02
3.490289334630870127e-02
3.490307883553498552e-02
3.505627980775446323e-02
3.505628085416230555e-02
3.529915617154029406e-02
3.537838143401652452e-02
3.538378173388311704e-02
3.553437152261308685e-02
3.553458198058052908e-02
3.555413963263947402e-02
3.555414143321509318e-02
3.557371372798951575e-02
3.562701676326498340e-02
3.572114346549763036e-02
3.572384024017339482e-02
3.572852193308347080e-02
3.572853247540187099e-02
3.582254752993539043e-02
3.582859040927027783e-02
3.602314221879986122e-02
3.611854712384265920e-02
3.612767889666168575e-02
3.612772118545893446e-02
3.614670104990622829e-02
3.614873566437838692e-02
3.619121578678799467e-02
3.619121578916369153e-02
3.627966923550967476e-02
3.628505067569540166e-02
3.638049841071685359e-02
3.638058610908223578e-02
3.640724469464542978e-02
3.640736422184993187e-02
3.640743237031516394e-02
3.645501828054369814e-02
3.646499401061633477e-02
3.655491151075537098e-02
3.655491407041588231e-02
3.661009740160874049e-02
3.663191876180728335e-02
3.663558933038724846e-02
3.675996863664508091e-02
3.675999231319006938e-02
3.682695646923462435e-02
3.682697339514248019e-02
3.699852391978572519e-02
3.699853823649192075e-02
3.716304020752140419e-02
3.716310348096292515e-02
3.725602335162447182e-02
3.725602816495477559e-02
3.726400306272332347e-02
3.728870565425766725e-02
3.728874557882205093e-02
3.729418984468770015e-02
3.729419052371311938e-02
3.751059118480518789e-02
3.751059125477355927e-02
3.753797029596907253e-02
3.753828835168224187e-02
3.765552555481885971e-02
3.765679479768035270e-02
3.769368361931194761e-02
3.769373376679153315e-02
3.771486854491502838e-02
3.771499824240238247e-02
3.771652767713873367e-02
3.771652793626172756e-02
3.792739838314374001e-02
3.792777855016166849e-02
3.823585989042022765e-02
3.823590162767015466e-02
3.858221322702048983e-02
3.871057907282587918e-02
3.871057954551324759e-02
3.872271716252438656e-02
3.878246040549853529e-02
3.882544384541854882e-02
3.914648585917183260e-02
3.914660886198621792e-02
3.933329464475795317e-02
3.933940109263497908e-02
3.953417327924624303e-02
3.953612069153621122e-02
3.964225605634338900e-02
3.964248524844256327e-02
3.971945417737871020e-02
3.975946232885461257e-02
3.976023985498114421e-02
3.978563894426272174e-02
3.978731735769078237e-02
3.980452043685527713e-02
3.994668604871419448e-02
4.017947511885632678e-02
4.032377010947563178e-02
4.032864782929831970e-02
4.035998410705694123e-02
4.036018527272152573e-02
4.036953663183110580e-02
4.043958700670994416e-02
4.043958731897426273e-02
4.082935041756885486e-02
4.082935998555446699e-02
4.105049760288384531e-02
4.105049932544005409e-02
4.132982938799465572e-02
4.132983749351479275e-02
4.136400985296184024e-02
4.136401005782567447e-02
4.149719299891978935e-02
4.149914556031326918e-02
4.155350529006950761e-02
4.155351095621821755e-02
4.173971740594684121e-02
4.181227338558239637e-02
4.181227816921966045e-02
4.211497733595923748e-02
4.211497749864693413e-02
4.245680937632899388e-02
4.249902728384622602e-02
4.249902750853667976e-02
4.260534362053983864e-02
4.260534377723197708e-02
4.261158578154737586e-02
4.271348884867030848e-02
4.271348963979654939e-02
4.275157537787816625e-02
4.275355884921524380e-02
4.275356142193507958e-02
4.282073546712542728e-02
4.282074297847089650e-02
4.282666062215575997e-02
4.282673956897853351e-02
4.285004714412622012e-02
4.285163458266852410e-02
4.288948233394456605e-02
4.288948590460391758e-02
4.292144254483785254e-02
4.292180183335741334e-02
4.329095676870969855e-02
4.329096028540344032e-02
4.330350626458927960e-02
4.330350681362276494e-02
4.357954308269896410e-02
4.358854967102217259e-02
4.358980989550931967e-02
4.368031356010525917e-02
4.368031463531771297e-02
4.373897096753724678e-02
4.373897123829608574e-02
4.377041292320592997e-02
4.391752738078808643e-02
4.391753308843271419e-02
4.392338557681382122e-02
4.406312577333337116e-02
4.411158393874355793e-02
4.412040409110397354e-02
4.421794025078172596e-02
4.437747237343260542e-02
4.448442601360478449e-02
4.451186440904331826e-02
4.460303065127073363e-02
4.461893840215410550e-02
4.472222741930471923e-02
4.474214152520242238e-02
4.474215160013568504e-02
4.477893358626106046e-02
4.477894298344330115e-02
4.479721872474561745e-02
4.479722180202588833e-02
4.484446955019016218e-02
4.484467157393659531e-02
4.501448158793806831e-02
4.501448206189919560e-02
4.525232654720811459e-02
4.525232992873448601e-02
4.526019626617431429e-02
4.526020310080469677e-02
4.548310149523049351e-02
4.548310247102607673e-02
4.571745866233956068e-02
4.571760243116237271e-02
4.575931102653794241e-02
4.578210455043179444e-02
4.582940198480475735e-02
4.584558988834561838e-02
4.584560381107084803e-02
4.584725327532124944e-02
4.584725342864502673e-02
4.627468681172214326e-02
4.627468826597722767e-02
4.629227096610966791e-02
4.653729121839789151e-02
4.653729137506461971e-02
4.706257808479076543e-02
4.722026328011604684e-02
4.724179963350301492e-02
4.727268660196895511e-02
4.744546304095148548e-02
4.746607596749032043e-02
4.754453162408969064e-02
4.764673849502707587e-02
4.767934044539050981e-02
4.767934548289442381e-02
4.768900939704691366e-02
4.775350593124316062e-02
4.775350691884556326e-02
4.792469091879793253e-02
4.792471859644787530e-02
4.800310625985958202e-02
4.800314613606559977e-02
4.804986100457672715e-02
4.812102138357698261e-02
4.812105450993842820e-02
4.822713100457683838e-02
4.822713148255369786e-02
4.827911212370560728e-02
4.827985604369167127e-02
4.828987538852711620e-02
4.829221718358916310e-02
4.829221960217603554e-02
4.831851434036812942e-02
4.837090644815630891e-02
4.837091156350636911e-02
4.841233788146806494e-02
4.841234139554892457e-02
4.849697883589329517e-02
4.853385978760998976e-02
4.884543380041353466e-02
4.884546354760056081e-02
4.890096615256673412e-02
4.906741827688780588e-02
4.908211102059434339e-02
4.926618418806483213e-02
4.927402003063968694e-02
4.930350256374112228e-02
4.930398329830121273e-02
4.932237770111751185e-02
4.935954568170345530e-02
4.941680728142485574e-02
4.958937748081281016e-02
4.958956509235844939e-02
4.962064558001999526e-02
4.977232021848376764e-02
4.979653303213723431e-02
4.979678598280257162e-02
4.984119563441335304e-02
4.989857320130026974e-02
4.989858715753137802e-02
4.995760114700630028e-02
4.996371778775262479e-02
4.998683795867956553e-02
5.001921347347924873e-02
5.001924695019692446e-02
5.008865850305230238e-02
5.008865871907161593e-02
5.008907346922590598e-02
5.010516211746412346e-02
5.012158589858843605e-02
5.016270465227200964e-02
5.016274223656075337e-02
5.036953920023603398e-02
5.040973716904057628e-02
5.040992526139746049e-02
5.054655024507582334e-02
5.054661606756339493e-02
5.090737328139720991e-02
5.090742517145364215e-02
5.103513733177825890e-02
5.103551203635058042e-02
5.132666571566655428e-02
5.132672303434392125e-02
5.133033778551487902e-02
5.133034983353695208e-02
5.141999106520498547e-02
5.141999418410168887e-02
5.150019627255502525e-02
5.161704728193602237e-02
5.161706997355918619e-02
5.172140186486109958e-02
5.175962709376601828e-02
5.175964941617981069e-02
5.189148675649066927e-02
5.201092651509893472e-02
5.201097413943980147e-02
5.201657136549377169e-02
5.215277915589647262e-02
5.216469135041732624e-02
5.216472905242578589e-02
5.219622095201188056e-02
5.226729759063508673e-02
5.252822862097990958e-02
5.252825205435165262e-02
5.254198951663374001e-02
5.265428789756865235e-02
5.265430775659289686e-02
5.269191401406989744e-02
5.275485490033476887e-02
5.275486316628001660e-02
5.280602357214984888e-02
5.280606598881698588e-02
5.286363025202759497e-02
5.286646220926697476e-02
5.286680897643195043e-02
5.286961982373953456e-02
5.298634309656999331e-02
5.308273805222878117e-02
5.313586567788500942e-02
5.315307907557816069e-02
5.315615380568924214e-02
5.317148477221156355e-02
5.317225851809670445e-02
5.319802889966730036e-02
5.321369627951952341e-02
5.331720745090456209e-02
5.351306447343383982e-02
5.351309038467505497e-02
5.359762781296154716e-02
5.362732877157507655e-02
5.363290836362178543e-02
5.366469657031947699e-02
5.368476124455054399e-02
5.376357155677675970e-02
5.376384405071596428e-02
5.401714727763455570e-02
5.401714730468334252e-02
5.418593214576437195e-02
5.447864185223502687e-02
5.466552486905486286e-02
5.477809156531589924e-02
5.478696579433235681e-02
5.487826627584856815e-02
5.496424857550601811e-02
5.496427168183556228e-02
5.499254839401004208e-02
5.505030887697177910e-02
5.505035991806562362e-02
5.512471298659871177e-02
5.517240423870326677e-02
5.517515042331497255e-02
5.526656237712314346e-02
5.528791941685342465e-02
5.529056159805698784e-02
5.534603579368947701e-02
5.534623276276473547e-02
5.540721660644967739e-02
5.540983026849464338e-02
5.551259132889593828e-02
5.551615144542928343e-02
5.556330745199535709e-02
5.576229452966476041e-02
5.576238982339112166e-02
5.584448928887233987e-02
5.584457469620855014e-02
5.585681147359908283e-02
5.588593729960956991e-02
5.636809426730638589e-02
5.640535096813446142e-02
5.643175475874163960e-02
5.643874186534519194e-02
5.644304440060561590e-02
5.649435083606825503e-02
5.650226935025801089e-02
5.650506624467060285e-02
5.665473601849612545e-02
5.667150897983790764e-02
5.667259439976768398e-02
5.670889667581018034e-02
5.685039087426872056e-02
5.685097672856348483e-02
5.701992595559642746e-02
5.703985969796711297e-02
5.704378714781155324e-02
5.713167889411520373e-02
5.713167997993522790e-02
5.742969119913798187e-02
5.745311089621903122e-02
5.763616444854176291e-02
5.763617812614202363e-02
5.769441461945946925e-02
5.769441759307793877e-02
5.789732122260522751e-02
5.796090502175624964e-02
5.796091068713284805e-02
5.801060112800791174e-02
5.812012265160863139e-02
5.812031337607256876e-02
5.812408073972862715e-02
5.812479562593623333e-02
5.818656314351466213e-02
5.818686883009364236e-02
5.828656017855469301e-02
5.829737299041101023e-02
5.829745173578213674e-02
5.830721869451218481e-02
5.830725107978439181e-02
5.834059315325488410e-02
5.869062443086559000e-02
5.876934099020078572e-02
5.880446930224803720e-02
5.883100301698519080e-02
5.883914021279593870e-02
5.883925350708622132e-02
5.892279540334189464e-02
5.892593463789153746e-02
5.897309243707382631e-02
5.925117752081871664e-02
5.925286605460652195e-02
5.927607369327561604e-02
5.927608760903795015e-02
5.942211646852060825e-02
5.949525583813613377e-02
5.949631337841718159e-02
5.957048060225887676e-02
5.957052142359099689e-02
5.971346780680863997e-02
5.971435231411965916e-02
5.990700056517920397e-02
5.990793976564622036e-02
5.990802695442299514e-02
5.995172606490141443e-02
5.995182574099633399e-02
6.031344407768954308e-02
6.055815412982731849e-02
6.056345854779870974e-02
6.074879824472909778e-02
6.074887546263326582e-02
6.076526804741592264e-02
6.081225354068726940e-02
6.081230749467378405e-02
6.088827574110475954e-02
6.090216922046158554e-02
6.092832122653467353e-02
6.092856449612607528e-02
6.103139489514164406e-02
6.109789321173257626e-02
6.110721026469474043e-02
6.115063959116470022e-02
6.115072398771136120e-02
6.119373355046909407e-02
6.119398688140024328e-02
6.121877769257941942e-02
6.121878033733216262e-02
6.122752940160124807e-02
6.125232677616093691e-02
6.137573370133229261e-02
6.140317261660679926e-02
6.156010786670836760e-02
6.156052205154346341e-02
6.158164484114343057e-02
6.158186361676303705e-02
6.176553428576325028e-02
6.176562099890916396e-02
6.180915279162844250e-02
6.180920484291688166e-02
6.182254479585814338e-02
6.185146031580136816e-02
6.188083656720207160e-02
6.194252486716139011e-02
6.194257778062553510e-02
6.202255089077171601e-02
6.202274880757852049e-02
6.213683020334756502e-02
6.215002270778975657e-02
6.234234258695758868e-02
6.236378801032552155e-02
6.236385782722264626e-02
6.247928690342820224e-02
6.250442806794444250e-02
6.261918348295052172e-02
6.265926813487002200e-02
6.280748801077276622e-02
6.280762943849449442e-02
6.290775628358853677e-02
6.291015310113778902e-02
6.331633884817147728e-02
6.337959432483844524e-02
6.338224395947764100e-02
6.349364067749654894e-02
6.384846812670262606e-02
6.385281299761903784e-02
6.385319536627138970e-02
6.398905748858878251e-02
6.398906216883948339e-02
6.399796596176261787e-02
6.405173748464697281e-02
6.405205831952115458e-02
6.436829255005718786e-02
6.444278289567602347e-02
6.447668996871291913e-02
6.447717089672323765e-02
6.449230970549613140e-02
6.449234454898017388e-02
6.452275703981757982e-02
6.454262924337302032e-02
6.454288797465861094e-02
6.467435063141438456e-02
6.467459856179499922e-02
6.480857005059845188e-02
6.480862809309884121e-02
6.484970271088011384e-02
6.487016287117429447e-02
6.488114236989554751e-02
6.488235570393860452e-02
6.499348326722891034e-02
6.504698606715085540e-02
6.504698757372090467e-02
6.508245705890275401e-02
6.508290151028942039e-02
6.508306226773963310e-02
6.508314073360184360e-02
6.514889784369683190e-02
6.514897867176103197e-02
6.521143953419558659e-02
6.527663991769382112e-02
6.530581070886962158e-02
6.530611039590668299e-02
6.538235020304157541e-02
6.562854251048266807e-02
6.568436910880871837e-02
6.568913211065069424e-02
6.570750572675058965e-02
6.592642097169799931e-02
6.602916047112541986e-02
6.602916097771102666e-02
6.604142183802322319e-02
6.604142878329312405e-02
6.615463265380601421e-02
6.615859044297281444e-02
6.615877720653805250e-02
6.617332692128594096e-02
6.641662282083357627e-02
6.641798551692630614e-02
6.641886609588558421e-02
6.644296418469153309e-02
6.644753870848332800e-02
6.652571490966045775e-02
6.652637361278222750e-02
6.675464314285997625e-02
6.675516519863480824e-02
6.689169977278983104e-02
6.689172723078071203e-02
6.709391839555703396e-02
6.709430576799590984e-02
6.711146806393483710e-02
6.722297775139454701e-02
6.728627428447764292e-02
6.728630937445873039e-02
6.732342417844737470e-02
6.735438344899494223e-02
6.750158597813336880e-02
6.777014959722840737e-02
6.777086394735508390e-02
6.777826480600293579e-02
6.777828506555094723e-02
6.796511626443084431e-02
6.796533529078567504e-02
6.820079945720078363e-02
6.820109361841471263e-02
6.823372044880121612e-02
6.828152342676660491e-02
6.828152785173778605e-02
6.830506615786147151e-02
6.831652162766781167e-02
6.837206696536246575e-02
6.852247914884336544e-02
6.852261213876036094e-02
6.863852484228277762e-02
6.863893324757230907e-02
6.884501635103311423e-02
6.885149315435210027e-02
6.885153711114121167e-02
6.900866132859705127e-02
6.900871507927318349e-02
6.904267436273370251e-02
6.911963581381784516e-02
6.911973600417059549e-02
6.920228297597003086e-02
6.920232342015074367e-02
6.935474574077676868e-02
6.937596393704864584e-02
6.951399239637075234e-02
6.954366309178679206e-02
6.964705903960723143e-02
6.966785988588593270e-02
6.974365062928432335e-02
6.977825841104837168e-02
6.980299218458886623e-02
6.985878041985230102e-02
6.985904790129036923e-02
6.986853128192561935e-02
6.992533781075417620e-02
7.012124968212235521e-02
7.020204074027884544e-02
7.020769124101527980e-02
7.040602300032799965e-02
7.042398325181985219e-02
7.043254378408252137e-02
7.057564855994859221e-02
7.057873093678156129e-02
7.064606532011437345e-02
7.065334929306375800e-02
7.076705576969108402e-02
7.090040304442912777e-02
7.090441548828019247e-02
7.091834281875154800e-02
7.095467758253405643e-02
7.095479753543260104e-02
7.105586710194308764e-02
7.107748699918101098e-02
7.113880301020004959e-02
7.116792245663648708e-02
7.116846954307658180e-02
7.117238844627023220e-02
7.127700436956523056e-02
7.127761764034665215e-02
7.146341248835884341e-02
7.146481944699598077e-02
7.146491641785682192e-02
7.150918231749132936e-02
7.153038727826019350e-02
7.153040562234680433e-02
7.164797119237578671e-02
7.164833154868345544e-02
7.166632140419064434e-02
7.166639202846093737e-02
7.167314621451641166e-02
7.168708640425620893e-02
7.188138491405472730e-02
7.196770501927819697e-02
7.203801190154514311e-02
7.210613887296664359e-02
7.210739536901793201e-02
7.214454494054492462e-02
7.214714303999068823e-02
7.220272570520155919e-02
7.220348247254744500e-02
7.222295073750102656e-02
7.227977754974143632e-02
7.228187073754166470e-02
7.250157534175837026e-02
7.252706149654176981e-02
7.252718930525385577e-02
7.256566966310844247e-02
7.257961581080447921e-02
7.257962954568461522e-02
7.261267905876830908e-02
7.261451067455920727e-02
7.299329813094872221e-02
7.299374796997555592e-02
7.300690250458526098e-02
7.302365767212283532e-02
7.302607942797796625e-02
7.320165504272323209e-02
7.322329161914262197e-02
7.339345700222368873e-02
7.352169900144099601e-02
7.357005487606183003e-02
7.357209452732275945e-02
7.373560882318085097e-02
7.373669082616550463e-02
7.376241902421516727e-02
7.383814928619240880e-02
7.397026532749370609e-02
7.397917606194095996e-02
7.404020578184877799e-02
7.404506435245146456e-02
7.414291567967783159e-02
7.414552966335397066e-02
7.419658236693509046e-02
7.440229239786026738e-02
7.440251642530996967e-02
7.448809554902202645e-02
7.448827912393697626e-02
7.449885085307364485e-02
7.454234649235187693e-02
7.454311584034399585e-02
7.457504147817410611e-02
7.457962422539900216e-02
7.459761805828955816e-02
7.462007803128829775e-02
7.466486137879156659e-02
7.481623945407846199e-02
7.481697333436343467e-02
7.483930836489995075e-02
7.484440575652795413e-02
7.513620356010604351e-02
7.514456358174781414e-02
7.514475700814993164e-02
7.523984904611846769e-02
7.529270724622845468e-02
7.548236243242163745e-02
7.551671000382889631e-02
7.557776021590335847e-02
7.558195090105127023e-02
7.562389079606023079e-02
7.563164363048492655e-02
7.571595366434734353e-02
7.571808186002196295e-02
7.598039543336573831e-02
7.600399925871435813e-02
7.605291459991342373e-02
7.615813954733807734e-02
7.619676223279002458e-02
7.620053870380705252e-02
7.622012825579219109e-02
7.629722356249446502e-02
7.641634519444151508e-02
7.641677986471070994e-02
7.643102022500783410e-02
7.644903968679682416e-02
7.645423490658036225e-02
7.652263368901969509e-02
7.669778105719109174e-02
7.678903593115539439e-02
7.680711070128629081e-02
7.681244654147163786e-02
7.681249803628083239e-02
7.686868590926242140e-02
7.697615526401517527e-02
7.708102942656602785e-02
7.710966505721653097e-02
7.715727936849775537e-02
7.718173154305378592e-02
7.719107641863542923e-02
7.720281122487090975e-02
7.723449020081471494e-02
7.723604958006444199e-02
7.728941460198360258e-02
7.731924325724380542e-02
7.733701268890724734e-02
7.738428442027958654e-02
7.741715486168976312e-02
7.744685685050821389e-02
7.758193624200564187e-02
7.762049721048000506e-02
7.774209272441445773e-02
7.781749836174928214e-02
7.781813179873654784e-02
7.782241647661546080e-02
7.800609827839601051e-02
7.807044776435870248e-02
7.828824916030392711e-02
7.835131405884797340e-02
7.853813760481155593e-02
7.855920932349097496e-02
7.864266144347664689e-02
7.864336854918366204e-02
7.873289841275468715e-02
7.879960759807674853e-02
7.890075577888877589e-02
7.895583960493697540e-02
7.896651144907643194e-02
7.897471165694923412e-02
7.898329566220034514e-02
7.905261039198965833e-02
7.906774199960141247e-02
7.906915615187418145e-02
7.912313584961466750e-02
7.930165971389738222e-02
7.930216676474007020e-02
7.931804362872153791e-02
7.932054164582841294e-02
7.944361614883502232e-02
7.945885588472272054e-02
7.955252812032415077e-02
7.955307426296202855e-02
7.961087658094138930e-02
7.962318458162592760e-02
7.965553870505197309e-02
7.966135367892783481e-02
7.967056423630680673e-02
7.974320974677426288e-02
7.974466384391998286e-02
7.977346337030810641e-02
7.978279383846792472e-02
7.978841049066200120e-02
7.994648433517868857e-02
7.994913252318532060e-02
7.995137083350561946e-02
7.995162550007456348e-02
7.997372593462706569e-02
8.008073542062719985e-02
8.008095958758086608e-02
8.009370401807756890e-02
8.009398828888407429e-02
8.012686764795193262e-02
8.012687270178255050e-02
8.018309685293158184e-02
8.023160462122913561e-02
8.023243400458814067e-02
8.064546009110130920e-02
8.073631371047119976e-02
8.080541164185990610e-02
8.080542543132265831e-02
8.091872007311182169e-02
8.094365023800283165e-02
8.105424357895366083e-02
8.111808155080751925e-02
8.118411206501012500e-02
8.118737267635882382e-02
8.122940456352169269e-02
8.135836743449945119e-02
8.137580417588434478e-02
8.146554913192709246e-02
8.153024913232274906e-02
8.155747120018431995e-02
8.159688153371852382e-02
8.163518403907545073e-02
8.164056930160237813e-02
8.169165601471492510e-02
8.172363979534372214e-02
8.172596836208367854e-02
8.175820222719490382e-02
8.179366409341744248e-02
8.184906828610223617e-02
8.185104855508006094e-02
8.185998423620184650e-02
8.192179595233188560e-02
8.199055780745331812e-02
8.202626448849184571e-02
8.203689677583017592e-02
8.210640644214581285e-02
8.212866920567149509e-02
8.214699736991344647e-02
8.217129232254352655e-02
8.224290411308818327e-02
8.224293175750661822e-02
8.231515804707389972e-02
8.231526070726961908e-02
8.236185727451253435e-02
8.237026517175512208e-02
8.237615294943796684e-02
8.248276155779955821e-02
8.249690235429540941e-02
8.249920107308061912e-02
8.254962154263284502e-02
8.259391683146583008e-02
8.259470403660860993e-02
8.265077607810529525e-02
8.278939057510346922e-02
8.285383866597081925e-02
8.288804295827392754e-02
8.292144851289132146e-02
8.292184411622118001e-02
8.292366207142289058e-02
8.294762426557684976e-02
8.296191076341094539e-02
8.311259745833868284e-02
8.325240422170845922e-02
8.325253605361741804e-02
8.331994365250344758e-02
8.332429282418532535e-02
8.336390177559424575e-02
8.339688814268707284e-02
8.339707525258771570e-02
8.345898100641875594e-02
8.346673228921830390e-02
8.353113584870247577e-02
8.356346063138955782e-02
8.367874054877133538e-02
8.373480634355304209e-02
8.382793281880142333e-02
8.382912322010559192e-02
8.392841698384301274e-02
8.392878902438413724e-02
8.395214850983594157e-02
8.395664038974784416e-02
8.417114591088466213e-02
8.417187261876427073e-02
8.438577565524532642e-02
8.438591445974098770e-02
8.442832822426250827e-02
8.443536198547563210e-02
8.443979774937734883e-02
8.447790373269312147e-02
8.448973617786814660e-02
8.452459492192881951e-02
8.452473699397874962e-02
8.453794611267784198e-02
8.455021525065871402e-02
8.455036741804053402e-02
8.461927332928964596e-02
8.462473204696054074e-02
8.464783061196176628e-02
8.475873243074226460e-02
8.491242575722095232e-02
8.493533219769959508e-02
8.503362176362452840e-02
8.507271334504243332e-02
8.507634368257185886e-02
8.518743063118280889e-02
8.522478852876692879e-02
8.541313960864611865e-02
8.546215906075031732e-02
8.546935940961440659e-02
8.547383882617343165e-02
8.548018513582147926e-02
8.568353812090195865e-02
8.569003980920836261e-02
8.575524048939407729e-02
8.575604072852281712e-02
8.585225813342477197e-02
8.587739336006292024e-02
8.589902578590111193e-02
8.604025516686336639e-02
8.604214498057992377e-02
8.611098296402132368e-02
8.611115291060103538e-02
8.617112144573320365e-02
8.627375783112573027e-02
8.643499636344036119e-02
8.648003458831902968e-02
8.655092503210701227e-02
8.655586486493843656e-02
8.659963590924568688e-02
8.660160006149686396e-02
8.661338747621545597e-02
8.672921368802723185e-02
8.673150368016573075e-02
8.673282622529861208e-02
8.675514263627998046e-02
8.678704365436329393e-02
8.680139135755049473e-02
8.685568843791668936e-02
8.700209708144232557e-02
8.701033988995042490e-02
8.701377074594092431e-02
8.704808119474739814e-02
8.704810750989233625e-02
8.705664288415818075e-02
8.706102490951073136e-02
8.713059793873749459e-02
8.713210328528947501e-02
8.721890439366423997e-02
8.728171266764486735e-02
8.728836085869190464e-02
8.735235023464832382e-02
8.736229486325840232e-02
8.738743509064846038e-02
8.738816951229066987e-02
8.740523515315903880e-02
8.740528972539576835e-02
8.740530774850620299e-02
8.753411281029049862e-02
8.759464744956431403e-02
8.764610547642093241e-02
8.764761768658226038e-02
8.765897192901131452e-02
8.783955930495825071e-02
8.784772897032851191e-02
8.804881481758158879e-02
8.807665241381705534e-02
8.807789491346514066e-02
8.821549768196025598e-02
8.821804707122285483e-02
8.822020947355806164e-02
8.834835530082295330e-02
8.839722086057341666e-02
8.841750665195098613e-02
8.845256370897469633e-02
8.845270263695026447e-02
8.850841175706351815e-02
8.859871056286215685e-02
8.867379307921557929e-02
8.868834681008448684e-02
8.868989840490791587e-02
8.869211653286940278e-02
8.873313488673399696e-02
8.884923316837238516e-02
8.887390453035987070e-02
8.890401129390031187e-02
8.895479972807335267e-02
8.898789892980782379e-02
8.899029866970195601e-02
8.901439677240922943e-02
8.901441384022955317e-02
8.913442345065443473e-02
8.914931802783070125e-02
8.921837056646025887e-02
8.921947993095244445e-02
8.921949933276192291e-02
8.930073740831656615e-02
8.930082347754481065e-02
8.934469071688874720e-02
8.948109626298536567e-02
8.952464775346957726e-02
8.954036634003778583e-02
8.954247529303045738e-02
8.984384291980763992e-02
8.985240531028568234e-02
8.991127904272501470e-02
8.994999826332256143e-02
8.997952792879862494e-02
8.998671451248543840e-02
9.003541246560674283e-02
9.008197191567408890e-02
9.008234987712127051e-02
9.009781437998798381e-02
9.009785620338861545e-02
9.022392446984034420e-02
9.028027795391847798e-02
9.039258992790963343e-02
9.039275529820432753e-02
9.041586286697796127e-02
9.041602832210397789e-02
9.041692429294788391e-02
9.043472190029393232e-02
9.043687549137482962e-02
9.044933797988312374e-02
9.044982436941083337e-02
9.050224115784265277e-02
9.055056330704099044e-02
9.066545362584187140e-02
9.067504444067935043e-02
9.069334251617386378e-02
9.074627006560256892e-02
9.077822589845382928e-02
9.083506386444108183e-02
9.093405208843761967e-02
9.103058309719583296e-02
9.103709442535314056e-02
9.105050799642705472e-02
9.111379737638963805e-02
9.114336354532287521e-02
9.114675225190964347e-02
9.120035199482051658e-02
9.124926876098307660e-02
9.133784383078354108e-02
9.135250459345820029e-02
9.136031616690676316e-02
9.144827152836980388e-02
9.145865948119137612e-02
9.150874134764561130e-02
9.152945154538943973e-02
9.154427897529204827e-02
9.162525267894149061e-02
9.180280985963948370e-02
9.180286000514063793e-02
9.183265523486400239e-02
9.188366133956105131e-02
9.200555252222461511e-02
9.202011007936083953e-02
9.202639338633367139e-02
9.205482525858862952e-02
9.205796674690862325e-02
9.211263268207442456e-02
9.221064746246382393e-02
9.228439816639284754e-02
9.228453063933168832e-02
9.245546464014382793e-02
9.246421447912818448e-02
9.246491706363145491e-02
9.255106018583225680e-02
9.255282768565219198e-02
9.265211696028012589e-02
9.265372939698257593e-02
9.265942183691305845e-02
9.271530960368788710e-02
9.271611440372005963e-02
9.276977759018874281e-02
9.291730933175185170e-02
9.292759282219408001e-02
9.293367146467121365e-02
9.308080139075285142e-02
9.311531947670542708e-02
9.322051785316640138e-02
9.328357023522855507e-02
9.328695329008160342e-02
9.331164565930698263e-02
9.331174106294758130e-02
9.339438365927825447e-02
9.343732668409741871e-02
9.343758770792356949e-02
9.357640133938679994e-02
9.357718689754410124e-02
9.368818838790103631e-02
9.369639934886869748e-02
9.372010746690656591e-02
9.372356939136154697e-02
9.378936839640122924e-02
9.379407489561318589e-02
9.381644865165336689e-02
9.381659224981002410e-02
9.394728559926285305e-02
9.394753713166792419e-02
9.396792096759139234e-02
9.396992598243870953e-02
9.397066669329172395e-02
9.412843836677492471e-02
9.430977844025906220e-02
9.431232365416408747e-02
9.434201339853230672e-02
9.436353013684638247e-02
9.446671703486589355e-02
9.448292096012871066e-02
9.453451637588902723e-02
9.462437207750030999e-02
9.466018292013379798e-02
9.466626125559567118e-02
9.466934949186153747e-02
9.468868214045256249e-02
9.473724134972583144e-02
9.477896416578618366e-02
9.478042707005153444e-02
9.491058088756752775e-02
9.497644208577148139e-02
9.498346722651918039e-02
9.503540802955544320e-02
9.503884277845667250e-02
9.509651256863664581e-02
9.515573929302732770e-02
9.519332355174522919e-02
9.519336969859995556e-02
9.519967002813262136e-02
9.523277549272954334e-02
9.528796443068801580e-02
9.529136798069877401e-02
9.538941383906127114e-02
9.538954307578829950e-02
9.544347390780726081e-02
9.549860920409546095e-02
9.574145976418182991e-02
9.575315148196758552e-02
9.582090347282452847e-02
9.586630647817173667e-02
9.590158042717680797e-02
9.590968674556259177e-02
9.591199087910147469e-02
9.596110293586657125e-02
9.603596907642207581e-02
9.603658213655065501e-02
9.606448972831571620e-02
9.609647563637942203e-02
9.610448719086470137e-02
9.611167010184397397e-02
9.611251798950835867e-02
9.617241748200958118e-02
9.619706280468250104e-02
9.623885240476579006e-02
9.625412759686172159e-02
9.633483148039229116e-02
9.634365699748162482e-02
9.635424309139167809e-02
9.643075019105643020e-02
9.655680545938293002e-02
9.656359208854305154e-02
9.658235421572237966e-02
9.659952007246853933e-02
9.660072957834367480e-02
9.669026001665662062e-02
9.670466456447969483e-02
9.684982250702856010e-02
9.685265065906484283e-02
9.685845789818138540e-02
9.685863778230718868e-02
9.696986024823464612e-02
9.698639287719973412e-02
9.699312344224023108e-02
9.706598408831924873e-02
9.708858229142966478e-02
9.724830095550292264e-02
9.729871388773632390e-02
9.731435624422829500e-02
9.733364250178465349e-02
9.738136825779027117e-02
9.739046664695932831e-02
9.743126151808091662e-02
9.744698675530989729e-02
9.746905775778008651e-02
9.746950283857613861e-02
9.755896537957761683e-02
9.768248665360641791e-02
9.769175716401515275e-02
9.770597372730303876e-02
9.772296102457332656e-02
9.774696178760841625e-02
9.774741809552182914e-02
9.779367053806255206e-02
9.793125187874707205e-02
9.793284292129340873e-02
9.794401692212512112e-02
9.796454100323208347e-02
9.803855582342026198e-02
9.806164056764753167e-02
9.806750400528418954e-02
9.808370683807203505e-02
9.808379466298150495e-02
9.815855189581071394e-02
9.823304143996033910e-02
9.831017640336585373e-02
9.835898977702160761e-02
9.842127611645239138e-02
9.842384369860336657e-02
9.845835813317987961e-02
9.852582399691814374e-02
9.854259164114856362e-02
9.858073033613200253e-02
9.858134680880531464e-02
9.860095323354807484e-02
9.869836894244686520e-02
9.871995124502551400e-02
9.873358607413976196e-02
9.875631136579297864e-02
9.879941799113367562e-02
9.879959905890629834e-02
9.893750243887505791e-02
9.896382297314319787e-02
9.897462675812154775e-02
9.907815415277668181e-02
9.914374996067930323e-02
9.931531990130479381e-02
9.932090589723366336e-02
9.932457176577458302e-02
9.933521740985720716e-02
9.933933893858448716e-02
9.934615643733832324e-02
9.939733132514548541e-02
9.947775573712200337e-02
9.947846566241885791e-02
9.954035892108385741e-02
9.956066190616158496e-02
9.956165370338290743e-02
9.964144106651372235e-02
9.964213904963138690e-02
9.969700810546619496e-02
9.974004088040339111e-02
9.976424026171942794e-02
9.989451620678602151e-02
9.991718636037048851e-02
9.992654884914145552e-02
9.994667395826167811e-02
1.000063978126287945e-01
1.000573445190398036e-01
1.000659004108317429e-01
1.000747839463842076e-01
1.000817879625955087e-01
1.000918699279659679e-01
1.001288452054282935e-01
1.001366754412217619e-01
1.001369250146959683e-01
1.003087074644369164e-01
1.003176477517061377e-01
1.003230763592500990e-01
1.003468705574798309e-01
1.003725595134776216e-01
1.003853597789007152e-01
1.003883686502687334e-01
1.004841701969418633e-01
1.005352721513079750e-01
1.006238302336745355e-01
1.006248571706545719e-01
1.006660322771684712e-01
1.006804659653503659e-01
1.008543312942354470e-01
1.008577809769966999e-01
1.009360519280215751e-01
1.009602201717212239e-01
1.009612177255991006e-01
1.009842484768048443e-01
1.009901171733886549e-01
1.010801868214875887e-01
1.010832588034274171e-01
1.010834277805720272e-01
1.011082719800741742e-01
1.011491293235214223e-01
1.011503149233040910e-01
1.011692794165543058e-01
1.012039305114358217e-01
1.012728952577327535e-01
1.012729128563158026e-01
1.013393566353896630e-01
1.013757309822971159e-01
1.013896162767631975e-01
1.013896231275564913e-01
1.014537584265187697e-01
1.015053554749874021e-01
1.015085046486152304e-01
1.015344385528044041e-01
1.016340002948171173e-01
1.016343304778882517e-01
1.017245991807113475e-01
1.017886054166343562e-01
1.018239900196017955e-01
1.019175813090384547e-01
1.019316341823887084e-01
1.019907695519834678e-01
1.019908838928489520e-01
1.019922473760914161e-01
1.020856845834770543e-01
1.020969283772464181e-01
1.021026832831481157e-01
1.021559706624310948e-01
1.023061481690455410e-01
1.023068529435852553e-01
1.023890528907950848e-01
1.024552663194631952e-01
1.024703931752730529e-01
1.025189716132387796e-01
1.025747782308668171e-01
1.027781509560882073e-01
1.028066092833472556e-01
1.028151173637929516e-01
1.028803836747034517e-01
1.030094856234252537e-01
1.030350373373905976e-01
1.030977889125846009e-01
1.030979324361562949e-01
1.031329091707372525e-01
1.031461136178011967e-01
1.031808505653397656e-01
1.032307979964342953e-01
1.032326592295283313e-01
1.032945930002931029e-01
1.033645719097728288e-01
1.033965540407743994e-01
1.034124805766717531e-01
1.034236243574210429e-01
1.034506521268589857e-01
1.035592655286368957e-01
1.036242239387810404e-01
1.036282228943802702e-01
1.036623363348979088e-01
1.036862044289022650e-01
1.037438569593497617e-01
1.037620087505597977e-01
1.038044675843182024e-01
1.038489536811857405e-01
1.038617905301552624e-01
1.038770639923383976e-01
1.039867167009296128e-01
1.040028339167590465e-01
1.040640350860679159e-01
1.040718851766540970e-01
1.040801169803399900e-01
1.040871841941621856e-01
1.041097138585531656e-01
1.042287251103706514e-01
1.042294002939024994e-01
1.043845663165451076e-01
1.043890514752245646e-01
1.044628243544724333e-01
1.045115163744824577e-01
1.045331704579449683e-01
1.045369613429624617e-01
1.045557782957090842e-01
1.046198185504993855e-01
1.046403863949206259e-01
1.046442773038528395e-01
1.046618815309783707e-01
1.046807536199154676e-01
1.046815946723054502e-01
1.048707225797036457e-01
1.049183622104861435e-01
1.049199000596914982e-01
1.049290297652396564e-01
1.049388671110554477e-01
1.049857650120823854e-01
1.049886109355365194e-01
1.050272882069726021e-01
1.051813613898562039e-01
1.052047690390394002e-01
1.052351982394152952e-01
1.052393900044595459e-01
1.052970320349391059e-01
1.053864589486511738e-01
1.053935504105108500e-01
1.054077939135295156e-01
1.054332399125906400e-01
1.054599464273558163e-01
1.054606529188639591e-01
1.055576516548517724e-01
1.055584523118383994e-01
1.055693009887284234e-01
1.055694062643929010e-01
1.055907079313985059e-01
1.056659431952821915e-01
1.057845161663827915e-01
1.057883380686066715e-01
1.058078157004398306e-01
1.058251145624749812e-01
1.058253639423435977e-01
1.058313084576748414e-01
1.058950523766567092e-01
1.060043154630252449e-01
1.060052323365910931e-01
1.061541462264863483e-01
1.062373811142254820e-01
1.062381899255627621e-01
1.062681711350196151e-01
1.062999595548919096e-01
1.063180113249188319e-01
1.063501703569664503e-01
1.063642613468630399e-01
1.063649964212039639e-01
1.064342311874181546e-01
1.064346531388056377e-01
1.065405740058123496e-01
1.065499058744870248e-01
1.065910359815715885e-01
1.066182323935440240e-01
1.066400299026832449e-01
1.066408981685447732e-01
1.067343592122675655e-01
1.068292445429665505e-01
1.068292951195685819e-01
1.068405838716736389e-01
1.068891738375534195e-01
1.068922392083166278e-01
1.069473825982784204e-01
1.070264667109229045e-01
1.070397625596270774e-01
1.070610223688391316e-01
1.070618244436298550e-01
1.070622681837984091e-01
1.070635732930591000e-01
1.070863329753177773e-01
1.071415593690429879e-01
1.072261501938136241e-01
1.072846794580007146e-01
1.073930511613817862e-01
1.073931598086162870e-01
1.074050057857671991e-01
1.074236509326417233e-01
1.074577897961462025e-01
1.074937835234295314e-01
1.075399617642057437e-01
1.075907977490873774e-01
1.076196525583226482e-01
1.076252870728271471e-01
1.076289817622290423e-01
1.076449903728984442e-01
1.076462017024444606e-01
1.076630332959348790e-01
1.076878396910190133e-01
1.077032137691704833e-01
1.077711540325563544e-01
1.077779344406830375e-01
1.077823723212542051e-01
1.078089938073539811e-01
1.079011070030242714e-01
1.079438760851870321e-01
1.079446749831186186e-01
1.079912603423849315e-01
1.079920626423448021e-01
1.080788291636683024e-01
1.080873672977007011e-01
1.080946807060140930e-01
1.081910982331194676e-01
1.082876015825438992e-01
1.083406009905334838e-01
1.083620767329838558e-01
1.083797089152289117e-01
1.085468473774320458e-01
1.085506124167056330e-01
1.086245485862884913e-01
1.086499014246782718e-01
1.086805983452721891e-01
1.087209122692739394e-01
1.087219963514075988e-01
1.087537381469702025e-01
1.087839785690366962e-01
1.087855025699508704e-01
1.088832554388329127e-01
1.088834636995075350e-01
1.089657056065786722e-01
1.089683156142759457e-01
1.089945203950602182e-01
1.090423393503441307e-01
1.090425876916142067e-01
1.090994257252068389e-01
1.091199712868968635e-01
1.091640273994508581e-01
1.092166055696403293e-01
1.092214407547947436e-01
1.092334538578658559e-01
1.093283191946095440e-01
1.093464143717042675e-01
1.093464230389494946e-01
1.093515895086394490e-01
1.093749660884779651e-01
1.093983067387237634e-01
1.094102865462488888e-01
1.095625959670852578e-01
1.095757000117691116e-01
1.096522898786191774e-01
1.096549210026682292e-01
1.096559693573339045e-01
1.097105828731566035e-01
1.097200879543758917e-01
1.097732041550895654e-01
1.097734488613511111e-01
1.097844866493400129e-01
1.098531809616833665e-01
1.098550021493176904e-01
1.098637651434292706e-01
1.098703976852526826e-01
1.099963302479689403e-01
1.099979510477473582e-01
1.100209452898591872e-01
1.100287448413914265e-01
1.100295589878606123e-01
1.101039696550541319e-01
1.101452610279440025e-01
1.101616896720590127e-01
1.101706979578238876e-01
1.102441754624131215e-01
1.103328808562882984e-01
1.104074704612456881e-01
1.104082406540012051e-01
1.104191768893321018e-01
1.104192686824818082e-01
1.104910720625706666e-01
1.105742434897224319e-01
1.106236979008155263e-01
1.106366493698996006e-01
1.106597611795940572e-01
1.106615291742683443e-01
1.106727153494862226e-01
1.106786617883174645e-01
1.106864088385825229e-01
1.108651126426489636e-01
1.108661566294904394e-01
1.108712777721631709e-01
1.108874705405713812e-01
1.108877338475596497e-01
1.108895081153202650e-01
1.109077868006971973e-01
1.109106421032981515e-01
1.109853389972811355e-01
1.110185383970935108e-01
1.110389543075211427e-01
1.110390943712755013e-01
1.110650938319446696e-01
1.110660374527279587e-01
1.111276816550435947e-01
1.111495647849531920e-01
1.112013997599027443e-01
1.112243091896086000e-01
1.112450902643240119e-01
1.113080742176007359e-01
1.113080758111560514e-01
1.113134368047747624e-01
1.113177330631602013e-01
1.113189166440623629e-01
1.113418197879055271e-01
1.113592786253098516e-01
1.114090772261329132e-01
1.114111039896811539e-01
1.114284632402787190e-01
1.115455422534645663e-01
1.116029443807812077e-01
1.116776979980667051e-01
1.116777599211471600e-01
1.116786370295490272e-01
1.117329690015962662e-01
1.118111003267916875e-01
1.118128190827404472e-01
1.119098541913320921e-01
1.119388944970667876e-01
1.119395495391867640e-01
1.119422095083144331e-01
1.119487896439068653e-01
1.121028698802165602e-01
1.121143689169687568e-01
1.121508562872159248e-01
1.121977626855679977e-01
1.122079192132046099e-01
1.122237852158239901e-01
1.122648975141702504e-01
1.123856942252435404e-01
1.123907453813231677e-01
1.124074099972483254e-01
1.124086129286085145e-01
1.124089442189582927e-01
1.124168978795675317e-01
1.124185050634744359e-01
1.124221280858339750e-01
1.124583442962883845e-01
1.124774127982453575e-01
1.125363089481381668e-01
1.125381752634825178e-01
1.125460242921960813e-01
1.125499666875065530e-01
1.126584696918519618e-01
1.126961669262415838e-01
1.126992535718790711e-01
1.127808486077028494e-01
1.128727141427642300e-01
1.128940071520550398e-01
1.129108042049324495e-01
1.129124225340622512e-01
1.129603965544600519e-01
1.129804683757853340e-01
1.130352578796174207e-01
1.130706261297063919e-01
1.130754963017058384e-01
1.130762754493470634e-01
1.130858663790192675e-01
1.130860360259412639e-01
1.131245673874610447e-01
1.131554047404981084e-01
1.132438304405178897e-01
1.132636215494986637e-01
1.133528190496306542e-01
1.133555566840802192e-01
1.134197095785894061e-01
1.134239275086191545e-01
1.134245975142137430e-01
1.134256943271799850e-01
1.134449420212827742e-01
1.134488431206318593e-01
1.134679702678547814e-01
1.135311927537210747e-01
1.135458532305246987e-01
1.135594109737488866e-01
1.135644747177214503e-01
1.135892641232755379e-01
1.136287039093386159e-01
1.136669122190383657e-01
1.137003783165841664e-01
1.137036383069056494e-01
1.137352393286091279e-01
1.137450731161882000e-01
1.138286402057578500e-01
1.138316429929072809e-01
1.138881825434797657e-01
1.141600193392632162e-01
1.142702322532061221e-01
1.142910494088223566e-01
1.143415099444727162e-01
1.143488666323696917e-01
1.143537453109631369e-01
1.144306133543727400e-01
1.144407055507525722e-01
1.144421894632854930e-01
1.144573888528329086e-01
1.144672230248873629e-01
1.144745409535386643e-01
1.144822573715503500e-01
1.145092745858912742e-01
1.145099256614263844e-01
1.146636307102462254e-01
1.146648100156114208e-01
1.147055302242007968e-01
1.147055943731180999e-01
1.147150708246792300e-01
1.149218762310335873e-01
1.149405219499613634e-01
1.149838174223479503e-01
1.149903599641968893e-01
1.149933312386313689e-01
1.150266322766757832e-01
1.150631123268921058e-01
1.151415210508444087e-01
1.151440669978675557e-01
1.151751695287906857e-01
1.152299505316911332e-01
1.152345294387803337e-01
1.152594828593932891e-01
1.152824995439920008e-01
1.153293506367720767e-01
1.153722199272592952e-01
1.153909708969800274e-01
1.154115691699273000e-01
1.154254363405159134e-01
1.154383619172899972e-01
1.154400266440725742e-01
1.154401943969199512e-01
1.154529151799277426e-01
1.155117343914925793e-01
1.155368865694917369e-01
1.155915725509642084e-01
1.155917995848237401e-01
1.156088993936691123e-01
1.156341325657630897e-01
1.156589417797932451e-01
1.156873824365284159e-01
1.157721522593894298e-01
1.157725285224887185e-01
1.158203736915351667e-01
1.158546626427732762e-01
1.158562777615255446e-01
1.158576545915811218e-01
1.158577011556345404e-01
1.160240090391890938e-01
1.161247738088949377e-01
1.161390095209281215e-01
1.161458193323233329e-01
1.161562320038164176e-01
1.161648861670198096e-01
1.161845739615136597e-01
1.161846622687960628e-01
1.162031858497361847e-01
1.162224389270540142e-01
1.162565266437037559e-01
1.164379485880743109e-01
1.164570759131986766e-01
1.165110198383154938e-01
1.165154829394036973e-01
1.165221877504268866e-01
1.165235310718460565e-01
1.166669110480625937e-01
1.166707832747830853e-01
1.166720449435494772e-01
1.167971751677896186e-01
1.168057121900299006e-01
1.169614325506151270e-01
1.169616240399869722e-01
1.169979499724039945e-01
1.170043772405580385e-01
1.170080114750462474e-01
1.170080398635515995e-01
1.170855731344372097e-01
1.171627521538869676e-01
1.172820134311437779e-01
1.173221797804374911e-01
1.173833297331448450e-01
1.173987314979681590e-01
1.174394794354177290e-01
1.174399447979016520e-01
1.174483078584989820e-01
1.174988445695851896e-01
1.175256649928769770e-01
1.175841541871566892e-01
1.175841809892603090e-01
1.176697292715844501e-01
1.176762297276287977e-01
1.177107751321109785e-01
1.177863927488019130e-01
1.177901192335478464e-01
1.178826312803541720e-01
1.178841910709764462e-01
1.178872013785170342e-01
1.180004027237836484e-01
1.180016883754902574e-01
1.180416752091109078e-01
1.181104875849688374e-01
1.181125282124022013e-01
1.181294498637753959e-01
1.181457834543715446e-01
1.182057850241408220e-01
1.182132069671592983e-01
1.182177899747824806e-01
1.182787525450253174e-01
1.182811551093770758e-01
1.183562504303085766e-01
1.184664047052105679e-01
1.184891488976475560e-01
1.185178873775609015e-01
1.185205356048246589e-01
1.185205734283377998e-01
1.185648931607202056e-01
1.185733663074549499e-01
1.186486481292047396e-01
1.186673627707874740e-01
1.186865105105830431e-01
1.186977335691997842e-01
1.187863905329958475e-01
1.188823659653911180e-01
1.188843142066995373e-01
1.189416727108769112e-01
1.189627240461345048e-01
1.189785919655532848e-01
1.189786104452408982e-01
1.190475647460287889e-01
1.191022621881701327e-01
1.191578017033756570e-01
1.191592327470461926e-01
1.192411576800881390e-01
1.192573071112987687e-01
1.192645866282002337e-01
1.193499838762774046e-01
1.194021770486912298e-01
1.194032130773178546e-01
1.194190086849861721e-01
1.194274474665789065e-01
1.194653518122126973e-01
1.195855070990128333e-01
1.196443008602960378e-01
1.196450374355086527e-01
1.197032933894791734e-01
1.197568318210215088e-01
1.197575246135220428e-01
1.197623779640438341e-01
1.197707192230098722e-01
1.197862951985124574e-01
1.197895522399801960e-01
1.198046259299749144e-01
1.198872584719700429e-01
1.199202553961069700e-01
1.199290018535367208e-01
1.199496531249265169e-01
1.200655826177227242e-01
1.200834584355576218e-01
1.200838029810371854e-01
1.202108198569235564e-01
1.202112969859227137e-01
1.202550453775613620e-01
1.204191369449773008e-01
1.204371264826905041e-01
1.204650467630933725e-01
1.205212284181655935e-01
1.205283434244933394e-01
1.205578432175504339e-01
1.206002508292912112e-01
1.206151633050967925e-01
1.206291225124778294e-01
1.206911937227423542e-01
1.206923062450305506e-01
1.207097146337635929e-01
1.207333705279211161e-01
1.207491663805236592e-01
1.207869456583555851e-01
1.209086475826345874e-01
1.209101863127328286e-01
1.209106420273460963e-01
1.209848764133800436e-01
1.209876197651827412e-01
1.209944957494670376e-01
1.210359689067780908e-01
1.210580851707325767e-01
1.210809115368308847e-01
1.211260789772057728e-01
1.211645932984512786e-01
1.211849955185626826e-01
1.212925625720802092e-01
1.213045530477764589e-01
1.213045647830360979e-01
1.213588154467038216e-01
1.214357168203461790e-01
1.215234917516372914e-01
1.215336509329172504e-01
1.215997512955207110e-01
1.217142567953326954e-01
1.217365699028456621e-01
1.217677369271588234e-01
1.217734854349217244e-01
1.217812199273869550e-01
1.219310238005204688e-01
1.219358760282695520e-01
1.220008227325678346e-01
1.220008744731724409e-01
1.220443599373653709e-01
1.220822211554413866e-01
1.220871225030044221e-01
1.220871863985289740e-01
1.221569885754744678e-01
1.221715031449118749e-01
1.221856747406991489e-01
1.221859013149576845e-01
1.222175934780324325e-01
1.222193170736168705e-01
1.222787943446669995e-01
1.223911994469801673e-01
1.223919765011031863e-01
1.223930730018276403e-01
1.223936890458450916e-01
1.224130336082735054e-01
1.224282464981172880e-01
1.224467636928294190e-01
1.224780006013648226e-01
1.224851987181348051e-01
1.225261063531099537e-01
1.225349090116485268e-01
1.226480687240924516e-01
1.226962587934233712e-01
1.226962828996992078e-01
1.227546322781400412e-01
1.228202285201424049e-01
1.228237254104812826e-01
1.228607439284233188e-01
1.229580458309356972e-01
1.229627463209997523e-01
1.229630271464412922e-01
1.229675256772166519e-01
1.231094724167032389e-01
1.231390009914939965e-01
1.231597689890633340e-01
1.232174761237331967e-01
1.232239081008930370e-01
1.233320264041402742e-01
1.233440480516130311e-01
1.233446135026450008e-01
1.233906716081148297e-01
1.233984132587048338e-01
1.233987655846978115e-01
1.234225317267920174e-01
1.234556465555596977e-01
1.235458762760209689e-01
1.235768465643742042e-01
1.236626180884108778e-01
1.236828853475600426e-01
1.237151827573820528e-01
1.237162018664802327e-01
1.237263219642062428e-01
1.237630336113556412e-01
1.237692291608273321e-01
1.238132442336201261e-01
1.238217199630103765e-01
1.238242774033042615e-01
1.238248065540516335e-01
1.238676069266733681e-01
1.238804910706327034e-01
1.238825157273065330e-01
1.239439385146048067e-01
1.239743766787469864e-01
1.239964051516390109e-01
1.239969817033624994e-01
1.240864964358810024e-01
1.242214627614544181e-01
1.242221859061659467e-01
1.242236446778637177e-01
1.242531960848715505e-01
1.242722480017325049e-01
1.242748488463904927e-01
1.243294033015475974e-01
1.243312813100982267e-01
1.244482491084157039e-01
1.244514299321477779e-01
1.244927888136801580e-01
1.244982492064736074e-01
1.245160368011752478e-01
1.245904238520752910e-01
1.245966529873714923e-01
1.246216682962976580e-01
1.246326817886274224e-01
1.246628766766557928e-01
1.246975912940802289e-01
1.246995165958421914e-01
1.247000071219613870e-01
1.247073003269056207e-01
1.248544181321611241e-01
1.248660543582540555e-01
1.248772877732941405e-01
1.250144067432502615e-01
1.250165591664390008e-01
1.250202040668796921e-01
1.250239855772554143e-01
1.250330244893380627e-01
1.252100294896207611e-01
1.252125736907942488e-01
1.252164401407735994e-01
1.253186101421986387e-01
1.253221306481909492e-01
1.253221557616129300e-01
1.253237075561606517e-01
1.254770297925255906e-01
1.254963905904220023e-01
1.255211224550916715e-01
1.255287741775090726e-01
1.255312999485189429e-01
1.255340674451355387e-01
1.255345881572449140e-01
1.255396855149806534e-01
1.255698921378421151e-01
1.256185730265008127e-01
1.256198419991791937e-01
1.256666408648679512e-01
1.257042739949776333e-01
1.257050844903231102e-01
1.257467415874700956e-01
1.257917023937136503e-01
1.257955353477053506e-01
1.258024929357675625e-01
1.259901436160554278e-01
1.259936093608920171e-01
1.260283721589709194e-01
1.260421846654786737e-01
1.260782099285186753e-01
1.261436994050705585e-01
1.261693962750990439e-01
1.261695062018508284e-01
1.261811911384526919e-01
1.261812469193855646e-01
1.261967893443194932e-01
1.262084702767260758e-01
1.262734133087741739e-01
1.262755138314218539e-01
1.263164752882595387e-01
1.263173403796794270e-01
1.263285440686272021e-01
1.263337861156036690e-01
1.263779682740775179e-01
1.263801699915536869e-01
1.264911829686540257e-01
1.265249560919334271e-01
1.265899082673089537e-01
1.265904250337240022e-01
1.265922049404406280e-01
1.265949846988450034e-01
1.265978955439317766e-01
1.265991171032641860e-01
1.266631178332229268e-01
1.266917336749877332e-01
1.267639277745967463e-01
1.268059615200008150e-01
1.268316846621729832e-01
1.268432235547858056e-01
1.268499005758304543e-01
1.268545595555070904e-01
1.268568568425977872e-01
1.269131365596934402e-01
1.269164569638783213e-01
1.269209625227085692e-01
1.269315026939382696e-01
1.269984472267177422e-01
1.270015791308481690e-01
1.270209799403273498e-01
1.270377634671877864e-01
1.270622485541496038e-01
1.271316268853201481e-01
1.271384698465037599e-01
1.271439080671892263e-01
1.271627047408745159e-01
1.271734521835729548e-01
1.272001160673871534e-01
1.272188343658873788e-01
1.272286483902881626e-01
1.274405001152145722e-01
1.274907942594594445e-01
1.275219224588372280e-01
1.275244226187551011e-01
1.275358226450764298e-01
1.275454758289829849e-01
1.275803685572331758e-01
1.276089970793209405e-01
1.276116702234220690e-01
1.276615595564062899e-01
1.277134121572316150e-01
1.277165423271139633e-01
1.277382614037565756e-01
1.277528211578471684e-01
1.277606490396676342e-01
1.277711037791360027e-01
1.278017194492266362e-01
1.278028891602826234e-01
1.278104733934064541e-01
1.278340572552620624e-01
1.280040383843197571e-01
1.281475521789357253e-01
1.281651814089560804e-01
1.282264885641806185e-01
1.282958960598254428e-01
1.282975278407176289e-01
1.283508437925260370e-01
1.283602001364400336e-01
1.284059007195013369e-01
1.284087559249216526e-01
1.284137958322943696e-01
1.284145683559953233e-01
1.284206160490328208e-01
1.286199379736742976e-01
1.286202635209591216e-01
1.286704046517455902e-01
1.286706836627213024e-01
1.286963385368967150e-01
1.287142045351873376e-01
1.287332096418112859e-01
1.287630044506949401e-01
1.287634065554520146e-01
1.288204907767531993e-01
1.288938026209823506e-01
1.289244539499623532e-01
1.289393430751075986e-01
1.289685805425459519e-01
1.289961298909724496e-01
1.290803289518208663e-01
1.292297108668137573e-01
1.292314515345248382e-01
1.292648896213447196e-01
1.293045162947272786e-01
1.293065712613542251e-01
1.293460287757431382e-01
1.293539508107814928e-01
1.293729294437253874e-01
1.294241721778946197e-01
1.294568911210998985e-01
1.295225426701213101e-01
1.295309029834199044e-01
1.295536661132282996e-01
1.295543185377613093e-01
1.295660240000370278e-01
1.295871602748293050e-01
1.295876099481793053e-01
1.295932367163519783e-01
1.296788198599937991e-01
1.297589391566365269e-01
1.297967210361730128e-01
1.298014838857715902e-01
1.298732423828237170e-01
1.298937626143180368e-01
1.299051143373992634e-01
1.299104127877228898e-01
1.299264207388218517e-01
1.300556853458966211e-01
1.300585228422573292e-01
1.301046985252648502e-01
1.301131579175849040e-01
1.302675543766219635e-01
1.303112784288625314e-01
1.304010103932257414e-01
1.304018149654157244e-01
1.304028133404761536e-01
1.304065067582021453e-01
1.304419314398325425e-01
1.304423517177221992e-01
1.304907624530866062e-01
1.304974994527773324e-01
1.305011947818336404e-01
1.305027920795425733e-01
1.305220005223662327e-01
1.305613885779028649e-01
1.306517409534583840e-01
1.306801700748531359e-01
1.306807890316795118e-01
1.306949840333199719e-01
1.308049538647689802e-01
1.308501608626983226e-01
1.308658136857104026e-01
1.309510807232725504e-01
1.309831480184005248e-01
1.310037710562946822e-01
1.310133032135216424e-01
1.310161608169786995e-01
1.310941951453008236e-01
1.312332177979730896e-01
1.312991057127534111e-01
1.312993242925493964e-01
1.313600957288209581e-01
1.313601019800152703e-01
1.313975786557798064e-01
1.314156907332669766e-01
1.314859912555160493e-01
1.314864911214868870e-01
1.315307867422830512e-01
1.315322262951785781e-01
1.316275061354224840e-01
1.316306352947440861e-01
1.317522534359157338e-01
1.317849577549627393e-01
1.317893056016965214e-01
1.317928176540197338e-01
1.317945376521821033e-01
1.318612320039057040e-01
1.318631975527990996e-01
1.318759993071270953e-01
1.318760406276086317e-01
1.319109083113245429e-01
1.319552467229979098e-01
1.319640474851784817e-01
1.319887158860489351e-01
1.320131310094626031e-01
1.320172248662016823e-01
1.321793875010172647e-01
1.321809967387284068e-01
1.321867432063786874e-01
1.322076629853087271e-01
1.322165219264391511e-01
1.323015378913094398e-01
1.323016099796039957e-01
1.323369083296108695e-01
1.323369806377314717e-01
1.324212203214518435e-01
1.324248270519909065e-01
1.324318517168557585e-01
1.325266857494365458e-01
1.325270589283165101e-01
1.325645159650404026e-01
1.325646583176026683e-01
1.326757644855260931e-01
1.326763549396256792e-01
1.326838242800489898e-01
1.327243328394935862e-01
1.327537509315170339e-01
1.327538546798734953e-01
1.328594870541648931e-01
1.328595974545268288e-01
1.328805166461161646e-01
1.328896100390355994e-01
1.329307894637905552e-01
1.330020829358766477e-01
1.330085607123129843e-01
1.330156991208158723e-01
1.330267397446233402e-01
1.330512352443883606e-01
1.330971076098413641e-01
1.332596695069722115e-01
1.332864626837114153e-01
1.333482915444706152e-01
1.333490117420151888e-01
1.333491812422483158e-01
1.334011931522560701e-01
1.334020855424343510e-01
1.334161681167741753e-01
1.334168939569636836e-01
1.334170284783501581e-01
1.334470026440961465e-01
1.334470302661751595e-01
1.335049332020444568e-01
1.335061432316749508e-01
1.336099343522881289e-01
1.336841831602564867e-01
1.337141984107149684e-01
1.337712780127200685e-01
1.337955730478094518e-01
1.338502525434861201e-01
1.338505048783230345e-01
1.338560477481396394e-01
1.338563236681026281e-01
1.339070743335855074e-01
1.339100775432826296e-01
1.339344714907662326e-01
1.339344778151320414e-01
1.339401291430201701e-01
1.339401393186823719e-01
1.339523560458642792e-01
1.339851247960905101e-01
1.342469704277060305e-01
1.343395461051462847e-01
1.343422585441687578e-01
1.343600538128570665e-01
1.343601919801777900e-01
1.343695849707166323e-01
1.344234079713167718e-01
1.344299004685225452e-01
1.344302362992593758e-01
1.344525745090229540e-01
1.345781364123622703e-01
1.345797366505359360e-01
1.346289894250302099e-01
1.346307896005055071e-01
1.346505313299970197e-01
1.346535494545028355e-01
1.346606345147837447e-01
1.346771318560553710e-01
1.347385771516235176e-01
1.347574950109810821e-01
1.348384714905442316e-01
1.348726049617146316e-01
1.348760961099403632e-01
1.349343795007866276e-01
1.349377697699068457e-01
1.349781466505948213e-01
1.349845450367219424e-01
1.350044615691395888e-01
1.350156372044639397e-01
1.351471293517472194e-01
1.351719157044171948e-01
1.351725694439281644e-01
1.351728568700678035e-01
1.351841372712254408e-01
1.351857122794791755e-01
1.353947448707901180e-01
1.353964662929597051e-01
1.354052825854736575e-01
1.354078299839011068e-01
1.354828326245098302e-01
1.354982099198562828e-01
1.355494996375117833e-01
1.355526360108104955e-01
1.355928810632265613e-01
1.356550056658120118e-01
1.356707311522461212e-01
1.357991949903871454e-01
1.358674274202042176e-01
1.358692601745401518e-01
1.358793621065213786e-01
1.358896863236826458e-01
1.358984216988369798e-01
1.359385364004351282e-01
1.359758192653051645e-01
1.359854735942204462e-01
1.359922451359341922e-01
1.360048539557421610e-01
1.360433203645138311e-01
1.360446641776460741e-01
1.360681859884766420e-01
1.360681954085013745e-01
1.360761309384172224e-01
1.362364043303818106e-01
1.362468009166300231e-01
1.362657328344371588e-01
1.362882111304204169e-01
1.362960433224687795e-01
1.363010429494433406e-01
1.364300733736475146e-01
1.364427143776344165e-01
1.364453195544307051e-01
1.364482317056431027e-01
1.364810497645078946e-01
1.366378944788679828e-01
1.366726423470424612e-01
1.367368997344277637e-01
1.367744960042256153e-01
1.367778582052971426e-01
1.367823605531582054e-01
1.368371527773369345e-01
1.368375685028081212e-01
1.368439577977633159e-01
1.368552470266939936e-01
1.370300237215576478e-01
1.370674225232782206e-01
1.370740443903091799e-01
1.371291168494997159e-01
1.371461388571452167e-01
1.372997355090430083e-01
1.373272576806508216e-01
1.373285061418559050e-01
1.373287006667218701e-01
1.373291470177549212e-01
1.373300975401597901e-01
1.373323225648979962e-01
1.373937263953531884e-01
1.374427071689137969e-01
1.374434927644040128e-01
1.374622210426150459e-01
1.374749278872769986e-01
1.375640727501791782e-01
1.375898351304655765e-01
1.375899968691734199e-01
1.378095713390544708e-01
1.378540827560889581e-01
1.378545199108844599e-01
1.379006109814569503e-01
1.380184609988468480e-01
1.380296989088602433e-01
1.380373422577501064e-01
1.380663006030462547e-01
1.380931975580633464e-01
1.380992923249424464e-01
1.381106225127242404e-01
1.381354207595019146e-01
1.381362281659548330e-01
1.381363405901670782e-01
1.383188608294564081e-01
1.383249950079179225e-01
1.383907459173640275e-01
1.383907704657978965e-01
1.384342211561793989e-01
1.385670059655989828e-01
1.385684592411645932e-01
1.386119618631103390e-01
1.386151618256585838e-01
1.386277015453077077e-01
1.386621846214043108e-01
1.386631908689685833e-01
1.386739063605339772e-01
1.387056709881789029e-01
1.387346549520602768e-01
1.387647576662911220e-01
1.387648253832542700e-01
1.387797055741601393e-01
1.387823387431058320e-01
1.388987222045058034e-01
1.389726958622822528e-01
1.389728565540657435e-01
1.390316769003239750e-01
1.391001108102734030e-01
1.391104139663568440e-01
1.392150938056057052e-01
1.392190522705854527e-01
1.392735818089756994e-01
1.392795009302514597e-01
1.392974955849466401e-01
1.393031659942684797e-01
1.393407505077114972e-01
1.395130918781407880e-01
1.395492887816860983e-01
1.395496379119797181e-01
1.395962954941372403e-01
1.396066819824181848e-01
1.396141243243746721e-01
1.396637622927514866e-01
1.396677532419913770e-01
1.396682916782313877e-01
1.396946996946357988e-01
1.397899410795805097e-01
1.398008003805724653e-01
1.398022124243303022e-01
1.398022968119498610e-01
1.398405546332904259e-01
1.398519260508956363e-01
1.398590168300402614e-01
1.398639896892781009e-01
1.400823917219999881e-01
1.401031441481257467e-01
1.401601937419177935e-01
1.403027939180343242e-01
1.403049440744747467e-01
1.403360890879968847e-01
1.403369096266154359e-01
1.403789756936258959e-01
1.404186807578949869e-01
1.404239511980550081e-01
1.404243153203481032e-01
1.404278011381258906e-01
1.404751396329209090e-01
1.404790506750530632e-01
1.406420653097121554e-01
1.406672406587681223e-01
1.406703594332009144e-01
1.407178798071097858e-01
1.407219749455816682e-01
1.407434939523977968e-01
1.407546352010919655e-01
1.408241596389029626e-01
1.408695749892271976e-01
1.410154015044841613e-01
1.410747547190588091e-01
1.410782002302052029e-01
1.411307316726206629e-01
1.411366601824625144e-01
1.411582936500289376e-01
1.411645742735529174e-01
1.411787896760229033e-01
1.412006693838360749e-01
1.413486262093712198e-01
1.413494892511207024e-01
1.414411839848554453e-01
1.415809416360800377e-01
1.415832667784719390e-01
1.416455364712694565e-01
1.416470162600255989e-01
1.418557255241356951e-01
1.418591483118536722e-01
1.418802682635849355e-01
1.418931054926379776e-01
1.419278841057041995e-01
1.419287062502525565e-01
1.419816371893936890e-01
1.421105445891593655e-01
1.421117339628066578e-01
1.421505780114175888e-01
1.421700512344902800e-01
1.421829083980936936e-01
1.422697950195546679e-01
1.423360397191238413e-01
1.423564182102131093e-01
1.423973058124816671e-01
1.424635298034649666e-01
1.424674568943128106e-01
1.425248059376773291e-01
1.425366357799617845e-01
1.426055696954280083e-01
1.426074847192282946e-01
1.426457147212765175e-01
1.426483078245049663e-01
1.426970653734028482e-01
1.427277874504711830e-01
1.427325327643578223e-01
1.427725123827895959e-01
1.427863985812006520e-01
1.427969406108458850e-01
1.428014835382344638e-01
1.428080097459145104e-01
1.428618782728223457e-01
1.428704096237806975e-01
1.428870696730649426e-01
1.429071262063626724e-01
1.429174413051897685e-01
1.429954727523703173e-01
1.430762751947433353e-01
1.432776449725051970e-01
1.433003967457864292e-01
1.433004214042140623e-01
1.433380206738764095e-01
1.433518244691903698e-01
1.433805648170147773e-01
1.434743203392158384e-01
1.434771521230656932e-01
1.435052862113924688e-01
1.435075448388241082e-01
1.435718636881715971e-01
1.435722288240785793e-01
1.435995297437737406e-01
1.436061770772720791e-01
1.436106700136139114e-01
1.436794511263263241e-01
1.437071018959406032e-01
1.438169574082958369e-01
1.438175514528126364e-01
1.439383022997600681e-01
1.439397792969740186e-01
1.439795253462293201e-01
1.439803495067889516e-01
1.440641840723796419e-01
1.440932351310929282e-01
1.440948500866060245e-01
1.441059669401373866e-01
1.441735016679592807e-01
1.442297071871976033e-01
1.442426227104655345e-01
1.442772986243432698e-01
1.442778845923909647e-01
1.443028106515340248e-01
1.443299983930506070e-01
1.443872825067601950e-01
1.444163341417341873e-01
1.444169654642578904e-01
1.445388438798047570e-01
1.445457374293511454e-01
1.446042411709970443e-01
1.446073925414179673e-01
1.446116987964549405e-01
1.446128412010030118e-01
1.447037657172726699e-01
1.447125679738157367e-01
1.448865736219810962e-01
1.449054462724276016e-01
1.449606314438822430e-01
1.450162746472741793e-01
1.450168248594355391e-01
1.450633107650656228e-01
1.450653624466415881e-01
1.450967035819776818e-01
1.451680542291514664e-01
1.451817259951945771e-01
1.451820180379802261e-01
1.452091384567614496e-01
1.452718285916709262e-01
1.453204040871529934e-01
1.453233074801476288e-01
1.453234498961806231e-01
1.453313310793326041e-01
1.453313540930270542e-01
1.453313558901052072e-01
1.453986543581785307e-01
1.454173211696739021e-01
1.454339489953445919e-01
1.454792332379895581e-01
1.455472520156917970e-01
1.455485609828839899e-01
1.456098645950059944e-01
1.456114050213506983e-01
1.456281834553806720e-01
1.456466185924256140e-01
1.457332986213227544e-01
1.458519981645368946e-01
1.458595982253710344e-01
1.459206434026903698e-01
1.459265820726168561e-01
1.460537585468497379e-01
1.460902396883707599e-01
1.461128722217588938e-01
1.461637901659401662e-01
1.462888255362859158e-01
1.463262973884976448e-01
1.463296490977351594e-01
1.463504037701950644e-01
1.463537665892420403e-01
1.463550383738868865e-01
1.463633733433899742e-01
1.464435428646621018e-01
1.464490269314359105e-01
1.465051476928432850e-01
1.465104732542980848e-01
1.465553967374549627e-01
1.465629129336028513e-01
1.465886586922537371e-01
1.465918704045930665e-01
1.466108146200275075e-01
1.466294210947642063e-01
1.466333783609464203e-01
1.466937692124223591e-01
1.467330396479486765e-01
1.468024970221189773e-01
1.468033619763885189e-01
1.468085360452351384e-01
1.470147432593795489e-01
1.470171706127351985e-01
1.471939214105503768e-01
1.472207564526282209e-01
1.472215271134918735e-01
1.472691604046301173e-01
1.474249628133098566e-01
1.474310002205705405e-01
1.474498821129554549e-01
1.474506347562219155e-01
1.474901857459776366e-01
1.475096334661698261e-01
1.475106501250596780e-01
1.475899097276394123e-01
1.475956420949250669e-01
1.476917168038285877e-01
1.477336374861883683e-01
1.478101209455182363e-01
1.478267048278791851e-01
1.478680253534861155e-01
1.478701505541453465e-01
1.479096841753132774e-01
1.479562470419641396e-01
1.480830178972045164e-01
1.480890798559269250e-01
1.480897660386755466e-01
1.481366486244575231e-01
1.481367902619038224e-01
1.482047886744682630e-01
1.482232696722602383e-01
1.484497118319874909e-01
1.484522943192877753e-01
1.486085384584858171e-01
1.486136972551717061e-01
1.487164154880950551e-01
1.487171337500787227e-01
1.487862714560600208e-01
1.487872003857733383e-01
1.487931391948977278e-01
1.487937192178356016e-01
1.488404724108724764e-01
1.489290944924969162e-01
1.489525588079444463e-01
1.489542730587136987e-01
1.489574227627378789e-01
1.489665076405278510e-01
1.490052077141681419e-01
1.490892418603052827e-01
1.490902930779243185e-01
1.492065996886537960e-01
1.492108940237368009e-01
1.492271284937521925e-01
1.492553409233343120e-01
1.493696475740425300e-01
1.493737748976557977e-01
1.493992938038217755e-01
1.494321812376557812e-01
1.494543528005182198e-01
1.495026555050357753e-01
1.495573911271974588e-01
1.496239207375343050e-01
1.496710087022628533e-01
1.497342014789354026e-01
1.497732035645184534e-01
1.497831227517892605e-01
1.498130375786242141e-01
1.498160134866896587e-01
1.498659677034586135e-01
1.498659678788954730e-01
1.498702370879352874e-01
1.498827250329372307e-01
1.499322674097113284e-01
1.499814933977099141e-01
1.500092327539851722e-01
1.500619696379769663e-01
1.500664459252293303e-01
1.500721930117470404e-01
1.500861331043127356e-01
1.501720627099959460e-01
1.501721038718348555e-01
1.502101983712832434e-01
1.502193055192725113e-01
1.502909102320450496e-01
1.502928538555181326e-01
1.503748231769324872e-01
1.504175278045334907e-01
1.504297830565481664e-01
1.504500800104815184e-01
1.505383135564272723e-01
1.505388975562634013e-01
1.505813494198242342e-01
1.505903872989051151e-01
1.506064136017003230e-01
1.506823567946422582e-01
1.506839145636220956e-01
1.507054614829804184e-01
1.507793508748468680e-01
1.508228879278140921e-01
1.508359681726083590e-01
1.508381793761966183e-01
1.508834589601798504e-01
1.509350423183205558e-01
1.509999433034877603e-01
1.510958664147080410e-01
1.510972875825050687e-01
1.511334309786606656e-01
1.511786603458868949e-01
1.512438713427752268e-01
1.513153754164095199e-01
1.514017953515431336e-01
1.514019554208748120e-01
1.514156108032896908e-01
1.514343491848475498e-01
1.514477216503881951e-01
1.514629605982898697e-01
1.514650875606444735e-01
1.515450319482930241e-01
1.515985757435105441e-01
1.516050491829158964e-01
1.516374885711999632e-01
1.517037723196657528e-01
1.517371056556967301e-01
1.517383008590664495e-01
1.517530334738068643e-01
1.518662472650734452e-01
1.518748473135480559e-01
1.519220809769334379e-01
1.520701575075523171e-01
1.520710268324586001e-01
1.520761935643395457e-01
1.521253399168679410e-01
1.521292936572051224e-01
1.521786283004958329e-01
1.522271658739673961e-01
1.522412747139387512e-01
1.522507718861741688e-01
1.522752595887114646e-01
1.523187368547715415e-01
1.523373926871186002e-01
1.523380692169985506e-01
1.524168974000677523e-01
1.524174357720815831e-01
1.524533716120060334e-01
1.525981944621277453e-01
1.526102980078749560e-01
1.526456046390084753e-01
1.526605594741340111e-01
1.526712442016612548e-01
1.526797160499649142e-01
1.526798933933828373e-01
1.528265079411011973e-01
1.528390012067940285e-01
1.528418566078701413e-01
1.528815213801373585e-01
1.528857624797793913e-01
1.528909382449101240e-01
1.529260917303287004e-01
1.529272471766847385e-01
1.529274103484810909e-01
1.529352962271733340e-01
1.530839145766506870e-01
1.531438012668429605e-01
1.531952978823749867e-01
1.533019273170888874e-01
1.533336356610341678e-01
1.533404641143239766e-01
1.534117900484247010e-01
1.534260599249937795e-01
1.534421590278939040e-01
1.534559794760468610e-01
1.534638784386101185e-01
1.534877491628275359e-01
1.535177105398364550e-01
1.535180224539015037e-01
1.535200148001569231e-01
1.536318508038249375e-01
1.536326124429293061e-01
1.536718013419652584e-01
1.538070801213080041e-01
1.538126278135339975e-01
1.539696934670187756e-01
1.539713989369814739e-01
1.539987424031893926e-01
1.540000604337602719e-01
1.540858744996888852e-01
1.541349585746416007e-01
1.542013993536843208e-01
1.542118629451115219e-01
1.542375204670987376e-01
1.542570750442388838e-01
1.544524968070913329e-01
1.544557209033928791e-01
1.544682378656889177e-01
1.546202325712540127e-01
1.546247515434525099e-01
1.546717808957377704e-01
1.546741484760418561e-01
1.547713673616024910e-01
1.548012624405206705e-01
1.548019304878114899e-01
1.550091890231996283e-01
1.550317872748212533e-01
1.550357147683888159e-01
1.550703916779982150e-01
1.550732404711571422e-01
1.551011587496448352e-01
1.551215453603940753e-01
1.551454456929718395e-01
1.551463574547777557e-01
1.551489940426541980e-01
1.551575354252548444e-01
1.551577911161239054e-01
1.552522099619307316e-01
1.552528179475901327e-01
1.553900239778982229e-01
1.554538322598840727e-01
1.554849370340868064e-01
1.554883662807006461e-01
1.555074364488131800e-01
1.555109023881536268e-01
1.555415998501045172e-01
1.556967334062477337e-01
1.557437531775622275e-01
1.558313633244504670e-01
1.558806991477222070e-01
1.559116975059123555e-01
1.560184407478535928e-01
1.560192037309612589e-01
1.560192649230140727e-01
1.560597745686159721e-01
1.561613565443450702e-01
1.561768227550101307e-01
1.562004170128566127e-01
1.562024388600047331e-01
1.562026255756479853e-01
1.562418743953516709e-01
1.563086439241191949e-01
1.563233568480267566e-01
1.563490698313903804e-01
1.563741245144283365e-01
1.563749839823700694e-01
1.564749464121124867e-01
1.564755002880265367e-01
1.564825568171439585e-01
1.564898230590764383e-01
1.564914939907069424e-01
1.565386432672152550e-01
1.565391579730669169e-01
1.565723515522124409e-01
1.565736091493780680e-01
1.566879647268116238e-01
1.567012196484421915e-01
1.567651137276606932e-01
1.567679351185243264e-01
1.568073687785908055e-01
1.568082400688179112e-01
1.568613248364757184e-01
1.570808829848302224e-01
1.570889117865005846e-01
1.571305812587815987e-01
1.571556644162482863e-01
1.571663738795653353e-01
1.571665214516126396e-01
1.571781851010448650e-01
1.573317205180322642e-01
1.573317233901179446e-01
1.573321134915413588e-01
1.573321623435479932e-01
1.573517514191314914e-01
1.573607293921997219e-01
1.573963222092242542e-01
1.574049783183962270e-01
1.574875628228664115e-01
1.574986192755225001e-01
1.575215539645647422e-01
1.575728641051839796e-01
1.577149867256611437e-01
1.577216009906046712e-01
1.577314384913976186e-01
1.577378671072301175e-01
1.577393751540677735e-01
1.578136950327841681e-01
1.579056459913295574e-01
1.579059900937043182e-01
1.579512297266374432e-01
1.579845747490973007e-01
1.581897290842128601e-01
1.582231676198823933e-01
1.582546289979206156e-01
1.582870413647043950e-01
1.582887047294186111e-01
1.583470576672434127e-01
1.583484392592987566e-01
1.583625365833297161e-01
1.584377552906459652e-01
1.584956810821253059e-01
1.585223965582409633e-01
1.585298195571862023e-01
1.585315082688633637e-01
1.586371555809763245e-01
1.586517531591540020e-01
1.586646945947532417e-01
1.587324411440879102e-01
1.587330386181668995e-01
1.587873334175984585e-01
1.588001791828809739e-01
1.588457349614132152e-01
1.588864507134454263e-01
1.589407955618056534e-01
1.589516706007626234e-01
1.590961483488509132e-01
1.590982288864714878e-01
1.591424062915750282e-01
1.591461047807745111e-01
1.591708522117360469e-01
1.592184255057638442e-01
1.592936647873796074e-01
1.593168804492244295e-01
1.593324250010326182e-01
1.593451180035776460e-01
1.594061383171650192e-01
1.596309574474193971e-01
1.596343621692898340e-01
1.596408458480032544e-01
1.596974597267578344e-01
1.597238851337904331e-01
1.599217450300648158e-01
1.599558792546053321e-01
1.599853137260602576e-01
1.600087638466256290e-01
1.600099482385991256e-01
1.600261989029365117e-01
1.601801525650674296e-01
1.602783902408422556e-01
1.603000363336493650e-01
1.603082703830800426e-01
1.603660515436591272e-01
1.603665936672532266e-01
1.603670285128557249e-01
1.603686611290992825e-01
1.603822110000643897e-01
1.604583859185920447e-01
1.605517853296202779e-01
1.606461723025330857e-01
1.606639778658810469e-01
1.606931296471968140e-01
1.607043096749144750e-01
1.607789903907530793e-01
1.608846698425076549e-01
1.609071341987390324e-01
1.610176282309961349e-01
1.610574080619141535e-01
1.611278316666542032e-01
1.611659892847368547e-01
1.611690533780713863e-01
1.611726861291904456e-01
1.612013837676748995e-01
1.612249314819754753e-01
1.612883905569167109e-01
1.612910567433047948e-01
1.613224121474804984e-01
1.614082901814753168e-01
1.614084768429641104e-01
1.614449750089801128e-01
1.614453307091658629e-01
1.614803422430176605e-01
1.615356593405676000e-01
1.615718894761054292e-01
1.617179164651585399e-01
1.617179931916011837e-01
1.617911122194476137e-01
1.617933518433492257e-01
1.617976041078723060e-01
1.620370254451567182e-01
1.620811183017131785e-01
1.621175741175326646e-01
1.622234631937969074e-01
1.622244811968620581e-01
1.623874206629791483e-01
1.625340017271918458e-01
1.625346784890906171e-01
1.627285391503474343e-01
1.627355089689000167e-01
1.627661028138983057e-01
1.627661558305717182e-01
1.628032632045335049e-01
1.629575369799809437e-01
1.629590806984014262e-01
1.629857004574118973e-01
1.629873978422111680e-01
1.630831338648263684e-01
1.630836299463813976e-01
1.631201871380051072e-01
1.631208561586261485e-01
1.631485385613573591e-01
1.631602834607592811e-01
1.631608840496346080e-01
1.631669702523600163e-01
1.631684222983846855e-01
1.633215793770366742e-01
1.633216439305858192e-01
1.634724215319868779e-01
1.634881852347611353e-01
1.635000047054790961e-01
1.635248571727097033e-01
1.635675700443250391e-01
1.636873783065189158e-01
1.637200154073311376e-01
1.637200162115217683e-01
1.637208154716531250e-01
1.637209502034988329e-01
1.637486088642727544e-01
1.637659252866882909e-01
1.637818899684567731e-01
1.637853254160956118e-01
1.639353556113249399e-01
1.639382516645203069e-01
1.639808628438519378e-01
1.641004030217612375e-01
1.641862189828610930e-01
1.642265113451269187e-01
1.642635546536729552e-01
1.642671846273963399e-01
1.642779993241282877e-01
1.644200777234819111e-01
1.644771779561155778e-01
1.644845284288592446e-01
1.645314320784230233e-01
1.645417219956636923e-01
1.645606589845942658e-01
1.646553233706081754e-01
1.647008190374608105e-01
1.647915816641553344e-01
1.648569551235278818e-01
1.648594851414807438e-01
1.648652527193989192e-01
1.651954589745566748e-01
1.652467041078018173e-01
1.652757589870713362e-01
1.652770023223587570e-01
1.653093887593236333e-01
1.653202884090274605e-01
1.653368519096009015e-01
1.653412910605202291e-01
1.653783739898709026e-01
1.654033618865650979e-01
1.654174755644759187e-01
1.654203602901125614e-01
1.654297634895037505e-01
1.654788838810613838e-01
1.655038583213152559e-01
1.655517543012775539e-01
1.655554655063070368e-01
1.657378776789404373e-01
1.657385169145721426e-01
1.658820952444101382e-01
1.660743216851075232e-01
1.660859314792644814e-01
1.660928106555178974e-01
1.660931975755817191e-01
1.660949043463778307e-01
1.660949510819617059e-01
1.662648265153002514e-01
1.663606239602654358e-01
1.663883436389424209e-01
1.664152733741514900e-01
1.664694184115675657e-01
1.664930256291632937e-01
1.664933240595988517e-01
1.665404425498706875e-01
1.665458619482743374e-01
1.666069648832936012e-01
1.666080871668855767e-01
1.666569303277571079e-01
1.666646404621638100e-01
1.666666779732176862e-01
1.668048582757586662e-01
1.668049026652306255e-01
1.668244460694139342e-01
1.668463208530945874e-01
1.668669025677771145e-01
1.668769464160236859e-01
1.670420201689545858e-01
1.671417125274172744e-01
1.673110777839251773e-01
1.673303161424591068e-01
1.673537424847607313e-01
1.673797548516541833e-01
1.674389760867478483e-01
1.674898820127532495e-01
1.675601843741753583e-01
1.675867368808865165e-01
1.675987799702794712e-01
1.675990583632835096e-01
1.676561585822943790e-01
1.677304918107723752e-01
1.677512466840128391e-01
1.678548019402970326e-01
1.678549516726381141e-01
1.679271199285874983e-01
1.679308724676007725e-01
1.680872368441005960e-01
1.680892594756986380e-01
1.681226392454252816e-01
1.681249203472223730e-01
1.682431201409431420e-01
1.682434437034004138e-01
1.683020228524998996e-01
1.683064893927086469e-01
1.683064949120470499e-01
1.683065904266979329e-01
1.684348488271774358e-01
1.684446404398123875e-01
1.684470146708640925e-01
1.684822304116363467e-01
1.684860914906310125e-01
1.686576957912417907e-01
1.686784532148996041e-01
1.687643857268327219e-01
1.687651892403107534e-01
1.688780423582683099e-01
1.689679741729192552e-01
1.689735574977866417e-01
1.690476029051802831e-01
1.690491085141560268e-01
1.692635290083218391e-01
1.693144606103344774e-01
1.693149384887222830e-01
1.694307575741591798e-01
1.694467665759117891e-01
1.694487115953079992e-01
1.695488773415622930e-01
1.696345481944510347e-01
1.696360415489083229e-01
1.698468933920203316e-01
1.698751636307364032e-01
1.699193083729302611e-01
1.700619322096253161e-01
1.701165090921941958e-01
1.702190702161116009e-01
1.702596686850187391e-01
1.702596755957030417e-01
1.702802664582903081e-01
1.704543597431742163e-01
1.704554788904572848e-01
1.704705921323626527e-01
1.704734055753198974e-01
1.706025258056593774e-01
1.706456064633760927e-01
1.706566700130991432e-01
1.706663984865074146e-01
1.706666189956872193e-01
1.707193929331501658e-01
1.707197213906150313e-01
1.707347357540892896e-01
1.707425959358815359e-01
1.707757558917960827e-01
1.708376865832543778e-01
1.708378534431222451e-01
1.709093900669012567e-01
1.709130821935939404e-01
1.709302814796999359e-01
1.712470883245404141e-01
1.712554786197418022e-01
1.712563272404457604e-01
1.713704193672956899e-01
1.714391669341977509e-01
1.714393521305922763e-01
1.716290636182368490e-01
1.719023094584478661e-01
1.719024899038764931e-01
1.721270808558850174e-01
1.721280644268277926e-01
1.721659268499670659e-01
1.721685962844222706e-01
1.721961091613762873e-01
1.722320752036707314e-01
1.722365400288680959e-01
1.723175303974622263e-01
1.723277480379709903e-01
1.723499950360761479e-01
1.724220628250199283e-01
1.724552552975383291e-01
1.725322193057482190e-01
1.725901088282087159e-01
1.728137517911451648e-01
1.728209974750780087e-01
1.729358798540235054e-01
1.730696767667498914e-01
1.730732240172306036e-01
1.732402373357060377e-01
1.732959174245773393e-01
1.733139280572425500e-01
1.733304821824774578e-01
1.733780047338629449e-01
1.733951140640294653e-01
1.734344891159979585e-01
1.735162257565846522e-01
1.735624254537659616e-01
1.736968012341785772e-01
1.737151054303611164e-01
1.737175189120730434e-01
1.738189869814579236e-01
1.738383269634037886e-01
1.738466726133027773e-01
1.739739719583272837e-01
1.740431928597059863e-01
1.741537818973337703e-01
1.742056156980392456e-01
1.742160389556692834e-01
1.742162845901979173e-01
1.742401770893897694e-01
1.742430554924438157e-01
1.744014057972297083e-01
1.745428033242578669e-01
1.745919755504923010e-01
1.745938941196975569e-01
1.746827003287436397e-01
1.748302169100815484e-01
1.748363797156234911e-01
1.748650785841516786e-01
1.748714774698903462e-01
1.748828822728146770e-01
1.749099603133200398e-01
1.749837159861727109e-01
1.750111680864034625e-01
1.750122076369706459e-01
1.750334444933782929e-01
1.750744889446170238e-01
1.751899888690557072e-01
1.752869332388775625e-01
1.753857559593967053e-01
1.754548487691323377e-01
1.754573019689275593e-01
1.755517192020796813e-01
1.755518992580277493e-01
1.756328871650036094e-01
1.756501464510037136e-01
1.757531175481979735e-01
1.758584928295608696e-01
1.758664697939314459e-01
1.758981386742523578e-01
1.759531448102705786e-01
1.759802021640146930e-01
1.760055300054801930e-01
1.760060285768306754e-01
1.760849539817439802e-01
1.760890317704958130e-01
1.761142107917282318e-01
1.761223093784390625e-01
1.761426199813845850e-01
1.762727573293344230e-01
1.762733815673952764e-01
1.762733910087364853e-01
1.762873724446515911e-01
1.765013276045555857e-01
1.765016691747874067e-01
1.765267477228024684e-01
1.765278367535230708e-01
1.766256428500012077e-01
1.766963479363298506e-01
1.766963954451196972e-01
1.766996180424365848e-01
1.767634702772584721e-01
1.769336833353068184e-01
1.770779709381886668e-01
1.770798452979158999e-01
1.772135481066277052e-01
1.772243641042380857e-01
1.772518845466377613e-01
1.772610150156067321e-01
1.773039796800976453e-01
1.773535931009943833e-01
1.774437041983864816e-01
1.774459456960541526e-01
1.774661503000654894e-01
1.775716588887417124e-01
1.777029643265517767e-01
1.777049789361621057e-01
1.777134867834996579e-01
1.777173755456451509e-01
1.778464812141867246e-01
1.779039900300017352e-01
1.779065520009004975e-01
1.779331587834329931e-01
1.779342775879022287e-01
1.780943004459035472e-01
1.782454612551796769e-01
1.782469278620810726e-01
1.783282364325598501e-01
1.783518565115985999e-01
1.783666560992109851e-01
1.783732637186352665e-01
1.783778838829872260e-01
1.784383368954416960e-01
1.785089837473000651e-01
1.786016390619324379e-01
1.786021514418557055e-01
1.786411092820097968e-01
1.786583033811781906e-01
1.788369141836262666e-01
1.788392230263931848e-01
1.788471478215444277e-01
1.790441804916600155e-01
1.790584832415998418e-01
1.793470684380344404e-01
1.793473488984300701e-01
1.793483736557427988e-01
1.793867104627038522e-01
1.793931308452577922e-01
1.793931555216606022e-01
1.794306293356548176e-01
1.796328008197962123e-01
1.796378056661771527e-01
1.796478538398147418e-01
1.796519739205323096e-01
1.796538350874828660e-01
1.798352308497672136e-01
1.798360007494652635e-01
1.798648063484415971e-01
1.798861012959499239e-01
1.799009201276226821e-01
1.800611866957145812e-01
1.801069717197284203e-01
1.801408171096579025e-01
1.801997171469217895e-01
1.801998681398707669e-01
1.802874729187423641e-01
1.802876419857346313e-01
1.804091913720177187e-01
1.804122441043807534e-01
1.804688737806459109e-01
1.805459153089255531e-01
1.805492226131195921e-01
1.806159647917175426e-01
1.806692238314926702e-01
1.806695080453536995e-01
1.807133949543338891e-01
1.809863828551448728e-01
1.809993498985962013e-01
1.810003821513479771e-01
1.810302335772841220e-01
1.811708618514777935e-01
1.811711332821241971e-01
1.812008610101213668e-01
1.812132632838447110e-01
1.812306189112307120e-01
1.812307312498757650e-01
1.812377994351087596e-01
1.812383306117028303e-01
1.813634579797675783e-01
1.813649137439241610e-01
1.815133459736570642e-01
1.815149736144027470e-01
1.817592165108921076e-01
1.817712816602587989e-01
1.817831979973768552e-01
1.818424129757965080e-01
1.819868164503248009e-01
1.819872142994337916e-01
1.822211917367248801e-01
1.822213576977219085e-01
1.822547356364318250e-01
1.822551716067941918e-01
1.823752902183978231e-01
1.823760134069218053e-01
1.825412443202080459e-01
1.825445062398213247e-01
1.826011457473700195e-01
1.826012678614797879e-01
1.826033306484631802e-01
1.826035897888007853e-01
1.827551697826152732e-01
1.828051068022210623e-01
1.828356754159824737e-01
1.828477512560148233e-01
1.828759443404267271e-01
1.829345147661393389e-01
1.829392607574812923e-01
1.830846572479944145e-01
1.831647276775269784e-01
1.831657583043128645e-01
1.831671114318926818e-01
1.831674157365721090e-01
1.832023571146909613e-01
1.832098875765574564e-01
1.833995509871119700e-01
1.834094500512047088e-01
1.834095650270219646e-01
1.834102053943902355e-01
1.834617462982508496e-01
1.836027062918496044e-01
1.836102104423774084e-01
1.836569318886930036e-01
1.836590328785620563e-01
1.838559656806117715e-01
1.838564554878303614e-01
1.839677476903177067e-01
1.840022655601485924e-01
1.840243689978769137e-01
1.840933966940212219e-01
1.843930376902710444e-01
1.844398967941077716e-01
1.844399216329137559e-01
1.844749820716447275e-01
1.844894073049338501e-01
1.845272196672485543e-01
1.847231529274020179e-01
1.847737862044034340e-01
1.847896276631748880e-01
1.847920377267459058e-01
1.848179078985033308e-01
1.848645931260199937e-01
1.850486065125082069e-01
1.851314829773526849e-01
1.851539488635920161e-01
1.851562301475424277e-01
1.851690258040554760e-01
1.851710580606166223e-01
1.854490458625754068e-01
1.854663857633771507e-01
1.854850263251197340e-01
1.854861454786884967e-01
1.854956073967063412e-01
1.855020454761022730e-01
1.855022643141855665e-01
1.855951670558874667e-01
1.855977583299132649e-01
1.856881544824341979e-01
1.856885201360508053e-01
1.857580821403511939e-01
1.857580838104209708e-01
1.857801254820659331e-01
1.859159760985058807e-01
1.859162363372943716e-01
1.859900478119133893e-01
1.862367659478553206e-01
1.862408914471258559e-01
1.862410046275683462e-01
1.862415949875207144e-01
1.864099875293477870e-01
1.864110009398977641e-01
1.865626691219747502e-01
1.866705704472943483e-01
1.866933156399363802e-01
1.866957619073639496e-01
1.867203388385880736e-01
1.869352443094023652e-01
1.869993387598994083e-01
1.870189113761761834e-01
1.870210297501644081e-01
1.870455935305662398e-01
1.871668071884491635e-01
1.871741967797297679e-01
1.872099316950179282e-01
1.872228663209251909e-01
1.872346038660275269e-01
1.873268494337328172e-01
1.873268689917763907e-01
1.873581038624219652e-01
1.873708542144805478e-01
1.875108458989462046e-01
1.875160530064852449e-01
1.875517934091829320e-01
1.875518845237476029e-01
1.876279002131765739e-01
1.877532040453546713e-01
1.878673945990682326e-01
1.878819301645851259e-01
1.879743745868429072e-01
1.881517963133839400e-01
1.881530279791470417e-01
1.881921247488293758e-01
1.882684525957059596e-01
1.883277862878019460e-01
1.883709227738273595e-01
1.884901454295126177e-01
1.885135749071453759e-01
1.886267147640638964e-01
1.886286827216317463e-01
1.886325592623600556e-01
1.886427765181743210e-01
1.886575948136068326e-01
1.887158659890659507e-01
1.889509516102828024e-01
1.889727792153297892e-01
1.889891881937657003e-01
1.889896672302952274e-01
1.889976720686543654e-01
1.890100785527757121e-01
1.892191750386344462e-01
1.892463016901115569e-01
1.892479368437992582e-01
1.893604796113069755e-01
1.895700375553353301e-01
1.895707689520705341e-01
1.896780451558372216e-01
1.896891513162313192e-01
1.899038052833249002e-01
1.899038523942838674e-01
1.899326630053500831e-01
1.899634590284820790e-01
1.901672966864992043e-01
1.901700557489615362e-01
1.902406305045818147e-01
1.902407105664614961e-01
1.902589472645304647e-01
1.903260589978653661e-01
1.903397905852614869e-01
1.903565650855716385e-01
1.903807582387963271e-01
1.904028564535130974e-01
1.904139836597405211e-01
1.904167584849643380e-01
1.904175395547985372e-01
1.904279084428042723e-01
1.904492171972647363e-01
1.904956612166483210e-01
1.904959295391771279e-01
1.905830766626595563e-01
1.907194882057391960e-01
1.908197872610820078e-01
1.908828597683121242e-01
1.910595995147321702e-01
1.910845663619316903e-01
1.911124317592056143e-01
1.911146527647801796e-01
1.911219043643519744e-01
1.912609883563270441e-01
1.912851364031464829e-01
1.913057855040998512e-01
1.913664296911765650e-01
1.913959122674718516e-01
1.913966525127397678e-01
1.914316062131327656e-01
1.914571143766153338e-01
1.914615762232649565e-01
1.914749410892479797e-01
1.917192401404665680e-01
1.917464075195978723e-01
1.920131170760975003e-01
1.921911089467257805e-01
1.921914966893712162e-01
1.922045810367512542e-01
1.922867369309956276e-01
1.923613708306744774e-01
1.924039594020029720e-01
1.924197058610233602e-01
1.924644553115256451e-01
1.925495808003566400e-01
1.925756320701575708e-01
1.925760222364976959e-01
1.926552755538996908e-01
1.926553530041485163e-01
1.927302410265485100e-01
1.927314353860011265e-01
1.927585493883504086e-01
1.927587827629452799e-01
1.929223995052903873e-01
1.929847288641607650e-01
1.930578330674954934e-01
1.930899837556314391e-01
1.932932072302175341e-01
1.932972403062340194e-01
1.933376345828986820e-01
1.933414298502208750e-01
1.934176307076775070e-01
1.934181521757277755e-01
1.934527078860722726e-01
1.935069861272696590e-01
1.936116342336706431e-01
1.936499043435189471e-01
1.936499503518892829e-01
1.937182995693849386e-01
1.937183011808032707e-01
1.940440234500878103e-01
1.940669917428082258e-01
1.940669923672868891e-01
1.940809094427815573e-01
1.943279049999540598e-01
1.944238947649672700e-01
1.946442990166130926e-01
1.946443156460485047e-01
1.946852130403688153e-01
1.947312035124171559e-01
1.947316965127445787e-01
1.947874145800510826e-01
1.948567833875165523e-01
1.948636888428825209e-01
1.948647835547809848e-01
1.950349059218023928e-01
1.950349934810641783e-01
1.951613602359931199e-01
1.951822589066192770e-01
1.952272222586480810e-01
1.952623967290562090e-01
1.952814057082774557e-01
1.954795084214108192e-01
1.955349268926064310e-01
1.956188709875294751e-01
1.956499869538258218e-01
1.956502251325208386e-01
1.956734261346774473e-01
1.956940438458679155e-01
1.956946854165322047e-01
1.957894057523823506e-01
1.957895582520834954e-01
1.960865947150243482e-01
1.962308160954696346e-01
1.962358679220031488e-01
1.963424637864447375e-01
1.964229299880031199e-01
1.964252151265249713e-01
1.964505542900046586e-01
1.966306734423249603e-01
1.966364599240404132e-01
1.966370712177666902e-01
1.966499213325878237e-01
1.968326116601328835e-01
1.969453353604695978e-01
1.970253522158882942e-01
1.970302889328218177e-01
1.970817053067361879e-01
1.970833327881735264e-01
1.971489727012150084e-01
1.971499863205131708e-01
1.972220512988789864e-01
1.972589510675446800e-01
1.972590450914362137e-01
1.973722547802451432e-01
1.975124951482598590e-01
1.975351999157158311e-01
1.975356695546051922e-01
1.975639286220504109e-01
1.975639441761092019e-01
1.975885284865678548e-01
1.975886382667069452e-01
1.976671412378710191e-01
1.976902814567927102e-01
1.976903765914922173e-01
1.977042886321871418e-01
1.980204584744075513e-01
1.980454748729254810e-01
1.981127644193237114e-01
1.981127842143097229e-01
1.981421516230540136e-01
1.981811783732806420e-01
1.982360776701126703e-01
1.982540896875325809e-01
1.985121425425638853e-01
1.985557350776583907e-01
1.985894690107519456e-01
1.986249833696196732e-01
1.986361679166217531e-01
1.986388990254475406e-01
1.986686374546645373e-01
1.986991084288447229e-01
1.988798166132099421e-01
1.988798963025040778e-01
1.989364121441112021e-01
1.989455231526702228e-01
1.990836539553120788e-01
1.990867616089694592e-01
1.991926180761301179e-01
1.991958840692304444e-01
1.992079439886666747e-01
1.992082551855770545e-01
1.992634393350866673e-01
1.992658979453476309e-01
1.992926058616652785e-01
1.993737840002257067e-01
1.997145201096932332e-01
1.997156366285316731e-01
1.998005201989898616e-01
1.998039122614650165e-01
2.000679834456590145e-01
2.001733915805211650e-01
2.001830854002887294e-01
2.002847846932674647e-01
2.003638445253735911e-01
2.004581259655172920e-01
2.005353345802425580e-01
2.005356544769112959e-01
2.005712577002687902e-01
2.005713087530563432e-01
2.007045104584469775e-01
2.007081987517878030e-01
2.007888701073171078e-01
2.008098131904925698e-01
2.009373880225890918e-01
2.009439591948126991e-01
2.009521417831557355e-01
2.011013051912107774e-01
2.011264399553160664e-01
2.011757512238242784e-01
2.012505703916805111e-01
2.013202894571895496e-01
2.013613522534009881e-01
2.016389712899806785e-01
2.016397681243958240e-01
2.017249919842688810e-01
2.017749473995963938e-01
2.017751121843198991e-01
2.017815071640332025e-01
2.018865663664258792e-01
2.019135070459620873e-01
2.020998738959221552e-01
2.021035447648580896e-01
2.021278144976627611e-01
2.021278513726047499e-01
2.021823706562948519e-01
2.021868805331574204e-01
2.021970660380726093e-01
2.022149726777586476e-01
2.022325138483879459e-01
2.023287848073066220e-01
2.023838562670378372e-01
2.023996988423841514e-01
2.025307194219504447e-01
2.026774067257360590e-01
2.026888073475731633e-01
2.027510547117734319e-01
2.027554514591973223e-01
2.027558325929781635e-01
2.029674492951920317e-01
2.029685237000541376e-01
2.031084534229395111e-01
2.031268354677476240e-01
2.032307999770007478e-01
2.032324951147797265e-01
2.032850359927318162e-01
2.032850410971886179e-01
2.032851060552799127e-01
2.032851097532495932e-01
2.033414070893424519e-01
2.033510355260282898e-01
2.033719722335554925e-01
2.034016997233305535e-01
2.034587619463040509e-01
2.034945439023785607e-01
2.036347630467394698e-01
2.037718445802227663e-01
2.038359425811131498e-01
2.039858668318880186e-01
2.040331172180435138e-01
2.041288288309111298e-01
2.041296070141543073e-01
2.041926731264684935e-01
2.041928111697519366e-01
2.042254911442972221e-01
2.042257735164443033e-01
2.042299122810339040e-01
2.042550926074021556e-01
2.043605525991566141e-01
2.044108677231630256e-01
2.044509717399251303e-01
2.046201405647280203e-01
2.046366762415175455e-01
2.048769764879964095e-01
2.051394869991218783e-01
2.051414320044346873e-01
2.052761925902416018e-01
2.053795424254574453e-01
2.054614456471469397e-01
2.055686891990546605e-01
2.055764069161579166e-01
2.057532736218799507e-01
2.058669602073522342e-01
2.059002860657124234e-01
2.059692317059630129e-01
2.060230770115907828e-01
2.061350085319949565e-01
2.061598136011581761e-01
2.061654874408677951e-01
2.062157493427884958e-01
2.062164597452495474e-01
2.063644319328723220e-01
2.063646982405655250e-01
2.063996870424248953e-01
2.064578392682976660e-01
2.064586826937966912e-01
2.065040518344386511e-01
2.066316371839461707e-01
2.066662645145161958e-01
2.067149424779539946e-01
2.069631108735791036e-01
2.069771707295162688e-01
2.069852262505411933e-01
2.069935626795742500e-01
2.069953662872561218e-01
2.069990979531122210e-01
2.070301010567835165e-01
2.071859596262029535e-01
2.072102590839354774e-01
2.072151831636316055e-01
2.072371701755992002e-01
2.072882791215568954e-01
2.072979734455762391e-01
2.073161043064622178e-01
2.073779875556060748e-01
2.073904956642376451e-01
2.075030114835027806e-01
2.075031309956882342e-01
2.075045114240010591e-01
2.075108090968308672e-01
2.076662934228423740e-01
2.076669160461238339e-01
2.077503535263967027e-01
2.077613467156101679e-01
2.082669854135588972e-01
2.082670021059791210e-01
2.082687074661829785e-01
2.082687302388928907e-01
2.083330009851392939e-01
2.083344750699835102e-01
2.084093162206206995e-01
2.085804433813703840e-01
2.086832756549528989e-01
2.088165044793897640e-01
2.088184002121526162e-01
2.088925093556031620e-01
2.089649227821342437e-01
2.089878762826437586e-01
2.089947982042524022e-01
2.091617681677999940e-01
2.091618151259934943e-01
2.092803646819365038e-01
2.093337651315541892e-01
2.094120327690516259e-01
2.097399487406365892e-01
2.097411368508496077e-01
2.098483495700660950e-01
2.098717116989959053e-01
2.099038523585763649e-01
2.099117857999021064e-01
2.101210895455080663e-01
2.101211482833743316e-01
2.101475566761576430e-01
2.101751700958742475e-01
2.101908746010859030e-01
2.104102307929245907e-01
2.104249992285290305e-01
2.104358274202442480e-01
2.104486791661484557e-01
2.105378484972058317e-01
2.105829893071098080e-01
2.106183743972431521e-01
2.106317971751201779e-01
2.106331751350447035e-01
2.106580798606183247e-01
2.106584977659094748e-01
2.107513566081904988e-01
2.107521262573756604e-01
2.109161863171682139e-01
2.109161897853439882e-01
2.110128448508153121e-01
2.110222027272516676e-01
2.111865227044688320e-01
2.112011521765713162e-01
2.112717527426655195e-01
2.113091489506653819e-01
2.113591643818253929e-01
2.114145651807363691e-01
2.114414863279335810e-01
2.114496178052260034e-01
2.118067645970233004e-01
2.118211113025252612e-01
2.119305355323010398e-01
2.119374515727115715e-01
2.119759939749744360e-01
2.120132911993160008e-01
2.121267857570208748e-01
2.121673350558416771e-01
2.121951607487273517e-01
2.122282823634075166e-01
2.122707757651667582e-01
2.122717995969877480e-01
2.123116975201628231e-01
2.124468320106585872e-01
2.125605808664521035e-01
2.126043562494084882e-01
2.126052698844016764e-01
2.126630738641234197e-01
2.126678006980608771e-01
2.127339028081854655e-01
2.127586009317782856e-01
2.128092736964240506e-01
2.128094211043345396e-01
2.128369061859989586e-01
2.131027187858117455e-01
2.131108470303466618e-01
2.131477086947092814e-01
2.131712381119593991e-01
2.132172805162984297e-01
2.133327750475539908e-01
2.133941570712094837e-01
2.133960607915111607e-01
2.133975140010840599e-01
2.134394997540355887e-01
2.134402372006596604e-01
2.135026161507021514e-01
2.135975984536439276e-01
2.136871475241287344e-01
2.137644956590141754e-01
2.138246822794631075e-01
2.138418648591084159e-01
2.139367121862485732e-01
2.142862932405078802e-01
2.143564789039950624e-01
2.143763361915223542e-01
2.143763920812063184e-01
2.143881267047327566e-01
2.144039298318863307e-01
2.144806891954142702e-01
2.144844353513412072e-01
2.146128400002775827e-01
2.146544079911842096e-01
2.146585894489898283e-01
2.147125568611447655e-01
2.147126771781712740e-01
2.148958602685263619e-01
2.149733056451536839e-01
2.150123202356388208e-01
2.150137834920492486e-01
2.151345000579396038e-01
2.151481513823444991e-01
2.151738383453068171e-01
2.151961260267576392e-01
2.151971006255651298e-01
2.154227560211467440e-01
2.155180848436314134e-01
2.155658487496583398e-01
2.156438281147688429e-01
2.156471121061202256e-01
2.157089963873472793e-01
2.159406787608295075e-01
2.159407948441103009e-01
2.159991446514071267e-01
2.161050102654655802e-01
2.161420803746483821e-01
2.161510819418392682e-01
2.161514605887847329e-01
2.161599921359342868e-01
2.161601645674805228e-01
2.161612942571198570e-01
2.162414447703408793e-01
2.162481116360364941e-01
2.162961674164279313e-01
2.164028970069672708e-01
2.164060037943930370e-01
2.165325457596165848e-01
2.167984055734674120e-01
2.168743516070641697e-01
2.169025854772198558e-01
2.169070946070364159e-01
2.169995453930200213e-01
2.170125959999975596e-01
2.170132876464773430e-01
2.170693010001305545e-01
2.170995931998661865e-01
2.171033644367952042e-01
2.171274476321584657e-01
2.171656778589080850e-01
2.173383344070107248e-01
2.174268666253524329e-01
2.174272447516239215e-01
2.174542212600192037e-01
2.174891701388423360e-01
2.175051733791838193e-01
2.175295388991664580e-01
2.176564564450882699e-01
2.176650305929414830e-01
2.177480674421362061e-01
2.178533992875051062e-01
2.180095362122385638e-01
2.180423677402394955e-01
2.180747213192177347e-01
2.181158823514562639e-01
2.181914455045239343e-01
2.181923927201090685e-01
2.182327814995103366e-01
2.182939785294532586e-01
2.182982710624009892e-01
2.184287676571387005e-01
2.185249186189364978e-01
2.185761060990218385e-01
2.186176961356864346e-01
2.188734036088937907e-01
2.188758596936717093e-01
2.188761317844998278e-01
2.189880853277148542e-01
2.190694671264420135e-01
2.190701040970463309e-01
2.191049036946144946e-01
2.191812758088012847e-01
2.191825394780599900e-01
2.191884817998193402e-01
2.191947885769963966e-01
2.192438176050363896e-01
2.192497922062762450e-01
2.193349320532645419e-01
2.193978532018930339e-01
2.194857021583139223e-01
2.195702947009901262e-01
2.195736655593944764e-01
2.196028554769327845e-01
2.196453992775651565e-01
2.196487199577221439e-01
2.196694056674829421e-01
2.196967584940109908e-01
2.197197123397305052e-01
2.197501136031640157e-01
2.198957400627568060e-01
2.199107890643189345e-01
2.199114207962537260e-01
2.199134622551096319e-01
2.199155416067792301e-01
2.200128253215565821e-01
2.200265633008564592e-01
2.203192687840748176e-01
2.203194680090095892e-01
2.203651198976115666e-01
2.203809415936514859e-01
2.203835734309279593e-01
2.204147475455224825e-01
2.204347716424395198e-01
2.205191434953355234e-01
2.205377161664405505e-01
2.206470613924436108e-01
2.206476816379465689e-01
2.208688466681288376e-01
2.208776326875371565e-01
2.209046098890733445e-01
2.210083805651617272e-01
2.210153087241387426e-01
2.210503711500625135e-01
2.210514324779316309e-01
2.213203090503685078e-01
2.213310778920428434e-01
2.213961882994492925e-01
2.216052768797820705e-01
2.216575409727631618e-01
2.218599187149483121e-01
2.220527762792922355e-01
2.220569286612417426e-01
2.220695160728775042e-01
2.220806443677636188e-01
2.221253118252324577e-01
2.221280396764628295e-01
2.222665736155911842e-01
2.222709710471413025e-01
2.225860251479129803e-01
2.226298327580582825e-01
2.226307045503183590e-01
2.226868381754378012e-01
2.226913842063336924e-01
2.226955635283761337e-01
2.229021855112283679e-01
2.229028534081218260e-01
2.230131572789021410e-01
2.230132464191095509e-01
2.230198846773589205e-01
2.230454449950090012e-01
2.230717995778414564e-01
2.231539495411189455e-01
2.232373793886190116e-01
2.232450073497092291e-01
2.232451351247731752e-01
2.233074275303866818e-01
2.234931325145576020e-01
2.235021228054021869e-01
2.235070371014538371e-01
2.235070742082388429e-01
2.235459467222991048e-01
2.236539302252217587e-01
2.237873273384385908e-01
2.238545843366917809e-01
2.238580522653772220e-01
2.239265632947101403e-01
2.239348425381473273e-01
2.240001876159833927e-01
2.240003973195929254e-01
2.240446072959314250e-01
2.242256454957322065e-01
2.242313813138434309e-01
2.242922118057546488e-01
2.243314057162289488e-01
2.243660495239505059e-01
2.245021614559536138e-01
2.245210399033177040e-01
2.246223786967138369e-01
2.246224050868630417e-01
2.246391245483490562e-01
2.246403870987948581e-01
2.247246594149045762e-01
2.247686474315506999e-01
2.247935290852581813e-01
2.250254519113300267e-01
2.250262489562461499e-01
2.251356892103446306e-01
2.251360209249854138e-01
2.253493094627772586e-01
2.256094952936298081e-01
2.256097315242157064e-01
2.256266571845858826e-01
2.256668212795082396e-01
2.256899497805605337e-01
2.257162933212449873e-01
2.257164790730170900e-01
2.259581511791981800e-01
2.260534628318454642e-01
2.261520997494397001e-01
2.263407219742976928e-01
2.263601837262759209e-01
2.265187615696827306e-01
2.265190084133354709e-01
2.268161764876820696e-01
2.268174329597447969e-01
2.268195581135715178e-01
2.268971965304377170e-01
2.268977814727516085e-01
2.269113087209791435e-01
2.269118073441571959e-01
2.269657634384978362e-01
2.270007234813978536e-01
2.270007389587220537e-01
2.271223010511035090e-01
2.271809630328425478e-01
2.272792170144254664e-01
2.272999696822848581e-01
2.273633066064831842e-01
2.273633601831420437e-01
2.274110503639738823e-01
2.274138532785766886e-01
2.274146049727294172e-01
2.274283759404581162e-01
2.274571030092860102e-01
2.274608159386819484e-01
2.275677978904984688e-01
2.276252202988467144e-01
2.277067222096991195e-01
2.277278445338959956e-01
2.277434799717744651e-01
2.277451063916117457e-01
2.278690778857863919e-01
2.279845636518989249e-01
2.279954551521432837e-01
2.280655458725857065e-01
2.280770902738986083e-01
2.281588561696965556e-01
2.281755680802974307e-01
2.282229290707527558e-01
2.282325305451295139e-01
2.283160832590809819e-01
2.283251521995900146e-01
2.284072260277679178e-01
2.287445049093750071e-01
2.287501778151407317e-01
2.288437425668625735e-01
2.288856641710576290e-01
2.288963129649990713e-01
2.289194456701835190e-01
2.289194949421869407e-01
2.289214559230783319e-01
2.289593152193283299e-01
2.289595870403147715e-01
2.290473000715540774e-01
2.291885607869137698e-01
2.292350777074848023e-01
2.294015463198232907e-01
2.294030412298913579e-01
2.295367742557129498e-01
2.295413032325728520e-01
2.295691989559347779e-01
2.296562401908587570e-01
2.296562404182267148e-01
2.296657589011141809e-01
2.296813262099315633e-01
2.298749226061577167e-01
2.299105281622377817e-01
2.299270554119574039e-01
2.300139645376119424e-01
2.300508907360490074e-01
2.301101685899084315e-01
2.301314872696936797e-01
2.302051671265832045e-01
2.302072981656639039e-01
2.302179604355551468e-01
2.302221334699302291e-01
2.305404705196169579e-01
2.306516131985577034e-01
2.306516585954458687e-01
2.308297690994518536e-01
2.308818539412815229e-01
2.309180386505523541e-01
2.310049161395372475e-01
2.310164149430750657e-01
2.311481256974280696e-01
2.312045671899218280e-01
2.312859737087388234e-01
2.312980769048092744e-01
2.314694258584552577e-01
2.314732261438676719e-01
2.315849381961106179e-01
2.315878655600106806e-01
2.316039046051164563e-01
2.316042539748972562e-01
2.316585977103291505e-01
2.316975799091005872e-01
2.317010368467397052e-01
2.317385213030656865e-01
2.317787199330046122e-01
2.318632930101814094e-01
2.318781586099059322e-01
2.318784577190275698e-01
2.318969318861074935e-01
2.320042847903935057e-01
2.320083370115249566e-01
2.321975340980844682e-01
2.321990624833159544e-01
2.322636626933212711e-01
2.322646962856532993e-01
2.322918848672317349e-01
2.323229740082640160e-01
2.323326228878067612e-01
2.325602935003152905e-01
2.326300630637443134e-01
2.326331576331918671e-01
2.327193648620176358e-01
2.327202743409456098e-01
2.327486303207584872e-01
2.327697371482611022e-01
2.330500119165805351e-01
2.330509813945659259e-01
2.331604536663149929e-01
2.332124724212679967e-01
2.333479129983455358e-01
2.335291725978206334e-01
2.337040590772045956e-01
2.337464405363847697e-01
2.337511550477003042e-01
2.337583487330116283e-01
2.338879046386763139e-01
2.338886989473341615e-01
2.339685436896340731e-01
2.339905913887957711e-01
2.340227853405849601e-01
2.340227900079691614e-01
2.340423493610437333e-01
2.340499730989699378e-01
2.340543436091034324e-01
2.343881204492822279e-01
2.344127504044779264e-01
2.344159622258529529e-01
2.345763220560277695e-01
2.346174821563490609e-01
2.346183653278897940e-01
2.346386941644946766e-01
2.346389017032899649e-01
2.346996595564254662e-01
2.347075088097353712e-01
2.347741466490410600e-01
2.348859424446543276e-01
2.350424790848697765e-01
2.350566209270053275e-01
2.351204724412762903e-01
2.351257076014275083e-01
2.352617980744749204e-01
2.352824803406085297e-01
2.354299188346473115e-01
2.354966725155096252e-01
2.355555484846178493e-01
2.355835795474274796e-01
2.355852667150545587e-01
2.356129549913648369e-01
2.356395072535778235e-01
2.356527513861986778e-01
2.356544456067614646e-01
2.356881691709531157e-01
2.356914187889592727e-01
2.357495909762034048e-01
2.358522034597438644e-01
2.358565459184660817e-01
2.358566252832502985e-01
2.359546773794606034e-01
2.359546801778959202e-01
2.360068695485579293e-01
2.360076989044384843e-01
2.360721785445869525e-01
2.362425707705480271e-01
2.362691422175514089e-01
2.363878204642725911e-01
2.364112004098585518e-01
2.365724211136565613e-01
2.365769327416507029e-01
2.366623893186852179e-01
2.367260295782560309e-01
2.367343660536175565e-01
2.367344829694906228e-01
2.367822734000765428e-01
2.368039905963696956e-01
2.368871433831160056e-01
2.369889704967008681e-01
2.369889959868852203e-01
2.373128881790558253e-01
2.373881000903032834e-01
2.374007224344169276e-01
2.374007573489004264e-01
2.374041537794387979e-01
2.374103020948136744e-01
2.374867661545156661e-01
2.375841844002460346e-01
2.375842340201579639e-01
2.377505153196299570e-01
2.377509688226077944e-01
2.379052624449468356e-01
2.379515004979207982e-01
2.379565802952447462e-01
2.380761610440923215e-01
2.382120218882186058e-01
2.382569147607724036e-01
2.385464170294844810e-01
2.385483362159855625e-01
2.386070552474289508e-01
2.386085365991418850e-01
2.386339910619877935e-01
2.387083238826242515e-01
2.387111849052134804e-01
2.388283495957241598e-01
2.390117115701306805e-01
2.390282188731013835e-01
2.390335794493260169e-01
2.390568534420388636e-01
2.392241815833920371e-01
2.392270297649927435e-01
2.393898298940052016e-01
2.394471429427564302e-01
2.395397122128400391e-01
2.395405006713627605e-01
2.397171125636387845e-01
2.399283413923975206e-01
2.399457045351065243e-01
2.399666519759926786e-01
2.399758020895908783e-01
2.399758102344577426e-01
2.402035900467073271e-01
2.402110287408837364e-01
2.402197730998072989e-01
2.402232767504075828e-01
2.402666302031039591e-01
2.402991889942823756e-01
2.403557569931570881e-01
2.404182588302862800e-01
2.405433073329984184e-01
2.406210705928734650e-01
2.407013970017607418e-01
2.407200886605798951e-01
2.407203184118441031e-01
2.407634775747484468e-01
2.409332518027447190e-01
2.409348061940480568e-01
2.410428219838513797e-01
2.410525071078292725e-01
2.410683815748281833e-01
2.411019908392003364e-01
2.411363793968125391e-01
2.412589084190316091e-01
2.412599585605636476e-01
2.412602825915936833e-01
2.412942496530725012e-01
2.414536915874172796e-01
2.415076458780119617e-01
2.415111242386075996e-01
2.415225471262206491e-01
2.416042986156326233e-01
2.416708460123998536e-01
2.416795406703696747e-01
2.416958669069550480e-01
2.417025732989546427e-01
2.417155759083853550e-01
2.417218400190373484e-01
2.417343108236087446e-01
2.417418063240996673e-01
2.417800090684849856e-01
2.417905896286005329e-01
2.420251776778681585e-01
2.420578146795360208e-01
2.421114259520002476e-01
2.422242899083851264e-01
2.422734299603899466e-01
2.422817138177352225e-01
2.422823122172051424e-01
2.423420063057659946e-01
2.423434035667188791e-01
2.423882522569494602e-01
2.424025566932307973e-01
2.424090297807323102e-01
2.424370955135506656e-01
2.424489143610926156e-01
2.425392840480215806e-01
2.426759625948040344e-01
2.427715338737352069e-01
2.428815399478729820e-01
2.428958164046687296e-01
2.429007111607356661e-01
2.430129072829200487e-01
2.430236113941982856e-01
2.431167495279471236e-01
2.431518871045189878e-01
2.431758345392160403e-01
2.433233351919864285e-01
2.434189798522532477e-01
2.435483387096206709e-01
2.436003537244025574e-01
2.436412175250554923e-01
2.436416031225896173e-01
2.436544564040452054e-01
2.436611739548624755e-01
2.438293172035026213e-01
2.438367608476032511e-01
2.439356850746221828e-01
2.439504992272850115e-01
2.439505688076320788e-01
2.439512525724374103e-01
2.440094086711082910e-01
2.440215502599022146e-01
2.442580803828691416e-01
2.442705918281263267e-01
2.444833467048399267e-01
2.445160481339731240e-01
2.445454313066149632e-01
2.445478311414184536e-01
2.447077160647878891e-01
2.447149537692434318e-01
2.448017147346467082e-01
2.448831363216846246e-01
2.450943090512752998e-01
2.451032427949762504e-01
2.451278311251226805e-01
2.451605307297703706e-01
2.452440280323913702e-01
2.452445966175071101e-01
2.454348807221140571e-01
2.454401892203406377e-01
2.454482518454988715e-01
2.454912214770461343e-01
2.454913738897462339e-01
2.456390697451636962e-01
2.457063003742825102e-01
2.457359602381109231e-01
2.457532576420109471e-01
2.458786665694562834e-01
2.458834880059667105e-01
2.462111406946564385e-01
2.462796034846904403e-01
2.463200059260061137e-01
2.464066529623968327e-01
2.464848162648490826e-01
2.464962536785619829e-01
2.465233012987630146e-01
2.465233446465358302e-01
2.465234928921090085e-01
2.465235172966048216e-01
2.465861127742020598e-01
2.465932093564400240e-01
2.466337326791404327e-01
2.466339247328840079e-01
2.466687750093009002e-01
2.466754944724798282e-01
2.466788359752482007e-01
2.467350837395397567e-01
2.467880396355352501e-01
2.467884648937703485e-01
2.468738835356932004e-01
2.470213178493144424e-01
2.470678316034617128e-01
2.470679988986057007e-01
2.474468706505519311e-01
2.474584321502171502e-01
2.474790109590731257e-01
2.475711414607596750e-01
2.475723414322949789e-01
2.476768206682455620e-01
2.476862757841747642e-01
2.477944270787620917e-01
2.479075631077811703e-01
2.479321982661480683e-01
2.479594007257789057e-01
2.480817559734986855e-01
2.482010441013858537e-01
2.482246662382899538e-01
2.482621437289239952e-01
2.483010477718549380e-01
2.483010765419590427e-01
2.483945574502177123e-01
2.484588805400013423e-01
2.485422778102633345e-01
2.485435678813180393e-01
2.485831273611671111e-01
2.487341062964805727e-01
2.488555602029434433e-01
2.491365299426527014e-01
2.491518216030317590e-01
2.491702755278451809e-01
2.491824907365133568e-01
2.491838702655720106e-01
2.492301037969619770e-01
2.493691395529544219e-01
2.493765977390792754e-01
2.494522526200643187e-01
2.494563266084713349e-01
2.494665395258001961e-01
2.494822176484106091e-01
2.495309097942282617e-01
2.495528607535443255e-01
2.495642218832924975e-01
2.496287963116215480e-01
2.496302560109696644e-01
2.496945918871023018e-01
2.496962741059201851e-01
2.499575615095312175e-01
2.499744762580371205e-01
2.500520771026156774e-01
2.501599680276493376e-01
2.501970925520135003e-01
2.502485067987644252e-01
2.502574140855938767e-01
2.503597196407887360e-01
2.503597297211525574e-01
2.503605906660801850e-01
2.504489218370548054e-01
2.504633585351018210e-01
2.504829202690538326e-01
2.504841688788677634e-01
2.505700617907681838e-01
2.506139916164918380e-01
2.506886461364229990e-01
2.506903521721067229e-01
2.507073466911320936e-01
2.507159443801464938e-01
2.507563261844489855e-01
2.507767854391020346e-01
2.508034966405893740e-01
2.510160195993243470e-01
2.510624056599302101e-01
2.510693255789942513e-01
2.512915017217486335e-01
2.513477167430211434e-01
2.513957373582899057e-01
2.514338921656395498e-01
2.514993455768067543e-01
2.515228670196701932e-01
2.515526168594697243e-01
2.516004426505235592e-01
2.516159453270297441e-01
2.516168317827239265e-01
2.517157293168789667e-01
2.517867983416361977e-01
2.518194407980591243e-01
2.518558699275986745e-01
2.518658576599769883e-01
2.519770855483821070e-01
2.519914134266985628e-01
2.522194831939471027e-01
2.522204606841749741e-01
2.522284405794448237e-01
2.522508311716079588e-01
2.522508807037723844e-01
2.523119444585936733e-01
2.523389810511507680e-01
2.524897726856097369e-01
2.526150516040481242e-01
2.526159627346577508e-01
2.526492137338129385e-01
2.526742609975612952e-01
2.527090762001019120e-01
2.527219001668110643e-01
2.527551771569396810e-01
2.527850296596893531e-01
2.529447089079601696e-01
2.530668236031566320e-01
2.531280537226761607e-01
2.532105712877149029e-01
2.532313639557260965e-01
2.532485229970384277e-01
2.532544577710211797e-01
2.532623003598222233e-01
2.532677361271540306e-01
2.533219028465372169e-01
2.533721346772469518e-01
2.534384969135378696e-01
2.534474861937156542e-01
2.534612480486235220e-01
2.535792796744891775e-01
2.536738251744884431e-01
2.536745755386409229e-01
2.538014425432030263e-01
2.539754665634085806e-01
2.540249240022642296e-01
2.540356268460100542e-01
2.541246278080711019e-01
2.541394701143772639e-01
2.542881895750153665e-01
2.543533636636333140e-01
2.543734758739756296e-01
2.544167957160413107e-01
2.544465089314957851e-01
2.544699059321491874e-01
2.545593472845529837e-01
2.545632336682012720e-01
2.546336020409707968e-01
2.546897146169891379e-01
2.547283581009636699e-01
2.547690557051644489e-01
2.547718193137594178e-01
2.547987500787851078e-01
2.548478209203339784e-01
2.548496775489662025e-01
2.549926030316740921e-01
2.550282806165721783e-01
2.550286268559955882e-01
2.550370665191218911e-01
2.551065259274406527e-01
2.551768569539628606e-01
2.551863010750000660e-01
2.552950251668302806e-01
2.552958021226598984e-01
2.553752399877056156e-01
2.554116311181463539e-01
2.555674563127704468e-01
2.555692152143065887e-01
2.557755676033226511e-01
2.558172076278105167e-01
2.558614692809579871e-01
2.558634446892606995e-01
2.560639008677258466e-01
2.560672741696955468e-01
2.560705948297262169e-01
2.560984125203952799e-01
2.561955299625132687e-01
2.563256025618041445e-01
2.563406875684501873e-01
2.563842470476906943e-01
2.563985059354541018e-01
2.564028457256704030e-01
2.564595743634744962e-01
2.564700596927743659e-01
2.565334935910906777e-01
2.565596230608646056e-01
2.566684046387689433e-01
2.566684709058451030e-01
2.567392131053151672e-01
2.567406261946272861e-01
2.567568111591648217e-01
2.567770807098296304e-01
2.568659519235368394e-01
2.569656985161388185e-01
2.569710554324091678e-01
2.570193606978823375e-01
2.571551860521262278e-01
2.571994928427875915e-01
2.572033947657372810e-01
2.573354610052725477e-01
2.573379508010668615e-01
2.573913039926052915e-01
2.573983396390839840e-01
2.575260955305963551e-01
2.575425919912250339e-01
2.576552593449469852e-01
2.576577639409156628e-01
2.577260930790893356e-01
2.578566634514226630e-01
2.578602383146483268e-01
2.578815817518533282e-01
2.579573739901273033e-01
2.579761265057571862e-01
2.580052624578932363e-01
2.580821271004313799e-01
2.581191118276273122e-01
2.582195839540264992e-01
2.582264480414811492e-01
2.582268017151149175e-01
2.582279058758445434e-01
2.582283409307726818e-01
2.582469811328623188e-01
2.583029919603830882e-01
2.583337293000693702e-01
2.583571835718047049e-01
2.583699529104983017e-01
2.584291556213551555e-01
2.585768953350248145e-01
2.586492114962065103e-01
2.586929682428476540e-01
2.587286339581547079e-01
2.587287996420996050e-01
2.587295234006309341e-01
2.587828898874943162e-01
2.588314133173544862e-01
2.588917654029849746e-01
2.589494514298512629e-01
2.589621427885649974e-01
2.589674666809658188e-01
2.589797760148599970e-01
2.590974765529072688e-01
2.591394322998837874e-01
2.591664514838548650e-01
2.592270416479361961e-01
2.593097651741267384e-01
2.593119640484625177e-01
2.593782129869844910e-01
2.593801902184292296e-01
2.593814104782634078e-01
2.596380602172306817e-01
2.596753580121671234e-01
2.597778115103466234e-01
2.597971407954470791e-01
2.598069387677471864e-01
2.598230735040980011e-01
2.598498357870145936e-01
2.598693968222745565e-01
2.601987040381589789e-01
2.602080116851821501e-01
2.602632559011876512e-01
2.603904958099511613e-01
2.603948306640531118e-01
2.604552863696266707e-01
2.604599797946202111e-01
2.604615442087632737e-01
2.604735434328416255e-01
2.604973108476233978e-01
2.605076456612885338e-01
2.605393101267434175e-01
2.608087822775949083e-01
2.608859354649516460e-01
2.608859668913170449e-01
2.608964366261955492e-01
2.609543713985336133e-01
2.609744411223892113e-01
2.610469549807220013e-01
2.610549956298310326e-01
2.610814953648216141e-01
2.611301547152694580e-01
2.613392091125336658e-01
2.613396057945076012e-01
2.613646324513971275e-01
2.613660739786297094e-01
2.614533225745357958e-01
2.615290405404704366e-01
2.615305266187436528e-01
2.616007714150147545e-01
2.619331834739190290e-01
2.619343921814198395e-01
2.619353358859347058e-01
2.619426588182271476e-01
2.619639986350393857e-01
2.619964198040568570e-01
2.620365462514028798e-01
2.621049025889237716e-01
2.621069160073209448e-01
2.621260141389194498e-01
2.621974188044318144e-01
2.622340173325198309e-01
2.623502654608512175e-01
2.624025596132031901e-01
2.624641564529107129e-01
2.626440130305178755e-01
2.626746429799874383e-01
2.626779049588097714e-01
2.626782160328136051e-01
2.627206117170075572e-01
2.627456513954061212e-01
2.627622370274642627e-01
2.627967615047158700e-01
2.628004412635524534e-01
2.628622142725487443e-01
2.628625721002010307e-01
2.630028454896675139e-01
2.630389432183469767e-01
2.630480900688018098e-01
2.630530466663670297e-01
2.630675534447439734e-01
2.631396337256188822e-01
2.631902779657501745e-01
2.632131564837529858e-01
2.632581123344767127e-01
2.632832163287399108e-01
2.633015003825424638e-01
2.634114806430992162e-01
2.634142941705930885e-01
2.634787810194006985e-01
2.635724784892023997e-01
2.636457980866800388e-01
2.637755593104396112e-01
2.637759612733485137e-01
2.637826178636172858e-01
2.637828782787887683e-01
2.637931683265702376e-01
2.639244142549388994e-01
2.639985366419017043e-01
2.640119668977362055e-01
2.640337410902953152e-01
2.640411537761697125e-01
2.641831853736255065e-01
2.642019161779984859e-01
2.642922724754658836e-01
2.643448676951830612e-01
2.644516073693693459e-01
2.644768301343544126e-01
2.645030691565408709e-01
2.645305976296571937e-01
2.647184671412851631e-01
2.648468189178194709e-01
2.649186581983639655e-01
2.649273857251152053e-01
2.651472297823798674e-01
2.651514267525599267e-01
2.652060120185922854e-01
2.653079225204439395e-01
2.653775627933407932e-01
2.654236085399046541e-01
2.655526646543768243e-01
2.655526689790121408e-01
2.656235353779434205e-01
2.656513957175619112e-01
2.656632688551471277e-01
2.656638917484732687e-01
2.657260448178661028e-01
2.658564951630378315e-01
2.658588559526697814e-01
2.659169806626840993e-01
2.659508587938722024e-01
2.659519756188498674e-01
2.659953666120102866e-01
2.660071308497849452e-01
2.660108399920727007e-01
2.660314631076529657e-01
2.660353695954996711e-01
2.660582513902349233e-01
2.660759743504358954e-01
2.661550377079017760e-01
2.662865218732088368e-01
2.662870506220820221e-01
2.663800777452038915e-01
2.663982213336243410e-01
2.663986639925938205e-01
2.666097765637237549e-01
2.666452258290804012e-01
2.666477708379491607e-01
2.666483650261650129e-01
2.666620403758445113e-01
2.666727548058871466e-01
2.667329442842864551e-01
2.667413586834650463e-01
2.668578389126398664e-01
2.669368941495970371e-01
2.669736237351496011e-01
2.671049696351052161e-01
2.671060661084825871e-01
2.671406526680228932e-01
2.671713088981417794e-01
2.671715985186445819e-01
2.672673039888686652e-01
2.673244617218643593e-01
2.673244640346599810e-01
2.675996481900033142e-01
2.676277053741332734e-01
2.677068231233801221e-01
2.677817753610102769e-01
2.677860710276668277e-01
2.678445945312112886e-01
2.678459266235101999e-01
2.678608461041828148e-01
2.679436184615018868e-01
2.679679139251093800e-01
2.683088124236779337e-01
2.683332308062041371e-01
2.683739606663501642e-01
2.685453870074960836e-01
2.685727132789382798e-01
2.685757191481318862e-01
2.685985461987225320e-01
2.686664782580604482e-01
2.686732761268348368e-01
2.686927048980902177e-01
2.687130062655619378e-01
2.687255860136099628e-01
2.687448803054280355e-01
2.687804902469481116e-01
2.687934840692087768e-01
2.688088752482505894e-01
2.689813798715904869e-01
2.691358193355593009e-01
2.691359729221033947e-01
2.692405011819929972e-01
2.692488368512876429e-01
2.692740726945015428e-01
2.693449551654552021e-01
2.693450052852139343e-01
2.696593669746610300e-01
2.698075391973464021e-01
2.698075498495129398e-01
2.698505523806486450e-01
2.698780277056288535e-01
2.698933871826252329e-01
2.698942967134253523e-01
2.698980996653994602e-01
2.699066942562719507e-01
2.699074059142672621e-01
2.699119043919562810e-01
2.699174199257860507e-01
2.699322073336428152e-01
2.699848482359000768e-01
2.700808038545537415e-01
2.701076619737503570e-01
2.701289605488000345e-01
2.701315142504623901e-01
2.701403387771962872e-01
2.702571127037896037e-01
2.702747660750617342e-01
2.703343312152204359e-01
2.703354687520055921e-01
2.703998855887286279e-01
2.704115362922251409e-01
2.704331772166175263e-01
2.704350928244071972e-01
2.704747893305856632e-01
2.706724527283835835e-01
2.706772762727551740e-01
2.706774067232342040e-01
2.707233191913065995e-01
2.707337372904101702e-01
2.707991106385781443e-01
2.708371013154438067e-01
2.709343363278961525e-01
2.709444919263971907e-01
2.709609418214728449e-01
2.709846050784202043e-01
2.710111213286029441e-01
2.710223977635854431e-01
2.711749823434232987e-01
2.712039182891597955e-01
2.713001905523115820e-01
2.713002223452632422e-01
2.714425183877454129e-01
2.714438216311600982e-01
2.715218754548281987e-01
2.715636712062642899e-01
2.716030164033775285e-01
2.716243076681640334e-01
2.716427664938848574e-01
2.716758934125376723e-01
2.716919475302848608e-01
2.717184885915462922e-01
2.718157064018557612e-01
2.718246805124501786e-01
2.718390641124153184e-01
2.718482528369758899e-01
2.718489448390516428e-01
2.718801908993548899e-01
2.719755185997449476e-01
2.720976284320131833e-01
2.721366979901476135e-01
2.722006031222860001e-01
2.722249809949145449e-01
2.722620205761769330e-01
2.722630919878358258e-01
2.723195310500513000e-01
2.723195536089832447e-01
2.724304540448229672e-01
2.725343771781211233e-01
2.725373359975785670e-01
2.725399804873842591e-01
2.725627675309290621e-01
2.725721390057551652e-01
2.726035428685922302e-01
2.726036050619374262e-01
2.726056144095171940e-01
2.732359041927198140e-01
2.732370538494685031e-01
2.733095152674580586e-01
2.733731696769690078e-01
2.733764576471578445e-01
2.734063221692821233e-01
2.734158730594302700e-01
2.734812017390990668e-01
2.734812093480289419e-01
2.736568413714776105e-01
2.738846439685168610e-01
2.738938743273250376e-01
2.740410495058065998e-01
2.740421025209335837e-01
2.740595353797098399e-01
2.742073997324531720e-01
2.742411874843895814e-01
2.743050046949786491e-01
2.743162056573077434e-01
2.744656397860139041e-01
2.745578141973741837e-01
2.745597294164540680e-01
2.746077058667482085e-01
2.746936041942468765e-01
2.747769647185098196e-01
2.748145223952619953e-01
2.748408470478813093e-01
2.748586355367502176e-01
2.749395895145932411e-01
2.749501422239351012e-01
2.749820376742929118e-01
2.750109768185505232e-01
2.750121035506557510e-01
2.750260889345000348e-01
2.752146250329978727e-01
2.752259929329128885e-01
2.752822972640466270e-01
2.753260639338573346e-01
2.753514661702944344e-01
2.753694501022265761e-01
2.754175707854217281e-01
2.755145282635448889e-01
2.755270388723312647e-01
2.755481745076376887e-01
2.755995794411466582e-01
2.757106250268310244e-01
2.758483524716377477e-01
2.758803770191398108e-01
2.759008520498279493e-01
2.759653151264789828e-01
2.759730212639747715e-01
2.761810687663092678e-01
2.762002880644600089e-01
2.762501435113398629e-01
2.763317226347414834e-01
2.763390382403868029e-01
2.763612412950672281e-01
2.763797449641353654e-01
2.763799384268570414e-01
2.763952415475130486e-01
2.765077398325510027e-01
2.765303222456909071e-01
2.765767460087237284e-01
2.767043958993400388e-01
2.767990646115287556e-01
2.769104626956321313e-01
2.769800390251838107e-01
2.769802729391730445e-01
2.770756539917623162e-01
2.770920960703246450e-01
2.770944897072424862e-01
2.773151568185783233e-01
2.774021220524749975e-01
2.774942652101498597e-01
2.775670346743022154e-01
2.775672662232910870e-01
2.775827973397899107e-01
2.775983252158831238e-01
2.776210469933952374e-01
2.777597585217754794e-01
2.778536371969967389e-01
2.778641015677593140e-01
2.779158776643013140e-01
2.779950292437821657e-01
2.780228031278400569e-01
2.780341747897313032e-01
2.781216666342408161e-01
2.781630917655089075e-01
2.781914766010777917e-01
2.782195714789080787e-01
2.783229996155482944e-01
2.783254469383894536e-01
2.783337733683194926e-01
2.783580240105803516e-01
2.783744937441350875e-01
2.784466084549678810e-01
2.785928200861996773e-01
2.786293591750571563e-01
2.786326272979059437e-01
2.786512494891064673e-01
2.787306168624665292e-01
2.787447543426753160e-01
2.788554872597173717e-01
2.789694455127070261e-01
2.789697240032465442e-01
2.791072031088471239e-01
2.791281938631480775e-01
2.791549964689072905e-01
2.791551751394141800e-01
2.792358015389034276e-01
2.792758992612130453e-01
2.793247980102274708e-01
2.793517764961749861e-01
2.794247762800337043e-01
2.794801256389804478e-01
2.794801324118825203e-01
2.795743351508692687e-01
2.796637579588520661e-01
2.797762612726049647e-01
2.797775015182153990e-01
2.798443242686423083e-01
2.798443247624405328e-01
2.798699335397721311e-01
2.799654720733472657e-01
2.799951854011560881e-01
2.800252012064808338e-01
2.800427229132481100e-01
2.800475562343799907e-01
2.800488811185091187e-01
2.800598696986354996e-01
2.800624534727454984e-01
2.801644440835546201e-01
2.801826932466091047e-01
2.803504012326080153e-01
2.805105639619243640e-01
2.805725304482342697e-01
2.805737180895553351e-01
2.806222281568123145e-01
2.807036837436430732e-01
2.807041706082565313e-01
2.808043678641495844e-01
2.808404543406045062e-01
2.808472709194705930e-01
2.808707422972873125e-01
2.808707884156534940e-01
2.809553362019723277e-01
2.810495473710989955e-01
2.810786739212657315e-01
2.811247949425844661e-01
2.811997395345868234e-01
2.813008468737910328e-01
2.815519524475867952e-01
2.815685003068044145e-01
2.816078922221869063e-01
2.816901453918193021e-01
2.817478707685044936e-01
2.818336402994822132e-01
2.818754508100059231e-01
2.818756464572946818e-01
2.819561078099445672e-01
2.819569504334930032e-01
2.821593788209458831e-01
2.822115936793203050e-01
2.822305254062110746e-01
2.822363167734116551e-01
2.822628873585104614e-01
2.822663703160790405e-01
2.822780186202276109e-01
2.822781292484715099e-01
2.824837545739989908e-01
2.824886748266234870e-01
2.826397444783235180e-01
2.826490903082360950e-01
2.826499215702797940e-01
2.827234224866389534e-01
2.827378198953778288e-01
2.827688935310397333e-01
2.828496021045607267e-01
2.829716529618269694e-01
2.829956730069262960e-01
2.830821917556683442e-01
2.830890874204516905e-01
2.831677241983013849e-01
2.832064745855800703e-01
2.832306018670126546e-01
2.832612849914313280e-01
2.833652670503976068e-01
2.833967495288518545e-01
2.834119332316676343e-01
2.834474057418610027e-01
2.834923050783539344e-01
2.835218323831946163e-01
2.835523613843231039e-01
2.836323921218121269e-01
2.836469743301378577e-01
2.836717117449165659e-01
2.836947816934556887e-01
2.838484223979401144e-01
2.839025874373253822e-01
2.839034456562903874e-01
2.839866625362277297e-01
2.839884812496882849e-01
2.840733162622485208e-01
2.841956117373948265e-01
2.842040022842319824e-01
2.842118642238057324e-01
2.842583461115077426e-01
2.842812115432213904e-01
2.844429432921863343e-01
2.844652214009933400e-01
2.845873975414996426e-01
2.846119880709871430e-01
2.848789321520663886e-01
2.849227525205754730e-01
2.849723767354581105e-01
2.849777105752239748e-01
2.850143611368605168e-01
2.850198853211604599e-01
2.850615182960332672e-01
2.852991850890534975e-01
2.853069690764347688e-01
2.853423050310087694e-01
2.853423954401464457e-01
2.854010488253502231e-01
2.854318188158207481e-01
2.854345549253503589e-01
2.856001866924395838e-01
2.856831868040146105e-01
2.857258840402381317e-01
2.857322981206047441e-01
2.857323447652714288e-01
2.858346148276748599e-01
2.858436142425526127e-01
2.859473326214201916e-01
2.859743919285277491e-01
2.860120971877694873e-01
2.860395055587093283e-01
2.860540737363299058e-01
2.861190794850535513e-01
2.862806438155315880e-01
2.862840677331782158e-01
2.864662326789761404e-01
2.867054395209851503e-01
2.867055857998948021e-01
2.867161563157919479e-01
2.867282972246777417e-01
2.867293385514904092e-01
2.867877343810978363e-01
2.868744722939337022e-01
2.868870268141858748e-01
2.869239633368518283e-01
2.870328986723754694e-01
2.870442845742848248e-01
2.870465255586787667e-01
2.870981214127819037e-01
2.871403380213154444e-01
2.871507287711951295e-01
2.871585783755618571e-01
2.872423124504857039e-01
2.873225050061350427e-01
2.873431691664507515e-01
2.873432256363716020e-01
2.873813727617983149e-01
2.873814163172005443e-01
2.874061453517000042e-01
2.874907826080731477e-01
2.875272167653852295e-01
2.875696927283958315e-01
2.875708994768060855e-01
2.876256036392065840e-01
2.876387998954472724e-01
2.877510568731094787e-01
2.878444566704326801e-01
2.878552638346738579e-01
2.878730807473104947e-01
2.878747636176883784e-01
2.878753926592458323e-01
2.878993563542540657e-01
2.879000930885263210e-01
2.879165386638621316e-01
2.879638220450849717e-01
2.880164608047127150e-01
2.880172279490832987e-01
2.880285830153805904e-01
2.880316444740139148e-01
2.881095812969874936e-01
2.881677794909835999e-01
2.881869942226573111e-01
2.882257841839738766e-01
2.882292760744456506e-01
2.883057273765611828e-01
2.883159223827521656e-01
2.883213061453327453e-01
2.883937801705920290e-01
2.883941256964619448e-01
2.885262229031079206e-01
2.885561550264025277e-01
2.886378399447271925e-01
2.887414123888432660e-01
2.888433391917901161e-01
2.888512983815866297e-01
2.890359974189948278e-01
2.891117710524241380e-01
2.891118045690608818e-01
2.891156612808233883e-01
2.891788670058260124e-01
2.892287978002601734e-01
2.893017764093602229e-01
2.893495769741688539e-01
2.894205390706218184e-01
2.895438593419134010e-01
2.895438603633259667e-01
2.895704487326693499e-01
2.896946618975093646e-01
2.897078660509370684e-01
2.897491068405907422e-01
2.898794700435954885e-01
2.899493939547811983e-01
2.900976641794151267e-01
2.901042434078655030e-01
2.902440480832767511e-01
2.902492894189285799e-01
2.903835683241917098e-01
2.903886671458380531e-01
2.904709331348581669e-01
2.904856503443664639e-01
2.904861411810231719e-01
2.905013915318842566e-01
2.906446375134167370e-01
2.906891235806022822e-01
2.907689064286388403e-01
2.908174498343344960e-01
2.908912399140448080e-01
2.909772312871859445e-01
2.909826845856546829e-01
2.910896278274267557e-01
2.910933658197925600e-01
2.911091696693062225e-01
2.912065899276697345e-01
2.912157264043163107e-01
2.912166642660286020e-01
2.912722621339898232e-01
2.913864713113927252e-01
2.914172218980817797e-01
2.914552021435729001e-01
2.914920668657571823e-01
2.915632441202746228e-01
2.916083687026597704e-01
2.916233200863741493e-01
2.916440896802585114e-01
2.916753443771655796e-01
2.916887438387323894e-01
2.917140492996148082e-01
2.917581229461423398e-01
2.917881642078772320e-01
2.918771865470554117e-01
2.920463811268972365e-01
2.920760984787962866e-01
2.921228542748234291e-01
2.921699869626930290e-01
2.922888655236565159e-01
2.922948600941268071e-01
2.923179447920192797e-01
2.923976229168712138e-01
2.924995391645852649e-01
2.926196435204975188e-01
2.927263161104617373e-01
2.927386293178664278e-01
2.927800117125536339e-01
2.928074473779181952e-01
2.928194196762963775e-01
2.928581766101057138e-01
2.928820251939877051e-01
2.930850977353724462e-01
2.931746790784011680e-01
2.931881291935575784e-01
2.932019817930295869e-01
2.932451107513726618e-01
2.932914776774986354e-01
2.933454378186552969e-01
2.934182184251924452e-01
2.934685044587805880e-01
2.936571182505122168e-01
2.936572259616153091e-01
2.936589192394276626e-01
2.936595468939988685e-01
2.938523636377460835e-01
2.938713567020776463e-01
2.939343889811542043e-01
2.940213227340641167e-01
2.940956156125655863e-01
2.941233361764653553e-01
2.941454840945477156e-01
2.941903286687114205e-01
2.941912739693367529e-01
2.943241131917363473e-01
2.944252886747147913e-01
2.945528247918364206e-01
2.946306341334197776e-01
2.946798430248724343e-01
2.946823147443054514e-01
2.946838060851308394e-01
2.946965478343710476e-01
2.948586470158950923e-01
2.949018367609954061e-01
2.949086296874922075e-01
2.949241407771923118e-01
2.950467612714330889e-01
2.950504548733215993e-01
2.951156020069236607e-01
2.951175576577627080e-01
2.953209045885674122e-01
2.953751416245009032e-01
2.955252843262831108e-01
2.955296350906717606e-01
2.955297204923136301e-01
2.955653686878397246e-01
2.956491746631553230e-01
2.956768944989932035e-01
2.957181240380985510e-01
2.957533791612261265e-01
2.958196149230317706e-01
2.958211844079076114e-01
2.958401361030492116e-01
2.961284928403870587e-01
2.961285514810891306e-01
2.961325108774538473e-01
2.962283710877149923e-01
2.963750351222118051e-01
2.965508469559326454e-01
2.966208122193079721e-01
2.966218807353530051e-01
2.966236462452601086e-01
2.966247131116551139e-01
2.967109625767565539e-01
2.967207874548560276e-01
2.967686552744836503e-01
2.967759128427172044e-01
2.967985521544169170e-01
2.968053157557185018e-01
2.968104918090199718e-01
2.968355584481735532e-01
2.968756393640342162e-01
2.971508776879597247e-01
2.972070944351620225e-01
2.972138288455892785e-01
2.972495887315270702e-01
2.972798599534521857e-01
2.973219818444369777e-01
2.973317176345161017e-01
2.975084349124085259e-01
2.975088122949126057e-01
2.977190986034993769e-01
2.977200421911180284e-01
2.978468154859058581e-01
2.979751589136593881e-01
2.979760706185716201e-01
2.979992114083717114e-01
2.980019676945490636e-01
2.981375385839407643e-01
2.981766652556791519e-01
2.982220664371704189e-01
2.982936196498175430e-01
2.983199077757068829e-01
2.983385130839149024e-01
2.984615884488097115e-01
2.985304216274436984e-01
2.985663620782197381e-01
2.986360863778830810e-01
2.987648830900548891e-01
2.987651426247289188e-01
2.987950612470031686e-01
2.987966994765504092e-01
2.988252305870384151e-01
2.988267260772031753e-01
2.990543496680680424e-01
2.990727965947758138e-01
2.991444601105707757e-01
2.991861874660177723e-01
2.992391610585868889e-01
2.992945576896838822e-01
2.994868409594389491e-01
2.994876508714972019e-01
2.995529872424931850e-01
2.995582176973447530e-01
2.995800720273897877e-01
2.995808255190516856e-01
2.997241119112352137e-01
2.997426369433243698e-01
2.998051599068184414e-01
2.998052657057095338e-01
2.998091782520829751e-01
2.998104582799934748e-01
2.998380940683205154e-01
2.998460625305212068e-01
2.998535692627311566e-01
3.000376933725455442e-01
3.000451643528937451e-01
3.001070834641347274e-01
3.001129063145331344e-01
3.001169315817261984e-01
3.001717347030894989e-01
3.002193539462961747e-01
3.002385445431710598e-01
3.004795463781187448e-01
3.005808747674014181e-01
3.006037149248918516e-01
3.006321500404329772e-01
3.006873099803611393e-01
3.006878441554856063e-01
3.006929050570971151e-01
3.007184330393050664e-01
3.008033692425064465e-01
3.008443841984905220e-01
3.009272058889089774e-01
3.009423307163595074e-01
3.009537142592222381e-01
3.011845098509063900e-01
3.011845121471982134e-01
3.011851804670330202e-01
3.012518568981618627e-01
3.012761489628663636e-01
3.012762473415835918e-01
3.013401171197969131e-01
3.013720165395036288e-01
3.014545405452341287e-01
3.014582406260192249e-01
3.015390549120580133e-01
3.015702017668007717e-01
3.015881871094592825e-01
3.016013607921808060e-01
3.016063602850981851e-01
3.016078911825190723e-01
3.016457738876015537e-01
3.017080017925972690e-01
3.017390059138389535e-01
3.017442777606698656e-01
3.017881173341414591e-01
3.018279341098049073e-01
3.019062170130666356e-01
3.019070686214712640e-01
3.019973902325338022e-01
3.020716609959833154e-01
3.021039297269383916e-01
3.021121030062575707e-01
3.021126372789989523e-01
3.021244453242952765e-01
3.021814784385081221e-01
3.022107023700596473e-01
3.022489533680459695e-01
3.022905312502712771e-01
3.024505207965452747e-01
3.024534813583821813e-01
3.024626453545179450e-01
3.024760888694721372e-01
3.025096407234006413e-01
3.025133663332181810e-01
3.025350662495238097e-01
3.026745489139819334e-01
3.026977168007767283e-01
3.027582028423053129e-01
3.028477261537837473e-01
3.028509722406006466e-01
3.028665459246790981e-01
3.029692613270794643e-01
3.029692681415147582e-01
3.030101129719617870e-01
3.031039875412085971e-01
3.031356086057293564e-01
3.033122633089923581e-01
3.033122649877578181e-01
3.033180653182555031e-01
3.033349517039066745e-01
3.033354131061397618e-01
3.033613650657595584e-01
3.034317847968045490e-01
3.034992939108042131e-01
3.035431595839125918e-01
3.035612156706800069e-01
3.036142412202221252e-01
3.036192094828077392e-01
3.037112389319970296e-01
3.037138867503659800e-01
3.037468806589094239e-01
3.037476816767414323e-01
3.037543466404882819e-01
3.037888219620850649e-01
3.037962349092198644e-01
3.040635330432430727e-01
3.040995014828419829e-01
3.041418995622455768e-01
3.041499151602950479e-01
3.043166198247510001e-01
3.043203743274997541e-01
3.043829222541024615e-01
3.044038178067302591e-01
3.044565561651767505e-01
3.045294043342444690e-01
3.045591167697571655e-01
3.045768334115213638e-01
3.046539763988928007e-01
3.047543676743947882e-01
3.047747264176245974e-01
3.048621886012647386e-01
3.050847246983001693e-01
3.051407425624821368e-01
3.051426647932053426e-01
3.051497220642810371e-01
3.053353323612668646e-01
3.053877394614938900e-01
3.053902497334303745e-01
3.054469754241001533e-01
3.054866529997039004e-01
3.055815863485795703e-01
3.055820259872819022e-01
3.056467048343139981e-01
3.056487510831677468e-01
3.058676604452061354e-01
3.058769993552674094e-01
3.059372094453063906e-01
3.059509773368263019e-01
3.060424387272682734e-01
3.060859494072721287e-01
3.061017179113070252e-01
3.061300541674873976e-01
3.061305071899869112e-01
3.061446984366156809e-01
3.062002575354258460e-01
3.063404751783556645e-01
3.064037436366138789e-01
3.064373162339229517e-01
3.064405052068221447e-01
3.064405114135963504e-01
3.064837944038074635e-01
3.065075379814610756e-01
3.065218455506813489e-01
3.065585871991109435e-01
3.066826667222098401e-01
3.066837759851359646e-01
3.068601591290659458e-01
3.070313900102400462e-01
3.070399769066616824e-01
3.070635817815875468e-01
3.071295120158307190e-01
3.071297773813788656e-01
3.072558244946843597e-01
3.072589276172384420e-01
3.072776415511673243e-01
3.072805207307137687e-01
3.073995946602526841e-01
3.075156200436145459e-01
3.075167552326311116e-01
3.075729622198811741e-01
3.075733101150823767e-01
3.075830518042956818e-01
3.076107028817253175e-01
3.076192929417654320e-01
3.076816452575349969e-01
3.076908725219002494e-01
3.076926595264963815e-01
3.076968632543446991e-01
3.078255245913686378e-01
3.079371539363359167e-01
3.079391569001629358e-01
3.079495609122702704e-01
3.079631963348752888e-01
3.080007803970825075e-01
3.080015947283331612e-01
3.080131695862288188e-01
3.081227233350900541e-01
3.082167778964267635e-01
3.082172017943655695e-01
3.082503442771045155e-01
3.082515078253921237e-01
3.084029279383707633e-01
3.084034191381674894e-01
3.084591154600817009e-01
3.085156617122794542e-01
3.085537683609652082e-01
3.085938696677707482e-01
3.086747934925637704e-01
3.087236311778737696e-01
3.087542360930772833e-01
3.087978614405332278e-01
3.089428325159632727e-01
3.089428455807952112e-01
3.089968053364605671e-01
3.090142533042299910e-01
3.090167649913985182e-01
3.090322169248697071e-01
3.091997993066786243e-01
3.092037845885283742e-01
3.092597161207575329e-01
3.092744305803419858e-01
3.093396830600140257e-01
3.094474337288350418e-01
3.095115404587553409e-01
3.095119976684375662e-01
3.095919098298546834e-01
3.096075196302658927e-01
3.096842966947500608e-01
3.097346441920417748e-01
3.097357195087652726e-01
3.097918980241843867e-01
3.097925482929670959e-01
3.098297002073674422e-01
3.099473861036360911e-01
3.099493399218550826e-01
3.099819256176279958e-01
3.099977821037537273e-01
3.100253824316795415e-01
3.100450387025173171e-01
3.100496653619801424e-01
3.100840029479824955e-01
3.100940368885936049e-01
3.100944852529646245e-01
3.101589240881794107e-01
3.104614617797582521e-01
3.105298976432100955e-01
3.105299197229456354e-01
3.106351529868364714e-01
3.106389797804218200e-01
3.106777937471609796e-01
3.106820187049203486e-01
3.107002538270874914e-01
3.107117564573179114e-01
3.107136207820139773e-01
3.108348095094086716e-01
3.108512714878792216e-01
3.109446936015002327e-01
3.109752308268229903e-01
3.109898628562688949e-01
3.109954071899509453e-01
3.111516234841099071e-01
3.111560295139200183e-01
3.113473569864383395e-01
3.115082790348732700e-01
3.115082799737632357e-01
3.115127708090141834e-01
3.115532914287901245e-01
3.115786102193693896e-01
3.116546205308687867e-01
3.117050217813935320e-01
3.117079047923920765e-01
3.120282536413261920e-01
3.120338505587210154e-01
3.121139577774502127e-01
3.121314695365356995e-01
3.122905876670333813e-01
3.123644681217051522e-01
3.123708090295921336e-01
3.123718096162812485e-01
3.123733355745383355e-01
3.124170815007236701e-01
3.124349577846851078e-01
3.124613849814393274e-01
3.124760000329837029e-01
3.124762798443144196e-01
3.125456719601344968e-01
3.126185296518156354e-01
3.127888307657652467e-01
3.127888562826843244e-01
3.128462513953504387e-01
3.128462634163096112e-01
3.130639800933632810e-01
3.131338525116603155e-01
3.131421446376936868e-01
3.131744232625814917e-01
3.131998017640379439e-01
3.132316661936934143e-01
3.133523821500729944e-01
3.133956568158369205e-01
3.134096569469527749e-01
3.135044587587173526e-01
3.135131544621920785e-01
3.135131662628299898e-01
3.135505682236731095e-01
3.137479891150703470e-01
3.137481656915787065e-01
3.138502255223226123e-01
3.139041140604901803e-01
3.139119813583829965e-01
3.139522917115240563e-01
3.139542385859338536e-01
3.139708347397998645e-01
3.141462017253959793e-01
3.141590548836478147e-01
3.142268537260581862e-01
3.142279279021444327e-01
3.144356928412333496e-01
3.144431633232600554e-01
3.144599010070054934e-01
3.146331052606639589e-01
3.146594291988004111e-01
3.146628273120558039e-01
3.146849177842663825e-01
3.146948079496528217e-01
3.147459542587765502e-01
3.147646862770246967e-01
3.148479661434939736e-01
3.148857714237097150e-01
3.148857716311470600e-01
3.149224098106698788e-01
3.149236317215231007e-01
3.151061829705176232e-01
3.151457766358174983e-01
3.151466333753452087e-01
3.151589599718336854e-01
3.151674608845643211e-01
3.152000139215162533e-01
3.152806661926714216e-01
3.152977906871122782e-01
3.152984974705159704e-01
3.153320429254980461e-01
3.153581014481847133e-01
3.153775433095714620e-01
3.154447940693884123e-01
3.154579716931826261e-01
3.155773799643424304e-01
3.155779100290703743e-01
3.156116834523166048e-01
3.156147807255098026e-01
3.157664595467162827e-01
3.158068640827372819e-01
3.158188144290677291e-01
3.158192880421510362e-01
3.158776088506038970e-01
3.158950698972438076e-01
3.160754430151302419e-01
3.160755042587284347e-01
3.162153250531847815e-01
3.165223258055277489e-01
3.165226893334802116e-01
3.165585086949371796e-01
3.165826014744534400e-01
3.165828721629929676e-01
3.167288460108597659e-01
3.167310759727084424e-01
3.168208309325907246e-01
3.169788142485934768e-01
3.170241941745758352e-01
3.170887200355027580e-01
3.170889082162751116e-01
3.171130543857617057e-01
3.171258485282404394e-01
3.171362278258078593e-01
3.172316983379345756e-01
3.172321356986451124e-01
3.173173853406349720e-01
3.173864850940540383e-01
3.175088834813363237e-01
3.175141108602799189e-01
3.175512889690354501e-01
3.175703788191934218e-01
3.176152065990944240e-01
3.176211821636406030e-01
3.178329797731971329e-01
3.178330993410798389e-01
3.179258085884600904e-01
3.179431841187302377e-01
3.179892645874262125e-01
3.179989012800760739e-01
3.181499029933633760e-01
3.181944487883600070e-01
3.181964856313695966e-01
3.182289481337246539e-01
3.182712999434659240e-01
3.182713044036378780e-01
3.182748469286190152e-01
3.184133923636879859e-01
3.184151478777546562e-01
3.184400158029486727e-01
3.186207706769009773e-01
3.186207718087133434e-01
3.186342797009475980e-01
3.186393190394935515e-01
3.186883990492451191e-01
3.187363322581524550e-01
3.190070138004475475e-01
3.190745269533510897e-01
3.191064423561911223e-01
3.191184193568921690e-01
3.191348731604302102e-01
3.191352901845427859e-01
3.191366784760310549e-01
3.191754793719169814e-01
3.192021399427431572e-01
3.192151205609635722e-01
3.194773541067848499e-01
3.194796944564459729e-01
3.195303148386470227e-01
3.195312420746506676e-01
3.197347041288955416e-01
3.197368416457531670e-01
3.198061583674576824e-01
3.198143653708894751e-01
3.198723144393382789e-01
3.202022932170334180e-01
3.203068196944313661e-01
3.204164609507291761e-01
3.204667621784977882e-01
3.204864341858863486e-01
3.205070814436870030e-01
3.205080783734727268e-01
3.206122263213828649e-01
3.206784405805789828e-01
3.206866526801046557e-01
3.207181280271341195e-01
3.207620333883937636e-01
3.208599989545183884e-01
3.208600602261537649e-01
3.208877943954653866e-01
3.210492462616151843e-01
3.210737991047335482e-01
3.210738092295367663e-01
3.210916907119329422e-01
3.210934114597085443e-01
3.211068692125234048e-01
3.211810225346846681e-01
3.211840450505212829e-01
3.212816528675034866e-01
3.213570858507807659e-01
3.214108475901641393e-01
3.214986144020652303e-01
3.215820856223336466e-01
3.216282776831276835e-01
3.216283124158588747e-01
3.217030360382862608e-01
3.217065851129172760e-01
3.217417510023250493e-01
3.217421166973341018e-01
3.218658445733234008e-01
3.219069554035137171e-01
3.219073625430663443e-01
3.219686735247578313e-01
3.219910014724566283e-01
3.220044383924892673e-01
3.220840106247549461e-01
3.221033629152917910e-01
3.221115777405503255e-01
3.222055782112599465e-01
3.222640798052068267e-01
3.223795961547418765e-01
3.223986265091063896e-01
3.224007242086953107e-01
3.224816230891943691e-01
3.225463682098632656e-01
3.225464914385436366e-01
3.226160241192734812e-01
3.226581899671505660e-01
3.226674994412395692e-01
3.227038731997120546e-01
3.227199469809102217e-01
3.227398434821359685e-01
3.227407694194400212e-01
3.227551727255735803e-01
3.230781625460830142e-01
3.232281155801897121e-01
3.232282944086040666e-01
3.232820306448205838e-01
3.232859478793811969e-01
3.233122904119065111e-01
3.233219684674685790e-01
3.233228983412326785e-01
3.233843544292721583e-01
3.235222298232840465e-01
3.235501819133828061e-01
3.237958447774003656e-01
3.238302864275772186e-01
3.238379035560902119e-01
3.238895234994546013e-01
3.239519341854288359e-01
3.239603401608647792e-01
3.240069088244449391e-01
3.240621489655783893e-01
3.240621898297863512e-01
3.241217801836288603e-01
3.242370279699431368e-01
3.242378316636072011e-01
3.242759887659045770e-01
3.242819388369430067e-01
3.242819388419262427e-01
3.242898153344079271e-01
3.243348163485054170e-01
3.243987453086545347e-01
3.244240475844066829e-01
3.244713217866768695e-01
3.245930359240329910e-01
3.246025355014194314e-01
3.246028949008009645e-01
3.246767703591888488e-01
3.247354791555392972e-01
3.247368065857115238e-01
3.247929031261562183e-01
3.248508439135573411e-01
3.248574485296679137e-01
3.248699426221855480e-01
3.248762331871015707e-01
3.251315928857815285e-01
3.251369262449202990e-01
3.252179149630815558e-01
3.252468460574628462e-01
3.253567875687205513e-01
3.255186599043306539e-01
3.255221133306633319e-01
3.255311534409315866e-01
3.255695873781512262e-01
3.256643622457074394e-01
3.256643626466164676e-01
3.256696375067908988e-01
3.258046700545947361e-01
3.258993584339193728e-01
3.259058436788457302e-01
3.259221500633125990e-01
3.259365550523335986e-01
3.260128549286491761e-01
3.260342756271155107e-01
3.261075886903928023e-01
3.261131843474644465e-01
3.261432043472969888e-01
3.261434429834748627e-01
3.261663279078361732e-01
3.261914385922966564e-01
3.263937401635395585e-01
3.263954155654979483e-01
3.264312569945814202e-01
3.264317435440167725e-01
3.265794594552589025e-01
3.266651599922744120e-01
3.267606862629635067e-01
3.268031137324183821e-01
3.268148427541118783e-01
3.268483488879581622e-01
3.268734611259930256e-01
3.269356630588332036e-01
3.269394759651260141e-01
3.271275651912138871e-01
3.271275653194517519e-01
3.272666419463927112e-01
3.272919278467517623e-01
3.273914944955109152e-01
3.273960549237575068e-01
3.274564375540073846e-01
3.274901800727544332e-01
3.275344210024355718e-01
3.277666487143274798e-01
3.277828291766540780e-01
3.278112569023176048e-01
3.279408493861486473e-01
3.279616832661660930e-01
3.279616841248338410e-01
3.280403876737080782e-01
3.280539825477259419e-01
3.281078202084440898e-01
3.281429444474243673e-01
3.283172014397678362e-01
3.283731487732638454e-01
3.284930204812339660e-01
3.285605069211959828e-01
3.285652976090734367e-01
3.285720160091316622e-01
3.285730408041016015e-01
3.286152757725733231e-01
3.286660878876176417e-01
3.287684754454303082e-01
3.289279933768599617e-01
3.289312393978980897e-01
3.289705149861922862e-01
3.291211566575135694e-01
3.292018134378684180e-01
3.292465951375586064e-01
3.293644176909778509e-01
3.293681613734040226e-01
3.293685099715391029e-01
3.294134943094206847e-01
3.295280791892927219e-01
3.296762440726520582e-01
3.297675934844654377e-01
3.298251841192607059e-01
3.298251841924414451e-01
3.299795142855722618e-01
3.299866929826247852e-01
3.300625634658403418e-01
3.301079517970841870e-01
3.301413324482925793e-01
3.302021329392879068e-01
3.302693567888663195e-01
3.302891143247801975e-01
3.303463808600424767e-01
3.304437120796372418e-01
3.304532265162432592e-01
3.304901183413683774e-01
3.304903006933379572e-01
3.305164730520300242e-01
3.305256273535177036e-01
3.305410962188334856e-01
3.307659332500935689e-01
3.307663387938055699e-01
3.308330737372711661e-01
3.308330737395985266e-01
3.308914313335945545e-01
3.309494020596982500e-01
3.309500518974917704e-01
3.309613641839421749e-01
3.310686614701686681e-01
3.310982464710525708e-01
3.310993293263193582e-01
3.312186806951722406e-01
3.312189988356444847e-01
3.312275632504242950e-01
3.312561229478117042e-01
3.312859429286779123e-01
3.313362897812767160e-01
3.313768034890657299e-01
3.315053150849610608e-01
3.315135987468423306e-01
3.315815517297587833e-01
3.316204844346104519e-01
3.317446298397188631e-01
3.318557382281363544e-01
3.318671300003260272e-01
3.319116929814557859e-01
3.319322299683992172e-01
3.319547378625115064e-01
3.319665711090257765e-01
3.319666788958887671e-01
3.320091605484790653e-01
3.321139333157953066e-01
3.321680583196499614e-01
3.321681900475563776e-01
3.322220665552387264e-01
3.322346322052424639e-01
3.323104248631273405e-01
3.323473447713702900e-01
3.323682865547373244e-01
3.325609371666925496e-01
3.326066521755163818e-01
3.326147328977842599e-01
3.326193613270071459e-01
3.328450651612470668e-01
3.328851363023839216e-01
3.328910485249295115e-01
3.328924672763823867e-01
3.329228227825478670e-01
3.329228792377757484e-01
3.329242786895147965e-01
3.330400739807276578e-01
3.331784687381598720e-01
3.331961995351628847e-01
3.331965434285010241e-01
3.332537018100643067e-01
3.334029321774513721e-01
3.334658774181485930e-01
3.334960054540775376e-01
3.334960080842597208e-01
3.335121515084340516e-01
3.335351202458042841e-01
3.336625327908209759e-01
3.336625335077559873e-01
3.337585153371010471e-01
3.337720062457701364e-01
3.339635339558436056e-01
3.340981925504379335e-01
3.341955998624961954e-01
3.341955998657770710e-01
3.342159697189082124e-01
3.342821120641138455e-01
3.342845177923381428e-01
3.342989663052972071e-01
3.343977994953428734e-01
3.344548758893956530e-01
3.344550974506410590e-01
3.344716648746628440e-01
3.344861020835346310e-01
3.344863492151020634e-01
3.345311258610099703e-01
3.345680931164299321e-01
3.345894535049281360e-01
3.345928320765406139e-01
3.346246707958492328e-01
3.346497681354935749e-01
3.347052543886134823e-01
3.347086503296333726e-01
3.347936170311206494e-01
3.350022581615511585e-01
3.350487326106047492e-01
3.351922358855293216e-01
3.351961078165882069e-01
3.352571059717233126e-01
3.352901762351600534e-01
3.352901876847254603e-01
3.353620608900483857e-01
3.353629247010719294e-01
3.354476316366506450e-01
3.354808270453352170e-01
3.355322841710123849e-01
3.355345127993374366e-01
3.355501337187538624e-01
3.356344503922990552e-01
3.356362512080389715e-01
3.357639856570749370e-01
3.357651399491081157e-01
3.357974979352219003e-01
3.358057583698776383e-01
3.358225232464490673e-01
3.358307193289374881e-01
3.358771725100904715e-01
3.358813840392221306e-01
3.360729953422464389e-01
3.360737564917117282e-01
3.361064632925711559e-01
3.361209965416873668e-01
3.361211005679690111e-01
3.361450425176384926e-01
3.362329744328325098e-01
3.362700946610016617e-01
3.363594285182369692e-01
3.363638653269203638e-01
3.363638659568023992e-01
3.364857007844000991e-01
3.365208817147254949e-01
3.365934074042345459e-01
3.366577495378075824e-01
3.369651388325016761e-01
3.369651783887955276e-01
3.369755498216705503e-01
3.369937409246288595e-01
3.371963437683032083e-01
3.372483717369993972e-01
3.372493201772712723e-01
3.373099025261524497e-01
3.373570348868120683e-01
3.374597350618184222e-01
3.375129600383083295e-01
3.375706059020321392e-01
3.375706600993422235e-01
3.377041160784522433e-01
3.377728808357227108e-01
3.378126567007168068e-01
3.378127966484005817e-01
3.378600642856551262e-01
3.378719227416359661e-01
3.379316600495393397e-01
3.379404654909042294e-01
3.380197763517987508e-01
3.380596112853980206e-01
3.380671618677054124e-01
3.381078644602014682e-01
3.381080275085098230e-01
3.382467704726020985e-01
3.382543559509794684e-01
3.383169567334439742e-01
3.384335821150574741e-01
3.384543143566839940e-01
3.386135296677124096e-01
3.386209141987533422e-01
3.387410392467135045e-01
3.387744418993600126e-01
3.387975539233479827e-01
3.387993453298944191e-01
3.388163041856817603e-01
3.388163142443005871e-01
3.388299383237678430e-01
3.388565626910579609e-01
3.388673786906965524e-01
3.389672239110592122e-01
3.389682646292196955e-01
3.392009575042011504e-01
3.392010206095690261e-01
3.393943506077503058e-01
3.395043271669243024e-01
3.395399162371076085e-01
3.395550213018788122e-01
3.395677952234915087e-01
3.395744129070766282e-01
3.395744370654311117e-01
3.395937002124187476e-01
3.398452365239785222e-01
3.401832072219188041e-01
3.403689710825521519e-01
3.403775614427370644e-01
3.403897836159144319e-01
3.405515704201384497e-01
3.405528428527138107e-01
3.405531525743308308e-01
3.405630946040154039e-01
3.405631308126751966e-01
3.406069353761705387e-01
3.406330238110942821e-01
3.406532877437220552e-01
3.406634815189580889e-01
3.406839590677498975e-01
3.407506467610795231e-01
3.407585881662112404e-01
3.409361752775424415e-01
3.411427939097492756e-01
3.411986250851247737e-01
3.412048124207249788e-01
3.412050583468778098e-01
3.412594312199342395e-01
3.415537262948832864e-01
3.415537482124296753e-01
3.416135288254861235e-01
3.417036153116784769e-01
3.417935853122014422e-01
3.417935853126569667e-01
3.418386045132869588e-01
3.420046552300962106e-01
3.420560098577719033e-01
3.420605736069621261e-01
3.420608825278445564e-01
3.420758254466636505e-01
3.421098828197382535e-01
3.421292854524372595e-01
3.421293417686272487e-01
3.422185160928966630e-01
3.422988377429103668e-01
3.423369623302918718e-01
3.424178998891295733e-01
3.424207060119989210e-01
3.424470541184245209e-01
3.425271123983947286e-01
3.425632452402499473e-01
3.425741515770860945e-01
3.426092500970588373e-01
3.426476349878254113e-01
3.427569558585756293e-01
3.427570699310374391e-01
3.427785812155291767e-01
3.428368477834979888e-01
3.428410329127451472e-01
3.428838554282139794e-01
3.429058840199946112e-01
3.429072426818942643e-01
3.429351821428809344e-01
3.430978233131367627e-01
3.430978249817521752e-01
3.432143031303772074e-01
3.434884912686553271e-01
3.435408201767068959e-01
3.436202320077736405e-01
3.437147282487394429e-01
3.437245324734425345e-01
3.437245324736926122e-01
3.437643166954253982e-01
3.438848387086888003e-01
3.439302547669989552e-01
3.442416245693226129e-01
3.443485304090251886e-01
3.443581417315582649e-01
3.444096779362182392e-01
3.445336314241270737e-01
3.446611274271150216e-01
3.446611274307344042e-01
3.446837080970625578e-01
3.446838756880347132e-01
3.447070561963331281e-01
3.449418058114619434e-01
3.449437280783080872e-01
3.449671894556870511e-01
3.449682975418269515e-01
3.449747906075470993e-01
3.450049182220359389e-01
3.450059991342201982e-01
3.451761167720721057e-01
3.453018199333532934e-01
3.454050082215520123e-01
3.454058770371283282e-01
3.455245475660553844e-01
3.455350626746708231e-01
3.455376555108425896e-01
3.455576571554658805e-01
3.455576960218066374e-01
3.455735091174398921e-01
3.456571707074999056e-01
3.456571761497916340e-01
3.459446118931573388e-01
3.459514290453417074e-01
3.460602349733410965e-01
3.460953325564311567e-01
3.460953325567930339e-01
3.461678435856901381e-01
3.461685305038987304e-01
3.461857727062415679e-01
3.462609999629587820e-01
3.464042511245739586e-01
3.464222979961557036e-01
3.464386996618805115e-01
3.464652447682157743e-01
3.465677110868791155e-01
3.466100069349679069e-01
3.466435573628964262e-01
3.466917480850558730e-01
3.467407157719220034e-01
3.468322166269585116e-01
3.468978926158053921e-01
3.468992579252994646e-01
3.469304002224304906e-01
3.469304003991526275e-01
3.472133651756511008e-01
3.472405637355338581e-01
3.472535840331188450e-01
3.472566839364902291e-01
3.474215724341084832e-01
3.474870550936465796e-01
3.475020767406127309e-01
3.475212887647881055e-01
3.475628533529787623e-01
3.475628618016237681e-01
3.477507852954503931e-01
3.477558637754593618e-01
3.479546758199665302e-01
3.480384777991732959e-01
3.480766216781110423e-01
3.480951934540195136e-01
3.481846852142945203e-01
3.482430007395368454e-01
3.482430057454561911e-01
3.482619296025425415e-01
3.486480866640152554e-01
3.486482236702924675e-01
3.487247755791313408e-01
3.488405790143196405e-01
3.488483898583144005e-01
3.489448938386650045e-01
3.490388066895593888e-01
3.490388068370465224e-01
3.490418311555156250e-01
3.491564504601609720e-01
3.491936068711125052e-01
3.493284158848487531e-01
3.493300661759002335e-01
3.493300670544446929e-01
3.493686752718522803e-01
3.493767479310567747e-01
3.494052160555566888e-01
3.495563562709586014e-01
3.496063461480564682e-01
3.496078796852929993e-01
3.496226825996709420e-01
3.496227108053776567e-01
3.497011600659145625e-01
3.497414828745000759e-01
3.497414830455118362e-01
3.498736489591237064e-01
3.499663869769844005e-01
3.500083466170320623e-01
3.501294666099637465e-01
3.501298773704695777e-01
3.501768379407623755e-01
3.502184771742989366e-01
3.503000525769414120e-01
3.503039008683222488e-01
3.503771324176274127e-01
3.503772538262743264e-01
3.504383825082792447e-01
3.506334940055969018e-01
3.506997866696979216e-01
3.508950292667612492e-01
3.508979744339622564e-01
3.509026086285996771e-01
3.509536700903904682e-01
3.509649758829687660e-01
3.510008004959847550e-01
3.510578304844845232e-01
3.510579567770771292e-01
3.510584538879037431e-01
3.512223603658972682e-01
3.512358052501282635e-01
3.512709900114441286e-01
3.512710399295348451e-01
3.514507391622769261e-01
3.515625040151539316e-01
3.515754801530103779e-01
3.515758549282075318e-01
3.516255169850345252e-01
3.517411554597660306e-01
3.520418814122675544e-01
3.520473597665658705e-01
3.520473597668250521e-01
3.521824061508050385e-01
3.521897053535150701e-01
3.521897133363649512e-01
3.522984051732853117e-01
3.523365701101335290e-01
3.523701359359752705e-01
3.523821022162285099e-01
3.523821989606346072e-01
3.524476395390834793e-01
3.524477380842808705e-01
3.524874947895116906e-01
3.525973288648441284e-01
3.526017252831283866e-01
3.526026050386092958e-01
3.527139426187257953e-01
3.528282996896340284e-01
3.529018151818836269e-01
3.529107046470646436e-01
3.529212545862888684e-01
3.530026303784144504e-01
3.530026610765835682e-01
3.530846136017449233e-01
3.530858203725315558e-01
3.532254850710134786e-01
3.532263763037488125e-01
3.533760787059383457e-01
3.535549178585881136e-01
3.536941241158126359e-01
3.537466504370034848e-01
3.537532723035257121e-01
3.537677707944326122e-01
3.538209204624455095e-01
3.538966039204115566e-01
3.541609438255498010e-01
3.541967417178504274e-01
3.542519051765629090e-01
3.543050585197019542e-01
3.544377882242331079e-01
3.544467493903774025e-01
3.545968425310920824e-01
3.546792159441779502e-01
3.547764326801605139e-01
3.548720960376154920e-01
3.548725842450179968e-01
3.548744523000423312e-01
3.549033737769032859e-01
3.549858234301922488e-01
3.549859879946817842e-01
3.550306926279997999e-01
3.550919717322880143e-01
3.550931692803777628e-01
3.552140621654134023e-01
3.553352140448288732e-01
3.553397691726071783e-01
3.553585051702023434e-01
3.555002522527251907e-01
3.556210205552845505e-01
3.556258125264310510e-01
3.556258241037319467e-01
3.556860328293844908e-01
3.556876171860314240e-01
3.557629399171194362e-01
3.557631504223488506e-01
3.557837146284965613e-01
3.558375033195565473e-01
3.559600634213133108e-01
3.559616671764846418e-01
3.559755376300279273e-01
3.559799969418263599e-01
3.559843472560866307e-01
3.562361120921584967e-01
3.562742159532528152e-01
3.563009558931552467e-01
3.563467433055720335e-01
3.564617389283593063e-01
3.564734404882451413e-01
3.566692101267712189e-01
3.566856538944153110e-01
3.567763986514944086e-01
3.568049391006941629e-01
3.569180971311444184e-01
3.570735368612443783e-01
3.570736545111143356e-01
3.570970404498078343e-01
3.570974194793927747e-01
3.571801204266724095e-01
3.572593798703374568e-01
3.572708644480763196e-01
3.572952945211650411e-01
3.572953099971835633e-01
3.573200869735670970e-01
3.573223052284405510e-01
3.574280370769123971e-01
3.578259258318298164e-01
3.578282763638036545e-01
3.579750666384723945e-01
3.580131488216232172e-01
3.580207595970550938e-01
3.580536674175458511e-01
3.580537359718899970e-01
3.580561770925601572e-01
3.581299321864104268e-01
3.581575635197279950e-01
3.581640593238986647e-01
3.582066421322049887e-01
3.584225167670604950e-01
3.584408854138195211e-01
3.584482081590946168e-01
3.584850681153600171e-01
3.584936793819286094e-01
3.587197950804933977e-01
3.587605025850009732e-01
3.587882269436035165e-01
3.587933272077423741e-01
3.588109549969970558e-01
3.588694504391694018e-01
3.589167860898409557e-01
3.589328810079468468e-01
3.590761179033493122e-01
3.591348379831646453e-01
3.591463674370221626e-01
3.593344638867583263e-01
3.593355564532162427e-01
3.597361230194301429e-01
3.597484066951386894e-01
3.598503057358552470e-01
3.599843213068816827e-01
3.599882751256492930e-01
3.600928203326454469e-01
3.601385564895704938e-01
3.603064794097226020e-01
3.603064794142816774e-01
3.603317385866511291e-01
3.605146476505377007e-01
3.605213769033472904e-01
3.605532217046751309e-01
3.605575298845852816e-01
3.606756342718376862e-01
3.606756342747355903e-01
3.606784838246323011e-01
3.606997602664504532e-01
3.607236162279515712e-01
3.607236347101153151e-01
3.607751112092104639e-01
3.608025564122087081e-01
3.609599737637571581e-01
3.611868397277210874e-01
3.612806460303449874e-01
3.613573108096310715e-01
3.613578131098098001e-01
3.613716459125979608e-01
3.614071565082452309e-01
3.614200088171837244e-01
3.614212463863493707e-01
3.614992333406330527e-01
3.615035607402264928e-01
3.615425255108117297e-01
3.615425263020192181e-01
3.616083752610008695e-01
3.617373507713756431e-01
3.618027388218191254e-01
3.619402583259002104e-01
3.619412054117339683e-01
3.620985218612936540e-01
3.622071977147500732e-01
3.622160421978777856e-01
3.622663380069948702e-01
3.622672017426640245e-01
3.623117885809793992e-01
3.623118815295003348e-01
3.623707888787615627e-01
3.625307585806415989e-01
3.625646146717941276e-01
3.625684301308199631e-01
3.627675990118937599e-01
3.629376210935819080e-01
3.629416387407586875e-01
3.629816910029600163e-01
3.630349988301607711e-01
3.630901390413484031e-01
3.630994994797142050e-01
3.632080467689355885e-01
3.634182860751054567e-01
3.634861878504855870e-01
3.634905161836359810e-01
3.636422590290001589e-01
3.636751692829732208e-01
3.636751693705928545e-01
3.637786464462942626e-01
3.637792142330956158e-01
3.638409554025114900e-01
3.639026093288310615e-01
3.639026131804629083e-01
3.641810383142941587e-01
3.641810389370448986e-01
3.642223136325436483e-01
3.642267955403940549e-01
3.642820395756561913e-01
3.643607297142458235e-01
3.643844000736174427e-01
3.643958145873729682e-01
3.644355271886721148e-01
3.645562762765104381e-01
3.646571747652268547e-01
3.646611642230795369e-01
3.646617393618556968e-01
3.646815747141278208e-01
3.648121744616443229e-01
3.648175613843044895e-01
3.648261522220883624e-01
3.649182624503654604e-01
3.649182778189589138e-01
3.650474917455841517e-01
3.650485057222953578e-01
3.651151420980854323e-01
3.651175280297900283e-01
3.651641380371508649e-01
3.653274077617641447e-01
3.653301204724972440e-01
3.654411049145306345e-01
3.654411049154033253e-01
3.654443616587652044e-01
3.654570177907385808e-01
3.656472740207195038e-01
3.657418671691224921e-01
3.657865999088796838e-01
3.658990256919773532e-01
3.659551984841965533e-01
3.659555452999391223e-01
3.659609720491819873e-01
3.662579898789115052e-01
3.662729601377201494e-01
3.662731789832649465e-01
3.662751598229295191e-01
3.663575684949406663e-01
3.666029238652475652e-01
3.667301831409772728e-01
3.670929504910379060e-01
3.671016835995406513e-01
3.671545943847332460e-01
3.672804009470828634e-01
3.672875830438505629e-01
3.674086682358229661e-01
3.674116864843391395e-01
3.675583262213565905e-01
3.676114030288130108e-01
3.676114199507585778e-01
3.677132275981689902e-01
3.677370859638206535e-01
3.677832658966920798e-01
3.677871689437666181e-01
3.678054367181395334e-01
3.680594254006409605e-01
3.684000219722654568e-01
3.684490426440507616e-01
3.684746272142778722e-01
3.684992926288447879e-01
3.685098008556575433e-01
3.685208672499730720e-01
3.685349062830997058e-01
3.685689536294882163e-01
3.686666140387053203e-01
3.687006509635835649e-01
3.688714778649364590e-01
3.689956660418264311e-01
3.690279047737652918e-01
3.690419067449128843e-01
3.690419875439946984e-01
3.691343399724728025e-01
3.691526777908759049e-01
3.691526777917009117e-01
3.691688652326813314e-01
3.691689504315049941e-01
3.691901310487544219e-01
3.692667329668612441e-01
3.692667348307170916e-01
3.693681502632243929e-01
3.694043664576392438e-01
3.694052258442513392e-01
3.694662839090402384e-01
3.697235799232369002e-01
3.697479443625075746e-01
3.698255248118588745e-01
3.700023573383580122e-01
3.701243910992185748e-01
3.705535506762445142e-01
3.705720715914563312e-01
3.706436208358634965e-01
3.706785536551074900e-01
3.708310843719627159e-01
3.709626562691110685e-01
3.709638336130745562e-01
3.711162458484407178e-01
3.711528124756244273e-01
3.711528124786221405e-01
3.712916021283194645e-01
3.713016881072221942e-01
3.713615775786600626e-01
3.714155256657437620e-01
3.714441880586675793e-01
3.714441972028020289e-01
3.714917526233616485e-01
3.716631960800591550e-01
3.716656288992929436e-01
3.717530397404888443e-01
3.718696540477666734e-01
3.719398478599986180e-01
3.719399344627876691e-01
3.719695463447498240e-01
3.719726118047768093e-01
3.720162057019597013e-01
3.720202952410482378e-01
3.720646355500413227e-01
3.720646356255246645e-01
3.724481112632038182e-01
3.724663928599720175e-01
3.725359031764819417e-01
3.725394504674950369e-01
3.725601690098946372e-01
3.725786044836597033e-01
3.725796286270587343e-01
3.725857082320484515e-01
3.726230365570402658e-01
3.726872569090520226e-01
3.726883550184130756e-01
3.727355090515626634e-01
3.727629445278065612e-01
3.727758316561185503e-01
3.728430091870356677e-01
3.728506813578982282e-01
3.729557653825115171e-01
3.729677817357734959e-01
3.730305252310084363e-01
3.730388780647246882e-01
3.731207545770343637e-01
3.732064220346054118e-01
3.733052919291739991e-01
3.733528816950468787e-01
3.737862642935955715e-01
3.737972246733866633e-01
3.738216778493270720e-01
3.741320574670805588e-01
3.741326506752670200e-01
3.741672532984757771e-01
3.741672666930851432e-01
3.741740595732612196e-01
3.742863888445275844e-01
3.743479003634037627e-01
3.745484863274937681e-01
3.747383671821062912e-01
3.748275207203344839e-01
3.748655521439109850e-01
3.750694800879332824e-01
3.752239026266673827e-01
3.752514505520903043e-01
3.752578203663390344e-01
3.752629995127159668e-01
3.752629995174446287e-01
3.752998572668213573e-01
3.753066199505327161e-01
3.754975652142344966e-01
3.755569963893832797e-01
3.758742924421339393e-01
3.758890871373845033e-01
3.759061968515518548e-01
3.759116093723930407e-01
3.759770981080523544e-01
3.759814047416224492e-01
3.760699155102942837e-01
3.760711982042074797e-01
3.762674913607146343e-01
3.762681246916710354e-01
3.763868743064018862e-01
3.764104314656111505e-01
3.765422308127548412e-01
3.765695216370925080e-01
3.766769309601026849e-01
3.766840760339250083e-01
3.766858039220580268e-01
3.770329987133519967e-01
3.772203453066306222e-01
3.772743337096463589e-01
3.774185788259328822e-01
3.774385666609065271e-01
3.776202973926603979e-01
3.776203079190965650e-01
3.776700636046389503e-01
3.776702081644762177e-01
3.776946661705857800e-01
3.778115752274260331e-01
3.778148246822786160e-01
3.778159736492715526e-01
3.778282129593842353e-01
3.778937865346768121e-01
3.778991043307190489e-01
3.779648365572367275e-01
3.779798928356372101e-01
3.780895731466838439e-01
3.780895753563650596e-01
3.783593933224032591e-01
3.785720015780674186e-01
3.786938498282508281e-01
3.787150507153669299e-01
3.787796681547568878e-01
3.787796681552075828e-01
3.787901979002912811e-01
3.788885863961795608e-01
3.788888729117372844e-01
3.794165540561930672e-01
3.797104631619664383e-01
3.797171797457478126e-01
3.797253302180944035e-01
3.797345646516328554e-01
3.798374863480423747e-01
3.799068988312730433e-01
3.799105547040103059e-01
3.800200287102150076e-01
3.800200438252594459e-01
3.801578622835546373e-01
3.801827115233735177e-01
3.801843686658427091e-01
3.802022709851814453e-01
3.802081896658435767e-01
3.802376921001543453e-01
3.803226254156067410e-01
3.803792933675288479e-01
3.803910409175227381e-01
3.804077006749382872e-01
3.804271849863298249e-01
3.806890747800405483e-01
3.806892163931421269e-01
3.807199237235762146e-01
3.807225006607133921e-01
3.808437638482864429e-01
3.812038628205536295e-01
3.812038628244198701e-01
3.812174492321521724e-01
3.812376620440727226e-01
3.812514623790156931e-01
3.813271403586671049e-01
3.813674642743668519e-01
3.814350771790134265e-01
3.815945733813352336e-01
3.819517415247802861e-01
3.821319769730243121e-01
3.821320369294455288e-01
3.823261815715884859e-01
3.824962733952552707e-01
3.825130310124219557e-01
3.825130344390986759e-01
3.826192553260151508e-01
3.826194226802862031e-01
3.826251983432035764e-01
3.826252156839599072e-01
3.826730644784050450e-01
3.826955096959548386e-01
3.828172666048150763e-01
3.828860138128822310e-01
3.831229999855247370e-01
3.831542209214637285e-01
3.832071516328031113e-01
3.833489048324745241e-01
3.834442795990298247e-01
3.835216366620783912e-01
3.835349361668571322e-01
3.838334761482100066e-01
3.839500092958145760e-01
3.841347856392267057e-01
3.842684118195628384e-01
3.844322042493161784e-01
3.844501786233049945e-01
3.844612987575329321e-01
3.846857251428411617e-01
3.846899267159449853e-01
3.848965766311973069e-01
3.849147642470761577e-01
3.849904282642247488e-01
3.849914079000027467e-01
3.850791975886255214e-01
3.851466003138050986e-01
3.852199196709947260e-01
3.852528475381918338e-01
3.854219370496381747e-01
3.854290165317284522e-01
3.854524301663669883e-01
3.857469903086250262e-01
3.857470413977960311e-01
3.858943909954014040e-01
3.859340759341536309e-01
3.860318391244680347e-01
3.860319046335633497e-01
3.860738730037430178e-01
3.860983721516957901e-01
3.861463177654032020e-01
3.861488970074229976e-01
3.861641448932431331e-01
3.861956217766190358e-01
3.863636711664641399e-01
3.866431083237349964e-01
3.866476149251172334e-01
3.867895362856978436e-01
3.868148162525974487e-01
3.868168544820540511e-01
3.868175265977158439e-01
3.868175354454784221e-01
3.870250442441579564e-01
3.870251417787193282e-01
3.870438794385099857e-01
3.870448312471063135e-01
3.871497648609112385e-01
3.871586677451677172e-01
3.875516511366043360e-01
3.875788899862767090e-01
3.875822603828744661e-01
3.875841242904462525e-01
3.876033187868755392e-01
3.877762201649777030e-01
3.878627788594060100e-01
3.878627793566174486e-01
3.879395879259654456e-01
3.879403026874498339e-01
3.881491013504193566e-01
3.881507932119949711e-01
3.882154487498117867e-01
3.884720066822034967e-01
3.884750273076485461e-01
3.885689527645738717e-01
3.886246562438431251e-01
3.888354755441865152e-01
3.888376125070704403e-01
3.889322004935914512e-01
3.891985570491499624e-01
3.892051655341520200e-01
3.893040158083083124e-01
3.893042643749003440e-01
3.894107857192530275e-01
3.894126697840454288e-01
3.895525253664769982e-01
3.896191194356144472e-01
3.897533604596283285e-01
3.897889001236438666e-01
3.899022348628416457e-01
3.899150972266471893e-01
3.899562653877794438e-01
3.900024719756422509e-01
3.902561616391768684e-01
3.903052287723312586e-01
3.904798393236804110e-01
3.905079435015309519e-01
3.905881309334441887e-01
3.906494197471949703e-01
3.908626366757286807e-01
3.910305954905375359e-01
3.910314147533492934e-01
3.912289400705301068e-01
3.912545043466161832e-01
3.912545589426937864e-01
3.914505296809913104e-01
3.915338530585255050e-01
3.915403603221792594e-01
3.916898935200215925e-01
3.920366278821236783e-01
3.920622256858976584e-01
3.920738843394563355e-01
3.921206114204144888e-01
3.921534386167306874e-01
3.921623933921851157e-01
3.922988370557342064e-01
3.923525284969260341e-01
3.923525285004036967e-01
3.923884150164766438e-01
3.926735430428820450e-01
3.926916194688024331e-01
3.927876332754488553e-01
3.927937001750437251e-01
3.929501557192544570e-01
3.929510803950860831e-01
3.930428491157456627e-01
3.930529550128119554e-01
3.931880755617440104e-01
3.931929973458558325e-01
3.932049338468923128e-01
3.933600533481200201e-01
3.933611582105411841e-01
3.936691861098123302e-01
3.938021647374820300e-01
3.938839819654627594e-01
3.939737239868671970e-01
3.940591803989748620e-01
3.940623878529792012e-01
3.940624715424240199e-01
3.940713234371834850e-01
3.941380918294156710e-01
3.941681842737227992e-01
3.943761574735623610e-01
3.943761574743632758e-01
3.943920192561701787e-01
3.944630505501435791e-01
3.944648455289412325e-01
3.945572589851296108e-01
3.945572996156870849e-01
3.950887751819546767e-01
3.951285955046997533e-01
3.952123638098278269e-01
3.952123791769365790e-01
3.955211401174983377e-01
3.955218552007093713e-01
3.955494436287736448e-01
3.955731211924622404e-01
3.955739302391864110e-01
3.955745461639030292e-01
3.955994864790687848e-01
3.956520539068629772e-01
3.957477913774442579e-01
3.958113601213749666e-01
3.958550130918801480e-01
3.958575137772702979e-01
3.960694106045213880e-01
3.962036203865157424e-01
3.963348269161272586e-01
3.964029566273669647e-01
3.969807067076031593e-01
3.969807483638541079e-01
3.969943164245848810e-01
3.970146167181067831e-01
3.970223340810553059e-01
3.972129810522753712e-01
3.972144719247535094e-01
3.972860571850911904e-01
3.973868252582279936e-01
3.974113234655226035e-01
3.975119845000177343e-01
3.975345914533984781e-01
3.975578718476742712e-01
3.976902022580894314e-01
3.977067425695382519e-01
3.977088396637111223e-01
3.979354763374077786e-01
3.980819836912761756e-01
3.980998440263841531e-01
3.981205587930107814e-01
3.981527193874873638e-01
3.983961168868109248e-01
3.984254608555772292e-01
3.985776740845741184e-01
3.985818480126754326e-01
3.986716837374405520e-01
3.986716850993529682e-01
3.986909208843489871e-01
3.986946829450953023e-01
3.990772165423377427e-01
3.990774002961210987e-01
3.991719222962164526e-01
3.991802387684499909e-01
3.992331614933466999e-01
3.992348261287661515e-01
3.994344837493811196e-01
3.995468354647286335e-01
3.995468358839204814e-01
3.999241768500248484e-01
3.999655866745081556e-01
4.002030543315616140e-01
4.003161604331420542e-01
4.003416982584425132e-01
4.003800741655157980e-01
4.003964226912231639e-01
4.004706388497032421e-01
4.004754359278290821e-01
4.006563826676103335e-01
4.006675730903380139e-01
4.007761707335442125e-01
4.007777858389282022e-01
4.013039553059779552e-01
4.014356364661739729e-01
4.014732588222351128e-01
4.015558499073720311e-01
4.015883522058293353e-01
4.016301387280156732e-01
4.018143355539959827e-01
4.018262383498006352e-01
4.020929415877277369e-01
4.021598857423624995e-01
4.021598907918021437e-01
4.029004125584623730e-01
4.029042006489836902e-01
4.031290753927747605e-01
4.031352320454661409e-01
4.033556303026121226e-01
4.033815944293933642e-01
4.033842677323809522e-01
4.034395625083477821e-01
4.035001400973095564e-01
4.037050731869243902e-01
4.037058975810810524e-01
4.038090167948999998e-01
4.038149047067333686e-01
4.038441247651161081e-01
4.038476432064021515e-01
4.038914007777752446e-01
4.038941632890986622e-01
4.040114728946376799e-01
4.040325067976356932e-01
4.041692303326382407e-01
4.042708928869050977e-01
4.042714685687358034e-01
4.045661321139022437e-01
4.045695962364648790e-01
4.047898413892523362e-01
4.049381045567955750e-01
4.050836501003535761e-01
4.051285904509279723e-01
4.053083711290749735e-01
4.053857575137828628e-01
4.054194610801020171e-01
4.054209858755840612e-01
4.054300712909719717e-01
4.054760725306835734e-01
4.055052189551649477e-01
4.056370407323559024e-01
4.058422597170099899e-01
4.058438231361270465e-01
4.060814343596994558e-01
4.061243401648711449e-01
4.063768298258016998e-01
4.064768577553154461e-01
4.064777720606694289e-01
4.065241917304684982e-01
4.065469303699582593e-01
4.066334822845768526e-01
4.066424312973552224e-01
4.070363430887267708e-01
4.070890149250588341e-01
4.070969284155233625e-01
4.071660203723604932e-01
4.071866513483175520e-01
4.073358973630326618e-01
4.073413124366150884e-01
4.073446534268621022e-01
4.076200836802686411e-01
4.078043378430891153e-01
4.078369478663852465e-01
4.079996843935772555e-01
4.080277142961368231e-01
4.080341580066956242e-01
4.080341580078243324e-01
4.080499296277447785e-01
4.080512560184215709e-01
4.082807821455790021e-01
4.084254715533517932e-01
4.085683775395136941e-01
4.085923790213684126e-01
4.087925626282807867e-01
4.089078946884407983e-01
4.089146990514308522e-01
4.090070006123504021e-01
4.090320136641632520e-01
4.090335830097633907e-01
4.090699749079812486e-01
4.090932721629920166e-01
4.093827871691728126e-01
4.094094018211653641e-01
4.099109683646645075e-01
4.100413932235675851e-01
4.101016555237368411e-01
4.101198024934295527e-01
4.101198315402786454e-01
4.101678396565590634e-01
4.102332165905362982e-01
4.103699720005950513e-01
4.103791284473156109e-01
4.104830751962091351e-01
4.104864523607780202e-01
4.106077919213004246e-01
4.106087456587692586e-01
4.107886101381599819e-01
4.109028484291826766e-01
4.110553591487936531e-01
4.110555301089722779e-01
4.114782867399345845e-01
4.115335474949942673e-01
4.117108277565105778e-01
4.117200532519815215e-01
4.117364330903048319e-01
4.117476821205788284e-01
4.118476971447803670e-01
4.119506477841282654e-01
4.121307148519935404e-01
4.121325016578499811e-01
4.126179443108730638e-01
4.126247930462548230e-01
4.129473673511047105e-01
4.131407377875526699e-01
4.131407677695550507e-01
4.133220450731646678e-01
4.133993345033203370e-01
4.135936938337743674e-01
4.135936943443964675e-01
4.136421790785721475e-01
4.138898476742491894e-01
4.138903232575292801e-01
4.139370138449195435e-01
4.139373123181545600e-01
4.140247926484232899e-01
4.140925545133692931e-01
4.141110869301127262e-01
4.142960512736520995e-01
4.146883669807592820e-01
4.148715667420204700e-01
4.149145069199143276e-01
4.151548370589873693e-01
4.151599650166004629e-01
4.153134092759653284e-01
4.153136162726233094e-01
4.155252788610605541e-01
4.155363595353977479e-01
4.159235813635242529e-01
4.159801545156417424e-01
4.161561200946941597e-01
4.162392947691020972e-01
4.162757608997616487e-01
4.162798571894271715e-01
4.163236802897837263e-01
4.167247933256801873e-01
4.168402955204311144e-01
4.172835645555182382e-01
4.173635692751987425e-01
4.175467963890800438e-01
4.175623649941335724e-01
4.175823967574905371e-01
4.177400649265362031e-01
4.178596707758649442e-01
4.178624255917908759e-01
4.179438407184262183e-01
4.182313902891621749e-01
4.182314422097517803e-01
4.182925093922556514e-01
4.185458466573976910e-01
4.185994310491266690e-01
4.186176169275029335e-01
4.187285416812271954e-01
4.187288713537684615e-01
4.188546855478125774e-01
4.193107195380814112e-01
4.193179770843362131e-01
4.193361183907599599e-01
4.193363930723118527e-01
4.193696755481222671e-01
4.194082048920429462e-01
4.194991375604352757e-01
4.195862123061301352e-01
4.196494023037861121e-01
4.201182760963676488e-01
4.201187840512592975e-01
4.202437498122589821e-01
4.202437499809268395e-01
4.203063595721961421e-01
4.203066064333200735e-01
4.207511939971512183e-01
4.207529153520446763e-01
4.207621480835594951e-01
4.207642978260659472e-01
4.207956026393274152e-01
4.208303678298378481e-01
4.208307315676616533e-01
4.208737076080514283e-01
4.210677606023828234e-01
4.210722459542465823e-01
4.211505270681604185e-01
4.213629472144502786e-01
4.216964177266298575e-01
4.217802728852581007e-01
4.217814214302045839e-01
4.219906750786859839e-01
4.219907030417884286e-01
4.224438346141850542e-01
4.226199180589266802e-01
4.226208150971045852e-01
4.228039889806212148e-01
4.228826261380041474e-01
4.229291935662176094e-01
4.229331690654398734e-01
4.229506103400285655e-01
4.231328492130321250e-01
4.231346716779720851e-01
4.231491844310859562e-01
4.232863618433390651e-01
4.233902188915272258e-01
4.239154086477440742e-01
4.240090378852006125e-01
4.241236313866328378e-01
4.241278953087010417e-01
4.243168553399577769e-01
4.244693760468765675e-01
4.244702059869489563e-01
4.247350414145801278e-01
4.248658517126904233e-01
4.248819315919552531e-01
4.250535477888470193e-01
4.251341268663126338e-01
4.251343252133139017e-01
4.253655814241401045e-01
4.254747300842742219e-01
4.255152257703624374e-01
4.257663353509277271e-01
4.258274148406088200e-01
4.259428143246742349e-01
4.261066230541074584e-01
4.264874078232105403e-01
4.265151894023389012e-01
4.266121283393206620e-01
4.266124651479503704e-01
4.269277160313763031e-01
4.269596320232941777e-01
4.269961001640624754e-01
4.270985848433101473e-01
4.272818461354240260e-01
4.272818927176912362e-01
4.273636363994504639e-01
4.273676345873177462e-01
4.275769167765988144e-01
4.275981046391868490e-01
4.276208240774282965e-01
4.276959482000204926e-01
4.276964447262201485e-01
4.277101100644036813e-01
4.279372456997706520e-01
4.279394243959906974e-01
4.279642805503416358e-01
4.281536323306712744e-01
4.281562934271945786e-01
4.283998708764622521e-01
4.285126898249204119e-01
4.288085709304537141e-01
4.288195316745600505e-01
4.291173814451249013e-01
4.292205359613961435e-01
4.292486803445494936e-01
4.294253037525044281e-01
4.294916703879439468e-01
4.295652469682457175e-01
4.295774762861378493e-01
4.296406943750989416e-01
4.299625928652409668e-01
4.300435806965525187e-01
4.300449684896761604e-01
4.302590595717176725e-01
4.302884678165416199e-01
4.302884678782228911e-01
4.307597627501649762e-01
4.307632887631556717e-01
4.308517075474793678e-01
4.308934514141556371e-01
4.310909934576863112e-01
4.310910253800180891e-01
4.310925376844197410e-01
4.312391871597408555e-01
4.314329692081192991e-01
4.316691702795006358e-01
4.316715551958780206e-01
4.317502153950670829e-01
4.320439815558957952e-01
4.321368625405214714e-01
4.321452033899274570e-01
4.321813282416280821e-01
4.322083986632030417e-01
4.323885164865124420e-01
4.328923908151107169e-01
4.328925152555797573e-01
4.331378529324884097e-01
4.331745723349505472e-01
4.332468255793935352e-01
4.334646008370245940e-01
4.334663707182588310e-01
4.335235372306506241e-01
4.335467142378929828e-01
4.341194023366754529e-01
4.341242306455632138e-01
4.341994683474245664e-01
4.342003710892519686e-01
4.344054442817835149e-01
4.344118916091254667e-01
4.344119665753246040e-01
4.348488953837409410e-01
4.348493318295758026e-01
4.349072828540766489e-01
4.350798863914056569e-01
4.352405133516676350e-01
4.353394359004196801e-01
4.353918099847023937e-01
4.353935394082023569e-01
4.356453285243173101e-01
4.356720191074440751e-01
4.360726654527878332e-01
4.361022683563243185e-01
4.362007948746317032e-01
4.364008524694573676e-01
4.364013616140102192e-01
4.366383152342284690e-01
4.366541172679024307e-01
4.373386958321390794e-01
4.376340053105289840e-01
4.377414051346516510e-01
4.379013600563281261e-01
4.379604220456946306e-01
4.380211100097280985e-01
4.380628097391001674e-01
4.380923957984642070e-01
4.381687875989455083e-01
4.381895046905257551e-01
4.387468032301007903e-01
4.389611593094479014e-01
4.389663086008005477e-01
4.389947411481766038e-01
4.391254161082616680e-01
4.391540901266609009e-01
4.392009181627983816e-01
4.392095930416008431e-01
4.394153085467668585e-01
4.394446560987329553e-01
4.395607296547843212e-01
4.395847008770522035e-01
4.397423541809277747e-01
4.397423709885672771e-01
4.398553456062023193e-01
4.400560036948055198e-01
4.403112266466777669e-01
4.403616213110970179e-01
4.405103109625246871e-01
4.406041963184194055e-01
4.409932014175837467e-01
4.410326598416234312e-01
4.410357462737291012e-01
4.410359302097390244e-01
4.410360747555883698e-01
4.411016227484396146e-01
4.412347428143227335e-01
4.413841387212023015e-01
4.417037828869987970e-01
4.417061622859169145e-01
4.419987232296071489e-01
4.420000024560126750e-01
4.421030610370907388e-01
4.421030610399337424e-01
4.426174902986469428e-01
4.427137092840524590e-01
4.429817822267171912e-01
4.430929770028882997e-01
4.436958778509806911e-01
4.437883498047220376e-01
4.438107054172884536e-01
4.438419636287646020e-01
4.438539906951264880e-01
4.439193673810089558e-01
4.439354395508531281e-01
4.440703100919789481e-01
4.440975342985462038e-01
4.442965502623159590e-01
4.443858679518197241e-01
4.446152302690575264e-01
4.446282121664251741e-01
4.447724332940344305e-01
4.447740239098608717e-01
4.451845792059853646e-01
4.451897362572836969e-01
4.452693482101848788e-01
4.452995169334852954e-01
4.454944334617660373e-01
4.457000399722190198e-01
4.457107757813797977e-01
4.459979200882873140e-01
4.463418609736118370e-01
4.463893566432393656e-01
4.466955561965375021e-01
4.467024032515627963e-01
4.469154351651263846e-01
4.469158577197204774e-01
4.473866399789059312e-01
4.474603645883826752e-01
4.474928708085452178e-01
4.477650409356972450e-01
4.477692156970665138e-01
4.478076465903897962e-01
4.478134085631518824e-01
4.482161976248503765e-01
4.483919220148133156e-01
4.487829689782008580e-01
4.487848543840821658e-01
4.489314547387068255e-01
4.489321224568473823e-01
4.490781930626380203e-01
4.496021876645743820e-01
4.496023170264035751e-01
4.497754532437304165e-01
4.497840322894169351e-01
4.499889475338857969e-01
4.499900714035182658e-01
4.501493494004172868e-01
4.501852623928087604e-01
4.503286999931038204e-01
4.510766577507959729e-01
4.510766824591294633e-01
4.511008445984586168e-01
4.511245695318312765e-01
4.511249353752436186e-01
4.515019956453416028e-01
4.516645088667197716e-01
4.516680552086558276e-01
4.517398251539204712e-01
4.518075890108992354e-01
4.531259723063435496e-01
4.531307294832697119e-01
4.535578198188607302e-01
4.536166023366377531e-01
4.537776075405616227e-01
4.537801850927894454e-01
4.540568021405119725e-01
4.543031872777668068e-01
4.543178154306288796e-01
4.546145995826794128e-01
4.546146502754149776e-01
4.551998743062889985e-01
4.554722376858588162e-01
4.560544376391314492e-01
4.562253906817141935e-01
4.562786868100094373e-01
4.563156102344427811e-01
4.564003276964497813e-01
4.564099319631428342e-01
4.568041110892969714e-01
4.568041771223294578e-01
4.568041771478387747e-01
4.568121464334912174e-01
4.568443378548235345e-01
4.568493973387518503e-01
4.570582022633973840e-01
4.572957521729479891e-01
4.573064355561410887e-01
4.574526535245782011e-01
4.574668407274774529e-01
4.580916971063548893e-01
4.580923625518411590e-01
4.585714151161865426e-01
4.585716963960777548e-01
4.588155673741884377e-01
4.588160029407150620e-01
4.594321005273327430e-01
4.600535693527648684e-01
4.600672516504518694e-01
4.607521194873256953e-01
4.612431239333196209e-01
4.612431389050591912e-01
4.615352759015745598e-01
4.615358742116544288e-01
4.616298236534481236e-01
4.621404947827753018e-01
4.621407811826666046e-01
4.627650964595233507e-01
4.630544282774826104e-01
4.630711318104294150e-01
4.630721469853625871e-01
4.631014780086522564e-01
4.632849232558081121e-01
4.632867025060738997e-01
4.632886785922270545e-01
4.633146341271812130e-01
4.633421177208908448e-01
4.636361461768752079e-01
4.636364907298595739e-01
4.637173871053277274e-01
4.642112489226195016e-01
4.642139525218696994e-01
4.652794570931690910e-01
4.652838461562975314e-01
4.653057114843652253e-01
4.655350650540189816e-01
4.656051337139768820e-01
4.658497510259689833e-01
4.658540739625868232e-01
4.665127724358942296e-01
4.674205520698387351e-01
4.678825019240425709e-01
4.680277777958898877e-01
4.680779582498852398e-01
4.683998126266100126e-01
4.685939867694105532e-01
4.685976257098499742e-01
4.686284705531770234e-01
4.690807267370637468e-01
4.691042277998494492e-01
4.693785063652169964e-01
4.693789162192412712e-01
4.696250295810603381e-01
4.700206768283319847e-01
4.705205202518109586e-01
4.705223266596804677e-01
4.710088717112244638e-01
4.710088718358442783e-01
4.715493975063084764e-01
4.715605108813983315e-01
4.718193380431457418e-01
4.718372942939206283e-01
4.719545757076722414e-01
4.719546066870104473e-01
4.723561365545121959e-01
4.723568596147408871e-01
4.723905502625658781e-01
4.723925354403437638e-01
4.735157665841484564e-01
4.738973869770222724e-01
4.739109677471302629e-01
4.741311843827903938e-01
4.741312111657488004e-01
4.743880463432318950e-01
4.743880464727396884e-01
4.746230384111629896e-01
4.746271019309472594e-01
4.747351542957610193e-01
4.755845796904920042e-01
4.755866604863400737e-01
4.755869314985040619e-01
4.763547456151204229e-01
4.763547466328647007e-01
4.763649098299481688e-01
4.765326511850559443e-01
4.766408664046066779e-01
4.772959845419061375e-01
4.772960055130196499e-01
4.777649298525278865e-01
4.777649807803522886e-01
4.779796301439924178e-01
4.779797416990687609e-01
4.786124329181829506e-01
4.786124418720593687e-01
4.792025395129014820e-01
4.792027750075578130e-01
4.795871711532483372e-01
4.799087711967532366e-01
4.799092081573133606e-01
4.803258387228205861e-01
4.803319705013621155e-01
4.805317315945140666e-01
4.805317315951537216e-01
4.807738106871913830e-01
4.807740217164146457e-01
4.811366004648727213e-01
4.813997507196978720e-01
4.813997581459271702e-01
4.817104747206138460e-01
4.817156707008135030e-01
4.820232662708799909e-01
4.820241885745272237e-01
4.825218994606432776e-01
4.825333463422405988e-01
4.825777124323171741e-01
4.825986692642617037e-01
4.826323968710676815e-01
4.827413339976018292e-01
4.830407890641762458e-01
4.832213726144111154e-01
4.832241960897954436e-01
4.846067247942892342e-01
4.846607208398424071e-01
4.847342046779457569e-01
4.854562521872010095e-01
4.854564617871392485e-01
4.855914178495543410e-01
4.856750181975504899e-01
4.859437647029927754e-01
4.859450725146611805e-01
4.865060423999636452e-01
4.866438335978839902e-01
4.866448386224950795e-01
4.868061776078379532e-01
4.871577502824347983e-01
4.879859884036262252e-01
4.879865832947797855e-01
4.885894164684326801e-01
4.891125128901719354e-01
4.895012443003768365e-01
4.895023193225262470e-01
4.896768480088278808e-01
4.898039984594734775e-01
4.898040267801787029e-01
4.899876726533371474e-01
4.899876726680335026e-01
4.899916037575331451e-01
4.899936294236233447e-01
4.904794303055604043e-01
4.904797268805072830e-01
4.907516867950295625e-01
4.911391021747012475e-01
4.911394144352315139e-01
4.911927442147080991e-01
4.917947465377737748e-01
4.935286010122720834e-01
4.935512876555562256e-01
4.937154643201664417e-01
4.949059098955631009e-01
4.949934492486292026e-01
4.949934517856831584e-01
4.952616895904272676e-01
4.954764233757382730e-01
4.958032279730442693e-01
4.958118041853807889e-01
4.959875365416080983e-01
4.960302391565117874e-01
4.962569161014426800e-01
4.963387820973407805e-01
4.963464884247970055e-01
4.968239942276659327e-01
4.973738790198212745e-01
4.976498389850171344e-01
4.977255070521119373e-01
4.978700199419133221e-01
4.978702617911160977e-01
4.995996888504871114e-01
4.997061416542289414e-01
5.002122536249620222e-01
5.006510658200726827e-01
5.011250250509705628e-01
5.018298551182250877e-01
5.018302017468047049e-01
5.020364363639245875e-01
5.020720254199079191e-01
5.020720260500205478e-01
5.024429868981514780e-01
5.026168014067948775e-01
5.026171564277499559e-01
5.042757259653368740e-01
5.043085680168775120e-01
5.046039635537935553e-01
5.046039703590280423e-01
5.056942911040062105e-01
5.059453209208953917e-01
5.062023116321586746e-01
5.062100554084845161e-01
5.071974934713534555e-01
5.072395440647360365e-01
5.088808981914194618e-01
5.088831027063756007e-01
5.092150197658155131e-01
5.095296220590423975e-01
5.096991979296472408e-01
5.097081935454293999e-01
5.112882722618757869e-01
5.118701797202742654e-01
5.118710277369467043e-01
5.127912649429875458e-01
5.129017663259833881e-01
5.129048104764627469e-01
5.129301126650412934e-01
5.129470523145135408e-01
5.133636234605971627e-01
5.134946855585802439e-01
5.135008144369658245e-01
5.137375386858046289e-01
5.138175571786419704e-01
5.138175856399378461e-01
5.144640294839005756e-01
5.157231273271899452e-01
5.163660632600959310e-01
5.163661322477209881e-01
5.167991694752819276e-01
5.168011714003878376e-01
5.188279568268983066e-01
5.189021888199673027e-01
5.189060183803565485e-01
5.192489657850772877e-01
5.210148409655738222e-01
5.211023048265380764e-01
5.211165489635386505e-01
5.214552275612567289e-01
5.214646436100019988e-01
5.217471113050651255e-01
5.227832139448698179e-01
5.227832390969306964e-01
5.231232507483958294e-01
5.231240469126664516e-01
5.251194404659492720e-01
5.252388363862448006e-01
5.252397904040663201e-01
5.252675209887901486e-01
5.256461104915403082e-01
5.256461215110583840e-01
5.273012136177189779e-01
5.273013065624324591e-01
5.274131856597285006e-01
5.274131913925106385e-01
5.277205623290067704e-01
5.277206153376978737e-01
5.283598306243115772e-01
5.288553179585282482e-01
5.292989056398089698e-01
5.292989056403166748e-01
5.293956350218119722e-01
5.305839897445668862e-01
5.305856840242010319e-01
5.325483567007899266e-01
5.331244257990682689e-01
5.331796407290273487e-01
5.340687501125048753e-01
5.342643585793460659e-01
5.381600401242286891e-01
5.384067624454141887e-01
5.398383332212868257e-01
5.401413883713958031e-01
5.401413886661984298e-01
5.404025674087166164e-01
5.404204403858122729e-01
5.406977626224774847e-01
5.407117261510132611e-01
5.416941143591289531e-01
5.427096572355619708e-01
5.427206674895752592e-01
5.427206750349868880e-01
5.431376946564763220e-01
5.431377145222733294e-01
5.432223775970418389e-01
5.441765033370060678e-01
5.442320946323651043e-01
5.443346998981989371e-01
5.452219913455315092e-01
5.452347367310014237e-01
5.452347495003295741e-01
5.459835988097212489e-01
5.459851364585804889e-01
5.460971836266121926e-01
5.461011723162156883e-01
5.463555606965807554e-01
5.473383323156115754e-01
5.473586421868585905e-01
5.474314643547893988e-01
5.474897239707958718e-01
5.475368514415821508e-01
5.479867696372064945e-01
5.479982285873793435e-01
5.480376708628094118e-01
5.480376709265147861e-01
5.484989856272763920e-01
5.485031483214840575e-01
5.487289537159663055e-01
5.487517133977128925e-01
5.525261572247824882e-01
5.530421010589604558e-01
5.532933603746730267e-01
5.532933603768547259e-01
5.544548369404298516e-01
5.584255412697233245e-01
5.604707717559999081e-01
5.608486697261148013e-01
5.637797760028760985e-01
5.649470699938143881e-01
5.649909939221378075e-01
5.649909939231761991e-01
5.658571759921118272e-01
5.658571759927925049e-01
5.665840999053107785e-01
5.665840999061603211e-01
5.683916168151880166e-01
5.686453698996364325e-01
5.686484608158052234e-01
5.704478058511894822e-01
5.704504337502455114e-01
5.719469148714712015e-01
5.724392345369818669e-01
5.781907232887432135e-01
5.789621878395062593e-01
5.789621878714352743e-01
5.803814677550055423e-01
5.803814678639154234e-01
5.810953668228376889e-01
5.810954605442687493e-01
5.845135736074892341e-01
5.845709858106331591e-01
5.845710264690607838e-01
5.868976225187801932e-01
5.868977317166526042e-01
5.875217138082133861e-01
5.875227144920389666e-01
5.892542697618122771e-01
5.892542697665054119e-01
5.926056030081959802e-01
5.927516006058437537e-01
5.927516006062386600e-01
5.938861550568482750e-01
5.941364490680950405e-01
5.944885796222587615e-01
5.944885824821242171e-01
5.968092951537212754e-01
5.968092951545558300e-01
5.982756954997585641e-01
6.017839689183859253e-01
6.037517108401282417e-01
6.059366139008961483e-01
6.066975415476002498e-01
6.071577409552212368e-01
6.071577409563081451e-01
6.128525579921392241e-01
6.178640532032734223e-01
6.179947639141231130e-01
6.181322265498825352e-01
6.183427609502825106e-01
6.217115105281316723e-01
6.314845687806927010e-01
6.314846057749454733e-01
6.326967357523342050e-01
6.327137430511172722e-01
6.394752139628426812e-01
6.394752274318719065e-01
6.395143766494072457e-01
6.395143766497677351e-01
6.412473486997447569e-01
6.422123214019741511e-01
6.422123214024695326e-01
6.428064305773274478e-01
6.468023609860438228e-01
6.469136415929253037e-01
6.472179601763875523e-01
6.497334411880605343e-01
6.508941681226508846e-01
6.508977524023873418e-01
6.523690227944973774e-01
6.532729198680363725e-01
6.552849190273711821e-01
6.581935596080322748e-01
6.626221531390724673e-01
6.686140620525679035e-01
6.686141146112114519e-01
6.720384683708502394e-01
6.734337614448784315e-01
6.882474850200932526e-01
6.882474850206321548e-01
7.053614173249775909e-01
7.083472707448971173e-01
7.094319524905724483e-01
7.102212509282482822e-01
7.200877233398393917e-01
7.269349795310952045e-01
7.269446905747150023e-01
7.274464825031767834e-01
7.376730098105163114e-01
7.376730234635191508e-01
7.442278432331793647e-01
7.517728766275857399e-01
7.621789979022390860e-01
7.752240000587458102e-01
7.752405351139289857e-01
7.811476032461618368e-01
7.872498556395344238e-01
7.998981736666049835e-01
8.300525748753448951e-01
8.620735063664669573e-01
8.620838192659094901e-01
8.681829850281087557e-01
8.788785007658935777e-01
8.927709333359256094e-01
9.626849902201439768e-01
9.693517845869008553e-01
1.000000000000000000e+00
