# SF-29 N2 candidate (i) i1 field=gauss eps=0.25 N=16: sorted relative singular values of the dense central-FD Jacobian at the converged state (rows F_i=-q(L_i-S_i); outlet rows (2q/h)(vperp_in-c_perp); smax=3.529009e+03)
5.723055e-04
5.813715e-04
6.027343e-04
6.137848e-04
6.272976e-04
6.374721e-04
6.709258e-04
6.794883e-04
7.166828e-04
7.491239e-04
7.569166e-04
7.671125e-04
8.135016e-04
8.303807e-04
8.690354e-04
8.856523e-04
9.033964e-04
9.305766e-04
9.486927e-04
9.762395e-04
9.915955e-04
1.066553e-03
1.078146e-03
1.111242e-03
1.125552e-03
1.133539e-03
1.200836e-03
1.262579e-03
1.278189e-03
1.355162e-03
1.368243e-03
1.562192e-03
1.607146e-03
1.808551e-03
1.888860e-03
1.898463e-03
1.921947e-03
1.996867e-03
2.024355e-03
2.107189e-03
2.121070e-03
2.170001e-03
2.229551e-03
2.559679e-03
3.365832e-03
3.394069e-03
3.569307e-03
3.642014e-03
3.761155e-03
3.812982e-03
3.909004e-03
3.928510e-03
4.701370e-03
4.834344e-03
4.952284e-03
5.044006e-03
5.105845e-03
5.131477e-03
5.172108e-03
5.179510e-03
5.210195e-03
5.283569e-03
5.305718e-03
5.322154e-03
5.327789e-03
5.394918e-03
5.444085e-03
5.459974e-03
5.487315e-03
5.524750e-03
5.599564e-03
5.613730e-03
5.620562e-03
5.664758e-03
5.698924e-03
5.722804e-03
5.752857e-03
5.814691e-03
5.843923e-03
5.862820e-03
5.872819e-03
5.924898e-03
5.947480e-03
5.978369e-03
6.027557e-03
6.061439e-03
6.090982e-03
6.120386e-03
6.153090e-03
6.207919e-03
6.240485e-03
6.330172e-03
6.368292e-03
6.383044e-03
6.567571e-03
6.625904e-03
6.694335e-03
6.777655e-03
6.821370e-03
6.865420e-03
6.915852e-03
7.008361e-03
7.092478e-03
7.116369e-03
7.149784e-03
7.172710e-03
7.178248e-03
7.204823e-03
7.288057e-03
7.314833e-03
7.353433e-03
7.485408e-03
7.593425e-03
7.678301e-03
8.092333e-03
8.127034e-03
8.383650e-03
8.418679e-03
8.481970e-03
8.510703e-03
8.531581e-03
8.642232e-03
8.705612e-03
8.816380e-03
8.819611e-03
8.865193e-03
8.933561e-03
8.995048e-03
9.050200e-03
9.073026e-03
9.179596e-03
9.717687e-03
9.767326e-03
9.807256e-03
9.860199e-03
1.000847e-02
1.006711e-02
1.026078e-02
1.028058e-02
1.029391e-02
1.035253e-02
1.040070e-02
1.044604e-02
1.048373e-02
1.049236e-02
1.065512e-02
1.068508e-02
1.081312e-02
1.086420e-02
1.089608e-02
1.102383e-02
1.110005e-02
1.113473e-02
1.115027e-02
1.118349e-02
1.120171e-02
1.128377e-02
1.139847e-02
1.140592e-02
1.147525e-02
1.162416e-02
1.166600e-02
1.201329e-02
1.201897e-02
1.210791e-02
1.212823e-02
1.229609e-02
1.234382e-02
1.243541e-02
1.259401e-02
1.262815e-02
1.266340e-02
1.279036e-02
1.280241e-02
1.307048e-02
1.309125e-02
1.311859e-02
1.326999e-02
1.353800e-02
1.355149e-02
1.383471e-02
1.388705e-02
1.401477e-02
1.410097e-02
1.412683e-02
1.417695e-02
1.432459e-02
1.437509e-02
1.460827e-02
1.467538e-02
1.473139e-02
1.477372e-02
1.480315e-02
1.483965e-02
1.488257e-02
1.491054e-02
1.495391e-02
1.499962e-02
1.505780e-02
1.512373e-02
1.517571e-02
1.521799e-02
1.521903e-02
1.525504e-02
1.530291e-02
1.532011e-02
1.540049e-02
1.546393e-02
1.549055e-02
1.555528e-02
1.556246e-02
1.571779e-02
1.577711e-02
1.582604e-02
1.584250e-02
1.589112e-02
1.597261e-02
1.605677e-02
1.615545e-02
1.619211e-02
1.632779e-02
1.634894e-02
1.638903e-02
1.642342e-02
1.659005e-02
1.662504e-02
1.665940e-02
1.673063e-02
1.676745e-02
1.686798e-02
1.690439e-02
1.693318e-02
1.694787e-02
1.700300e-02
1.704549e-02
1.710471e-02
1.711663e-02
1.715512e-02
1.725057e-02
1.725742e-02
1.731017e-02
1.738272e-02
1.745675e-02
1.757622e-02
1.762255e-02
1.766507e-02
1.772198e-02
1.779178e-02
1.780985e-02
1.793442e-02
1.796273e-02
1.798761e-02
1.803242e-02
1.804904e-02
1.809467e-02
1.814235e-02
1.824195e-02
1.826846e-02
1.831621e-02
1.838079e-02
1.841912e-02
1.846799e-02
1.852074e-02
1.858756e-02
1.867460e-02
1.873310e-02
1.874884e-02
1.936425e-02
1.947638e-02
1.958534e-02
1.980486e-02
1.989977e-02
2.000055e-02
2.020160e-02
2.031827e-02
2.038295e-02
2.054068e-02
2.060742e-02
2.067039e-02
2.077800e-02
2.112353e-02
2.120041e-02
2.145592e-02
2.164044e-02
2.165425e-02
2.171590e-02
2.190722e-02
2.199845e-02
2.220891e-02
2.233506e-02
2.236161e-02
2.270137e-02
2.277634e-02
2.290680e-02
2.290906e-02
2.303628e-02
2.307841e-02
2.326960e-02
2.337229e-02
2.347785e-02
2.361828e-02
2.369869e-02
2.383416e-02
2.396154e-02
2.402803e-02
2.419787e-02
2.426267e-02
2.435761e-02
2.437322e-02
2.444573e-02
2.449212e-02
2.457270e-02
2.477234e-02
2.478964e-02
2.484574e-02
2.490812e-02
2.496643e-02
2.507636e-02
2.514580e-02
2.531767e-02
2.535996e-02
2.542395e-02
2.546057e-02
2.555437e-02
2.561516e-02
2.575836e-02
2.582955e-02
2.592628e-02
2.594174e-02
2.598447e-02
2.611000e-02
2.615768e-02
2.619746e-02
2.624604e-02
2.643733e-02
2.650220e-02
2.661749e-02
2.671622e-02
2.673439e-02
2.680122e-02
2.696891e-02
2.699038e-02
2.710962e-02
2.718270e-02
2.733483e-02
2.736275e-02
2.746572e-02
2.758489e-02
2.767476e-02
2.772622e-02
2.781440e-02
2.785082e-02
2.794361e-02
2.799709e-02
2.815805e-02
2.821028e-02
2.828185e-02
2.836529e-02
2.842223e-02
2.859307e-02
2.862255e-02
2.869619e-02
2.872675e-02
2.876074e-02
2.886026e-02
2.897777e-02
2.905522e-02
2.908340e-02
2.911211e-02
2.926068e-02
2.927760e-02
2.932676e-02
2.935179e-02
2.937992e-02
2.944715e-02
2.955787e-02
2.959614e-02
2.964345e-02
2.969231e-02
2.978421e-02
2.984002e-02
2.991466e-02
2.997582e-02
3.004477e-02
3.017678e-02
3.022662e-02
3.028161e-02
3.038491e-02
3.052346e-02
3.059841e-02
3.067453e-02
3.084473e-02
3.096386e-02
3.101386e-02
3.109120e-02
3.110610e-02
3.131409e-02
3.138979e-02
3.139214e-02
3.153237e-02
3.160980e-02
3.165173e-02
3.168893e-02
3.177915e-02
3.185064e-02
3.193074e-02
3.200916e-02
3.210204e-02
3.215453e-02
3.225073e-02
3.237808e-02
3.242531e-02
3.247676e-02
3.255955e-02
3.268820e-02
3.270029e-02
3.278557e-02
3.281600e-02
3.295686e-02
3.304116e-02
3.314003e-02
3.337533e-02
3.340669e-02
3.349783e-02
3.351346e-02
3.360091e-02
3.366204e-02
3.373457e-02
3.374613e-02
3.386709e-02
3.389384e-02
3.401033e-02
3.411570e-02
3.421168e-02
3.428846e-02
3.435536e-02
3.441424e-02
3.443175e-02
3.447284e-02
3.453018e-02
3.462388e-02
3.468517e-02
3.481680e-02
3.490870e-02
3.493487e-02
3.506044e-02
3.514717e-02
3.526259e-02
3.532082e-02
3.541077e-02
3.546918e-02
3.548610e-02
3.559383e-02
3.573220e-02
3.585490e-02
3.590955e-02
3.603905e-02
3.616368e-02
3.624669e-02
3.637329e-02
3.645216e-02
3.651453e-02
3.656454e-02
3.666733e-02
3.672864e-02
3.683098e-02
3.699487e-02
3.708225e-02
3.718468e-02
3.723029e-02
3.727752e-02
3.736051e-02
3.738466e-02
3.746223e-02
3.752147e-02
3.779285e-02
3.781691e-02
3.787256e-02
3.790230e-02
3.808294e-02
3.814526e-02
3.830086e-02
3.843470e-02
3.848213e-02
3.861959e-02
3.871703e-02
3.880365e-02
3.887411e-02
3.908823e-02
3.929000e-02
3.939347e-02
3.942255e-02
3.952277e-02
3.968737e-02
3.976625e-02
3.989079e-02
3.993619e-02
4.011040e-02
4.019749e-02
4.027903e-02
4.037265e-02
4.042380e-02
4.051626e-02
4.059663e-02
4.064781e-02
4.068742e-02
4.075711e-02
4.078930e-02
4.084669e-02
4.086140e-02
4.103321e-02
4.108691e-02
4.127154e-02
4.129450e-02
4.143038e-02
4.148365e-02
4.156704e-02
4.169898e-02
4.171178e-02
4.182523e-02
4.187699e-02
4.190331e-02
4.194933e-02
4.200326e-02
4.209498e-02
4.218177e-02
4.230015e-02
4.245656e-02
4.254996e-02
4.257819e-02
4.268029e-02
4.279603e-02
4.288435e-02
4.292110e-02
4.306114e-02
4.320957e-02
4.325506e-02
4.332748e-02
4.344403e-02
4.352919e-02
4.360549e-02
4.369907e-02
4.370336e-02
4.382523e-02
4.390751e-02
4.401309e-02
4.407330e-02
4.417932e-02
4.423289e-02
4.432049e-02
4.439065e-02
4.447204e-02
4.451616e-02
4.455207e-02
4.469802e-02
4.480531e-02
4.487719e-02
4.497222e-02
4.507645e-02
4.518701e-02
4.523565e-02
4.528686e-02
4.536329e-02
4.545185e-02
4.554438e-02
4.560338e-02
4.568766e-02
4.572674e-02
4.592688e-02
4.593970e-02
4.597970e-02
4.606089e-02
4.617543e-02
4.640433e-02
4.643714e-02
4.654638e-02
4.662752e-02
4.669912e-02
4.682503e-02
4.687175e-02
4.690420e-02
4.692583e-02
4.702488e-02
4.708904e-02
4.712526e-02
4.715154e-02
4.720846e-02
4.730122e-02
4.732949e-02
4.741069e-02
4.747717e-02
4.755834e-02
4.775392e-02
4.779801e-02
4.782360e-02
4.795624e-02
4.805716e-02
4.811487e-02
4.815489e-02
4.826565e-02
4.839897e-02
4.846948e-02
4.856079e-02
4.861408e-02
4.871607e-02
4.880678e-02
4.886066e-02
4.889660e-02
4.896675e-02
4.907733e-02
4.913424e-02
4.921784e-02
4.934234e-02
4.943902e-02
4.947415e-02
4.956012e-02
4.962122e-02
4.974680e-02
4.982716e-02
5.002488e-02
5.007142e-02
5.019098e-02
5.025353e-02
5.035655e-02
5.040459e-02
5.062586e-02
5.063703e-02
5.070337e-02
5.074110e-02
5.082998e-02
5.089966e-02
5.096317e-02
5.109649e-02
5.127340e-02
5.135796e-02
5.142081e-02
5.150666e-02
5.169517e-02
5.183284e-02
5.190488e-02
5.200891e-02
5.212878e-02
5.218230e-02
5.227867e-02
5.241041e-02
5.242553e-02
5.245906e-02
5.264469e-02
5.268508e-02
5.274665e-02
5.285674e-02
5.290655e-02
5.305041e-02
5.314686e-02
5.321885e-02
5.330679e-02
5.332759e-02
5.344525e-02
5.346565e-02
5.359449e-02
5.376791e-02
5.379279e-02
5.388422e-02
5.391705e-02
5.400265e-02
5.402808e-02
5.409004e-02
5.417458e-02
5.418697e-02
5.427390e-02
5.433626e-02
5.438034e-02
5.452117e-02
5.455766e-02
5.462550e-02
5.477043e-02
5.485348e-02
5.493470e-02
5.503119e-02
5.512951e-02
5.516202e-02
5.521256e-02
5.534472e-02
5.543518e-02
5.556119e-02
5.566908e-02
5.578512e-02
5.580133e-02
5.584992e-02
5.594216e-02
5.603015e-02
5.606931e-02
5.617399e-02
5.624635e-02
5.629499e-02
5.637631e-02
5.638122e-02
5.645655e-02
5.655277e-02
5.659677e-02
5.666451e-02
5.682708e-02
5.686930e-02
5.693751e-02
5.711313e-02
5.716675e-02
5.723930e-02
5.734644e-02
5.740219e-02
5.755337e-02
5.758528e-02
5.775763e-02
5.784235e-02
5.789060e-02
5.802389e-02
5.813854e-02
5.816261e-02
5.824441e-02
5.831896e-02
5.835992e-02
5.847489e-02
5.854884e-02
5.861267e-02
5.863503e-02
5.872663e-02
5.885698e-02
5.890111e-02
5.896642e-02
5.903814e-02
5.910345e-02
5.924671e-02
5.927297e-02
5.934304e-02
5.966051e-02
5.968849e-02
5.970171e-02
5.978851e-02
5.989045e-02
5.995485e-02
6.002025e-02
6.011726e-02
6.012672e-02
6.026907e-02
6.029920e-02
6.038452e-02
6.041453e-02
6.054242e-02
6.066123e-02
6.074767e-02
6.084008e-02
6.087220e-02
6.095405e-02
6.104318e-02
6.119034e-02
6.126680e-02
6.135718e-02
6.144369e-02
6.159254e-02
6.164513e-02
6.173414e-02
6.178531e-02
6.186942e-02
6.196856e-02
6.203198e-02
6.205849e-02
6.222563e-02
6.226988e-02
6.239112e-02
6.241575e-02
6.248624e-02
6.261350e-02
6.278271e-02
6.282439e-02
6.290478e-02
6.300293e-02
6.311029e-02
6.318558e-02
6.322551e-02
6.335092e-02
6.339936e-02
6.349576e-02
6.355135e-02
6.372639e-02
6.381125e-02
6.386321e-02
6.399937e-02
6.406018e-02
6.412339e-02
6.425130e-02
6.446078e-02
6.452572e-02
6.463764e-02
6.473855e-02
6.480884e-02
6.484394e-02
6.495864e-02
6.514477e-02
6.517512e-02
6.534503e-02
6.538570e-02
6.549881e-02
6.556889e-02
6.572752e-02
6.579025e-02
6.589216e-02
6.600044e-02
6.606392e-02
6.616115e-02
6.619482e-02
6.631487e-02
6.637228e-02
6.641945e-02
6.652722e-02
6.661386e-02
6.666433e-02
6.673918e-02
6.680125e-02
6.684415e-02
6.694397e-02
6.698859e-02
6.714540e-02
6.718152e-02
6.731452e-02
6.738755e-02
6.749902e-02
6.760506e-02
6.768648e-02
6.775367e-02
6.787935e-02
6.791833e-02
6.800056e-02
6.804715e-02
6.810274e-02
6.812727e-02
6.819164e-02
6.824472e-02
6.837975e-02
6.844982e-02
6.854148e-02
6.862642e-02
6.870029e-02
6.876800e-02
6.889916e-02
6.898720e-02
6.909524e-02
6.916152e-02
6.923722e-02
6.933464e-02
6.936690e-02
6.943591e-02
6.946765e-02
6.955311e-02
6.963965e-02
6.967386e-02
6.971550e-02
6.975860e-02
6.989381e-02
6.990805e-02
7.000292e-02
7.012215e-02
7.013549e-02
7.024774e-02
7.030220e-02
7.034673e-02
7.047005e-02
7.053003e-02
7.059473e-02
7.065667e-02
7.072505e-02
7.076904e-02
7.082895e-02
7.089725e-02
7.090147e-02
7.117029e-02
7.126677e-02
7.132629e-02
7.144626e-02
7.153494e-02
7.161762e-02
7.174578e-02
7.184562e-02
7.188586e-02
7.201626e-02
7.210376e-02
7.223391e-02
7.224494e-02
7.229807e-02
7.244772e-02
7.249381e-02
7.252499e-02
7.267070e-02
7.277479e-02
7.281533e-02
7.291970e-02
7.300198e-02
7.307744e-02
7.315565e-02
7.321178e-02
7.333559e-02
7.339496e-02
7.343458e-02
7.353704e-02
7.356957e-02
7.362400e-02
7.367304e-02
7.384014e-02
7.395396e-02
7.400714e-02
7.413534e-02
7.416154e-02
7.426053e-02
7.432886e-02
7.440014e-02
7.451727e-02
7.461379e-02
7.470390e-02
7.479735e-02
7.485774e-02
7.496587e-02
7.508565e-02
7.524567e-02
7.528929e-02
7.536843e-02
7.541460e-02
7.546546e-02
7.551447e-02
7.563806e-02
7.565800e-02
7.574588e-02
7.580815e-02
7.581959e-02
7.593024e-02
7.601650e-02
7.603390e-02
7.630916e-02
7.634327e-02
7.644891e-02
7.649098e-02
7.654135e-02
7.668843e-02
7.678303e-02
7.681025e-02
7.693190e-02
7.700282e-02
7.715448e-02
7.724496e-02
7.725083e-02
7.744403e-02
7.747138e-02
7.753637e-02
7.763809e-02
7.771360e-02
7.780319e-02
7.785566e-02
7.787231e-02
7.799605e-02
7.808612e-02
7.813643e-02
7.828503e-02
7.831458e-02
7.851205e-02
7.862391e-02
7.871800e-02
7.882931e-02
7.890862e-02
7.892807e-02
7.905152e-02
7.914817e-02
7.928309e-02
7.934981e-02
7.942745e-02
7.950326e-02
7.965565e-02
7.972460e-02
7.973217e-02
7.979389e-02
7.992468e-02
8.005877e-02
8.009087e-02
8.038041e-02
8.050797e-02
8.053788e-02
8.057370e-02
8.063703e-02
8.077216e-02
8.093283e-02
8.096610e-02
8.099480e-02
8.104507e-02
8.116938e-02
8.127477e-02
8.137709e-02
8.148151e-02
8.163770e-02
8.172453e-02
8.174876e-02
8.178003e-02
8.186672e-02
8.206988e-02
8.212272e-02
8.214677e-02
8.219961e-02
8.232618e-02
8.240116e-02
8.244090e-02
8.245475e-02
8.254491e-02
8.260585e-02
8.266302e-02
8.276636e-02
8.283393e-02
8.287542e-02
8.288354e-02
8.302236e-02
8.307429e-02
8.318049e-02
8.325074e-02
8.333356e-02
8.340087e-02
8.346543e-02
8.356186e-02
8.362571e-02
8.371788e-02
8.381048e-02
8.385070e-02
8.393346e-02
8.397122e-02
8.418087e-02
8.426762e-02
8.430422e-02
8.438636e-02
8.445080e-02
8.451985e-02
8.460334e-02
8.461331e-02
8.465928e-02
8.472791e-02
8.479852e-02
8.484483e-02
8.497876e-02
8.503423e-02
8.507824e-02
8.516758e-02
8.527394e-02
8.533071e-02
8.541266e-02
8.546141e-02
8.553268e-02
8.558490e-02
8.563121e-02
8.573040e-02
8.580127e-02
8.586618e-02
8.591381e-02
8.598766e-02
8.604164e-02
8.613081e-02
8.626350e-02
8.638401e-02
8.647182e-02
8.652730e-02
8.661415e-02
8.666436e-02
8.667745e-02
8.671454e-02
8.684560e-02
8.687440e-02
8.698445e-02
8.702428e-02
8.715968e-02
8.722355e-02
8.727358e-02
8.733075e-02
8.735083e-02
8.745881e-02
8.756190e-02
8.766826e-02
8.772502e-02
8.773116e-02
8.781732e-02
8.788688e-02
8.802463e-02
8.805498e-02
8.818296e-02
8.826825e-02
8.828883e-02
8.837318e-02
8.852720e-02
8.857357e-02
8.865242e-02
8.867168e-02
8.878679e-02
8.881699e-02
8.891563e-02
8.895904e-02
8.908003e-02
8.916377e-02
8.923010e-02
8.928369e-02
8.936773e-02
8.947312e-02
8.958592e-02
8.969570e-02
8.979935e-02
8.986750e-02
8.993571e-02
9.000677e-02
9.005715e-02
9.009963e-02
9.017357e-02
9.019702e-02
9.024316e-02
9.035656e-02
9.045430e-02
9.051670e-02
9.061770e-02
9.070165e-02
9.071961e-02
9.076663e-02
9.077852e-02
9.086704e-02
9.091360e-02
9.099375e-02
9.106333e-02
9.119983e-02
9.133692e-02
9.134411e-02
9.140088e-02
9.148082e-02
9.160275e-02
9.163091e-02
9.176155e-02
9.181070e-02
9.185312e-02
9.187242e-02
9.192483e-02
9.206408e-02
9.208631e-02
9.212998e-02
9.218659e-02
9.229993e-02
9.234540e-02
9.243121e-02
9.255229e-02
9.259420e-02
9.268499e-02
9.276542e-02
9.291628e-02
9.293832e-02
9.297289e-02
9.309246e-02
9.310151e-02
9.313844e-02
9.336729e-02
9.344483e-02
9.347909e-02
9.358331e-02
9.364000e-02
9.369121e-02
9.385271e-02
9.391030e-02
9.397060e-02
9.405602e-02
9.409751e-02
9.418394e-02
9.425173e-02
9.440792e-02
9.445792e-02
9.454625e-02
9.458269e-02
9.461723e-02
9.470844e-02
9.474440e-02
9.483283e-02
9.493589e-02
9.497303e-02
9.506482e-02
9.510613e-02
9.520688e-02
9.532645e-02
9.534341e-02
9.548109e-02
9.551565e-02
9.559617e-02
9.571367e-02
9.577686e-02
9.581374e-02
9.590658e-02
9.600227e-02
9.603835e-02
9.608193e-02
9.624795e-02
9.630484e-02
9.646859e-02
9.654599e-02
9.659580e-02
9.667324e-02
9.674127e-02
9.675186e-02
9.692224e-02
9.695572e-02
9.702012e-02
9.712048e-02
9.721350e-02
9.725360e-02
9.735388e-02
9.742955e-02
9.751825e-02
9.756543e-02
9.763590e-02
9.772775e-02
9.776550e-02
9.785645e-02
9.796716e-02
9.803180e-02
9.809440e-02
9.820638e-02
9.831204e-02
9.833480e-02
9.844985e-02
9.856485e-02
9.860885e-02
9.868309e-02
9.872539e-02
9.877570e-02
9.886629e-02
9.893646e-02
9.906737e-02
9.912538e-02
9.924137e-02
9.925710e-02
9.935733e-02
9.943125e-02
9.947944e-02
9.956959e-02
9.959303e-02
9.978457e-02
9.980673e-02
9.987679e-02
9.991163e-02
1.000227e-01
1.001226e-01
1.002111e-01
1.002924e-01
1.003847e-01
1.004353e-01
1.005198e-01
1.006248e-01
1.007431e-01
1.008336e-01
1.008584e-01
1.009532e-01
1.010020e-01
1.010182e-01
1.010792e-01
1.011803e-01
1.012952e-01
1.013182e-01
1.014113e-01
1.014760e-01
1.015757e-01
1.016355e-01
1.016729e-01
1.017720e-01
1.018223e-01
1.019011e-01
1.019974e-01
1.020626e-01
1.021887e-01
1.022595e-01
1.022797e-01
1.023339e-01
1.023783e-01
1.024986e-01
1.025524e-01
1.025819e-01
1.026200e-01
1.027525e-01
1.028094e-01
1.029398e-01
1.030018e-01
1.030432e-01
1.030764e-01
1.031260e-01
1.031523e-01
1.032988e-01
1.033292e-01
1.034408e-01
1.034692e-01
1.036081e-01
1.036201e-01
1.037361e-01
1.038094e-01
1.038976e-01
1.039821e-01
1.040249e-01
1.041048e-01
1.042310e-01
1.042812e-01
1.043452e-01
1.044046e-01
1.044946e-01
1.045461e-01
1.046237e-01
1.047167e-01
1.048321e-01
1.049210e-01
1.050470e-01
1.051021e-01
1.051425e-01
1.051965e-01
1.052753e-01
1.053086e-01
1.053868e-01
1.054532e-01
1.054965e-01
1.055780e-01
1.056008e-01
1.056892e-01
1.057945e-01
1.058971e-01
1.059869e-01
1.060908e-01
1.061219e-01
1.062104e-01
1.063220e-01
1.063999e-01
1.064939e-01
1.065417e-01
1.066245e-01
1.066958e-01
1.067564e-01
1.067868e-01
1.068697e-01
1.069449e-01
1.070367e-01
1.070459e-01
1.071228e-01
1.071814e-01
1.072143e-01
1.072603e-01
1.073045e-01
1.074529e-01
1.074665e-01
1.074942e-01
1.075635e-01
1.076552e-01
1.077519e-01
1.077737e-01
1.079194e-01
1.079819e-01
1.080203e-01
1.080989e-01
1.081836e-01
1.082794e-01
1.083574e-01
1.084077e-01
1.084636e-01
1.085472e-01
1.086109e-01
1.086949e-01
1.087223e-01
1.087872e-01
1.088355e-01
1.089574e-01
1.090105e-01
1.090641e-01
1.091299e-01
1.092388e-01
1.092937e-01
1.093734e-01
1.094460e-01
1.094979e-01
1.095449e-01
1.095794e-01
1.096561e-01
1.097476e-01
1.097941e-01
1.098830e-01
1.099431e-01
1.100692e-01
1.100821e-01
1.102232e-01
1.103183e-01
1.103963e-01
1.104395e-01
1.105464e-01
1.106028e-01
1.106373e-01
1.106426e-01
1.108416e-01
1.108503e-01
1.109343e-01
1.109597e-01
1.110465e-01
1.111064e-01
1.111557e-01
1.112189e-01
1.112675e-01
1.113082e-01
1.113862e-01
1.114946e-01
1.115151e-01
1.116417e-01
1.116660e-01
1.117138e-01
1.117801e-01
1.118391e-01
1.119092e-01
1.119856e-01
1.120373e-01
1.120762e-01
1.121815e-01
1.122671e-01
1.123173e-01
1.123424e-01
1.123879e-01
1.125515e-01
1.125671e-01
1.126714e-01
1.127619e-01
1.127894e-01
1.128322e-01
1.129518e-01
1.129783e-01
1.131819e-01
1.132743e-01
1.133029e-01
1.133632e-01
1.135529e-01
1.135747e-01
1.136292e-01
1.136850e-01
1.137421e-01
1.138014e-01
1.138697e-01
1.139399e-01
1.139851e-01
1.140161e-01
1.141585e-01
1.142086e-01
1.142339e-01
1.143156e-01
1.144243e-01
1.145370e-01
1.146592e-01
1.147400e-01
1.147740e-01
1.148137e-01
1.148561e-01
1.149473e-01
1.149879e-01
1.150945e-01
1.151268e-01
1.152058e-01
1.152411e-01
1.153250e-01
1.154018e-01
1.154670e-01
1.155508e-01
1.156705e-01
1.157153e-01
1.157940e-01
1.158274e-01
1.159420e-01
1.159661e-01
1.160120e-01
1.161440e-01
1.161659e-01
1.163100e-01
1.163439e-01
1.164076e-01
1.164873e-01
1.165442e-01
1.166076e-01
1.166887e-01
1.167776e-01
1.168122e-01
1.168747e-01
1.169504e-01
1.170507e-01
1.170960e-01
1.171608e-01
1.172457e-01
1.172874e-01
1.173489e-01
1.175378e-01
1.175728e-01
1.176087e-01
1.176521e-01
1.176665e-01
1.178275e-01
1.178777e-01
1.179436e-01
1.180377e-01
1.181171e-01
1.181889e-01
1.182159e-01
1.182592e-01
1.183777e-01
1.184078e-01
1.184812e-01
1.185267e-01
1.186051e-01
1.186697e-01
1.187687e-01
1.188194e-01
1.189220e-01
1.189561e-01
1.190101e-01
1.190678e-01
1.190907e-01
1.191834e-01
1.192261e-01
1.192940e-01
1.194138e-01
1.194650e-01
1.195132e-01
1.196108e-01
1.197044e-01
1.197976e-01
1.198305e-01
1.198710e-01
1.199986e-01
1.201010e-01
1.201631e-01
1.202142e-01
1.202830e-01
1.203648e-01
1.204321e-01
1.204678e-01
1.205322e-01
1.205780e-01
1.206267e-01
1.206686e-01
1.208099e-01
1.208378e-01
1.208616e-01
1.208993e-01
1.210212e-01
1.210944e-01
1.211320e-01
1.212070e-01
1.212678e-01
1.213824e-01
1.215050e-01
1.215656e-01
1.216611e-01
1.217588e-01
1.218156e-01
1.219077e-01
1.219914e-01
1.220227e-01
1.221202e-01
1.221298e-01
1.221957e-01
1.222838e-01
1.223510e-01
1.224651e-01
1.225204e-01
1.225602e-01
1.226481e-01
1.227102e-01
1.227469e-01
1.228137e-01
1.228793e-01
1.229355e-01
1.230101e-01
1.231251e-01
1.232025e-01
1.232159e-01
1.233133e-01
1.233980e-01
1.234388e-01
1.235619e-01
1.235960e-01
1.237252e-01
1.237404e-01
1.237740e-01
1.238295e-01
1.239552e-01
1.239917e-01
1.240968e-01
1.241611e-01
1.242199e-01
1.242696e-01
1.244259e-01
1.244918e-01
1.245335e-01
1.246387e-01
1.247114e-01
1.248119e-01
1.249147e-01
1.249235e-01
1.250188e-01
1.250587e-01
1.251122e-01
1.252189e-01
1.252713e-01
1.253795e-01
1.254186e-01
1.254992e-01
1.255739e-01
1.256491e-01
1.256981e-01
1.257096e-01
1.257811e-01
1.258733e-01
1.259056e-01
1.259924e-01
1.260920e-01
1.261925e-01
1.262459e-01
1.263127e-01
1.263851e-01
1.264000e-01
1.264375e-01
1.265566e-01
1.266554e-01
1.266762e-01
1.267575e-01
1.267930e-01
1.268559e-01
1.269096e-01
1.270057e-01
1.270981e-01
1.271854e-01
1.272409e-01
1.273253e-01
1.273997e-01
1.274474e-01
1.275279e-01
1.275656e-01
1.276924e-01
1.277069e-01
1.277385e-01
1.278322e-01
1.279303e-01
1.279696e-01
1.280485e-01
1.281693e-01
1.282511e-01
1.283028e-01
1.283336e-01
1.284349e-01
1.284871e-01
1.285183e-01
1.285885e-01
1.287396e-01
1.287757e-01
1.288115e-01
1.288641e-01
1.289855e-01
1.290495e-01
1.290760e-01
1.291265e-01
1.292293e-01
1.292717e-01
1.293097e-01
1.293960e-01
1.294889e-01
1.295675e-01
1.296425e-01
1.297186e-01
1.298387e-01
1.298486e-01
1.299044e-01
1.299533e-01
1.300286e-01
1.300518e-01
1.301351e-01
1.302624e-01
1.303203e-01
1.303414e-01
1.303572e-01
1.305590e-01
1.305898e-01
1.306539e-01
1.307274e-01
1.307632e-01
1.308254e-01
1.308843e-01
1.309207e-01
1.310461e-01
1.311073e-01
1.311845e-01
1.312450e-01
1.313534e-01
1.314358e-01
1.314930e-01
1.315573e-01
1.316187e-01
1.316794e-01
1.317634e-01
1.318257e-01
1.319494e-01
1.319945e-01
1.320173e-01
1.321233e-01
1.321521e-01
1.322524e-01
1.323699e-01
1.324415e-01
1.324782e-01
1.325085e-01
1.326040e-01
1.326728e-01
1.327490e-01
1.327949e-01
1.328645e-01
1.329577e-01
1.330180e-01
1.331117e-01
1.331294e-01
1.331489e-01
1.332131e-01
1.333974e-01
1.334650e-01
1.334966e-01
1.335525e-01
1.336583e-01
1.336996e-01
1.337802e-01
1.338587e-01
1.339284e-01
1.340105e-01
1.340866e-01
1.341134e-01
1.342202e-01
1.342458e-01
1.343474e-01
1.344649e-01
1.345001e-01
1.345463e-01
1.346171e-01
1.346706e-01
1.346996e-01
1.347299e-01
1.348758e-01
1.349743e-01
1.349978e-01
1.350970e-01
1.351504e-01
1.352480e-01
1.353446e-01
1.353904e-01
1.354562e-01
1.354843e-01
1.356017e-01
1.356212e-01
1.356933e-01
1.357946e-01
1.358738e-01
1.359123e-01
1.359904e-01
1.360157e-01
1.361486e-01
1.361697e-01
1.362321e-01
1.362929e-01
1.364567e-01
1.364930e-01
1.365636e-01
1.366190e-01
1.367109e-01
1.367664e-01
1.367904e-01
1.368024e-01
1.368714e-01
1.369986e-01
1.370766e-01
1.371085e-01
1.372148e-01
1.373419e-01
1.374066e-01
1.374443e-01
1.375109e-01
1.375913e-01
1.376357e-01
1.377222e-01
1.377367e-01
1.377806e-01
1.378224e-01
1.379198e-01
1.379531e-01
1.379899e-01
1.380472e-01
1.381628e-01
1.382347e-01
1.382681e-01
1.383884e-01
1.384748e-01
1.385207e-01
1.385425e-01
1.386220e-01
1.386603e-01
1.387386e-01
1.388183e-01
1.388692e-01
1.389539e-01
1.390001e-01
1.390574e-01
1.391676e-01
1.392132e-01
1.392787e-01
1.393075e-01
1.394438e-01
1.395004e-01
1.396092e-01
1.396673e-01
1.397589e-01
1.398111e-01
1.398433e-01
1.398997e-01
1.400015e-01
1.400724e-01
1.401294e-01
1.402606e-01
1.403079e-01
1.404032e-01
1.404304e-01
1.404792e-01
1.405688e-01
1.406233e-01
1.407304e-01
1.408249e-01
1.408340e-01
1.408662e-01
1.409652e-01
1.409768e-01
1.411636e-01
1.412520e-01
1.413281e-01
1.414035e-01
1.414424e-01
1.414772e-01
1.415226e-01
1.416403e-01
1.416805e-01
1.418168e-01
1.418371e-01
1.419077e-01
1.420019e-01
1.420920e-01
1.421150e-01
1.421733e-01
1.422150e-01
1.422847e-01
1.423298e-01
1.423697e-01
1.424181e-01
1.424891e-01
1.425756e-01
1.427097e-01
1.427549e-01
1.428167e-01
1.428830e-01
1.429436e-01
1.430786e-01
1.431424e-01
1.431688e-01
1.432233e-01
1.432700e-01
1.433147e-01
1.433465e-01
1.434592e-01
1.435474e-01
1.435843e-01
1.436484e-01
1.437702e-01
1.438042e-01
1.438578e-01
1.438673e-01
1.439446e-01
1.440585e-01
1.441428e-01
1.441969e-01
1.442592e-01
1.443253e-01
1.443745e-01
1.444395e-01
1.445035e-01
1.445961e-01
1.446723e-01
1.447091e-01
1.447436e-01
1.448265e-01
1.448619e-01
1.449284e-01
1.450063e-01
1.450205e-01
1.451194e-01
1.452289e-01
1.453007e-01
1.453646e-01
1.454080e-01
1.454645e-01
1.455870e-01
1.456197e-01
1.456562e-01
1.457159e-01
1.458021e-01
1.458508e-01
1.458944e-01
1.459667e-01
1.460253e-01
1.460946e-01
1.461397e-01
1.461673e-01
1.463382e-01
1.463853e-01
1.464070e-01
1.464615e-01
1.464767e-01
1.465327e-01
1.465888e-01
1.466472e-01
1.466604e-01
1.467666e-01
1.468066e-01
1.469464e-01
1.469854e-01
1.470489e-01
1.471026e-01
1.471835e-01
1.472114e-01
1.472991e-01
1.473648e-01
1.474308e-01
1.474926e-01
1.475882e-01
1.476589e-01
1.477194e-01
1.477433e-01
1.478859e-01
1.479226e-01
1.481284e-01
1.481367e-01
1.481765e-01
1.482084e-01
1.482558e-01
1.483062e-01
1.484056e-01
1.485598e-01
1.486005e-01
1.486515e-01
1.486743e-01
1.487233e-01
1.487481e-01
1.488459e-01
1.489208e-01
1.490230e-01
1.490574e-01
1.491644e-01
1.492029e-01
1.492883e-01
1.493234e-01
1.494043e-01
1.494995e-01
1.495562e-01
1.496183e-01
1.496369e-01
1.496878e-01
1.498035e-01
1.498460e-01
1.498766e-01
1.499697e-01
1.501440e-01
1.502212e-01
1.502461e-01
1.502609e-01
1.503075e-01
1.504516e-01
1.505036e-01
1.506146e-01
1.506863e-01
1.507049e-01
1.507848e-01
1.507921e-01
1.508831e-01
1.509562e-01
1.510657e-01
1.511332e-01
1.511576e-01
1.511987e-01
1.512959e-01
1.513564e-01
1.515029e-01
1.515219e-01
1.515918e-01
1.517364e-01
1.517964e-01
1.518298e-01
1.518540e-01
1.519952e-01
1.520228e-01
1.521346e-01
1.521964e-01
1.522481e-01
1.523187e-01
1.523537e-01
1.524352e-01
1.525707e-01
1.526256e-01
1.526695e-01
1.526899e-01
1.528041e-01
1.528798e-01
1.529375e-01
1.529933e-01
1.530624e-01
1.531231e-01
1.531701e-01
1.532785e-01
1.533897e-01
1.534256e-01
1.534464e-01
1.535511e-01
1.535938e-01
1.536179e-01
1.536838e-01
1.537926e-01
1.538607e-01
1.538997e-01
1.539509e-01
1.540149e-01
1.540321e-01
1.540888e-01
1.541781e-01
1.542276e-01
1.543043e-01
1.543168e-01
1.543516e-01
1.544096e-01
1.545346e-01
1.545877e-01
1.546703e-01
1.548085e-01
1.548429e-01
1.550282e-01
1.550789e-01
1.551233e-01
1.552217e-01
1.552780e-01
1.553285e-01
1.553835e-01
1.553882e-01
1.554695e-01
1.555301e-01
1.556131e-01
1.556392e-01
1.557142e-01
1.558461e-01
1.559345e-01
1.559590e-01
1.560160e-01
1.560662e-01
1.561231e-01
1.561450e-01
1.561773e-01
1.562963e-01
1.563551e-01
1.564188e-01
1.564554e-01
1.566142e-01
1.566573e-01
1.566782e-01
1.567146e-01
1.567316e-01
1.569100e-01
1.569128e-01
1.570955e-01
1.571433e-01
1.571524e-01
1.572477e-01
1.573993e-01
1.574531e-01
1.575231e-01
1.575737e-01
1.576393e-01
1.577084e-01
1.578030e-01
1.578870e-01
1.579274e-01
1.580150e-01
1.580563e-01
1.581534e-01
1.582706e-01
1.582981e-01
1.583572e-01
1.583960e-01
1.585366e-01
1.585442e-01
1.585781e-01
1.586788e-01
1.587661e-01
1.588365e-01
1.588934e-01
1.589098e-01
1.591082e-01
1.591298e-01
1.591658e-01
1.591834e-01
1.592755e-01
1.593982e-01
1.594700e-01
1.595203e-01
1.595722e-01
1.596171e-01
1.597675e-01
1.598336e-01
1.598845e-01
1.599706e-01
1.599822e-01
1.600964e-01
1.601611e-01
1.601810e-01
1.602079e-01
1.602862e-01
1.604048e-01
1.604702e-01
1.604988e-01
1.605797e-01
1.606742e-01
1.606928e-01
1.607132e-01
1.607678e-01
1.609637e-01
1.610277e-01
1.610457e-01
1.611240e-01
1.611890e-01
1.612387e-01
1.612541e-01
1.614343e-01
1.615127e-01
1.615466e-01
1.615618e-01
1.616199e-01
1.617154e-01
1.617390e-01
1.618421e-01
1.618587e-01
1.618935e-01
1.619803e-01
1.620433e-01
1.620765e-01
1.621566e-01
1.621895e-01
1.622015e-01
1.622884e-01
1.624346e-01
1.624855e-01
1.625120e-01
1.626820e-01
1.626978e-01
1.627529e-01
1.628303e-01
1.628867e-01
1.629597e-01
1.629895e-01
1.630266e-01
1.630900e-01
1.631594e-01
1.632021e-01
1.632688e-01
1.633792e-01
1.634013e-01
1.634545e-01
1.635380e-01
1.636200e-01
1.636377e-01
1.637606e-01
1.638294e-01
1.638690e-01
1.639426e-01
1.640324e-01
1.641004e-01
1.641451e-01
1.642334e-01
1.642685e-01
1.643902e-01
1.644200e-01
1.644764e-01
1.645078e-01
1.646031e-01
1.646650e-01
1.646849e-01
1.647629e-01
1.647912e-01
1.648986e-01
1.650489e-01
1.651025e-01
1.651164e-01
1.652109e-01
1.652452e-01
1.652878e-01
1.653375e-01
1.654539e-01
1.654889e-01
1.655439e-01
1.656077e-01
1.656586e-01
1.656886e-01
1.657623e-01
1.658799e-01
1.659108e-01
1.659938e-01
1.660102e-01
1.660905e-01
1.661577e-01
1.662453e-01
1.662601e-01
1.663374e-01
1.664322e-01
1.665301e-01
1.665949e-01
1.666196e-01
1.666365e-01
1.666847e-01
1.668202e-01
1.668603e-01
1.669354e-01
1.669977e-01
1.670745e-01
1.671740e-01
1.672124e-01
1.672315e-01
1.673396e-01
1.674197e-01
1.674515e-01
1.675464e-01
1.676688e-01
1.676799e-01
1.677524e-01
1.678213e-01
1.678511e-01
1.679104e-01
1.679936e-01
1.680726e-01
1.680973e-01
1.681450e-01
1.682827e-01
1.684171e-01
1.684552e-01
1.685095e-01
1.686481e-01
1.687253e-01
1.688242e-01
1.689127e-01
1.689308e-01
1.689988e-01
1.690509e-01
1.691084e-01
1.691433e-01
1.693105e-01
1.693622e-01
1.693922e-01
1.694631e-01
1.695145e-01
1.695678e-01
1.696511e-01
1.696643e-01
1.697323e-01
1.698729e-01
1.699536e-01
1.699846e-01
1.700385e-01
1.700892e-01
1.701549e-01
1.702356e-01
1.702441e-01
1.703254e-01
1.703777e-01
1.704598e-01
1.705094e-01
1.705873e-01
1.706666e-01
1.707496e-01
1.707772e-01
1.708066e-01
1.709013e-01
1.709820e-01
1.710342e-01
1.710958e-01
1.711492e-01
1.712076e-01
1.712264e-01
1.713536e-01
1.714306e-01
1.715251e-01
1.716062e-01
1.717250e-01
1.717807e-01
1.717985e-01
1.719648e-01
1.719695e-01
1.720024e-01
1.721232e-01
1.721604e-01
1.721773e-01
1.722841e-01
1.723590e-01
1.724052e-01
1.724706e-01
1.725105e-01
1.726164e-01
1.727582e-01
1.728184e-01
1.728841e-01
1.729419e-01
1.729962e-01
1.730590e-01
1.731078e-01
1.731648e-01
1.731791e-01
1.733357e-01
1.733564e-01
1.734049e-01
1.734933e-01
1.735804e-01
1.736059e-01
1.736677e-01
1.737175e-01
1.737425e-01
1.737717e-01
1.738550e-01
1.739282e-01
1.739851e-01
1.740549e-01
1.741111e-01
1.741986e-01
1.743074e-01
1.743464e-01
1.744112e-01
1.745089e-01
1.746105e-01
1.746606e-01
1.746727e-01
1.747513e-01
1.748153e-01
1.748611e-01
1.749155e-01
1.749908e-01
1.750292e-01
1.751037e-01
1.751838e-01
1.752504e-01
1.752865e-01
1.754063e-01
1.754967e-01
1.755664e-01
1.756443e-01
1.757297e-01
1.758064e-01
1.758908e-01
1.759230e-01
1.759531e-01
1.760695e-01
1.761600e-01
1.762421e-01
1.762771e-01
1.763563e-01
1.763903e-01
1.764684e-01
1.765415e-01
1.766085e-01
1.766321e-01
1.766875e-01
1.766976e-01
1.767734e-01
1.768418e-01
1.768797e-01
1.769565e-01
1.770174e-01
1.771523e-01
1.772436e-01
1.772833e-01
1.773467e-01
1.774035e-01
1.774707e-01
1.775322e-01
1.775563e-01
1.776533e-01
1.777560e-01
1.777764e-01
1.778191e-01
1.779443e-01
1.779912e-01
1.780672e-01
1.781499e-01
1.781942e-01
1.782990e-01
1.783356e-01
1.784287e-01
1.784666e-01
1.784920e-01
1.785446e-01
1.785958e-01
1.786601e-01
1.787301e-01
1.788183e-01
1.788401e-01
1.788884e-01
1.790028e-01
1.790252e-01
1.791345e-01
1.791754e-01
1.791991e-01
1.793094e-01
1.793257e-01
1.793769e-01
1.794447e-01
1.795441e-01
1.795990e-01
1.796878e-01
1.798144e-01
1.798339e-01
1.799089e-01
1.799575e-01
1.800120e-01
1.801014e-01
1.801705e-01
1.802277e-01
1.802477e-01
1.802697e-01
1.803885e-01
1.804075e-01
1.805092e-01
1.805298e-01
1.806171e-01
1.806637e-01
1.807443e-01
1.807483e-01
1.808237e-01
1.808692e-01
1.809470e-01
1.810266e-01
1.810739e-01
1.811375e-01
1.812116e-01
1.812461e-01
1.812836e-01
1.813863e-01
1.814864e-01
1.815379e-01
1.815724e-01
1.816315e-01
1.816707e-01
1.817884e-01
1.818065e-01
1.818866e-01
1.818942e-01
1.820583e-01
1.821194e-01
1.821720e-01
1.822216e-01
1.823044e-01
1.823290e-01
1.823768e-01
1.824771e-01
1.824884e-01
1.825496e-01
1.825896e-01
1.826801e-01
1.827622e-01
1.827904e-01
1.828944e-01
1.829817e-01
1.829854e-01
1.830841e-01
1.831753e-01
1.832145e-01
1.832507e-01
1.833017e-01
1.833693e-01
1.834334e-01
1.835119e-01
1.835615e-01
1.835776e-01
1.836999e-01
1.837398e-01
1.837806e-01
1.838686e-01
1.839204e-01
1.840189e-01
1.840666e-01
1.840951e-01
1.841664e-01
1.842174e-01
1.843700e-01
1.844139e-01
1.844460e-01
1.844947e-01
1.845047e-01
1.845663e-01
1.846558e-01
1.847355e-01
1.848030e-01
1.848671e-01
1.849610e-01
1.849767e-01
1.850235e-01
1.851012e-01
1.851898e-01
1.852221e-01
1.852770e-01
1.853406e-01
1.854438e-01
1.855032e-01
1.855660e-01
1.855960e-01
1.856874e-01
1.857348e-01
1.858263e-01
1.858852e-01
1.859478e-01
1.859926e-01
1.860986e-01
1.861597e-01
1.862765e-01
1.863137e-01
1.864189e-01
1.864729e-01
1.864953e-01
1.865671e-01
1.865695e-01
1.866276e-01
1.867395e-01
1.868053e-01
1.868652e-01
1.869414e-01
1.869643e-01
1.870528e-01
1.870954e-01
1.872319e-01
1.873260e-01
1.874010e-01
1.874585e-01
1.874771e-01
1.875410e-01
1.876060e-01
1.876266e-01
1.877106e-01
1.878050e-01
1.878621e-01
1.879643e-01
1.880127e-01
1.880594e-01
1.881226e-01
1.882225e-01
1.882748e-01
1.883563e-01
1.883908e-01
1.884006e-01
1.885334e-01
1.885653e-01
1.886074e-01
1.887341e-01
1.887635e-01
1.888281e-01
1.888787e-01
1.889030e-01
1.889987e-01
1.890494e-01
1.891718e-01
1.892617e-01
1.892893e-01
1.893404e-01
1.894213e-01
1.894515e-01
1.895170e-01
1.895635e-01
1.896204e-01
1.896543e-01
1.897820e-01
1.898597e-01
1.899109e-01
1.900013e-01
1.900486e-01
1.900738e-01
1.901241e-01
1.902713e-01
1.902955e-01
1.903903e-01
1.904212e-01
1.904991e-01
1.905330e-01
1.905690e-01
1.905900e-01
1.906797e-01
1.907323e-01
1.908743e-01
1.908953e-01
1.910024e-01
1.910486e-01
1.911125e-01
1.912155e-01
1.912371e-01
1.912683e-01
1.913827e-01
1.914545e-01
1.915173e-01
1.915863e-01
1.916457e-01
1.916911e-01
1.917290e-01
1.918507e-01
1.919452e-01
1.919489e-01
1.919704e-01
1.920767e-01
1.921367e-01
1.922410e-01
1.922590e-01
1.923070e-01
1.923572e-01
1.923905e-01
1.924513e-01
1.924810e-01
1.925945e-01
1.927142e-01
1.927730e-01
1.928222e-01
1.929030e-01
1.929757e-01
1.930159e-01
1.930860e-01
1.931610e-01
1.932641e-01
1.932974e-01
1.934000e-01
1.934125e-01
1.934734e-01
1.935033e-01
1.935783e-01
1.936073e-01
1.937610e-01
1.937827e-01
1.938302e-01
1.938981e-01
1.940116e-01
1.940277e-01
1.941651e-01
1.942050e-01
1.942427e-01
1.942803e-01
1.943776e-01
1.944454e-01
1.944884e-01
1.945062e-01
1.945784e-01
1.947713e-01
1.947988e-01
1.948768e-01
1.949438e-01
1.950179e-01
1.950489e-01
1.950693e-01
1.951146e-01
1.952681e-01
1.952987e-01
1.953583e-01
1.954816e-01
1.955416e-01
1.955848e-01
1.956893e-01
1.957385e-01
1.957916e-01
1.958386e-01
1.958433e-01
1.959254e-01
1.960567e-01
1.961317e-01
1.961740e-01
1.962051e-01
1.962845e-01
1.963304e-01
1.963864e-01
1.964679e-01
1.965015e-01
1.966243e-01
1.967097e-01
1.967696e-01
1.968046e-01
1.968643e-01
1.969316e-01
1.970934e-01
1.971345e-01
1.971749e-01
1.972805e-01
1.973512e-01
1.973938e-01
1.974137e-01
1.975450e-01
1.975705e-01
1.976825e-01
1.977695e-01
1.978271e-01
1.978619e-01
1.979476e-01
1.979814e-01
1.980331e-01
1.980735e-01
1.981102e-01
1.981494e-01
1.982557e-01
1.982988e-01
1.984140e-01
1.984482e-01
1.985328e-01
1.985671e-01
1.986357e-01
1.987098e-01
1.987293e-01
1.988057e-01
1.988342e-01
1.989074e-01
1.989581e-01
1.990458e-01
1.990959e-01
1.991581e-01
1.992835e-01
1.993048e-01
1.993223e-01
1.993707e-01
1.994951e-01
1.995412e-01
1.995839e-01
1.996572e-01
1.997392e-01
1.998253e-01
1.998384e-01
1.999117e-01
1.999893e-01
2.000367e-01
2.001153e-01
2.001557e-01
2.002984e-01
2.003184e-01
2.003538e-01
2.004247e-01
2.005167e-01
2.005642e-01
2.005878e-01
2.006579e-01
2.007388e-01
2.008453e-01
2.008833e-01
2.009737e-01
2.009966e-01
2.010772e-01
2.011291e-01
2.011526e-01
2.012318e-01
2.013705e-01
2.013913e-01
2.014524e-01
2.014761e-01
2.015855e-01
2.016165e-01
2.016530e-01
2.017053e-01
2.017871e-01
2.018375e-01
2.019359e-01
2.020078e-01
2.020427e-01
2.021252e-01
2.021650e-01
2.022192e-01
2.023222e-01
2.023577e-01
2.024720e-01
2.025298e-01
2.025712e-01
2.026243e-01
2.027054e-01
2.027529e-01
2.028267e-01
2.028484e-01
2.029755e-01
2.029879e-01
2.030577e-01
2.031092e-01
2.031985e-01
2.032161e-01
2.032737e-01
2.033085e-01
2.033984e-01
2.034997e-01
2.036163e-01
2.036525e-01
2.037473e-01
2.038389e-01
2.038719e-01
2.039001e-01
2.039563e-01
2.040666e-01
2.041067e-01
2.041766e-01
2.042496e-01
2.042863e-01
2.043932e-01
2.044200e-01
2.044988e-01
2.045269e-01
2.045728e-01
2.046859e-01
2.047324e-01
2.048390e-01
2.048587e-01
2.048826e-01
2.050443e-01
2.051038e-01
2.051081e-01
2.051429e-01
2.052238e-01
2.052757e-01
2.053380e-01
2.053881e-01
2.054493e-01
2.054786e-01
2.055642e-01
2.055990e-01
2.056559e-01
2.057010e-01
2.057811e-01
2.058754e-01
2.059365e-01
2.060766e-01
2.061019e-01
2.061478e-01
2.061989e-01
2.062523e-01
2.063278e-01
2.063736e-01
2.065203e-01
2.065756e-01
2.066496e-01
2.066842e-01
2.067542e-01
2.068226e-01
2.069093e-01
2.069492e-01
2.070460e-01
2.071056e-01
2.072083e-01
2.072439e-01
2.072728e-01
2.073919e-01
2.074050e-01
2.075083e-01
2.075961e-01
2.076627e-01
2.076739e-01
2.077741e-01
2.078366e-01
2.078951e-01
2.079901e-01
2.080218e-01
2.080710e-01
2.081202e-01
2.081545e-01
2.082280e-01
2.082583e-01
2.083047e-01
2.084277e-01
2.085200e-01
2.085482e-01
2.085970e-01
2.086430e-01
2.087772e-01
2.088468e-01
2.088571e-01
2.089156e-01
2.089651e-01
2.090549e-01
2.091307e-01
2.091393e-01
2.092054e-01
2.092519e-01
2.093103e-01
2.094218e-01
2.095212e-01
2.095597e-01
2.096414e-01
2.096961e-01
2.097837e-01
2.098135e-01
2.098985e-01
2.099466e-01
2.099881e-01
2.100511e-01
2.101589e-01
2.101858e-01
2.102273e-01
2.102686e-01
2.103124e-01
2.103924e-01
2.104196e-01
2.104583e-01
2.105531e-01
2.105770e-01
2.106736e-01
2.107416e-01
2.108228e-01
2.108936e-01
2.109824e-01
2.110164e-01
2.110939e-01
2.111633e-01
2.112196e-01
2.112812e-01
2.113158e-01
2.114139e-01
2.114646e-01
2.115158e-01
2.115851e-01
2.116085e-01
2.116895e-01
2.117212e-01
2.118351e-01
2.119135e-01
2.119278e-01
2.119820e-01
2.120650e-01
2.120935e-01
2.122055e-01
2.122387e-01
2.123003e-01
2.123695e-01
2.125152e-01
2.125587e-01
2.125745e-01
2.126335e-01
2.127134e-01
2.127528e-01
2.128222e-01
2.128921e-01
2.130164e-01
2.130377e-01
2.131191e-01
2.131613e-01
2.131627e-01
2.132042e-01
2.132849e-01
2.133176e-01
2.133684e-01
2.134621e-01
2.135166e-01
2.135864e-01
2.136714e-01
2.136967e-01
2.137896e-01
2.139168e-01
2.139777e-01
2.140264e-01
2.140752e-01
2.141424e-01
2.142066e-01
2.142909e-01
2.143381e-01
2.144088e-01
2.144346e-01
2.145045e-01
2.145536e-01
2.146587e-01
2.146842e-01
2.147453e-01
2.148787e-01
2.149045e-01
2.149137e-01
2.150515e-01
2.151155e-01
2.151461e-01
2.152477e-01
2.152715e-01
2.153361e-01
2.153847e-01
2.154362e-01
2.154960e-01
2.155728e-01
2.156147e-01
2.156368e-01
2.157063e-01
2.157405e-01
2.157968e-01
2.158056e-01
2.159165e-01
2.159563e-01
2.159864e-01
2.161143e-01
2.161542e-01
2.162102e-01
2.163109e-01
2.163803e-01
2.164291e-01
2.165036e-01
2.165166e-01
2.165804e-01
2.166196e-01
2.166711e-01
2.167430e-01
2.168555e-01
2.168732e-01
2.169113e-01
2.169952e-01
2.170170e-01
2.171411e-01
2.171767e-01
2.172366e-01
2.172847e-01
2.173968e-01
2.174609e-01
2.174881e-01
2.175207e-01
2.175703e-01
2.176591e-01
2.177093e-01
2.177589e-01
2.178126e-01
2.179326e-01
2.179714e-01
2.179988e-01
2.180526e-01
2.181214e-01
2.182297e-01
2.182527e-01
2.183315e-01
2.183914e-01
2.184230e-01
2.185121e-01
2.185189e-01
2.186064e-01
2.186861e-01
2.187166e-01
2.187562e-01
2.187621e-01
2.188665e-01
2.189875e-01
2.190486e-01
2.190900e-01
2.191359e-01
2.191397e-01
2.192235e-01
2.192787e-01
2.193330e-01
2.194125e-01
2.194307e-01
2.195167e-01
2.195987e-01
2.196389e-01
2.196809e-01
2.197054e-01
2.197471e-01
2.198620e-01
2.198859e-01
2.200406e-01
2.201003e-01
2.201295e-01
2.201497e-01
2.201730e-01
2.203151e-01
2.203440e-01
2.204294e-01
2.204602e-01
2.205003e-01
2.205110e-01
2.206120e-01
2.206407e-01
2.207311e-01
2.207779e-01
2.208214e-01
2.208394e-01
2.209650e-01
2.210172e-01
2.210734e-01
2.211179e-01
2.211811e-01
2.212161e-01
2.212808e-01
2.213508e-01
2.214092e-01
2.214525e-01
2.214891e-01
2.215452e-01
2.215913e-01
2.216193e-01
2.216946e-01
2.217857e-01
2.218574e-01
2.218769e-01
2.219467e-01
2.219912e-01
2.220326e-01
2.220710e-01
2.221721e-01
2.221954e-01
2.222363e-01
2.222878e-01
2.223994e-01
2.224818e-01
2.225272e-01
2.225791e-01
2.226419e-01
2.227180e-01
2.227287e-01
2.227783e-01
2.228763e-01
2.229665e-01
2.229956e-01
2.230152e-01
2.231536e-01
2.231936e-01
2.232549e-01
2.232730e-01
2.233077e-01
2.233871e-01
2.234069e-01
2.235761e-01
2.235847e-01
2.236662e-01
2.237071e-01
2.237431e-01
2.238482e-01
2.239160e-01
2.239780e-01
2.239971e-01
2.240561e-01
2.241082e-01
2.241999e-01
2.242900e-01
2.243187e-01
2.243608e-01
2.243968e-01
2.244947e-01
2.245150e-01
2.245628e-01
2.245855e-01
2.247245e-01
2.248087e-01
2.248510e-01
2.249275e-01
2.249778e-01
2.250184e-01
2.250280e-01
2.250912e-01
2.251450e-01
2.252457e-01
2.252638e-01
2.253465e-01
2.253931e-01
2.254367e-01
2.255549e-01
2.255807e-01
2.256760e-01
2.257567e-01
2.258249e-01
2.258578e-01
2.258963e-01
2.259647e-01
2.259787e-01
2.260391e-01
2.260669e-01
2.261048e-01
2.261865e-01
2.262503e-01
2.262883e-01
2.264104e-01
2.264417e-01
2.264760e-01
2.264827e-01
2.265414e-01
2.266782e-01
2.267391e-01
2.267744e-01
2.268131e-01
2.268770e-01
2.269334e-01
2.269994e-01
2.271030e-01
2.271561e-01
2.272119e-01
2.272624e-01
2.272900e-01
2.273210e-01
2.273822e-01
2.274344e-01
2.275226e-01
2.275276e-01
2.276186e-01
2.276268e-01
2.276746e-01
2.277312e-01
2.278118e-01
2.278983e-01
2.279345e-01
2.279696e-01
2.280811e-01
2.281159e-01
2.281475e-01
2.281981e-01
2.282768e-01
2.283574e-01
2.284070e-01
2.284319e-01
2.285033e-01
2.285775e-01
2.285944e-01
2.286174e-01
2.286785e-01
2.288044e-01
2.288724e-01
2.289313e-01
2.289590e-01
2.290178e-01
2.291073e-01
2.291686e-01
2.292406e-01
2.292855e-01
2.293258e-01
2.294311e-01
2.294733e-01
2.295179e-01
2.295433e-01
2.296071e-01
2.296769e-01
2.297098e-01
2.297223e-01
2.297795e-01
2.299102e-01
2.299649e-01
2.300132e-01
2.300315e-01
2.300757e-01
2.301477e-01
2.302026e-01
2.302611e-01
2.302776e-01
2.303972e-01
2.304350e-01
2.304703e-01
2.305180e-01
2.305769e-01
2.306801e-01
2.307428e-01
2.307670e-01
2.308461e-01
2.309333e-01
2.309508e-01
2.309951e-01
2.310651e-01
2.311387e-01
2.311880e-01
2.312304e-01
2.312736e-01
2.313423e-01
2.313980e-01
2.314773e-01
2.315020e-01
2.316682e-01
2.317199e-01
2.317592e-01
2.317789e-01
2.317961e-01
2.319089e-01
2.319705e-01
2.320451e-01
2.321369e-01
2.321961e-01
2.322304e-01
2.322664e-01
2.323267e-01
2.323907e-01
2.324575e-01
2.325028e-01
2.325646e-01
2.326025e-01
2.326823e-01
2.327295e-01
2.327757e-01
2.328743e-01
2.329486e-01
2.329941e-01
2.330362e-01
2.331229e-01
2.331308e-01
2.332287e-01
2.332505e-01
2.332914e-01
2.333333e-01
2.334213e-01
2.335108e-01
2.335783e-01
2.336010e-01
2.337026e-01
2.337809e-01
2.338207e-01
2.338805e-01
2.338952e-01
2.339823e-01
2.339981e-01
2.340866e-01
2.341032e-01
2.342108e-01
2.342812e-01
2.342951e-01
2.343406e-01
2.344086e-01
2.344539e-01
2.344967e-01
2.345560e-01
2.345936e-01
2.346607e-01
2.347058e-01
2.347604e-01
2.348387e-01
2.348626e-01
2.348926e-01
2.349675e-01
2.350463e-01
2.351353e-01
2.351564e-01
2.351850e-01
2.352469e-01
2.353643e-01
2.353904e-01
2.354626e-01
2.354823e-01
2.354961e-01
2.356001e-01
2.356359e-01
2.356846e-01
2.357151e-01
2.357453e-01
2.358083e-01
2.358807e-01
2.359209e-01
2.360074e-01
2.360546e-01
2.361338e-01
2.362153e-01
2.362730e-01
2.363014e-01
2.363494e-01
2.363878e-01
2.364304e-01
2.364894e-01
2.365936e-01
2.366510e-01
2.367615e-01
2.368296e-01
2.368431e-01
2.369049e-01
2.369287e-01
2.370073e-01
2.370265e-01
2.370724e-01
2.371233e-01
2.372139e-01
2.372362e-01
2.372958e-01
2.373065e-01
2.373538e-01
2.375236e-01
2.376098e-01
2.376152e-01
2.376474e-01
2.377581e-01
2.378054e-01
2.378341e-01
2.380154e-01
2.380448e-01
2.380616e-01
2.381375e-01
2.381753e-01
2.382434e-01
2.383009e-01
2.383831e-01
2.384289e-01
2.384725e-01
2.385109e-01
2.385555e-01
2.385824e-01
2.386398e-01
2.386770e-01
2.387628e-01
2.387789e-01
2.388653e-01
2.388799e-01
2.389797e-01
2.390406e-01
2.390904e-01
2.391578e-01
2.392548e-01
2.393164e-01
2.394011e-01
2.394272e-01
2.394591e-01
2.394844e-01
2.395802e-01
2.396603e-01
2.397100e-01
2.397270e-01
2.398275e-01
2.399020e-01
2.399739e-01
2.400234e-01
2.400823e-01
2.401233e-01
2.401501e-01
2.401706e-01
2.402322e-01
2.402930e-01
2.403587e-01
2.404352e-01
2.404843e-01
2.405170e-01
2.405672e-01
2.406087e-01
2.406614e-01
2.407816e-01
2.408074e-01
2.408426e-01
2.409124e-01
2.409620e-01
2.410644e-01
2.411021e-01
2.411720e-01
2.411898e-01
2.412579e-01
2.412686e-01
2.413369e-01
2.414082e-01
2.415055e-01
2.415713e-01
2.415853e-01
2.416185e-01
2.417214e-01
2.417450e-01
2.418248e-01
2.418451e-01
2.419353e-01
2.419844e-01
2.420275e-01
2.421559e-01
2.421743e-01
2.422727e-01
2.423051e-01
2.423170e-01
2.424043e-01
2.424382e-01
2.424616e-01
2.425628e-01
2.425889e-01
2.426858e-01
2.427070e-01
2.427696e-01
2.428424e-01
2.429669e-01
2.429809e-01
2.430036e-01
2.430971e-01
2.431319e-01
2.431842e-01
2.432137e-01
2.432932e-01
2.434014e-01
2.434341e-01
2.434841e-01
2.435500e-01
2.436015e-01
2.436509e-01
2.437210e-01
2.437997e-01
2.438283e-01
2.438903e-01
2.439074e-01
2.440032e-01
2.440308e-01
2.441590e-01
2.441905e-01
2.442523e-01
2.442926e-01
2.443602e-01
2.444184e-01
2.444672e-01
2.444777e-01
2.445189e-01
2.445696e-01
2.446567e-01
2.446859e-01
2.447470e-01
2.448444e-01
2.448558e-01
2.449051e-01
2.449133e-01
2.450382e-01
2.450928e-01
2.451294e-01
2.451376e-01
2.452295e-01
2.453218e-01
2.453555e-01
2.454108e-01
2.455603e-01
2.455868e-01
2.456335e-01
2.456899e-01
2.457249e-01
2.458195e-01
2.459175e-01
2.460128e-01
2.460232e-01
2.460479e-01
2.461368e-01
2.462048e-01
2.462352e-01
2.462789e-01
2.463339e-01
2.464061e-01
2.464798e-01
2.465766e-01
2.466636e-01
2.466729e-01
2.467041e-01
2.467730e-01
2.468138e-01
2.469290e-01
2.469317e-01
2.469794e-01
2.470389e-01
2.470858e-01
2.471280e-01
2.471538e-01
2.471830e-01
2.472510e-01
2.472811e-01
2.473603e-01
2.474453e-01
2.475313e-01
2.476205e-01
2.476411e-01
2.476997e-01
2.477694e-01
2.477902e-01
2.478644e-01
2.478888e-01
2.479238e-01
2.479722e-01
2.480532e-01
2.481404e-01
2.481724e-01
2.481947e-01
2.483052e-01
2.483371e-01
2.483988e-01
2.484589e-01
2.485701e-01
2.486140e-01
2.486296e-01
2.487565e-01
2.487780e-01
2.488344e-01
2.489033e-01
2.489373e-01
2.489507e-01
2.490501e-01
2.491504e-01
2.492180e-01
2.492595e-01
2.493626e-01
2.494237e-01
2.494342e-01
2.494666e-01
2.495049e-01
2.495925e-01
2.496265e-01
2.497148e-01
2.497575e-01
2.497847e-01
2.498394e-01
2.498884e-01
2.499585e-01
2.500074e-01
2.500546e-01
2.502007e-01
2.502179e-01
2.502546e-01
2.503087e-01
2.503461e-01
2.504366e-01
2.504906e-01
2.505819e-01
2.506108e-01
2.506885e-01
2.507655e-01
2.507844e-01
2.508467e-01
2.508960e-01
2.509713e-01
2.509968e-01
2.510336e-01
2.511245e-01
2.511818e-01
2.512612e-01
2.513118e-01
2.513418e-01
2.514509e-01
2.514574e-01
2.515066e-01
2.515847e-01
2.516360e-01
2.516634e-01
2.517372e-01
2.517894e-01
2.518332e-01
2.519028e-01
2.519563e-01
2.519805e-01
2.521030e-01
2.521427e-01
2.521636e-01
2.522232e-01
2.523228e-01
2.523493e-01
2.524260e-01
2.524940e-01
2.525115e-01
2.525528e-01
2.526730e-01
2.526925e-01
2.527581e-01
2.527881e-01
2.528813e-01
2.529376e-01
2.530276e-01
2.530807e-01
2.531173e-01
2.531671e-01
2.532413e-01
2.532647e-01
2.533473e-01
2.533605e-01
2.534766e-01
2.535098e-01
2.535551e-01
2.536106e-01
2.536869e-01
2.536975e-01
2.537653e-01
2.538207e-01
2.539198e-01
2.539541e-01
2.539912e-01
2.540215e-01
2.540753e-01
2.540957e-01
2.541616e-01
2.542672e-01
2.543263e-01
2.543600e-01
2.544115e-01
2.544906e-01
2.545972e-01
2.546099e-01
2.546972e-01
2.547448e-01
2.548646e-01
2.549069e-01
2.549655e-01
2.550345e-01
2.550740e-01
2.551172e-01
2.551359e-01
2.551806e-01
2.552777e-01
2.553678e-01
2.554561e-01
2.554625e-01
2.555370e-01
2.555824e-01
2.556010e-01
2.557208e-01
2.557693e-01
2.558944e-01
2.559235e-01
2.559370e-01
2.559621e-01
2.560627e-01
2.561078e-01
2.561182e-01
2.562123e-01
2.562656e-01
2.563259e-01
2.563614e-01
2.564130e-01
2.564554e-01
2.565170e-01
2.565483e-01
2.566256e-01
2.566562e-01
2.567586e-01
2.567849e-01
2.568529e-01
2.568826e-01
2.569415e-01
2.570046e-01
2.570862e-01
2.571020e-01
2.571980e-01
2.572995e-01
2.573324e-01
2.573976e-01
2.574307e-01
2.574759e-01
2.575321e-01
2.575613e-01
2.576374e-01
2.576994e-01
2.578305e-01
2.578735e-01
2.579044e-01
2.579997e-01
2.580398e-01
2.580513e-01
2.581564e-01
2.581882e-01
2.582451e-01
2.583803e-01
2.583987e-01
2.584293e-01
2.584816e-01
2.585353e-01
2.586248e-01
2.587175e-01
2.587789e-01
2.588392e-01
2.588699e-01
2.589544e-01
2.589986e-01
2.590119e-01
2.590604e-01
2.591787e-01
2.592063e-01
2.592638e-01
2.593356e-01
2.593620e-01
2.594441e-01
2.595207e-01
2.595327e-01
2.596575e-01
2.596890e-01
2.597415e-01
2.597599e-01
2.598480e-01
2.598998e-01
2.599353e-01
2.600024e-01
2.600802e-01
2.601156e-01
2.601946e-01
2.602664e-01
2.602882e-01
2.603838e-01
2.604053e-01
2.604699e-01
2.605221e-01
2.605858e-01
2.606242e-01
2.607386e-01
2.607987e-01
2.608177e-01
2.608511e-01
2.609066e-01
2.609670e-01
2.609969e-01
2.611648e-01
2.611775e-01
2.612073e-01
2.612609e-01
2.613221e-01
2.613629e-01
2.614245e-01
2.614801e-01
2.616067e-01
2.616352e-01
2.616541e-01
2.617346e-01
2.617420e-01
2.617798e-01
2.618933e-01
2.619753e-01
2.620003e-01
2.620559e-01
2.620912e-01
2.621362e-01
2.621959e-01
2.622476e-01
2.623138e-01
2.623585e-01
2.624012e-01
2.624893e-01
2.625489e-01
2.625924e-01
2.626270e-01
2.626874e-01
2.627869e-01
2.628238e-01
2.628468e-01
2.629590e-01
2.630064e-01
2.630796e-01
2.631088e-01
2.632025e-01
2.632186e-01
2.632495e-01
2.633496e-01
2.633787e-01
2.634195e-01
2.634738e-01
2.635754e-01
2.635991e-01
2.636465e-01
2.637666e-01
2.638381e-01
2.638976e-01
2.639444e-01
2.639965e-01
2.640286e-01
2.641434e-01
2.642372e-01
2.642725e-01
2.643119e-01
2.644175e-01
2.644543e-01
2.644870e-01
2.645033e-01
2.645535e-01
2.645940e-01
2.647205e-01
2.647652e-01
2.647980e-01
2.648208e-01
2.649455e-01
2.649658e-01
2.650153e-01
2.651243e-01
2.651325e-01
2.652105e-01
2.652970e-01
2.653389e-01
2.653941e-01
2.654556e-01
2.654825e-01
2.655614e-01
2.655964e-01
2.656330e-01
2.657085e-01
2.657862e-01
2.658272e-01
2.658630e-01
2.659414e-01
2.659825e-01
2.660241e-01
2.660702e-01
2.661140e-01
2.662057e-01
2.662571e-01
2.662864e-01
2.663608e-01
2.663873e-01
2.664126e-01
2.665432e-01
2.666219e-01
2.666767e-01
2.667292e-01
2.667532e-01
2.667862e-01
2.668284e-01
2.669074e-01
2.669579e-01
2.670550e-01
2.670645e-01
2.671021e-01
2.672209e-01
2.672348e-01
2.672922e-01
2.673383e-01
2.673995e-01
2.674574e-01
2.675488e-01
2.675698e-01
2.675896e-01
2.677043e-01
2.677300e-01
2.678242e-01
2.679130e-01
2.679593e-01
2.680454e-01
2.680778e-01
2.681765e-01
2.681986e-01
2.682529e-01
2.682640e-01
2.683062e-01
2.683630e-01
2.684228e-01
2.684537e-01
2.685199e-01
2.686211e-01
2.686302e-01
2.686630e-01
2.687896e-01
2.688000e-01
2.688498e-01
2.689204e-01
2.689600e-01
2.690275e-01
2.690448e-01
2.691153e-01
2.691271e-01
2.691991e-01
2.693142e-01
2.693222e-01
2.693781e-01
2.694697e-01
2.695236e-01
2.695703e-01
2.696415e-01
2.696670e-01
2.697370e-01
2.697617e-01
2.698468e-01
2.699011e-01
2.699374e-01
2.699932e-01
2.700317e-01
2.701798e-01
2.702383e-01
2.703280e-01
2.703582e-01
2.704129e-01
2.704219e-01
2.705075e-01
2.705256e-01
2.705596e-01
2.706107e-01
2.707563e-01
2.707766e-01
2.707942e-01
2.708316e-01
2.709217e-01
2.709428e-01
2.710650e-01
2.710989e-01
2.711208e-01
2.711857e-01
2.712941e-01
2.713215e-01
2.713782e-01
2.714874e-01
2.715088e-01
2.715653e-01
2.716674e-01
2.717068e-01
2.717901e-01
2.718460e-01
2.719070e-01
2.719354e-01
2.719736e-01
2.720288e-01
2.720532e-01
2.721365e-01
2.721578e-01
2.722583e-01
2.722952e-01
2.723519e-01
2.724218e-01
2.724466e-01
2.724777e-01
2.725488e-01
2.726235e-01
2.726897e-01
2.727105e-01
2.727276e-01
2.728271e-01
2.728610e-01
2.729646e-01
2.730397e-01
2.730681e-01
2.731313e-01
2.732280e-01
2.732628e-01
2.733397e-01
2.733917e-01
2.734404e-01
2.734794e-01
2.735601e-01
2.735857e-01
2.736247e-01
2.736898e-01
2.737164e-01
2.737807e-01
2.738156e-01
2.739412e-01
2.739577e-01
2.740666e-01
2.741228e-01
2.741954e-01
2.742596e-01
2.742686e-01
2.743086e-01
2.743563e-01
2.743837e-01
2.744902e-01
2.745686e-01
2.746031e-01
2.746587e-01
2.747518e-01
2.747723e-01
2.748230e-01
2.748436e-01
2.749540e-01
2.750578e-01
2.750623e-01
2.751687e-01
2.752125e-01
2.752505e-01
2.752670e-01
2.753595e-01
2.753972e-01
2.754451e-01
2.755233e-01
2.755639e-01
2.755792e-01
2.757274e-01
2.757607e-01
2.757860e-01
2.758434e-01
2.759479e-01
2.760192e-01
2.760522e-01
2.760932e-01
2.761324e-01
2.762239e-01
2.763418e-01
2.763794e-01
2.763894e-01
2.764378e-01
2.765493e-01
2.765903e-01
2.766120e-01
2.766733e-01
2.767068e-01
2.768081e-01
2.768875e-01
2.769340e-01
2.769691e-01
2.770160e-01
2.770973e-01
2.771136e-01
2.771490e-01
2.772222e-01
2.772522e-01
2.773574e-01
2.774156e-01
2.774613e-01
2.775528e-01
2.775879e-01
2.776423e-01
2.776989e-01
2.777520e-01
2.777918e-01
2.778819e-01
2.779329e-01
2.780272e-01
2.780500e-01
2.780898e-01
2.782033e-01
2.782226e-01
2.782980e-01
2.783370e-01
2.784030e-01
2.784522e-01
2.785305e-01
2.785834e-01
2.786144e-01
2.786943e-01
2.787458e-01
2.788224e-01
2.788602e-01
2.789759e-01
2.790275e-01
2.790468e-01
2.791015e-01
2.791719e-01
2.791968e-01
2.792331e-01
2.792817e-01
2.792933e-01
2.794105e-01
2.794564e-01
2.795594e-01
2.795848e-01
2.796893e-01
2.797292e-01
2.797983e-01
2.798685e-01
2.799106e-01
2.799839e-01
2.800148e-01
2.801592e-01
2.801797e-01
2.802121e-01
2.802941e-01
2.803123e-01
2.803576e-01
2.804014e-01
2.804851e-01
2.805173e-01
2.806327e-01
2.806601e-01
2.807264e-01
2.807452e-01
2.808360e-01
2.808794e-01
2.809238e-01
2.809555e-01
2.810479e-01
2.810819e-01
2.812014e-01
2.812243e-01
2.812617e-01
2.812642e-01
2.813755e-01
2.814839e-01
2.815410e-01
2.815912e-01
2.816257e-01
2.816791e-01
2.817755e-01
2.818095e-01
2.818694e-01
2.819332e-01
2.820386e-01
2.820488e-01
2.821455e-01
2.821924e-01
2.822093e-01
2.822378e-01
2.823433e-01
2.824129e-01
2.824755e-01
2.825352e-01
2.825675e-01
2.826740e-01
2.827016e-01
2.827585e-01
2.828126e-01
2.828412e-01
2.829409e-01
2.829652e-01
2.829890e-01
2.830266e-01
2.830954e-01
2.831541e-01
2.831782e-01
2.832782e-01
2.833162e-01
2.833790e-01
2.834111e-01
2.834845e-01
2.835528e-01
2.835858e-01
2.836346e-01
2.836775e-01
2.837327e-01
2.838328e-01
2.838429e-01
2.839549e-01
2.839836e-01
2.840181e-01
2.840680e-01
2.841019e-01
2.841242e-01
2.841629e-01
2.842711e-01
2.843771e-01
2.844192e-01
2.844701e-01
2.845348e-01
2.845969e-01
2.846680e-01
2.847153e-01
2.848330e-01
2.848627e-01
2.849419e-01
2.849646e-01
2.850364e-01
2.850689e-01
2.851356e-01
2.851900e-01
2.852253e-01
2.853435e-01
2.854094e-01
2.854233e-01
2.854587e-01
2.854996e-01
2.855624e-01
2.856655e-01
2.856809e-01
2.857826e-01
2.858194e-01
2.858500e-01
2.859031e-01
2.859633e-01
2.860261e-01
2.861408e-01
2.862123e-01
2.862409e-01
2.862865e-01
2.863636e-01
2.864471e-01
2.865051e-01
2.865483e-01
2.865787e-01
2.866985e-01
2.867178e-01
2.867689e-01
2.868244e-01
2.869073e-01
2.869524e-01
2.869839e-01
2.870338e-01
2.871366e-01
2.871589e-01
2.872253e-01
2.872497e-01
2.872996e-01
2.873320e-01
2.874124e-01
2.874898e-01
2.875375e-01
2.876387e-01
2.876805e-01
2.877184e-01
2.877466e-01
2.878189e-01
2.878297e-01
2.878840e-01
2.879750e-01
2.880409e-01
2.881940e-01
2.882274e-01
2.883071e-01
2.883329e-01
2.884445e-01
2.885002e-01
2.885297e-01
2.885589e-01
2.885993e-01
2.886656e-01
2.886895e-01
2.887477e-01
2.887930e-01
2.888517e-01
2.889316e-01
2.889757e-01
2.889966e-01
2.891200e-01
2.891783e-01
2.891919e-01
2.893133e-01
2.893347e-01
2.893889e-01
2.894201e-01
2.894856e-01
2.895706e-01
2.895885e-01
2.896896e-01
2.897463e-01
2.898358e-01
2.898806e-01
2.899523e-01
2.899806e-01
2.900423e-01
2.901064e-01
2.901690e-01
2.901762e-01
2.902160e-01
2.902709e-01
2.903041e-01
2.904271e-01
2.904371e-01
2.905214e-01
2.905548e-01
2.905811e-01
2.906935e-01
2.907769e-01
2.908206e-01
2.908841e-01
2.909283e-01
2.910028e-01
2.910231e-01
2.910554e-01
2.911609e-01
2.912337e-01
2.912505e-01
2.912704e-01
2.913226e-01
2.914104e-01
2.915059e-01
2.915766e-01
2.916267e-01
2.916806e-01
2.917211e-01
2.918387e-01
2.919213e-01
2.919389e-01
2.919828e-01
2.920306e-01
2.921243e-01
2.921649e-01
2.921978e-01
2.922463e-01
2.923373e-01
2.924067e-01
2.924890e-01
2.925083e-01
2.925849e-01
2.926731e-01
2.927124e-01
2.927348e-01
2.927648e-01
2.928287e-01
2.929166e-01
2.929944e-01
2.930176e-01
2.931214e-01
2.932410e-01
2.932554e-01
2.932878e-01
2.933781e-01
2.934429e-01
2.935109e-01
2.935416e-01
2.936220e-01
2.936889e-01
2.937237e-01
2.937873e-01
2.938311e-01
2.939102e-01
2.939429e-01
2.939826e-01
2.940227e-01
2.940453e-01
2.940836e-01
2.941555e-01
2.942084e-01
2.942898e-01
2.943903e-01
2.944288e-01
2.944873e-01
2.945944e-01
2.946186e-01
2.946680e-01
2.947651e-01
2.948648e-01
2.948990e-01
2.949694e-01
2.950052e-01
2.950953e-01
2.951773e-01
2.952227e-01
2.952846e-01
2.953227e-01
2.953751e-01
2.955046e-01
2.955108e-01
2.955569e-01
2.956379e-01
2.957061e-01
2.957303e-01
2.958093e-01
2.958404e-01
2.959064e-01
2.959745e-01
2.960436e-01
2.961549e-01
2.961655e-01
2.962559e-01
2.962963e-01
2.963983e-01
2.964128e-01
2.964582e-01
2.965518e-01
2.965889e-01
2.966853e-01
2.967010e-01
2.967336e-01
2.968478e-01
2.968788e-01
2.970129e-01
2.970413e-01
2.971276e-01
2.972021e-01
2.972884e-01
2.973338e-01
2.974075e-01
2.974350e-01
2.974563e-01
2.974802e-01
2.976576e-01
2.977219e-01
2.977443e-01
2.977829e-01
2.978228e-01
2.979538e-01
2.979878e-01
2.980544e-01
2.981063e-01
2.981197e-01
2.982109e-01
2.982582e-01
2.982847e-01
2.983748e-01
2.984134e-01
2.985173e-01
2.985311e-01
2.985628e-01
2.986889e-01
2.987618e-01
2.988499e-01
2.988608e-01
2.989003e-01
2.989951e-01
2.990711e-01
2.990953e-01
2.991457e-01
2.992798e-01
2.993100e-01
2.993741e-01
2.994211e-01
2.994803e-01
2.995416e-01
2.995806e-01
2.997326e-01
2.997485e-01
2.997841e-01
2.998485e-01
2.999501e-01
2.999780e-01
3.000571e-01
3.001258e-01
3.001725e-01
3.002068e-01
3.002783e-01
3.003514e-01
3.004260e-01
3.004837e-01
3.005984e-01
3.006181e-01
3.006275e-01
3.006821e-01
3.007237e-01
3.008293e-01
3.008494e-01
3.008704e-01
3.009116e-01
3.009872e-01
3.010536e-01
3.011998e-01
3.012154e-01
3.012740e-01
3.013144e-01
3.013853e-01
3.014085e-01
3.015582e-01
3.016169e-01
3.016809e-01
3.017229e-01
3.018062e-01
3.018580e-01
3.018821e-01
3.019416e-01
3.020206e-01
3.020573e-01
3.020785e-01
3.021628e-01
3.023119e-01
3.023311e-01
3.023658e-01
3.024591e-01
3.025422e-01
3.025767e-01
3.026845e-01
3.027156e-01
3.027599e-01
3.028686e-01
3.028919e-01
3.029511e-01
3.030778e-01
3.031084e-01
3.031288e-01
3.032634e-01
3.033075e-01
3.034025e-01
3.034589e-01
3.035003e-01
3.035393e-01
3.035744e-01
3.036181e-01
3.036881e-01
3.037951e-01
3.038262e-01
3.038593e-01
3.039919e-01
3.040240e-01
3.040398e-01
3.041041e-01
3.041542e-01
3.042741e-01
3.043273e-01
3.043932e-01
3.044656e-01
3.044835e-01
3.045294e-01
3.046042e-01
3.046812e-01
3.047793e-01
3.048029e-01
3.048558e-01
3.049180e-01
3.050661e-01
3.050848e-01
3.051261e-01
3.051851e-01
3.052110e-01
3.052754e-01
3.053343e-01
3.054439e-01
3.055005e-01
3.055513e-01
3.056249e-01
3.056599e-01
3.057033e-01
3.057608e-01
3.058050e-01
3.059503e-01
3.059815e-01
3.060058e-01
3.060558e-01
3.061085e-01
3.061783e-01
3.062771e-01
3.063193e-01
3.064545e-01
3.065204e-01
3.065511e-01
3.065678e-01
3.066052e-01
3.067057e-01
3.067348e-01
3.067813e-01
3.068945e-01
3.069759e-01
3.069947e-01
3.070466e-01
3.070990e-01
3.071720e-01
3.071968e-01
3.072688e-01
3.072994e-01
3.073884e-01
3.073982e-01
3.074894e-01
3.075270e-01
3.076068e-01
3.076749e-01
3.077177e-01
3.077891e-01
3.078216e-01
3.079021e-01
3.079787e-01
3.080817e-01
3.081240e-01
3.081982e-01
3.082718e-01
3.083074e-01
3.083849e-01
3.084526e-01
3.085031e-01
3.085461e-01
3.086247e-01
3.087133e-01
3.087320e-01
3.087777e-01
3.088825e-01
3.089006e-01
3.090057e-01
3.091067e-01
3.091861e-01
3.092272e-01
3.092495e-01
3.093073e-01
3.093727e-01
3.095099e-01
3.095417e-01
3.096073e-01
3.096810e-01
3.097015e-01
3.097535e-01
3.098325e-01
3.098941e-01
3.099825e-01
3.100647e-01
3.101695e-01
3.102156e-01
3.102323e-01
3.102518e-01
3.103170e-01
3.103797e-01
3.104539e-01
3.105098e-01
3.105720e-01
3.105985e-01
3.106326e-01
3.106913e-01
3.107405e-01
3.108031e-01
3.108986e-01
3.109709e-01
3.110110e-01
3.110501e-01
3.111025e-01
3.112300e-01
3.112819e-01
3.113344e-01
3.113646e-01
3.113998e-01
3.115169e-01
3.115399e-01
3.116399e-01
3.116580e-01
3.117320e-01
3.117798e-01
3.118666e-01
3.119180e-01
3.120068e-01
3.120575e-01
3.120838e-01
3.121445e-01
3.122132e-01
3.122970e-01
3.123446e-01
3.124486e-01
3.125181e-01
3.125493e-01
3.126004e-01
3.126380e-01
3.127291e-01
3.127528e-01
3.128313e-01
3.128935e-01
3.129515e-01
3.129704e-01
3.130725e-01
3.131560e-01
3.131678e-01
3.132093e-01
3.133107e-01
3.133493e-01
3.134153e-01
3.134428e-01
3.135090e-01
3.135661e-01
3.136065e-01
3.136366e-01
3.138082e-01
3.138217e-01
3.138741e-01
3.138930e-01
3.140024e-01
3.140854e-01
3.141130e-01
3.141373e-01
3.142672e-01
3.142971e-01
3.143271e-01
3.143928e-01
3.144741e-01
3.145637e-01
3.146145e-01
3.146880e-01
3.147622e-01
3.148298e-01
3.148445e-01
3.148866e-01
3.149274e-01
3.150458e-01
3.150731e-01
3.151706e-01
3.152077e-01
3.152246e-01
3.153465e-01
3.154096e-01
3.154377e-01
3.154740e-01
3.156036e-01
3.156348e-01
3.156957e-01
3.157163e-01
3.157705e-01
3.158455e-01
3.159301e-01
3.159903e-01
3.160290e-01
3.160695e-01
3.161332e-01
3.161908e-01
3.162300e-01
3.163359e-01
3.163921e-01
3.165128e-01
3.165383e-01
3.165935e-01
3.166756e-01
3.167303e-01
3.167703e-01
3.168785e-01
3.168940e-01
3.169429e-01
3.170060e-01
3.170659e-01
3.171642e-01
3.172169e-01
3.173124e-01
3.173289e-01
3.173441e-01
3.174116e-01
3.175370e-01
3.175612e-01
3.175910e-01
3.176438e-01
3.176976e-01
3.178119e-01
3.179118e-01
3.179548e-01
3.179579e-01
3.180228e-01
3.181342e-01
3.181757e-01
3.182370e-01
3.182870e-01
3.183356e-01
3.183815e-01
3.185137e-01
3.185531e-01
3.185810e-01
3.186886e-01
3.187250e-01
3.187581e-01
3.188033e-01
3.189165e-01
3.189646e-01
3.190116e-01
3.190836e-01
3.191014e-01
3.191559e-01
3.192520e-01
3.192879e-01
3.193524e-01
3.194155e-01
3.195023e-01
3.195289e-01
3.196056e-01
3.196709e-01
3.197195e-01
3.197529e-01
3.198193e-01
3.199081e-01
3.199185e-01
3.199692e-01
3.200608e-01
3.201374e-01
3.202299e-01
3.202854e-01
3.203993e-01
3.204068e-01
3.204605e-01
3.205598e-01
3.206295e-01
3.206719e-01
3.207372e-01
3.208114e-01
3.208830e-01
3.209180e-01
3.209447e-01
3.210242e-01
3.211422e-01
3.212821e-01
3.212921e-01
3.214009e-01
3.214265e-01
3.215140e-01
3.215592e-01
3.216173e-01
3.216494e-01
3.217310e-01
3.217949e-01
3.218821e-01
3.219206e-01
3.219730e-01
3.220324e-01
3.220979e-01
3.221615e-01
3.222100e-01
3.222720e-01
3.224191e-01
3.224440e-01
3.224503e-01
3.225136e-01
3.226063e-01
3.226792e-01
3.226971e-01
3.227815e-01
3.228245e-01
3.229247e-01
3.229959e-01
3.230301e-01
3.230842e-01
3.231659e-01
3.232691e-01
3.232793e-01
3.233137e-01
3.233715e-01
3.235153e-01
3.235477e-01
3.236584e-01
3.236779e-01
3.237204e-01
3.237559e-01
3.238309e-01
3.238952e-01
3.239534e-01
3.240307e-01
3.240571e-01
3.241564e-01
3.242145e-01
3.242364e-01
3.242739e-01
3.244470e-01
3.245138e-01
3.245518e-01
3.246939e-01
3.247304e-01
3.247605e-01
3.247912e-01
3.248856e-01
3.249514e-01
3.250042e-01
3.250964e-01
3.251312e-01
3.252228e-01
3.252317e-01
3.253463e-01
3.254152e-01
3.254526e-01
3.255036e-01
3.255533e-01
3.255968e-01
3.256683e-01
3.257184e-01
3.257496e-01
3.258671e-01
3.258906e-01
3.259455e-01
3.259587e-01
3.260214e-01
3.261020e-01
3.261581e-01
3.261752e-01
3.262579e-01
3.262916e-01
3.263951e-01
3.264812e-01
3.265240e-01
3.266196e-01
3.266511e-01
3.267414e-01
3.267746e-01
3.268136e-01
3.268871e-01
3.269793e-01
3.270083e-01
3.270754e-01
3.271275e-01
3.271881e-01
3.272924e-01
3.273264e-01
3.273812e-01
3.274234e-01
3.274774e-01
3.274911e-01
3.276323e-01
3.277035e-01
3.277770e-01
3.278318e-01
3.278940e-01
3.279555e-01
3.280427e-01
3.280610e-01
3.281089e-01
3.282162e-01
3.282381e-01
3.283209e-01
3.283431e-01
3.284131e-01
3.284628e-01
3.285460e-01
3.286007e-01
3.286843e-01
3.287726e-01
3.288045e-01
3.289247e-01
3.289726e-01
3.290310e-01
3.290619e-01
3.291255e-01
3.291787e-01
3.292319e-01
3.293530e-01
3.293973e-01
3.294266e-01
3.295350e-01
3.295599e-01
3.296068e-01
3.296160e-01
3.296843e-01
3.297713e-01
3.298188e-01
3.298894e-01
3.299603e-01
3.300025e-01
3.300797e-01
3.301893e-01
3.302097e-01
3.302138e-01
3.303008e-01
3.303973e-01
3.304378e-01
3.305286e-01
3.305709e-01
3.307040e-01
3.307174e-01
3.308022e-01
3.308200e-01
3.308368e-01
3.309440e-01
3.310113e-01
3.310758e-01
3.311286e-01
3.312383e-01
3.312969e-01
3.313852e-01
3.314233e-01
3.314401e-01
3.314642e-01
3.315104e-01
3.316390e-01
3.316944e-01
3.317254e-01
3.317697e-01
3.318007e-01
3.319316e-01
3.319933e-01
3.320625e-01
3.321491e-01
3.321819e-01
3.322201e-01
3.322337e-01
3.322893e-01
3.323139e-01
3.324584e-01
3.324710e-01
3.325248e-01
3.325719e-01
3.326712e-01
3.327773e-01
3.328431e-01
3.329004e-01
3.329843e-01
3.330275e-01
3.330701e-01
3.331514e-01
3.332462e-01
3.333499e-01
3.333912e-01
3.334124e-01
3.335056e-01
3.335209e-01
3.336394e-01
3.336569e-01
3.337565e-01
3.337940e-01
3.338387e-01
3.338891e-01
3.339381e-01
3.340252e-01
3.341500e-01
3.341898e-01
3.342842e-01
3.343157e-01
3.343689e-01
3.344248e-01
3.344902e-01
3.345804e-01
3.346235e-01
3.346938e-01
3.347922e-01
3.348076e-01
3.348999e-01
3.349195e-01
3.350317e-01
3.351143e-01
3.351596e-01
3.353230e-01
3.353310e-01
3.353639e-01
3.354134e-01
3.354666e-01
3.355566e-01
3.356176e-01
3.356733e-01
3.357539e-01
3.358451e-01
3.358707e-01
3.359175e-01
3.359846e-01
3.360126e-01
3.361118e-01
3.361769e-01
3.362119e-01
3.362856e-01
3.363501e-01
3.364143e-01
3.364709e-01
3.364912e-01
3.365788e-01
3.367023e-01
3.367192e-01
3.367895e-01
3.368721e-01
3.369616e-01
3.369687e-01
3.370781e-01
3.371048e-01
3.371538e-01
3.372189e-01
3.372804e-01
3.373294e-01
3.373979e-01
3.374664e-01
3.375071e-01
3.375305e-01
3.375546e-01
3.376547e-01
3.377320e-01
3.377616e-01
3.378104e-01
3.379406e-01
3.380405e-01
3.380764e-01
3.380936e-01
3.381362e-01
3.382754e-01
3.383497e-01
3.384222e-01
3.384834e-01
3.385511e-01
3.386627e-01
3.386798e-01
3.387305e-01
3.387711e-01
3.388193e-01
3.388954e-01
3.389511e-01
3.390326e-01
3.390871e-01
3.391146e-01
3.392154e-01
3.392465e-01
3.393371e-01
3.393566e-01
3.394109e-01
3.394437e-01
3.395935e-01
3.396082e-01
3.396720e-01
3.396926e-01
3.397882e-01
3.398849e-01
3.399328e-01
3.400559e-01
3.401331e-01
3.401706e-01
3.402231e-01
3.402665e-01
3.403154e-01
3.403777e-01
3.404484e-01
3.404917e-01
3.405830e-01
3.406107e-01
3.406602e-01
3.407194e-01
3.408318e-01
3.409214e-01
3.409594e-01
3.410091e-01
3.411529e-01
3.412174e-01
3.412715e-01
3.413287e-01
3.414405e-01
3.414742e-01
3.415380e-01
3.416171e-01
3.416742e-01
3.417613e-01
3.417701e-01
3.419116e-01
3.419515e-01
3.419934e-01
3.420304e-01
3.421259e-01
3.421342e-01
3.422560e-01
3.423977e-01
3.424248e-01
3.424942e-01
3.425579e-01
3.425662e-01
3.426609e-01
3.426787e-01
3.427899e-01
3.428893e-01
3.429262e-01
3.430152e-01
3.430664e-01
3.431205e-01
3.431602e-01
3.432259e-01
3.432869e-01
3.433862e-01
3.434568e-01
3.435412e-01
3.435853e-01
3.436235e-01
3.436791e-01
3.437452e-01
3.437761e-01
3.438677e-01
3.439008e-01
3.439278e-01
3.440092e-01
3.441249e-01
3.442465e-01
3.443283e-01
3.443626e-01
3.444170e-01
3.444388e-01
3.445248e-01
3.445369e-01
3.445779e-01
3.446976e-01
3.447980e-01
3.448538e-01
3.448723e-01
3.449445e-01
3.450495e-01
3.451329e-01
3.452177e-01
3.452480e-01
3.452678e-01
3.453558e-01
3.453943e-01
3.454590e-01
3.455188e-01
3.455951e-01
3.456315e-01
3.457270e-01
3.457594e-01
3.458349e-01
3.458984e-01
3.459339e-01
3.459842e-01
3.460332e-01
3.460903e-01
3.461458e-01
3.462589e-01
3.462738e-01
3.463297e-01
3.464102e-01
3.465790e-01
3.466215e-01
3.467320e-01
3.467933e-01
3.468560e-01
3.468797e-01
3.469127e-01
3.469978e-01
3.470311e-01
3.471207e-01
3.471466e-01
3.472069e-01
3.472476e-01
3.473748e-01
3.474228e-01
3.474669e-01
3.475306e-01
3.475709e-01
3.476465e-01
3.477031e-01
3.477664e-01
3.478199e-01
3.478668e-01
3.479739e-01
3.480866e-01
3.481092e-01
3.481363e-01
3.482618e-01
3.483161e-01
3.484186e-01
3.484827e-01
3.484970e-01
3.485764e-01
3.486416e-01
3.487148e-01
3.487227e-01
3.487649e-01
3.488947e-01
3.489643e-01
3.491082e-01
3.491310e-01
3.491551e-01
3.492149e-01
3.493103e-01
3.493926e-01
3.494159e-01
3.494800e-01
3.496197e-01
3.497216e-01
3.497309e-01
3.497609e-01
3.498277e-01
3.498889e-01
3.499885e-01
3.500454e-01
3.502027e-01
3.502322e-01
3.502759e-01
3.502950e-01
3.503400e-01
3.504911e-01
3.505567e-01
3.505844e-01
3.506157e-01
3.507322e-01
3.507820e-01
3.508495e-01
3.509143e-01
3.509857e-01
3.510121e-01
3.510322e-01
3.511249e-01
3.511855e-01
3.512446e-01
3.512719e-01
3.514156e-01
3.514586e-01
3.514700e-01
3.515995e-01
3.516439e-01
3.516812e-01
3.518058e-01
3.518509e-01
3.519599e-01
3.519848e-01
3.520459e-01
3.521125e-01
3.521966e-01
3.522588e-01
3.523116e-01
3.523719e-01
3.524716e-01
3.525308e-01
3.526007e-01
3.526614e-01
3.526719e-01
3.528577e-01
3.529455e-01
3.529948e-01
3.530341e-01
3.530758e-01
3.531634e-01
3.532100e-01
3.532805e-01
3.533526e-01
3.534401e-01
3.534480e-01
3.535497e-01
3.536041e-01
3.537785e-01
3.538258e-01
3.538673e-01
3.538824e-01
3.539972e-01
3.540672e-01
3.541050e-01
3.541486e-01
3.542677e-01
3.542847e-01
3.543668e-01
3.544439e-01
3.544826e-01
3.545554e-01
3.546533e-01
3.546645e-01
3.547156e-01
3.547740e-01
3.548881e-01
3.548984e-01
3.550944e-01
3.551589e-01
3.552403e-01
3.552580e-01
3.553122e-01
3.553789e-01
3.554011e-01
3.554641e-01
3.555661e-01
3.556406e-01
3.557171e-01
3.557358e-01
3.558522e-01
3.559229e-01
3.560278e-01
3.561300e-01
3.561351e-01
3.561895e-01
3.562609e-01
3.562927e-01
3.563580e-01
3.564067e-01
3.564582e-01
3.565492e-01
3.565858e-01
3.566949e-01
3.568062e-01
3.568335e-01
3.568909e-01
3.569982e-01
3.570430e-01
3.570747e-01
3.570973e-01
3.572132e-01
3.572991e-01
3.573861e-01
3.574770e-01
3.575216e-01
3.575694e-01
3.576385e-01
3.576441e-01
3.577710e-01
3.578316e-01
3.579352e-01
3.580309e-01
3.580475e-01
3.581138e-01
3.582443e-01
3.583072e-01
3.583966e-01
3.584317e-01
3.585060e-01
3.585660e-01
3.586362e-01
3.586854e-01
3.587670e-01
3.588164e-01
3.589379e-01
3.589992e-01
3.590476e-01
3.591206e-01
3.591945e-01
3.592104e-01
3.592579e-01
3.593435e-01
3.594432e-01
3.594598e-01
3.595987e-01
3.596749e-01
3.596866e-01
3.597366e-01
3.598655e-01
3.599424e-01
3.599775e-01
3.600532e-01
3.601243e-01
3.602137e-01
3.602637e-01
3.604303e-01
3.604450e-01
3.604861e-01
3.606071e-01
3.606281e-01
3.606861e-01
3.607627e-01
3.608024e-01
3.608887e-01
3.609304e-01
3.610174e-01
3.610829e-01
3.611642e-01
3.612389e-01
3.613232e-01
3.614002e-01
3.614865e-01
3.615709e-01
3.616316e-01
3.616700e-01
3.617511e-01
3.618194e-01
3.618458e-01
3.619195e-01
3.620053e-01
3.620300e-01
3.620864e-01
3.621259e-01
3.623584e-01
3.623826e-01
3.623913e-01
3.624153e-01
3.624609e-01
3.625997e-01
3.626665e-01
3.627460e-01
3.627656e-01
3.628406e-01
3.629407e-01
3.630516e-01
3.631518e-01
3.632186e-01
3.632487e-01
3.633438e-01
3.634197e-01
3.634677e-01
3.635418e-01
3.636387e-01
3.636408e-01
3.637221e-01
3.638726e-01
3.639451e-01
3.640043e-01
3.640362e-01
3.640842e-01
3.641297e-01
3.641760e-01
3.642775e-01
3.643090e-01
3.643781e-01
3.644903e-01
3.646318e-01
3.646457e-01
3.647065e-01
3.648365e-01
3.649124e-01
3.649493e-01
3.650116e-01
3.650605e-01
3.651563e-01
3.651850e-01
3.652874e-01
3.653184e-01
3.653955e-01
3.654331e-01
3.655195e-01
3.656600e-01
3.657186e-01
3.657822e-01
3.658190e-01
3.658480e-01
3.659414e-01
3.660337e-01
3.661213e-01
3.661490e-01
3.662157e-01
3.662443e-01
3.663764e-01
3.664201e-01
3.665164e-01
3.665378e-01
3.665756e-01
3.666570e-01
3.667181e-01
3.667834e-01
3.668478e-01
3.668605e-01
3.669489e-01
3.669708e-01
3.670656e-01
3.671510e-01
3.671677e-01
3.672264e-01
3.673775e-01
3.674780e-01
3.675330e-01
3.676536e-01
3.677381e-01
3.677892e-01
3.678469e-01
3.678628e-01
3.679696e-01
3.680660e-01
3.680785e-01
3.681446e-01
3.682249e-01
3.682893e-01
3.683668e-01
3.684272e-01
3.685379e-01
3.685556e-01
3.686033e-01
3.686728e-01
3.687162e-01
3.688117e-01
3.689068e-01
3.689511e-01
3.690445e-01
3.690980e-01
3.691492e-01
3.692992e-01
3.693556e-01
3.694622e-01
3.695151e-01
3.695669e-01
3.695997e-01
3.696969e-01
3.697412e-01
3.698604e-01
3.699288e-01
3.699443e-01
3.700732e-01
3.700882e-01
3.702128e-01
3.702810e-01
3.703241e-01
3.704286e-01
3.704953e-01
3.705204e-01
3.705707e-01
3.706761e-01
3.706990e-01
3.708357e-01
3.709728e-01
3.710095e-01
3.710754e-01
3.710953e-01
3.711940e-01
3.712593e-01
3.713221e-01
3.713469e-01
3.714665e-01
3.715264e-01
3.715493e-01
3.716751e-01
3.716882e-01
3.717269e-01
3.717698e-01
3.718573e-01
3.719434e-01
3.720227e-01
3.721913e-01
3.721993e-01
3.723785e-01
3.724234e-01
3.724655e-01
3.724984e-01
3.726233e-01
3.726804e-01
3.727345e-01
3.728140e-01
3.728334e-01
3.728842e-01
3.729883e-01
3.730921e-01
3.731150e-01
3.731651e-01
3.732958e-01
3.733200e-01
3.734337e-01
3.734662e-01
3.735891e-01
3.736577e-01
3.736715e-01
3.737129e-01
3.737936e-01
3.739106e-01
3.739436e-01
3.740468e-01
3.740983e-01
3.742080e-01
3.742268e-01
3.743518e-01
3.744259e-01
3.745098e-01
3.745397e-01
3.746486e-01
3.747442e-01
3.748421e-01
3.748823e-01
3.750153e-01
3.750679e-01
3.751146e-01
3.751724e-01
3.752136e-01
3.752329e-01
3.753207e-01
3.754287e-01
3.754954e-01
3.755203e-01
3.756099e-01
3.758156e-01
3.758804e-01
3.759765e-01
3.759834e-01
3.761158e-01
3.762093e-01
3.763042e-01
3.764048e-01
3.764088e-01
3.764327e-01
3.764770e-01
3.765984e-01
3.767111e-01
3.768207e-01
3.768636e-01
3.769129e-01
3.769653e-01
3.770694e-01
3.771089e-01
3.771935e-01
3.772716e-01
3.773427e-01
3.774188e-01
3.774625e-01
3.775425e-01
3.776622e-01
3.776866e-01
3.778473e-01
3.778725e-01
3.779176e-01
3.780051e-01
3.781454e-01
3.782006e-01
3.782295e-01
3.782603e-01
3.783303e-01
3.784148e-01
3.785159e-01
3.785496e-01
3.786322e-01
3.787745e-01
3.788431e-01
3.788859e-01
3.789513e-01
3.790390e-01
3.790921e-01
3.791234e-01
3.792136e-01
3.793344e-01
3.794496e-01
3.794679e-01
3.795433e-01
3.795966e-01
3.796425e-01
3.797135e-01
3.797690e-01
3.798480e-01
3.798904e-01
3.800352e-01
3.801149e-01
3.801839e-01
3.802270e-01
3.803592e-01
3.804417e-01
3.804643e-01
3.806383e-01
3.806649e-01
3.807197e-01
3.808198e-01
3.809361e-01
3.809721e-01
3.810061e-01
3.810740e-01
3.811183e-01
3.811565e-01
3.812782e-01
3.813249e-01
3.814904e-01
3.815483e-01
3.816077e-01
3.817092e-01
3.817528e-01
3.817967e-01
3.818853e-01
3.818996e-01
3.819836e-01
3.820558e-01
3.821899e-01
3.822825e-01
3.823374e-01
3.823814e-01
3.825226e-01
3.825895e-01
3.826834e-01
3.827400e-01
3.828599e-01
3.829070e-01
3.829792e-01
3.830010e-01
3.830506e-01
3.831684e-01
3.832342e-01
3.832541e-01
3.833187e-01
3.834394e-01
3.835010e-01
3.835319e-01
3.836579e-01
3.837687e-01
3.838120e-01
3.840151e-01
3.840689e-01
3.840999e-01
3.842000e-01
3.842924e-01
3.843760e-01
3.844423e-01
3.845449e-01
3.845718e-01
3.846050e-01
3.847430e-01
3.847913e-01
3.848811e-01
3.849804e-01
3.850324e-01
3.850946e-01
3.851267e-01
3.852399e-01
3.852932e-01
3.853184e-01
3.854201e-01
3.855052e-01
3.855441e-01
3.856762e-01
3.857098e-01
3.857752e-01
3.858985e-01
3.860253e-01
3.861189e-01
3.862502e-01
3.862591e-01
3.863100e-01
3.863547e-01
3.863952e-01
3.865058e-01
3.866480e-01
3.867370e-01
3.867555e-01
3.868461e-01
3.869943e-01
3.870334e-01
3.871450e-01
3.872030e-01
3.872782e-01
3.873145e-01
3.874246e-01
3.874710e-01
3.874920e-01
3.876411e-01
3.876763e-01
3.878009e-01
3.879335e-01
3.879546e-01
3.881198e-01
3.881380e-01
3.881490e-01
3.882783e-01
3.883030e-01
3.883816e-01
3.884212e-01
3.884724e-01
3.885682e-01
3.886985e-01
3.887544e-01
3.888082e-01
3.888452e-01
3.889275e-01
3.889898e-01
3.890516e-01
3.891062e-01
3.892366e-01
3.893468e-01
3.893741e-01
3.894780e-01
3.895135e-01
3.895902e-01
3.896468e-01
3.897523e-01
3.897794e-01
3.898614e-01
3.900038e-01
3.900922e-01
3.901377e-01
3.902734e-01
3.902868e-01
3.903584e-01
3.904493e-01
3.905304e-01
3.906310e-01
3.907062e-01
3.907405e-01
3.907685e-01
3.909301e-01
3.909888e-01
3.910553e-01
3.911524e-01
3.912094e-01
3.914057e-01
3.914302e-01
3.914492e-01
3.915390e-01
3.915985e-01
3.916392e-01
3.916973e-01
3.918186e-01
3.918562e-01
3.919140e-01
3.920902e-01
3.921211e-01
3.921584e-01
3.922668e-01
3.923615e-01
3.924049e-01
3.924497e-01
3.925891e-01
3.925944e-01
3.927471e-01
3.928544e-01
3.929229e-01
3.929872e-01
3.930717e-01
3.931427e-01
3.932197e-01
3.933201e-01
3.934269e-01
3.934414e-01
3.934807e-01
3.935692e-01
3.936407e-01
3.937384e-01
3.937583e-01
3.938388e-01
3.939482e-01
3.940387e-01
3.940694e-01
3.941465e-01
3.942005e-01
3.943681e-01
3.944175e-01
3.944638e-01
3.945301e-01
3.946110e-01
3.947090e-01
3.947346e-01
3.948376e-01
3.948503e-01
3.950097e-01
3.950423e-01
3.950687e-01
3.951718e-01
3.952384e-01
3.952990e-01
3.953402e-01
3.954088e-01
3.955466e-01
3.956067e-01
3.956832e-01
3.957693e-01
3.958192e-01
3.958647e-01
3.958955e-01
3.959995e-01
3.961731e-01
3.962141e-01
3.962940e-01
3.963634e-01
3.964354e-01
3.965873e-01
3.966059e-01
3.966491e-01
3.967867e-01
3.968548e-01
3.969242e-01
3.969771e-01
3.970195e-01
3.971645e-01
3.972066e-01
3.973332e-01
3.973739e-01
3.973952e-01
3.974591e-01
3.976245e-01
3.977520e-01
3.977935e-01
3.978425e-01
3.979136e-01
3.979415e-01
3.979961e-01
3.981884e-01
3.982524e-01
3.983262e-01
3.983515e-01
3.984296e-01
3.985225e-01
3.986763e-01
3.987252e-01
3.987849e-01
3.988505e-01
3.989140e-01
3.989882e-01
3.990532e-01
3.991479e-01
3.992320e-01
3.992973e-01
3.993380e-01
3.994442e-01
3.994775e-01
3.995309e-01
3.995525e-01
3.997102e-01
3.998493e-01
3.998891e-01
3.999517e-01
3.999880e-01
4.001444e-01
4.001930e-01
4.002957e-01
4.003260e-01
4.004208e-01
4.004639e-01
4.005781e-01
4.006058e-01
4.006978e-01
4.008251e-01
4.008755e-01
4.009234e-01
4.010196e-01
4.011083e-01
4.011234e-01
4.012061e-01
4.013247e-01
4.014170e-01
4.014284e-01
4.015162e-01
4.016788e-01
4.017828e-01
4.018564e-01
4.018764e-01
4.020003e-01
4.021050e-01
4.021701e-01
4.022904e-01
4.023431e-01
4.023721e-01
4.025135e-01
4.026203e-01
4.027012e-01
4.027232e-01
4.028457e-01
4.029144e-01
4.029639e-01
4.030192e-01
4.030810e-01
4.032897e-01
4.033115e-01
4.033610e-01
4.034427e-01
4.035804e-01
4.036593e-01
4.037397e-01
4.037922e-01
4.038592e-01
4.039906e-01
4.041145e-01
4.041534e-01
4.042845e-01
4.043538e-01
4.044074e-01
4.044407e-01
4.045671e-01
4.046738e-01
4.047182e-01
4.048190e-01
4.049055e-01
4.050656e-01
4.051068e-01
4.051862e-01
4.052508e-01
4.053046e-01
4.053641e-01
4.054497e-01
4.055033e-01
4.056010e-01
4.057121e-01
4.057420e-01
4.057769e-01
4.058808e-01
4.059539e-01
4.060224e-01
4.060907e-01
4.062683e-01
4.063237e-01
4.063848e-01
4.064312e-01
4.064623e-01
4.065360e-01
4.066619e-01
4.067572e-01
4.068205e-01
4.069589e-01
4.070305e-01
4.070698e-01
4.072079e-01
4.072323e-01
4.073178e-01
4.074029e-01
4.074932e-01
4.075275e-01
4.076421e-01
4.077490e-01
4.078421e-01
4.078908e-01
4.079984e-01
4.081087e-01
4.083163e-01
4.083631e-01
4.084324e-01
4.084883e-01
4.085326e-01
4.086545e-01
4.086738e-01
4.087573e-01
4.088301e-01
4.089435e-01
4.089820e-01
4.091191e-01
4.092499e-01
4.093216e-01
4.093782e-01
4.094926e-01
4.095716e-01
4.096182e-01
4.097024e-01
4.098126e-01
4.098870e-01
4.100024e-01
4.101033e-01
4.101620e-01
4.102117e-01
4.103129e-01
4.103847e-01
4.105043e-01
4.105438e-01
4.105732e-01
4.106849e-01
4.107756e-01
4.109135e-01
4.110435e-01
4.111563e-01
4.111679e-01
4.112924e-01
4.113641e-01
4.114102e-01
4.115058e-01
4.116214e-01
4.116689e-01
4.117837e-01
4.118470e-01
4.120008e-01
4.120240e-01
4.121036e-01
4.122127e-01
4.122560e-01
4.123364e-01
4.124287e-01
4.125205e-01
4.126051e-01
4.126737e-01
4.128201e-01
4.128464e-01
4.128895e-01
4.129670e-01
4.130269e-01
4.131916e-01
4.133276e-01
4.134253e-01
4.134711e-01
4.135664e-01
4.136283e-01
4.137565e-01
4.138222e-01
4.138818e-01
4.140227e-01
4.140937e-01
4.142013e-01
4.142295e-01
4.143154e-01
4.144004e-01
4.144337e-01
4.145300e-01
4.146752e-01
4.146921e-01
4.148018e-01
4.149336e-01
4.150244e-01
4.150639e-01
4.151154e-01
4.151540e-01
4.153158e-01
4.153576e-01
4.154630e-01
4.156273e-01
4.156849e-01
4.157702e-01
4.158624e-01
4.159878e-01
4.160082e-01
4.160369e-01
4.161011e-01
4.161437e-01
4.162059e-01
4.162640e-01
4.163886e-01
4.164206e-01
4.166468e-01
4.166761e-01
4.166981e-01
4.168405e-01
4.168801e-01
4.170377e-01
4.170886e-01
4.171467e-01
4.172118e-01
4.172857e-01
4.173329e-01
4.175069e-01
4.176010e-01
4.176264e-01
4.177524e-01
4.178633e-01
4.178997e-01
4.180004e-01
4.181373e-01
4.182047e-01
4.183197e-01
4.183924e-01
4.184301e-01
4.185425e-01
4.185674e-01
4.186748e-01
4.187108e-01
4.188008e-01
4.189680e-01
4.190654e-01
4.190924e-01
4.192512e-01
4.193573e-01
4.194398e-01
4.194777e-01
4.195310e-01
4.196704e-01
4.198163e-01
4.198248e-01
4.199568e-01
4.200716e-01
4.201210e-01
4.202785e-01
4.203958e-01
4.204667e-01
4.204901e-01
4.205597e-01
4.206808e-01
4.207775e-01
4.208620e-01
4.209561e-01
4.209954e-01
4.210177e-01
4.211257e-01
4.213806e-01
4.214097e-01
4.214756e-01
4.215780e-01
4.216591e-01
4.217014e-01
4.217182e-01
4.218037e-01
4.219205e-01
4.219856e-01
4.220935e-01
4.221474e-01
4.222233e-01
4.222608e-01
4.224022e-01
4.225278e-01
4.226006e-01
4.226737e-01
4.227468e-01
4.228171e-01
4.228625e-01
4.230325e-01
4.230494e-01
4.232772e-01
4.232993e-01
4.233445e-01
4.234915e-01
4.235833e-01
4.236315e-01
4.236902e-01
4.238416e-01
4.238931e-01
4.238980e-01
4.240430e-01
4.241225e-01
4.242231e-01
4.242539e-01
4.244276e-01
4.244857e-01
4.245518e-01
4.246568e-01
4.247126e-01
4.248003e-01
4.248707e-01
4.249748e-01
4.250633e-01
4.251588e-01
4.253350e-01
4.253816e-01
4.254439e-01
4.254861e-01
4.256314e-01
4.257031e-01
4.258012e-01
4.258719e-01
4.259082e-01
4.259996e-01
4.261140e-01
4.262522e-01
4.263519e-01
4.264376e-01
4.265031e-01
4.266654e-01
4.268326e-01
4.268863e-01
4.269697e-01
4.269868e-01
4.270850e-01
4.271342e-01
4.272257e-01
4.273194e-01
4.274014e-01
4.275229e-01
4.276097e-01
4.276695e-01
4.277781e-01
4.278144e-01
4.279388e-01
4.280348e-01
4.281167e-01
4.282798e-01
4.283862e-01
4.284035e-01
4.285930e-01
4.286410e-01
4.287391e-01
4.288120e-01
4.288674e-01
4.289807e-01
4.291101e-01
4.291444e-01
4.292369e-01
4.292780e-01
4.293117e-01
4.294413e-01
4.295260e-01
4.296139e-01
4.296425e-01
4.297510e-01
4.298686e-01
4.300479e-01
4.301365e-01
4.302121e-01
4.302862e-01
4.302988e-01
4.303285e-01
4.304437e-01
4.305778e-01
4.306523e-01
4.307809e-01
4.309487e-01
4.309837e-01
4.310477e-01
4.311145e-01
4.312213e-01
4.312701e-01
4.313684e-01
4.314239e-01
4.314360e-01
4.315245e-01
4.316303e-01
4.318655e-01
4.320651e-01
4.321345e-01
4.321448e-01
4.323620e-01
4.324372e-01
4.325133e-01
4.325787e-01
4.326893e-01
4.327958e-01
4.328916e-01
4.329918e-01
4.330696e-01
4.331069e-01
4.331672e-01
4.334774e-01
4.335383e-01
4.335920e-01
4.336131e-01
4.337218e-01
4.338364e-01
4.339624e-01
4.339982e-01
4.340178e-01
4.340589e-01
4.342387e-01
4.343386e-01
4.344242e-01
4.345233e-01
4.346097e-01
4.346375e-01
4.347270e-01
4.348694e-01
4.349488e-01
4.350265e-01
4.351043e-01
4.351536e-01
4.352580e-01
4.354005e-01
4.354726e-01
4.355748e-01
4.356781e-01
4.357664e-01
4.359088e-01
4.360918e-01
4.361115e-01
4.361525e-01
4.361804e-01
4.363357e-01
4.364209e-01
4.364998e-01
4.366259e-01
4.367118e-01
4.368007e-01
4.369581e-01
4.370816e-01
4.371864e-01
4.372104e-01
4.372749e-01
4.374186e-01
4.374244e-01
4.375210e-01
4.375830e-01
4.376898e-01
4.378002e-01
4.378422e-01
4.379158e-01
4.381300e-01
4.382106e-01
4.382669e-01
4.383606e-01
4.384456e-01
4.385740e-01
4.386494e-01
4.387157e-01
4.388568e-01
4.389696e-01
4.390984e-01
4.391788e-01
4.392163e-01
4.392733e-01
4.393703e-01
4.395609e-01
4.397151e-01
4.398161e-01
4.398774e-01
4.399789e-01
4.400311e-01
4.400744e-01
4.401023e-01
4.402802e-01
4.403404e-01
4.404037e-01
4.404367e-01
4.405962e-01
4.407816e-01
4.408523e-01
4.409429e-01
4.409845e-01
4.410104e-01
4.410852e-01
4.412068e-01
4.412750e-01
4.415108e-01
4.415611e-01
4.416432e-01
4.416812e-01
4.417689e-01
4.418787e-01
4.419288e-01
4.420296e-01
4.421634e-01
4.422348e-01
4.424100e-01
4.424458e-01
4.425333e-01
4.426394e-01
4.427508e-01
4.428351e-01
4.429487e-01
4.429901e-01
4.430373e-01
4.431791e-01
4.433287e-01
4.434195e-01
4.435837e-01
4.435917e-01
4.437401e-01
4.438495e-01
4.438725e-01
4.439615e-01
4.440299e-01
4.441521e-01
4.442018e-01
4.443028e-01
4.444346e-01
4.444399e-01
4.446401e-01
4.446529e-01
4.447307e-01
4.448726e-01
4.449256e-01
4.450704e-01
4.452505e-01
4.453024e-01
4.453617e-01
4.454631e-01
4.455104e-01
4.456927e-01
4.457954e-01
4.458443e-01
4.460012e-01
4.460693e-01
4.461796e-01
4.462164e-01
4.463753e-01
4.464918e-01
4.465758e-01
4.466536e-01
4.467034e-01
4.467734e-01
4.468212e-01
4.468770e-01
4.469487e-01
4.470672e-01
4.471999e-01
4.472545e-01
4.474488e-01
4.475187e-01
4.475776e-01
4.476895e-01
4.477263e-01
4.478429e-01
4.479102e-01
4.480581e-01
4.481076e-01
4.481867e-01
4.482794e-01
4.483459e-01
4.484399e-01
4.486127e-01
4.486974e-01
4.488459e-01
4.489427e-01
4.490019e-01
4.491067e-01
4.492275e-01
4.492829e-01
4.493600e-01
4.494439e-01
4.495069e-01
4.496104e-01
4.496628e-01
4.498090e-01
4.499668e-01
4.500311e-01
4.501535e-01
4.502844e-01
4.503312e-01
4.504526e-01
4.506202e-01
4.506846e-01
4.507426e-01
4.508860e-01
4.509844e-01
4.510385e-01
4.511201e-01
4.512589e-01
4.512729e-01
4.514032e-01
4.514645e-01
4.515020e-01
4.516312e-01
4.517455e-01
4.518951e-01
4.519998e-01
4.520951e-01
4.521717e-01
4.522161e-01
4.523553e-01
4.523989e-01
4.524423e-01
4.526097e-01
4.527034e-01
4.528420e-01
4.529126e-01
4.530918e-01
4.531826e-01
4.532527e-01
4.533794e-01
4.534759e-01
4.535257e-01
4.536645e-01
4.537575e-01
4.537685e-01
4.539079e-01
4.539901e-01
4.541739e-01
4.542681e-01
4.543211e-01
4.544371e-01
4.545200e-01
4.545949e-01
4.546658e-01
4.547564e-01
4.548356e-01
4.550027e-01
4.551086e-01
4.552321e-01
4.553472e-01
4.554422e-01
4.554647e-01
4.555757e-01
4.556642e-01
4.557578e-01
4.558287e-01
4.560431e-01
4.561296e-01
4.562401e-01
4.563862e-01
4.565076e-01
4.565931e-01
4.567782e-01
4.568028e-01
4.568939e-01
4.569518e-01
4.570010e-01
4.570366e-01
4.572366e-01
4.572871e-01
4.573798e-01
4.574700e-01
4.575776e-01
4.576938e-01
4.578564e-01
4.579144e-01
4.579893e-01
4.580438e-01
4.580740e-01
4.582843e-01
4.583938e-01
4.585027e-01
4.585614e-01
4.586485e-01
4.587814e-01
4.589400e-01
4.589792e-01
4.590630e-01
4.592344e-01
4.593195e-01
4.594394e-01
4.595150e-01
4.595559e-01
4.596591e-01
4.597473e-01
4.600017e-01
4.600751e-01
4.602043e-01
4.602879e-01
4.604133e-01
4.604762e-01
4.606098e-01
4.606583e-01
4.607309e-01
4.608991e-01
4.610005e-01
4.610524e-01
4.612462e-01
4.613458e-01
4.614110e-01
4.616098e-01
4.616814e-01
4.617559e-01
4.618341e-01
4.618700e-01
4.618935e-01
4.621594e-01
4.622237e-01
4.622952e-01
4.624543e-01
4.624700e-01
4.625818e-01
4.626606e-01
4.627816e-01
4.628172e-01
4.629122e-01
4.629555e-01
4.630238e-01
4.630843e-01
4.632662e-01
4.632998e-01
4.635014e-01
4.635843e-01
4.636880e-01
4.639832e-01
4.640422e-01
4.642038e-01
4.642258e-01
4.643459e-01
4.644288e-01
4.645236e-01
4.646281e-01
4.648312e-01
4.648813e-01
4.649842e-01
4.651805e-01
4.652391e-01
4.653450e-01
4.654206e-01
4.654638e-01
4.656451e-01
4.657704e-01
4.658538e-01
4.658749e-01
4.659964e-01
4.661772e-01
4.662642e-01
4.663827e-01
4.663948e-01
4.665590e-01
4.666097e-01
4.667730e-01
4.668400e-01
4.669297e-01
4.671276e-01
4.672432e-01
4.673690e-01
4.675043e-01
4.676064e-01
4.676879e-01
4.677204e-01
4.680357e-01
4.681071e-01
4.681765e-01
4.682220e-01
4.683176e-01
4.684919e-01
4.686498e-01
4.687083e-01
4.688736e-01
4.690325e-01
4.690767e-01
4.691805e-01
4.692743e-01
4.694034e-01
4.694932e-01
4.696058e-01
4.696530e-01
4.697541e-01
4.699158e-01
4.699888e-01
4.701152e-01
4.702874e-01
4.704045e-01
4.704616e-01
4.704914e-01
4.706296e-01
4.708000e-01
4.709406e-01
4.709578e-01
4.711326e-01
4.712416e-01
4.713408e-01
4.714746e-01
4.714922e-01
4.715518e-01
4.718476e-01
4.719762e-01
4.722311e-01
4.722433e-01
4.724334e-01
4.724698e-01
4.725235e-01
4.726087e-01
4.727476e-01
4.729060e-01
4.729621e-01
4.729717e-01
4.731453e-01
4.732512e-01
4.733023e-01
4.734501e-01
4.734923e-01
4.736700e-01
4.737134e-01
4.738906e-01
4.740242e-01
4.740763e-01
4.741783e-01
4.742130e-01
4.743324e-01
4.743849e-01
4.745425e-01
4.746694e-01
4.748821e-01
4.749995e-01
4.750650e-01
4.751566e-01
4.752540e-01
4.752961e-01
4.755004e-01
4.755308e-01
4.756320e-01
4.757885e-01
4.758963e-01
4.759831e-01
4.761506e-01
4.762751e-01
4.763528e-01
4.764205e-01
4.765512e-01
4.765994e-01
4.766630e-01
4.768409e-01
4.769471e-01
4.771722e-01
4.772066e-01
4.774461e-01
4.774966e-01
4.775357e-01
4.776248e-01
4.777881e-01
4.778794e-01
4.780538e-01
4.780895e-01
4.781500e-01
4.782131e-01
4.784126e-01
4.784497e-01
4.785944e-01
4.787271e-01
4.788665e-01
4.789018e-01
4.790589e-01
4.791229e-01
4.792418e-01
4.792908e-01
4.794929e-01
4.795887e-01
4.796237e-01
4.797449e-01
4.798899e-01
4.800697e-01
4.801143e-01
4.802224e-01
4.803300e-01
4.803989e-01
4.805550e-01
4.806673e-01
4.807711e-01
4.809190e-01
4.810436e-01
4.811148e-01
4.812258e-01
4.813271e-01
4.814987e-01
4.815319e-01
4.817342e-01
4.817910e-01
4.819695e-01
4.820629e-01
4.821997e-01
4.822812e-01
4.823516e-01
4.823885e-01
4.825384e-01
4.826447e-01
4.828390e-01
4.829025e-01
4.829646e-01
4.831093e-01
4.832170e-01
4.833783e-01
4.834639e-01
4.836036e-01
4.836950e-01
4.838490e-01
4.838954e-01
4.839881e-01
4.840701e-01
4.843021e-01
4.844377e-01
4.846446e-01
4.847128e-01
4.847283e-01
4.847488e-01
4.849218e-01
4.850842e-01
4.852268e-01
4.853679e-01
4.855396e-01
4.856649e-01
4.857119e-01
4.857717e-01
4.858612e-01
4.860230e-01
4.861006e-01
4.862293e-01
4.862866e-01
4.864071e-01
4.865197e-01
4.866079e-01
4.868070e-01
4.869050e-01
4.870326e-01
4.871154e-01
4.872229e-01
4.873060e-01
4.874517e-01
4.875101e-01
4.876089e-01
4.877023e-01
4.879024e-01
4.879687e-01
4.880438e-01
4.881426e-01
4.883039e-01
4.883317e-01
4.883458e-01
4.884824e-01
4.885976e-01
4.887081e-01
4.889201e-01
4.889537e-01
4.890160e-01
4.891852e-01
4.891961e-01
4.893421e-01
4.894132e-01
4.896479e-01
4.897449e-01
4.898555e-01
4.901060e-01
4.901335e-01
4.901857e-01
4.903429e-01
4.904091e-01
4.904482e-01
4.905623e-01
4.906675e-01
4.907579e-01
4.908318e-01
4.909801e-01
4.910210e-01
4.912765e-01
4.913298e-01
4.915953e-01
4.916392e-01
4.917061e-01
4.918065e-01
4.920276e-01
4.921875e-01
4.922948e-01
4.923426e-01
4.923844e-01
4.925953e-01
4.926868e-01
4.928520e-01
4.929095e-01
4.930433e-01
4.931972e-01
4.933368e-01
4.934101e-01
4.934797e-01
4.937187e-01
4.938113e-01
4.939451e-01
4.939956e-01
4.940487e-01
4.943248e-01
4.943672e-01
4.943965e-01
4.946380e-01
4.946948e-01
4.947917e-01
4.948627e-01
4.949603e-01
4.950280e-01
4.952391e-01
4.952758e-01
4.954084e-01
4.955333e-01
4.956159e-01
4.956924e-01
4.958592e-01
4.959871e-01
4.960534e-01
4.962251e-01
4.963695e-01
4.963968e-01
4.965483e-01
4.967258e-01
4.968201e-01
4.969315e-01
4.970445e-01
4.973594e-01
4.973681e-01
4.975596e-01
4.976389e-01
4.977733e-01
4.980382e-01
4.981183e-01
4.982078e-01
4.983422e-01
4.984354e-01
4.986037e-01
4.987648e-01
4.988393e-01
4.989649e-01
4.991991e-01
4.992746e-01
4.995014e-01
4.996627e-01
4.997090e-01
4.998165e-01
5.000010e-01
5.002624e-01
5.003626e-01
5.004255e-01
5.004786e-01
5.005796e-01
5.006391e-01
5.008275e-01
5.009039e-01
5.010469e-01
5.012066e-01
5.013374e-01
5.016391e-01
5.016994e-01
5.018381e-01
5.018708e-01
5.019683e-01
5.021037e-01
5.022337e-01
5.023388e-01
5.023825e-01
5.026802e-01
5.027895e-01
5.028042e-01
5.029089e-01
5.030694e-01
5.031168e-01
5.033321e-01
5.034597e-01
5.036923e-01
5.037791e-01
5.038649e-01
5.039301e-01
5.039873e-01
5.042267e-01
5.042919e-01
5.044238e-01
5.045119e-01
5.046506e-01
5.048509e-01
5.050361e-01
5.050757e-01
5.052083e-01
5.052707e-01
5.054455e-01
5.055241e-01
5.057941e-01
5.058535e-01
5.059096e-01
5.060943e-01
5.062962e-01
5.063824e-01
5.064576e-01
5.065394e-01
5.066968e-01
5.068184e-01
5.069250e-01
5.070198e-01
5.072572e-01
5.073952e-01
5.074619e-01
5.075149e-01
5.077103e-01
5.077590e-01
5.078520e-01
5.079993e-01
5.081406e-01
5.082712e-01
5.084619e-01
5.085192e-01
5.087080e-01
5.087833e-01
5.089883e-01
5.090586e-01
5.092088e-01
5.093862e-01
5.094800e-01
5.095798e-01
5.096891e-01
5.097347e-01
5.099110e-01
5.100139e-01
5.100991e-01
5.101557e-01
5.103747e-01
5.104745e-01
5.105069e-01
5.105500e-01
5.106402e-01
5.109097e-01
5.109722e-01
5.112337e-01
5.113717e-01
5.116073e-01
5.116245e-01
5.116905e-01
5.117961e-01
5.119175e-01
5.120378e-01
5.121857e-01
5.122531e-01
5.123904e-01
5.126302e-01
5.127415e-01
5.128276e-01
5.129280e-01
5.131260e-01
5.131632e-01
5.132869e-01
5.133755e-01
5.134822e-01
5.136246e-01
5.136595e-01
5.138720e-01
5.140417e-01
5.142393e-01
5.143494e-01
5.144735e-01
5.144789e-01
5.146190e-01
5.148655e-01
5.149215e-01
5.151106e-01
5.152392e-01
5.154048e-01
5.154927e-01
5.156080e-01
5.157714e-01
5.160057e-01
5.160741e-01
5.162391e-01
5.164844e-01
5.167005e-01
5.167822e-01
5.169360e-01
5.170413e-01
5.172282e-01
5.172997e-01
5.174334e-01
5.176132e-01
5.176537e-01
5.177874e-01
5.178972e-01
5.181686e-01
5.182345e-01
5.183005e-01
5.184147e-01
5.185475e-01
5.187534e-01
5.189614e-01
5.190158e-01
5.192236e-01
5.193657e-01
5.193942e-01
5.196306e-01
5.197252e-01
5.198418e-01
5.200942e-01
5.201578e-01
5.202709e-01
5.207154e-01
5.209040e-01
5.209154e-01
5.211035e-01
5.211720e-01
5.212953e-01
5.213384e-01
5.214595e-01
5.217724e-01
5.219676e-01
5.220542e-01
5.221355e-01
5.221933e-01
5.223326e-01
5.226001e-01
5.226714e-01
5.228208e-01
5.229547e-01
5.231740e-01
5.232352e-01
5.234593e-01
5.236295e-01
5.237335e-01
5.239242e-01
5.240503e-01
5.241477e-01
5.241724e-01
5.244121e-01
5.246846e-01
5.247442e-01
5.248383e-01
5.248626e-01
5.250573e-01
5.250995e-01
5.252419e-01
5.254340e-01
5.255973e-01
5.256231e-01
5.257799e-01
5.258336e-01
5.258917e-01
5.262510e-01
5.264167e-01
5.265197e-01
5.266096e-01
5.267984e-01
5.268705e-01
5.268830e-01
5.271032e-01
5.272789e-01
5.274827e-01
5.276550e-01
5.278292e-01
5.279440e-01
5.280944e-01
5.281207e-01
5.282580e-01
5.283658e-01
5.285693e-01
5.287004e-01
5.288515e-01
5.289983e-01
5.290659e-01
5.292349e-01
5.292923e-01
5.294797e-01
5.296198e-01
5.297317e-01
5.297889e-01
5.300552e-01
5.301115e-01
5.302101e-01
5.303640e-01
5.304249e-01
5.307569e-01
5.308554e-01
5.310897e-01
5.311390e-01
5.312643e-01
5.312931e-01
5.315137e-01
5.316603e-01
5.318407e-01
5.320571e-01
5.322140e-01
5.322591e-01
5.323819e-01
5.325569e-01
5.326480e-01
5.327954e-01
5.329846e-01
5.331692e-01
5.332542e-01
5.334570e-01
5.336685e-01
5.337358e-01
5.338101e-01
5.340806e-01
5.341854e-01
5.342846e-01
5.343905e-01
5.344829e-01
5.346165e-01
5.347999e-01
5.348218e-01
5.350140e-01
5.353377e-01
5.354112e-01
5.355564e-01
5.357740e-01
5.358987e-01
5.360514e-01
5.362912e-01
5.364720e-01
5.365812e-01
5.366506e-01
5.366792e-01
5.367239e-01
5.369495e-01
5.371178e-01
5.371827e-01
5.373276e-01
5.374849e-01
5.377649e-01
5.379287e-01
5.380527e-01
5.381555e-01
5.382312e-01
5.383509e-01
5.384346e-01
5.385079e-01
5.387976e-01
5.388432e-01
5.390783e-01
5.392111e-01
5.392979e-01
5.394530e-01
5.396200e-01
5.397225e-01
5.397709e-01
5.399377e-01
5.399842e-01
5.401321e-01
5.404118e-01
5.405118e-01
5.407270e-01
5.409009e-01
5.410585e-01
5.411743e-01
5.411984e-01
5.413632e-01
5.415519e-01
5.418122e-01
5.418862e-01
5.419994e-01
5.422196e-01
5.423557e-01
5.425349e-01
5.426060e-01
5.428216e-01
5.428939e-01
5.429093e-01
5.431969e-01
5.434959e-01
5.435502e-01
5.436608e-01
5.438992e-01
5.439595e-01
5.440794e-01
5.442513e-01
5.444754e-01
5.445406e-01
5.446619e-01
5.450373e-01
5.451713e-01
5.453347e-01
5.454328e-01
5.454801e-01
5.455741e-01
5.457267e-01
5.459106e-01
5.461030e-01
5.461834e-01
5.464873e-01
5.465688e-01
5.466406e-01
5.468287e-01
5.470852e-01
5.472074e-01
5.472780e-01
5.473425e-01
5.475215e-01
5.477322e-01
5.478212e-01
5.480130e-01
5.481163e-01
5.482952e-01
5.484136e-01
5.486603e-01
5.487605e-01
5.487952e-01
5.489605e-01
5.490680e-01
5.492923e-01
5.496512e-01
5.496999e-01
5.498451e-01
5.499228e-01
5.501117e-01
5.502946e-01
5.505394e-01
5.506856e-01
5.507695e-01
5.508654e-01
5.510778e-01
5.511603e-01
5.513156e-01
5.516645e-01
5.516988e-01
5.519094e-01
5.521085e-01
5.522184e-01
5.524629e-01
5.526372e-01
5.527264e-01
5.528961e-01
5.531030e-01
5.532781e-01
5.535280e-01
5.535988e-01
5.536904e-01
5.538558e-01
5.539514e-01
5.540672e-01
5.541579e-01
5.543274e-01
5.544005e-01
5.546145e-01
5.546958e-01
5.549431e-01
5.550661e-01
5.551006e-01
5.553745e-01
5.554617e-01
5.555945e-01
5.559176e-01
5.559712e-01
5.562194e-01
5.565054e-01
5.565919e-01
5.566452e-01
5.567127e-01
5.569364e-01
5.571802e-01
5.573941e-01
5.575408e-01
5.577380e-01
5.577768e-01
5.579062e-01
5.580056e-01
5.581648e-01
5.582957e-01
5.583844e-01
5.586371e-01
5.587386e-01
5.588672e-01
5.590909e-01
5.592420e-01
5.594664e-01
5.596221e-01
5.598199e-01
5.598627e-01
5.600583e-01
5.601400e-01
5.603648e-01
5.604930e-01
5.606436e-01
5.608196e-01
5.610030e-01
5.610439e-01
5.612104e-01
5.614837e-01
5.617009e-01
5.618361e-01
5.619802e-01
5.622714e-01
5.624676e-01
5.625328e-01
5.626687e-01
5.630013e-01
5.630642e-01
5.632485e-01
5.633318e-01
5.634767e-01
5.635357e-01
5.639115e-01
5.639895e-01
5.641648e-01
5.642848e-01
5.644883e-01
5.645473e-01
5.646943e-01
5.649206e-01
5.652177e-01
5.655680e-01
5.655984e-01
5.657615e-01
5.659363e-01
5.660450e-01
5.661468e-01
5.663769e-01
5.664504e-01
5.666279e-01
5.668343e-01
5.671235e-01
5.673109e-01
5.674160e-01
5.677266e-01
5.679378e-01
5.680396e-01
5.683455e-01
5.684399e-01
5.687101e-01
5.687631e-01
5.689385e-01
5.690724e-01
5.693600e-01
5.695018e-01
5.696007e-01
5.697182e-01
5.698387e-01
5.700439e-01
5.704557e-01
5.706327e-01
5.706925e-01
5.707997e-01
5.710151e-01
5.711772e-01
5.713767e-01
5.714828e-01
5.716487e-01
5.719216e-01
5.719833e-01
5.721583e-01
5.723672e-01
5.724424e-01
5.727533e-01
5.730078e-01
5.730477e-01
5.731374e-01
5.734249e-01
5.734931e-01
5.735424e-01
5.739354e-01
5.741673e-01
5.743135e-01
5.745939e-01
5.746419e-01
5.747943e-01
5.749520e-01
5.750463e-01
5.752085e-01
5.753484e-01
5.757316e-01
5.759702e-01
5.761449e-01
5.763346e-01
5.763804e-01
5.766081e-01
5.766919e-01
5.769008e-01
5.770616e-01
5.771811e-01
5.773215e-01
5.775089e-01
5.779544e-01
5.779981e-01
5.782893e-01
5.783623e-01
5.787379e-01
5.788190e-01
5.789412e-01
5.791695e-01
5.792558e-01
5.796261e-01
5.796371e-01
5.797847e-01
5.801218e-01
5.803397e-01
5.803582e-01
5.806192e-01
5.809024e-01
5.810402e-01
5.812417e-01
5.813603e-01
5.814486e-01
5.816175e-01
5.817170e-01
5.819952e-01
5.821665e-01
5.822901e-01
5.827072e-01
5.827577e-01
5.829642e-01
5.832788e-01
5.834284e-01
5.836279e-01
5.839574e-01
5.842185e-01
5.842820e-01
5.844888e-01
5.846446e-01
5.850125e-01
5.853956e-01
5.856190e-01
5.858081e-01
5.858494e-01
5.860036e-01
5.861316e-01
5.864572e-01
5.867148e-01
5.868164e-01
5.870237e-01
5.871276e-01
5.874098e-01
5.874969e-01
5.879558e-01
5.880532e-01
5.880901e-01
5.882284e-01
5.883819e-01
5.885881e-01
5.888778e-01
5.889555e-01
5.891695e-01
5.892560e-01
5.894777e-01
5.896795e-01
5.897685e-01
5.900222e-01
5.901444e-01
5.903232e-01
5.905579e-01
5.907720e-01
5.908866e-01
5.910905e-01
5.914467e-01
5.915498e-01
5.918093e-01
5.919710e-01
5.921647e-01
5.923222e-01
5.924784e-01
5.928084e-01
5.931036e-01
5.932374e-01
5.936170e-01
5.937461e-01
5.939354e-01
5.940558e-01
5.944594e-01
5.946193e-01
5.948594e-01
5.950434e-01
5.954399e-01
5.955414e-01
5.959283e-01
5.960019e-01
5.962721e-01
5.963511e-01
5.965153e-01
5.966586e-01
5.969144e-01
5.972004e-01
5.973469e-01
5.976987e-01
5.977188e-01
5.979990e-01
5.983138e-01
5.985511e-01
5.986361e-01
5.987329e-01
5.990196e-01
5.993785e-01
5.995672e-01
5.998464e-01
6.001278e-01
6.001926e-01
6.005999e-01
6.006827e-01
6.010528e-01
6.012363e-01
6.013054e-01
6.013924e-01
6.016761e-01
6.019532e-01
6.021684e-01
6.023377e-01
6.025422e-01
6.028375e-01
6.030795e-01
6.031011e-01
6.033351e-01
6.036165e-01
6.039426e-01
6.041095e-01
6.041813e-01
6.044070e-01
6.046539e-01
6.049563e-01
6.050810e-01
6.054908e-01
6.056800e-01
6.060237e-01
6.061593e-01
6.061866e-01
6.065131e-01
6.067619e-01
6.070398e-01
6.072045e-01
6.073654e-01
6.074385e-01
6.077178e-01
6.080981e-01
6.083037e-01
6.085271e-01
6.088028e-01
6.089215e-01
6.089385e-01
6.092476e-01
6.093419e-01
6.097886e-01
6.099511e-01
6.101813e-01
6.105261e-01
6.105892e-01
6.109007e-01
6.112350e-01
6.114597e-01
6.118195e-01
6.119044e-01
6.121605e-01
6.121939e-01
6.125888e-01
6.127648e-01
6.129246e-01
6.132335e-01
6.134484e-01
6.136034e-01
6.140840e-01
6.142185e-01
6.143045e-01
6.144927e-01
6.145837e-01
6.148018e-01
6.151249e-01
6.155149e-01
6.155250e-01
6.157977e-01
6.159128e-01
6.160051e-01
6.163408e-01
6.164382e-01
6.167494e-01
6.170590e-01
6.171683e-01
6.174476e-01
6.177910e-01
6.178734e-01
6.180457e-01
6.184377e-01
6.184826e-01
6.187597e-01
6.188920e-01
6.192456e-01
6.194263e-01
6.199610e-01
6.201284e-01
6.203381e-01
6.205966e-01
6.208086e-01
6.209574e-01
6.210903e-01
6.212952e-01
6.215030e-01
6.220366e-01
6.220994e-01
6.228650e-01
6.230432e-01
6.231469e-01
6.236118e-01
6.238874e-01
6.240784e-01
6.242442e-01
6.243962e-01
6.246723e-01
6.248379e-01
6.251140e-01
6.254181e-01
6.256209e-01
6.259485e-01
6.260813e-01
6.262391e-01
6.262891e-01
6.264036e-01
6.265879e-01
6.270052e-01
6.271449e-01
6.275305e-01
6.278349e-01
6.278818e-01
6.281205e-01
6.284313e-01
6.287362e-01
6.289078e-01
6.292599e-01
6.295172e-01
6.298563e-01
6.302026e-01
6.306215e-01
6.309447e-01
6.312140e-01
6.313314e-01
6.316623e-01
6.317504e-01
6.319672e-01
6.321041e-01
6.325431e-01
6.328961e-01
6.330399e-01
6.334954e-01
6.336191e-01
6.339372e-01
6.340996e-01
6.343925e-01
6.345098e-01
6.350726e-01
6.353247e-01
6.354972e-01
6.356744e-01
6.358419e-01
6.360575e-01
6.362224e-01
6.363936e-01
6.365924e-01
6.368971e-01
6.371308e-01
6.375514e-01
6.378348e-01
6.379304e-01
6.379777e-01
6.383492e-01
6.384797e-01
6.389351e-01
6.392401e-01
6.396313e-01
6.398558e-01
6.399828e-01
6.404914e-01
6.409193e-01
6.410659e-01
6.415340e-01
6.420583e-01
6.422435e-01
6.426125e-01
6.429481e-01
6.431297e-01
6.436177e-01
6.437652e-01
6.440591e-01
6.443056e-01
6.447951e-01
6.451880e-01
6.456418e-01
6.457907e-01
6.459632e-01
6.465454e-01
6.466054e-01
6.467829e-01
6.468692e-01
6.472818e-01
6.480005e-01
6.488993e-01
6.489594e-01
6.494868e-01
6.498410e-01
6.499818e-01
6.501366e-01
6.504722e-01
6.507180e-01
6.507617e-01
6.512722e-01
6.512885e-01
6.514186e-01
6.518138e-01
6.520773e-01
6.525596e-01
6.530328e-01
6.530557e-01
6.532287e-01
6.534505e-01
6.537622e-01
6.539799e-01
6.543192e-01
6.545416e-01
6.550267e-01
6.558199e-01
6.560122e-01
6.563785e-01
6.569317e-01
6.572860e-01
6.575685e-01
6.578071e-01
6.580694e-01
6.582678e-01
6.583578e-01
6.589003e-01
6.591762e-01
6.593713e-01
6.595669e-01
6.598588e-01
6.599547e-01
6.602112e-01
6.604573e-01
6.611358e-01
6.613795e-01
6.615795e-01
6.618640e-01
6.627172e-01
6.629610e-01
6.631588e-01
6.632549e-01
6.634573e-01
6.638962e-01
6.640616e-01
6.641616e-01
6.646266e-01
6.651249e-01
6.657163e-01
6.659239e-01
6.662462e-01
6.663816e-01
6.665281e-01
6.670633e-01
6.674708e-01
6.677357e-01
6.678594e-01
6.682883e-01
6.687170e-01
6.689259e-01
6.692907e-01
6.696864e-01
6.701630e-01
6.704989e-01
6.707328e-01
6.710008e-01
6.713911e-01
6.716542e-01
6.720263e-01
6.725098e-01
6.726920e-01
6.730621e-01
6.738989e-01
6.740037e-01
6.745395e-01
6.749541e-01
6.754469e-01
6.758709e-01
6.761752e-01
6.764168e-01
6.766541e-01
6.771426e-01
6.777472e-01
6.786903e-01
6.789853e-01
6.793444e-01
6.797910e-01
6.800600e-01
6.804702e-01
6.809838e-01
6.810956e-01
6.812400e-01
6.817081e-01
6.819048e-01
6.823120e-01
6.831273e-01
6.833007e-01
6.836745e-01
6.840431e-01
6.841437e-01
6.845428e-01
6.852633e-01
6.853483e-01
6.863926e-01
6.866089e-01
6.870360e-01
6.872747e-01
6.876159e-01
6.883947e-01
6.888261e-01
6.890697e-01
6.893466e-01
6.900190e-01
6.902679e-01
6.906104e-01
6.911303e-01
6.914476e-01
6.918207e-01
6.922061e-01
6.926534e-01
6.929142e-01
6.931707e-01
6.935435e-01
6.946451e-01
6.951668e-01
6.957538e-01
6.960374e-01
6.965114e-01
6.968901e-01
6.972168e-01
6.976126e-01
6.978453e-01
6.988692e-01
6.990116e-01
7.001585e-01
7.006843e-01
7.008730e-01
7.017040e-01
7.022759e-01
7.025909e-01
7.026376e-01
7.030997e-01
7.034940e-01
7.041351e-01
7.045498e-01
7.047449e-01
7.050098e-01
7.053909e-01
7.057143e-01
7.064538e-01
7.070517e-01
7.079851e-01
7.083313e-01
7.092691e-01
7.095125e-01
7.108062e-01
7.110956e-01
7.112791e-01
7.113046e-01
7.116723e-01
7.128166e-01
7.133324e-01
7.134576e-01
7.138659e-01
7.143117e-01
7.148846e-01
7.151630e-01
7.159549e-01
7.163505e-01
7.164045e-01
7.171314e-01
7.177456e-01
7.178245e-01
7.183428e-01
7.186747e-01
7.188609e-01
7.191200e-01
7.198797e-01
7.199495e-01
7.200584e-01
7.210050e-01
7.213119e-01
7.226643e-01
7.231137e-01
7.240433e-01
7.242524e-01
7.251312e-01
7.262620e-01
7.274244e-01
7.275031e-01
7.278338e-01
7.290705e-01
7.292101e-01
7.306747e-01
7.312950e-01
7.319499e-01
7.327789e-01
7.328509e-01
7.334310e-01
7.341961e-01
7.345688e-01
7.347925e-01
7.352939e-01
7.360304e-01
7.364270e-01
7.375965e-01
7.381629e-01
7.383609e-01
7.386629e-01
7.392954e-01
7.397514e-01
7.399587e-01
7.408338e-01
7.412703e-01
7.414946e-01
7.416382e-01
7.434297e-01
7.435037e-01
7.437851e-01
7.443931e-01
7.457629e-01
7.475671e-01
7.483950e-01
7.488669e-01
7.489151e-01
7.490828e-01
7.494249e-01
7.496857e-01
7.504697e-01
7.516004e-01
7.523370e-01
7.531182e-01
7.535385e-01
7.538246e-01
7.558380e-01
7.565980e-01
7.576811e-01
7.584111e-01
7.588023e-01
7.592778e-01
7.609510e-01
7.619207e-01
7.625285e-01
7.627686e-01
7.637563e-01
7.638352e-01
7.645331e-01
7.664003e-01
7.678643e-01
7.691390e-01
7.695028e-01
7.702072e-01
7.710770e-01
7.716973e-01
7.726505e-01
7.742866e-01
7.746457e-01
7.758745e-01
7.765493e-01
7.767614e-01
7.776571e-01
7.783999e-01
7.785689e-01
7.786256e-01
7.795181e-01
7.815549e-01
7.838102e-01
7.841448e-01
7.854855e-01
7.855845e-01
7.861628e-01
7.869378e-01
7.898877e-01
7.899709e-01
7.902411e-01
7.905547e-01
7.913941e-01
7.947938e-01
7.961718e-01
7.964581e-01
7.982430e-01
7.982853e-01
7.983779e-01
7.987245e-01
7.991022e-01
7.995252e-01
8.011002e-01
8.047362e-01
8.053175e-01
8.073158e-01
8.080261e-01
8.098110e-01
8.098399e-01
8.108429e-01
8.109234e-01
8.114927e-01
8.120973e-01
8.128557e-01
8.137299e-01
8.171749e-01
8.181014e-01
8.200752e-01
8.218380e-01
8.222637e-01
8.241137e-01
8.244230e-01
8.247911e-01
8.256845e-01
8.283513e-01
8.336487e-01
8.357704e-01
8.367579e-01
8.388164e-01
8.411964e-01
8.418262e-01
8.448358e-01
8.463434e-01
8.477041e-01
8.496446e-01
8.515178e-01
8.522306e-01
8.541011e-01
8.541844e-01
8.557449e-01
8.573947e-01
8.587272e-01
8.602395e-01
8.666031e-01
8.670623e-01
8.701407e-01
8.718854e-01
8.741503e-01
8.788727e-01
8.804977e-01
8.825584e-01
8.868416e-01
8.912661e-01
8.933887e-01
8.961628e-01
8.993205e-01
9.010592e-01
9.020758e-01
9.068636e-01
9.151483e-01
9.194336e-01
9.244942e-01
9.275611e-01
9.353210e-01
9.409213e-01
9.643779e-01
9.663415e-01
9.852170e-01
9.950196e-01
1.000000e+00
