# sorted relative singular values (reduced_hessian) field=control2d eps=0.25 N=16 n=7935
7.108376582778050119e-05
1.687949145693623239e-04
1.687956918564219376e-04
1.580489492661907606e-03
1.580489703734176210e-03
1.642108609273497952e-03
1.642108635367008551e-03
1.815144849586749131e-03
1.845565164314822782e-03
2.081266769341513258e-03
2.229685063004773621e-03
2.229685063086081411e-03
2.300376358439172684e-03
2.300376564548674545e-03
2.322120384708393180e-03
2.322120407925785165e-03
2.423136601998914473e-03
2.423136606251922141e-03
2.459341458969327692e-03
2.459341462273353148e-03
2.645878369145742565e-03
2.645878369195317058e-03
2.974319749679393225e-03
2.977026894081366039e-03
2.977195214082334080e-03
2.977290018604861199e-03
3.248893049889573469e-03
3.248893101088451071e-03
3.379337177978832679e-03
3.379337192778256952e-03
3.528646120945336077e-03
3.919538288851441218e-03
3.920466129812096891e-03
4.100181796910747078e-03
4.100816154836530933e-03
4.505600940195185825e-03
4.533024704904711072e-03
4.533025069985704286e-03
4.534974198759191173e-03
4.534974200715287049e-03
4.538254630921181865e-03
4.538254634005635564e-03
4.577450092770213655e-03
4.577451258947554981e-03
4.673506396185818541e-03
4.853269916789947243e-03
4.891521171895752210e-03
5.206557063433838589e-03
5.230414065581019852e-03
5.391191403091199347e-03
5.391191410272020389e-03
5.411242471601850589e-03
5.411242471705800423e-03
5.623250552753876301e-03
5.823255613808204188e-03
5.975841924331450755e-03
6.106843843803893765e-03
6.135992474680326131e-03
6.157937168956950473e-03
6.157937169055023932e-03
6.242637801712417472e-03
6.734748709808310689e-03
7.404785306187845577e-03
7.404785342714256813e-03
7.531637815079435250e-03
7.531637819275868381e-03
7.532376088632889571e-03
7.532376088787950431e-03
7.992095007377051502e-03
7.992121913678569903e-03
7.992534784992415611e-03
7.992535267977338501e-03
8.072778021303314219e-03
8.166354116624223100e-03
8.237785986698106105e-03
8.363141784136095616e-03
8.363148657445100900e-03
8.627356889044477881e-03
8.627356889109609808e-03
8.704213020520792238e-03
8.704213061410231642e-03
8.715763317357731743e-03
8.715763317610264113e-03
8.798187647135328679e-03
8.798187647185606169e-03
8.960619344331679018e-03
8.960619544645173976e-03
8.996449049112601251e-03
8.996449049148000018e-03
9.028436685275512477e-03
9.028436685563022077e-03
9.139394167919511966e-03
9.139394216778475716e-03
9.412416463157810553e-03
9.412416463242596898e-03
9.416550139625076352e-03
9.416550158102027224e-03
9.601477810082333433e-03
9.601477810148846201e-03
9.992568018328174331e-03
9.992568018415422249e-03
1.014418934367336544e-02
1.016188538420609647e-02
1.016188538428329166e-02
1.027553529735046774e-02
1.038542992332849163e-02
1.038542993233169780e-02
1.041175983971576180e-02
1.041176189581059439e-02
1.046489946702574246e-02
1.046489947720189578e-02
1.052266171763071960e-02
1.052266171778586806e-02
1.100020851438163368e-02
1.191495433859731529e-02
1.198798868907798541e-02
1.198798868938636374e-02
1.242581059537171267e-02
1.242581059574758909e-02
1.260104189304522664e-02
1.260104195600175725e-02
1.273989117453711364e-02
1.273989117474229327e-02
1.314732109056088345e-02
1.367309719126186263e-02
1.380041438923653406e-02
1.380042688431877898e-02
1.439055635704895170e-02
1.439055635752814824e-02
1.441546721950321547e-02
1.441546723378061591e-02
1.445147266094769060e-02
1.445147266134242867e-02
1.458237309407123261e-02
1.497359303474155197e-02
1.497359303525338560e-02
1.507130404676063073e-02
1.507130961207897579e-02
1.507818688304124466e-02
1.507818737431325384e-02
1.533397619969681901e-02
1.533400827086243805e-02
1.537967201583004435e-02
1.552903241596092186e-02
1.556301999970457692e-02
1.567565503713330005e-02
1.573731487321989447e-02
1.573731488939717621e-02
1.575149072667137926e-02
1.575149083565888231e-02
1.588920221907917998e-02
1.588920221914058573e-02
1.606981496760742645e-02
1.641726923581640282e-02
1.641726923590619558e-02
1.644390506629879803e-02
1.649168158040503068e-02
1.649168158104709000e-02
1.678262592904500999e-02
1.678262592912599035e-02
1.717635323503802908e-02
1.721580721334840455e-02
1.743245255275722994e-02
1.743245255290587839e-02
1.803606962078673978e-02
1.803606962109489953e-02
1.810172124644920250e-02
1.810172149311036968e-02
1.810525170606347087e-02
1.810525170631852726e-02
1.822740320031120825e-02
1.889423100884411039e-02
1.889423100905176373e-02
1.899080368735076713e-02
1.899080368817290462e-02
1.914131097793154296e-02
1.914166013971565702e-02
1.941881589241290298e-02
1.941976640106900243e-02
1.942993259560175240e-02
1.942993259562003638e-02
1.963173986135436158e-02
1.963173986155895140e-02
1.984103825402550730e-02
1.985401247156183546e-02
1.985401247161015792e-02
1.985598359401830743e-02
1.985598359528068652e-02
1.985773371516895772e-02
1.986049425600078938e-02
1.986051498493582312e-02
1.986273926624178635e-02
1.986274624024897406e-02
1.992555737699881063e-02
1.992662747623634087e-02
2.023641677531590882e-02
2.023641677555449228e-02
2.071942008469496860e-02
2.071942008568173482e-02
2.108730067106270520e-02
2.108730067149812079e-02
2.113140417996898363e-02
2.113207488298282991e-02
2.179695791120142209e-02
2.179695791207729438e-02
2.182333698714813280e-02
2.182333726988594513e-02
2.250821390038286116e-02
2.250821390219145957e-02
2.267558164459576586e-02
2.267558164526811693e-02
2.287756456987265208e-02
2.287756457041005900e-02
2.295380174436424670e-02
2.295380174440435003e-02
2.302686254025879467e-02
2.345920169339685973e-02
2.345920169450717990e-02
2.376670178583257034e-02
2.382473188836487302e-02
2.382473246641394690e-02
2.391484074603917112e-02
2.409790350230142306e-02
2.409790350254092245e-02
2.424229383060597098e-02
2.429207469618547763e-02
2.466918634459470266e-02
2.466918634969329435e-02
2.467539296799227053e-02
2.467539296897961268e-02
2.472626472965643724e-02
2.519924793016465811e-02
2.524228815236773116e-02
2.557219144916972678e-02
2.557219144937144042e-02
2.558826448837682455e-02
2.558826448863413955e-02
2.576087913543070179e-02
2.576087913548193165e-02
2.629000137635732065e-02
2.629000137639476292e-02
2.710231508825892630e-02
2.710231521371174110e-02
2.710428551559470461e-02
2.710428559758645481e-02
2.715297196314276490e-02
2.757485556624713827e-02
2.757485556677460176e-02
2.761344416294000612e-02
2.761344435376359568e-02
2.770602484738299287e-02
2.811993065517490523e-02
2.811993065527416263e-02
2.818464958896642683e-02
2.818464958916565288e-02
2.819965450274552685e-02
2.819965457528735703e-02
2.849196951041813031e-02
2.849196951046146717e-02
2.870657185817343179e-02
2.873057637014535259e-02
2.873057643279425949e-02
2.914602273638032190e-02
2.914602273665819338e-02
2.923047774799003573e-02
2.923047775075742621e-02
2.925817546957633353e-02
2.925817548056027298e-02
2.978176338881689464e-02
2.978176338892998126e-02
2.993893139601047290e-02
2.993893139745473428e-02
3.005304328490637777e-02
3.005304392947774628e-02
3.013427961572934938e-02
3.013428035248529036e-02
3.017947801538740926e-02
3.018736826453221125e-02
3.019395062273221020e-02
3.019395062289645382e-02
3.024610937297788141e-02
3.025384957333672117e-02
3.031252697145965513e-02
3.031252699620380631e-02
3.043203538879443726e-02
3.044609389227169102e-02
3.049444658311940143e-02
3.049444658331587968e-02
3.082765112803826507e-02
3.107518655052134149e-02
3.107518655078955055e-02
3.128935899077489591e-02
3.128935899092370049e-02
3.141890434811228650e-02
3.145993031975384546e-02
3.171090297311347783e-02
3.171090297317120943e-02
3.178694446946311869e-02
3.178694446978666543e-02
3.204267132322036887e-02
3.204267132330784057e-02
3.212140117204616285e-02
3.228743159380974281e-02
3.228743159509542965e-02
3.260829619859550998e-02
3.260829623379813552e-02
3.264957492594904725e-02
3.264957492636578334e-02
3.265060985566967111e-02
3.265061241068641790e-02
3.279731988308490914e-02
3.295698472281941016e-02
3.295698472293252801e-02
3.307204695525486904e-02
3.310993460612379063e-02
3.310993460622738832e-02
3.329857636806097393e-02
3.329857636816095645e-02
3.336665632090659445e-02
3.336665632095832390e-02
3.398556413175417290e-02
3.398556413260545028e-02
3.417119955774525902e-02
3.417119955800684838e-02
3.425022547569549908e-02
3.425022880652961454e-02
3.428083873343518162e-02
3.428083873510237578e-02
3.440457886761988382e-02
3.440457886928693920e-02
3.491228652192632925e-02
3.491228652207420402e-02
3.494208728072470405e-02
3.494209301283385249e-02
3.499272367470427497e-02
3.499272367848173942e-02
3.519397019145539124e-02
3.519397019157664147e-02
3.531720830786650583e-02
3.531720830797512034e-02
3.563158671892199120e-02
3.571088753964610230e-02
3.599072947823585278e-02
3.599072947849920462e-02
3.603234995887871078e-02
3.603234996021782016e-02
3.616333915654430103e-02
3.616333916146802219e-02
3.619554238252018635e-02
3.619554238257117335e-02
3.635164275949702428e-02
3.643411562841089579e-02
3.643450342853515184e-02
3.647305286679135283e-02
3.647372925355488182e-02
3.648121293497529061e-02
3.648122050914568565e-02
3.648227656354767479e-02
3.648228921443178591e-02
3.659579478056699392e-02
3.659579478146767623e-02
3.671774580732698606e-02
3.671774580764809032e-02
3.674267771850786568e-02
3.677189481572797070e-02
3.745073731028612796e-02
3.745073731037527887e-02
3.755731293386858904e-02
3.824561256740378196e-02
3.848974284292093484e-02
3.849055135363617375e-02
3.880847478628506042e-02
3.880847478638928955e-02
3.900737958169518682e-02
3.902878424238653138e-02
3.902878424259616230e-02
3.954154368644564876e-02
3.981178703121163176e-02
3.981178703135781344e-02
4.003845390080402328e-02
4.003845390528899123e-02
4.005002668019730372e-02
4.005002668056444753e-02
4.005672363156014687e-02
4.005672363189587137e-02
4.043916910848917995e-02
4.045124537487890942e-02
4.051724793877341940e-02
4.051887831167873960e-02
4.056581050741196737e-02
4.056581069076471008e-02
4.065624279206727504e-02
4.065624279212477071e-02
4.077515626465009341e-02
4.101028074019438807e-02
4.101028109362361840e-02
4.102535320464183177e-02
4.102535333195213990e-02
4.143413771082332664e-02
4.143413771119147659e-02
4.282495479050350828e-02
4.282495479092870982e-02
4.335658033900093716e-02
4.339353852277940543e-02
4.373214691734716303e-02
4.373214691742160348e-02
4.378130206538822372e-02
4.381909401148967320e-02
4.381909401164722079e-02
4.394339313833496574e-02
4.394727984826943268e-02
4.412925199960596179e-02
4.435598124747626436e-02
4.435598124754310673e-02
4.450758579115128566e-02
4.450758579131900566e-02
4.455790516916584287e-02
4.455790516926285555e-02
4.467063229046878275e-02
4.480414314789646357e-02
4.480414314801422354e-02
4.497309817073020383e-02
4.497310477582382865e-02
4.498210413792001761e-02
4.498211510379894473e-02
4.499780321058233917e-02
4.500137516433709572e-02
4.515751020554763934e-02
4.522151265664646480e-02
4.522151265668051395e-02
4.535207773051828234e-02
4.535980463532539309e-02
4.537628627343226473e-02
4.537628627363636535e-02
4.549562287877950695e-02
4.549562287986104459e-02
4.549691466846816218e-02
4.549691467138847201e-02
4.558379482495326929e-02
4.558379482514884895e-02
4.573111566585754545e-02
4.573111590203014082e-02
4.583713811464342619e-02
4.583713818265022083e-02
4.605250434098318024e-02
4.605250434129096182e-02
4.644857809611400296e-02
4.644857809706169627e-02
4.661102103355396070e-02
4.663315101446102728e-02
4.663315101449859446e-02
4.665528584978085452e-02
4.665528584997571254e-02
4.688594105686427760e-02
4.694837016669406449e-02
4.700810504906018789e-02
4.712562503888675924e-02
4.712562503924817847e-02
4.715601893403378875e-02
4.715601960182869840e-02
4.741868170997116244e-02
4.741868172823841820e-02
4.757432570069250466e-02
4.763154618747042490e-02
4.763154622331539773e-02
4.769276317370269025e-02
4.774137499998692274e-02
4.774137500005163487e-02
4.804416253007145338e-02
4.810899432382958335e-02
4.811888897346421751e-02
4.811888897370689144e-02
4.819484005264353804e-02
4.825946503030352497e-02
4.825946504486790245e-02
4.834606589092994150e-02
4.834606591775542084e-02
4.905870823230829708e-02
4.905870953577647769e-02
4.910972923680433783e-02
4.910973186974466193e-02
4.913335693021755879e-02
4.913335693081995192e-02
4.922501986376152244e-02
4.922501986406332269e-02
4.925525691068224216e-02
4.925525691277924528e-02
4.949139277604256565e-02
4.949139277615711291e-02
5.037418650645169443e-02
5.037418650732239378e-02
5.076209499411820508e-02
5.076209500147924741e-02
5.080233053375195207e-02
5.080233053393904546e-02
5.080520671926500725e-02
5.085226295704205202e-02
5.085226295750170517e-02
5.087818943826395018e-02
5.097501532759017573e-02
5.097528052839692819e-02
5.097625844437132098e-02
5.152713713921034527e-02
5.152713713943536666e-02
5.161439510871719538e-02
5.211305280396850981e-02
5.219991240080117806e-02
5.269196863279468346e-02
5.269196964007276385e-02
5.271658776583160871e-02
5.300222172710410129e-02
5.300222173201200176e-02
5.307980344258276389e-02
5.307980344298265235e-02
5.322164814880502026e-02
5.322164816364900741e-02
5.334554669583962266e-02
5.334554757425670479e-02
5.338377117714482312e-02
5.357192642053222598e-02
5.357192642071913896e-02
5.362756060850181611e-02
5.362756090903613576e-02
5.367922038550065889e-02
5.367922101616534603e-02
5.398862959298269398e-02
5.398862962347205502e-02
5.427386706911923459e-02
5.427386706917270570e-02
5.437045682349937736e-02
5.437045691714899320e-02
5.458891679469832919e-02
5.458891680034080179e-02
5.467398343664178068e-02
5.476366809990448198e-02
5.495632315852132938e-02
5.495632326006054391e-02
5.525966430162871507e-02
5.525966430186853712e-02
5.526305486282943880e-02
5.526305486410969942e-02
5.576711036774172070e-02
5.576711036814852029e-02
5.590157406772161552e-02
5.590157406788045374e-02
5.590759286527187399e-02
5.609125370308073316e-02
5.609490849001860097e-02
5.609490849047817779e-02
5.615726017138633619e-02
5.615726017152161686e-02
5.619573625745782203e-02
5.619573625748379431e-02
5.623050144531520356e-02
5.623050144731442379e-02
5.628577473448769658e-02
5.628577473451811669e-02
5.638707490729819027e-02
5.638771257507929624e-02
5.653844996271772255e-02
5.653899584510433535e-02
5.680704303860606430e-02
5.680704303865288796e-02
5.728946128774166369e-02
5.729006329260262487e-02
5.740148047064763670e-02
5.740148047083192678e-02
5.760579986078975812e-02
5.760580006210998250e-02
5.762930359891733217e-02
5.762930359896871468e-02
5.839927937003895619e-02
5.839928432041310152e-02
5.867663922510504143e-02
5.870603635325248593e-02
5.870603635332493492e-02
5.884126294345693592e-02
5.884126294360876586e-02
5.893882499649578943e-02
5.893882500054891532e-02
5.902150199845301870e-02
5.902150199853456458e-02
5.923145027767332677e-02
5.924698802910327577e-02
5.939897614157724215e-02
5.939897614168194312e-02
5.948136790336022023e-02
5.948136878978756148e-02
5.953120224859158316e-02
5.955339013075329480e-02
5.969169637540683998e-02
5.969169637547001861e-02
5.974517018552785719e-02
5.974517062615499613e-02
6.019754916567029296e-02
6.039616307089351599e-02
6.039616823713761518e-02
6.040144896915337902e-02
6.040144931501537778e-02
6.044711619574655304e-02
6.044711630244124084e-02
6.072672249525409849e-02
6.072672249535255445e-02
6.128217853716531188e-02
6.128217853726412173e-02
6.224878722860056196e-02
6.228335592094461082e-02
6.230606782620352890e-02
6.251371318051697490e-02
6.254193046203421202e-02
6.257269693670190758e-02
6.257269693679992639e-02
6.273199034279779152e-02
6.273199034344775771e-02
6.302770046611146093e-02
6.302770047465632020e-02
6.304282585899492752e-02
6.327714211562161795e-02
6.327714214524973735e-02
6.327927182368144055e-02
6.327927182380826965e-02
6.335003950831147312e-02
6.335003950839747378e-02
6.344459823519699171e-02
6.344459823544242039e-02
6.351197958510168551e-02
6.351197958524415488e-02
6.355164456900752601e-02
6.355164457039291781e-02
6.362937777096232261e-02
6.388902906165162821e-02
6.388902906181047336e-02
6.411999910354711230e-02
6.411999910414176163e-02
6.462421857751377008e-02
6.462532168696075163e-02
6.487302773078203189e-02
6.487851620598431013e-02
6.496449700228176805e-02
6.496449701571248292e-02
6.498742606254619136e-02
6.498742608384452946e-02
6.510281222189834294e-02
6.510964557441319134e-02
6.510964557447536383e-02
6.530205760924902292e-02
6.570079698226800879e-02
6.570079700715621140e-02
6.597100791359271355e-02
6.597100791838911293e-02
6.606695259820190291e-02
6.606695259830039357e-02
6.614333416134868249e-02
6.619031328283543625e-02
6.625342562807863545e-02
6.625344552526141184e-02
6.631385025198924255e-02
6.631385051177768331e-02
6.632297695957796446e-02
6.632297707122770947e-02
6.689090022638277677e-02
6.689090043448063516e-02
6.718549412524583986e-02
6.718549627711117855e-02
6.738336447680920438e-02
6.738336447690206066e-02
6.757110987597206297e-02
6.757110990890712043e-02
6.785987739619148140e-02
6.791390555549328689e-02
6.791390555562873410e-02
6.801139798223511390e-02
6.801139798293684424e-02
6.814492148351875001e-02
6.814492282194621608e-02
6.844410640659974454e-02
6.844410640703359194e-02
6.848153092793456131e-02
6.868410181712085449e-02
6.883361877041094257e-02
6.883362044107864397e-02
6.892261289492083998e-02
6.892261302591538852e-02
6.893680501268212302e-02
6.897006473571548613e-02
6.897006970825766969e-02
6.913336997691590935e-02
6.923814756765800382e-02
6.923814756813155558e-02
6.931351091832725630e-02
6.931351092428406080e-02
6.958470603560404366e-02
6.958595174506881920e-02
6.958595174562758057e-02
6.964602717302377510e-02
6.970405439037813400e-02
6.970405439060854691e-02
6.979785950342609624e-02
6.979785951989952997e-02
6.985781029611597137e-02
7.001076215893148325e-02
7.001076215906559819e-02
7.021192917903829045e-02
7.021192924886084097e-02
7.032158590239993845e-02
7.039766412790537942e-02
7.039766412798924289e-02
7.043220674205179221e-02
7.057897357638287517e-02
7.057897357652401227e-02
7.061162052542772904e-02
7.061163816363644208e-02
7.071403666818892875e-02
7.088323380785434280e-02
7.088323383139849554e-02
7.172175068743791293e-02
7.172175068819890142e-02
7.185377053565988881e-02
7.185377053657134028e-02
7.192949999497942615e-02
7.218966055180134345e-02
7.218966225521854241e-02
7.223298620353826860e-02
7.223298620370882661e-02
7.251126905691583635e-02
7.255202162330023907e-02
7.255202328855710203e-02
7.262257648643093144e-02
7.262257648655004449e-02
7.379285970376117665e-02
7.379286289377104402e-02
7.380946910911749537e-02
7.388610639944280523e-02
7.388610639968255789e-02
7.393445338901616370e-02
7.399968053778542554e-02
7.399968302601357684e-02
7.401466817213200877e-02
7.401466817346054328e-02
7.409785229106238824e-02
7.416307429530441531e-02
7.418436472105340018e-02
7.418436472130893189e-02
7.420689626729182198e-02
7.432882743986078677e-02
7.432882749823147006e-02
7.467871659234813497e-02
7.467871947981731540e-02
7.474230610983667589e-02
7.474230620666512392e-02
7.483888683506727257e-02
7.484752213738936344e-02
7.485989585386831902e-02
7.492775394544989864e-02
7.492775417418753858e-02
7.497820883008839143e-02
7.497820897497496639e-02
7.503113972195397940e-02
7.509288232725196133e-02
7.516499866785492090e-02
7.516500008985704806e-02
7.555026968904830775e-02
7.555027044977934148e-02
7.566582208032077150e-02
7.574397162892383684e-02
7.574397165797559783e-02
7.601036585928146183e-02
7.601036595091109627e-02
7.603982532948434792e-02
7.604104206336467775e-02
7.608125355269329537e-02
7.608125355275817403e-02
7.611160751764117771e-02
7.632045515870317098e-02
7.632045515874884278e-02
7.646536081145619002e-02
7.646536085329229404e-02
7.647359197359063221e-02
7.648014838074232435e-02
7.648014838090715084e-02
7.659667236057553230e-02
7.659667236279776859e-02
7.711103845503293475e-02
7.717349114446622749e-02
7.717349195745890067e-02
7.725090106685332525e-02
7.725090212967210268e-02
7.749753303235958068e-02
7.750286953674076496e-02
7.753123984060251994e-02
7.753123998772856740e-02
7.764078120586516418e-02
7.764078121493973861e-02
7.796300770870662200e-02
7.837581740384516604e-02
7.837581740392958463e-02
7.851102411098347111e-02
7.851127216938594278e-02
7.859752562539887299e-02
7.866693939402427671e-02
7.866693939410600300e-02
7.868256671134396529e-02
7.868256703760398429e-02
7.875751201825550996e-02
7.875751264515411243e-02
7.876051870558142820e-02
7.876051953139324990e-02
7.895807612909740147e-02
7.895807613135673309e-02
7.913291153953176671e-02
7.978475353197087006e-02
7.978475353732206177e-02
7.980085495452748923e-02
7.980085495624417158e-02
7.986874012002365131e-02
7.986874016483461181e-02
7.990546114068332317e-02
8.008844279826925205e-02
8.028063764955586934e-02
8.028063782865105247e-02
8.028078645345286535e-02
8.037783719266483606e-02
8.037783719435391550e-02
8.038249274519712606e-02
8.038249274834739777e-02
8.043353008570831852e-02
8.043353038666148369e-02
8.047456184005837010e-02
8.047456198647312542e-02
8.057986630154376217e-02
8.057986707220014810e-02
8.079712296854382747e-02
8.086881458704314740e-02
8.103177168509947959e-02
8.103177181455722966e-02
8.109086839981098638e-02
8.110627087066804575e-02
8.110627087075003572e-02
8.110818125352219077e-02
8.110818125435875769e-02
8.129914684194945729e-02
8.129914685084115022e-02
8.156208737906785189e-02
8.156208739346612613e-02
8.178385168249489856e-02
8.178385168282009676e-02
8.200428493470388047e-02
8.200428493722954071e-02
8.263952844568597800e-02
8.263952845291373805e-02
8.267589530824864807e-02
8.267589530871241599e-02
8.307279251106193529e-02
8.343306178196316369e-02
8.343306178234428938e-02
8.395849382271805550e-02
8.395849382373950232e-02
8.400711732024665479e-02
8.400711734010603282e-02
8.428471993337406654e-02
8.428472016224464181e-02
8.438700791824828296e-02
8.438700791847027205e-02
8.463097493449651954e-02
8.463097494661975251e-02
8.464697099106149869e-02
8.464697101722998274e-02
8.465254652014592152e-02
8.479603566950336124e-02
8.489040870375885728e-02
8.490733254825427734e-02
8.490733256974046517e-02
8.496208370859709147e-02
8.496208371767265122e-02
8.499814939322654361e-02
8.500878232858635752e-02
8.516677761132337987e-02
8.516677761356852838e-02
8.528472642678021354e-02
8.528472643521445296e-02
8.533043537240739274e-02
8.540401684977801111e-02
8.540401684982017183e-02
8.555921357898503554e-02
8.573609167829156219e-02
8.575351780043366512e-02
8.578335456506236412e-02
8.580857440624957422e-02
8.580857440628304744e-02
8.626337297893896250e-02
8.637585804278079260e-02
8.666406222921843594e-02
8.666406222933926984e-02
8.678438435028018594e-02
8.678438435938995443e-02
8.680080520680857892e-02
8.713653999553579166e-02
8.713654002341036930e-02
8.720486569567609259e-02
8.720486572561519933e-02
8.750062328131617828e-02
8.750062328143740076e-02
8.786263055087441265e-02
8.786263055095026864e-02
8.796542728052382520e-02
8.796542728319617366e-02
8.797483742065295709e-02
8.797483826270448282e-02
8.816261774188033362e-02
8.816261774197504952e-02
8.830118358670778489e-02
8.830118359009070383e-02
8.842519725550548881e-02
8.842519726577804939e-02
8.856239720458196352e-02
8.893864976841184267e-02
8.893864976956754320e-02
8.902115307015519285e-02
8.902522928982969930e-02
8.902522929025241671e-02
8.930811113954824354e-02
8.942696547030164200e-02
8.942696547682557617e-02
8.947742273550564340e-02
8.947742273561846982e-02
8.960189462182398257e-02
8.960189462296001828e-02
8.963307876750732650e-02
8.973114479449803560e-02
9.003972761977482864e-02
9.013687696649499981e-02
9.013687700602317221e-02
9.032615092224473285e-02
9.062152194249310788e-02
9.062152194261328952e-02
9.117339164983279121e-02
9.117339165012000590e-02
9.128930132195051117e-02
9.133648449939493763e-02
9.133829868301629462e-02
9.156771501665031399e-02
9.156771502081768876e-02
9.169931185675574137e-02
9.169932387522299055e-02
9.174881846665879082e-02
9.176608561410327936e-02
9.176608685811783739e-02
9.178878535596328436e-02
9.178878553549892072e-02
9.191041266946166355e-02
9.191041266953596522e-02
9.201862205569008579e-02
9.201862211618892784e-02
9.239074256569995702e-02
9.242842796888482704e-02
9.256299896443892505e-02
9.269909521878762215e-02
9.276230232999378711e-02
9.310140752226946093e-02
9.310140752278407705e-02
9.311546033695040914e-02
9.311546034191352239e-02
9.315614608792023577e-02
9.322719157057060557e-02
9.325231410058906767e-02
9.360385566106271815e-02
9.360385566112493227e-02
9.367772814402226811e-02
9.367772814439366547e-02
9.377267517666514063e-02
9.381890807537271448e-02
9.385480061558851284e-02
9.385480061653686534e-02
9.394215526384783188e-02
9.394215526393917548e-02
9.425207044486681729e-02
9.431640661176167451e-02
9.437665858901338189e-02
9.440113842810636535e-02
9.446552715578511450e-02
9.449452343873930571e-02
9.470855042571275917e-02
9.473142746364907052e-02
9.473142746365838252e-02
9.477659372873639687e-02
9.477659372885582911e-02
9.506435924905515256e-02
9.506435925145897969e-02
9.506439831898939874e-02
9.506439831915455829e-02
9.510469429089941917e-02
9.510469461144460679e-02
9.512679171016286128e-02
9.512679171279476986e-02
9.523384439772927812e-02
9.523384486384298131e-02
9.563683675231743342e-02
9.563683695243224703e-02
9.565289588715299163e-02
9.565289599988599512e-02
9.592077455885431037e-02
9.592077456159651960e-02
9.598512824365132423e-02
9.598512825387635339e-02
9.620075375396472395e-02
9.620075375423077502e-02
9.629441678073201449e-02
9.634910239784807984e-02
9.636939011661779797e-02
9.636939088923318630e-02
9.637592123012669876e-02
9.637592123021823665e-02
9.677863557644215964e-02
9.684167975258456407e-02
9.684168880999424744e-02
9.687425414135525381e-02
9.687425420286462086e-02
9.697977211502425976e-02
9.701366176701507749e-02
9.701366253877251322e-02
9.710980726927159745e-02
9.710980726998176549e-02
9.743221021783483871e-02
9.743221021907569335e-02
9.751645876253553502e-02
9.751645876660496037e-02
9.768573070144694059e-02
9.768573070176096718e-02
9.774455054582074920e-02
9.775049226218035514e-02
9.775049226600447672e-02
9.777963111125355378e-02
9.777963112273554969e-02
9.778669044236917851e-02
9.778669044383346554e-02
9.787834291274437326e-02
9.798837995621534347e-02
9.839714381949993260e-02
9.841885275203486605e-02
9.841885279954123988e-02
9.867631352243391718e-02
9.867631352252009824e-02
9.907956285817995368e-02
9.922361475624057181e-02
9.941157328170853458e-02
9.941157328245844860e-02
9.967292106287488351e-02
9.967292261828174238e-02
9.990669307991177639e-02
9.992151006795350898e-02
9.994462830232148098e-02
9.999036388090679073e-02
9.999036388108700768e-02
1.002307006183603272e-01
1.002307006185101934e-01
1.002682258063615911e-01
1.002682258064765408e-01
1.002757580298211659e-01
1.003754839557935846e-01
1.004226813698403942e-01
1.004226881974713964e-01
1.005233051364934072e-01
1.005233054920848107e-01
1.006292593577920308e-01
1.006763214656928168e-01
1.006763214657886985e-01
1.008222368174256922e-01
1.008222368184478052e-01
1.012969168649792001e-01
1.012969172987937261e-01
1.013655562110304525e-01
1.013655562115094999e-01
1.014404323833859034e-01
1.014404325151443131e-01
1.015124159831426454e-01
1.015600158904050310e-01
1.015600158906194150e-01
1.018000452003958167e-01
1.019514160500017141e-01
1.019514160501774069e-01
1.020034248952453454e-01
1.020986748861666960e-01
1.021642466546916067e-01
1.021642466763838658e-01
1.023486631584246825e-01
1.024279374790034308e-01
1.026069794151424075e-01
1.026069794153715159e-01
1.026427323457349133e-01
1.026427329408512584e-01
1.031779442589059875e-01
1.031779442592788837e-01
1.032567963350934509e-01
1.033046372530317114e-01
1.033046373468293477e-01
1.033171030205855823e-01
1.034137027543560322e-01
1.034137027543945986e-01
1.035921935875418615e-01
1.035965994460326806e-01
1.037020692659787191e-01
1.037020692660423488e-01
1.037932021755326867e-01
1.037932021756701184e-01
1.039760357789998729e-01
1.039760397754274784e-01
1.043676053316794500e-01
1.043676053317504904e-01
1.044522636151824085e-01
1.044673419556928634e-01
1.045123823082938080e-01
1.045585156547415295e-01
1.045585162692423131e-01
1.045826670280206455e-01
1.045826670281206211e-01
1.046867709025450510e-01
1.048275805572023295e-01
1.048520426296214308e-01
1.048520426296836866e-01
1.050495751651337878e-01
1.050495751674376393e-01
1.050865891354304249e-01
1.050865891477572034e-01
1.051051813377976568e-01
1.051051813378282712e-01
1.051603832578257430e-01
1.051603832704583047e-01
1.052041246917225226e-01
1.052152625545185877e-01
1.052152625611676995e-01
1.060166993749340619e-01
1.060166993751375242e-01
1.062872672729773676e-01
1.062872672734222618e-01
1.066939524942564083e-01
1.066939525119170590e-01
1.067714120764073765e-01
1.069767814343682705e-01
1.070064478058188884e-01
1.070305528599764799e-01
1.070349975942236909e-01
1.070349975942728599e-01
1.070653725791553684e-01
1.071632036042568237e-01
1.071760024798752570e-01
1.071760025577364051e-01
1.074697311591219645e-01
1.074715024012022069e-01
1.074715024582269113e-01
1.074730253118935247e-01
1.074730254156907178e-01
1.075214640822347717e-01
1.075214640880004097e-01
1.075388437534270519e-01
1.076885489084845188e-01
1.076885489148436403e-01
1.077051048459610194e-01
1.077051048460458960e-01
1.078148156189337598e-01
1.079108451675629132e-01
1.079108451695659915e-01
1.079811953088305188e-01
1.080942998516099818e-01
1.081578780054688188e-01
1.082545724168807316e-01
1.082545724272911680e-01
1.082670888294869072e-01
1.082670888314402058e-01
1.082823441157432648e-01
1.083491054619129812e-01
1.083491061235423575e-01
1.085875324708987372e-01
1.086068469872896736e-01
1.087144798736257717e-01
1.087576115209322875e-01
1.087694945872311608e-01
1.087898875593693165e-01
1.088415725851396426e-01
1.088415726242500936e-01
1.090512754092990561e-01
1.090711649746315820e-01
1.090711649876377060e-01
1.091976671784216091e-01
1.092207503945512997e-01
1.092207507599732563e-01
1.092448072961854366e-01
1.092448072971614337e-01
1.093371580950130151e-01
1.093371580963358042e-01
1.095130202808486108e-01
1.095130203031259297e-01
1.096003596689475584e-01
1.096003604934276815e-01
1.096015719871578087e-01
1.097399419803369580e-01
1.097399421267892389e-01
1.097563044467748661e-01
1.098311477033890732e-01
1.098311477056781033e-01
1.101122123954953319e-01
1.101122124270689090e-01
1.102151286536654506e-01
1.102151286551712600e-01
1.106407204884439915e-01
1.106407204886623585e-01
1.106690964528496135e-01
1.111370903122426423e-01
1.112606191864072280e-01
1.113212217303693463e-01
1.113212217304575674e-01
1.114156261229948403e-01
1.114972237680326855e-01
1.114972237807004413e-01
1.115752137220216156e-01
1.115752140537006748e-01
1.116173927373827202e-01
1.116485931291078815e-01
1.118637150846206463e-01
1.118637152871192614e-01
1.120667754351787615e-01
1.121320562660712422e-01
1.121320562661652087e-01
1.121938243902881049e-01
1.121938244027470694e-01
1.123203610124511032e-01
1.123775363594110704e-01
1.124634660636987665e-01
1.124634660640166789e-01
1.125257209700892824e-01
1.125257209701512051e-01
1.125450613501044889e-01
1.125450613606066991e-01
1.126288116153903868e-01
1.126416703946692410e-01
1.127326033920919568e-01
1.127326034324288295e-01
1.127947691821721693e-01
1.129613765856594954e-01
1.129613765876868459e-01
1.131723661931147290e-01
1.133357889941172952e-01
1.133357890277230523e-01
1.135835295402121414e-01
1.136243185332617561e-01
1.137486018180091235e-01
1.137486025792787542e-01
1.139201263843744455e-01
1.139304377505816895e-01
1.140402628960178327e-01
1.140402628960688197e-01
1.140620655356079233e-01
1.141563672810878283e-01
1.142750334609380497e-01
1.142750334674166868e-01
1.144059415354970882e-01
1.144328841926685048e-01
1.144328841929929813e-01
1.144370854329706810e-01
1.144385087934684103e-01
1.144473784845705389e-01
1.145974772673078179e-01
1.145974772692102822e-01
1.146457350155577898e-01
1.146704113133934499e-01
1.146704113161785138e-01
1.147784407330357109e-01
1.147784408083675212e-01
1.148203224402772893e-01
1.148203252579125672e-01
1.148730039491512450e-01
1.149262209590397599e-01
1.149950578786301664e-01
1.149950578991159045e-01
1.151787000985107362e-01
1.151787000986370796e-01
1.153398469959654032e-01
1.153398469961056660e-01
1.153399164513741054e-01
1.153399164516902276e-01
1.157440336601203990e-01
1.159762032757259420e-01
1.160567253536173016e-01
1.160567253538477700e-01
1.161535370190430738e-01
1.161535370194247963e-01
1.163291281651718384e-01
1.163291286511000389e-01
1.163898058256839230e-01
1.165151393118241396e-01
1.166143394986768472e-01
1.166314527997821260e-01
1.166756292631035558e-01
1.166977930187013401e-01
1.166977930188070472e-01
1.167226220381302471e-01
1.167226220382433372e-01
1.167764227007010297e-01
1.167764227009913808e-01
1.168155189457518450e-01
1.168155192214463262e-01
1.168208631073603537e-01
1.168208631103152956e-01
1.169328117042805065e-01
1.169556509892671486e-01
1.170065661958267361e-01
1.170065661958909486e-01
1.171588068995450538e-01
1.171588068998737908e-01
1.172284598887211038e-01
1.172303137583053517e-01
1.174307557944065245e-01
1.174307559531604511e-01
1.179224690490134619e-01
1.179224690592752256e-01
1.179695986500691879e-01
1.179695986504699090e-01
1.180212895396006295e-01
1.180545521269856790e-01
1.181987794762220934e-01
1.182369867585326001e-01
1.182378034828966556e-01
1.182378035129974664e-01
1.183066775187986558e-01
1.183066780745628960e-01
1.183517254756101256e-01
1.183517255323118800e-01
1.185148642530397117e-01
1.185491755061399977e-01
1.185491755062136054e-01
1.186352408235648997e-01
1.188070536784884834e-01
1.188378977060440961e-01
1.188378984140476130e-01
1.189564896333087374e-01
1.189785301511746413e-01
1.189785301513225091e-01
1.194363435770508519e-01
1.194363435777500426e-01
1.194922824867848121e-01
1.195841335248324228e-01
1.196445837711673787e-01
1.199811189857402510e-01
1.200097412696466692e-01
1.200097412697826854e-01
1.200631022675597293e-01
1.200631025439039684e-01
1.200807621747681797e-01
1.204402874602250456e-01
1.204402874615460861e-01
1.206107322866720732e-01
1.206107327114231964e-01
1.206180733516364484e-01
1.206180856807488738e-01
1.207034807776894564e-01
1.209747848537484211e-01
1.210491699772657387e-01
1.210491699775131796e-01
1.211361766397163336e-01
1.211361768102073577e-01
1.212913722537481004e-01
1.212921951481734789e-01
1.212921981078423500e-01
1.214027160957076856e-01
1.214027160958314894e-01
1.214376449953569331e-01
1.214791563426658033e-01
1.214791563427921606e-01
1.216037567621120752e-01
1.216382129765904430e-01
1.216382135481188093e-01
1.216675848025636358e-01
1.216675848026511769e-01
1.216688704990079861e-01
1.219124387064274978e-01
1.220779515919169778e-01
1.220779522180696769e-01
1.221885849797263723e-01
1.221885849798888951e-01
1.224624172882220197e-01
1.224624175537655929e-01
1.227787139326553395e-01
1.227787139329185456e-01
1.228341240667665674e-01
1.228341240668118090e-01
1.229815323883720196e-01
1.229815327753429194e-01
1.230353720055083755e-01
1.230353720057391215e-01
1.230377812370778284e-01
1.230401733473090453e-01
1.231967880952154065e-01
1.233003192182927088e-01
1.233003192186991337e-01
1.233887427464491066e-01
1.234827597746931543e-01
1.234827597748882205e-01
1.235526000496320609e-01
1.236498792109024664e-01
1.236498796448526755e-01
1.238095819375079343e-01
1.239952869703371124e-01
1.239952869703786070e-01
1.240299982089790587e-01
1.240359917330298156e-01
1.242393736496550938e-01
1.242393736499124990e-01
1.243006046834609912e-01
1.243006046918141150e-01
1.243235310622991946e-01
1.243235310633193785e-01
1.243369350870967005e-01
1.243921136634915797e-01
1.243921136904342223e-01
1.245428519530737271e-01
1.247567723265911865e-01
1.247567723288093844e-01
1.247763783831688789e-01
1.249085321130782439e-01
1.249085321132705206e-01
1.249411050183316524e-01
1.249594031225578772e-01
1.249594031470789568e-01
1.251632856291531593e-01
1.251632856480217881e-01
1.251653433918688552e-01
1.251653433945046079e-01
1.254678307825874417e-01
1.254678309697138394e-01
1.257110137270540939e-01
1.257110137271716943e-01
1.257127730829057100e-01
1.257127733247923318e-01
1.258826902529691094e-01
1.258826902530145453e-01
1.258999520979108000e-01
1.259006551718023781e-01
1.259383018827116563e-01
1.259823525320602489e-01
1.259823525323240934e-01
1.260336393771883112e-01
1.260336393774755537e-01
1.260944052865842768e-01
1.260944054548852611e-01
1.263495670626812728e-01
1.263579382829579101e-01
1.264095971346134717e-01
1.264095971348341563e-01
1.264508151990635931e-01
1.264508151992157770e-01
1.266926100243206954e-01
1.268833859113056017e-01
1.268833859650745077e-01
1.269109995904165178e-01
1.269334090257963066e-01
1.270120979090239854e-01
1.270120979091611535e-01
1.270414945146323971e-01
1.270414945147433916e-01
1.272224650901381260e-01
1.272224650902248622e-01
1.274989618139796554e-01
1.274989620028799120e-01
1.275488795789706253e-01
1.275488795801728859e-01
1.275915681915592848e-01
1.277601347909781415e-01
1.277601347910446161e-01
1.278682677325747863e-01
1.278682677340897689e-01
1.280249508361744892e-01
1.280249508362957811e-01
1.280786726458973679e-01
1.280786726629365158e-01
1.281921238305021304e-01
1.283044214969651653e-01
1.283044220774630095e-01
1.284442854978058435e-01
1.284442854978849191e-01
1.284733475231084610e-01
1.284733475234127731e-01
1.286846073418513037e-01
1.286846073446345773e-01
1.287680129417237695e-01
1.287680129418143082e-01
1.287959712202637330e-01
1.288272615211514260e-01
1.288821039247454447e-01
1.288821039429141890e-01
1.288857569374462497e-01
1.288857569939239611e-01
1.290139505681633381e-01
1.290239625484252417e-01
1.290921223433357523e-01
1.290921240124328628e-01
1.290970028930402691e-01
1.292161051975953545e-01
1.292161051977247510e-01
1.293555360216492867e-01
1.294403848460979334e-01
1.294403849000513307e-01
1.295071536771716103e-01
1.295071537053112398e-01
1.295120594244293377e-01
1.295971882345841042e-01
1.296419914966413234e-01
1.296419914969553500e-01
1.297622786924993166e-01
1.297622786936889205e-01
1.298926249105053499e-01
1.300863022843979089e-01
1.300863022848659789e-01
1.302062367351846939e-01
1.303653512025229333e-01
1.303653512349000065e-01
1.303970885962003334e-01
1.303970885963801896e-01
1.303987036407615596e-01
1.304917537414710393e-01
1.305028649250926653e-01
1.305028652072742212e-01
1.307145174202128113e-01
1.307145174202268278e-01
1.308603341518049246e-01
1.311061488292172283e-01
1.311084971958653145e-01
1.311618353932231806e-01
1.311618356255019324e-01
1.311692779553114141e-01
1.311692779554289312e-01
1.312098689874274804e-01
1.312098689879461211e-01
1.312900839060931468e-01
1.313214752818266662e-01
1.313214752848720634e-01
1.314088205741034687e-01
1.314619186223535963e-01
1.314860959821962660e-01
1.314860963385798553e-01
1.316093429749810029e-01
1.316093429751355459e-01
1.317074336037613036e-01
1.317074336089766873e-01
1.318295444446380971e-01
1.319337648099042637e-01
1.320707552854633315e-01
1.320707552855160394e-01
1.320885665504022699e-01
1.321970722527412712e-01
1.323061999252508891e-01
1.323608436842929337e-01
1.323608436845414571e-01
1.324516319657300101e-01
1.324516320138827696e-01
1.324819510804933487e-01
1.325335163302853170e-01
1.325335163303265340e-01
1.326527825330035271e-01
1.326527825654162662e-01
1.327822260182031922e-01
1.328477260153800854e-01
1.328477260156484818e-01
1.330365352488399044e-01
1.331607648606625560e-01
1.331607649431894302e-01
1.331706678976851410e-01
1.332109226516367539e-01
1.332109226697844873e-01
1.333224609809366412e-01
1.333224609809961492e-01
1.333423196426305468e-01
1.333619718172447954e-01
1.333619727946324107e-01
1.334549424449318622e-01
1.334549424451091371e-01
1.336873241267300394e-01
1.337039316562264879e-01
1.337584612527452088e-01
1.337584614656770199e-01
1.338443834328128801e-01
1.339064586462166695e-01
1.339064586462874462e-01
1.342877915028564684e-01
1.342877919068846126e-01
1.345091208599946686e-01
1.345091208603639565e-01
1.346182187641241368e-01
1.346182223845880932e-01
1.346502250319807359e-01
1.348202276207789985e-01
1.348202279264530123e-01
1.348829698489231732e-01
1.348899736172301522e-01
1.348935314263067231e-01
1.348935314263806917e-01
1.351294444576658371e-01
1.351294467336523752e-01
1.352288387593976460e-01
1.352288387594742791e-01
1.352897634501556978e-01
1.352897635089317652e-01
1.352988854512701400e-01
1.352988854655378936e-01
1.354882828921328275e-01
1.355410081836427028e-01
1.356151034084703555e-01
1.356548686930987291e-01
1.357894604576123099e-01
1.357894604577188635e-01
1.358791896850191361e-01
1.358791897736522647e-01
1.359428696012980331e-01
1.359428699867598622e-01
1.361323915205552015e-01
1.361671916060034626e-01
1.361690429813602610e-01
1.361690429814879644e-01
1.361849368152769912e-01
1.362292030025970269e-01
1.365257805829638293e-01
1.365257808035578169e-01
1.365849875263908664e-01
1.366079649876752455e-01
1.366079649878290947e-01
1.366592306034802862e-01
1.367097979437106314e-01
1.367097991920950550e-01
1.367492695315551121e-01
1.367492695317644724e-01
1.370331751797544129e-01
1.370331752053514374e-01
1.371528581062123053e-01
1.371528581151603976e-01
1.371958026272279696e-01
1.371958026273558673e-01
1.372798068493757684e-01
1.372798068496361712e-01
1.372819928925787247e-01
1.373096624282591216e-01
1.373096624305707725e-01
1.375543307778228086e-01
1.376407715764329798e-01
1.376407715767061224e-01
1.376428773961512475e-01
1.376428774717394776e-01
1.377432314264816215e-01
1.378388233455658807e-01
1.378388233497477855e-01
1.378504149382694943e-01
1.378504151077007134e-01
1.380524149344396490e-01
1.380524149345729867e-01
1.381426077600556301e-01
1.381426079738492241e-01
1.381427928846939990e-01
1.383477683774287925e-01
1.383691685523378012e-01
1.383691686096008011e-01
1.384396570240345459e-01
1.384396570281618832e-01
1.385805054388241364e-01
1.385805054398206448e-01
1.386001950860940579e-01
1.386001950865745902e-01
1.386269229693152527e-01
1.386652690598356163e-01
1.386652690773248209e-01
1.387610893546262492e-01
1.387610893612291896e-01
1.388341592645603306e-01
1.388704220986892723e-01
1.389711110123434956e-01
1.389711110256858506e-01
1.390380757217221097e-01
1.390728853212298832e-01
1.395254404833038142e-01
1.395341394339369157e-01
1.395341394385376799e-01
1.397260725549495652e-01
1.397260725551642269e-01
1.397344051472851345e-01
1.397344051657160025e-01
1.397953419340525472e-01
1.398865639159324881e-01
1.399004625736418317e-01
1.399115777733660471e-01
1.399115778228294527e-01
1.399301675723617633e-01
1.399301675724953231e-01
1.400531186252967353e-01
1.400531186362950486e-01
1.401633048362820877e-01
1.401633048438420681e-01
1.402016423778170151e-01
1.402080062873812538e-01
1.402080062964904117e-01
1.403207910666387226e-01
1.405007194587616914e-01
1.405451328180758186e-01
1.405451328181785697e-01
1.405783358078538103e-01
1.405783364505432120e-01
1.407099788065713508e-01
1.407099792966997887e-01
1.407542952208409304e-01
1.407542952417727977e-01
1.407596771605147401e-01
1.407784819651237695e-01
1.410258629357337978e-01
1.410836926238949462e-01
1.410836926290831850e-01
1.410929087235129331e-01
1.411797391457423334e-01
1.411797391458016193e-01
1.412515552147876607e-01
1.412515552150452880e-01
1.412617499379776598e-01
1.412617500338426979e-01
1.412779490378497371e-01
1.412779490420553452e-01
1.414762280448384202e-01
1.414762280485142576e-01
1.416130092847645572e-01
1.416283087671708629e-01
1.416283087694715226e-01
1.416854564741913125e-01
1.416854565100923447e-01
1.417752818136170379e-01
1.419433106426023217e-01
1.420342428926012757e-01
1.420342428928586531e-01
1.422131425490396339e-01
1.422131426534422038e-01
1.422908227219445432e-01
1.422908227340188014e-01
1.423736462936037450e-01
1.423736462968727967e-01
1.425160889866086411e-01
1.426105127233292802e-01
1.426105127562062591e-01
1.426902114258126186e-01
1.428243925251697910e-01
1.428243925253372404e-01
1.428836155602854208e-01
1.428836155776712913e-01
1.429248988053258007e-01
1.429248993415219993e-01
1.429360238889123835e-01
1.429360238916514980e-01
1.430139773850941654e-01
1.430868540257139443e-01
1.430868542197053506e-01
1.431835665608290897e-01
1.432200979184162504e-01
1.434229179329059300e-01
1.434229180204283360e-01
1.434242630041052680e-01
1.434308325771506409e-01
1.434308329750230981e-01
1.434391920796910525e-01
1.434391920799159836e-01
1.434690522902673793e-01
1.434990833010626465e-01
1.434990833017641965e-01
1.438703899893864213e-01
1.440512648892594283e-01
1.440512648894329562e-01
1.441188470405222188e-01
1.441188474821755994e-01
1.441489168802235765e-01
1.441489168820276612e-01
1.442612646524775444e-01
1.442612660529666024e-01
1.442785833775356297e-01
1.442785833775566406e-01
1.442911248148447123e-01
1.442911248919828970e-01
1.442968454220495689e-01
1.443346689996790888e-01
1.444241953230093189e-01
1.444241953473035245e-01
1.447582757892238170e-01
1.448104377614071736e-01
1.448104385529236648e-01
1.448453588693274507e-01
1.448453588694980920e-01
1.448794076196469327e-01
1.448794078103125826e-01
1.448910120059068996e-01
1.449294151799024322e-01
1.450579597755482231e-01
1.450984677824600777e-01
1.450984680324617082e-01
1.451499668508285934e-01
1.451771652992854267e-01
1.451771658593263847e-01
1.452917395198331241e-01
1.452917395198708161e-01
1.453560205154705576e-01
1.453560205448496678e-01
1.454214063086458064e-01
1.454214063088090925e-01
1.455318532531943432e-01
1.455318532566130807e-01
1.455356581048125042e-01
1.455356583102536405e-01
1.456172043105711245e-01
1.456172043121458926e-01
1.457243928292225876e-01
1.457243928294358615e-01
1.458846957579648385e-01
1.458846992438805057e-01
1.459162219070793132e-01
1.460395877382953678e-01
1.460395877745838955e-01
1.460508758630122417e-01
1.461063981334920769e-01
1.461953765065404087e-01
1.462510240889607904e-01
1.462510241040144154e-01
1.462535635772044540e-01
1.463497097442881811e-01
1.464307579957050409e-01
1.464307580373248041e-01
1.465595249332132533e-01
1.465595249335025219e-01
1.466308843027243070e-01
1.466308845238759595e-01
1.467799367060022842e-01
1.467799368231477442e-01
1.468812702362951861e-01
1.468812703420918631e-01
1.469168776896016271e-01
1.469168776902843587e-01
1.469256802581380694e-01
1.469256802581846710e-01
1.471401888327092677e-01
1.471435266881429837e-01
1.472931892573503820e-01
1.472931892596342773e-01
1.473222621956600809e-01
1.473222623492345673e-01
1.474488160429256733e-01
1.475101459683303418e-01
1.475101459685149996e-01
1.475113208451122038e-01
1.475113208456958203e-01
1.475327705577994808e-01
1.475343980503128760e-01
1.476949724677656672e-01
1.476960043987720628e-01
1.476960043990264704e-01
1.477392451780862315e-01
1.477392451882806323e-01
1.477894734019537526e-01
1.477894735860067199e-01
1.478062995683870062e-01
1.480056107414172151e-01
1.480288625738645780e-01
1.480288625739333563e-01
1.481072826856152380e-01
1.482728416857809484e-01
1.482728416859543652e-01
1.482855099289646650e-01
1.482855099295851131e-01
1.485212088322703239e-01
1.485212088842301492e-01
1.485288126570435685e-01
1.485288127477319420e-01
1.487669323561843782e-01
1.487669325486485061e-01
1.487877136356365870e-01
1.487877138974418589e-01
1.488510001514034009e-01
1.488510001983985587e-01
1.488593951942011606e-01
1.488593951942424054e-01
1.489483063474977553e-01
1.489483064410676572e-01
1.489550534593789277e-01
1.489550536612130327e-01
1.490605429515054758e-01
1.490605429515902414e-01
1.490748574411942806e-01
1.491540104817296875e-01
1.493608512922768861e-01
1.493691815234396703e-01
1.493691815255798472e-01
1.494082224212150700e-01
1.495681065856538927e-01
1.495757981921796709e-01
1.495758346351707124e-01
1.499359850363475855e-01
1.499761924211391872e-01
1.500803885273355176e-01
1.500803885385263436e-01
1.501572885707683491e-01
1.501572885708054861e-01
1.501592169575676206e-01
1.501592170073970944e-01
1.501834704942401899e-01
1.504074174413374265e-01
1.504074174490622751e-01
1.504548649247705039e-01
1.504548649248837189e-01
1.505054284342589865e-01
1.505054284988070756e-01
1.506266594708866036e-01
1.506652755104311570e-01
1.506652762652578026e-01
1.507986700759461618e-01
1.507986701055073486e-01
1.508075876250605518e-01
1.508075876252852332e-01
1.508766239839217094e-01
1.511538076161383637e-01
1.511538081576272452e-01
1.511660260730494365e-01
1.512921292161926168e-01
1.512921292196375000e-01
1.512930380312657308e-01
1.512930380313889933e-01
1.513661632483162822e-01
1.513661632495760800e-01
1.513751303581371555e-01
1.513751303582064611e-01
1.514542042905070440e-01
1.514893769337498919e-01
1.514893769339044072e-01
1.515096054444377838e-01
1.515450317251545720e-01
1.515450317397935287e-01
1.516436301710144541e-01
1.516436301711257262e-01
1.516752759113750293e-01
1.517573952363526490e-01
1.517999643018678735e-01
1.517999643148341682e-01
1.518631087875007002e-01
1.518631093629112527e-01
1.519601024986191873e-01
1.520433665176153248e-01
1.520702783998763852e-01
1.520702787855073568e-01
1.520970536769538917e-01
1.520970536775893278e-01
1.522740110132649871e-01
1.522740110133636859e-01
1.523598584767916209e-01
1.523598585454906673e-01
1.524280377916195084e-01
1.524280378808675340e-01
1.524309737596245273e-01
1.524373844179721382e-01
1.524620613450602957e-01
1.524620613787146250e-01
1.525170336391425407e-01
1.526173108196982320e-01
1.526173108198173867e-01
1.527201045694076276e-01
1.528200120296340780e-01
1.528200120297843467e-01
1.528829224839799716e-01
1.528829224971385015e-01
1.529670889950543178e-01
1.530600389835085340e-01
1.531269607725666004e-01
1.533620056582035429e-01
1.534669057990173668e-01
1.534669057991040197e-01
1.534787290230121004e-01
1.534787294577532046e-01
1.535008440797969165e-01
1.536161039508732451e-01
1.537417734756784393e-01
1.537417738305728587e-01
1.539739257340273226e-01
1.539739258910680919e-01
1.540823832625120848e-01
1.540823832923800818e-01
1.541966971775146356e-01
1.542131478299720027e-01
1.542131478300791392e-01
1.542462614339922267e-01
1.544655489589116804e-01
1.544669522811647766e-01
1.544669522813161555e-01
1.545370472498693304e-01
1.546784404537064894e-01
1.546784404538810997e-01
1.546859903714531692e-01
1.546859904009794673e-01
1.548282595622271773e-01
1.548282595632489156e-01
1.549007712574402840e-01
1.549412936606583968e-01
1.549412938800069084e-01
1.549436121891939744e-01
1.550181660820509622e-01
1.550181664181584373e-01
1.550434268818166317e-01
1.550434268907111002e-01
1.550912827999403609e-01
1.552119213188029312e-01
1.554256458896203508e-01
1.554327708559336274e-01
1.554459765880552014e-01
1.554459765882409694e-01
1.554830262080688086e-01
1.554830265442568582e-01
1.554874941873872485e-01
1.555061345442086962e-01
1.557029059184769082e-01
1.557170208813024037e-01
1.557170209261569682e-01
1.559131387569714644e-01
1.559131387570607263e-01
1.560819354609102594e-01
1.561027469583093907e-01
1.561027470248904647e-01
1.562078211340401368e-01
1.562078211343023992e-01
1.562307298185594273e-01
1.562307298196473626e-01
1.564618734712028836e-01
1.564618734712728831e-01
1.565779279530871149e-01
1.566404061582164775e-01
1.566404063708114469e-01
1.566668998050921024e-01
1.568857935627481770e-01
1.568857938391809981e-01
1.569812455188992761e-01
1.569943359437850627e-01
1.570299537090365793e-01
1.570299537441217919e-01
1.570305572350167433e-01
1.570305572359061153e-01
1.570497352625431775e-01
1.570497358271834010e-01
1.571528481132645483e-01
1.571885984918084400e-01
1.571885984919143275e-01
1.572385587023862885e-01
1.572385587394215800e-01
1.573530885827625070e-01
1.573530885829478587e-01
1.574757136804025848e-01
1.574757149254762123e-01
1.576032017005266350e-01
1.576032017006266661e-01
1.576276373999653813e-01
1.577892280810838377e-01
1.577892287191032528e-01
1.579353460155287214e-01
1.579353460163266942e-01
1.579898913354004508e-01
1.579898913355443635e-01
1.580155239328430161e-01
1.580488163721346928e-01
1.581721770576631769e-01
1.582765552231700790e-01
1.582870693328894407e-01
1.582870694034742842e-01
1.582999483553626519e-01
1.582999483630395110e-01
1.583496591017116706e-01
1.583496591017536093e-01
1.584954520549623769e-01
1.585733841627931795e-01
1.585733843154570055e-01
1.586348288121873507e-01
1.586348288815681018e-01
1.587080430938400677e-01
1.587080430947695742e-01
1.587493983847428625e-01
1.588784838077064443e-01
1.589195725024764028e-01
1.589195725026048556e-01
1.590431567757158160e-01
1.590431568560742581e-01
1.591771563636634468e-01
1.591771563638313403e-01
1.592771019324838722e-01
1.592771019349144002e-01
1.593862565190898861e-01
1.593862565192203928e-01
1.595464615265979325e-01
1.595464615439382283e-01
1.595512510143160811e-01
1.596406885422233246e-01
1.596406885720825231e-01
1.598248209625339200e-01
1.598248209626581540e-01
1.599803829254999310e-01
1.600218868493518409e-01
1.600218872833084616e-01
1.600332369436420765e-01
1.600392799253447518e-01
1.600472981382657089e-01
1.600472981383930238e-01
1.602501523164093500e-01
1.602501523167461084e-01
1.603130426466301273e-01
1.603130426467235248e-01
1.603293954801483512e-01
1.603293954822250789e-01
1.604923357326883682e-01
1.604923357759899805e-01
1.605360876343224774e-01
1.605360876344494869e-01
1.605588113087607349e-01
1.605588113577205711e-01
1.606122314529040418e-01
1.606124320666026950e-01
1.606531791426385747e-01
1.606826449581655603e-01
1.606826449664043865e-01
1.607663125647602886e-01
1.607663126711500468e-01
1.609176718344103030e-01
1.609412937523896081e-01
1.609412938624666389e-01
1.609804253206325864e-01
1.609804255589041277e-01
1.610425837493084655e-01
1.611430888364887570e-01
1.611430889740133043e-01
1.612112010581345789e-01
1.612112022302883974e-01
1.612736725382450664e-01
1.612736725396900495e-01
1.612749711805188668e-01
1.612921034567062206e-01
1.612921034569050616e-01
1.615846891452515366e-01
1.617206918227241108e-01
1.617746815972967989e-01
1.617746819222515287e-01
1.617804881142355655e-01
1.617830025974630881e-01
1.617830026564074652e-01
1.618473216938941528e-01
1.618473216940526926e-01
1.621818025316746903e-01
1.621818025320245771e-01
1.622309632868193796e-01
1.622309636365430185e-01
1.623171798421619849e-01
1.623171798809379673e-01
1.623643254330917052e-01
1.623710779546430338e-01
1.623828238561527693e-01
1.624030010109640265e-01
1.624030027712957958e-01
1.624598093430511814e-01
1.624598093960587519e-01
1.624837785784262467e-01
1.625985566155555007e-01
1.626349904280496306e-01
1.626349904283211079e-01
1.628311777859111908e-01
1.628311777928812265e-01
1.628652826902855233e-01
1.628652826905046258e-01
1.629366388652293829e-01
1.629810195946909401e-01
1.629810195948277196e-01
1.630253616978233899e-01
1.630253617643138975e-01
1.631141309054890964e-01
1.633043970028013325e-01
1.633043970031046455e-01
1.633398090751938259e-01
1.633581714874045299e-01
1.633581714874957902e-01
1.633982775741812665e-01
1.633982776631976719e-01
1.634402706422912188e-01
1.634402718416072264e-01
1.634782842684945892e-01
1.635185885280023843e-01
1.635185885282023355e-01
1.635768238244386941e-01
1.635768240413277841e-01
1.636198582848825966e-01
1.636338656510629985e-01
1.636338656561106830e-01
1.639575246105672290e-01
1.639575256321547381e-01
1.640975735205256747e-01
1.642292603933585837e-01
1.642292603952239527e-01
1.642829860196739489e-01
1.643438249118882311e-01
1.643438249393404105e-01
1.644393257723833213e-01
1.644393257726651514e-01
1.644732232776217051e-01
1.645785966861565419e-01
1.645785968342456107e-01
1.645907446582416667e-01
1.645907465338473930e-01
1.646605720458558519e-01
1.647745974646151745e-01
1.647745977294685360e-01
1.648020625994770783e-01
1.648821032189479729e-01
1.648913624273025125e-01
1.648913624316391546e-01
1.649684362906047308e-01
1.650284976353158795e-01
1.650311393020889583e-01
1.650311393022065864e-01
1.650559301431253900e-01
1.650559303417444279e-01
1.651438054767790098e-01
1.652332751083263884e-01
1.652332751542000822e-01
1.653810350487021630e-01
1.653810352773004699e-01
1.654295458574120692e-01
1.654295458575940625e-01
1.654460218585235287e-01
1.655421108592211865e-01
1.655421108611908887e-01
1.655665662944476313e-01
1.655771651945966982e-01
1.655771652320434106e-01
1.657258273481455046e-01
1.657258273484808475e-01
1.657757419320623204e-01
1.657757419321252701e-01
1.658127826517469816e-01
1.658422045570899228e-01
1.659113918583099145e-01
1.659113938661160303e-01
1.659444451358340067e-01
1.659444452055816033e-01
1.659528212334623332e-01
1.659528212335197594e-01
1.661285976118887786e-01
1.661285977889353505e-01
1.661368765356192045e-01
1.663819687715882567e-01
1.663819687723357699e-01
1.664580248167810694e-01
1.664580248272002905e-01
1.664859778237554877e-01
1.665058919573522977e-01
1.665058939787236181e-01
1.665437827566474682e-01
1.665437827573553187e-01
1.665653166712108835e-01
1.666531821489730114e-01
1.666531824093449299e-01
1.668237498897146009e-01
1.668237498922378603e-01
1.668452480305120389e-01
1.668656104539689711e-01
1.668656104923670058e-01
1.669006237800986225e-01
1.669847942147623665e-01
1.669847943253331135e-01
1.669874546971948648e-01
1.669874546972344442e-01
1.670083626547335942e-01
1.671381138046112158e-01
1.674958719600413148e-01
1.674958719610539215e-01
1.675610499762210104e-01
1.675610499764347283e-01
1.676221793446430186e-01
1.677025097650921559e-01
1.677025103122876948e-01
1.677145645323381007e-01
1.679706086183717084e-01
1.679706086193083203e-01
1.680988839641661958e-01
1.680988839643489385e-01
1.682752468598436302e-01
1.682869461279568046e-01
1.683114392118616742e-01
1.683114393128176955e-01
1.683605961839178544e-01
1.683605961840908549e-01
1.683722741216355512e-01
1.683722741316473759e-01
1.684335097498837475e-01
1.684335098350343285e-01
1.684340626585892620e-01
1.684340626588416989e-01
1.684709660625662575e-01
1.687018847356005491e-01
1.687018847362563856e-01
1.688266633742820932e-01
1.688266634410077460e-01
1.688538561489782430e-01
1.689006263626465498e-01
1.689006266345253193e-01
1.689119351484679732e-01
1.689119351494883514e-01
1.689380103288096180e-01
1.691764422188502537e-01
1.691989560566460882e-01
1.691989571489836697e-01
1.692661398714145615e-01
1.692661398732740186e-01
1.693639991798859823e-01
1.693639991799992806e-01
1.693660497425928391e-01
1.696104238819853560e-01
1.696149814610956319e-01
1.696149814611900841e-01
1.696425196047080808e-01
1.696425200833877045e-01
1.696558500574942285e-01
1.698413787902684213e-01
1.698413788029772831e-01
1.698757466485733281e-01
1.699032208199284244e-01
1.699032209462694454e-01
1.699603101402093752e-01
1.699759730734258789e-01
1.699759730734583529e-01
1.699801320856345888e-01
1.699801320885304667e-01
1.699934881964249855e-01
1.700798023918860813e-01
1.700976455276825561e-01
1.700976455278013499e-01
1.704380372506661967e-01
1.704380373278012728e-01
1.704406340947134113e-01
1.706342546548625383e-01
1.706342546549519668e-01
1.708088031808357998e-01
1.708088032879347684e-01
1.709101653201396676e-01
1.710133971131136132e-01
1.710133971132183350e-01
1.710569813545654849e-01
1.710569813807422401e-01
1.711401683842383725e-01
1.711401684345149055e-01
1.712233207296020854e-01
1.712233207998549167e-01
1.713880278073929564e-01
1.714220551437299622e-01
1.714220551438688511e-01
1.715228228762703810e-01
1.715958883190220330e-01
1.715958883191155138e-01
1.716728985819367115e-01
1.716938270491973340e-01
1.716938270499468455e-01
1.717756496389334642e-01
1.718056363152415111e-01
1.720201496149827147e-01
1.720201497288074699e-01
1.720775198133321915e-01
1.720986680241274325e-01
1.720986680246469058e-01
1.721415227944284310e-01
1.721415228149000554e-01
1.721689851486035427e-01
1.722696619459780643e-01
1.722696619461103473e-01
1.722706335441515635e-01
1.722706338845933771e-01
1.723399989529892373e-01
1.725205122585990181e-01
1.725423401256248879e-01
1.725423401258568412e-01
1.726013996189282029e-01
1.726014000612750288e-01
1.727094056835179192e-01
1.727094060740652914e-01
1.727699723153198197e-01
1.727699723156985168e-01
1.728527328885567371e-01
1.728527329958302050e-01
1.728778353314709970e-01
1.728778364882418428e-01
1.729565107571226501e-01
1.729565110842113118e-01
1.729843329596073009e-01
1.729843329597312851e-01
1.730257917450287730e-01
1.730815097930010205e-01
1.731329836250036225e-01
1.731329838381263642e-01
1.731510466590280850e-01
1.733424797871912226e-01
1.733424797981038823e-01
1.734214479325162372e-01
1.735132205050644583e-01
1.735639126407067523e-01
1.735639126407566291e-01
1.735689610346777545e-01
1.735689610671284633e-01
1.736634857413096034e-01
1.736634858627552902e-01
1.737503139656876305e-01
1.738829121042647363e-01
1.738829121044245807e-01
1.739161456173119180e-01
1.739161456380134141e-01
1.740718253624726208e-01
1.740718256333796399e-01
1.740822927870959991e-01
1.740822927891590988e-01
1.741615335747269955e-01
1.741615336154833937e-01
1.741967310627815790e-01
1.741967310710318684e-01
1.742446427043863322e-01
1.745069174176918092e-01
1.745069178655864472e-01
1.745135437268204859e-01
1.745135437270116385e-01
1.745721177407946467e-01
1.746410474788833156e-01
1.746410476457098404e-01
1.747928946847218390e-01
1.747928954434611326e-01
1.748626832244009610e-01
1.748806423692080558e-01
1.749203372553708447e-01
1.749203372555774294e-01
1.749531479581235283e-01
1.749531479960250990e-01
1.751539893244258017e-01
1.751539893244766499e-01
1.753247517062214988e-01
1.754307420012744534e-01
1.754307420051445798e-01
1.754363494664357703e-01
1.754645990549656420e-01
1.754645990674818246e-01
1.755145932778973128e-01
1.755145932782946339e-01
1.755976927590038039e-01
1.755976927592243775e-01
1.756069299770244008e-01
1.756069300024948876e-01
1.757168547099758615e-01
1.757168547101704836e-01
1.757916754708968854e-01
1.758488212189275313e-01
1.758488213385234755e-01
1.761867409599278678e-01
1.761867409656944772e-01
1.762208849194275839e-01
1.762208853671564657e-01
1.762232966636474718e-01
1.762232966639259990e-01
1.762380243024698201e-01
1.762380243026316073e-01
1.763577348485160790e-01
1.765128130362557946e-01
1.765128130840721565e-01
1.765290182222810089e-01
1.765290182223355209e-01
1.765292958576406834e-01
1.765292959032330744e-01
1.766493556316204583e-01
1.766493559082406017e-01
1.766574313813930597e-01
1.768013103990009605e-01
1.768013103993054114e-01
1.769743550862081516e-01
1.769743552781277707e-01
1.769925493212120837e-01
1.770912477210249969e-01
1.770919055156622846e-01
1.770919055165849076e-01
1.771368409442841407e-01
1.771368440364181340e-01
1.772105227151337947e-01
1.772105227154379403e-01
1.773375242785110439e-01
1.773375245653848464e-01
1.773553428574751734e-01
1.773553428579980051e-01
1.776801013203241353e-01
1.776801013808363416e-01
1.777017098987578314e-01
1.777414406656880330e-01
1.778977004487702629e-01
1.781131335540625249e-01
1.781131335544798855e-01
1.781252849863855237e-01
1.782142679390357198e-01
1.782142684076127859e-01
1.782998323433356569e-01
1.783061829945327414e-01
1.783061830730475472e-01
1.783442310016916110e-01
1.783600550561026399e-01
1.783813657007804199e-01
1.783813657015316245e-01
1.785681862254393792e-01
1.785681862785281349e-01
1.785737546210976190e-01
1.785737547510120871e-01
1.786484393605119458e-01
1.786484393707715446e-01
1.788228588912466610e-01
1.789431361854518510e-01
1.789431361856554936e-01
1.789438471386513574e-01
1.789438473827775211e-01
1.790081906152586333e-01
1.790334981784280355e-01
1.790334988306705732e-01
1.790455772861679340e-01
1.792375822696251342e-01
1.792375822699128762e-01
1.792652433610417706e-01
1.792652434169974274e-01
1.792894471713549209e-01
1.792894472244716819e-01
1.793950145232628135e-01
1.793950145234205762e-01
1.794752963843240234e-01
1.794752963844097604e-01
1.795346472633256862e-01
1.795393223517743886e-01
1.796355967005375531e-01
1.797136822948582069e-01
1.797136822952576374e-01
1.798530905575901062e-01
1.798530905978301397e-01
1.798719610374444333e-01
1.798719610847488160e-01
1.799761385600927022e-01
1.799761385604624619e-01
1.800805250772195554e-01
1.801489035475257183e-01
1.801489035481254053e-01
1.801572572886068757e-01
1.801572572958797802e-01
1.802460200099054444e-01
1.802780229715431615e-01
1.802780229724497973e-01
1.803719486011803042e-01
1.804634717010440981e-01
1.804634717154616486e-01
1.804841172139193539e-01
1.807190272238473061e-01
1.807190272241740170e-01
1.808225720518573110e-01
1.808225720520241497e-01
1.809947227056470931e-01
1.809947231739429396e-01
1.810007775729850499e-01
1.810276655595019768e-01
1.810276655600851492e-01
1.812237782868301172e-01
1.812237784139523189e-01
1.812370640158646184e-01
1.812786342193841160e-01
1.812786342195001621e-01
1.814473199658791225e-01
1.814473206933655824e-01
1.814549557039965288e-01
1.815324804828318261e-01
1.815324805941209152e-01
1.815557442968312729e-01
1.815557443432785079e-01
1.816610185136896816e-01
1.817412089532287056e-01
1.817412089535508646e-01
1.818255465731737630e-01
1.818784221362975129e-01
1.818784221694097480e-01
1.819422986700257039e-01
1.819895807138911525e-01
1.819895807276398492e-01
1.820854849229883166e-01
1.820881421818236756e-01
1.820881421819375290e-01
1.820948269501019290e-01
1.821316002121728950e-01
1.823242549303190352e-01
1.823242549303839000e-01
1.824148071928307357e-01
1.824148072495309081e-01
1.825996424971590981e-01
1.825996425025596392e-01
1.827306842116363517e-01
1.827353325563262354e-01
1.827353325570315046e-01
1.829922461520397392e-01
1.829922461564830738e-01
1.830091704118924911e-01
1.830091704194692637e-01
1.830410143973553172e-01
1.830977120268009462e-01
1.830977122813433888e-01
1.831041456803759460e-01
1.831397409815105348e-01
1.831397409816313548e-01
1.833945157466252140e-01
1.833945157472173515e-01
1.835406010273912258e-01
1.838920553014979642e-01
1.838936319698390442e-01
1.839040261640112750e-01
1.839040261709289914e-01
1.840404134803537151e-01
1.840404134806062630e-01
1.840989982996920626e-01
1.840989983162442112e-01
1.841063384841702399e-01
1.841063384920416379e-01
1.841810986283347051e-01
1.842040104025359504e-01
1.842040104026521630e-01
1.843738185776395699e-01
1.843738185786153727e-01
1.843878852656792855e-01
1.843878857928267223e-01
1.845270273792759541e-01
1.845270273838492403e-01
1.845645100774267744e-01
1.845645102168324558e-01
1.845969196142040747e-01
1.845969196148506963e-01
1.846026289662943132e-01
1.846310635577025072e-01
1.846310635722778204e-01
1.846912540787055135e-01
1.846912540800043911e-01
1.848226039127374432e-01
1.850328563930349335e-01
1.850328563947361560e-01
1.851068477144166835e-01
1.851068477146439184e-01
1.851516698977108966e-01
1.851710101762140959e-01
1.852539846291563486e-01
1.855176586133796823e-01
1.855176586135059980e-01
1.856856300362289547e-01
1.856856300364312928e-01
1.858352380908595836e-01
1.858352380911128809e-01
1.858938299099451019e-01
1.858938299200477151e-01
1.861143711243626597e-01
1.861143711762022201e-01
1.861594491415252683e-01
1.861594503273787116e-01
1.861919999279187388e-01
1.862410262758785462e-01
1.862410263855922565e-01
1.864211980705018090e-01
1.864211980706361460e-01
1.864226493987899969e-01
1.864226495450081733e-01
1.864945215178971383e-01
1.864945251121487846e-01
1.865401042040666646e-01
1.867113301562026706e-01
1.867282903188594856e-01
1.867450191691357453e-01
1.868394738150498946e-01
1.869536829044833037e-01
1.869536829047255544e-01
1.870886333587439554e-01
1.871219914249988847e-01
1.871219916692546115e-01
1.871643122578689755e-01
1.871846276570434675e-01
1.871846276594323899e-01
1.872162957443188058e-01
1.872162959102055269e-01
1.872691566207622393e-01
1.873595825618470934e-01
1.873613770441151516e-01
1.874115410359022682e-01
1.874115410360698009e-01
1.875192780259592462e-01
1.877298748461552202e-01
1.877298749898048957e-01
1.878008926462227390e-01
1.878352035870109182e-01
1.878352035873778747e-01
1.878564442023676062e-01
1.878564442026265935e-01
1.880309865647252221e-01
1.880309865771483402e-01
1.881190729191341282e-01
1.881933420445956184e-01
1.881933420476690211e-01
1.882765609469580770e-01
1.883524419163460917e-01
1.883524419164176733e-01
1.885044352362164055e-01
1.885044352363439979e-01
1.885218529503935314e-01
1.885959416343392925e-01
1.885959418881437699e-01
1.887364363776080356e-01
1.887364363812329970e-01
1.888326912653683909e-01
1.888326912656967949e-01
1.889146447250197591e-01
1.889515376734276220e-01
1.890053429795527096e-01
1.890053429837034171e-01
1.891091880761786026e-01
1.891477507245329093e-01
1.892685037873997611e-01
1.893053088543985574e-01
1.893053088544970342e-01
1.893636150927662798e-01
1.894070874790967640e-01
1.894070874795136805e-01
1.896452636742217979e-01
1.896452636781689460e-01
1.897649693667059767e-01
1.898548920341483204e-01
1.900207520033297959e-01
1.900207520034953579e-01
1.902074204944163294e-01
1.902074217536231515e-01
1.902617316433290739e-01
1.902617316510530066e-01
1.903034185183684057e-01
1.903034185185594751e-01
1.903809065235113063e-01
1.903809080307215240e-01
1.904557133217495146e-01
1.904557133226054688e-01
1.905709173779677468e-01
1.906101447353290290e-01
1.906363802618374625e-01
1.906363802645372196e-01
1.906670751825318977e-01
1.906853013383936479e-01
1.906853013385620410e-01
1.907353728448581698e-01
1.907353741890879806e-01
1.908350740539995483e-01
1.908350740540618595e-01
1.909136247449280677e-01
1.909136247767630745e-01
1.909918650331988710e-01
1.912761719121361392e-01
1.913229904728471209e-01
1.913229904729063235e-01
1.913646876998654767e-01
1.914122652042950790e-01
1.914581094141265538e-01
1.914736178686264612e-01
1.914736178763806473e-01
1.917632985868035767e-01
1.917632987904785702e-01
1.918492982642371891e-01
1.918492982645356726e-01
1.919135339903332016e-01
1.919135339922978245e-01
1.919175309798760165e-01
1.919369362876055529e-01
1.919369363749827417e-01
1.919810048754809206e-01
1.920225502130438466e-01
1.920225502131026329e-01
1.921693391243861904e-01
1.922226509400523364e-01
1.923031791224115439e-01
1.923031791361031750e-01
1.923110367859558467e-01
1.923110367861121939e-01
1.924080912408757671e-01
1.925175484117908342e-01
1.925175484120155156e-01
1.925917008203713865e-01
1.925917008241835870e-01
1.926353939814421101e-01
1.929807130946783189e-01
1.930232978910888797e-01
1.931081576749729134e-01
1.931189430275631613e-01
1.931189430276611663e-01
1.931216830274322116e-01
1.931216832873219880e-01
1.932277250580790307e-01
1.932277250581838357e-01
1.934776599395422736e-01
1.934776599396063890e-01
1.936752384494052071e-01
1.936752385201864768e-01
1.937912425112562620e-01
1.937912425306792807e-01
1.938155410443897775e-01
1.938155410457088890e-01
1.938179265828706976e-01
1.938179265832814802e-01
1.940264746846924182e-01
1.940381290059080555e-01
1.941043886321158485e-01
1.941043886350377057e-01
1.941197010331944806e-01
1.941197010336999373e-01
1.941978627914031641e-01
1.942357672366276933e-01
1.942357672366892829e-01
1.943370669231128944e-01
1.943370669288711217e-01
1.944806666904489723e-01
1.944806679444879005e-01
1.945909247329284664e-01
1.945909247539746589e-01
1.948050425622353810e-01
1.948050425742948455e-01
1.951112944525587312e-01
1.951112944837474494e-01
1.951254025907688816e-01
1.951254025909074374e-01
1.951795414901590642e-01
1.951795417606730643e-01
1.952367654073225711e-01
1.953572055851270639e-01
1.953572055853006195e-01
1.953886415244757979e-01
1.954547501129463294e-01
1.954547501157946066e-01
1.954679667933679477e-01
1.954679667934318688e-01
1.957393603042479890e-01
1.957393603044738362e-01
1.957866676007323503e-01
1.957866676065768696e-01
1.957873682690339234e-01
1.957873682939629822e-01
1.958327508465126654e-01
1.958641483688320084e-01
1.960356345551701185e-01
1.960898387228395823e-01
1.960898387247251295e-01
1.961465075968222005e-01
1.961569210005402464e-01
1.961569210735134849e-01
1.962701233218314689e-01
1.962701233220573716e-01
1.962775861064120497e-01
1.962775861213355288e-01
1.962827373562447408e-01
1.963924329357098764e-01
1.964336989323793581e-01
1.964336989373027809e-01
1.966180601032833375e-01
1.966180617149536347e-01
1.966211047071310669e-01
1.967906866046104652e-01
1.967906867558030515e-01
1.970053642017858264e-01
1.970053643912592356e-01
1.970073563332189193e-01
1.970073563333050448e-01
1.971045862972987950e-01
1.971407233353398292e-01
1.972903517061243839e-01
1.973303547282969639e-01
1.973303547283230819e-01
1.973612654200615213e-01
1.973612654389223786e-01
1.974909094128838027e-01
1.974909094935540232e-01
1.975094171834413659e-01
1.975094172479005261e-01
1.977732465080752344e-01
1.977732467447440023e-01
1.978242472262384255e-01
1.978962495994350257e-01
1.979912324292468773e-01
1.979912324294050008e-01
1.980436325885659155e-01
1.982142074251114217e-01
1.982142074674024812e-01
1.982395498102110798e-01
1.985893551073462104e-01
1.985893551258529066e-01
1.986524024472575978e-01
1.986762630846209132e-01
1.986762630847138666e-01
1.986797727102528888e-01
1.986797727501078414e-01
1.987512067081405598e-01
1.987512067081872724e-01
1.987899747572452469e-01
1.987899747665451966e-01
1.988023090073242349e-01
1.988023106641716442e-01
1.988850088971102215e-01
1.990388680951894473e-01
1.991237447994215759e-01
1.991237447995819199e-01
1.991613123371586969e-01
1.991851436307963685e-01
1.992614995972894487e-01
1.992615000458869967e-01
1.994177391392641940e-01
1.994177391395393906e-01
1.995267717442127664e-01
1.996519524125325296e-01
1.996519524128239631e-01
1.996679284101126051e-01
1.996679284101267049e-01
1.997429758884562701e-01
1.997429758923645882e-01
1.997822034092463228e-01
1.997822037071310119e-01
1.998012719451254526e-01
1.998012720434954315e-01
1.999744801555486395e-01
1.999744801557183371e-01
2.002131553385549101e-01
2.002131553386758966e-01
2.002284978835772722e-01
2.002284979172394841e-01
2.003286098206510102e-01
2.003286098342531574e-01
2.003385086392494019e-01
2.006497335304322782e-01
2.006497335498694246e-01
2.007112978309678053e-01
2.008866100235520147e-01
2.010254589778900647e-01
2.010254589780129109e-01
2.010945414092671357e-01
2.010945414093287531e-01
2.011291793834532049e-01
2.011291808276585158e-01
2.013000644087475366e-01
2.013000645163179614e-01
2.013475737453960801e-01
2.013475739347947158e-01
2.013638962094575213e-01
2.013638962422571455e-01
2.013646034543428165e-01
2.013646034545066021e-01
2.013967332167831414e-01
2.013967332169494528e-01
2.015683181003724012e-01
2.015934313656238819e-01
2.015934313661227328e-01
2.016224650884079761e-01
2.017733632455018244e-01
2.017733632920724884e-01
2.017943684613776600e-01
2.019638809043047545e-01
2.019638809211930786e-01
2.021010211995448724e-01
2.021010213732288008e-01
2.022756545961791330e-01
2.022852088432848250e-01
2.022949947514476599e-01
2.022949947515079172e-01
2.023677017688504387e-01
2.023677017691096758e-01
2.023853095685082815e-01
2.026493126399989131e-01
2.026493126436382242e-01
2.026549352591118236e-01
2.026549352645279078e-01
2.026655149921905985e-01
2.027167283408398413e-01
2.027167283411063503e-01
2.029376078059577093e-01
2.029376078059807187e-01
2.030890126513597571e-01
2.030890126514104388e-01
2.032096666033769705e-01
2.032820918010492250e-01
2.032820918137538402e-01
2.034667394347412228e-01
2.035795016566984417e-01
2.035795016570399463e-01
2.035830740584723686e-01
2.035986349389248273e-01
2.035986349750402158e-01
2.036321288932300966e-01
2.036321289926900924e-01
2.036459288963682612e-01
2.036725089741194816e-01
2.036725089790308307e-01
2.037077148941738580e-01
2.037830058971055180e-01
2.037830059058774457e-01
2.039999208832526667e-01
2.041101337927471726e-01
2.042611378776858500e-01
2.042611378778446951e-01
2.042909138821371873e-01
2.044225912156596714e-01
2.046094037321615211e-01
2.046692790001565232e-01
2.046692790375221616e-01
2.047382221617637110e-01
2.047509856687759200e-01
2.047509859299981583e-01
2.048334619435560611e-01
2.048820065364271858e-01
2.048820079281026552e-01
2.049832080453224403e-01
2.050253150346910136e-01
2.050799042710146902e-01
2.051059459381280869e-01
2.051059459696965848e-01
2.052261912393749665e-01
2.052261912395807186e-01
2.052613766831294373e-01
2.052613766832299402e-01
2.053422656439032046e-01
2.053422656900195098e-01
2.053798230421417792e-01
2.053798230843229822e-01
2.055607795732895260e-01
2.055607795734694931e-01
2.056207656801239958e-01
2.056419617886805495e-01
2.057499771142308753e-01
2.057499771143595779e-01
2.059245459767281294e-01
2.061803095801838792e-01
2.061803095803937669e-01
2.064945376387745390e-01
2.064945376389180354e-01
2.065565367309358247e-01
2.065758513605414071e-01
2.065758513915887107e-01
2.066717928299444951e-01
2.066717933975363297e-01
2.067794511923848333e-01
2.067794512745902702e-01
2.068008638628231199e-01
2.069840582588624300e-01
2.069840582669720819e-01
2.070502192593680901e-01
2.070502192595294055e-01
2.071871122885588501e-01
2.072192807638728873e-01
2.072647108508427483e-01
2.072647114593378914e-01
2.072882804056868644e-01
2.073137924788567565e-01
2.073137924792364806e-01
2.073551509373536550e-01
2.073989896285918511e-01
2.074447226890943352e-01
2.074447233407360758e-01
2.076197330529440388e-01
2.076197330639274474e-01
2.077111114208873288e-01
2.077111114211765142e-01
2.078410822423407411e-01
2.078410879863298033e-01
2.078631707282793950e-01
2.081567143181235757e-01
2.082656942021467172e-01
2.082656942022317603e-01
2.083335679329366419e-01
2.084882321961964435e-01
2.084882322045951697e-01
2.085797737686326536e-01
2.086020798866281833e-01
2.086020804606011358e-01
2.087996533008478206e-01
2.087996533014703504e-01
2.089447169604974897e-01
2.090050816056005234e-01
2.090050816057092975e-01
2.090327507055125822e-01
2.090327507239339577e-01
2.092429079183394103e-01
2.092429087336919458e-01
2.095377488692055923e-01
2.095565654545626932e-01
2.098073099912694806e-01
2.098073099964795629e-01
2.098346991359417713e-01
2.098346991369597070e-01
2.098828881123769585e-01
2.098828881201393881e-01
2.098935997839706247e-01
2.098935997840901679e-01
2.101151034315806576e-01
2.101335646484275566e-01
2.103038511876394179e-01
2.103093979987395445e-01
2.103419942617195670e-01
2.103419943461642405e-01
2.105223392874817079e-01
2.106699724941954177e-01
2.106699725078152452e-01
2.108767038228279156e-01
2.108884255323733858e-01
2.108884255325792489e-01
2.110026934797626097e-01
2.110026941841708636e-01
2.110054461087945699e-01
2.112595463052742983e-01
2.113489898213808116e-01
2.113489898218373908e-01
2.114651112550674228e-01
2.115020501410263543e-01
2.115020501411484510e-01
2.115624730871430992e-01
2.115624764357206256e-01
2.116941627457554209e-01
2.116941638149524574e-01
2.121548032488888014e-01
2.121548033302363412e-01
2.122438047651196980e-01
2.122778494612604649e-01
2.122778494717948994e-01
2.125155487875624860e-01
2.125155487876704830e-01
2.125491957610058935e-01
2.125491957611511384e-01
2.125795671205511217e-01
2.125831147248153641e-01
2.125831162845304989e-01
2.126852919187288138e-01
2.127142557689972457e-01
2.127142557876940399e-01
2.129917226151395448e-01
2.130660692485114027e-01
2.130660692487922059e-01
2.133406304955698107e-01
2.133406304970238698e-01
2.135516595667604767e-01
2.135516595921812533e-01
2.136019313174816192e-01
2.136416065877315418e-01
2.136416065948790743e-01
2.138115276574562018e-01
2.138115276692447719e-01
2.138592063424179235e-01
2.138592063425079348e-01
2.139619800141565609e-01
2.139619800692830476e-01
2.140199699820485857e-01
2.140199699922523680e-01
2.140671612128887680e-01
2.141414048380801127e-01
2.141414048382324353e-01
2.142805713534425283e-01
2.142805713791497702e-01
2.144861963838329555e-01
2.145262856687048525e-01
2.145829988806500499e-01
2.146620856110307562e-01
2.146620856137138600e-01
2.147457618870889651e-01
2.147843844504035704e-01
2.149637486594444258e-01
2.149637486854882595e-01
2.150349356572498483e-01
2.150349357401754036e-01
2.150431638082610508e-01
2.150431638085998909e-01
2.151137310201047537e-01
2.151137310202939357e-01
2.151940543979084242e-01
2.157043306815126793e-01
2.157043307182281155e-01
2.157766458619675698e-01
2.157766459855362529e-01
2.158856991447289653e-01
2.158856991448327156e-01
2.158919453316993642e-01
2.160400476042132201e-01
2.160400476949783655e-01
2.162016380085374223e-01
2.162883025595047359e-01
2.162954871406611856e-01
2.162954875766460172e-01
2.165010147735415280e-01
2.165010147736204649e-01
2.165763707274121486e-01
2.165763708275784127e-01
2.166889927913667468e-01
2.166889971303703200e-01
2.169238180979822794e-01
2.169238209385335181e-01
2.169376121591008733e-01
2.169689957982877393e-01
2.169689957984563267e-01
2.169748491129015189e-01
2.169910342404082482e-01
2.169910342760238697e-01
2.173606640143771473e-01
2.173606658252127954e-01
2.175597919358856491e-01
2.176238539032625818e-01
2.176238539033621688e-01
2.179180822555333297e-01
2.179793191646282879e-01
2.180761888300695450e-01
2.181642359079435101e-01
2.181642359080122051e-01
2.183309696814988154e-01
2.183753681943163549e-01
2.183931749051465365e-01
2.183931749681028989e-01
2.184041526814546330e-01
2.184041526824009039e-01
2.184155625733179285e-01
2.184619151697918815e-01
2.184619151700441797e-01
2.184706821553489831e-01
2.184706823286253208e-01
2.185145667460493824e-01
2.185145668792121965e-01
2.186032585570598652e-01
2.187060441167671676e-01
2.187060441169845770e-01
2.187476398777165598e-01
2.187476403823911397e-01
2.190057819526113059e-01
2.190479765849274729e-01
2.190479765894994546e-01
2.191493370781883443e-01
2.191531480805679333e-01
2.191531480809094656e-01
2.194623136766211124e-01
2.196514359066323308e-01
2.196514359067693045e-01
2.197010748830046656e-01
2.197021350752619839e-01
2.198374074161444369e-01
2.198374078442116575e-01
2.200674975716867543e-01
2.202156507894444393e-01
2.202156507897054805e-01
2.202483980751949455e-01
2.202483980765176930e-01
2.203729287671604420e-01
2.203729287672578363e-01
2.204157921984789825e-01
2.204172276015146648e-01
2.205014618513721492e-01
2.205014618516092095e-01
2.206295104491479142e-01
2.207066288926997633e-01
2.207066333500224131e-01
2.207288213540970767e-01
2.207288213542728805e-01
2.208638257850412123e-01
2.209088713355095157e-01
2.209088718060019108e-01
2.209132343251148933e-01
2.209132343255012232e-01
2.209135532163554738e-01
2.209135532737206142e-01
2.209894162592653810e-01
2.211477815964443538e-01
2.211477816903088534e-01
2.211870169105506767e-01
2.211870169109235174e-01
2.213903745388595690e-01
2.213903745553774949e-01
2.214415665926681709e-01
2.214926063673892387e-01
2.214926063695200620e-01
2.215274861404053774e-01
2.220355310713227337e-01
2.220740144795462501e-01
2.220740144805330163e-01
2.222813409499849735e-01
2.222813409501732118e-01
2.225723484776006289e-01
2.225723484967875032e-01
2.227714828841227124e-01
2.227714828844779560e-01
2.227776050358334370e-01
2.227776050384662476e-01
2.228966843216874938e-01
2.231264748370989370e-01
2.232182346048693644e-01
2.232182346104752413e-01
2.233267089881253997e-01
2.233710146808361718e-01
2.233710147658778122e-01
2.233963256842068368e-01
2.233963257295488170e-01
2.235034038849307847e-01
2.235034038856301419e-01
2.235834004618570126e-01
2.235834004621184978e-01
2.236416194376190381e-01
2.239537706744826329e-01
2.239537706753449153e-01
2.240361826483295016e-01
2.241136277110901409e-01
2.241136277190469983e-01
2.242004338975734923e-01
2.242004339706931137e-01
2.242114465158001890e-01
2.242651803496634455e-01
2.242651803498000307e-01
2.242652588307245953e-01
2.244658516313939312e-01
2.244969775752890806e-01
2.244969775798340839e-01
2.248066162397502343e-01
2.248066199666126086e-01
2.251742707787026399e-01
2.253992622285992675e-01
2.253992625328314625e-01
2.255818572612896256e-01
2.255818572935263666e-01
2.256647470808767486e-01
2.256647476291377685e-01
2.257707853893176630e-01
2.257707853893929084e-01
2.259527928567157951e-01
2.259527928577528821e-01
2.259979136863633498e-01
2.259979136873916938e-01
2.262569469494972452e-01
2.262660897272393556e-01
2.262935317004452773e-01
2.263528696895399928e-01
2.263528696895727443e-01
2.265672185304794251e-01
2.265672205981826837e-01
2.268276319205805303e-01
2.268276340080655484e-01
2.268961102947279207e-01
2.269231737782334557e-01
2.269231737802024640e-01
2.272910263499618166e-01
2.273035817091581257e-01
2.273035817434861383e-01
2.273180165693333143e-01
2.273904283880402166e-01
2.274055956879896256e-01
2.274055961411034221e-01
2.275898534443404064e-01
2.275898534445369992e-01
2.276566336801958412e-01
2.276566336902821064e-01
2.277131213427176781e-01
2.277131213432181944e-01
2.279134288551820653e-01
2.279134288882202208e-01
2.279221796935779198e-01
2.282800311959112260e-01
2.282800313017071536e-01
2.283674897501050960e-01
2.284105862062368320e-01
2.284105865137605884e-01
2.284233723786974202e-01
2.284233724097104457e-01
2.285228782547542026e-01
2.285228782549172943e-01
2.285712835779511454e-01
2.289152772988971851e-01
2.291324368257790511e-01
2.291324368324302585e-01
2.293359583566200177e-01
2.293359590461509778e-01
2.294503934436340209e-01
2.294503934507383380e-01
2.295400050973654127e-01
2.295834458405720813e-01
2.296208803620241323e-01
2.296515663808921526e-01
2.296515663810584362e-01
2.297261859219356106e-01
2.298541143671128661e-01
2.299951968086413334e-01
2.299951968087823317e-01
2.300606679458039039e-01
2.301217143024076872e-01
2.302925051291834779e-01
2.302925051319005545e-01
2.303914837254922854e-01
2.303914837967778739e-01
2.305280560652676058e-01
2.305280561453858512e-01
2.306166126859239551e-01
2.306994873381873479e-01
2.306994873383664546e-01
2.307498836787418850e-01
2.308940813745537779e-01
2.308940813796647173e-01
2.309256768584829200e-01
2.309256768585931374e-01
2.310773644764222146e-01
2.312207071622376098e-01
2.312207076670190486e-01
2.312605677577451446e-01
2.312605677610588828e-01
2.312958346990897640e-01
2.312958347388454905e-01
2.313687600530213717e-01
2.313687600531520172e-01
2.315100286440749389e-01
2.317500172490022659e-01
2.317500173352616821e-01
2.320637467005214616e-01
2.320637467697371226e-01
2.321231047132774894e-01
2.321245168902034695e-01
2.321245168917567547e-01
2.321741653100532765e-01
2.321741653113809367e-01
2.323718113837783816e-01
2.323718113839576827e-01
2.323829553426342565e-01
2.323829553427544103e-01
2.325188961942954713e-01
2.325188962502027223e-01
2.328161767090783096e-01
2.329379412411445582e-01
2.331965682210019042e-01
2.331965682280204843e-01
2.332718429121202197e-01
2.332718429170174967e-01
2.333975130924072772e-01
2.333975130925856623e-01
2.334386360530185112e-01
2.335375876048813304e-01
2.335375876050073130e-01
2.336490017745858072e-01
2.336808588943072584e-01
2.337685654442998862e-01
2.339925353790749674e-01
2.339925353928840046e-01
2.339953786279859727e-01
2.342472884944708789e-01
2.342869294213378029e-01
2.342869294214519893e-01
2.343099321679416869e-01
2.343099322007556606e-01
2.343433670251482970e-01
2.343433671061342649e-01
2.346099443686754660e-01
2.346099446227019880e-01
2.348742878906986686e-01
2.348742878909080012e-01
2.350438741517986430e-01
2.350438741518948438e-01
2.353602710747875471e-01
2.353800228592902721e-01
2.353800228593652122e-01
2.354174234651011111e-01
2.355382188523172382e-01
2.356997942664168233e-01
2.357531606171256733e-01
2.358849923418664118e-01
2.359317503106918290e-01
2.359317514180254705e-01
2.359959243079115254e-01
2.360847050061491426e-01
2.361401207149086690e-01
2.361401207157267645e-01
2.363496075197139557e-01
2.363982601547589268e-01
2.363982602012308920e-01
2.364056176661712139e-01
2.364056176833702061e-01
2.364364116854788256e-01
2.364364116856990938e-01
2.364914565115955603e-01
2.365253065147263078e-01
2.365253065147854827e-01
2.365684437126088224e-01
2.365684437132936080e-01
2.366115216246739428e-01
2.368704772861795760e-01
2.370944425772137654e-01
2.370944425884470852e-01
2.370981505981861193e-01
2.373024610528838285e-01
2.373024610786712008e-01
2.374143140659110973e-01
2.374226773786294598e-01
2.374226774210089486e-01
2.377746517244874458e-01
2.377746517271286109e-01
2.378073697782916995e-01
2.378073697812749521e-01
2.378088834373147109e-01
2.378088834773688376e-01
2.378902390874287898e-01
2.380361968579736975e-01
2.380361968581300169e-01
2.380407696070719059e-01
2.382523314581704854e-01
2.382523314583909757e-01
2.383360800633882448e-01
2.383360800638064103e-01
2.385043074655781581e-01
2.385309446795293997e-01
2.386867518480897121e-01
2.386867518744023309e-01
2.390053488914141711e-01
2.390053488917252833e-01
2.392447191470684631e-01
2.392447191472861223e-01
2.393898537301854812e-01
2.393898537329767207e-01
2.394516436369336365e-01
2.394516443910195691e-01
2.394644571280684087e-01
2.394644571307348868e-01
2.395702269760691117e-01
2.395702269773948845e-01
2.395830353408322233e-01
2.398960254330450015e-01
2.398960254332422326e-01
2.399286200171999450e-01
2.399286200182852713e-01
2.399759284720600350e-01
2.399759285230828321e-01
2.400243199212890866e-01
2.403367058075015494e-01
2.403367058237673715e-01
2.403725059409570763e-01
2.405144140659681851e-01
2.405144140827587262e-01
2.406476096075684246e-01
2.406476096090425787e-01
2.408625170411653471e-01
2.408625170412971861e-01
2.410635366388808321e-01
2.410635366388998169e-01
2.414701161094642834e-01
2.414701161096191040e-01
2.415884700975506061e-01
2.415884700977056765e-01
2.416020509749367551e-01
2.416020509760834489e-01
2.416649738779244883e-01
2.416649740435954374e-01
2.417708179979056460e-01
2.419728801866242729e-01
2.419728801882121416e-01
2.419836908315387280e-01
2.419836908318976354e-01
2.421102721537534419e-01
2.421122417721763287e-01
2.422272936096180607e-01
2.424017669257022278e-01
2.424848295342726667e-01
2.425575112447077575e-01
2.425575112467737438e-01
2.427446209136181754e-01
2.428207575070467361e-01
2.428207575225266313e-01
2.428675044599341859e-01
2.428713040653057154e-01
2.429073411980557373e-01
2.429073412718422698e-01
2.429210160453414702e-01
2.433764478587549240e-01
2.433764478593209435e-01
2.434603676289948393e-01
2.434603676290432173e-01
2.434950151307128385e-01
2.434950151526365514e-01
2.435696111690228982e-01
2.435749690337307150e-01
2.435749690339408524e-01
2.436266042401322440e-01
2.438320270134501366e-01
2.438320270139452406e-01
2.438332010786317672e-01
2.438332010787139792e-01
2.440196105654804382e-01
2.441916138264709490e-01
2.441916138344678300e-01
2.442504743071382267e-01
2.442504743138385892e-01
2.443403187722546221e-01
2.443403187782939856e-01
2.444981683551130935e-01
2.444981683569315001e-01
2.446100242003098335e-01
2.446100242150242576e-01
2.446634277537195201e-01
2.451092346347742701e-01
2.451092346348442974e-01
2.452304096509951292e-01
2.452837867340330880e-01
2.452837867353368506e-01
2.452962617451895366e-01
2.452962617453582628e-01
2.454028941967799637e-01
2.454028941994106094e-01
2.454229891730402568e-01
2.454229892448512307e-01
2.455764705808052839e-01
2.457540033336343965e-01
2.457540050770948004e-01
2.459402466999990600e-01
2.459402467146175053e-01
2.460534709478525983e-01
2.460534709489262395e-01
2.463493413590782111e-01
2.463493413730280801e-01
2.464271538593056088e-01
2.466354118322466593e-01
2.468621165818311869e-01
2.468621165820581442e-01
2.472133737142371279e-01
2.472133737146501864e-01
2.472379827281832032e-01
2.473002410615392777e-01
2.473175643494148201e-01
2.473175654221646536e-01
2.473696444773672010e-01
2.473696447537538090e-01
2.474502892920616148e-01
2.474502892921682518e-01
2.475514378736300980e-01
2.476923746654444980e-01
2.476923747753223826e-01
2.477792201867167476e-01
2.477792201867538568e-01
2.479807843026113068e-01
2.479807843575396187e-01
2.484189457685297420e-01
2.484189457766443065e-01
2.489281218645509608e-01
2.489281218737058599e-01
2.489288037897932071e-01
2.489288037899848038e-01
2.490379402375902940e-01
2.490608343237950273e-01
2.490608343359790589e-01
2.490694693145043548e-01
2.490694693433430085e-01
2.492617980479758522e-01
2.492683821393225363e-01
2.493146649550032345e-01
2.493692146910170826e-01
2.494496522831538277e-01
2.494496522833195007e-01
2.494856176467355746e-01
2.494856177741355818e-01
2.496261846238926052e-01
2.496261846241296101e-01
2.497121761021091069e-01
2.497659015330790655e-01
2.497659015334726396e-01
2.498541116144183116e-01
2.500600629551248955e-01
2.500600629562433896e-01
2.502660440809807985e-01
2.503573777615933360e-01
2.503573811980898123e-01
2.506294347101089004e-01
2.506532494557810464e-01
2.506701757184665591e-01
2.506701757204941594e-01
2.507339416427532552e-01
2.507339416429403278e-01
2.507700256670217787e-01
2.510010714172843937e-01
2.510010714174763513e-01
2.511171959494139516e-01
2.511171969959907768e-01
2.512558221363517252e-01
2.512558221419772253e-01
2.513309833452442854e-01
2.513309833456596754e-01
2.513907399907595042e-01
2.515914215317190394e-01
2.517031482041982016e-01
2.517031487692656944e-01
2.518344654832872509e-01
2.520174236330713358e-01
2.520174236331302886e-01
2.520680843608706367e-01
2.520680847170514993e-01
2.521788979943404008e-01
2.521788979946478770e-01
2.524629230605372476e-01
2.524629230607517982e-01
2.528674256308674484e-01
2.529744762500381605e-01
2.529744763306521760e-01
2.530880695912687273e-01
2.530880696028822707e-01
2.532774828293619107e-01
2.535181276300964570e-01
2.535181277980645409e-01
2.535258022934811506e-01
2.535258022936413558e-01
2.535675611693545273e-01
2.535675611697018605e-01
2.537924432052266477e-01
2.537924432320060597e-01
2.539017754645566671e-01
2.539017754647738268e-01
2.539655664706207960e-01
2.539655664707054505e-01
2.540781003202848276e-01
2.543500083342791207e-01
2.543500083405068057e-01
2.543895214767650792e-01
2.543895214906023994e-01
2.547236294182462779e-01
2.547236294185475369e-01
2.547341447816262594e-01
2.547341447966652295e-01
2.549133934076899255e-01
2.549527944067960239e-01
2.554292126937086627e-01
2.554292126940323482e-01
2.554747095042108063e-01
2.555599219958326063e-01
2.556008950288176651e-01
2.556008950342023578e-01
2.556531415990712652e-01
2.557197686929041924e-01
2.557197686929334468e-01
2.557658560714103912e-01
2.557658561800360553e-01
2.560989633664668141e-01
2.560989647979027284e-01
2.561972418661028761e-01
2.563325365653421062e-01
2.565400341297128795e-01
2.565414532434107109e-01
2.565766239511424462e-01
2.565766239516358294e-01
2.565865658737412347e-01
2.565865658737869759e-01
2.567040782589163905e-01
2.567680836566944569e-01
2.567680836601189953e-01
2.569859777307220150e-01
2.571543345112696777e-01
2.572115352852050729e-01
2.572115359407360913e-01
2.573140217131210661e-01
2.573140217184649581e-01
2.573437093174850698e-01
2.574638677346923754e-01
2.574638677348098925e-01
2.575500651413194508e-01
2.575500651961481480e-01
2.575676143501148818e-01
2.575676143501656745e-01
2.577588905488288340e-01
2.577588905489141546e-01
2.578359722989810865e-01
2.579392419072831788e-01
2.579767191018015882e-01
2.579767191043285668e-01
2.580514534144052186e-01
2.583061849582304892e-01
2.583061849583805913e-01
2.586478230253292931e-01
2.586478230255431221e-01
2.586523131796160668e-01
2.587062756020194199e-01
2.587062756021123455e-01
2.587763222373503647e-01
2.589341662567246627e-01
2.589341663642603653e-01
2.589476266553927264e-01
2.590211204015821500e-01
2.590211204017038860e-01
2.591429375300912108e-01
2.591429376051682110e-01
2.591716655052755391e-01
2.591892258351215506e-01
2.592239349218808941e-01
2.595715577763370585e-01
2.595715577817240827e-01
2.598411600040883562e-01
2.598427399222466017e-01
2.598427399224095824e-01
2.599710342818150055e-01
2.599710363482667930e-01
2.601266534438156364e-01
2.601266534454854673e-01
2.603969297320628540e-01
2.604766949572356327e-01
2.604766950786716051e-01
2.605995351406110161e-01
2.605995355420800963e-01
2.607241004734356382e-01
2.607241005205637729e-01
2.608891982562671075e-01
2.608891982756140759e-01
2.610427563659031280e-01
2.611161329926071639e-01
2.611899025117825901e-01
2.611899025120165141e-01
2.615838103466204267e-01
2.619949620691225389e-01
2.619949620699237314e-01
2.622303135117305950e-01
2.622303135396008011e-01
2.623684350379105190e-01
2.623684350380314778e-01
2.624781784626173953e-01
2.624781784640512483e-01
2.625506365543578968e-01
2.626475469648071881e-01
2.626475469789296135e-01
2.626742801579222686e-01
2.626918025145889568e-01
2.626918025146821045e-01
2.630484251067733981e-01
2.630484251069256652e-01
2.630723897668944544e-01
2.630723897753943774e-01
2.631498826820947157e-01
2.631498839501903997e-01
2.634248895150629322e-01
2.634248895159350679e-01
2.634496922203063973e-01
2.634496922204083158e-01
2.635172472492386953e-01
2.635172472704883639e-01
2.639263364830908842e-01
2.639263372504202509e-01
2.640463341700395317e-01
2.643713119011655288e-01
2.643713119013351709e-01
2.645113879785967459e-01
2.645113879938010837e-01
2.646418848537133162e-01
2.646418848538270585e-01
2.648493180553086468e-01
2.648493180554740700e-01
2.649307108480768447e-01
2.649307108482329420e-01
2.651430518856283114e-01
2.651430518929863700e-01
2.651623927373322198e-01
2.651623928124914875e-01
2.652077868530532401e-01
2.653346713203617591e-01
2.653390332935393614e-01
2.653390332937448637e-01
2.656788978227869191e-01
2.656788978266056422e-01
2.659655587400855392e-01
2.659655587404815558e-01
2.659749233551923497e-01
2.659749233554295489e-01
2.662550846304416741e-01
2.662621951062202896e-01
2.663336681964572628e-01
2.663336683802616234e-01
2.664675383775366724e-01
2.664675383895050431e-01
2.665614038136129849e-01
2.665614038136809860e-01
2.666297183830662054e-01
2.666297184085201777e-01
2.667127055752569476e-01
2.667127055973956828e-01
2.667365692346684303e-01
2.667365692376148512e-01
2.673085003963109885e-01
2.673887730636740345e-01
2.674268206470805653e-01
2.674268206471221432e-01
2.676772018856177215e-01
2.679511295046773101e-01
2.679806426068438996e-01
2.680234770864218796e-01
2.680234776145746234e-01
2.681145401846529164e-01
2.682354286495512996e-01
2.684049801818058079e-01
2.684049801818529923e-01
2.684278797288776608e-01
2.684278797289704199e-01
2.684819157696069492e-01
2.684819160295301432e-01
2.687116101596016549e-01
2.687116101598397422e-01
2.690082317275110935e-01
2.692232353573944525e-01
2.692232396475072176e-01
2.692923870459067448e-01
2.694714980443835284e-01
2.695196457919251110e-01
2.696265057699733791e-01
2.696265095998077732e-01
2.698905242397297011e-01
2.700975520650500394e-01
2.700975520656947459e-01
2.702142800275762480e-01
2.702142800676846646e-01
2.702443773792203574e-01
2.703888465254778994e-01
2.703888465256898410e-01
2.704910974743856555e-01
2.704910980643360219e-01
2.706232330527861829e-01
2.706232333152060465e-01
2.707518458441394160e-01
2.707518458491678381e-01
2.709074581980444596e-01
2.711836632604211483e-01
2.711836632670150959e-01
2.712548910469986807e-01
2.712548910960848048e-01
2.713140028822115246e-01
2.713140028825870576e-01
2.715829872553717772e-01
2.715959366714322809e-01
2.718155228994142414e-01
2.718155229018953123e-01
2.718595471714078671e-01
2.718595471716138690e-01
2.719009193308349337e-01
2.721701927519452613e-01
2.721701927671269505e-01
2.722300038230613950e-01
2.722300038233872455e-01
2.723934101760447368e-01
2.723934101852881762e-01
2.726447470500971693e-01
2.726447470933157091e-01
2.726475103108351727e-01
2.726475103235272424e-01
2.728297703274724650e-01
2.728297703317588141e-01
2.729155025703737802e-01
2.729667503550833318e-01
2.729667513672601742e-01
2.730385063127413470e-01
2.730385063129250889e-01
2.731588475035638397e-01
2.733068931544587188e-01
2.733593907608009022e-01
2.738384201520126515e-01
2.738384219533920305e-01
2.738511028528994862e-01
2.741038834576490779e-01
2.741038834591986717e-01
2.742585315260119283e-01
2.742585315346695585e-01
2.744959155011583718e-01
2.746384216175175585e-01
2.747175657299044671e-01
2.747175659025782313e-01
2.747793703068154847e-01
2.750321197113822502e-01
2.750321198741102480e-01
2.751465542619127569e-01
2.752599971339640406e-01
2.752599971519869015e-01
2.754100839193516226e-01
2.754100869813114194e-01
2.755789619226869380e-01
2.756029368920130396e-01
2.756029372322185700e-01
2.756497803575230776e-01
2.759240740003207626e-01
2.759634416556049907e-01
2.759634416682089642e-01
2.760947421424502224e-01
2.760954382691450104e-01
2.760992640460485648e-01
2.760992640462853198e-01
2.762084444234201852e-01
2.762084444235489156e-01
2.763417738338353469e-01
2.763417739287134522e-01
2.764861433605243501e-01
2.764861433606821683e-01
2.765129712409775120e-01
2.765129712411507068e-01
2.766529760354254353e-01
2.766909304739789688e-01
2.766909304776041245e-01
2.771779815746833742e-01
2.771779815761260535e-01
2.772313346414632673e-01
2.773649554120925509e-01
2.774158917201834940e-01
2.774158917204064267e-01
2.775112416127400450e-01
2.775112416275830607e-01
2.775165389762149215e-01
2.775165389764560064e-01
2.777302452834694568e-01
2.777302452836147850e-01
2.778575901692436068e-01
2.778575901809708371e-01
2.780500512117673462e-01
2.780500512158216031e-01
2.780905986817918674e-01
2.782406362573957570e-01
2.782406362579271097e-01
2.783256415278291818e-01
2.783256420523508301e-01
2.783342916119918020e-01
2.783342916121572252e-01
2.788302284290199995e-01
2.788302284446282364e-01
2.788504151885198290e-01
2.788504151887088445e-01
2.789513106383656460e-01
2.789513106456575353e-01
2.790209002101439739e-01
2.791718740006334243e-01
2.791718742753525606e-01
2.793543880153856462e-01
2.794281394533367213e-01
2.794281394533767449e-01
2.795594067738594868e-01
2.795594067740644340e-01
2.795747367290742358e-01
2.795747367330884137e-01
2.797017013511741146e-01
2.797967115172007024e-01
2.798025400469556501e-01
2.798025400472327617e-01
2.799760718626411737e-01
2.799760718627405942e-01
2.800438334355641601e-01
2.800438334504774529e-01
2.801213231319130137e-01
2.801213231800465664e-01
2.803882467951225310e-01
2.805828891357550758e-01
2.808797441818923213e-01
2.808797441819747553e-01
2.808882924451063245e-01
2.808882924593089081e-01
2.810160269001118483e-01
2.810160273239975526e-01
2.813189601669762174e-01
2.813799508930723836e-01
2.815756309784117617e-01
2.816034849084783631e-01
2.816599055894330461e-01
2.818065903237998437e-01
2.818065903546035367e-01
2.818667624322484522e-01
2.818667624444028408e-01
2.818681103015359124e-01
2.819169074429734856e-01
2.819169074439916156e-01
2.820480397857364485e-01
2.822627976090320012e-01
2.822627976091370838e-01
2.823395483235197623e-01
2.824063324047315637e-01
2.824063324257705676e-01
2.825013243255953266e-01
2.825113804660940864e-01
2.825113805077393847e-01
2.827504158064184647e-01
2.827766842281077553e-01
2.827766842689872218e-01
2.828725617170687601e-01
2.828725617208692200e-01
2.828850785426159087e-01
2.828850785426966219e-01
2.829164874886023195e-01
2.829164875048905681e-01
2.830161335955359569e-01
2.831544597520253004e-01
2.835134147534715265e-01
2.835134147948622507e-01
2.835303789973332989e-01
2.835303789975482935e-01
2.836524137073251350e-01
2.836524137086202102e-01
2.842778598347011076e-01
2.842778598979548987e-01
2.843261271146106939e-01
2.843261271147630165e-01
2.844941503967574059e-01
2.844941503969023455e-01
2.846850894067737281e-01
2.846850894069810622e-01
2.847567790536923993e-01
2.847786340331748267e-01
2.848511580053706971e-01
2.848511583595739194e-01
2.849723727283826613e-01
2.849723727284798058e-01
2.850201108458425003e-01
2.850201108483849666e-01
2.850757963217324109e-01
2.851206670070381977e-01
2.852352755098522818e-01
2.852352755105663773e-01
2.853443315321244622e-01
2.853443315816502901e-01
2.857701122055827381e-01
2.859067040667529480e-01
2.859067040668910042e-01
2.861625055151080788e-01
2.861625055206807877e-01
2.862211906625573565e-01
2.862275744386482135e-01
2.862275744391322152e-01
2.863161955188804897e-01
2.863444200642132897e-01
2.865842759806527251e-01
2.867461672951485130e-01
2.868489419280542685e-01
2.869179655791451733e-01
2.869500257622666917e-01
2.869500257624224004e-01
2.869839823313206639e-01
2.870069766818695300e-01
2.871444705117559004e-01
2.871444705585006751e-01
2.873182516521495256e-01
2.874048846200389362e-01
2.878560729923999029e-01
2.878984683647931031e-01
2.878984683652375254e-01
2.879064377141966613e-01
2.879064377201482894e-01
2.879386744263544573e-01
2.881754740074304877e-01
2.882230739517325779e-01
2.882230739519144325e-01
2.883660362770877339e-01
2.883660362779249531e-01
2.884075832157835251e-01
2.884118600396821108e-01
2.884118600402336696e-01
2.886651259396560421e-01
2.886651261878886987e-01
2.889537093785449207e-01
2.889776982165718766e-01
2.889776984842845620e-01
2.891233210848250801e-01
2.891277442359003746e-01
2.891277442895500149e-01
2.891463019158181935e-01
2.891463027425306698e-01
2.894329692272811227e-01
2.894329694704951272e-01
2.895705991614925812e-01
2.895705991646517763e-01
2.896140994136245927e-01
2.896998199849364353e-01
2.896998199884735503e-01
2.898193077507538740e-01
2.898193077509093607e-01
2.898798011205196423e-01
2.899123975412847276e-01
2.899123975476113890e-01
2.899585683489688259e-01
2.899585730168504627e-01
2.900715413383010421e-01
2.900715413396861009e-01
2.902129435944487135e-01
2.904755158518301239e-01
2.905125652238857437e-01
2.905818100971528928e-01
2.905818100974407736e-01
2.906761035542321236e-01
2.906761035610194721e-01
2.908623079656768584e-01
2.908623079661910582e-01
2.910106866158173045e-01
2.910106866757908306e-01
2.910476610588075275e-01
2.910476638903667923e-01
2.911325918416250436e-01
2.911325918418619096e-01
2.913448601062983423e-01
2.913448601111327529e-01
2.920319190791432762e-01
2.920319191048472152e-01
2.922255665490374743e-01
2.922395046663565088e-01
2.922557575213085013e-01
2.923930692218071892e-01
2.923930693613006615e-01
2.924228164745150127e-01
2.924228164749503867e-01
2.928968463979125803e-01
2.928968463980722303e-01
2.931387570132596987e-01
2.931387571769993872e-01
2.932040050040267687e-01
2.932040050187020852e-01
2.932542623965229689e-01
2.932542624403597920e-01
2.932804821609424351e-01
2.934581764700582296e-01
2.934581764702641205e-01
2.936884600428875669e-01
2.936884600649741772e-01
2.937095521513143903e-01
2.937138157483438206e-01
2.938759278590872825e-01
2.938759278591749902e-01
2.939523433421239451e-01
2.940519698610288835e-01
2.940519698614855737e-01
2.944772742101595675e-01
2.944772742105032370e-01
2.944790131011584822e-01
2.945943795385709274e-01
2.945943802117740318e-01
2.946178818003468702e-01
2.946892744718003776e-01
2.947213881678383829e-01
2.949235851944058129e-01
2.949235852282496850e-01
2.959665149991309030e-01
2.959665150175996851e-01
2.961971816654075385e-01
2.961971816666458812e-01
2.962374882127814524e-01
2.962374889400090083e-01
2.963992182715946555e-01
2.963992182959319099e-01
2.964533273640776456e-01
2.964533273642258604e-01
2.966921228029038016e-01
2.971260869686772610e-01
2.971260869687608053e-01
2.972165124819995397e-01
2.972165124821059545e-01
2.972938380035076156e-01
2.976532180234055525e-01
2.977037629530605578e-01
2.977037629840177391e-01
2.977144656527346278e-01
2.977144656529369660e-01
2.977213295828233242e-01
2.978088886298158044e-01
2.978088886313800532e-01
2.979745855899287865e-01
2.979788350157700494e-01
2.980404677881749453e-01
2.980404677883351505e-01
2.980969564666995919e-01
2.980969566950674721e-01
2.983535744719947869e-01
2.983535744903910158e-01
2.983604391093597208e-01
2.983604391119573096e-01
2.983693113793552398e-01
2.983729022486651394e-01
2.984364072374142696e-01
2.984364072383511313e-01
2.988205494727710354e-01
2.988205494733248146e-01
2.988575443193818848e-01
2.988782946986865974e-01
2.989850976482781308e-01
2.990701138055650854e-01
2.991187549680221491e-01
2.991187549693010705e-01
2.994426483886651336e-01
2.994426483895069047e-01
2.997280434815811634e-01
2.997280434819017403e-01
2.997812259995197848e-01
2.997812263404214805e-01
2.998643991633359596e-01
2.998643991713390577e-01
3.000163021754855275e-01
3.000713547201311893e-01
3.000958652345047106e-01
3.001294455711709386e-01
3.001294455724965449e-01
3.002496164457613692e-01
3.002496164502506115e-01
3.003633561736575586e-01
3.003633561772520721e-01
3.004969680275276223e-01
3.005412281903430682e-01
3.005757158911837035e-01
3.006795649756666688e-01
3.006795650927326369e-01
3.009210250070635806e-01
3.009210250467413972e-01
3.010649204772933851e-01
3.010649204773184762e-01
3.011073037831266674e-01
3.011073037836229371e-01
3.012980764988119065e-01
3.012980764990198512e-01
3.013911988429373578e-01
3.013911988431513533e-01
3.015894851369163021e-01
3.015894851385991782e-01
3.018059527397856101e-01
3.018059532410596879e-01
3.022060809817816440e-01
3.022060810452424362e-01
3.024978596276767795e-01
3.024978607384550822e-01
3.025832301776480993e-01
3.025832301779017297e-01
3.026763781975670975e-01
3.026852242789979663e-01
3.029126462316468205e-01
3.029126464752098236e-01
3.032738409334291840e-01
3.032738413292891955e-01
3.033983934282925565e-01
3.033983934294215978e-01
3.035589685401588467e-01
3.035589685404778693e-01
3.036674612901820725e-01
3.036674613099518139e-01
3.037770136308833302e-01
3.037770136311082059e-01
3.038075964663822237e-01
3.038075964668524587e-01
3.039491272462675475e-01
3.039491272464349136e-01
3.040357960561009265e-01
3.041031065098716013e-01
3.041712072116079524e-01
3.041712072896995411e-01
3.042529688148878364e-01
3.042529688156229151e-01
3.043451780706918908e-01
3.043451780708318344e-01
3.043601681165442607e-01
3.044178961188253041e-01
3.044178962509494490e-01
3.044904691439130895e-01
3.045745092067044246e-01
3.045745092135053178e-01
3.048688611601628740e-01
3.048688611671319659e-01
3.051826835537004290e-01
3.051826835892305634e-01
3.052076544230966082e-01
3.052076544360595722e-01
3.052915556612744719e-01
3.054811542539302982e-01
3.054811547133510219e-01
3.055862901324984948e-01
3.055862901328120218e-01
3.057292183547282161e-01
3.057292188961870383e-01
3.059759332534749410e-01
3.060611483825056989e-01
3.060611483829999702e-01
3.060957510175775220e-01
3.063532187199373147e-01
3.063557211629576726e-01
3.067375110248629078e-01
3.067397761151384739e-01
3.068434966493016613e-01
3.068434972075558820e-01
3.070007047115407839e-01
3.070082729313379777e-01
3.070125073288116901e-01
3.070125073291430362e-01
3.071496629307354231e-01
3.071526844626273345e-01
3.073051216136230002e-01
3.073399555011278594e-01
3.073399555022848784e-01
3.074569555140606592e-01
3.074569627672186223e-01
3.075104132773917587e-01
3.075409925961484769e-01
3.076178211290205855e-01
3.076178211292948661e-01
3.076748056360180672e-01
3.076748056363193817e-01
3.077243372003904964e-01
3.077243372011454481e-01
3.079058056611486682e-01
3.079058056615783245e-01
3.081423932685998235e-01
3.081423933546817429e-01
3.081638302117057360e-01
3.081638302633432636e-01
3.082458889735315011e-01
3.082667784676227929e-01
3.083309273273314166e-01
3.083309285236380815e-01
3.084845858303959520e-01
3.087271213602705844e-01
3.087271213605610187e-01
3.087635197955337363e-01
3.087635197956490885e-01
3.088882709646078584e-01
3.088882718771512326e-01
3.090843257258319987e-01
3.092131545172552842e-01
3.092131545174912066e-01
3.092443031048403568e-01
3.092610752973913302e-01
3.092610752989853329e-01
3.094334219064373004e-01
3.094334220464161067e-01
3.097043967861279334e-01
3.097043987171289037e-01
3.098012573523101776e-01
3.098012579926634480e-01
3.098156662311972176e-01
3.098156662355282531e-01
3.099947104658007935e-01
3.100904547114804455e-01
3.100904547530150546e-01
3.101511601708763499e-01
3.101511601740201129e-01
3.102316466234353309e-01
3.102927182466460598e-01
3.102927182469072398e-01
3.102969662600797429e-01
3.103591372192052167e-01
3.106223933794812764e-01
3.106491148907993272e-01
3.106491148910251465e-01
3.110274814358034989e-01
3.110274828725254626e-01
3.114211445693168545e-01
3.114216835002933115e-01
3.115153391122219007e-01
3.115153391124710902e-01
3.118215921379512423e-01
3.118215921612165209e-01
3.119093089277782949e-01
3.119366669149313265e-01
3.119366671695353865e-01
3.119840463098753625e-01
3.119840463132884656e-01
3.121367118852211298e-01
3.122220194990653064e-01
3.125412128864243910e-01
3.127153481499638232e-01
3.130445270118651369e-01
3.130445270119823209e-01
3.130497123946146543e-01
3.130497124283204702e-01
3.131876459035173865e-01
3.131876459039291682e-01
3.132046901417436802e-01
3.132046901421325358e-01
3.134781744477888044e-01
3.136884310770459705e-01
3.136884310772783957e-01
3.138086327973927947e-01
3.138086330497004139e-01
3.139278885203286018e-01
3.139278885228330984e-01
3.143341365244395891e-01
3.143341367270280351e-01
3.143551233276551948e-01
3.143551233601240558e-01
3.145959169799202870e-01
3.145959170479180611e-01
3.147435379626107310e-01
3.147820052494296195e-01
3.147978595536506941e-01
3.147978595541333080e-01
3.150135254460649792e-01
3.150135254465599721e-01
3.152737976391671859e-01
3.154145836252468249e-01
3.154145836575527051e-01
3.157203183200309460e-01
3.157351985453665799e-01
3.159061322820971296e-01
3.161321179383501101e-01
3.161321179446904273e-01
3.161431902974838337e-01
3.161515779275383409e-01
3.161515779276191651e-01
3.162941163424415336e-01
3.164692558776843745e-01
3.164692559787995463e-01
3.165166419736795689e-01
3.165177860076776040e-01
3.167519780781756777e-01
3.167519780974069055e-01
3.167642465546438024e-01
3.167642465591035128e-01
3.170118822596284525e-01
3.170118823659365814e-01
3.171245044395178403e-01
3.171245044536956104e-01
3.172090383994803364e-01
3.172090383998388274e-01
3.172394332160464736e-01
3.172464977850877332e-01
3.172464977857812340e-01
3.172591071536531304e-01
3.174260650662950045e-01
3.174260650665844952e-01
3.174591941082349766e-01
3.175282660547611435e-01
3.175282660754660258e-01
3.175675052101603613e-01
3.178247508986741243e-01
3.178247508990809655e-01
3.178338088720413235e-01
3.178366504246394886e-01
3.180854739613372950e-01
3.180854739620198046e-01
3.183204690802918235e-01
3.183204691479486481e-01
3.184080891964265470e-01
3.184080891966196147e-01
3.189950218000385807e-01
3.189950219710672163e-01
3.190004771343561418e-01
3.190004771345745227e-01
3.191184561948304799e-01
3.191538866042493705e-01
3.191538866045176004e-01
3.192677051227575391e-01
3.193177413840516121e-01
3.193177413873928838e-01
3.196257360900218170e-01
3.197058103183098021e-01
3.197436248208905263e-01
3.197436248274310722e-01
3.200031217805677786e-01
3.200031217818103957e-01
3.200101966401854847e-01
3.200101966429170219e-01
3.200999210730330335e-01
3.200999232461096966e-01
3.201063182878327029e-01
3.201138228802654639e-01
3.204039043251830088e-01
3.204079135648276733e-01
3.204079138684425843e-01
3.205669717178496470e-01
3.205669723109411118e-01
3.208959934509834078e-01
3.208959935512873396e-01
3.209090593441113470e-01
3.209090593445652062e-01
3.210407135761953468e-01
3.214399656704921560e-01
3.214399656705179131e-01
3.214678518476069002e-01
3.214678518830846321e-01
3.215265932958347173e-01
3.215265933012224631e-01
3.215490225864651164e-01
3.215490226012007180e-01
3.216323279572131377e-01
3.216830792634969294e-01
3.217949838293857057e-01
3.217949838295744436e-01
3.221066180686127933e-01
3.221066180688772485e-01
3.223383131995949946e-01
3.223383135520460629e-01
3.225462160286220459e-01
3.225462161672410510e-01
3.232470023277006499e-01
3.232470023279120919e-01
3.233626161962926404e-01
3.233626161999325621e-01
3.234546280162065024e-01
3.234546280551632291e-01
3.236044610463834070e-01
3.236940658098392820e-01
3.238047484493631889e-01
3.238047484554962274e-01
3.238772376229449579e-01
3.239382694637473192e-01
3.240132963038371283e-01
3.240132963047024361e-01
3.242912816171309442e-01
3.245893858036455470e-01
3.245893865416354940e-01
3.245901521731183736e-01
3.246421223975338166e-01
3.248816186186325727e-01
3.249104959496592060e-01
3.249104959507528312e-01
3.249995533185751073e-01
3.250704369481434708e-01
3.250704370127758258e-01
3.252860728103021404e-01
3.253187087328769933e-01
3.256350044301634106e-01
3.256777369678984790e-01
3.256777369680854961e-01
3.257761003241002595e-01
3.257761003242347075e-01
3.258149531983889902e-01
3.258149531985110037e-01
3.258376312944237796e-01
3.258376315731969508e-01
3.259443203877875339e-01
3.259443203982099746e-01
3.261450529878544558e-01
3.261570367619872068e-01
3.261570367621235977e-01
3.262807963448293158e-01
3.262807963932351507e-01
3.263001761659987676e-01
3.263045636852654474e-01
3.263045637289748169e-01
3.268667616339918092e-01
3.269596788290266565e-01
3.269596788787989539e-01
3.269649197793920714e-01
3.269952063528885344e-01
3.269952063553733801e-01
3.271646298782772133e-01
3.272212979962557666e-01
3.272212982063719133e-01
3.272356047508328536e-01
3.274025411820398745e-01
3.274025411821754328e-01
3.274487705670381943e-01
3.274487705688344241e-01
3.274853454028352484e-01
3.274853454057178870e-01
3.278664591163927833e-01
3.278664591561118447e-01
3.279575340076626988e-01
3.279575340079772805e-01
3.280943773968884036e-01
3.282186439003225153e-01
3.285822069721238137e-01
3.285822069727268868e-01
3.286215967614993239e-01
3.286215967623791201e-01
3.287714908873947683e-01
3.287762613662665312e-01
3.287910422532233645e-01
3.289608487151536309e-01
3.290713319194660258e-01
3.291663419348679342e-01
3.291663419351349984e-01
3.292247439673818277e-01
3.292247439687923105e-01
3.294231166547160194e-01
3.294231166547768597e-01
3.297898778052265056e-01
3.297898778113110274e-01
3.299543450861549543e-01
3.299543451147730622e-01
3.299720179827811961e-01
3.299844662502922077e-01
3.299844664221932566e-01
3.300113693368494361e-01
3.301316573247234376e-01
3.301316573252044972e-01
3.302862449521498101e-01
3.302862462660627330e-01
3.304204830564194117e-01
3.305291323116898439e-01
3.306418859467624705e-01
3.306418859469282823e-01
3.308851573931557155e-01
3.308851573956982928e-01
3.310590271267260798e-01
3.310590277564063322e-01
3.311404189599844172e-01
3.311404191698247845e-01
3.314161301640644042e-01
3.314405506752119979e-01
3.314526437198834219e-01
3.314526437199351583e-01
3.315096243848652535e-01
3.315151285376761181e-01
3.315151285432954564e-01
3.317027980833389122e-01
3.317027984228825832e-01
3.317920681334995958e-01
3.319065987833136333e-01
3.319661338473584578e-01
3.322908600536060852e-01
3.322908600537372581e-01
3.323621675321576929e-01
3.323621675403934383e-01
3.325307454032973564e-01
3.325307454034648336e-01
3.325537245249998164e-01
3.326065836329820669e-01
3.328443083677292136e-01
3.329409528065314650e-01
3.329872983063462133e-01
3.329872983068069003e-01
3.330648355267404326e-01
3.330648355328238996e-01
3.332785096409879855e-01
3.332785096411556847e-01
3.334220584793314290e-01
3.336089386191490314e-01
3.337141692678377569e-01
3.337160213304951606e-01
3.337160213868892722e-01
3.338695697325052003e-01
3.338695697329724377e-01
3.338862125562174210e-01
3.338862126956683163e-01
3.339113636397704754e-01
3.339140065693919635e-01
3.339140065697808191e-01
3.339423188325815750e-01
3.339467316664588847e-01
3.339467316665515328e-01
3.341287839987403530e-01
3.341287840011540333e-01
3.342755088736335534e-01
3.342755088785935302e-01
3.342869284619174874e-01
3.342869290573072805e-01
3.344986501303956472e-01
3.344986501546005631e-01
3.345204937681893198e-01
3.345204937682416668e-01
3.347012084661900033e-01
3.347033806047873816e-01
3.347155812093744465e-01
3.347816164265666194e-01
3.347816165100704344e-01
3.349559153315337934e-01
3.349559153323642402e-01
3.352820201563158076e-01
3.352820201700390523e-01
3.355075449681270694e-01
3.355075449710906987e-01
3.356580184252009325e-01
3.356580184257252908e-01
3.359134806174023380e-01
3.359134806176425903e-01
3.362146843147211794e-01
3.362348155178543907e-01
3.362423290640687568e-01
3.362423290643602458e-01
3.362569896956241755e-01
3.363237100524793521e-01
3.363237101276007057e-01
3.364027019551876774e-01
3.364027019574045152e-01
3.367353327562757070e-01
3.367353327567161880e-01
3.368216760178651126e-01
3.368216760501858142e-01
3.368516137702348145e-01
3.373434519719423208e-01
3.373626221955039473e-01
3.373626222310758260e-01
3.374830157219955717e-01
3.374830160460042250e-01
3.374892203463658036e-01
3.376164723705221693e-01
3.376292111171630417e-01
3.378796506813384060e-01
3.379966978038143055e-01
3.379966978048333792e-01
3.380015621142559712e-01
3.380015625141398750e-01
3.381936373564009557e-01
3.382563190736396774e-01
3.382733500079596056e-01
3.382733500560635154e-01
3.383227259283189681e-01
3.383227259289728339e-01
3.386325681398418275e-01
3.386325681404348531e-01
3.386554091502476660e-01
3.386554091776541875e-01
3.387021242211975536e-01
3.388078160167409814e-01
3.388155062682705609e-01
3.388682711652135637e-01
3.388731986662038564e-01
3.388910420694467018e-01
3.388910420695573356e-01
3.389527425082830003e-01
3.390052467523045898e-01
3.391432695688219590e-01
3.391472207663229765e-01
3.391472207686175300e-01
3.391605156947652966e-01
3.392985535304736122e-01
3.392985535317759038e-01
3.393162877814990264e-01
3.393162878278514483e-01
3.394477100763691468e-01
3.394477100765906363e-01
3.398028605685384229e-01
3.398550534482608354e-01
3.399171907778709700e-01
3.399171907785994429e-01
3.401944037160891110e-01
3.401944037691088663e-01
3.403490730040454326e-01
3.403490730542313436e-01
3.404191339680376349e-01
3.404191339681961748e-01
3.405946883740725850e-01
3.405946883743420361e-01
3.406944692488801385e-01
3.406998576755542185e-01
3.410012207692916797e-01
3.410551912796149221e-01
3.410551912907136551e-01
3.411017328742090293e-01
3.411017328779094027e-01
3.411740905750431652e-01
3.413412679918291226e-01
3.413487890436758265e-01
3.413487892605777674e-01
3.413684906884850712e-01
3.413684907104809763e-01
3.414640603945462982e-01
3.414640604797996581e-01
3.415779463596280707e-01
3.415779463604232125e-01
3.416406229407393802e-01
3.416406229443993969e-01
3.419792412436828966e-01
3.419792414522318524e-01
3.420295054398852508e-01
3.420295054401749635e-01
3.421971433499789161e-01
3.422541383551129801e-01
3.425065716386833103e-01
3.425137260206799761e-01
3.425137261469334282e-01
3.425250619918882022e-01
3.425250619964527177e-01
3.425276919493634442e-01
3.426950845623613628e-01
3.426950846588391886e-01
3.429635567310311828e-01
3.429635567340542646e-01
3.431041218866272557e-01
3.431041220190151897e-01
3.432074640845572122e-01
3.432084668558972318e-01
3.432084668596468435e-01
3.432203743633430171e-01
3.433045294160048666e-01
3.433329812487564969e-01
3.433329812494643196e-01
3.435538786829105962e-01
3.435538787170898112e-01
3.437115510763276705e-01
3.438758941592378049e-01
3.438758941593464957e-01
3.439158165359649244e-01
3.439158165368011444e-01
3.439294685579698529e-01
3.439395651686287247e-01
3.440686289489699456e-01
3.440800977410423123e-01
3.442241656204547140e-01
3.442241656857819021e-01
3.443775706160935313e-01
3.443775706161557038e-01
3.445874462135547489e-01
3.446835611185248838e-01
3.446835611222640594e-01
3.447080542799955682e-01
3.447080542831848504e-01
3.448032164841791092e-01
3.448228816631259686e-01
3.448228827707137678e-01
3.448251612787675557e-01
3.448494360456844654e-01
3.449692509086823011e-01
3.449692509088147507e-01
3.451203799848963083e-01
3.451203800558378387e-01
3.454104375245237168e-01
3.454215969155438604e-01
3.454314676945461904e-01
3.458710451181596923e-01
3.458710451183344414e-01
3.459843237245825986e-01
3.459999233707872768e-01
3.461976121922056837e-01
3.461976121962656583e-01
3.462120572916072558e-01
3.462120574595866640e-01
3.463911134947960657e-01
3.463911134951500603e-01
3.464253385082930459e-01
3.464253385165170229e-01
3.464401945328338117e-01
3.466917224275127274e-01
3.466917226834804189e-01
3.467774403896299873e-01
3.467774404066754079e-01
3.468559240193563875e-01
3.468704423873364417e-01
3.468704423887587485e-01
3.469308856439367039e-01
3.474531126531338887e-01
3.476482642775357013e-01
3.476782314615956548e-01
3.476782314686691078e-01
3.477855837260325766e-01
3.477855837718897281e-01
3.479127577008327421e-01
3.480334433499288060e-01
3.480334433889489265e-01
3.482407909335087370e-01
3.482407918189990848e-01
3.482760593814648864e-01
3.482760593815567018e-01
3.484186503958146552e-01
3.484186503962795056e-01
3.484385125413973494e-01
3.484757749821446593e-01
3.484886108189087506e-01
3.484886108207395083e-01
3.485276554809415561e-01
3.485634615177474749e-01
3.485634615314998075e-01
3.488586116927973602e-01
3.488586116931005621e-01
3.488937039120529326e-01
3.488937039169803800e-01
3.488938070003780867e-01
3.488938070004853342e-01
3.491699872286396222e-01
3.491699873262197329e-01
3.493064832827315613e-01
3.493064832830119482e-01
3.493664574094005326e-01
3.493664575722658094e-01
3.494469956196570304e-01
3.494622534481855447e-01
3.497077588564620476e-01
3.498354075787201145e-01
3.499679132710012408e-01
3.499697694692875394e-01
3.499697695294051725e-01
3.500625326529924197e-01
3.503553730754981888e-01
3.503553733134538439e-01
3.504522704036056591e-01
3.504522704037297265e-01
3.506000626701867851e-01
3.506000626703417167e-01
3.507385528384726614e-01
3.507385528386128271e-01
3.508562210068110754e-01
3.510001055297888861e-01
3.510122202848909301e-01
3.510122203092526649e-01
3.510371049214304207e-01
3.512802636636808140e-01
3.513222426074568694e-01
3.513350445094712282e-01
3.513350445100604791e-01
3.514356218938471388e-01
3.515408479957568000e-01
3.515408479959262755e-01
3.516603576876766168e-01
3.517164616429782065e-01
3.517164616443568259e-01
3.520152896667161357e-01
3.520152898271539654e-01
3.521879055441238804e-01
3.521879055726190311e-01
3.524408621805190100e-01
3.524620429046759207e-01
3.524620429050900339e-01
3.524851217430942096e-01
3.524851217432241057e-01
3.526430865454530661e-01
3.526432870588390167e-01
3.526631414638718431e-01
3.526810954195156445e-01
3.531232260053302485e-01
3.531232260064876560e-01
3.531895357630486232e-01
3.531895358146870945e-01
3.532312637941834588e-01
3.532312641772906714e-01
3.533174114611653538e-01
3.533242390717026837e-01
3.534066394447722970e-01
3.534066394455028237e-01
3.535122400932522724e-01
3.535122400936514531e-01
3.539942683560907688e-01
3.539942683561302927e-01
3.540517911566799514e-01
3.540619113954586172e-01
3.540619113955690844e-01
3.540953020386208849e-01
3.540953020567136345e-01
3.541059645722378635e-01
3.541059647671057076e-01
3.541081020827198111e-01
3.541318602791880821e-01
3.541318602794429893e-01
3.542192464763392334e-01
3.542192464767102145e-01
3.543030864351615072e-01
3.543030864646151690e-01
3.543107869655979236e-01
3.544853679653554579e-01
3.544853679654472733e-01
3.546582655671355333e-01
3.546582656153848268e-01
3.547161638177643850e-01
3.547379538762435724e-01
3.547531041287589337e-01
3.547531041350279191e-01
3.547835188800849693e-01
3.547835189126486988e-01
3.548193084299484101e-01
3.548193084300289568e-01
3.549112736962681258e-01
3.549112737515461302e-01
3.552575488220452993e-01
3.552575488226769607e-01
3.552924775084289610e-01
3.552924775450749806e-01
3.553915906703927208e-01
3.554575634339563472e-01
3.555650128181041536e-01
3.558477822370830213e-01
3.558626622855006749e-01
3.558644237186704418e-01
3.558644237187119086e-01
3.561691327309379762e-01
3.561691327313177280e-01
3.562345279919484908e-01
3.562345280295802219e-01
3.562514390205181458e-01
3.562514390209466919e-01
3.563437695319716658e-01
3.563794020631501636e-01
3.564008087401779878e-01
3.564070136046535442e-01
3.564491505140093830e-01
3.564573680152662849e-01
3.564573680218169338e-01
3.566077965160142083e-01
3.566077965162502972e-01
3.566937425432938902e-01
3.567140954039703660e-01
3.567734687489670931e-01
3.567734687928955650e-01
3.568812581643716064e-01
3.568812581648644899e-01
3.572104829696835515e-01
3.572104829697620443e-01
3.572871428133543859e-01
3.572871428136082383e-01
3.575953264821619682e-01
3.575953264823731326e-01
3.576613311046516475e-01
3.576613311047381893e-01
3.577877922960596146e-01
3.577877922986459902e-01
3.579495431531611871e-01
3.579805186533063788e-01
3.585387643814597625e-01
3.585387643822207093e-01
3.585425857164347141e-01
3.585425857165591701e-01
3.587518750988594185e-01
3.587518750990545402e-01
3.587978194962686551e-01
3.589189214373584846e-01
3.589189214391937388e-01
3.589406211515689393e-01
3.589406211517456313e-01
3.592002102276315445e-01
3.592223555240545707e-01
3.592783998756411412e-01
3.592783999164525510e-01
3.593500102772803628e-01
3.593500102778792171e-01
3.596189852120041386e-01
3.596283072240697432e-01
3.598024867905947333e-01
3.598024869008364934e-01
3.600387281023792463e-01
3.600387281024641228e-01
3.600955290482165672e-01
3.602350848604977118e-01
3.602350848606534761e-01
3.603678579782015334e-01
3.603678579812475968e-01
3.607019389844490775e-01
3.607019389846460866e-01
3.607789282508558903e-01
3.607789287837189218e-01
3.608395445468172702e-01
3.608395445470268803e-01
3.608673487214740239e-01
3.608673487229477894e-01
3.609488052477688447e-01
3.609711455697875437e-01
3.609732587237080570e-01
3.609732587238026480e-01
3.611690559217106689e-01
3.611771467154846205e-01
3.612928056886897665e-01
3.612928056892723006e-01
3.613666597490166055e-01
3.613666598508029626e-01
3.615952171611697130e-01
3.615952171613027732e-01
3.620588497624546709e-01
3.621161653936788016e-01
3.621161654866870139e-01
3.622387690652063563e-01
3.622387690757524203e-01
3.623131358513850264e-01
3.623331097775426279e-01
3.625278420808580315e-01
3.625312927551144759e-01
3.625312927553386300e-01
3.625320854664469405e-01
3.625816997654612295e-01
3.625816997658347640e-01
3.626520780036577851e-01
3.629495574620870135e-01
3.631375541525863060e-01
3.632621055856560255e-01
3.632621055858584747e-01
3.632803124235127745e-01
3.632803124244982640e-01
3.633689891783866699e-01
3.633689891789053661e-01
3.635029214952509302e-01
3.635344487137892600e-01
3.638489787368065498e-01
3.638489787369730832e-01
3.639869167546500583e-01
3.639869167547706841e-01
3.640145837555002206e-01
3.640145839370065861e-01
3.644662398836568951e-01
3.644704522644223732e-01
3.648279291698750537e-01
3.650241754032400587e-01
3.650558738419920624e-01
3.651777361209875283e-01
3.651777361795107146e-01
3.652078724236997309e-01
3.652078724308172597e-01
3.652432801018205000e-01
3.652432801019933062e-01
3.654588481253543963e-01
3.654588481258074784e-01
3.654774304548159547e-01
3.654774304577803057e-01
3.655574845624455227e-01
3.656516655047115094e-01
3.656842024177864303e-01
3.658597078440061212e-01
3.661283064454132763e-01
3.661283064759150441e-01
3.662260458630597904e-01
3.662260458652238371e-01
3.662910216506143901e-01
3.663207045897677872e-01
3.664635403679126213e-01
3.664635403680143177e-01
3.664776831273689472e-01
3.666425163889040495e-01
3.666425163901572137e-01
3.666848531980986814e-01
3.666848531981742321e-01
3.668948138669104186e-01
3.668948138689193117e-01
3.669450387660299073e-01
3.669495765547824973e-01
3.671628876646428896e-01
3.671628876647322626e-01
3.674473029976042526e-01
3.674473029976880745e-01
3.674866100827794413e-01
3.674866100828964033e-01
3.677646511047081845e-01
3.677646511241677851e-01
3.678038753844747877e-01
3.678038757489207056e-01
3.678466209645181451e-01
3.679278155111323501e-01
3.679278155154901420e-01
3.679539482466353539e-01
3.681178214225562795e-01
3.681178214237832980e-01
3.681350639439636696e-01
3.681628236897742101e-01
3.681628236994625714e-01
3.681943970044778136e-01
3.683171092876996178e-01
3.683171093490046344e-01
3.684759117410222329e-01
3.684759117421064767e-01
3.687230007374318608e-01
3.687230007474811000e-01
3.687557495444205857e-01
3.687557495446593392e-01
3.688379679699495539e-01
3.688379679702051828e-01
3.689134569541704933e-01
3.689134569543572328e-01
3.690158642288646762e-01
3.690428914193384924e-01
3.698150821273072930e-01
3.698150821344240446e-01
3.698417221087744178e-01
3.698417221091592766e-01
3.698491677360099539e-01
3.700879875814472864e-01
3.700879876046259676e-01
3.702403948285395985e-01
3.702403948286364099e-01
3.704709233622816567e-01
3.704716513790755616e-01
3.704716513831673996e-01
3.705778680645874235e-01
3.706489726946942120e-01
3.707261812871322504e-01
3.707261812871869289e-01
3.707805045989506221e-01
3.707805045999238436e-01
3.708410665298594311e-01
3.708410665300185816e-01
3.709185357113368164e-01
3.709315153533061515e-01
3.709315153533492282e-01
3.709340482292829977e-01
3.709496444569714280e-01
3.710908518301070935e-01
3.710908518389653410e-01
3.713250278764206880e-01
3.713371077355754890e-01
3.714979773064897017e-01
3.714979773215110748e-01
3.715259801754543512e-01
3.715259801760386060e-01
3.719895747508819572e-01
3.719895748620323794e-01
3.721506276107777178e-01
3.721901730123897134e-01
3.721901730142959663e-01
3.722627840040998448e-01
3.722661930571388722e-01
3.723801996495905153e-01
3.723985407840128548e-01
3.723985407848692808e-01
3.724209348446866352e-01
3.724209348511826057e-01
3.726070868650551149e-01
3.726070868651586432e-01
3.728901804177362500e-01
3.729064209831229326e-01
3.729064209850899148e-01
3.729604310355634222e-01
3.729625716560746596e-01
3.729724604987497694e-01
3.729724605810999516e-01
3.733872998241360430e-01
3.734100885379926793e-01
3.734945857426005822e-01
3.734945857427814375e-01
3.738896467625470454e-01
3.738896468127161365e-01
3.740105130987475546e-01
3.740105131428982932e-01
3.742657685180160176e-01
3.742657685187161243e-01
3.743251517722859245e-01
3.743251517731767120e-01
3.743273793438787189e-01
3.743273793581183284e-01
3.743302773771226555e-01
3.743655850654876160e-01
3.743977244305607410e-01
3.743977246749482513e-01
3.744074940302107302e-01
3.745796642879333227e-01
3.745796642900060536e-01
3.749924230268133485e-01
3.749924230280886617e-01
3.750646769741161068e-01
3.750746023297035214e-01
3.750952350752446152e-01
3.753049387648461077e-01
3.753049387715509666e-01
3.753142231614960411e-01
3.753142231620161806e-01
3.753278006930242938e-01
3.753278006935291122e-01
3.759281081724955009e-01
3.759281083116322586e-01
3.759383983289035780e-01
3.759685026369635197e-01
3.762301316932147865e-01
3.762301316944167140e-01
3.762818150143820706e-01
3.762818150160471276e-01
3.766091430753414349e-01
3.766091430753961133e-01
3.766158191588649951e-01
3.766158192764532120e-01
3.769586554131538758e-01
3.769586554134735645e-01
3.771912722778608118e-01
3.771912722779442451e-01
3.772611037162717507e-01
3.772611037165125025e-01
3.772713361670248511e-01
3.772775978057154034e-01
3.774974900812686496e-01
3.775153672872677557e-01
3.775946436094020364e-01
3.775946437350177765e-01
3.776708657438936911e-01
3.776708657439686312e-01
3.777036077330637176e-01
3.778944122673568717e-01
3.778944122708969289e-01
3.779157221330430860e-01
3.779157221332531402e-01
3.779270030493803723e-01
3.779270030526372670e-01
3.779465166786724062e-01
3.779472975053366213e-01
3.780007634360891267e-01
3.780007634435956221e-01
3.781035715925458174e-01
3.781035716175290551e-01
3.782738167762944026e-01
3.783869853420928631e-01
3.783869853421926721e-01
3.785480351135521726e-01
3.785849641804893140e-01
3.790954555042891361e-01
3.790954555150815586e-01
3.791249014391195882e-01
3.791249016455176535e-01
3.791499872644293334e-01
3.791499872646826308e-01
3.793777039961443442e-01
3.793945556692094323e-01
3.793945559474562468e-01
3.797568813687988154e-01
3.798134787795405809e-01
3.798134787797800005e-01
3.798646458494979727e-01
3.800745109002968691e-01
3.800745109111148268e-01
3.800961150568871183e-01
3.802995414321276302e-01
3.802995414321616585e-01
3.805742712525222449e-01
3.805742713389690390e-01
3.806465082042728154e-01
3.806465082100179975e-01
3.807400183476989386e-01
3.807400183639494395e-01
3.807769086734462127e-01
3.807769087539016883e-01
3.809558626657485458e-01
3.809558626659781955e-01
3.811439936546007767e-01
3.811439936547682539e-01
3.812264827380632548e-01
3.812393783959600602e-01
3.813633087237678354e-01
3.814129136158354028e-01
3.816667635862405206e-01
3.816667635865494956e-01
3.817319715584059359e-01
3.817319715591236950e-01
3.819317747047554223e-01
3.819317749251354144e-01
3.819538597685242509e-01
3.819563921777118787e-01
3.819622677667453003e-01
3.819775701574028570e-01
3.819775704011724171e-01
3.820910992578330223e-01
3.820910992618521962e-01
3.822285176098536019e-01
3.822285176535144546e-01
3.823766304452899112e-01
3.823766304453723452e-01
3.826095659520762360e-01
3.826177320466055409e-01
3.827604110392626158e-01
3.830724884934849084e-01
3.830724886098333393e-01
3.832704319092075096e-01
3.833430675763430107e-01
3.833430675765720497e-01
3.834102129014794191e-01
3.834102129022760597e-01
3.835902484948642832e-01
3.835902486528309230e-01
3.836998905599597887e-01
3.837066959403927502e-01
3.841885331823450822e-01
3.842035102057099749e-01
3.842035102059100926e-01
3.842586352286968543e-01
3.842674313144493481e-01
3.844194169490148805e-01
3.844194169865393085e-01
3.844217208644271633e-01
3.844217208646372730e-01
3.845314250423605973e-01
3.846750677939697050e-01
3.846762437410176649e-01
3.847594026694854397e-01
3.847594026781128163e-01
3.848758916532694641e-01
3.848758916781033768e-01
3.850215952824381782e-01
3.850215952825696286e-01
3.850753871702607967e-01
3.850941418346289224e-01
3.852817265622408560e-01
3.852817265659913559e-01
3.854482013853342548e-01
3.857037989432570146e-01
3.857037989434217162e-01
3.857862953317648391e-01
3.857862953350650326e-01
3.859744800902317197e-01
3.859744800904806317e-01
3.861861578305328946e-01
3.861861578484098168e-01
3.862705088088932426e-01
3.862705088129694819e-01
3.865341553211226744e-01
3.865675402232717217e-01
3.865857163491586146e-01
3.868648302265541017e-01
3.868648304006477301e-01
3.868883648266355224e-01
3.868883648482115412e-01
3.869773910458004229e-01
3.870074748204016535e-01
3.870074749685143978e-01
3.871165270038885442e-01
3.871165273375554161e-01
3.871510375165448936e-01
3.871512460770654696e-01
3.871870992920980470e-01
3.871870992923818200e-01
3.877407125426211576e-01
3.877407125428743995e-01
3.878141389214399548e-01
3.878141395666567237e-01
3.878655721522871747e-01
3.878655723410634470e-01
3.880767714259533152e-01
3.881937296869121257e-01
3.882136043146542925e-01
3.882136043152578098e-01
3.882146135550466615e-01
3.884306263441406060e-01
3.884306265185264451e-01
3.885902704962687082e-01
3.885902704965104038e-01
3.885955803422811439e-01
3.886476639998300286e-01
3.890403361160941764e-01
3.890403361164361251e-01
3.890735410393406646e-01
3.890735410806579475e-01
3.891709029944401266e-01
3.891709029946052723e-01
3.891961200064324444e-01
3.891961200287066269e-01
3.895396853522664626e-01
3.895923928324703800e-01
3.896270525128378570e-01
3.896334132220643509e-01
3.896334134307771757e-01
3.896866710557473357e-01
3.896866710560891178e-01
3.897629910066879866e-01
3.897807432875333156e-01
3.903191855065124560e-01
3.903191857988578817e-01
3.904078557254103687e-01
3.904078557271715155e-01
3.904540235433596740e-01
3.905954334635127756e-01
3.905954334676254303e-01
3.908852669162896643e-01
3.909051490576134213e-01
3.909697939410360368e-01
3.909697939475976769e-01
3.909960720766504361e-01
3.909960720814393276e-01
3.911230130437600150e-01
3.911230130577599828e-01
3.911828414115885999e-01
3.911828414122489606e-01
3.912402070009818322e-01
3.912402070193370940e-01
3.913668322371253172e-01
3.913792715262583988e-01
3.916233316283954102e-01
3.917469763915107928e-01
3.917469764490851269e-01
3.918491309220386576e-01
3.918573889123628806e-01
3.919471811171094111e-01
3.919471811311662224e-01
3.920433794031954466e-01
3.920433794034181574e-01
3.929866291011868684e-01
3.929894708369181533e-01
3.930055622991031061e-01
3.930055622994236830e-01
3.930551716462036271e-01
3.930551716606900947e-01
3.932015752944483244e-01
3.932015752991078195e-01
3.932544341095369766e-01
3.932544341144882383e-01
3.933176159598801847e-01
3.933224466642279982e-01
3.933224491271949952e-01
3.933945811870930842e-01
3.934112975865323714e-01
3.934112975867220530e-01
3.936395415905851736e-01
3.936421878484402392e-01
3.937557659553220235e-01
3.937557659556445988e-01
3.937837150709176393e-01
3.937951112834845446e-01
3.937951112890695771e-01
3.940850237423788038e-01
3.941399091537217125e-01
3.942465180904363153e-01
3.942465184560853264e-01
3.942881311747838402e-01
3.942881311799099620e-01
3.943791346883026017e-01
3.943791346884156224e-01
3.944429677487040209e-01
3.944725282567827507e-01
3.945072881359761863e-01
3.945488654903560599e-01
3.945488654905552894e-01
3.947689666942728604e-01
3.947689667278051484e-01
3.948217175182635041e-01
3.948587454488499682e-01
3.948587454488891590e-01
3.948693145844298091e-01
3.951883077934374433e-01
3.951883078490948664e-01
3.952924766371188059e-01
3.952924766374629750e-01
3.953338530564265429e-01
3.953338530580776111e-01
3.955447349204829766e-01
3.955447349448689143e-01
3.956821783716965579e-01
3.957973844363430471e-01
3.958011655837185838e-01
3.958708227204962293e-01
3.958708227277968894e-01
3.960505903917394543e-01
3.960505903918027371e-01
3.960819422416080315e-01
3.960819422446508198e-01
3.960889281819894303e-01
3.961167092792866606e-01
3.961167093614332280e-01
3.963642904238936504e-01
3.963642904240622933e-01
3.964956388487066441e-01
3.965173040799814808e-01
3.965173040999606102e-01
3.965222868262865963e-01
3.966022084312110785e-01
3.966161299499139092e-01
3.966161299730927570e-01
3.966347200435643150e-01
3.966347200438334886e-01
3.966957743817256521e-01
3.966957743819659599e-01
3.968019621434356048e-01
3.968296137313271910e-01
3.972192957511546663e-01
3.972296947998923411e-01
3.972369783692011880e-01
3.972369784564663830e-01
3.972822590717542401e-01
3.972872007897247926e-01
3.972872007898135549e-01
3.973620375295660589e-01
3.973620377796501790e-01
3.974596227646788882e-01
3.974596227693614203e-01
3.976137739651889325e-01
3.976203443774046220e-01
3.979552197955546489e-01
3.979552197963075466e-01
3.979755103852853915e-01
3.979755103854195619e-01
3.981796772633146020e-01
3.981796772636465032e-01
3.983198907404428835e-01
3.983198907405605116e-01
3.983565364714770629e-01
3.983948739817542162e-01
3.983948739845865616e-01
3.984278642699087825e-01
3.984407447113755274e-01
3.984407447231184674e-01
3.984981801280865210e-01
3.984981801283137837e-01
3.987018961426649910e-01
3.987018962565449520e-01
3.990328513695899360e-01
3.990328513698120916e-01
3.993624504368685213e-01
3.993624504370736350e-01
3.993803956524228371e-01
3.993803956569970115e-01
3.994535348305913725e-01
3.994554618147318492e-01
3.994663983358714421e-01
3.996859603101202141e-01
3.996859603411146988e-01
3.998544013602162717e-01
3.998544014370383204e-01
4.000097930165855686e-01
4.000097930168413640e-01
4.002286371558509970e-01
4.002366402292397152e-01
4.002366402294798009e-01
4.002585844100151613e-01
4.003149689508622155e-01
4.003149689679944001e-01
4.003260841567428119e-01
4.003260842477828207e-01
4.003493390961781473e-01
4.003493391033368654e-01
4.004283517332859477e-01
4.004526996057253263e-01
4.005359722231174313e-01
4.007939822303863142e-01
4.008977666607606016e-01
4.008977666624563563e-01
4.010212684063573785e-01
4.010212684065499467e-01
4.013664356193326621e-01
4.013664356358686014e-01
4.014790948203137422e-01
4.015480588219160762e-01
4.015480588283357744e-01
4.015937235166405217e-01
4.016023795849889000e-01
4.016303094801210727e-01
4.016303094802886053e-01
4.016644230978028141e-01
4.016644233925871776e-01
4.017033898788479052e-01
4.017434630696314901e-01
4.018309592588276691e-01
4.018309592715368361e-01
4.020602066509304517e-01
4.020602066520046480e-01
4.020622546207034409e-01
4.020622546207995307e-01
4.021558574022458532e-01
4.021558574031744437e-01
4.025354030966704633e-01
4.025354032707039731e-01
4.029414782040044996e-01
4.029414782364717507e-01
4.030345222685977058e-01
4.030352375025392231e-01
4.030352375056678316e-01
4.032292573771480981e-01
4.032292574023741416e-01
4.033022616824213369e-01
4.033334590925504171e-01
4.034227321970629276e-01
4.034227321995834670e-01
4.034963053885110562e-01
4.034963054646937275e-01
4.035692787989722530e-01
4.035983326861313780e-01
4.036533406034695237e-01
4.036533406035484606e-01
4.037293237775506638e-01
4.037293239491341335e-01
4.038516259978361944e-01
4.038516260224987997e-01
4.040441608228499959e-01
4.040561570009306158e-01
4.040561570013840864e-01
4.041938330017731951e-01
4.042535725396463331e-01
4.042535725407515601e-01
4.043088427819799269e-01
4.044081396742604806e-01
4.044081396746745938e-01
4.045572110737508109e-01
4.045572111712170127e-01
4.046540851269673778e-01
4.046540851270368777e-01
4.047539148451899660e-01
4.048527409910608332e-01
4.048824702861277269e-01
4.051101795735941313e-01
4.051175569223341988e-01
4.051712452907094142e-01
4.051886708413590665e-01
4.053420458115764013e-01
4.053420458118892622e-01
4.056472851784233558e-01
4.056472851785180023e-01
4.059194558974919542e-01
4.059194559925262125e-01
4.059876087849075832e-01
4.059876088038648079e-01
4.060958219429890437e-01
4.060958219431694549e-01
4.062030458476891814e-01
4.062180968559584993e-01
4.062180968796649250e-01
4.062515168153811862e-01
4.064333867127671307e-01
4.064333867144349632e-01
4.064573010351607008e-01
4.064573010354375349e-01
4.065084324234473634e-01
4.065804904705112577e-01
4.066621338850071044e-01
4.066621338851288958e-01
4.067074216848142187e-01
4.067858315509014777e-01
4.068655680633181948e-01
4.068655680658525564e-01
4.068739757379002397e-01
4.068739757521098177e-01
4.068801490464564186e-01
4.073107189116229598e-01
4.073107189369425396e-01
4.074134176991037748e-01
4.074261799253624527e-01
4.074261799255337047e-01
4.075310869794657176e-01
4.077564122163966354e-01
4.077564122165494020e-01
4.077621002165031094e-01
4.077621002167179931e-01
4.078686837723532466e-01
4.078686837724808112e-01
4.079954533988526255e-01
4.081836469427606584e-01
4.081966173947978449e-01
4.083307445081953424e-01
4.083307445138946723e-01
4.083748268495659972e-01
4.084034344444002484e-01
4.084034344649421500e-01
4.086265584150611252e-01
4.086265584154130104e-01
4.088810508198075233e-01
4.088810509180768049e-01
4.089423775963111907e-01
4.089423776096167140e-01
4.089693953983504215e-01
4.089693953985640285e-01
4.090150726010163829e-01
4.090150726105648005e-01
4.091785526986006505e-01
4.093313779855037859e-01
4.093723165686385945e-01
4.098343417564506708e-01
4.098343417565870062e-01
4.098928139032408935e-01
4.098928139034556661e-01
4.099200448859002255e-01
4.099200449097986643e-01
4.099566020435927993e-01
4.101428278761713453e-01
4.101428279039219249e-01
4.101685431080457911e-01
4.102396633117161850e-01
4.103545534597339284e-01
4.103545534598265765e-01
4.103791276867314597e-01
4.103791276868656857e-01
4.104626498283126534e-01
4.104626498285155467e-01
4.105830628167286278e-01
4.106402991900618971e-01
4.107235125069941262e-01
4.107235125071823645e-01
4.113504047122750751e-01
4.113504047125066121e-01
4.114214391708430063e-01
4.114352553528171086e-01
4.115627467836143749e-01
4.115627467859404587e-01
4.116330773381659536e-01
4.116330773384689334e-01
4.116360333454909814e-01
4.116360333733876109e-01
4.116723465112751557e-01
4.116723465878048827e-01
4.117449175300207376e-01
4.117759613542263386e-01
4.119153663156275291e-01
4.119153663158666712e-01
4.119225608925112803e-01
4.121293439921318025e-01
4.121293439929192837e-01
4.123473685337712413e-01
4.123473685340012240e-01
4.126587292805529161e-01
4.126799398625512483e-01
4.126799398629583115e-01
4.129426552035292963e-01
4.129426552036042919e-01
4.129590292349064051e-01
4.129798371982132954e-01
4.131386696504543710e-01
4.131386696508339562e-01
4.131587506167951340e-01
4.131925623549124738e-01
4.131925623550039561e-01
4.132359942486212301e-01
4.132428896037232402e-01
4.134232864371527594e-01
4.134232864386030437e-01
4.134897895748802510e-01
4.134897895749102270e-01
4.136298391311918898e-01
4.136388457593064838e-01
4.137030938456339735e-01
4.137030938681584558e-01
4.139618243494215255e-01
4.139618243671955300e-01
4.140480881328826301e-01
4.140480881330666496e-01
4.142726873470914950e-01
4.143110915816406448e-01
4.143110915818569162e-01
4.143617115060883038e-01
4.143617115062945278e-01
4.145246271412550421e-01
4.145246272161633438e-01
4.145720063557436497e-01
4.145850926762481570e-01
4.146999924373510615e-01
4.146999924373952484e-01
4.147419895703585713e-01
4.147419895789891675e-01
4.148844313241693005e-01
4.148844313244238746e-01
4.149121936330186777e-01
4.149121936345897543e-01
4.151012906246765999e-01
4.151012906247136813e-01
4.152781366104128513e-01
4.152781366107268779e-01
4.153186480687878768e-01
4.154061295150602295e-01
4.154061295153574918e-01
4.156912195803353915e-01
4.156912195804447485e-01
4.158697253182634945e-01
4.159493268791792375e-01
4.160537234064423662e-01
4.160537234071366997e-01
4.161982651310744963e-01
4.161982653409699306e-01
4.162226162447630329e-01
4.162397801830393651e-01
4.162397802094143229e-01
4.162724683503679080e-01
4.164138643383031857e-01
4.165820307947392109e-01
4.165820307950451884e-01
4.167114800517632833e-01
4.167114800523954443e-01
4.169673025908042785e-01
4.169673025914377162e-01
4.172333763055475209e-01
4.172595934242571136e-01
4.174144746090882596e-01
4.174144746093989000e-01
4.175688868411386312e-01
4.175688868415707300e-01
4.177444866663206913e-01
4.179084481888616365e-01
4.179084482120599686e-01
4.180129109946162380e-01
4.180129109947955390e-01
4.180392831895707317e-01
4.180392831898532835e-01
4.183503352487880078e-01
4.183503352489504334e-01
4.184504587480476490e-01
4.184687823340817459e-01
4.187676677148327031e-01
4.187676677149673732e-01
4.187715859619313696e-01
4.187715859622324066e-01
4.191919499670295202e-01
4.191919499672031590e-01
4.192166594226246490e-01
4.192166594266166224e-01
4.192169094677012930e-01
4.192169094678298014e-01
4.192812467870347115e-01
4.192812467870702386e-01
4.194133713003573849e-01
4.195782918066346956e-01
4.195782918071141454e-01
4.197656894687664675e-01
4.200213290336128891e-01
4.200690019173883294e-01
4.201340448230000413e-01
4.202888636698414726e-01
4.202888637630248225e-01
4.203039674126675673e-01
4.203039674341859100e-01
4.205197893301412804e-01
4.205197893304659096e-01
4.208814399883908375e-01
4.210555037459877692e-01
4.210555037463463157e-01
4.212094940893463813e-01
4.212348356615799316e-01
4.212348356616506528e-01
4.213043611747143702e-01
4.213043611750491024e-01
4.213302214106892096e-01
4.214310683092671872e-01
4.214310683797881651e-01
4.214990451617717238e-01
4.215119843565220403e-01
4.215460672333817271e-01
4.218038527959760420e-01
4.218038532316893408e-01
4.220018909872638169e-01
4.220018909931665951e-01
4.220777265174016080e-01
4.220777265185666760e-01
4.222805397984693565e-01
4.222805398187979842e-01
4.223138446555165237e-01
4.223499491176784804e-01
4.223499491187062138e-01
4.223920337383428869e-01
4.224255399867440364e-01
4.224255400082501111e-01
4.224558195387184689e-01
4.225444689314981073e-01
4.225444689326700032e-01
4.226347008727631693e-01
4.226347008729270383e-01
4.227692492906636179e-01
4.227692492936533375e-01
4.229494892171460352e-01
4.229494892194506361e-01
4.231134736104203986e-01
4.231136282608491395e-01
4.231884615338231681e-01
4.231884615343156630e-01
4.232193770074703654e-01
4.233881420788448979e-01
4.233881420927751993e-01
4.234521591390523754e-01
4.234521591392966799e-01
4.236675175691451689e-01
4.236878501295758825e-01
4.236959043810508696e-01
4.236959043901792343e-01
4.240210464386595657e-01
4.240210464415652969e-01
4.240842924327455910e-01
4.240842924329719654e-01
4.241201876405051308e-01
4.241201878119810198e-01
4.242057037294933997e-01
4.242057037295990374e-01
4.242934229239389010e-01
4.242934229415725178e-01
4.244397824836615984e-01
4.244616341061915876e-01
4.249455885462525284e-01
4.250014794572755106e-01
4.250014794574817345e-01
4.250519813698847571e-01
4.251237589357260704e-01
4.251764444091485351e-01
4.251764444095024187e-01
4.253419403197503113e-01
4.253419403217240102e-01
4.254669038595342290e-01
4.254669038596330943e-01
4.254986827437843289e-01
4.255020587617370786e-01
4.255020587623767336e-01
4.255640255788428195e-01
4.255640257881833088e-01
4.256652008172088775e-01
4.256652008172810975e-01
4.257127979841679455e-01
4.257127979844401167e-01
4.257879019823750943e-01
4.257879020389482294e-01
4.258244752448463455e-01
4.260390684820494767e-01
4.260390688688778238e-01
4.262743165860274352e-01
4.264207493073511324e-01
4.264207493074095856e-01
4.265420921827066669e-01
4.265420921837634882e-01
4.266691321970105810e-01
4.266691322089298244e-01
4.267555251671753536e-01
4.267828667138871546e-01
4.270891887397610387e-01
4.270891887714865498e-01
4.270976786038316875e-01
4.270976786046873364e-01
4.271224642063249366e-01
4.271224642069904598e-01
4.272671145795581271e-01
4.272671145826347217e-01
4.273441196137345299e-01
4.273441196152757415e-01
4.273459502188458603e-01
4.273702199528423007e-01
4.276269174807652007e-01
4.279528974916604334e-01
4.279528974919687423e-01
4.282329324333555287e-01
4.282585784260911632e-01
4.282851269656668958e-01
4.283012693167755347e-01
4.283012693168298246e-01
4.285503549686544011e-01
4.285503549923763700e-01
4.285915776219073603e-01
4.285915776331465366e-01
4.287729530384140064e-01
4.287729530385572807e-01
4.289321085263699818e-01
4.290710768464137681e-01
4.290710768976031542e-01
4.292004454296730609e-01
4.292004454297831950e-01
4.292680376628138506e-01
4.292680376629994798e-01
4.293692124137791222e-01
4.293692124140425226e-01
4.295825203023923011e-01
4.295879747623647660e-01
4.298443346909426310e-01
4.300022035425793976e-01
4.300022035426542821e-01
4.302206968336030890e-01
4.302206998748003275e-01
4.302948124748814940e-01
4.302948124751895809e-01
4.303231288965795875e-01
4.303231289091887235e-01
4.304332795414770318e-01
4.304332795425064306e-01
4.304383958087707462e-01
4.306766360260506077e-01
4.306766360263568627e-01
4.308650109741173351e-01
4.308650109747344525e-01
4.310486212581257082e-01
4.310705567186036147e-01
4.313115658426462384e-01
4.313115659068778029e-01
4.315458664278747358e-01
4.315458664280149015e-01
4.315804546655563900e-01
4.315895330963919752e-01
4.316747030979238287e-01
4.317617283132166861e-01
4.317700850006923052e-01
4.320715932681619686e-01
4.320715942472986848e-01
4.321063344448613508e-01
4.321063344450756238e-01
4.321512685036504875e-01
4.321512685041539736e-01
4.323619692901507494e-01
4.323619693494890615e-01
4.327397988024933584e-01
4.327397988027364417e-01
4.327848110254624570e-01
4.327848110284484018e-01
4.329741806562174555e-01
4.329741806581897667e-01
4.330204194966144060e-01
4.330204195321191718e-01
4.330840446334598970e-01
4.330840446356049034e-01
4.331878045916799369e-01
4.331878045923248099e-01
4.332390075829576914e-01
4.332390075834373078e-01
4.332444022090855551e-01
4.333951237644193544e-01
4.333951238555858176e-01
4.336217309893417582e-01
4.336217309915663121e-01
4.336458479499764040e-01
4.336458479734313087e-01
4.338503929680316284e-01
4.338600297683376517e-01
4.339896782607600145e-01
4.339896782623501870e-01
4.340621754616067474e-01
4.340621754618341210e-01
4.340628236066992329e-01
4.340628236090666725e-01
4.342611304007814588e-01
4.343248126633978967e-01
4.344710431630748326e-01
4.344710432004890155e-01
4.344943376697718018e-01
4.344943376718829464e-01
4.346072131108453807e-01
4.348793353034776654e-01
4.348793353151383378e-01
4.349154929428366012e-01
4.349168252620557729e-01
4.350350622815994384e-01
4.350350626861412273e-01
4.350886223219601057e-01
4.351691740612724235e-01
4.351691740618840454e-01
4.352763618790934652e-01
4.352763619491968328e-01
4.353288907490019954e-01
4.353989959867251014e-01
4.354044942377134353e-01
4.356412092387553781e-01
4.356412092862060881e-01
4.358828497165485039e-01
4.358828497204418340e-01
4.362706685598621847e-01
4.362917743846930763e-01
4.362917743849173968e-01
4.363992887918347052e-01
4.363992887945430388e-01
4.367834501840324735e-01
4.367924095528956108e-01
4.367924095530494322e-01
4.368051827482040683e-01
4.368316235673725956e-01
4.368316235675299142e-01
4.368546378148194798e-01
4.368546406255203185e-01
4.370885076868763486e-01
4.370885076876426245e-01
4.372489092633764507e-01
4.372489092649248787e-01
4.374477554980759075e-01
4.375560185692549675e-01
4.375560185692747850e-01
4.375744343849229945e-01
4.375744344386942042e-01
4.376522835956080382e-01
4.376522836311284581e-01
4.376829669802839717e-01
4.376875518116696284e-01
4.377745054443266115e-01
4.377745054444499018e-01
4.379854109685104580e-01
4.379854109758650749e-01
4.382263440012111877e-01
4.382885861761541268e-01
4.384434034741041541e-01
4.384434034800367419e-01
4.384637794987797377e-01
4.384739029307662128e-01
4.384739029309750458e-01
4.385534062267476552e-01
4.385534062341125416e-01
4.388137779665983729e-01
4.388137779668594973e-01
4.388273847044341647e-01
4.388303564213934527e-01
4.388505161411603850e-01
4.388505161411805355e-01
4.388939498559684127e-01
4.390208109247258350e-01
4.390918606888538633e-01
4.390918606910675925e-01
4.393118370109763138e-01
4.393262337800389883e-01
4.399089087986741142e-01
4.399089087989528912e-01
4.399243958114555930e-01
4.399243958117761144e-01
4.400228304574284599e-01
4.400228304575841132e-01
4.400840522103978136e-01
4.400840522480083949e-01
4.402124473448934538e-01
4.402124473452592723e-01
4.402142986925983714e-01
4.402142986931032453e-01
4.404384990485258888e-01
4.404384990573017022e-01
4.405466761962335553e-01
4.405466761966540523e-01
4.409379565562372982e-01
4.409379565566445836e-01
4.409703083834302650e-01
4.409703083845150084e-01
4.411274622950141500e-01
4.411274622954772795e-01
4.413186405682585911e-01
4.413186405687952174e-01
4.416170774622357187e-01
4.418588610558664143e-01
4.418588610561579588e-01
4.418785056370934661e-01
4.418785056482815166e-01
4.419153749399042930e-01
4.419153749416988020e-01
4.421285936278788742e-01
4.421285936320600296e-01
4.422931961429578673e-01
4.422931961540385593e-01
4.423187408022054012e-01
4.423187408041738267e-01
4.423745512875275065e-01
4.423767057441512773e-01
4.423831933661853122e-01
4.424730062420711429e-01
4.424730062459650282e-01
4.424869481964170959e-01
4.424869482774083096e-01
4.425341883071643445e-01
4.427210890806780874e-01
4.427288513321662733e-01
4.427288513743076748e-01
4.427731330678890131e-01
4.429056252196464372e-01
4.429056254077915478e-01
4.429187713855083364e-01
4.429187713857190567e-01
4.429392670450085778e-01
4.429392670767624551e-01
4.433699583566660385e-01
4.434680829272931168e-01
4.434680829276702596e-01
4.435359076729813443e-01
4.436076403180888583e-01
4.436076403187032002e-01
4.437925872395078186e-01
4.438188493305632032e-01
4.438188493385907818e-01
4.438872030758344578e-01
4.442113734002340886e-01
4.442113734004428105e-01
4.442363083515372124e-01
4.442363083526416068e-01
4.445462841303462476e-01
4.445462841305327650e-01
4.445675307221942929e-01
4.445675307792726905e-01
4.446033689534823474e-01
4.450540888191738542e-01
4.450540888192861533e-01
4.452459145316242650e-01
4.453479476912194368e-01
4.455090655541708577e-01
4.456531309352936288e-01
4.456531309354764825e-01
4.458863788522258176e-01
4.460666786020895391e-01
4.460666786022562946e-01
4.463397018698606056e-01
4.463397018707710995e-01
4.463450677018156454e-01
4.463771256312307756e-01
4.465815843833513821e-01
4.466010919567532933e-01
4.466642395502485874e-01
4.466642395519094255e-01
4.467243639601594651e-01
4.467243639608808325e-01
4.467810859551292757e-01
4.467810860546477802e-01
4.468306834649474202e-01
4.468306834650074832e-01
4.470594467387488113e-01
4.471808344778544497e-01
4.471808344853137052e-01
4.472344594832254883e-01
4.476210165930969431e-01
4.476210165934529361e-01
4.476260933026746658e-01
4.476260933070648762e-01
4.477357437177988952e-01
4.477357437179925181e-01
4.477804872765352995e-01
4.477833527758022236e-01
4.481048698297607769e-01
4.481048698299917588e-01
4.481977390765151115e-01
4.484426707631348208e-01
4.484426707633987208e-01
4.485755412062060188e-01
4.485755412070666082e-01
4.487387171879492209e-01
4.487628163914493817e-01
4.488023164921829955e-01
4.488023164924103137e-01
4.489680698260735681e-01
4.489680698262859537e-01
4.490676227446813717e-01
4.490676227492543249e-01
4.490964168440494952e-01
4.491180496163230118e-01
4.491180496191680693e-01
4.492661063406294120e-01
4.492841998280951987e-01
4.495565953315772134e-01
4.495611884913341405e-01
4.495611884929160418e-01
4.495952233574157519e-01
4.496078199685177301e-01
4.496744104908473871e-01
4.497927618277533512e-01
4.497993951494235199e-01
4.497993951495709020e-01
4.498981155223571449e-01
4.498981155224306971e-01
4.501538703295090427e-01
4.501538703296752986e-01
4.505414236259087102e-01
4.505622289801567426e-01
4.506204382993651003e-01
4.506204382997469615e-01
4.508111323415125438e-01
4.508111323485753941e-01
4.509593971596158046e-01
4.509593971609244245e-01
4.509761271451515618e-01
4.509761271454258980e-01
4.511479982807100608e-01
4.511479983097626545e-01
4.515734295144980814e-01
4.516879603454174164e-01
4.516981607011797961e-01
4.516981607027379386e-01
4.522049656136687967e-01
4.522049656139277563e-01
4.522386314618404568e-01
4.522386314620857051e-01
4.522999217271234662e-01
4.524738353189274309e-01
4.524738353568705240e-01
4.525772812191197203e-01
4.525772812194531203e-01
4.526360053546169548e-01
4.526571465732678878e-01
4.526571465733739696e-01
4.529911636733042757e-01
4.529911636925104679e-01
4.532811141249254994e-01
4.532811141264244115e-01
4.532915436658871977e-01
4.532915436659982200e-01
4.532937766254870326e-01
4.534026297551366769e-01
4.534026297553733764e-01
4.534374142534807750e-01
4.535161575627960628e-01
4.535161576420128626e-01
4.535273287961613664e-01
4.535273287964094457e-01
4.536108820999966706e-01
4.536108821000656155e-01
4.539857377089455692e-01
4.539857378831717583e-01
4.540866829953933426e-01
4.540866829959012696e-01
4.541863111101629435e-01
4.541863111182450341e-01
4.543030980022685905e-01
4.545114253248032643e-01
4.545514933405754299e-01
4.545719210819225142e-01
4.545719211233671952e-01
4.546459065166799096e-01
4.546546077524824536e-01
4.548455693178274362e-01
4.548455693179722092e-01
4.551611393887461943e-01
4.551611393889027912e-01
4.551823257281656931e-01
4.551823257284416946e-01
4.554089693405045103e-01
4.554669232465962114e-01
4.556553766039748155e-01
4.556553766040950526e-01
4.556860285352817286e-01
4.556860285359153329e-01
4.560121702033006486e-01
4.560121702034163893e-01
4.563466157399958534e-01
4.563466158064787837e-01
4.564997154014686642e-01
4.564997154030309146e-01
4.565087587470115782e-01
4.566313529636366608e-01
4.567407307261474592e-01
4.567407307899861157e-01
4.569216931629840883e-01
4.569216931630805667e-01
4.569747369372068602e-01
4.569747369389489666e-01
4.573562642828067348e-01
4.573583346461809751e-01
4.575377889040972423e-01
4.575377889041273849e-01
4.579026086779051652e-01
4.579026086852228672e-01
4.579536698517950866e-01
4.579536698525458194e-01
4.580076413277570091e-01
4.580076416775618053e-01
4.580129576769521038e-01
4.583307787044442194e-01
4.583307787049731852e-01
4.583536421063416633e-01
4.583536421063887367e-01
4.587318603251280269e-01
4.587318603254023630e-01
4.588705984850712793e-01
4.588705984853062025e-01
4.588813344300699537e-01
4.588813347004584986e-01
4.589597559890598033e-01
4.589597559894979528e-01
4.589813741757202692e-01
4.590455476358951681e-01
4.590455476379468602e-01
4.591502066883424438e-01
4.592308894231991734e-01
4.592308894346031622e-01
4.593472629167000831e-01
4.594174331632859265e-01
4.594174331635351161e-01
4.597115179882252378e-01
4.597115179883043967e-01
4.597325490603333953e-01
4.598068800348238949e-01
4.600114807880602563e-01
4.600114807913964210e-01
4.600402006830898727e-01
4.600402007018309924e-01
4.600695725939347169e-01
4.601057229842907548e-01
4.604523479050521284e-01
4.605154533152762131e-01
4.605829975014363309e-01
4.608444194348865763e-01
4.609245597075312673e-01
4.609245597077472056e-01
4.609336504353770958e-01
4.609336504721361916e-01
4.610317191425472583e-01
4.610317191477866783e-01
4.612030642172287864e-01
4.612212221507351328e-01
4.612857394335796446e-01
4.612857394338756856e-01
4.618959074428950484e-01
4.618959074429940803e-01
4.620396454272998055e-01
4.620924577676219225e-01
4.620924577676564504e-01
4.622517249466691625e-01
4.622517249473002687e-01
4.624702617029631813e-01
4.624702617514419023e-01
4.625085796566258955e-01
4.625085797031796564e-01
4.626224680200048955e-01
4.626236338090657374e-01
4.626236338094109612e-01
4.627819752051545721e-01
4.627894127394724388e-01
4.627894127397013113e-01
4.628023198529780391e-01
4.631499253954050044e-01
4.631499253957733764e-01
4.632839439185975072e-01
4.632839439187284025e-01
4.634765028154969047e-01
4.634765028157192823e-01
4.635380272332257356e-01
4.635380273032916887e-01
4.636171399561662687e-01
4.636338710643798100e-01
4.636338710692545217e-01
4.639519447866588542e-01
4.639519449524936445e-01
4.640572570248516771e-01
4.640611006688356022e-01
4.641105121586423521e-01
4.641105123643113339e-01
4.642157698712282565e-01
4.646359649275332848e-01
4.646359649279123150e-01
4.651322154489470062e-01
4.651322154491947525e-01
4.651727427788038272e-01
4.651727427840251505e-01
4.653093878297086539e-01
4.655708656712194138e-01
4.655708656777616805e-01
4.656034240276579750e-01
4.656034240278087433e-01
4.657924325380019548e-01
4.657924325382398756e-01
4.659333688962802866e-01
4.659450670018751572e-01
4.662916555085884762e-01
4.662916555182164413e-01
4.663320059526322447e-01
4.665727869341789180e-01
4.665727869390022819e-01
4.666583957895626411e-01
4.666583957897356694e-01
4.666792861891980171e-01
4.666792862121125207e-01
4.667708342223649276e-01
4.667708342226456475e-01
4.668474266121970806e-01
4.668640507036926901e-01
4.669498453032926988e-01
4.670598510168699202e-01
4.670598510169825524e-01
4.670883079282999173e-01
4.671270534769486615e-01
4.671270536662439077e-01
4.672308054453881976e-01
4.672308054458245707e-01
4.674324848275934197e-01
4.674457162463162563e-01
4.675136739631381433e-01
4.675136739638782735e-01
4.682501585630757246e-01
4.684899975553425966e-01
4.684899975555902873e-01
4.685326928478788511e-01
4.685326928479174868e-01
4.685353090754723060e-01
4.685811385168784371e-01
4.685811385177816590e-01
4.685901955306665534e-01
4.687660524814714069e-01
4.687812255068496414e-01
4.687812255073470213e-01
4.688093706590745202e-01
4.688093706620747314e-01
4.694290457215399281e-01
4.694290458348999717e-01
4.695363065938196190e-01
4.695363065943517489e-01
4.697315034060188244e-01
4.697315034066837369e-01
4.697856189504532876e-01
4.697856189505703606e-01
4.698101276372608215e-01
4.698101276398076176e-01
4.699070507773601135e-01
4.699159892276307815e-01
4.699343534689801594e-01
4.699343534694147007e-01
4.701127103553309206e-01
4.701127103719620060e-01
4.701194728678596557e-01
4.701600781536002249e-01
4.703867716903510354e-01
4.704319592855827903e-01
4.704326477544914509e-01
4.706192128381475603e-01
4.706192128389149465e-01
4.708310352580533653e-01
4.708452761968877631e-01
4.709687712084678068e-01
4.709687712086241262e-01
4.714269040349275963e-01
4.715246139150387483e-01
4.715246139151762494e-01
4.718439920343331373e-01
4.718439920634489582e-01
4.721101334257667981e-01
4.722598832804730806e-01
4.722598832806632618e-01
4.727321016169800383e-01
4.727321016171859291e-01
4.727563639964596498e-01
4.727563642490915097e-01
4.730488274297420248e-01
4.730488274301006268e-01
4.732164429705331132e-01
4.732164429707960696e-01
4.732458856118886836e-01
4.732458857072764369e-01
4.732792945324706957e-01
4.732792945330094314e-01
4.733992410474362478e-01
4.733992410475274526e-01
4.738245272144397946e-01
4.738245272246363049e-01
4.741332423668027651e-01
4.741332423668819240e-01
4.742365959327372038e-01
4.743538269204539137e-01
4.743538269207766001e-01
4.744485310604904527e-01
4.744485310639020570e-01
4.744520288530028052e-01
4.744520289868519036e-01
4.744560892570017230e-01
4.744856983975470066e-01
4.745160238417890919e-01
4.745242559918629865e-01
4.746893814753683216e-01
4.746893814757375263e-01
4.748656339098888957e-01
4.748656339100450485e-01
4.749010688330063679e-01
4.749010688472166120e-01
4.752951817973275483e-01
4.753151770284654298e-01
4.753151770288413513e-01
4.753925222458526556e-01
4.753925222461740097e-01
4.757440884204420795e-01
4.757622354363605366e-01
4.760634808924325556e-01
4.762632782330112891e-01
4.762632782341377213e-01
4.764048801462399396e-01
4.764048801464003668e-01
4.765120010619421920e-01
4.765450038433676760e-01
4.768111115545384804e-01
4.768111116613110712e-01
4.768807179075384428e-01
4.769323934940537524e-01
4.769323934941399612e-01
4.771519171609134302e-01
4.771519171615388188e-01
4.772693421526685298e-01
4.772693421527914315e-01
4.775171038634019038e-01
4.775171038636372711e-01
4.776817909465251311e-01
4.777084495135022757e-01
4.777990486822294991e-01
4.777990486825653971e-01
4.778156527379530671e-01
4.778156527382032004e-01
4.779794177281346812e-01
4.779794177754626006e-01
4.780954290229448289e-01
4.780954290230610693e-01
4.781106288796151405e-01
4.781319048099944569e-01
4.781319048100728941e-01
4.783848127086138824e-01
4.783848127086793300e-01
4.785331671572344292e-01
4.786229287077027328e-01
4.787021357000291744e-01
4.787021358669968363e-01
4.787083551357460554e-01
4.787860705297269370e-01
4.787860705297535269e-01
4.790804211153010250e-01
4.790804211156353132e-01
4.791692615453641002e-01
4.793736587862309495e-01
4.794573699322380311e-01
4.794573702918765723e-01
4.794688728890653118e-01
4.794688728891595142e-01
4.795788449493187389e-01
4.795788449655248309e-01
4.796233542150349360e-01
4.800315230699059854e-01
4.800315231172385677e-01
4.801620538831589680e-01
4.801620538832797602e-01
4.804412782061033282e-01
4.804412782070676124e-01
4.805575825948422142e-01
4.805575825950390567e-01
4.811857975243484797e-01
4.811857975525403730e-01
4.815316685604177360e-01
4.815316685806673713e-01
4.817095789292217822e-01
4.817095789300958608e-01
4.817487245732255952e-01
4.818217266855458480e-01
4.818217266864885384e-01
4.818367168253522292e-01
4.820301207593026271e-01
4.820301210429582262e-01
4.820788721607437433e-01
4.821940757541666733e-01
4.822277547111875617e-01
4.822277547122952313e-01
4.822473386807604734e-01
4.823187433730888318e-01
4.823187433731647156e-01
4.825092905072050908e-01
4.829836957084667759e-01
4.830748520471367935e-01
4.830748520491338627e-01
4.835478264691883132e-01
4.835478264694706985e-01
4.839732910215033268e-01
4.839732910321783987e-01
4.840296424399105346e-01
4.841616735341134903e-01
4.841616735343254319e-01
4.841814639681558119e-01
4.842746207134224212e-01
4.842746207135819048e-01
4.843385611909716837e-01
4.843385611912510158e-01
4.843925150067867613e-01
4.843925150069988694e-01
4.844931346450595533e-01
4.844931346455209620e-01
4.845381634672887849e-01
4.845381635737140424e-01
4.847211078374464854e-01
4.847518768873267936e-01
4.849942916946786142e-01
4.850773032059072509e-01
4.850773032061436174e-01
4.857272672871224550e-01
4.858042608891972036e-01
4.858042608894990178e-01
4.858380531548280312e-01
4.858589495122598301e-01
4.858589495346423148e-01
4.858969235265697129e-01
4.858969235457110680e-01
4.863637181090052497e-01
4.869573132360500156e-01
4.869573132381616043e-01
4.869627916860311267e-01
4.869627916862043215e-01
4.872335812042186132e-01
4.872623175037418819e-01
4.872623175040701748e-01
4.872901465231146423e-01
4.873457702922166512e-01
4.873457702924918755e-01
4.874326116072142390e-01
4.876447387380136722e-01
4.876447388777035985e-01
4.877493793590416127e-01
4.878426225652849335e-01
4.878794840190543436e-01
4.880075788121560065e-01
4.880075788122524294e-01
4.881036258745952150e-01
4.881036258750365286e-01
4.881591341861180045e-01
4.881591341865070266e-01
4.881889764136314591e-01
4.881889764178170554e-01
4.882601278913284992e-01
4.886882928319749575e-01
4.886882928323962316e-01
4.887622567354686365e-01
4.887622567452313271e-01
4.888437662744749557e-01
4.888437662748241208e-01
4.888452205955710062e-01
4.890695099432028070e-01
4.890695099435022342e-01
4.892383060973417575e-01
4.893212595090150052e-01
4.893336739004420788e-01
4.893336739006645120e-01
4.894512325240356065e-01
4.895236222989325370e-01
4.897000591493895216e-01
4.897000591496928346e-01
4.903512244838851841e-01
4.904622373817100200e-01
4.904622374667009788e-01
4.907073200080867559e-01
4.907073200706790206e-01
4.907869214657401002e-01
4.908185498100157695e-01
4.909237327976240239e-01
4.909237327976632148e-01
4.909259528975917219e-01
4.909726181634181397e-01
4.909726181636026587e-01
4.912597393615757424e-01
4.912597399407566678e-01
4.914026856161809453e-01
4.914026856168109414e-01
4.917356258699878691e-01
4.917356258716775175e-01
4.919748022580048286e-01
4.919748022812822641e-01
4.922452371256484382e-01
4.922516931800303697e-01
4.923554709380846828e-01
4.923554709385122852e-01
4.924061222871635723e-01
4.924061222873666877e-01
4.930943901304531973e-01
4.933211243314744587e-01
4.933319934676249074e-01
4.933319935632232700e-01
4.933661315821933346e-01
4.934137129576492420e-01
4.934137129617985340e-01
4.937984961408807827e-01
4.937984961411707729e-01
4.942797011365926418e-01
4.942797011379739813e-01
4.944041650822778022e-01
4.944041654898935212e-01
4.944343482031260395e-01
4.944343486785236497e-01
4.944522068522854141e-01
4.944522068528620640e-01
4.945958924707484772e-01
4.946080391024575973e-01
4.948299606691096697e-01
4.950384412732651285e-01
4.952158856108912488e-01
4.954467546803943967e-01
4.954467546809382950e-01
4.955457881388700692e-01
4.955457881390478714e-01
4.956391455530299028e-01
4.956391455609630570e-01
4.958019743127510259e-01
4.958178748724760276e-01
4.958825566055124479e-01
4.958825566057328826e-01
4.960635282373899724e-01
4.960635282383288880e-01
4.960747807496621586e-01
4.960747808205495102e-01
4.964366721879817645e-01
4.966955716001021925e-01
4.966955716003794707e-01
4.967113658570951329e-01
4.967889605164839129e-01
4.967889606309977557e-01
4.969062935950889770e-01
4.969062936626731930e-01
4.969694379998186307e-01
4.969694380003195078e-01
4.971731125975625276e-01
4.971731125978559040e-01
4.974487582368803951e-01
4.974487583698311011e-01
4.979949540140219955e-01
4.979949540145097719e-01
4.982893269550309201e-01
4.984956459362366310e-01
4.984956459467177470e-01
4.986084228876511149e-01
4.986084228876883628e-01
4.986825694608302273e-01
4.986825694609792192e-01
4.988022647370803919e-01
4.988745047749316708e-01
4.988745047753465611e-01
4.991090954135181668e-01
4.991859592892177178e-01
4.991859593286603891e-01
4.992768308573827252e-01
4.992768308575816771e-01
4.992858564956498824e-01
4.992888027830359454e-01
4.993039110308243878e-01
4.993039110412768600e-01
4.995985315301550989e-01
4.995985315303818064e-01
5.001500514069758818e-01
5.001500514073683457e-01
5.001836645827572037e-01
5.001836646631825367e-01
5.005506350281183625e-01
5.009188665292881870e-01
5.009610364221626089e-01
5.009781877029139130e-01
5.009781877880207235e-01
5.013231595922049699e-01
5.013231595959678488e-01
5.014093362884556315e-01
5.014093362886707927e-01
5.016394779497037604e-01
5.017748944002574651e-01
5.017748944271042122e-01
5.018678183937034243e-01
5.018678183939691007e-01
5.020856425966028214e-01
5.020856425969123515e-01
5.022225846988626063e-01
5.022225847653811748e-01
5.025562031844805766e-01
5.026979145852751296e-01
5.026979145865421161e-01
5.030144514246005505e-01
5.032599816960057204e-01
5.034397488084895178e-01
5.034422302965186891e-01
5.038661507745689772e-01
5.038661507988144717e-01
5.040440278151421261e-01
5.040440278509051852e-01
5.041527796626380509e-01
5.041527796627623959e-01
5.041972191227207523e-01
5.041972191257138025e-01
5.042499589117676040e-01
5.044659672075678669e-01
5.053211777212356370e-01
5.053400425698931775e-01
5.053400425789681405e-01
5.053735349292346468e-01
5.053735349416681455e-01
5.055650011100633057e-01
5.055666171742749793e-01
5.057540899489995079e-01
5.057540899491045350e-01
5.061559295101176748e-01
5.061559295121564883e-01
5.062980833531769420e-01
5.062980833535857261e-01
5.063521564144137788e-01
5.063521564305127898e-01
5.063860775454807062e-01
5.063860775454950280e-01
5.065604287712731635e-01
5.068704753110458983e-01
5.068704753115064188e-01
5.069005783296121059e-01
5.069005783321698377e-01
5.070958118590239705e-01
5.070967813136048052e-01
5.074504643623658495e-01
5.074540171721255710e-01
5.075647243513136120e-01
5.075647243516775431e-01
5.078284477545619291e-01
5.078284477548880016e-01
5.079012589565378155e-01
5.079012589569297242e-01
5.085164603327316790e-01
5.085209509302542896e-01
5.085209509311686693e-01
5.088867331123524407e-01
5.088867331129404148e-01
5.089571334116844703e-01
5.089571334118421220e-01
5.091095960444487201e-01
5.091095960455912506e-01
5.093027390684613520e-01
5.093030729364227405e-01
5.093522439518253231e-01
5.093522440354617542e-01
5.094316634559902246e-01
5.094316634561166790e-01
5.095262950575293326e-01
5.095262950577994499e-01
5.096311875251444690e-01
5.097886584563607881e-01
5.097886584570728852e-01
5.100232188384086207e-01
5.103974922640841516e-01
5.104604862227709594e-01
5.104604862233155238e-01
5.104692318257784134e-01
5.104692318263358564e-01
5.105573321962272315e-01
5.105573321982039836e-01
5.107474430636873564e-01
5.107474430786211883e-01
5.108541863673703443e-01
5.108541863677118489e-01
5.111732115085748651e-01
5.111732115089450135e-01
5.113030205252337979e-01
5.113030205255927330e-01
5.120666495814734098e-01
5.120666495819167219e-01
5.124881462656873943e-01
5.126605770828814856e-01
5.126699378926526940e-01
5.126699379030347226e-01
5.127021195289389599e-01
5.127087133298918742e-01
5.133942898740492256e-01
5.133942898743849570e-01
5.138685256862017825e-01
5.139255906051488632e-01
5.139255906052675460e-01
5.139371462124299184e-01
5.139371462126213208e-01
5.140898083455159862e-01
5.144453694725846793e-01
5.144453694851738312e-01
5.145699731117354681e-01
5.147511161753572928e-01
5.147511161755252695e-01
5.147774073151692997e-01
5.147774073155193530e-01
5.154318825825954242e-01
5.154357158036025899e-01
5.154357158039517550e-01
5.156485132954716777e-01
5.156485132958306128e-01
5.156839023144224043e-01
5.156855101645410056e-01
5.157772776334089704e-01
5.157772777386401275e-01
5.161213173006351518e-01
5.161213173061304227e-01
5.163142494542954930e-01
5.165615215366624602e-01
5.165615215372272306e-01
5.166131414915781095e-01
5.166131414922903176e-01
5.168560993405555415e-01
5.168560993417243843e-01
5.170116960217793212e-01
5.170116960218124058e-01
5.173541780607262552e-01
5.173541780608317264e-01
5.174324648898765977e-01
5.174324648907745461e-01
5.176738877533040295e-01
5.176738877539289740e-01
5.176959848133478870e-01
5.176959850073863389e-01
5.181426397298090070e-01
5.184216854136280972e-01
5.184216854138973263e-01
5.185609685585211848e-01
5.185609685587720952e-01
5.186313057482206945e-01
5.186313057483769029e-01
5.186908688036966364e-01
5.186908688037950022e-01
5.190045808862918664e-01
5.190045808866557975e-01
5.190260524852041701e-01
5.192286641321579577e-01
5.194296553230750568e-01
5.194296564249063497e-01
5.198251429764787490e-01
5.198299233834389188e-01
5.199600148938637867e-01
5.200302680478489092e-01
5.200302680481555528e-01
5.200881501950029850e-01
5.200881502007516088e-01
5.203255685675788333e-01
5.206522652703245990e-01
5.206522655122595156e-01
5.209997947969480236e-01
5.209997948144027280e-01
5.212168811484714226e-01
5.213384617165159884e-01
5.213384617171797908e-01
5.221808637763761807e-01
5.221808637764633332e-01
5.223868678931028464e-01
5.223868678931743448e-01
5.226650119824367557e-01
5.226650120016328449e-01
5.229033990069097415e-01
5.229046010604629924e-01
5.230682720784218809e-01
5.230682720787050988e-01
5.231294503215041525e-01
5.231294503217949199e-01
5.232558808597863598e-01
5.232558808601076583e-01
5.236572183166723349e-01
5.236572183170011829e-01
5.236651190906120856e-01
5.236651192730238380e-01
5.237290626297117502e-01
5.237321578726085169e-01
5.242052820632141508e-01
5.242163994615721689e-01
5.242163994626172219e-01
5.242242753231195485e-01
5.242242753287511547e-01
5.242860177829113955e-01
5.242860177850325876e-01
5.243529802703601472e-01
5.243529810181610795e-01
5.248961269129061025e-01
5.248961271778704862e-01
5.251954809112422407e-01
5.251954809122184598e-01
5.253657788484342728e-01
5.254841895189339418e-01
5.254841895190455192e-01
5.258434323491446571e-01
5.258434351337414325e-01
5.259650006797406130e-01
5.259650006797768063e-01
5.261332902013771129e-01
5.261332903820521434e-01
5.268197555984305280e-01
5.268197555985285607e-01
5.271008831534296224e-01
5.271008832510717390e-01
5.272225343759753269e-01
5.272225344141432402e-01
5.273748476518984596e-01
5.276900603309093718e-01
5.276900603310686888e-01
5.279646863416134206e-01
5.279646863456319839e-01
5.283416965658789266e-01
5.291911574263666873e-01
5.291911574268641782e-01
5.293205572492954980e-01
5.293205579021132978e-01
5.296184114806983256e-01
5.296184114845277069e-01
5.298705198234854308e-01
5.299201324856596118e-01
5.299201324857544249e-01
5.300397895915422986e-01
5.300397896543120879e-01
5.301557298620664938e-01
5.301557298625940717e-01
5.304174008870120582e-01
5.304174008872677426e-01
5.304862736669710976e-01
5.306354242540530786e-01
5.306354245912984213e-01
5.311079260470911168e-01
5.311079261309193944e-01
5.311826776168093733e-01
5.311826778441585128e-01
5.316283701223092351e-01
5.316283701230519743e-01
5.318531796070715689e-01
5.318531796158649794e-01
5.319210387593242828e-01
5.319210387596252643e-01
5.321988038423945966e-01
5.321988042590024559e-01
5.328767964909059129e-01
5.328767967980551079e-01
5.331024315740665598e-01
5.331024315979008277e-01
5.331306710458282305e-01
5.332422558338091312e-01
5.333279608205688804e-01
5.333279608749684764e-01
5.334211955385955717e-01
5.334539042005521647e-01
5.334539042110222340e-01
5.336047241595476276e-01
5.337976762314153856e-01
5.337976763841888461e-01
5.340085691402943757e-01
5.340085691406363244e-01
5.342371582589352519e-01
5.342372244701039108e-01
5.345379250353846645e-01
5.345379250355027922e-01
5.347870141581375636e-01
5.347870141588493276e-01
5.351043570147785422e-01
5.353521407497953133e-01
5.353521407501060647e-01
5.353713654947851452e-01
5.353713654954579404e-01
5.363673679484498580e-01
5.363673679700600161e-01
5.364275608669374362e-01
5.364275610441224806e-01
5.364323441576893670e-01
5.364323441775977752e-01
5.365535787973582105e-01
5.368452045373531822e-01
5.371964355063856278e-01
5.373213347252729921e-01
5.373213347402591156e-01
5.373733283811845673e-01
5.375061472612704394e-01
5.375061472620324965e-01
5.377328428753006540e-01
5.377328428802945481e-01
5.381607786019352302e-01
5.381607786023639983e-01
5.382213918709025657e-01
5.382213918713369960e-01
5.387047763708129322e-01
5.387047763709358339e-01
5.388932090272902098e-01
5.388932090275933007e-01
5.392052372787634607e-01
5.392052372979405650e-01
5.393013732933275017e-01
5.393013732938699567e-01
5.399655234623914613e-01
5.401377519441299402e-01
5.401377523400213709e-01
5.405122179403141214e-01
5.405122179444837860e-01
5.408681187893843445e-01
5.408687440811024150e-01
5.413901470060551446e-01
5.413901470063587906e-01
5.414406871853224557e-01
5.420592980777021452e-01
5.420592980785007287e-01
5.422087171591082333e-01
5.426464416334203511e-01
5.426464416337115626e-01
5.427290098760391146e-01
5.428238289480920020e-01
5.428238289589898402e-01
5.430534515276632668e-01
5.430534515287439579e-01
5.431281657572577526e-01
5.431281657962658826e-01
5.431404538190381937e-01
5.431404538193916887e-01
5.432120153545033636e-01
5.433718103387142895e-01
5.433718103401220523e-01
5.433913245495050059e-01
5.433920911985955504e-01
5.434625693245926925e-01
5.434625694366598259e-01
5.437095545775947336e-01
5.440459093786365052e-01
5.440459093792889833e-01
5.443937733275013846e-01
5.443937733664167000e-01
5.449094586146331354e-01
5.449094625235296752e-01
5.452492003757855032e-01
5.452492003770784690e-01
5.458003629162947457e-01
5.461207558473004653e-01
5.461207558477434443e-01
5.462733862863855538e-01
5.463679709264731565e-01
5.463679709287190267e-01
5.464279893264126775e-01
5.472748991536264818e-01
5.472748992204552465e-01
5.477912305976079255e-01
5.481904951073600651e-01
5.481930637933321027e-01
5.481930637935312767e-01
5.488069355918739900e-01
5.488069355921031400e-01
5.489285303997201160e-01
5.489285304030576684e-01
5.490858430057680151e-01
5.490858430059428752e-01
5.492604181808927732e-01
5.492604182238348676e-01
5.499449158683215044e-01
5.501854588325192363e-01
5.501854590393985278e-01
5.502645087683701863e-01
5.502645087747296548e-01
5.502914504952399755e-01
5.502914504955614960e-01
5.504656298788828117e-01
5.504656298798686898e-01
5.506315463165193380e-01
5.506315463168085511e-01
5.509633491254570803e-01
5.509633491842677033e-01
5.513714735804234879e-01
5.513714735806694023e-01
5.516038713679065619e-01
5.516038713679618510e-01
5.517498929141089192e-01
5.517498929436970290e-01
5.518963922639322783e-01
5.518963922641296760e-01
5.519615201568290885e-01
5.519615202433665324e-01
5.521983529691054660e-01
5.521983529692460202e-01
5.524283920167485373e-01
5.524283920170274254e-01
5.525408948318796254e-01
5.528475400284080798e-01
5.533435013715429784e-01
5.533435014984722233e-01
5.534693686627720766e-01
5.534693686632298215e-01
5.537495833886417751e-01
5.537495835814711942e-01
5.539837159256786325e-01
5.539837159990002036e-01
5.543169518717430133e-01
5.543169518722077527e-01
5.544327817921012036e-01
5.546674019322945792e-01
5.546674761470803405e-01
5.548994211593023529e-01
5.548994211606662619e-01
5.551840045646702082e-01
5.551840045647788990e-01
5.555449294040589736e-01
5.561283429964638536e-01
5.561284233930788856e-01
5.562315275211328069e-01
5.564974577725285698e-01
5.564974577728754035e-01
5.568419354621328976e-01
5.568419354638836083e-01
5.572276936416226123e-01
5.572276940930827038e-01
5.578574868802473885e-01
5.578574869112389312e-01
5.579041175181674861e-01
5.579041175190877500e-01
5.579755991286088346e-01
5.579755991853183605e-01
5.589830195036982197e-01
5.589830195043170580e-01
5.592453400039900657e-01
5.592453401838881621e-01
5.596442292880302594e-01
5.596442292916266048e-01
5.596479981199540266e-01
5.597267767983994391e-01
5.597267767990027343e-01
5.601708630858072135e-01
5.604925539118023048e-01
5.606055800709995873e-01
5.606055800749847329e-01
5.608478927765229161e-01
5.608478927770852440e-01
5.609688112263765403e-01
5.609688112403656834e-01
5.612357921985455800e-01
5.612357921990426268e-01
5.614831576621700515e-01
5.617441079835344686e-01
5.617441079836431594e-01
5.618866347623108215e-01
5.618866347632219815e-01
5.620877233216907687e-01
5.625514280019728863e-01
5.629995653208114126e-01
5.629995653210259077e-01
5.633679996605832629e-01
5.633679996621816510e-01
5.633905415250526350e-01
5.633905415274950146e-01
5.640752510037391199e-01
5.640752510043844925e-01
5.643665642149183759e-01
5.645504139709800473e-01
5.645504139714055958e-01
5.647530510197149578e-01
5.647530510200908793e-01
5.654005369118357827e-01
5.654005369320624919e-01
5.654159988881120036e-01
5.654159988952009996e-01
5.654609833819584930e-01
5.656718947374292927e-01
5.656718947376296880e-01
5.658669207503946863e-01
5.664815469927485525e-01
5.664815469931537839e-01
5.667466625593561291e-01
5.667466626429684684e-01
5.668663966164948498e-01
5.668663966170137680e-01
5.669658082659360110e-01
5.669658082665071097e-01
5.671448592694724455e-01
5.676388931058122811e-01
5.676388933209548515e-01
5.679591857128105659e-01
5.679591857137282762e-01
5.681239915905988980e-01
5.687112493958056403e-01
5.687112525465246593e-01
5.689715275955868901e-01
5.689715276484025308e-01
5.690055168405373509e-01
5.690055169198416918e-01
5.692392680616286116e-01
5.692394730765759636e-01
5.693756346036150662e-01
5.693756346051682682e-01
5.695946543563502606e-01
5.695946613892283183e-01
5.696227269256992631e-01
5.697569734532941244e-01
5.697569734659432283e-01
5.699023767817639197e-01
5.699023767817893438e-01
5.706493926189640797e-01
5.714330427757231545e-01
5.714330427844082072e-01
5.716713360447900349e-01
5.716713360622107665e-01
5.722303765374945339e-01
5.722303769617912428e-01
5.725410790185092580e-01
5.725410790188169008e-01
5.730277794264014846e-01
5.730277794273523906e-01
5.735109066862532634e-01
5.735109066913960385e-01
5.742765869674784085e-01
5.743854769251447445e-01
5.748164994285591689e-01
5.748164994286586449e-01
5.748304367861170050e-01
5.748304367875444187e-01
5.749389495351709956e-01
5.749389495901926495e-01
5.758904350847796616e-01
5.760493549331484608e-01
5.760493549335556906e-01
5.761638524542540551e-01
5.761638524544532292e-01
5.762132251584050069e-01
5.762132251601125299e-01
5.765606216016564423e-01
5.766829446594280428e-01
5.767644886974802043e-01
5.767644901916050282e-01
5.769482442041079517e-01
5.769482442045845705e-01
5.772982398054117281e-01
5.773426032156199206e-01
5.773426032264132868e-01
5.781459648187652345e-01
5.781459648200470980e-01
5.784384989706061742e-01
5.786633928772237923e-01
5.786633928780300362e-01
5.787352878112020926e-01
5.787352878680379620e-01
5.791082410163949090e-01
5.791813290245146906e-01
5.799432649472864298e-01
5.799432649478775126e-01
5.800514870674459145e-01
5.800514870677017099e-01
5.803101138834910744e-01
5.803101139128888919e-01
5.813251915777638557e-01
5.814681081595309831e-01
5.815412456847577349e-01
5.815412456850075351e-01
5.819348612377176488e-01
5.819348612399025678e-01
5.822915840311475577e-01
5.823021891836765995e-01
5.823021891845121534e-01
5.823089523001188095e-01
5.824136009598260832e-01
5.824136009600613395e-01
5.827175238823281145e-01
5.827175238836118654e-01
5.835524412793688942e-01
5.835524412802350902e-01
5.841855520193286466e-01
5.841855520194741969e-01
5.847464291354164123e-01
5.847464291365898070e-01
5.848762171159498369e-01
5.853865255072109308e-01
5.853865255077741470e-01
5.863822745279813065e-01
5.863822745290400151e-01
5.866285786871144881e-01
5.866285787139898789e-01
5.866794028622872581e-01
5.871899182708316678e-01
5.871899182710853538e-01
5.874783938471568323e-01
5.874786492001481397e-01
5.881369269754724849e-01
5.881562563649729292e-01
5.886671135058748616e-01
5.886934063421259689e-01
5.888141962839112953e-01
5.888141962844369859e-01
5.891476176254305530e-01
5.891476176256416064e-01
5.894456570257231576e-01
5.898796667302527164e-01
5.898796667308404684e-01
5.902188828255655606e-01
5.902188828262342479e-01
5.902462041363162326e-01
5.902538860577905000e-01
5.908848037855602975e-01
5.918167762224161299e-01
5.918251213799556876e-01
5.918251214081048373e-01
5.918558711624399837e-01
5.918558711678567619e-01
5.921330841150275193e-01
5.921330841161696057e-01
5.926646175183299947e-01
5.926646175190162236e-01
5.927837475148697299e-01
5.933989115243251122e-01
5.933989115251404600e-01
5.940839086267143410e-01
5.940839086274769532e-01
5.943956036175506163e-01
5.943956036250223063e-01
5.952813358463228122e-01
5.952813358530258947e-01
5.956460218853730781e-01
5.964476322248579709e-01
5.964476322273952746e-01
5.970151766445883634e-01
5.970151766448560382e-01
5.971156761408560332e-01
5.975898855824340883e-01
5.984161062319548474e-01
5.985867053969405882e-01
5.986960622722594660e-01
5.986960622745804983e-01
5.991788880621911062e-01
5.991788880636388370e-01
5.993401841680147113e-01
5.993401841684053988e-01
5.996017388430721073e-01
5.996017388436933881e-01
5.996360624289737151e-01
5.996360624291730002e-01
5.997299395698123536e-01
5.997299395699908775e-01
6.001130384096161619e-01
6.001130384103749993e-01
6.009344989174395524e-01
6.009344989192062503e-01
6.016101579841441893e-01
6.016101579875090533e-01
6.018701038455744889e-01
6.018701038544732596e-01
6.026662469467747307e-01
6.034457377657288513e-01
6.034457378114790327e-01
6.037639848498772555e-01
6.037639848502964757e-01
6.046618743702992793e-01
6.047939320712790723e-01
6.047939321247877142e-01
6.052326740855770160e-01
6.052326740857858489e-01
6.053599194901658764e-01
6.053599194904689673e-01
6.059594669542035517e-01
6.059594669557043511e-01
6.071631295804673645e-01
6.071762984873413371e-01
6.077746748147742073e-01
6.078063809254993233e-01
6.078063809256204486e-01
6.080029483927826828e-01
6.082118884120772950e-01
6.082118893621144551e-01
6.084756969854110409e-01
6.084756969866580434e-01
6.099101919383178583e-01
6.099101922971781331e-01
6.099743951305287570e-01
6.099743951311566992e-01
6.104006075457828473e-01
6.114322211873052249e-01
6.114322215127349081e-01
6.120001723873884636e-01
6.133781717263844246e-01
6.133782591949957785e-01
6.140749065095993942e-01
6.141427558605182524e-01
6.142826645410734976e-01
6.143020206436858865e-01
6.151574115007677479e-01
6.151574115022947487e-01
6.154449682912951358e-01
6.158398133594426005e-01
6.158398134479861064e-01
6.160117847598999274e-01
6.160117847599793084e-01
6.170850094921483953e-01
6.170850094923385765e-01
6.178042608235607691e-01
6.178042608244093126e-01
6.179767092362853376e-01
6.179767092371920567e-01
6.182464731543105829e-01
6.182464732920714967e-01
6.186195126353808416e-01
6.186195126357847407e-01
6.192172715560796403e-01
6.192172715562618279e-01
6.196427479090548252e-01
6.196427479153777673e-01
6.210532726234271328e-01
6.221546864533678001e-01
6.221546864543833211e-01
6.224102761607354095e-01
6.224102761616513435e-01
6.229249901309750204e-01
6.231315293813611822e-01
6.231315293838179947e-01
6.235163855926890708e-01
6.249922673016317098e-01
6.249922673018646346e-01
6.250010500881373332e-01
6.252090731168548077e-01
6.264966671774321316e-01
6.264966672037275419e-01
6.271174239298149544e-01
6.271174239302429454e-01
6.279365515999326686e-01
6.279365516003407865e-01
6.284876537883450354e-01
6.284876541306864128e-01
6.287214811626619104e-01
6.287214811629038280e-01
6.297013021400906796e-01
6.297013021403073951e-01
6.297743640462422077e-01
6.297743640662246678e-01
6.298701582551892164e-01
6.298701584095521833e-01
6.304709694572346868e-01
6.304709694579261337e-01
6.306813115267718706e-01
6.306813115273557369e-01
6.308701900849191802e-01
6.310904412746652925e-01
6.310904412751011661e-01
6.315040666389217794e-01
6.315040683698677215e-01
6.316097454992232185e-01
6.316097454995466265e-01
6.320807595187237782e-01
6.320807595203018492e-01
6.330946819911821288e-01
6.330946819918190638e-01
6.334339541719090638e-01
6.334339542723946836e-01
6.337739150064080063e-01
6.342883707476956179e-01
6.342883708425218758e-01
6.346981944783149920e-01
6.346981944792012831e-01
6.358124982983144324e-01
6.367050350568820294e-01
6.367050352372490840e-01
6.371835479725558304e-01
6.371835479737888441e-01
6.372802765006878589e-01
6.372802765012135495e-01
6.380239189227702168e-01
6.384909601992090344e-01
6.384909601993672412e-01
6.401632615858608988e-01
6.401632616342212145e-01
6.401971649901746497e-01
6.421818179571588958e-01
6.422359656604422762e-01
6.422359656606817513e-01
6.426380969759876161e-01
6.426380969763986206e-01
6.428774267673653675e-01
6.428774267684745913e-01
6.435219425271621052e-01
6.435219425277309835e-01
6.436791532680797845e-01
6.438813505925844449e-01
6.442614259079489925e-01
6.444392673100570734e-01
6.444392673105961977e-01
6.454458852205218200e-01
6.475488114988020572e-01
6.475488114990103350e-01
6.482393684290754798e-01
6.482393696927207793e-01
6.494450348288910435e-01
6.494450348290320418e-01
6.495132195484411008e-01
6.495132203350533207e-01
6.495914083629773517e-01
6.495914083645277781e-01
6.505435100621506095e-01
6.505435100633184531e-01
6.507243618281820519e-01
6.510426267991085147e-01
6.510426268000276684e-01
6.512617624493208801e-01
6.522845221317181696e-01
6.522845221321372788e-01
6.532292808422617281e-01
6.532292808430422149e-01
6.547200461132987037e-01
6.562923594670148075e-01
6.565167342395734629e-01
6.570719904996713545e-01
6.574366130697075761e-01
6.584101816712457644e-01
6.584101816714006405e-01
6.587360768092245245e-01
6.587360768101234720e-01
6.592084443730761301e-01
6.612690439480213289e-01
6.612690444145605806e-01
6.620544086839414977e-01
6.620544086842840015e-01
6.641371134022900913e-01
6.641371134081918148e-01
6.655049078954988762e-01
6.655121930742405878e-01
6.668012106419908269e-01
6.668012115840784571e-01
6.669802237228603659e-01
6.669802237234493392e-01
6.715743244696336101e-01
6.715743244700212999e-01
6.727953346877929564e-01
6.729172198009581995e-01
6.729172198017256967e-01
6.732594481856573054e-01
6.732594481861458036e-01
6.735596461980829508e-01
6.737343000374761415e-01
6.737343000381611491e-01
6.739895927431877043e-01
6.739895929170319766e-01
6.740346823035884283e-01
6.746716330143913698e-01
6.746716335485065663e-01
6.752012683413036731e-01
6.756635180536437746e-01
6.756635180537053920e-01
6.774980396188502452e-01
6.774980396190667387e-01
6.780500836295696443e-01
6.780500836303996470e-01
6.792282911914360177e-01
6.792282912172289411e-01
6.806589433926434340e-01
6.832925681307925325e-01
6.832925681312684851e-01
6.837635262122837565e-01
6.841225440788984979e-01
6.841225440796717683e-01
6.859070431531465450e-01
6.859070431541085533e-01
6.888522806949145538e-01
6.895162774774346026e-01
6.896620336408122443e-01
6.896620336413593622e-01
6.918344033107123314e-01
6.918344033112509006e-01
6.919806934409201693e-01
6.919806934422061406e-01
6.923835341277631006e-01
6.923835341283789413e-01
6.932308059560118307e-01
6.944548553824695380e-01
6.944548553832853299e-01
6.950289299742619109e-01
6.954234630506842540e-01
6.961358864309034056e-01
6.961358864314169947e-01
6.969063725041183543e-01
6.969063725056053871e-01
7.008844268151213086e-01
7.008844268188573201e-01
7.054687813801165941e-01
7.060807243503426367e-01
7.086591092897690514e-01
7.086591092901138866e-01
7.086804879425969705e-01
7.086804879433855620e-01
7.090264697766369695e-01
7.090469999150180724e-01
7.093432192771554901e-01
7.093432192776981671e-01
7.120645001687238018e-01
7.120645001689489551e-01
7.121561758006539344e-01
7.121561758008789766e-01
7.126097050996232918e-01
7.126097051010228389e-01
7.140475295197531436e-01
7.153632601014595638e-01
7.153632601020805115e-01
7.161704781076244641e-01
7.161704782020938964e-01
7.162730474154597182e-01
7.162730474156041582e-01
7.181485293628725453e-01
7.182435146842497398e-01
7.190406332071841433e-01
7.190406332086636265e-01
7.196324819912266468e-01
7.196324820092921959e-01
7.205113294798652923e-01
7.205113294799884160e-01
7.259362459656272248e-01
7.259362459663862843e-01
7.274557815978146547e-01
7.283358493149146851e-01
7.283358493581360005e-01
7.319314314360124696e-01
7.357819294770990837e-01
7.412258646863694178e-01
7.412838656606499654e-01
7.412838656612699140e-01
7.424203207936753701e-01
7.424203207946209471e-01
7.433740651444784575e-01
7.433740651456612891e-01
7.441299748898770883e-01
7.441299748909022682e-01
7.454924558528809309e-01
7.484489498257906881e-01
7.484489498286533982e-01
7.504102271487093079e-01
7.513040622630191567e-01
7.513040622631292909e-01
7.586022768476574640e-01
7.596144580650728839e-01
7.596144580652249845e-01
7.614765796522139363e-01
7.614765796529696651e-01
7.668516766650853578e-01
7.668516766827830899e-01
7.668905536733838790e-01
7.700018647084342360e-01
7.700018647093893609e-01
7.731179568462102081e-01
7.731179568467044794e-01
7.775149966278334102e-01
7.777065523640480649e-01
7.777065523645343426e-01
7.795234806467902233e-01
7.799860226626154081e-01
7.799860226632269189e-01
7.830303602384249828e-01
7.830303602394967921e-01
7.847574772436545221e-01
7.895572531747453437e-01
7.921390017423972640e-01
7.960040139601370912e-01
7.966078083610552696e-01
7.966078083624794637e-01
8.157027579937415895e-01
8.280703906218340737e-01
8.280703906230033606e-01
8.284828347442162455e-01
8.284828347685174732e-01
8.390098323001092817e-01
8.390098323008244874e-01
8.390606124804700361e-01
8.390606124809154576e-01
8.426003908788344265e-01
8.426003908791306340e-01
8.458913452962919521e-01
8.458913452966139168e-01
8.490564521164389866e-01
8.597524196793634443e-01
8.635682189774581685e-01
8.671176513514693429e-01
8.671176513515455042e-01
8.693786566071300959e-01
8.835637825939276491e-01
9.029998032955753873e-01
9.029998032962642807e-01
9.254537574926526844e-01
9.648482690671947859e-01
9.648482690683545249e-01
1.000000000000000000e+00
