# SF-29 N2 candidate (i) i0 field=gauss eps=0.25 N=16: sorted relative singular values of the dense central-FD Jacobian at the final_iterate state (rows F_i=-q(L_i-S_i); smax=6.028668e+03)
1.374323e-06
4.177972e-06
7.210478e-06
8.270739e-06
1.371082e-05
1.416551e-05
1.748232e-05
1.918403e-05
2.771024e-05
3.038385e-05
3.096555e-05
3.933894e-05
4.642218e-05
5.025256e-05
5.667863e-05
6.262127e-05
6.790477e-05
7.652948e-05
7.987816e-05
8.446624e-05
9.867634e-05
1.096937e-04
1.205434e-04
1.311940e-04
1.389955e-04
1.421409e-04
1.449825e-04
1.529434e-04
1.551151e-04
1.722676e-04
1.846565e-04
1.906109e-04
1.997152e-04
2.124233e-04
2.254400e-04
2.509095e-04
2.545598e-04
2.686917e-04
2.722334e-04
2.864575e-04
2.943556e-04
3.077646e-04
3.168238e-04
3.255373e-04
3.447482e-04
3.472405e-04
3.738561e-04
3.818371e-04
3.891708e-04
3.987478e-04
4.139030e-04
4.216765e-04
4.327550e-04
4.504034e-04
4.717522e-04
4.820571e-04
4.930279e-04
5.027301e-04
5.079675e-04
5.202416e-04
5.288396e-04
5.406396e-04
5.681106e-04
5.851664e-04
6.025419e-04
6.055808e-04
6.446500e-04
6.716962e-04
6.900690e-04
7.317500e-04
7.745493e-04
7.979668e-04
8.280924e-04
8.313167e-04
8.595053e-04
8.897658e-04
9.059551e-04
1.026246e-03
1.093598e-03
1.155313e-03
1.224375e-03
1.258017e-03
1.285403e-03
1.397644e-03
1.431473e-03
1.443196e-03
1.517070e-03
1.556549e-03
1.591563e-03
1.595319e-03
1.645449e-03
1.718803e-03
1.734462e-03
1.774257e-03
1.829541e-03
1.893500e-03
1.951891e-03
2.048526e-03
2.103304e-03
2.116470e-03
2.133940e-03
2.208538e-03
2.220058e-03
2.232590e-03
2.272480e-03
2.278343e-03
2.304998e-03
2.308063e-03
2.333777e-03
2.343847e-03
2.360312e-03
2.381528e-03
2.402647e-03
2.420028e-03
2.434237e-03
2.443345e-03
2.459818e-03
2.471416e-03
2.480487e-03
2.516922e-03
2.557362e-03
2.566432e-03
2.577432e-03
2.612424e-03
2.637521e-03
2.676244e-03
2.682893e-03
2.705018e-03
2.730740e-03
2.744575e-03
2.777506e-03
2.806955e-03
2.817857e-03
2.869011e-03
2.910929e-03
2.919484e-03
2.936834e-03
2.970255e-03
3.006523e-03
3.065618e-03
3.107835e-03
3.117553e-03
3.124207e-03
3.191496e-03
3.210232e-03
3.228536e-03
3.250357e-03
3.275936e-03
3.303611e-03
3.345281e-03
3.358129e-03
3.393499e-03
3.411527e-03
3.457968e-03
3.506495e-03
3.563946e-03
3.589087e-03
3.597616e-03
3.629822e-03
3.645795e-03
3.671069e-03
3.682660e-03
3.728803e-03
3.777453e-03
3.842673e-03
3.856637e-03
3.964756e-03
3.989355e-03
4.015064e-03
4.107847e-03
4.112274e-03
4.247936e-03
4.289641e-03
4.349467e-03
4.407303e-03
4.485098e-03
4.530862e-03
4.610687e-03
4.675013e-03
4.689834e-03
4.775552e-03
4.790497e-03
4.804815e-03
4.877592e-03
4.941257e-03
4.991748e-03
5.032450e-03
5.108629e-03
5.138458e-03
5.160834e-03
5.301413e-03
5.341215e-03
5.362731e-03
5.429005e-03
5.472578e-03
5.536397e-03
5.559033e-03
5.599698e-03
5.687727e-03
5.712429e-03
5.984551e-03
6.109976e-03
6.137973e-03
6.216575e-03
6.255311e-03
6.322719e-03
6.334514e-03
6.410483e-03
6.472154e-03
6.527022e-03
6.565672e-03
6.572732e-03
6.617547e-03
6.709402e-03
6.775926e-03
6.792975e-03
6.816274e-03
6.841279e-03
6.857274e-03
6.876498e-03
7.037093e-03
7.063335e-03
7.074303e-03
7.110125e-03
7.142753e-03
7.157787e-03
7.186529e-03
7.238103e-03
7.278528e-03
7.301098e-03
7.356887e-03
7.372390e-03
7.408862e-03
7.426058e-03
7.466161e-03
7.489658e-03
7.502617e-03
7.508716e-03
7.561201e-03
7.602426e-03
7.616902e-03
7.648440e-03
7.661713e-03
7.676982e-03
7.720861e-03
7.734168e-03
7.749513e-03
7.781120e-03
7.814186e-03
7.856728e-03
7.880416e-03
7.899948e-03
7.915563e-03
7.959689e-03
7.990971e-03
8.051678e-03
8.071857e-03
8.089277e-03
8.107519e-03
8.130778e-03
8.175482e-03
8.258529e-03
8.282788e-03
8.316782e-03
8.328922e-03
8.363448e-03
8.440007e-03
8.499670e-03
8.503836e-03
8.538281e-03
8.549059e-03
8.574010e-03
8.694508e-03
8.730648e-03
8.763648e-03
8.872953e-03
8.899580e-03
8.935097e-03
8.976875e-03
8.988729e-03
9.038449e-03
9.057417e-03
9.127630e-03
9.138979e-03
9.158280e-03
9.219289e-03
9.242442e-03
9.322794e-03
9.352086e-03
9.415790e-03
9.458683e-03
9.489469e-03
9.556763e-03
9.603006e-03
9.626998e-03
9.665882e-03
9.724431e-03
9.741102e-03
9.793413e-03
9.851933e-03
9.882031e-03
9.926167e-03
9.937302e-03
9.983889e-03
1.001898e-02
1.008832e-02
1.016915e-02
1.018761e-02
1.029949e-02
1.037656e-02
1.044141e-02
1.046478e-02
1.048231e-02
1.062873e-02
1.067068e-02
1.072817e-02
1.075071e-02
1.078730e-02
1.081923e-02
1.086606e-02
1.089340e-02
1.095803e-02
1.109775e-02
1.111595e-02
1.117450e-02
1.121117e-02
1.123232e-02
1.130088e-02
1.135968e-02
1.137665e-02
1.139527e-02
1.148435e-02
1.149540e-02
1.162011e-02
1.177740e-02
1.180971e-02
1.185862e-02
1.193731e-02
1.198716e-02
1.208657e-02
1.215395e-02
1.224677e-02
1.230527e-02
1.235535e-02
1.240548e-02
1.251482e-02
1.254642e-02
1.256084e-02
1.260251e-02
1.264783e-02
1.265645e-02
1.273075e-02
1.276088e-02
1.281580e-02
1.289160e-02
1.293877e-02
1.295274e-02
1.302725e-02
1.308601e-02
1.316641e-02
1.318865e-02
1.322142e-02
1.326750e-02
1.329888e-02
1.332045e-02
1.337149e-02
1.342512e-02
1.345284e-02
1.348231e-02
1.354860e-02
1.366975e-02
1.371443e-02
1.372193e-02
1.379165e-02
1.382509e-02
1.384172e-02
1.387757e-02
1.389541e-02
1.391138e-02
1.397219e-02
1.403006e-02
1.406072e-02
1.415570e-02
1.416375e-02
1.418698e-02
1.422007e-02
1.431992e-02
1.433221e-02
1.437866e-02
1.443394e-02
1.444807e-02
1.448015e-02
1.455241e-02
1.458027e-02
1.461118e-02
1.464206e-02
1.465300e-02
1.469637e-02
1.471767e-02
1.479324e-02
1.480671e-02
1.485441e-02
1.487980e-02
1.494934e-02
1.497815e-02
1.502859e-02
1.505012e-02
1.505798e-02
1.509397e-02
1.514638e-02
1.519891e-02
1.522817e-02
1.525902e-02
1.530742e-02
1.536173e-02
1.537873e-02
1.541121e-02
1.545447e-02
1.552206e-02
1.553020e-02
1.557271e-02
1.560461e-02
1.569221e-02
1.573211e-02
1.579715e-02
1.582033e-02
1.599512e-02
1.602149e-02
1.603374e-02
1.607325e-02
1.614484e-02
1.617833e-02
1.619617e-02
1.627150e-02
1.632232e-02
1.634919e-02
1.637494e-02
1.639063e-02
1.645501e-02
1.654649e-02
1.655540e-02
1.658088e-02
1.661071e-02
1.667758e-02
1.669830e-02
1.675527e-02
1.683201e-02
1.689408e-02
1.691721e-02
1.699532e-02
1.704689e-02
1.714771e-02
1.717096e-02
1.725548e-02
1.732351e-02
1.734104e-02
1.742851e-02
1.752282e-02
1.757722e-02
1.768657e-02
1.773960e-02
1.780962e-02
1.787836e-02
1.790188e-02
1.796222e-02
1.805790e-02
1.807285e-02
1.814244e-02
1.821978e-02
1.829858e-02
1.833092e-02
1.842230e-02
1.844957e-02
1.850459e-02
1.858313e-02
1.864132e-02
1.867592e-02
1.872150e-02
1.875484e-02
1.880738e-02
1.882938e-02
1.887111e-02
1.893104e-02
1.897669e-02
1.898432e-02
1.903007e-02
1.910726e-02
1.914364e-02
1.918594e-02
1.922184e-02
1.929254e-02
1.931774e-02
1.932549e-02
1.944738e-02
1.950654e-02
1.957702e-02
1.963220e-02
1.971413e-02
1.974136e-02
1.979599e-02
1.984139e-02
1.988042e-02
1.995585e-02
1.999161e-02
2.004308e-02
2.009510e-02
2.013130e-02
2.015908e-02
2.021871e-02
2.029651e-02
2.041623e-02
2.044083e-02
2.051314e-02
2.059413e-02
2.065881e-02
2.076592e-02
2.085328e-02
2.092417e-02
2.094056e-02
2.101499e-02
2.109725e-02
2.117008e-02
2.123313e-02
2.132471e-02
2.136111e-02
2.143209e-02
2.148180e-02
2.154371e-02
2.156843e-02
2.158405e-02
2.159301e-02
2.170064e-02
2.174587e-02
2.177088e-02
2.180826e-02
2.190181e-02
2.196964e-02
2.200236e-02
2.205923e-02
2.207503e-02
2.212220e-02
2.220766e-02
2.225546e-02
2.235293e-02
2.238140e-02
2.242908e-02
2.251861e-02
2.256093e-02
2.260437e-02
2.263732e-02
2.265329e-02
2.270222e-02
2.275063e-02
2.283309e-02
2.286256e-02
2.293312e-02
2.301961e-02
2.304416e-02
2.307002e-02
2.312969e-02
2.315248e-02
2.321720e-02
2.327262e-02
2.330222e-02
2.336300e-02
2.340416e-02
2.342598e-02
2.346469e-02
2.355335e-02
2.360212e-02
2.363159e-02
2.365590e-02
2.372291e-02
2.380756e-02
2.385673e-02
2.387685e-02
2.392487e-02
2.399297e-02
2.402273e-02
2.410044e-02
2.414281e-02
2.419565e-02
2.420202e-02
2.423597e-02
2.425627e-02
2.433801e-02
2.436655e-02
2.441801e-02
2.445649e-02
2.452749e-02
2.454614e-02
2.457247e-02
2.463386e-02
2.470550e-02
2.479245e-02
2.483235e-02
2.485677e-02
2.488823e-02
2.492669e-02
2.498137e-02
2.499057e-02
2.502447e-02
2.509832e-02
2.511124e-02
2.517789e-02
2.521121e-02
2.525262e-02
2.532307e-02
2.535366e-02
2.536768e-02
2.543188e-02
2.547836e-02
2.553470e-02
2.556405e-02
2.562325e-02
2.565683e-02
2.569568e-02
2.577319e-02
2.580185e-02
2.582879e-02
2.585050e-02
2.591259e-02
2.596093e-02
2.599418e-02
2.602375e-02
2.607730e-02
2.613520e-02
2.614325e-02
2.617863e-02
2.620472e-02
2.624559e-02
2.631521e-02
2.633349e-02
2.637540e-02
2.643551e-02
2.648112e-02
2.651848e-02
2.653574e-02
2.663842e-02
2.669226e-02
2.670668e-02
2.677061e-02
2.684798e-02
2.693106e-02
2.697407e-02
2.699764e-02
2.707072e-02
2.708314e-02
2.711361e-02
2.716623e-02
2.722192e-02
2.728148e-02
2.733504e-02
2.742598e-02
2.744211e-02
2.746900e-02
2.752768e-02
2.754058e-02
2.756001e-02
2.763102e-02
2.766347e-02
2.772456e-02
2.775536e-02
2.777735e-02
2.786984e-02
2.788667e-02
2.795864e-02
2.799330e-02
2.802994e-02
2.814259e-02
2.818140e-02
2.819948e-02
2.822493e-02
2.826618e-02
2.837453e-02
2.839694e-02
2.846865e-02
2.854732e-02
2.861009e-02
2.863603e-02
2.867510e-02
2.868780e-02
2.875529e-02
2.885251e-02
2.888572e-02
2.888871e-02
2.892085e-02
2.899440e-02
2.908102e-02
2.912161e-02
2.918781e-02
2.920587e-02
2.923757e-02
2.924440e-02
2.927908e-02
2.932127e-02
2.932607e-02
2.943544e-02
2.947063e-02
2.957294e-02
2.964546e-02
2.967070e-02
2.973019e-02
2.976439e-02
2.979534e-02
2.985023e-02
2.989100e-02
2.999626e-02
3.001234e-02
3.003241e-02
3.009132e-02
3.012373e-02
3.019826e-02
3.021508e-02
3.025269e-02
3.029400e-02
3.031991e-02
3.034433e-02
3.038345e-02
3.043749e-02
3.050905e-02
3.060928e-02
3.063860e-02
3.068710e-02
3.069846e-02
3.071715e-02
3.078726e-02
3.081968e-02
3.085305e-02
3.086923e-02
3.098441e-02
3.101619e-02
3.102761e-02
3.108105e-02
3.113993e-02
3.119828e-02
3.124438e-02
3.125681e-02
3.140596e-02
3.146497e-02
3.148801e-02
3.150163e-02
3.154874e-02
3.161815e-02
3.167890e-02
3.172730e-02
3.174983e-02
3.177470e-02
3.184209e-02
3.189583e-02
3.195340e-02
3.198108e-02
3.206310e-02
3.212759e-02
3.217720e-02
3.225304e-02
3.226635e-02
3.237529e-02
3.241087e-02
3.244697e-02
3.250000e-02
3.252868e-02
3.254242e-02
3.257970e-02
3.265316e-02
3.266340e-02
3.276363e-02
3.277081e-02
3.284338e-02
3.293100e-02
3.295711e-02
3.302759e-02
3.307783e-02
3.308168e-02
3.316189e-02
3.320719e-02
3.324454e-02
3.332707e-02
3.334279e-02
3.338337e-02
3.347470e-02
3.357920e-02
3.363617e-02
3.365310e-02
3.373593e-02
3.378243e-02
3.387414e-02
3.388961e-02
3.393526e-02
3.400878e-02
3.404285e-02
3.406588e-02
3.413029e-02
3.416762e-02
3.421109e-02
3.427370e-02
3.435145e-02
3.436501e-02
3.442611e-02
3.447913e-02
3.455104e-02
3.458714e-02
3.464581e-02
3.466363e-02
3.470284e-02
3.473852e-02
3.481548e-02
3.485971e-02
3.490522e-02
3.500748e-02
3.503591e-02
3.505620e-02
3.509227e-02
3.513129e-02
3.516545e-02
3.518991e-02
3.528781e-02
3.534918e-02
3.542206e-02
3.545222e-02
3.550274e-02
3.552917e-02
3.555646e-02
3.567727e-02
3.569299e-02
3.573166e-02
3.581756e-02
3.588744e-02
3.596472e-02
3.598770e-02
3.601460e-02
3.609864e-02
3.616561e-02
3.616627e-02
3.621521e-02
3.626049e-02
3.630818e-02
3.639103e-02
3.643355e-02
3.646369e-02
3.650202e-02
3.654484e-02
3.658268e-02
3.666074e-02
3.668538e-02
3.679115e-02
3.685045e-02
3.686700e-02
3.689571e-02
3.691711e-02
3.698252e-02
3.699514e-02
3.706460e-02
3.710561e-02
3.715910e-02
3.722531e-02
3.730814e-02
3.737945e-02
3.739232e-02
3.744231e-02
3.749667e-02
3.756900e-02
3.761085e-02
3.763475e-02
3.766830e-02
3.771901e-02
3.774609e-02
3.779153e-02
3.781837e-02
3.788635e-02
3.789251e-02
3.802332e-02
3.807031e-02
3.814114e-02
3.815941e-02
3.821430e-02
3.822007e-02
3.829448e-02
3.832260e-02
3.834779e-02
3.839718e-02
3.847633e-02
3.850421e-02
3.859382e-02
3.860298e-02
3.869815e-02
3.873956e-02
3.877609e-02
3.883685e-02
3.887440e-02
3.892882e-02
3.897299e-02
3.901098e-02
3.907302e-02
3.910778e-02
3.914385e-02
3.917959e-02
3.924097e-02
3.930098e-02
3.935553e-02
3.943317e-02
3.948194e-02
3.953273e-02
3.959937e-02
3.974057e-02
3.976445e-02
3.979132e-02
3.982984e-02
3.989331e-02
3.998310e-02
4.000796e-02
4.004543e-02
4.008242e-02
4.019633e-02
4.023087e-02
4.027674e-02
4.029388e-02
4.033159e-02
4.042013e-02
4.050807e-02
4.053437e-02
4.061474e-02
4.062764e-02
4.068526e-02
4.069817e-02
4.078843e-02
4.088591e-02
4.094322e-02
4.095863e-02
4.101352e-02
4.105811e-02
4.111671e-02
4.117926e-02
4.121704e-02
4.124628e-02
4.131749e-02
4.135876e-02
4.138582e-02
4.142760e-02
4.147834e-02
4.153223e-02
4.157097e-02
4.157555e-02
4.162017e-02
4.170796e-02
4.174209e-02
4.181383e-02
4.188534e-02
4.191475e-02
4.198059e-02
4.210312e-02
4.213707e-02
4.217690e-02
4.223275e-02
4.227312e-02
4.231247e-02
4.236605e-02
4.240717e-02
4.244769e-02
4.250429e-02
4.260729e-02
4.264994e-02
4.268851e-02
4.274252e-02
4.275990e-02
4.280327e-02
4.289539e-02
4.296085e-02
4.296940e-02
4.306156e-02
4.314010e-02
4.316733e-02
4.319651e-02
4.325562e-02
4.329768e-02
4.334484e-02
4.339621e-02
4.345080e-02
4.352843e-02
4.359473e-02
4.364852e-02
4.371003e-02
4.375815e-02
4.378174e-02
4.387011e-02
4.389939e-02
4.395825e-02
4.398133e-02
4.399439e-02
4.402149e-02
4.409355e-02
4.415446e-02
4.422023e-02
4.425693e-02
4.427850e-02
4.435704e-02
4.443569e-02
4.448081e-02
4.453351e-02
4.453953e-02
4.456546e-02
4.473197e-02
4.473394e-02
4.476643e-02
4.483639e-02
4.493180e-02
4.497133e-02
4.502775e-02
4.508257e-02
4.516790e-02
4.520961e-02
4.522771e-02
4.529797e-02
4.535578e-02
4.538656e-02
4.546424e-02
4.547000e-02
4.553112e-02
4.555177e-02
4.563051e-02
4.566546e-02
4.572153e-02
4.576018e-02
4.581017e-02
4.586089e-02
4.587185e-02
4.591932e-02
4.597080e-02
4.600393e-02
4.604688e-02
4.609017e-02
4.609857e-02
4.614050e-02
4.618862e-02
4.623583e-02
4.626661e-02
4.638250e-02
4.638910e-02
4.645024e-02
4.650819e-02
4.654027e-02
4.659082e-02
4.661747e-02
4.662655e-02
4.667828e-02
4.673057e-02
4.673912e-02
4.683991e-02
4.688817e-02
4.692659e-02
4.697658e-02
4.704110e-02
4.711120e-02
4.717092e-02
4.717165e-02
4.725397e-02
4.728888e-02
4.734393e-02
4.735933e-02
4.745450e-02
4.755929e-02
4.758382e-02
4.760626e-02
4.765359e-02
4.770579e-02
4.774480e-02
4.775817e-02
4.782364e-02
4.786057e-02
4.790963e-02
4.792816e-02
4.797863e-02
4.800558e-02
4.806637e-02
4.810963e-02
4.815500e-02
4.823916e-02
4.826781e-02
4.830021e-02
4.832944e-02
4.839776e-02
4.840237e-02
4.844757e-02
4.852164e-02
4.854675e-02
4.860305e-02
4.863425e-02
4.866819e-02
4.874096e-02
4.874840e-02
4.880971e-02
4.886763e-02
4.887978e-02
4.889122e-02
4.898192e-02
4.904890e-02
4.907703e-02
4.911372e-02
4.924207e-02
4.924736e-02
4.929082e-02
4.931455e-02
4.933964e-02
4.939932e-02
4.940318e-02
4.946267e-02
4.949786e-02
4.952291e-02
4.955968e-02
4.962564e-02
4.971087e-02
4.975789e-02
4.979864e-02
4.984401e-02
4.989613e-02
4.991076e-02
4.997350e-02
5.004510e-02
5.008966e-02
5.012364e-02
5.016920e-02
5.018632e-02
5.023730e-02
5.027720e-02
5.033916e-02
5.036038e-02
5.041439e-02
5.043686e-02
5.054491e-02
5.056413e-02
5.062773e-02
5.065183e-02
5.073944e-02
5.075569e-02
5.082211e-02
5.087139e-02
5.092984e-02
5.096913e-02
5.102112e-02
5.103724e-02
5.106480e-02
5.113234e-02
5.114988e-02
5.116210e-02
5.129979e-02
5.137343e-02
5.143121e-02
5.144970e-02
5.150350e-02
5.151503e-02
5.158222e-02
5.160675e-02
5.165983e-02
5.174427e-02
5.179181e-02
5.181036e-02
5.183561e-02
5.186604e-02
5.191756e-02
5.197918e-02
5.203427e-02
5.214130e-02
5.216521e-02
5.219202e-02
5.225147e-02
5.226512e-02
5.232023e-02
5.236784e-02
5.239358e-02
5.244828e-02
5.247114e-02
5.252757e-02
5.258697e-02
5.263888e-02
5.266515e-02
5.271726e-02
5.276574e-02
5.277842e-02
5.282351e-02
5.292471e-02
5.302721e-02
5.303608e-02
5.310568e-02
5.316286e-02
5.317811e-02
5.320138e-02
5.325840e-02
5.328055e-02
5.333238e-02
5.338438e-02
5.343022e-02
5.348165e-02
5.350113e-02
5.356313e-02
5.364710e-02
5.369316e-02
5.373216e-02
5.376025e-02
5.381859e-02
5.386318e-02
5.388971e-02
5.395141e-02
5.397939e-02
5.400831e-02
5.410457e-02
5.413024e-02
5.420379e-02
5.428759e-02
5.433866e-02
5.440228e-02
5.443404e-02
5.448029e-02
5.448690e-02
5.453972e-02
5.457487e-02
5.460499e-02
5.467027e-02
5.471864e-02
5.476297e-02
5.479885e-02
5.488221e-02
5.492598e-02
5.495919e-02
5.497995e-02
5.504480e-02
5.510324e-02
5.513540e-02
5.517137e-02
5.528020e-02
5.529646e-02
5.535800e-02
5.545146e-02
5.548649e-02
5.551691e-02
5.560708e-02
5.565234e-02
5.569838e-02
5.571466e-02
5.580270e-02
5.582738e-02
5.588753e-02
5.593489e-02
5.595509e-02
5.602136e-02
5.610544e-02
5.611952e-02
5.618902e-02
5.623642e-02
5.626247e-02
5.634262e-02
5.636308e-02
5.638101e-02
5.644941e-02
5.647792e-02
5.657735e-02
5.664283e-02
5.669756e-02
5.674681e-02
5.675670e-02
5.681687e-02
5.683240e-02
5.687249e-02
5.693704e-02
5.697505e-02
5.699367e-02
5.703667e-02
5.707244e-02
5.710451e-02
5.714471e-02
5.717540e-02
5.727921e-02
5.735741e-02
5.740434e-02
5.742437e-02
5.745340e-02
5.748399e-02
5.749263e-02
5.754586e-02
5.761016e-02
5.763536e-02
5.767258e-02
5.768919e-02
5.780204e-02
5.786946e-02
5.789049e-02
5.791365e-02
5.803022e-02
5.806864e-02
5.810063e-02
5.817505e-02
5.821587e-02
5.826384e-02
5.829508e-02
5.833002e-02
5.834330e-02
5.838132e-02
5.841109e-02
5.850763e-02
5.855604e-02
5.860706e-02
5.865888e-02
5.866598e-02
5.869460e-02
5.873373e-02
5.878242e-02
5.882106e-02
5.886618e-02
5.891306e-02
5.895102e-02
5.901068e-02
5.906937e-02
5.915007e-02
5.920668e-02
5.924718e-02
5.929893e-02
5.933145e-02
5.934858e-02
5.940210e-02
5.946642e-02
5.954302e-02
5.956862e-02
5.959486e-02
5.966114e-02
5.968192e-02
5.972634e-02
5.974119e-02
5.981707e-02
5.983358e-02
5.991287e-02
5.995095e-02
6.000463e-02
6.002679e-02
6.005033e-02
6.017641e-02
6.020365e-02
6.022314e-02
6.024958e-02
6.029040e-02
6.033624e-02
6.044799e-02
6.046805e-02
6.049673e-02
6.053459e-02
6.062879e-02
6.063924e-02
6.068609e-02
6.073338e-02
6.077895e-02
6.082903e-02
6.090337e-02
6.090957e-02
6.093721e-02
6.097035e-02
6.101937e-02
6.107004e-02
6.108417e-02
6.113622e-02
6.122314e-02
6.123612e-02
6.127114e-02
6.129776e-02
6.135531e-02
6.136903e-02
6.142389e-02
6.145013e-02
6.148173e-02
6.155702e-02
6.159334e-02
6.161518e-02
6.163346e-02
6.172771e-02
6.175075e-02
6.183509e-02
6.189098e-02
6.193097e-02
6.195365e-02
6.201312e-02
6.205056e-02
6.209146e-02
6.213536e-02
6.218721e-02
6.222777e-02
6.224181e-02
6.228808e-02
6.231937e-02
6.237980e-02
6.240449e-02
6.247353e-02
6.248613e-02
6.251463e-02
6.259014e-02
6.264387e-02
6.269280e-02
6.272556e-02
6.278018e-02
6.280382e-02
6.283719e-02
6.291745e-02
6.296696e-02
6.300116e-02
6.302078e-02
6.308358e-02
6.315040e-02
6.319448e-02
6.321596e-02
6.326704e-02
6.331686e-02
6.338910e-02
6.342244e-02
6.347187e-02
6.350346e-02
6.351305e-02
6.357577e-02
6.362523e-02
6.365744e-02
6.372154e-02
6.375418e-02
6.377917e-02
6.382003e-02
6.391199e-02
6.392261e-02
6.396992e-02
6.399046e-02
6.407441e-02
6.408996e-02
6.414878e-02
6.419004e-02
6.423165e-02
6.426284e-02
6.430839e-02
6.437217e-02
6.443713e-02
6.444968e-02
6.452976e-02
6.455540e-02
6.457378e-02
6.461458e-02
6.465488e-02
6.468229e-02
6.471483e-02
6.479035e-02
6.485055e-02
6.487335e-02
6.492489e-02
6.496103e-02
6.503029e-02
6.506083e-02
6.508753e-02
6.514807e-02
6.518463e-02
6.522879e-02
6.526018e-02
6.529659e-02
6.540793e-02
6.542089e-02
6.548276e-02
6.553026e-02
6.556055e-02
6.564775e-02
6.570249e-02
6.572347e-02
6.578866e-02
6.581214e-02
6.592651e-02
6.594029e-02
6.596165e-02
6.601964e-02
6.607966e-02
6.613386e-02
6.615449e-02
6.619323e-02
6.621541e-02
6.626203e-02
6.631012e-02
6.637099e-02
6.644447e-02
6.647836e-02
6.648850e-02
6.649771e-02
6.654616e-02
6.659642e-02
6.665941e-02
6.671099e-02
6.676212e-02
6.676445e-02
6.680252e-02
6.687715e-02
6.695364e-02
6.697242e-02
6.702734e-02
6.708515e-02
6.709967e-02
6.717124e-02
6.724747e-02
6.727491e-02
6.737331e-02
6.739284e-02
6.741147e-02
6.744074e-02
6.750033e-02
6.751434e-02
6.758391e-02
6.766394e-02
6.772006e-02
6.777514e-02
6.780319e-02
6.783549e-02
6.789189e-02
6.796018e-02
6.800960e-02
6.801649e-02
6.805706e-02
6.806243e-02
6.815689e-02
6.822367e-02
6.827835e-02
6.834481e-02
6.839137e-02
6.843694e-02
6.846489e-02
6.850261e-02
6.851712e-02
6.854717e-02
6.859675e-02
6.861829e-02
6.869516e-02
6.875475e-02
6.880574e-02
6.881392e-02
6.887125e-02
6.891127e-02
6.893148e-02
6.895682e-02
6.903327e-02
6.909536e-02
6.914536e-02
6.921486e-02
6.922904e-02
6.927517e-02
6.933264e-02
6.939214e-02
6.941049e-02
6.945750e-02
6.950700e-02
6.953566e-02
6.958690e-02
6.968501e-02
6.969023e-02
6.977267e-02
6.984478e-02
6.986490e-02
6.993100e-02
6.996934e-02
7.001535e-02
7.002853e-02
7.005996e-02
7.010533e-02
7.016828e-02
7.024867e-02
7.027868e-02
7.032524e-02
7.036802e-02
7.039704e-02
7.043192e-02
7.047318e-02
7.052454e-02
7.058165e-02
7.061324e-02
7.066387e-02
7.070300e-02
7.073065e-02
7.079826e-02
7.085684e-02
7.090465e-02
7.090850e-02
7.096121e-02
7.101258e-02
7.107476e-02
7.110139e-02
7.114027e-02
7.116856e-02
7.128833e-02
7.129932e-02
7.132175e-02
7.135925e-02
7.147094e-02
7.149063e-02
7.150608e-02
7.153661e-02
7.157491e-02
7.165931e-02
7.170927e-02
7.175020e-02
7.179071e-02
7.184024e-02
7.190400e-02
7.191701e-02
7.198242e-02
7.202478e-02
7.204349e-02
7.205318e-02
7.209595e-02
7.212630e-02
7.220154e-02
7.225405e-02
7.230011e-02
7.233306e-02
7.235809e-02
7.240869e-02
7.243013e-02
7.250527e-02
7.254322e-02
7.255413e-02
7.261583e-02
7.264888e-02
7.266408e-02
7.272233e-02
7.279151e-02
7.281068e-02
7.284980e-02
7.292807e-02
7.294019e-02
7.298759e-02
7.305618e-02
7.313214e-02
7.316578e-02
7.319373e-02
7.321561e-02
7.325424e-02
7.331385e-02
7.335059e-02
7.336796e-02
7.341518e-02
7.343659e-02
7.345711e-02
7.350506e-02
7.358326e-02
7.359625e-02
7.368587e-02
7.372048e-02
7.372492e-02
7.375625e-02
7.380848e-02
7.385161e-02
7.392351e-02
7.393637e-02
7.397423e-02
7.401972e-02
7.411892e-02
7.412284e-02
7.417887e-02
7.420498e-02
7.426246e-02
7.431853e-02
7.437052e-02
7.440382e-02
7.442678e-02
7.445713e-02
7.454025e-02
7.458108e-02
7.462485e-02
7.465763e-02
7.466433e-02
7.473297e-02
7.482613e-02
7.486659e-02
7.494067e-02
7.496591e-02
7.498883e-02
7.500587e-02
7.509789e-02
7.510405e-02
7.513993e-02
7.518561e-02
7.525859e-02
7.530127e-02
7.534581e-02
7.537566e-02
7.542110e-02
7.548291e-02
7.551681e-02
7.555384e-02
7.560148e-02
7.566279e-02
7.567565e-02
7.571782e-02
7.578044e-02
7.581413e-02
7.582073e-02
7.585269e-02
7.587866e-02
7.597031e-02
7.600471e-02
7.602677e-02
7.615341e-02
7.616420e-02
7.619995e-02
7.626679e-02
7.628439e-02
7.633679e-02
7.635906e-02
7.640875e-02
7.641704e-02
7.645827e-02
7.650925e-02
7.656973e-02
7.661799e-02
7.663299e-02
7.668480e-02
7.674705e-02
7.677851e-02
7.682816e-02
7.684082e-02
7.687334e-02
7.692662e-02
7.695157e-02
7.700243e-02
7.700981e-02
7.709655e-02
7.712413e-02
7.714256e-02
7.719469e-02
7.726871e-02
7.731161e-02
7.736684e-02
7.740751e-02
7.745708e-02
7.751192e-02
7.755250e-02
7.757841e-02
7.764166e-02
7.767630e-02
7.772282e-02
7.775721e-02
7.781055e-02
7.784592e-02
7.795174e-02
7.796789e-02
7.799408e-02
7.802140e-02
7.809541e-02
7.811593e-02
7.814028e-02
7.821721e-02
7.824406e-02
7.830020e-02
7.833264e-02
7.835055e-02
7.839053e-02
7.843611e-02
7.844541e-02
7.853211e-02
7.859278e-02
7.862081e-02
7.864444e-02
7.869195e-02
7.877093e-02
7.879999e-02
7.882606e-02
7.885131e-02
7.895787e-02
7.897453e-02
7.902874e-02
7.907547e-02
7.912738e-02
7.918536e-02
7.920265e-02
7.924679e-02
7.925190e-02
7.929061e-02
7.936199e-02
7.939616e-02
7.943177e-02
7.945787e-02
7.952718e-02
7.956231e-02
7.961932e-02
7.966761e-02
7.971453e-02
7.980670e-02
7.987744e-02
7.989722e-02
7.991550e-02
7.993257e-02
7.994225e-02
7.999802e-02
8.004836e-02
8.008812e-02
8.014927e-02
8.021011e-02
8.021526e-02
8.031245e-02
8.035559e-02
8.037817e-02
8.042541e-02
8.047293e-02
8.049190e-02
8.053970e-02
8.057491e-02
8.060064e-02
8.061239e-02
8.065720e-02
8.069759e-02
8.075169e-02
8.085078e-02
8.086232e-02
8.093083e-02
8.096156e-02
8.098984e-02
8.106313e-02
8.108139e-02
8.114694e-02
8.116147e-02
8.121736e-02
8.123055e-02
8.133303e-02
8.134923e-02
8.137781e-02
8.142372e-02
8.144998e-02
8.148489e-02
8.153308e-02
8.157529e-02
8.165831e-02
8.169062e-02
8.171393e-02
8.173152e-02
8.181213e-02
8.185746e-02
8.187139e-02
8.198927e-02
8.203912e-02
8.208391e-02
8.212325e-02
8.217263e-02
8.222614e-02
8.226862e-02
8.230455e-02
8.232579e-02
8.241998e-02
8.244337e-02
8.249219e-02
8.253173e-02
8.254479e-02
8.259956e-02
8.261384e-02
8.267364e-02
8.271598e-02
8.274018e-02
8.278961e-02
8.282884e-02
8.286266e-02
8.291984e-02
8.295693e-02
8.296569e-02
8.303344e-02
8.305530e-02
8.309523e-02
8.313343e-02
8.315557e-02
8.323543e-02
8.326123e-02
8.330655e-02
8.332556e-02
8.343035e-02
8.344794e-02
8.347125e-02
8.353628e-02
8.353994e-02
8.362225e-02
8.364808e-02
8.371219e-02
8.374111e-02
8.376984e-02
8.379370e-02
8.385393e-02
8.389162e-02
8.394124e-02
8.395156e-02
8.399101e-02
8.402608e-02
8.408200e-02
8.410297e-02
8.419758e-02
8.420363e-02
8.422047e-02
8.424480e-02
8.436773e-02
8.441282e-02
8.443542e-02
8.448827e-02
8.455503e-02
8.456918e-02
8.462953e-02
8.465709e-02
8.466585e-02
8.472829e-02
8.474865e-02
8.480853e-02
8.482609e-02
8.486039e-02
8.488907e-02
8.494759e-02
8.495981e-02
8.501616e-02
8.504673e-02
8.513259e-02
8.514717e-02
8.517133e-02
8.522914e-02
8.524471e-02
8.532084e-02
8.533675e-02
8.539468e-02
8.541727e-02
8.550742e-02
8.554212e-02
8.559157e-02
8.563727e-02
8.566217e-02
8.569394e-02
8.574812e-02
8.578436e-02
8.582213e-02
8.584446e-02
8.590268e-02
8.596578e-02
8.603064e-02
8.606450e-02
8.613371e-02
8.615866e-02
8.619107e-02
8.620074e-02
8.628824e-02
8.632466e-02
8.637572e-02
8.642428e-02
8.643516e-02
8.646605e-02
8.649359e-02
8.655597e-02
8.658267e-02
8.663667e-02
8.672228e-02
8.672841e-02
8.677477e-02
8.680756e-02
8.683242e-02
8.685931e-02
8.691558e-02
8.695178e-02
8.701673e-02
8.706480e-02
8.708995e-02
8.716860e-02
8.718124e-02
8.724207e-02
8.726084e-02
8.727731e-02
8.731857e-02
8.739410e-02
8.740351e-02
8.750790e-02
8.755149e-02
8.757819e-02
8.760368e-02
8.763864e-02
8.767148e-02
8.771092e-02
8.778252e-02
8.779558e-02
8.787650e-02
8.789971e-02
8.795861e-02
8.799757e-02
8.804599e-02
8.804981e-02
8.808197e-02
8.810340e-02
8.813247e-02
8.819553e-02
8.824428e-02
8.831330e-02
8.832742e-02
8.840580e-02
8.843954e-02
8.846911e-02
8.851888e-02
8.855135e-02
8.862536e-02
8.863808e-02
8.867487e-02
8.872957e-02
8.875575e-02
8.877211e-02
8.882509e-02
8.891943e-02
8.894325e-02
8.898891e-02
8.902192e-02
8.905099e-02
8.909552e-02
8.913953e-02
8.914234e-02
8.922158e-02
8.925535e-02
8.930215e-02
8.931819e-02
8.938645e-02
8.943530e-02
8.947282e-02
8.951170e-02
8.962253e-02
8.965165e-02
8.966776e-02
8.975528e-02
8.977566e-02
8.979668e-02
8.988351e-02
8.990753e-02
8.994415e-02
8.997115e-02
8.998256e-02
9.006512e-02
9.011103e-02
9.013552e-02
9.017772e-02
9.021438e-02
9.023388e-02
9.029018e-02
9.032490e-02
9.037510e-02
9.040142e-02
9.043558e-02
9.046857e-02
9.051457e-02
9.057801e-02
9.060940e-02
9.067699e-02
9.071578e-02
9.072912e-02
9.080457e-02
9.081365e-02
9.088394e-02
9.091680e-02
9.094773e-02
9.098694e-02
9.100492e-02
9.104736e-02
9.108208e-02
9.112097e-02
9.117768e-02
9.123773e-02
9.126964e-02
9.131712e-02
9.133918e-02
9.135375e-02
9.140965e-02
9.146156e-02
9.148877e-02
9.153786e-02
9.158581e-02
9.163759e-02
9.167555e-02
9.170419e-02
9.177293e-02
9.179790e-02
9.186013e-02
9.192147e-02
9.193412e-02
9.200745e-02
9.201036e-02
9.203737e-02
9.207703e-02
9.209950e-02
9.213537e-02
9.219247e-02
9.222810e-02
9.226724e-02
9.229904e-02
9.231736e-02
9.235670e-02
9.238240e-02
9.241891e-02
9.246143e-02
9.246935e-02
9.251332e-02
9.254578e-02
9.256537e-02
9.264249e-02
9.270225e-02
9.274248e-02
9.279677e-02
9.282761e-02
9.283499e-02
9.289292e-02
9.290432e-02
9.293143e-02
9.298036e-02
9.299782e-02
9.302926e-02
9.310657e-02
9.313360e-02
9.316516e-02
9.321937e-02
9.325736e-02
9.327221e-02
9.331625e-02
9.337630e-02
9.341892e-02
9.344319e-02
9.346678e-02
9.352859e-02
9.359685e-02
9.365249e-02
9.366598e-02
9.376869e-02
9.377360e-02
9.381078e-02
9.386142e-02
9.389351e-02
9.392078e-02
9.394615e-02
9.398157e-02
9.400174e-02
9.405124e-02
9.408643e-02
9.413314e-02
9.418135e-02
9.419827e-02
9.423823e-02
9.435464e-02
9.435974e-02
9.436952e-02
9.439973e-02
9.442969e-02
9.446227e-02
9.455381e-02
9.461973e-02
9.463560e-02
9.466199e-02
9.470437e-02
9.476036e-02
9.480006e-02
9.481334e-02
9.487170e-02
9.490589e-02
9.493591e-02
9.499274e-02
9.501605e-02
9.509473e-02
9.511837e-02
9.518157e-02
9.523530e-02
9.526490e-02
9.528506e-02
9.534587e-02
9.537106e-02
9.543739e-02
9.545915e-02
9.550078e-02
9.551776e-02
9.557942e-02
9.559668e-02
9.562846e-02
9.564413e-02
9.567457e-02
9.571704e-02
9.579923e-02
9.589600e-02
9.593765e-02
9.595117e-02
9.597954e-02
9.599583e-02
9.603905e-02
9.609009e-02
9.610781e-02
9.614570e-02
9.616943e-02
9.620566e-02
9.624597e-02
9.629922e-02
9.635108e-02
9.641410e-02
9.644941e-02
9.649577e-02
9.650506e-02
9.654014e-02
9.656528e-02
9.663291e-02
9.666292e-02
9.669789e-02
9.673863e-02
9.676732e-02
9.682860e-02
9.684857e-02
9.685668e-02
9.693911e-02
9.697775e-02
9.698505e-02
9.701372e-02
9.710262e-02
9.711447e-02
9.713819e-02
9.722919e-02
9.725979e-02
9.728638e-02
9.732848e-02
9.736607e-02
9.742688e-02
9.747078e-02
9.749803e-02
9.750643e-02
9.757805e-02
9.759462e-02
9.763483e-02
9.768024e-02
9.769485e-02
9.779937e-02
9.780239e-02
9.785499e-02
9.794821e-02
9.795620e-02
9.800829e-02
9.805972e-02
9.809588e-02
9.812750e-02
9.814498e-02
9.816853e-02
9.823396e-02
9.824032e-02
9.829037e-02
9.837645e-02
9.839785e-02
9.843700e-02
9.847358e-02
9.851808e-02
9.857125e-02
9.859754e-02
9.861656e-02
9.870255e-02
9.871892e-02
9.875706e-02
9.879496e-02
9.882195e-02
9.884800e-02
9.892792e-02
9.898683e-02
9.902815e-02
9.905465e-02
9.913616e-02
9.917318e-02
9.918399e-02
9.920627e-02
9.924763e-02
9.932976e-02
9.935107e-02
9.939095e-02
9.945068e-02
9.946746e-02
9.949257e-02
9.952750e-02
9.957391e-02
9.960788e-02
9.963899e-02
9.967411e-02
9.972093e-02
9.977172e-02
9.981662e-02
9.985242e-02
9.987882e-02
9.994129e-02
9.995882e-02
9.997571e-02
1.000393e-01
1.000570e-01
1.000943e-01
1.001321e-01
1.001593e-01
1.001876e-01
1.002301e-01
1.002813e-01
1.003165e-01
1.003670e-01
1.004476e-01
1.004722e-01
1.004921e-01
1.005349e-01
1.005585e-01
1.005806e-01
1.006034e-01
1.006688e-01
1.006718e-01
1.007227e-01
1.007752e-01
1.007943e-01
1.008151e-01
1.008677e-01
1.009183e-01
1.009455e-01
1.010270e-01
1.010515e-01
1.010777e-01
1.010879e-01
1.011563e-01
1.011792e-01
1.012195e-01
1.012762e-01
1.013018e-01
1.013427e-01
1.013783e-01
1.014246e-01
1.014727e-01
1.015376e-01
1.015517e-01
1.016142e-01
1.016231e-01
1.016413e-01
1.017092e-01
1.017372e-01
1.017601e-01
1.017915e-01
1.018166e-01
1.018530e-01
1.019085e-01
1.019633e-01
1.019802e-01
1.020281e-01
1.020931e-01
1.020998e-01
1.021464e-01
1.021695e-01
1.022219e-01
1.022781e-01
1.023426e-01
1.023580e-01
1.024244e-01
1.024362e-01
1.024592e-01
1.025433e-01
1.025561e-01
1.025712e-01
1.026465e-01
1.026866e-01
1.027012e-01
1.027821e-01
1.027871e-01
1.028777e-01
1.029019e-01
1.029389e-01
1.029946e-01
1.030351e-01
1.030437e-01
1.031118e-01
1.031583e-01
1.031958e-01
1.032146e-01
1.032855e-01
1.033078e-01
1.033708e-01
1.034061e-01
1.034383e-01
1.034724e-01
1.034900e-01
1.035638e-01
1.035889e-01
1.036079e-01
1.036204e-01
1.036857e-01
1.037195e-01
1.037731e-01
1.037998e-01
1.038092e-01
1.038204e-01
1.039071e-01
1.039315e-01
1.039639e-01
1.039910e-01
1.040730e-01
1.040980e-01
1.041357e-01
1.041705e-01
1.041998e-01
1.042081e-01
1.042808e-01
1.042894e-01
1.043609e-01
1.043818e-01
1.044427e-01
1.044592e-01
1.044812e-01
1.045244e-01
1.045333e-01
1.046057e-01
1.046216e-01
1.046757e-01
1.047032e-01
1.047467e-01
1.048086e-01
1.048436e-01
1.048904e-01
1.049134e-01
1.049619e-01
1.049888e-01
1.050343e-01
1.050525e-01
1.050904e-01
1.051711e-01
1.051786e-01
1.052062e-01
1.052286e-01
1.053212e-01
1.053675e-01
1.053898e-01
1.054048e-01
1.054484e-01
1.054822e-01
1.055266e-01
1.055718e-01
1.055864e-01
1.056240e-01
1.057120e-01
1.057205e-01
1.057417e-01
1.058037e-01
1.058285e-01
1.058475e-01
1.059224e-01
1.059805e-01
1.059988e-01
1.060479e-01
1.060933e-01
1.061554e-01
1.061745e-01
1.062229e-01
1.062446e-01
1.062811e-01
1.063254e-01
1.063916e-01
1.064224e-01
1.064292e-01
1.064320e-01
1.064860e-01
1.065074e-01
1.065507e-01
1.065561e-01
1.065892e-01
1.066799e-01
1.066890e-01
1.067039e-01
1.067319e-01
1.067847e-01
1.068617e-01
1.068793e-01
1.069381e-01
1.069605e-01
1.069997e-01
1.070512e-01
1.070632e-01
1.071276e-01
1.071627e-01
1.072048e-01
1.072339e-01
1.072881e-01
1.073203e-01
1.073454e-01
1.073774e-01
1.073845e-01
1.074197e-01
1.074763e-01
1.075283e-01
1.075798e-01
1.076158e-01
1.076694e-01
1.077576e-01
1.077668e-01
1.077781e-01
1.077887e-01
1.078498e-01
1.079109e-01
1.079252e-01
1.079492e-01
1.080078e-01
1.080364e-01
1.080487e-01
1.081033e-01
1.081247e-01
1.081871e-01
1.082159e-01
1.082426e-01
1.082768e-01
1.082987e-01
1.083512e-01
1.083940e-01
1.084187e-01
1.084577e-01
1.084654e-01
1.085077e-01
1.085579e-01
1.086006e-01
1.086425e-01
1.087015e-01
1.087064e-01
1.087278e-01
1.088208e-01
1.088370e-01
1.089061e-01
1.089214e-01
1.089409e-01
1.089758e-01
1.089919e-01
1.090361e-01
1.090671e-01
1.091255e-01
1.091787e-01
1.092233e-01
1.092749e-01
1.093399e-01
1.093731e-01
1.093751e-01
1.093858e-01
1.094407e-01
1.094723e-01
1.094924e-01
1.095034e-01
1.095573e-01
1.095904e-01
1.096128e-01
1.096798e-01
1.097099e-01
1.097512e-01
1.097875e-01
1.098393e-01
1.098656e-01
1.099004e-01
1.099303e-01
1.099852e-01
1.100308e-01
1.100814e-01
1.100980e-01
1.101466e-01
1.101647e-01
1.102086e-01
1.102458e-01
1.103105e-01
1.103384e-01
1.103531e-01
1.103840e-01
1.104076e-01
1.104457e-01
1.104836e-01
1.105154e-01
1.105818e-01
1.106000e-01
1.106501e-01
1.107012e-01
1.107271e-01
1.107857e-01
1.107889e-01
1.108363e-01
1.108622e-01
1.109487e-01
1.109766e-01
1.110177e-01
1.110668e-01
1.110854e-01
1.111231e-01
1.111327e-01
1.112118e-01
1.112692e-01
1.112859e-01
1.113097e-01
1.113627e-01
1.113932e-01
1.114458e-01
1.114805e-01
1.115312e-01
1.115586e-01
1.115989e-01
1.116268e-01
1.116637e-01
1.116931e-01
1.117020e-01
1.117422e-01
1.117487e-01
1.117714e-01
1.118834e-01
1.118933e-01
1.119115e-01
1.119419e-01
1.119890e-01
1.120197e-01
1.120726e-01
1.121198e-01
1.121425e-01
1.121503e-01
1.121890e-01
1.122715e-01
1.122870e-01
1.123074e-01
1.123244e-01
1.123793e-01
1.124398e-01
1.124820e-01
1.125137e-01
1.125748e-01
1.126238e-01
1.126446e-01
1.126599e-01
1.127131e-01
1.127508e-01
1.128098e-01
1.128309e-01
1.128692e-01
1.128958e-01
1.129800e-01
1.129968e-01
1.130178e-01
1.130619e-01
1.131181e-01
1.131502e-01
1.131786e-01
1.132331e-01
1.132361e-01
1.132555e-01
1.133302e-01
1.133634e-01
1.133758e-01
1.134200e-01
1.134817e-01
1.134929e-01
1.135149e-01
1.135390e-01
1.135678e-01
1.135978e-01
1.136453e-01
1.136890e-01
1.137336e-01
1.137669e-01
1.138013e-01
1.138448e-01
1.138805e-01
1.139366e-01
1.139637e-01
1.139777e-01
1.140098e-01
1.140494e-01
1.140626e-01
1.141043e-01
1.141553e-01
1.141776e-01
1.142104e-01
1.142278e-01
1.143144e-01
1.143388e-01
1.143542e-01
1.143832e-01
1.144353e-01
1.144654e-01
1.145548e-01
1.145589e-01
1.145850e-01
1.146187e-01
1.146408e-01
1.146979e-01
1.147493e-01
1.148010e-01
1.148279e-01
1.148434e-01
1.148629e-01
1.149317e-01
1.149366e-01
1.150154e-01
1.150616e-01
1.151016e-01
1.151247e-01
1.151626e-01
1.151933e-01
1.152151e-01
1.152535e-01
1.152886e-01
1.153425e-01
1.153923e-01
1.154358e-01
1.154600e-01
1.154964e-01
1.155306e-01
1.155665e-01
1.156111e-01
1.156179e-01
1.156696e-01
1.156954e-01
1.157284e-01
1.157472e-01
1.157704e-01
1.158179e-01
1.158573e-01
1.158643e-01
1.158959e-01
1.159440e-01
1.160216e-01
1.160814e-01
1.161044e-01
1.161301e-01
1.161637e-01
1.161971e-01
1.162110e-01
1.162600e-01
1.163219e-01
1.163261e-01
1.163442e-01
1.163746e-01
1.164016e-01
1.164486e-01
1.164767e-01
1.165238e-01
1.165281e-01
1.165566e-01
1.165838e-01
1.166100e-01
1.166824e-01
1.167200e-01
1.167622e-01
1.167698e-01
1.168097e-01
1.168424e-01
1.168900e-01
1.169085e-01
1.169410e-01
1.169543e-01
1.170317e-01
1.170579e-01
1.170868e-01
1.171329e-01
1.171825e-01
1.172006e-01
1.172183e-01
1.172636e-01
1.172982e-01
1.173897e-01
1.174020e-01
1.174305e-01
1.174707e-01
1.174917e-01
1.175328e-01
1.175566e-01
1.176182e-01
1.176259e-01
1.176526e-01
1.176753e-01
1.177439e-01
1.177490e-01
1.177751e-01
1.178249e-01
1.178826e-01
1.179221e-01
1.179496e-01
1.179922e-01
1.180256e-01
1.180694e-01
1.180810e-01
1.181595e-01
1.181734e-01
1.181856e-01
1.182108e-01
1.182521e-01
1.183099e-01
1.183904e-01
1.184004e-01
1.184196e-01
1.184689e-01
1.185358e-01
1.185608e-01
1.185961e-01
1.186541e-01
1.186693e-01
1.187053e-01
1.187262e-01
1.187445e-01
1.188137e-01
1.188539e-01
1.188804e-01
1.189442e-01
1.189510e-01
1.189823e-01
1.190124e-01
1.190434e-01
1.190751e-01
1.191391e-01
1.191437e-01
1.191745e-01
1.192116e-01
1.192904e-01
1.193068e-01
1.193228e-01
1.193397e-01
1.193573e-01
1.194243e-01
1.194351e-01
1.194907e-01
1.194977e-01
1.195676e-01
1.196119e-01
1.196396e-01
1.196467e-01
1.196672e-01
1.197218e-01
1.197806e-01
1.198166e-01
1.198618e-01
1.198714e-01
1.198991e-01
1.199444e-01
1.199630e-01
1.199988e-01
1.200540e-01
1.200814e-01
1.201025e-01
1.201541e-01
1.201571e-01
1.202207e-01
1.202605e-01
1.203016e-01
1.203561e-01
1.203692e-01
1.203813e-01
1.204555e-01
1.204896e-01
1.205582e-01
1.205968e-01
1.206326e-01
1.206393e-01
1.206946e-01
1.207292e-01
1.207615e-01
1.207974e-01
1.208148e-01
1.208327e-01
1.209170e-01
1.209361e-01
1.209728e-01
1.210030e-01
1.210274e-01
1.210593e-01
1.211008e-01
1.211349e-01
1.211943e-01
1.212435e-01
1.212573e-01
1.212792e-01
1.213297e-01
1.213622e-01
1.213920e-01
1.214195e-01
1.214672e-01
1.214705e-01
1.214954e-01
1.215354e-01
1.215726e-01
1.216211e-01
1.216568e-01
1.216849e-01
1.217239e-01
1.217816e-01
1.217968e-01
1.218052e-01
1.218531e-01
1.218865e-01
1.219661e-01
1.219817e-01
1.220192e-01
1.220582e-01
1.220800e-01
1.221226e-01
1.221887e-01
1.222033e-01
1.222329e-01
1.222818e-01
1.223108e-01
1.223789e-01
1.223902e-01
1.224325e-01
1.224623e-01
1.225281e-01
1.225391e-01
1.225794e-01
1.225964e-01
1.226449e-01
1.226490e-01
1.226668e-01
1.227594e-01
1.228166e-01
1.228334e-01
1.228539e-01
1.228961e-01
1.229484e-01
1.229702e-01
1.230071e-01
1.230564e-01
1.230825e-01
1.231281e-01
1.231565e-01
1.231943e-01
1.232299e-01
1.232536e-01
1.232690e-01
1.233204e-01
1.233848e-01
1.234314e-01
1.234339e-01
1.234564e-01
1.234740e-01
1.234951e-01
1.235649e-01
1.235870e-01
1.236616e-01
1.236665e-01
1.236741e-01
1.237312e-01
1.237555e-01
1.237702e-01
1.238231e-01
1.238522e-01
1.238843e-01
1.239334e-01
1.239679e-01
1.239812e-01
1.239951e-01
1.240417e-01
1.241066e-01
1.241319e-01
1.241791e-01
1.241967e-01
1.242325e-01
1.242630e-01
1.242901e-01
1.243329e-01
1.243915e-01
1.243959e-01
1.244334e-01
1.244784e-01
1.245126e-01
1.245432e-01
1.246237e-01
1.246441e-01
1.246635e-01
1.246783e-01
1.247313e-01
1.247543e-01
1.247869e-01
1.248263e-01
1.248803e-01
1.249093e-01
1.249644e-01
1.249973e-01
1.250284e-01
1.250296e-01
1.250623e-01
1.251306e-01
1.251568e-01
1.251722e-01
1.251860e-01
1.252285e-01
1.252479e-01
1.252795e-01
1.253246e-01
1.253621e-01
1.253820e-01
1.254061e-01
1.254592e-01
1.254653e-01
1.255060e-01
1.255350e-01
1.255589e-01
1.256289e-01
1.256837e-01
1.257228e-01
1.257691e-01
1.258033e-01
1.258238e-01
1.258715e-01
1.258914e-01
1.259126e-01
1.259544e-01
1.260069e-01
1.260333e-01
1.260528e-01
1.260833e-01
1.261454e-01
1.261849e-01
1.262026e-01
1.262477e-01
1.262829e-01
1.262908e-01
1.263339e-01
1.263626e-01
1.264106e-01
1.264413e-01
1.264818e-01
1.265099e-01
1.265366e-01
1.265617e-01
1.266043e-01
1.266492e-01
1.266895e-01
1.267190e-01
1.267506e-01
1.267837e-01
1.268161e-01
1.268368e-01
1.268874e-01
1.269188e-01
1.269450e-01
1.269750e-01
1.270333e-01
1.270514e-01
1.270947e-01
1.271229e-01
1.271573e-01
1.271670e-01
1.272243e-01
1.272622e-01
1.272841e-01
1.273418e-01
1.273833e-01
1.273891e-01
1.274202e-01
1.274563e-01
1.274941e-01
1.275074e-01
1.275581e-01
1.276143e-01
1.276346e-01
1.276535e-01
1.277050e-01
1.277432e-01
1.277596e-01
1.277787e-01
1.278400e-01
1.278844e-01
1.279071e-01
1.279118e-01
1.279945e-01
1.279962e-01
1.280344e-01
1.280897e-01
1.281180e-01
1.281537e-01
1.281797e-01
1.282212e-01
1.282507e-01
1.282796e-01
1.283023e-01
1.283271e-01
1.283762e-01
1.284063e-01
1.284277e-01
1.284605e-01
1.285562e-01
1.285801e-01
1.286197e-01
1.286341e-01
1.286669e-01
1.287286e-01
1.287471e-01
1.287736e-01
1.287854e-01
1.288220e-01
1.288356e-01
1.288902e-01
1.289365e-01
1.289958e-01
1.290074e-01
1.290377e-01
1.290593e-01
1.291044e-01
1.291104e-01
1.292059e-01
1.292207e-01
1.292431e-01
1.292842e-01
1.293138e-01
1.293650e-01
1.293982e-01
1.294238e-01
1.294619e-01
1.294887e-01
1.295333e-01
1.295615e-01
1.295773e-01
1.296178e-01
1.296424e-01
1.297004e-01
1.297182e-01
1.297471e-01
1.297588e-01
1.298130e-01
1.298451e-01
1.298876e-01
1.299399e-01
1.299691e-01
1.299993e-01
1.300334e-01
1.300779e-01
1.301212e-01
1.301683e-01
1.301927e-01
1.302196e-01
1.302489e-01
1.302917e-01
1.303272e-01
1.303738e-01
1.303999e-01
1.304076e-01
1.304331e-01
1.304774e-01
1.305025e-01
1.305441e-01
1.305851e-01
1.306380e-01
1.306784e-01
1.307080e-01
1.307253e-01
1.307676e-01
1.307984e-01
1.308230e-01
1.308401e-01
1.308615e-01
1.309050e-01
1.309530e-01
1.309705e-01
1.310307e-01
1.310337e-01
1.310860e-01
1.311402e-01
1.311532e-01
1.311924e-01
1.312310e-01
1.312873e-01
1.313121e-01
1.313310e-01
1.314063e-01
1.314162e-01
1.314378e-01
1.314890e-01
1.315268e-01
1.315425e-01
1.315822e-01
1.316071e-01
1.316474e-01
1.316849e-01
1.317263e-01
1.317661e-01
1.317810e-01
1.318109e-01
1.318502e-01
1.318797e-01
1.319119e-01
1.319805e-01
1.319928e-01
1.320120e-01
1.320618e-01
1.320770e-01
1.321436e-01
1.321714e-01
1.321830e-01
1.322277e-01
1.322571e-01
1.322842e-01
1.323515e-01
1.323951e-01
1.324109e-01
1.324395e-01
1.324949e-01
1.325524e-01
1.325568e-01
1.326151e-01
1.326303e-01
1.326560e-01
1.326925e-01
1.327096e-01
1.327576e-01
1.327750e-01
1.328526e-01
1.328624e-01
1.329355e-01
1.329475e-01
1.329686e-01
1.330397e-01
1.330496e-01
1.330755e-01
1.330967e-01
1.331351e-01
1.331668e-01
1.332124e-01
1.332245e-01
1.332783e-01
1.333085e-01
1.333435e-01
1.333920e-01
1.334016e-01
1.334214e-01
1.334556e-01
1.334745e-01
1.334882e-01
1.335028e-01
1.335386e-01
1.335807e-01
1.336358e-01
1.336469e-01
1.336880e-01
1.337781e-01
1.337853e-01
1.338247e-01
1.338481e-01
1.339008e-01
1.339115e-01
1.339445e-01
1.339787e-01
1.340073e-01
1.340374e-01
1.341063e-01
1.341164e-01
1.341378e-01
1.341721e-01
1.342048e-01
1.342304e-01
1.342357e-01
1.343047e-01
1.343314e-01
1.343398e-01
1.343854e-01
1.344688e-01
1.345043e-01
1.345218e-01
1.345463e-01
1.346284e-01
1.346444e-01
1.346571e-01
1.346775e-01
1.347232e-01
1.347488e-01
1.348016e-01
1.348192e-01
1.348361e-01
1.349024e-01
1.349448e-01
1.349811e-01
1.350066e-01
1.350558e-01
1.350879e-01
1.351078e-01
1.351422e-01
1.351880e-01
1.352253e-01
1.352626e-01
1.352820e-01
1.353175e-01
1.353513e-01
1.353857e-01
1.354323e-01
1.354615e-01
1.354816e-01
1.355071e-01
1.355519e-01
1.355925e-01
1.356460e-01
1.356600e-01
1.357197e-01
1.357433e-01
1.357478e-01
1.357872e-01
1.358212e-01
1.358735e-01
1.359106e-01
1.359197e-01
1.359669e-01
1.359809e-01
1.359993e-01
1.360413e-01
1.360554e-01
1.361092e-01
1.361382e-01
1.361645e-01
1.362037e-01
1.362477e-01
1.362732e-01
1.363018e-01
1.363557e-01
1.363884e-01
1.363937e-01
1.364486e-01
1.364895e-01
1.365056e-01
1.365521e-01
1.366097e-01
1.366210e-01
1.366805e-01
1.366985e-01
1.367305e-01
1.367602e-01
1.368187e-01
1.368554e-01
1.368812e-01
1.369272e-01
1.369348e-01
1.369777e-01
1.369889e-01
1.370321e-01
1.370962e-01
1.371405e-01
1.371589e-01
1.371869e-01
1.372189e-01
1.372417e-01
1.372579e-01
1.373261e-01
1.373666e-01
1.373898e-01
1.374090e-01
1.374669e-01
1.375129e-01
1.375241e-01
1.375356e-01
1.375907e-01
1.376281e-01
1.376590e-01
1.376820e-01
1.377194e-01
1.377418e-01
1.377540e-01
1.378331e-01
1.378636e-01
1.378849e-01
1.379100e-01
1.379586e-01
1.379734e-01
1.379772e-01
1.380525e-01
1.380852e-01
1.381094e-01
1.381470e-01
1.381658e-01
1.381942e-01
1.382674e-01
1.382956e-01
1.383211e-01
1.383772e-01
1.384036e-01
1.384435e-01
1.384951e-01
1.385098e-01
1.385343e-01
1.385892e-01
1.385984e-01
1.386544e-01
1.386847e-01
1.386957e-01
1.387241e-01
1.387968e-01
1.388156e-01
1.388344e-01
1.388724e-01
1.389323e-01
1.389332e-01
1.390090e-01
1.390456e-01
1.390763e-01
1.391147e-01
1.391549e-01
1.391861e-01
1.391979e-01
1.392230e-01
1.392441e-01
1.392619e-01
1.393472e-01
1.393621e-01
1.393853e-01
1.394105e-01
1.394288e-01
1.394445e-01
1.395058e-01
1.395255e-01
1.395451e-01
1.395777e-01
1.396318e-01
1.396470e-01
1.396762e-01
1.397156e-01
1.397714e-01
1.397977e-01
1.398561e-01
1.398740e-01
1.399236e-01
1.399625e-01
1.399828e-01
1.400347e-01
1.400561e-01
1.400597e-01
1.401397e-01
1.401735e-01
1.401910e-01
1.402504e-01
1.402599e-01
1.402824e-01
1.403290e-01
1.403765e-01
1.403936e-01
1.404094e-01
1.404224e-01
1.404596e-01
1.404832e-01
1.405145e-01
1.405484e-01
1.405605e-01
1.406118e-01
1.406709e-01
1.406949e-01
1.407098e-01
1.407575e-01
1.407952e-01
1.408298e-01
1.408682e-01
1.408800e-01
1.409204e-01
1.409570e-01
1.409821e-01
1.410408e-01
1.410707e-01
1.411156e-01
1.411380e-01
1.411495e-01
1.411595e-01
1.412172e-01
1.412214e-01
1.412440e-01
1.412771e-01
1.412972e-01
1.413748e-01
1.413940e-01
1.414031e-01
1.414558e-01
1.414943e-01
1.415378e-01
1.415429e-01
1.415662e-01
1.416367e-01
1.416630e-01
1.417203e-01
1.417483e-01
1.417705e-01
1.417784e-01
1.417875e-01
1.418264e-01
1.418795e-01
1.419098e-01
1.419413e-01
1.419884e-01
1.420261e-01
1.420654e-01
1.420776e-01
1.421212e-01
1.421479e-01
1.421660e-01
1.421974e-01
1.422309e-01
1.422510e-01
1.423088e-01
1.423445e-01
1.423650e-01
1.423875e-01
1.424477e-01
1.424775e-01
1.425110e-01
1.425659e-01
1.425948e-01
1.426279e-01
1.426384e-01
1.426598e-01
1.427094e-01
1.427125e-01
1.427713e-01
1.427934e-01
1.428502e-01
1.428954e-01
1.429030e-01
1.429562e-01
1.429823e-01
1.430283e-01
1.430386e-01
1.430657e-01
1.431103e-01
1.431112e-01
1.431748e-01
1.431941e-01
1.432271e-01
1.432535e-01
1.433087e-01
1.433262e-01
1.433439e-01
1.434031e-01
1.434429e-01
1.434545e-01
1.434988e-01
1.435260e-01
1.435433e-01
1.435738e-01
1.436515e-01
1.436725e-01
1.437302e-01
1.437492e-01
1.437639e-01
1.438201e-01
1.438246e-01
1.438635e-01
1.439077e-01
1.439297e-01
1.439750e-01
1.440005e-01
1.440114e-01
1.440868e-01
1.441057e-01
1.441114e-01
1.441434e-01
1.441603e-01
1.442409e-01
1.442670e-01
1.443087e-01
1.443600e-01
1.443669e-01
1.443959e-01
1.444273e-01
1.444800e-01
1.445088e-01
1.445293e-01
1.445508e-01
1.445821e-01
1.446127e-01
1.446607e-01
1.446835e-01
1.447072e-01
1.447656e-01
1.448242e-01
1.448503e-01
1.448962e-01
1.449220e-01
1.449554e-01
1.450110e-01
1.450209e-01
1.450533e-01
1.450683e-01
1.450973e-01
1.451424e-01
1.451865e-01
1.452541e-01
1.452575e-01
1.452713e-01
1.453099e-01
1.453461e-01
1.453734e-01
1.454568e-01
1.454815e-01
1.455111e-01
1.455334e-01
1.455613e-01
1.456155e-01
1.456348e-01
1.456632e-01
1.457311e-01
1.457711e-01
1.458015e-01
1.458182e-01
1.458470e-01
1.458796e-01
1.459130e-01
1.459380e-01
1.459565e-01
1.460042e-01
1.460515e-01
1.460682e-01
1.461178e-01
1.461515e-01
1.461827e-01
1.461902e-01
1.462403e-01
1.463061e-01
1.463416e-01
1.463564e-01
1.464075e-01
1.464198e-01
1.464490e-01
1.464719e-01
1.465249e-01
1.465574e-01
1.465737e-01
1.466119e-01
1.466257e-01
1.466548e-01
1.466900e-01
1.467104e-01
1.467449e-01
1.467824e-01
1.468013e-01
1.468480e-01
1.468819e-01
1.469263e-01
1.469648e-01
1.469881e-01
1.470280e-01
1.470526e-01
1.470996e-01
1.471175e-01
1.471824e-01
1.472441e-01
1.472770e-01
1.473057e-01
1.473093e-01
1.473443e-01
1.473832e-01
1.473982e-01
1.474407e-01
1.474757e-01
1.474925e-01
1.475162e-01
1.475451e-01
1.475746e-01
1.476074e-01
1.476308e-01
1.476594e-01
1.477060e-01
1.477497e-01
1.477747e-01
1.478024e-01
1.478552e-01
1.478874e-01
1.479026e-01
1.479185e-01
1.479851e-01
1.480522e-01
1.480723e-01
1.480968e-01
1.481289e-01
1.481518e-01
1.481733e-01
1.481799e-01
1.482056e-01
1.482286e-01
1.482745e-01
1.483143e-01
1.483595e-01
1.483836e-01
1.484086e-01
1.484227e-01
1.484640e-01
1.485234e-01
1.485687e-01
1.485773e-01
1.485866e-01
1.485968e-01
1.486502e-01
1.487066e-01
1.487229e-01
1.487488e-01
1.487941e-01
1.488210e-01
1.488480e-01
1.488610e-01
1.489302e-01
1.489748e-01
1.490123e-01
1.490242e-01
1.490486e-01
1.490712e-01
1.490940e-01
1.491390e-01
1.491706e-01
1.492114e-01
1.492309e-01
1.492947e-01
1.493207e-01
1.493707e-01
1.494203e-01
1.494342e-01
1.494552e-01
1.494706e-01
1.495094e-01
1.495738e-01
1.496041e-01
1.496219e-01
1.496607e-01
1.497120e-01
1.497376e-01
1.497588e-01
1.497924e-01
1.498309e-01
1.498833e-01
1.499377e-01
1.499670e-01
1.499798e-01
1.500047e-01
1.500473e-01
1.500947e-01
1.501217e-01
1.501579e-01
1.501788e-01
1.502052e-01
1.502181e-01
1.502650e-01
1.503180e-01
1.503563e-01
1.503730e-01
1.503737e-01
1.503892e-01
1.504332e-01
1.504931e-01
1.505447e-01
1.505980e-01
1.506121e-01
1.506259e-01
1.506850e-01
1.507179e-01
1.507326e-01
1.507535e-01
1.508093e-01
1.508388e-01
1.508648e-01
1.509181e-01
1.509383e-01
1.509858e-01
1.510161e-01
1.510465e-01
1.510663e-01
1.511424e-01
1.511565e-01
1.511913e-01
1.512439e-01
1.512585e-01
1.513023e-01
1.513414e-01
1.513576e-01
1.514276e-01
1.514477e-01
1.514657e-01
1.514911e-01
1.515053e-01
1.515911e-01
1.516213e-01
1.516679e-01
1.516980e-01
1.517215e-01
1.517726e-01
1.518009e-01
1.518171e-01
1.518351e-01
1.518547e-01
1.518975e-01
1.519213e-01
1.519432e-01
1.519876e-01
1.520094e-01
1.520233e-01
1.520496e-01
1.521110e-01
1.521429e-01
1.521596e-01
1.522141e-01
1.522452e-01
1.522756e-01
1.523341e-01
1.523554e-01
1.523630e-01
1.524211e-01
1.524417e-01
1.524587e-01
1.525072e-01
1.525181e-01
1.525712e-01
1.526038e-01
1.526255e-01
1.527374e-01
1.527574e-01
1.527788e-01
1.528013e-01
1.528084e-01
1.528933e-01
1.528957e-01
1.529135e-01
1.529704e-01
1.530133e-01
1.530330e-01
1.530575e-01
1.530653e-01
1.531103e-01
1.531393e-01
1.532280e-01
1.532455e-01
1.532540e-01
1.532741e-01
1.533214e-01
1.533574e-01
1.533820e-01
1.534256e-01
1.534833e-01
1.535170e-01
1.535717e-01
1.536194e-01
1.536326e-01
1.536487e-01
1.536830e-01
1.537189e-01
1.537536e-01
1.537877e-01
1.538303e-01
1.538481e-01
1.539017e-01
1.539555e-01
1.539602e-01
1.539858e-01
1.540241e-01
1.540529e-01
1.540778e-01
1.541170e-01
1.541503e-01
1.541737e-01
1.541951e-01
1.542250e-01
1.543007e-01
1.543219e-01
1.543243e-01
1.543935e-01
1.544081e-01
1.544556e-01
1.544948e-01
1.545000e-01
1.545479e-01
1.545657e-01
1.546035e-01
1.546533e-01
1.546604e-01
1.547161e-01
1.547490e-01
1.547604e-01
1.547853e-01
1.548071e-01
1.548729e-01
1.548999e-01
1.549391e-01
1.549603e-01
1.550017e-01
1.550401e-01
1.550644e-01
1.551094e-01
1.551184e-01
1.551609e-01
1.552115e-01
1.552600e-01
1.552846e-01
1.553009e-01
1.553321e-01
1.553564e-01
1.553781e-01
1.554254e-01
1.554554e-01
1.555039e-01
1.555419e-01
1.555979e-01
1.556147e-01
1.556361e-01
1.556736e-01
1.556834e-01
1.557024e-01
1.557535e-01
1.557938e-01
1.558102e-01
1.558405e-01
1.558786e-01
1.559102e-01
1.559540e-01
1.559947e-01
1.560257e-01
1.560518e-01
1.560706e-01
1.560974e-01
1.561387e-01
1.561684e-01
1.562088e-01
1.562662e-01
1.562717e-01
1.563148e-01
1.563300e-01
1.563802e-01
1.564530e-01
1.564831e-01
1.564940e-01
1.565228e-01
1.565697e-01
1.565940e-01
1.566201e-01
1.566581e-01
1.566915e-01
1.567186e-01
1.567665e-01
1.568079e-01
1.568237e-01
1.568541e-01
1.568818e-01
1.569339e-01
1.570026e-01
1.570121e-01
1.570811e-01
1.571121e-01
1.571725e-01
1.571950e-01
1.572127e-01
1.572252e-01
1.572453e-01
1.572871e-01
1.573079e-01
1.573165e-01
1.574186e-01
1.574493e-01
1.574905e-01
1.575041e-01
1.575196e-01
1.575686e-01
1.575926e-01
1.576573e-01
1.577084e-01
1.577239e-01
1.577598e-01
1.577960e-01
1.578098e-01
1.578287e-01
1.578485e-01
1.579278e-01
1.579449e-01
1.579952e-01
1.580122e-01
1.580560e-01
1.580885e-01
1.581458e-01
1.581835e-01
1.582205e-01
1.582513e-01
1.582779e-01
1.583234e-01
1.583433e-01
1.583674e-01
1.584026e-01
1.584396e-01
1.584677e-01
1.584879e-01
1.585260e-01
1.585586e-01
1.585746e-01
1.585905e-01
1.586161e-01
1.586454e-01
1.587072e-01
1.587400e-01
1.587529e-01
1.588155e-01
1.588448e-01
1.588541e-01
1.588879e-01
1.589206e-01
1.589516e-01
1.590044e-01
1.590761e-01
1.591191e-01
1.591413e-01
1.591505e-01
1.591906e-01
1.592495e-01
1.592858e-01
1.593062e-01
1.593198e-01
1.593454e-01
1.594204e-01
1.594295e-01
1.594520e-01
1.594778e-01
1.595035e-01
1.595502e-01
1.596139e-01
1.596401e-01
1.596672e-01
1.597061e-01
1.597422e-01
1.597826e-01
1.597944e-01
1.598107e-01
1.598657e-01
1.599059e-01
1.599450e-01
1.599712e-01
1.599816e-01
1.600164e-01
1.600302e-01
1.600573e-01
1.600895e-01
1.601603e-01
1.601981e-01
1.602344e-01
1.602538e-01
1.602767e-01
1.603101e-01
1.603483e-01
1.603758e-01
1.603930e-01
1.604198e-01
1.604833e-01
1.605144e-01
1.605685e-01
1.605791e-01
1.606064e-01
1.606355e-01
1.606898e-01
1.607049e-01
1.607458e-01
1.608164e-01
1.608483e-01
1.608569e-01
1.609277e-01
1.609504e-01
1.609831e-01
1.610115e-01
1.610287e-01
1.610724e-01
1.610898e-01
1.611204e-01
1.612099e-01
1.612372e-01
1.612671e-01
1.613195e-01
1.613404e-01
1.613520e-01
1.613959e-01
1.614308e-01
1.614490e-01
1.614993e-01
1.615087e-01
1.615409e-01
1.615603e-01
1.616135e-01
1.616313e-01
1.616474e-01
1.616983e-01
1.617385e-01
1.617910e-01
1.618094e-01
1.618581e-01
1.619022e-01
1.619408e-01
1.619778e-01
1.619842e-01
1.620189e-01
1.620272e-01
1.620506e-01
1.621035e-01
1.621367e-01
1.621531e-01
1.622042e-01
1.622450e-01
1.623055e-01
1.623310e-01
1.623675e-01
1.624020e-01
1.624225e-01
1.624380e-01
1.624727e-01
1.624958e-01
1.625366e-01
1.625731e-01
1.626095e-01
1.626484e-01
1.626712e-01
1.627450e-01
1.627725e-01
1.627876e-01
1.628504e-01
1.628818e-01
1.629067e-01
1.629842e-01
1.629919e-01
1.630161e-01
1.630620e-01
1.631225e-01
1.631444e-01
1.632194e-01
1.632389e-01
1.632480e-01
1.632691e-01
1.632892e-01
1.633047e-01
1.633734e-01
1.633784e-01
1.634270e-01
1.634666e-01
1.634868e-01
1.635669e-01
1.635964e-01
1.635988e-01
1.636213e-01
1.636600e-01
1.637050e-01
1.637334e-01
1.637570e-01
1.637885e-01
1.638182e-01
1.638394e-01
1.638899e-01
1.639506e-01
1.639739e-01
1.640206e-01
1.640603e-01
1.640789e-01
1.641182e-01
1.641737e-01
1.642097e-01
1.642363e-01
1.642619e-01
1.643015e-01
1.643243e-01
1.643774e-01
1.643947e-01
1.644361e-01
1.644627e-01
1.644942e-01
1.645364e-01
1.645547e-01
1.646204e-01
1.646501e-01
1.646564e-01
1.647043e-01
1.647494e-01
1.647781e-01
1.648237e-01
1.648424e-01
1.648648e-01
1.648775e-01
1.649275e-01
1.649961e-01
1.650318e-01
1.650548e-01
1.650730e-01
1.651089e-01
1.651417e-01
1.651979e-01
1.652154e-01
1.652549e-01
1.652692e-01
1.653266e-01
1.653336e-01
1.653760e-01
1.653887e-01
1.654225e-01
1.654607e-01
1.654691e-01
1.655298e-01
1.655604e-01
1.655675e-01
1.656073e-01
1.657103e-01
1.657382e-01
1.657704e-01
1.657858e-01
1.658087e-01
1.658447e-01
1.658510e-01
1.658859e-01
1.659490e-01
1.660136e-01
1.660321e-01
1.660709e-01
1.661181e-01
1.661720e-01
1.661997e-01
1.662142e-01
1.662429e-01
1.663094e-01
1.663361e-01
1.663694e-01
1.663776e-01
1.664347e-01
1.664505e-01
1.664762e-01
1.664921e-01
1.665463e-01
1.665739e-01
1.665807e-01
1.666046e-01
1.666391e-01
1.666733e-01
1.666995e-01
1.667363e-01
1.667477e-01
1.667935e-01
1.668900e-01
1.668936e-01
1.669430e-01
1.669509e-01
1.669868e-01
1.670321e-01
1.670744e-01
1.670876e-01
1.671551e-01
1.671687e-01
1.671751e-01
1.672061e-01
1.672192e-01
1.672846e-01
1.673126e-01
1.673460e-01
1.673882e-01
1.673999e-01
1.674359e-01
1.675032e-01
1.675358e-01
1.676113e-01
1.676360e-01
1.676691e-01
1.676801e-01
1.677363e-01
1.677676e-01
1.677930e-01
1.678189e-01
1.678531e-01
1.678830e-01
1.678982e-01
1.679446e-01
1.679805e-01
1.680087e-01
1.680516e-01
1.681054e-01
1.681081e-01
1.681806e-01
1.681908e-01
1.682107e-01
1.682409e-01
1.682519e-01
1.682907e-01
1.683205e-01
1.683363e-01
1.683674e-01
1.684110e-01
1.684380e-01
1.684974e-01
1.685113e-01
1.685281e-01
1.685887e-01
1.685988e-01
1.686305e-01
1.686760e-01
1.687080e-01
1.687345e-01
1.687595e-01
1.688018e-01
1.688459e-01
1.688716e-01
1.689277e-01
1.689633e-01
1.689772e-01
1.690140e-01
1.690550e-01
1.690978e-01
1.691547e-01
1.691696e-01
1.692319e-01
1.692479e-01
1.692584e-01
1.693032e-01
1.693406e-01
1.693584e-01
1.693724e-01
1.694368e-01
1.694415e-01
1.694809e-01
1.695318e-01
1.695691e-01
1.695802e-01
1.696353e-01
1.696659e-01
1.697166e-01
1.697495e-01
1.697694e-01
1.698129e-01
1.698222e-01
1.699052e-01
1.699285e-01
1.699579e-01
1.699705e-01
1.700346e-01
1.700543e-01
1.700917e-01
1.701217e-01
1.701443e-01
1.702083e-01
1.702252e-01
1.702598e-01
1.702757e-01
1.703321e-01
1.703794e-01
1.703951e-01
1.704265e-01
1.704540e-01
1.705168e-01
1.705266e-01
1.705773e-01
1.706198e-01
1.706527e-01
1.706997e-01
1.707036e-01
1.707419e-01
1.707649e-01
1.708134e-01
1.708750e-01
1.708985e-01
1.709507e-01
1.709701e-01
1.709975e-01
1.710168e-01
1.710576e-01
1.710964e-01
1.711111e-01
1.711665e-01
1.711867e-01
1.712487e-01
1.712642e-01
1.712725e-01
1.713076e-01
1.713765e-01
1.713816e-01
1.714279e-01
1.714865e-01
1.715459e-01
1.715727e-01
1.716032e-01
1.716585e-01
1.717033e-01
1.717098e-01
1.717336e-01
1.717803e-01
1.717893e-01
1.718189e-01
1.718547e-01
1.718598e-01
1.718870e-01
1.719541e-01
1.719722e-01
1.720242e-01
1.720499e-01
1.721058e-01
1.721356e-01
1.721814e-01
1.722043e-01
1.722381e-01
1.722974e-01
1.723076e-01
1.723450e-01
1.723536e-01
1.723980e-01
1.724122e-01
1.724967e-01
1.725290e-01
1.725428e-01
1.725835e-01
1.726150e-01
1.726553e-01
1.727080e-01
1.727464e-01
1.727882e-01
1.728193e-01
1.728364e-01
1.728472e-01
1.728944e-01
1.729241e-01
1.729857e-01
1.730066e-01
1.730550e-01
1.730653e-01
1.730791e-01
1.731018e-01
1.731598e-01
1.731978e-01
1.732104e-01
1.733008e-01
1.733054e-01
1.733428e-01
1.733830e-01
1.734263e-01
1.734655e-01
1.735108e-01
1.735667e-01
1.735851e-01
1.736082e-01
1.736210e-01
1.736650e-01
1.736818e-01
1.737445e-01
1.737895e-01
1.738426e-01
1.738652e-01
1.738915e-01
1.739259e-01
1.739668e-01
1.740083e-01
1.740293e-01
1.740638e-01
1.740871e-01
1.741408e-01
1.741596e-01
1.742074e-01
1.742237e-01
1.742776e-01
1.742863e-01
1.743684e-01
1.743829e-01
1.744043e-01
1.744292e-01
1.744495e-01
1.744622e-01
1.745516e-01
1.745893e-01
1.746082e-01
1.746196e-01
1.746445e-01
1.747068e-01
1.747563e-01
1.748071e-01
1.748233e-01
1.748714e-01
1.749081e-01
1.749349e-01
1.749456e-01
1.749906e-01
1.750358e-01
1.750611e-01
1.750901e-01
1.751315e-01
1.752141e-01
1.752327e-01
1.753028e-01
1.753459e-01
1.753505e-01
1.753831e-01
1.753969e-01
1.754383e-01
1.754625e-01
1.754926e-01
1.755366e-01
1.756291e-01
1.756652e-01
1.757055e-01
1.757217e-01
1.757397e-01
1.757795e-01
1.758198e-01
1.758816e-01
1.759323e-01
1.759512e-01
1.759752e-01
1.760232e-01
1.760486e-01
1.760783e-01
1.761468e-01
1.761509e-01
1.762166e-01
1.762286e-01
1.762700e-01
1.763139e-01
1.763386e-01
1.763801e-01
1.764179e-01
1.764450e-01
1.764958e-01
1.765046e-01
1.765530e-01
1.766073e-01
1.766415e-01
1.766694e-01
1.766878e-01
1.767339e-01
1.767557e-01
1.767917e-01
1.768428e-01
1.768550e-01
1.769317e-01
1.769564e-01
1.769834e-01
1.770273e-01
1.770321e-01
1.770578e-01
1.771325e-01
1.771437e-01
1.771762e-01
1.772082e-01
1.772410e-01
1.772517e-01
1.772856e-01
1.773435e-01
1.773836e-01
1.774648e-01
1.774833e-01
1.774991e-01
1.775543e-01
1.776135e-01
1.776504e-01
1.777082e-01
1.777369e-01
1.777564e-01
1.777688e-01
1.778009e-01
1.778468e-01
1.779038e-01
1.779473e-01
1.779622e-01
1.780227e-01
1.780229e-01
1.780617e-01
1.780905e-01
1.781382e-01
1.781631e-01
1.782086e-01
1.782770e-01
1.782855e-01
1.783296e-01
1.783619e-01
1.783700e-01
1.784202e-01
1.784404e-01
1.784877e-01
1.785372e-01
1.785406e-01
1.785899e-01
1.786473e-01
1.786630e-01
1.787060e-01
1.787372e-01
1.787775e-01
1.787890e-01
1.788457e-01
1.788862e-01
1.789209e-01
1.789468e-01
1.789734e-01
1.789886e-01
1.790770e-01
1.790983e-01
1.791180e-01
1.791845e-01
1.792073e-01
1.792399e-01
1.792531e-01
1.792853e-01
1.793688e-01
1.793740e-01
1.794236e-01
1.794388e-01
1.794626e-01
1.796013e-01
1.796044e-01
1.796498e-01
1.796826e-01
1.797205e-01
1.797365e-01
1.797706e-01
1.798056e-01
1.798563e-01
1.799072e-01
1.799229e-01
1.799570e-01
1.800226e-01
1.800502e-01
1.800750e-01
1.800871e-01
1.801089e-01
1.801652e-01
1.801947e-01
1.802350e-01
1.802721e-01
1.803062e-01
1.803478e-01
1.803600e-01
1.804216e-01
1.804628e-01
1.804985e-01
1.805098e-01
1.805533e-01
1.805932e-01
1.806289e-01
1.806808e-01
1.806994e-01
1.807411e-01
1.807827e-01
1.807958e-01
1.808473e-01
1.808755e-01
1.808910e-01
1.809118e-01
1.809644e-01
1.810094e-01
1.810221e-01
1.810958e-01
1.811460e-01
1.811754e-01
1.812074e-01
1.812519e-01
1.813076e-01
1.813149e-01
1.813595e-01
1.813936e-01
1.814222e-01
1.814676e-01
1.814981e-01
1.815405e-01
1.815762e-01
1.816261e-01
1.816324e-01
1.817259e-01
1.817413e-01
1.817950e-01
1.818394e-01
1.818435e-01
1.818817e-01
1.819197e-01
1.819501e-01
1.819991e-01
1.820372e-01
1.820723e-01
1.821287e-01
1.821647e-01
1.821797e-01
1.822367e-01
1.822522e-01
1.822807e-01
1.823263e-01
1.823479e-01
1.824103e-01
1.824266e-01
1.824764e-01
1.824959e-01
1.825455e-01
1.825776e-01
1.826017e-01
1.826662e-01
1.827053e-01
1.827361e-01
1.827596e-01
1.828126e-01
1.828338e-01
1.828821e-01
1.829131e-01
1.829413e-01
1.829991e-01
1.830299e-01
1.830885e-01
1.831307e-01
1.831381e-01
1.831659e-01
1.831787e-01
1.831993e-01
1.832453e-01
1.833395e-01
1.833693e-01
1.833746e-01
1.833854e-01
1.834150e-01
1.834462e-01
1.834824e-01
1.835151e-01
1.835617e-01
1.836070e-01
1.836131e-01
1.836984e-01
1.837198e-01
1.837776e-01
1.838300e-01
1.838466e-01
1.838813e-01
1.838990e-01
1.839389e-01
1.839652e-01
1.839994e-01
1.840282e-01
1.840905e-01
1.841095e-01
1.841619e-01
1.842206e-01
1.842448e-01
1.842675e-01
1.842822e-01
1.843328e-01
1.843827e-01
1.844204e-01
1.844425e-01
1.844728e-01
1.844988e-01
1.845305e-01
1.845871e-01
1.846421e-01
1.846538e-01
1.846677e-01
1.846992e-01
1.847275e-01
1.847789e-01
1.848001e-01
1.848480e-01
1.848718e-01
1.848865e-01
1.849259e-01
1.849794e-01
1.850647e-01
1.850928e-01
1.851280e-01
1.851474e-01
1.851743e-01
1.852208e-01
1.852684e-01
1.852938e-01
1.853446e-01
1.854003e-01
1.854221e-01
1.854616e-01
1.855520e-01
1.855690e-01
1.856033e-01
1.856215e-01
1.856862e-01
1.857083e-01
1.857467e-01
1.857806e-01
1.858077e-01
1.858290e-01
1.858396e-01
1.858757e-01
1.859128e-01
1.859453e-01
1.859667e-01
1.859848e-01
1.860141e-01
1.860634e-01
1.861200e-01
1.861238e-01
1.862083e-01
1.862333e-01
1.862785e-01
1.862896e-01
1.863431e-01
1.863591e-01
1.864064e-01
1.864783e-01
1.865252e-01
1.865478e-01
1.865498e-01
1.866112e-01
1.866136e-01
1.866639e-01
1.867079e-01
1.867350e-01
1.867515e-01
1.867831e-01
1.868446e-01
1.868674e-01
1.868998e-01
1.869859e-01
1.870030e-01
1.870367e-01
1.870896e-01
1.871531e-01
1.871771e-01
1.872073e-01
1.872173e-01
1.872355e-01
1.873286e-01
1.873359e-01
1.873872e-01
1.873990e-01
1.874283e-01
1.874480e-01
1.875097e-01
1.875777e-01
1.875943e-01
1.876345e-01
1.876715e-01
1.876901e-01
1.877210e-01
1.877692e-01
1.878311e-01
1.878707e-01
1.879145e-01
1.879269e-01
1.879410e-01
1.879862e-01
1.880106e-01
1.880479e-01
1.881237e-01
1.881789e-01
1.881905e-01
1.882069e-01
1.882547e-01
1.882706e-01
1.883119e-01
1.883369e-01
1.883935e-01
1.884358e-01
1.884882e-01
1.885089e-01
1.885513e-01
1.885668e-01
1.886030e-01
1.886533e-01
1.887149e-01
1.887351e-01
1.887764e-01
1.888014e-01
1.888465e-01
1.888748e-01
1.889277e-01
1.889708e-01
1.889943e-01
1.890234e-01
1.890637e-01
1.890737e-01
1.891174e-01
1.891367e-01
1.891958e-01
1.892229e-01
1.892593e-01
1.892999e-01
1.893441e-01
1.893957e-01
1.894106e-01
1.894450e-01
1.894618e-01
1.894888e-01
1.895423e-01
1.896195e-01
1.896588e-01
1.896819e-01
1.897096e-01
1.897508e-01
1.897875e-01
1.898030e-01
1.898369e-01
1.898934e-01
1.899236e-01
1.899534e-01
1.899842e-01
1.900174e-01
1.900260e-01
1.900723e-01
1.901252e-01
1.901347e-01
1.901657e-01
1.902679e-01
1.902953e-01
1.903194e-01
1.903924e-01
1.904256e-01
1.904547e-01
1.904931e-01
1.905693e-01
1.905802e-01
1.906009e-01
1.906473e-01
1.906700e-01
1.906758e-01
1.906987e-01
1.907313e-01
1.907837e-01
1.908328e-01
1.908530e-01
1.908858e-01
1.908953e-01
1.909669e-01
1.910084e-01
1.910347e-01
1.910926e-01
1.910955e-01
1.911457e-01
1.911905e-01
1.912199e-01
1.912531e-01
1.912812e-01
1.913460e-01
1.913794e-01
1.914267e-01
1.914636e-01
1.914997e-01
1.915351e-01
1.915928e-01
1.916159e-01
1.916380e-01
1.916774e-01
1.917552e-01
1.917658e-01
1.917901e-01
1.918285e-01
1.918774e-01
1.919149e-01
1.919731e-01
1.919950e-01
1.920495e-01
1.920796e-01
1.921565e-01
1.921622e-01
1.922105e-01
1.922337e-01
1.922485e-01
1.922962e-01
1.923639e-01
1.923679e-01
1.923936e-01
1.924394e-01
1.925042e-01
1.925232e-01
1.925258e-01
1.925640e-01
1.926309e-01
1.926833e-01
1.927107e-01
1.927336e-01
1.927843e-01
1.928115e-01
1.928343e-01
1.928466e-01
1.928695e-01
1.929633e-01
1.929819e-01
1.930056e-01
1.930221e-01
1.930745e-01
1.931111e-01
1.931561e-01
1.931726e-01
1.931953e-01
1.932328e-01
1.932860e-01
1.933308e-01
1.933402e-01
1.933857e-01
1.934340e-01
1.934738e-01
1.935081e-01
1.935401e-01
1.935693e-01
1.935727e-01
1.936274e-01
1.936717e-01
1.937077e-01
1.937319e-01
1.937883e-01
1.938103e-01
1.938402e-01
1.938921e-01
1.939231e-01
1.939509e-01
1.939636e-01
1.940256e-01
1.940401e-01
1.941019e-01
1.941364e-01
1.941791e-01
1.942171e-01
1.942219e-01
1.942388e-01
1.943109e-01
1.943899e-01
1.944508e-01
1.944641e-01
1.944829e-01
1.944957e-01
1.945479e-01
1.945661e-01
1.946487e-01
1.946601e-01
1.947334e-01
1.947513e-01
1.947746e-01
1.948200e-01
1.948650e-01
1.949114e-01
1.950018e-01
1.950395e-01
1.950491e-01
1.950994e-01
1.951817e-01
1.952087e-01
1.952433e-01
1.952637e-01
1.952926e-01
1.953361e-01
1.953441e-01
1.953679e-01
1.954027e-01
1.954542e-01
1.954976e-01
1.955369e-01
1.955655e-01
1.956189e-01
1.956236e-01
1.956716e-01
1.956944e-01
1.957301e-01
1.957875e-01
1.958081e-01
1.958333e-01
1.958651e-01
1.958788e-01
1.959260e-01
1.959518e-01
1.959874e-01
1.960169e-01
1.960815e-01
1.961000e-01
1.961209e-01
1.961565e-01
1.961852e-01
1.962321e-01
1.962822e-01
1.963129e-01
1.963647e-01
1.963801e-01
1.963869e-01
1.964409e-01
1.965071e-01
1.965416e-01
1.965838e-01
1.965971e-01
1.966496e-01
1.966884e-01
1.967028e-01
1.967579e-01
1.967946e-01
1.968483e-01
1.968545e-01
1.969341e-01
1.969778e-01
1.970046e-01
1.970381e-01
1.970727e-01
1.971099e-01
1.971589e-01
1.971654e-01
1.972236e-01
1.972296e-01
1.972596e-01
1.972741e-01
1.973310e-01
1.973753e-01
1.974479e-01
1.974955e-01
1.975521e-01
1.975619e-01
1.975779e-01
1.976143e-01
1.976623e-01
1.977326e-01
1.977791e-01
1.978117e-01
1.978499e-01
1.978788e-01
1.978904e-01
1.979119e-01
1.979589e-01
1.979777e-01
1.980393e-01
1.981037e-01
1.981273e-01
1.982250e-01
1.982626e-01
1.982934e-01
1.983508e-01
1.983656e-01
1.983827e-01
1.983984e-01
1.984439e-01
1.985016e-01
1.985178e-01
1.985266e-01
1.985622e-01
1.986360e-01
1.986708e-01
1.987163e-01
1.987385e-01
1.987429e-01
1.987838e-01
1.988333e-01
1.988700e-01
1.989036e-01
1.989511e-01
1.989571e-01
1.990231e-01
1.990776e-01
1.991057e-01
1.991258e-01
1.991430e-01
1.991944e-01
1.992531e-01
1.992756e-01
1.993136e-01
1.993970e-01
1.994234e-01
1.994926e-01
1.995381e-01
1.995419e-01
1.995895e-01
1.996120e-01
1.996571e-01
1.997039e-01
1.997408e-01
1.997641e-01
1.998420e-01
1.998635e-01
1.998933e-01
1.999643e-01
1.999821e-01
2.000027e-01
2.000289e-01
2.000504e-01
2.001221e-01
2.001708e-01
2.002426e-01
2.002788e-01
2.002983e-01
2.003145e-01
2.003546e-01
2.003869e-01
2.004450e-01
2.005176e-01
2.005591e-01
2.005765e-01
2.005909e-01
2.006622e-01
2.006665e-01
2.006922e-01
2.006992e-01
2.007701e-01
2.008039e-01
2.008563e-01
2.009116e-01
2.009468e-01
2.009916e-01
2.010045e-01
2.010469e-01
2.010979e-01
2.011415e-01
2.011666e-01
2.012334e-01
2.012539e-01
2.013241e-01
2.013417e-01
2.014043e-01
2.014589e-01
2.014800e-01
2.015102e-01
2.015252e-01
2.016310e-01
2.016352e-01
2.016482e-01
2.017202e-01
2.017514e-01
2.017854e-01
2.018228e-01
2.018882e-01
2.019184e-01
2.019555e-01
2.019779e-01
2.020096e-01
2.020578e-01
2.020964e-01
2.021190e-01
2.021279e-01
2.021770e-01
2.022293e-01
2.022466e-01
2.022577e-01
2.023464e-01
2.023569e-01
2.024256e-01
2.024425e-01
2.024688e-01
2.024874e-01
2.025232e-01
2.025881e-01
2.026210e-01
2.026439e-01
2.026950e-01
2.027220e-01
2.028013e-01
2.028247e-01
2.028873e-01
2.029322e-01
2.029584e-01
2.030017e-01
2.030969e-01
2.031106e-01
2.031551e-01
2.031708e-01
2.032014e-01
2.032145e-01
2.033039e-01
2.033202e-01
2.033662e-01
2.033808e-01
2.034192e-01
2.034568e-01
2.035582e-01
2.036099e-01
2.036374e-01
2.036589e-01
2.037064e-01
2.037533e-01
2.037909e-01
2.038562e-01
2.038933e-01
2.039276e-01
2.039529e-01
2.040142e-01
2.040875e-01
2.040995e-01
2.041367e-01
2.041870e-01
2.042169e-01
2.042758e-01
2.042973e-01
2.043155e-01
2.043965e-01
2.044461e-01
2.044898e-01
2.045332e-01
2.045837e-01
2.046234e-01
2.046478e-01
2.046838e-01
2.047096e-01
2.047569e-01
2.047945e-01
2.048138e-01
2.048344e-01
2.049022e-01
2.049290e-01
2.049966e-01
2.050248e-01
2.050780e-01
2.051184e-01
2.051563e-01
2.051621e-01
2.052426e-01
2.052812e-01
2.053118e-01
2.053319e-01
2.053905e-01
2.053950e-01
2.054487e-01
2.054770e-01
2.055182e-01
2.055546e-01
2.056557e-01
2.056715e-01
2.056876e-01
2.057397e-01
2.057542e-01
2.057839e-01
2.058203e-01
2.058589e-01
2.058776e-01
2.059139e-01
2.059243e-01
2.060033e-01
2.060444e-01
2.060981e-01
2.061295e-01
2.062091e-01
2.062311e-01
2.062580e-01
2.063256e-01
2.063588e-01
2.064094e-01
2.064220e-01
2.064581e-01
2.065536e-01
2.066251e-01
2.066689e-01
2.066862e-01
2.067012e-01
2.067387e-01
2.067554e-01
2.068150e-01
2.068718e-01
2.068856e-01
2.069607e-01
2.070115e-01
2.070296e-01
2.070502e-01
2.071315e-01
2.071501e-01
2.071586e-01
2.072366e-01
2.072781e-01
2.072969e-01
2.073211e-01
2.073564e-01
2.074254e-01
2.074841e-01
2.075055e-01
2.075865e-01
2.075942e-01
2.076477e-01
2.076873e-01
2.077148e-01
2.077445e-01
2.077899e-01
2.078044e-01
2.078788e-01
2.079302e-01
2.079581e-01
2.079864e-01
2.080571e-01
2.080669e-01
2.081352e-01
2.081693e-01
2.082130e-01
2.082264e-01
2.082395e-01
2.082902e-01
2.083232e-01
2.084357e-01
2.084690e-01
2.085439e-01
2.085759e-01
2.086125e-01
2.086170e-01
2.086731e-01
2.086974e-01
2.087705e-01
2.087973e-01
2.088161e-01
2.088289e-01
2.088906e-01
2.089099e-01
2.089464e-01
2.089902e-01
2.090277e-01
2.090661e-01
2.090786e-01
2.091634e-01
2.091804e-01
2.092449e-01
2.092902e-01
2.093169e-01
2.093991e-01
2.094081e-01
2.094755e-01
2.095158e-01
2.095308e-01
2.096304e-01
2.096772e-01
2.096917e-01
2.097483e-01
2.097917e-01
2.098142e-01
2.098484e-01
2.099263e-01
2.099620e-01
2.100011e-01
2.100608e-01
2.100655e-01
2.101322e-01
2.101501e-01
2.102131e-01
2.102628e-01
2.103195e-01
2.103578e-01
2.103746e-01
2.103936e-01
2.104581e-01
2.104645e-01
2.105119e-01
2.105494e-01
2.106142e-01
2.106512e-01
2.107086e-01
2.107330e-01
2.107548e-01
2.108163e-01
2.108509e-01
2.108594e-01
2.109429e-01
2.109794e-01
2.110096e-01
2.110639e-01
2.111123e-01
2.111425e-01
2.111769e-01
2.112401e-01
2.112468e-01
2.112932e-01
2.113578e-01
2.113764e-01
2.113918e-01
2.114632e-01
2.114910e-01
2.115378e-01
2.115706e-01
2.116213e-01
2.116679e-01
2.116979e-01
2.117500e-01
2.117806e-01
2.118222e-01
2.118604e-01
2.119084e-01
2.119403e-01
2.119768e-01
2.120007e-01
2.120570e-01
2.120654e-01
2.121225e-01
2.122112e-01
2.122262e-01
2.123147e-01
2.123357e-01
2.124013e-01
2.124225e-01
2.124478e-01
2.125075e-01
2.125252e-01
2.125777e-01
2.126225e-01
2.126735e-01
2.127105e-01
2.127899e-01
2.128281e-01
2.128454e-01
2.129060e-01
2.129367e-01
2.129685e-01
2.130239e-01
2.130442e-01
2.130683e-01
2.131349e-01
2.131840e-01
2.132498e-01
2.133272e-01
2.133281e-01
2.133586e-01
2.133677e-01
2.134587e-01
2.134949e-01
2.135221e-01
2.135989e-01
2.136169e-01
2.136453e-01
2.137023e-01
2.137746e-01
2.137870e-01
2.138495e-01
2.138752e-01
2.139331e-01
2.139392e-01
2.139911e-01
2.139965e-01
2.141123e-01
2.141401e-01
2.141632e-01
2.142021e-01
2.142700e-01
2.142995e-01
2.143293e-01
2.143844e-01
2.144445e-01
2.145120e-01
2.145571e-01
2.145941e-01
2.146186e-01
2.146607e-01
2.147201e-01
2.147451e-01
2.147772e-01
2.148184e-01
2.148723e-01
2.148844e-01
2.149478e-01
2.149551e-01
2.150323e-01
2.150618e-01
2.151202e-01
2.151395e-01
2.151787e-01
2.152427e-01
2.153164e-01
2.153304e-01
2.153761e-01
2.154231e-01
2.154318e-01
2.154870e-01
2.155474e-01
2.156070e-01
2.156223e-01
2.156333e-01
2.156617e-01
2.157382e-01
2.157826e-01
2.158314e-01
2.159027e-01
2.159665e-01
2.159927e-01
2.160197e-01
2.160586e-01
2.160859e-01
2.161237e-01
2.161932e-01
2.162264e-01
2.162978e-01
2.163475e-01
2.163739e-01
2.164114e-01
2.164377e-01
2.164812e-01
2.165530e-01
2.165657e-01
2.166292e-01
2.166390e-01
2.166686e-01
2.167148e-01
2.167610e-01
2.168076e-01
2.168558e-01
2.168892e-01
2.169488e-01
2.170295e-01
2.170804e-01
2.170832e-01
2.171322e-01
2.171479e-01
2.172339e-01
2.172934e-01
2.173121e-01
2.173250e-01
2.173707e-01
2.173926e-01
2.174313e-01
2.174661e-01
2.175368e-01
2.176133e-01
2.176405e-01
2.177065e-01
2.177100e-01
2.177769e-01
2.178018e-01
2.178618e-01
2.178851e-01
2.179146e-01
2.179727e-01
2.180505e-01
2.180711e-01
2.181223e-01
2.181464e-01
2.181734e-01
2.182767e-01
2.183038e-01
2.183340e-01
2.183863e-01
2.184549e-01
2.184734e-01
2.185304e-01
2.185690e-01
2.185936e-01
2.186582e-01
2.186661e-01
2.187672e-01
2.187893e-01
2.188009e-01
2.188727e-01
2.188942e-01
2.189753e-01
2.190160e-01
2.190395e-01
2.190514e-01
2.190914e-01
2.191507e-01
2.191909e-01
2.192547e-01
2.192864e-01
2.193174e-01
2.193476e-01
2.194145e-01
2.194576e-01
2.195126e-01
2.195520e-01
2.195813e-01
2.195964e-01
2.196666e-01
2.197177e-01
2.197464e-01
2.198050e-01
2.198380e-01
2.198862e-01
2.199196e-01
2.200136e-01
2.200465e-01
2.200777e-01
2.201608e-01
2.201883e-01
2.202084e-01
2.202506e-01
2.202770e-01
2.203960e-01
2.204641e-01
2.205004e-01
2.205710e-01
2.206155e-01
2.206794e-01
2.206985e-01
2.207351e-01
2.207724e-01
2.207742e-01
2.208212e-01
2.208927e-01
2.209536e-01
2.210011e-01
2.210144e-01
2.210608e-01
2.210999e-01
2.211402e-01
2.211615e-01
2.212657e-01
2.212967e-01
2.213460e-01
2.213732e-01
2.214054e-01
2.214966e-01
2.215190e-01
2.215615e-01
2.215896e-01
2.216324e-01
2.217111e-01
2.217290e-01
2.217789e-01
2.218121e-01
2.218914e-01
2.219088e-01
2.219362e-01
2.220183e-01
2.220294e-01
2.221109e-01
2.221370e-01
2.221727e-01
2.222336e-01
2.222543e-01
2.222804e-01
2.223171e-01
2.224030e-01
2.224477e-01
2.225015e-01
2.225925e-01
2.226029e-01
2.226399e-01
2.226493e-01
2.227186e-01
2.227905e-01
2.228220e-01
2.228722e-01
2.229224e-01
2.229946e-01
2.230225e-01
2.230616e-01
2.231521e-01
2.231740e-01
2.232294e-01
2.232537e-01
2.232799e-01
2.233142e-01
2.233460e-01
2.233877e-01
2.234513e-01
2.235133e-01
2.235687e-01
2.235931e-01
2.236117e-01
2.236868e-01
2.238087e-01
2.238476e-01
2.238522e-01
2.239254e-01
2.240013e-01
2.240208e-01
2.240827e-01
2.241088e-01
2.241180e-01
2.241436e-01
2.242675e-01
2.242947e-01
2.243470e-01
2.243823e-01
2.244293e-01
2.244538e-01
2.244849e-01
2.245759e-01
2.246245e-01
2.246693e-01
2.247308e-01
2.247735e-01
2.247930e-01
2.248018e-01
2.249055e-01
2.249345e-01
2.249680e-01
2.250108e-01
2.250341e-01
2.250552e-01
2.251554e-01
2.252304e-01
2.252913e-01
2.253420e-01
2.253954e-01
2.254200e-01
2.254611e-01
2.255334e-01
2.255668e-01
2.255876e-01
2.256331e-01
2.256589e-01
2.256988e-01
2.257672e-01
2.258274e-01
2.258700e-01
2.259469e-01
2.259504e-01
2.259675e-01
2.259998e-01
2.260436e-01
2.260511e-01
2.261161e-01
2.261550e-01
2.261961e-01
2.262520e-01
2.262821e-01
2.263311e-01
2.264031e-01
2.264711e-01
2.265293e-01
2.265665e-01
2.266532e-01
2.266728e-01
2.266936e-01
2.267917e-01
2.268399e-01
2.268763e-01
2.268936e-01
2.269062e-01
2.269625e-01
2.270467e-01
2.270938e-01
2.271086e-01
2.271684e-01
2.272190e-01
2.272722e-01
2.273191e-01
2.273440e-01
2.274105e-01
2.274971e-01
2.275112e-01
2.275633e-01
2.275925e-01
2.277314e-01
2.277415e-01
2.277838e-01
2.278741e-01
2.278869e-01
2.279163e-01
2.279620e-01
2.280132e-01
2.280424e-01
2.281190e-01
2.281600e-01
2.282088e-01
2.282555e-01
2.282899e-01
2.283685e-01
2.283919e-01
2.284442e-01
2.284597e-01
2.285098e-01
2.285720e-01
2.286334e-01
2.286455e-01
2.287201e-01
2.287498e-01
2.287920e-01
2.288950e-01
2.289152e-01
2.289383e-01
2.290463e-01
2.290630e-01
2.291031e-01
2.291255e-01
2.292209e-01
2.293062e-01
2.293102e-01
2.293422e-01
2.293695e-01
2.294126e-01
2.294753e-01
2.294836e-01
2.295435e-01
2.296129e-01
2.296204e-01
2.296988e-01
2.297347e-01
2.297554e-01
2.298070e-01
2.299047e-01
2.299575e-01
2.300013e-01
2.300285e-01
2.301094e-01
2.301317e-01
2.301510e-01
2.302333e-01
2.302583e-01
2.303080e-01
2.303406e-01
2.303752e-01
2.304217e-01
2.304871e-01
2.305300e-01
2.305635e-01
2.305990e-01
2.306554e-01
2.306793e-01
2.307299e-01
2.308112e-01
2.308568e-01
2.308868e-01
2.309205e-01
2.309735e-01
2.310621e-01
2.310927e-01
2.311319e-01
2.312081e-01
2.312589e-01
2.312604e-01
2.313166e-01
2.313815e-01
2.313900e-01
2.314573e-01
2.314846e-01
2.315444e-01
2.315925e-01
2.316418e-01
2.316739e-01
2.316968e-01
2.317336e-01
2.318010e-01
2.318985e-01
2.319222e-01
2.319970e-01
2.320412e-01
2.321240e-01
2.321554e-01
2.321832e-01
2.322366e-01
2.322812e-01
2.323234e-01
2.323511e-01
2.323772e-01
2.324467e-01
2.325064e-01
2.325941e-01
2.326158e-01
2.326510e-01
2.327051e-01
2.328289e-01
2.328752e-01
2.329158e-01
2.329411e-01
2.329662e-01
2.330056e-01
2.330539e-01
2.331385e-01
2.331541e-01
2.331831e-01
2.332303e-01
2.333121e-01
2.333863e-01
2.334214e-01
2.334899e-01
2.335048e-01
2.335758e-01
2.336377e-01
2.336509e-01
2.337664e-01
2.337851e-01
2.338164e-01
2.338576e-01
2.339179e-01
2.339597e-01
2.340310e-01
2.340861e-01
2.341098e-01
2.341521e-01
2.342474e-01
2.342715e-01
2.343233e-01
2.343411e-01
2.343765e-01
2.344130e-01
2.344875e-01
2.345310e-01
2.345899e-01
2.346293e-01
2.346526e-01
2.346911e-01
2.347592e-01
2.348208e-01
2.348708e-01
2.349488e-01
2.349739e-01
2.350066e-01
2.350543e-01
2.351515e-01
2.352150e-01
2.352156e-01
2.353178e-01
2.353448e-01
2.353880e-01
2.354609e-01
2.354811e-01
2.355429e-01
2.355951e-01
2.356552e-01
2.356830e-01
2.357501e-01
2.358353e-01
2.358527e-01
2.358897e-01
2.359288e-01
2.359537e-01
2.360236e-01
2.360887e-01
2.361610e-01
2.362081e-01
2.362764e-01
2.363157e-01
2.363835e-01
2.363845e-01
2.364569e-01
2.364918e-01
2.365255e-01
2.365944e-01
2.366300e-01
2.366968e-01
2.367374e-01
2.367858e-01
2.368631e-01
2.368824e-01
2.369423e-01
2.369532e-01
2.370205e-01
2.370462e-01
2.370857e-01
2.371367e-01
2.371936e-01
2.372333e-01
2.372980e-01
2.373537e-01
2.374413e-01
2.375253e-01
2.375585e-01
2.375734e-01
2.376128e-01
2.376424e-01
2.376576e-01
2.377759e-01
2.377843e-01
2.378149e-01
2.378627e-01
2.379417e-01
2.380167e-01
2.380405e-01
2.380725e-01
2.381786e-01
2.382188e-01
2.382670e-01
2.383077e-01
2.383695e-01
2.383781e-01
2.384761e-01
2.385424e-01
2.386065e-01
2.386281e-01
2.386698e-01
2.387392e-01
2.387744e-01
2.388159e-01
2.388935e-01
2.389436e-01
2.390186e-01
2.390567e-01
2.391029e-01
2.391606e-01
2.391792e-01
2.392688e-01
2.393011e-01
2.393109e-01
2.393880e-01
2.394674e-01
2.395146e-01
2.395386e-01
2.395446e-01
2.396451e-01
2.396913e-01
2.397768e-01
2.398087e-01
2.398351e-01
2.399046e-01
2.399431e-01
2.399563e-01
2.400118e-01
2.400914e-01
2.401209e-01
2.401579e-01
2.402007e-01
2.403049e-01
2.403380e-01
2.403463e-01
2.403887e-01
2.404765e-01
2.405272e-01
2.405435e-01
2.405687e-01
2.406817e-01
2.407129e-01
2.407811e-01
2.408767e-01
2.409011e-01
2.409570e-01
2.410113e-01
2.410336e-01
2.411327e-01
2.411981e-01
2.412550e-01
2.412721e-01
2.413373e-01
2.413802e-01
2.413865e-01
2.414765e-01
2.415342e-01
2.415627e-01
2.416107e-01
2.416695e-01
2.417105e-01
2.417865e-01
2.418215e-01
2.418415e-01
2.419320e-01
2.419684e-01
2.420395e-01
2.420493e-01
2.421347e-01
2.421975e-01
2.422071e-01
2.422558e-01
2.422972e-01
2.423328e-01
2.423615e-01
2.424078e-01
2.424770e-01
2.425701e-01
2.425764e-01
2.426862e-01
2.427193e-01
2.427603e-01
2.428061e-01
2.429250e-01
2.429382e-01
2.429956e-01
2.430669e-01
2.430979e-01
2.431177e-01
2.431928e-01
2.432158e-01
2.433226e-01
2.433784e-01
2.434057e-01
2.434307e-01
2.434981e-01
2.435587e-01
2.436291e-01
2.436665e-01
2.437188e-01
2.437516e-01
2.437906e-01
2.438176e-01
2.438639e-01
2.439619e-01
2.439913e-01
2.440369e-01
2.440660e-01
2.441767e-01
2.441919e-01
2.442932e-01
2.443472e-01
2.443874e-01
2.444160e-01
2.444884e-01
2.445818e-01
2.446692e-01
2.447106e-01
2.447243e-01
2.447770e-01
2.448105e-01
2.449160e-01
2.449642e-01
2.449819e-01
2.450330e-01
2.451352e-01
2.451531e-01
2.452896e-01
2.453598e-01
2.454524e-01
2.454565e-01
2.454904e-01
2.455149e-01
2.456043e-01
2.456928e-01
2.457555e-01
2.457958e-01
2.458166e-01
2.458414e-01
2.459421e-01
2.459895e-01
2.460078e-01
2.460498e-01
2.461369e-01
2.461698e-01
2.462076e-01
2.462644e-01
2.462984e-01
2.464442e-01
2.464877e-01
2.465038e-01
2.465505e-01
2.465743e-01
2.466091e-01
2.467189e-01
2.467315e-01
2.467931e-01
2.468639e-01
2.469149e-01
2.469618e-01
2.470338e-01
2.470715e-01
2.471097e-01
2.471705e-01
2.472767e-01
2.472812e-01
2.473556e-01
2.473746e-01
2.475274e-01
2.475456e-01
2.476224e-01
2.476718e-01
2.477053e-01
2.477403e-01
2.477824e-01
2.478066e-01
2.478456e-01
2.478887e-01
2.479537e-01
2.480006e-01
2.480369e-01
2.481245e-01
2.481719e-01
2.482831e-01
2.483163e-01
2.483364e-01
2.483803e-01
2.484767e-01
2.485425e-01
2.485665e-01
2.486099e-01
2.487342e-01
2.487726e-01
2.488278e-01
2.488408e-01
2.488917e-01
2.490411e-01
2.490957e-01
2.491531e-01
2.491773e-01
2.492807e-01
2.493229e-01
2.493965e-01
2.494057e-01
2.494266e-01
2.494958e-01
2.495270e-01
2.496492e-01
2.496833e-01
2.497769e-01
2.498046e-01
2.498321e-01
2.499538e-01
2.499832e-01
2.500576e-01
2.500803e-01
2.501564e-01
2.502073e-01
2.502424e-01
2.502819e-01
2.503071e-01
2.504240e-01
2.504969e-01
2.505363e-01
2.505824e-01
2.505915e-01
2.506716e-01
2.507453e-01
2.507749e-01
2.507835e-01
2.508288e-01
2.508961e-01
2.509129e-01
2.510336e-01
2.511493e-01
2.511656e-01
2.512010e-01
2.512329e-01
2.513051e-01
2.513639e-01
2.514148e-01
2.514941e-01
2.515443e-01
2.515967e-01
2.516426e-01
2.516921e-01
2.517736e-01
2.518276e-01
2.519295e-01
2.519938e-01
2.520008e-01
2.520201e-01
2.521148e-01
2.521457e-01
2.522839e-01
2.523198e-01
2.523619e-01
2.524445e-01
2.524838e-01
2.525163e-01
2.525764e-01
2.526529e-01
2.526891e-01
2.527457e-01
2.528138e-01
2.529007e-01
2.529424e-01
2.529957e-01
2.530741e-01
2.531210e-01
2.532250e-01
2.532884e-01
2.533434e-01
2.533724e-01
2.534189e-01
2.534631e-01
2.535208e-01
2.535610e-01
2.536879e-01
2.537070e-01
2.537370e-01
2.538701e-01
2.538973e-01
2.539351e-01
2.540014e-01
2.540555e-01
2.541126e-01
2.541448e-01
2.542264e-01
2.542718e-01
2.543872e-01
2.544619e-01
2.545034e-01
2.545357e-01
2.545958e-01
2.546164e-01
2.547241e-01
2.547479e-01
2.549003e-01
2.549444e-01
2.549670e-01
2.549998e-01
2.550822e-01
2.551392e-01
2.551873e-01
2.552390e-01
2.553034e-01
2.553220e-01
2.553598e-01
2.554081e-01
2.554727e-01
2.556179e-01
2.556666e-01
2.556823e-01
2.557271e-01
2.558316e-01
2.558471e-01
2.559002e-01
2.559758e-01
2.559923e-01
2.560346e-01
2.561724e-01
2.562180e-01
2.563109e-01
2.563310e-01
2.563843e-01
2.564722e-01
2.565082e-01
2.565437e-01
2.566006e-01
2.566051e-01
2.566377e-01
2.567212e-01
2.568170e-01
2.568746e-01
2.569264e-01
2.569672e-01
2.570203e-01
2.570896e-01
2.571521e-01
2.571772e-01
2.572132e-01
2.572972e-01
2.573378e-01
2.573980e-01
2.574961e-01
2.575136e-01
2.575377e-01
2.576050e-01
2.576279e-01
2.577182e-01
2.577693e-01
2.578058e-01
2.578727e-01
2.579369e-01
2.580174e-01
2.580962e-01
2.581320e-01
2.581573e-01
2.582581e-01
2.582696e-01
2.583184e-01
2.583784e-01
2.584628e-01
2.584972e-01
2.585507e-01
2.586514e-01
2.586674e-01
2.587352e-01
2.587831e-01
2.588192e-01
2.589067e-01
2.589633e-01
2.590231e-01
2.590934e-01
2.591194e-01
2.591797e-01
2.592093e-01
2.592284e-01
2.592798e-01
2.593790e-01
2.593999e-01
2.594547e-01
2.595083e-01
2.595637e-01
2.596629e-01
2.597193e-01
2.597972e-01
2.598187e-01
2.598909e-01
2.599503e-01
2.600119e-01
2.600920e-01
2.601313e-01
2.601994e-01
2.602597e-01
2.602984e-01
2.603375e-01
2.603592e-01
2.604436e-01
2.604678e-01
2.605586e-01
2.606365e-01
2.607122e-01
2.608051e-01
2.608236e-01
2.609049e-01
2.609486e-01
2.610295e-01
2.611212e-01
2.611476e-01
2.612596e-01
2.613208e-01
2.613896e-01
2.614076e-01
2.615427e-01
2.616044e-01
2.616784e-01
2.617309e-01
2.618102e-01
2.618711e-01
2.619326e-01
2.619338e-01
2.620164e-01
2.621039e-01
2.621820e-01
2.621958e-01
2.622675e-01
2.622950e-01
2.623537e-01
2.624535e-01
2.625459e-01
2.625728e-01
2.626197e-01
2.627394e-01
2.628034e-01
2.628473e-01
2.629203e-01
2.630483e-01
2.630789e-01
2.631048e-01
2.631354e-01
2.631903e-01
2.632842e-01
2.633662e-01
2.634188e-01
2.634576e-01
2.635354e-01
2.636197e-01
2.636726e-01
2.637315e-01
2.637837e-01
2.638254e-01
2.638960e-01
2.639126e-01
2.640085e-01
2.641147e-01
2.641427e-01
2.642213e-01
2.643004e-01
2.643280e-01
2.643825e-01
2.644297e-01
2.644915e-01
2.646302e-01
2.646759e-01
2.647419e-01
2.647885e-01
2.648417e-01
2.649124e-01
2.649353e-01
2.650392e-01
2.650835e-01
2.651700e-01
2.652074e-01
2.652711e-01
2.653357e-01
2.653716e-01
2.654674e-01
2.655959e-01
2.656254e-01
2.656809e-01
2.657342e-01
2.657909e-01
2.658733e-01
2.659037e-01
2.659349e-01
2.660349e-01
2.660887e-01
2.661397e-01
2.661721e-01
2.662532e-01
2.663665e-01
2.664055e-01
2.664350e-01
2.664822e-01
2.666515e-01
2.667020e-01
2.667724e-01
2.668796e-01
2.669329e-01
2.669450e-01
2.669956e-01
2.670336e-01
2.671896e-01
2.672364e-01
2.672647e-01
2.673545e-01
2.674605e-01
2.675018e-01
2.676121e-01
2.676457e-01
2.677052e-01
2.677615e-01
2.678516e-01
2.678932e-01
2.679522e-01
2.679907e-01
2.681450e-01
2.682089e-01
2.682426e-01
2.682975e-01
2.683806e-01
2.684488e-01
2.684718e-01
2.685229e-01
2.686185e-01
2.687037e-01
2.687440e-01
2.687842e-01
2.688694e-01
2.689014e-01
2.689786e-01
2.690070e-01
2.690413e-01
2.691300e-01
2.692360e-01
2.692603e-01
2.693611e-01
2.694197e-01
2.694984e-01
2.695138e-01
2.695446e-01
2.695899e-01
2.696361e-01
2.697627e-01
2.698715e-01
2.699027e-01
2.699589e-01
2.699875e-01
2.701335e-01
2.701953e-01
2.702587e-01
2.703412e-01
2.703969e-01
2.704611e-01
2.705472e-01
2.706046e-01
2.706589e-01
2.706866e-01
2.707990e-01
2.708918e-01
2.709908e-01
2.710227e-01
2.710592e-01
2.710932e-01
2.711423e-01
2.712590e-01
2.713275e-01
2.714166e-01
2.714642e-01
2.715605e-01
2.716050e-01
2.716818e-01
2.717582e-01
2.717977e-01
2.718554e-01
2.719294e-01
2.720552e-01
2.721277e-01
2.721833e-01
2.721983e-01
2.722329e-01
2.723472e-01
2.723961e-01
2.725062e-01
2.725654e-01
2.726491e-01
2.727373e-01
2.727925e-01
2.728773e-01
2.729648e-01
2.730833e-01
2.731583e-01
2.731719e-01
2.732312e-01
2.733584e-01
2.734366e-01
2.735088e-01
2.735283e-01
2.735922e-01
2.736096e-01
2.737211e-01
2.738035e-01
2.738768e-01
2.739575e-01
2.739675e-01
2.740201e-01
2.741032e-01
2.741339e-01
2.742430e-01
2.743810e-01
2.744054e-01
2.745142e-01
2.745767e-01
2.746243e-01
2.746769e-01
2.747352e-01
2.748054e-01
2.748181e-01
2.748656e-01
2.749234e-01
2.749489e-01
2.749716e-01
2.751105e-01
2.752194e-01
2.752363e-01
2.753228e-01
2.753965e-01
2.754193e-01
2.754708e-01
2.755312e-01
2.755483e-01
2.757108e-01
2.757421e-01
2.757859e-01
2.759178e-01
2.759302e-01
2.760159e-01
2.760483e-01
2.760907e-01
2.762074e-01
2.763078e-01
2.763443e-01
2.764394e-01
2.765058e-01
2.765658e-01
2.766350e-01
2.766929e-01
2.767691e-01
2.768046e-01
2.769703e-01
2.770448e-01
2.770582e-01
2.771746e-01
2.772116e-01
2.773194e-01
2.774108e-01
2.774526e-01
2.775203e-01
2.775480e-01
2.776328e-01
2.777809e-01
2.778532e-01
2.778642e-01
2.779406e-01
2.780236e-01
2.780986e-01
2.781419e-01
2.782297e-01
2.783868e-01
2.784600e-01
2.784820e-01
2.785349e-01
2.786719e-01
2.786903e-01
2.788012e-01
2.788507e-01
2.789114e-01
2.789399e-01
2.789841e-01
2.790876e-01
2.791444e-01
2.791871e-01
2.792540e-01
2.793582e-01
2.793818e-01
2.794878e-01
2.795147e-01
2.795833e-01
2.796309e-01
2.797424e-01
2.798731e-01
2.799419e-01
2.799701e-01
2.800230e-01
2.801585e-01
2.802448e-01
2.802884e-01
2.803215e-01
2.804365e-01
2.804665e-01
2.806319e-01
2.806861e-01
2.807306e-01
2.808132e-01
2.808422e-01
2.808697e-01
2.809870e-01
2.810382e-01
2.811164e-01
2.811756e-01
2.812207e-01
2.813032e-01
2.813911e-01
2.814687e-01
2.815394e-01
2.815914e-01
2.816279e-01
2.816942e-01
2.817318e-01
2.818569e-01
2.818912e-01
2.819667e-01
2.820672e-01
2.821308e-01
2.822116e-01
2.822943e-01
2.823803e-01
2.823986e-01
2.824652e-01
2.825230e-01
2.825533e-01
2.825856e-01
2.827405e-01
2.828103e-01
2.828909e-01
2.829169e-01
2.830933e-01
2.831671e-01
2.832283e-01
2.833493e-01
2.834379e-01
2.834592e-01
2.835030e-01
2.836182e-01
2.836904e-01
2.837433e-01
2.838202e-01
2.838867e-01
2.839378e-01
2.840461e-01
2.840679e-01
2.841382e-01
2.842278e-01
2.842750e-01
2.843447e-01
2.844703e-01
2.845243e-01
2.845815e-01
2.846362e-01
2.847429e-01
2.847605e-01
2.848379e-01
2.849225e-01
2.849655e-01
2.850565e-01
2.850931e-01
2.851851e-01
2.852005e-01
2.853421e-01
2.854408e-01
2.854481e-01
2.856190e-01
2.856914e-01
2.857148e-01
2.858393e-01
2.859162e-01
2.860281e-01
2.861182e-01
2.861940e-01
2.862076e-01
2.862810e-01
2.864398e-01
2.864927e-01
2.865805e-01
2.866306e-01
2.867188e-01
2.867534e-01
2.869406e-01
2.869911e-01
2.870337e-01
2.871068e-01
2.871554e-01
2.872018e-01
2.872282e-01
2.872986e-01
2.874025e-01
2.874275e-01
2.875030e-01
2.875945e-01
2.876817e-01
2.877300e-01
2.878273e-01
2.878866e-01
2.879690e-01
2.880786e-01
2.881191e-01
2.881910e-01
2.883364e-01
2.884095e-01
2.885150e-01
2.885512e-01
2.886207e-01
2.887400e-01
2.887890e-01
2.888251e-01
2.889175e-01
2.889672e-01
2.890472e-01
2.891103e-01
2.891381e-01
2.892473e-01
2.892708e-01
2.893578e-01
2.894493e-01
2.895858e-01
2.896680e-01
2.898041e-01
2.898698e-01
2.899533e-01
2.900225e-01
2.900721e-01
2.901604e-01
2.902523e-01
2.902629e-01
2.903025e-01
2.903982e-01
2.904912e-01
2.905517e-01
2.906390e-01
2.906590e-01
2.907766e-01
2.908658e-01
2.909335e-01
2.910641e-01
2.911451e-01
2.911915e-01
2.913318e-01
2.913892e-01
2.914574e-01
2.915169e-01
2.916703e-01
2.917327e-01
2.917603e-01
2.919060e-01
2.919443e-01
2.920359e-01
2.920941e-01
2.921987e-01
2.922667e-01
2.923922e-01
2.924656e-01
2.925156e-01
2.926033e-01
2.926598e-01
2.926811e-01
2.927825e-01
2.928648e-01
2.929215e-01
2.930340e-01
2.930846e-01
2.930967e-01
2.931989e-01
2.932759e-01
2.933475e-01
2.933770e-01
2.934784e-01
2.935833e-01
2.936906e-01
2.937081e-01
2.938046e-01
2.938586e-01
2.939252e-01
2.940253e-01
2.941078e-01
2.942031e-01
2.942407e-01
2.943448e-01
2.943997e-01
2.944929e-01
2.945839e-01
2.946882e-01
2.948007e-01
2.948717e-01
2.949331e-01
2.950376e-01
2.951025e-01
2.951590e-01
2.951818e-01
2.953170e-01
2.954103e-01
2.954786e-01
2.956042e-01
2.956698e-01
2.957003e-01
2.957854e-01
2.959163e-01
2.959853e-01
2.960251e-01
2.961096e-01
2.961146e-01
2.961810e-01
2.962873e-01
2.963513e-01
2.964239e-01
2.964786e-01
2.965337e-01
2.965794e-01
2.966625e-01
2.967496e-01
2.967822e-01
2.969546e-01
2.970190e-01
2.970637e-01
2.970942e-01
2.972427e-01
2.974218e-01
2.974656e-01
2.976132e-01
2.976462e-01
2.977661e-01
2.978294e-01
2.980271e-01
2.981298e-01
2.982056e-01
2.982241e-01
2.983032e-01
2.983925e-01
2.985075e-01
2.985603e-01
2.986821e-01
2.987642e-01
2.988505e-01
2.989853e-01
2.990471e-01
2.990829e-01
2.991385e-01
2.993607e-01
2.994230e-01
2.994451e-01
2.994786e-01
2.995715e-01
2.996196e-01
2.997585e-01
2.998767e-01
2.999040e-01
2.999892e-01
3.000749e-01
3.001134e-01
3.002717e-01
3.003592e-01
3.004032e-01
3.004910e-01
3.005617e-01
3.007003e-01
3.007601e-01
3.007724e-01
3.009397e-01
3.009753e-01
3.010612e-01
3.011584e-01
3.011997e-01
3.012892e-01
3.012898e-01
3.015057e-01
3.015195e-01
3.015811e-01
3.017425e-01
3.017874e-01
3.018968e-01
3.019542e-01
3.021535e-01
3.021924e-01
3.023174e-01
3.023704e-01
3.025049e-01
3.025343e-01
3.026653e-01
3.027273e-01
3.028358e-01
3.028854e-01
3.029567e-01
3.030084e-01
3.030551e-01
3.031105e-01
3.031942e-01
3.032885e-01
3.033476e-01
3.034697e-01
3.036669e-01
3.036936e-01
3.038129e-01
3.038628e-01
3.038908e-01
3.041341e-01
3.042042e-01
3.042314e-01
3.043228e-01
3.043639e-01
3.044105e-01
3.045041e-01
3.045799e-01
3.046551e-01
3.047867e-01
3.048806e-01
3.048945e-01
3.049783e-01
3.050570e-01
3.050907e-01
3.052479e-01
3.053074e-01
3.054659e-01
3.055106e-01
3.055618e-01
3.056295e-01
3.058302e-01
3.058661e-01
3.059252e-01
3.061113e-01
3.062477e-01
3.064223e-01
3.064679e-01
3.065268e-01
3.066248e-01
3.067316e-01
3.067728e-01
3.068031e-01
3.068721e-01
3.070884e-01
3.072113e-01
3.072641e-01
3.073552e-01
3.073704e-01
3.074650e-01
3.075993e-01
3.077368e-01
3.077848e-01
3.078183e-01
3.079664e-01
3.080181e-01
3.080694e-01
3.081453e-01
3.082832e-01
3.083366e-01
3.085221e-01
3.085916e-01
3.087651e-01
3.089065e-01
3.089191e-01
3.089787e-01
3.089997e-01
3.090437e-01
3.092499e-01
3.092655e-01
3.093517e-01
3.093888e-01
3.095020e-01
3.096153e-01
3.097154e-01
3.098234e-01
3.099173e-01
3.100113e-01
3.101180e-01
3.101886e-01
3.102160e-01
3.102574e-01
3.103921e-01
3.104751e-01
3.104858e-01
3.105956e-01
3.106540e-01
3.107198e-01
3.107668e-01
3.108343e-01
3.109558e-01
3.110433e-01
3.110882e-01
3.112552e-01
3.112988e-01
3.113196e-01
3.114491e-01
3.114985e-01
3.117327e-01
3.117955e-01
3.118371e-01
3.120009e-01
3.121075e-01
3.121889e-01
3.122320e-01
3.122820e-01
3.124423e-01
3.125475e-01
3.125919e-01
3.126347e-01
3.127366e-01
3.127767e-01
3.128857e-01
3.129446e-01
3.130783e-01
3.131805e-01
3.132092e-01
3.133257e-01
3.133900e-01
3.134789e-01
3.135442e-01
3.136531e-01
3.137701e-01
3.138426e-01
3.138864e-01
3.139182e-01
3.140662e-01
3.140845e-01
3.142841e-01
3.143802e-01
3.144205e-01
3.145010e-01
3.146552e-01
3.147170e-01
3.148550e-01
3.149775e-01
3.149927e-01
3.151040e-01
3.151520e-01
3.152042e-01
3.153782e-01
3.156037e-01
3.157376e-01
3.158685e-01
3.158962e-01
3.160731e-01
3.161169e-01
3.162297e-01
3.163014e-01
3.164302e-01
3.164846e-01
3.166087e-01
3.166784e-01
3.167632e-01
3.169461e-01
3.169673e-01
3.170118e-01
3.171836e-01
3.172797e-01
3.173392e-01
3.174177e-01
3.174586e-01
3.175922e-01
3.176609e-01
3.177195e-01
3.177426e-01
3.178421e-01
3.179426e-01
3.179836e-01
3.180198e-01
3.181115e-01
3.182736e-01
3.183633e-01
3.184680e-01
3.184854e-01
3.185491e-01
3.187259e-01
3.188076e-01
3.188392e-01
3.189856e-01
3.191407e-01
3.192353e-01
3.192991e-01
3.194326e-01
3.194845e-01
3.195409e-01
3.195898e-01
3.196302e-01
3.196741e-01
3.197657e-01
3.198278e-01
3.200620e-01
3.201630e-01
3.202383e-01
3.203455e-01
3.204363e-01
3.206157e-01
3.207423e-01
3.207903e-01
3.208739e-01
3.209631e-01
3.210304e-01
3.212121e-01
3.213334e-01
3.214130e-01
3.214621e-01
3.216302e-01
3.218066e-01
3.219859e-01
3.220730e-01
3.222031e-01
3.223546e-01
3.223934e-01
3.224883e-01
3.225619e-01
3.226385e-01
3.227154e-01
3.228138e-01
3.229087e-01
3.229690e-01
3.230917e-01
3.232203e-01
3.233275e-01
3.234146e-01
3.235156e-01
3.235921e-01
3.237048e-01
3.238830e-01
3.239048e-01
3.239741e-01
3.240566e-01
3.241625e-01
3.243336e-01
3.244041e-01
3.245118e-01
3.246733e-01
3.247625e-01
3.248509e-01
3.248668e-01
3.249877e-01
3.252015e-01
3.252735e-01
3.253489e-01
3.253924e-01
3.255522e-01
3.255705e-01
3.257071e-01
3.258535e-01
3.258999e-01
3.260239e-01
3.261080e-01
3.262351e-01
3.263492e-01
3.265214e-01
3.265625e-01
3.266017e-01
3.266653e-01
3.268293e-01
3.269927e-01
3.271013e-01
3.271159e-01
3.272512e-01
3.274330e-01
3.274428e-01
3.276645e-01
3.276805e-01
3.277432e-01
3.278992e-01
3.279408e-01
3.281072e-01
3.282256e-01
3.283095e-01
3.283724e-01
3.284708e-01
3.285635e-01
3.285977e-01
3.287120e-01
3.287898e-01
3.289023e-01
3.289443e-01
3.291337e-01
3.291609e-01
3.293476e-01
3.294880e-01
3.295789e-01
3.297222e-01
3.297828e-01
3.298435e-01
3.299254e-01
3.300466e-01
3.300920e-01
3.301400e-01
3.302943e-01
3.305277e-01
3.306237e-01
3.308090e-01
3.310029e-01
3.310140e-01
3.311994e-01
3.312355e-01
3.314126e-01
3.314720e-01
3.315496e-01
3.316957e-01
3.317704e-01
3.318721e-01
3.319239e-01
3.319742e-01
3.321172e-01
3.321566e-01
3.323005e-01
3.324225e-01
3.325211e-01
3.326836e-01
3.327952e-01
3.329128e-01
3.329542e-01
3.331075e-01
3.332081e-01
3.333847e-01
3.335457e-01
3.336758e-01
3.337264e-01
3.337721e-01
3.339007e-01
3.339564e-01
3.341632e-01
3.342510e-01
3.343863e-01
3.345860e-01
3.346550e-01
3.347918e-01
3.350135e-01
3.350602e-01
3.351630e-01
3.352530e-01
3.353911e-01
3.354963e-01
3.355667e-01
3.356025e-01
3.357250e-01
3.357716e-01
3.358448e-01
3.359005e-01
3.361396e-01
3.363013e-01
3.365199e-01
3.366032e-01
3.367305e-01
3.369145e-01
3.369388e-01
3.369934e-01
3.370933e-01
3.371583e-01
3.373429e-01
3.375137e-01
3.377574e-01
3.378327e-01
3.379220e-01
3.381230e-01
3.382163e-01
3.382501e-01
3.383146e-01
3.383848e-01
3.384939e-01
3.387049e-01
3.387796e-01
3.389354e-01
3.390569e-01
3.391974e-01
3.392482e-01
3.393508e-01
3.394581e-01
3.396678e-01
3.397789e-01
3.400539e-01
3.402081e-01
3.403081e-01
3.403992e-01
3.404702e-01
3.406144e-01
3.407896e-01
3.408382e-01
3.408410e-01
3.409908e-01
3.410397e-01
3.410842e-01
3.411457e-01
3.413508e-01
3.415374e-01
3.416691e-01
3.416963e-01
3.417591e-01
3.419041e-01
3.420022e-01
3.420885e-01
3.421493e-01
3.422633e-01
3.423367e-01
3.424045e-01
3.426503e-01
3.426886e-01
3.427581e-01
3.428665e-01
3.430665e-01
3.432986e-01
3.433162e-01
3.434687e-01
3.435504e-01
3.436778e-01
3.437996e-01
3.440009e-01
3.440472e-01
3.440957e-01
3.442073e-01
3.444483e-01
3.444920e-01
3.445351e-01
3.445929e-01
3.446720e-01
3.447650e-01
3.449943e-01
3.451509e-01
3.451709e-01
3.452808e-01
3.454686e-01
3.456045e-01
3.456541e-01
3.457486e-01
3.460790e-01
3.463007e-01
3.463244e-01
3.465313e-01
3.465431e-01
3.466779e-01
3.468639e-01
3.470405e-01
3.472240e-01
3.473544e-01
3.474854e-01
3.475238e-01
3.477756e-01
3.478135e-01
3.480732e-01
3.482691e-01
3.483530e-01
3.484504e-01
3.485768e-01
3.486715e-01
3.488348e-01
3.489427e-01
3.489682e-01
3.493868e-01
3.494414e-01
3.495784e-01
3.497086e-01
3.497282e-01
3.500123e-01
3.501731e-01
3.502442e-01
3.505186e-01
3.506063e-01
3.507156e-01
3.508620e-01
3.510136e-01
3.511342e-01
3.512326e-01
3.513574e-01
3.514987e-01
3.515842e-01
3.518553e-01
3.520032e-01
3.520665e-01
3.522223e-01
3.523800e-01
3.524832e-01
3.525522e-01
3.525697e-01
3.526795e-01
3.527171e-01
3.530349e-01
3.531879e-01
3.532223e-01
3.533676e-01
3.534827e-01
3.536447e-01
3.536933e-01
3.538003e-01
3.538589e-01
3.540874e-01
3.543041e-01
3.544490e-01
3.545832e-01
3.547836e-01
3.548125e-01
3.550296e-01
3.551765e-01
3.553212e-01
3.553836e-01
3.555889e-01
3.556804e-01
3.557257e-01
3.558191e-01
3.559812e-01
3.561392e-01
3.563207e-01
3.564607e-01
3.564916e-01
3.566314e-01
3.566555e-01
3.568221e-01
3.569949e-01
3.571027e-01
3.571497e-01
3.572803e-01
3.574634e-01
3.575773e-01
3.576135e-01
3.577806e-01
3.580762e-01
3.581135e-01
3.581895e-01
3.582760e-01
3.584762e-01
3.587387e-01
3.588575e-01
3.591395e-01
3.593468e-01
3.594209e-01
3.594839e-01
3.597027e-01
3.598418e-01
3.599078e-01
3.599763e-01
3.600930e-01
3.602826e-01
3.604993e-01
3.605601e-01
3.606869e-01
3.607810e-01
3.608338e-01
3.609855e-01
3.613280e-01
3.614684e-01
3.615041e-01
3.615728e-01
3.616842e-01
3.617076e-01
3.618358e-01
3.619361e-01
3.619958e-01
3.621865e-01
3.622857e-01
3.625178e-01
3.625390e-01
3.628183e-01
3.629489e-01
3.630209e-01
3.631694e-01
3.632917e-01
3.634018e-01
3.634809e-01
3.635344e-01
3.638534e-01
3.639886e-01
3.641502e-01
3.644152e-01
3.645707e-01
3.646552e-01
3.648673e-01
3.649664e-01
3.650430e-01
3.650912e-01
3.653257e-01
3.654686e-01
3.655612e-01
3.658075e-01
3.659822e-01
3.661208e-01
3.663046e-01
3.663466e-01
3.663907e-01
3.665849e-01
3.667188e-01
3.667920e-01
3.668913e-01
3.670599e-01
3.672503e-01
3.674000e-01
3.674870e-01
3.675228e-01
3.676321e-01
3.678620e-01
3.681905e-01
3.682846e-01
3.683898e-01
3.686597e-01
3.688243e-01
3.690247e-01
3.691136e-01
3.695658e-01
3.696367e-01
3.697781e-01
3.699780e-01
3.701501e-01
3.702228e-01
3.703713e-01
3.705260e-01
3.705942e-01
3.708011e-01
3.710413e-01
3.711232e-01
3.712621e-01
3.714870e-01
3.716134e-01
3.716831e-01
3.719419e-01
3.719995e-01
3.720505e-01
3.722474e-01
3.722842e-01
3.724624e-01
3.725732e-01
3.726166e-01
3.727617e-01
3.729311e-01
3.730729e-01
3.733292e-01
3.733867e-01
3.734940e-01
3.736040e-01
3.738199e-01
3.740302e-01
3.743546e-01
3.745142e-01
3.747216e-01
3.748024e-01
3.749752e-01
3.750603e-01
3.754802e-01
3.754921e-01
3.757362e-01
3.759567e-01
3.760827e-01
3.762742e-01
3.763951e-01
3.764996e-01
3.768582e-01
3.769473e-01
3.771054e-01
3.773584e-01
3.775985e-01
3.777517e-01
3.778088e-01
3.782067e-01
3.782833e-01
3.785410e-01
3.786525e-01
3.790090e-01
3.790821e-01
3.791998e-01
3.793636e-01
3.795656e-01
3.796024e-01
3.798643e-01
3.798738e-01
3.802552e-01
3.805925e-01
3.806278e-01
3.807993e-01
3.808112e-01
3.809589e-01
3.810820e-01
3.811532e-01
3.813791e-01
3.815357e-01
3.816222e-01
3.817302e-01
3.818336e-01
3.818725e-01
3.820678e-01
3.824549e-01
3.826258e-01
3.827763e-01
3.828941e-01
3.834220e-01
3.834474e-01
3.835042e-01
3.839286e-01
3.841151e-01
3.841726e-01
3.843972e-01
3.844261e-01
3.845573e-01
3.846558e-01
3.848274e-01
3.851322e-01
3.853752e-01
3.854521e-01
3.857326e-01
3.858114e-01
3.859566e-01
3.860529e-01
3.861739e-01
3.863455e-01
3.865066e-01
3.867785e-01
3.868735e-01
3.872005e-01
3.873002e-01
3.873254e-01
3.874230e-01
3.878079e-01
3.880102e-01
3.881800e-01
3.883429e-01
3.886716e-01
3.887689e-01
3.890531e-01
3.892462e-01
3.894394e-01
3.897048e-01
3.901083e-01
3.902915e-01
3.906809e-01
3.907739e-01
3.908286e-01
3.910353e-01
3.912745e-01
3.915577e-01
3.916958e-01
3.918226e-01
3.919516e-01
3.921005e-01
3.922306e-01
3.923124e-01
3.925117e-01
3.926514e-01
3.927190e-01
3.930182e-01
3.930517e-01
3.930731e-01
3.932378e-01
3.933743e-01
3.935424e-01
3.936247e-01
3.937550e-01
3.938788e-01
3.939679e-01
3.940448e-01
3.942680e-01
3.946133e-01
3.947387e-01
3.948719e-01
3.950058e-01
3.953593e-01
3.957479e-01
3.958867e-01
3.962042e-01
3.962833e-01
3.964577e-01
3.967222e-01
3.969045e-01
3.971586e-01
3.974852e-01
3.975282e-01
3.976155e-01
3.983849e-01
3.989005e-01
3.992591e-01
3.996094e-01
3.998717e-01
4.000147e-01
4.000359e-01
4.002512e-01
4.005062e-01
4.006171e-01
4.008006e-01
4.009209e-01
4.010421e-01
4.012992e-01
4.013994e-01
4.015800e-01
4.016512e-01
4.018148e-01
4.018586e-01
4.021412e-01
4.025718e-01
4.027077e-01
4.028206e-01
4.032868e-01
4.032915e-01
4.037462e-01
4.037805e-01
4.040076e-01
4.042043e-01
4.047652e-01
4.048991e-01
4.050731e-01
4.053956e-01
4.054977e-01
4.055502e-01
4.058261e-01
4.059416e-01
4.060375e-01
4.061985e-01
4.063451e-01
4.067211e-01
4.068083e-01
4.073575e-01
4.076004e-01
4.076772e-01
4.078790e-01
4.080652e-01
4.081415e-01
4.083023e-01
4.084399e-01
4.087403e-01
4.088633e-01
4.095752e-01
4.096990e-01
4.099676e-01
4.101046e-01
4.106350e-01
4.107747e-01
4.110839e-01
4.114646e-01
4.115775e-01
4.118989e-01
4.122938e-01
4.124216e-01
4.126619e-01
4.128998e-01
4.131481e-01
4.132391e-01
4.133460e-01
4.137079e-01
4.143033e-01
4.144087e-01
4.144932e-01
4.148484e-01
4.152976e-01
4.158539e-01
4.159714e-01
4.161610e-01
4.163258e-01
4.164724e-01
4.167993e-01
4.169627e-01
4.176361e-01
4.176997e-01
4.183098e-01
4.184392e-01
4.184992e-01
4.188508e-01
4.189769e-01
4.192448e-01
4.193368e-01
4.198697e-01
4.199973e-01
4.201246e-01
4.203850e-01
4.206835e-01
4.209603e-01
4.214631e-01
4.219335e-01
4.220576e-01
4.224164e-01
4.225040e-01
4.226447e-01
4.227107e-01
4.229707e-01
4.231372e-01
4.232322e-01
4.239608e-01
4.244735e-01
4.246744e-01
4.248335e-01
4.248975e-01
4.250917e-01
4.255118e-01
4.255460e-01
4.260775e-01
4.265145e-01
4.267124e-01
4.276705e-01
4.277093e-01
4.280856e-01
4.283224e-01
4.287585e-01
4.287747e-01
4.292958e-01
4.293866e-01
4.297365e-01
4.300035e-01
4.301263e-01
4.304829e-01
4.308131e-01
4.309486e-01
4.311751e-01
4.317653e-01
4.318906e-01
4.319442e-01
4.321540e-01
4.326481e-01
4.328699e-01
4.331545e-01
4.333804e-01
4.335074e-01
4.335467e-01
4.338780e-01
4.342489e-01
4.343651e-01
4.345979e-01
4.346613e-01
4.349201e-01
4.349868e-01
4.357804e-01
4.359934e-01
4.365488e-01
4.366126e-01
4.367332e-01
4.368946e-01
4.370008e-01
4.377723e-01
4.379507e-01
4.385530e-01
4.388801e-01
4.391438e-01
4.393421e-01
4.394502e-01
4.400075e-01
4.401466e-01
4.403121e-01
4.407926e-01
4.409243e-01
4.413879e-01
4.414344e-01
4.416304e-01
4.418118e-01
4.420356e-01
4.427536e-01
4.430382e-01
4.432301e-01
4.433103e-01
4.438471e-01
4.440047e-01
4.442971e-01
4.444732e-01
4.446419e-01
4.448322e-01
4.452300e-01
4.453712e-01
4.455698e-01
4.457298e-01
4.460184e-01
4.468142e-01
4.472687e-01
4.476130e-01
4.481191e-01
4.486134e-01
4.489879e-01
4.492069e-01
4.496269e-01
4.500701e-01
4.501061e-01
4.505249e-01
4.509111e-01
4.515171e-01
4.517449e-01
4.519859e-01
4.521035e-01
4.525048e-01
4.531671e-01
4.534496e-01
4.535373e-01
4.538087e-01
4.543065e-01
4.543606e-01
4.545851e-01
4.545944e-01
4.553160e-01
4.556782e-01
4.559510e-01
4.564500e-01
4.570029e-01
4.571780e-01
4.576743e-01
4.584024e-01
4.584487e-01
4.586196e-01
4.587096e-01
4.590000e-01
4.595028e-01
4.602807e-01
4.604143e-01
4.605768e-01
4.613581e-01
4.615729e-01
4.618345e-01
4.624024e-01
4.625624e-01
4.636221e-01
4.641349e-01
4.646669e-01
4.649444e-01
4.649770e-01
4.655227e-01
4.655860e-01
4.657694e-01
4.662159e-01
4.670007e-01
4.673436e-01
4.684710e-01
4.689521e-01
4.690030e-01
4.697771e-01
4.699121e-01
4.702763e-01
4.704415e-01
4.705857e-01
4.713988e-01
4.714669e-01
4.719684e-01
4.730759e-01
4.733146e-01
4.734342e-01
4.741739e-01
4.746295e-01
4.753824e-01
4.755234e-01
4.757444e-01
4.759379e-01
4.762355e-01
4.763781e-01
4.776637e-01
4.778486e-01
4.780692e-01
4.790405e-01
4.799856e-01
4.806032e-01
4.807853e-01
4.808791e-01
4.810445e-01
4.811940e-01
4.823941e-01
4.825891e-01
4.830253e-01
4.838525e-01
4.841767e-01
4.849696e-01
4.860943e-01
4.866731e-01
4.869730e-01
4.875509e-01
4.878019e-01
4.883525e-01
4.888232e-01
4.893924e-01
4.894858e-01
4.898850e-01
4.912245e-01
4.920287e-01
4.921308e-01
4.923310e-01
4.926000e-01
4.939410e-01
4.955499e-01
4.957483e-01
4.961267e-01
4.962368e-01
4.965569e-01
4.976570e-01
4.979151e-01
4.979202e-01
4.990208e-01
4.997419e-01
5.000393e-01
5.009139e-01
5.010480e-01
5.013477e-01
5.031383e-01
5.036321e-01
5.047925e-01
5.054721e-01
5.058019e-01
5.063405e-01
5.063877e-01
5.072300e-01
5.075705e-01
5.091841e-01
5.096146e-01
5.119411e-01
5.119880e-01
5.120799e-01
5.132537e-01
5.138488e-01
5.139165e-01
5.146183e-01
5.152762e-01
5.189167e-01
5.205640e-01
5.217951e-01
5.220181e-01
5.224195e-01
5.227929e-01
5.230298e-01
5.232730e-01
5.236162e-01
5.253312e-01
5.256513e-01
5.261621e-01
5.269823e-01
5.274654e-01
5.277901e-01
5.290337e-01
5.302702e-01
5.307342e-01
5.321189e-01
5.325521e-01
5.339145e-01
5.354047e-01
5.355733e-01
5.358844e-01
5.375693e-01
5.379850e-01
5.385472e-01
5.397589e-01
5.397981e-01
5.400381e-01
5.407019e-01
5.407884e-01
5.409114e-01
5.422517e-01
5.428498e-01
5.440080e-01
5.482167e-01
5.486816e-01
5.502243e-01
5.507098e-01
5.537351e-01
5.552611e-01
5.573354e-01
5.588869e-01
5.593842e-01
5.615077e-01
5.618765e-01
5.634995e-01
5.648656e-01
5.663112e-01
5.683076e-01
5.690181e-01
5.694343e-01
5.706016e-01
5.715613e-01
5.735095e-01
5.766671e-01
5.770485e-01
5.789003e-01
5.797459e-01
5.801882e-01
5.805116e-01
5.813199e-01
5.819782e-01
5.837216e-01
5.855511e-01
5.855616e-01
5.870414e-01
5.887788e-01
5.923236e-01
5.929883e-01
5.976620e-01
6.009551e-01
6.019530e-01
6.033653e-01
6.086153e-01
6.102421e-01
6.135465e-01
6.163709e-01
6.190438e-01
6.211972e-01
6.246846e-01
6.256030e-01
6.272158e-01
6.284152e-01
6.452714e-01
6.459683e-01
6.523571e-01
6.524804e-01
6.556818e-01
6.604867e-01
7.087392e-01
7.171766e-01
7.202444e-01
7.300655e-01
7.445564e-01
7.747924e-01
8.586583e-01
8.746021e-01
9.084029e-01
9.316911e-01
9.871341e-01
1.000000e+00
