# SF-29 N2 candidate (i) i1 field=gauss eps=0.5 N=16: sorted relative singular values of the dense central-FD Jacobian at the converged state (rows F_i=-q(L_i-S_i); outlet rows (2q/h)(vperp_in-c_perp); smax=6.753907e+03)
2.505377e-04
2.619099e-04
2.817317e-04
2.931807e-04
3.015310e-04
3.355952e-04
3.507817e-04
3.699511e-04
3.862827e-04
3.974823e-04
4.280079e-04
4.471265e-04
4.645145e-04
5.136947e-04
5.192984e-04
5.523939e-04
5.904886e-04
6.087004e-04
6.931088e-04
7.622420e-04
7.856489e-04
7.930468e-04
8.189360e-04
8.766876e-04
8.966415e-04
9.297341e-04
9.571591e-04
1.001224e-03
1.015676e-03
1.047251e-03
1.052591e-03
1.108223e-03
1.183822e-03
1.217893e-03
1.252810e-03
1.255862e-03
1.301515e-03
1.382720e-03
1.474869e-03
1.539018e-03
1.677916e-03
1.710334e-03
1.769446e-03
1.819381e-03
1.858641e-03
1.926698e-03
1.969391e-03
2.002845e-03
2.073077e-03
2.076506e-03
2.112745e-03
2.120522e-03
2.140637e-03
2.185774e-03
2.226598e-03
2.297136e-03
2.317890e-03
2.386847e-03
2.424945e-03
2.442077e-03
2.451727e-03
2.534265e-03
2.543139e-03
2.576674e-03
2.610056e-03
2.615747e-03
2.638112e-03
2.668462e-03
2.720934e-03
2.746078e-03
2.762001e-03
2.807183e-03
2.838656e-03
2.851080e-03
2.882105e-03
2.900260e-03
2.926095e-03
2.956707e-03
2.983046e-03
2.992087e-03
3.008718e-03
3.046084e-03
3.069538e-03
3.099248e-03
3.149974e-03
3.166975e-03
3.207448e-03
3.224180e-03
3.266759e-03
3.298191e-03
3.361863e-03
3.389199e-03
3.405375e-03
3.455323e-03
3.469991e-03
3.481967e-03
3.522508e-03
3.534462e-03
3.631780e-03
3.679380e-03
3.699749e-03
3.713223e-03
3.756901e-03
3.804614e-03
3.866020e-03
3.884600e-03
3.926350e-03
4.004439e-03
4.054146e-03
4.094874e-03
4.125851e-03
4.137868e-03
4.227286e-03
4.258041e-03
4.302561e-03
4.361494e-03
4.371440e-03
4.387115e-03
4.422235e-03
4.452975e-03
4.465324e-03
4.524291e-03
4.570302e-03
4.618497e-03
4.704402e-03
4.747144e-03
4.777083e-03
4.844292e-03
4.917418e-03
4.928100e-03
4.964649e-03
4.998680e-03
5.012036e-03
5.020339e-03
5.057153e-03
5.104765e-03
5.142123e-03
5.171747e-03
5.212483e-03
5.260856e-03
5.285993e-03
5.313588e-03
5.372876e-03
5.409433e-03
5.453510e-03
5.471906e-03
5.488950e-03
5.573793e-03
5.580263e-03
5.627853e-03
5.668491e-03
5.704289e-03
5.709648e-03
5.761226e-03
5.808303e-03
5.821936e-03
5.850657e-03
5.904741e-03
5.929102e-03
5.945581e-03
5.983942e-03
6.033986e-03
6.085444e-03
6.155572e-03
6.176797e-03
6.198288e-03
6.203902e-03
6.220938e-03
6.258784e-03
6.326074e-03
6.379420e-03
6.435579e-03
6.448525e-03
6.528442e-03
6.554049e-03
6.598472e-03
6.610270e-03
6.644080e-03
6.686101e-03
6.697810e-03
6.708872e-03
6.787340e-03
6.831063e-03
6.885517e-03
6.905073e-03
6.948628e-03
6.972738e-03
7.013395e-03
7.027897e-03
7.097012e-03
7.161267e-03
7.206682e-03
7.216511e-03
7.256443e-03
7.304036e-03
7.330288e-03
7.359872e-03
7.379604e-03
7.403392e-03
7.434134e-03
7.464257e-03
7.532881e-03
7.583528e-03
7.600734e-03
7.657118e-03
7.684320e-03
7.709321e-03
7.729803e-03
7.780481e-03
7.797306e-03
7.848436e-03
7.874082e-03
7.894162e-03
7.906994e-03
7.934364e-03
7.997486e-03
8.005924e-03
8.011208e-03
8.083810e-03
8.127156e-03
8.150337e-03
8.207988e-03
8.243543e-03
8.253420e-03
8.326207e-03
8.398549e-03
8.408457e-03
8.450763e-03
8.452920e-03
8.454518e-03
8.514495e-03
8.558540e-03
8.602531e-03
8.632937e-03
8.685049e-03
8.708505e-03
8.719604e-03
8.734713e-03
8.762100e-03
8.807332e-03
8.882147e-03
8.901791e-03
8.934540e-03
8.976970e-03
9.037004e-03
9.041920e-03
9.085911e-03
9.159481e-03
9.178678e-03
9.237198e-03
9.277748e-03
9.322953e-03
9.361258e-03
9.395894e-03
9.459449e-03
9.493251e-03
9.568735e-03
9.613719e-03
9.621101e-03
9.682850e-03
9.731913e-03
9.762314e-03
9.800369e-03
9.879015e-03
9.922100e-03
1.000315e-02
1.006379e-02
1.008233e-02
1.012418e-02
1.015945e-02
1.020280e-02
1.027454e-02
1.034094e-02
1.039325e-02
1.042915e-02
1.044676e-02
1.049729e-02
1.054615e-02
1.058330e-02
1.061422e-02
1.070682e-02
1.073405e-02
1.078545e-02
1.082426e-02
1.086152e-02
1.090610e-02
1.092245e-02
1.097266e-02
1.103099e-02
1.106917e-02
1.107257e-02
1.113616e-02
1.116045e-02
1.120859e-02
1.126569e-02
1.130962e-02
1.132479e-02
1.136738e-02
1.141107e-02
1.145479e-02
1.146419e-02
1.152905e-02
1.153950e-02
1.156395e-02
1.162539e-02
1.164664e-02
1.167960e-02
1.171858e-02
1.175041e-02
1.177954e-02
1.182082e-02
1.185292e-02
1.187550e-02
1.195210e-02
1.198503e-02
1.199859e-02
1.201655e-02
1.211131e-02
1.212842e-02
1.218533e-02
1.219525e-02
1.221897e-02
1.225151e-02
1.231087e-02
1.233922e-02
1.240406e-02
1.244155e-02
1.247996e-02
1.249995e-02
1.255742e-02
1.258157e-02
1.262241e-02
1.265114e-02
1.267379e-02
1.270887e-02
1.273280e-02
1.277081e-02
1.279054e-02
1.283327e-02
1.287043e-02
1.290786e-02
1.293862e-02
1.297307e-02
1.301441e-02
1.303467e-02
1.307014e-02
1.318448e-02
1.320843e-02
1.325889e-02
1.333184e-02
1.335246e-02
1.336818e-02
1.338560e-02
1.340579e-02
1.348487e-02
1.350998e-02
1.353590e-02
1.359573e-02
1.359759e-02
1.363770e-02
1.368736e-02
1.374121e-02
1.377502e-02
1.382815e-02
1.386951e-02
1.388053e-02
1.394918e-02
1.397581e-02
1.401850e-02
1.405299e-02
1.408983e-02
1.414524e-02
1.416338e-02
1.418129e-02
1.422711e-02
1.424021e-02
1.429925e-02
1.437127e-02
1.437822e-02
1.440612e-02
1.443588e-02
1.448729e-02
1.451493e-02
1.455462e-02
1.458528e-02
1.465548e-02
1.468948e-02
1.471158e-02
1.473327e-02
1.478453e-02
1.482271e-02
1.485510e-02
1.492201e-02
1.494829e-02
1.502744e-02
1.505544e-02
1.511004e-02
1.514935e-02
1.521215e-02
1.526175e-02
1.531739e-02
1.536747e-02
1.538771e-02
1.544139e-02
1.548132e-02
1.550598e-02
1.558961e-02
1.562578e-02
1.567395e-02
1.573393e-02
1.580824e-02
1.583146e-02
1.585031e-02
1.586067e-02
1.589303e-02
1.596285e-02
1.598750e-02
1.601307e-02
1.604346e-02
1.607043e-02
1.613089e-02
1.618615e-02
1.623725e-02
1.627247e-02
1.630578e-02
1.633332e-02
1.639822e-02
1.643295e-02
1.646733e-02
1.652551e-02
1.655159e-02
1.657554e-02
1.659442e-02
1.666764e-02
1.670778e-02
1.677139e-02
1.682121e-02
1.684693e-02
1.688632e-02
1.689774e-02
1.694799e-02
1.699965e-02
1.706701e-02
1.710991e-02
1.716223e-02
1.716645e-02
1.720029e-02
1.723104e-02
1.726159e-02
1.730535e-02
1.737582e-02
1.742150e-02
1.743951e-02
1.752414e-02
1.753911e-02
1.757721e-02
1.760768e-02
1.765744e-02
1.769318e-02
1.773764e-02
1.777663e-02
1.782688e-02
1.783422e-02
1.785554e-02
1.792031e-02
1.795716e-02
1.796020e-02
1.797589e-02
1.802027e-02
1.804521e-02
1.809210e-02
1.811879e-02
1.821675e-02
1.824534e-02
1.827785e-02
1.829805e-02
1.831750e-02
1.837317e-02
1.840630e-02
1.843250e-02
1.848655e-02
1.849818e-02
1.855361e-02
1.860471e-02
1.864207e-02
1.869749e-02
1.872592e-02
1.876185e-02
1.877952e-02
1.882037e-02
1.885857e-02
1.887637e-02
1.892146e-02
1.893175e-02
1.898454e-02
1.901586e-02
1.903936e-02
1.908345e-02
1.910535e-02
1.914026e-02
1.920316e-02
1.925465e-02
1.928342e-02
1.931602e-02
1.933886e-02
1.942197e-02
1.945978e-02
1.948319e-02
1.950048e-02
1.955257e-02
1.959763e-02
1.962180e-02
1.965987e-02
1.967942e-02
1.971328e-02
1.974904e-02
1.980435e-02
1.984491e-02
1.989247e-02
1.991032e-02
1.994203e-02
1.996412e-02
1.997984e-02
2.004139e-02
2.010124e-02
2.015864e-02
2.017542e-02
2.020504e-02
2.024656e-02
2.030648e-02
2.031770e-02
2.032738e-02
2.041821e-02
2.044123e-02
2.050947e-02
2.056823e-02
2.057727e-02
2.063642e-02
2.066709e-02
2.068741e-02
2.073127e-02
2.075223e-02
2.081670e-02
2.088189e-02
2.092743e-02
2.095106e-02
2.103404e-02
2.105747e-02
2.114626e-02
2.118939e-02
2.122977e-02
2.124864e-02
2.133018e-02
2.137602e-02
2.139264e-02
2.141913e-02
2.145077e-02
2.147203e-02
2.150740e-02
2.159009e-02
2.163023e-02
2.166188e-02
2.167946e-02
2.169648e-02
2.174677e-02
2.177182e-02
2.178391e-02
2.184622e-02
2.190884e-02
2.196184e-02
2.199299e-02
2.201656e-02
2.209875e-02
2.213560e-02
2.217850e-02
2.220511e-02
2.221046e-02
2.228722e-02
2.234084e-02
2.240063e-02
2.243126e-02
2.249863e-02
2.252717e-02
2.254990e-02
2.256917e-02
2.264614e-02
2.269038e-02
2.272044e-02
2.273509e-02
2.280413e-02
2.284673e-02
2.287575e-02
2.292907e-02
2.294455e-02
2.300712e-02
2.301147e-02
2.305311e-02
2.307657e-02
2.310183e-02
2.315629e-02
2.319672e-02
2.325265e-02
2.329949e-02
2.332998e-02
2.338073e-02
2.340636e-02
2.349546e-02
2.350471e-02
2.355144e-02
2.360331e-02
2.361465e-02
2.364479e-02
2.364736e-02
2.371968e-02
2.378055e-02
2.379243e-02
2.381794e-02
2.388150e-02
2.392790e-02
2.393049e-02
2.396766e-02
2.400297e-02
2.408577e-02
2.410708e-02
2.413715e-02
2.417501e-02
2.422975e-02
2.423410e-02
2.426478e-02
2.430483e-02
2.433500e-02
2.436052e-02
2.440590e-02
2.443713e-02
2.449384e-02
2.453597e-02
2.457582e-02
2.463385e-02
2.466525e-02
2.471680e-02
2.474365e-02
2.478126e-02
2.483418e-02
2.485062e-02
2.489915e-02
2.493355e-02
2.497944e-02
2.499734e-02
2.505152e-02
2.506697e-02
2.510886e-02
2.512813e-02
2.515808e-02
2.520745e-02
2.523410e-02
2.528169e-02
2.532517e-02
2.536428e-02
2.543403e-02
2.544355e-02
2.548042e-02
2.552924e-02
2.556820e-02
2.559103e-02
2.563984e-02
2.565233e-02
2.571841e-02
2.574886e-02
2.579614e-02
2.585367e-02
2.586184e-02
2.589818e-02
2.594601e-02
2.596059e-02
2.598561e-02
2.605248e-02
2.608203e-02
2.612195e-02
2.616461e-02
2.617319e-02
2.621163e-02
2.626606e-02
2.629799e-02
2.633008e-02
2.635164e-02
2.643640e-02
2.648673e-02
2.651833e-02
2.655537e-02
2.659356e-02
2.661033e-02
2.666566e-02
2.667271e-02
2.669788e-02
2.673706e-02
2.678292e-02
2.681325e-02
2.683166e-02
2.685999e-02
2.690427e-02
2.695088e-02
2.702401e-02
2.702815e-02
2.704574e-02
2.713069e-02
2.717902e-02
2.722065e-02
2.724868e-02
2.725213e-02
2.730021e-02
2.735594e-02
2.738169e-02
2.742816e-02
2.743410e-02
2.749616e-02
2.752283e-02
2.753753e-02
2.761439e-02
2.764745e-02
2.768939e-02
2.771906e-02
2.774756e-02
2.775439e-02
2.781063e-02
2.783335e-02
2.783911e-02
2.792124e-02
2.794429e-02
2.797735e-02
2.804401e-02
2.806045e-02
2.807984e-02
2.812987e-02
2.813757e-02
2.821765e-02
2.825129e-02
2.831419e-02
2.835808e-02
2.839070e-02
2.841967e-02
2.844340e-02
2.850640e-02
2.853701e-02
2.854843e-02
2.861373e-02
2.866005e-02
2.871986e-02
2.878587e-02
2.880322e-02
2.883276e-02
2.887169e-02
2.888617e-02
2.893296e-02
2.896136e-02
2.902581e-02
2.912750e-02
2.914965e-02
2.919534e-02
2.922376e-02
2.925343e-02
2.928688e-02
2.930248e-02
2.935323e-02
2.936940e-02
2.946816e-02
2.950569e-02
2.952961e-02
2.955386e-02
2.963574e-02
2.967309e-02
2.969351e-02
2.971713e-02
2.975841e-02
2.986125e-02
2.988395e-02
2.990824e-02
2.993411e-02
2.996637e-02
2.999252e-02
3.006794e-02
3.006887e-02
3.010050e-02
3.012821e-02
3.015525e-02
3.019528e-02
3.021777e-02
3.022710e-02
3.028003e-02
3.038158e-02
3.040516e-02
3.042918e-02
3.044740e-02
3.052339e-02
3.056956e-02
3.057892e-02
3.061167e-02
3.065905e-02
3.068575e-02
3.071559e-02
3.076928e-02
3.081330e-02
3.084042e-02
3.087830e-02
3.092199e-02
3.093026e-02
3.098197e-02
3.099811e-02
3.101661e-02
3.108185e-02
3.111184e-02
3.114338e-02
3.118696e-02
3.126534e-02
3.132245e-02
3.138255e-02
3.140632e-02
3.143007e-02
3.146978e-02
3.152275e-02
3.153106e-02
3.159608e-02
3.160570e-02
3.164944e-02
3.166629e-02
3.170039e-02
3.174490e-02
3.176749e-02
3.180670e-02
3.184592e-02
3.190105e-02
3.192366e-02
3.199430e-02
3.200147e-02
3.204548e-02
3.210192e-02
3.212977e-02
3.215616e-02
3.218975e-02
3.222291e-02
3.227551e-02
3.227931e-02
3.231247e-02
3.236435e-02
3.239041e-02
3.242847e-02
3.245458e-02
3.249302e-02
3.254606e-02
3.256781e-02
3.260464e-02
3.264569e-02
3.268432e-02
3.273361e-02
3.277172e-02
3.280214e-02
3.281617e-02
3.285072e-02
3.288222e-02
3.294631e-02
3.297571e-02
3.306640e-02
3.308478e-02
3.312687e-02
3.316349e-02
3.318582e-02
3.319315e-02
3.320976e-02
3.322752e-02
3.330317e-02
3.332440e-02
3.338244e-02
3.339785e-02
3.342502e-02
3.343986e-02
3.351771e-02
3.360448e-02
3.362739e-02
3.363866e-02
3.371628e-02
3.374425e-02
3.378402e-02
3.383231e-02
3.384481e-02
3.391028e-02
3.392228e-02
3.395560e-02
3.398942e-02
3.401392e-02
3.402902e-02
3.407443e-02
3.410178e-02
3.413483e-02
3.416274e-02
3.419565e-02
3.425204e-02
3.427883e-02
3.430191e-02
3.435739e-02
3.441280e-02
3.445074e-02
3.446150e-02
3.447887e-02
3.454911e-02
3.459258e-02
3.462317e-02
3.463424e-02
3.468589e-02
3.470421e-02
3.473606e-02
3.477315e-02
3.483628e-02
3.484990e-02
3.491532e-02
3.493514e-02
3.496933e-02
3.501682e-02
3.510119e-02
3.510977e-02
3.512012e-02
3.514324e-02
3.518285e-02
3.526407e-02
3.530287e-02
3.534112e-02
3.536040e-02
3.539912e-02
3.544162e-02
3.548838e-02
3.549796e-02
3.553126e-02
3.556138e-02
3.561410e-02
3.561975e-02
3.563735e-02
3.566008e-02
3.576994e-02
3.578600e-02
3.580180e-02
3.587454e-02
3.589669e-02
3.591676e-02
3.595652e-02
3.599460e-02
3.604515e-02
3.605917e-02
3.612556e-02
3.613461e-02
3.619464e-02
3.623041e-02
3.627813e-02
3.628902e-02
3.632896e-02
3.633512e-02
3.639244e-02
3.642589e-02
3.645310e-02
3.651137e-02
3.653435e-02
3.659829e-02
3.663141e-02
3.665320e-02
3.670705e-02
3.675074e-02
3.675935e-02
3.679498e-02
3.685034e-02
3.688821e-02
3.692854e-02
3.695466e-02
3.700380e-02
3.702811e-02
3.704453e-02
3.709218e-02
3.714819e-02
3.717931e-02
3.723292e-02
3.727901e-02
3.730113e-02
3.732041e-02
3.734757e-02
3.739474e-02
3.744977e-02
3.748476e-02
3.750804e-02
3.753299e-02
3.759334e-02
3.764376e-02
3.765255e-02
3.769133e-02
3.773538e-02
3.774818e-02
3.779101e-02
3.780166e-02
3.789021e-02
3.791247e-02
3.795226e-02
3.798956e-02
3.804674e-02
3.806353e-02
3.811723e-02
3.815555e-02
3.817028e-02
3.819755e-02
3.821120e-02
3.826681e-02
3.829123e-02
3.832284e-02
3.833075e-02
3.837884e-02
3.841621e-02
3.844846e-02
3.848426e-02
3.850580e-02
3.854816e-02
3.862179e-02
3.867456e-02
3.869238e-02
3.871239e-02
3.872938e-02
3.878253e-02
3.881519e-02
3.884387e-02
3.885989e-02
3.888087e-02
3.893646e-02
3.896726e-02
3.898145e-02
3.905153e-02
3.907922e-02
3.910369e-02
3.913843e-02
3.914827e-02
3.918781e-02
3.922674e-02
3.927853e-02
3.928526e-02
3.932695e-02
3.937958e-02
3.949283e-02
3.951933e-02
3.952679e-02
3.958777e-02
3.962045e-02
3.965990e-02
3.971084e-02
3.973608e-02
3.977814e-02
3.977933e-02
3.984509e-02
3.989045e-02
3.991487e-02
3.995930e-02
3.996236e-02
3.999277e-02
4.003865e-02
4.006294e-02
4.012440e-02
4.018160e-02
4.019732e-02
4.022446e-02
4.025865e-02
4.027980e-02
4.034761e-02
4.037662e-02
4.039147e-02
4.045888e-02
4.046756e-02
4.053478e-02
4.059775e-02
4.061845e-02
4.063840e-02
4.068197e-02
4.069889e-02
4.074599e-02
4.080422e-02
4.085027e-02
4.086814e-02
4.089266e-02
4.093512e-02
4.096232e-02
4.097862e-02
4.106594e-02
4.109251e-02
4.113885e-02
4.115769e-02
4.120063e-02
4.121683e-02
4.129159e-02
4.131234e-02
4.133213e-02
4.136621e-02
4.140755e-02
4.144140e-02
4.150200e-02
4.150866e-02
4.153385e-02
4.163343e-02
4.164611e-02
4.167228e-02
4.171485e-02
4.175142e-02
4.175970e-02
4.179512e-02
4.182240e-02
4.187643e-02
4.191244e-02
4.194861e-02
4.198881e-02
4.200920e-02
4.204539e-02
4.208312e-02
4.210341e-02
4.216009e-02
4.218241e-02
4.220302e-02
4.227300e-02
4.230038e-02
4.231642e-02
4.232398e-02
4.236592e-02
4.238500e-02
4.242878e-02
4.246465e-02
4.248672e-02
4.251716e-02
4.254645e-02
4.258855e-02
4.264886e-02
4.269040e-02
4.269613e-02
4.274916e-02
4.279317e-02
4.283623e-02
4.286041e-02
4.287512e-02
4.290864e-02
4.294546e-02
4.297949e-02
4.300911e-02
4.303169e-02
4.309450e-02
4.312626e-02
4.317310e-02
4.322330e-02
4.323120e-02
4.326536e-02
4.329441e-02
4.333685e-02
4.334550e-02
4.339974e-02
4.343894e-02
4.344610e-02
4.349277e-02
4.356273e-02
4.361128e-02
4.362307e-02
4.364761e-02
4.368062e-02
4.374061e-02
4.377128e-02
4.379859e-02
4.385124e-02
4.386391e-02
4.390897e-02
4.392725e-02
4.395155e-02
4.399161e-02
4.402059e-02
4.404069e-02
4.406333e-02
4.409116e-02
4.413598e-02
4.418680e-02
4.419992e-02
4.424512e-02
4.429248e-02
4.431790e-02
4.435526e-02
4.437664e-02
4.439766e-02
4.442455e-02
4.449652e-02
4.450149e-02
4.454043e-02
4.457587e-02
4.460374e-02
4.463320e-02
4.466333e-02
4.470826e-02
4.474686e-02
4.477840e-02
4.478418e-02
4.481218e-02
4.484333e-02
4.491019e-02
4.492662e-02
4.496717e-02
4.499182e-02
4.500189e-02
4.505427e-02
4.506864e-02
4.510258e-02
4.517841e-02
4.519195e-02
4.522391e-02
4.524063e-02
4.525618e-02
4.532143e-02
4.535690e-02
4.539734e-02
4.541667e-02
4.544051e-02
4.551165e-02
4.554246e-02
4.557155e-02
4.559279e-02
4.561933e-02
4.568310e-02
4.571960e-02
4.576251e-02
4.578425e-02
4.579730e-02
4.586149e-02
4.588335e-02
4.592759e-02
4.595089e-02
4.596299e-02
4.599564e-02
4.602161e-02
4.606794e-02
4.611509e-02
4.613074e-02
4.616901e-02
4.619315e-02
4.623667e-02
4.628021e-02
4.631374e-02
4.634562e-02
4.637227e-02
4.644090e-02
4.644440e-02
4.649299e-02
4.653164e-02
4.657443e-02
4.660773e-02
4.664837e-02
4.667102e-02
4.671102e-02
4.678466e-02
4.680173e-02
4.681128e-02
4.683545e-02
4.686423e-02
4.691383e-02
4.694880e-02
4.696227e-02
4.700736e-02
4.704418e-02
4.706577e-02
4.709153e-02
4.714148e-02
4.718384e-02
4.722270e-02
4.726146e-02
4.727047e-02
4.732043e-02
4.733538e-02
4.736582e-02
4.739631e-02
4.744414e-02
4.750286e-02
4.752272e-02
4.755562e-02
4.757221e-02
4.758917e-02
4.760816e-02
4.764555e-02
4.770514e-02
4.772399e-02
4.778152e-02
4.778684e-02
4.780921e-02
4.782038e-02
4.785045e-02
4.795601e-02
4.797717e-02
4.800592e-02
4.802842e-02
4.803855e-02
4.809305e-02
4.811939e-02
4.815045e-02
4.818850e-02
4.820158e-02
4.824738e-02
4.826720e-02
4.829516e-02
4.834925e-02
4.837347e-02
4.838862e-02
4.843072e-02
4.845090e-02
4.850550e-02
4.855487e-02
4.857473e-02
4.860290e-02
4.860742e-02
4.867157e-02
4.869575e-02
4.871759e-02
4.876062e-02
4.880648e-02
4.884745e-02
4.887311e-02
4.891755e-02
4.894057e-02
4.896596e-02
4.900325e-02
4.905257e-02
4.913112e-02
4.914426e-02
4.918277e-02
4.921173e-02
4.923119e-02
4.928933e-02
4.931160e-02
4.933398e-02
4.937001e-02
4.938050e-02
4.943779e-02
4.945113e-02
4.948391e-02
4.950975e-02
4.952315e-02
4.957636e-02
4.960574e-02
4.964659e-02
4.969728e-02
4.972014e-02
4.975266e-02
4.977288e-02
4.980822e-02
4.985891e-02
4.989902e-02
4.992843e-02
4.994784e-02
4.996832e-02
5.001387e-02
5.006114e-02
5.007881e-02
5.010926e-02
5.014206e-02
5.017035e-02
5.019817e-02
5.020932e-02
5.024910e-02
5.029515e-02
5.035509e-02
5.037636e-02
5.042146e-02
5.043739e-02
5.047921e-02
5.050180e-02
5.053029e-02
5.055871e-02
5.062196e-02
5.066046e-02
5.066872e-02
5.068198e-02
5.073352e-02
5.077490e-02
5.081529e-02
5.084940e-02
5.090854e-02
5.092990e-02
5.093718e-02
5.097567e-02
5.103730e-02
5.108453e-02
5.109248e-02
5.112207e-02
5.115795e-02
5.118370e-02
5.121616e-02
5.122011e-02
5.125067e-02
5.130601e-02
5.131973e-02
5.138895e-02
5.140182e-02
5.142133e-02
5.144136e-02
5.150504e-02
5.156638e-02
5.163695e-02
5.167087e-02
5.170410e-02
5.172804e-02
5.178699e-02
5.179927e-02
5.181143e-02
5.184699e-02
5.189385e-02
5.190964e-02
5.192937e-02
5.198643e-02
5.201887e-02
5.204840e-02
5.206568e-02
5.211714e-02
5.213578e-02
5.217810e-02
5.222287e-02
5.224901e-02
5.225270e-02
5.229050e-02
5.232586e-02
5.236542e-02
5.237508e-02
5.242506e-02
5.245473e-02
5.249451e-02
5.253856e-02
5.257910e-02
5.259979e-02
5.260459e-02
5.263751e-02
5.267184e-02
5.267501e-02
5.274002e-02
5.275881e-02
5.281052e-02
5.287884e-02
5.288511e-02
5.292025e-02
5.297330e-02
5.298211e-02
5.301441e-02
5.307910e-02
5.311946e-02
5.312521e-02
5.316130e-02
5.320591e-02
5.324305e-02
5.326299e-02
5.329447e-02
5.333295e-02
5.335172e-02
5.337628e-02
5.345870e-02
5.349811e-02
5.350762e-02
5.356041e-02
5.360905e-02
5.362918e-02
5.366910e-02
5.368814e-02
5.371283e-02
5.374250e-02
5.377269e-02
5.379121e-02
5.382481e-02
5.386021e-02
5.387799e-02
5.389101e-02
5.392633e-02
5.399770e-02
5.402459e-02
5.404903e-02
5.407081e-02
5.412650e-02
5.415345e-02
5.420342e-02
5.422154e-02
5.425141e-02
5.428948e-02
5.431320e-02
5.434400e-02
5.438912e-02
5.443865e-02
5.446308e-02
5.447785e-02
5.449942e-02
5.451886e-02
5.455458e-02
5.459267e-02
5.461522e-02
5.468687e-02
5.470825e-02
5.473792e-02
5.476838e-02
5.479642e-02
5.485592e-02
5.487138e-02
5.491783e-02
5.495707e-02
5.496478e-02
5.502280e-02
5.502911e-02
5.508808e-02
5.511411e-02
5.514793e-02
5.516207e-02
5.520815e-02
5.523772e-02
5.525526e-02
5.529579e-02
5.531550e-02
5.537146e-02
5.541089e-02
5.542605e-02
5.545436e-02
5.551482e-02
5.552219e-02
5.554855e-02
5.556673e-02
5.560990e-02
5.564546e-02
5.567479e-02
5.571233e-02
5.575453e-02
5.576060e-02
5.578860e-02
5.581091e-02
5.581461e-02
5.586329e-02
5.590406e-02
5.593452e-02
5.597736e-02
5.601679e-02
5.603443e-02
5.605283e-02
5.609396e-02
5.615056e-02
5.618674e-02
5.619493e-02
5.620853e-02
5.626934e-02
5.629079e-02
5.630563e-02
5.632276e-02
5.635959e-02
5.642471e-02
5.646299e-02
5.649700e-02
5.653002e-02
5.654055e-02
5.656890e-02
5.660779e-02
5.664235e-02
5.667190e-02
5.670744e-02
5.672906e-02
5.675206e-02
5.677964e-02
5.680414e-02
5.683529e-02
5.685304e-02
5.687066e-02
5.696871e-02
5.697913e-02
5.700649e-02
5.704298e-02
5.709378e-02
5.711697e-02
5.715120e-02
5.716844e-02
5.720958e-02
5.726190e-02
5.726407e-02
5.731124e-02
5.734872e-02
5.737325e-02
5.737771e-02
5.742748e-02
5.745528e-02
5.749617e-02
5.752679e-02
5.754862e-02
5.758849e-02
5.760731e-02
5.763684e-02
5.768392e-02
5.771166e-02
5.775127e-02
5.777363e-02
5.780461e-02
5.783683e-02
5.785203e-02
5.786788e-02
5.790440e-02
5.792007e-02
5.794993e-02
5.800220e-02
5.801690e-02
5.804702e-02
5.806125e-02
5.811928e-02
5.814560e-02
5.817752e-02
5.820869e-02
5.822670e-02
5.827260e-02
5.829474e-02
5.833800e-02
5.836088e-02
5.839044e-02
5.845550e-02
5.850820e-02
5.852197e-02
5.854119e-02
5.857946e-02
5.860169e-02
5.865748e-02
5.867323e-02
5.871527e-02
5.877302e-02
5.878046e-02
5.880630e-02
5.882651e-02
5.883825e-02
5.890423e-02
5.891087e-02
5.894228e-02
5.897369e-02
5.902623e-02
5.905042e-02
5.907256e-02
5.911735e-02
5.913485e-02
5.918333e-02
5.921756e-02
5.924804e-02
5.928323e-02
5.929335e-02
5.933949e-02
5.935993e-02
5.939012e-02
5.942104e-02
5.944482e-02
5.946458e-02
5.948331e-02
5.957858e-02
5.960111e-02
5.963802e-02
5.964573e-02
5.970837e-02
5.972985e-02
5.974907e-02
5.979119e-02
5.982475e-02
5.984930e-02
5.987416e-02
5.991842e-02
5.993126e-02
5.997080e-02
6.001322e-02
6.006850e-02
6.010773e-02
6.013696e-02
6.014795e-02
6.020457e-02
6.022467e-02
6.023984e-02
6.030706e-02
6.031003e-02
6.033905e-02
6.036583e-02
6.043487e-02
6.046769e-02
6.048098e-02
6.050936e-02
6.053520e-02
6.055326e-02
6.059972e-02
6.062568e-02
6.064985e-02
6.072866e-02
6.073792e-02
6.076920e-02
6.079165e-02
6.082427e-02
6.085091e-02
6.089675e-02
6.091783e-02
6.092614e-02
6.097956e-02
6.102020e-02
6.104434e-02
6.107522e-02
6.109593e-02
6.114095e-02
6.115913e-02
6.120647e-02
6.123203e-02
6.126671e-02
6.128410e-02
6.130680e-02
6.137483e-02
6.139003e-02
6.142045e-02
6.142716e-02
6.149559e-02
6.152320e-02
6.153331e-02
6.158615e-02
6.159728e-02
6.160183e-02
6.166934e-02
6.172874e-02
6.177926e-02
6.180116e-02
6.182017e-02
6.184568e-02
6.190622e-02
6.191317e-02
6.194700e-02
6.197653e-02
6.200886e-02
6.204456e-02
6.207389e-02
6.208808e-02
6.211909e-02
6.215667e-02
6.220028e-02
6.223052e-02
6.225525e-02
6.227876e-02
6.231293e-02
6.233366e-02
6.237044e-02
6.243542e-02
6.245548e-02
6.248458e-02
6.250345e-02
6.254289e-02
6.260008e-02
6.261748e-02
6.265617e-02
6.266995e-02
6.271041e-02
6.273468e-02
6.274435e-02
6.277207e-02
6.280862e-02
6.287424e-02
6.288880e-02
6.290617e-02
6.297099e-02
6.298403e-02
6.304267e-02
6.306226e-02
6.309314e-02
6.310421e-02
6.318190e-02
6.319289e-02
6.323265e-02
6.325164e-02
6.328327e-02
6.329609e-02
6.336317e-02
6.338550e-02
6.341144e-02
6.346047e-02
6.346797e-02
6.348049e-02
6.356629e-02
6.357483e-02
6.360770e-02
6.362621e-02
6.366853e-02
6.368464e-02
6.372459e-02
6.374549e-02
6.377267e-02
6.379271e-02
6.382913e-02
6.384561e-02
6.389065e-02
6.394901e-02
6.397085e-02
6.397975e-02
6.402528e-02
6.403838e-02
6.406246e-02
6.408020e-02
6.411310e-02
6.415739e-02
6.420219e-02
6.429128e-02
6.430239e-02
6.435121e-02
6.437430e-02
6.438605e-02
6.440697e-02
6.444017e-02
6.446654e-02
6.449798e-02
6.451976e-02
6.454301e-02
6.459494e-02
6.461345e-02
6.464533e-02
6.469013e-02
6.471425e-02
6.475642e-02
6.478448e-02
6.479604e-02
6.482414e-02
6.485466e-02
6.486467e-02
6.488546e-02
6.496213e-02
6.500080e-02
6.502676e-02
6.502920e-02
6.507305e-02
6.510592e-02
6.516198e-02
6.516668e-02
6.520391e-02
6.521421e-02
6.524554e-02
6.525737e-02
6.529441e-02
6.533666e-02
6.536154e-02
6.539718e-02
6.544935e-02
6.545782e-02
6.550905e-02
6.553657e-02
6.557487e-02
6.558077e-02
6.561636e-02
6.565169e-02
6.569821e-02
6.572189e-02
6.575566e-02
6.578574e-02
6.583612e-02
6.584685e-02
6.587467e-02
6.592029e-02
6.596322e-02
6.598076e-02
6.602538e-02
6.605618e-02
6.608963e-02
6.610574e-02
6.613671e-02
6.616520e-02
6.619571e-02
6.620044e-02
6.625515e-02
6.626953e-02
6.629816e-02
6.634591e-02
6.637178e-02
6.641925e-02
6.643929e-02
6.645623e-02
6.649953e-02
6.653353e-02
6.655936e-02
6.657652e-02
6.661722e-02
6.663268e-02
6.666261e-02
6.670355e-02
6.671483e-02
6.674590e-02
6.678667e-02
6.684165e-02
6.685991e-02
6.688976e-02
6.693579e-02
6.695775e-02
6.699156e-02
6.699287e-02
6.705415e-02
6.709607e-02
6.712075e-02
6.714108e-02
6.716870e-02
6.721871e-02
6.723591e-02
6.725585e-02
6.730167e-02
6.733473e-02
6.736555e-02
6.737293e-02
6.742142e-02
6.744998e-02
6.747704e-02
6.750709e-02
6.751924e-02
6.757905e-02
6.759166e-02
6.761811e-02
6.767798e-02
6.769721e-02
6.772365e-02
6.774333e-02
6.778228e-02
6.781203e-02
6.782867e-02
6.787710e-02
6.792811e-02
6.794000e-02
6.796864e-02
6.800117e-02
6.803077e-02
6.803332e-02
6.805747e-02
6.806829e-02
6.809270e-02
6.814832e-02
6.819133e-02
6.819975e-02
6.822761e-02
6.826839e-02
6.831357e-02
6.832220e-02
6.835892e-02
6.841651e-02
6.843102e-02
6.849745e-02
6.850760e-02
6.854278e-02
6.858253e-02
6.860457e-02
6.863316e-02
6.865402e-02
6.868428e-02
6.869129e-02
6.872893e-02
6.878515e-02
6.881118e-02
6.882677e-02
6.889645e-02
6.890256e-02
6.892692e-02
6.896739e-02
6.899097e-02
6.903621e-02
6.905955e-02
6.909540e-02
6.911435e-02
6.915479e-02
6.916562e-02
6.917528e-02
6.923913e-02
6.925155e-02
6.927232e-02
6.931658e-02
6.934270e-02
6.936212e-02
6.939124e-02
6.940027e-02
6.941596e-02
6.946407e-02
6.951453e-02
6.953754e-02
6.955053e-02
6.959317e-02
6.960999e-02
6.964882e-02
6.967045e-02
6.970217e-02
6.973733e-02
6.975295e-02
6.978293e-02
6.979981e-02
6.982142e-02
6.987689e-02
6.992346e-02
6.994270e-02
6.997085e-02
7.000140e-02
7.001627e-02
7.003356e-02
7.009986e-02
7.011440e-02
7.016171e-02
7.021864e-02
7.024281e-02
7.030083e-02
7.030865e-02
7.033356e-02
7.038861e-02
7.040351e-02
7.041151e-02
7.045768e-02
7.049725e-02
7.053254e-02
7.057470e-02
7.059233e-02
7.061707e-02
7.062240e-02
7.065096e-02
7.072196e-02
7.072867e-02
7.075923e-02
7.077012e-02
7.082380e-02
7.085975e-02
7.086831e-02
7.089819e-02
7.092622e-02
7.093760e-02
7.097056e-02
7.101782e-02
7.105908e-02
7.107689e-02
7.114871e-02
7.117921e-02
7.119964e-02
7.123671e-02
7.128035e-02
7.130957e-02
7.133377e-02
7.136783e-02
7.139220e-02
7.140599e-02
7.143462e-02
7.147994e-02
7.149666e-02
7.153350e-02
7.153949e-02
7.158654e-02
7.162824e-02
7.164714e-02
7.168054e-02
7.172917e-02
7.174727e-02
7.177084e-02
7.179974e-02
7.182355e-02
7.184211e-02
7.187761e-02
7.193296e-02
7.195263e-02
7.200056e-02
7.203229e-02
7.205000e-02
7.210163e-02
7.210484e-02
7.213911e-02
7.218055e-02
7.220620e-02
7.221631e-02
7.225390e-02
7.225982e-02
7.231375e-02
7.232026e-02
7.234155e-02
7.241548e-02
7.245105e-02
7.247570e-02
7.248428e-02
7.252505e-02
7.254639e-02
7.258918e-02
7.259699e-02
7.262360e-02
7.266234e-02
7.268126e-02
7.272225e-02
7.276328e-02
7.277465e-02
7.280311e-02
7.284234e-02
7.287616e-02
7.289557e-02
7.292158e-02
7.295052e-02
7.298162e-02
7.300224e-02
7.300874e-02
7.309239e-02
7.311827e-02
7.315890e-02
7.319213e-02
7.319894e-02
7.324620e-02
7.328267e-02
7.331459e-02
7.334410e-02
7.338899e-02
7.340776e-02
7.345001e-02
7.346824e-02
7.351048e-02
7.352593e-02
7.359249e-02
7.361023e-02
7.362395e-02
7.364716e-02
7.366000e-02
7.370847e-02
7.372139e-02
7.375653e-02
7.378132e-02
7.380946e-02
7.384913e-02
7.387664e-02
7.391846e-02
7.396269e-02
7.399017e-02
7.400760e-02
7.405591e-02
7.407139e-02
7.409886e-02
7.411109e-02
7.413905e-02
7.417480e-02
7.422533e-02
7.426063e-02
7.429417e-02
7.431132e-02
7.437553e-02
7.439830e-02
7.443306e-02
7.446419e-02
7.452344e-02
7.455722e-02
7.458182e-02
7.459347e-02
7.460787e-02
7.469174e-02
7.471425e-02
7.473443e-02
7.474830e-02
7.478477e-02
7.481069e-02
7.483846e-02
7.487817e-02
7.491619e-02
7.494605e-02
7.499531e-02
7.502138e-02
7.503404e-02
7.508942e-02
7.511612e-02
7.512956e-02
7.515076e-02
7.521698e-02
7.524350e-02
7.525807e-02
7.528187e-02
7.531582e-02
7.537370e-02
7.539292e-02
7.542822e-02
7.545488e-02
7.548453e-02
7.550236e-02
7.551666e-02
7.556583e-02
7.558439e-02
7.562282e-02
7.564880e-02
7.567531e-02
7.569956e-02
7.573072e-02
7.575381e-02
7.578371e-02
7.580462e-02
7.581796e-02
7.588763e-02
7.590546e-02
7.593020e-02
7.597269e-02
7.601084e-02
7.602298e-02
7.605677e-02
7.608915e-02
7.610057e-02
7.612338e-02
7.613748e-02
7.616285e-02
7.621325e-02
7.625006e-02
7.626689e-02
7.631460e-02
7.635534e-02
7.636884e-02
7.638162e-02
7.640764e-02
7.644644e-02
7.648869e-02
7.652422e-02
7.655653e-02
7.657897e-02
7.659946e-02
7.660950e-02
7.666927e-02
7.669168e-02
7.673432e-02
7.675419e-02
7.677142e-02
7.679283e-02
7.686576e-02
7.688782e-02
7.690148e-02
7.693467e-02
7.696727e-02
7.700120e-02
7.705079e-02
7.705582e-02
7.707543e-02
7.713089e-02
7.714788e-02
7.719002e-02
7.719238e-02
7.726050e-02
7.727052e-02
7.729469e-02
7.732500e-02
7.738301e-02
7.740462e-02
7.743537e-02
7.749180e-02
7.751784e-02
7.757803e-02
7.762094e-02
7.764549e-02
7.765501e-02
7.766539e-02
7.769133e-02
7.770801e-02
7.776820e-02
7.778629e-02
7.784281e-02
7.785062e-02
7.789805e-02
7.791480e-02
7.798520e-02
7.799601e-02
7.801262e-02
7.804369e-02
7.805977e-02
7.810382e-02
7.813528e-02
7.817419e-02
7.819046e-02
7.821745e-02
7.825343e-02
7.827634e-02
7.829725e-02
7.831301e-02
7.839281e-02
7.840072e-02
7.841630e-02
7.846483e-02
7.849121e-02
7.855073e-02
7.856054e-02
7.857379e-02
7.860357e-02
7.860902e-02
7.862967e-02
7.866884e-02
7.872622e-02
7.875891e-02
7.881440e-02
7.882825e-02
7.882943e-02
7.888050e-02
7.890487e-02
7.893542e-02
7.899696e-02
7.901270e-02
7.907982e-02
7.909576e-02
7.910778e-02
7.912476e-02
7.917244e-02
7.919566e-02
7.922867e-02
7.925656e-02
7.928127e-02
7.930769e-02
7.932463e-02
7.935619e-02
7.939411e-02
7.944794e-02
7.946590e-02
7.948689e-02
7.950534e-02
7.952955e-02
7.958893e-02
7.959822e-02
7.964921e-02
7.968584e-02
7.970572e-02
7.973923e-02
7.975912e-02
7.977793e-02
7.982074e-02
7.984826e-02
7.991322e-02
7.993588e-02
7.994482e-02
7.997989e-02
8.002887e-02
8.003716e-02
8.005689e-02
8.007867e-02
8.009931e-02
8.012111e-02
8.019770e-02
8.020824e-02
8.024195e-02
8.027006e-02
8.028919e-02
8.031776e-02
8.032931e-02
8.036779e-02
8.040170e-02
8.045650e-02
8.046980e-02
8.052605e-02
8.054207e-02
8.054735e-02
8.057472e-02
8.061253e-02
8.066199e-02
8.069935e-02
8.073560e-02
8.074681e-02
8.080590e-02
8.082454e-02
8.084305e-02
8.085701e-02
8.092380e-02
8.094708e-02
8.097847e-02
8.098089e-02
8.099760e-02
8.103245e-02
8.106049e-02
8.110940e-02
8.114834e-02
8.116273e-02
8.119452e-02
8.120749e-02
8.128403e-02
8.129373e-02
8.135946e-02
8.137540e-02
8.140629e-02
8.144412e-02
8.147702e-02
8.149398e-02
8.152775e-02
8.155593e-02
8.160416e-02
8.161633e-02
8.164990e-02
8.168697e-02
8.170681e-02
8.176581e-02
8.180247e-02
8.183989e-02
8.186802e-02
8.187324e-02
8.188468e-02
8.191336e-02
8.193263e-02
8.198416e-02
8.200631e-02
8.202858e-02
8.206112e-02
8.212085e-02
8.212741e-02
8.217996e-02
8.219985e-02
8.226127e-02
8.227959e-02
8.228905e-02
8.232726e-02
8.237157e-02
8.240324e-02
8.246114e-02
8.246841e-02
8.251177e-02
8.252099e-02
8.256344e-02
8.258094e-02
8.260644e-02
8.262830e-02
8.264886e-02
8.268536e-02
8.272419e-02
8.276833e-02
8.280240e-02
8.282715e-02
8.284010e-02
8.287035e-02
8.289879e-02
8.291580e-02
8.296221e-02
8.297204e-02
8.301856e-02
8.306518e-02
8.310447e-02
8.311801e-02
8.314669e-02
8.317607e-02
8.319100e-02
8.326976e-02
8.327467e-02
8.332435e-02
8.334293e-02
8.337414e-02
8.343828e-02
8.346599e-02
8.351699e-02
8.353698e-02
8.358059e-02
8.361108e-02
8.364819e-02
8.366577e-02
8.371142e-02
8.373000e-02
8.377807e-02
8.378838e-02
8.381011e-02
8.383120e-02
8.385479e-02
8.387289e-02
8.392206e-02
8.393736e-02
8.397407e-02
8.402717e-02
8.403959e-02
8.408197e-02
8.412455e-02
8.413969e-02
8.417445e-02
8.423295e-02
8.426384e-02
8.427629e-02
8.429241e-02
8.434697e-02
8.438817e-02
8.441952e-02
8.445071e-02
8.449323e-02
8.451310e-02
8.451932e-02
8.454627e-02
8.456279e-02
8.461799e-02
8.463008e-02
8.468073e-02
8.468787e-02
8.472601e-02
8.476284e-02
8.477575e-02
8.480224e-02
8.483104e-02
8.487655e-02
8.491046e-02
8.493314e-02
8.496211e-02
8.500747e-02
8.509755e-02
8.510399e-02
8.513220e-02
8.514948e-02
8.519357e-02
8.520146e-02
8.525767e-02
8.528059e-02
8.534036e-02
8.534315e-02
8.537411e-02
8.540306e-02
8.543059e-02
8.544751e-02
8.547301e-02
8.549072e-02
8.554822e-02
8.557560e-02
8.562307e-02
8.567168e-02
8.570868e-02
8.572561e-02
8.575087e-02
8.575373e-02
8.577149e-02
8.579543e-02
8.581442e-02
8.587132e-02
8.593830e-02
8.596946e-02
8.599521e-02
8.600744e-02
8.604825e-02
8.607639e-02
8.610776e-02
8.612945e-02
8.616664e-02
8.618904e-02
8.623584e-02
8.627160e-02
8.630363e-02
8.633753e-02
8.637393e-02
8.640084e-02
8.643846e-02
8.645799e-02
8.647337e-02
8.650325e-02
8.650750e-02
8.658684e-02
8.661425e-02
8.662712e-02
8.663603e-02
8.671062e-02
8.673252e-02
8.674987e-02
8.677854e-02
8.679147e-02
8.680481e-02
8.683074e-02
8.688654e-02
8.691214e-02
8.695480e-02
8.697637e-02
8.698856e-02
8.701693e-02
8.704462e-02
8.707202e-02
8.711531e-02
8.713429e-02
8.717576e-02
8.718895e-02
8.721888e-02
8.723429e-02
8.725939e-02
8.730760e-02
8.733393e-02
8.736813e-02
8.738144e-02
8.741285e-02
8.743900e-02
8.745506e-02
8.752128e-02
8.755799e-02
8.757906e-02
8.759794e-02
8.765719e-02
8.766833e-02
8.768247e-02
8.771301e-02
8.773498e-02
8.776660e-02
8.778213e-02
8.782769e-02
8.784217e-02
8.787347e-02
8.788131e-02
8.790276e-02
8.795095e-02
8.797100e-02
8.800019e-02
8.806750e-02
8.809879e-02
8.811995e-02
8.814518e-02
8.816657e-02
8.822808e-02
8.825861e-02
8.827390e-02
8.830911e-02
8.834230e-02
8.835837e-02
8.839843e-02
8.841121e-02
8.844412e-02
8.849836e-02
8.852885e-02
8.853813e-02
8.856878e-02
8.858529e-02
8.862828e-02
8.863538e-02
8.864083e-02
8.870435e-02
8.872440e-02
8.874922e-02
8.878633e-02
8.881641e-02
8.884729e-02
8.885296e-02
8.889676e-02
8.891780e-02
8.894890e-02
8.896223e-02
8.900398e-02
8.903896e-02
8.907071e-02
8.909587e-02
8.913051e-02
8.914557e-02
8.917325e-02
8.919126e-02
8.925273e-02
8.927696e-02
8.931376e-02
8.936555e-02
8.938344e-02
8.939394e-02
8.941790e-02
8.945574e-02
8.949288e-02
8.951211e-02
8.952950e-02
8.957558e-02
8.960162e-02
8.962760e-02
8.966947e-02
8.969381e-02
8.970255e-02
8.974163e-02
8.976281e-02
8.979410e-02
8.983046e-02
8.985306e-02
8.988405e-02
8.993630e-02
8.995090e-02
8.998256e-02
8.999528e-02
9.001836e-02
9.006346e-02
9.008075e-02
9.012217e-02
9.016893e-02
9.019660e-02
9.025381e-02
9.027007e-02
9.027838e-02
9.029816e-02
9.031717e-02
9.033821e-02
9.036388e-02
9.042947e-02
9.045266e-02
9.048169e-02
9.051447e-02
9.052293e-02
9.057195e-02
9.059889e-02
9.064248e-02
9.065443e-02
9.071357e-02
9.074618e-02
9.078607e-02
9.080176e-02
9.082547e-02
9.084241e-02
9.089061e-02
9.092459e-02
9.093132e-02
9.095318e-02
9.100235e-02
9.101718e-02
9.104260e-02
9.110591e-02
9.113772e-02
9.113909e-02
9.118058e-02
9.119114e-02
9.120562e-02
9.124958e-02
9.130347e-02
9.133542e-02
9.135260e-02
9.137006e-02
9.139715e-02
9.142825e-02
9.144934e-02
9.148649e-02
9.153054e-02
9.153613e-02
9.154715e-02
9.160579e-02
9.164983e-02
9.167946e-02
9.171395e-02
9.173950e-02
9.175016e-02
9.177746e-02
9.180628e-02
9.184867e-02
9.187698e-02
9.188363e-02
9.194632e-02
9.197615e-02
9.200786e-02
9.202704e-02
9.208656e-02
9.210212e-02
9.212050e-02
9.217209e-02
9.219076e-02
9.223129e-02
9.228418e-02
9.229004e-02
9.231499e-02
9.232431e-02
9.236338e-02
9.243384e-02
9.244401e-02
9.246274e-02
9.249804e-02
9.253019e-02
9.255359e-02
9.260178e-02
9.262434e-02
9.265588e-02
9.268608e-02
9.274682e-02
9.276405e-02
9.279008e-02
9.282424e-02
9.283791e-02
9.287680e-02
9.290770e-02
9.294496e-02
9.298929e-02
9.302194e-02
9.303449e-02
9.305215e-02
9.310941e-02
9.314285e-02
9.317060e-02
9.319719e-02
9.322769e-02
9.324540e-02
9.326265e-02
9.327527e-02
9.332855e-02
9.337337e-02
9.340775e-02
9.341482e-02
9.342645e-02
9.347549e-02
9.351091e-02
9.356767e-02
9.358686e-02
9.359037e-02
9.359970e-02
9.361627e-02
9.363296e-02
9.370577e-02
9.373758e-02
9.375667e-02
9.380984e-02
9.383936e-02
9.384661e-02
9.385671e-02
9.391235e-02
9.392593e-02
9.395322e-02
9.398938e-02
9.399967e-02
9.401668e-02
9.407227e-02
9.409724e-02
9.410922e-02
9.413733e-02
9.415767e-02
9.417494e-02
9.420995e-02
9.427643e-02
9.428483e-02
9.432670e-02
9.434695e-02
9.437536e-02
9.443114e-02
9.444068e-02
9.447528e-02
9.448635e-02
9.449738e-02
9.454484e-02
9.458951e-02
9.462676e-02
9.466076e-02
9.468328e-02
9.471735e-02
9.475484e-02
9.477954e-02
9.480601e-02
9.483225e-02
9.484604e-02
9.487769e-02
9.493217e-02
9.496000e-02
9.497554e-02
9.502989e-02
9.504723e-02
9.506230e-02
9.507344e-02
9.512467e-02
9.514756e-02
9.519630e-02
9.521679e-02
9.527534e-02
9.528995e-02
9.531994e-02
9.533771e-02
9.537783e-02
9.538829e-02
9.540573e-02
9.543009e-02
9.547643e-02
9.549875e-02
9.552878e-02
9.559104e-02
9.561083e-02
9.562945e-02
9.564694e-02
9.569505e-02
9.571690e-02
9.574422e-02
9.576687e-02
9.581045e-02
9.584248e-02
9.586999e-02
9.590925e-02
9.592050e-02
9.596061e-02
9.597386e-02
9.603177e-02
9.604725e-02
9.606652e-02
9.609914e-02
9.615203e-02
9.619778e-02
9.622786e-02
9.624012e-02
9.625128e-02
9.628320e-02
9.632053e-02
9.633981e-02
9.637730e-02
9.639960e-02
9.644729e-02
9.645773e-02
9.649681e-02
9.652906e-02
9.657679e-02
9.660465e-02
9.662828e-02
9.665704e-02
9.670955e-02
9.672762e-02
9.673572e-02
9.678410e-02
9.681206e-02
9.684555e-02
9.687818e-02
9.692127e-02
9.693930e-02
9.698486e-02
9.700071e-02
9.702386e-02
9.704661e-02
9.707146e-02
9.710768e-02
9.714721e-02
9.715181e-02
9.719999e-02
9.721125e-02
9.727746e-02
9.729172e-02
9.733398e-02
9.733908e-02
9.739783e-02
9.741967e-02
9.743264e-02
9.746758e-02
9.749298e-02
9.750389e-02
9.754620e-02
9.758133e-02
9.760357e-02
9.763890e-02
9.768523e-02
9.770653e-02
9.774551e-02
9.775163e-02
9.780673e-02
9.783025e-02
9.784145e-02
9.790000e-02
9.792209e-02
9.793328e-02
9.796214e-02
9.798319e-02
9.803274e-02
9.809830e-02
9.814138e-02
9.816632e-02
9.817153e-02
9.817574e-02
9.826740e-02
9.827387e-02
9.830591e-02
9.833198e-02
9.835781e-02
9.839034e-02
9.840680e-02
9.842720e-02
9.843841e-02
9.846851e-02
9.849933e-02
9.854253e-02
9.859950e-02
9.863106e-02
9.865242e-02
9.868447e-02
9.870733e-02
9.872108e-02
9.875080e-02
9.877105e-02
9.883060e-02
9.884639e-02
9.886368e-02
9.890519e-02
9.899310e-02
9.901591e-02
9.902689e-02
9.905929e-02
9.908059e-02
9.913194e-02
9.915194e-02
9.919516e-02
9.920559e-02
9.922319e-02
9.928477e-02
9.932649e-02
9.933720e-02
9.934504e-02
9.938601e-02
9.945917e-02
9.946873e-02
9.948829e-02
9.951378e-02
9.953755e-02
9.957232e-02
9.959840e-02
9.963138e-02
9.966679e-02
9.969163e-02
9.974721e-02
9.976967e-02
9.977752e-02
9.982287e-02
9.986518e-02
9.987777e-02
9.988678e-02
9.993052e-02
9.997324e-02
1.000365e-01
1.000627e-01
1.000914e-01
1.001142e-01
1.001410e-01
1.001613e-01
1.002009e-01
1.002413e-01
1.002672e-01
1.002926e-01
1.003187e-01
1.003421e-01
1.003870e-01
1.004068e-01
1.004481e-01
1.004802e-01
1.004963e-01
1.005368e-01
1.005662e-01
1.005923e-01
1.006183e-01
1.006674e-01
1.007120e-01
1.007473e-01
1.007699e-01
1.008160e-01
1.008326e-01
1.008749e-01
1.008853e-01
1.009125e-01
1.009241e-01
1.009626e-01
1.010354e-01
1.010630e-01
1.010840e-01
1.011004e-01
1.011726e-01
1.011752e-01
1.011910e-01
1.012239e-01
1.012454e-01
1.012806e-01
1.012937e-01
1.013206e-01
1.013570e-01
1.013764e-01
1.014361e-01
1.014713e-01
1.014927e-01
1.015294e-01
1.015399e-01
1.015856e-01
1.016212e-01
1.016642e-01
1.016850e-01
1.017403e-01
1.017944e-01
1.018403e-01
1.018455e-01
1.018819e-01
1.019400e-01
1.019508e-01
1.019917e-01
1.020328e-01
1.020453e-01
1.020853e-01
1.021374e-01
1.021523e-01
1.021670e-01
1.022111e-01
1.022323e-01
1.022525e-01
1.023401e-01
1.023682e-01
1.023767e-01
1.024076e-01
1.024380e-01
1.024997e-01
1.025183e-01
1.025325e-01
1.025610e-01
1.025761e-01
1.026076e-01
1.026646e-01
1.026978e-01
1.027060e-01
1.027283e-01
1.027538e-01
1.028039e-01
1.028330e-01
1.028974e-01
1.029106e-01
1.029436e-01
1.029766e-01
1.030067e-01
1.030242e-01
1.030480e-01
1.031119e-01
1.031335e-01
1.031591e-01
1.031715e-01
1.031979e-01
1.032671e-01
1.032919e-01
1.033114e-01
1.033434e-01
1.033670e-01
1.033865e-01
1.034190e-01
1.034530e-01
1.034730e-01
1.035028e-01
1.035190e-01
1.035321e-01
1.035526e-01
1.035904e-01
1.036425e-01
1.036807e-01
1.036857e-01
1.037178e-01
1.037441e-01
1.037836e-01
1.038141e-01
1.038308e-01
1.038584e-01
1.038835e-01
1.039453e-01
1.039887e-01
1.040037e-01
1.040221e-01
1.040675e-01
1.041014e-01
1.041313e-01
1.041637e-01
1.041966e-01
1.042296e-01
1.042806e-01
1.043140e-01
1.043392e-01
1.043801e-01
1.043868e-01
1.044250e-01
1.044632e-01
1.045211e-01
1.045551e-01
1.045809e-01
1.045942e-01
1.046671e-01
1.046859e-01
1.047004e-01
1.047395e-01
1.047415e-01
1.047722e-01
1.048074e-01
1.048396e-01
1.049051e-01
1.049608e-01
1.049833e-01
1.049998e-01
1.050294e-01
1.050380e-01
1.050608e-01
1.050756e-01
1.051326e-01
1.051601e-01
1.052029e-01
1.052390e-01
1.052661e-01
1.053122e-01
1.053296e-01
1.053913e-01
1.054346e-01
1.054597e-01
1.054823e-01
1.055036e-01
1.055335e-01
1.055817e-01
1.056018e-01
1.056324e-01
1.056452e-01
1.056768e-01
1.056993e-01
1.057232e-01
1.057357e-01
1.057851e-01
1.058063e-01
1.058253e-01
1.058526e-01
1.058962e-01
1.059050e-01
1.059519e-01
1.060056e-01
1.060169e-01
1.060503e-01
1.061023e-01
1.061320e-01
1.061427e-01
1.061855e-01
1.062290e-01
1.062449e-01
1.062792e-01
1.062805e-01
1.063554e-01
1.063665e-01
1.063898e-01
1.064523e-01
1.064812e-01
1.064848e-01
1.065092e-01
1.065820e-01
1.065911e-01
1.066326e-01
1.066481e-01
1.066803e-01
1.067322e-01
1.067542e-01
1.067787e-01
1.068214e-01
1.068384e-01
1.068623e-01
1.068956e-01
1.068961e-01
1.069451e-01
1.069692e-01
1.069828e-01
1.070172e-01
1.070822e-01
1.071073e-01
1.071451e-01
1.071686e-01
1.071956e-01
1.072188e-01
1.072408e-01
1.072710e-01
1.073169e-01
1.073503e-01
1.073902e-01
1.074323e-01
1.074495e-01
1.074765e-01
1.074879e-01
1.075327e-01
1.075686e-01
1.075955e-01
1.076066e-01
1.076308e-01
1.076971e-01
1.077311e-01
1.077334e-01
1.077572e-01
1.078084e-01
1.078179e-01
1.078687e-01
1.079139e-01
1.079532e-01
1.079605e-01
1.080423e-01
1.080502e-01
1.080850e-01
1.081072e-01
1.081201e-01
1.081657e-01
1.081860e-01
1.082152e-01
1.082436e-01
1.082863e-01
1.082917e-01
1.083321e-01
1.083669e-01
1.084178e-01
1.084443e-01
1.084567e-01
1.084897e-01
1.085544e-01
1.085893e-01
1.086309e-01
1.086602e-01
1.086927e-01
1.087021e-01
1.087421e-01
1.087797e-01
1.088083e-01
1.088294e-01
1.088624e-01
1.088808e-01
1.089052e-01
1.089481e-01
1.089683e-01
1.090121e-01
1.090418e-01
1.090559e-01
1.090686e-01
1.091236e-01
1.091583e-01
1.091694e-01
1.091888e-01
1.092443e-01
1.092754e-01
1.093006e-01
1.093197e-01
1.093574e-01
1.093689e-01
1.093956e-01
1.094301e-01
1.094572e-01
1.094796e-01
1.095102e-01
1.095519e-01
1.095823e-01
1.096277e-01
1.096817e-01
1.096950e-01
1.097499e-01
1.097751e-01
1.097940e-01
1.098289e-01
1.098683e-01
1.099016e-01
1.099208e-01
1.099316e-01
1.099484e-01
1.100111e-01
1.100268e-01
1.100398e-01
1.100546e-01
1.101325e-01
1.101532e-01
1.102025e-01
1.102120e-01
1.102664e-01
1.102809e-01
1.103253e-01
1.103385e-01
1.103762e-01
1.103900e-01
1.104376e-01
1.104567e-01
1.105308e-01
1.105622e-01
1.105817e-01
1.106109e-01
1.106288e-01
1.106651e-01
1.106892e-01
1.107567e-01
1.107816e-01
1.107862e-01
1.108209e-01
1.108653e-01
1.108856e-01
1.109088e-01
1.109310e-01
1.109649e-01
1.109856e-01
1.110320e-01
1.110475e-01
1.111105e-01
1.111656e-01
1.111910e-01
1.112526e-01
1.112673e-01
1.112789e-01
1.113388e-01
1.113580e-01
1.113665e-01
1.114181e-01
1.114357e-01
1.114798e-01
1.114971e-01
1.115636e-01
1.115679e-01
1.116226e-01
1.116522e-01
1.116884e-01
1.117266e-01
1.117459e-01
1.117753e-01
1.117999e-01
1.118307e-01
1.118618e-01
1.118977e-01
1.119581e-01
1.119896e-01
1.119953e-01
1.120105e-01
1.120668e-01
1.120940e-01
1.121368e-01
1.121576e-01
1.121691e-01
1.122028e-01
1.122340e-01
1.122506e-01
1.122985e-01
1.123335e-01
1.123518e-01
1.124068e-01
1.124549e-01
1.124651e-01
1.124808e-01
1.125862e-01
1.125904e-01
1.125997e-01
1.126843e-01
1.127003e-01
1.127550e-01
1.127970e-01
1.128073e-01
1.128541e-01
1.128646e-01
1.128788e-01
1.129251e-01
1.129334e-01
1.130131e-01
1.130429e-01
1.130562e-01
1.131195e-01
1.131267e-01
1.131476e-01
1.131898e-01
1.132228e-01
1.132645e-01
1.132898e-01
1.133251e-01
1.133680e-01
1.133892e-01
1.134210e-01
1.134532e-01
1.134937e-01
1.135030e-01
1.135258e-01
1.135650e-01
1.135757e-01
1.136207e-01
1.136539e-01
1.136889e-01
1.137450e-01
1.137755e-01
1.137974e-01
1.138237e-01
1.138653e-01
1.138730e-01
1.139366e-01
1.139502e-01
1.139976e-01
1.140176e-01
1.140538e-01
1.141130e-01
1.141281e-01
1.141649e-01
1.141921e-01
1.142457e-01
1.142507e-01
1.143259e-01
1.143656e-01
1.143928e-01
1.144300e-01
1.144806e-01
1.145192e-01
1.145569e-01
1.145952e-01
1.146189e-01
1.146286e-01
1.146527e-01
1.147112e-01
1.147346e-01
1.147686e-01
1.147784e-01
1.148341e-01
1.148517e-01
1.148878e-01
1.149349e-01
1.149667e-01
1.149831e-01
1.150302e-01
1.150634e-01
1.150955e-01
1.151345e-01
1.151461e-01
1.151876e-01
1.152223e-01
1.152736e-01
1.153137e-01
1.153521e-01
1.153607e-01
1.154181e-01
1.154231e-01
1.154517e-01
1.154935e-01
1.155183e-01
1.155331e-01
1.155858e-01
1.155950e-01
1.156338e-01
1.156779e-01
1.157333e-01
1.157775e-01
1.158142e-01
1.158366e-01
1.158601e-01
1.158867e-01
1.159152e-01
1.159478e-01
1.159962e-01
1.160441e-01
1.160484e-01
1.160803e-01
1.160971e-01
1.161280e-01
1.161530e-01
1.162149e-01
1.162285e-01
1.162642e-01
1.163120e-01
1.163491e-01
1.163755e-01
1.163903e-01
1.164139e-01
1.164632e-01
1.164920e-01
1.165134e-01
1.165675e-01
1.165956e-01
1.166161e-01
1.166443e-01
1.166666e-01
1.166944e-01
1.167160e-01
1.167353e-01
1.167967e-01
1.168156e-01
1.168830e-01
1.169185e-01
1.169611e-01
1.169716e-01
1.170103e-01
1.170336e-01
1.171018e-01
1.171106e-01
1.171728e-01
1.171818e-01
1.172439e-01
1.172634e-01
1.173075e-01
1.173498e-01
1.173577e-01
1.173984e-01
1.174266e-01
1.174351e-01
1.174750e-01
1.174945e-01
1.175450e-01
1.175574e-01
1.175941e-01
1.176166e-01
1.176412e-01
1.176857e-01
1.177441e-01
1.177589e-01
1.177816e-01
1.177966e-01
1.178575e-01
1.178600e-01
1.179142e-01
1.179251e-01
1.179783e-01
1.180099e-01
1.180485e-01
1.180773e-01
1.181276e-01
1.181819e-01
1.182061e-01
1.182322e-01
1.182625e-01
1.183118e-01
1.183554e-01
1.183657e-01
1.184060e-01
1.184424e-01
1.184579e-01
1.185172e-01
1.185390e-01
1.185928e-01
1.186379e-01
1.186628e-01
1.186790e-01
1.187025e-01
1.187210e-01
1.187483e-01
1.188010e-01
1.188199e-01
1.188863e-01
1.189753e-01
1.189940e-01
1.190143e-01
1.190464e-01
1.190703e-01
1.191233e-01
1.191398e-01
1.191511e-01
1.192050e-01
1.192644e-01
1.193135e-01
1.193306e-01
1.193692e-01
1.194036e-01
1.194350e-01
1.194727e-01
1.194957e-01
1.195271e-01
1.195480e-01
1.195671e-01
1.196088e-01
1.196485e-01
1.196590e-01
1.197344e-01
1.197544e-01
1.197565e-01
1.198066e-01
1.198164e-01
1.198729e-01
1.199275e-01
1.199597e-01
1.199851e-01
1.200138e-01
1.200675e-01
1.200814e-01
1.201220e-01
1.201664e-01
1.202003e-01
1.202156e-01
1.202665e-01
1.202939e-01
1.203097e-01
1.203434e-01
1.203725e-01
1.203928e-01
1.204601e-01
1.204848e-01
1.205160e-01
1.205381e-01
1.205538e-01
1.205905e-01
1.206103e-01
1.206489e-01
1.206679e-01
1.207075e-01
1.207237e-01
1.208044e-01
1.208187e-01
1.208760e-01
1.209130e-01
1.209345e-01
1.209813e-01
1.210194e-01
1.210356e-01
1.210920e-01
1.211129e-01
1.211460e-01
1.211726e-01
1.211890e-01
1.212037e-01
1.212575e-01
1.213054e-01
1.213191e-01
1.213464e-01
1.214025e-01
1.214199e-01
1.214433e-01
1.214788e-01
1.215276e-01
1.215693e-01
1.216094e-01
1.216189e-01
1.216709e-01
1.216958e-01
1.217164e-01
1.217682e-01
1.218169e-01
1.218301e-01
1.218633e-01
1.218799e-01
1.219221e-01
1.219499e-01
1.219796e-01
1.220324e-01
1.220701e-01
1.221322e-01
1.221683e-01
1.221842e-01
1.222236e-01
1.222425e-01
1.222842e-01
1.222923e-01
1.223269e-01
1.223550e-01
1.223838e-01
1.224150e-01
1.224716e-01
1.224755e-01
1.224914e-01
1.225269e-01
1.225992e-01
1.226110e-01
1.226431e-01
1.227415e-01
1.227541e-01
1.227947e-01
1.228113e-01
1.228415e-01
1.228601e-01
1.229051e-01
1.229546e-01
1.229771e-01
1.230210e-01
1.230345e-01
1.230750e-01
1.231263e-01
1.231789e-01
1.232144e-01
1.232727e-01
1.233049e-01
1.233503e-01
1.233858e-01
1.234259e-01
1.234404e-01
1.234751e-01
1.235386e-01
1.235645e-01
1.236001e-01
1.236197e-01
1.236556e-01
1.237005e-01
1.237290e-01
1.237885e-01
1.237951e-01
1.238095e-01
1.238603e-01
1.238985e-01
1.239203e-01
1.239578e-01
1.239700e-01
1.240417e-01
1.240649e-01
1.240911e-01
1.241302e-01
1.241502e-01
1.241812e-01
1.242274e-01
1.242569e-01
1.242874e-01
1.242962e-01
1.243394e-01
1.244006e-01
1.244409e-01
1.244914e-01
1.244980e-01
1.245259e-01
1.245569e-01
1.246198e-01
1.246385e-01
1.246838e-01
1.246974e-01
1.247243e-01
1.247667e-01
1.248172e-01
1.248231e-01
1.248783e-01
1.248975e-01
1.249180e-01
1.249490e-01
1.249784e-01
1.250395e-01
1.250672e-01
1.250865e-01
1.251101e-01
1.252076e-01
1.252247e-01
1.252587e-01
1.253046e-01
1.253735e-01
1.254083e-01
1.254254e-01
1.254630e-01
1.254841e-01
1.255097e-01
1.255411e-01
1.255673e-01
1.256340e-01
1.256672e-01
1.256747e-01
1.256842e-01
1.256848e-01
1.257735e-01
1.258001e-01
1.258322e-01
1.259015e-01
1.259205e-01
1.259582e-01
1.259868e-01
1.260616e-01
1.260879e-01
1.261204e-01
1.261479e-01
1.261583e-01
1.261922e-01
1.261979e-01
1.262375e-01
1.262604e-01
1.262870e-01
1.263076e-01
1.263618e-01
1.263981e-01
1.264248e-01
1.265095e-01
1.265450e-01
1.265664e-01
1.265861e-01
1.266140e-01
1.266657e-01
1.267458e-01
1.267943e-01
1.267985e-01
1.268309e-01
1.268653e-01
1.268935e-01
1.269288e-01
1.269438e-01
1.269957e-01
1.270201e-01
1.270309e-01
1.271091e-01
1.271375e-01
1.271504e-01
1.272071e-01
1.272149e-01
1.272740e-01
1.272773e-01
1.273081e-01
1.273425e-01
1.273917e-01
1.274045e-01
1.274360e-01
1.274841e-01
1.275264e-01
1.275547e-01
1.275686e-01
1.276496e-01
1.276619e-01
1.276820e-01
1.277027e-01
1.277609e-01
1.277796e-01
1.278274e-01
1.278732e-01
1.279025e-01
1.279455e-01
1.279505e-01
1.280124e-01
1.280180e-01
1.280217e-01
1.281430e-01
1.281735e-01
1.281997e-01
1.282456e-01
1.282621e-01
1.282765e-01
1.283162e-01
1.283330e-01
1.284172e-01
1.284365e-01
1.284696e-01
1.284943e-01
1.285733e-01
1.285847e-01
1.286230e-01
1.286492e-01
1.287063e-01
1.287351e-01
1.287398e-01
1.287492e-01
1.288267e-01
1.288778e-01
1.289059e-01
1.289962e-01
1.290078e-01
1.290150e-01
1.290798e-01
1.290936e-01
1.291474e-01
1.291896e-01
1.292158e-01
1.292457e-01
1.293074e-01
1.293300e-01
1.293971e-01
1.294201e-01
1.294333e-01
1.294569e-01
1.295317e-01
1.295346e-01
1.295909e-01
1.296373e-01
1.296942e-01
1.296960e-01
1.297090e-01
1.297682e-01
1.297939e-01
1.298217e-01
1.298442e-01
1.298928e-01
1.299487e-01
1.299850e-01
1.300249e-01
1.300924e-01
1.301199e-01
1.301245e-01
1.301670e-01
1.302082e-01
1.302656e-01
1.302869e-01
1.303002e-01
1.303290e-01
1.303782e-01
1.304244e-01
1.304606e-01
1.305209e-01
1.305563e-01
1.305796e-01
1.306308e-01
1.306722e-01
1.306934e-01
1.307081e-01
1.307378e-01
1.307790e-01
1.307888e-01
1.308450e-01
1.308793e-01
1.309090e-01
1.309159e-01
1.309474e-01
1.309547e-01
1.310265e-01
1.310462e-01
1.311145e-01
1.311459e-01
1.311767e-01
1.312054e-01
1.312345e-01
1.312993e-01
1.313193e-01
1.314109e-01
1.314411e-01
1.314747e-01
1.315064e-01
1.315316e-01
1.315656e-01
1.316086e-01
1.316218e-01
1.316679e-01
1.316904e-01
1.317130e-01
1.317867e-01
1.318162e-01
1.318443e-01
1.318908e-01
1.319004e-01
1.319257e-01
1.319550e-01
1.319725e-01
1.320185e-01
1.320571e-01
1.320875e-01
1.321206e-01
1.321686e-01
1.322036e-01
1.322471e-01
1.322768e-01
1.323211e-01
1.323652e-01
1.323927e-01
1.324452e-01
1.325052e-01
1.325330e-01
1.325587e-01
1.325711e-01
1.325952e-01
1.326371e-01
1.326393e-01
1.327096e-01
1.327678e-01
1.327696e-01
1.328318e-01
1.328520e-01
1.328602e-01
1.329148e-01
1.329329e-01
1.329783e-01
1.330245e-01
1.330543e-01
1.330759e-01
1.331166e-01
1.331439e-01
1.331502e-01
1.332294e-01
1.332652e-01
1.333251e-01
1.333511e-01
1.333918e-01
1.334166e-01
1.334924e-01
1.335120e-01
1.335314e-01
1.335579e-01
1.335996e-01
1.336424e-01
1.336599e-01
1.337295e-01
1.337354e-01
1.337946e-01
1.338127e-01
1.338408e-01
1.338987e-01
1.339087e-01
1.339434e-01
1.340026e-01
1.340246e-01
1.340644e-01
1.340753e-01
1.341179e-01
1.341391e-01
1.341824e-01
1.342213e-01
1.342756e-01
1.343040e-01
1.343603e-01
1.343939e-01
1.344119e-01
1.344289e-01
1.344763e-01
1.345160e-01
1.345422e-01
1.345757e-01
1.346056e-01
1.346888e-01
1.347088e-01
1.347444e-01
1.348022e-01
1.348305e-01
1.348952e-01
1.349064e-01
1.349184e-01
1.349878e-01
1.350005e-01
1.350244e-01
1.350487e-01
1.350678e-01
1.351000e-01
1.351526e-01
1.352315e-01
1.352696e-01
1.353003e-01
1.353493e-01
1.353654e-01
1.354173e-01
1.354628e-01
1.354925e-01
1.355163e-01
1.355691e-01
1.355898e-01
1.356166e-01
1.356961e-01
1.357344e-01
1.357442e-01
1.357798e-01
1.358323e-01
1.358580e-01
1.358888e-01
1.359159e-01
1.359539e-01
1.359748e-01
1.360120e-01
1.360592e-01
1.360943e-01
1.361616e-01
1.361723e-01
1.362208e-01
1.362615e-01
1.363135e-01
1.363455e-01
1.363780e-01
1.364361e-01
1.364511e-01
1.364927e-01
1.365060e-01
1.365233e-01
1.365830e-01
1.366056e-01
1.366691e-01
1.367093e-01
1.367316e-01
1.368120e-01
1.368325e-01
1.369028e-01
1.369218e-01
1.369809e-01
1.369864e-01
1.370116e-01
1.370584e-01
1.371127e-01
1.371235e-01
1.371747e-01
1.372398e-01
1.372655e-01
1.373008e-01
1.373257e-01
1.373505e-01
1.373563e-01
1.374017e-01
1.374416e-01
1.374650e-01
1.374987e-01
1.375233e-01
1.375556e-01
1.375881e-01
1.376672e-01
1.377049e-01
1.377251e-01
1.377669e-01
1.378160e-01
1.378459e-01
1.378702e-01
1.379544e-01
1.379657e-01
1.380332e-01
1.380688e-01
1.380796e-01
1.381030e-01
1.381109e-01
1.381719e-01
1.382189e-01
1.382413e-01
1.382788e-01
1.383033e-01
1.383461e-01
1.384136e-01
1.384673e-01
1.385147e-01
1.385328e-01
1.385599e-01
1.386241e-01
1.386783e-01
1.387038e-01
1.387209e-01
1.387708e-01
1.388031e-01
1.388105e-01
1.388610e-01
1.388883e-01
1.389030e-01
1.389409e-01
1.389787e-01
1.390198e-01
1.390606e-01
1.391029e-01
1.391048e-01
1.391424e-01
1.391847e-01
1.392110e-01
1.392663e-01
1.393130e-01
1.393582e-01
1.393798e-01
1.394340e-01
1.394863e-01
1.395017e-01
1.395587e-01
1.395823e-01
1.396137e-01
1.396591e-01
1.396724e-01
1.397184e-01
1.397351e-01
1.397805e-01
1.398242e-01
1.398738e-01
1.398831e-01
1.399647e-01
1.399978e-01
1.400364e-01
1.400387e-01
1.401066e-01
1.401286e-01
1.401882e-01
1.402284e-01
1.402808e-01
1.403144e-01
1.403308e-01
1.403422e-01
1.403662e-01
1.403997e-01
1.404476e-01
1.405115e-01
1.405216e-01
1.405372e-01
1.405821e-01
1.406228e-01
1.406474e-01
1.406538e-01
1.406990e-01
1.407100e-01
1.408112e-01
1.408167e-01
1.408646e-01
1.408817e-01
1.409313e-01
1.409636e-01
1.409938e-01
1.410257e-01
1.410756e-01
1.411179e-01
1.411401e-01
1.411795e-01
1.412128e-01
1.412352e-01
1.412954e-01
1.413267e-01
1.413825e-01
1.413890e-01
1.414383e-01
1.414782e-01
1.415384e-01
1.415601e-01
1.415849e-01
1.416118e-01
1.416581e-01
1.417169e-01
1.417597e-01
1.417861e-01
1.418519e-01
1.418563e-01
1.419103e-01
1.419396e-01
1.419458e-01
1.419853e-01
1.420320e-01
1.420581e-01
1.421215e-01
1.421745e-01
1.422085e-01
1.422331e-01
1.422719e-01
1.423200e-01
1.423607e-01
1.424096e-01
1.424462e-01
1.424831e-01
1.425146e-01
1.425733e-01
1.425891e-01
1.426173e-01
1.426518e-01
1.426854e-01
1.427093e-01
1.427399e-01
1.428267e-01
1.428563e-01
1.429299e-01
1.429763e-01
1.429882e-01
1.430025e-01
1.430627e-01
1.430718e-01
1.431025e-01
1.431622e-01
1.432050e-01
1.432294e-01
1.432882e-01
1.433328e-01
1.434000e-01
1.434411e-01
1.434770e-01
1.435259e-01
1.435336e-01
1.436056e-01
1.436266e-01
1.436625e-01
1.437045e-01
1.437365e-01
1.437641e-01
1.438296e-01
1.438917e-01
1.439166e-01
1.439379e-01
1.439577e-01
1.440008e-01
1.440588e-01
1.440973e-01
1.441055e-01
1.441870e-01
1.442076e-01
1.442554e-01
1.443034e-01
1.443187e-01
1.443716e-01
1.443727e-01
1.444372e-01
1.444657e-01
1.444975e-01
1.445377e-01
1.445623e-01
1.445897e-01
1.446627e-01
1.446884e-01
1.447056e-01
1.447709e-01
1.448359e-01
1.448459e-01
1.448823e-01
1.449026e-01
1.449420e-01
1.449703e-01
1.450406e-01
1.450933e-01
1.451266e-01
1.451373e-01
1.451717e-01
1.452320e-01
1.452685e-01
1.452814e-01
1.453375e-01
1.453744e-01
1.453754e-01
1.454507e-01
1.454762e-01
1.455107e-01
1.455457e-01
1.455603e-01
1.456296e-01
1.456439e-01
1.456567e-01
1.457335e-01
1.457794e-01
1.457900e-01
1.458347e-01
1.458694e-01
1.458720e-01
1.459240e-01
1.459567e-01
1.459967e-01
1.460009e-01
1.460579e-01
1.461285e-01
1.461584e-01
1.461787e-01
1.462439e-01
1.462635e-01
1.462927e-01
1.463262e-01
1.463619e-01
1.464049e-01
1.464362e-01
1.464815e-01
1.464974e-01
1.465314e-01
1.465613e-01
1.466343e-01
1.466628e-01
1.466734e-01
1.467350e-01
1.467445e-01
1.467803e-01
1.468422e-01
1.468711e-01
1.468953e-01
1.469367e-01
1.469556e-01
1.469939e-01
1.470568e-01
1.471194e-01
1.471613e-01
1.471682e-01
1.472112e-01
1.472214e-01
1.472948e-01
1.473314e-01
1.473878e-01
1.474324e-01
1.474553e-01
1.474771e-01
1.475103e-01
1.475809e-01
1.475839e-01
1.476178e-01
1.476805e-01
1.477221e-01
1.477520e-01
1.477750e-01
1.477994e-01
1.478416e-01
1.478873e-01
1.478921e-01
1.479654e-01
1.480041e-01
1.480376e-01
1.480657e-01
1.481224e-01
1.481620e-01
1.481759e-01
1.482441e-01
1.482624e-01
1.482785e-01
1.483274e-01
1.483482e-01
1.483862e-01
1.484266e-01
1.484604e-01
1.484786e-01
1.485482e-01
1.485634e-01
1.486099e-01
1.486402e-01
1.486865e-01
1.487835e-01
1.488062e-01
1.488692e-01
1.488978e-01
1.489521e-01
1.489634e-01
1.489753e-01
1.489921e-01
1.490378e-01
1.490734e-01
1.490927e-01
1.491539e-01
1.491939e-01
1.492363e-01
1.492941e-01
1.493264e-01
1.493684e-01
1.493917e-01
1.494292e-01
1.494627e-01
1.495190e-01
1.495281e-01
1.495548e-01
1.495866e-01
1.496129e-01
1.496513e-01
1.497089e-01
1.497741e-01
1.498009e-01
1.498296e-01
1.498892e-01
1.499087e-01
1.499457e-01
1.499931e-01
1.500030e-01
1.500745e-01
1.500766e-01
1.501009e-01
1.501438e-01
1.501957e-01
1.502770e-01
1.502935e-01
1.503353e-01
1.503915e-01
1.504297e-01
1.504646e-01
1.504733e-01
1.505317e-01
1.505741e-01
1.506199e-01
1.506571e-01
1.507252e-01
1.507619e-01
1.507782e-01
1.508152e-01
1.508709e-01
1.508844e-01
1.509529e-01
1.509909e-01
1.510107e-01
1.510689e-01
1.511082e-01
1.511296e-01
1.511694e-01
1.511973e-01
1.512803e-01
1.513194e-01
1.513419e-01
1.513716e-01
1.513997e-01
1.514035e-01
1.514820e-01
1.515408e-01
1.515715e-01
1.516174e-01
1.516654e-01
1.516923e-01
1.517447e-01
1.517574e-01
1.517877e-01
1.518289e-01
1.518525e-01
1.519282e-01
1.519511e-01
1.520543e-01
1.520757e-01
1.520893e-01
1.521262e-01
1.521489e-01
1.521913e-01
1.522573e-01
1.522879e-01
1.523316e-01
1.523875e-01
1.524151e-01
1.524614e-01
1.524735e-01
1.524934e-01
1.525215e-01
1.525719e-01
1.526246e-01
1.526420e-01
1.527030e-01
1.527318e-01
1.527830e-01
1.528170e-01
1.528429e-01
1.528770e-01
1.529508e-01
1.529871e-01
1.530228e-01
1.530480e-01
1.531145e-01
1.531447e-01
1.532070e-01
1.532425e-01
1.532685e-01
1.532926e-01
1.533442e-01
1.533706e-01
1.533910e-01
1.534600e-01
1.535287e-01
1.535526e-01
1.535634e-01
1.536198e-01
1.536428e-01
1.536533e-01
1.536661e-01
1.537600e-01
1.537817e-01
1.537932e-01
1.538126e-01
1.538560e-01
1.539152e-01
1.540164e-01
1.540201e-01
1.540476e-01
1.541036e-01
1.541696e-01
1.541931e-01
1.542496e-01
1.542916e-01
1.543165e-01
1.543831e-01
1.544103e-01
1.544456e-01
1.544734e-01
1.544923e-01
1.545590e-01
1.545889e-01
1.546270e-01
1.546620e-01
1.546718e-01
1.547318e-01
1.547783e-01
1.548264e-01
1.548350e-01
1.549313e-01
1.549635e-01
1.550427e-01
1.550551e-01
1.551005e-01
1.551938e-01
1.552103e-01
1.552617e-01
1.553063e-01
1.553458e-01
1.553651e-01
1.553845e-01
1.554608e-01
1.554752e-01
1.554904e-01
1.555253e-01
1.555788e-01
1.556037e-01
1.556523e-01
1.557139e-01
1.557372e-01
1.557874e-01
1.557976e-01
1.558652e-01
1.559098e-01
1.559249e-01
1.559553e-01
1.560065e-01
1.560388e-01
1.560586e-01
1.561364e-01
1.562014e-01
1.562184e-01
1.562912e-01
1.563268e-01
1.563904e-01
1.564367e-01
1.564727e-01
1.564803e-01
1.565285e-01
1.565619e-01
1.566234e-01
1.566605e-01
1.567062e-01
1.567734e-01
1.568087e-01
1.568395e-01
1.568995e-01
1.569131e-01
1.569553e-01
1.569675e-01
1.570098e-01
1.570384e-01
1.571066e-01
1.571392e-01
1.571764e-01
1.572011e-01
1.572457e-01
1.572943e-01
1.573300e-01
1.573637e-01
1.574178e-01
1.574706e-01
1.575067e-01
1.575382e-01
1.575602e-01
1.576149e-01
1.576668e-01
1.576907e-01
1.577386e-01
1.577645e-01
1.577935e-01
1.578394e-01
1.578638e-01
1.579021e-01
1.579497e-01
1.580188e-01
1.580468e-01
1.580766e-01
1.581268e-01
1.581748e-01
1.582073e-01
1.582401e-01
1.582522e-01
1.582781e-01
1.582884e-01
1.583734e-01
1.584275e-01
1.585015e-01
1.585469e-01
1.585879e-01
1.586208e-01
1.586551e-01
1.587102e-01
1.587248e-01
1.587878e-01
1.588038e-01
1.588157e-01
1.588718e-01
1.589830e-01
1.590056e-01
1.590206e-01
1.590666e-01
1.591359e-01
1.591552e-01
1.592114e-01
1.592213e-01
1.592657e-01
1.592727e-01
1.593615e-01
1.593992e-01
1.594274e-01
1.594806e-01
1.594981e-01
1.595344e-01
1.596030e-01
1.596397e-01
1.596919e-01
1.597254e-01
1.597337e-01
1.597830e-01
1.598315e-01
1.598531e-01
1.599061e-01
1.599284e-01
1.599814e-01
1.600492e-01
1.600694e-01
1.600796e-01
1.601793e-01
1.601835e-01
1.602157e-01
1.602860e-01
1.602999e-01
1.603767e-01
1.604373e-01
1.604589e-01
1.604980e-01
1.605313e-01
1.606372e-01
1.606485e-01
1.606836e-01
1.607472e-01
1.607759e-01
1.608415e-01
1.608819e-01
1.609169e-01
1.609280e-01
1.609982e-01
1.610304e-01
1.610735e-01
1.611091e-01
1.611485e-01
1.611887e-01
1.611953e-01
1.612435e-01
1.612992e-01
1.613066e-01
1.614043e-01
1.614286e-01
1.614817e-01
1.614924e-01
1.615503e-01
1.615919e-01
1.616534e-01
1.616755e-01
1.617165e-01
1.617314e-01
1.617870e-01
1.618326e-01
1.618734e-01
1.619000e-01
1.619218e-01
1.619559e-01
1.619877e-01
1.620270e-01
1.620716e-01
1.621357e-01
1.621912e-01
1.622541e-01
1.623007e-01
1.623386e-01
1.623521e-01
1.623680e-01
1.624469e-01
1.624594e-01
1.625645e-01
1.625717e-01
1.626128e-01
1.626966e-01
1.627588e-01
1.627885e-01
1.628151e-01
1.628869e-01
1.629137e-01
1.629252e-01
1.629780e-01
1.630137e-01
1.630557e-01
1.630860e-01
1.631665e-01
1.631769e-01
1.631926e-01
1.632515e-01
1.632862e-01
1.633443e-01
1.633986e-01
1.634259e-01
1.634887e-01
1.635153e-01
1.635343e-01
1.636478e-01
1.636934e-01
1.637226e-01
1.637417e-01
1.637545e-01
1.637935e-01
1.638324e-01
1.639070e-01
1.639470e-01
1.639750e-01
1.639863e-01
1.640330e-01
1.640493e-01
1.640836e-01
1.641978e-01
1.642269e-01
1.642438e-01
1.642653e-01
1.643084e-01
1.643915e-01
1.644306e-01
1.644684e-01
1.645495e-01
1.645719e-01
1.646088e-01
1.646645e-01
1.646964e-01
1.647368e-01
1.647582e-01
1.648283e-01
1.648608e-01
1.648960e-01
1.649755e-01
1.650346e-01
1.650779e-01
1.651412e-01
1.651586e-01
1.651911e-01
1.652524e-01
1.653054e-01
1.653102e-01
1.653376e-01
1.653830e-01
1.654203e-01
1.654930e-01
1.655058e-01
1.655551e-01
1.655812e-01
1.655966e-01
1.656319e-01
1.656662e-01
1.658003e-01
1.658246e-01
1.658564e-01
1.658815e-01
1.659232e-01
1.659849e-01
1.660555e-01
1.660763e-01
1.660910e-01
1.661068e-01
1.661420e-01
1.661889e-01
1.662283e-01
1.662870e-01
1.663546e-01
1.663769e-01
1.664082e-01
1.664705e-01
1.665019e-01
1.665089e-01
1.665809e-01
1.666157e-01
1.666818e-01
1.667358e-01
1.667726e-01
1.667741e-01
1.668531e-01
1.668808e-01
1.669125e-01
1.669287e-01
1.670225e-01
1.670625e-01
1.671085e-01
1.671513e-01
1.671793e-01
1.672296e-01
1.672743e-01
1.673340e-01
1.673770e-01
1.674189e-01
1.674361e-01
1.675111e-01
1.675758e-01
1.675876e-01
1.676202e-01
1.676463e-01
1.676721e-01
1.677073e-01
1.677842e-01
1.677994e-01
1.678258e-01
1.678466e-01
1.679323e-01
1.680142e-01
1.680425e-01
1.680862e-01
1.681573e-01
1.681677e-01
1.682008e-01
1.682411e-01
1.682568e-01
1.683851e-01
1.684052e-01
1.684443e-01
1.684970e-01
1.685238e-01
1.685891e-01
1.686009e-01
1.686713e-01
1.687027e-01
1.687834e-01
1.688037e-01
1.688498e-01
1.689136e-01
1.689567e-01
1.689814e-01
1.690509e-01
1.690796e-01
1.691233e-01
1.692115e-01
1.692214e-01
1.692651e-01
1.693613e-01
1.693929e-01
1.694260e-01
1.694909e-01
1.695246e-01
1.695363e-01
1.695657e-01
1.696057e-01
1.696649e-01
1.696678e-01
1.697131e-01
1.697747e-01
1.698048e-01
1.699067e-01
1.699283e-01
1.699507e-01
1.700180e-01
1.700275e-01
1.700947e-01
1.701365e-01
1.701718e-01
1.702110e-01
1.702990e-01
1.703250e-01
1.703478e-01
1.703762e-01
1.704330e-01
1.704508e-01
1.705216e-01
1.705911e-01
1.705970e-01
1.706729e-01
1.706868e-01
1.707389e-01
1.707918e-01
1.708479e-01
1.709124e-01
1.709409e-01
1.709848e-01
1.709993e-01
1.710570e-01
1.710640e-01
1.711457e-01
1.711745e-01
1.712385e-01
1.712719e-01
1.713073e-01
1.713292e-01
1.713744e-01
1.714186e-01
1.714586e-01
1.714982e-01
1.715444e-01
1.715862e-01
1.716120e-01
1.716893e-01
1.717074e-01
1.717861e-01
1.718089e-01
1.718690e-01
1.718916e-01
1.719398e-01
1.720094e-01
1.720243e-01
1.720579e-01
1.721105e-01
1.721670e-01
1.722013e-01
1.723054e-01
1.723365e-01
1.724162e-01
1.724476e-01
1.724720e-01
1.725751e-01
1.726147e-01
1.726286e-01
1.726465e-01
1.726914e-01
1.727167e-01
1.728240e-01
1.728434e-01
1.729116e-01
1.729298e-01
1.729711e-01
1.730427e-01
1.730630e-01
1.730944e-01
1.731289e-01
1.732374e-01
1.732517e-01
1.732714e-01
1.733160e-01
1.733649e-01
1.733804e-01
1.734454e-01
1.734780e-01
1.735147e-01
1.736060e-01
1.736381e-01
1.736639e-01
1.737167e-01
1.737781e-01
1.738136e-01
1.738889e-01
1.739312e-01
1.739402e-01
1.739627e-01
1.740642e-01
1.741282e-01
1.741545e-01
1.741754e-01
1.741987e-01
1.742556e-01
1.743037e-01
1.743316e-01
1.743769e-01
1.744013e-01
1.745018e-01
1.745365e-01
1.745490e-01
1.746195e-01
1.746907e-01
1.747363e-01
1.747976e-01
1.748340e-01
1.748991e-01
1.749211e-01
1.749469e-01
1.750061e-01
1.750333e-01
1.750644e-01
1.751816e-01
1.752179e-01
1.752460e-01
1.752735e-01
1.753321e-01
1.753650e-01
1.753992e-01
1.754227e-01
1.754625e-01
1.755248e-01
1.755432e-01
1.755853e-01
1.756393e-01
1.756970e-01
1.757112e-01
1.757665e-01
1.757975e-01
1.758406e-01
1.758538e-01
1.759298e-01
1.759453e-01
1.760073e-01
1.760768e-01
1.760874e-01
1.761226e-01
1.761730e-01
1.762162e-01
1.762894e-01
1.763159e-01
1.763705e-01
1.763939e-01
1.764787e-01
1.765308e-01
1.765582e-01
1.766275e-01
1.767128e-01
1.767839e-01
1.767926e-01
1.768090e-01
1.769196e-01
1.769389e-01
1.769814e-01
1.770385e-01
1.771059e-01
1.771177e-01
1.771562e-01
1.771746e-01
1.772276e-01
1.772506e-01
1.772789e-01
1.773416e-01
1.773866e-01
1.774596e-01
1.774792e-01
1.775684e-01
1.776084e-01
1.776971e-01
1.777171e-01
1.777528e-01
1.777728e-01
1.777949e-01
1.779255e-01
1.779321e-01
1.779727e-01
1.780168e-01
1.780813e-01
1.781234e-01
1.781473e-01
1.781923e-01
1.782648e-01
1.783257e-01
1.783452e-01
1.784158e-01
1.784264e-01
1.784673e-01
1.785603e-01
1.785732e-01
1.785982e-01
1.786279e-01
1.787027e-01
1.787453e-01
1.787596e-01
1.788449e-01
1.788593e-01
1.789236e-01
1.789781e-01
1.790055e-01
1.790625e-01
1.790909e-01
1.791242e-01
1.791900e-01
1.792510e-01
1.793073e-01
1.793384e-01
1.793806e-01
1.793896e-01
1.794440e-01
1.794728e-01
1.795261e-01
1.795427e-01
1.795994e-01
1.796619e-01
1.797343e-01
1.798283e-01
1.798614e-01
1.798883e-01
1.799185e-01
1.799507e-01
1.799785e-01
1.800306e-01
1.800940e-01
1.801132e-01
1.801589e-01
1.802418e-01
1.802906e-01
1.803526e-01
1.804086e-01
1.804226e-01
1.804415e-01
1.805252e-01
1.805618e-01
1.805748e-01
1.806422e-01
1.806931e-01
1.807169e-01
1.807563e-01
1.807708e-01
1.808882e-01
1.809083e-01
1.809462e-01
1.810254e-01
1.810426e-01
1.811435e-01
1.811625e-01
1.812152e-01
1.812371e-01
1.812420e-01
1.813200e-01
1.813946e-01
1.814079e-01
1.814773e-01
1.815531e-01
1.815833e-01
1.816466e-01
1.817013e-01
1.817855e-01
1.818094e-01
1.818568e-01
1.818826e-01
1.819738e-01
1.819907e-01
1.820357e-01
1.820693e-01
1.821453e-01
1.822029e-01
1.822680e-01
1.823111e-01
1.823864e-01
1.824334e-01
1.824954e-01
1.825220e-01
1.825478e-01
1.825918e-01
1.826293e-01
1.826655e-01
1.827163e-01
1.827720e-01
1.828637e-01
1.828964e-01
1.829342e-01
1.829646e-01
1.830196e-01
1.830696e-01
1.831434e-01
1.831990e-01
1.832665e-01
1.833495e-01
1.833670e-01
1.834312e-01
1.834744e-01
1.835133e-01
1.835364e-01
1.836191e-01
1.836411e-01
1.836648e-01
1.837716e-01
1.838033e-01
1.838498e-01
1.838875e-01
1.839022e-01
1.839763e-01
1.839941e-01
1.840624e-01
1.841270e-01
1.841909e-01
1.842148e-01
1.842372e-01
1.842672e-01
1.843237e-01
1.844120e-01
1.844338e-01
1.844574e-01
1.845512e-01
1.846378e-01
1.846481e-01
1.846963e-01
1.847055e-01
1.847709e-01
1.847794e-01
1.848279e-01
1.848886e-01
1.849580e-01
1.850290e-01
1.850552e-01
1.851101e-01
1.851476e-01
1.852522e-01
1.852793e-01
1.853571e-01
1.853732e-01
1.854122e-01
1.854389e-01
1.854958e-01
1.855257e-01
1.855625e-01
1.856151e-01
1.856268e-01
1.856694e-01
1.857072e-01
1.857782e-01
1.858090e-01
1.858755e-01
1.859295e-01
1.859697e-01
1.860373e-01
1.860720e-01
1.861025e-01
1.862221e-01
1.862717e-01
1.863085e-01
1.863653e-01
1.863915e-01
1.864231e-01
1.864752e-01
1.865032e-01
1.865700e-01
1.866407e-01
1.866760e-01
1.867139e-01
1.867855e-01
1.868055e-01
1.868396e-01
1.868838e-01
1.869155e-01
1.869683e-01
1.870381e-01
1.870800e-01
1.871111e-01
1.871594e-01
1.872005e-01
1.872236e-01
1.872763e-01
1.873050e-01
1.873850e-01
1.874093e-01
1.875470e-01
1.875505e-01
1.875982e-01
1.876481e-01
1.876921e-01
1.877598e-01
1.878325e-01
1.878650e-01
1.879025e-01
1.879450e-01
1.879755e-01
1.880024e-01
1.881108e-01
1.881842e-01
1.882139e-01
1.882374e-01
1.883191e-01
1.883596e-01
1.883980e-01
1.884262e-01
1.885000e-01
1.885508e-01
1.886426e-01
1.886826e-01
1.887159e-01
1.887411e-01
1.888032e-01
1.888301e-01
1.888566e-01
1.889011e-01
1.889833e-01
1.890419e-01
1.890836e-01
1.891251e-01
1.891833e-01
1.892748e-01
1.893066e-01
1.893338e-01
1.893673e-01
1.893894e-01
1.894642e-01
1.894885e-01
1.895418e-01
1.896650e-01
1.897152e-01
1.897521e-01
1.898102e-01
1.898461e-01
1.898542e-01
1.899127e-01
1.899922e-01
1.900538e-01
1.901221e-01
1.901259e-01
1.901784e-01
1.901855e-01
1.902820e-01
1.903188e-01
1.904103e-01
1.904817e-01
1.905364e-01
1.905770e-01
1.905973e-01
1.906499e-01
1.907012e-01
1.907300e-01
1.908034e-01
1.908355e-01
1.909059e-01
1.909335e-01
1.909468e-01
1.909846e-01
1.910376e-01
1.910846e-01
1.911852e-01
1.912048e-01
1.912489e-01
1.912846e-01
1.913467e-01
1.913676e-01
1.914233e-01
1.915015e-01
1.915122e-01
1.915969e-01
1.916360e-01
1.916899e-01
1.916975e-01
1.917963e-01
1.918075e-01
1.918690e-01
1.918985e-01
1.919469e-01
1.920208e-01
1.920595e-01
1.920898e-01
1.921076e-01
1.921403e-01
1.921965e-01
1.922928e-01
1.923576e-01
1.923966e-01
1.924915e-01
1.925231e-01
1.925507e-01
1.925897e-01
1.926367e-01
1.926518e-01
1.927208e-01
1.928243e-01
1.928588e-01
1.928774e-01
1.929286e-01
1.929318e-01
1.930072e-01
1.930603e-01
1.931237e-01
1.931557e-01
1.932102e-01
1.932935e-01
1.933469e-01
1.933848e-01
1.934161e-01
1.934736e-01
1.935173e-01
1.935995e-01
1.936412e-01
1.937147e-01
1.937579e-01
1.938344e-01
1.938692e-01
1.938840e-01
1.939408e-01
1.939886e-01
1.940688e-01
1.940797e-01
1.941118e-01
1.942402e-01
1.942823e-01
1.943189e-01
1.944037e-01
1.944130e-01
1.944654e-01
1.945378e-01
1.945987e-01
1.946030e-01
1.946549e-01
1.946820e-01
1.947765e-01
1.948121e-01
1.948499e-01
1.949293e-01
1.949888e-01
1.950265e-01
1.950782e-01
1.951428e-01
1.951990e-01
1.952386e-01
1.952824e-01
1.953113e-01
1.953699e-01
1.954083e-01
1.954783e-01
1.954980e-01
1.956189e-01
1.956278e-01
1.956789e-01
1.957618e-01
1.957958e-01
1.958565e-01
1.958853e-01
1.959223e-01
1.959574e-01
1.960243e-01
1.960524e-01
1.961209e-01
1.961715e-01
1.962178e-01
1.962524e-01
1.963002e-01
1.963407e-01
1.964140e-01
1.965036e-01
1.965482e-01
1.965651e-01
1.966307e-01
1.966453e-01
1.966889e-01
1.967859e-01
1.968255e-01
1.968504e-01
1.969185e-01
1.969541e-01
1.970065e-01
1.970721e-01
1.971597e-01
1.971651e-01
1.972932e-01
1.973304e-01
1.973694e-01
1.973918e-01
1.974836e-01
1.975022e-01
1.976113e-01
1.977502e-01
1.977651e-01
1.978223e-01
1.978481e-01
1.978897e-01
1.979168e-01
1.979808e-01
1.980058e-01
1.980577e-01
1.980802e-01
1.981244e-01
1.982130e-01
1.982782e-01
1.983007e-01
1.983612e-01
1.984236e-01
1.985111e-01
1.985845e-01
1.985865e-01
1.986135e-01
1.986625e-01
1.986759e-01
1.987511e-01
1.988114e-01
1.988154e-01
1.988931e-01
1.989141e-01
1.990265e-01
1.990843e-01
1.991779e-01
1.991946e-01
1.992209e-01
1.993109e-01
1.993840e-01
1.994257e-01
1.994794e-01
1.994831e-01
1.995734e-01
1.996474e-01
1.996705e-01
1.996861e-01
1.997911e-01
1.998395e-01
1.998727e-01
1.999682e-01
1.999875e-01
2.000282e-01
2.000987e-01
2.001613e-01
2.002514e-01
2.002774e-01
2.003318e-01
2.003766e-01
2.004311e-01
2.005101e-01
2.005481e-01
2.006018e-01
2.006556e-01
2.006970e-01
2.007265e-01
2.008236e-01
2.008389e-01
2.008598e-01
2.009659e-01
2.009947e-01
2.010487e-01
2.011079e-01
2.011480e-01
2.011889e-01
2.012272e-01
2.013443e-01
2.013665e-01
2.014364e-01
2.014721e-01
2.015001e-01
2.015885e-01
2.016284e-01
2.016395e-01
2.017166e-01
2.017277e-01
2.018472e-01
2.018834e-01
2.018976e-01
2.019553e-01
2.020443e-01
2.020845e-01
2.021434e-01
2.021802e-01
2.021973e-01
2.022326e-01
2.023284e-01
2.023463e-01
2.024363e-01
2.024622e-01
2.025236e-01
2.026114e-01
2.026256e-01
2.026844e-01
2.027089e-01
2.027908e-01
2.028194e-01
2.028407e-01
2.028955e-01
2.029377e-01
2.029589e-01
2.030456e-01
2.030807e-01
2.031211e-01
2.031591e-01
2.032020e-01
2.032785e-01
2.033048e-01
2.034297e-01
2.034639e-01
2.035459e-01
2.035652e-01
2.036189e-01
2.036548e-01
2.037054e-01
2.037886e-01
2.038482e-01
2.038756e-01
2.039393e-01
2.040094e-01
2.040380e-01
2.040866e-01
2.041201e-01
2.042341e-01
2.042689e-01
2.043268e-01
2.043803e-01
2.044142e-01
2.044838e-01
2.045583e-01
2.046267e-01
2.046476e-01
2.047331e-01
2.047825e-01
2.048112e-01
2.049003e-01
2.049461e-01
2.049885e-01
2.050088e-01
2.050566e-01
2.051373e-01
2.051595e-01
2.051994e-01
2.053254e-01
2.053806e-01
2.054158e-01
2.054712e-01
2.055530e-01
2.056263e-01
2.056383e-01
2.057065e-01
2.057170e-01
2.058032e-01
2.058624e-01
2.058891e-01
2.059526e-01
2.060767e-01
2.060953e-01
2.061357e-01
2.062068e-01
2.062714e-01
2.063109e-01
2.063433e-01
2.063990e-01
2.064413e-01
2.064967e-01
2.065511e-01
2.066327e-01
2.066762e-01
2.067051e-01
2.067610e-01
2.068334e-01
2.068965e-01
2.069279e-01
2.070126e-01
2.071184e-01
2.071517e-01
2.072404e-01
2.072884e-01
2.073107e-01
2.073567e-01
2.074596e-01
2.074974e-01
2.075400e-01
2.075981e-01
2.076005e-01
2.076714e-01
2.077490e-01
2.077769e-01
2.078057e-01
2.078423e-01
2.079740e-01
2.079878e-01
2.080494e-01
2.080685e-01
2.081145e-01
2.081501e-01
2.082785e-01
2.083131e-01
2.083403e-01
2.084467e-01
2.084815e-01
2.084838e-01
2.086046e-01
2.086480e-01
2.086986e-01
2.087056e-01
2.087676e-01
2.087932e-01
2.088990e-01
2.089241e-01
2.089614e-01
2.090646e-01
2.090879e-01
2.091600e-01
2.092335e-01
2.093443e-01
2.093594e-01
2.093964e-01
2.094412e-01
2.094779e-01
2.095507e-01
2.096240e-01
2.096656e-01
2.097111e-01
2.097890e-01
2.098638e-01
2.099017e-01
2.099571e-01
2.099989e-01
2.100530e-01
2.100850e-01
2.101100e-01
2.101684e-01
2.102375e-01
2.103433e-01
2.103844e-01
2.104329e-01
2.104894e-01
2.105628e-01
2.106153e-01
2.106998e-01
2.107580e-01
2.108051e-01
2.108194e-01
2.108705e-01
2.109274e-01
2.109653e-01
2.110412e-01
2.110589e-01
2.111699e-01
2.111936e-01
2.112168e-01
2.112541e-01
2.113432e-01
2.113984e-01
2.114682e-01
2.114957e-01
2.115589e-01
2.115927e-01
2.116274e-01
2.116663e-01
2.117662e-01
2.118237e-01
2.118472e-01
2.119257e-01
2.119662e-01
2.119775e-01
2.120314e-01
2.121485e-01
2.122206e-01
2.123207e-01
2.123513e-01
2.124417e-01
2.125050e-01
2.125181e-01
2.126007e-01
2.126692e-01
2.127102e-01
2.127768e-01
2.128404e-01
2.128888e-01
2.129068e-01
2.129987e-01
2.130070e-01
2.130508e-01
2.131055e-01
2.132181e-01
2.133124e-01
2.133426e-01
2.133850e-01
2.134664e-01
2.135723e-01
2.136540e-01
2.136707e-01
2.136891e-01
2.137913e-01
2.138171e-01
2.138722e-01
2.139327e-01
2.139639e-01
2.140429e-01
2.140968e-01
2.141257e-01
2.141965e-01
2.143053e-01
2.143335e-01
2.144104e-01
2.144686e-01
2.145910e-01
2.146376e-01
2.146793e-01
2.147091e-01
2.147591e-01
2.147657e-01
2.148701e-01
2.149308e-01
2.149600e-01
2.150338e-01
2.150668e-01
2.151534e-01
2.152615e-01
2.153288e-01
2.153579e-01
2.153928e-01
2.154126e-01
2.155618e-01
2.156571e-01
2.156728e-01
2.157448e-01
2.157871e-01
2.158053e-01
2.158682e-01
2.159082e-01
2.159769e-01
2.160305e-01
2.160655e-01
2.161142e-01
2.161927e-01
2.162976e-01
2.163972e-01
2.164585e-01
2.165347e-01
2.165750e-01
2.166177e-01
2.166770e-01
2.166837e-01
2.167242e-01
2.167820e-01
2.169195e-01
2.169948e-01
2.170218e-01
2.171343e-01
2.171530e-01
2.172357e-01
2.173404e-01
2.173553e-01
2.173990e-01
2.174576e-01
2.174747e-01
2.175696e-01
2.176323e-01
2.176453e-01
2.176630e-01
2.176954e-01
2.178588e-01
2.179354e-01
2.180288e-01
2.180740e-01
2.181355e-01
2.181944e-01
2.182531e-01
2.182869e-01
2.183918e-01
2.184246e-01
2.184653e-01
2.184983e-01
2.185866e-01
2.186244e-01
2.187286e-01
2.187758e-01
2.188558e-01
2.188719e-01
2.189358e-01
2.189952e-01
2.190635e-01
2.190837e-01
2.191698e-01
2.192302e-01
2.192951e-01
2.193090e-01
2.193721e-01
2.194068e-01
2.194924e-01
2.195753e-01
2.196074e-01
2.197430e-01
2.197736e-01
2.198237e-01
2.199256e-01
2.200254e-01
2.200612e-01
2.201401e-01
2.201814e-01
2.202183e-01
2.203491e-01
2.203768e-01
2.204421e-01
2.204683e-01
2.205073e-01
2.206150e-01
2.206464e-01
2.207318e-01
2.207543e-01
2.208061e-01
2.209419e-01
2.210001e-01
2.210498e-01
2.211204e-01
2.212096e-01
2.212649e-01
2.213489e-01
2.213910e-01
2.214534e-01
2.215383e-01
2.215607e-01
2.215997e-01
2.216447e-01
2.216895e-01
2.217264e-01
2.218825e-01
2.219723e-01
2.220252e-01
2.220498e-01
2.221272e-01
2.221594e-01
2.222472e-01
2.223212e-01
2.224193e-01
2.224770e-01
2.225257e-01
2.225756e-01
2.226034e-01
2.226481e-01
2.226972e-01
2.228183e-01
2.228868e-01
2.229149e-01
2.229865e-01
2.230145e-01
2.230709e-01
2.231970e-01
2.232229e-01
2.232748e-01
2.233176e-01
2.234616e-01
2.234987e-01
2.235707e-01
2.236226e-01
2.236833e-01
2.237259e-01
2.238296e-01
2.238510e-01
2.239685e-01
2.240540e-01
2.241172e-01
2.241297e-01
2.242200e-01
2.242659e-01
2.243373e-01
2.244524e-01
2.244659e-01
2.245493e-01
2.245558e-01
2.246376e-01
2.247338e-01
2.248500e-01
2.249016e-01
2.249512e-01
2.249659e-01
2.250258e-01
2.250863e-01
2.251730e-01
2.252415e-01
2.252869e-01
2.253563e-01
2.254423e-01
2.254894e-01
2.255285e-01
2.255685e-01
2.256295e-01
2.257596e-01
2.257889e-01
2.258345e-01
2.259126e-01
2.260145e-01
2.260491e-01
2.260947e-01
2.261987e-01
2.264208e-01
2.264451e-01
2.265396e-01
2.265571e-01
2.266361e-01
2.266442e-01
2.266746e-01
2.267508e-01
2.268236e-01
2.268658e-01
2.268982e-01
2.269828e-01
2.270118e-01
2.270891e-01
2.272150e-01
2.272921e-01
2.273385e-01
2.274068e-01
2.274999e-01
2.275751e-01
2.276645e-01
2.277220e-01
2.277982e-01
2.278476e-01
2.278780e-01
2.279525e-01
2.280504e-01
2.281079e-01
2.281446e-01
2.282461e-01
2.283084e-01
2.283303e-01
2.284105e-01
2.284773e-01
2.285578e-01
2.286272e-01
2.286525e-01
2.287105e-01
2.287376e-01
2.288481e-01
2.288790e-01
2.289340e-01
2.290177e-01
2.290759e-01
2.291426e-01
2.291834e-01
2.292385e-01
2.293967e-01
2.294397e-01
2.294890e-01
2.295284e-01
2.296040e-01
2.296524e-01
2.296803e-01
2.297488e-01
2.298196e-01
2.298581e-01
2.299155e-01
2.299435e-01
2.300292e-01
2.300977e-01
2.301242e-01
2.301459e-01
2.303108e-01
2.303483e-01
2.304988e-01
2.305195e-01
2.305901e-01
2.306254e-01
2.307198e-01
2.307505e-01
2.307963e-01
2.308312e-01
2.309332e-01
2.309753e-01
2.310238e-01
2.310848e-01
2.311148e-01
2.311645e-01
2.312293e-01
2.312922e-01
2.313608e-01
2.314051e-01
2.314452e-01
2.315384e-01
2.315599e-01
2.316659e-01
2.317004e-01
2.317342e-01
2.318043e-01
2.318319e-01
2.318750e-01
2.319468e-01
2.320605e-01
2.320746e-01
2.321394e-01
2.321659e-01
2.322840e-01
2.323450e-01
2.324130e-01
2.324752e-01
2.324989e-01
2.325497e-01
2.326293e-01
2.326848e-01
2.327570e-01
2.327880e-01
2.328461e-01
2.329105e-01
2.329423e-01
2.329760e-01
2.330741e-01
2.331084e-01
2.332213e-01
2.332462e-01
2.333168e-01
2.333470e-01
2.334581e-01
2.335903e-01
2.336642e-01
2.336695e-01
2.337092e-01
2.337338e-01
2.338443e-01
2.339028e-01
2.339595e-01
2.340546e-01
2.341176e-01
2.341979e-01
2.342778e-01
2.343341e-01
2.343977e-01
2.344401e-01
2.345546e-01
2.346064e-01
2.346286e-01
2.347098e-01
2.348309e-01
2.348399e-01
2.348830e-01
2.349291e-01
2.349806e-01
2.350424e-01
2.352012e-01
2.352207e-01
2.352515e-01
2.352811e-01
2.354245e-01
2.355135e-01
2.355329e-01
2.356301e-01
2.356574e-01
2.357755e-01
2.357964e-01
2.358912e-01
2.359778e-01
2.360339e-01
2.360659e-01
2.361781e-01
2.362282e-01
2.363354e-01
2.363982e-01
2.364122e-01
2.365026e-01
2.365302e-01
2.366185e-01
2.366646e-01
2.367830e-01
2.368429e-01
2.369150e-01
2.369670e-01
2.369957e-01
2.370727e-01
2.371132e-01
2.371959e-01
2.372170e-01
2.373329e-01
2.373605e-01
2.373913e-01
2.374843e-01
2.375586e-01
2.376424e-01
2.377051e-01
2.377769e-01
2.378491e-01
2.379481e-01
2.380031e-01
2.380608e-01
2.381585e-01
2.382200e-01
2.382600e-01
2.383304e-01
2.383970e-01
2.384409e-01
2.384873e-01
2.385546e-01
2.385728e-01
2.387105e-01
2.387883e-01
2.388014e-01
2.388346e-01
2.389430e-01
2.390026e-01
2.390066e-01
2.390900e-01
2.391609e-01
2.391828e-01
2.392610e-01
2.393070e-01
2.394832e-01
2.395430e-01
2.395870e-01
2.396319e-01
2.397238e-01
2.398058e-01
2.398364e-01
2.399430e-01
2.400349e-01
2.400542e-01
2.401680e-01
2.401806e-01
2.403185e-01
2.403540e-01
2.403988e-01
2.404368e-01
2.405241e-01
2.405567e-01
2.405744e-01
2.406652e-01
2.406842e-01
2.407544e-01
2.408845e-01
2.409428e-01
2.410192e-01
2.411024e-01
2.411411e-01
2.412065e-01
2.412602e-01
2.413919e-01
2.414059e-01
2.415290e-01
2.415389e-01
2.416388e-01
2.416912e-01
2.417642e-01
2.418797e-01
2.419125e-01
2.419876e-01
2.420559e-01
2.420775e-01
2.421494e-01
2.422259e-01
2.423082e-01
2.423549e-01
2.424434e-01
2.425330e-01
2.426373e-01
2.427065e-01
2.427565e-01
2.427940e-01
2.428624e-01
2.429277e-01
2.429933e-01
2.431158e-01
2.432206e-01
2.432899e-01
2.433116e-01
2.434597e-01
2.435570e-01
2.436575e-01
2.436773e-01
2.437661e-01
2.438276e-01
2.439066e-01
2.439791e-01
2.440018e-01
2.440456e-01
2.441292e-01
2.443464e-01
2.444094e-01
2.444473e-01
2.445004e-01
2.445357e-01
2.445730e-01
2.447190e-01
2.448295e-01
2.448856e-01
2.449615e-01
2.450671e-01
2.451918e-01
2.452603e-01
2.452816e-01
2.453569e-01
2.454877e-01
2.455166e-01
2.456502e-01
2.457170e-01
2.458964e-01
2.459272e-01
2.460600e-01
2.461029e-01
2.462295e-01
2.462925e-01
2.464155e-01
2.464745e-01
2.465026e-01
2.465765e-01
2.466563e-01
2.467065e-01
2.468072e-01
2.468415e-01
2.469133e-01
2.470133e-01
2.471206e-01
2.471679e-01
2.472999e-01
2.473582e-01
2.474185e-01
2.474579e-01
2.475380e-01
2.476710e-01
2.476952e-01
2.477410e-01
2.477890e-01
2.478628e-01
2.479023e-01
2.479900e-01
2.481292e-01
2.481760e-01
2.482361e-01
2.483820e-01
2.484321e-01
2.484810e-01
2.485264e-01
2.485865e-01
2.487594e-01
2.488483e-01
2.488666e-01
2.489420e-01
2.489884e-01
2.491542e-01
2.492187e-01
2.492872e-01
2.493154e-01
2.494380e-01
2.495016e-01
2.495234e-01
2.496392e-01
2.497088e-01
2.498017e-01
2.498839e-01
2.499007e-01
2.500528e-01
2.501136e-01
2.501766e-01
2.503188e-01
2.503491e-01
2.504067e-01
2.504603e-01
2.505429e-01
2.506017e-01
2.506717e-01
2.507673e-01
2.508173e-01
2.508238e-01
2.509490e-01
2.510326e-01
2.510973e-01
2.511277e-01
2.511733e-01
2.512803e-01
2.513672e-01
2.514481e-01
2.515603e-01
2.516586e-01
2.516841e-01
2.518045e-01
2.518510e-01
2.519632e-01
2.520262e-01
2.520626e-01
2.521124e-01
2.522002e-01
2.522298e-01
2.523922e-01
2.524795e-01
2.525362e-01
2.526550e-01
2.527010e-01
2.528032e-01
2.529015e-01
2.529743e-01
2.530647e-01
2.530954e-01
2.531608e-01
2.532067e-01
2.532743e-01
2.533509e-01
2.534455e-01
2.535682e-01
2.535833e-01
2.537239e-01
2.538297e-01
2.539077e-01
2.539965e-01
2.540699e-01
2.541239e-01
2.541861e-01
2.543155e-01
2.543805e-01
2.544321e-01
2.544711e-01
2.545479e-01
2.546661e-01
2.547038e-01
2.547765e-01
2.547824e-01
2.548685e-01
2.549597e-01
2.550460e-01
2.551136e-01
2.551925e-01
2.553097e-01
2.553972e-01
2.554410e-01
2.555705e-01
2.556727e-01
2.557571e-01
2.558029e-01
2.559765e-01
2.560604e-01
2.561182e-01
2.561804e-01
2.562451e-01
2.563114e-01
2.564396e-01
2.564999e-01
2.565839e-01
2.566719e-01
2.567127e-01
2.567755e-01
2.568851e-01
2.569435e-01
2.570693e-01
2.571349e-01
2.572356e-01
2.573452e-01
2.573970e-01
2.575317e-01
2.576198e-01
2.576856e-01
2.577718e-01
2.577996e-01
2.578739e-01
2.579066e-01
2.579706e-01
2.580536e-01
2.581801e-01
2.582762e-01
2.583256e-01
2.583970e-01
2.584837e-01
2.585181e-01
2.587140e-01
2.588093e-01
2.588402e-01
2.589738e-01
2.590358e-01
2.591196e-01
2.592097e-01
2.592597e-01
2.593015e-01
2.593208e-01
2.594403e-01
2.594911e-01
2.595471e-01
2.596426e-01
2.596983e-01
2.597613e-01
2.598459e-01
2.598845e-01
2.599641e-01
2.600502e-01
2.601502e-01
2.601807e-01
2.602477e-01
2.603447e-01
2.604144e-01
2.605011e-01
2.605603e-01
2.605836e-01
2.607039e-01
2.608936e-01
2.609373e-01
2.609729e-01
2.611098e-01
2.612410e-01
2.613594e-01
2.613731e-01
2.615004e-01
2.615491e-01
2.616861e-01
2.618052e-01
2.618968e-01
2.619737e-01
2.621257e-01
2.621544e-01
2.622027e-01
2.623205e-01
2.623625e-01
2.624208e-01
2.625069e-01
2.625755e-01
2.626634e-01
2.626963e-01
2.628268e-01
2.629010e-01
2.630355e-01
2.630804e-01
2.631373e-01
2.631638e-01
2.633306e-01
2.634522e-01
2.635246e-01
2.637080e-01
2.638266e-01
2.638433e-01
2.639959e-01
2.640488e-01
2.641358e-01
2.642850e-01
2.644181e-01
2.645227e-01
2.645819e-01
2.646109e-01
2.646598e-01
2.647753e-01
2.648140e-01
2.648749e-01
2.649069e-01
2.649752e-01
2.649844e-01
2.651384e-01
2.651948e-01
2.652529e-01
2.653696e-01
2.654097e-01
2.655789e-01
2.656527e-01
2.656889e-01
2.657892e-01
2.658528e-01
2.658924e-01
2.659710e-01
2.660829e-01
2.661653e-01
2.662371e-01
2.663197e-01
2.664460e-01
2.665143e-01
2.665922e-01
2.666520e-01
2.666835e-01
2.667863e-01
2.668380e-01
2.668724e-01
2.669936e-01
2.670906e-01
2.671753e-01
2.672141e-01
2.672568e-01
2.672950e-01
2.673417e-01
2.674750e-01
2.675882e-01
2.676129e-01
2.677659e-01
2.678757e-01
2.679323e-01
2.680510e-01
2.681371e-01
2.682968e-01
2.683197e-01
2.683900e-01
2.684430e-01
2.685038e-01
2.685249e-01
2.686511e-01
2.688165e-01
2.688299e-01
2.689483e-01
2.689778e-01
2.690937e-01
2.691578e-01
2.692923e-01
2.693227e-01
2.694747e-01
2.695112e-01
2.695738e-01
2.696500e-01
2.697373e-01
2.698027e-01
2.699136e-01
2.700446e-01
2.701867e-01
2.702197e-01
2.704625e-01
2.705684e-01
2.706170e-01
2.706583e-01
2.707012e-01
2.708479e-01
2.708682e-01
2.709658e-01
2.710594e-01
2.711440e-01
2.711488e-01
2.712813e-01
2.715621e-01
2.715928e-01
2.716705e-01
2.717414e-01
2.717927e-01
2.719628e-01
2.720821e-01
2.721594e-01
2.722510e-01
2.723341e-01
2.724149e-01
2.725147e-01
2.725607e-01
2.726594e-01
2.727527e-01
2.728031e-01
2.729429e-01
2.730012e-01
2.731129e-01
2.731795e-01
2.732964e-01
2.733806e-01
2.734701e-01
2.735631e-01
2.736775e-01
2.738231e-01
2.738994e-01
2.740639e-01
2.740889e-01
2.742908e-01
2.743439e-01
2.744266e-01
2.745041e-01
2.745622e-01
2.746297e-01
2.747192e-01
2.748100e-01
2.748488e-01
2.749010e-01
2.750368e-01
2.752000e-01
2.752752e-01
2.752976e-01
2.753949e-01
2.755079e-01
2.755240e-01
2.757313e-01
2.758000e-01
2.758382e-01
2.759492e-01
2.760579e-01
2.761079e-01
2.762176e-01
2.762640e-01
2.762775e-01
2.764115e-01
2.765036e-01
2.766385e-01
2.767000e-01
2.767524e-01
2.769222e-01
2.770283e-01
2.770981e-01
2.771603e-01
2.771839e-01
2.772754e-01
2.774385e-01
2.774863e-01
2.775924e-01
2.777024e-01
2.778931e-01
2.779517e-01
2.780641e-01
2.781117e-01
2.782540e-01
2.783635e-01
2.784631e-01
2.786478e-01
2.787102e-01
2.787246e-01
2.788665e-01
2.789407e-01
2.790445e-01
2.790871e-01
2.792506e-01
2.792695e-01
2.793411e-01
2.794227e-01
2.794684e-01
2.795209e-01
2.796121e-01
2.797558e-01
2.798788e-01
2.799128e-01
2.800488e-01
2.801604e-01
2.802498e-01
2.803179e-01
2.804011e-01
2.804703e-01
2.805947e-01
2.806523e-01
2.807204e-01
2.808054e-01
2.808634e-01
2.809736e-01
2.811357e-01
2.811854e-01
2.812487e-01
2.813647e-01
2.814639e-01
2.815346e-01
2.815900e-01
2.816486e-01
2.816845e-01
2.818063e-01
2.818623e-01
2.819445e-01
2.819956e-01
2.821494e-01
2.822624e-01
2.823618e-01
2.824671e-01
2.825112e-01
2.825752e-01
2.826493e-01
2.827944e-01
2.828540e-01
2.829073e-01
2.829680e-01
2.830323e-01
2.830639e-01
2.832246e-01
2.833585e-01
2.833722e-01
2.835383e-01
2.835843e-01
2.836368e-01
2.836670e-01
2.837841e-01
2.838274e-01
2.839764e-01
2.841032e-01
2.841762e-01
2.842824e-01
2.843348e-01
2.843495e-01
2.844898e-01
2.845470e-01
2.845554e-01
2.846975e-01
2.847754e-01
2.848580e-01
2.849336e-01
2.850500e-01
2.851222e-01
2.853744e-01
2.854499e-01
2.854660e-01
2.856908e-01
2.857050e-01
2.858492e-01
2.859753e-01
2.859885e-01
2.860453e-01
2.861481e-01
2.863223e-01
2.864143e-01
2.864606e-01
2.866577e-01
2.867428e-01
2.869052e-01
2.869575e-01
2.870246e-01
2.871050e-01
2.872696e-01
2.872801e-01
2.874000e-01
2.874635e-01
2.875884e-01
2.877694e-01
2.877934e-01
2.879453e-01
2.880278e-01
2.882011e-01
2.882945e-01
2.883083e-01
2.884520e-01
2.884687e-01
2.886060e-01
2.887772e-01
2.888799e-01
2.889898e-01
2.890641e-01
2.891315e-01
2.891972e-01
2.892752e-01
2.893215e-01
2.893682e-01
2.895369e-01
2.895711e-01
2.896525e-01
2.896609e-01
2.899018e-01
2.900762e-01
2.902112e-01
2.902962e-01
2.904197e-01
2.904499e-01
2.905131e-01
2.905502e-01
2.906699e-01
2.907852e-01
2.908688e-01
2.908982e-01
2.910450e-01
2.910621e-01
2.911673e-01
2.913774e-01
2.914417e-01
2.914793e-01
2.916165e-01
2.916332e-01
2.917877e-01
2.919335e-01
2.919868e-01
2.920879e-01
2.921125e-01
2.922071e-01
2.923222e-01
2.923576e-01
2.924497e-01
2.926227e-01
2.926569e-01
2.927699e-01
2.930011e-01
2.930911e-01
2.931702e-01
2.933093e-01
2.934376e-01
2.935817e-01
2.936848e-01
2.937427e-01
2.938276e-01
2.939974e-01
2.940387e-01
2.941403e-01
2.943195e-01
2.944038e-01
2.945381e-01
2.946246e-01
2.947249e-01
2.947402e-01
2.949039e-01
2.949845e-01
2.951090e-01
2.951463e-01
2.953541e-01
2.954080e-01
2.954911e-01
2.956376e-01
2.956593e-01
2.957882e-01
2.958792e-01
2.959810e-01
2.961465e-01
2.961673e-01
2.962997e-01
2.963687e-01
2.964702e-01
2.965517e-01
2.966042e-01
2.967739e-01
2.968096e-01
2.969644e-01
2.970150e-01
2.972621e-01
2.973332e-01
2.973877e-01
2.975320e-01
2.976832e-01
2.977769e-01
2.978512e-01
2.979379e-01
2.979659e-01
2.982378e-01
2.982896e-01
2.984000e-01
2.985288e-01
2.986904e-01
2.987926e-01
2.989164e-01
2.990442e-01
2.990796e-01
2.991139e-01
2.993790e-01
2.994484e-01
2.995927e-01
2.997309e-01
2.998139e-01
2.998703e-01
2.999823e-01
3.001907e-01
3.002914e-01
3.003217e-01
3.004102e-01
3.004437e-01
3.006789e-01
3.007251e-01
3.009698e-01
3.010184e-01
3.010933e-01
3.012076e-01
3.012112e-01
3.012364e-01
3.014735e-01
3.016259e-01
3.017381e-01
3.017843e-01
3.019314e-01
3.020356e-01
3.021790e-01
3.023432e-01
3.024747e-01
3.026471e-01
3.026738e-01
3.026962e-01
3.027772e-01
3.028899e-01
3.029520e-01
3.030445e-01
3.031931e-01
3.032146e-01
3.033930e-01
3.035429e-01
3.037142e-01
3.038149e-01
3.039048e-01
3.039236e-01
3.040634e-01
3.041964e-01
3.043537e-01
3.045001e-01
3.045819e-01
3.046950e-01
3.048048e-01
3.048920e-01
3.049567e-01
3.049950e-01
3.050858e-01
3.052377e-01
3.053152e-01
3.053968e-01
3.055277e-01
3.055473e-01
3.056137e-01
3.056928e-01
3.057338e-01
3.059100e-01
3.059877e-01
3.061588e-01
3.062069e-01
3.062817e-01
3.064058e-01
3.065023e-01
3.066517e-01
3.067587e-01
3.067948e-01
3.068543e-01
3.069776e-01
3.070868e-01
3.071394e-01
3.073267e-01
3.073615e-01
3.074684e-01
3.075322e-01
3.076945e-01
3.078196e-01
3.078706e-01
3.079346e-01
3.080801e-01
3.081774e-01
3.083583e-01
3.083757e-01
3.084388e-01
3.085265e-01
3.086328e-01
3.087691e-01
3.089800e-01
3.090371e-01
3.090616e-01
3.091536e-01
3.092841e-01
3.093703e-01
3.095109e-01
3.096546e-01
3.097114e-01
3.099605e-01
3.100145e-01
3.101869e-01
3.102691e-01
3.103585e-01
3.104381e-01
3.104803e-01
3.105632e-01
3.108393e-01
3.109028e-01
3.109383e-01
3.111216e-01
3.112553e-01
3.113744e-01
3.115037e-01
3.115262e-01
3.117687e-01
3.118325e-01
3.118867e-01
3.119311e-01
3.120669e-01
3.121844e-01
3.123168e-01
3.124753e-01
3.125565e-01
3.127785e-01
3.128626e-01
3.129577e-01
3.130314e-01
3.130786e-01
3.132683e-01
3.133296e-01
3.133751e-01
3.133938e-01
3.136684e-01
3.136863e-01
3.139016e-01
3.139998e-01
3.140642e-01
3.141354e-01
3.142356e-01
3.144751e-01
3.145070e-01
3.145570e-01
3.147115e-01
3.147932e-01
3.149189e-01
3.151086e-01
3.151533e-01
3.151715e-01
3.152470e-01
3.154396e-01
3.155861e-01
3.157008e-01
3.158036e-01
3.160160e-01
3.161560e-01
3.161756e-01
3.161957e-01
3.162671e-01
3.164856e-01
3.165062e-01
3.166469e-01
3.170101e-01
3.170422e-01
3.172223e-01
3.173556e-01
3.174509e-01
3.174571e-01
3.175068e-01
3.176158e-01
3.176687e-01
3.178319e-01
3.179739e-01
3.180981e-01
3.181487e-01
3.183074e-01
3.184499e-01
3.185206e-01
3.187577e-01
3.189465e-01
3.189614e-01
3.190764e-01
3.192683e-01
3.194241e-01
3.194752e-01
3.196858e-01
3.198030e-01
3.200064e-01
3.200598e-01
3.201764e-01
3.202405e-01
3.203360e-01
3.205191e-01
3.205719e-01
3.206211e-01
3.206869e-01
3.207787e-01
3.208697e-01
3.209518e-01
3.210856e-01
3.211743e-01
3.214398e-01
3.214583e-01
3.215734e-01
3.216411e-01
3.219601e-01
3.219879e-01
3.221582e-01
3.222424e-01
3.223603e-01
3.224784e-01
3.227060e-01
3.227736e-01
3.230098e-01
3.230539e-01
3.231213e-01
3.233941e-01
3.235574e-01
3.236635e-01
3.237567e-01
3.238382e-01
3.240042e-01
3.240550e-01
3.241808e-01
3.241916e-01
3.243102e-01
3.244256e-01
3.246568e-01
3.247649e-01
3.248094e-01
3.249215e-01
3.249750e-01
3.251203e-01
3.252180e-01
3.253166e-01
3.253686e-01
3.256403e-01
3.256908e-01
3.258693e-01
3.259974e-01
3.261253e-01
3.262026e-01
3.262504e-01
3.263400e-01
3.264671e-01
3.265633e-01
3.267725e-01
3.268485e-01
3.269074e-01
3.271133e-01
3.271669e-01
3.273489e-01
3.275141e-01
3.276561e-01
3.277484e-01
3.279608e-01
3.280053e-01
3.281349e-01
3.282904e-01
3.284088e-01
3.286326e-01
3.286480e-01
3.287285e-01
3.288515e-01
3.289145e-01
3.291379e-01
3.292691e-01
3.293859e-01
3.295019e-01
3.296899e-01
3.298854e-01
3.299221e-01
3.300486e-01
3.302597e-01
3.303820e-01
3.304922e-01
3.305878e-01
3.306581e-01
3.308129e-01
3.310497e-01
3.312386e-01
3.313315e-01
3.315206e-01
3.316513e-01
3.317199e-01
3.318684e-01
3.321156e-01
3.321573e-01
3.323661e-01
3.325254e-01
3.326292e-01
3.327106e-01
3.328108e-01
3.329866e-01
3.330989e-01
3.332093e-01
3.333264e-01
3.335337e-01
3.336381e-01
3.337659e-01
3.339378e-01
3.340475e-01
3.341245e-01
3.342434e-01
3.343066e-01
3.343281e-01
3.344360e-01
3.346100e-01
3.348018e-01
3.348462e-01
3.348933e-01
3.352204e-01
3.352578e-01
3.353924e-01
3.354736e-01
3.356675e-01
3.358456e-01
3.359070e-01
3.361931e-01
3.363133e-01
3.366512e-01
3.367521e-01
3.369006e-01
3.370372e-01
3.370946e-01
3.372370e-01
3.373536e-01
3.374726e-01
3.376481e-01
3.377577e-01
3.378650e-01
3.379677e-01
3.380510e-01
3.383416e-01
3.384487e-01
3.384970e-01
3.386465e-01
3.388089e-01
3.388127e-01
3.391102e-01
3.392412e-01
3.393538e-01
3.394684e-01
3.395835e-01
3.396986e-01
3.399303e-01
3.399934e-01
3.401295e-01
3.404475e-01
3.404667e-01
3.406301e-01
3.408911e-01
3.409987e-01
3.410809e-01
3.411230e-01
3.413216e-01
3.413469e-01
3.414453e-01
3.415543e-01
3.416596e-01
3.417826e-01
3.419959e-01
3.421745e-01
3.422445e-01
3.423885e-01
3.424675e-01
3.424732e-01
3.427166e-01
3.427798e-01
3.428538e-01
3.430253e-01
3.431269e-01
3.432281e-01
3.433386e-01
3.434889e-01
3.435994e-01
3.437138e-01
3.437988e-01
3.439782e-01
3.440602e-01
3.442574e-01
3.444708e-01
3.445982e-01
3.448712e-01
3.450617e-01
3.452809e-01
3.453811e-01
3.455120e-01
3.456894e-01
3.458004e-01
3.459035e-01
3.459540e-01
3.461602e-01
3.462722e-01
3.464353e-01
3.464921e-01
3.466516e-01
3.469301e-01
3.469723e-01
3.471148e-01
3.472109e-01
3.474473e-01
3.475728e-01
3.476560e-01
3.477765e-01
3.479802e-01
3.482377e-01
3.483297e-01
3.485443e-01
3.486926e-01
3.489078e-01
3.490617e-01
3.492303e-01
3.492635e-01
3.493591e-01
3.494758e-01
3.496879e-01
3.499096e-01
3.501967e-01
3.502158e-01
3.504841e-01
3.506711e-01
3.507576e-01
3.509823e-01
3.510166e-01
3.514767e-01
3.516590e-01
3.517504e-01
3.518939e-01
3.521126e-01
3.521645e-01
3.522722e-01
3.523886e-01
3.527295e-01
3.527550e-01
3.529547e-01
3.531487e-01
3.532353e-01
3.534039e-01
3.534986e-01
3.535769e-01
3.537418e-01
3.540849e-01
3.542181e-01
3.543440e-01
3.544530e-01
3.545308e-01
3.546554e-01
3.548449e-01
3.549775e-01
3.551546e-01
3.553293e-01
3.555783e-01
3.556877e-01
3.559065e-01
3.560492e-01
3.562328e-01
3.563908e-01
3.566874e-01
3.569524e-01
3.571374e-01
3.572747e-01
3.573159e-01
3.575273e-01
3.576554e-01
3.577071e-01
3.578150e-01
3.579592e-01
3.581382e-01
3.583073e-01
3.584401e-01
3.586460e-01
3.587429e-01
3.589115e-01
3.591014e-01
3.591284e-01
3.594379e-01
3.595238e-01
3.596447e-01
3.598620e-01
3.599945e-01
3.602871e-01
3.604706e-01
3.606088e-01
3.607199e-01
3.608855e-01
3.610291e-01
3.612488e-01
3.613586e-01
3.614271e-01
3.615366e-01
3.615670e-01
3.616848e-01
3.619640e-01
3.620969e-01
3.621561e-01
3.622606e-01
3.622793e-01
3.624275e-01
3.626913e-01
3.628865e-01
3.630294e-01
3.631007e-01
3.631221e-01
3.634597e-01
3.635934e-01
3.636800e-01
3.638871e-01
3.640126e-01
3.642157e-01
3.642239e-01
3.644080e-01
3.645907e-01
3.645940e-01
3.647788e-01
3.650091e-01
3.651048e-01
3.652411e-01
3.653779e-01
3.657824e-01
3.658641e-01
3.659708e-01
3.662194e-01
3.664690e-01
3.664843e-01
3.668259e-01
3.669775e-01
3.671421e-01
3.672250e-01
3.673895e-01
3.674490e-01
3.677105e-01
3.681256e-01
3.683573e-01
3.685279e-01
3.685895e-01
3.687131e-01
3.689040e-01
3.690369e-01
3.693214e-01
3.694009e-01
3.696037e-01
3.698392e-01
3.698850e-01
3.700183e-01
3.701362e-01
3.704669e-01
3.706885e-01
3.707401e-01
3.709240e-01
3.710649e-01
3.712106e-01
3.715007e-01
3.715396e-01
3.716180e-01
3.719551e-01
3.720641e-01
3.721014e-01
3.721815e-01
3.722418e-01
3.723790e-01
3.724268e-01
3.726678e-01
3.729249e-01
3.732126e-01
3.734480e-01
3.735120e-01
3.738333e-01
3.739683e-01
3.741968e-01
3.743188e-01
3.743473e-01
3.744602e-01
3.746238e-01
3.748437e-01
3.748554e-01
3.750960e-01
3.751747e-01
3.753085e-01
3.754119e-01
3.756423e-01
3.757469e-01
3.758597e-01
3.761812e-01
3.764540e-01
3.766106e-01
3.766590e-01
3.767552e-01
3.769615e-01
3.770115e-01
3.772940e-01
3.776561e-01
3.778338e-01
3.779704e-01
3.780550e-01
3.781190e-01
3.782638e-01
3.784882e-01
3.786100e-01
3.789236e-01
3.790698e-01
3.794885e-01
3.796865e-01
3.798136e-01
3.798809e-01
3.800726e-01
3.802759e-01
3.803718e-01
3.805558e-01
3.806904e-01
3.810043e-01
3.812273e-01
3.813417e-01
3.816594e-01
3.818023e-01
3.819100e-01
3.819968e-01
3.821018e-01
3.823879e-01
3.824292e-01
3.828035e-01
3.828609e-01
3.830917e-01
3.831930e-01
3.833988e-01
3.835203e-01
3.837786e-01
3.838775e-01
3.840029e-01
3.842690e-01
3.843359e-01
3.845462e-01
3.846822e-01
3.847705e-01
3.849584e-01
3.851610e-01
3.852632e-01
3.854932e-01
3.857229e-01
3.858350e-01
3.859063e-01
3.861614e-01
3.865038e-01
3.867308e-01
3.868456e-01
3.870908e-01
3.872468e-01
3.875006e-01
3.878311e-01
3.880895e-01
3.882683e-01
3.884236e-01
3.884702e-01
3.886082e-01
3.890484e-01
3.893728e-01
3.896620e-01
3.898193e-01
3.899697e-01
3.902565e-01
3.904611e-01
3.905011e-01
3.905478e-01
3.906864e-01
3.910187e-01
3.911988e-01
3.914734e-01
3.916922e-01
3.918264e-01
3.919879e-01
3.920014e-01
3.922681e-01
3.923885e-01
3.927256e-01
3.928913e-01
3.930339e-01
3.932976e-01
3.933025e-01
3.935115e-01
3.936371e-01
3.937928e-01
3.940291e-01
3.942398e-01
3.945255e-01
3.946407e-01
3.949150e-01
3.949326e-01
3.951892e-01
3.955521e-01
3.956026e-01
3.959111e-01
3.961376e-01
3.966080e-01
3.966895e-01
3.967936e-01
3.970330e-01
3.973435e-01
3.976935e-01
3.978052e-01
3.979575e-01
3.982217e-01
3.983821e-01
3.985114e-01
3.987629e-01
3.988440e-01
3.993880e-01
3.994056e-01
3.995671e-01
3.997664e-01
4.000959e-01
4.002295e-01
4.003619e-01
4.005409e-01
4.006058e-01
4.010432e-01
4.015719e-01
4.019093e-01
4.019283e-01
4.022192e-01
4.026522e-01
4.027798e-01
4.028478e-01
4.030431e-01
4.031855e-01
4.032689e-01
4.035750e-01
4.037030e-01
4.039367e-01
4.041601e-01
4.044648e-01
4.045103e-01
4.049326e-01
4.050112e-01
4.051824e-01
4.054496e-01
4.054933e-01
4.057022e-01
4.057919e-01
4.059873e-01
4.061450e-01
4.063240e-01
4.063751e-01
4.066565e-01
4.069616e-01
4.073802e-01
4.075243e-01
4.079548e-01
4.081814e-01
4.081984e-01
4.087859e-01
4.089463e-01
4.091648e-01
4.093054e-01
4.095291e-01
4.096298e-01
4.100671e-01
4.103306e-01
4.104316e-01
4.106856e-01
4.108056e-01
4.109780e-01
4.111039e-01
4.113113e-01
4.116016e-01
4.121079e-01
4.121594e-01
4.124673e-01
4.129659e-01
4.131731e-01
4.132875e-01
4.135458e-01
4.137412e-01
4.139492e-01
4.141485e-01
4.142749e-01
4.148298e-01
4.148737e-01
4.150907e-01
4.151225e-01
4.155484e-01
4.156632e-01
4.158234e-01
4.165072e-01
4.167420e-01
4.170024e-01
4.171833e-01
4.172632e-01
4.176771e-01
4.177100e-01
4.179987e-01
4.182208e-01
4.183895e-01
4.185840e-01
4.187983e-01
4.192914e-01
4.193750e-01
4.195396e-01
4.199359e-01
4.200510e-01
4.202052e-01
4.207214e-01
4.209348e-01
4.211205e-01
4.217632e-01
4.219435e-01
4.222059e-01
4.224171e-01
4.226219e-01
4.228661e-01
4.234847e-01
4.235711e-01
4.236869e-01
4.242579e-01
4.245349e-01
4.248351e-01
4.248955e-01
4.250917e-01
4.251853e-01
4.252879e-01
4.257788e-01
4.259940e-01
4.261179e-01
4.263560e-01
4.264023e-01
4.267383e-01
4.270169e-01
4.271364e-01
4.272697e-01
4.279147e-01
4.281959e-01
4.284141e-01
4.289284e-01
4.289950e-01
4.294188e-01
4.295503e-01
4.297612e-01
4.299646e-01
4.302740e-01
4.306418e-01
4.307786e-01
4.309366e-01
4.313126e-01
4.316736e-01
4.321928e-01
4.322985e-01
4.328300e-01
4.333047e-01
4.334939e-01
4.337363e-01
4.339414e-01
4.340528e-01
4.345757e-01
4.347564e-01
4.350786e-01
4.354998e-01
4.358435e-01
4.360076e-01
4.361634e-01
4.364868e-01
4.369412e-01
4.374245e-01
4.375410e-01
4.378563e-01
4.379589e-01
4.380587e-01
4.387036e-01
4.388685e-01
4.393804e-01
4.394388e-01
4.395515e-01
4.397834e-01
4.401862e-01
4.407095e-01
4.409668e-01
4.410081e-01
4.411496e-01
4.419762e-01
4.419968e-01
4.420777e-01
4.428302e-01
4.432472e-01
4.434357e-01
4.438166e-01
4.440399e-01
4.443179e-01
4.447312e-01
4.454035e-01
4.457504e-01
4.457652e-01
4.460514e-01
4.463323e-01
4.464591e-01
4.466300e-01
4.471075e-01
4.473690e-01
4.475634e-01
4.477849e-01
4.480656e-01
4.482895e-01
4.486861e-01
4.498464e-01
4.499762e-01
4.501570e-01
4.504281e-01
4.512500e-01
4.513627e-01
4.515586e-01
4.516887e-01
4.522857e-01
4.522996e-01
4.523615e-01
4.535568e-01
4.536240e-01
4.537357e-01
4.541474e-01
4.546352e-01
4.549585e-01
4.552163e-01
4.553368e-01
4.555835e-01
4.557984e-01
4.559243e-01
4.566063e-01
4.568204e-01
4.570646e-01
4.572313e-01
4.575436e-01
4.578133e-01
4.583391e-01
4.586947e-01
4.590158e-01
4.592067e-01
4.594223e-01
4.598343e-01
4.602171e-01
4.603167e-01
4.604064e-01
4.605109e-01
4.610211e-01
4.611551e-01
4.619292e-01
4.625435e-01
4.626142e-01
4.630362e-01
4.632394e-01
4.640603e-01
4.645818e-01
4.650092e-01
4.654282e-01
4.658582e-01
4.661060e-01
4.663077e-01
4.664441e-01
4.671022e-01
4.676022e-01
4.678318e-01
4.680301e-01
4.683813e-01
4.698173e-01
4.702154e-01
4.702429e-01
4.708559e-01
4.713887e-01
4.715153e-01
4.726784e-01
4.727636e-01
4.731318e-01
4.735878e-01
4.737096e-01
4.738851e-01
4.751076e-01
4.751974e-01
4.755207e-01
4.764634e-01
4.770973e-01
4.773516e-01
4.773682e-01
4.777498e-01
4.778852e-01
4.785858e-01
4.787881e-01
4.793722e-01
4.797006e-01
4.797964e-01
4.800143e-01
4.806772e-01
4.809306e-01
4.812124e-01
4.818479e-01
4.819423e-01
4.824523e-01
4.831334e-01
4.832494e-01
4.841486e-01
4.843269e-01
4.853896e-01
4.861969e-01
4.864205e-01
4.865812e-01
4.870334e-01
4.875131e-01
4.877635e-01
4.884232e-01
4.887742e-01
4.897107e-01
4.898786e-01
4.901220e-01
4.902417e-01
4.906919e-01
4.910070e-01
4.913643e-01
4.914550e-01
4.917985e-01
4.921546e-01
4.931008e-01
4.939135e-01
4.939813e-01
4.945053e-01
4.947397e-01
4.950516e-01
4.956419e-01
4.962339e-01
4.967334e-01
4.968682e-01
4.970239e-01
4.971019e-01
4.972906e-01
4.973004e-01
4.979598e-01
4.990846e-01
4.994652e-01
4.997765e-01
5.001272e-01
5.003194e-01
5.014001e-01
5.016208e-01
5.022472e-01
5.028621e-01
5.030375e-01
5.034156e-01
5.035469e-01
5.036179e-01
5.037438e-01
5.041012e-01
5.047955e-01
5.052820e-01
5.058857e-01
5.059986e-01
5.068906e-01
5.075507e-01
5.092809e-01
5.099168e-01
5.100169e-01
5.106752e-01
5.114503e-01
5.120480e-01
5.132247e-01
5.133016e-01
5.141665e-01
5.153626e-01
5.158727e-01
5.178463e-01
5.178699e-01
5.185630e-01
5.189927e-01
5.196245e-01
5.204579e-01
5.205719e-01
5.211430e-01
5.226726e-01
5.236608e-01
5.237366e-01
5.241309e-01
5.244487e-01
5.246742e-01
5.254439e-01
5.264879e-01
5.265177e-01
5.276076e-01
5.282536e-01
5.290993e-01
5.292573e-01
5.297163e-01
5.302287e-01
5.305448e-01
5.312564e-01
5.314497e-01
5.325589e-01
5.327736e-01
5.331323e-01
5.335829e-01
5.340183e-01
5.358352e-01
5.360596e-01
5.362171e-01
5.376808e-01
5.381204e-01
5.393765e-01
5.394876e-01
5.395581e-01
5.396233e-01
5.406128e-01
5.411710e-01
5.422681e-01
5.424601e-01
5.438958e-01
5.442388e-01
5.446617e-01
5.452817e-01
5.459329e-01
5.467795e-01
5.472581e-01
5.476623e-01
5.482923e-01
5.487322e-01
5.490804e-01
5.499321e-01
5.501373e-01
5.515218e-01
5.520858e-01
5.526587e-01
5.532134e-01
5.541369e-01
5.543918e-01
5.552140e-01
5.554199e-01
5.558615e-01
5.559310e-01
5.560670e-01
5.567119e-01
5.580715e-01
5.587394e-01
5.601199e-01
5.612073e-01
5.619834e-01
5.627825e-01
5.645572e-01
5.649064e-01
5.649411e-01
5.663520e-01
5.686299e-01
5.687856e-01
5.690676e-01
5.720856e-01
5.731855e-01
5.732981e-01
5.744957e-01
5.749943e-01
5.761227e-01
5.766789e-01
5.787999e-01
5.794266e-01
5.798511e-01
5.802975e-01
5.808725e-01
5.831221e-01
5.833568e-01
5.848896e-01
5.851410e-01
5.866411e-01
5.870100e-01
5.873012e-01
5.880890e-01
5.916464e-01
5.922892e-01
5.923528e-01
5.924183e-01
5.943399e-01
5.948216e-01
5.953377e-01
5.973214e-01
5.978881e-01
6.001390e-01
6.004233e-01
6.031063e-01
6.033424e-01
6.043778e-01
6.047262e-01
6.084050e-01
6.088857e-01
6.091310e-01
6.102543e-01
6.113274e-01
6.118354e-01
6.140847e-01
6.142507e-01
6.143950e-01
6.144942e-01
6.174751e-01
6.179595e-01
6.189271e-01
6.191487e-01
6.195332e-01
6.203500e-01
6.204877e-01
6.257202e-01
6.258618e-01
6.288481e-01
6.301123e-01
6.304239e-01
6.314388e-01
6.329376e-01
6.349008e-01
6.353208e-01
6.354202e-01
6.364832e-01
6.401183e-01
6.409111e-01
6.428831e-01
6.436882e-01
6.438228e-01
6.455029e-01
6.494489e-01
6.499566e-01
6.512474e-01
6.531351e-01
6.536570e-01
6.543519e-01
6.564941e-01
6.568553e-01
6.571889e-01
6.572874e-01
6.580833e-01
6.583429e-01
6.668429e-01
6.724270e-01
6.748734e-01
6.776095e-01
6.785509e-01
6.791117e-01
6.791876e-01
6.807590e-01
6.816881e-01
6.832740e-01
6.854550e-01
6.906530e-01
6.947418e-01
6.957936e-01
7.010804e-01
7.036072e-01
7.043873e-01
7.060939e-01
7.090165e-01
7.094585e-01
7.138111e-01
7.163057e-01
7.196881e-01
7.196971e-01
7.200726e-01
7.246290e-01
7.296386e-01
7.302161e-01
7.383911e-01
7.462124e-01
7.467790e-01
7.473167e-01
7.522676e-01
7.630793e-01
7.665757e-01
7.702622e-01
7.759003e-01
7.844986e-01
7.933032e-01
7.935003e-01
7.993238e-01
7.997419e-01
8.043300e-01
8.120993e-01
8.294129e-01
8.369671e-01
8.409743e-01
8.615394e-01
8.811241e-01
8.878913e-01
9.304767e-01
9.345798e-01
9.665252e-01
9.916066e-01
1.000000e+00
