# SF-29 N2 candidate (i) i1 field=gauss_ch eps=0.25 N=16: sorted relative singular values of the dense central-FD Jacobian at the converged state (rows F_i=-q(L_i-S_i); outlet rows (2q/h)(vperp_in-c_perp); smax=3.439200e+03)
5.900734e-04
6.108767e-04
6.223634e-04
6.321491e-04
6.591600e-04
6.832483e-04
7.012808e-04
7.112098e-04
7.453767e-04
7.796862e-04
7.895180e-04
8.118483e-04
8.301768e-04
8.582672e-04
9.029325e-04
9.202074e-04
9.441024e-04
9.690731e-04
9.749354e-04
9.947389e-04
1.023205e-03
1.052526e-03
1.100954e-03
1.140182e-03
1.166502e-03
1.172055e-03
1.214462e-03
1.226461e-03
1.284850e-03
1.313868e-03
1.456284e-03
1.496042e-03
1.518911e-03
1.618225e-03
1.697386e-03
1.971080e-03
1.989513e-03
2.120963e-03
2.177696e-03
2.218318e-03
2.289769e-03
2.336618e-03
2.363798e-03
2.421883e-03
3.571201e-03
3.598839e-03
3.808319e-03
3.872093e-03
3.991149e-03
4.014199e-03
4.120357e-03
4.142248e-03
4.902951e-03
5.036814e-03
5.085123e-03
5.203466e-03
5.234998e-03
5.292208e-03
5.331221e-03
5.343387e-03
5.377851e-03
5.484832e-03
5.504693e-03
5.542708e-03
5.596116e-03
5.644310e-03
5.700512e-03
5.753287e-03
5.766913e-03
5.774799e-03
5.826414e-03
5.856823e-03
5.947508e-03
5.960148e-03
5.988486e-03
6.015890e-03
6.044909e-03
6.076272e-03
6.145840e-03
6.170391e-03
6.224119e-03
6.242731e-03
6.266364e-03
6.301059e-03
6.356538e-03
6.412901e-03
6.483756e-03
6.503478e-03
6.547516e-03
6.578684e-03
6.614198e-03
6.660370e-03
6.680772e-03
6.732269e-03
6.791619e-03
6.828998e-03
6.936506e-03
7.038570e-03
7.117192e-03
7.214055e-03
7.240938e-03
7.300579e-03
7.377441e-03
7.397112e-03
7.450111e-03
7.571935e-03
7.659351e-03
7.663485e-03
7.687548e-03
7.752232e-03
7.775108e-03
7.945330e-03
7.949662e-03
8.005318e-03
8.388516e-03
8.427123e-03
8.781191e-03
8.797768e-03
8.854866e-03
8.918111e-03
8.984458e-03
9.115375e-03
9.188780e-03
9.192468e-03
9.216275e-03
9.351986e-03
9.447141e-03
9.480007e-03
9.501663e-03
9.577530e-03
9.610905e-03
9.680657e-03
1.007593e-02
1.021903e-02
1.024312e-02
1.067963e-02
1.069554e-02
1.070760e-02
1.075817e-02
1.077426e-02
1.079218e-02
1.093836e-02
1.094857e-02
1.106316e-02
1.116628e-02
1.118924e-02
1.122560e-02
1.125397e-02
1.141790e-02
1.148067e-02
1.153475e-02
1.158656e-02
1.183398e-02
1.186091e-02
1.194711e-02
1.196065e-02
1.205617e-02
1.207753e-02
1.210601e-02
1.212858e-02
1.227645e-02
1.230066e-02
1.282602e-02
1.285641e-02
1.287806e-02
1.293519e-02
1.304241e-02
1.308244e-02
1.310336e-02
1.316877e-02
1.322585e-02
1.330642e-02
1.338219e-02
1.341982e-02
1.349422e-02
1.370650e-02
1.381269e-02
1.385243e-02
1.392535e-02
1.417399e-02
1.431211e-02
1.442137e-02
1.444662e-02
1.472556e-02
1.481589e-02
1.491185e-02
1.494987e-02
1.496840e-02
1.516211e-02
1.518117e-02
1.525086e-02
1.529627e-02
1.537980e-02
1.544657e-02
1.554793e-02
1.555830e-02
1.566778e-02
1.580346e-02
1.588221e-02
1.596115e-02
1.598291e-02
1.602612e-02
1.609782e-02
1.615067e-02
1.621977e-02
1.633254e-02
1.637964e-02
1.642117e-02
1.645501e-02
1.650993e-02
1.655827e-02
1.666739e-02
1.674312e-02
1.678694e-02
1.683108e-02
1.688148e-02
1.693244e-02
1.698613e-02
1.701783e-02
1.711503e-02
1.722366e-02
1.728184e-02
1.742913e-02
1.749879e-02
1.754448e-02
1.762246e-02
1.768217e-02
1.773375e-02
1.776221e-02
1.780026e-02
1.783531e-02
1.784914e-02
1.787967e-02
1.793884e-02
1.801390e-02
1.807778e-02
1.812755e-02
1.818358e-02
1.821600e-02
1.838015e-02
1.840951e-02
1.848326e-02
1.852045e-02
1.864013e-02
1.869524e-02
1.875373e-02
1.880366e-02
1.882053e-02
1.886063e-02
1.890424e-02
1.894969e-02
1.899849e-02
1.902525e-02
1.907252e-02
1.912967e-02
1.916672e-02
1.919523e-02
1.927543e-02
1.932820e-02
1.937203e-02
1.938514e-02
1.954600e-02
1.968673e-02
1.977947e-02
1.981818e-02
1.992868e-02
2.003269e-02
2.029314e-02
2.037553e-02
2.091281e-02
2.097787e-02
2.101455e-02
2.116286e-02
2.127535e-02
2.168901e-02
2.177817e-02
2.186765e-02
2.199767e-02
2.203546e-02
2.212099e-02
2.242701e-02
2.248159e-02
2.267518e-02
2.284749e-02
2.296613e-02
2.321478e-02
2.323668e-02
2.334497e-02
2.348550e-02
2.368070e-02
2.373920e-02
2.393269e-02
2.402294e-02
2.412091e-02
2.427368e-02
2.445752e-02
2.450788e-02
2.457172e-02
2.465701e-02
2.477814e-02
2.496341e-02
2.503901e-02
2.522746e-02
2.528798e-02
2.545325e-02
2.547890e-02
2.557053e-02
2.571275e-02
2.574350e-02
2.579546e-02
2.592301e-02
2.593974e-02
2.599923e-02
2.602283e-02
2.613517e-02
2.615754e-02
2.627556e-02
2.629105e-02
2.631242e-02
2.634714e-02
2.656507e-02
2.660070e-02
2.668940e-02
2.671561e-02
2.676348e-02
2.679303e-02
2.682971e-02
2.693323e-02
2.707507e-02
2.714358e-02
2.719622e-02
2.734210e-02
2.735463e-02
2.746035e-02
2.751717e-02
2.767842e-02
2.777457e-02
2.784866e-02
2.786246e-02
2.798615e-02
2.806723e-02
2.811339e-02
2.822370e-02
2.825513e-02
2.830880e-02
2.845177e-02
2.851760e-02
2.861329e-02
2.880337e-02
2.890930e-02
2.904499e-02
2.920527e-02
2.928598e-02
2.937518e-02
2.942575e-02
2.951120e-02
2.951845e-02
2.972304e-02
2.979832e-02
2.983913e-02
2.986684e-02
2.994225e-02
3.004753e-02
3.017043e-02
3.021658e-02
3.027512e-02
3.029115e-02
3.052872e-02
3.060312e-02
3.069537e-02
3.084895e-02
3.088543e-02
3.094328e-02
3.102210e-02
3.111354e-02
3.122554e-02
3.125305e-02
3.132765e-02
3.141941e-02
3.147290e-02
3.162754e-02
3.174336e-02
3.185173e-02
3.191992e-02
3.194555e-02
3.197776e-02
3.223719e-02
3.245812e-02
3.254613e-02
3.259569e-02
3.263234e-02
3.268030e-02
3.285741e-02
3.290558e-02
3.296470e-02
3.307515e-02
3.315802e-02
3.318213e-02
3.324595e-02
3.333526e-02
3.345182e-02
3.351105e-02
3.361101e-02
3.366801e-02
3.381249e-02
3.391576e-02
3.394021e-02
3.397401e-02
3.400862e-02
3.408357e-02
3.412366e-02
3.418239e-02
3.423144e-02
3.431510e-02
3.434018e-02
3.441580e-02
3.462933e-02
3.468031e-02
3.481937e-02
3.491271e-02
3.494560e-02
3.507953e-02
3.516321e-02
3.528207e-02
3.539462e-02
3.546095e-02
3.558572e-02
3.560546e-02
3.569859e-02
3.575604e-02
3.584138e-02
3.593678e-02
3.600661e-02
3.614026e-02
3.620215e-02
3.628760e-02
3.637522e-02
3.646812e-02
3.648315e-02
3.661155e-02
3.667688e-02
3.669943e-02
3.674204e-02
3.680488e-02
3.686497e-02
3.696546e-02
3.704282e-02
3.711869e-02
3.723989e-02
3.738957e-02
3.750578e-02
3.753369e-02
3.769954e-02
3.774128e-02
3.784675e-02
3.792079e-02
3.794135e-02
3.801805e-02
3.812613e-02
3.832905e-02
3.833985e-02
3.861044e-02
3.863281e-02
3.869902e-02
3.880734e-02
3.888495e-02
3.895885e-02
3.902712e-02
3.912496e-02
3.919941e-02
3.932112e-02
3.958935e-02
3.967228e-02
3.974882e-02
3.979480e-02
3.988541e-02
3.994564e-02
4.006635e-02
4.017634e-02
4.030233e-02
4.034616e-02
4.039066e-02
4.049108e-02
4.055496e-02
4.066689e-02
4.078583e-02
4.089012e-02
4.095065e-02
4.105603e-02
4.114880e-02
4.127186e-02
4.131771e-02
4.145855e-02
4.155368e-02
4.168679e-02
4.175465e-02
4.178670e-02
4.191994e-02
4.195511e-02
4.211435e-02
4.217709e-02
4.223606e-02
4.234259e-02
4.238276e-02
4.244804e-02
4.254891e-02
4.266185e-02
4.274578e-02
4.293351e-02
4.299887e-02
4.304409e-02
4.306496e-02
4.313170e-02
4.326794e-02
4.335110e-02
4.346665e-02
4.354468e-02
4.360092e-02
4.362596e-02
4.372976e-02
4.380881e-02
4.385534e-02
4.391375e-02
4.397577e-02
4.405306e-02
4.419028e-02
4.426656e-02
4.433643e-02
4.444144e-02
4.450495e-02
4.466178e-02
4.470276e-02
4.493007e-02
4.502972e-02
4.511142e-02
4.514953e-02
4.518799e-02
4.534205e-02
4.545856e-02
4.547162e-02
4.550936e-02
4.557769e-02
4.569349e-02
4.578218e-02
4.586911e-02
4.590938e-02
4.602195e-02
4.608393e-02
4.613995e-02
4.625400e-02
4.635514e-02
4.639186e-02
4.643634e-02
4.654676e-02
4.668445e-02
4.675670e-02
4.679189e-02
4.685932e-02
4.691124e-02
4.710255e-02
4.717280e-02
4.733026e-02
4.739014e-02
4.746490e-02
4.758412e-02
4.765597e-02
4.776003e-02
4.788234e-02
4.810712e-02
4.823224e-02
4.826245e-02
4.831996e-02
4.841841e-02
4.844741e-02
4.849999e-02
4.878556e-02
4.879770e-02
4.890036e-02
4.899358e-02
4.907061e-02
4.921959e-02
4.928878e-02
4.934282e-02
4.940031e-02
4.957425e-02
4.963682e-02
4.977926e-02
4.983920e-02
4.996956e-02
5.000722e-02
5.002504e-02
5.018897e-02
5.029839e-02
5.034244e-02
5.036571e-02
5.053064e-02
5.067930e-02
5.075766e-02
5.077549e-02
5.084685e-02
5.090091e-02
5.108483e-02
5.111180e-02
5.121719e-02
5.131795e-02
5.136039e-02
5.139241e-02
5.157088e-02
5.159944e-02
5.172563e-02
5.178754e-02
5.181158e-02
5.190038e-02
5.190847e-02
5.201509e-02
5.216714e-02
5.221568e-02
5.225453e-02
5.232273e-02
5.253070e-02
5.255173e-02
5.279103e-02
5.283113e-02
5.290683e-02
5.296209e-02
5.308758e-02
5.322768e-02
5.328668e-02
5.338201e-02
5.347401e-02
5.357518e-02
5.364149e-02
5.374241e-02
5.379218e-02
5.393728e-02
5.401677e-02
5.405494e-02
5.430324e-02
5.437259e-02
5.441089e-02
5.446928e-02
5.461912e-02
5.470056e-02
5.486806e-02
5.499713e-02
5.503751e-02
5.514414e-02
5.523569e-02
5.535868e-02
5.547356e-02
5.552805e-02
5.562509e-02
5.579640e-02
5.585629e-02
5.595765e-02
5.605947e-02
5.612553e-02
5.620757e-02
5.626385e-02
5.635679e-02
5.650686e-02
5.655498e-02
5.661844e-02
5.672278e-02
5.683602e-02
5.695843e-02
5.707509e-02
5.709819e-02
5.715873e-02
5.725102e-02
5.735162e-02
5.741830e-02
5.748472e-02
5.753974e-02
5.758674e-02
5.759952e-02
5.769199e-02
5.777811e-02
5.780642e-02
5.795553e-02
5.798147e-02
5.811671e-02
5.816396e-02
5.828372e-02
5.840335e-02
5.851858e-02
5.853904e-02
5.863244e-02
5.866126e-02
5.878423e-02
5.887464e-02
5.894238e-02
5.906308e-02
5.908490e-02
5.916273e-02
5.921335e-02
5.932385e-02
5.937021e-02
5.943778e-02
5.950252e-02
5.954302e-02
5.967111e-02
5.971410e-02
5.973299e-02
5.986094e-02
6.001734e-02
6.007661e-02
6.017779e-02
6.031954e-02
6.037906e-02
6.046910e-02
6.051392e-02
6.059852e-02
6.072681e-02
6.079057e-02
6.092331e-02
6.093338e-02
6.098329e-02
6.113927e-02
6.122378e-02
6.124222e-02
6.136918e-02
6.143567e-02
6.155518e-02
6.163892e-02
6.168426e-02
6.179404e-02
6.190531e-02
6.198426e-02
6.203252e-02
6.207392e-02
6.212873e-02
6.230491e-02
6.235295e-02
6.243269e-02
6.247061e-02
6.254486e-02
6.261299e-02
6.265793e-02
6.277711e-02
6.289237e-02
6.293826e-02
6.302027e-02
6.319427e-02
6.320981e-02
6.329322e-02
6.340835e-02
6.353486e-02
6.356856e-02
6.360219e-02
6.372503e-02
6.381918e-02
6.393849e-02
6.397402e-02
6.409835e-02
6.419746e-02
6.428425e-02
6.432617e-02
6.443807e-02
6.457843e-02
6.467524e-02
6.476668e-02
6.480841e-02
6.488358e-02
6.504545e-02
6.513877e-02
6.518909e-02
6.525294e-02
6.527679e-02
6.536434e-02
6.540613e-02
6.561440e-02
6.575794e-02
6.587752e-02
6.607787e-02
6.619644e-02
6.639245e-02
6.645005e-02
6.648410e-02
6.654696e-02
6.666523e-02
6.674906e-02
6.678626e-02
6.691168e-02
6.706324e-02
6.709026e-02
6.716432e-02
6.733909e-02
6.736203e-02
6.745731e-02
6.756452e-02
6.773532e-02
6.789716e-02
6.797215e-02
6.807478e-02
6.811335e-02
6.822465e-02
6.836646e-02
6.841255e-02
6.844579e-02
6.866084e-02
6.879676e-02
6.884311e-02
6.897016e-02
6.904018e-02
6.912459e-02
6.922452e-02
6.934868e-02
6.943381e-02
6.949784e-02
6.953179e-02
6.957461e-02
6.958682e-02
6.975266e-02
6.985147e-02
6.993697e-02
7.002526e-02
7.003529e-02
7.015854e-02
7.022162e-02
7.044395e-02
7.056371e-02
7.064622e-02
7.073596e-02
7.085490e-02
7.090792e-02
7.100850e-02
7.107469e-02
7.123473e-02
7.127274e-02
7.128744e-02
7.144660e-02
7.148769e-02
7.153847e-02
7.162066e-02
7.178969e-02
7.179498e-02
7.186711e-02
7.200356e-02
7.202703e-02
7.210530e-02
7.230757e-02
7.235825e-02
7.242591e-02
7.252026e-02
7.260292e-02
7.265989e-02
7.278148e-02
7.284425e-02
7.294794e-02
7.306475e-02
7.312415e-02
7.319531e-02
7.334797e-02
7.343139e-02
7.356361e-02
7.363545e-02
7.374359e-02
7.389973e-02
7.398466e-02
7.405135e-02
7.410535e-02
7.411343e-02
7.426576e-02
7.429593e-02
7.443319e-02
7.455417e-02
7.462042e-02
7.473839e-02
7.481736e-02
7.487586e-02
7.491361e-02
7.500338e-02
7.508796e-02
7.514064e-02
7.524807e-02
7.529885e-02
7.539156e-02
7.552093e-02
7.555888e-02
7.562884e-02
7.574295e-02
7.576094e-02
7.588373e-02
7.598605e-02
7.610478e-02
7.621403e-02
7.628139e-02
7.631866e-02
7.647794e-02
7.655449e-02
7.658242e-02
7.661640e-02
7.677885e-02
7.687282e-02
7.693077e-02
7.701982e-02
7.704364e-02
7.716202e-02
7.722527e-02
7.737381e-02
7.756785e-02
7.758918e-02
7.762037e-02
7.766840e-02
7.781573e-02
7.789465e-02
7.797775e-02
7.807262e-02
7.816767e-02
7.825831e-02
7.837050e-02
7.844569e-02
7.848003e-02
7.853591e-02
7.877580e-02
7.882396e-02
7.889824e-02
7.896629e-02
7.903887e-02
7.909409e-02
7.917121e-02
7.925113e-02
7.930636e-02
7.936483e-02
7.944779e-02
7.957826e-02
7.959425e-02
7.965807e-02
7.980159e-02
7.986112e-02
8.000773e-02
8.008391e-02
8.013361e-02
8.019536e-02
8.026920e-02
8.038233e-02
8.052745e-02
8.055555e-02
8.059994e-02
8.068125e-02
8.074491e-02
8.080528e-02
8.089434e-02
8.103729e-02
8.114396e-02
8.117724e-02
8.131720e-02
8.136577e-02
8.141317e-02
8.144511e-02
8.155397e-02
8.165749e-02
8.173215e-02
8.185100e-02
8.189494e-02
8.206020e-02
8.215349e-02
8.219462e-02
8.227648e-02
8.238448e-02
8.254687e-02
8.260055e-02
8.271043e-02
8.288587e-02
8.291923e-02
8.306418e-02
8.308903e-02
8.316450e-02
8.324638e-02
8.327977e-02
8.337627e-02
8.346635e-02
8.351195e-02
8.359316e-02
8.368872e-02
8.375135e-02
8.388529e-02
8.396409e-02
8.401911e-02
8.411598e-02
8.418434e-02
8.430682e-02
8.435986e-02
8.449063e-02
8.466063e-02
8.475980e-02
8.479779e-02
8.485551e-02
8.499607e-02
8.504614e-02
8.515614e-02
8.517064e-02
8.531025e-02
8.544182e-02
8.553514e-02
8.562937e-02
8.571518e-02
8.585504e-02
8.589660e-02
8.595653e-02
8.609145e-02
8.624118e-02
8.630259e-02
8.640311e-02
8.642563e-02
8.651183e-02
8.658961e-02
8.664198e-02
8.674421e-02
8.677159e-02
8.688622e-02
8.690870e-02
8.697263e-02
8.708594e-02
8.724994e-02
8.726454e-02
8.740676e-02
8.752087e-02
8.753822e-02
8.759727e-02
8.764799e-02
8.770173e-02
8.779121e-02
8.786896e-02
8.803814e-02
8.807210e-02
8.821019e-02
8.826681e-02
8.834157e-02
8.842872e-02
8.851362e-02
8.857515e-02
8.863809e-02
8.870574e-02
8.874024e-02
8.888775e-02
8.893180e-02
8.898804e-02
8.914997e-02
8.920032e-02
8.924761e-02
8.928420e-02
8.942743e-02
8.946445e-02
8.951754e-02
8.954085e-02
8.964180e-02
8.986839e-02
8.992796e-02
9.000528e-02
9.001601e-02
9.010130e-02
9.019740e-02
9.025262e-02
9.035859e-02
9.037533e-02
9.044038e-02
9.048891e-02
9.061183e-02
9.070059e-02
9.070623e-02
9.078063e-02
9.086528e-02
9.094042e-02
9.102844e-02
9.108705e-02
9.118619e-02
9.126531e-02
9.135912e-02
9.140740e-02
9.148155e-02
9.168141e-02
9.173342e-02
9.180425e-02
9.185948e-02
9.190825e-02
9.200566e-02
9.207481e-02
9.216634e-02
9.223590e-02
9.228864e-02
9.239526e-02
9.246172e-02
9.253754e-02
9.256639e-02
9.271673e-02
9.280069e-02
9.288926e-02
9.303966e-02
9.311879e-02
9.318302e-02
9.322221e-02
9.334427e-02
9.337505e-02
9.358472e-02
9.367025e-02
9.369090e-02
9.375948e-02
9.387857e-02
9.390242e-02
9.398152e-02
9.407264e-02
9.417549e-02
9.423812e-02
9.427110e-02
9.441652e-02
9.444116e-02
9.449785e-02
9.461230e-02
9.465534e-02
9.473915e-02
9.497437e-02
9.504832e-02
9.509058e-02
9.512933e-02
9.525986e-02
9.533494e-02
9.544153e-02
9.550782e-02
9.554462e-02
9.574643e-02
9.576955e-02
9.579338e-02
9.582197e-02
9.588392e-02
9.597396e-02
9.603950e-02
9.606940e-02
9.618642e-02
9.630690e-02
9.637642e-02
9.641409e-02
9.647996e-02
9.659163e-02
9.673603e-02
9.678520e-02
9.688290e-02
9.691948e-02
9.701272e-02
9.712486e-02
9.723769e-02
9.726583e-02
9.730932e-02
9.745476e-02
9.749465e-02
9.757325e-02
9.771299e-02
9.773070e-02
9.773849e-02
9.785502e-02
9.798128e-02
9.808586e-02
9.811262e-02
9.830204e-02
9.837179e-02
9.847840e-02
9.851152e-02
9.860535e-02
9.872813e-02
9.874705e-02
9.880561e-02
9.888744e-02
9.903576e-02
9.908275e-02
9.912581e-02
9.921240e-02
9.926876e-02
9.937420e-02
9.939739e-02
9.946845e-02
9.956019e-02
9.973208e-02
9.974067e-02
9.981878e-02
9.992343e-02
9.994291e-02
1.000995e-01
1.001509e-01
1.002777e-01
1.004031e-01
1.005137e-01
1.005520e-01
1.005870e-01
1.006639e-01
1.007686e-01
1.008318e-01
1.008437e-01
1.009491e-01
1.009560e-01
1.011279e-01
1.012000e-01
1.012416e-01
1.013053e-01
1.013236e-01
1.014070e-01
1.015443e-01
1.015716e-01
1.016761e-01
1.017891e-01
1.018392e-01
1.019127e-01
1.019793e-01
1.020498e-01
1.020723e-01
1.022304e-01
1.022704e-01
1.023108e-01
1.025350e-01
1.025647e-01
1.025856e-01
1.026416e-01
1.027279e-01
1.027868e-01
1.029093e-01
1.030081e-01
1.030686e-01
1.030938e-01
1.032278e-01
1.033225e-01
1.033997e-01
1.034221e-01
1.034585e-01
1.035008e-01
1.035267e-01
1.036930e-01
1.038029e-01
1.039023e-01
1.039678e-01
1.040676e-01
1.041093e-01
1.042339e-01
1.042555e-01
1.043907e-01
1.044610e-01
1.044939e-01
1.045895e-01
1.046396e-01
1.046770e-01
1.048190e-01
1.048846e-01
1.049756e-01
1.050746e-01
1.051408e-01
1.051749e-01
1.052866e-01
1.053354e-01
1.054396e-01
1.054958e-01
1.055473e-01
1.055901e-01
1.057395e-01
1.058220e-01
1.058458e-01
1.059830e-01
1.060330e-01
1.061114e-01
1.062172e-01
1.062975e-01
1.064057e-01
1.064358e-01
1.065067e-01
1.065212e-01
1.066414e-01
1.067014e-01
1.067976e-01
1.068657e-01
1.068828e-01
1.069629e-01
1.070529e-01
1.071406e-01
1.072494e-01
1.073194e-01
1.073675e-01
1.074424e-01
1.075152e-01
1.075362e-01
1.076636e-01
1.077170e-01
1.078068e-01
1.078903e-01
1.079707e-01
1.079778e-01
1.080411e-01
1.082130e-01
1.082416e-01
1.083343e-01
1.084170e-01
1.084398e-01
1.085002e-01
1.085397e-01
1.086421e-01
1.086759e-01
1.087191e-01
1.088335e-01
1.088631e-01
1.089701e-01
1.090748e-01
1.090941e-01
1.091829e-01
1.092324e-01
1.093123e-01
1.094759e-01
1.095053e-01
1.096168e-01
1.096620e-01
1.097575e-01
1.098266e-01
1.098795e-01
1.100559e-01
1.100719e-01
1.101656e-01
1.102833e-01
1.104236e-01
1.104635e-01
1.105350e-01
1.106156e-01
1.106512e-01
1.107233e-01
1.107941e-01
1.108443e-01
1.109451e-01
1.110336e-01
1.111442e-01
1.112915e-01
1.113295e-01
1.114574e-01
1.114775e-01
1.115591e-01
1.116249e-01
1.116980e-01
1.117674e-01
1.118836e-01
1.119677e-01
1.120491e-01
1.121305e-01
1.121590e-01
1.122607e-01
1.123314e-01
1.124000e-01
1.124982e-01
1.126217e-01
1.126315e-01
1.127542e-01
1.128239e-01
1.128939e-01
1.129509e-01
1.130471e-01
1.130826e-01
1.132027e-01
1.132165e-01
1.133525e-01
1.134413e-01
1.135039e-01
1.135387e-01
1.135975e-01
1.137405e-01
1.137638e-01
1.138758e-01
1.139721e-01
1.140268e-01
1.140632e-01
1.142756e-01
1.143685e-01
1.144337e-01
1.144449e-01
1.145510e-01
1.146297e-01
1.146670e-01
1.147072e-01
1.147611e-01
1.148836e-01
1.149152e-01
1.150210e-01
1.150582e-01
1.151256e-01
1.151396e-01
1.152846e-01
1.154068e-01
1.154457e-01
1.155747e-01
1.156426e-01
1.157814e-01
1.157884e-01
1.158308e-01
1.158656e-01
1.159886e-01
1.160837e-01
1.161344e-01
1.162067e-01
1.162495e-01
1.163071e-01
1.164181e-01
1.164503e-01
1.164910e-01
1.165367e-01
1.166220e-01
1.167309e-01
1.168899e-01
1.169564e-01
1.170501e-01
1.170793e-01
1.171930e-01
1.173164e-01
1.173926e-01
1.174522e-01
1.174913e-01
1.175369e-01
1.176185e-01
1.176735e-01
1.177673e-01
1.178297e-01
1.179225e-01
1.179660e-01
1.180224e-01
1.181116e-01
1.181445e-01
1.183010e-01
1.183396e-01
1.184380e-01
1.184811e-01
1.185942e-01
1.186189e-01
1.187281e-01
1.187431e-01
1.188389e-01
1.188861e-01
1.189924e-01
1.190116e-01
1.191047e-01
1.191847e-01
1.192346e-01
1.193187e-01
1.194659e-01
1.194965e-01
1.195221e-01
1.195529e-01
1.196571e-01
1.197089e-01
1.197646e-01
1.197905e-01
1.199300e-01
1.199952e-01
1.200482e-01
1.201531e-01
1.202049e-01
1.203366e-01
1.204141e-01
1.204315e-01
1.205726e-01
1.206588e-01
1.207156e-01
1.208437e-01
1.208863e-01
1.210359e-01
1.211444e-01
1.212039e-01
1.212669e-01
1.213670e-01
1.214151e-01
1.215083e-01
1.215964e-01
1.216961e-01
1.217474e-01
1.217820e-01
1.218038e-01
1.219016e-01
1.219415e-01
1.219723e-01
1.220357e-01
1.221211e-01
1.222170e-01
1.223072e-01
1.223245e-01
1.223813e-01
1.224361e-01
1.225238e-01
1.226167e-01
1.226307e-01
1.227051e-01
1.228382e-01
1.229377e-01
1.229607e-01
1.229767e-01
1.230540e-01
1.231900e-01
1.232412e-01
1.232657e-01
1.233013e-01
1.234354e-01
1.235091e-01
1.235563e-01
1.236371e-01
1.236861e-01
1.237639e-01
1.238506e-01
1.238922e-01
1.240053e-01
1.240362e-01
1.241066e-01
1.241846e-01
1.242373e-01
1.243289e-01
1.244635e-01
1.244976e-01
1.245422e-01
1.246625e-01
1.246772e-01
1.247108e-01
1.247952e-01
1.248276e-01
1.249421e-01
1.250149e-01
1.250645e-01
1.250977e-01
1.251369e-01
1.252480e-01
1.252946e-01
1.254967e-01
1.255555e-01
1.256048e-01
1.256247e-01
1.256531e-01
1.258293e-01
1.259166e-01
1.259761e-01
1.260281e-01
1.261605e-01
1.262103e-01
1.263426e-01
1.263808e-01
1.264071e-01
1.265041e-01
1.266269e-01
1.266938e-01
1.267471e-01
1.268460e-01
1.269124e-01
1.269407e-01
1.270044e-01
1.270861e-01
1.271480e-01
1.272605e-01
1.273633e-01
1.274371e-01
1.275385e-01
1.276237e-01
1.276908e-01
1.277553e-01
1.278096e-01
1.278476e-01
1.280169e-01
1.280473e-01
1.280621e-01
1.281633e-01
1.282612e-01
1.282838e-01
1.284324e-01
1.284974e-01
1.285350e-01
1.286388e-01
1.287096e-01
1.287594e-01
1.288730e-01
1.289390e-01
1.290481e-01
1.291049e-01
1.291829e-01
1.292808e-01
1.293460e-01
1.294326e-01
1.294450e-01
1.295897e-01
1.296328e-01
1.296573e-01
1.298075e-01
1.298471e-01
1.299217e-01
1.299719e-01
1.300797e-01
1.301555e-01
1.301714e-01
1.302793e-01
1.304013e-01
1.304334e-01
1.305098e-01
1.305677e-01
1.306051e-01
1.307050e-01
1.307695e-01
1.308024e-01
1.308773e-01
1.309308e-01
1.309976e-01
1.311067e-01
1.312239e-01
1.312536e-01
1.313587e-01
1.314041e-01
1.314660e-01
1.315406e-01
1.315633e-01
1.316609e-01
1.317177e-01
1.318394e-01
1.319357e-01
1.319769e-01
1.320266e-01
1.320498e-01
1.321311e-01
1.322099e-01
1.322475e-01
1.323795e-01
1.324609e-01
1.325197e-01
1.325892e-01
1.326279e-01
1.327579e-01
1.327741e-01
1.327917e-01
1.328743e-01
1.329460e-01
1.330266e-01
1.331445e-01
1.331809e-01
1.332341e-01
1.333763e-01
1.333890e-01
1.334824e-01
1.335305e-01
1.336218e-01
1.336983e-01
1.337929e-01
1.338691e-01
1.338930e-01
1.340200e-01
1.340408e-01
1.341226e-01
1.342079e-01
1.342363e-01
1.342765e-01
1.343499e-01
1.344090e-01
1.345718e-01
1.345980e-01
1.347132e-01
1.348237e-01
1.348624e-01
1.349788e-01
1.349999e-01
1.350740e-01
1.351460e-01
1.352206e-01
1.352596e-01
1.353512e-01
1.354702e-01
1.356618e-01
1.357328e-01
1.357878e-01
1.358978e-01
1.359271e-01
1.359285e-01
1.360041e-01
1.360949e-01
1.361081e-01
1.362047e-01
1.362356e-01
1.363216e-01
1.363969e-01
1.364962e-01
1.365585e-01
1.366098e-01
1.367394e-01
1.367998e-01
1.368437e-01
1.368836e-01
1.369475e-01
1.370743e-01
1.371183e-01
1.371695e-01
1.372282e-01
1.372630e-01
1.373487e-01
1.374955e-01
1.375843e-01
1.376653e-01
1.377159e-01
1.377453e-01
1.378912e-01
1.379340e-01
1.381053e-01
1.382171e-01
1.382525e-01
1.383354e-01
1.383824e-01
1.384858e-01
1.385234e-01
1.386165e-01
1.386455e-01
1.386785e-01
1.387069e-01
1.387775e-01
1.388443e-01
1.389539e-01
1.390123e-01
1.391102e-01
1.391341e-01
1.392516e-01
1.392792e-01
1.393999e-01
1.394377e-01
1.395312e-01
1.395787e-01
1.396338e-01
1.397267e-01
1.398158e-01
1.398903e-01
1.399259e-01
1.400578e-01
1.401495e-01
1.401927e-01
1.402315e-01
1.402964e-01
1.404404e-01
1.404967e-01
1.405440e-01
1.405896e-01
1.406627e-01
1.407081e-01
1.408088e-01
1.408948e-01
1.409419e-01
1.410026e-01
1.411371e-01
1.412129e-01
1.412374e-01
1.413411e-01
1.413729e-01
1.414707e-01
1.415032e-01
1.416083e-01
1.416592e-01
1.417016e-01
1.417688e-01
1.417882e-01
1.419913e-01
1.420253e-01
1.421356e-01
1.421804e-01
1.422413e-01
1.423030e-01
1.424147e-01
1.424784e-01
1.425794e-01
1.426294e-01
1.427397e-01
1.428137e-01
1.428389e-01
1.430286e-01
1.430424e-01
1.431945e-01
1.432050e-01
1.432312e-01
1.433100e-01
1.433282e-01
1.434094e-01
1.436078e-01
1.436354e-01
1.436502e-01
1.437112e-01
1.437492e-01
1.438296e-01
1.438970e-01
1.439863e-01
1.440616e-01
1.441347e-01
1.441798e-01
1.442521e-01
1.443153e-01
1.443581e-01
1.444450e-01
1.444959e-01
1.446872e-01
1.447062e-01
1.447460e-01
1.448202e-01
1.448566e-01
1.449121e-01
1.450020e-01
1.451422e-01
1.451789e-01
1.452143e-01
1.453508e-01
1.454541e-01
1.455035e-01
1.455423e-01
1.456365e-01
1.456771e-01
1.457943e-01
1.458466e-01
1.459832e-01
1.460571e-01
1.461365e-01
1.461994e-01
1.463166e-01
1.463698e-01
1.464965e-01
1.465224e-01
1.465759e-01
1.466511e-01
1.468137e-01
1.468206e-01
1.468407e-01
1.469357e-01
1.470071e-01
1.470984e-01
1.471598e-01
1.472672e-01
1.472998e-01
1.473666e-01
1.474967e-01
1.475243e-01
1.476068e-01
1.476452e-01
1.477518e-01
1.478478e-01
1.478869e-01
1.479602e-01
1.480927e-01
1.481361e-01
1.481849e-01
1.482277e-01
1.483186e-01
1.483998e-01
1.484297e-01
1.484747e-01
1.485418e-01
1.486052e-01
1.486173e-01
1.487280e-01
1.487893e-01
1.488342e-01
1.488988e-01
1.489830e-01
1.490986e-01
1.491979e-01
1.492862e-01
1.493141e-01
1.493711e-01
1.494690e-01
1.495120e-01
1.495363e-01
1.496844e-01
1.497545e-01
1.497790e-01
1.499095e-01
1.499486e-01
1.499949e-01
1.500163e-01
1.501485e-01
1.501806e-01
1.502865e-01
1.503214e-01
1.504461e-01
1.505144e-01
1.505797e-01
1.506179e-01
1.506543e-01
1.508232e-01
1.508951e-01
1.509248e-01
1.510093e-01
1.510794e-01
1.511037e-01
1.512341e-01
1.512973e-01
1.513559e-01
1.514175e-01
1.515240e-01
1.516051e-01
1.516361e-01
1.516636e-01
1.517283e-01
1.518150e-01
1.518802e-01
1.519082e-01
1.520007e-01
1.520439e-01
1.520642e-01
1.521555e-01
1.522471e-01
1.523036e-01
1.523313e-01
1.524130e-01
1.524317e-01
1.525302e-01
1.526280e-01
1.526836e-01
1.527542e-01
1.528401e-01
1.529731e-01
1.530090e-01
1.530702e-01
1.531282e-01
1.532049e-01
1.532774e-01
1.532887e-01
1.533321e-01
1.533874e-01
1.534572e-01
1.534897e-01
1.535973e-01
1.537292e-01
1.537968e-01
1.538600e-01
1.539201e-01
1.539839e-01
1.540201e-01
1.541174e-01
1.541305e-01
1.542677e-01
1.543078e-01
1.543935e-01
1.544494e-01
1.545617e-01
1.545920e-01
1.546456e-01
1.547021e-01
1.547821e-01
1.548372e-01
1.549105e-01
1.549616e-01
1.550017e-01
1.550869e-01
1.551999e-01
1.552894e-01
1.553071e-01
1.553729e-01
1.554222e-01
1.555086e-01
1.555526e-01
1.556521e-01
1.557231e-01
1.558074e-01
1.558595e-01
1.559077e-01
1.559778e-01
1.560528e-01
1.560683e-01
1.561287e-01
1.562056e-01
1.562397e-01
1.563978e-01
1.564857e-01
1.565544e-01
1.566317e-01
1.567176e-01
1.567609e-01
1.568343e-01
1.569016e-01
1.569516e-01
1.569881e-01
1.570770e-01
1.571240e-01
1.571669e-01
1.572757e-01
1.573713e-01
1.574422e-01
1.575052e-01
1.575863e-01
1.576674e-01
1.577459e-01
1.578011e-01
1.579334e-01
1.579836e-01
1.581249e-01
1.581849e-01
1.582058e-01
1.583295e-01
1.583667e-01
1.584330e-01
1.584696e-01
1.585705e-01
1.586747e-01
1.587404e-01
1.587690e-01
1.588029e-01
1.589157e-01
1.590243e-01
1.591044e-01
1.592093e-01
1.592404e-01
1.592964e-01
1.594079e-01
1.594455e-01
1.594964e-01
1.596328e-01
1.596606e-01
1.597342e-01
1.598169e-01
1.598305e-01
1.599198e-01
1.600508e-01
1.600874e-01
1.601432e-01
1.601874e-01
1.602772e-01
1.603074e-01
1.603940e-01
1.604934e-01
1.605031e-01
1.605805e-01
1.605965e-01
1.606924e-01
1.607734e-01
1.608327e-01
1.609034e-01
1.609090e-01
1.610473e-01
1.610670e-01
1.611603e-01
1.611912e-01
1.612909e-01
1.613930e-01
1.614116e-01
1.614679e-01
1.616042e-01
1.616501e-01
1.616930e-01
1.618410e-01
1.618733e-01
1.619521e-01
1.619997e-01
1.620675e-01
1.620893e-01
1.621136e-01
1.621740e-01
1.622504e-01
1.623947e-01
1.624711e-01
1.625513e-01
1.626197e-01
1.626631e-01
1.627626e-01
1.628113e-01
1.628862e-01
1.629391e-01
1.630858e-01
1.631416e-01
1.632109e-01
1.632503e-01
1.632777e-01
1.634147e-01
1.634705e-01
1.636143e-01
1.637647e-01
1.637761e-01
1.638737e-01
1.638922e-01
1.639619e-01
1.640171e-01
1.640710e-01
1.640990e-01
1.641129e-01
1.642207e-01
1.642626e-01
1.643244e-01
1.643554e-01
1.645267e-01
1.646008e-01
1.646785e-01
1.647026e-01
1.648253e-01
1.648959e-01
1.649251e-01
1.649599e-01
1.650432e-01
1.650962e-01
1.651821e-01
1.652998e-01
1.653517e-01
1.653855e-01
1.654533e-01
1.655031e-01
1.655593e-01
1.656794e-01
1.657025e-01
1.657436e-01
1.658188e-01
1.658877e-01
1.659750e-01
1.660154e-01
1.661014e-01
1.661832e-01
1.662232e-01
1.662697e-01
1.663655e-01
1.664407e-01
1.665534e-01
1.665959e-01
1.666416e-01
1.667485e-01
1.668230e-01
1.668858e-01
1.669242e-01
1.669854e-01
1.670632e-01
1.671537e-01
1.672143e-01
1.672235e-01
1.672964e-01
1.673570e-01
1.674316e-01
1.674625e-01
1.675649e-01
1.676315e-01
1.676879e-01
1.677567e-01
1.678701e-01
1.679109e-01
1.679697e-01
1.680739e-01
1.681216e-01
1.681882e-01
1.681982e-01
1.682921e-01
1.683564e-01
1.683908e-01
1.684580e-01
1.685370e-01
1.685979e-01
1.687005e-01
1.687327e-01
1.687977e-01
1.688615e-01
1.689415e-01
1.689908e-01
1.690170e-01
1.690868e-01
1.691873e-01
1.692749e-01
1.693464e-01
1.694077e-01
1.694823e-01
1.695904e-01
1.696484e-01
1.696825e-01
1.697759e-01
1.698733e-01
1.699234e-01
1.700074e-01
1.700257e-01
1.701204e-01
1.701733e-01
1.703299e-01
1.703429e-01
1.704805e-01
1.704879e-01
1.705711e-01
1.706337e-01
1.706425e-01
1.706854e-01
1.708074e-01
1.708726e-01
1.709868e-01
1.709986e-01
1.711077e-01
1.711565e-01
1.712078e-01
1.712962e-01
1.713528e-01
1.714649e-01
1.715252e-01
1.715952e-01
1.716437e-01
1.716716e-01
1.717683e-01
1.718285e-01
1.718935e-01
1.719763e-01
1.720285e-01
1.721513e-01
1.721793e-01
1.722359e-01
1.723021e-01
1.723864e-01
1.724222e-01
1.724588e-01
1.725163e-01
1.725694e-01
1.726330e-01
1.726661e-01
1.727323e-01
1.728192e-01
1.729195e-01
1.729911e-01
1.730524e-01
1.732018e-01
1.732540e-01
1.733271e-01
1.734600e-01
1.734962e-01
1.735507e-01
1.735763e-01
1.736142e-01
1.737002e-01
1.737664e-01
1.738169e-01
1.739781e-01
1.740666e-01
1.741516e-01
1.741941e-01
1.742435e-01
1.742844e-01
1.743336e-01
1.743497e-01
1.744069e-01
1.744836e-01
1.745853e-01
1.747172e-01
1.747996e-01
1.748723e-01
1.749135e-01
1.749413e-01
1.750391e-01
1.751042e-01
1.751454e-01
1.752353e-01
1.753390e-01
1.753446e-01
1.754270e-01
1.755459e-01
1.756127e-01
1.757253e-01
1.757891e-01
1.758143e-01
1.758577e-01
1.758828e-01
1.759108e-01
1.759497e-01
1.760192e-01
1.761025e-01
1.761472e-01
1.761915e-01
1.762383e-01
1.763337e-01
1.764512e-01
1.765180e-01
1.765966e-01
1.766828e-01
1.767252e-01
1.767738e-01
1.768280e-01
1.768443e-01
1.769468e-01
1.770980e-01
1.771080e-01
1.772936e-01
1.773340e-01
1.774134e-01
1.774631e-01
1.775350e-01
1.776056e-01
1.776917e-01
1.777252e-01
1.777737e-01
1.777975e-01
1.778162e-01
1.780091e-01
1.780586e-01
1.780812e-01
1.781493e-01
1.782735e-01
1.783396e-01
1.784137e-01
1.785553e-01
1.785981e-01
1.787024e-01
1.787712e-01
1.788275e-01
1.788734e-01
1.789402e-01
1.789637e-01
1.790322e-01
1.791117e-01
1.791341e-01
1.792878e-01
1.793546e-01
1.794034e-01
1.794302e-01
1.795121e-01
1.795560e-01
1.796557e-01
1.797022e-01
1.798266e-01
1.799288e-01
1.800099e-01
1.800391e-01
1.801043e-01
1.801486e-01
1.802659e-01
1.803142e-01
1.803385e-01
1.804516e-01
1.805142e-01
1.805825e-01
1.806314e-01
1.807030e-01
1.808428e-01
1.808852e-01
1.809726e-01
1.809834e-01
1.811095e-01
1.811680e-01
1.812498e-01
1.812800e-01
1.812973e-01
1.814239e-01
1.815057e-01
1.815323e-01
1.815620e-01
1.816251e-01
1.817006e-01
1.818043e-01
1.818578e-01
1.819063e-01
1.819751e-01
1.820583e-01
1.821461e-01
1.822840e-01
1.823287e-01
1.824603e-01
1.824764e-01
1.825883e-01
1.826566e-01
1.827287e-01
1.828295e-01
1.828767e-01
1.828978e-01
1.829370e-01
1.830107e-01
1.830490e-01
1.831609e-01
1.832860e-01
1.833545e-01
1.834373e-01
1.834464e-01
1.835801e-01
1.836429e-01
1.837315e-01
1.837664e-01
1.838620e-01
1.839217e-01
1.839863e-01
1.840072e-01
1.840300e-01
1.841694e-01
1.842545e-01
1.843039e-01
1.843321e-01
1.843802e-01
1.844284e-01
1.845207e-01
1.846346e-01
1.847153e-01
1.848555e-01
1.848779e-01
1.849196e-01
1.850451e-01
1.850612e-01
1.851536e-01
1.852302e-01
1.853362e-01
1.854008e-01
1.855104e-01
1.855217e-01
1.856135e-01
1.857243e-01
1.857790e-01
1.858144e-01
1.859344e-01
1.859614e-01
1.860187e-01
1.861007e-01
1.861253e-01
1.862043e-01
1.863252e-01
1.864519e-01
1.865222e-01
1.866096e-01
1.866609e-01
1.867205e-01
1.867384e-01
1.868020e-01
1.868629e-01
1.869502e-01
1.869974e-01
1.870784e-01
1.871258e-01
1.871898e-01
1.872308e-01
1.872607e-01
1.873626e-01
1.874348e-01
1.875146e-01
1.875968e-01
1.876567e-01
1.877355e-01
1.877946e-01
1.879639e-01
1.879775e-01
1.880965e-01
1.881793e-01
1.882310e-01
1.882853e-01
1.883443e-01
1.884528e-01
1.885140e-01
1.885663e-01
1.886271e-01
1.886793e-01
1.887866e-01
1.888415e-01
1.888731e-01
1.889602e-01
1.890365e-01
1.891079e-01
1.891131e-01
1.892332e-01
1.892603e-01
1.893360e-01
1.894258e-01
1.894801e-01
1.895379e-01
1.896036e-01
1.897148e-01
1.897637e-01
1.899171e-01
1.899536e-01
1.899799e-01
1.900589e-01
1.901391e-01
1.901677e-01
1.902324e-01
1.902658e-01
1.904045e-01
1.905322e-01
1.905654e-01
1.906606e-01
1.906871e-01
1.907210e-01
1.907643e-01
1.908654e-01
1.908905e-01
1.910143e-01
1.910540e-01
1.911376e-01
1.912166e-01
1.912711e-01
1.913416e-01
1.914377e-01
1.914581e-01
1.915319e-01
1.915800e-01
1.917100e-01
1.917586e-01
1.918639e-01
1.919341e-01
1.919979e-01
1.920628e-01
1.920899e-01
1.921154e-01
1.922711e-01
1.923508e-01
1.924036e-01
1.924808e-01
1.925222e-01
1.925515e-01
1.926403e-01
1.927435e-01
1.927913e-01
1.928592e-01
1.929391e-01
1.929606e-01
1.930341e-01
1.930542e-01
1.930869e-01
1.932801e-01
1.933426e-01
1.933783e-01
1.934180e-01
1.934629e-01
1.935859e-01
1.936140e-01
1.936506e-01
1.937902e-01
1.938296e-01
1.939963e-01
1.940273e-01
1.940405e-01
1.941587e-01
1.942302e-01
1.943174e-01
1.944442e-01
1.945082e-01
1.945252e-01
1.945762e-01
1.946354e-01
1.947236e-01
1.948029e-01
1.948144e-01
1.949166e-01
1.949713e-01
1.950671e-01
1.951809e-01
1.952735e-01
1.953168e-01
1.954164e-01
1.954346e-01
1.954724e-01
1.956175e-01
1.956811e-01
1.957166e-01
1.957846e-01
1.958487e-01
1.959172e-01
1.959509e-01
1.960401e-01
1.961589e-01
1.962092e-01
1.962116e-01
1.964316e-01
1.964650e-01
1.965300e-01
1.966546e-01
1.966874e-01
1.967084e-01
1.968057e-01
1.969044e-01
1.969275e-01
1.969799e-01
1.970919e-01
1.971689e-01
1.972020e-01
1.973305e-01
1.973619e-01
1.974974e-01
1.975624e-01
1.976270e-01
1.976637e-01
1.977156e-01
1.978230e-01
1.978523e-01
1.978754e-01
1.980023e-01
1.980312e-01
1.981330e-01
1.981629e-01
1.982199e-01
1.982628e-01
1.983855e-01
1.984257e-01
1.984993e-01
1.986080e-01
1.986668e-01
1.986976e-01
1.987277e-01
1.987872e-01
1.989108e-01
1.989562e-01
1.990022e-01
1.990629e-01
1.991871e-01
1.992336e-01
1.992792e-01
1.993234e-01
1.994544e-01
1.994956e-01
1.995632e-01
1.996851e-01
1.997363e-01
1.998487e-01
1.999537e-01
1.999855e-01
2.000854e-01
2.001134e-01
2.001909e-01
2.002574e-01
2.003597e-01
2.004165e-01
2.004938e-01
2.005492e-01
2.007335e-01
2.008127e-01
2.008784e-01
2.009035e-01
2.009429e-01
2.010491e-01
2.010863e-01
2.011394e-01
2.012059e-01
2.012686e-01
2.013462e-01
2.014679e-01
2.015383e-01
2.016103e-01
2.016860e-01
2.017454e-01
2.018002e-01
2.018453e-01
2.019120e-01
2.019602e-01
2.020113e-01
2.021153e-01
2.021420e-01
2.022707e-01
2.023299e-01
2.023704e-01
2.024358e-01
2.024952e-01
2.025461e-01
2.026803e-01
2.027693e-01
2.027984e-01
2.028321e-01
2.030003e-01
2.030302e-01
2.031474e-01
2.031599e-01
2.032277e-01
2.032915e-01
2.033409e-01
2.034504e-01
2.034817e-01
2.035593e-01
2.036046e-01
2.036637e-01
2.037903e-01
2.038044e-01
2.038694e-01
2.039187e-01
2.039751e-01
2.040923e-01
2.041165e-01
2.041637e-01
2.042876e-01
2.043044e-01
2.043308e-01
2.044318e-01
2.045635e-01
2.045897e-01
2.047149e-01
2.047599e-01
2.048524e-01
2.049122e-01
2.049962e-01
2.050417e-01
2.050680e-01
2.051071e-01
2.051169e-01
2.051645e-01
2.053031e-01
2.053204e-01
2.053580e-01
2.054436e-01
2.054723e-01
2.054883e-01
2.057151e-01
2.057486e-01
2.058311e-01
2.059190e-01
2.060627e-01
2.061477e-01
2.061795e-01
2.062953e-01
2.063704e-01
2.063964e-01
2.064388e-01
2.064651e-01
2.065849e-01
2.067490e-01
2.067840e-01
2.068103e-01
2.068586e-01
2.068822e-01
2.070387e-01
2.071093e-01
2.071681e-01
2.071907e-01
2.072640e-01
2.074007e-01
2.074822e-01
2.075496e-01
2.076346e-01
2.076559e-01
2.076895e-01
2.077339e-01
2.078336e-01
2.078483e-01
2.078960e-01
2.079340e-01
2.080371e-01
2.080880e-01
2.081459e-01
2.082396e-01
2.083320e-01
2.083666e-01
2.083830e-01
2.086020e-01
2.086467e-01
2.087140e-01
2.087334e-01
2.088235e-01
2.088792e-01
2.089135e-01
2.090076e-01
2.091144e-01
2.091389e-01
2.092417e-01
2.092905e-01
2.093365e-01
2.093944e-01
2.094869e-01
2.095717e-01
2.096344e-01
2.096560e-01
2.097495e-01
2.098099e-01
2.098283e-01
2.099313e-01
2.100073e-01
2.100544e-01
2.101272e-01
2.101898e-01
2.102818e-01
2.103253e-01
2.103833e-01
2.104025e-01
2.104457e-01
2.105544e-01
2.106015e-01
2.107465e-01
2.107861e-01
2.108766e-01
2.108968e-01
2.109962e-01
2.110544e-01
2.110888e-01
2.111254e-01
2.112006e-01
2.112891e-01
2.113421e-01
2.114268e-01
2.114613e-01
2.115593e-01
2.115732e-01
2.116699e-01
2.117782e-01
2.118102e-01
2.119245e-01
2.119599e-01
2.120027e-01
2.120406e-01
2.120886e-01
2.121334e-01
2.121557e-01
2.122739e-01
2.123221e-01
2.123610e-01
2.124284e-01
2.125086e-01
2.125341e-01
2.126114e-01
2.126537e-01
2.126684e-01
2.127757e-01
2.128831e-01
2.129391e-01
2.130180e-01
2.130853e-01
2.131175e-01
2.131857e-01
2.132496e-01
2.133058e-01
2.133932e-01
2.134412e-01
2.134454e-01
2.135073e-01
2.136002e-01
2.136370e-01
2.136851e-01
2.138374e-01
2.138973e-01
2.139235e-01
2.139406e-01
2.140471e-01
2.141259e-01
2.142399e-01
2.142947e-01
2.143123e-01
2.143855e-01
2.144270e-01
2.146052e-01
2.146242e-01
2.146395e-01
2.147433e-01
2.147966e-01
2.148354e-01
2.148750e-01
2.149225e-01
2.150675e-01
2.151887e-01
2.152315e-01
2.152955e-01
2.153030e-01
2.153793e-01
2.153900e-01
2.155447e-01
2.156277e-01
2.156603e-01
2.157377e-01
2.158039e-01
2.158785e-01
2.159453e-01
2.159730e-01
2.161115e-01
2.161437e-01
2.161997e-01
2.162708e-01
2.163400e-01
2.163987e-01
2.164577e-01
2.165134e-01
2.165533e-01
2.165777e-01
2.166993e-01
2.167407e-01
2.167988e-01
2.168406e-01
2.169494e-01
2.169878e-01
2.170654e-01
2.170772e-01
2.171572e-01
2.172678e-01
2.172862e-01
2.173781e-01
2.174326e-01
2.174521e-01
2.175076e-01
2.175885e-01
2.176207e-01
2.176942e-01
2.177582e-01
2.177992e-01
2.178625e-01
2.178793e-01
2.179289e-01
2.180731e-01
2.181043e-01
2.181618e-01
2.181967e-01
2.182908e-01
2.183256e-01
2.183923e-01
2.184410e-01
2.184896e-01
2.185675e-01
2.186470e-01
2.187039e-01
2.187079e-01
2.187650e-01
2.188285e-01
2.189014e-01
2.189192e-01
2.190116e-01
2.190923e-01
2.192091e-01
2.192604e-01
2.193124e-01
2.193582e-01
2.194436e-01
2.195509e-01
2.195750e-01
2.196372e-01
2.197112e-01
2.197934e-01
2.199133e-01
2.199580e-01
2.199915e-01
2.200486e-01
2.201200e-01
2.202208e-01
2.202796e-01
2.203072e-01
2.203748e-01
2.204484e-01
2.205391e-01
2.206238e-01
2.206616e-01
2.207515e-01
2.208283e-01
2.208621e-01
2.209097e-01
2.209736e-01
2.210090e-01
2.210973e-01
2.211798e-01
2.212667e-01
2.212995e-01
2.213586e-01
2.213953e-01
2.214469e-01
2.215121e-01
2.216150e-01
2.216622e-01
2.217283e-01
2.218363e-01
2.218710e-01
2.219822e-01
2.220032e-01
2.220808e-01
2.221513e-01
2.222519e-01
2.222643e-01
2.224096e-01
2.224779e-01
2.225253e-01
2.225889e-01
2.226398e-01
2.227024e-01
2.227513e-01
2.227813e-01
2.228757e-01
2.229472e-01
2.230430e-01
2.231201e-01
2.232230e-01
2.232477e-01
2.233049e-01
2.233829e-01
2.234507e-01
2.235739e-01
2.236320e-01
2.236425e-01
2.237610e-01
2.237671e-01
2.237964e-01
2.238666e-01
2.239176e-01
2.240184e-01
2.241349e-01
2.242043e-01
2.242517e-01
2.243453e-01
2.243644e-01
2.244091e-01
2.244586e-01
2.246291e-01
2.247112e-01
2.247410e-01
2.247794e-01
2.248292e-01
2.249047e-01
2.249915e-01
2.250263e-01
2.251243e-01
2.251803e-01
2.252765e-01
2.253514e-01
2.254523e-01
2.254937e-01
2.255847e-01
2.256334e-01
2.256961e-01
2.258137e-01
2.258822e-01
2.259417e-01
2.260131e-01
2.260223e-01
2.261407e-01
2.261737e-01
2.262026e-01
2.262479e-01
2.263429e-01
2.263884e-01
2.264453e-01
2.265388e-01
2.266455e-01
2.267000e-01
2.267691e-01
2.267922e-01
2.268944e-01
2.269167e-01
2.270389e-01
2.270723e-01
2.271376e-01
2.271532e-01
2.272634e-01
2.272735e-01
2.273199e-01
2.274231e-01
2.274928e-01
2.275365e-01
2.275798e-01
2.276238e-01
2.277392e-01
2.277552e-01
2.278494e-01
2.279185e-01
2.279740e-01
2.280178e-01
2.280890e-01
2.281466e-01
2.281930e-01
2.282115e-01
2.282782e-01
2.283876e-01
2.285148e-01
2.285612e-01
2.286097e-01
2.286551e-01
2.287612e-01
2.288117e-01
2.289198e-01
2.289711e-01
2.290106e-01
2.290321e-01
2.291254e-01
2.292088e-01
2.292150e-01
2.292854e-01
2.293219e-01
2.293411e-01
2.293941e-01
2.295082e-01
2.296166e-01
2.296637e-01
2.297318e-01
2.297554e-01
2.298228e-01
2.299066e-01
2.299705e-01
2.300200e-01
2.300597e-01
2.302100e-01
2.302649e-01
2.303076e-01
2.303565e-01
2.303640e-01
2.304851e-01
2.305261e-01
2.306151e-01
2.306409e-01
2.307243e-01
2.307533e-01
2.309158e-01
2.310332e-01
2.310867e-01
2.311150e-01
2.311738e-01
2.312497e-01
2.312844e-01
2.313675e-01
2.313901e-01
2.314654e-01
2.314976e-01
2.315496e-01
2.316173e-01
2.316410e-01
2.316965e-01
2.318802e-01
2.319050e-01
2.320093e-01
2.320797e-01
2.320880e-01
2.321528e-01
2.321939e-01
2.322560e-01
2.323040e-01
2.323546e-01
2.323884e-01
2.324382e-01
2.324996e-01
2.325894e-01
2.326023e-01
2.327034e-01
2.327951e-01
2.328256e-01
2.328933e-01
2.329214e-01
2.330088e-01
2.331190e-01
2.331692e-01
2.332538e-01
2.333132e-01
2.333333e-01
2.334177e-01
2.334947e-01
2.335920e-01
2.336374e-01
2.337022e-01
2.337458e-01
2.337961e-01
2.338329e-01
2.339301e-01
2.339658e-01
2.339895e-01
2.340554e-01
2.341440e-01
2.342263e-01
2.343092e-01
2.343268e-01
2.343536e-01
2.344375e-01
2.344855e-01
2.345121e-01
2.346452e-01
2.346675e-01
2.347162e-01
2.348181e-01
2.348422e-01
2.349406e-01
2.349959e-01
2.350810e-01
2.351451e-01
2.351980e-01
2.352401e-01
2.352797e-01
2.353896e-01
2.354474e-01
2.355592e-01
2.356575e-01
2.356843e-01
2.357109e-01
2.357442e-01
2.358077e-01
2.358540e-01
2.359491e-01
2.360659e-01
2.361334e-01
2.361619e-01
2.361792e-01
2.362369e-01
2.362693e-01
2.363269e-01
2.363565e-01
2.365141e-01
2.365308e-01
2.365733e-01
2.366399e-01
2.367502e-01
2.367921e-01
2.368665e-01
2.369391e-01
2.369628e-01
2.370047e-01
2.371137e-01
2.371819e-01
2.372525e-01
2.373065e-01
2.373319e-01
2.374142e-01
2.374814e-01
2.375223e-01
2.376225e-01
2.376373e-01
2.376724e-01
2.377330e-01
2.378423e-01
2.378863e-01
2.379543e-01
2.379645e-01
2.380568e-01
2.381616e-01
2.381842e-01
2.382581e-01
2.382918e-01
2.383617e-01
2.384076e-01
2.384933e-01
2.385091e-01
2.385473e-01
2.386493e-01
2.387332e-01
2.387802e-01
2.388094e-01
2.388818e-01
2.389571e-01
2.389777e-01
2.390624e-01
2.391615e-01
2.391851e-01
2.392401e-01
2.393035e-01
2.394080e-01
2.395232e-01
2.395441e-01
2.395855e-01
2.396635e-01
2.397823e-01
2.398026e-01
2.398535e-01
2.399375e-01
2.399737e-01
2.399844e-01
2.400617e-01
2.401621e-01
2.402029e-01
2.402326e-01
2.403098e-01
2.404071e-01
2.404207e-01
2.405132e-01
2.406066e-01
2.406399e-01
2.406834e-01
2.407041e-01
2.407799e-01
2.408200e-01
2.408547e-01
2.408755e-01
2.409542e-01
2.410228e-01
2.410743e-01
2.411785e-01
2.412203e-01
2.412729e-01
2.414196e-01
2.414553e-01
2.414910e-01
2.415889e-01
2.416010e-01
2.416692e-01
2.417064e-01
2.418114e-01
2.418345e-01
2.419356e-01
2.419777e-01
2.420583e-01
2.421381e-01
2.421833e-01
2.422022e-01
2.422601e-01
2.423033e-01
2.423584e-01
2.424216e-01
2.424674e-01
2.425111e-01
2.426494e-01
2.426709e-01
2.427195e-01
2.427858e-01
2.428340e-01
2.429376e-01
2.429872e-01
2.430620e-01
2.431068e-01
2.431267e-01
2.432365e-01
2.432498e-01
2.433671e-01
2.433928e-01
2.434405e-01
2.435109e-01
2.435459e-01
2.436034e-01
2.436721e-01
2.437091e-01
2.437898e-01
2.438380e-01
2.439178e-01
2.439671e-01
2.440573e-01
2.441393e-01
2.441995e-01
2.442758e-01
2.443223e-01
2.443788e-01
2.445079e-01
2.445237e-01
2.445728e-01
2.446345e-01
2.446756e-01
2.447871e-01
2.448462e-01
2.449474e-01
2.450183e-01
2.450570e-01
2.451095e-01
2.451343e-01
2.452119e-01
2.452494e-01
2.453063e-01
2.454034e-01
2.454346e-01
2.454975e-01
2.455552e-01
2.455928e-01
2.457149e-01
2.458140e-01
2.458736e-01
2.459145e-01
2.459551e-01
2.460512e-01
2.461052e-01
2.461421e-01
2.462407e-01
2.462851e-01
2.463387e-01
2.464221e-01
2.464375e-01
2.465315e-01
2.465676e-01
2.465995e-01
2.466605e-01
2.467444e-01
2.467874e-01
2.468368e-01
2.469534e-01
2.470029e-01
2.470101e-01
2.470633e-01
2.471800e-01
2.472277e-01
2.472452e-01
2.473735e-01
2.473986e-01
2.474848e-01
2.475241e-01
2.475700e-01
2.476195e-01
2.476563e-01
2.477000e-01
2.478454e-01
2.479092e-01
2.479384e-01
2.480313e-01
2.480913e-01
2.481149e-01
2.481743e-01
2.482735e-01
2.483835e-01
2.484081e-01
2.484357e-01
2.485120e-01
2.485900e-01
2.486516e-01
2.487297e-01
2.488363e-01
2.489036e-01
2.489337e-01
2.489837e-01
2.491031e-01
2.491553e-01
2.492321e-01
2.492392e-01
2.493033e-01
2.494107e-01
2.494545e-01
2.495111e-01
2.495779e-01
2.496483e-01
2.496799e-01
2.497292e-01
2.497649e-01
2.498503e-01
2.498980e-01
2.499664e-01
2.500388e-01
2.500710e-01
2.501908e-01
2.502517e-01
2.502744e-01
2.503314e-01
2.504448e-01
2.504981e-01
2.505571e-01
2.506302e-01
2.506783e-01
2.507227e-01
2.507610e-01
2.507939e-01
2.508551e-01
2.509504e-01
2.510162e-01
2.510757e-01
2.511004e-01
2.512139e-01
2.512375e-01
2.512763e-01
2.513660e-01
2.514441e-01
2.514835e-01
2.515460e-01
2.515709e-01
2.516374e-01
2.517206e-01
2.517416e-01
2.518225e-01
2.518742e-01
2.519631e-01
2.520014e-01
2.520581e-01
2.521075e-01
2.521727e-01
2.522343e-01
2.523222e-01
2.523376e-01
2.524120e-01
2.525106e-01
2.525183e-01
2.525953e-01
2.526531e-01
2.527246e-01
2.527288e-01
2.527917e-01
2.528522e-01
2.529822e-01
2.530530e-01
2.531548e-01
2.531912e-01
2.532556e-01
2.532984e-01
2.533193e-01
2.534115e-01
2.535048e-01
2.535400e-01
2.536257e-01
2.536780e-01
2.537606e-01
2.537845e-01
2.538043e-01
2.538411e-01
2.539464e-01
2.540144e-01
2.540423e-01
2.540882e-01
2.541709e-01
2.542639e-01
2.542880e-01
2.543456e-01
2.544320e-01
2.544437e-01
2.545554e-01
2.546037e-01
2.546479e-01
2.547269e-01
2.547870e-01
2.548257e-01
2.548605e-01
2.549153e-01
2.550034e-01
2.550708e-01
2.551040e-01
2.551536e-01
2.552029e-01
2.552984e-01
2.553349e-01
2.553522e-01
2.554604e-01
2.554773e-01
2.555815e-01
2.556698e-01
2.557321e-01
2.557702e-01
2.557954e-01
2.558972e-01
2.559670e-01
2.559876e-01
2.560910e-01
2.561346e-01
2.561828e-01
2.562975e-01
2.563170e-01
2.564237e-01
2.564603e-01
2.565758e-01
2.565866e-01
2.566722e-01
2.567012e-01
2.567673e-01
2.568080e-01
2.568352e-01
2.569413e-01
2.570529e-01
2.571077e-01
2.571651e-01
2.572322e-01
2.572469e-01
2.572929e-01
2.573095e-01
2.574951e-01
2.575233e-01
2.575823e-01
2.576315e-01
2.576534e-01
2.577407e-01
2.577666e-01
2.578549e-01
2.579838e-01
2.580105e-01
2.580291e-01
2.581511e-01
2.582420e-01
2.582578e-01
2.583125e-01
2.583287e-01
2.583617e-01
2.584766e-01
2.584820e-01
2.585840e-01
2.586368e-01
2.586959e-01
2.587475e-01
2.588688e-01
2.589241e-01
2.589910e-01
2.590310e-01
2.590552e-01
2.591103e-01
2.591465e-01
2.592599e-01
2.593092e-01
2.594629e-01
2.595068e-01
2.595726e-01
2.596070e-01
2.597128e-01
2.598163e-01
2.598348e-01
2.598697e-01
2.599490e-01
2.599835e-01
2.600500e-01
2.601062e-01
2.601773e-01
2.602296e-01
2.602649e-01
2.603357e-01
2.603960e-01
2.604701e-01
2.605043e-01
2.605403e-01
2.605868e-01
2.606786e-01
2.607230e-01
2.607823e-01
2.608436e-01
2.608920e-01
2.609298e-01
2.610543e-01
2.611496e-01
2.612017e-01
2.612476e-01
2.612975e-01
2.613392e-01
2.614070e-01
2.614737e-01
2.615461e-01
2.615791e-01
2.616643e-01
2.617221e-01
2.617574e-01
2.618586e-01
2.618763e-01
2.619177e-01
2.619473e-01
2.621138e-01
2.621525e-01
2.621909e-01
2.622434e-01
2.623153e-01
2.623620e-01
2.624208e-01
2.624601e-01
2.625012e-01
2.625731e-01
2.626779e-01
2.627097e-01
2.627660e-01
2.628013e-01
2.628892e-01
2.629361e-01
2.630199e-01
2.630597e-01
2.631064e-01
2.631740e-01
2.632746e-01
2.633608e-01
2.633909e-01
2.634776e-01
2.635034e-01
2.635704e-01
2.636356e-01
2.637137e-01
2.637676e-01
2.638352e-01
2.639082e-01
2.639219e-01
2.639795e-01
2.641040e-01
2.641274e-01
2.642024e-01
2.642826e-01
2.643449e-01
2.643696e-01
2.644128e-01
2.645071e-01
2.645136e-01
2.645309e-01
2.646853e-01
2.647677e-01
2.648210e-01
2.648500e-01
2.648820e-01
2.649159e-01
2.649608e-01
2.650378e-01
2.651270e-01
2.651745e-01
2.652672e-01
2.653338e-01
2.653978e-01
2.654328e-01
2.654928e-01
2.655299e-01
2.655958e-01
2.656932e-01
2.657704e-01
2.658317e-01
2.658901e-01
2.659306e-01
2.659807e-01
2.660948e-01
2.661651e-01
2.662024e-01
2.662941e-01
2.663161e-01
2.664373e-01
2.664666e-01
2.665168e-01
2.665905e-01
2.666324e-01
2.666726e-01
2.667359e-01
2.668145e-01
2.668826e-01
2.669173e-01
2.670165e-01
2.671271e-01
2.671894e-01
2.672429e-01
2.672933e-01
2.673567e-01
2.673850e-01
2.674392e-01
2.674465e-01
2.675488e-01
2.676010e-01
2.677222e-01
2.677354e-01
2.678091e-01
2.678301e-01
2.679254e-01
2.679816e-01
2.680417e-01
2.680745e-01
2.681856e-01
2.682434e-01
2.682855e-01
2.683427e-01
2.683717e-01
2.684860e-01
2.685477e-01
2.685524e-01
2.686265e-01
2.686879e-01
2.687731e-01
2.688383e-01
2.688813e-01
2.689872e-01
2.690310e-01
2.690869e-01
2.691611e-01
2.691885e-01
2.692394e-01
2.693369e-01
2.693704e-01
2.694082e-01
2.695034e-01
2.695822e-01
2.696117e-01
2.697244e-01
2.697957e-01
2.698333e-01
2.698672e-01
2.699320e-01
2.700026e-01
2.700638e-01
2.701167e-01
2.701954e-01
2.702391e-01
2.703725e-01
2.703957e-01
2.704421e-01
2.705029e-01
2.705493e-01
2.706500e-01
2.707045e-01
2.707351e-01
2.708012e-01
2.708290e-01
2.708898e-01
2.709335e-01
2.710076e-01
2.710843e-01
2.711871e-01
2.712508e-01
2.713206e-01
2.713482e-01
2.713615e-01
2.714910e-01
2.715261e-01
2.715438e-01
2.716221e-01
2.716885e-01
2.717693e-01
2.718293e-01
2.718697e-01
2.719059e-01
2.719370e-01
2.720773e-01
2.721345e-01
2.721822e-01
2.722393e-01
2.723347e-01
2.723692e-01
2.724942e-01
2.725157e-01
2.726092e-01
2.726290e-01
2.726597e-01
2.727798e-01
2.728123e-01
2.728436e-01
2.729266e-01
2.729471e-01
2.730332e-01
2.730993e-01
2.731476e-01
2.731822e-01
2.732243e-01
2.733554e-01
2.734175e-01
2.734642e-01
2.735256e-01
2.735954e-01
2.736737e-01
2.737304e-01
2.738128e-01
2.739037e-01
2.739402e-01
2.739553e-01
2.740115e-01
2.741002e-01
2.741737e-01
2.742090e-01
2.742659e-01
2.743286e-01
2.743533e-01
2.743850e-01
2.744589e-01
2.745473e-01
2.745962e-01
2.747250e-01
2.747307e-01
2.747703e-01
2.748254e-01
2.749103e-01
2.750173e-01
2.750209e-01
2.750923e-01
2.751417e-01
2.751884e-01
2.752289e-01
2.752678e-01
2.753486e-01
2.754131e-01
2.754948e-01
2.755287e-01
2.756015e-01
2.757177e-01
2.757605e-01
2.758492e-01
2.758975e-01
2.759051e-01
2.759157e-01
2.760088e-01
2.760928e-01
2.761590e-01
2.761979e-01
2.763162e-01
2.763224e-01
2.763659e-01
2.764502e-01
2.765500e-01
2.766842e-01
2.767267e-01
2.767705e-01
2.768166e-01
2.768404e-01
2.768736e-01
2.769612e-01
2.770260e-01
2.771125e-01
2.772125e-01
2.772723e-01
2.773664e-01
2.773852e-01
2.774464e-01
2.774848e-01
2.775309e-01
2.775600e-01
2.776083e-01
2.777029e-01
2.778038e-01
2.778532e-01
2.778892e-01
2.779137e-01
2.779953e-01
2.780570e-01
2.781127e-01
2.781689e-01
2.781983e-01
2.782721e-01
2.783290e-01
2.784583e-01
2.785187e-01
2.786376e-01
2.786738e-01
2.786976e-01
2.787538e-01
2.788317e-01
2.788800e-01
2.789265e-01
2.789492e-01
2.790362e-01
2.791328e-01
2.791672e-01
2.792770e-01
2.793464e-01
2.793596e-01
2.794407e-01
2.795408e-01
2.795874e-01
2.797225e-01
2.797619e-01
2.798168e-01
2.798444e-01
2.798983e-01
2.799941e-01
2.800798e-01
2.801070e-01
2.801496e-01
2.802069e-01
2.802572e-01
2.803620e-01
2.804477e-01
2.805221e-01
2.805819e-01
2.806131e-01
2.806705e-01
2.807344e-01
2.807733e-01
2.808172e-01
2.809587e-01
2.809912e-01
2.810223e-01
2.811230e-01
2.811833e-01
2.812617e-01
2.813083e-01
2.813659e-01
2.813975e-01
2.814526e-01
2.815779e-01
2.816420e-01
2.817830e-01
2.818351e-01
2.818631e-01
2.818645e-01
2.819385e-01
2.819806e-01
2.820961e-01
2.821289e-01
2.821691e-01
2.822031e-01
2.823657e-01
2.824637e-01
2.824738e-01
2.825005e-01
2.825841e-01
2.826445e-01
2.826882e-01
2.827770e-01
2.828482e-01
2.829026e-01
2.829542e-01
2.830901e-01
2.831098e-01
2.831383e-01
2.831895e-01
2.832201e-01
2.833807e-01
2.834466e-01
2.835068e-01
2.836117e-01
2.836167e-01
2.836695e-01
2.837619e-01
2.838095e-01
2.838615e-01
2.838921e-01
2.839232e-01
2.840636e-01
2.840790e-01
2.841952e-01
2.842306e-01
2.842756e-01
2.843465e-01
2.843843e-01
2.844415e-01
2.845744e-01
2.846029e-01
2.846461e-01
2.846988e-01
2.847618e-01
2.848329e-01
2.848978e-01
2.850079e-01
2.850843e-01
2.851072e-01
2.851903e-01
2.852215e-01
2.852721e-01
2.853378e-01
2.854092e-01
2.854715e-01
2.855721e-01
2.856504e-01
2.856896e-01
2.857085e-01
2.857682e-01
2.858279e-01
2.859007e-01
2.859135e-01
2.860377e-01
2.860464e-01
2.861079e-01
2.861770e-01
2.862075e-01
2.862946e-01
2.863327e-01
2.863845e-01
2.864392e-01
2.864659e-01
2.865463e-01
2.865836e-01
2.866202e-01
2.867017e-01
2.867426e-01
2.868128e-01
2.868957e-01
2.869406e-01
2.870114e-01
2.870333e-01
2.871052e-01
2.871639e-01
2.872647e-01
2.873127e-01
2.873239e-01
2.873862e-01
2.874678e-01
2.875353e-01
2.875587e-01
2.876099e-01
2.877111e-01
2.877785e-01
2.878324e-01
2.878485e-01
2.879007e-01
2.880177e-01
2.880458e-01
2.881444e-01
2.882399e-01
2.882868e-01
2.883712e-01
2.884300e-01
2.885201e-01
2.885443e-01
2.885977e-01
2.886810e-01
2.887264e-01
2.887733e-01
2.888821e-01
2.889492e-01
2.889656e-01
2.890020e-01
2.890639e-01
2.891161e-01
2.891805e-01
2.892247e-01
2.893540e-01
2.893637e-01
2.894646e-01
2.895382e-01
2.895500e-01
2.896148e-01
2.897255e-01
2.897295e-01
2.898113e-01
2.898560e-01
2.898696e-01
2.900072e-01
2.900636e-01
2.900757e-01
2.900947e-01
2.901958e-01
2.903306e-01
2.903716e-01
2.904212e-01
2.904661e-01
2.905410e-01
2.906739e-01
2.906859e-01
2.907355e-01
2.908184e-01
2.908900e-01
2.909585e-01
2.909768e-01
2.910230e-01
2.910844e-01
2.911536e-01
2.911826e-01
2.912609e-01
2.912944e-01
2.913069e-01
2.914241e-01
2.914819e-01
2.915346e-01
2.916422e-01
2.916803e-01
2.917614e-01
2.918123e-01
2.918728e-01
2.918929e-01
2.919064e-01
2.920463e-01
2.920730e-01
2.921194e-01
2.922458e-01
2.922535e-01
2.923114e-01
2.923918e-01
2.924105e-01
2.924626e-01
2.925347e-01
2.925635e-01
2.926817e-01
2.927552e-01
2.928531e-01
2.929352e-01
2.929557e-01
2.930275e-01
2.930865e-01
2.931539e-01
2.931983e-01
2.932381e-01
2.932641e-01
2.933640e-01
2.933924e-01
2.934835e-01
2.935596e-01
2.936238e-01
2.936792e-01
2.937067e-01
2.937932e-01
2.939052e-01
2.939144e-01
2.939360e-01
2.940528e-01
2.940704e-01
2.940888e-01
2.942011e-01
2.942477e-01
2.943121e-01
2.943534e-01
2.944097e-01
2.944930e-01
2.945192e-01
2.946704e-01
2.946999e-01
2.947216e-01
2.947810e-01
2.948664e-01
2.948941e-01
2.949692e-01
2.950331e-01
2.950773e-01
2.951687e-01
2.952491e-01
2.952803e-01
2.953430e-01
2.954963e-01
2.955440e-01
2.956302e-01
2.957040e-01
2.957365e-01
2.957562e-01
2.958449e-01
2.959054e-01
2.959652e-01
2.960029e-01
2.960783e-01
2.961075e-01
2.962046e-01
2.962367e-01
2.962996e-01
2.963653e-01
2.964153e-01
2.964549e-01
2.965738e-01
2.966480e-01
2.966525e-01
2.967812e-01
2.968567e-01
2.968739e-01
2.969376e-01
2.970484e-01
2.970554e-01
2.971046e-01
2.971337e-01
2.971699e-01
2.972658e-01
2.973227e-01
2.973707e-01
2.974823e-01
2.975119e-01
2.976043e-01
2.976484e-01
2.978385e-01
2.978663e-01
2.978823e-01
2.979458e-01
2.980043e-01
2.980704e-01
2.982127e-01
2.982268e-01
2.982885e-01
2.983335e-01
2.983771e-01
2.984072e-01
2.984381e-01
2.984706e-01
2.985984e-01
2.986810e-01
2.987089e-01
2.987196e-01
2.987978e-01
2.989436e-01
2.989866e-01
2.990198e-01
2.990761e-01
2.991297e-01
2.991614e-01
2.992249e-01
2.992991e-01
2.993683e-01
2.994102e-01
2.995041e-01
2.995750e-01
2.995937e-01
2.996453e-01
2.996802e-01
2.997531e-01
2.997999e-01
2.998552e-01
2.999070e-01
3.000028e-01
3.000169e-01
3.000578e-01
3.001575e-01
3.002401e-01
3.003165e-01
3.003736e-01
3.003870e-01
3.005044e-01
3.005361e-01
3.006610e-01
3.007279e-01
3.007634e-01
3.008222e-01
3.008699e-01
3.009468e-01
3.010123e-01
3.010704e-01
3.010921e-01
3.011316e-01
3.011877e-01
3.012004e-01
3.013776e-01
3.014348e-01
3.014931e-01
3.015544e-01
3.016116e-01
3.016373e-01
3.017016e-01
3.017744e-01
3.018179e-01
3.018383e-01
3.019158e-01
3.019593e-01
3.020304e-01
3.020977e-01
3.021173e-01
3.021902e-01
3.022684e-01
3.023384e-01
3.024217e-01
3.024427e-01
3.024570e-01
3.025079e-01
3.026087e-01
3.026901e-01
3.027914e-01
3.028444e-01
3.029111e-01
3.029560e-01
3.030015e-01
3.030562e-01
3.030917e-01
3.031778e-01
3.031988e-01
3.032213e-01
3.032491e-01
3.033990e-01
3.035324e-01
3.035402e-01
3.035971e-01
3.036715e-01
3.037272e-01
3.038451e-01
3.039186e-01
3.039746e-01
3.040807e-01
3.041225e-01
3.041940e-01
3.042256e-01
3.042791e-01
3.043013e-01
3.043277e-01
3.044341e-01
3.044822e-01
3.045406e-01
3.046692e-01
3.047041e-01
3.047441e-01
3.048025e-01
3.048779e-01
3.049418e-01
3.049878e-01
3.051133e-01
3.051339e-01
3.052238e-01
3.052511e-01
3.053575e-01
3.054121e-01
3.054971e-01
3.055473e-01
3.055524e-01
3.055818e-01
3.056404e-01
3.057502e-01
3.058095e-01
3.058208e-01
3.058579e-01
3.059529e-01
3.059931e-01
3.060673e-01
3.061036e-01
3.061636e-01
3.062674e-01
3.062937e-01
3.063491e-01
3.064273e-01
3.064376e-01
3.065400e-01
3.065941e-01
3.066359e-01
3.067154e-01
3.067333e-01
3.067911e-01
3.069555e-01
3.069822e-01
3.070404e-01
3.070684e-01
3.071075e-01
3.072255e-01
3.072786e-01
3.073423e-01
3.074230e-01
3.074788e-01
3.075380e-01
3.075871e-01
3.076495e-01
3.077150e-01
3.077750e-01
3.078098e-01
3.078924e-01
3.079705e-01
3.080005e-01
3.080578e-01
3.080833e-01
3.082251e-01
3.082668e-01
3.083101e-01
3.084277e-01
3.084842e-01
3.085634e-01
3.085937e-01
3.086027e-01
3.087172e-01
3.087343e-01
3.088112e-01
3.089270e-01
3.089558e-01
3.090269e-01
3.091361e-01
3.091451e-01
3.091764e-01
3.092618e-01
3.092948e-01
3.093341e-01
3.094277e-01
3.095174e-01
3.095388e-01
3.095723e-01
3.096219e-01
3.097907e-01
3.098264e-01
3.098839e-01
3.099091e-01
3.099801e-01
3.100190e-01
3.100336e-01
3.100836e-01
3.101311e-01
3.102448e-01
3.102782e-01
3.103469e-01
3.103779e-01
3.104551e-01
3.105005e-01
3.105854e-01
3.106190e-01
3.107102e-01
3.107773e-01
3.108829e-01
3.109217e-01
3.109714e-01
3.110181e-01
3.110433e-01
3.111250e-01
3.111596e-01
3.112648e-01
3.113617e-01
3.114335e-01
3.114627e-01
3.115554e-01
3.115935e-01
3.116409e-01
3.116903e-01
3.117182e-01
3.118078e-01
3.118461e-01
3.119069e-01
3.119798e-01
3.120541e-01
3.121399e-01
3.121773e-01
3.122079e-01
3.122711e-01
3.123282e-01
3.124190e-01
3.124622e-01
3.125588e-01
3.126048e-01
3.126291e-01
3.127407e-01
3.128049e-01
3.128877e-01
3.129372e-01
3.129903e-01
3.130307e-01
3.130554e-01
3.131076e-01
3.131314e-01
3.132441e-01
3.132843e-01
3.133149e-01
3.134243e-01
3.135172e-01
3.135581e-01
3.136393e-01
3.137080e-01
3.137760e-01
3.138052e-01
3.138330e-01
3.139433e-01
3.139714e-01
3.139905e-01
3.141218e-01
3.141605e-01
3.142302e-01
3.142628e-01
3.143124e-01
3.143693e-01
3.143769e-01
3.145421e-01
3.145884e-01
3.146506e-01
3.146884e-01
3.147464e-01
3.147857e-01
3.148748e-01
3.149197e-01
3.150188e-01
3.150869e-01
3.151229e-01
3.152027e-01
3.152347e-01
3.153745e-01
3.153866e-01
3.154630e-01
3.154754e-01
3.155500e-01
3.156165e-01
3.157473e-01
3.157886e-01
3.158635e-01
3.159287e-01
3.159827e-01
3.160707e-01
3.160786e-01
3.161761e-01
3.162443e-01
3.162965e-01
3.163647e-01
3.164288e-01
3.165263e-01
3.165416e-01
3.165732e-01
3.166645e-01
3.167373e-01
3.167815e-01
3.168414e-01
3.168738e-01
3.169557e-01
3.169853e-01
3.170217e-01
3.170778e-01
3.172043e-01
3.172167e-01
3.172996e-01
3.173494e-01
3.174462e-01
3.175332e-01
3.175424e-01
3.176599e-01
3.177558e-01
3.177917e-01
3.179114e-01
3.179489e-01
3.180147e-01
3.180741e-01
3.181334e-01
3.181588e-01
3.182047e-01
3.183194e-01
3.183842e-01
3.184008e-01
3.185182e-01
3.185740e-01
3.186180e-01
3.186614e-01
3.187159e-01
3.187693e-01
3.188590e-01
3.189427e-01
3.189584e-01
3.189816e-01
3.191291e-01
3.191427e-01
3.192167e-01
3.192717e-01
3.193512e-01
3.194457e-01
3.194599e-01
3.195534e-01
3.196343e-01
3.196529e-01
3.197204e-01
3.197698e-01
3.198136e-01
3.198457e-01
3.199085e-01
3.200153e-01
3.200412e-01
3.202019e-01
3.202473e-01
3.202843e-01
3.203292e-01
3.204659e-01
3.205017e-01
3.205258e-01
3.205880e-01
3.205982e-01
3.206678e-01
3.207732e-01
3.208786e-01
3.209623e-01
3.209962e-01
3.210615e-01
3.210814e-01
3.211582e-01
3.212145e-01
3.213001e-01
3.213720e-01
3.214529e-01
3.214731e-01
3.215293e-01
3.215647e-01
3.216963e-01
3.217369e-01
3.218193e-01
3.218873e-01
3.219332e-01
3.219969e-01
3.220265e-01
3.220789e-01
3.221351e-01
3.222255e-01
3.222840e-01
3.223634e-01
3.224493e-01
3.225102e-01
3.225664e-01
3.225775e-01
3.226447e-01
3.227503e-01
3.228382e-01
3.229371e-01
3.229553e-01
3.230059e-01
3.230827e-01
3.231280e-01
3.231999e-01
3.233041e-01
3.233072e-01
3.234218e-01
3.234477e-01
3.234830e-01
3.235757e-01
3.236296e-01
3.237439e-01
3.237755e-01
3.237890e-01
3.238246e-01
3.239040e-01
3.240367e-01
3.240604e-01
3.241551e-01
3.242339e-01
3.242739e-01
3.243526e-01
3.244538e-01
3.245051e-01
3.245531e-01
3.245808e-01
3.246402e-01
3.247048e-01
3.248448e-01
3.249129e-01
3.249495e-01
3.250130e-01
3.250732e-01
3.251619e-01
3.252227e-01
3.252480e-01
3.252967e-01
3.253206e-01
3.253560e-01
3.254048e-01
3.255550e-01
3.255926e-01
3.256405e-01
3.256909e-01
3.257479e-01
3.258060e-01
3.258794e-01
3.259642e-01
3.260562e-01
3.260827e-01
3.261599e-01
3.262157e-01
3.262619e-01
3.262920e-01
3.264193e-01
3.264415e-01
3.265529e-01
3.266238e-01
3.266757e-01
3.267752e-01
3.268561e-01
3.268945e-01
3.269227e-01
3.270058e-01
3.270230e-01
3.270550e-01
3.271617e-01
3.271697e-01
3.272323e-01
3.272799e-01
3.273516e-01
3.274426e-01
3.275052e-01
3.275630e-01
3.275794e-01
3.276269e-01
3.276704e-01
3.277331e-01
3.277994e-01
3.278595e-01
3.279277e-01
3.279660e-01
3.279936e-01
3.281574e-01
3.281825e-01
3.282023e-01
3.282999e-01
3.283796e-01
3.284887e-01
3.285095e-01
3.285708e-01
3.286282e-01
3.286712e-01
3.287604e-01
3.287828e-01
3.288860e-01
3.289146e-01
3.289964e-01
3.290454e-01
3.291143e-01
3.291883e-01
3.292207e-01
3.293093e-01
3.293655e-01
3.293914e-01
3.295265e-01
3.295943e-01
3.296540e-01
3.297180e-01
3.297361e-01
3.299022e-01
3.299606e-01
3.300207e-01
3.300379e-01
3.301536e-01
3.301730e-01
3.302363e-01
3.302607e-01
3.303260e-01
3.304839e-01
3.305055e-01
3.305399e-01
3.306009e-01
3.307290e-01
3.307989e-01
3.308145e-01
3.308457e-01
3.309693e-01
3.310125e-01
3.310683e-01
3.311792e-01
3.312213e-01
3.312552e-01
3.313273e-01
3.313345e-01
3.313935e-01
3.314815e-01
3.315015e-01
3.315751e-01
3.316311e-01
3.317256e-01
3.317886e-01
3.318373e-01
3.319036e-01
3.319787e-01
3.320925e-01
3.321556e-01
3.321895e-01
3.322280e-01
3.323032e-01
3.323066e-01
3.324566e-01
3.325470e-01
3.325759e-01
3.326601e-01
3.327046e-01
3.327833e-01
3.328194e-01
3.329158e-01
3.329686e-01
3.330243e-01
3.331383e-01
3.331852e-01
3.332556e-01
3.332956e-01
3.333439e-01
3.333712e-01
3.334399e-01
3.335811e-01
3.335964e-01
3.336509e-01
3.337301e-01
3.337725e-01
3.338145e-01
3.338459e-01
3.339246e-01
3.339501e-01
3.339952e-01
3.340930e-01
3.341307e-01
3.341788e-01
3.342690e-01
3.343668e-01
3.344420e-01
3.344748e-01
3.345794e-01
3.346082e-01
3.347536e-01
3.347710e-01
3.348211e-01
3.349021e-01
3.349680e-01
3.349804e-01
3.350767e-01
3.351777e-01
3.353057e-01
3.353698e-01
3.354521e-01
3.354846e-01
3.355373e-01
3.355917e-01
3.356831e-01
3.357211e-01
3.357544e-01
3.358001e-01
3.358518e-01
3.359166e-01
3.360263e-01
3.360576e-01
3.361104e-01
3.361499e-01
3.363278e-01
3.363801e-01
3.364180e-01
3.364433e-01
3.365210e-01
3.366085e-01
3.366647e-01
3.367711e-01
3.368337e-01
3.368734e-01
3.369383e-01
3.369966e-01
3.370657e-01
3.371024e-01
3.371706e-01
3.372389e-01
3.373046e-01
3.373577e-01
3.374331e-01
3.374433e-01
3.374737e-01
3.375775e-01
3.376428e-01
3.377217e-01
3.377786e-01
3.378566e-01
3.379112e-01
3.379616e-01
3.380356e-01
3.380622e-01
3.381055e-01
3.381752e-01
3.382550e-01
3.383069e-01
3.383452e-01
3.384016e-01
3.384976e-01
3.385650e-01
3.387059e-01
3.387541e-01
3.387946e-01
3.388358e-01
3.389433e-01
3.390586e-01
3.390685e-01
3.390937e-01
3.391842e-01
3.392613e-01
3.393342e-01
3.393863e-01
3.394674e-01
3.394928e-01
3.395805e-01
3.396660e-01
3.397214e-01
3.397940e-01
3.398643e-01
3.398832e-01
3.399828e-01
3.400685e-01
3.400874e-01
3.401788e-01
3.402061e-01
3.403221e-01
3.403906e-01
3.404284e-01
3.404826e-01
3.405904e-01
3.406220e-01
3.406519e-01
3.406979e-01
3.407253e-01
3.409137e-01
3.409453e-01
3.410994e-01
3.411267e-01
3.411953e-01
3.412502e-01
3.412656e-01
3.413646e-01
3.414234e-01
3.414926e-01
3.415582e-01
3.416024e-01
3.416910e-01
3.417954e-01
3.418251e-01
3.418657e-01
3.419056e-01
3.419299e-01
3.420901e-01
3.421111e-01
3.421715e-01
3.422046e-01
3.423132e-01
3.423498e-01
3.424085e-01
3.425005e-01
3.425870e-01
3.426771e-01
3.427021e-01
3.427469e-01
3.428180e-01
3.429112e-01
3.429534e-01
3.429970e-01
3.431306e-01
3.431619e-01
3.432244e-01
3.432372e-01
3.433134e-01
3.433548e-01
3.434136e-01
3.434859e-01
3.435361e-01
3.436310e-01
3.437247e-01
3.437320e-01
3.438018e-01
3.439642e-01
3.439906e-01
3.440349e-01
3.441445e-01
3.441816e-01
3.442374e-01
3.442930e-01
3.443078e-01
3.444559e-01
3.445270e-01
3.445442e-01
3.446175e-01
3.446564e-01
3.447051e-01
3.448163e-01
3.449360e-01
3.449618e-01
3.450025e-01
3.450369e-01
3.451308e-01
3.451683e-01
3.452083e-01
3.452359e-01
3.452858e-01
3.453413e-01
3.454820e-01
3.455503e-01
3.455859e-01
3.456331e-01
3.457007e-01
3.457348e-01
3.458294e-01
3.458947e-01
3.459935e-01
3.460376e-01
3.461074e-01
3.461803e-01
3.462139e-01
3.462709e-01
3.463527e-01
3.463829e-01
3.464551e-01
3.465494e-01
3.465843e-01
3.466384e-01
3.466863e-01
3.467655e-01
3.468168e-01
3.469999e-01
3.470606e-01
3.471141e-01
3.471899e-01
3.473041e-01
3.473178e-01
3.473728e-01
3.474517e-01
3.474896e-01
3.475707e-01
3.476710e-01
3.477259e-01
3.477670e-01
3.478175e-01
3.478766e-01
3.479440e-01
3.480276e-01
3.480813e-01
3.481345e-01
3.482151e-01
3.482481e-01
3.483210e-01
3.483969e-01
3.484301e-01
3.485125e-01
3.485863e-01
3.486538e-01
3.487150e-01
3.487961e-01
3.488452e-01
3.489138e-01
3.490833e-01
3.491026e-01
3.491632e-01
3.491728e-01
3.492029e-01
3.493426e-01
3.493636e-01
3.494244e-01
3.495131e-01
3.495445e-01
3.496014e-01
3.496712e-01
3.497464e-01
3.498080e-01
3.498799e-01
3.499456e-01
3.500105e-01
3.500407e-01
3.501128e-01
3.502163e-01
3.502289e-01
3.503018e-01
3.503515e-01
3.504386e-01
3.505123e-01
3.505815e-01
3.505941e-01
3.507348e-01
3.507777e-01
3.508620e-01
3.508976e-01
3.509412e-01
3.509839e-01
3.510714e-01
3.511804e-01
3.512430e-01
3.513003e-01
3.513589e-01
3.514509e-01
3.514927e-01
3.514991e-01
3.515675e-01
3.515851e-01
3.516980e-01
3.517488e-01
3.517813e-01
3.519134e-01
3.519550e-01
3.520000e-01
3.521168e-01
3.521285e-01
3.522653e-01
3.522691e-01
3.523270e-01
3.523584e-01
3.525084e-01
3.525382e-01
3.526575e-01
3.527189e-01
3.527554e-01
3.528614e-01
3.529057e-01
3.530011e-01
3.530387e-01
3.530658e-01
3.531719e-01
3.532629e-01
3.533006e-01
3.533510e-01
3.534394e-01
3.535179e-01
3.535482e-01
3.535971e-01
3.536314e-01
3.537697e-01
3.538260e-01
3.538681e-01
3.539768e-01
3.539987e-01
3.540222e-01
3.541906e-01
3.542238e-01
3.542505e-01
3.543563e-01
3.543803e-01
3.544303e-01
3.545258e-01
3.545745e-01
3.547225e-01
3.547370e-01
3.547648e-01
3.549176e-01
3.549838e-01
3.550148e-01
3.550806e-01
3.551116e-01
3.551955e-01
3.552832e-01
3.553494e-01
3.553828e-01
3.554320e-01
3.554397e-01
3.554949e-01
3.556022e-01
3.557003e-01
3.557568e-01
3.558369e-01
3.558962e-01
3.560498e-01
3.560556e-01
3.561499e-01
3.561817e-01
3.562024e-01
3.562507e-01
3.563848e-01
3.564712e-01
3.564945e-01
3.565953e-01
3.566967e-01
3.567106e-01
3.568334e-01
3.568568e-01
3.568757e-01
3.569121e-01
3.569587e-01
3.570247e-01
3.570933e-01
3.571149e-01
3.572307e-01
3.572731e-01
3.574248e-01
3.574427e-01
3.575136e-01
3.575442e-01
3.576457e-01
3.576936e-01
3.577480e-01
3.578335e-01
3.578812e-01
3.579046e-01
3.580178e-01
3.580915e-01
3.581716e-01
3.582147e-01
3.582962e-01
3.583496e-01
3.583878e-01
3.584823e-01
3.585462e-01
3.586610e-01
3.587185e-01
3.588005e-01
3.588664e-01
3.589198e-01
3.589598e-01
3.590404e-01
3.590849e-01
3.591817e-01
3.592892e-01
3.593677e-01
3.594042e-01
3.594571e-01
3.595007e-01
3.595907e-01
3.596102e-01
3.596848e-01
3.597996e-01
3.599002e-01
3.599639e-01
3.600721e-01
3.600838e-01
3.601209e-01
3.601625e-01
3.602654e-01
3.602976e-01
3.603457e-01
3.603819e-01
3.604652e-01
3.605026e-01
3.606087e-01
3.606527e-01
3.607005e-01
3.607462e-01
3.608591e-01
3.609449e-01
3.610051e-01
3.610618e-01
3.611060e-01
3.613071e-01
3.613420e-01
3.613728e-01
3.614364e-01
3.615137e-01
3.616274e-01
3.616724e-01
3.617736e-01
3.618022e-01
3.618531e-01
3.619717e-01
3.620595e-01
3.620918e-01
3.622017e-01
3.622516e-01
3.622997e-01
3.624365e-01
3.624740e-01
3.625278e-01
3.625546e-01
3.626020e-01
3.627486e-01
3.628148e-01
3.628733e-01
3.629300e-01
3.629717e-01
3.630399e-01
3.631030e-01
3.631709e-01
3.632693e-01
3.632814e-01
3.633505e-01
3.634342e-01
3.634708e-01
3.636304e-01
3.636630e-01
3.637024e-01
3.637981e-01
3.638800e-01
3.639001e-01
3.640031e-01
3.640188e-01
3.640934e-01
3.641712e-01
3.642628e-01
3.642708e-01
3.643266e-01
3.644146e-01
3.644854e-01
3.645102e-01
3.645813e-01
3.646932e-01
3.647582e-01
3.648502e-01
3.648813e-01
3.650480e-01
3.651232e-01
3.651345e-01
3.651957e-01
3.652873e-01
3.653715e-01
3.654666e-01
3.655075e-01
3.655927e-01
3.656258e-01
3.656576e-01
3.658463e-01
3.658928e-01
3.658972e-01
3.660237e-01
3.660637e-01
3.661313e-01
3.661817e-01
3.662401e-01
3.662890e-01
3.663848e-01
3.664701e-01
3.664925e-01
3.665688e-01
3.666411e-01
3.666660e-01
3.667766e-01
3.668819e-01
3.669441e-01
3.669709e-01
3.671157e-01
3.672274e-01
3.672520e-01
3.673396e-01
3.674504e-01
3.675564e-01
3.675690e-01
3.676306e-01
3.677079e-01
3.677799e-01
3.678655e-01
3.678960e-01
3.679947e-01
3.680552e-01
3.680979e-01
3.682717e-01
3.683164e-01
3.683710e-01
3.684137e-01
3.684681e-01
3.685252e-01
3.685937e-01
3.686524e-01
3.687618e-01
3.688636e-01
3.688821e-01
3.689997e-01
3.690753e-01
3.691067e-01
3.691805e-01
3.692429e-01
3.692969e-01
3.693532e-01
3.694571e-01
3.695685e-01
3.696088e-01
3.696465e-01
3.697103e-01
3.698053e-01
3.698527e-01
3.698980e-01
3.699380e-01
3.700493e-01
3.701135e-01
3.702406e-01
3.702568e-01
3.702985e-01
3.703697e-01
3.703974e-01
3.705014e-01
3.705688e-01
3.705713e-01
3.706814e-01
3.708317e-01
3.708580e-01
3.709599e-01
3.710370e-01
3.711785e-01
3.711937e-01
3.713259e-01
3.713364e-01
3.714607e-01
3.714994e-01
3.716294e-01
3.716454e-01
3.716902e-01
3.717375e-01
3.717899e-01
3.718477e-01
3.719557e-01
3.720426e-01
3.720622e-01
3.721375e-01
3.722437e-01
3.723602e-01
3.723786e-01
3.724529e-01
3.724779e-01
3.725491e-01
3.726354e-01
3.726515e-01
3.727764e-01
3.728094e-01
3.728526e-01
3.729113e-01
3.730620e-01
3.731214e-01
3.732179e-01
3.732787e-01
3.733522e-01
3.734355e-01
3.734985e-01
3.736253e-01
3.736839e-01
3.737271e-01
3.737846e-01
3.739202e-01
3.739525e-01
3.739781e-01
3.740369e-01
3.741930e-01
3.742598e-01
3.743253e-01
3.744033e-01
3.744902e-01
3.745668e-01
3.746034e-01
3.746776e-01
3.747109e-01
3.747788e-01
3.748937e-01
3.749438e-01
3.749846e-01
3.750890e-01
3.751801e-01
3.752520e-01
3.753257e-01
3.753461e-01
3.754183e-01
3.754402e-01
3.754568e-01
3.756315e-01
3.757447e-01
3.757615e-01
3.757727e-01
3.758909e-01
3.759067e-01
3.759588e-01
3.760286e-01
3.761620e-01
3.762099e-01
3.762521e-01
3.763746e-01
3.764587e-01
3.765727e-01
3.766032e-01
3.766335e-01
3.766820e-01
3.767474e-01
3.768245e-01
3.769749e-01
3.769824e-01
3.770284e-01
3.771102e-01
3.771784e-01
3.772787e-01
3.773421e-01
3.774696e-01
3.775461e-01
3.775580e-01
3.777371e-01
3.777733e-01
3.778450e-01
3.778833e-01
3.779515e-01
3.780772e-01
3.781421e-01
3.781598e-01
3.782036e-01
3.782465e-01
3.782678e-01
3.783854e-01
3.785378e-01
3.785605e-01
3.786770e-01
3.787350e-01
3.787475e-01
3.788615e-01
3.789567e-01
3.790307e-01
3.790715e-01
3.791063e-01
3.791583e-01
3.792283e-01
3.792889e-01
3.793916e-01
3.794876e-01
3.795806e-01
3.796625e-01
3.797035e-01
3.797945e-01
3.798794e-01
3.799489e-01
3.799777e-01
3.800532e-01
3.801534e-01
3.802061e-01
3.803058e-01
3.803346e-01
3.803849e-01
3.805472e-01
3.805957e-01
3.806525e-01
3.807399e-01
3.808231e-01
3.808637e-01
3.809699e-01
3.810141e-01
3.811270e-01
3.812523e-01
3.812941e-01
3.813285e-01
3.814488e-01
3.815047e-01
3.816108e-01
3.816586e-01
3.817451e-01
3.817821e-01
3.818510e-01
3.819500e-01
3.820383e-01
3.820731e-01
3.821660e-01
3.821924e-01
3.822055e-01
3.823062e-01
3.823938e-01
3.824719e-01
3.825270e-01
3.825958e-01
3.826084e-01
3.827558e-01
3.827928e-01
3.829189e-01
3.829741e-01
3.830007e-01
3.831640e-01
3.832077e-01
3.832557e-01
3.833367e-01
3.834084e-01
3.834607e-01
3.835286e-01
3.835857e-01
3.836699e-01
3.837602e-01
3.837836e-01
3.838468e-01
3.839663e-01
3.840240e-01
3.841385e-01
3.841673e-01
3.842351e-01
3.842824e-01
3.843350e-01
3.843612e-01
3.844515e-01
3.845278e-01
3.846100e-01
3.847123e-01
3.847955e-01
3.848157e-01
3.849292e-01
3.850677e-01
3.851209e-01
3.852024e-01
3.852218e-01
3.853894e-01
3.854538e-01
3.855608e-01
3.856111e-01
3.856313e-01
3.857487e-01
3.858730e-01
3.859191e-01
3.859437e-01
3.860233e-01
3.860632e-01
3.861634e-01
3.861950e-01
3.862549e-01
3.862922e-01
3.863454e-01
3.864160e-01
3.865046e-01
3.865994e-01
3.866296e-01
3.867703e-01
3.868779e-01
3.869138e-01
3.869679e-01
3.870056e-01
3.870565e-01
3.871204e-01
3.872505e-01
3.873211e-01
3.873805e-01
3.875177e-01
3.875762e-01
3.876586e-01
3.877223e-01
3.877826e-01
3.879020e-01
3.879684e-01
3.880546e-01
3.881111e-01
3.881520e-01
3.882469e-01
3.882829e-01
3.884004e-01
3.884495e-01
3.885164e-01
3.886502e-01
3.886750e-01
3.887232e-01
3.888405e-01
3.889487e-01
3.890141e-01
3.890376e-01
3.891745e-01
3.892119e-01
3.893001e-01
3.893717e-01
3.893983e-01
3.895356e-01
3.895542e-01
3.896678e-01
3.897075e-01
3.898466e-01
3.898979e-01
3.900579e-01
3.901199e-01
3.902699e-01
3.902900e-01
3.903537e-01
3.903871e-01
3.905224e-01
3.905853e-01
3.906127e-01
3.907107e-01
3.907383e-01
3.908029e-01
3.909232e-01
3.909966e-01
3.910318e-01
3.910796e-01
3.911764e-01
3.912530e-01
3.913340e-01
3.913944e-01
3.914954e-01
3.915894e-01
3.916288e-01
3.916949e-01
3.917833e-01
3.918715e-01
3.919850e-01
3.920446e-01
3.921378e-01
3.921761e-01
3.922958e-01
3.923168e-01
3.924426e-01
3.924829e-01
3.925642e-01
3.926413e-01
3.927173e-01
3.928087e-01
3.928708e-01
3.928944e-01
3.930470e-01
3.931241e-01
3.931748e-01
3.932214e-01
3.932878e-01
3.933116e-01
3.934045e-01
3.935016e-01
3.935853e-01
3.936026e-01
3.936429e-01
3.937048e-01
3.938366e-01
3.939177e-01
3.939677e-01
3.940701e-01
3.941531e-01
3.942120e-01
3.942383e-01
3.943507e-01
3.944105e-01
3.945299e-01
3.945459e-01
3.946484e-01
3.947158e-01
3.947759e-01
3.948600e-01
3.949060e-01
3.950785e-01
3.952028e-01
3.952120e-01
3.952573e-01
3.953417e-01
3.953712e-01
3.954262e-01
3.956060e-01
3.956535e-01
3.957740e-01
3.958104e-01
3.958743e-01
3.960017e-01
3.960365e-01
3.961235e-01
3.961737e-01
3.961895e-01
3.962804e-01
3.963614e-01
3.964929e-01
3.965603e-01
3.966647e-01
3.966713e-01
3.967969e-01
3.968596e-01
3.969315e-01
3.970007e-01
3.970745e-01
3.971251e-01
3.972110e-01
3.972756e-01
3.973749e-01
3.975295e-01
3.975669e-01
3.976152e-01
3.977131e-01
3.977599e-01
3.978865e-01
3.978948e-01
3.980107e-01
3.980766e-01
3.981931e-01
3.982048e-01
3.983046e-01
3.983869e-01
3.985035e-01
3.985166e-01
3.986224e-01
3.986325e-01
3.986713e-01
3.987937e-01
3.988669e-01
3.989666e-01
3.990491e-01
3.991957e-01
3.992088e-01
3.992882e-01
3.992909e-01
3.994331e-01
3.994928e-01
3.995091e-01
3.996328e-01
3.997268e-01
3.997815e-01
3.998572e-01
3.998751e-01
4.000243e-01
4.001240e-01
4.001556e-01
4.003559e-01
4.003987e-01
4.004842e-01
4.005387e-01
4.005898e-01
4.006704e-01
4.007716e-01
4.008694e-01
4.009273e-01
4.010422e-01
4.010680e-01
4.010772e-01
4.011747e-01
4.012761e-01
4.013104e-01
4.014155e-01
4.014738e-01
4.015639e-01
4.016239e-01
4.016981e-01
4.018529e-01
4.019822e-01
4.020491e-01
4.021392e-01
4.021835e-01
4.022482e-01
4.023462e-01
4.023972e-01
4.024597e-01
4.025757e-01
4.025864e-01
4.026830e-01
4.028063e-01
4.029096e-01
4.030047e-01
4.030427e-01
4.031544e-01
4.031891e-01
4.032257e-01
4.032775e-01
4.034771e-01
4.035034e-01
4.035825e-01
4.036691e-01
4.037375e-01
4.037817e-01
4.039238e-01
4.039380e-01
4.040297e-01
4.040642e-01
4.042215e-01
4.042591e-01
4.043706e-01
4.044009e-01
4.045121e-01
4.045587e-01
4.045713e-01
4.047665e-01
4.048371e-01
4.049111e-01
4.049700e-01
4.050381e-01
4.051823e-01
4.051912e-01
4.052356e-01
4.053207e-01
4.054726e-01
4.055822e-01
4.056674e-01
4.057689e-01
4.058033e-01
4.058750e-01
4.059194e-01
4.060182e-01
4.060707e-01
4.062196e-01
4.062683e-01
4.063453e-01
4.064858e-01
4.065395e-01
4.065578e-01
4.066149e-01
4.067203e-01
4.068038e-01
4.068736e-01
4.069774e-01
4.070069e-01
4.070937e-01
4.072396e-01
4.072490e-01
4.074350e-01
4.075360e-01
4.075974e-01
4.076557e-01
4.077323e-01
4.078034e-01
4.078976e-01
4.079765e-01
4.080117e-01
4.081214e-01
4.082252e-01
4.082719e-01
4.082877e-01
4.083679e-01
4.084037e-01
4.085188e-01
4.086069e-01
4.086841e-01
4.087762e-01
4.088085e-01
4.088579e-01
4.089897e-01
4.090718e-01
4.091375e-01
4.092129e-01
4.092337e-01
4.093477e-01
4.094283e-01
4.096039e-01
4.096332e-01
4.097216e-01
4.098478e-01
4.099346e-01
4.099856e-01
4.100584e-01
4.101565e-01
4.102064e-01
4.103061e-01
4.103843e-01
4.104681e-01
4.105107e-01
4.106044e-01
4.106884e-01
4.108185e-01
4.108877e-01
4.109889e-01
4.110330e-01
4.111052e-01
4.111651e-01
4.111960e-01
4.113283e-01
4.113656e-01
4.114940e-01
4.115959e-01
4.116269e-01
4.117776e-01
4.118775e-01
4.119702e-01
4.120027e-01
4.121345e-01
4.121824e-01
4.122119e-01
4.123060e-01
4.123961e-01
4.124455e-01
4.125471e-01
4.127006e-01
4.127722e-01
4.128106e-01
4.128466e-01
4.128894e-01
4.129866e-01
4.130429e-01
4.132404e-01
4.133066e-01
4.133414e-01
4.134201e-01
4.134814e-01
4.136148e-01
4.136747e-01
4.137857e-01
4.138608e-01
4.139120e-01
4.140241e-01
4.140950e-01
4.141563e-01
4.143326e-01
4.144669e-01
4.144934e-01
4.145880e-01
4.146379e-01
4.148036e-01
4.148340e-01
4.148881e-01
4.150188e-01
4.150451e-01
4.152265e-01
4.152511e-01
4.153674e-01
4.154735e-01
4.155291e-01
4.156239e-01
4.156547e-01
4.157523e-01
4.158361e-01
4.158444e-01
4.159030e-01
4.161219e-01
4.161377e-01
4.161977e-01
4.162777e-01
4.163368e-01
4.164438e-01
4.164815e-01
4.165223e-01
4.166355e-01
4.167083e-01
4.167813e-01
4.168588e-01
4.169856e-01
4.170110e-01
4.171520e-01
4.171822e-01
4.172776e-01
4.174067e-01
4.174241e-01
4.175271e-01
4.175913e-01
4.177515e-01
4.177747e-01
4.178237e-01
4.179881e-01
4.179932e-01
4.180952e-01
4.181763e-01
4.182407e-01
4.183609e-01
4.184361e-01
4.184411e-01
4.185560e-01
4.186411e-01
4.187905e-01
4.188222e-01
4.188511e-01
4.189893e-01
4.190995e-01
4.192626e-01
4.192999e-01
4.193409e-01
4.194395e-01
4.195953e-01
4.196520e-01
4.198210e-01
4.198468e-01
4.199138e-01
4.200061e-01
4.200602e-01
4.201518e-01
4.201988e-01
4.202785e-01
4.204039e-01
4.205145e-01
4.206144e-01
4.206236e-01
4.206307e-01
4.207526e-01
4.209558e-01
4.210617e-01
4.211655e-01
4.212086e-01
4.212476e-01
4.213962e-01
4.215159e-01
4.215655e-01
4.216323e-01
4.216577e-01
4.217639e-01
4.217752e-01
4.219106e-01
4.220047e-01
4.220601e-01
4.220848e-01
4.221897e-01
4.222873e-01
4.223761e-01
4.225060e-01
4.225232e-01
4.225493e-01
4.226621e-01
4.227388e-01
4.228945e-01
4.229866e-01
4.230233e-01
4.231313e-01
4.231502e-01
4.233014e-01
4.233493e-01
4.233917e-01
4.235150e-01
4.235920e-01
4.237586e-01
4.237742e-01
4.238763e-01
4.239321e-01
4.240395e-01
4.241343e-01
4.243567e-01
4.243938e-01
4.244571e-01
4.245665e-01
4.245822e-01
4.246197e-01
4.247950e-01
4.248671e-01
4.250201e-01
4.250603e-01
4.250943e-01
4.251258e-01
4.252515e-01
4.253084e-01
4.254058e-01
4.255362e-01
4.255960e-01
4.257164e-01
4.257888e-01
4.258645e-01
4.259016e-01
4.260301e-01
4.260996e-01
4.262690e-01
4.263160e-01
4.264757e-01
4.265110e-01
4.266169e-01
4.266900e-01
4.267226e-01
4.267604e-01
4.269244e-01
4.270328e-01
4.270823e-01
4.271708e-01
4.272811e-01
4.274141e-01
4.274721e-01
4.275660e-01
4.276828e-01
4.277726e-01
4.277981e-01
4.278690e-01
4.279594e-01
4.280110e-01
4.280934e-01
4.281698e-01
4.282149e-01
4.283837e-01
4.284819e-01
4.285845e-01
4.286141e-01
4.286741e-01
4.287404e-01
4.287523e-01
4.288913e-01
4.289595e-01
4.290781e-01
4.291045e-01
4.292573e-01
4.292995e-01
4.293194e-01
4.294528e-01
4.295486e-01
4.296855e-01
4.297237e-01
4.297719e-01
4.298796e-01
4.299682e-01
4.300391e-01
4.301258e-01
4.301910e-01
4.302238e-01
4.303795e-01
4.304608e-01
4.305889e-01
4.306219e-01
4.306868e-01
4.307536e-01
4.308033e-01
4.309188e-01
4.310429e-01
4.311971e-01
4.312618e-01
4.313528e-01
4.314349e-01
4.316030e-01
4.317345e-01
4.317580e-01
4.318619e-01
4.319174e-01
4.320266e-01
4.320771e-01
4.321618e-01
4.322105e-01
4.322987e-01
4.324212e-01
4.325292e-01
4.326220e-01
4.327379e-01
4.327709e-01
4.328948e-01
4.329581e-01
4.330485e-01
4.330731e-01
4.332271e-01
4.333155e-01
4.334078e-01
4.335035e-01
4.335831e-01
4.337236e-01
4.337998e-01
4.338908e-01
4.339216e-01
4.340232e-01
4.340586e-01
4.341818e-01
4.342576e-01
4.343232e-01
4.343679e-01
4.343928e-01
4.345089e-01
4.345695e-01
4.346579e-01
4.348068e-01
4.349061e-01
4.349849e-01
4.350864e-01
4.351369e-01
4.353819e-01
4.354560e-01
4.355322e-01
4.356101e-01
4.356686e-01
4.357106e-01
4.358071e-01
4.360679e-01
4.360891e-01
4.361541e-01
4.361855e-01
4.362594e-01
4.363404e-01
4.364868e-01
4.365315e-01
4.365960e-01
4.366657e-01
4.368118e-01
4.368253e-01
4.368970e-01
4.369843e-01
4.369954e-01
4.371061e-01
4.372424e-01
4.373179e-01
4.373772e-01
4.375473e-01
4.376401e-01
4.376971e-01
4.377828e-01
4.379107e-01
4.379200e-01
4.380401e-01
4.381570e-01
4.381804e-01
4.382855e-01
4.383529e-01
4.385062e-01
4.385941e-01
4.386366e-01
4.386995e-01
4.388571e-01
4.388820e-01
4.389414e-01
4.390078e-01
4.391037e-01
4.392058e-01
4.392739e-01
4.393724e-01
4.395098e-01
4.395470e-01
4.396930e-01
4.397954e-01
4.398468e-01
4.398899e-01
4.399316e-01
4.400021e-01
4.401429e-01
4.402130e-01
4.402574e-01
4.403618e-01
4.405299e-01
4.406386e-01
4.407482e-01
4.408192e-01
4.409678e-01
4.409732e-01
4.410515e-01
4.411012e-01
4.411745e-01
4.412903e-01
4.413922e-01
4.414933e-01
4.415551e-01
4.416160e-01
4.417678e-01
4.418546e-01
4.418961e-01
4.419814e-01
4.420740e-01
4.421581e-01
4.422588e-01
4.424138e-01
4.424512e-01
4.425106e-01
4.426104e-01
4.427264e-01
4.428143e-01
4.429039e-01
4.429580e-01
4.431263e-01
4.432166e-01
4.433142e-01
4.434032e-01
4.434685e-01
4.436237e-01
4.437338e-01
4.438229e-01
4.438673e-01
4.439646e-01
4.440002e-01
4.441272e-01
4.442433e-01
4.443788e-01
4.445439e-01
4.445898e-01
4.446505e-01
4.447823e-01
4.448057e-01
4.449686e-01
4.450269e-01
4.450316e-01
4.452528e-01
4.452790e-01
4.453383e-01
4.453686e-01
4.455181e-01
4.455360e-01
4.456146e-01
4.457549e-01
4.457986e-01
4.459142e-01
4.459609e-01
4.460507e-01
4.461423e-01
4.462561e-01
4.463672e-01
4.464798e-01
4.465764e-01
4.466051e-01
4.467363e-01
4.468363e-01
4.469713e-01
4.470424e-01
4.470858e-01
4.471730e-01
4.472492e-01
4.473572e-01
4.474363e-01
4.476046e-01
4.476642e-01
4.477544e-01
4.478076e-01
4.479039e-01
4.479751e-01
4.481255e-01
4.482686e-01
4.483157e-01
4.484536e-01
4.485590e-01
4.486398e-01
4.486797e-01
4.487746e-01
4.488770e-01
4.489168e-01
4.490331e-01
4.491457e-01
4.492739e-01
4.493093e-01
4.493787e-01
4.495064e-01
4.495924e-01
4.496954e-01
4.497149e-01
4.498982e-01
4.499599e-01
4.500491e-01
4.502213e-01
4.503219e-01
4.504435e-01
4.505071e-01
4.505350e-01
4.506099e-01
4.507490e-01
4.508190e-01
4.509808e-01
4.510372e-01
4.511167e-01
4.511224e-01
4.512963e-01
4.514427e-01
4.515166e-01
4.516299e-01
4.516648e-01
4.517038e-01
4.518516e-01
4.518887e-01
4.520181e-01
4.521004e-01
4.522335e-01
4.524220e-01
4.524670e-01
4.525752e-01
4.526153e-01
4.526324e-01
4.527715e-01
4.528061e-01
4.528908e-01
4.529430e-01
4.531160e-01
4.531597e-01
4.532402e-01
4.533719e-01
4.534299e-01
4.535411e-01
4.536302e-01
4.537079e-01
4.537967e-01
4.539412e-01
4.540727e-01
4.541275e-01
4.542724e-01
4.543558e-01
4.544717e-01
4.545089e-01
4.546311e-01
4.547462e-01
4.548249e-01
4.549434e-01
4.550981e-01
4.552956e-01
4.553538e-01
4.553780e-01
4.554854e-01
4.555010e-01
4.556683e-01
4.556961e-01
4.558576e-01
4.559469e-01
4.560352e-01
4.560759e-01
4.561473e-01
4.562339e-01
4.563100e-01
4.563514e-01
4.564146e-01
4.565331e-01
4.566259e-01
4.567105e-01
4.569106e-01
4.570202e-01
4.571522e-01
4.572553e-01
4.573227e-01
4.574452e-01
4.574820e-01
4.577009e-01
4.577361e-01
4.579673e-01
4.580133e-01
4.580944e-01
4.581345e-01
4.582629e-01
4.583829e-01
4.584572e-01
4.585669e-01
4.586910e-01
4.587713e-01
4.589213e-01
4.589789e-01
4.590409e-01
4.591695e-01
4.592417e-01
4.593455e-01
4.594074e-01
4.595015e-01
4.595942e-01
4.596772e-01
4.597273e-01
4.598692e-01
4.599615e-01
4.601387e-01
4.601968e-01
4.602926e-01
4.603561e-01
4.604988e-01
4.605456e-01
4.606988e-01
4.607330e-01
4.608362e-01
4.608839e-01
4.610080e-01
4.611860e-01
4.612480e-01
4.613320e-01
4.614045e-01
4.615083e-01
4.615761e-01
4.616877e-01
4.617619e-01
4.618125e-01
4.619782e-01
4.620233e-01
4.621784e-01
4.623624e-01
4.624086e-01
4.625257e-01
4.625996e-01
4.626717e-01
4.627506e-01
4.629398e-01
4.630320e-01
4.631467e-01
4.631692e-01
4.631864e-01
4.633104e-01
4.634261e-01
4.635014e-01
4.635976e-01
4.637501e-01
4.637954e-01
4.638158e-01
4.640497e-01
4.641112e-01
4.641912e-01
4.643028e-01
4.644210e-01
4.645472e-01
4.646700e-01
4.647310e-01
4.647495e-01
4.648633e-01
4.649827e-01
4.650427e-01
4.651708e-01
4.653453e-01
4.653709e-01
4.654757e-01
4.655997e-01
4.656901e-01
4.657636e-01
4.658577e-01
4.659197e-01
4.660098e-01
4.661460e-01
4.662878e-01
4.664266e-01
4.664739e-01
4.666080e-01
4.666488e-01
4.667701e-01
4.668547e-01
4.669374e-01
4.670467e-01
4.671106e-01
4.672101e-01
4.673318e-01
4.674157e-01
4.676215e-01
4.676927e-01
4.678284e-01
4.679690e-01
4.680040e-01
4.680843e-01
4.681462e-01
4.682525e-01
4.683624e-01
4.683954e-01
4.685259e-01
4.685861e-01
4.687787e-01
4.688747e-01
4.689327e-01
4.690979e-01
4.692020e-01
4.692730e-01
4.693350e-01
4.694747e-01
4.695252e-01
4.696058e-01
4.697059e-01
4.698020e-01
4.699061e-01
4.700112e-01
4.700855e-01
4.702457e-01
4.702859e-01
4.704674e-01
4.705412e-01
4.706183e-01
4.706741e-01
4.707057e-01
4.709048e-01
4.709776e-01
4.710515e-01
4.712427e-01
4.712785e-01
4.713308e-01
4.713940e-01
4.715237e-01
4.715952e-01
4.717165e-01
4.717413e-01
4.719154e-01
4.719598e-01
4.720535e-01
4.722083e-01
4.722471e-01
4.723860e-01
4.725028e-01
4.726471e-01
4.727857e-01
4.728189e-01
4.729251e-01
4.730312e-01
4.730991e-01
4.733157e-01
4.733728e-01
4.733948e-01
4.736029e-01
4.736661e-01
4.736773e-01
4.738634e-01
4.740071e-01
4.740987e-01
4.741285e-01
4.743173e-01
4.744059e-01
4.744375e-01
4.745476e-01
4.746531e-01
4.747643e-01
4.748875e-01
4.749138e-01
4.750448e-01
4.751592e-01
4.752843e-01
4.753729e-01
4.754593e-01
4.755439e-01
4.757647e-01
4.758491e-01
4.759006e-01
4.759334e-01
4.761078e-01
4.762000e-01
4.762929e-01
4.763624e-01
4.764520e-01
4.765529e-01
4.766742e-01
4.768613e-01
4.769098e-01
4.770105e-01
4.771338e-01
4.772379e-01
4.773559e-01
4.773864e-01
4.774506e-01
4.776366e-01
4.777118e-01
4.778985e-01
4.779398e-01
4.779833e-01
4.780838e-01
4.781382e-01
4.781433e-01
4.782809e-01
4.784047e-01
4.785285e-01
4.787996e-01
4.788596e-01
4.789227e-01
4.790549e-01
4.791061e-01
4.791757e-01
4.792463e-01
4.793894e-01
4.795077e-01
4.796322e-01
4.797853e-01
4.798269e-01
4.799247e-01
4.801464e-01
4.802411e-01
4.803471e-01
4.804298e-01
4.805045e-01
4.805152e-01
4.806462e-01
4.807357e-01
4.809094e-01
4.810187e-01
4.811127e-01
4.811861e-01
4.812186e-01
4.813952e-01
4.814674e-01
4.815357e-01
4.815809e-01
4.817584e-01
4.818179e-01
4.818490e-01
4.819908e-01
4.821265e-01
4.822407e-01
4.823393e-01
4.824563e-01
4.825380e-01
4.826724e-01
4.828024e-01
4.829117e-01
4.830320e-01
4.830626e-01
4.830969e-01
4.832299e-01
4.833078e-01
4.835126e-01
4.835478e-01
4.836491e-01
4.838304e-01
4.838804e-01
4.839769e-01
4.841061e-01
4.841923e-01
4.843147e-01
4.843635e-01
4.845390e-01
4.846263e-01
4.847262e-01
4.847818e-01
4.849054e-01
4.849838e-01
4.851126e-01
4.851783e-01
4.852848e-01
4.854669e-01
4.855486e-01
4.856154e-01
4.857335e-01
4.858342e-01
4.859224e-01
4.861271e-01
4.861958e-01
4.862996e-01
4.863266e-01
4.864610e-01
4.866347e-01
4.866927e-01
4.867416e-01
4.869544e-01
4.870685e-01
4.871395e-01
4.872010e-01
4.872505e-01
4.874078e-01
4.875481e-01
4.875944e-01
4.877354e-01
4.878229e-01
4.879010e-01
4.880185e-01
4.881475e-01
4.882228e-01
4.883409e-01
4.884599e-01
4.886354e-01
4.887139e-01
4.887799e-01
4.888529e-01
4.889761e-01
4.891413e-01
4.892663e-01
4.894270e-01
4.894680e-01
4.895861e-01
4.897183e-01
4.897888e-01
4.898241e-01
4.899346e-01
4.901194e-01
4.902271e-01
4.902793e-01
4.904079e-01
4.904925e-01
4.905743e-01
4.906889e-01
4.907928e-01
4.908899e-01
4.909573e-01
4.910551e-01
4.912109e-01
4.912576e-01
4.913995e-01
4.915468e-01
4.916692e-01
4.917505e-01
4.918454e-01
4.920151e-01
4.920491e-01
4.921459e-01
4.922392e-01
4.923243e-01
4.924688e-01
4.925785e-01
4.926884e-01
4.927316e-01
4.928184e-01
4.929101e-01
4.930394e-01
4.930955e-01
4.933177e-01
4.933480e-01
4.934998e-01
4.937415e-01
4.938034e-01
4.939190e-01
4.941672e-01
4.942993e-01
4.943389e-01
4.944905e-01
4.945980e-01
4.946500e-01
4.947701e-01
4.948992e-01
4.949944e-01
4.951263e-01
4.952224e-01
4.952398e-01
4.954930e-01
4.955686e-01
4.957507e-01
4.958564e-01
4.959578e-01
4.960583e-01
4.961700e-01
4.962701e-01
4.963542e-01
4.964406e-01
4.966409e-01
4.967544e-01
4.969323e-01
4.970563e-01
4.970607e-01
4.971930e-01
4.973365e-01
4.973998e-01
4.974720e-01
4.975833e-01
4.977676e-01
4.978296e-01
4.979324e-01
4.980263e-01
4.981466e-01
4.981612e-01
4.982990e-01
4.984557e-01
4.985081e-01
4.986208e-01
4.986921e-01
4.987205e-01
4.988263e-01
4.988639e-01
4.989974e-01
4.991413e-01
4.993445e-01
4.994895e-01
4.995352e-01
4.996170e-01
4.998202e-01
4.998958e-01
4.999545e-01
5.000198e-01
5.002346e-01
5.003997e-01
5.004499e-01
5.005687e-01
5.007419e-01
5.008967e-01
5.009218e-01
5.009899e-01
5.011038e-01
5.012245e-01
5.013836e-01
5.014510e-01
5.015322e-01
5.016918e-01
5.018564e-01
5.019014e-01
5.020498e-01
5.022296e-01
5.022407e-01
5.026119e-01
5.027014e-01
5.028313e-01
5.030012e-01
5.030555e-01
5.031054e-01
5.031756e-01
5.032562e-01
5.034769e-01
5.035641e-01
5.036361e-01
5.036530e-01
5.040036e-01
5.040076e-01
5.041252e-01
5.042298e-01
5.043475e-01
5.045039e-01
5.046715e-01
5.046923e-01
5.048585e-01
5.050245e-01
5.050918e-01
5.051601e-01
5.054108e-01
5.054898e-01
5.056726e-01
5.057541e-01
5.058320e-01
5.059231e-01
5.062078e-01
5.064093e-01
5.066116e-01
5.066657e-01
5.067478e-01
5.068788e-01
5.070134e-01
5.072636e-01
5.072858e-01
5.073212e-01
5.074761e-01
5.076129e-01
5.076713e-01
5.078217e-01
5.078918e-01
5.079875e-01
5.081311e-01
5.082571e-01
5.083617e-01
5.084605e-01
5.086182e-01
5.087941e-01
5.089107e-01
5.089969e-01
5.091364e-01
5.092726e-01
5.093437e-01
5.095035e-01
5.096062e-01
5.096796e-01
5.098349e-01
5.100074e-01
5.101764e-01
5.102573e-01
5.103243e-01
5.104369e-01
5.105101e-01
5.106579e-01
5.109202e-01
5.109629e-01
5.110596e-01
5.111439e-01
5.112563e-01
5.115348e-01
5.116682e-01
5.117388e-01
5.118329e-01
5.120069e-01
5.120266e-01
5.121659e-01
5.122251e-01
5.123648e-01
5.124508e-01
5.126482e-01
5.127312e-01
5.128442e-01
5.129541e-01
5.132332e-01
5.133298e-01
5.134717e-01
5.135495e-01
5.136158e-01
5.138051e-01
5.138893e-01
5.141894e-01
5.142590e-01
5.144805e-01
5.146211e-01
5.148011e-01
5.148372e-01
5.150003e-01
5.151161e-01
5.152380e-01
5.153453e-01
5.154741e-01
5.156075e-01
5.157949e-01
5.159260e-01
5.159653e-01
5.161143e-01
5.163043e-01
5.164889e-01
5.165971e-01
5.167649e-01
5.168401e-01
5.168570e-01
5.170167e-01
5.170618e-01
5.173368e-01
5.174078e-01
5.175683e-01
5.176015e-01
5.177654e-01
5.180728e-01
5.181435e-01
5.183290e-01
5.184644e-01
5.185617e-01
5.187340e-01
5.188772e-01
5.189739e-01
5.191250e-01
5.192776e-01
5.194214e-01
5.195281e-01
5.197072e-01
5.197512e-01
5.198041e-01
5.199564e-01
5.202006e-01
5.203866e-01
5.204233e-01
5.205208e-01
5.208186e-01
5.209770e-01
5.210726e-01
5.211975e-01
5.213004e-01
5.213443e-01
5.215007e-01
5.216426e-01
5.217869e-01
5.218501e-01
5.220410e-01
5.222419e-01
5.223381e-01
5.225375e-01
5.226614e-01
5.227197e-01
5.228872e-01
5.230200e-01
5.230940e-01
5.231691e-01
5.234062e-01
5.235038e-01
5.237025e-01
5.237562e-01
5.240272e-01
5.240964e-01
5.242601e-01
5.244186e-01
5.245341e-01
5.246509e-01
5.247139e-01
5.248960e-01
5.251078e-01
5.252045e-01
5.253183e-01
5.255050e-01
5.255974e-01
5.256576e-01
5.257110e-01
5.258824e-01
5.259139e-01
5.261510e-01
5.262671e-01
5.264465e-01
5.266158e-01
5.267263e-01
5.269551e-01
5.270156e-01
5.270961e-01
5.272499e-01
5.274100e-01
5.276145e-01
5.277072e-01
5.277276e-01
5.278900e-01
5.280097e-01
5.281809e-01
5.282358e-01
5.283491e-01
5.285338e-01
5.287105e-01
5.287595e-01
5.288987e-01
5.290898e-01
5.292886e-01
5.293259e-01
5.293466e-01
5.295118e-01
5.297582e-01
5.298638e-01
5.300373e-01
5.300967e-01
5.302166e-01
5.304657e-01
5.304696e-01
5.305940e-01
5.308396e-01
5.309730e-01
5.309987e-01
5.311564e-01
5.313181e-01
5.314566e-01
5.315130e-01
5.316562e-01
5.318192e-01
5.319418e-01
5.321184e-01
5.321842e-01
5.324315e-01
5.326793e-01
5.327858e-01
5.329053e-01
5.329741e-01
5.330893e-01
5.332118e-01
5.333159e-01
5.335179e-01
5.335800e-01
5.337071e-01
5.337316e-01
5.338650e-01
5.342055e-01
5.342808e-01
5.343491e-01
5.344863e-01
5.345470e-01
5.348632e-01
5.349355e-01
5.349751e-01
5.351037e-01
5.353037e-01
5.353729e-01
5.355422e-01
5.356463e-01
5.359289e-01
5.360490e-01
5.363567e-01
5.363620e-01
5.364595e-01
5.364915e-01
5.366931e-01
5.367269e-01
5.369182e-01
5.370651e-01
5.371889e-01
5.372608e-01
5.374411e-01
5.376341e-01
5.377479e-01
5.378605e-01
5.379345e-01
5.382519e-01
5.383563e-01
5.383857e-01
5.385193e-01
5.386891e-01
5.387593e-01
5.388922e-01
5.390488e-01
5.391868e-01
5.392378e-01
5.393624e-01
5.394366e-01
5.396087e-01
5.397825e-01
5.399192e-01
5.401238e-01
5.403201e-01
5.403884e-01
5.404273e-01
5.406082e-01
5.406601e-01
5.408637e-01
5.409311e-01
5.411440e-01
5.412395e-01
5.412891e-01
5.413871e-01
5.417155e-01
5.417837e-01
5.419628e-01
5.420314e-01
5.422167e-01
5.422741e-01
5.424394e-01
5.425693e-01
5.425889e-01
5.428126e-01
5.430221e-01
5.430840e-01
5.432634e-01
5.433680e-01
5.434636e-01
5.435129e-01
5.436633e-01
5.438512e-01
5.439030e-01
5.440791e-01
5.440914e-01
5.443382e-01
5.444839e-01
5.445454e-01
5.448633e-01
5.449611e-01
5.449979e-01
5.451112e-01
5.453262e-01
5.454758e-01
5.457543e-01
5.458339e-01
5.459278e-01
5.459407e-01
5.461848e-01
5.463419e-01
5.464373e-01
5.466172e-01
5.468005e-01
5.468799e-01
5.469981e-01
5.471296e-01
5.472573e-01
5.474620e-01
5.475883e-01
5.476651e-01
5.478746e-01
5.479481e-01
5.481083e-01
5.483520e-01
5.486339e-01
5.487193e-01
5.488661e-01
5.488919e-01
5.490193e-01
5.491078e-01
5.492752e-01
5.493889e-01
5.495201e-01
5.496850e-01
5.498384e-01
5.498875e-01
5.499826e-01
5.502228e-01
5.503724e-01
5.503858e-01
5.505311e-01
5.506477e-01
5.508440e-01
5.508992e-01
5.509697e-01
5.512874e-01
5.513770e-01
5.515328e-01
5.516546e-01
5.517994e-01
5.519228e-01
5.520755e-01
5.522288e-01
5.523567e-01
5.524395e-01
5.526981e-01
5.527463e-01
5.527763e-01
5.529591e-01
5.531661e-01
5.533912e-01
5.534704e-01
5.535350e-01
5.536431e-01
5.539847e-01
5.540744e-01
5.541279e-01
5.542695e-01
5.543697e-01
5.545113e-01
5.546714e-01
5.548863e-01
5.549507e-01
5.551030e-01
5.551877e-01
5.553735e-01
5.555905e-01
5.557276e-01
5.558371e-01
5.558416e-01
5.559926e-01
5.561059e-01
5.564232e-01
5.564929e-01
5.567147e-01
5.569365e-01
5.570756e-01
5.572034e-01
5.573149e-01
5.574443e-01
5.575986e-01
5.577037e-01
5.578879e-01
5.580933e-01
5.582188e-01
5.582447e-01
5.583322e-01
5.585514e-01
5.586119e-01
5.588380e-01
5.589490e-01
5.592298e-01
5.592478e-01
5.593848e-01
5.595421e-01
5.596763e-01
5.597981e-01
5.600430e-01
5.601311e-01
5.602430e-01
5.604814e-01
5.605868e-01
5.607594e-01
5.608346e-01
5.610054e-01
5.610893e-01
5.613456e-01
5.613829e-01
5.614527e-01
5.615668e-01
5.618559e-01
5.618942e-01
5.621213e-01
5.622758e-01
5.624199e-01
5.625731e-01
5.626671e-01
5.627783e-01
5.629872e-01
5.631141e-01
5.631536e-01
5.633113e-01
5.634653e-01
5.635877e-01
5.637346e-01
5.639355e-01
5.641461e-01
5.643277e-01
5.643753e-01
5.647302e-01
5.648315e-01
5.649612e-01
5.650565e-01
5.652126e-01
5.653001e-01
5.656266e-01
5.656734e-01
5.657877e-01
5.658581e-01
5.660747e-01
5.662108e-01
5.664892e-01
5.665239e-01
5.666053e-01
5.666958e-01
5.668971e-01
5.670761e-01
5.672610e-01
5.673839e-01
5.675245e-01
5.676605e-01
5.677430e-01
5.678514e-01
5.680002e-01
5.681267e-01
5.684445e-01
5.685037e-01
5.687305e-01
5.688353e-01
5.690340e-01
5.691113e-01
5.692177e-01
5.693941e-01
5.696412e-01
5.696877e-01
5.698632e-01
5.699008e-01
5.701670e-01
5.703119e-01
5.703611e-01
5.706554e-01
5.707093e-01
5.707337e-01
5.710628e-01
5.710939e-01
5.713667e-01
5.714797e-01
5.715328e-01
5.716927e-01
5.719500e-01
5.721811e-01
5.722768e-01
5.726122e-01
5.726666e-01
5.728548e-01
5.729233e-01
5.731689e-01
5.732115e-01
5.734597e-01
5.736978e-01
5.737525e-01
5.738691e-01
5.740661e-01
5.742321e-01
5.743693e-01
5.744516e-01
5.746226e-01
5.748777e-01
5.749373e-01
5.751557e-01
5.752790e-01
5.753868e-01
5.755045e-01
5.757382e-01
5.759223e-01
5.759877e-01
5.761015e-01
5.761607e-01
5.763715e-01
5.765898e-01
5.766612e-01
5.768460e-01
5.770608e-01
5.771232e-01
5.772140e-01
5.773426e-01
5.776433e-01
5.777974e-01
5.778372e-01
5.781701e-01
5.781834e-01
5.782749e-01
5.783698e-01
5.787617e-01
5.788134e-01
5.790503e-01
5.792439e-01
5.793367e-01
5.794493e-01
5.797009e-01
5.800846e-01
5.801859e-01
5.803800e-01
5.804147e-01
5.805493e-01
5.807399e-01
5.807587e-01
5.808436e-01
5.810683e-01
5.813214e-01
5.813862e-01
5.815525e-01
5.817097e-01
5.819637e-01
5.821838e-01
5.824243e-01
5.825447e-01
5.826612e-01
5.828442e-01
5.829102e-01
5.829768e-01
5.834036e-01
5.835197e-01
5.836171e-01
5.837371e-01
5.839296e-01
5.841971e-01
5.844525e-01
5.844793e-01
5.847964e-01
5.848371e-01
5.851580e-01
5.851924e-01
5.852995e-01
5.853910e-01
5.857058e-01
5.859826e-01
5.861417e-01
5.863898e-01
5.864113e-01
5.865238e-01
5.866336e-01
5.866834e-01
5.868425e-01
5.869377e-01
5.872243e-01
5.874320e-01
5.874733e-01
5.875766e-01
5.878541e-01
5.878810e-01
5.881375e-01
5.883652e-01
5.885667e-01
5.890021e-01
5.891877e-01
5.893385e-01
5.894766e-01
5.895634e-01
5.896541e-01
5.899153e-01
5.901196e-01
5.903954e-01
5.906763e-01
5.908651e-01
5.909435e-01
5.910455e-01
5.912200e-01
5.913983e-01
5.916001e-01
5.919910e-01
5.920723e-01
5.923272e-01
5.924425e-01
5.927309e-01
5.928179e-01
5.929227e-01
5.931890e-01
5.934090e-01
5.934352e-01
5.936163e-01
5.938750e-01
5.940474e-01
5.942396e-01
5.943006e-01
5.944578e-01
5.945407e-01
5.948057e-01
5.950862e-01
5.952557e-01
5.953868e-01
5.955846e-01
5.957471e-01
5.958308e-01
5.962344e-01
5.964537e-01
5.966245e-01
5.968505e-01
5.969052e-01
5.970115e-01
5.971534e-01
5.973384e-01
5.975142e-01
5.976985e-01
5.979463e-01
5.980003e-01
5.981987e-01
5.984363e-01
5.986228e-01
5.987938e-01
5.990800e-01
5.992101e-01
5.993992e-01
5.995877e-01
5.996748e-01
5.998618e-01
5.999171e-01
6.002843e-01
6.004353e-01
6.005602e-01
6.008014e-01
6.008971e-01
6.012304e-01
6.014405e-01
6.014929e-01
6.017812e-01
6.019829e-01
6.022132e-01
6.023640e-01
6.024777e-01
6.027140e-01
6.028439e-01
6.029615e-01
6.032370e-01
6.036348e-01
6.037738e-01
6.039993e-01
6.040669e-01
6.043276e-01
6.044569e-01
6.046811e-01
6.048207e-01
6.050496e-01
6.052533e-01
6.054928e-01
6.055809e-01
6.057786e-01
6.059500e-01
6.060410e-01
6.063850e-01
6.065501e-01
6.067677e-01
6.069611e-01
6.072953e-01
6.075124e-01
6.077631e-01
6.078974e-01
6.082926e-01
6.085380e-01
6.088053e-01
6.089225e-01
6.090975e-01
6.093652e-01
6.094295e-01
6.096034e-01
6.098623e-01
6.099237e-01
6.101777e-01
6.105670e-01
6.107275e-01
6.108463e-01
6.111487e-01
6.114882e-01
6.116756e-01
6.118255e-01
6.121900e-01
6.123128e-01
6.125041e-01
6.127983e-01
6.130777e-01
6.133860e-01
6.136503e-01
6.140389e-01
6.143039e-01
6.143325e-01
6.144316e-01
6.147613e-01
6.148622e-01
6.149699e-01
6.152656e-01
6.155230e-01
6.159443e-01
6.161930e-01
6.163647e-01
6.164714e-01
6.167939e-01
6.170661e-01
6.172656e-01
6.175052e-01
6.176334e-01
6.178833e-01
6.182606e-01
6.183587e-01
6.185495e-01
6.188279e-01
6.190153e-01
6.193018e-01
6.195434e-01
6.195950e-01
6.199316e-01
6.200382e-01
6.201640e-01
6.203242e-01
6.205942e-01
6.209974e-01
6.211074e-01
6.214193e-01
6.214939e-01
6.218586e-01
6.220750e-01
6.223485e-01
6.225135e-01
6.227538e-01
6.230147e-01
6.231820e-01
6.233630e-01
6.235755e-01
6.236684e-01
6.240237e-01
6.242120e-01
6.247866e-01
6.248815e-01
6.251079e-01
6.252097e-01
6.254154e-01
6.254752e-01
6.258304e-01
6.259547e-01
6.261297e-01
6.264910e-01
6.266958e-01
6.268430e-01
6.268720e-01
6.273682e-01
6.275813e-01
6.277641e-01
6.278100e-01
6.281782e-01
6.283783e-01
6.285576e-01
6.288004e-01
6.289989e-01
6.292439e-01
6.295921e-01
6.297000e-01
6.299236e-01
6.300322e-01
6.302646e-01
6.305724e-01
6.305951e-01
6.310136e-01
6.312179e-01
6.313407e-01
6.314578e-01
6.316221e-01
6.316910e-01
6.320128e-01
6.322595e-01
6.325804e-01
6.327120e-01
6.328844e-01
6.332237e-01
6.333129e-01
6.336815e-01
6.337873e-01
6.340095e-01
6.342857e-01
6.345006e-01
6.346121e-01
6.348533e-01
6.350689e-01
6.351466e-01
6.353901e-01
6.355416e-01
6.358534e-01
6.361965e-01
6.363724e-01
6.365334e-01
6.367958e-01
6.371103e-01
6.374011e-01
6.375897e-01
6.378510e-01
6.380950e-01
6.381423e-01
6.381964e-01
6.384648e-01
6.387269e-01
6.388587e-01
6.392597e-01
6.394513e-01
6.395267e-01
6.399348e-01
6.402105e-01
6.402521e-01
6.406428e-01
6.409870e-01
6.411005e-01
6.416322e-01
6.417374e-01
6.419346e-01
6.419581e-01
6.422689e-01
6.425188e-01
6.427523e-01
6.428247e-01
6.432716e-01
6.435143e-01
6.436869e-01
6.439191e-01
6.442970e-01
6.444701e-01
6.447310e-01
6.448629e-01
6.449333e-01
6.450632e-01
6.456314e-01
6.456730e-01
6.460103e-01
6.461623e-01
6.465302e-01
6.467825e-01
6.471066e-01
6.472892e-01
6.473771e-01
6.475391e-01
6.478187e-01
6.479469e-01
6.484434e-01
6.485567e-01
6.488336e-01
6.490065e-01
6.496759e-01
6.499973e-01
6.502104e-01
6.505784e-01
6.506977e-01
6.508790e-01
6.510445e-01
6.514163e-01
6.516479e-01
6.521818e-01
6.524684e-01
6.527343e-01
6.527892e-01
6.531521e-01
6.533832e-01
6.534880e-01
6.538207e-01
6.540078e-01
6.542546e-01
6.543818e-01
6.547012e-01
6.548351e-01
6.551026e-01
6.552052e-01
6.555369e-01
6.559260e-01
6.560603e-01
6.565378e-01
6.566989e-01
6.569487e-01
6.573638e-01
6.574727e-01
6.575370e-01
6.577938e-01
6.580390e-01
6.581800e-01
6.583136e-01
6.585652e-01
6.586893e-01
6.589658e-01
6.593561e-01
6.596560e-01
6.600626e-01
6.601904e-01
6.603715e-01
6.604708e-01
6.607756e-01
6.609607e-01
6.613278e-01
6.615334e-01
6.619186e-01
6.621720e-01
6.623211e-01
6.627257e-01
6.629910e-01
6.630217e-01
6.631181e-01
6.635599e-01
6.639355e-01
6.640596e-01
6.644084e-01
6.646222e-01
6.646945e-01
6.651468e-01
6.656885e-01
6.657797e-01
6.660520e-01
6.661505e-01
6.665913e-01
6.667425e-01
6.669859e-01
6.677482e-01
6.679869e-01
6.683416e-01
6.685577e-01
6.692536e-01
6.693721e-01
6.695927e-01
6.698184e-01
6.700078e-01
6.701003e-01
6.703717e-01
6.704426e-01
6.709252e-01
6.711218e-01
6.713006e-01
6.717421e-01
6.719483e-01
6.723930e-01
6.728370e-01
6.730089e-01
6.730816e-01
6.733308e-01
6.738340e-01
6.740603e-01
6.747079e-01
6.749256e-01
6.755799e-01
6.757585e-01
6.760777e-01
6.761592e-01
6.762256e-01
6.763722e-01
6.768669e-01
6.769803e-01
6.773306e-01
6.776921e-01
6.780274e-01
6.786177e-01
6.787471e-01
6.790477e-01
6.794112e-01
6.799989e-01
6.803350e-01
6.807078e-01
6.809535e-01
6.814325e-01
6.817024e-01
6.817823e-01
6.818457e-01
6.824358e-01
6.825548e-01
6.829145e-01
6.830510e-01
6.833721e-01
6.836796e-01
6.839771e-01
6.841513e-01
6.848737e-01
6.849765e-01
6.850978e-01
6.852220e-01
6.855434e-01
6.857664e-01
6.861642e-01
6.865163e-01
6.867177e-01
6.869377e-01
6.873322e-01
6.875948e-01
6.877382e-01
6.884326e-01
6.885422e-01
6.886447e-01
6.891123e-01
6.895467e-01
6.900186e-01
6.900608e-01
6.903537e-01
6.907027e-01
6.911622e-01
6.914705e-01
6.915586e-01
6.918337e-01
6.919874e-01
6.923821e-01
6.928365e-01
6.929099e-01
6.930560e-01
6.933939e-01
6.938103e-01
6.949227e-01
6.952694e-01
6.958529e-01
6.960494e-01
6.960836e-01
6.963325e-01
6.966844e-01
6.970520e-01
6.974788e-01
6.977300e-01
6.981965e-01
6.982917e-01
6.986342e-01
6.995037e-01
6.995626e-01
7.002676e-01
7.006158e-01
7.010383e-01
7.012205e-01
7.015724e-01
7.019602e-01
7.022054e-01
7.031875e-01
7.034226e-01
7.035373e-01
7.039408e-01
7.044654e-01
7.046914e-01
7.050921e-01
7.055626e-01
7.060438e-01
7.061692e-01
7.063997e-01
7.069778e-01
7.076517e-01
7.080932e-01
7.085516e-01
7.089125e-01
7.093460e-01
7.099552e-01
7.101950e-01
7.103420e-01
7.112939e-01
7.113791e-01
7.118534e-01
7.124792e-01
7.135602e-01
7.138951e-01
7.144324e-01
7.147602e-01
7.154738e-01
7.160252e-01
7.164646e-01
7.168162e-01
7.170752e-01
7.174481e-01
7.180382e-01
7.186038e-01
7.191141e-01
7.192958e-01
7.197002e-01
7.201729e-01
7.202342e-01
7.206216e-01
7.207245e-01
7.212878e-01
7.220316e-01
7.224228e-01
7.229715e-01
7.236377e-01
7.240151e-01
7.246583e-01
7.248981e-01
7.249853e-01
7.251540e-01
7.253849e-01
7.258714e-01
7.269272e-01
7.274408e-01
7.277950e-01
7.281414e-01
7.286827e-01
7.292622e-01
7.294328e-01
7.295076e-01
7.296861e-01
7.298923e-01
7.300336e-01
7.302701e-01
7.307430e-01
7.312871e-01
7.319192e-01
7.330516e-01
7.334975e-01
7.335567e-01
7.338034e-01
7.340270e-01
7.342273e-01
7.352320e-01
7.353136e-01
7.364706e-01
7.365430e-01
7.376459e-01
7.380150e-01
7.384546e-01
7.386267e-01
7.392949e-01
7.399915e-01
7.406639e-01
7.410014e-01
7.411473e-01
7.416044e-01
7.423561e-01
7.424729e-01
7.429762e-01
7.433734e-01
7.439435e-01
7.446532e-01
7.447782e-01
7.451509e-01
7.453310e-01
7.459690e-01
7.462593e-01
7.466474e-01
7.470459e-01
7.479871e-01
7.483852e-01
7.486778e-01
7.493384e-01
7.494390e-01
7.506822e-01
7.508588e-01
7.513878e-01
7.515389e-01
7.527086e-01
7.531526e-01
7.531913e-01
7.535382e-01
7.537933e-01
7.547604e-01
7.548349e-01
7.553374e-01
7.556650e-01
7.557120e-01
7.558090e-01
7.564870e-01
7.568167e-01
7.569320e-01
7.571080e-01
7.581449e-01
7.591101e-01
7.604190e-01
7.612219e-01
7.615882e-01
7.620332e-01
7.621825e-01
7.623378e-01
7.624171e-01
7.636491e-01
7.641242e-01
7.657659e-01
7.664191e-01
7.666749e-01
7.668672e-01
7.693112e-01
7.704370e-01
7.714728e-01
7.721247e-01
7.728707e-01
7.733412e-01
7.745080e-01
7.747560e-01
7.751025e-01
7.751362e-01
7.768613e-01
7.772888e-01
7.774622e-01
7.780567e-01
7.784866e-01
7.790936e-01
7.791766e-01
7.796730e-01
7.802546e-01
7.819701e-01
7.822232e-01
7.822745e-01
7.829354e-01
7.834416e-01
7.857126e-01
7.861547e-01
7.879671e-01
7.879919e-01
7.885550e-01
7.890888e-01
7.896728e-01
7.900137e-01
7.918670e-01
7.931707e-01
7.932086e-01
7.946228e-01
7.953412e-01
7.975330e-01
7.977323e-01
7.980762e-01
7.982245e-01
7.987897e-01
7.992086e-01
8.017969e-01
8.023984e-01
8.026257e-01
8.031680e-01
8.033848e-01
8.042056e-01
8.047884e-01
8.048389e-01
8.062342e-01
8.088072e-01
8.101820e-01
8.106337e-01
8.108722e-01
8.121778e-01
8.129300e-01
8.129944e-01
8.139248e-01
8.143092e-01
8.151477e-01
8.170901e-01
8.175307e-01
8.184921e-01
8.189288e-01
8.193572e-01
8.196957e-01
8.216879e-01
8.218872e-01
8.219384e-01
8.224948e-01
8.233756e-01
8.253647e-01
8.262108e-01
8.286237e-01
8.308173e-01
8.328113e-01
8.331839e-01
8.335175e-01
8.344664e-01
8.401662e-01
8.411852e-01
8.418836e-01
8.448003e-01
8.453184e-01
8.480035e-01
8.490713e-01
8.500457e-01
8.511776e-01
8.524749e-01
8.525605e-01
8.536959e-01
8.564546e-01
8.566346e-01
8.573980e-01
8.589659e-01
8.589716e-01
8.609390e-01
8.631499e-01
8.656226e-01
8.686257e-01
8.693296e-01
8.714157e-01
8.747464e-01
8.761584e-01
8.775333e-01
8.785483e-01
8.795618e-01
8.834431e-01
8.860549e-01
8.880896e-01
8.907577e-01
8.932730e-01
8.933617e-01
8.948360e-01
8.951764e-01
8.962145e-01
8.992964e-01
9.010945e-01
9.032518e-01
9.053382e-01
9.084221e-01
9.089958e-01
9.091223e-01
9.101076e-01
9.107573e-01
9.157846e-01
9.176505e-01
9.202568e-01
9.229825e-01
9.268075e-01
9.271571e-01
9.322918e-01
9.338445e-01
9.366667e-01
9.427126e-01
9.496696e-01
9.534131e-01
9.557694e-01
9.588449e-01
9.725252e-01
9.752457e-01
9.811155e-01
9.851092e-01
9.912237e-01
9.925516e-01
1.000000e+00
