# SF-29 N2 candidate (i) i1 field=lester2021 eps=0.5 N=16: sorted relative singular values of the dense central-FD Jacobian at the converged state (rows F_i=-q(L_i-S_i); outlet rows (2q/h)(vperp_in-c_perp); smax=3.481478e+03)
5.622803e-04
6.090094e-04
6.202075e-04
6.277508e-04
6.291139e-04
6.357610e-04
6.396928e-04
6.552892e-04
6.654524e-04
6.764776e-04
6.821356e-04
7.115846e-04
7.235253e-04
7.318373e-04
8.051554e-04
8.389432e-04
8.469513e-04
8.552866e-04
8.720740e-04
9.305312e-04
9.770924e-04
9.957097e-04
9.964967e-04
1.009331e-03
1.063381e-03
1.065722e-03
1.212213e-03
1.251886e-03
1.424188e-03
1.424500e-03
1.483804e-03
1.506410e-03
1.855624e-03
1.888592e-03
1.974810e-03
1.974866e-03
2.029720e-03
2.041018e-03
2.098880e-03
2.111657e-03
2.129523e-03
2.212403e-03
2.342919e-03
2.360949e-03
3.676689e-03
3.676743e-03
3.704623e-03
3.706048e-03
3.745244e-03
3.755110e-03
3.761237e-03
3.777167e-03
5.191171e-03
5.261599e-03
5.315373e-03
5.317769e-03
5.366749e-03
5.413884e-03
5.432387e-03
5.521992e-03
5.550746e-03
5.622945e-03
5.629717e-03
5.646009e-03
5.646220e-03
5.652155e-03
5.675073e-03
5.685166e-03
5.729397e-03
5.749462e-03
5.757335e-03
5.796842e-03
5.829729e-03
5.830874e-03
5.851403e-03
5.853935e-03
5.888513e-03
5.937014e-03
5.960636e-03
6.005593e-03
6.075745e-03
6.153929e-03
6.182843e-03
6.225253e-03
6.263143e-03
6.370942e-03
6.375965e-03
6.424773e-03
6.489489e-03
6.513038e-03
6.522971e-03
6.561274e-03
6.680581e-03
6.708351e-03
6.721731e-03
6.752060e-03
6.778038e-03
6.863349e-03
6.967829e-03
7.017185e-03
7.020801e-03
7.130538e-03
7.164345e-03
7.252585e-03
7.400280e-03
7.474954e-03
7.575366e-03
7.577999e-03
7.643030e-03
7.688597e-03
7.712073e-03
7.767262e-03
8.161225e-03
8.170952e-03
8.289930e-03
8.344535e-03
8.801886e-03
8.828485e-03
8.833254e-03
8.846303e-03
9.022821e-03
9.054004e-03
9.099814e-03
9.123163e-03
9.125342e-03
9.157950e-03
9.161755e-03
9.226855e-03
9.692526e-03
9.697553e-03
9.753712e-03
9.969896e-03
1.006925e-02
1.008186e-02
1.018792e-02
1.031388e-02
1.036280e-02
1.039616e-02
1.040113e-02
1.048253e-02
1.055578e-02
1.059790e-02
1.062861e-02
1.070171e-02
1.075246e-02
1.079111e-02
1.082430e-02
1.082642e-02
1.089666e-02
1.089764e-02
1.090526e-02
1.103423e-02
1.122106e-02
1.141393e-02
1.147054e-02
1.171357e-02
1.171568e-02
1.184066e-02
1.187282e-02
1.187833e-02
1.190703e-02
1.194726e-02
1.206396e-02
1.233177e-02
1.258289e-02
1.271936e-02
1.275738e-02
1.287745e-02
1.288198e-02
1.293355e-02
1.295547e-02
1.301296e-02
1.315596e-02
1.317952e-02
1.367098e-02
1.379173e-02
1.386254e-02
1.388048e-02
1.427906e-02
1.443617e-02
1.455885e-02
1.456728e-02
1.460313e-02
1.467838e-02
1.470018e-02
1.476955e-02
1.480952e-02
1.485944e-02
1.511393e-02
1.532979e-02
1.544521e-02
1.546576e-02
1.549309e-02
1.554638e-02
1.560711e-02
1.563858e-02
1.577197e-02
1.577413e-02
1.579527e-02
1.582893e-02
1.584830e-02
1.591217e-02
1.594426e-02
1.613867e-02
1.619073e-02
1.619547e-02
1.621792e-02
1.622070e-02
1.624550e-02
1.625415e-02
1.631938e-02
1.639479e-02
1.641538e-02
1.644055e-02
1.647363e-02
1.648637e-02
1.656266e-02
1.663099e-02
1.663264e-02
1.670425e-02
1.672512e-02
1.678638e-02
1.678788e-02
1.679664e-02
1.680204e-02
1.687776e-02
1.690765e-02
1.698429e-02
1.707413e-02
1.712945e-02
1.717828e-02
1.725010e-02
1.730190e-02
1.737241e-02
1.738653e-02
1.756689e-02
1.762361e-02
1.763482e-02
1.764739e-02
1.766414e-02
1.791146e-02
1.792761e-02
1.797813e-02
1.797861e-02
1.805194e-02
1.805399e-02
1.811466e-02
1.811517e-02
1.815375e-02
1.824055e-02
1.829192e-02
1.829647e-02
1.832797e-02
1.835937e-02
1.842719e-02
1.844910e-02
1.850438e-02
1.864452e-02
1.871707e-02
1.879737e-02
1.890598e-02
1.891736e-02
1.891859e-02
1.903085e-02
1.905375e-02
1.914243e-02
1.915962e-02
1.928197e-02
1.932655e-02
1.946465e-02
1.985313e-02
1.986728e-02
2.110576e-02
2.111641e-02
2.123654e-02
2.125014e-02
2.139827e-02
2.146899e-02
2.147832e-02
2.152104e-02
2.155706e-02
2.156282e-02
2.165969e-02
2.168802e-02
2.169176e-02
2.175213e-02
2.197741e-02
2.199863e-02
2.203365e-02
2.209570e-02
2.212868e-02
2.215646e-02
2.336979e-02
2.365559e-02
2.400076e-02
2.400180e-02
2.423051e-02
2.425785e-02
2.427879e-02
2.428591e-02
2.439769e-02
2.446609e-02
2.448862e-02
2.455202e-02
2.459254e-02
2.475305e-02
2.476932e-02
2.492816e-02
2.495255e-02
2.500213e-02
2.509238e-02
2.512989e-02
2.513358e-02
2.520554e-02
2.520774e-02
2.542719e-02
2.557126e-02
2.575310e-02
2.578636e-02
2.584283e-02
2.590930e-02
2.592942e-02
2.593268e-02
2.596068e-02
2.605379e-02
2.605780e-02
2.615988e-02
2.617132e-02
2.623529e-02
2.640253e-02
2.643681e-02
2.653988e-02
2.688129e-02
2.691638e-02
2.693020e-02
2.702542e-02
2.714394e-02
2.722011e-02
2.723307e-02
2.738657e-02
2.742132e-02
2.753706e-02
2.755171e-02
2.755196e-02
2.783386e-02
2.783888e-02
2.798019e-02
2.798315e-02
2.923754e-02
2.932262e-02
2.938354e-02
2.958309e-02
2.960662e-02
2.962593e-02
2.965557e-02
2.979846e-02
2.984288e-02
3.008175e-02
3.011100e-02
3.018701e-02
3.032138e-02
3.046940e-02
3.053145e-02
3.055404e-02
3.063169e-02
3.069312e-02
3.083773e-02
3.093278e-02
3.103792e-02
3.107078e-02
3.115980e-02
3.118581e-02
3.122488e-02
3.122824e-02
3.128603e-02
3.136336e-02
3.136648e-02
3.142902e-02
3.153697e-02
3.154192e-02
3.156310e-02
3.158342e-02
3.160293e-02
3.170125e-02
3.174873e-02
3.180188e-02
3.190434e-02
3.194459e-02
3.214991e-02
3.218245e-02
3.236041e-02
3.237475e-02
3.238101e-02
3.241758e-02
3.252752e-02
3.254979e-02
3.255046e-02
3.255755e-02
3.259760e-02
3.260556e-02
3.263234e-02
3.271498e-02
3.272306e-02
3.283007e-02
3.286988e-02
3.292321e-02
3.298011e-02
3.304490e-02
3.306954e-02
3.309834e-02
3.314994e-02
3.323981e-02
3.338959e-02
3.339576e-02
3.355535e-02
3.355733e-02
3.362091e-02
3.363946e-02
3.372209e-02
3.380606e-02
3.394746e-02
3.396348e-02
3.396905e-02
3.419138e-02
3.426925e-02
3.431128e-02
3.434588e-02
3.451204e-02
3.452183e-02
3.457246e-02
3.463269e-02
3.467874e-02
3.471031e-02
3.477042e-02
3.478420e-02
3.481765e-02
3.490863e-02
3.502819e-02
3.511124e-02
3.522788e-02
3.525536e-02
3.545202e-02
3.550367e-02
3.561279e-02
3.564602e-02
3.568241e-02
3.568810e-02
3.573469e-02
3.575593e-02
3.577017e-02
3.583847e-02
3.590303e-02
3.596738e-02
3.601116e-02
3.607419e-02
3.614502e-02
3.622220e-02
3.623560e-02
3.625833e-02
3.634066e-02
3.639998e-02
3.657626e-02
3.704710e-02
3.717587e-02
3.725657e-02
3.739328e-02
3.775550e-02
3.780334e-02
3.782047e-02
3.800916e-02
3.802533e-02
3.820386e-02
3.822095e-02
3.827379e-02
3.842114e-02
3.846913e-02
3.849544e-02
3.860037e-02
3.867735e-02
3.878831e-02
3.894020e-02
3.909518e-02
3.909720e-02
3.914711e-02
3.927530e-02
3.959879e-02
3.965062e-02
3.966479e-02
3.971377e-02
3.988486e-02
3.995493e-02
4.002185e-02
4.009979e-02
4.011722e-02
4.013561e-02
4.027643e-02
4.028724e-02
4.038155e-02
4.049419e-02
4.059111e-02
4.061075e-02
4.064545e-02
4.069262e-02
4.083723e-02
4.085906e-02
4.086331e-02
4.093201e-02
4.096710e-02
4.102116e-02
4.121357e-02
4.165491e-02
4.169720e-02
4.185986e-02
4.186365e-02
4.192926e-02
4.196337e-02
4.203432e-02
4.216390e-02
4.230309e-02
4.239046e-02
4.258539e-02
4.263714e-02
4.267529e-02
4.267752e-02
4.271948e-02
4.282795e-02
4.286076e-02
4.288542e-02
4.299521e-02
4.304303e-02
4.330825e-02
4.332565e-02
4.350304e-02
4.358971e-02
4.373455e-02
4.388754e-02
4.390628e-02
4.445896e-02
4.518382e-02
4.520772e-02
4.522799e-02
4.525160e-02
4.527890e-02
4.535525e-02
4.577018e-02
4.586276e-02
4.602449e-02
4.607316e-02
4.609253e-02
4.627626e-02
4.630441e-02
4.674459e-02
4.719049e-02
4.719466e-02
4.733323e-02
4.747831e-02
4.755566e-02
4.761686e-02
4.775490e-02
4.775497e-02
4.796345e-02
4.804345e-02
4.805536e-02
4.838666e-02
4.850678e-02
4.859252e-02
4.861888e-02
4.874801e-02
4.875006e-02
4.878593e-02
4.881703e-02
4.899784e-02
4.910342e-02
4.910781e-02
4.934254e-02
4.937703e-02
4.944800e-02
4.945526e-02
4.947002e-02
4.949731e-02
4.958426e-02
4.965546e-02
4.966736e-02
4.971842e-02
4.972473e-02
4.973868e-02
4.979316e-02
4.981009e-02
4.987204e-02
4.987240e-02
4.993410e-02
5.006981e-02
5.008835e-02
5.014239e-02
5.022461e-02
5.022634e-02
5.033350e-02
5.050389e-02
5.051595e-02
5.058576e-02
5.059992e-02
5.060657e-02
5.064821e-02
5.079430e-02
5.086374e-02
5.091381e-02
5.092956e-02
5.100264e-02
5.117346e-02
5.119745e-02
5.124696e-02
5.133880e-02
5.136496e-02
5.154767e-02
5.168919e-02
5.175828e-02
5.181069e-02
5.184844e-02
5.185412e-02
5.197452e-02
5.203852e-02
5.204176e-02
5.206836e-02
5.214531e-02
5.227000e-02
5.240211e-02
5.241679e-02
5.243829e-02
5.245422e-02
5.259372e-02
5.265769e-02
5.269212e-02
5.271849e-02
5.277746e-02
5.296065e-02
5.308240e-02
5.308266e-02
5.309548e-02
5.312068e-02
5.318905e-02
5.321912e-02
5.332919e-02
5.337857e-02
5.339254e-02
5.342136e-02
5.350235e-02
5.356509e-02
5.358585e-02
5.368361e-02
5.388478e-02
5.392878e-02
5.407150e-02
5.414417e-02
5.420234e-02
5.423802e-02
5.428618e-02
5.429132e-02
5.435608e-02
5.439522e-02
5.456629e-02
5.462248e-02
5.467268e-02
5.475621e-02
5.478626e-02
5.488535e-02
5.512154e-02
5.517373e-02
5.521631e-02
5.526769e-02
5.533520e-02
5.539847e-02
5.549392e-02
5.554465e-02
5.558593e-02
5.564637e-02
5.570369e-02
5.574270e-02
5.584640e-02
5.591408e-02
5.601156e-02
5.607775e-02
5.613295e-02
5.618988e-02
5.620565e-02
5.623200e-02
5.623683e-02
5.648592e-02
5.652658e-02
5.653770e-02
5.669173e-02
5.671565e-02
5.681337e-02
5.683232e-02
5.685625e-02
5.690032e-02
5.695565e-02
5.701019e-02
5.703880e-02
5.704330e-02
5.707575e-02
5.712949e-02
5.715249e-02
5.721559e-02
5.724629e-02
5.739074e-02
5.739312e-02
5.750114e-02
5.754313e-02
5.760594e-02
5.767762e-02
5.777154e-02
5.778771e-02
5.805006e-02
5.821258e-02
5.847210e-02
5.863991e-02
5.866436e-02
5.885614e-02
5.889480e-02
5.900337e-02
5.903308e-02
5.922105e-02
5.933766e-02
5.937148e-02
5.954031e-02
5.968850e-02
5.982245e-02
5.987952e-02
5.995439e-02
6.000186e-02
6.024951e-02
6.048216e-02
6.060943e-02
6.063737e-02
6.068037e-02
6.086315e-02
6.087110e-02
6.092243e-02
6.093516e-02
6.113978e-02
6.120051e-02
6.121644e-02
6.125471e-02
6.129621e-02
6.141884e-02
6.154113e-02
6.161260e-02
6.184540e-02
6.187884e-02
6.190403e-02
6.191623e-02
6.196419e-02
6.294672e-02
6.307992e-02
6.309529e-02
6.314028e-02
6.322939e-02
6.325640e-02
6.334909e-02
6.338319e-02
6.339150e-02
6.343815e-02
6.346454e-02
6.354977e-02
6.366033e-02
6.369766e-02
6.374414e-02
6.379547e-02
6.394181e-02
6.407352e-02
6.409176e-02
6.412729e-02
6.415876e-02
6.421688e-02
6.435176e-02
6.444396e-02
6.452653e-02
6.463857e-02
6.466154e-02
6.512197e-02
6.537712e-02
6.545377e-02
6.548935e-02
6.559489e-02
6.560294e-02
6.588882e-02
6.589556e-02
6.590952e-02
6.615787e-02
6.617528e-02
6.617710e-02
6.617895e-02
6.621006e-02
6.623747e-02
6.630149e-02
6.635369e-02
6.643566e-02
6.652193e-02
6.681427e-02
6.692344e-02
6.704245e-02
6.711751e-02
6.714991e-02
6.717033e-02
6.725312e-02
6.731663e-02
6.773061e-02
6.773813e-02
6.823520e-02
6.830036e-02
6.839091e-02
6.850536e-02
6.851331e-02
6.863351e-02
6.884098e-02
6.886378e-02
6.890806e-02
6.899333e-02
6.905190e-02
6.910451e-02
6.932495e-02
6.954873e-02
6.964762e-02
6.987225e-02
6.989293e-02
6.996615e-02
7.013353e-02
7.017951e-02
7.018075e-02
7.025509e-02
7.032188e-02
7.034185e-02
7.040799e-02
7.066501e-02
7.073837e-02
7.081419e-02
7.097932e-02
7.105093e-02
7.105602e-02
7.153646e-02
7.153946e-02
7.158549e-02
7.166176e-02
7.194225e-02
7.195475e-02
7.212746e-02
7.221448e-02
7.229487e-02
7.237007e-02
7.247022e-02
7.252495e-02
7.259086e-02
7.272221e-02
7.284043e-02
7.288989e-02
7.290739e-02
7.307857e-02
7.321515e-02
7.324225e-02
7.330953e-02
7.333144e-02
7.334684e-02
7.336442e-02
7.338800e-02
7.349283e-02
7.364230e-02
7.367661e-02
7.371157e-02
7.391008e-02
7.399599e-02
7.408307e-02
7.411568e-02
7.421889e-02
7.422674e-02
7.422784e-02
7.431534e-02
7.438330e-02
7.439076e-02
7.444909e-02
7.458277e-02
7.464410e-02
7.465092e-02
7.484629e-02
7.486813e-02
7.493872e-02
7.501288e-02
7.510272e-02
7.527389e-02
7.530105e-02
7.536676e-02
7.543308e-02
7.550643e-02
7.551808e-02
7.558689e-02
7.559248e-02
7.568249e-02
7.577039e-02
7.577995e-02
7.583364e-02
7.602615e-02
7.602909e-02
7.604573e-02
7.610403e-02
7.613223e-02
7.613701e-02
7.614649e-02
7.627947e-02
7.646721e-02
7.649962e-02
7.654973e-02
7.662283e-02
7.673259e-02
7.678497e-02
7.689029e-02
7.690690e-02
7.696384e-02
7.707913e-02
7.721956e-02
7.729518e-02
7.733707e-02
7.740231e-02
7.751210e-02
7.752699e-02
7.756458e-02
7.762040e-02
7.774228e-02
7.774408e-02
7.776095e-02
7.783865e-02
7.791585e-02
7.793214e-02
7.801572e-02
7.805045e-02
7.808138e-02
7.811096e-02
7.828254e-02
7.851444e-02
7.852080e-02
7.860757e-02
7.865274e-02
7.871431e-02
7.885144e-02
7.893561e-02
7.899482e-02
7.909698e-02
7.915915e-02
7.930878e-02
7.934851e-02
7.934890e-02
7.950646e-02
7.956503e-02
7.973654e-02
7.979060e-02
7.982061e-02
7.999929e-02
8.010207e-02
8.010779e-02
8.023313e-02
8.023454e-02
8.040717e-02
8.041160e-02
8.044695e-02
8.050734e-02
8.053320e-02
8.055188e-02
8.063413e-02
8.063663e-02
8.073931e-02
8.083002e-02
8.086213e-02
8.087368e-02
8.109373e-02
8.123625e-02
8.144401e-02
8.145270e-02
8.151889e-02
8.154886e-02
8.166248e-02
8.172070e-02
8.176541e-02
8.184613e-02
8.189537e-02
8.197840e-02
8.209161e-02
8.229515e-02
8.241896e-02
8.254257e-02
8.270778e-02
8.286744e-02
8.288243e-02
8.305276e-02
8.310661e-02
8.328367e-02
8.336976e-02
8.337249e-02
8.344446e-02
8.347870e-02
8.369283e-02
8.377019e-02
8.387729e-02
8.388893e-02
8.395862e-02
8.399049e-02
8.444136e-02
8.446271e-02
8.451692e-02
8.451753e-02
8.485069e-02
8.490065e-02
8.490475e-02
8.502165e-02
8.516877e-02
8.526907e-02
8.538506e-02
8.549534e-02
8.563985e-02
8.578131e-02
8.580603e-02
8.586493e-02
8.595300e-02
8.599541e-02
8.608541e-02
8.640404e-02
8.643555e-02
8.645750e-02
8.647404e-02
8.660948e-02
8.668208e-02
8.671710e-02
8.678244e-02
8.681422e-02
8.695167e-02
8.696347e-02
8.706555e-02
8.713160e-02
8.725236e-02
8.731794e-02
8.738021e-02
8.743844e-02
8.769587e-02
8.782601e-02
8.791969e-02
8.809472e-02
8.826831e-02
8.828821e-02
8.835807e-02
8.837874e-02
8.845254e-02
8.853840e-02
8.858255e-02
8.869554e-02
8.869714e-02
8.872552e-02
8.882634e-02
8.883374e-02
8.885421e-02
8.887989e-02
8.895242e-02
8.906787e-02
8.909468e-02
8.910538e-02
8.921505e-02
8.928554e-02
8.930487e-02
8.958544e-02
8.969542e-02
8.971356e-02
8.994933e-02
9.008221e-02
9.011815e-02
9.016306e-02
9.025390e-02
9.025431e-02
9.034582e-02
9.036140e-02
9.046538e-02
9.050083e-02
9.055839e-02
9.064501e-02
9.065435e-02
9.079787e-02
9.083180e-02
9.090446e-02
9.103999e-02
9.106278e-02
9.107715e-02
9.121724e-02
9.125126e-02
9.133966e-02
9.139654e-02
9.139721e-02
9.140963e-02
9.149099e-02
9.150162e-02
9.152542e-02
9.153431e-02
9.163638e-02
9.176462e-02
9.201897e-02
9.211954e-02
9.213566e-02
9.243137e-02
9.246476e-02
9.248031e-02
9.260897e-02
9.261977e-02
9.305728e-02
9.306539e-02
9.316421e-02
9.317263e-02
9.332782e-02
9.332964e-02
9.341549e-02
9.344551e-02
9.350896e-02
9.370169e-02
9.373899e-02
9.403724e-02
9.404454e-02
9.418522e-02
9.429074e-02
9.447559e-02
9.461639e-02
9.486165e-02
9.496617e-02
9.503259e-02
9.531775e-02
9.540057e-02
9.550835e-02
9.553573e-02
9.555427e-02
9.558982e-02
9.568184e-02
9.583767e-02
9.604787e-02
9.622866e-02
9.623081e-02
9.623266e-02
9.636094e-02
9.636767e-02
9.637072e-02
9.655758e-02
9.656066e-02
9.658769e-02
9.677630e-02
9.679848e-02
9.682114e-02
9.684800e-02
9.695049e-02
9.697384e-02
9.699482e-02
9.719371e-02
9.725065e-02
9.727321e-02
9.744669e-02
9.747044e-02
9.750005e-02
9.753129e-02
9.759230e-02
9.762439e-02
9.780091e-02
9.780408e-02
9.783347e-02
9.784187e-02
9.784918e-02
9.789365e-02
9.815390e-02
9.815586e-02
9.843062e-02
9.853861e-02
9.855983e-02
9.861816e-02
9.866787e-02
9.871021e-02
9.876333e-02
9.898246e-02
9.899825e-02
9.904738e-02
9.912817e-02
9.916039e-02
9.922666e-02
9.923751e-02
9.931180e-02
9.931267e-02
9.938327e-02
9.939466e-02
9.941884e-02
9.956943e-02
9.962206e-02
9.964444e-02
9.973556e-02
9.973955e-02
9.986608e-02
9.988918e-02
9.995076e-02
1.000474e-01
1.001576e-01
1.001780e-01
1.001915e-01
1.001951e-01
1.003381e-01
1.003472e-01
1.004431e-01
1.004907e-01
1.005509e-01
1.006027e-01
1.006137e-01
1.006930e-01
1.007973e-01
1.009109e-01
1.010549e-01
1.011089e-01
1.011296e-01
1.011347e-01
1.011566e-01
1.013119e-01
1.013416e-01
1.013654e-01
1.014216e-01
1.014626e-01
1.014947e-01
1.016144e-01
1.016672e-01
1.017843e-01
1.018041e-01
1.018611e-01
1.019263e-01
1.019291e-01
1.019448e-01
1.021442e-01
1.022437e-01
1.022887e-01
1.023344e-01
1.025041e-01
1.025230e-01
1.026286e-01
1.027348e-01
1.028914e-01
1.029871e-01
1.029969e-01
1.030605e-01
1.030991e-01
1.031402e-01
1.031478e-01
1.032268e-01
1.032454e-01
1.033672e-01
1.035030e-01
1.035289e-01
1.037106e-01
1.037884e-01
1.038272e-01
1.038884e-01
1.039426e-01
1.040257e-01
1.041374e-01
1.042263e-01
1.042808e-01
1.043540e-01
1.045070e-01
1.045099e-01
1.045594e-01
1.045598e-01
1.047026e-01
1.047085e-01
1.047126e-01
1.048616e-01
1.048698e-01
1.049133e-01
1.050207e-01
1.051025e-01
1.051434e-01
1.052294e-01
1.054597e-01
1.054967e-01
1.055592e-01
1.056728e-01
1.057281e-01
1.057722e-01
1.057819e-01
1.057858e-01
1.059382e-01
1.059636e-01
1.060055e-01
1.060090e-01
1.061237e-01
1.062071e-01
1.062131e-01
1.063103e-01
1.063772e-01
1.063990e-01
1.065401e-01
1.065418e-01
1.068164e-01
1.068852e-01
1.068917e-01
1.069147e-01
1.069887e-01
1.070487e-01
1.070494e-01
1.070659e-01
1.071428e-01
1.073161e-01
1.073627e-01
1.074324e-01
1.074340e-01
1.074859e-01
1.075459e-01
1.076760e-01
1.076964e-01
1.077213e-01
1.077695e-01
1.077712e-01
1.078392e-01
1.078597e-01
1.079092e-01
1.079934e-01
1.080278e-01
1.080825e-01
1.081596e-01
1.081881e-01
1.082113e-01
1.083357e-01
1.084187e-01
1.084779e-01
1.085236e-01
1.086018e-01
1.086666e-01
1.087661e-01
1.087723e-01
1.088976e-01
1.089278e-01
1.089473e-01
1.090076e-01
1.090812e-01
1.091043e-01
1.091394e-01
1.091590e-01
1.091678e-01
1.092438e-01
1.092684e-01
1.092880e-01
1.093654e-01
1.095551e-01
1.095941e-01
1.097315e-01
1.097806e-01
1.098160e-01
1.100056e-01
1.100391e-01
1.101203e-01
1.103241e-01
1.103779e-01
1.106162e-01
1.106250e-01
1.106981e-01
1.109553e-01
1.110867e-01
1.111017e-01
1.111295e-01
1.112228e-01
1.113074e-01
1.113923e-01
1.114379e-01
1.114549e-01
1.116095e-01
1.116125e-01
1.116276e-01
1.117610e-01
1.117809e-01
1.118451e-01
1.120274e-01
1.120290e-01
1.122131e-01
1.122399e-01
1.124529e-01
1.125493e-01
1.127642e-01
1.129213e-01
1.130473e-01
1.130568e-01
1.132039e-01
1.132490e-01
1.134688e-01
1.135460e-01
1.135900e-01
1.136179e-01
1.137653e-01
1.138580e-01
1.138646e-01
1.139505e-01
1.140771e-01
1.140778e-01
1.141287e-01
1.141964e-01
1.142093e-01
1.143139e-01
1.143145e-01
1.145377e-01
1.145505e-01
1.145829e-01
1.146061e-01
1.146657e-01
1.147519e-01
1.147596e-01
1.147811e-01
1.149601e-01
1.149607e-01
1.150089e-01
1.150759e-01
1.151734e-01
1.152128e-01
1.154390e-01
1.155604e-01
1.155642e-01
1.156806e-01
1.157282e-01
1.157764e-01
1.158398e-01
1.158947e-01
1.159370e-01
1.160101e-01
1.160185e-01
1.160225e-01
1.160629e-01
1.162087e-01
1.163186e-01
1.163250e-01
1.163498e-01
1.166011e-01
1.166157e-01
1.166378e-01
1.168477e-01
1.169366e-01
1.169468e-01
1.170064e-01
1.170795e-01
1.171185e-01
1.171803e-01
1.172618e-01
1.173833e-01
1.174111e-01
1.174623e-01
1.174818e-01
1.175154e-01
1.175158e-01
1.175766e-01
1.176008e-01
1.176570e-01
1.177608e-01
1.177914e-01
1.178725e-01
1.180484e-01
1.180560e-01
1.181383e-01
1.181729e-01
1.182530e-01
1.182653e-01
1.182993e-01
1.183278e-01
1.184253e-01
1.184783e-01
1.185041e-01
1.187044e-01
1.187194e-01
1.188110e-01
1.188489e-01
1.189747e-01
1.191684e-01
1.192348e-01
1.193126e-01
1.193551e-01
1.194443e-01
1.194878e-01
1.196021e-01
1.196343e-01
1.197015e-01
1.198215e-01
1.198317e-01
1.198467e-01
1.198750e-01
1.200394e-01
1.202082e-01
1.203147e-01
1.205099e-01
1.207225e-01
1.207402e-01
1.207764e-01
1.208049e-01
1.208892e-01
1.209375e-01
1.209721e-01
1.209992e-01
1.210255e-01
1.211703e-01
1.211809e-01
1.213210e-01
1.213221e-01
1.213921e-01
1.213927e-01
1.215167e-01
1.216028e-01
1.217092e-01
1.218180e-01
1.218389e-01
1.218696e-01
1.219844e-01
1.220146e-01
1.220199e-01
1.220298e-01
1.221175e-01
1.223504e-01
1.224499e-01
1.225033e-01
1.225193e-01
1.225398e-01
1.226909e-01
1.227013e-01
1.227600e-01
1.227854e-01
1.228099e-01
1.228226e-01
1.228837e-01
1.230133e-01
1.230504e-01
1.231704e-01
1.232277e-01
1.233292e-01
1.233490e-01
1.234824e-01
1.235338e-01
1.236484e-01
1.236530e-01
1.237956e-01
1.238710e-01
1.239449e-01
1.239466e-01
1.240478e-01
1.240671e-01
1.241653e-01
1.243336e-01
1.243364e-01
1.244136e-01
1.244375e-01
1.244608e-01
1.245458e-01
1.245874e-01
1.246719e-01
1.249091e-01
1.249098e-01
1.249210e-01
1.249881e-01
1.250010e-01
1.250821e-01
1.250937e-01
1.252215e-01
1.252880e-01
1.252973e-01
1.253664e-01
1.254426e-01
1.254485e-01
1.255225e-01
1.255262e-01
1.255271e-01
1.256165e-01
1.256349e-01
1.256742e-01
1.256785e-01
1.258650e-01
1.259087e-01
1.260513e-01
1.261019e-01
1.261641e-01
1.261646e-01
1.263476e-01
1.263963e-01
1.264359e-01
1.265019e-01
1.266198e-01
1.266380e-01
1.266487e-01
1.268224e-01
1.269246e-01
1.269263e-01
1.269667e-01
1.270176e-01
1.270541e-01
1.270694e-01
1.271296e-01
1.271951e-01
1.272419e-01
1.273592e-01
1.273758e-01
1.274136e-01
1.274477e-01
1.274781e-01
1.275288e-01
1.275681e-01
1.276867e-01
1.277000e-01
1.277701e-01
1.277925e-01
1.278051e-01
1.278275e-01
1.278819e-01
1.280508e-01
1.281148e-01
1.281846e-01
1.282075e-01
1.282535e-01
1.282589e-01
1.285712e-01
1.286304e-01
1.286312e-01
1.287448e-01
1.287500e-01
1.289298e-01
1.290170e-01
1.290405e-01
1.290714e-01
1.291977e-01
1.292245e-01
1.293863e-01
1.294666e-01
1.294667e-01
1.294856e-01
1.295605e-01
1.295983e-01
1.297323e-01
1.297565e-01
1.297730e-01
1.297912e-01
1.297939e-01
1.298499e-01
1.298821e-01
1.299267e-01
1.299811e-01
1.299902e-01
1.300379e-01
1.300967e-01
1.301559e-01
1.301997e-01
1.302063e-01
1.302857e-01
1.303390e-01
1.305156e-01
1.305536e-01
1.305799e-01
1.306030e-01
1.306268e-01
1.306641e-01
1.306911e-01
1.306977e-01
1.307228e-01
1.308201e-01
1.308630e-01
1.308779e-01
1.308948e-01
1.309406e-01
1.310876e-01
1.311073e-01
1.311094e-01
1.311499e-01
1.312179e-01
1.312384e-01
1.312838e-01
1.313021e-01
1.313396e-01
1.313479e-01
1.314028e-01
1.314424e-01
1.314578e-01
1.314886e-01
1.316184e-01
1.317112e-01
1.317739e-01
1.318351e-01
1.319377e-01
1.319603e-01
1.320345e-01
1.320415e-01
1.321457e-01
1.321720e-01
1.322376e-01
1.322580e-01
1.323396e-01
1.323631e-01
1.323775e-01
1.324166e-01
1.324399e-01
1.325212e-01
1.325997e-01
1.326441e-01
1.327245e-01
1.327689e-01
1.327737e-01
1.328573e-01
1.328800e-01
1.328923e-01
1.330468e-01
1.330825e-01
1.331376e-01
1.331417e-01
1.332487e-01
1.332538e-01
1.332759e-01
1.333127e-01
1.333201e-01
1.333690e-01
1.333832e-01
1.334405e-01
1.334827e-01
1.334932e-01
1.335968e-01
1.336788e-01
1.336801e-01
1.337238e-01
1.337521e-01
1.338852e-01
1.339115e-01
1.339542e-01
1.339577e-01
1.340115e-01
1.340332e-01
1.340348e-01
1.341645e-01
1.342545e-01
1.342618e-01
1.343955e-01
1.344277e-01
1.345000e-01
1.345504e-01
1.346153e-01
1.346292e-01
1.346601e-01
1.347168e-01
1.347816e-01
1.348087e-01
1.348348e-01
1.348565e-01
1.349085e-01
1.349550e-01
1.350317e-01
1.350498e-01
1.351444e-01
1.351720e-01
1.352960e-01
1.354110e-01
1.354355e-01
1.354514e-01
1.355802e-01
1.355846e-01
1.356928e-01
1.356973e-01
1.356992e-01
1.357150e-01
1.357809e-01
1.357836e-01
1.358685e-01
1.359074e-01
1.360286e-01
1.360975e-01
1.361014e-01
1.361316e-01
1.361342e-01
1.361509e-01
1.362418e-01
1.363140e-01
1.363474e-01
1.364111e-01
1.364288e-01
1.364645e-01
1.365548e-01
1.365665e-01
1.367507e-01
1.368627e-01
1.369448e-01
1.369824e-01
1.370728e-01
1.371612e-01
1.371777e-01
1.371820e-01
1.372110e-01
1.373177e-01
1.374452e-01
1.374464e-01
1.376303e-01
1.376704e-01
1.377098e-01
1.377446e-01
1.378021e-01
1.378709e-01
1.379465e-01
1.379727e-01
1.380477e-01
1.380651e-01
1.380756e-01
1.381677e-01
1.382911e-01
1.383420e-01
1.384223e-01
1.384921e-01
1.385077e-01
1.385704e-01
1.386255e-01
1.386766e-01
1.387066e-01
1.387640e-01
1.388574e-01
1.388961e-01
1.389270e-01
1.389321e-01
1.389546e-01
1.391837e-01
1.391937e-01
1.392369e-01
1.392807e-01
1.392841e-01
1.393628e-01
1.394369e-01
1.394428e-01
1.394637e-01
1.395069e-01
1.395247e-01
1.395264e-01
1.395268e-01
1.397522e-01
1.397772e-01
1.398474e-01
1.399042e-01
1.399725e-01
1.399887e-01
1.400552e-01
1.400588e-01
1.402185e-01
1.402381e-01
1.403775e-01
1.403999e-01
1.405673e-01
1.405832e-01
1.406122e-01
1.407590e-01
1.408214e-01
1.408284e-01
1.408571e-01
1.409030e-01
1.409569e-01
1.410383e-01
1.411780e-01
1.412353e-01
1.413728e-01
1.413841e-01
1.413966e-01
1.414982e-01
1.415469e-01
1.415506e-01
1.416002e-01
1.416234e-01
1.416829e-01
1.418154e-01
1.418405e-01
1.418946e-01
1.419219e-01
1.419254e-01
1.419439e-01
1.419629e-01
1.420469e-01
1.422700e-01
1.422993e-01
1.423501e-01
1.423665e-01
1.424110e-01
1.424780e-01
1.425131e-01
1.425725e-01
1.426653e-01
1.426654e-01
1.427176e-01
1.427557e-01
1.427595e-01
1.429644e-01
1.430271e-01
1.430311e-01
1.430461e-01
1.430882e-01
1.431899e-01
1.432193e-01
1.433340e-01
1.433605e-01
1.433701e-01
1.435332e-01
1.435639e-01
1.435765e-01
1.438525e-01
1.440012e-01
1.440735e-01
1.441012e-01
1.441127e-01
1.442410e-01
1.443052e-01
1.443135e-01
1.444010e-01
1.444387e-01
1.444421e-01
1.445152e-01
1.445449e-01
1.445629e-01
1.446758e-01
1.446819e-01
1.446876e-01
1.447878e-01
1.451329e-01
1.451819e-01
1.452304e-01
1.453753e-01
1.454039e-01
1.454107e-01
1.454467e-01
1.456708e-01
1.457693e-01
1.457930e-01
1.457955e-01
1.458425e-01
1.458609e-01
1.458725e-01
1.459707e-01
1.461227e-01
1.461292e-01
1.462121e-01
1.462687e-01
1.463162e-01
1.463187e-01
1.464091e-01
1.464093e-01
1.466041e-01
1.466378e-01
1.466612e-01
1.467905e-01
1.468990e-01
1.469466e-01
1.469499e-01
1.470102e-01
1.472482e-01
1.473001e-01
1.473158e-01
1.473313e-01
1.473588e-01
1.474002e-01
1.475170e-01
1.475658e-01
1.477532e-01
1.478064e-01
1.478140e-01
1.479036e-01
1.481242e-01
1.481570e-01
1.483029e-01
1.484519e-01
1.484778e-01
1.486028e-01
1.487073e-01
1.489969e-01
1.490268e-01
1.491063e-01
1.492158e-01
1.493970e-01
1.496487e-01
1.496490e-01
1.497093e-01
1.497266e-01
1.499039e-01
1.499395e-01
1.500045e-01
1.502471e-01
1.503223e-01
1.505051e-01
1.505234e-01
1.508762e-01
1.508836e-01
1.509547e-01
1.509886e-01
1.511775e-01
1.513191e-01
1.513404e-01
1.513526e-01
1.514684e-01
1.515837e-01
1.515941e-01
1.518603e-01
1.522977e-01
1.525026e-01
1.525304e-01
1.525430e-01
1.526806e-01
1.526973e-01
1.528337e-01
1.528412e-01
1.528968e-01
1.529307e-01
1.529396e-01
1.530087e-01
1.532544e-01
1.533319e-01
1.533713e-01
1.535036e-01
1.535942e-01
1.537904e-01
1.538844e-01
1.538990e-01
1.539093e-01
1.539654e-01
1.540454e-01
1.541870e-01
1.542736e-01
1.542967e-01
1.543827e-01
1.543988e-01
1.544005e-01
1.544756e-01
1.547359e-01
1.548899e-01
1.549169e-01
1.549426e-01
1.551293e-01
1.553368e-01
1.553692e-01
1.554372e-01
1.554376e-01
1.555315e-01
1.555676e-01
1.556370e-01
1.557651e-01
1.558653e-01
1.558996e-01
1.559058e-01
1.559660e-01
1.560784e-01
1.561366e-01
1.564018e-01
1.564545e-01
1.565037e-01
1.565236e-01
1.566070e-01
1.566858e-01
1.567436e-01
1.568220e-01
1.569418e-01
1.569787e-01
1.571504e-01
1.571748e-01
1.571789e-01
1.573801e-01
1.573809e-01
1.575200e-01
1.576320e-01
1.576550e-01
1.576947e-01
1.578390e-01
1.578507e-01
1.578919e-01
1.579974e-01
1.580641e-01
1.582618e-01
1.583354e-01
1.583428e-01
1.583723e-01
1.584091e-01
1.584318e-01
1.585670e-01
1.586004e-01
1.586276e-01
1.587357e-01
1.587365e-01
1.587865e-01
1.589800e-01
1.591174e-01
1.591714e-01
1.591872e-01
1.592254e-01
1.593493e-01
1.594104e-01
1.594156e-01
1.595351e-01
1.596586e-01
1.598038e-01
1.599091e-01
1.599145e-01
1.599601e-01
1.601123e-01
1.602342e-01
1.602720e-01
1.603164e-01
1.604474e-01
1.605111e-01
1.605705e-01
1.605853e-01
1.606930e-01
1.607418e-01
1.608865e-01
1.609655e-01
1.609785e-01
1.610776e-01
1.610978e-01
1.611993e-01
1.612617e-01
1.612679e-01
1.612828e-01
1.613752e-01
1.614350e-01
1.615503e-01
1.616017e-01
1.616198e-01
1.616528e-01
1.616787e-01
1.618334e-01
1.618704e-01
1.619332e-01
1.619583e-01
1.620462e-01
1.620696e-01
1.621032e-01
1.622600e-01
1.622761e-01
1.622902e-01
1.624154e-01
1.624564e-01
1.625306e-01
1.625327e-01
1.626060e-01
1.626345e-01
1.626542e-01
1.627349e-01
1.627451e-01
1.628634e-01
1.629100e-01
1.629935e-01
1.630622e-01
1.631421e-01
1.634302e-01
1.635830e-01
1.635878e-01
1.636576e-01
1.637821e-01
1.638925e-01
1.639190e-01
1.639590e-01
1.639879e-01
1.640926e-01
1.642601e-01
1.643070e-01
1.643912e-01
1.644027e-01
1.644096e-01
1.644652e-01
1.647010e-01
1.647116e-01
1.647823e-01
1.649271e-01
1.649984e-01
1.650062e-01
1.650326e-01
1.650814e-01
1.652325e-01
1.654671e-01
1.654755e-01
1.655323e-01
1.655638e-01
1.655914e-01
1.657175e-01
1.658452e-01
1.659358e-01
1.660222e-01
1.660762e-01
1.661735e-01
1.663282e-01
1.663834e-01
1.665239e-01
1.666094e-01
1.666448e-01
1.667537e-01
1.667902e-01
1.671291e-01
1.671327e-01
1.671419e-01
1.673293e-01
1.674153e-01
1.674162e-01
1.674719e-01
1.675417e-01
1.676917e-01
1.676931e-01
1.677308e-01
1.677790e-01
1.678171e-01
1.678668e-01
1.680101e-01
1.680637e-01
1.681607e-01
1.681963e-01
1.682184e-01
1.684114e-01
1.684396e-01
1.686293e-01
1.686398e-01
1.687343e-01
1.688201e-01
1.688537e-01
1.688766e-01
1.690990e-01
1.691883e-01
1.692535e-01
1.694500e-01
1.695039e-01
1.695614e-01
1.696661e-01
1.696729e-01
1.697279e-01
1.698289e-01
1.698575e-01
1.699371e-01
1.700650e-01
1.700876e-01
1.702036e-01
1.702095e-01
1.702936e-01
1.703554e-01
1.704495e-01
1.705143e-01
1.705379e-01
1.706945e-01
1.707160e-01
1.709271e-01
1.710409e-01
1.710501e-01
1.710548e-01
1.711868e-01
1.712617e-01
1.712952e-01
1.714809e-01
1.715836e-01
1.716368e-01
1.716614e-01
1.716861e-01
1.717267e-01
1.718444e-01
1.719386e-01
1.719611e-01
1.720636e-01
1.720652e-01
1.720991e-01
1.721116e-01
1.721751e-01
1.722931e-01
1.723086e-01
1.724753e-01
1.724863e-01
1.725648e-01
1.726158e-01
1.728526e-01
1.728736e-01
1.729567e-01
1.731037e-01
1.731420e-01
1.731469e-01
1.732408e-01
1.732523e-01
1.734681e-01
1.734783e-01
1.734945e-01
1.735358e-01
1.735532e-01
1.736960e-01
1.739151e-01
1.739290e-01
1.741582e-01
1.742855e-01
1.743316e-01
1.743560e-01
1.743804e-01
1.745140e-01
1.747290e-01
1.747423e-01
1.748701e-01
1.748840e-01
1.749216e-01
1.750077e-01
1.751413e-01
1.751740e-01
1.751789e-01
1.752997e-01
1.753730e-01
1.755865e-01
1.756746e-01
1.757556e-01
1.758054e-01
1.758185e-01
1.759477e-01
1.759713e-01
1.761612e-01
1.762267e-01
1.762480e-01
1.764767e-01
1.765963e-01
1.767550e-01
1.768034e-01
1.768617e-01
1.769227e-01
1.770806e-01
1.771605e-01
1.772212e-01
1.772597e-01
1.772813e-01
1.774569e-01
1.775030e-01
1.776176e-01
1.777244e-01
1.777285e-01
1.778171e-01
1.778213e-01
1.778704e-01
1.779582e-01
1.780273e-01
1.782606e-01
1.783231e-01
1.783257e-01
1.783446e-01
1.784331e-01
1.785100e-01
1.786335e-01
1.786860e-01
1.787605e-01
1.788465e-01
1.788907e-01
1.788964e-01
1.790934e-01
1.791098e-01
1.791843e-01
1.793144e-01
1.794228e-01
1.794797e-01
1.795343e-01
1.796186e-01
1.796523e-01
1.798194e-01
1.798675e-01
1.799242e-01
1.799760e-01
1.800263e-01
1.801442e-01
1.802403e-01
1.803096e-01
1.803364e-01
1.804505e-01
1.804616e-01
1.806150e-01
1.806763e-01
1.807168e-01
1.807992e-01
1.808170e-01
1.810092e-01
1.810483e-01
1.811277e-01
1.811346e-01
1.812523e-01
1.812876e-01
1.813810e-01
1.814199e-01
1.815661e-01
1.817302e-01
1.818437e-01
1.818502e-01
1.818695e-01
1.819817e-01
1.819980e-01
1.821781e-01
1.822380e-01
1.823114e-01
1.823599e-01
1.824091e-01
1.824689e-01
1.824918e-01
1.825280e-01
1.825754e-01
1.828234e-01
1.828385e-01
1.828805e-01
1.830636e-01
1.830817e-01
1.832374e-01
1.832647e-01
1.833009e-01
1.834505e-01
1.835768e-01
1.836717e-01
1.836976e-01
1.837892e-01
1.838451e-01
1.838714e-01
1.839978e-01
1.840699e-01
1.842120e-01
1.842829e-01
1.843317e-01
1.844541e-01
1.844622e-01
1.846530e-01
1.846584e-01
1.846947e-01
1.846961e-01
1.848006e-01
1.848797e-01
1.849035e-01
1.849682e-01
1.850535e-01
1.851618e-01
1.852086e-01
1.854244e-01
1.854660e-01
1.855128e-01
1.856260e-01
1.858853e-01
1.859627e-01
1.859921e-01
1.860127e-01
1.860572e-01
1.862260e-01
1.863024e-01
1.863970e-01
1.864053e-01
1.866822e-01
1.866917e-01
1.868526e-01
1.869176e-01
1.869711e-01
1.869981e-01
1.870022e-01
1.870126e-01
1.871476e-01
1.871483e-01
1.873068e-01
1.874014e-01
1.876020e-01
1.876599e-01
1.877281e-01
1.877709e-01
1.878038e-01
1.878999e-01
1.879049e-01
1.879181e-01
1.879590e-01
1.880462e-01
1.882307e-01
1.883208e-01
1.884414e-01
1.884812e-01
1.884911e-01
1.885058e-01
1.885173e-01
1.886313e-01
1.886915e-01
1.888141e-01
1.889443e-01
1.889774e-01
1.891003e-01
1.891281e-01
1.891955e-01
1.892358e-01
1.892423e-01
1.894425e-01
1.894952e-01
1.895417e-01
1.896373e-01
1.896407e-01
1.896958e-01
1.897186e-01
1.898365e-01
1.898442e-01
1.898679e-01
1.900314e-01
1.900566e-01
1.901050e-01
1.901410e-01
1.902287e-01
1.903108e-01
1.903646e-01
1.904745e-01
1.907063e-01
1.907214e-01
1.907434e-01
1.908089e-01
1.908301e-01
1.910072e-01
1.910120e-01
1.910462e-01
1.910962e-01
1.912331e-01
1.912569e-01
1.912905e-01
1.913912e-01
1.915311e-01
1.916189e-01
1.916332e-01
1.916952e-01
1.917304e-01
1.919365e-01
1.919462e-01
1.919840e-01
1.920377e-01
1.920807e-01
1.921092e-01
1.921523e-01
1.922971e-01
1.923364e-01
1.925757e-01
1.925891e-01
1.926017e-01
1.926203e-01
1.926374e-01
1.926571e-01
1.926753e-01
1.927887e-01
1.928537e-01
1.928635e-01
1.931007e-01
1.931182e-01
1.931494e-01
1.932851e-01
1.933853e-01
1.934405e-01
1.935535e-01
1.935932e-01
1.936146e-01
1.936439e-01
1.937418e-01
1.937927e-01
1.939046e-01
1.939742e-01
1.940077e-01
1.940355e-01
1.940718e-01
1.942082e-01
1.942403e-01
1.942886e-01
1.943495e-01
1.943664e-01
1.944024e-01
1.945521e-01
1.945863e-01
1.946688e-01
1.947828e-01
1.948314e-01
1.949618e-01
1.950997e-01
1.951119e-01
1.951488e-01
1.952458e-01
1.953724e-01
1.954014e-01
1.954229e-01
1.955689e-01
1.955755e-01
1.955834e-01
1.957171e-01
1.958815e-01
1.959427e-01
1.960249e-01
1.960373e-01
1.960577e-01
1.961159e-01
1.961220e-01
1.961281e-01
1.961430e-01
1.962533e-01
1.962554e-01
1.964543e-01
1.964578e-01
1.966177e-01
1.966328e-01
1.966951e-01
1.968706e-01
1.969604e-01
1.970212e-01
1.970241e-01
1.971744e-01
1.971993e-01
1.972234e-01
1.973800e-01
1.974771e-01
1.975106e-01
1.975308e-01
1.975873e-01
1.976231e-01
1.977132e-01
1.977300e-01
1.978318e-01
1.978398e-01
1.978653e-01
1.979540e-01
1.981034e-01
1.981337e-01
1.982421e-01
1.982547e-01
1.983227e-01
1.983599e-01
1.983997e-01
1.984403e-01
1.985166e-01
1.985665e-01
1.986123e-01
1.987758e-01
1.987818e-01
1.988005e-01
1.988215e-01
1.989395e-01
1.989487e-01
1.989680e-01
1.991141e-01
1.991623e-01
1.992923e-01
1.993665e-01
1.994031e-01
1.995188e-01
1.995313e-01
1.997332e-01
1.998975e-01
1.999049e-01
2.000042e-01
2.000268e-01
2.002076e-01
2.002505e-01
2.002637e-01
2.003324e-01
2.003840e-01
2.003937e-01
2.004136e-01
2.005576e-01
2.006266e-01
2.007349e-01
2.007795e-01
2.008159e-01
2.008321e-01
2.010457e-01
2.010909e-01
2.011048e-01
2.011250e-01
2.011916e-01
2.013097e-01
2.013416e-01
2.013624e-01
2.014179e-01
2.014650e-01
2.015196e-01
2.016372e-01
2.016533e-01
2.017119e-01
2.017563e-01
2.018107e-01
2.018750e-01
2.018979e-01
2.020342e-01
2.021606e-01
2.021771e-01
2.023126e-01
2.024502e-01
2.024971e-01
2.025890e-01
2.026258e-01
2.026920e-01
2.028321e-01
2.029453e-01
2.029530e-01
2.029775e-01
2.030055e-01
2.030556e-01
2.032057e-01
2.032449e-01
2.033555e-01
2.033887e-01
2.033919e-01
2.034829e-01
2.035760e-01
2.037406e-01
2.038183e-01
2.038197e-01
2.038378e-01
2.040411e-01
2.041044e-01
2.041611e-01
2.042194e-01
2.042237e-01
2.042885e-01
2.043119e-01
2.043768e-01
2.044284e-01
2.044561e-01
2.045002e-01
2.045760e-01
2.046087e-01
2.046694e-01
2.048091e-01
2.049131e-01
2.049840e-01
2.049894e-01
2.053139e-01
2.053156e-01
2.053946e-01
2.054077e-01
2.054719e-01
2.056322e-01
2.056930e-01
2.057346e-01
2.057734e-01
2.059153e-01
2.060428e-01
2.060480e-01
2.060557e-01
2.062517e-01
2.062536e-01
2.063638e-01
2.064032e-01
2.064162e-01
2.064761e-01
2.065958e-01
2.066037e-01
2.066121e-01
2.068051e-01
2.068333e-01
2.070082e-01
2.070364e-01
2.070546e-01
2.072496e-01
2.072853e-01
2.073140e-01
2.073302e-01
2.074059e-01
2.074483e-01
2.074650e-01
2.075133e-01
2.076513e-01
2.076703e-01
2.077990e-01
2.078010e-01
2.078086e-01
2.078158e-01
2.080156e-01
2.080856e-01
2.081191e-01
2.082473e-01
2.082930e-01
2.082986e-01
2.083151e-01
2.083649e-01
2.085059e-01
2.085569e-01
2.087917e-01
2.088402e-01
2.089460e-01
2.089886e-01
2.089971e-01
2.090248e-01
2.090670e-01
2.091689e-01
2.093613e-01
2.094020e-01
2.094983e-01
2.095151e-01
2.095285e-01
2.095862e-01
2.096593e-01
2.097424e-01
2.099667e-01
2.099881e-01
2.100242e-01
2.101517e-01
2.101531e-01
2.103863e-01
2.103877e-01
2.104601e-01
2.104680e-01
2.106068e-01
2.106510e-01
2.107500e-01
2.107775e-01
2.108186e-01
2.109000e-01
2.109371e-01
2.109406e-01
2.110956e-01
2.111097e-01
2.112637e-01
2.112766e-01
2.113553e-01
2.114167e-01
2.114649e-01
2.115183e-01
2.116158e-01
2.116699e-01
2.117414e-01
2.118924e-01
2.119723e-01
2.119915e-01
2.120347e-01
2.120640e-01
2.121921e-01
2.122159e-01
2.124393e-01
2.124527e-01
2.125623e-01
2.126110e-01
2.126813e-01
2.127804e-01
2.128287e-01
2.128472e-01
2.129010e-01
2.129205e-01
2.130241e-01
2.130999e-01
2.131283e-01
2.132908e-01
2.133340e-01
2.133863e-01
2.133913e-01
2.134327e-01
2.135840e-01
2.135846e-01
2.136547e-01
2.137327e-01
2.137834e-01
2.137876e-01
2.138855e-01
2.139415e-01
2.140510e-01
2.141071e-01
2.141197e-01
2.142329e-01
2.142931e-01
2.143930e-01
2.144698e-01
2.144862e-01
2.145023e-01
2.145533e-01
2.145830e-01
2.146766e-01
2.146781e-01
2.147674e-01
2.148317e-01
2.148352e-01
2.148930e-01
2.149617e-01
2.150808e-01
2.150873e-01
2.152124e-01
2.152439e-01
2.153306e-01
2.153852e-01
2.155069e-01
2.155548e-01
2.155760e-01
2.156490e-01
2.157790e-01
2.157970e-01
2.158232e-01
2.158603e-01
2.158645e-01
2.159480e-01
2.159841e-01
2.161458e-01
2.162280e-01
2.162995e-01
2.163141e-01
2.163785e-01
2.164379e-01
2.164391e-01
2.164617e-01
2.166961e-01
2.167652e-01
2.167880e-01
2.168055e-01
2.168334e-01
2.169312e-01
2.169969e-01
2.170469e-01
2.170661e-01
2.173419e-01
2.173830e-01
2.173848e-01
2.174058e-01
2.174702e-01
2.175609e-01
2.176251e-01
2.176810e-01
2.177442e-01
2.178443e-01
2.179090e-01
2.179298e-01
2.179558e-01
2.179942e-01
2.180545e-01
2.181284e-01
2.181540e-01
2.182138e-01
2.183071e-01
2.183157e-01
2.183250e-01
2.184212e-01
2.184368e-01
2.185221e-01
2.185956e-01
2.186272e-01
2.186955e-01
2.187242e-01
2.187774e-01
2.188320e-01
2.190209e-01
2.190485e-01
2.191463e-01
2.191650e-01
2.191956e-01
2.193000e-01
2.193347e-01
2.193479e-01
2.193834e-01
2.195046e-01
2.195074e-01
2.196239e-01
2.197077e-01
2.197749e-01
2.198010e-01
2.198670e-01
2.198894e-01
2.199836e-01
2.201207e-01
2.201803e-01
2.201977e-01
2.202054e-01
2.202363e-01
2.203111e-01
2.203543e-01
2.203842e-01
2.204944e-01
2.205026e-01
2.205724e-01
2.206921e-01
2.207041e-01
2.207089e-01
2.207991e-01
2.208865e-01
2.209101e-01
2.209650e-01
2.210265e-01
2.210343e-01
2.210442e-01
2.211613e-01
2.212004e-01
2.212807e-01
2.213831e-01
2.214401e-01
2.215600e-01
2.215771e-01
2.216206e-01
2.217403e-01
2.218244e-01
2.218659e-01
2.219462e-01
2.220117e-01
2.221022e-01
2.221445e-01
2.222681e-01
2.222810e-01
2.223511e-01
2.223876e-01
2.224358e-01
2.224721e-01
2.225756e-01
2.226589e-01
2.227108e-01
2.227221e-01
2.228578e-01
2.228731e-01
2.229039e-01
2.231378e-01
2.231424e-01
2.232298e-01
2.232302e-01
2.232582e-01
2.233071e-01
2.233567e-01
2.233570e-01
2.234444e-01
2.235938e-01
2.236605e-01
2.236828e-01
2.237508e-01
2.238237e-01
2.238357e-01
2.238850e-01
2.238911e-01
2.239123e-01
2.240070e-01
2.240457e-01
2.241014e-01
2.241609e-01
2.242411e-01
2.242643e-01
2.242828e-01
2.243583e-01
2.244619e-01
2.245017e-01
2.245244e-01
2.246574e-01
2.247470e-01
2.247586e-01
2.247817e-01
2.248370e-01
2.249363e-01
2.249494e-01
2.250069e-01
2.251741e-01
2.251929e-01
2.252221e-01
2.252810e-01
2.253118e-01
2.253307e-01
2.254324e-01
2.255938e-01
2.256525e-01
2.256582e-01
2.256794e-01
2.257733e-01
2.257946e-01
2.259199e-01
2.259995e-01
2.260626e-01
2.260664e-01
2.261469e-01
2.261747e-01
2.262703e-01
2.263010e-01
2.265164e-01
2.265181e-01
2.265606e-01
2.266130e-01
2.266301e-01
2.266687e-01
2.266949e-01
2.268253e-01
2.268373e-01
2.268940e-01
2.270547e-01
2.270875e-01
2.271760e-01
2.271944e-01
2.272473e-01
2.273921e-01
2.274045e-01
2.274801e-01
2.274825e-01
2.275737e-01
2.276377e-01
2.277622e-01
2.278651e-01
2.278835e-01
2.279391e-01
2.279845e-01
2.280086e-01
2.280567e-01
2.281465e-01
2.282400e-01
2.282577e-01
2.282905e-01
2.283054e-01
2.284210e-01
2.285001e-01
2.285018e-01
2.285740e-01
2.286002e-01
2.286336e-01
2.288531e-01
2.288649e-01
2.289383e-01
2.289858e-01
2.290475e-01
2.290820e-01
2.291519e-01
2.291828e-01
2.292593e-01
2.293518e-01
2.294277e-01
2.294314e-01
2.294948e-01
2.294986e-01
2.295730e-01
2.296427e-01
2.298554e-01
2.299106e-01
2.299260e-01
2.299433e-01
2.300394e-01
2.300646e-01
2.301713e-01
2.302925e-01
2.303296e-01
2.304208e-01
2.304443e-01
2.304686e-01
2.306173e-01
2.307192e-01
2.307892e-01
2.307904e-01
2.308376e-01
2.308791e-01
2.309038e-01
2.310300e-01
2.310375e-01
2.311268e-01
2.312156e-01
2.312223e-01
2.312272e-01
2.312497e-01
2.312505e-01
2.314205e-01
2.316152e-01
2.316202e-01
2.316404e-01
2.316442e-01
2.316985e-01
2.316985e-01
2.318814e-01
2.319119e-01
2.319186e-01
2.320110e-01
2.320252e-01
2.320382e-01
2.320822e-01
2.322255e-01
2.323562e-01
2.323935e-01
2.324512e-01
2.324852e-01
2.324980e-01
2.325484e-01
2.325968e-01
2.327421e-01
2.327531e-01
2.327656e-01
2.328130e-01
2.329770e-01
2.330152e-01
2.331466e-01
2.331498e-01
2.332257e-01
2.333469e-01
2.333959e-01
2.334588e-01
2.335076e-01
2.335640e-01
2.336687e-01
2.336767e-01
2.337669e-01
2.338214e-01
2.338523e-01
2.339075e-01
2.339102e-01
2.340251e-01
2.340604e-01
2.340772e-01
2.340978e-01
2.342030e-01
2.342986e-01
2.343094e-01
2.344406e-01
2.345100e-01
2.345550e-01
2.346342e-01
2.346603e-01
2.347088e-01
2.348216e-01
2.349085e-01
2.349298e-01
2.349413e-01
2.350202e-01
2.350457e-01
2.351161e-01
2.351761e-01
2.352492e-01
2.353458e-01
2.353562e-01
2.354452e-01
2.354567e-01
2.354966e-01
2.357253e-01
2.357327e-01
2.358279e-01
2.358479e-01
2.358523e-01
2.359772e-01
2.360626e-01
2.361385e-01
2.361597e-01
2.361950e-01
2.363075e-01
2.363364e-01
2.364835e-01
2.365099e-01
2.365135e-01
2.365640e-01
2.365806e-01
2.366791e-01
2.367105e-01
2.368290e-01
2.369451e-01
2.369700e-01
2.370409e-01
2.372038e-01
2.372820e-01
2.373126e-01
2.373138e-01
2.373713e-01
2.374226e-01
2.374492e-01
2.374960e-01
2.375601e-01
2.375832e-01
2.376324e-01
2.376637e-01
2.377890e-01
2.378937e-01
2.379037e-01
2.379509e-01
2.380410e-01
2.380472e-01
2.381446e-01
2.381511e-01
2.381958e-01
2.382772e-01
2.383941e-01
2.384407e-01
2.384829e-01
2.385495e-01
2.386069e-01
2.387594e-01
2.387661e-01
2.387894e-01
2.388055e-01
2.388387e-01
2.389346e-01
2.389807e-01
2.390336e-01
2.390938e-01
2.391698e-01
2.392035e-01
2.392626e-01
2.393024e-01
2.393788e-01
2.394609e-01
2.394643e-01
2.394651e-01
2.395423e-01
2.395790e-01
2.396000e-01
2.396625e-01
2.399696e-01
2.400449e-01
2.401363e-01
2.402638e-01
2.403178e-01
2.403344e-01
2.403669e-01
2.404706e-01
2.406010e-01
2.406270e-01
2.406488e-01
2.407373e-01
2.407398e-01
2.407401e-01
2.408045e-01
2.408070e-01
2.410073e-01
2.410847e-01
2.411333e-01
2.411429e-01
2.412243e-01
2.412867e-01
2.412889e-01
2.413996e-01
2.414916e-01
2.415012e-01
2.416011e-01
2.416164e-01
2.416315e-01
2.417009e-01
2.417012e-01
2.418315e-01
2.418322e-01
2.419438e-01
2.419488e-01
2.420230e-01
2.421884e-01
2.421921e-01
2.422820e-01
2.423381e-01
2.423542e-01
2.424176e-01
2.424341e-01
2.424554e-01
2.426732e-01
2.427474e-01
2.427945e-01
2.428272e-01
2.428760e-01
2.428798e-01
2.428902e-01
2.430083e-01
2.430267e-01
2.430291e-01
2.431016e-01
2.432271e-01
2.432509e-01
2.432825e-01
2.433227e-01
2.433392e-01
2.435304e-01
2.435548e-01
2.436849e-01
2.437845e-01
2.438106e-01
2.438178e-01
2.439388e-01
2.440688e-01
2.441674e-01
2.441911e-01
2.443174e-01
2.443215e-01
2.443562e-01
2.444707e-01
2.445189e-01
2.445452e-01
2.446253e-01
2.446487e-01
2.447230e-01
2.448096e-01
2.448933e-01
2.449233e-01
2.449299e-01
2.449692e-01
2.450468e-01
2.451323e-01
2.451491e-01
2.452197e-01
2.452611e-01
2.452843e-01
2.453879e-01
2.454264e-01
2.454344e-01
2.456841e-01
2.456890e-01
2.457018e-01
2.458614e-01
2.459851e-01
2.459902e-01
2.460889e-01
2.461305e-01
2.461334e-01
2.461952e-01
2.462018e-01
2.462458e-01
2.463666e-01
2.463709e-01
2.464322e-01
2.464896e-01
2.465562e-01
2.466073e-01
2.466907e-01
2.467985e-01
2.468421e-01
2.468507e-01
2.469335e-01
2.470383e-01
2.471365e-01
2.471402e-01
2.471934e-01
2.472736e-01
2.474012e-01
2.474878e-01
2.475218e-01
2.476151e-01
2.476219e-01
2.478083e-01
2.479062e-01
2.479094e-01
2.479351e-01
2.479893e-01
2.480216e-01
2.480429e-01
2.481453e-01
2.481940e-01
2.482050e-01
2.482700e-01
2.483142e-01
2.483303e-01
2.485386e-01
2.485829e-01
2.486906e-01
2.487636e-01
2.487769e-01
2.488435e-01
2.489091e-01
2.490366e-01
2.490730e-01
2.490748e-01
2.491470e-01
2.491593e-01
2.491996e-01
2.492003e-01
2.493623e-01
2.494006e-01
2.494139e-01
2.494453e-01
2.494718e-01
2.494780e-01
2.495106e-01
2.497456e-01
2.497680e-01
2.497831e-01
2.498153e-01
2.498452e-01
2.499822e-01
2.500210e-01
2.500739e-01
2.501628e-01
2.502074e-01
2.502550e-01
2.503345e-01
2.503618e-01
2.504294e-01
2.505620e-01
2.505737e-01
2.505756e-01
2.506562e-01
2.507795e-01
2.508033e-01
2.508198e-01
2.508246e-01
2.509610e-01
2.509649e-01
2.510176e-01
2.510305e-01
2.512063e-01
2.512598e-01
2.512961e-01
2.513154e-01
2.513520e-01
2.514055e-01
2.515224e-01
2.515266e-01
2.515414e-01
2.516277e-01
2.517345e-01
2.517559e-01
2.518743e-01
2.518964e-01
2.519700e-01
2.519908e-01
2.520190e-01
2.520799e-01
2.521186e-01
2.521201e-01
2.522813e-01
2.523530e-01
2.524320e-01
2.524358e-01
2.526038e-01
2.526214e-01
2.527269e-01
2.527379e-01
2.528704e-01
2.529419e-01
2.530003e-01
2.530022e-01
2.531370e-01
2.531511e-01
2.531842e-01
2.531979e-01
2.533508e-01
2.533735e-01
2.534061e-01
2.534315e-01
2.534712e-01
2.535464e-01
2.535805e-01
2.536428e-01
2.537879e-01
2.538027e-01
2.538051e-01
2.538408e-01
2.540152e-01
2.540525e-01
2.540728e-01
2.540985e-01
2.541275e-01
2.541749e-01
2.541834e-01
2.541971e-01
2.542789e-01
2.544230e-01
2.544759e-01
2.545477e-01
2.547239e-01
2.547566e-01
2.547945e-01
2.548095e-01
2.548528e-01
2.548789e-01
2.550410e-01
2.551125e-01
2.551262e-01
2.551962e-01
2.553737e-01
2.554069e-01
2.554504e-01
2.554685e-01
2.555170e-01
2.557003e-01
2.557588e-01
2.558220e-01
2.558442e-01
2.558695e-01
2.558787e-01
2.558921e-01
2.559438e-01
2.560141e-01
2.560459e-01
2.561908e-01
2.562010e-01
2.563205e-01
2.563724e-01
2.563963e-01
2.564266e-01
2.564618e-01
2.565956e-01
2.566396e-01
2.567403e-01
2.568021e-01
2.568669e-01
2.568713e-01
2.569344e-01
2.570192e-01
2.570680e-01
2.571050e-01
2.571619e-01
2.571639e-01
2.572603e-01
2.573300e-01
2.574599e-01
2.574720e-01
2.575167e-01
2.575275e-01
2.575802e-01
2.576418e-01
2.576553e-01
2.577793e-01
2.578853e-01
2.579291e-01
2.579949e-01
2.580360e-01
2.580554e-01
2.581898e-01
2.581947e-01
2.582424e-01
2.582776e-01
2.584541e-01
2.584749e-01
2.584966e-01
2.585057e-01
2.585185e-01
2.585431e-01
2.587085e-01
2.587244e-01
2.587331e-01
2.588591e-01
2.590502e-01
2.590762e-01
2.590836e-01
2.591197e-01
2.591443e-01
2.592425e-01
2.593219e-01
2.593367e-01
2.594527e-01
2.594561e-01
2.594985e-01
2.595474e-01
2.596477e-01
2.596610e-01
2.596915e-01
2.597389e-01
2.599829e-01
2.600256e-01
2.600359e-01
2.600951e-01
2.601253e-01
2.601763e-01
2.601910e-01
2.602806e-01
2.603073e-01
2.603926e-01
2.605477e-01
2.606024e-01
2.607302e-01
2.607329e-01
2.607568e-01
2.607952e-01
2.608510e-01
2.609360e-01
2.610138e-01
2.610598e-01
2.611148e-01
2.611407e-01
2.612156e-01
2.612439e-01
2.612587e-01
2.614076e-01
2.615852e-01
2.615971e-01
2.616244e-01
2.616469e-01
2.617228e-01
2.617295e-01
2.617764e-01
2.618378e-01
2.619285e-01
2.619724e-01
2.619903e-01
2.620144e-01
2.620613e-01
2.622029e-01
2.622281e-01
2.623506e-01
2.624392e-01
2.624679e-01
2.624943e-01
2.625639e-01
2.626405e-01
2.626685e-01
2.626867e-01
2.628162e-01
2.628725e-01
2.629085e-01
2.629755e-01
2.631981e-01
2.632135e-01
2.632537e-01
2.632784e-01
2.634097e-01
2.634120e-01
2.635183e-01
2.635285e-01
2.635919e-01
2.636482e-01
2.636655e-01
2.636984e-01
2.637761e-01
2.638103e-01
2.638468e-01
2.638491e-01
2.639339e-01
2.639897e-01
2.640312e-01
2.641062e-01
2.641478e-01
2.641800e-01
2.641953e-01
2.642842e-01
2.642939e-01
2.645022e-01
2.645904e-01
2.646594e-01
2.647271e-01
2.647947e-01
2.648002e-01
2.649059e-01
2.649202e-01
2.649572e-01
2.650480e-01
2.650691e-01
2.650963e-01
2.651134e-01
2.651597e-01
2.651667e-01
2.652578e-01
2.653629e-01
2.653978e-01
2.654780e-01
2.655783e-01
2.656730e-01
2.657840e-01
2.658346e-01
2.659274e-01
2.659682e-01
2.659989e-01
2.660433e-01
2.660708e-01
2.660757e-01
2.661787e-01
2.662285e-01
2.662869e-01
2.663202e-01
2.663883e-01
2.665010e-01
2.665256e-01
2.665754e-01
2.666675e-01
2.666819e-01
2.666916e-01
2.668349e-01
2.668799e-01
2.669002e-01
2.669918e-01
2.670626e-01
2.671880e-01
2.671927e-01
2.672649e-01
2.672856e-01
2.673065e-01
2.673330e-01
2.673701e-01
2.673805e-01
2.674902e-01
2.675136e-01
2.675874e-01
2.676844e-01
2.676862e-01
2.678081e-01
2.678473e-01
2.679328e-01
2.680126e-01
2.680464e-01
2.680995e-01
2.681058e-01
2.681505e-01
2.681613e-01
2.682124e-01
2.682877e-01
2.683013e-01
2.683702e-01
2.684506e-01
2.685047e-01
2.686294e-01
2.686726e-01
2.686972e-01
2.687377e-01
2.687841e-01
2.688005e-01
2.688050e-01
2.688076e-01
2.688553e-01
2.690207e-01
2.691615e-01
2.692008e-01
2.692534e-01
2.692762e-01
2.693337e-01
2.694028e-01
2.694367e-01
2.695734e-01
2.696349e-01
2.696460e-01
2.698062e-01
2.698309e-01
2.698376e-01
2.698539e-01
2.699297e-01
2.699421e-01
2.700443e-01
2.700952e-01
2.701799e-01
2.701958e-01
2.702410e-01
2.703032e-01
2.703267e-01
2.703638e-01
2.703785e-01
2.704030e-01
2.704440e-01
2.704694e-01
2.705820e-01
2.706364e-01
2.707294e-01
2.707376e-01
2.708166e-01
2.708192e-01
2.709199e-01
2.710333e-01
2.710707e-01
2.710798e-01
2.711287e-01
2.711355e-01
2.711840e-01
2.712834e-01
2.713277e-01
2.714165e-01
2.714287e-01
2.714534e-01
2.714798e-01
2.715316e-01
2.715525e-01
2.715905e-01
2.716786e-01
2.717380e-01
2.717707e-01
2.717771e-01
2.719774e-01
2.719894e-01
2.720347e-01
2.720814e-01
2.721225e-01
2.721529e-01
2.721986e-01
2.722521e-01
2.723245e-01
2.724706e-01
2.724728e-01
2.725271e-01
2.725312e-01
2.725389e-01
2.725676e-01
2.726011e-01
2.727311e-01
2.727379e-01
2.729109e-01
2.729339e-01
2.729884e-01
2.729969e-01
2.730662e-01
2.730927e-01
2.731933e-01
2.732746e-01
2.733107e-01
2.733237e-01
2.733806e-01
2.733852e-01
2.735454e-01
2.736347e-01
2.736954e-01
2.736979e-01
2.737308e-01
2.738105e-01
2.738511e-01
2.739923e-01
2.740272e-01
2.740703e-01
2.740947e-01
2.741483e-01
2.741873e-01
2.742287e-01
2.742954e-01
2.743542e-01
2.744227e-01
2.744631e-01
2.745236e-01
2.746335e-01
2.746710e-01
2.747199e-01
2.747360e-01
2.748093e-01
2.748551e-01
2.749366e-01
2.749498e-01
2.749832e-01
2.750111e-01
2.750917e-01
2.752067e-01
2.752729e-01
2.753256e-01
2.753996e-01
2.754124e-01
2.754631e-01
2.755701e-01
2.755977e-01
2.756528e-01
2.756604e-01
2.756975e-01
2.757365e-01
2.757870e-01
2.758340e-01
2.759107e-01
2.760014e-01
2.760056e-01
2.760229e-01
2.760556e-01
2.761812e-01
2.762545e-01
2.762613e-01
2.763040e-01
2.763654e-01
2.763998e-01
2.764525e-01
2.765739e-01
2.765760e-01
2.767553e-01
2.767876e-01
2.768547e-01
2.768883e-01
2.769549e-01
2.769727e-01
2.769760e-01
2.770794e-01
2.772130e-01
2.772346e-01
2.772442e-01
2.772640e-01
2.773593e-01
2.773898e-01
2.774144e-01
2.774900e-01
2.776599e-01
2.777243e-01
2.777449e-01
2.778002e-01
2.778392e-01
2.778432e-01
2.778541e-01
2.780002e-01
2.780232e-01
2.780307e-01
2.780918e-01
2.781399e-01
2.782959e-01
2.783177e-01
2.783790e-01
2.784151e-01
2.784575e-01
2.785543e-01
2.785749e-01
2.786060e-01
2.786235e-01
2.786697e-01
2.788192e-01
2.788429e-01
2.788468e-01
2.789090e-01
2.789411e-01
2.789740e-01
2.789750e-01
2.790707e-01
2.791072e-01
2.791155e-01
2.792790e-01
2.793458e-01
2.794093e-01
2.795059e-01
2.795099e-01
2.795102e-01
2.796695e-01
2.797133e-01
2.797281e-01
2.798746e-01
2.799729e-01
2.799916e-01
2.800712e-01
2.801648e-01
2.801802e-01
2.802388e-01
2.803027e-01
2.803135e-01
2.803704e-01
2.803737e-01
2.804102e-01
2.805023e-01
2.805114e-01
2.805731e-01
2.806642e-01
2.807039e-01
2.807742e-01
2.808200e-01
2.808990e-01
2.809591e-01
2.809962e-01
2.811170e-01
2.811745e-01
2.811823e-01
2.812467e-01
2.813254e-01
2.813599e-01
2.814131e-01
2.815142e-01
2.815322e-01
2.816328e-01
2.816666e-01
2.816748e-01
2.816911e-01
2.818529e-01
2.818629e-01
2.818957e-01
2.819181e-01
2.819671e-01
2.820938e-01
2.821810e-01
2.822641e-01
2.822806e-01
2.823246e-01
2.823714e-01
2.823759e-01
2.824592e-01
2.824971e-01
2.825428e-01
2.825453e-01
2.826698e-01
2.826699e-01
2.826748e-01
2.828425e-01
2.828428e-01
2.829949e-01
2.830421e-01
2.831444e-01
2.831465e-01
2.831703e-01
2.833337e-01
2.834453e-01
2.834595e-01
2.835397e-01
2.835469e-01
2.835613e-01
2.836778e-01
2.837991e-01
2.838103e-01
2.838556e-01
2.838851e-01
2.839849e-01
2.840232e-01
2.840541e-01
2.842001e-01
2.842174e-01
2.842760e-01
2.842865e-01
2.843699e-01
2.844838e-01
2.845155e-01
2.845567e-01
2.845976e-01
2.846930e-01
2.847236e-01
2.848069e-01
2.848191e-01
2.849397e-01
2.849706e-01
2.850501e-01
2.850520e-01
2.850975e-01
2.851257e-01
2.851448e-01
2.852633e-01
2.852779e-01
2.852902e-01
2.854534e-01
2.854775e-01
2.855351e-01
2.855489e-01
2.855512e-01
2.856540e-01
2.857085e-01
2.857087e-01
2.858475e-01
2.858571e-01
2.859906e-01
2.860586e-01
2.861316e-01
2.862071e-01
2.862375e-01
2.862927e-01
2.863907e-01
2.864466e-01
2.864663e-01
2.865412e-01
2.865686e-01
2.866479e-01
2.867100e-01
2.867160e-01
2.868143e-01
2.869129e-01
2.869621e-01
2.869755e-01
2.870078e-01
2.870795e-01
2.871389e-01
2.871768e-01
2.871848e-01
2.873392e-01
2.873818e-01
2.873844e-01
2.874048e-01
2.874960e-01
2.875136e-01
2.875599e-01
2.875946e-01
2.876084e-01
2.876497e-01
2.877075e-01
2.877523e-01
2.878549e-01
2.878810e-01
2.879475e-01
2.879908e-01
2.880166e-01
2.880358e-01
2.881592e-01
2.882299e-01
2.883105e-01
2.883615e-01
2.884051e-01
2.884471e-01
2.884621e-01
2.885389e-01
2.885718e-01
2.886239e-01
2.886799e-01
2.887129e-01
2.887434e-01
2.887743e-01
2.887875e-01
2.887919e-01
2.888727e-01
2.889521e-01
2.889823e-01
2.890150e-01
2.890202e-01
2.890682e-01
2.891238e-01
2.891323e-01
2.892452e-01
2.893492e-01
2.893919e-01
2.894063e-01
2.894405e-01
2.895412e-01
2.896047e-01
2.896739e-01
2.897637e-01
2.897771e-01
2.899227e-01
2.899228e-01
2.899410e-01
2.899839e-01
2.900245e-01
2.900458e-01
2.901507e-01
2.902145e-01
2.902177e-01
2.902245e-01
2.903507e-01
2.903733e-01
2.904610e-01
2.904889e-01
2.905245e-01
2.905621e-01
2.906601e-01
2.906835e-01
2.906926e-01
2.908308e-01
2.908914e-01
2.908966e-01
2.909490e-01
2.910035e-01
2.910592e-01
2.911014e-01
2.911088e-01
2.912153e-01
2.912770e-01
2.913428e-01
2.913542e-01
2.914186e-01
2.914915e-01
2.916308e-01
2.916871e-01
2.917224e-01
2.917263e-01
2.918237e-01
2.918245e-01
2.918811e-01
2.918967e-01
2.919736e-01
2.919883e-01
2.920497e-01
2.921343e-01
2.921753e-01
2.922379e-01
2.923904e-01
2.923940e-01
2.924115e-01
2.924441e-01
2.924754e-01
2.925420e-01
2.926080e-01
2.926366e-01
2.927234e-01
2.927299e-01
2.928785e-01
2.929114e-01
2.929438e-01
2.929788e-01
2.930895e-01
2.931325e-01
2.931474e-01
2.933273e-01
2.933842e-01
2.934220e-01
2.934493e-01
2.935097e-01
2.935567e-01
2.935639e-01
2.935656e-01
2.936390e-01
2.937291e-01
2.937447e-01
2.937501e-01
2.937817e-01
2.939212e-01
2.939391e-01
2.940232e-01
2.941037e-01
2.941489e-01
2.942620e-01
2.943368e-01
2.943617e-01
2.943806e-01
2.944301e-01
2.944435e-01
2.944605e-01
2.945378e-01
2.947201e-01
2.947348e-01
2.947799e-01
2.948285e-01
2.948710e-01
2.948906e-01
2.949879e-01
2.950048e-01
2.951091e-01
2.951495e-01
2.951886e-01
2.952978e-01
2.953766e-01
2.953843e-01
2.953853e-01
2.954958e-01
2.955566e-01
2.955943e-01
2.956188e-01
2.956809e-01
2.956892e-01
2.957594e-01
2.958673e-01
2.959082e-01
2.959547e-01
2.960427e-01
2.960788e-01
2.961375e-01
2.963133e-01
2.963331e-01
2.963783e-01
2.963943e-01
2.964586e-01
2.964906e-01
2.966604e-01
2.966784e-01
2.966862e-01
2.966883e-01
2.967162e-01
2.967404e-01
2.967837e-01
2.968737e-01
2.969752e-01
2.970319e-01
2.970591e-01
2.971651e-01
2.972878e-01
2.973128e-01
2.973520e-01
2.974201e-01
2.974253e-01
2.974444e-01
2.975241e-01
2.975867e-01
2.976015e-01
2.976235e-01
2.977457e-01
2.977709e-01
2.977732e-01
2.977833e-01
2.978206e-01
2.978351e-01
2.979653e-01
2.979815e-01
2.980789e-01
2.981697e-01
2.982023e-01
2.982806e-01
2.983371e-01
2.983588e-01
2.983795e-01
2.984374e-01
2.984601e-01
2.984644e-01
2.984759e-01
2.984787e-01
2.987012e-01
2.987017e-01
2.987309e-01
2.987743e-01
2.988114e-01
2.988434e-01
2.988607e-01
2.989286e-01
2.989427e-01
2.989925e-01
2.991115e-01
2.991685e-01
2.991756e-01
2.992055e-01
2.993102e-01
2.993187e-01
2.993398e-01
2.994448e-01
2.994845e-01
2.995124e-01
2.995833e-01
2.995895e-01
2.996201e-01
2.996609e-01
2.997087e-01
2.997470e-01
2.997845e-01
2.999051e-01
2.999421e-01
3.000119e-01
3.000770e-01
3.000869e-01
3.002058e-01
3.002271e-01
3.002768e-01
3.003210e-01
3.004150e-01
3.004317e-01
3.004650e-01
3.004807e-01
3.005102e-01
3.005204e-01
3.005835e-01
3.007076e-01
3.007133e-01
3.007538e-01
3.007804e-01
3.008008e-01
3.008473e-01
3.008790e-01
3.009239e-01
3.010019e-01
3.010065e-01
3.010262e-01
3.010387e-01
3.011077e-01
3.012522e-01
3.013372e-01
3.013698e-01
3.014469e-01
3.014699e-01
3.014803e-01
3.015200e-01
3.015760e-01
3.015864e-01
3.015948e-01
3.016804e-01
3.017550e-01
3.018491e-01
3.019584e-01
3.019737e-01
3.021488e-01
3.021640e-01
3.022669e-01
3.023142e-01
3.023318e-01
3.023986e-01
3.024150e-01
3.025392e-01
3.026973e-01
3.027522e-01
3.028003e-01
3.029316e-01
3.029815e-01
3.029900e-01
3.030840e-01
3.031548e-01
3.031577e-01
3.032165e-01
3.032351e-01
3.033369e-01
3.033784e-01
3.034221e-01
3.035209e-01
3.035652e-01
3.036626e-01
3.037046e-01
3.037094e-01
3.038007e-01
3.038450e-01
3.039578e-01
3.041092e-01
3.041144e-01
3.042310e-01
3.042949e-01
3.043045e-01
3.043800e-01
3.044086e-01
3.044305e-01
3.045167e-01
3.045183e-01
3.045735e-01
3.045916e-01
3.047466e-01
3.047707e-01
3.049092e-01
3.049358e-01
3.049374e-01
3.049588e-01
3.049686e-01
3.050181e-01
3.050295e-01
3.050845e-01
3.052632e-01
3.054580e-01
3.054878e-01
3.055469e-01
3.056168e-01
3.056370e-01
3.056541e-01
3.056639e-01
3.057045e-01
3.058037e-01
3.058056e-01
3.058558e-01
3.058851e-01
3.059013e-01
3.061034e-01
3.061334e-01
3.061619e-01
3.061872e-01
3.062883e-01
3.063678e-01
3.063711e-01
3.064445e-01
3.064452e-01
3.064560e-01
3.065696e-01
3.066045e-01
3.067089e-01
3.067355e-01
3.067913e-01
3.069302e-01
3.070280e-01
3.070941e-01
3.071178e-01
3.072135e-01
3.073408e-01
3.073480e-01
3.073921e-01
3.074048e-01
3.074736e-01
3.074941e-01
3.075612e-01
3.075800e-01
3.076139e-01
3.077070e-01
3.077950e-01
3.078408e-01
3.078412e-01
3.079405e-01
3.079965e-01
3.080641e-01
3.080819e-01
3.081201e-01
3.082601e-01
3.082602e-01
3.084486e-01
3.084595e-01
3.084871e-01
3.085173e-01
3.086306e-01
3.086529e-01
3.086986e-01
3.087178e-01
3.087384e-01
3.088294e-01
3.089292e-01
3.089841e-01
3.090331e-01
3.090715e-01
3.090727e-01
3.091338e-01
3.092071e-01
3.092579e-01
3.093513e-01
3.094050e-01
3.094083e-01
3.094454e-01
3.096330e-01
3.096443e-01
3.097039e-01
3.097410e-01
3.098556e-01
3.099051e-01
3.100259e-01
3.101134e-01
3.101513e-01
3.102272e-01
3.102741e-01
3.103978e-01
3.104465e-01
3.104685e-01
3.104982e-01
3.105218e-01
3.105780e-01
3.106256e-01
3.106292e-01
3.106650e-01
3.107106e-01
3.108946e-01
3.109165e-01
3.109185e-01
3.109921e-01
3.110013e-01
3.110662e-01
3.111436e-01
3.111726e-01
3.112810e-01
3.112851e-01
3.112947e-01
3.114007e-01
3.114838e-01
3.116533e-01
3.116898e-01
3.117344e-01
3.117777e-01
3.118315e-01
3.118886e-01
3.119016e-01
3.120030e-01
3.121290e-01
3.121738e-01
3.122774e-01
3.123529e-01
3.123874e-01
3.123903e-01
3.124415e-01
3.125034e-01
3.126617e-01
3.126792e-01
3.127137e-01
3.127621e-01
3.128186e-01
3.128511e-01
3.129218e-01
3.129637e-01
3.129646e-01
3.130736e-01
3.132055e-01
3.132565e-01
3.132572e-01
3.133011e-01
3.134470e-01
3.134519e-01
3.135375e-01
3.136023e-01
3.136648e-01
3.136893e-01
3.137298e-01
3.137596e-01
3.137806e-01
3.139379e-01
3.140031e-01
3.140110e-01
3.140203e-01
3.140360e-01
3.140549e-01
3.141593e-01
3.142011e-01
3.142200e-01
3.142302e-01
3.142463e-01
3.144084e-01
3.144868e-01
3.145487e-01
3.146613e-01
3.146798e-01
3.147341e-01
3.147967e-01
3.148478e-01
3.149334e-01
3.149374e-01
3.149688e-01
3.150302e-01
3.150932e-01
3.151380e-01
3.151516e-01
3.151670e-01
3.151700e-01
3.152678e-01
3.152983e-01
3.154252e-01
3.154287e-01
3.155750e-01
3.156347e-01
3.156579e-01
3.157225e-01
3.157511e-01
3.157581e-01
3.158993e-01
3.159103e-01
3.160655e-01
3.161550e-01
3.162487e-01
3.162899e-01
3.162966e-01
3.163794e-01
3.164201e-01
3.165183e-01
3.165466e-01
3.165625e-01
3.166656e-01
3.167208e-01
3.167830e-01
3.168198e-01
3.168756e-01
3.168939e-01
3.169623e-01
3.170115e-01
3.170136e-01
3.170656e-01
3.171141e-01
3.171458e-01
3.172042e-01
3.172477e-01
3.172793e-01
3.173309e-01
3.173604e-01
3.174339e-01
3.175179e-01
3.176076e-01
3.176566e-01
3.176709e-01
3.177775e-01
3.178730e-01
3.179047e-01
3.180629e-01
3.180714e-01
3.181361e-01
3.181619e-01
3.181831e-01
3.183485e-01
3.183749e-01
3.183822e-01
3.184384e-01
3.186210e-01
3.187610e-01
3.188123e-01
3.188513e-01
3.189184e-01
3.189355e-01
3.190485e-01
3.190705e-01
3.191557e-01
3.191651e-01
3.191960e-01
3.192395e-01
3.193076e-01
3.193242e-01
3.194418e-01
3.194538e-01
3.195071e-01
3.195407e-01
3.196241e-01
3.196908e-01
3.197000e-01
3.197329e-01
3.200109e-01
3.200149e-01
3.200299e-01
3.200767e-01
3.201328e-01
3.201461e-01
3.201601e-01
3.202791e-01
3.203430e-01
3.204111e-01
3.204301e-01
3.205314e-01
3.206231e-01
3.207457e-01
3.208496e-01
3.208748e-01
3.208912e-01
3.209415e-01
3.210097e-01
3.210887e-01
3.211309e-01
3.211977e-01
3.212306e-01
3.212481e-01
3.213615e-01
3.214530e-01
3.215662e-01
3.216014e-01
3.216250e-01
3.216310e-01
3.216836e-01
3.217096e-01
3.217288e-01
3.217798e-01
3.218796e-01
3.219591e-01
3.220013e-01
3.221318e-01
3.222270e-01
3.222343e-01
3.222454e-01
3.223711e-01
3.224293e-01
3.225530e-01
3.225536e-01
3.226545e-01
3.226996e-01
3.227181e-01
3.228875e-01
3.229577e-01
3.229705e-01
3.229764e-01
3.230005e-01
3.230336e-01
3.230971e-01
3.231077e-01
3.231239e-01
3.231454e-01
3.233258e-01
3.233927e-01
3.234405e-01
3.235871e-01
3.237095e-01
3.237693e-01
3.237740e-01
3.237966e-01
3.238745e-01
3.239758e-01
3.239819e-01
3.240382e-01
3.241482e-01
3.241736e-01
3.242595e-01
3.243623e-01
3.243728e-01
3.244809e-01
3.244880e-01
3.245353e-01
3.246340e-01
3.246447e-01
3.247410e-01
3.248293e-01
3.248505e-01
3.250065e-01
3.250644e-01
3.251118e-01
3.252190e-01
3.252817e-01
3.253811e-01
3.254029e-01
3.254219e-01
3.254981e-01
3.256004e-01
3.256130e-01
3.256359e-01
3.256492e-01
3.258049e-01
3.258244e-01
3.258850e-01
3.260081e-01
3.260694e-01
3.260954e-01
3.261281e-01
3.261856e-01
3.263405e-01
3.263456e-01
3.263726e-01
3.264290e-01
3.265461e-01
3.266485e-01
3.266711e-01
3.266981e-01
3.267411e-01
3.267701e-01
3.267830e-01
3.268784e-01
3.269142e-01
3.269190e-01
3.270568e-01
3.270767e-01
3.272259e-01
3.272599e-01
3.274065e-01
3.274493e-01
3.275170e-01
3.275256e-01
3.275891e-01
3.276372e-01
3.278026e-01
3.278091e-01
3.278320e-01
3.278600e-01
3.280243e-01
3.280919e-01
3.281310e-01
3.282023e-01
3.282716e-01
3.283126e-01
3.283605e-01
3.284797e-01
3.285713e-01
3.286703e-01
3.287103e-01
3.288146e-01
3.288507e-01
3.288528e-01
3.290247e-01
3.290511e-01
3.290810e-01
3.291458e-01
3.291517e-01
3.292416e-01
3.292446e-01
3.293029e-01
3.293766e-01
3.293775e-01
3.294699e-01
3.296038e-01
3.296662e-01
3.297031e-01
3.297560e-01
3.298436e-01
3.299612e-01
3.299677e-01
3.299846e-01
3.300863e-01
3.301027e-01
3.301958e-01
3.302572e-01
3.303009e-01
3.303614e-01
3.304732e-01
3.305244e-01
3.306733e-01
3.306741e-01
3.307131e-01
3.307254e-01
3.308271e-01
3.308490e-01
3.308820e-01
3.309802e-01
3.310560e-01
3.310838e-01
3.313018e-01
3.313112e-01
3.313451e-01
3.314501e-01
3.314601e-01
3.315182e-01
3.315205e-01
3.316188e-01
3.316518e-01
3.317227e-01
3.317329e-01
3.317439e-01
3.318237e-01
3.318400e-01
3.319387e-01
3.319662e-01
3.319706e-01
3.320662e-01
3.321501e-01
3.323185e-01
3.323246e-01
3.323588e-01
3.324638e-01
3.325555e-01
3.325561e-01
3.325768e-01
3.326186e-01
3.327053e-01
3.327242e-01
3.329003e-01
3.329544e-01
3.329823e-01
3.330029e-01
3.331327e-01
3.331390e-01
3.333770e-01
3.334274e-01
3.334693e-01
3.335120e-01
3.335244e-01
3.335375e-01
3.336428e-01
3.336602e-01
3.337095e-01
3.337319e-01
3.337552e-01
3.338230e-01
3.339336e-01
3.340416e-01
3.340833e-01
3.340954e-01
3.342607e-01
3.343160e-01
3.343441e-01
3.344333e-01
3.345339e-01
3.345371e-01
3.346285e-01
3.348162e-01
3.348476e-01
3.348513e-01
3.348723e-01
3.349390e-01
3.349525e-01
3.350790e-01
3.351431e-01
3.352230e-01
3.352653e-01
3.352897e-01
3.354679e-01
3.354685e-01
3.355523e-01
3.355909e-01
3.356003e-01
3.356082e-01
3.357380e-01
3.358123e-01
3.358956e-01
3.359103e-01
3.359423e-01
3.360983e-01
3.361721e-01
3.362211e-01
3.362841e-01
3.363330e-01
3.363552e-01
3.363881e-01
3.364578e-01
3.365999e-01
3.366239e-01
3.366764e-01
3.368049e-01
3.369112e-01
3.370148e-01
3.370402e-01
3.371725e-01
3.372127e-01
3.372188e-01
3.373252e-01
3.374033e-01
3.374376e-01
3.374743e-01
3.375691e-01
3.375724e-01
3.376825e-01
3.377138e-01
3.378341e-01
3.378892e-01
3.380158e-01
3.380239e-01
3.380672e-01
3.381353e-01
3.382318e-01
3.383123e-01
3.383299e-01
3.383743e-01
3.384281e-01
3.384504e-01
3.386272e-01
3.386369e-01
3.388223e-01
3.388856e-01
3.389040e-01
3.389043e-01
3.389334e-01
3.390339e-01
3.390508e-01
3.391536e-01
3.391965e-01
3.392952e-01
3.393572e-01
3.393922e-01
3.394347e-01
3.394560e-01
3.395926e-01
3.396702e-01
3.397010e-01
3.399126e-01
3.399525e-01
3.399657e-01
3.399706e-01
3.400395e-01
3.401029e-01
3.402931e-01
3.403662e-01
3.404024e-01
3.404473e-01
3.404718e-01
3.405305e-01
3.405343e-01
3.406741e-01
3.407684e-01
3.408065e-01
3.408193e-01
3.408826e-01
3.409976e-01
3.410783e-01
3.411812e-01
3.413580e-01
3.414355e-01
3.414663e-01
3.415092e-01
3.415923e-01
3.416094e-01
3.417181e-01
3.417280e-01
3.418989e-01
3.420561e-01
3.420693e-01
3.421069e-01
3.421159e-01
3.421759e-01
3.422789e-01
3.423121e-01
3.423168e-01
3.425004e-01
3.426116e-01
3.426285e-01
3.426491e-01
3.426917e-01
3.427407e-01
3.428401e-01
3.428889e-01
3.430073e-01
3.430084e-01
3.431132e-01
3.431949e-01
3.432982e-01
3.433809e-01
3.433854e-01
3.433896e-01
3.435623e-01
3.435698e-01
3.436164e-01
3.436388e-01
3.436931e-01
3.437401e-01
3.439629e-01
3.440283e-01
3.440401e-01
3.441169e-01
3.441630e-01
3.442411e-01
3.442953e-01
3.443002e-01
3.444113e-01
3.444698e-01
3.445672e-01
3.447375e-01
3.448128e-01
3.448608e-01
3.448752e-01
3.449681e-01
3.450712e-01
3.450863e-01
3.451553e-01
3.451714e-01
3.452751e-01
3.453114e-01
3.453344e-01
3.454733e-01
3.455042e-01
3.455480e-01
3.456546e-01
3.456867e-01
3.457828e-01
3.457936e-01
3.458377e-01
3.458915e-01
3.459360e-01
3.459535e-01
3.461169e-01
3.462428e-01
3.462648e-01
3.464487e-01
3.465812e-01
3.465853e-01
3.467069e-01
3.467827e-01
3.468188e-01
3.469149e-01
3.469841e-01
3.470250e-01
3.470452e-01
3.471345e-01
3.471929e-01
3.472592e-01
3.472807e-01
3.473472e-01
3.473951e-01
3.474114e-01
3.475208e-01
3.476942e-01
3.477037e-01
3.477647e-01
3.479460e-01
3.479733e-01
3.480902e-01
3.481608e-01
3.482752e-01
3.483038e-01
3.483039e-01
3.483668e-01
3.485072e-01
3.485077e-01
3.486681e-01
3.487242e-01
3.488187e-01
3.488523e-01
3.488966e-01
3.489555e-01
3.490448e-01
3.491484e-01
3.491491e-01
3.492334e-01
3.492633e-01
3.494436e-01
3.494650e-01
3.496820e-01
3.497589e-01
3.498258e-01
3.498488e-01
3.498901e-01
3.500109e-01
3.500457e-01
3.501028e-01
3.502205e-01
3.502411e-01
3.503484e-01
3.504369e-01
3.504725e-01
3.505524e-01
3.507179e-01
3.507423e-01
3.507593e-01
3.508693e-01
3.509181e-01
3.509928e-01
3.510357e-01
3.510900e-01
3.511414e-01
3.511736e-01
3.513242e-01
3.513474e-01
3.513668e-01
3.513871e-01
3.514755e-01
3.514894e-01
3.516003e-01
3.516887e-01
3.517911e-01
3.518834e-01
3.519079e-01
3.519080e-01
3.519797e-01
3.521300e-01
3.521606e-01
3.522480e-01
3.523578e-01
3.523842e-01
3.525268e-01
3.525502e-01
3.525766e-01
3.526131e-01
3.526491e-01
3.526729e-01
3.528610e-01
3.528755e-01
3.529701e-01
3.531099e-01
3.531571e-01
3.532844e-01
3.533902e-01
3.534314e-01
3.534618e-01
3.535424e-01
3.536039e-01
3.537878e-01
3.538263e-01
3.538298e-01
3.538524e-01
3.539109e-01
3.540081e-01
3.540238e-01
3.541285e-01
3.541437e-01
3.543310e-01
3.543460e-01
3.544786e-01
3.544946e-01
3.545131e-01
3.546182e-01
3.546717e-01
3.548431e-01
3.548571e-01
3.549952e-01
3.550468e-01
3.550544e-01
3.550884e-01
3.551490e-01
3.552672e-01
3.553138e-01
3.553897e-01
3.554095e-01
3.554159e-01
3.555828e-01
3.556725e-01
3.556980e-01
3.559095e-01
3.559310e-01
3.560190e-01
3.560916e-01
3.561013e-01
3.561647e-01
3.561865e-01
3.561879e-01
3.563069e-01
3.563881e-01
3.564553e-01
3.564577e-01
3.564662e-01
3.564870e-01
3.565183e-01
3.565456e-01
3.567392e-01
3.568146e-01
3.569274e-01
3.569389e-01
3.569648e-01
3.570519e-01
3.571304e-01
3.571631e-01
3.571961e-01
3.572381e-01
3.573648e-01
3.574390e-01
3.574846e-01
3.576565e-01
3.576590e-01
3.576813e-01
3.578640e-01
3.578864e-01
3.579857e-01
3.579900e-01
3.580134e-01
3.581785e-01
3.582413e-01
3.582697e-01
3.584153e-01
3.584824e-01
3.585311e-01
3.586312e-01
3.587420e-01
3.587514e-01
3.587575e-01
3.587660e-01
3.589125e-01
3.589813e-01
3.590160e-01
3.590687e-01
3.590860e-01
3.591048e-01
3.592654e-01
3.592856e-01
3.593007e-01
3.593122e-01
3.594924e-01
3.595083e-01
3.595115e-01
3.596084e-01
3.596302e-01
3.599088e-01
3.599620e-01
3.599870e-01
3.600276e-01
3.601195e-01
3.601831e-01
3.603012e-01
3.603018e-01
3.605050e-01
3.605575e-01
3.605849e-01
3.606329e-01
3.606631e-01
3.607037e-01
3.607189e-01
3.608197e-01
3.608226e-01
3.608238e-01
3.609458e-01
3.610748e-01
3.611121e-01
3.612051e-01
3.612823e-01
3.613736e-01
3.614656e-01
3.615077e-01
3.615625e-01
3.616196e-01
3.616379e-01
3.617198e-01
3.618054e-01
3.618203e-01
3.618631e-01
3.620233e-01
3.620713e-01
3.621518e-01
3.621875e-01
3.622341e-01
3.623114e-01
3.624187e-01
3.624464e-01
3.624839e-01
3.625065e-01
3.626892e-01
3.627326e-01
3.628874e-01
3.629874e-01
3.630438e-01
3.631163e-01
3.631653e-01
3.633576e-01
3.633875e-01
3.634914e-01
3.635679e-01
3.635884e-01
3.636719e-01
3.637362e-01
3.637768e-01
3.637954e-01
3.638583e-01
3.640738e-01
3.641204e-01
3.641463e-01
3.641667e-01
3.641708e-01
3.642367e-01
3.643381e-01
3.643747e-01
3.643959e-01
3.645971e-01
3.646791e-01
3.647165e-01
3.648832e-01
3.650025e-01
3.650513e-01
3.650766e-01
3.651738e-01
3.651801e-01
3.651841e-01
3.652446e-01
3.652888e-01
3.654160e-01
3.654941e-01
3.655171e-01
3.655760e-01
3.656206e-01
3.656277e-01
3.657197e-01
3.657539e-01
3.657952e-01
3.658057e-01
3.659118e-01
3.662048e-01
3.663412e-01
3.664403e-01
3.665261e-01
3.665662e-01
3.666481e-01
3.666793e-01
3.667526e-01
3.667608e-01
3.669169e-01
3.670056e-01
3.670590e-01
3.671740e-01
3.672246e-01
3.672271e-01
3.672818e-01
3.673245e-01
3.673584e-01
3.675976e-01
3.676012e-01
3.676345e-01
3.677019e-01
3.677111e-01
3.677113e-01
3.678904e-01
3.680763e-01
3.681333e-01
3.682135e-01
3.682691e-01
3.683436e-01
3.684995e-01
3.685280e-01
3.685901e-01
3.686512e-01
3.686989e-01
3.687426e-01
3.688494e-01
3.689107e-01
3.690388e-01
3.690750e-01
3.691533e-01
3.691870e-01
3.692842e-01
3.693782e-01
3.695109e-01
3.695847e-01
3.696679e-01
3.697253e-01
3.698536e-01
3.698621e-01
3.699129e-01
3.699183e-01
3.701287e-01
3.702061e-01
3.702243e-01
3.703203e-01
3.703954e-01
3.704477e-01
3.706315e-01
3.706919e-01
3.707095e-01
3.708054e-01
3.708897e-01
3.709562e-01
3.710510e-01
3.710778e-01
3.711447e-01
3.712514e-01
3.713070e-01
3.714489e-01
3.714576e-01
3.715044e-01
3.715814e-01
3.717285e-01
3.717676e-01
3.718330e-01
3.719902e-01
3.720699e-01
3.721415e-01
3.722668e-01
3.723512e-01
3.723718e-01
3.723941e-01
3.725220e-01
3.725224e-01
3.726581e-01
3.727645e-01
3.728572e-01
3.729108e-01
3.729280e-01
3.730711e-01
3.731553e-01
3.731927e-01
3.732242e-01
3.732387e-01
3.733464e-01
3.735551e-01
3.735945e-01
3.736589e-01
3.737384e-01
3.739065e-01
3.739077e-01
3.740869e-01
3.741041e-01
3.741849e-01
3.742880e-01
3.743149e-01
3.743857e-01
3.744701e-01
3.745101e-01
3.746197e-01
3.746197e-01
3.747566e-01
3.747735e-01
3.748037e-01
3.749992e-01
3.750905e-01
3.751755e-01
3.751994e-01
3.753069e-01
3.753572e-01
3.753994e-01
3.754036e-01
3.754942e-01
3.757278e-01
3.758574e-01
3.759482e-01
3.759695e-01
3.761762e-01
3.761905e-01
3.762537e-01
3.763427e-01
3.763746e-01
3.763874e-01
3.764941e-01
3.765377e-01
3.765884e-01
3.766238e-01
3.766710e-01
3.767029e-01
3.769481e-01
3.770038e-01
3.770227e-01
3.770341e-01
3.773198e-01
3.774011e-01
3.774623e-01
3.775414e-01
3.775822e-01
3.776323e-01
3.776637e-01
3.777074e-01
3.778156e-01
3.778967e-01
3.779167e-01
3.779322e-01
3.779652e-01
3.780277e-01
3.782170e-01
3.782216e-01
3.783988e-01
3.784027e-01
3.784517e-01
3.785185e-01
3.786991e-01
3.787014e-01
3.787338e-01
3.788038e-01
3.788571e-01
3.789455e-01
3.789549e-01
3.791682e-01
3.791780e-01
3.792798e-01
3.792826e-01
3.793235e-01
3.794057e-01
3.795119e-01
3.795979e-01
3.796787e-01
3.797127e-01
3.797553e-01
3.797615e-01
3.799534e-01
3.800002e-01
3.800577e-01
3.801001e-01
3.801464e-01
3.802466e-01
3.802729e-01
3.804226e-01
3.804656e-01
3.804885e-01
3.805332e-01
3.808681e-01
3.809226e-01
3.809493e-01
3.809988e-01
3.810699e-01
3.811042e-01
3.812270e-01
3.813381e-01
3.813494e-01
3.814508e-01
3.815608e-01
3.816452e-01
3.816979e-01
3.817946e-01
3.818087e-01
3.818531e-01
3.819111e-01
3.820000e-01
3.820253e-01
3.821623e-01
3.822829e-01
3.824062e-01
3.824482e-01
3.824796e-01
3.825459e-01
3.825582e-01
3.826382e-01
3.826628e-01
3.828095e-01
3.828353e-01
3.828844e-01
3.829654e-01
3.830344e-01
3.831431e-01
3.832236e-01
3.833826e-01
3.834132e-01
3.834601e-01
3.834984e-01
3.835382e-01
3.835524e-01
3.836755e-01
3.838457e-01
3.839417e-01
3.839558e-01
3.840065e-01
3.840440e-01
3.840581e-01
3.842247e-01
3.842700e-01
3.843393e-01
3.844596e-01
3.845979e-01
3.846455e-01
3.846508e-01
3.847067e-01
3.847089e-01
3.849662e-01
3.850054e-01
3.850141e-01
3.850484e-01
3.853292e-01
3.853768e-01
3.854720e-01
3.855171e-01
3.855542e-01
3.855696e-01
3.857174e-01
3.857177e-01
3.857285e-01
3.859623e-01
3.860354e-01
3.861663e-01
3.861696e-01
3.861894e-01
3.862531e-01
3.862974e-01
3.863507e-01
3.863690e-01
3.863971e-01
3.864345e-01
3.866146e-01
3.867002e-01
3.867353e-01
3.867946e-01
3.868998e-01
3.870522e-01
3.871128e-01
3.871382e-01
3.871510e-01
3.871960e-01
3.874994e-01
3.875791e-01
3.876829e-01
3.876888e-01
3.877979e-01
3.878648e-01
3.879015e-01
3.879512e-01
3.880283e-01
3.881628e-01
3.882155e-01
3.882862e-01
3.883598e-01
3.885617e-01
3.885657e-01
3.886622e-01
3.887400e-01
3.887437e-01
3.887974e-01
3.888651e-01
3.890931e-01
3.891056e-01
3.891760e-01
3.892474e-01
3.893949e-01
3.895830e-01
3.895861e-01
3.896738e-01
3.897060e-01
3.898398e-01
3.899469e-01
3.899519e-01
3.899523e-01
3.901172e-01
3.902595e-01
3.902644e-01
3.903387e-01
3.904883e-01
3.906333e-01
3.907461e-01
3.908767e-01
3.909032e-01
3.909155e-01
3.910109e-01
3.910133e-01
3.911055e-01
3.911105e-01
3.911396e-01
3.911943e-01
3.912306e-01
3.913774e-01
3.914632e-01
3.915502e-01
3.915905e-01
3.916116e-01
3.917153e-01
3.918034e-01
3.918500e-01
3.918977e-01
3.920743e-01
3.921913e-01
3.921970e-01
3.922252e-01
3.923313e-01
3.923323e-01
3.925290e-01
3.925673e-01
3.926210e-01
3.927720e-01
3.928201e-01
3.928411e-01
3.930020e-01
3.932232e-01
3.932299e-01
3.932810e-01
3.933036e-01
3.933582e-01
3.934896e-01
3.935473e-01
3.936686e-01
3.936849e-01
3.938284e-01
3.938756e-01
3.939525e-01
3.939532e-01
3.940787e-01
3.941145e-01
3.942290e-01
3.942869e-01
3.944655e-01
3.946880e-01
3.947011e-01
3.947830e-01
3.948711e-01
3.949767e-01
3.951052e-01
3.951095e-01
3.954271e-01
3.955185e-01
3.955478e-01
3.955582e-01
3.955712e-01
3.956782e-01
3.957501e-01
3.957522e-01
3.957632e-01
3.957947e-01
3.960036e-01
3.961095e-01
3.961813e-01
3.961900e-01
3.962352e-01
3.964094e-01
3.964655e-01
3.966601e-01
3.966876e-01
3.967340e-01
3.967882e-01
3.971162e-01
3.971668e-01
3.972596e-01
3.973045e-01
3.974334e-01
3.974478e-01
3.974725e-01
3.974818e-01
3.975621e-01
3.975664e-01
3.977413e-01
3.977933e-01
3.978793e-01
3.979407e-01
3.980003e-01
3.981258e-01
3.981438e-01
3.982675e-01
3.983371e-01
3.983921e-01
3.984213e-01
3.985793e-01
3.987818e-01
3.988623e-01
3.989236e-01
3.990934e-01
3.991274e-01
3.992146e-01
3.993426e-01
3.993910e-01
3.994439e-01
3.995343e-01
3.995432e-01
3.995807e-01
3.996137e-01
3.998042e-01
3.998850e-01
4.000532e-01
4.001726e-01
4.001908e-01
4.002330e-01
4.002470e-01
4.003406e-01
4.005414e-01
4.005492e-01
4.006012e-01
4.006092e-01
4.006783e-01
4.007251e-01
4.007681e-01
4.008702e-01
4.008747e-01
4.009557e-01
4.013101e-01
4.013128e-01
4.013277e-01
4.013417e-01
4.014155e-01
4.014804e-01
4.015474e-01
4.015511e-01
4.015725e-01
4.017595e-01
4.018669e-01
4.019482e-01
4.020211e-01
4.020460e-01
4.020730e-01
4.021385e-01
4.024985e-01
4.026252e-01
4.026398e-01
4.027833e-01
4.028800e-01
4.029347e-01
4.029480e-01
4.030606e-01
4.031209e-01
4.031376e-01
4.032696e-01
4.034337e-01
4.036192e-01
4.036848e-01
4.037107e-01
4.037688e-01
4.038763e-01
4.039188e-01
4.039613e-01
4.039775e-01
4.041504e-01
4.042735e-01
4.044955e-01
4.046754e-01
4.046898e-01
4.047881e-01
4.048806e-01
4.049333e-01
4.050067e-01
4.050266e-01
4.050625e-01
4.050842e-01
4.051900e-01
4.053356e-01
4.053379e-01
4.054175e-01
4.054536e-01
4.057312e-01
4.057543e-01
4.057711e-01
4.058783e-01
4.058881e-01
4.059415e-01
4.061878e-01
4.061884e-01
4.062631e-01
4.063455e-01
4.063733e-01
4.064888e-01
4.065171e-01
4.065233e-01
4.067047e-01
4.067516e-01
4.068246e-01
4.068591e-01
4.070379e-01
4.070961e-01
4.071053e-01
4.072645e-01
4.073186e-01
4.073250e-01
4.073617e-01
4.075501e-01
4.075923e-01
4.078302e-01
4.078591e-01
4.079122e-01
4.079319e-01
4.079459e-01
4.081417e-01
4.081797e-01
4.081913e-01
4.084276e-01
4.084401e-01
4.085396e-01
4.085676e-01
4.087000e-01
4.087360e-01
4.088167e-01
4.089111e-01
4.090238e-01
4.090848e-01
4.091829e-01
4.092304e-01
4.092461e-01
4.093569e-01
4.094770e-01
4.095107e-01
4.096127e-01
4.097644e-01
4.097831e-01
4.098075e-01
4.098170e-01
4.099661e-01
4.099732e-01
4.100929e-01
4.102365e-01
4.102470e-01
4.102855e-01
4.102974e-01
4.103688e-01
4.103984e-01
4.104811e-01
4.106880e-01
4.107024e-01
4.108356e-01
4.108818e-01
4.110471e-01
4.110997e-01
4.111866e-01
4.111979e-01
4.115113e-01
4.115965e-01
4.116972e-01
4.117496e-01
4.119074e-01
4.119304e-01
4.119412e-01
4.119837e-01
4.120450e-01
4.121339e-01
4.121587e-01
4.124168e-01
4.125005e-01
4.125136e-01
4.125335e-01
4.126935e-01
4.127040e-01
4.127673e-01
4.128174e-01
4.129201e-01
4.129620e-01
4.130431e-01
4.131255e-01
4.132337e-01
4.133035e-01
4.133319e-01
4.133325e-01
4.134028e-01
4.134620e-01
4.135545e-01
4.135892e-01
4.137363e-01
4.138284e-01
4.138364e-01
4.138484e-01
4.138750e-01
4.138853e-01
4.139867e-01
4.140942e-01
4.142323e-01
4.143940e-01
4.144642e-01
4.145353e-01
4.145988e-01
4.146702e-01
4.147768e-01
4.147786e-01
4.149281e-01
4.150115e-01
4.150443e-01
4.150778e-01
4.151579e-01
4.152046e-01
4.153981e-01
4.154343e-01
4.154439e-01
4.154616e-01
4.155103e-01
4.155672e-01
4.157094e-01
4.157867e-01
4.157929e-01
4.159416e-01
4.159820e-01
4.160582e-01
4.160696e-01
4.161223e-01
4.162230e-01
4.162363e-01
4.163205e-01
4.163506e-01
4.165261e-01
4.165557e-01
4.166185e-01
4.166915e-01
4.167404e-01
4.167685e-01
4.169509e-01
4.169685e-01
4.170330e-01
4.171327e-01
4.171987e-01
4.172179e-01
4.173192e-01
4.173579e-01
4.173690e-01
4.175340e-01
4.175504e-01
4.176651e-01
4.178083e-01
4.178208e-01
4.178519e-01
4.178930e-01
4.180352e-01
4.180635e-01
4.183512e-01
4.184006e-01
4.185305e-01
4.185814e-01
4.186011e-01
4.186846e-01
4.187348e-01
4.187776e-01
4.189236e-01
4.189323e-01
4.190304e-01
4.190767e-01
4.191470e-01
4.192054e-01
4.193137e-01
4.193242e-01
4.194215e-01
4.194913e-01
4.194939e-01
4.195573e-01
4.196386e-01
4.197271e-01
4.198749e-01
4.199009e-01
4.199518e-01
4.199748e-01
4.200147e-01
4.200415e-01
4.200886e-01
4.201623e-01
4.201805e-01
4.201986e-01
4.203494e-01
4.203628e-01
4.204624e-01
4.205550e-01
4.205902e-01
4.205916e-01
4.206228e-01
4.207855e-01
4.208516e-01
4.210012e-01
4.210237e-01
4.210476e-01
4.210673e-01
4.212225e-01
4.212492e-01
4.213265e-01
4.213987e-01
4.214263e-01
4.214573e-01
4.214578e-01
4.215379e-01
4.216202e-01
4.216255e-01
4.217030e-01
4.217057e-01
4.218588e-01
4.219118e-01
4.220752e-01
4.221235e-01
4.222708e-01
4.222827e-01
4.223324e-01
4.224645e-01
4.225172e-01
4.225459e-01
4.226469e-01
4.227311e-01
4.227343e-01
4.227791e-01
4.227850e-01
4.228977e-01
4.229301e-01
4.230851e-01
4.230871e-01
4.232372e-01
4.234229e-01
4.234456e-01
4.234562e-01
4.235879e-01
4.236684e-01
4.236707e-01
4.237945e-01
4.238014e-01
4.238100e-01
4.238779e-01
4.239508e-01
4.240150e-01
4.240350e-01
4.240756e-01
4.241207e-01
4.242140e-01
4.242494e-01
4.242861e-01
4.243299e-01
4.243896e-01
4.244632e-01
4.245248e-01
4.245517e-01
4.245958e-01
4.246288e-01
4.248335e-01
4.248373e-01
4.248925e-01
4.249258e-01
4.249792e-01
4.250308e-01
4.251291e-01
4.251622e-01
4.253466e-01
4.253499e-01
4.253531e-01
4.254775e-01
4.255050e-01
4.256860e-01
4.257271e-01
4.257273e-01
4.258524e-01
4.258809e-01
4.258871e-01
4.259016e-01
4.262270e-01
4.262587e-01
4.262750e-01
4.263541e-01
4.263754e-01
4.265215e-01
4.265816e-01
4.266068e-01
4.266919e-01
4.267561e-01
4.268572e-01
4.268626e-01
4.268755e-01
4.269284e-01
4.270879e-01
4.270959e-01
4.271317e-01
4.271502e-01
4.273767e-01
4.273834e-01
4.273854e-01
4.274326e-01
4.275226e-01
4.275541e-01
4.276050e-01
4.277099e-01
4.277224e-01
4.278421e-01
4.278862e-01
4.279116e-01
4.279484e-01
4.279605e-01
4.279751e-01
4.279835e-01
4.280747e-01
4.282081e-01
4.283144e-01
4.283820e-01
4.284695e-01
4.285742e-01
4.286490e-01
4.287525e-01
4.287691e-01
4.288128e-01
4.289912e-01
4.290040e-01
4.290576e-01
4.290776e-01
4.291712e-01
4.292362e-01
4.292381e-01
4.292962e-01
4.293309e-01
4.293920e-01
4.295068e-01
4.295966e-01
4.296292e-01
4.296981e-01
4.297450e-01
4.297634e-01
4.297929e-01
4.298796e-01
4.299728e-01
4.300296e-01
4.300474e-01
4.301116e-01
4.301137e-01
4.302243e-01
4.302639e-01
4.303040e-01
4.303449e-01
4.303896e-01
4.305667e-01
4.306629e-01
4.306977e-01
4.307730e-01
4.308204e-01
4.308249e-01
4.310158e-01
4.310660e-01
4.311210e-01
4.312224e-01
4.313156e-01
4.314526e-01
4.315651e-01
4.315761e-01
4.316437e-01
4.317344e-01
4.317440e-01
4.317827e-01
4.318198e-01
4.319507e-01
4.320142e-01
4.321344e-01
4.321491e-01
4.322661e-01
4.324128e-01
4.324318e-01
4.325768e-01
4.325854e-01
4.325982e-01
4.327865e-01
4.327945e-01
4.328641e-01
4.328649e-01
4.328711e-01
4.329620e-01
4.331472e-01
4.331548e-01
4.331935e-01
4.332592e-01
4.334090e-01
4.334159e-01
4.335413e-01
4.335687e-01
4.337201e-01
4.338363e-01
4.338760e-01
4.339187e-01
4.340133e-01
4.340287e-01
4.340602e-01
4.341165e-01
4.341170e-01
4.342544e-01
4.342746e-01
4.342869e-01
4.343098e-01
4.344772e-01
4.344786e-01
4.346937e-01
4.347082e-01
4.349316e-01
4.349903e-01
4.349936e-01
4.350093e-01
4.350884e-01
4.351387e-01
4.351471e-01
4.351749e-01
4.353430e-01
4.353935e-01
4.355223e-01
4.355225e-01
4.357109e-01
4.357248e-01
4.358961e-01
4.359146e-01
4.359332e-01
4.360333e-01
4.360705e-01
4.362019e-01
4.362132e-01
4.363555e-01
4.363917e-01
4.365483e-01
4.365590e-01
4.366028e-01
4.366430e-01
4.366683e-01
4.368569e-01
4.369305e-01
4.369431e-01
4.370149e-01
4.370618e-01
4.371722e-01
4.372175e-01
4.372534e-01
4.372987e-01
4.373857e-01
4.373992e-01
4.375408e-01
4.376487e-01
4.376917e-01
4.377266e-01
4.378916e-01
4.379227e-01
4.379594e-01
4.380381e-01
4.381154e-01
4.381407e-01
4.383113e-01
4.383663e-01
4.384585e-01
4.385526e-01
4.385989e-01
4.386378e-01
4.386822e-01
4.386962e-01
4.389129e-01
4.390310e-01
4.390335e-01
4.390636e-01
4.391592e-01
4.392112e-01
4.393038e-01
4.393720e-01
4.393963e-01
4.394057e-01
4.395917e-01
4.397137e-01
4.399978e-01
4.400146e-01
4.400763e-01
4.401195e-01
4.403189e-01
4.403510e-01
4.404133e-01
4.404660e-01
4.404889e-01
4.405270e-01
4.406162e-01
4.407242e-01
4.409062e-01
4.409596e-01
4.410896e-01
4.411094e-01
4.411358e-01
4.411716e-01
4.411851e-01
4.412716e-01
4.413392e-01
4.414044e-01
4.414963e-01
4.416676e-01
4.417378e-01
4.417683e-01
4.418346e-01
4.418439e-01
4.418460e-01
4.419932e-01
4.420289e-01
4.420605e-01
4.422083e-01
4.422282e-01
4.423439e-01
4.424729e-01
4.424814e-01
4.425656e-01
4.425768e-01
4.426875e-01
4.427668e-01
4.428318e-01
4.428865e-01
4.429963e-01
4.430305e-01
4.432039e-01
4.432725e-01
4.433028e-01
4.433881e-01
4.433951e-01
4.435328e-01
4.436640e-01
4.436900e-01
4.436953e-01
4.437362e-01
4.439152e-01
4.439824e-01
4.440086e-01
4.440710e-01
4.442016e-01
4.442168e-01
4.442922e-01
4.444304e-01
4.444810e-01
4.446616e-01
4.447003e-01
4.447872e-01
4.447916e-01
4.448570e-01
4.448832e-01
4.448876e-01
4.450685e-01
4.450862e-01
4.451065e-01
4.451752e-01
4.453036e-01
4.453350e-01
4.453848e-01
4.455124e-01
4.456139e-01
4.456827e-01
4.457181e-01
4.457594e-01
4.458550e-01
4.459676e-01
4.461155e-01
4.461262e-01
4.462040e-01
4.462362e-01
4.462739e-01
4.463634e-01
4.464389e-01
4.465895e-01
4.466110e-01
4.466885e-01
4.466933e-01
4.467336e-01
4.467381e-01
4.468708e-01
4.470766e-01
4.470851e-01
4.472018e-01
4.473331e-01
4.474220e-01
4.476070e-01
4.476174e-01
4.476355e-01
4.477382e-01
4.478077e-01
4.480261e-01
4.480657e-01
4.481287e-01
4.483368e-01
4.483741e-01
4.484612e-01
4.484823e-01
4.484876e-01
4.485171e-01
4.486037e-01
4.486483e-01
4.487265e-01
4.488730e-01
4.489125e-01
4.489520e-01
4.490474e-01
4.491491e-01
4.492057e-01
4.492105e-01
4.495803e-01
4.496445e-01
4.497492e-01
4.497627e-01
4.498162e-01
4.499838e-01
4.500233e-01
4.500786e-01
4.501737e-01
4.501767e-01
4.502613e-01
4.503660e-01
4.504104e-01
4.505167e-01
4.505580e-01
4.506445e-01
4.507259e-01
4.508576e-01
4.509093e-01
4.509152e-01
4.510187e-01
4.510991e-01
4.511003e-01
4.512092e-01
4.513412e-01
4.513475e-01
4.515266e-01
4.517309e-01
4.517435e-01
4.517954e-01
4.519601e-01
4.520057e-01
4.520820e-01
4.521654e-01
4.522443e-01
4.523305e-01
4.524596e-01
4.524790e-01
4.525488e-01
4.525715e-01
4.527301e-01
4.527913e-01
4.528877e-01
4.529301e-01
4.530156e-01
4.530665e-01
4.530786e-01
4.531123e-01
4.531841e-01
4.532132e-01
4.533479e-01
4.533578e-01
4.535531e-01
4.536927e-01
4.537347e-01
4.538293e-01
4.538311e-01
4.539024e-01
4.539214e-01
4.540979e-01
4.543206e-01
4.544131e-01
4.544595e-01
4.545350e-01
4.546393e-01
4.546416e-01
4.547727e-01
4.547795e-01
4.549053e-01
4.549103e-01
4.549127e-01
4.550486e-01
4.551305e-01
4.552899e-01
4.553312e-01
4.553544e-01
4.555505e-01
4.555834e-01
4.556862e-01
4.560388e-01
4.560408e-01
4.561496e-01
4.561616e-01
4.563705e-01
4.564247e-01
4.564717e-01
4.564882e-01
4.565128e-01
4.566838e-01
4.566894e-01
4.567926e-01
4.568643e-01
4.568738e-01
4.569279e-01
4.570973e-01
4.571016e-01
4.571567e-01
4.573940e-01
4.574589e-01
4.575783e-01
4.575841e-01
4.576057e-01
4.576461e-01
4.577113e-01
4.579690e-01
4.580967e-01
4.581351e-01
4.583785e-01
4.584702e-01
4.584922e-01
4.585285e-01
4.587229e-01
4.587496e-01
4.590163e-01
4.590365e-01
4.591127e-01
4.591379e-01
4.591423e-01
4.591820e-01
4.593228e-01
4.593714e-01
4.594538e-01
4.594664e-01
4.595258e-01
4.595922e-01
4.596268e-01
4.597927e-01
4.599574e-01
4.600065e-01
4.601136e-01
4.601727e-01
4.603037e-01
4.603625e-01
4.606576e-01
4.606929e-01
4.607370e-01
4.608621e-01
4.609732e-01
4.609900e-01
4.610655e-01
4.613058e-01
4.614351e-01
4.615918e-01
4.615999e-01
4.616041e-01
4.616410e-01
4.616949e-01
4.617318e-01
4.618314e-01
4.621063e-01
4.621649e-01
4.622068e-01
4.622420e-01
4.622514e-01
4.626397e-01
4.626443e-01
4.627000e-01
4.630002e-01
4.630417e-01
4.631460e-01
4.632647e-01
4.634248e-01
4.634253e-01
4.634707e-01
4.634711e-01
4.635406e-01
4.636369e-01
4.636903e-01
4.638788e-01
4.639608e-01
4.639639e-01
4.639651e-01
4.640237e-01
4.643730e-01
4.644088e-01
4.645654e-01
4.646914e-01
4.648955e-01
4.649203e-01
4.649207e-01
4.650815e-01
4.651777e-01
4.652191e-01
4.653017e-01
4.653051e-01
4.655414e-01
4.656291e-01
4.657485e-01
4.658537e-01
4.658581e-01
4.658627e-01
4.659278e-01
4.661713e-01
4.662643e-01
4.663062e-01
4.663443e-01
4.663802e-01
4.666254e-01
4.666499e-01
4.667637e-01
4.668164e-01
4.668378e-01
4.668700e-01
4.669081e-01
4.670397e-01
4.670598e-01
4.672684e-01
4.674311e-01
4.674484e-01
4.675509e-01
4.676617e-01
4.678795e-01
4.679449e-01
4.680036e-01
4.680478e-01
4.680959e-01
4.682112e-01
4.682975e-01
4.683294e-01
4.684003e-01
4.684798e-01
4.685074e-01
4.685684e-01
4.688855e-01
4.690659e-01
4.690843e-01
4.691984e-01
4.692153e-01
4.693430e-01
4.694258e-01
4.695630e-01
4.695682e-01
4.697274e-01
4.697386e-01
4.698051e-01
4.699571e-01
4.700891e-01
4.701950e-01
4.706256e-01
4.706351e-01
4.706995e-01
4.707211e-01
4.707751e-01
4.709301e-01
4.709819e-01
4.710351e-01
4.711521e-01
4.712844e-01
4.712846e-01
4.713735e-01
4.713951e-01
4.715275e-01
4.715569e-01
4.715764e-01
4.716216e-01
4.718375e-01
4.718627e-01
4.719593e-01
4.719963e-01
4.720684e-01
4.722598e-01
4.723778e-01
4.724647e-01
4.725228e-01
4.727445e-01
4.727739e-01
4.728048e-01
4.728921e-01
4.728934e-01
4.730155e-01
4.731441e-01
4.731618e-01
4.731783e-01
4.732296e-01
4.733493e-01
4.734799e-01
4.736299e-01
4.736464e-01
4.738772e-01
4.738828e-01
4.739651e-01
4.741341e-01
4.741481e-01
4.741507e-01
4.742326e-01
4.742921e-01
4.747063e-01
4.747243e-01
4.747786e-01
4.749203e-01
4.749600e-01
4.750941e-01
4.751096e-01
4.751185e-01
4.751728e-01
4.755789e-01
4.756991e-01
4.758276e-01
4.758610e-01
4.758672e-01
4.760905e-01
4.761952e-01
4.762177e-01
4.762316e-01
4.763643e-01
4.766163e-01
4.766364e-01
4.767219e-01
4.769528e-01
4.770045e-01
4.770278e-01
4.772732e-01
4.772773e-01
4.773743e-01
4.775154e-01
4.775177e-01
4.775726e-01
4.775741e-01
4.777146e-01
4.778337e-01
4.779646e-01
4.779730e-01
4.780608e-01
4.783004e-01
4.783301e-01
4.786209e-01
4.786720e-01
4.787533e-01
4.789270e-01
4.789485e-01
4.790505e-01
4.791336e-01
4.793503e-01
4.793625e-01
4.795045e-01
4.795221e-01
4.795795e-01
4.796401e-01
4.798714e-01
4.800446e-01
4.801228e-01
4.802957e-01
4.803330e-01
4.804067e-01
4.804121e-01
4.806505e-01
4.806743e-01
4.807612e-01
4.809111e-01
4.809862e-01
4.810040e-01
4.810493e-01
4.811152e-01
4.812106e-01
4.813427e-01
4.814696e-01
4.814737e-01
4.815177e-01
4.816529e-01
4.818278e-01
4.820330e-01
4.820356e-01
4.821327e-01
4.823056e-01
4.823562e-01
4.825854e-01
4.826629e-01
4.826707e-01
4.829224e-01
4.830891e-01
4.832345e-01
4.832594e-01
4.835746e-01
4.836236e-01
4.836456e-01
4.838385e-01
4.838873e-01
4.839527e-01
4.839748e-01
4.839864e-01
4.840758e-01
4.844489e-01
4.845425e-01
4.846054e-01
4.846498e-01
4.847957e-01
4.850363e-01
4.850972e-01
4.852891e-01
4.853045e-01
4.853438e-01
4.853439e-01
4.855794e-01
4.857408e-01
4.857865e-01
4.859509e-01
4.860405e-01
4.860902e-01
4.863009e-01
4.863227e-01
4.863240e-01
4.863772e-01
4.865505e-01
4.865577e-01
4.867257e-01
4.868761e-01
4.868765e-01
4.869556e-01
4.871904e-01
4.872506e-01
4.877026e-01
4.877330e-01
4.877623e-01
4.877664e-01
4.880364e-01
4.880380e-01
4.881753e-01
4.882020e-01
4.883628e-01
4.884104e-01
4.884910e-01
4.885180e-01
4.885431e-01
4.887718e-01
4.891100e-01
4.891167e-01
4.891536e-01
4.894532e-01
4.895623e-01
4.897825e-01
4.899962e-01
4.900062e-01
4.900885e-01
4.901291e-01
4.904014e-01
4.905107e-01
4.905311e-01
4.905630e-01
4.907105e-01
4.909413e-01
4.911643e-01
4.913531e-01
4.913981e-01
4.914162e-01
4.915142e-01
4.916025e-01
4.916294e-01
4.917395e-01
4.920695e-01
4.921134e-01
4.921964e-01
4.923196e-01
4.923652e-01
4.925899e-01
4.926208e-01
4.926598e-01
4.927063e-01
4.927386e-01
4.929313e-01
4.929573e-01
4.930167e-01
4.932154e-01
4.934128e-01
4.934876e-01
4.936377e-01
4.938552e-01
4.940153e-01
4.941288e-01
4.941296e-01
4.942669e-01
4.944145e-01
4.944238e-01
4.944540e-01
4.945292e-01
4.945784e-01
4.946129e-01
4.946686e-01
4.948771e-01
4.950866e-01
4.950873e-01
4.951598e-01
4.952095e-01
4.952322e-01
4.953143e-01
4.955263e-01
4.956257e-01
4.958343e-01
4.959120e-01
4.960171e-01
4.960188e-01
4.962025e-01
4.963909e-01
4.964757e-01
4.965193e-01
4.966629e-01
4.967095e-01
4.969715e-01
4.970575e-01
4.972074e-01
4.972307e-01
4.973358e-01
4.973850e-01
4.974476e-01
4.974717e-01
4.977395e-01
4.977701e-01
4.978060e-01
4.978685e-01
4.980470e-01
4.982738e-01
4.983012e-01
4.983607e-01
4.984642e-01
4.985040e-01
4.985769e-01
4.985791e-01
4.988348e-01
4.988623e-01
4.989979e-01
4.990159e-01
4.990589e-01
4.992856e-01
4.995473e-01
4.997315e-01
4.998132e-01
4.998581e-01
5.000145e-01
5.001654e-01
5.002444e-01
5.003555e-01
5.005599e-01
5.005885e-01
5.006579e-01
5.007648e-01
5.007703e-01
5.008132e-01
5.009758e-01
5.009982e-01
5.011465e-01
5.012555e-01
5.013236e-01
5.013356e-01
5.017431e-01
5.018250e-01
5.019190e-01
5.020154e-01
5.020851e-01
5.020883e-01
5.021974e-01
5.022367e-01
5.023564e-01
5.024371e-01
5.024834e-01
5.027712e-01
5.028223e-01
5.028625e-01
5.028823e-01
5.030605e-01
5.033501e-01
5.033550e-01
5.033769e-01
5.035243e-01
5.038845e-01
5.040698e-01
5.040756e-01
5.041724e-01
5.041970e-01
5.045678e-01
5.048063e-01
5.048817e-01
5.049130e-01
5.049867e-01
5.050250e-01
5.052779e-01
5.053882e-01
5.056118e-01
5.057088e-01
5.057583e-01
5.059141e-01
5.059632e-01
5.061520e-01
5.061622e-01
5.062729e-01
5.064282e-01
5.066064e-01
5.066448e-01
5.067210e-01
5.068881e-01
5.070765e-01
5.071826e-01
5.072933e-01
5.073254e-01
5.074023e-01
5.074532e-01
5.075263e-01
5.075630e-01
5.076460e-01
5.078594e-01
5.078633e-01
5.079820e-01
5.080088e-01
5.082999e-01
5.085182e-01
5.085297e-01
5.087585e-01
5.087780e-01
5.087863e-01
5.088325e-01
5.090019e-01
5.091896e-01
5.092485e-01
5.093812e-01
5.095033e-01
5.095593e-01
5.097792e-01
5.100011e-01
5.100388e-01
5.100891e-01
5.102064e-01
5.102283e-01
5.103140e-01
5.107738e-01
5.108035e-01
5.108548e-01
5.109073e-01
5.109755e-01
5.114369e-01
5.114840e-01
5.115505e-01
5.115630e-01
5.119925e-01
5.120796e-01
5.121773e-01
5.122564e-01
5.125348e-01
5.125438e-01
5.126075e-01
5.127496e-01
5.127875e-01
5.129324e-01
5.129656e-01
5.134609e-01
5.134800e-01
5.135193e-01
5.136315e-01
5.136778e-01
5.137495e-01
5.139162e-01
5.139856e-01
5.142266e-01
5.144104e-01
5.144979e-01
5.145197e-01
5.145385e-01
5.147647e-01
5.148969e-01
5.149097e-01
5.150796e-01
5.151169e-01
5.152419e-01
5.154166e-01
5.154564e-01
5.154583e-01
5.155207e-01
5.157625e-01
5.158176e-01
5.160137e-01
5.163395e-01
5.163796e-01
5.163994e-01
5.164435e-01
5.165784e-01
5.166647e-01
5.169181e-01
5.172428e-01
5.172511e-01
5.172860e-01
5.173063e-01
5.175209e-01
5.176489e-01
5.179395e-01
5.181601e-01
5.181684e-01
5.182590e-01
5.183495e-01
5.186916e-01
5.187978e-01
5.188782e-01
5.189224e-01
5.191066e-01
5.194103e-01
5.195432e-01
5.195654e-01
5.196282e-01
5.197000e-01
5.198609e-01
5.199743e-01
5.201671e-01
5.202875e-01
5.203348e-01
5.203646e-01
5.204179e-01
5.207479e-01
5.207690e-01
5.209380e-01
5.210388e-01
5.210921e-01
5.212009e-01
5.212528e-01
5.214034e-01
5.214615e-01
5.215860e-01
5.216545e-01
5.217529e-01
5.219326e-01
5.220171e-01
5.223097e-01
5.225047e-01
5.225817e-01
5.226903e-01
5.227546e-01
5.227727e-01
5.229027e-01
5.229960e-01
5.230646e-01
5.231870e-01
5.233823e-01
5.234186e-01
5.237812e-01
5.237906e-01
5.238352e-01
5.238769e-01
5.238940e-01
5.239020e-01
5.239394e-01
5.243029e-01
5.245985e-01
5.247744e-01
5.249606e-01
5.251067e-01
5.252986e-01
5.253663e-01
5.255008e-01
5.255164e-01
5.257368e-01
5.258461e-01
5.260350e-01
5.261621e-01
5.261885e-01
5.263464e-01
5.264925e-01
5.265803e-01
5.266069e-01
5.266252e-01
5.267519e-01
5.269879e-01
5.270478e-01
5.270531e-01
5.270865e-01
5.271650e-01
5.271955e-01
5.276480e-01
5.277007e-01
5.277338e-01
5.279654e-01
5.280536e-01
5.284690e-01
5.285481e-01
5.286166e-01
5.287260e-01
5.288504e-01
5.289633e-01
5.289747e-01
5.290819e-01
5.292073e-01
5.293442e-01
5.293504e-01
5.295097e-01
5.298451e-01
5.298528e-01
5.299977e-01
5.301210e-01
5.302311e-01
5.303388e-01
5.304520e-01
5.305155e-01
5.307035e-01
5.307468e-01
5.308367e-01
5.308824e-01
5.310257e-01
5.312476e-01
5.312672e-01
5.314488e-01
5.314898e-01
5.315323e-01
5.315642e-01
5.316291e-01
5.319357e-01
5.321835e-01
5.323656e-01
5.324120e-01
5.326452e-01
5.327202e-01
5.327256e-01
5.329621e-01
5.332788e-01
5.333444e-01
5.336623e-01
5.337278e-01
5.337991e-01
5.338573e-01
5.339775e-01
5.341272e-01
5.342885e-01
5.344507e-01
5.344980e-01
5.345218e-01
5.347174e-01
5.348137e-01
5.349249e-01
5.349541e-01
5.350398e-01
5.352015e-01
5.353538e-01
5.355044e-01
5.355086e-01
5.356314e-01
5.356726e-01
5.358055e-01
5.359619e-01
5.362729e-01
5.363279e-01
5.365105e-01
5.367476e-01
5.368366e-01
5.369942e-01
5.370370e-01
5.370914e-01
5.373458e-01
5.374030e-01
5.374513e-01
5.376064e-01
5.376148e-01
5.376922e-01
5.378030e-01
5.378815e-01
5.381485e-01
5.383167e-01
5.385113e-01
5.385889e-01
5.387490e-01
5.387762e-01
5.389050e-01
5.390011e-01
5.391992e-01
5.392619e-01
5.394049e-01
5.395268e-01
5.400131e-01
5.401568e-01
5.401756e-01
5.402623e-01
5.406726e-01
5.407749e-01
5.408511e-01
5.409252e-01
5.410185e-01
5.410861e-01
5.412058e-01
5.413708e-01
5.417200e-01
5.417676e-01
5.418001e-01
5.418540e-01
5.420269e-01
5.423211e-01
5.424386e-01
5.425263e-01
5.426885e-01
5.428125e-01
5.430655e-01
5.432063e-01
5.436743e-01
5.437505e-01
5.437945e-01
5.439741e-01
5.440306e-01
5.442011e-01
5.443775e-01
5.445219e-01
5.445371e-01
5.445567e-01
5.447923e-01
5.448536e-01
5.449780e-01
5.450524e-01
5.452553e-01
5.452889e-01
5.453150e-01
5.453813e-01
5.456132e-01
5.458149e-01
5.459655e-01
5.460427e-01
5.460635e-01
5.461796e-01
5.462443e-01
5.463530e-01
5.467260e-01
5.467426e-01
5.467537e-01
5.468160e-01
5.468723e-01
5.471119e-01
5.472336e-01
5.473785e-01
5.474793e-01
5.474924e-01
5.476011e-01
5.476811e-01
5.479534e-01
5.480019e-01
5.481385e-01
5.482781e-01
5.483147e-01
5.484061e-01
5.484458e-01
5.488237e-01
5.488343e-01
5.488402e-01
5.489417e-01
5.491555e-01
5.491613e-01
5.492726e-01
5.493645e-01
5.495941e-01
5.496662e-01
5.496975e-01
5.497200e-01
5.499342e-01
5.499368e-01
5.500520e-01
5.503571e-01
5.504408e-01
5.507622e-01
5.508798e-01
5.512457e-01
5.513778e-01
5.514797e-01
5.515122e-01
5.515661e-01
5.516678e-01
5.517385e-01
5.520480e-01
5.521055e-01
5.521402e-01
5.522031e-01
5.522633e-01
5.524463e-01
5.525191e-01
5.525809e-01
5.527339e-01
5.530974e-01
5.533175e-01
5.533848e-01
5.535953e-01
5.537012e-01
5.537634e-01
5.538921e-01
5.541626e-01
5.543007e-01
5.543071e-01
5.543714e-01
5.544090e-01
5.545130e-01
5.548398e-01
5.549407e-01
5.549843e-01
5.550496e-01
5.551539e-01
5.553656e-01
5.554335e-01
5.555372e-01
5.556976e-01
5.558674e-01
5.561921e-01
5.563055e-01
5.564110e-01
5.564909e-01
5.565868e-01
5.567274e-01
5.567875e-01
5.567928e-01
5.569165e-01
5.570769e-01
5.572078e-01
5.573088e-01
5.573246e-01
5.574210e-01
5.575198e-01
5.577974e-01
5.578544e-01
5.581598e-01
5.581618e-01
5.582338e-01
5.584302e-01
5.584951e-01
5.587955e-01
5.587964e-01
5.589789e-01
5.589859e-01
5.592113e-01
5.595746e-01
5.596111e-01
5.596608e-01
5.598947e-01
5.600723e-01
5.603301e-01
5.604102e-01
5.608387e-01
5.608401e-01
5.610244e-01
5.610552e-01
5.615450e-01
5.616015e-01
5.616825e-01
5.617523e-01
5.619159e-01
5.619991e-01
5.621713e-01
5.622915e-01
5.626689e-01
5.626703e-01
5.626894e-01
5.628496e-01
5.630749e-01
5.633076e-01
5.633411e-01
5.636016e-01
5.636701e-01
5.639323e-01
5.639614e-01
5.643203e-01
5.644922e-01
5.647531e-01
5.648267e-01
5.648801e-01
5.648926e-01
5.649642e-01
5.652616e-01
5.653301e-01
5.654910e-01
5.656261e-01
5.656829e-01
5.657881e-01
5.659758e-01
5.661475e-01
5.662579e-01
5.665164e-01
5.666385e-01
5.668051e-01
5.669061e-01
5.670458e-01
5.672773e-01
5.675068e-01
5.676795e-01
5.679235e-01
5.680091e-01
5.680353e-01
5.681047e-01
5.683810e-01
5.684700e-01
5.684993e-01
5.687098e-01
5.687514e-01
5.688867e-01
5.692350e-01
5.692802e-01
5.694774e-01
5.695634e-01
5.698155e-01
5.698444e-01
5.699420e-01
5.703096e-01
5.704689e-01
5.705707e-01
5.706951e-01
5.708533e-01
5.710254e-01
5.712890e-01
5.713459e-01
5.715061e-01
5.717793e-01
5.718852e-01
5.719852e-01
5.721998e-01
5.725451e-01
5.725851e-01
5.728031e-01
5.729169e-01
5.730133e-01
5.732413e-01
5.734158e-01
5.734664e-01
5.736366e-01
5.740036e-01
5.742443e-01
5.742745e-01
5.743078e-01
5.743460e-01
5.746857e-01
5.749305e-01
5.750304e-01
5.751910e-01
5.752400e-01
5.753998e-01
5.756575e-01
5.757867e-01
5.758181e-01
5.761642e-01
5.762241e-01
5.763745e-01
5.766400e-01
5.767962e-01
5.770311e-01
5.772709e-01
5.775179e-01
5.775357e-01
5.779525e-01
5.781282e-01
5.782465e-01
5.783408e-01
5.786072e-01
5.789217e-01
5.789465e-01
5.791265e-01
5.792293e-01
5.792372e-01
5.795735e-01
5.796383e-01
5.796876e-01
5.798021e-01
5.798498e-01
5.800463e-01
5.802982e-01
5.804330e-01
5.804601e-01
5.808052e-01
5.810032e-01
5.812358e-01
5.813645e-01
5.815712e-01
5.818493e-01
5.819878e-01
5.820194e-01
5.822724e-01
5.825985e-01
5.826868e-01
5.826917e-01
5.831077e-01
5.832205e-01
5.832628e-01
5.834814e-01
5.838119e-01
5.840200e-01
5.843788e-01
5.844599e-01
5.845655e-01
5.846479e-01
5.846576e-01
5.846893e-01
5.848399e-01
5.852498e-01
5.852785e-01
5.855081e-01
5.855492e-01
5.859060e-01
5.863895e-01
5.865248e-01
5.871984e-01
5.873509e-01
5.874646e-01
5.874926e-01
5.878797e-01
5.879395e-01
5.879910e-01
5.880441e-01
5.881337e-01
5.885763e-01
5.887538e-01
5.889282e-01
5.890465e-01
5.890519e-01
5.891058e-01
5.894796e-01
5.900905e-01
5.901806e-01
5.902623e-01
5.902775e-01
5.906081e-01
5.910031e-01
5.912323e-01
5.912448e-01
5.914321e-01
5.915707e-01
5.916632e-01
5.916865e-01
5.923910e-01
5.924344e-01
5.926100e-01
5.927715e-01
5.928114e-01
5.930019e-01
5.930297e-01
5.935607e-01
5.942718e-01
5.944153e-01
5.944544e-01
5.946931e-01
5.948945e-01
5.949195e-01
5.952277e-01
5.953530e-01
5.956089e-01
5.961532e-01
5.963481e-01
5.964768e-01
5.966602e-01
5.967978e-01
5.970377e-01
5.976846e-01
5.978785e-01
5.979015e-01
5.980531e-01
5.981300e-01
5.986542e-01
5.987396e-01
5.990683e-01
5.991088e-01
5.992189e-01
5.992216e-01
5.995766e-01
5.995910e-01
5.999065e-01
5.999582e-01
6.000471e-01
6.004495e-01
6.008036e-01
6.010287e-01
6.010443e-01
6.011078e-01
6.012150e-01
6.013294e-01
6.017515e-01
6.017917e-01
6.018575e-01
6.018607e-01
6.020086e-01
6.021985e-01
6.034026e-01
6.034980e-01
6.040124e-01
6.041415e-01
6.042647e-01
6.045476e-01
6.051339e-01
6.054979e-01
6.056405e-01
6.059140e-01
6.064980e-01
6.065242e-01
6.066269e-01
6.067095e-01
6.067836e-01
6.068069e-01
6.069696e-01
6.070171e-01
6.070651e-01
6.071115e-01
6.071629e-01
6.076308e-01
6.076988e-01
6.079226e-01
6.079634e-01
6.080175e-01
6.081105e-01
6.086958e-01
6.089366e-01
6.090855e-01
6.091369e-01
6.096311e-01
6.099428e-01
6.099571e-01
6.107097e-01
6.107348e-01
6.107906e-01
6.112500e-01
6.113729e-01
6.114100e-01
6.115549e-01
6.115742e-01
6.116074e-01
6.116275e-01
6.117607e-01
6.122161e-01
6.130972e-01
6.131738e-01
6.135254e-01
6.136340e-01
6.137216e-01
6.141400e-01
6.144917e-01
6.146461e-01
6.148650e-01
6.150982e-01
6.151751e-01
6.152093e-01
6.152115e-01
6.153727e-01
6.161645e-01
6.162744e-01
6.164237e-01
6.166184e-01
6.170293e-01
6.173914e-01
6.174378e-01
6.174663e-01
6.184185e-01
6.185377e-01
6.185417e-01
6.185617e-01
6.189558e-01
6.192942e-01
6.194369e-01
6.195037e-01
6.207406e-01
6.208378e-01
6.215327e-01
6.215793e-01
6.215794e-01
6.216443e-01
6.218638e-01
6.221301e-01
6.224864e-01
6.226772e-01
6.227739e-01
6.231114e-01
6.233807e-01
6.237360e-01
6.238921e-01
6.250757e-01
6.251042e-01
6.251861e-01
6.255803e-01
6.256822e-01
6.258008e-01
6.258493e-01
6.260802e-01
6.260989e-01
6.263781e-01
6.264036e-01
6.265123e-01
6.269362e-01
6.273322e-01
6.276952e-01
6.280900e-01
6.281164e-01
6.282066e-01
6.284360e-01
6.292464e-01
6.293350e-01
6.295783e-01
6.298721e-01
6.300597e-01
6.305204e-01
6.311260e-01
6.316134e-01
6.316280e-01
6.321342e-01
6.323249e-01
6.326898e-01
6.328435e-01
6.328911e-01
6.331424e-01
6.331977e-01
6.337139e-01
6.337812e-01
6.345016e-01
6.359448e-01
6.359780e-01
6.360119e-01
6.362081e-01
6.362331e-01
6.375350e-01
6.375532e-01
6.382622e-01
6.382900e-01
6.383068e-01
6.383881e-01
6.389370e-01
6.389795e-01
6.390669e-01
6.392670e-01
6.393445e-01
6.395803e-01
6.408898e-01
6.409596e-01
6.411291e-01
6.415664e-01
6.422007e-01
6.423197e-01
6.423636e-01
6.424364e-01
6.430003e-01
6.432032e-01
6.435251e-01
6.436363e-01
6.462666e-01
6.463441e-01
6.464060e-01
6.466789e-01
6.475889e-01
6.475931e-01
6.485294e-01
6.486190e-01
6.489814e-01
6.491058e-01
6.493513e-01
6.494305e-01
6.509449e-01
6.510468e-01
6.523666e-01
6.523675e-01
6.529848e-01
6.530136e-01
6.567039e-01
6.568533e-01
6.574323e-01
6.575238e-01
6.575666e-01
6.576598e-01
6.579718e-01
6.579752e-01
6.593007e-01
6.593221e-01
6.597764e-01
6.601593e-01
6.614732e-01
6.616272e-01
6.627794e-01
6.628357e-01
6.629630e-01
6.630085e-01
6.634880e-01
6.635303e-01
6.639008e-01
6.639162e-01
6.643900e-01
6.643963e-01
6.645038e-01
6.646942e-01
6.657236e-01
6.657311e-01
6.662128e-01
6.662592e-01
6.662733e-01
6.664816e-01
6.674662e-01
6.674967e-01
6.677328e-01
6.677680e-01
6.683073e-01
6.683131e-01
6.715527e-01
6.715536e-01
6.729642e-01
6.730055e-01
6.739535e-01
6.739686e-01
6.741645e-01
6.741772e-01
6.742039e-01
6.742151e-01
6.762843e-01
6.762860e-01
6.774116e-01
6.774233e-01
6.780780e-01
6.781099e-01
6.786958e-01
6.787110e-01
6.789732e-01
6.790262e-01
6.797746e-01
6.797774e-01
6.837795e-01
6.838907e-01
6.842893e-01
6.843062e-01
6.851278e-01
6.851701e-01
6.856978e-01
6.858196e-01
6.865789e-01
6.865848e-01
6.871941e-01
6.871981e-01
6.879300e-01
6.879352e-01
6.879437e-01
6.880211e-01
6.887169e-01
6.887230e-01
6.910623e-01
6.912081e-01
6.928037e-01
6.928258e-01
6.928831e-01
6.929786e-01
6.936454e-01
6.936650e-01
6.951947e-01
6.951963e-01
6.968225e-01
6.968726e-01
6.968737e-01
6.968810e-01
6.980119e-01
6.980308e-01
6.997571e-01
6.997572e-01
7.003827e-01
7.004430e-01
7.015385e-01
7.015426e-01
7.028602e-01
7.028666e-01
7.036145e-01
7.036216e-01
7.060399e-01
7.060407e-01
7.066598e-01
7.066689e-01
7.080521e-01
7.081073e-01
7.091499e-01
7.091542e-01
7.104593e-01
7.104726e-01
7.120551e-01
7.121114e-01
7.134550e-01
7.134822e-01
7.151849e-01
7.151931e-01
7.153637e-01
7.153697e-01
7.169091e-01
7.169449e-01
7.173966e-01
7.173969e-01
7.186679e-01
7.186716e-01
7.194947e-01
7.195000e-01
7.200991e-01
7.201011e-01
7.204963e-01
7.204971e-01
7.275420e-01
7.275566e-01
7.295818e-01
7.295824e-01
7.307666e-01
7.307836e-01
7.313612e-01
7.313662e-01
7.349138e-01
7.349258e-01
7.375058e-01
7.375191e-01
7.462281e-01
7.462353e-01
7.464201e-01
7.464293e-01
7.467825e-01
7.467938e-01
7.489521e-01
7.489617e-01
7.491268e-01
7.491300e-01
7.515413e-01
7.515525e-01
7.520147e-01
7.520150e-01
7.524139e-01
7.524224e-01
7.536520e-01
7.536640e-01
7.541333e-01
7.541411e-01
7.583052e-01
7.583064e-01
7.608472e-01
7.608483e-01
7.616343e-01
7.616346e-01
7.641024e-01
7.641025e-01
7.701909e-01
7.701911e-01
7.732988e-01
7.733010e-01
7.751370e-01
7.751393e-01
7.760958e-01
7.760963e-01
7.781974e-01
7.781975e-01
7.837820e-01
7.837826e-01
7.850560e-01
7.850561e-01
7.924747e-01
7.924761e-01
7.925963e-01
7.925965e-01
7.942696e-01
7.942711e-01
8.030986e-01
8.030988e-01
8.060950e-01
8.060951e-01
8.074994e-01
8.074994e-01
8.096022e-01
8.096023e-01
8.160536e-01
8.160543e-01
8.173609e-01
8.173616e-01
8.196234e-01
8.196249e-01
8.209863e-01
8.209879e-01
8.565405e-01
8.565406e-01
8.575851e-01
8.575852e-01
8.602821e-01
8.602822e-01
8.651625e-01
8.651626e-01
8.900972e-01
8.900972e-01
8.910669e-01
8.910669e-01
8.961397e-01
8.961399e-01
8.968411e-01
8.968412e-01
9.054017e-01
9.054018e-01
9.062754e-01
9.062755e-01
9.310128e-01
9.310128e-01
9.316246e-01
9.316246e-01
9.994919e-01
9.994919e-01
1.000000e+00
1.000000e+00
