# sorted relative singular values (hessian) field=gauss_ch eps=1 N=16 n=8192
2.528877177179897083e-05
2.956821750172326527e-05
3.550050720691258748e-05
3.939321224494128821e-05
4.492841441300730870e-05
4.821183375187093189e-05
5.015234724742220616e-05
5.510042115543358426e-05
5.878456130150837023e-05
6.211611810462105325e-05
6.327235228657481685e-05
6.729274100291036368e-05
7.027437882851145961e-05
7.367309934291387040e-05
7.745431288880771188e-05
8.407459405186218067e-05
8.785627163933196616e-05
9.408003963645374015e-05
9.920078679420403327e-05
1.016289419528143562e-04
1.098224740839841399e-04
1.102620976068413740e-04
1.113881886662219256e-04
1.175694363539867422e-04
1.192546750534616772e-04
1.216872690259258199e-04
1.258833014118005756e-04
1.318766734924067645e-04
1.341035364969942910e-04
1.406333158498142191e-04
1.468503263521755270e-04
1.490427921423215186e-04
1.536094222257612977e-04
1.555653235825540405e-04
1.572035352494105141e-04
1.671894209345601992e-04
1.698717437498369325e-04
1.723809109670774336e-04
1.818633015203486908e-04
1.827131692628195371e-04
1.857813409705779599e-04
1.871406038973173801e-04
1.918717614331311530e-04
1.976286453010441663e-04
2.003458986522389611e-04
2.072205177124569547e-04
2.117351637778573290e-04
2.169003589677107676e-04
2.227230323893509146e-04
2.258859289931573538e-04
2.303916711172488340e-04
2.320534720304449189e-04
2.345072489558289706e-04
2.360548775426387616e-04
2.452313293978771358e-04
2.495510403901499748e-04
2.547110567806368004e-04
2.580165214296067586e-04
2.617789561599735714e-04
2.635454800116121218e-04
2.700999401133543417e-04
2.764359894388544758e-04
2.813471846276789645e-04
2.833818256409153667e-04
2.844639535041996862e-04
2.889023431670804248e-04
2.932461707475532940e-04
2.962004993882165330e-04
3.006872534654695360e-04
3.046057803491991601e-04
3.059546363554061323e-04
3.112949712932244436e-04
3.145828739233047532e-04
3.186283674155239486e-04
3.240421621823215263e-04
3.251731192241085031e-04
3.298784638782009085e-04
3.316100750509765873e-04
3.346393507389545008e-04
3.428843205572894856e-04
3.468072826375309214e-04
3.495647680913291084e-04
3.512125966591954102e-04
3.559999850563288961e-04
3.586600983244853926e-04
3.618530470386099114e-04
3.628853443242428573e-04
3.657652475573763915e-04
3.707286063906397602e-04
3.741797193330931282e-04
3.780172838062115736e-04
3.812762904601788580e-04
3.857633136730838309e-04
3.889516133962983373e-04
3.927108376459874026e-04
3.934205377848946981e-04
3.987241980072788535e-04
4.053133457876457774e-04
4.057631261292052359e-04
4.110725999699936192e-04
4.125838286734675227e-04
4.138138769888315615e-04
4.206044089071965010e-04
4.231098958061132250e-04
4.270431230744813761e-04
4.298149319553880125e-04
4.323217627236567990e-04
4.390865751534890615e-04
4.411770980631291310e-04
4.438649982100137024e-04
4.480667325837224741e-04
4.524447372542046058e-04
4.538859987520306319e-04
4.567700727474374202e-04
4.589820077176020880e-04
4.608202192017486808e-04
4.635680528483969681e-04
4.685408995406021996e-04
4.704383797130788484e-04
4.751043935388268077e-04
4.769789751908921492e-04
4.825251130375380216e-04
4.850712381287435623e-04
4.880922675194968182e-04
4.892793221415192052e-04
4.935462675227796255e-04
4.974595342390209776e-04
4.990223580097782972e-04
5.049368009690682977e-04
5.052056838932127841e-04
5.123532493435801853e-04
5.130597547839718230e-04
5.165419512608549445e-04
5.194920766975096504e-04
5.223413016926302475e-04
5.224326400355025447e-04
5.273927106785854333e-04
5.310347056939420827e-04
5.357174345048475823e-04
5.388076136198463205e-04
5.434562540684403269e-04
5.448896535369226113e-04
5.476659845706889976e-04
5.486322739075123007e-04
5.509168401048894449e-04
5.516578935391068484e-04
5.566317792144512408e-04
5.588942705749244374e-04
5.608537421473053534e-04
5.666021177191990065e-04
5.677189397875119590e-04
5.687506463594413668e-04
5.717937339056967591e-04
5.720216846396521853e-04
5.748024509549020181e-04
5.816049777927119208e-04
5.853343315844402065e-04
5.866375407468880096e-04
5.910897142672820849e-04
5.939432774764723429e-04
5.976410083937046692e-04
6.026198562466834581e-04
6.042219844890797231e-04
6.079875215125914037e-04
6.121358984141713790e-04
6.129608002636709359e-04
6.138202066255317359e-04
6.187927365654017232e-04
6.206291911963450350e-04
6.239887149703162578e-04
6.253065317951444395e-04
6.269783204448600320e-04
6.286529576668315215e-04
6.330496707626545160e-04
6.367427171306479792e-04
6.368504710617921153e-04
6.411224097724805334e-04
6.423434186081139648e-04
6.470061935946666565e-04
6.516726006821184705e-04
6.536719331277226434e-04
6.558166024808062761e-04
6.609353249135076387e-04
6.626234779547101944e-04
6.660738655652903312e-04
6.708242719653962618e-04
6.731585517042310007e-04
6.749899243581763443e-04
6.763488721575002015e-04
6.784190012041960149e-04
6.802807738422056048e-04
6.839136676375172884e-04
6.869508295738466566e-04
6.886902141187822152e-04
6.940188902721970221e-04
6.960625550105944536e-04
6.986324210244138208e-04
7.036067769626040214e-04
7.045305573115807603e-04
7.057328327166559768e-04
7.083497807640546902e-04
7.112408967569376151e-04
7.148800299081040826e-04
7.175587378493557007e-04
7.227208595857538597e-04
7.232787707548425952e-04
7.247587172174831463e-04
7.265012705099070656e-04
7.303643576381697866e-04
7.332062405080291010e-04
7.347648162743370239e-04
7.354646907322357494e-04
7.419790557441557433e-04
7.441080193806406994e-04
7.482756438719880216e-04
7.504158186580234691e-04
7.507811161106327799e-04
7.525948726288346274e-04
7.542312007986055628e-04
7.569509249390696118e-04
7.594818735297183959e-04
7.639963904179040283e-04
7.682861470893308101e-04
7.713618696741329772e-04
7.727261377951134824e-04
7.745131547530381862e-04
7.761713723698851226e-04
7.780102681480716587e-04
7.792284563249540340e-04
7.802114589579830020e-04
7.847644937984656283e-04
7.879829049349551008e-04
7.910503855592655688e-04
7.947233761268854974e-04
7.971905490279806604e-04
8.005389981552516474e-04
8.009688768328266078e-04
8.029521113845320291e-04
8.064244419465967529e-04
8.085864599339140065e-04
8.113526796383653279e-04
8.126130899837292424e-04
8.166140625149193597e-04
8.191395485074044053e-04
8.209328497944274466e-04
8.237703449218476302e-04
8.256150453009005385e-04
8.293384321414907709e-04
8.326584403570175697e-04
8.337142061212909818e-04
8.373240028856651987e-04
8.398425651814973468e-04
8.426305363941731389e-04
8.440119820929337579e-04
8.464410910563471098e-04
8.487320869265067283e-04
8.497677183100463966e-04
8.527943205037078096e-04
8.563498321309316076e-04
8.612520793525826239e-04
8.626145903617143127e-04
8.643165592730740971e-04
8.663081833031529167e-04
8.695864218986312571e-04
8.730544200004683843e-04
8.757476999529926641e-04
8.774517814139597008e-04
8.778720257021526731e-04
8.806949378506978262e-04
8.841103145304765511e-04
8.869813327671592163e-04
8.882033983074295262e-04
8.884901653694318247e-04
8.929102421517861590e-04
8.950774986376026530e-04
8.990093677652186534e-04
9.017001120318082720e-04
9.025388170371091224e-04
9.060118067200653930e-04
9.070563359552881628e-04
9.115535678291430315e-04
9.183482343744180229e-04
9.198205147334754736e-04
9.208120735680354720e-04
9.227961716067925027e-04
9.244664635984814168e-04
9.264927791222620466e-04
9.273021568367390910e-04
9.298861360474896740e-04
9.316182894213626865e-04
9.355597950106371618e-04
9.371278725761642654e-04
9.425252448178197094e-04
9.440459115284338069e-04
9.456953849362313052e-04
9.476194925939382093e-04
9.518623033342048017e-04
9.531418191444306857e-04
9.544532632429347926e-04
9.578529313999699845e-04
9.593340499254083718e-04
9.608578492958123538e-04
9.635752556795805241e-04
9.680379459031618295e-04
9.691967343109000313e-04
9.724414914586603301e-04
9.758248216085549809e-04
9.770860089620585828e-04
9.790544305890891592e-04
9.812578555369699633e-04
9.836095570847033266e-04
9.861412988485217246e-04
9.883621625255531364e-04
9.892045195928540237e-04
9.919398589536727873e-04
9.958325706341960258e-04
9.964647301979304064e-04
9.994954000126618672e-04
1.001682426497925134e-03
1.003757918517978994e-03
1.004658853760638862e-03
1.007461655732479243e-03
1.012231516172400333e-03
1.013108700405106720e-03
1.015317988553370845e-03
1.018077000940936609e-03
1.019673220359506270e-03
1.021932536700616810e-03
1.024173265531168201e-03
1.025479411924297771e-03
1.029168614760983666e-03
1.031370946711606664e-03
1.033423890831608244e-03
1.034505177437042723e-03
1.039754422555560142e-03
1.041235938689355793e-03
1.045495275433986617e-03
1.047012815723359028e-03
1.048887025674229536e-03
1.051165853016443243e-03
1.055512662651855900e-03
1.057438471285851878e-03
1.057634634135911104e-03
1.060044422382354140e-03
1.064482233258756986e-03
1.066056652443641986e-03
1.067468461948217328e-03
1.069023109226188315e-03
1.070793614767106151e-03
1.073839343090751599e-03
1.076426664087572161e-03
1.078890222693863017e-03
1.081127821076570319e-03
1.082968403289854544e-03
1.085998770426602634e-03
1.088288830731372770e-03
1.092064620823597620e-03
1.094418168554730716e-03
1.095459862624820983e-03
1.098204754398530601e-03
1.099505869622816653e-03
1.100707269002603643e-03
1.102565685899125703e-03
1.104131617155004351e-03
1.105421857055470742e-03
1.108649136649679165e-03
1.109954238755070854e-03
1.114733164053785877e-03
1.116032782468493519e-03
1.119256071091938006e-03
1.119747486827338137e-03
1.121341086750666420e-03
1.123307481513236223e-03
1.125632553623349746e-03
1.128339609069488325e-03
1.130512616891774175e-03
1.132760898728698467e-03
1.134089877924383165e-03
1.135166364956307966e-03
1.138838377228946954e-03
1.139416625297773279e-03
1.142528126482109151e-03
1.143619853408626335e-03
1.144129919230556063e-03
1.148169955936261671e-03
1.150749850400584759e-03
1.152259211104812112e-03
1.156898599960416805e-03
1.157560668385447002e-03
1.160054217316520454e-03
1.161439857690468565e-03
1.164428329241060101e-03
1.166204900551035331e-03
1.167514338709534300e-03
1.169332355967163872e-03
1.171287034306649774e-03
1.175333969338451280e-03
1.177152762979432775e-03
1.180424449268909414e-03
1.180979515410196697e-03
1.184487723839840840e-03
1.185816023874538975e-03
1.187123781497582574e-03
1.192140159197966395e-03
1.192672350090910128e-03
1.195247326002708528e-03
1.195855002333394987e-03
1.197519116249455562e-03
1.201211015550555407e-03
1.204747764349249194e-03
1.206347228393569657e-03
1.207260038507760713e-03
1.208227482844808059e-03
1.210745147641795758e-03
1.211644414907705851e-03
1.214755812638338003e-03
1.218373389803735756e-03
1.219283176884033504e-03
1.221346506441248420e-03
1.225419727064108733e-03
1.226320623463440307e-03
1.228472573727867499e-03
1.229775242269171964e-03
1.231805328259640486e-03
1.232807635500903680e-03
1.234906404970654041e-03
1.237760379132407402e-03
1.239738055873918117e-03
1.242719025848280099e-03
1.245327089670533868e-03
1.246616939369685857e-03
1.251815564290588738e-03
1.253118709288645076e-03
1.254418244699186677e-03
1.255442899074448414e-03
1.257053147038277117e-03
1.260915957729170532e-03
1.263364055290315405e-03
1.264292821958305215e-03
1.265827390197625697e-03
1.268999905793891103e-03
1.269930933842194822e-03
1.272655059539989182e-03
1.273150188889918483e-03
1.276178418533743027e-03
1.280152094081098927e-03
1.281205923500738225e-03
1.285338890128915907e-03
1.286559676739668263e-03
1.288898295398735547e-03
1.290987910717224241e-03
1.293315531337851064e-03
1.295365593652061031e-03
1.296921826326709022e-03
1.299864277497961426e-03
1.301314603488430916e-03
1.304276986291699183e-03
1.306385320819207323e-03
1.307752259024939001e-03
1.310190021091531655e-03
1.313094048583886590e-03
1.314288704881652441e-03
1.316344258741329468e-03
1.317667620798803653e-03
1.318336369597604505e-03
1.320991239388942355e-03
1.325403532436326319e-03
1.326540675390253457e-03
1.329560701266766691e-03
1.329759326076663519e-03
1.331549093935632290e-03
1.334061836170230379e-03
1.337406003117147350e-03
1.339589219215265269e-03
1.342282415660295009e-03
1.344641849352020942e-03
1.345901609273681679e-03
1.348364126588198590e-03
1.351011783542817053e-03
1.352909888801291692e-03
1.354885813235582725e-03
1.356196838321605327e-03
1.357400370747840340e-03
1.359018159500295381e-03
1.359704478084048469e-03
1.365130945025588155e-03
1.367374183513190948e-03
1.367886066417183834e-03
1.370371935799560240e-03
1.370862990377137540e-03
1.372566931843807606e-03
1.375078911003107217e-03
1.377281016701486930e-03
1.380668486905221263e-03
1.382397756649794522e-03
1.383893134777182442e-03
1.385020914851589277e-03
1.387491370837442162e-03
1.391809143557048989e-03
1.393723937621884354e-03
1.395823613665226519e-03
1.396603602820961935e-03
1.397786115865764719e-03
1.399607468143474918e-03
1.403933284902015395e-03
1.404429791074502786e-03
1.405227805796046853e-03
1.409298048702310431e-03
1.410109134374953541e-03
1.412353909707462661e-03
1.414037675599775926e-03
1.415714401843042340e-03
1.418298137729276246e-03
1.419754103899303508e-03
1.423892198346238258e-03
1.425030047690863284e-03
1.430039282557544122e-03
1.431233778920851067e-03
1.432342133399359344e-03
1.433190769158553673e-03
1.436553032346718104e-03
1.438194454710833067e-03
1.439480996293432229e-03
1.440548616646020533e-03
1.443165186624129938e-03
1.445363257379646315e-03
1.448505419588494263e-03
1.450283782541400513e-03
1.453061449357447368e-03
1.455802372786252135e-03
1.458358004851355522e-03
1.458854908589215680e-03
1.459239446747273268e-03
1.460551027713152990e-03
1.461819493030886135e-03
1.464628669484280450e-03
1.465689663146531665e-03
1.466920857821929838e-03
1.469991700347776436e-03
1.473115913106578297e-03
1.473933886825897627e-03
1.477878016770062730e-03
1.478991423951768686e-03
1.480599561878742729e-03
1.481450989514228192e-03
1.483354731114252568e-03
1.484869249871286411e-03
1.486439928321398691e-03
1.489589632790076779e-03
1.490699480750974897e-03
1.493925075520909519e-03
1.496360630766776448e-03
1.498279959981697797e-03
1.498981836371369872e-03
1.499426263964576860e-03
1.503470804497976506e-03
1.505296335734367759e-03
1.506906781643328318e-03
1.507425106874899076e-03
1.510974879763752081e-03
1.514475866785354365e-03
1.514895756664313715e-03
1.518802552120540779e-03
1.519094146345984289e-03
1.522115439185209350e-03
1.524076069389486855e-03
1.526522471171132701e-03
1.528905313977663204e-03
1.530970409900086083e-03
1.532038070793542359e-03
1.533140291672590704e-03
1.538303045586069838e-03
1.540536192936483965e-03
1.542492976411820229e-03
1.546263387615679982e-03
1.546623660670680064e-03
1.548353386842431928e-03
1.549489440203476566e-03
1.550029301768204902e-03
1.552343604988032626e-03
1.555286056402139594e-03
1.556666298390632251e-03
1.558730016337119516e-03
1.559158359737981316e-03
1.561223353910967193e-03
1.565077178520517384e-03
1.566931126744091057e-03
1.569419203498639880e-03
1.570434835224548053e-03
1.572746281645342331e-03
1.575260871496429694e-03
1.576398071958147896e-03
1.579244742095831447e-03
1.579944453902042047e-03
1.581870180788379036e-03
1.584656615687918008e-03
1.585216698588007940e-03
1.587839518466256216e-03
1.589713200120835678e-03
1.591646119942216261e-03
1.592713028192432921e-03
1.595369254763164034e-03
1.596954920958956704e-03
1.599674844306753782e-03
1.600441405402216110e-03
1.602257300438771678e-03
1.603977996471583119e-03
1.605443286357509120e-03
1.607239926193098668e-03
1.607811505239326727e-03
1.612802216590789126e-03
1.616012371948208782e-03
1.617149209731435144e-03
1.620254746106487148e-03
1.621106344031647334e-03
1.624596348650704080e-03
1.626613536543126178e-03
1.629035957523080821e-03
1.631722500018137735e-03
1.632993763150334711e-03
1.633324996285964986e-03
1.635300258959115557e-03
1.638193950238465415e-03
1.638862745923254632e-03
1.640959005577583094e-03
1.643212291403370199e-03
1.646850784364827913e-03
1.647918242684880607e-03
1.650047047276455726e-03
1.651226156101074771e-03
1.652295635174953889e-03
1.653845141434280661e-03
1.657037741530694363e-03
1.658418665288627402e-03
1.660879183860770663e-03
1.663321817647571118e-03
1.664331770632354601e-03
1.669037210000427155e-03
1.669788186359357591e-03
1.671260235548070999e-03
1.674425348036463583e-03
1.675133427934050265e-03
1.676995796795697916e-03
1.677515096247469278e-03
1.680031870083639484e-03
1.681261950024758815e-03
1.684854853896685083e-03
1.685770118384068020e-03
1.687058460800003800e-03
1.690414647889055665e-03
1.692563263685969771e-03
1.694133790242271370e-03
1.695266648330555652e-03
1.695823559614227953e-03
1.699297017021826010e-03
1.700300548847035170e-03
1.702128514373217648e-03
1.705550992434491262e-03
1.707466977030026910e-03
1.708521905180301111e-03
1.710362021111310393e-03
1.711917468614176409e-03
1.713505714804030135e-03
1.714045320179997728e-03
1.717953901160004185e-03
1.720561190388839685e-03
1.722784348864225693e-03
1.724076565578242176e-03
1.725960433114612658e-03
1.727546968100197389e-03
1.728469460211640336e-03
1.730092248817857942e-03
1.731772356190838672e-03
1.734043403399346045e-03
1.737019652866504367e-03
1.739072452587607509e-03
1.741799261065455750e-03
1.742831235821893938e-03
1.745696555646719965e-03
1.746617400079320806e-03
1.749306243141047611e-03
1.750941442804540863e-03
1.752949386459220268e-03
1.754537316400819414e-03
1.755578467797314383e-03
1.757500701835251755e-03
1.760923972626974796e-03
1.762640927420252570e-03
1.765238058830492047e-03
1.765933264141096061e-03
1.768543676270633485e-03
1.770173710550423073e-03
1.772119572413103630e-03
1.773196495547575084e-03
1.773732389856586119e-03
1.776884605146089547e-03
1.778833992630183408e-03
1.781160901441323227e-03
1.783319943187397115e-03
1.784829830780585965e-03
1.785776647949604114e-03
1.788850279015634414e-03
1.789105054926930227e-03
1.790114194297687950e-03
1.793463692269749252e-03
1.795558183436524700e-03
1.797647998502428400e-03
1.799754715274650904e-03
1.800705518028842579e-03
1.802271486398296678e-03
1.805517867028010341e-03
1.807394855902117554e-03
1.808608615206329416e-03
1.810857057352889500e-03
1.812535737915355874e-03
1.815731449297426853e-03
1.817397685934956514e-03
1.817946919564243516e-03
1.822177479819409376e-03
1.822933954574528686e-03
1.826273361420637778e-03
1.826571365554426497e-03
1.828389390508788209e-03
1.831430069422927687e-03
1.833134946237110303e-03
1.833482448593299653e-03
1.834452068920047274e-03
1.837180076942429531e-03
1.839186228329970849e-03
1.841318742242672481e-03
1.842466713082524738e-03
1.847368978292754371e-03
1.847967656298863184e-03
1.848485730803698344e-03
1.851725197249705964e-03
1.852073162073202819e-03
1.853931870167929968e-03
1.856410881719863532e-03
1.856482156993721853e-03
1.859012691630589770e-03
1.861018039788307071e-03
1.861809966363833432e-03
1.864080303046791601e-03
1.865466191563820014e-03
1.868602080457446067e-03
1.869888087972665066e-03
1.871448700675325000e-03
1.872713508016923475e-03
1.875588820682567342e-03
1.876979628127006328e-03
1.878664708988706878e-03
1.880796427658977359e-03
1.882886884134848948e-03
1.885155283949254638e-03
1.886839076421008158e-03
1.888172760967128530e-03
1.891228398789734314e-03
1.894304963834710911e-03
1.895294268488067341e-03
1.896182727301195560e-03
1.898280923720752468e-03
1.900265645075155775e-03
1.902956056565416115e-03
1.904947186587679052e-03
1.906879892643339883e-03
1.909022991191107509e-03
1.910620102770732055e-03
1.912663388282040628e-03
1.914641340930537620e-03
1.916735289157749751e-03
1.917428686237637996e-03
1.919326938484174332e-03
1.919916989090176542e-03
1.922439372129728253e-03
1.923481153283019413e-03
1.925359296974633221e-03
1.927301503765621203e-03
1.929820710868985914e-03
1.932261472513598999e-03
1.932388866378948345e-03
1.935670116981317223e-03
1.937553001543512558e-03
1.938579592217886879e-03
1.939989167638332722e-03
1.941316872429621173e-03
1.943455682732182820e-03
1.946453475585687267e-03
1.947871627204645099e-03
1.950510033226872560e-03
1.953382291490128944e-03
1.955116189449144105e-03
1.955620395132117492e-03
1.956908058856328923e-03
1.959082501735570636e-03
1.961272531012281037e-03
1.962632437208337854e-03
1.964061997978544007e-03
1.965106322272862794e-03
1.967609824196175222e-03
1.968114462114207552e-03
1.969497658005879559e-03
1.971619201925355318e-03
1.974574057186198259e-03
1.977183243627993626e-03
1.979298275068611113e-03
1.980702048943347188e-03
1.983056818502043454e-03
1.986954220630850806e-03
1.987856489661900088e-03
1.990225203056873379e-03
1.991333217844690282e-03
1.992431194507452048e-03
1.993733869042490017e-03
1.995356216534821536e-03
1.996656702130315993e-03
1.998921686255303309e-03
2.000574407629989414e-03
2.002985995974902039e-03
2.007089383020888972e-03
2.009016540523018025e-03
2.009925243013648780e-03
2.011106648148089805e-03
2.013297962524923743e-03
2.016037834422696774e-03
2.018404007691578395e-03
2.020729465371786434e-03
2.022023393958144715e-03
2.023438683407363919e-03
2.024956116514791803e-03
2.028009263844110510e-03
2.029316557655592469e-03
2.031867760025879606e-03
2.033522447385642268e-03
2.036620938781927900e-03
2.037274482175077152e-03
2.041393208372808878e-03
2.043676703362801508e-03
2.045563199171271732e-03
2.046968920068587862e-03
2.048739092296121209e-03
2.049277806568262222e-03
2.050614163456268135e-03
2.052663114990901493e-03
2.053134809642961044e-03
2.056766475843700617e-03
2.059118609046587441e-03
2.061463651082871135e-03
2.062588126718497422e-03
2.064228575817120531e-03
2.065459914502814145e-03
2.067150519123805378e-03
2.067779933720077876e-03
2.070634886452095771e-03
2.072716305243931315e-03
2.073970641067993895e-03
2.076598683273033017e-03
2.080322088967721111e-03
2.082383516019913582e-03
2.085102484369898493e-03
2.087670554400195260e-03
2.087938171930921009e-03
2.090102005195763890e-03
2.093478964805853878e-03
2.093704686482296407e-03
2.097386856902005211e-03
2.098673241056627468e-03
2.100020105351084378e-03
2.102533378778013041e-03
2.103793034314433309e-03
2.106168719068297803e-03
2.108469890810928029e-03
2.109670732730225574e-03
2.111595393881502466e-03
2.111854265707738612e-03
2.113709922523123938e-03
2.115706607240235709e-03
2.117586824562569126e-03
2.118928658621943399e-03
2.123006414350627358e-03
2.123939571530881251e-03
2.126368052810298243e-03
2.127712661688916686e-03
2.130776525905029618e-03
2.132026097883643438e-03
2.133734127629254799e-03
2.136056791367005672e-03
2.137556501829062771e-03
2.139751535011578075e-03
2.142817821081929430e-03
2.143649221698459579e-03
2.144260691621349430e-03
2.145775134309629330e-03
2.149532739687051199e-03
2.151781740446083533e-03
2.153776247319166923e-03
2.155893658743880063e-03
2.157130475317133467e-03
2.158890769058510566e-03
2.162076683572800983e-03
2.163529417004302589e-03
2.165630992018559298e-03
2.167829644001399540e-03
2.170554685037326664e-03
2.173758287396790854e-03
2.175175855921326114e-03
2.176286401205887889e-03
2.177252135184185207e-03
2.178412119077953023e-03
2.180017882322695614e-03
2.181434829735736606e-03
2.185984903756811332e-03
2.186661622949376878e-03
2.188474669977266956e-03
2.190056178873283493e-03
2.190604902598922762e-03
2.192834152346576602e-03
2.195259538529142906e-03
2.198842734614735693e-03
2.199676492036435702e-03
2.200630160090756918e-03
2.202378743101218207e-03
2.203868208608877020e-03
2.205934210307449080e-03
2.207426613109830446e-03
2.209315193292970061e-03
2.211532596801608561e-03
2.213279576920145625e-03
2.214327142339499437e-03
2.215720854726164861e-03
2.218565308800999128e-03
2.221176649079324630e-03
2.221514214160239409e-03
2.223146577915259114e-03
2.225565439740781210e-03
2.229144925810921593e-03
2.230075088448690412e-03
2.233319281709302689e-03
2.233595130080747500e-03
2.234489118354312121e-03
2.237276614248591075e-03
2.238667139514585389e-03
2.241147732788121606e-03
2.241681807901403038e-03
2.244523247752158203e-03
2.246891037333069354e-03
2.248210421503849237e-03
2.249273707472636448e-03
2.250545405551019913e-03
2.252569960781539669e-03
2.255199070781666818e-03
2.257585398079413504e-03
2.258515131250522171e-03
2.259058723323176948e-03
2.262327289214601227e-03
2.263374701031854817e-03
2.265223951493851827e-03
2.267897910540432171e-03
2.268410129299803287e-03
2.270126663595565565e-03
2.271188247272353574e-03
2.272753718417936438e-03
2.275172440103327264e-03
2.277346196298400249e-03
2.278350470250162761e-03
2.280247785095332932e-03
2.282324811483569648e-03
2.287155230876848806e-03
2.288456765833482912e-03
2.288708375111781022e-03
2.290088240071185173e-03
2.293198550216387840e-03
2.295174159935319414e-03
2.296109659070050442e-03
2.298957476213679945e-03
2.299548987255218765e-03
2.302202722576713028e-03
2.302620706647131449e-03
2.303944703645605802e-03
2.306218095487267035e-03
2.308309431613600471e-03
2.309879971827494272e-03
2.310933509560136965e-03
2.312319576468029741e-03
2.313289112025393359e-03
2.315505052936794091e-03
2.318257158292410212e-03
2.319499471289088958e-03
2.320842901019877242e-03
2.324300286389729270e-03
2.326149855017025075e-03
2.329691661351008299e-03
2.332726410566436561e-03
2.333341167926473569e-03
2.335864247713927925e-03
2.337710056324664339e-03
2.339268630416578565e-03
2.340305339236705556e-03
2.342842555651446657e-03
2.343617519781289286e-03
2.345442851089514502e-03
2.347688730917467295e-03
2.350834672996804115e-03
2.352772451564645421e-03
2.353584376177675092e-03
2.355077184842532031e-03
2.357076199468520310e-03
2.358261441164201475e-03
2.363012324483985092e-03
2.364508161832711702e-03
2.364649922659799175e-03
2.366821341865799413e-03
2.368643013969619869e-03
2.370621782267171452e-03
2.372811041804483330e-03
2.375313062297631020e-03
2.377817416968207309e-03
2.381383456221055229e-03
2.382463017999977839e-03
2.383915753687881542e-03
2.385875307959896274e-03
2.387319457440600749e-03
2.388226014025159310e-03
2.390378958117753833e-03
2.391423843904816413e-03
2.393071572161860946e-03
2.398735769211899401e-03
2.399817627453536880e-03
2.401983282346296412e-03
2.403892863053106333e-03
2.404370418442595969e-03
2.408610881968128569e-03
2.411192655631136557e-03
2.411538988761992817e-03
2.412666622299269783e-03
2.413695275884130634e-03
2.415911271716508421e-03
2.417040740708855870e-03
2.419814074798836995e-03
2.421837238861109312e-03
2.422707966029018136e-03
2.424569805528355940e-03
2.427049384101200632e-03
2.428522368947817409e-03
2.430003844727893995e-03
2.432209915879352240e-03
2.433941956345236739e-03
2.436729463475838329e-03
2.438545121083016305e-03
2.440040767665798641e-03
2.441493486325474124e-03
2.443886524582990910e-03
2.445730270371935904e-03
2.446804495097197087e-03
2.447822179493289695e-03
2.448554935067034141e-03
2.450872277571229663e-03
2.453830951572995474e-03
2.455436866891942422e-03
2.457741424174178253e-03
2.459445725528826461e-03
2.462076455276265147e-03
2.463737978922449310e-03
2.464715215015069686e-03
2.466894924394016485e-03
2.469076080249408851e-03
2.469805869764504173e-03
2.473205505627717234e-03
2.474141478944876828e-03
2.477904740442800346e-03
2.479018302072177968e-03
2.479970736403661752e-03
2.483607494599152955e-03
2.485607734724172915e-03
2.486163685899832592e-03
2.488637675638175322e-03
2.490352033255600027e-03
2.491878197408592833e-03
2.492338678964446490e-03
2.496454392208731585e-03
2.499930584112497554e-03
2.500853373121805084e-03
2.502779405722762793e-03
2.504603019778255200e-03
2.505854129728015290e-03
2.506331240360497661e-03
2.509084035449942861e-03
2.512627854569434230e-03
2.514761405880828419e-03
2.516269066546981698e-03
2.517302330686725306e-03
2.519460035754062747e-03
2.522741544843073221e-03
2.523230062654122346e-03
2.524793028324676808e-03
2.525898213738472613e-03
2.526773111169480258e-03
2.530488520838282233e-03
2.530585892414905988e-03
2.534373799001547571e-03
2.537309317163280193e-03
2.538023415194714041e-03
2.538928973325864542e-03
2.540921435227829709e-03
2.543144729778009077e-03
2.543612330683325991e-03
2.546631507019741017e-03
2.548353789741795560e-03
2.549904250790710220e-03
2.551663431320467645e-03
2.552638552468794106e-03
2.554926338110314818e-03
2.557237959115442414e-03
2.558169809525773566e-03
2.560413584340315817e-03
2.560933916320024244e-03
2.562434599777307399e-03
2.566541979997853141e-03
2.567187676443629697e-03
2.570246541112878452e-03
2.575230775508963871e-03
2.575780665153235612e-03
2.577236088624339748e-03
2.578543269478787790e-03
2.581206848651090326e-03
2.582434861274391855e-03
2.583772673296324748e-03
2.588467616091273595e-03
2.588867920079528963e-03
2.590520835170366694e-03
2.590863941507555619e-03
2.591696440132878164e-03
2.596298585668133704e-03
2.597076038044358274e-03
2.601610826011352059e-03
2.602037019419626250e-03
2.605422562105651121e-03
2.606041734212497570e-03
2.609158809389135452e-03
2.610191468139516722e-03
2.611809156437446856e-03
2.614270769776495720e-03
2.615329037416726839e-03
2.615826833693895084e-03
2.621939083075623417e-03
2.622515550642096765e-03
2.623223530162705017e-03
2.625398075603756470e-03
2.626221156806698032e-03
2.627977628074327880e-03
2.633374549007520826e-03
2.633689487556341909e-03
2.636219988917443569e-03
2.637159443517461503e-03
2.638813452664261813e-03
2.639693548498434419e-03
2.640623887485578445e-03
2.643260780475378477e-03
2.646384008028332662e-03
2.648048636010398062e-03
2.650365891610296457e-03
2.651531202241170799e-03
2.652212587019090167e-03
2.655732509316853507e-03
2.657103212825576242e-03
2.657971733072429007e-03
2.659931392622410205e-03
2.664076693072585898e-03
2.665008549015211725e-03
2.667404830438922445e-03
2.669299137087947308e-03
2.671073809510608656e-03
2.674097422617417036e-03
2.674678536976027223e-03
2.676752395198283944e-03
2.679438205021572334e-03
2.680802161167551885e-03
2.681532182067643440e-03
2.683176126050624589e-03
2.684710124026351997e-03
2.689096186569469270e-03
2.690291424359349346e-03
2.690961979582092052e-03
2.693754362831186563e-03
2.695366856287012905e-03
2.697237704804463388e-03
2.698729457176269469e-03
2.701213692685897408e-03
2.701826900088695471e-03
2.704932904909157759e-03
2.706933866647447291e-03
2.709550380719671740e-03
2.710018606005205020e-03
2.714029652763615044e-03
2.715440276344972901e-03
2.717415541665180959e-03
2.719102864543727557e-03
2.720401446245026070e-03
2.722623817060345567e-03
2.723741673450625136e-03
2.726415316204664711e-03
2.728224135345444501e-03
2.728809838564514277e-03
2.733406796752486760e-03
2.734349818985788976e-03
2.736653943694933745e-03
2.738106948740876359e-03
2.738421689584049148e-03
2.740090131866622803e-03
2.743516248791324445e-03
2.745494510359612443e-03
2.747826327573957197e-03
2.749403330296066629e-03
2.750271052853701329e-03
2.753249569401295792e-03
2.755431951212281277e-03
2.757353223881474271e-03
2.758215994016520629e-03
2.760651093303147577e-03
2.763352514477783895e-03
2.763997875964251897e-03
2.765060059842429797e-03
2.768827762981217449e-03
2.770324244521605445e-03
2.772674051635544076e-03
2.774298349970763435e-03
2.776791082990286760e-03
2.778122247009316703e-03
2.779950656555567941e-03
2.781456438739072275e-03
2.784207301096438929e-03
2.786214980060644150e-03
2.787366083252780426e-03
2.788992953407371401e-03
2.789804665222618205e-03
2.792813799173781732e-03
2.793300745567762339e-03
2.794643340587068831e-03
2.796027111670600258e-03
2.798156792304310261e-03
2.801933246418074255e-03
2.805020272208533141e-03
2.805665936366357437e-03
2.808924868072116329e-03
2.813282542773430216e-03
2.814286420357392602e-03
2.816391483163960784e-03
2.819343911452037738e-03
2.819700068238647443e-03
2.821902102795844584e-03
2.824640155502189907e-03
2.826415890617480029e-03
2.827443491359512336e-03
2.829257179133465826e-03
2.831990276336065083e-03
2.834055833574201239e-03
2.835977774675252708e-03
2.837586589003174807e-03
2.838606419083657562e-03
2.839874667867897315e-03
2.841397879877626334e-03
2.845079034525793173e-03
2.847128404794713359e-03
2.848580016683188113e-03
2.851048613693079117e-03
2.852507345793322581e-03
2.854443099595588198e-03
2.856074457353381842e-03
2.858501527690367802e-03
2.860528546154975180e-03
2.862870817590149226e-03
2.864271533910473389e-03
2.865707194326620657e-03
2.867167823673282684e-03
2.870675557676540413e-03
2.870970406993621996e-03
2.873244101422536226e-03
2.875902845331555248e-03
2.876940265690959824e-03
2.879490800536974558e-03
2.882239363720431359e-03
2.883936044432148637e-03
2.886440955317689638e-03
2.888211053657684102e-03
2.888349658925020574e-03
2.890832974239493196e-03
2.891897707040526431e-03
2.896167287479626748e-03
2.896787385530057591e-03
2.898679834244885338e-03
2.900140136671260950e-03
2.902128543631309152e-03
2.904440156197503169e-03
2.909701893044065995e-03
2.911400757885239561e-03
2.912024480579503746e-03
2.914180743076923066e-03
2.914521569131692507e-03
2.917184153707780194e-03
2.920434079765558272e-03
2.921284391961842010e-03
2.923044831631806898e-03
2.925289631652032950e-03
2.927307764602776578e-03
2.930415737069045137e-03
2.930603342899071491e-03
2.934200260981906748e-03
2.935917919272723609e-03
2.937534304085727844e-03
2.940395532922563879e-03
2.941135189591037851e-03
2.944786961237672376e-03
2.947469667980043544e-03
2.949079662085047227e-03
2.950785765670624165e-03
2.953406395253484456e-03
2.954045692358059100e-03
2.955622225931323326e-03
2.957285434315773485e-03
2.959659626028613398e-03
2.963073671085566553e-03
2.966232305018557790e-03
2.968252211449317474e-03
2.969112820891660516e-03
2.971447204223483067e-03
2.972340172186849379e-03
2.974397013304209015e-03
2.976856605571150029e-03
2.978179239876637286e-03
2.978936210649258190e-03
2.981344802896515253e-03
2.983962262182318550e-03
2.986147680820774950e-03
2.988472237848713645e-03
2.989413083313288352e-03
2.991349451752620039e-03
2.994665175962525887e-03
2.997279878532843091e-03
2.999249600267796679e-03
3.001982820073237444e-03
3.002987209977804172e-03
3.005807356310764410e-03
3.008063639592118907e-03
3.009642686177496640e-03
3.010878499228186386e-03
3.015304977345016450e-03
3.015819484245598793e-03
3.017041859785940180e-03
3.018656339491107739e-03
3.020070142529194309e-03
3.022889604015450895e-03
3.025472429274418066e-03
3.026550824902285615e-03
3.027727012881691829e-03
3.031560495628935013e-03
3.032400289704884847e-03
3.034192502665763406e-03
3.039229917180708181e-03
3.040239073993931344e-03
3.042274986156879441e-03
3.044858844076847159e-03
3.045770271741344432e-03
3.046477046851376637e-03
3.049868275212673681e-03
3.050326883188167471e-03
3.054014493908152952e-03
3.056692135116120725e-03
3.057110473478959201e-03
3.059254792536856855e-03
3.064208396491541111e-03
3.064749298916260526e-03
3.064946246124549811e-03
3.067974690217215201e-03
3.068748043970442353e-03
3.069641502177090833e-03
3.072118837152776772e-03
3.074706470410123148e-03
3.076551923770527372e-03
3.078706526800932368e-03
3.081779769031025695e-03
3.083119906102319962e-03
3.083426736773070293e-03
3.087126530520501160e-03
3.090364278293963787e-03
3.091809076138961072e-03
3.092603174336475570e-03
3.095377428007731104e-03
3.097148799939052153e-03
3.099682577087236376e-03
3.100567187283085561e-03
3.105197275941923470e-03
3.105822906146528308e-03
3.106332553471975125e-03
3.108236430629877575e-03
3.110636284408605998e-03
3.113237349087338065e-03
3.114964361488428181e-03
3.116756755000311008e-03
3.117021525432191013e-03
3.118033921921160162e-03
3.119985087406237229e-03
3.122868671738826020e-03
3.125682391834653118e-03
3.127164039135560663e-03
3.129581051875611215e-03
3.132887215690745211e-03
3.134584555419739002e-03
3.135472490098129873e-03
3.139653753671478153e-03
3.141706723717252545e-03
3.142449160242400796e-03
3.144214186805973678e-03
3.146172589729323132e-03
3.148518515213106009e-03
3.150432805370261685e-03
3.153258682915490146e-03
3.154575430260856631e-03
3.154957822370220866e-03
3.156056108468406965e-03
3.159948468858180676e-03
3.161449185875070747e-03
3.162605830221786474e-03
3.166006857945506160e-03
3.167636433917079501e-03
3.169298180237396702e-03
3.171306333940494653e-03
3.174023508051749317e-03
3.175805882568817802e-03
3.177259248751574013e-03
3.178857229886923076e-03
3.180024010979571897e-03
3.184963456200238900e-03
3.185640379356427781e-03
3.187216592104224252e-03
3.190059623999642619e-03
3.190378904585770663e-03
3.192455419223535953e-03
3.194230073275701205e-03
3.197530587302811495e-03
3.198975204753301289e-03
3.200094152060249057e-03
3.203469290074931110e-03
3.206216216537150637e-03
3.208980905454496269e-03
3.209415546804456499e-03
3.211015447589597987e-03
3.211682127745640880e-03
3.213988026724549311e-03
3.215908301286550357e-03
3.216506937304147544e-03
3.221304897731399556e-03
3.222308193812078916e-03
3.224038495857388820e-03
3.226187593563318440e-03
3.227646374545008537e-03
3.229083789049332163e-03
3.231261574163529250e-03
3.232462176569367383e-03
3.235790777353342827e-03
3.238575066537541583e-03
3.240736352543576934e-03
3.243969522733698967e-03
3.244878163230809597e-03
3.247953362417780720e-03
3.249131614824273245e-03
3.250253326377586238e-03
3.253621973810395546e-03
3.254451845573542394e-03
3.257298899975648743e-03
3.258920374542184379e-03
3.260790834523741733e-03
3.262749746678257536e-03
3.264708257326254335e-03
3.267845611108877602e-03
3.270271525658582142e-03
3.271328669699646863e-03
3.272722451183959595e-03
3.273218369533625969e-03
3.276077685293141747e-03
3.277654796959455098e-03
3.278800135503046834e-03
3.281283439088397008e-03
3.284639331484796431e-03
3.285831625608703638e-03
3.288483421276907920e-03
3.291996366343851680e-03
3.293131838416695802e-03
3.295392145520333049e-03
3.296594558859913555e-03
3.298500498188239143e-03
3.301291776115160021e-03
3.302737716629273752e-03
3.304880845509803287e-03
3.305906221835960140e-03
3.308250833555209224e-03
3.311160503769099844e-03
3.312677700061633645e-03
3.314270410051582336e-03
3.317027285525377817e-03
3.318007657112276906e-03
3.322948210269217016e-03
3.324926374510286681e-03
3.326053137612269926e-03
3.326746056689210834e-03
3.328946094891742629e-03
3.332239228607641358e-03
3.333992065396661209e-03
3.336675126720998596e-03
3.340944808881919983e-03
3.342256136096336070e-03
3.342469989151032172e-03
3.343795967425961923e-03
3.345659675491607921e-03
3.347446742464884294e-03
3.351150727290931695e-03
3.351487794772936048e-03
3.353606120728967483e-03
3.354404975404103907e-03
3.355744434478003836e-03
3.358916359019400999e-03
3.360963778009399324e-03
3.361692992870744280e-03
3.364214007702289247e-03
3.367044705906287010e-03
3.367530228989013604e-03
3.369768366975510725e-03
3.374147855972959263e-03
3.375704692613553087e-03
3.376522618739866925e-03
3.377698308354501380e-03
3.379797027844772418e-03
3.381011747941186588e-03
3.384854795966593492e-03
3.387917870083753148e-03
3.388031613688414004e-03
3.390627437154390168e-03
3.392851126029799123e-03
3.393580175914808535e-03
3.394584857668852575e-03
3.397002748232764904e-03
3.398948876222197390e-03
3.402020718522971547e-03
3.402755226679354036e-03
3.406018575126383823e-03
3.406757591644087729e-03
3.409837528780890366e-03
3.411867109753909805e-03
3.414088351724495901e-03
3.414584346290047440e-03
3.417033078195791732e-03
3.418905213484145587e-03
3.419729147295694129e-03
3.423102804276736272e-03
3.425614743566597186e-03
3.426333058413103070e-03
3.427166914728388674e-03
3.430639851095830615e-03
3.432763709315711769e-03
3.435783093808004313e-03
3.436873024226096834e-03
3.438658402554235424e-03
3.441385503489292723e-03
3.442319296871298919e-03
3.443720848795148691e-03
3.446648112756263167e-03
3.448807681357051423e-03
3.450548679264027301e-03
3.452118528400806297e-03
3.453035866332009301e-03
3.455073950476600115e-03
3.456671931784990881e-03
3.459546067399575913e-03
3.461250492147070843e-03
3.462938136647332379e-03
3.465307815943565253e-03
3.469917395401413748e-03
3.471721339352161918e-03
3.475515141556133336e-03
3.477262712786123589e-03
3.478926925256056908e-03
3.479828564057156799e-03
3.480896325733522870e-03
3.481946209847456772e-03
3.486278690046275535e-03
3.487571930838897355e-03
3.488614102001120782e-03
3.490370487816770936e-03
3.492808744470269310e-03
3.495982570568963946e-03
3.497184315923316991e-03
3.499819588455043307e-03
3.501792487354735660e-03
3.504349274687916863e-03
3.506712363241557429e-03
3.508824381683374374e-03
3.509946324588981027e-03
3.511450675511099042e-03
3.511949987588705580e-03
3.514244405942500669e-03
3.515451152104246031e-03
3.517885866244365410e-03
3.519876474921248069e-03
3.522751411793742515e-03
3.524556440995012512e-03
3.525109544381227825e-03
3.528657693669199919e-03
3.530454347212135056e-03
3.533634395789001306e-03
3.534375594343480871e-03
3.537813380579328797e-03
3.538409492148079406e-03
3.540723159116748817e-03
3.541286644467117085e-03
3.542254533851282080e-03
3.544496147464801499e-03
3.549405396556134552e-03
3.552771484222298250e-03
3.554310590235376828e-03
3.556676567131928160e-03
3.558079231079239960e-03
3.558320279587928996e-03
3.562763567667794756e-03
3.563302006386786895e-03
3.564639856147346682e-03
3.568380413396352643e-03
3.569163263348624788e-03
3.572398293968119878e-03
3.574115135328912677e-03
3.575473430085321109e-03
3.579672829446761163e-03
3.580603637000193389e-03
3.584786385376020120e-03
3.586156881186551744e-03
3.587136863688928853e-03
3.589376145023942966e-03
3.591556080533786326e-03
3.593293314471908591e-03
3.595353240017068203e-03
3.596234903027153290e-03
3.598947712898897377e-03
3.600676166224852596e-03
3.603279893588268949e-03
3.607377289745458248e-03
3.608105206867220742e-03
3.610172294602760189e-03
3.611406326169715533e-03
3.612916916109746527e-03
3.615795440173915319e-03
3.616076237656269416e-03
3.619012393017261107e-03
3.620942452623792870e-03
3.622837330309591156e-03
3.624740130343234029e-03
3.628610277170261564e-03
3.632016090095739527e-03
3.633297201809729260e-03
3.635618117694978512e-03
3.636755994887857623e-03
3.637979197440346143e-03
3.640948685135640683e-03
3.641803815734850642e-03
3.642942755017564236e-03
3.647238163305442215e-03
3.649164013037548785e-03
3.650198962264779041e-03
3.655650937862417373e-03
3.656183436827037132e-03
3.660376118390239793e-03
3.660723118452426962e-03
3.661648280388652386e-03
3.664305172571474117e-03
3.667573807892260396e-03
3.668081664311191679e-03
3.669658660669417299e-03
3.672938222823002394e-03
3.673540417865428769e-03
3.675634447045990176e-03
3.678488778731226361e-03
3.681267876759477305e-03
3.683630528433058399e-03
3.685213826423977546e-03
3.688326803651538997e-03
3.690489549611839469e-03
3.692083840436150444e-03
3.696038290839628003e-03
3.698734536376784964e-03
3.699204113540375226e-03
3.701435247484989415e-03
3.702746671134380090e-03
3.706845327313894149e-03
3.708085938365486296e-03
3.710720826366362742e-03
3.711701471083475590e-03
3.713743272810498403e-03
3.714965444861568350e-03
3.716515634014640797e-03
3.720068340867494806e-03
3.721094755331114372e-03
3.721694795105800427e-03
3.724431581999464516e-03
3.727846746024942280e-03
3.728801632463499011e-03
3.732995290692067876e-03
3.734386570881082119e-03
3.734582905923319613e-03
3.740472186885792760e-03
3.742445340060537948e-03
3.744118975866435675e-03
3.744758825878041243e-03
3.747572697795344739e-03
3.748373240516808449e-03
3.749412457625195694e-03
3.753291073141673886e-03
3.753869820487343387e-03
3.756556009900753699e-03
3.759306670449370953e-03
3.761390913427926485e-03
3.761867732132729777e-03
3.763960881291591141e-03
3.766312539622396639e-03
3.767059644403920101e-03
3.768355126392198499e-03
3.770991812809701502e-03
3.771994231086754634e-03
3.772854857472121917e-03
3.774756837417926874e-03
3.779992294395004282e-03
3.781330664393556078e-03
3.782300743497321593e-03
3.785892890981640366e-03
3.786856177969651939e-03
3.789415915171726133e-03
3.792889317552854047e-03
3.794189336597789033e-03
3.795021942674166576e-03
3.798171358543260111e-03
3.799042643687736229e-03
3.801125803798209666e-03
3.802865904224620851e-03
3.804988897344005125e-03
3.806964658124608984e-03
3.810495085268268255e-03
3.814152984145828540e-03
3.814796806564490182e-03
3.817112424306836737e-03
3.818380763780515087e-03
3.820246351408792054e-03
3.820640834121848128e-03
3.823605697525250553e-03
3.826114750599379777e-03
3.828480769029307239e-03
3.829291026846173146e-03
3.832788448128058700e-03
3.834066905113080962e-03
3.835194029081688549e-03
3.837430459043133114e-03
3.841790141061610184e-03
3.844415959615792543e-03
3.845186762874022203e-03
3.849949460991845471e-03
3.852060472886736312e-03
3.852984742300277939e-03
3.854833708384030472e-03
3.856649115233277102e-03
3.857706783026648104e-03
3.861259792292662599e-03
3.861494475701072755e-03
3.863557779641733220e-03
3.866485615372137162e-03
3.868153101690811630e-03
3.870985244353200398e-03
3.872914162381092384e-03
3.875432388876521965e-03
3.877309298661259576e-03
3.879231928240065453e-03
3.879790519647350472e-03
3.881651070162009734e-03
3.885158075684926743e-03
3.888551775997748337e-03
3.889649183818727398e-03
3.892199961606586725e-03
3.893893005840986382e-03
3.894726302964732125e-03
3.897726062402535191e-03
3.899539143329377490e-03
3.900079296448516215e-03
3.902581649458937169e-03
3.903534632987080890e-03
3.907144543530226451e-03
3.910919401908592025e-03
3.912170959445935431e-03
3.915083283396576797e-03
3.917403382275487164e-03
3.919619521946674304e-03
3.922545453499693899e-03
3.924504917595618078e-03
3.925462611634925221e-03
3.927298181489365277e-03
3.929935393197536014e-03
3.932737856721327946e-03
3.935032603881865286e-03
3.938207947397541486e-03
3.941812224639936260e-03
3.945091773012262236e-03
3.946282557405182516e-03
3.950191580710976300e-03
3.950838933320353213e-03
3.953148478726547198e-03
3.955900363525466715e-03
3.959473159041594810e-03
3.961443346288263077e-03
3.963014690584178330e-03
3.965122180177600882e-03
3.965750178502740891e-03
3.967853313025053279e-03
3.969139925996040263e-03
3.973113637685060477e-03
3.974855057405505057e-03
3.976920263511853938e-03
3.979136578011766359e-03
3.981008343680599894e-03
3.984672814003987346e-03
3.986732577849216169e-03
3.988725941941375849e-03
3.989371888185202705e-03
3.990794177932432442e-03
3.992950476090848487e-03
3.996450563294512946e-03
3.997423305712930613e-03
3.999190792930981848e-03
4.001660345657744380e-03
4.003357010396343431e-03
4.005081351386437054e-03
4.012468285990541950e-03
4.013147270143761422e-03
4.014946724889921666e-03
4.016812850699949533e-03
4.017203562124907826e-03
4.018467307542953303e-03
4.021429243107970362e-03
4.024593106804435876e-03
4.025185674638023098e-03
4.026503955619425458e-03
4.029568129828268661e-03
4.031291603818714861e-03
4.031966904332564237e-03
4.033016498424996099e-03
4.037306778487617306e-03
4.041320292572590442e-03
4.044153329079406070e-03
4.046311656133336383e-03
4.049902973006681492e-03
4.052111543464380003e-03
4.053465668864914863e-03
4.056411188227016656e-03
4.057602108065857041e-03
4.060157741004846027e-03
4.062984571142684749e-03
4.066723129931510382e-03
4.067677065205182844e-03
4.069705724402303618e-03
4.071645437643980556e-03
4.072918087572955856e-03
4.074388555465959655e-03
4.077748743526560596e-03
4.080180518925348096e-03
4.081268972303795511e-03
4.082875195391829151e-03
4.084746069497705544e-03
4.089044238625767595e-03
4.090943692006623542e-03
4.092658814049117931e-03
4.095643522601593450e-03
4.098406061939728270e-03
4.099047334290551597e-03
4.101030115007133457e-03
4.103143697554994737e-03
4.105655013968075549e-03
4.108368760625655605e-03
4.113522820862481819e-03
4.116624149743761812e-03
4.120362963416173904e-03
4.122343817723828421e-03
4.123537985892996617e-03
4.124786690971940332e-03
4.126931466109375404e-03
4.129445538892522437e-03
4.131949468001949906e-03
4.133995279424216088e-03
4.135667898587488261e-03
4.136864908220234775e-03
4.141266785145059429e-03
4.142587670649645719e-03
4.144820503332412656e-03
4.146956044431767546e-03
4.147933041451674040e-03
4.149446756095292489e-03
4.151772349340302967e-03
4.155359634953870694e-03
4.157763567689038223e-03
4.158450555516169690e-03
4.159228234629742775e-03
4.162745171851202353e-03
4.169221648424559570e-03
4.171540759556525806e-03
4.172957661411307376e-03
4.173918584179343340e-03
4.175154234805289293e-03
4.176867666517782712e-03
4.180651001849410887e-03
4.182051441294127973e-03
4.185900397557115911e-03
4.188171071551596326e-03
4.190240379496528410e-03
4.191366049965288172e-03
4.193766305264315375e-03
4.196490034178086345e-03
4.199490182843881696e-03
4.201479560009336797e-03
4.203575119067404567e-03
4.205053490725946252e-03
4.210448554674843698e-03
4.211952517766733711e-03
4.213028984758679721e-03
4.215942269211072138e-03
4.216333905503338170e-03
4.219235699874088370e-03
4.221972864908884147e-03
4.224103027168989166e-03
4.225092844501363541e-03
4.230181933116348471e-03
4.232462859183050430e-03
4.235579347947784901e-03
4.237125805996208583e-03
4.238642507173592117e-03
4.241065012659597788e-03
4.243222224328071362e-03
4.244547147678090666e-03
4.248226437949047599e-03
4.250937647352433582e-03
4.251827159694392816e-03
4.255629665999976878e-03
4.257255305788956376e-03
4.260836437542524398e-03
4.261592926778050815e-03
4.264426436475653344e-03
4.268921644367941123e-03
4.269174116457150059e-03
4.272006059394890982e-03
4.274160218573556762e-03
4.275188568090095009e-03
4.277423241016952739e-03
4.279877803973685009e-03
4.280290930736397638e-03
4.284292961119989460e-03
4.285529140163192412e-03
4.289621692358891111e-03
4.290157910738761488e-03
4.293461824350208039e-03
4.295853394217332907e-03
4.299560831970849865e-03
4.300613245201590808e-03
4.304906090791349102e-03
4.305603113296174386e-03
4.306701894636614375e-03
4.308804607507718022e-03
4.316601592515145226e-03
4.318761008379936456e-03
4.319718420376170674e-03
4.321279191992851224e-03
4.323017641720425241e-03
4.326229315281125871e-03
4.329808295565819309e-03
4.330605086866346973e-03
4.332571759700996027e-03
4.336710303578977625e-03
4.336853252482628443e-03
4.339258243055032181e-03
4.341705051844858658e-03
4.344669659740876301e-03
4.346491090580646352e-03
4.348023475798990824e-03
4.350441013235240191e-03
4.353736578499618412e-03
4.355849262647449975e-03
4.358256203386538102e-03
4.360525150047314495e-03
4.362632809538819628e-03
4.364552606807287419e-03
4.366086842772346627e-03
4.367104427688920862e-03
4.367717678547421503e-03
4.369583343525038945e-03
4.372462242932319797e-03
4.374954796844019063e-03
4.378473312618541211e-03
4.380452774393061785e-03
4.381627735077164854e-03
4.384614158717077895e-03
4.386878411885937988e-03
4.388505150306932709e-03
4.391002152729128576e-03
4.392426426734973369e-03
4.393794425376118355e-03
4.397033140183492263e-03
4.399647343315235201e-03
4.403902125217549340e-03
4.405096328758939181e-03
4.406110519897876894e-03
4.408335044749654708e-03
4.410372571367983385e-03
4.411510264840800763e-03
4.413302144838641104e-03
4.415647209763396731e-03
4.417602564887736921e-03
4.421600127357378472e-03
4.423338218328942348e-03
4.426145343947176548e-03
4.428918053306659872e-03
4.431355745908633140e-03
4.432964099264304417e-03
4.435742207703245558e-03
4.437722321731105146e-03
4.439513766350488243e-03
4.440767568396576312e-03
4.443629674808958867e-03
4.446807743696894535e-03
4.450775827433728869e-03
4.452486815095346544e-03
4.452821400904642853e-03
4.455079623014839181e-03
4.457821340592144597e-03
4.462039471666507176e-03
4.463310112101536234e-03
4.465098719436176242e-03
4.467428822746998852e-03
4.470609389210926897e-03
4.471045218592033244e-03
4.472682357203822470e-03
4.474388986216165306e-03
4.479968911236818611e-03
4.481167860519349663e-03
4.482922232374877448e-03
4.483614492362372576e-03
4.486985134576057521e-03
4.490171882136359018e-03
4.491555279900510261e-03
4.494181930236873512e-03
4.498726430543654314e-03
4.500106357652878045e-03
4.501213191294313291e-03
4.504454035121718651e-03
4.505573959019149380e-03
4.509116494917029747e-03
4.510295371151802103e-03
4.512731011392699144e-03
4.513808750270158730e-03
4.515774796984697165e-03
4.517275613498090286e-03
4.519826163255527378e-03
4.521426967373226059e-03
4.525480583632307541e-03
4.527140869095047475e-03
4.532286398587343640e-03
4.535211574149949736e-03
4.535635418944864578e-03
4.536636192187342570e-03
4.537138722534773787e-03
4.540212841438952436e-03
4.541615344713477095e-03
4.544897473477310310e-03
4.548766608604436906e-03
4.550777513160463549e-03
4.551641820452098121e-03
4.553235615482014408e-03
4.555575507149659149e-03
4.562246607302102540e-03
4.566000942556702573e-03
4.566482129932303811e-03
4.570068866374979617e-03
4.571643245212734900e-03
4.574192070290820401e-03
4.574435049660723410e-03
4.575482868764742077e-03
4.580051645826085233e-03
4.580562764558865699e-03
4.581742575036421017e-03
4.585236310506213102e-03
4.587290987227696237e-03
4.588984195445537304e-03
4.592618094323117593e-03
4.593858314926949245e-03
4.597225952916868599e-03
4.599241528996106040e-03
4.601838231802145643e-03
4.602662363226534339e-03
4.604440559042744831e-03
4.605999164948864841e-03
4.608547741171228722e-03
4.611087134005830562e-03
4.615223930828429855e-03
4.617478566552837144e-03
4.618908928101243122e-03
4.621320849340149368e-03
4.624786382977706493e-03
4.627160065271146080e-03
4.631172298325441847e-03
4.633908772478555899e-03
4.636391546593376586e-03
4.638408357602329807e-03
4.639052169131541517e-03
4.643278899499569262e-03
4.645108188125925651e-03
4.647638182317660911e-03
4.650346860337275894e-03
4.652153259839653283e-03
4.656370357531364711e-03
4.658887952785877549e-03
4.660730224662106708e-03
4.661509991783581788e-03
4.663225629428149367e-03
4.664141103284898983e-03
4.668454908154675426e-03
4.671794691999874016e-03
4.672301421510986069e-03
4.673279700238734853e-03
4.676522499057927593e-03
4.678907503555844102e-03
4.680913065270942384e-03
4.684175583867452274e-03
4.685531052512709183e-03
4.688102813069704861e-03
4.689981486325052462e-03
4.692362419853637369e-03
4.694101749902496873e-03
4.696221149217612648e-03
4.700006752748753583e-03
4.703970828461012492e-03
4.707006251816054677e-03
4.707692364487628747e-03
4.709164420299753392e-03
4.713681756223498699e-03
4.715566505096657236e-03
4.716696168945745671e-03
4.721164418071470588e-03
4.723163543074527029e-03
4.724695757399076726e-03
4.726123685316481991e-03
4.728890331021646208e-03
4.730404839370256145e-03
4.733606003833077530e-03
4.734459263883120973e-03
4.740065868205128354e-03
4.743135097914498444e-03
4.743942260420261868e-03
4.746663715404759662e-03
4.749824018637672715e-03
4.751622084593745687e-03
4.752585724087143686e-03
4.757127828476434908e-03
4.758203887546548320e-03
4.762926162046695298e-03
4.764552143060403824e-03
4.766301596071417616e-03
4.766431225725704414e-03
4.769474578673365411e-03
4.772391833387940215e-03
4.774081627610850774e-03
4.777069124460160167e-03
4.778410538828182022e-03
4.783336814856398514e-03
4.785666322302272596e-03
4.787801940551898033e-03
4.790344639156314012e-03
4.791813783499780481e-03
4.793344751798718495e-03
4.798292774473907757e-03
4.800352241001037620e-03
4.800788151391966081e-03
4.804238282587407205e-03
4.806349119036847778e-03
4.808081206266302289e-03
4.811098077268963560e-03
4.814232125690319150e-03
4.816322873963882652e-03
4.820260335262860699e-03
4.824310435021329779e-03
4.825414856956252579e-03
4.828621981890509826e-03
4.830952595312048257e-03
4.831088689486453917e-03
4.834744504034603312e-03
4.839591721233865024e-03
4.841885848980682396e-03
4.844084785870257995e-03
4.846722516912399525e-03
4.847629948573112420e-03
4.849416721009786220e-03
4.850610876719989133e-03
4.853085938574501143e-03
4.857155698230135321e-03
4.857941342306729138e-03
4.858460820417575231e-03
4.861005168807694225e-03
4.865896724328642835e-03
4.867433285145380401e-03
4.871255647957939590e-03
4.877322324749173640e-03
4.880655705138981296e-03
4.883338084686365647e-03
4.884918373324409827e-03
4.886088298811291919e-03
4.886641809303867573e-03
4.889252998285130956e-03
4.890983716938936826e-03
4.895609837435497234e-03
4.897947188808655060e-03
4.899083123229333245e-03
4.902023274299726306e-03
4.906286576050000389e-03
4.906735861110442243e-03
4.908963375066522673e-03
4.912005282402934041e-03
4.913902581687921295e-03
4.916303641120425318e-03
4.919966144372697400e-03
4.924194061738826518e-03
4.926966005120066334e-03
4.928213398836804593e-03
4.931969454388776194e-03
4.932833787609267918e-03
4.934803088570329649e-03
4.940882017010837790e-03
4.941164240398285973e-03
4.943307129740641057e-03
4.944638533818353568e-03
4.945776799059296847e-03
4.948376980129648439e-03
4.950354485621151490e-03
4.952707332139194389e-03
4.953932878611219670e-03
4.958085217976605612e-03
4.959428853777802897e-03
4.960563829738214199e-03
4.963550687559147370e-03
4.968348486037349292e-03
4.970474457351288684e-03
4.974033650432235949e-03
4.976862442380522271e-03
4.978223623112038032e-03
4.980017909914340700e-03
4.984425902010473919e-03
4.988115444734671396e-03
4.989366398360209690e-03
4.990246530238687424e-03
4.991515097024090339e-03
4.995296731363309088e-03
4.997974349619571655e-03
5.000084512259003570e-03
5.001487413844670979e-03
5.004151237465758080e-03
5.004959847051316038e-03
5.010467563879404326e-03
5.012450110562050726e-03
5.014099921636330781e-03
5.016898083532920702e-03
5.021363673697986328e-03
5.024935500176456148e-03
5.027583256100470223e-03
5.028806032097478569e-03
5.030306863337320050e-03
5.034058931904069646e-03
5.034642469374039399e-03
5.036702709079990577e-03
5.044265364421958789e-03
5.045497535748863158e-03
5.047281853126034043e-03
5.051176757204680137e-03
5.052465597857993054e-03
5.054712900640035041e-03
5.056412896729750063e-03
5.057155091272204014e-03
5.062230643190710790e-03
5.066193111010940109e-03
5.068819324367189808e-03
5.070043993584559018e-03
5.071561447804732135e-03
5.073541730584457503e-03
5.078292760339873403e-03
5.079570389102281043e-03
5.082815786435561714e-03
5.085290569482322533e-03
5.086627793466884893e-03
5.088000959424838696e-03
5.092250050838503100e-03
5.094866008331158658e-03
5.098217394355465323e-03
5.100723661287475882e-03
5.102852303150984085e-03
5.104804071902476273e-03
5.107980167009673264e-03
5.109888326341394810e-03
5.111520002954284859e-03
5.112204014906999647e-03
5.114544295464766750e-03
5.117320342933191248e-03
5.122417148205489316e-03
5.124970975860974887e-03
5.127107440093489100e-03
5.129006185092134518e-03
5.132961457686081863e-03
5.135567332210503634e-03
5.137446103560660421e-03
5.139703160925051736e-03
5.141262459871567651e-03
5.143401963420289429e-03
5.147370330818887979e-03
5.149583769103006220e-03
5.151015573627326302e-03
5.154815194592960760e-03
5.158694256094252702e-03
5.161109066910226154e-03
5.165668191187387966e-03
5.166621543066644319e-03
5.167607275273071107e-03
5.171503831969253943e-03
5.172942986721250531e-03
5.175154026772465707e-03
5.180727779085424201e-03
5.182017321724298811e-03
5.187659061733047340e-03
5.190782855476125390e-03
5.194182019677489985e-03
5.194684409839732224e-03
5.196346373285288221e-03
5.198330855062092450e-03
5.201832595720675897e-03
5.203347850794292316e-03
5.206428435826728797e-03
5.206996665362121496e-03
5.210677276321231885e-03
5.211796841680795683e-03
5.214922830948073677e-03
5.218070108327567402e-03
5.219627901811917797e-03
5.223579665405497091e-03
5.225654000065286901e-03
5.228644023609911075e-03
5.231319940264305551e-03
5.234642383102589003e-03
5.237353217617359176e-03
5.241765115665660002e-03
5.242539909313619247e-03
5.243176583938541184e-03
5.245474452475070402e-03
5.246532313279246226e-03
5.250101825338474720e-03
5.253671738784251345e-03
5.258026413777701184e-03
5.258677875496558726e-03
5.261082070078192639e-03
5.263745084412406114e-03
5.267166696390997160e-03
5.270050573015165780e-03
5.271072535362043669e-03
5.275141750468711165e-03
5.276841181655874367e-03
5.278285766533975798e-03
5.281853488558742489e-03
5.282768476632156672e-03
5.288574114365715562e-03
5.291998669631073696e-03
5.294110192146691228e-03
5.295548695213336300e-03
5.297480810755626941e-03
5.299760011988007523e-03
5.303260351708413006e-03
5.308626543479141348e-03
5.309992524322234425e-03
5.310769563566956029e-03
5.313138591268066861e-03
5.317000088593299909e-03
5.319321855192140312e-03
5.322698568567820268e-03
5.325843486950716972e-03
5.329340089858822758e-03
5.329396104411850826e-03
5.332563085316485013e-03
5.337406440336048274e-03
5.337574999250318218e-03
5.339257001044648773e-03
5.341414523232361142e-03
5.345131482684903693e-03
5.350815392623156294e-03
5.352719385955295207e-03
5.354769513922115476e-03
5.355571896077842946e-03
5.357967883499820116e-03
5.360850019973764299e-03
5.363221151770489886e-03
5.364647649019659362e-03
5.368279671432477432e-03
5.374250960433397430e-03
5.376796646528366960e-03
5.379325591771570020e-03
5.379991580992263614e-03
5.386055676958152565e-03
5.387995679709859168e-03
5.389729199067590758e-03
5.391006762882823156e-03
5.394830908834658337e-03
5.400378986805892158e-03
5.403426729172270543e-03
5.406507407127570872e-03
5.406843569954797486e-03
5.409667316516759798e-03
5.410460048720563790e-03
5.414349415875638338e-03
5.417265697655822970e-03
5.418159111504005331e-03
5.423684609992354168e-03
5.425375099663897437e-03
5.429806338958845929e-03
5.431395512619121083e-03
5.435329291049614993e-03
5.437514550193181875e-03
5.439039289390238882e-03
5.441766222156339122e-03
5.442427965592857089e-03
5.445600232290485551e-03
5.448936134175344156e-03
5.449627647102755351e-03
5.452750337718685614e-03
5.456912138818323550e-03
5.460149318803746502e-03
5.462693483880512284e-03
5.466334745300089649e-03
5.470620657105558157e-03
5.473784611446891150e-03
5.474573780232806254e-03
5.476906886291166461e-03
5.480695326782318924e-03
5.483170188891194237e-03
5.487967006348833630e-03
5.489770606302199138e-03
5.492878986799319858e-03
5.494792322791868834e-03
5.495941372674084148e-03
5.500293431879817348e-03
5.505378878243975815e-03
5.507651413565493176e-03
5.510869864068815467e-03
5.511628394706733630e-03
5.514000564444186507e-03
5.517497615452895791e-03
5.521610809005513335e-03
5.524021881281817974e-03
5.527493376344430089e-03
5.529587056295864542e-03
5.530978415197395325e-03
5.533882487533407259e-03
5.536210513332136089e-03
5.539913264318195411e-03
5.544140732848625019e-03
5.545393566847620949e-03
5.547398639597303331e-03
5.549041520898701126e-03
5.551679334951839170e-03
5.554597718315112780e-03
5.559417789919343135e-03
5.561622649164666907e-03
5.565456044189009098e-03
5.568784919665516718e-03
5.571733954690356004e-03
5.575622174401838153e-03
5.576792084837359914e-03
5.580197792704268828e-03
5.581063372681971911e-03
5.582425877664549778e-03
5.586815764896718196e-03
5.588018951722310487e-03
5.592591126800329840e-03
5.594977722234268161e-03
5.597488015057337611e-03
5.603710412901707211e-03
5.608608555775933258e-03
5.610429142398168020e-03
5.614274083533262599e-03
5.615836207737858084e-03
5.616697452609642829e-03
5.619640281518754887e-03
5.623626270898011113e-03
5.625029261630169058e-03
5.627556154109448865e-03
5.631085615191900977e-03
5.634964853265211210e-03
5.637933767767228620e-03
5.643185946032910211e-03
5.644640652773090170e-03
5.646807785210789833e-03
5.651388376690877520e-03
5.653235036639817426e-03
5.654542646557788460e-03
5.657706630157867053e-03
5.660797387872481927e-03
5.666922445360933480e-03
5.668425568766181227e-03
5.673637564212188726e-03
5.674979940336470283e-03
5.678205717941513936e-03
5.680449925118056555e-03
5.681832563037587415e-03
5.682917142353071174e-03
5.684604782424734597e-03
5.688894940539350291e-03
5.690560317737847207e-03
5.693849107015925594e-03
5.697605915640559585e-03
5.699868100911295241e-03
5.701914945864778629e-03
5.706671145376904924e-03
5.708720763972010247e-03
5.712339909920143011e-03
5.716408809638387663e-03
5.718699902174153790e-03
5.719242739165372388e-03
5.722779275821764620e-03
5.729325398243941686e-03
5.731047479036101115e-03
5.735697768316994766e-03
5.736681240789204966e-03
5.740870931467099113e-03
5.743488065151832432e-03
5.745119056437987017e-03
5.750156034475650824e-03
5.753985388074442028e-03
5.755703444381300889e-03
5.758117095320381025e-03
5.762292630241664000e-03
5.764771772253846072e-03
5.766932471170931919e-03
5.767364503054964522e-03
5.772820179932205108e-03
5.778170208492286811e-03
5.780024772981586650e-03
5.783228886914068730e-03
5.784755586678996114e-03
5.789183079585551520e-03
5.792064822201820930e-03
5.794325092574300132e-03
5.795574027462095483e-03
5.796495371051012431e-03
5.800641843638083481e-03
5.804471736133324719e-03
5.806805838019961537e-03
5.810881935181137770e-03
5.815345260773790124e-03
5.818823012833835434e-03
5.820196035103449364e-03
5.822249924113865986e-03
5.825138144487035721e-03
5.826280736013635976e-03
5.828340494568201059e-03
5.829874309294076976e-03
5.832594408524785154e-03
5.837350790617599865e-03
5.841006122734140708e-03
5.842593027827062795e-03
5.847088919919572227e-03
5.849201966860440721e-03
5.851207132140464999e-03
5.853861477539600879e-03
5.857232645194921337e-03
5.862281209583894946e-03
5.867765191565676997e-03
5.869809850559512716e-03
5.871614488429514542e-03
5.872403653581276771e-03
5.874298007144767436e-03
5.879077328748183104e-03
5.884204322952214100e-03
5.887918882522478504e-03
5.891192086027893966e-03
5.892437121973940865e-03
5.895961590441933103e-03
5.902071507766809555e-03
5.903624560437486027e-03
5.904249913277374168e-03
5.905052312392121763e-03
5.910440285045903859e-03
5.911767705487198238e-03
5.916070662650114304e-03
5.920772034556457883e-03
5.923181299587848905e-03
5.927140506382087316e-03
5.928337950438488865e-03
5.930117608999737298e-03
5.935642069271306227e-03
5.938582652183342463e-03
5.941038157603333210e-03
5.942979480793213545e-03
5.944784945375441824e-03
5.948627989971829941e-03
5.950315824565064089e-03
5.952574139533066064e-03
5.955066907166576412e-03
5.957570613831624125e-03
5.959062752430792365e-03
5.963037877179026489e-03
5.967758312099836517e-03
5.969851712747873719e-03
5.973851262960416970e-03
5.976353334468790558e-03
5.981632970033815173e-03
5.982236177701888945e-03
5.985204785850708337e-03
5.986616992340517210e-03
5.988769078699629836e-03
5.992744340058995221e-03
5.993745322384406472e-03
5.996346472344616166e-03
5.999000374044118587e-03
6.000236825381408991e-03
6.007567633482137522e-03
6.008471618109066138e-03
6.014284642827878551e-03
6.016455512178987136e-03
6.022081373006034355e-03
6.025128106576091089e-03
6.027477045258189392e-03
6.030308667011758175e-03
6.030950522972877877e-03
6.035358488765600257e-03
6.037874733350210785e-03
6.039668829237182165e-03
6.041951587115391292e-03
6.045810430366611692e-03
6.047111363311031412e-03
6.050274756985118269e-03
6.051623363074164381e-03
6.055280647450500889e-03
6.056020378623654631e-03
6.060802027275322308e-03
6.064903155428409687e-03
6.068753529136894538e-03
6.073370647254268222e-03
6.074620504903005015e-03
6.077310169564896676e-03
6.081100717924093312e-03
6.083396980643137469e-03
6.084628922229935559e-03
6.087936323023204928e-03
6.092166275967010082e-03
6.094504171289073791e-03
6.095097626761653703e-03
6.099946724024998129e-03
6.103519404667035950e-03
6.106064874945015333e-03
6.109433296635804513e-03
6.113764779068381686e-03
6.115027298533030203e-03
6.118837559179071336e-03
6.121452910416424857e-03
6.127605367468787548e-03
6.128878934338161458e-03
6.132339360572057127e-03
6.135930898777655976e-03
6.137746906161496013e-03
6.142898724855661539e-03
6.145397297180532278e-03
6.149311719826837212e-03
6.153600969623040234e-03
6.154006902379235630e-03
6.158481433678805912e-03
6.162372295299024111e-03
6.163193694235320243e-03
6.170095158344527167e-03
6.174450977115913085e-03
6.177691947448251709e-03
6.178073102504228267e-03
6.179791689978257271e-03
6.182367730747390794e-03
6.187980224284792170e-03
6.190706437611369697e-03
6.192236627331375483e-03
6.195465569490199616e-03
6.203267300178512411e-03
6.204715883812193973e-03
6.206607483529556074e-03
6.207322921696298637e-03
6.209212168522033545e-03
6.217137818246129891e-03
6.218417540170832931e-03
6.221485279195990668e-03
6.226379431606803884e-03
6.227837891307176459e-03
6.230265916829381100e-03
6.232059853178448759e-03
6.233203508350270393e-03
6.237181710827084322e-03
6.242660296364451779e-03
6.244128647015510444e-03
6.246155473081955317e-03
6.246577007730783580e-03
6.255504509390693961e-03
6.257831891760949096e-03
6.259523530854285353e-03
6.261688715685877378e-03
6.264607383867817035e-03
6.266554151676500053e-03
6.267151650467867388e-03
6.272971919584122841e-03
6.278240847337667949e-03
6.281628005410492405e-03
6.284372655201886544e-03
6.287394769143584729e-03
6.290560482753919033e-03
6.293991518268974260e-03
6.296200200544039768e-03
6.302352535506424575e-03
6.305043487110187014e-03
6.307738266412587537e-03
6.310990134470190888e-03
6.313801610792983861e-03
6.318118466450717632e-03
6.321977840930438457e-03
6.323795565280061586e-03
6.327017205374216649e-03
6.329655136644012081e-03
6.332810741560282279e-03
6.333893409534022308e-03
6.337833566476624471e-03
6.341012800523280514e-03
6.342173170940547736e-03
6.349421539812073571e-03
6.352143974038663293e-03
6.356098414042986658e-03
6.358305886549939223e-03
6.362904907786953203e-03
6.363812694273879647e-03
6.364064129375753172e-03
6.370396896981878054e-03
6.372131629167518060e-03
6.373152664056545846e-03
6.381006391360364086e-03
6.382599338443101754e-03
6.385438385158342077e-03
6.389167035005451946e-03
6.394938771152306259e-03
6.397177811539380386e-03
6.398642277635841792e-03
6.402746040145656722e-03
6.405557168845869669e-03
6.409043353856677151e-03
6.414916857248963329e-03
6.416674049544258268e-03
6.420412234289163932e-03
6.425445948449751143e-03
6.427050238582844577e-03
6.431256449367535148e-03
6.435118829085000394e-03
6.438146194426725213e-03
6.443028234605053216e-03
6.447500096742955766e-03
6.451244485115765342e-03
6.453915600388418841e-03
6.455752484226938426e-03
6.458549005690686698e-03
6.462410020763842931e-03
6.466087863613008933e-03
6.468035526392885461e-03
6.470716671847403720e-03
6.475543907325766874e-03
6.478072974773968658e-03
6.482814227103009946e-03
6.484004579637589472e-03
6.488925695127364078e-03
6.494312719734443400e-03
6.496590692088067415e-03
6.498433583679266018e-03
6.500923421804637690e-03
6.505255186294012053e-03
6.508396596985791156e-03
6.512293653610089390e-03
6.514313112245752498e-03
6.519730193838054605e-03
6.523132592846226166e-03
6.524693796922634466e-03
6.526251247209985396e-03
6.531192208737148126e-03
6.534277370829168381e-03
6.540801355596064480e-03
6.545478060931538868e-03
6.547899570284186448e-03
6.550063208660118763e-03
6.551907607108751336e-03
6.553971405191819782e-03
6.558317685641074438e-03
6.564225903219506053e-03
6.566730862225879026e-03
6.569616737625543455e-03
6.572085437750522542e-03
6.577047454053728572e-03
6.578110708794994779e-03
6.583066924288845378e-03
6.584751407747531718e-03
6.588486059602356205e-03
6.591046363871358969e-03
6.596653965697590535e-03
6.599482277303126039e-03
6.604321512198440582e-03
6.608096081724257505e-03
6.609074965943709072e-03
6.614997015935908040e-03
6.618278926071067061e-03
6.620785957777050937e-03
6.623260508318791311e-03
6.626485940678949332e-03
6.629925724444446326e-03
6.631916547943620885e-03
6.634930841858816854e-03
6.637813132470122765e-03
6.643186088924404008e-03
6.644743187694824790e-03
6.649774424730668827e-03
6.651869913561580909e-03
6.657394673736313773e-03
6.662373237451621813e-03
6.663886444980039736e-03
6.665438978302924006e-03
6.667987902919333271e-03
6.671900010274151895e-03
6.678619559210919113e-03
6.681300717094995623e-03
6.683777449575044848e-03
6.685598485036764287e-03
6.688437255023931861e-03
6.690115063993059934e-03
6.695232797348409266e-03
6.698796711684580109e-03
6.707425682765915352e-03
6.708658097504008495e-03
6.711081140216957654e-03
6.714282197415135690e-03
6.722304522573401345e-03
6.723397278378726201e-03
6.726313615840361602e-03
6.727401378957162566e-03
6.730412999526157874e-03
6.732559861994052465e-03
6.737983315924860397e-03
6.743316941037714833e-03
6.744713251203632819e-03
6.746868896946515808e-03
6.750309431576955073e-03
6.751869168312909369e-03
6.754591897591286781e-03
6.756495129777400147e-03
6.763557683490829808e-03
6.766540595400197602e-03
6.766975633500501783e-03
6.769235656135245277e-03
6.775324939539098534e-03
6.777981330498983846e-03
6.782400673748070416e-03
6.785941897163455701e-03
6.788937894782151247e-03
6.792492612889968612e-03
6.794909779587335677e-03
6.798900654696299860e-03
6.802822020469230513e-03
6.808845163915033458e-03
6.810855471472884379e-03
6.817152659170703198e-03
6.818568544452704820e-03
6.820262896102624074e-03
6.825253825549715270e-03
6.829188973840737142e-03
6.831911390221408545e-03
6.834037571773391925e-03
6.837389421277890317e-03
6.838995841546945467e-03
6.842676074730985082e-03
6.847871741677483484e-03
6.849828858430995204e-03
6.852413773000173326e-03
6.857481910704914599e-03
6.858077555136765299e-03
6.865284414708663387e-03
6.865484890084710620e-03
6.870866377129969393e-03
6.873501325262912701e-03
6.877178245718112808e-03
6.878189682325683632e-03
6.884801992585195748e-03
6.886805074672100284e-03
6.888161294569069074e-03
6.891643539267890139e-03
6.894100933505227340e-03
6.898769612812644288e-03
6.903316029272274328e-03
6.906730808067159007e-03
6.908584084303484932e-03
6.911387734685994072e-03
6.915409846559152605e-03
6.921422083853138833e-03
6.923393429827724536e-03
6.928456498387183457e-03
6.932355415688628772e-03
6.935400786631790507e-03
6.939718690915494190e-03
6.942221927323210563e-03
6.945487183814651189e-03
6.949992980550581158e-03
6.954047546860727368e-03
6.955973191105607745e-03
6.960455824496595938e-03
6.963195805210915454e-03
6.968103780654420244e-03
6.968955897273588530e-03
6.972147743562902809e-03
6.980122018330392822e-03
6.982144800283783710e-03
6.987552828237385966e-03
6.990381821272519981e-03
6.991699644080208963e-03
6.994901861349446179e-03
6.999265709360464639e-03
7.000871275767562088e-03
7.003213402621859783e-03
7.009633742374302146e-03
7.011212701772531752e-03
7.015061005268012108e-03
7.020418584964475787e-03
7.023998223179304945e-03
7.030911060999643636e-03
7.033937747864926759e-03
7.035167723211557637e-03
7.038599697067103242e-03
7.039155156490333777e-03
7.044109536081187041e-03
7.047395656886042657e-03
7.051225128244865623e-03
7.053753153308965629e-03
7.057151147500612641e-03
7.062017642903982081e-03
7.064432716241239758e-03
7.067236674929883861e-03
7.071862409838159877e-03
7.075165230378403433e-03
7.077489046179601985e-03
7.080724598343640305e-03
7.087559128792343330e-03
7.090240210107801207e-03
7.094458259996955923e-03
7.095859556150462856e-03
7.103298442032500090e-03
7.106869143292840300e-03
7.108791616312127790e-03
7.111080991331782813e-03
7.113801964768732243e-03
7.118426489732852108e-03
7.121339433419901499e-03
7.127489168646994680e-03
7.128651198850242433e-03
7.130517535467716453e-03
7.134429424321315355e-03
7.134803743238977633e-03
7.143200626946806693e-03
7.144255670391340927e-03
7.148023452087502727e-03
7.153061386994573161e-03
7.157684899816132290e-03
7.163553730286531356e-03
7.165562930983248278e-03
7.175222693835019150e-03
7.175885204238256418e-03
7.176691627818074237e-03
7.180770438457154646e-03
7.183605719582777070e-03
7.186489662706237874e-03
7.192342438015090350e-03
7.194618444446459517e-03
7.197626226151580472e-03
7.202049311683746818e-03
7.207964792827649750e-03
7.211070672074350145e-03
7.214526105041546393e-03
7.217691385645045449e-03
7.224717165555968532e-03
7.229114018487313269e-03
7.231278825396270267e-03
7.235027407069896666e-03
7.236813170235894752e-03
7.239972358290215973e-03
7.242471064214348574e-03
7.244506460945846979e-03
7.249976465592209741e-03
7.253335954787908969e-03
7.258451901335801100e-03
7.260503283311739268e-03
7.266204047812302794e-03
7.272701457032063575e-03
7.278667230377075872e-03
7.284207762701979706e-03
7.285887557344787081e-03
7.288318389161595537e-03
7.290319413581824136e-03
7.296005934468535910e-03
7.300528907401408925e-03
7.301916986048980623e-03
7.305182140043694865e-03
7.306841594395931463e-03
7.314942897606625805e-03
7.317561751277369513e-03
7.319786951374647466e-03
7.322432154682475408e-03
7.326351888139055399e-03
7.328560280652149546e-03
7.336869111698604562e-03
7.340936875571083681e-03
7.343531562822711543e-03
7.346617904470006434e-03
7.348333342970925393e-03
7.355798442271475716e-03
7.357233638985404001e-03
7.360677002058925444e-03
7.365131917515779086e-03
7.372217900799569838e-03
7.374903658134653039e-03
7.377597336729803390e-03
7.379009212523125576e-03
7.382407098788629739e-03
7.387930297177889086e-03
7.394981571836528773e-03
7.401987048855791437e-03
7.402097787923498859e-03
7.403724783279252639e-03
7.409740526090758360e-03
7.411792589168606643e-03
7.417100390002419504e-03
7.420351026417914241e-03
7.427300030629369228e-03
7.428400850811485434e-03
7.430475203259748196e-03
7.432453269234658329e-03
7.437010513559842197e-03
7.449124672446003938e-03
7.453646724268341017e-03
7.455539900158701661e-03
7.459668097753665433e-03
7.461251314577599554e-03
7.464547471075420187e-03
7.468232388218265690e-03
7.472310063605916777e-03
7.477359692640413169e-03
7.482227056188141961e-03
7.485933320784498961e-03
7.489337330346753849e-03
7.491151072817089744e-03
7.495399020593747873e-03
7.497735642041788821e-03
7.507093286551618644e-03
7.508320908790262413e-03
7.510002855022983835e-03
7.515058309729253337e-03
7.519751924547720366e-03
7.520872856262319356e-03
7.523913641455316076e-03
7.531159821630165757e-03
7.532055078255892391e-03
7.536352490694222736e-03
7.540680057140647374e-03
7.545069301766272295e-03
7.547291992016856056e-03
7.548434255472863917e-03
7.549062053828620861e-03
7.555587345175355206e-03
7.561313497716116647e-03
7.562805267484034623e-03
7.569693607239546575e-03
7.571233538916991891e-03
7.573568981847925152e-03
7.579049784192108848e-03
7.579558627979646711e-03
7.587747499173126166e-03
7.590137505449668504e-03
7.591302561238905469e-03
7.594981945330754429e-03
7.599444805638357579e-03
7.604017887271346914e-03
7.609240703799693625e-03
7.612491226184083491e-03
7.617338033119170140e-03
7.619178982881504372e-03
7.624330381465328418e-03
7.628689746510546217e-03
7.635618688993628042e-03
7.637561359883827776e-03
7.642040203816594796e-03
7.644764152175593380e-03
7.652161925108189044e-03
7.655154793308538604e-03
7.656983846609945361e-03
7.659229233823455427e-03
7.660813526156579067e-03
7.669981644266408646e-03
7.674107136700689287e-03
7.676134321510018517e-03
7.679002898465509333e-03
7.686601407824133342e-03
7.688805624811298998e-03
7.690436274228562748e-03
7.695396171315477610e-03
7.699917950662327204e-03
7.702005997861055553e-03
7.706068378906813857e-03
7.708302438173894079e-03
7.710895002240790615e-03
7.713268646809452907e-03
7.720629996905821468e-03
7.723417929048368401e-03
7.729716687734858836e-03
7.733227282107200951e-03
7.736409830951379400e-03
7.739593539516967033e-03
7.743834368007601610e-03
7.747098233302955952e-03
7.752322346242002810e-03
7.758424114331099151e-03
7.759212284562070662e-03
7.761440805213779860e-03
7.767617955035600180e-03
7.769788263807239637e-03
7.773704765064040970e-03
7.778879575549542749e-03
7.787036934674215413e-03
7.789864115734089489e-03
7.790341745787793606e-03
7.792457218206635082e-03
7.802668073303143520e-03
7.804187408092548225e-03
7.806727753011030550e-03
7.808315483849379533e-03
7.809921284591779013e-03
7.815589025795181485e-03
7.820311517156872810e-03
7.823494849015276767e-03
7.829352070069085442e-03
7.830105225033618874e-03
7.835248940268216972e-03
7.841545682057205965e-03
7.845543746156948689e-03
7.853052394613691672e-03
7.855605119267678946e-03
7.856295935805340455e-03
7.863206258772622442e-03
7.864408308125250824e-03
7.868909358705659246e-03
7.873404910970391649e-03
7.879008684657755682e-03
7.880484995483801394e-03
7.884221149187606997e-03
7.885474237289479688e-03
7.890523990857106415e-03
7.893151691273074533e-03
7.896829243915286581e-03
7.901297823120061528e-03
7.905788691225039411e-03
7.908197710470419098e-03
7.911246983128139912e-03
7.917581434511357374e-03
7.924263214334060015e-03
7.927061636810794204e-03
7.931093793461622965e-03
7.932961735309418047e-03
7.940022054581146599e-03
7.943567616467276868e-03
7.948732051925625278e-03
7.951181976283390809e-03
7.954340273590501664e-03
7.957107614870298495e-03
7.957758568090276749e-03
7.961426790320507568e-03
7.962753332634865330e-03
7.967716733507435034e-03
7.976488015926997896e-03
7.979824445472159106e-03
7.984933510285873934e-03
7.987600342074361107e-03
7.991292914383746337e-03
7.995486035180956672e-03
7.998334019257908808e-03
7.999729349846019036e-03
8.005467355583023581e-03
8.008474941775391848e-03
8.009651969010381928e-03
8.016940325429069286e-03
8.022063804843109977e-03
8.024140110031392770e-03
8.028923856478003412e-03
8.030895589682248911e-03
8.039530204024900734e-03
8.044443835350771274e-03
8.050663378469338771e-03
8.051812431015778829e-03
8.054379164151191303e-03
8.063689606863150630e-03
8.065705594884195126e-03
8.071379479481100711e-03
8.076452217997584851e-03
8.082120450953170568e-03
8.087004688928671123e-03
8.090800190319245161e-03
8.092545324119525957e-03
8.095489113967376318e-03
8.106883082075990593e-03
8.108859077873731280e-03
8.114137168701495914e-03
8.122061506560666541e-03
8.124663148991417144e-03
8.129599967990994158e-03
8.132031901384005265e-03
8.135781666971136222e-03
8.141199101201439595e-03
8.146304722967843623e-03
8.149272126567913208e-03
8.153843578189249111e-03
8.156486574950270671e-03
8.161106556792736486e-03
8.164982090094148603e-03
8.165584996709659288e-03
8.172360212432923723e-03
8.178022717806241598e-03
8.180805139660995637e-03
8.187990584242514636e-03
8.193140417946324916e-03
8.194884657160688216e-03
8.197492077766661833e-03
8.201613544259970384e-03
8.206708377669546736e-03
8.210067375298403178e-03
8.215666901138648018e-03
8.218279457602331237e-03
8.224711045707901874e-03
8.227710877785945551e-03
8.235409266478524101e-03
8.236943381243561069e-03
8.242512627877701670e-03
8.247392284910207497e-03
8.249705131105223438e-03
8.251887832277310722e-03
8.259200482069562615e-03
8.263383521646976496e-03
8.270655762934935734e-03
8.277136511717610168e-03
8.281448276957826746e-03
8.284111020143746298e-03
8.287851117474959173e-03
8.293162903768502500e-03
8.297880259980662532e-03
8.298440938117900012e-03
8.305246775398822043e-03
8.305518924394060878e-03
8.309884041123084125e-03
8.317074972376855072e-03
8.320598270820746267e-03
8.324553259878691644e-03
8.329367528875669668e-03
8.333112771481859457e-03
8.340153953262265454e-03
8.347186499281849734e-03
8.349757673653337292e-03
8.354208874784309347e-03
8.356068806379148700e-03
8.362481145501093546e-03
8.363425038898003594e-03
8.367834993644001490e-03
8.372451389995129445e-03
8.383738425396783725e-03
8.384592978110224498e-03
8.390686140618301356e-03
8.391036847022147888e-03
8.392833584453082002e-03
8.398361034235590078e-03
8.401055289875197785e-03
8.407895259048081896e-03
8.409050109104343126e-03
8.418726491351122623e-03
8.422886711910172394e-03
8.423705982350681784e-03
8.428707606514544010e-03
8.431596432247142128e-03
8.436255589000957525e-03
8.439487485167405240e-03
8.449238528470834342e-03
8.452949420345464565e-03
8.453866404821623257e-03
8.458493663711322968e-03
8.464955908818589531e-03
8.467434031018829244e-03
8.468952758316555460e-03
8.470985243104028548e-03
8.477031098477113072e-03
8.486332833788287622e-03
8.489376898689417889e-03
8.495195065559483713e-03
8.501152187842564087e-03
8.504164488976808517e-03
8.510834644350626782e-03
8.514365481766181937e-03
8.515360757009397472e-03
8.518901587727488803e-03
8.523555814298363481e-03
8.525083943581857754e-03
8.527404799907096003e-03
8.536764064128845100e-03
8.540047089968577990e-03
8.544004378269997799e-03
8.550161413761667856e-03
8.555826576617820214e-03
8.560027899208072152e-03
8.561425828234608612e-03
8.566673160356055167e-03
8.575128301281985041e-03
8.582173741134832556e-03
8.587914174431962241e-03
8.590761151917003860e-03
8.592791641514488030e-03
8.597614756378621145e-03
8.598721821584706659e-03
8.609057117479713278e-03
8.610281382543837764e-03
8.616158179709881154e-03
8.617956917462856956e-03
8.621741664011894554e-03
8.626009996076437064e-03
8.631100646650005301e-03
8.634858494278674010e-03
8.636987991119036284e-03
8.640942015152796099e-03
8.642625915976136219e-03
8.653996969550997384e-03
8.655697457058386321e-03
8.658844109574183670e-03
8.665566874373769116e-03
8.667339583052055887e-03
8.672387416831474002e-03
8.673918739124932345e-03
8.680789007986912734e-03
8.690925023338290020e-03
8.693577782563174927e-03
8.702132605744244270e-03
8.703802752557648209e-03
8.709825028854352100e-03
8.713933217434268602e-03
8.720187961715907335e-03
8.721431909867497292e-03
8.727148678048904026e-03
8.732583624508684708e-03
8.734160748305038954e-03
8.744326828381219704e-03
8.749667494168880330e-03
8.752888854414010364e-03
8.755765999741742939e-03
8.760408462832974114e-03
8.768110812757485412e-03
8.768855887656740525e-03
8.776402598777603009e-03
8.779696461781666753e-03
8.788198051171617828e-03
8.790296953362709484e-03
8.794262879950527981e-03
8.796725732758062591e-03
8.804934251141505533e-03
8.810474345484414077e-03
8.816208940695836188e-03
8.818411915601334292e-03
8.821631451809162916e-03
8.827622545861424017e-03
8.830821219551284254e-03
8.836111287988120122e-03
8.840620141663917131e-03
8.848193859595746003e-03
8.848534512554368653e-03
8.853430991834080818e-03
8.860586317483494512e-03
8.864990558783885158e-03
8.868295859186308902e-03
8.874206363018579541e-03
8.877933557715810345e-03
8.884778345660522200e-03
8.885120122161175096e-03
8.891063395827712018e-03
8.900041648097803751e-03
8.901369111670271242e-03
8.909496038308917926e-03
8.911477553838052790e-03
8.914024534737876801e-03
8.918528434046496881e-03
8.921837388447326558e-03
8.923946285527612279e-03
8.930669715676539319e-03
8.931813928533873306e-03
8.939361406437291643e-03
8.945517636379631335e-03
8.952651529612876830e-03
8.956793121905290769e-03
8.962102498174655610e-03
8.967319454745242835e-03
8.971192882615832212e-03
8.975470416688656819e-03
8.979129425332806058e-03
8.985189647509654598e-03
8.991157602862405451e-03
8.995458259763793388e-03
8.998749969134304388e-03
9.004603573930970370e-03
9.008580749727483628e-03
9.016037242196772369e-03
9.018146167596323426e-03
9.023258972948585560e-03
9.026045116138506699e-03
9.031831784477412431e-03
9.035391424444922173e-03
9.041590197715469387e-03
9.045599875077180510e-03
9.053715950915416227e-03
9.059922676017569815e-03
9.063889232111209046e-03
9.069535059228547511e-03
9.073033879641811961e-03
9.077337007164450883e-03
9.081415034501712918e-03
9.083412405518178842e-03
9.087787537446448405e-03
9.093940369788926920e-03
9.098870493382024693e-03
9.100617463155534839e-03
9.101743042776666570e-03
9.105518439456438198e-03
9.114977869876477942e-03
9.116328383635656160e-03
9.120017634927458927e-03
9.128692230194362586e-03
9.132870291878118427e-03
9.139774620820932671e-03
9.144076913366348813e-03
9.153755847015880576e-03
9.155607412397214970e-03
9.161973770446607893e-03
9.167167888451864532e-03
9.172891162622471770e-03
9.174894006215340153e-03
9.179030208904424490e-03
9.183940648122005529e-03
9.186617292190731032e-03
9.191124354867481056e-03
9.196671683220695309e-03
9.202387028393526486e-03
9.207307339470028121e-03
9.212195559300966063e-03
9.215722981453993573e-03
9.219726014565193806e-03
9.226041300585840002e-03
9.235476959248152540e-03
9.239726668292574246e-03
9.244229479427731530e-03
9.247016056706660464e-03
9.251193520108579038e-03
9.260089606654996197e-03
9.261804407362786082e-03
9.268738949590514184e-03
9.271529455283668980e-03
9.277031020055769364e-03
9.282361942345366060e-03
9.285479895189947472e-03
9.289201010515214102e-03
9.293892414395446555e-03
9.303278935324369933e-03
9.306315159512242724e-03
9.309425106726193500e-03
9.312131577174935851e-03
9.319614425853529893e-03
9.328550018149535383e-03
9.333103772445425911e-03
9.335161116608148291e-03
9.346879749855735442e-03
9.350126230764928270e-03
9.356033279376422748e-03
9.359709299503931115e-03
9.364972207162603965e-03
9.368786208108229041e-03
9.372038468443479389e-03
9.377203893675854426e-03
9.380039365599977114e-03
9.382768049902054375e-03
9.387280767572253604e-03
9.394789287949924933e-03
9.398224323713713982e-03
9.403807797268935037e-03
9.408182127994468499e-03
9.415560518337907220e-03
9.421086908797190670e-03
9.427633309346875740e-03
9.429240921293135722e-03
9.432417762142562834e-03
9.436902864399727628e-03
9.441028220921793626e-03
9.447393489373052608e-03
9.448386997453501329e-03
9.451133612215709134e-03
9.457177291738333783e-03
9.463412746156450034e-03
9.466228626949941757e-03
9.474437040389058901e-03
9.481529780902227256e-03
9.483720061484960523e-03
9.484836915908937197e-03
9.490283634555533518e-03
9.498647406762407430e-03
9.500366344669317065e-03
9.502898252428797557e-03
9.510767156933677691e-03
9.518086228975987731e-03
9.521694379270924380e-03
9.525690883529122979e-03
9.532077334052931061e-03
9.534649224087940120e-03
9.537004106318967486e-03
9.547380217985504056e-03
9.548485358313917384e-03
9.554351973417607793e-03
9.561386216742309707e-03
9.565551202617478613e-03
9.572116577767584081e-03
9.579455265005016804e-03
9.582905725204168487e-03
9.587336459569087768e-03
9.600535162472704012e-03
9.601718245656235343e-03
9.605228293531251765e-03
9.610718768122300873e-03
9.619903208986290907e-03
9.622547631826874198e-03
9.630026650778361619e-03
9.631768389426051055e-03
9.635274289126805058e-03
9.637926876090783038e-03
9.644052763071779555e-03
9.649018190948540491e-03
9.657844851674467559e-03
9.661513670242632273e-03
9.669904296421755197e-03
9.671593506728262679e-03
9.673719724794763164e-03
9.680660370918385202e-03
9.686550224494563932e-03
9.690987374144210270e-03
9.698014619540866119e-03
9.699759745286458054e-03
9.705688247041006217e-03
9.707159918102420404e-03
9.711473336269359560e-03
9.721083525174983517e-03
9.723775378632178168e-03
9.732327286400025909e-03
9.738093930530209927e-03
9.746184323803492450e-03
9.749655056342542911e-03
9.750352356630272513e-03
9.760202137733438310e-03
9.765891804057439188e-03
9.772133267151520211e-03
9.773354322292400823e-03
9.775367060156775478e-03
9.779729447411643350e-03
9.791326388014880144e-03
9.796128724267426716e-03
9.799018686548215465e-03
9.810911442431784202e-03
9.814258474057429779e-03
9.819149558360263513e-03
9.827744765584451106e-03
9.830617733759353452e-03
9.837172009783507268e-03
9.841470635195031721e-03
9.850521834744148039e-03
9.854071933097145394e-03
9.859773413276999923e-03
9.864339929913283275e-03
9.868470961986742715e-03
9.872066731516568328e-03
9.875430064308110198e-03
9.883006386408710320e-03
9.892191297443155007e-03
9.894621487773206520e-03
9.900076622730163284e-03
9.909447349354861059e-03
9.910819258077355892e-03
9.912980624033621707e-03
9.920958437793569312e-03
9.924791351456059216e-03
9.931983738992457636e-03
9.941488056895951553e-03
9.945275922797315940e-03
9.948315439780018934e-03
9.954335114617839445e-03
9.959723631836919777e-03
9.964786351031148376e-03
9.966230847619543531e-03
9.976079363607346165e-03
9.982384250512923302e-03
9.988907020832217890e-03
9.991502767926960932e-03
9.996567243713457007e-03
9.999607450138107978e-03
1.000962477241493752e-02
1.001156715479420076e-02
1.001682064165401384e-02
1.001832120494608284e-02
1.002505911941441348e-02
1.002708001765184945e-02
1.003905679069233212e-02
1.004208047060840131e-02
1.004439276564798866e-02
1.005056783453555508e-02
1.005628008135965937e-02
1.006059569396108161e-02
1.007048084573395827e-02
1.007758135858796179e-02
1.008569926581874554e-02
1.009632764083630806e-02
1.009990726839120334e-02
1.010346818443720249e-02
1.011226758806540484e-02
1.011324180651656211e-02
1.011838463437883529e-02
1.012407682411404185e-02
1.012888446195252257e-02
1.013055863025402736e-02
1.013347388951779324e-02
1.014433087841206012e-02
1.014742006801783863e-02
1.015388814320230051e-02
1.015740189918548989e-02
1.016686934757215534e-02
1.017012718942175882e-02
1.017515756649102140e-02
1.017874146689015311e-02
1.018402357659593110e-02
1.019123821242483470e-02
1.019683529804947877e-02
1.020024719738876588e-02
1.020814511454062705e-02
1.020836368555658874e-02
1.021940700218830836e-02
1.022372292532899331e-02
1.022839864096840821e-02
1.023553360173119764e-02
1.023653857061387722e-02
1.024346040429593291e-02
1.024628521867745369e-02
1.024941945155412489e-02
1.025586104097225837e-02
1.026703573871448442e-02
1.027145341516458830e-02
1.027878987217087890e-02
1.028688520725932337e-02
1.029943220316947329e-02
1.030427993808888214e-02
1.030615297659751364e-02
1.030921501709225994e-02
1.031913939211391400e-02
1.032560611684935591e-02
1.033330405527846559e-02
1.034081631158323585e-02
1.034744956587950980e-02
1.035347247702224707e-02
1.035663049168302277e-02
1.036276455951287874e-02
1.036879046503606100e-02
1.037474780668565591e-02
1.038304155273611119e-02
1.038593764492912186e-02
1.039395636989988783e-02
1.039742083191820717e-02
1.039949833768412553e-02
1.040819382387956661e-02
1.041201206215322875e-02
1.042170705602987746e-02
1.042431224227158282e-02
1.043448289709060853e-02
1.043846660470781895e-02
1.044337993488518058e-02
1.044781595780984278e-02
1.045448215750759136e-02
1.046261071048461624e-02
1.046712860148425739e-02
1.047665022675090332e-02
1.048008940429481610e-02
1.048345286768591345e-02
1.048465683893401619e-02
1.049616423858861121e-02
1.049968942272697971e-02
1.050105370397396744e-02
1.050478651284385105e-02
1.051145969480850144e-02
1.051732758367846313e-02
1.052246937322384550e-02
1.053259123925378085e-02
1.053652624601870286e-02
1.054398695993549219e-02
1.055183417108909553e-02
1.055281698699966908e-02
1.056456428285027817e-02
1.056655360110279711e-02
1.057286085179475268e-02
1.057792519125434066e-02
1.058154913294300642e-02
1.058682150417230607e-02
1.059276661804780216e-02
1.059552953786734204e-02
1.060421484116183359e-02
1.060967780557043640e-02
1.061378507621611907e-02
1.062033786395132073e-02
1.062704049355028650e-02
1.063516754610102123e-02
1.064102523857453006e-02
1.064622824949898114e-02
1.064808042602019382e-02
1.065505698346764195e-02
1.066129468605002059e-02
1.067004943113411194e-02
1.067490757029227258e-02
1.067610098564661901e-02
1.068307563242886990e-02
1.068737180730170398e-02
1.069219174860451711e-02
1.069776570356894066e-02
1.070256106160229377e-02
1.070508965702819844e-02
1.070979472871931917e-02
1.072166809736471195e-02
1.072676103134140822e-02
1.072997287379794974e-02
1.073928616273372300e-02
1.075018910666130159e-02
1.075328807296759004e-02
1.075592520558928296e-02
1.076059200512068277e-02
1.076400743584802859e-02
1.077103366693902761e-02
1.077459117878790638e-02
1.078339939434226277e-02
1.078802462764927132e-02
1.079490271037653916e-02
1.079709227901588103e-02
1.080276645512719992e-02
1.081617782404193338e-02
1.082192378950522400e-02
1.082370574443777649e-02
1.083284731080192027e-02
1.083391568547705484e-02
1.083638242592376531e-02
1.085239982139647730e-02
1.085697483104972570e-02
1.086197977966558807e-02
1.086661585724653725e-02
1.087722419910711405e-02
1.088368152198087441e-02
1.088429140055319905e-02
1.088674032267476603e-02
1.089490574810772321e-02
1.089938351191247802e-02
1.091023309718270988e-02
1.091206730399065829e-02
1.091717703438705063e-02
1.091981956096839054e-02
1.093066461889774174e-02
1.093519150547645792e-02
1.093581732249983805e-02
1.094376126811287195e-02
1.095582292269621678e-02
1.095897679100293898e-02
1.096344308204109941e-02
1.096998244949287833e-02
1.097566193252812010e-02
1.097857573015631819e-02
1.098385194782320294e-02
1.099134323155757584e-02
1.099463070725799699e-02
1.101181319615170649e-02
1.101600165041233953e-02
1.101926994859266269e-02
1.102449710020256442e-02
1.102831871117489031e-02
1.103685277953527638e-02
1.104182138443253990e-02
1.104479957267147719e-02
1.105226958474849440e-02
1.105649135991040519e-02
1.106599630623369100e-02
1.107587966491283861e-02
1.107621922721716348e-02
1.108593580272226008e-02
1.108910370137770537e-02
1.110147555237881410e-02
1.110442841017139637e-02
1.111240764492400952e-02
1.111681445976923054e-02
1.112124109454040548e-02
1.112736545763933632e-02
1.113370031557551522e-02
1.114171820259874691e-02
1.114787905793965771e-02
1.115250994644572183e-02
1.116358521641188165e-02
1.116526884885277182e-02
1.117123610365516016e-02
1.118535208038583251e-02
1.118867240390792293e-02
1.119694954012050679e-02
1.120826202288447565e-02
1.121000944151704162e-02
1.121556793693095390e-02
1.122541371567646953e-02
1.123057939549473340e-02
1.123454117489568541e-02
1.124435056007035139e-02
1.125076132107608387e-02
1.125686446550864216e-02
1.126299529246376982e-02
1.126424996920964185e-02
1.126922221037101116e-02
1.127904256699719873e-02
1.129405664542080384e-02
1.129919261119684271e-02
1.130258616347308565e-02
1.130650018541138301e-02
1.131222902123047401e-02
1.132569240645942693e-02
1.132899065876886990e-02
1.133291868926673308e-02
1.133943419439296073e-02
1.134696603136137703e-02
1.135782812343977440e-02
1.136308651143238396e-02
1.137147861299777143e-02
1.137647737352374261e-02
1.138168607551251141e-02
1.139021264240254808e-02
1.139551191301403296e-02
1.140225259037162993e-02
1.140861116553240802e-02
1.141255221840661513e-02
1.141642096732287809e-02
1.142083972891157380e-02
1.142780942013524662e-02
1.143169276830444635e-02
1.143360338966638995e-02
1.145086137995093151e-02
1.145584337210788992e-02
1.146825230209774955e-02
1.147292156296344026e-02
1.148422446808414904e-02
1.148983689459906130e-02
1.149524784318645652e-02
1.149587269390964402e-02
1.150574087170300186e-02
1.151228285676822449e-02
1.152481368203868602e-02
1.152633640956768867e-02
1.153369071239303788e-02
1.153547499287928095e-02
1.153727102411879375e-02
1.154337989777542810e-02
1.155072746165761513e-02
1.155967930261566148e-02
1.156921910973826746e-02
1.157237358884388376e-02
1.158453188402991212e-02
1.158906054016775600e-02
1.159437605051701937e-02
1.160091968798576852e-02
1.160342948343515319e-02
1.161281185347378189e-02
1.161723023706882560e-02
1.162251888538223636e-02
1.163229742864683829e-02
1.163719573138425993e-02
1.164410873434097542e-02
1.165199376185524840e-02
1.166244254927863849e-02
1.166325322971374645e-02
1.166676148034720938e-02
1.167050247093393521e-02
1.167586966494286831e-02
1.168232770525469595e-02
1.168851023512905950e-02
1.169132194551549507e-02
1.169438566154401907e-02
1.170665358803889798e-02
1.170875962120473089e-02
1.171963136638445695e-02
1.173104743927096995e-02
1.173897360652024005e-02
1.174339774660882428e-02
1.175000235795500142e-02
1.175732217604257175e-02
1.176455749841415037e-02
1.176819999971026251e-02
1.177449678545330544e-02
1.177959253443777894e-02
1.179041196480307835e-02
1.179299083601005604e-02
1.180010023734489287e-02
1.180427408332718198e-02
1.181039140210798401e-02
1.181951410190154074e-02
1.182175454925431766e-02
1.182797406206062552e-02
1.183746159886431802e-02
1.184607569537508322e-02
1.185343986867508533e-02
1.185474338311480989e-02
1.186322324965116519e-02
1.187094079521726180e-02
1.188097252682066528e-02
1.189361040661638703e-02
1.189815244890630314e-02
1.191012340891046788e-02
1.192018044419093127e-02
1.192733500873305319e-02
1.193158717170254152e-02
1.193864302127414095e-02
1.194346374888391113e-02
1.195135617702151182e-02
1.195662649214223119e-02
1.196294363909658660e-02
1.196551209085910776e-02
1.196950505364785707e-02
1.198135401611545234e-02
1.198485411497137582e-02
1.199009089686294341e-02
1.199878632141827134e-02
1.200628209718528419e-02
1.201368051408693155e-02
1.202212652424146898e-02
1.202809474239355941e-02
1.202889770342371704e-02
1.203353812730844317e-02
1.204965905880480553e-02
1.205571282989473074e-02
1.205982540820928553e-02
1.206933240908277319e-02
1.207398441109266106e-02
1.207711648340927327e-02
1.208708000071989988e-02
1.209412376925916854e-02
1.209838962387490592e-02
1.210296752812521984e-02
1.210935028527291603e-02
1.211553154903046402e-02
1.212461850811755171e-02
1.213113402395381464e-02
1.214054359183676379e-02
1.214799458515404898e-02
1.216006959093809091e-02
1.216388125777051119e-02
1.216731289395011489e-02
1.217192422587064227e-02
1.217837658923988549e-02
1.219167816887118706e-02
1.220448087601976386e-02
1.220605649941913437e-02
1.221988945123493250e-02
1.222765770094473917e-02
1.223288237864034872e-02
1.224212249928194329e-02
1.224738631540393287e-02
1.225223303781115824e-02
1.225803729647718422e-02
1.226706273055996714e-02
1.227254833062988749e-02
1.228036445167390509e-02
1.228448397811224453e-02
1.229941715803930039e-02
1.230674071008171049e-02
1.231556457934795783e-02
1.231623896901414342e-02
1.232458831250493429e-02
1.233297633660765738e-02
1.233832130948221521e-02
1.234383694628890180e-02
1.234722923658388392e-02
1.235668887760268259e-02
1.235948926073342571e-02
1.237107467435876948e-02
1.238169969112897298e-02
1.238687466168352479e-02
1.238992214692167040e-02
1.239669643841547625e-02
1.240543197255104813e-02
1.241009173025957660e-02
1.241717315910182556e-02
1.242068074092203718e-02
1.243053170629346803e-02
1.243654099734744709e-02
1.244868966493966993e-02
1.245031244939673494e-02
1.245390408544847123e-02
1.246281198457462221e-02
1.246726162761160016e-02
1.248141201715646104e-02
1.248397690244584107e-02
1.249526619442700541e-02
1.249830614673247409e-02
1.251060977875143899e-02
1.251378676540953333e-02
1.251921635486117311e-02
1.252419093670401919e-02
1.253780221398756965e-02
1.254286287076020190e-02
1.254730263423757021e-02
1.255893690046780767e-02
1.256325820879876203e-02
1.257089079250004772e-02
1.257533187794623343e-02
1.258045187552434517e-02
1.258876465146232040e-02
1.260082238935343428e-02
1.260158583712653151e-02
1.261315226686427794e-02
1.262083341250435156e-02
1.262316768289325694e-02
1.263261984636432876e-02
1.263354096217548898e-02
1.264314725210335597e-02
1.264670936071341477e-02
1.265766343116954233e-02
1.265846344967061499e-02
1.266734001762838749e-02
1.267215701152743512e-02
1.268107579546364459e-02
1.268668950689515185e-02
1.269030549491203391e-02
1.269646242611839441e-02
1.270032976225288560e-02
1.271976140789684087e-02
1.272656860442287173e-02
1.273539976094562910e-02
1.274063226508573808e-02
1.274463660865717170e-02
1.275840306375439909e-02
1.276699635022780777e-02
1.277364696059573451e-02
1.277695086009336331e-02
1.278646466405260890e-02
1.279759794843428160e-02
1.280281279534693784e-02
1.280639854535246293e-02
1.281914251884014137e-02
1.282746071310855544e-02
1.283295257356065200e-02
1.283488850434993771e-02
1.283883266023083843e-02
1.286174770376912607e-02
1.286252831656332397e-02
1.287218606120848693e-02
1.287852284874227947e-02
1.288282690110446882e-02
1.288479662926799579e-02
1.289491360152915378e-02
1.290003213347212276e-02
1.290334437653469467e-02
1.291119113133294867e-02
1.291757863703290633e-02
1.292700555920663075e-02
1.292801935338464513e-02
1.293405316307669022e-02
1.295245194840332487e-02
1.295813762967917490e-02
1.296415151263498669e-02
1.296729675363600398e-02
1.297158301949186826e-02
1.299051569901411504e-02
1.299291272578694152e-02
1.299821345087674544e-02
1.300810481760490862e-02
1.301579272286650622e-02
1.302214221763157986e-02
1.302700073126656158e-02
1.303247022549343555e-02
1.303700241847107789e-02
1.304678693379113588e-02
1.305458728290137538e-02
1.306839463330268340e-02
1.307091349367536792e-02
1.307620940437060481e-02
1.308408592062739774e-02
1.309296208640320543e-02
1.310065062125454968e-02
1.310587761057124129e-02
1.311770846071095079e-02
1.312664074582564448e-02
1.313558965698030309e-02
1.314060861998097088e-02
1.314284171176478139e-02
1.314714568913260065e-02
1.315274988973547804e-02
1.317015547753271586e-02
1.317586004835296851e-02
1.318408995476054793e-02
1.319205051307170001e-02
1.319545502323737560e-02
1.319981283619024205e-02
1.320422564439864554e-02
1.322235249038540908e-02
1.322860342829291526e-02
1.324125524897049391e-02
1.324456794079197607e-02
1.325500593703735248e-02
1.326686754865656799e-02
1.327293678072885216e-02
1.328189907042109756e-02
1.328834400725443891e-02
1.329077685539402191e-02
1.330038040999982282e-02
1.331311060593407675e-02
1.331920733446163851e-02
1.332480061311558557e-02
1.332682317610554661e-02
1.333608501799367525e-02
1.335201904142018642e-02
1.335676147180341229e-02
1.336191048105730105e-02
1.337361403597862528e-02
1.337965762127791072e-02
1.338259478371345637e-02
1.339222105302481126e-02
1.339811478105554753e-02
1.340258859359724775e-02
1.340999654195308179e-02
1.341714047753717227e-02
1.343035409362993218e-02
1.343997005409489943e-02
1.344735136142776941e-02
1.345824441803178048e-02
1.345952505767063039e-02
1.346789067553671136e-02
1.348136141769713803e-02
1.348481073368994372e-02
1.348805618919072039e-02
1.350490838106505401e-02
1.351455618263973889e-02
1.351567903396273113e-02
1.352987639551216266e-02
1.353404104327712507e-02
1.354462008217295621e-02
1.355490269504510022e-02
1.356302756922071751e-02
1.357012493816765579e-02
1.358022785272558486e-02
1.358809440432689683e-02
1.359312657512453011e-02
1.360512726428060593e-02
1.360758980889439050e-02
1.361582907978274061e-02
1.362085445701468299e-02
1.363334579294969880e-02
1.364377386169342808e-02
1.364601724556439334e-02
1.365556759117121308e-02
1.366422300190481449e-02
1.366885401365544074e-02
1.367151860478198720e-02
1.368393557213678016e-02
1.369231831886922289e-02
1.370099659689197509e-02
1.370495384424543113e-02
1.371669446975739073e-02
1.372094388057824507e-02
1.373136461480905721e-02
1.373593629298102900e-02
1.373960984603369781e-02
1.374506599726904761e-02
1.375755261961240407e-02
1.376299059193831879e-02
1.377693434373756728e-02
1.378426715955170800e-02
1.378690503863643294e-02
1.379594917403736444e-02
1.380218816245957179e-02
1.381465941510505793e-02
1.382031886457355148e-02
1.383352206439197526e-02
1.383856324644839458e-02
1.384474190229575442e-02
1.385457219429679643e-02
1.386256228270273116e-02
1.386613497623756866e-02
1.387575468036505999e-02
1.388416517902577550e-02
1.389188846262093963e-02
1.390416890202402292e-02
1.391300290323648110e-02
1.391853044872348039e-02
1.392979626904130783e-02
1.393089804334421422e-02
1.393413558895062292e-02
1.393798616604840536e-02
1.394556699652727688e-02
1.395063637712719816e-02
1.395596444320682840e-02
1.397264802831550169e-02
1.398985438046473906e-02
1.400188478057764162e-02
1.401125978240312306e-02
1.401404681846134086e-02
1.401448055848348966e-02
1.402567994843607023e-02
1.403507377476598435e-02
1.404260742966307977e-02
1.404371220254278449e-02
1.406048216992016736e-02
1.406600515499445252e-02
1.407410509116988756e-02
1.408225725475787879e-02
1.409027443664873265e-02
1.409309284936317852e-02
1.410319609455456744e-02
1.411705775507362572e-02
1.412574611306746143e-02
1.412920045857481675e-02
1.413111252173637408e-02
1.413972703151351006e-02
1.415020613471469797e-02
1.416526104906787493e-02
1.416995633685446884e-02
1.418272330510791414e-02
1.418612381085700667e-02
1.419505613998562829e-02
1.420362350276588997e-02
1.421590138219303717e-02
1.423231788240358724e-02
1.423591648264864971e-02
1.424254579620467219e-02
1.424918777247718114e-02
1.425813106925645155e-02
1.426951203967704099e-02
1.427264126470305892e-02
1.427572031158769010e-02
1.428515828565200818e-02
1.429025402825817581e-02
1.429969925311415715e-02
1.431333867765108639e-02
1.432530391885023652e-02
1.433013087302215105e-02
1.434268954210250573e-02
1.435127165186159993e-02
1.436092972535827315e-02
1.436608819711665541e-02
1.437130231270010439e-02
1.437455972911056735e-02
1.438028058315165246e-02
1.438850664417855307e-02
1.440079039861144779e-02
1.441361518285150592e-02
1.441670108320828800e-02
1.442389709976256429e-02
1.444605247923243935e-02
1.444996931159197445e-02
1.445739349874265896e-02
1.446109907112216181e-02
1.447093515944235763e-02
1.447712182423536130e-02
1.448201357620553832e-02
1.449639105461981298e-02
1.450435383319790932e-02
1.450849004864254201e-02
1.451700880193279586e-02
1.452168231610657945e-02
1.453146258897894220e-02
1.453737879518990882e-02
1.454383885764126347e-02
1.455730357931628999e-02
1.456978752617277273e-02
1.457081122681132268e-02
1.457686213653010439e-02
1.458592824502941837e-02
1.459530624441711562e-02
1.460871115903514088e-02
1.461779350854916851e-02
1.462194892097638116e-02
1.462461743538994406e-02
1.463390436043523167e-02
1.464166166372704407e-02
1.464731582853619728e-02
1.464863897767324646e-02
1.466051507484033081e-02
1.466737886755605826e-02
1.467037967290689068e-02
1.467846199953593868e-02
1.468489679598215109e-02
1.469564040734241614e-02
1.471168822517605716e-02
1.471886253686905364e-02
1.472540003289019711e-02
1.472971025857112461e-02
1.473942568988776715e-02
1.474581976473355108e-02
1.475643997562491386e-02
1.476609382519152545e-02
1.477551167599673761e-02
1.477832526963927459e-02
1.478537633898264689e-02
1.479555118352204011e-02
1.480097658066547792e-02
1.481401854943264866e-02
1.482861398013107269e-02
1.483846523100154635e-02
1.484330511035856365e-02
1.484698711145897992e-02
1.485812884458380390e-02
1.486492255316589246e-02
1.487329762581081176e-02
1.487741557512530476e-02
1.488790157364149914e-02
1.489459341211676370e-02
1.490309440524015261e-02
1.490943501166115508e-02
1.491699335545564054e-02
1.492252426011396460e-02
1.492959369306097114e-02
1.493788096273614661e-02
1.495344696573876718e-02
1.496021052542947753e-02
1.496382022146127214e-02
1.497138900354124703e-02
1.498200658644367224e-02
1.499384220261821415e-02
1.499654271084653601e-02
1.500433488224163676e-02
1.501102157908661659e-02
1.501884641214581116e-02
1.503060940123707168e-02
1.503434352780312275e-02
1.504313475715536932e-02
1.505558908369558115e-02
1.505791944306287405e-02
1.507791780825509971e-02
1.508132768725518359e-02
1.508701730714404055e-02
1.509567675472237892e-02
1.511347083161164624e-02
1.511653213145384284e-02
1.512719883149761003e-02
1.513936888344029862e-02
1.514409492143927762e-02
1.515516219377550933e-02
1.516218648518557859e-02
1.516890317277586400e-02
1.517406605499984490e-02
1.517920431936712646e-02
1.518701964152896142e-02
1.519996553438042290e-02
1.521167598893983196e-02
1.522007048699068610e-02
1.522607912199505815e-02
1.523033300293071511e-02
1.524316103529665088e-02
1.524984079996378333e-02
1.525168956710659142e-02
1.526802349015827891e-02
1.527594969348598959e-02
1.528842516744995800e-02
1.529748820324191953e-02
1.530186280789804822e-02
1.531244139680394863e-02
1.532024576210451287e-02
1.533056888221639297e-02
1.533937898424816981e-02
1.534428759656575846e-02
1.535515943906367448e-02
1.535594883043671886e-02
1.537126426660629687e-02
1.537598216481284377e-02
1.539168337002770788e-02
1.539960336625317144e-02
1.540901323586247804e-02
1.542047457351620153e-02
1.543134091736611882e-02
1.543734506274353595e-02
1.543949230403347285e-02
1.545374729139887410e-02
1.545837594234520176e-02
1.546297494767480234e-02
1.548338141651128472e-02
1.549485078963785782e-02
1.549917070531527628e-02
1.550299611628702147e-02
1.551012301958693169e-02
1.552153691134603580e-02
1.553813732905291560e-02
1.553847261284445162e-02
1.555442616713076029e-02
1.555726868909587668e-02
1.556514526476980922e-02
1.557595663263815905e-02
1.558636771076631240e-02
1.559298846061636830e-02
1.560171965822572740e-02
1.561433674547028222e-02
1.562468276217823110e-02
1.563365569879156952e-02
1.564076343161292099e-02
1.565506555954683868e-02
1.566061680497144934e-02
1.566676158002222596e-02
1.568333338255804496e-02
1.569367781206172652e-02
1.569922637891573922e-02
1.570524817936843828e-02
1.571127392936103734e-02
1.572072482311927949e-02
1.573194617043188401e-02
1.573935403219262064e-02
1.574616796698253066e-02
1.575371082723099614e-02
1.576213302783031206e-02
1.576884944404464972e-02
1.578179711165979965e-02
1.579367856972918593e-02
1.579654351006895899e-02
1.581314299327089834e-02
1.582390440439631479e-02
1.582548178325800248e-02
1.583476725117115291e-02
1.583808421157057930e-02
1.585080728521025620e-02
1.586956313135178334e-02
1.587935213625986386e-02
1.588884062847897849e-02
1.589239560022839143e-02
1.590244625129640793e-02
1.591298958898922089e-02
1.591643516181731610e-02
1.593307524763367539e-02
1.593985003863869487e-02
1.595039959173052274e-02
1.596375761965516948e-02
1.596971940251662100e-02
1.597656409934558250e-02
1.598512990490985608e-02
1.599626963536945543e-02
1.600941408537963698e-02
1.601951502014474504e-02
1.602762969956470288e-02
1.603973707264641155e-02
1.604458132613137411e-02
1.605209592181908521e-02
1.606262337089185005e-02
1.606704326795689586e-02
1.607792090784658165e-02
1.608191083349616232e-02
1.608701753764022954e-02
1.609202349062673759e-02
1.610050956274358680e-02
1.611116009851328718e-02
1.611847509817361176e-02
1.612863734185864331e-02
1.614951196986819104e-02
1.616228685966879589e-02
1.617288971905998796e-02
1.617525044651032737e-02
1.618375554122613788e-02
1.619827621909765425e-02
1.620935803338124578e-02
1.621727672852614141e-02
1.622223864021562004e-02
1.623048785177504810e-02
1.623355387080028731e-02
1.625479048215027270e-02
1.626517864116259690e-02
1.627139985621977106e-02
1.628036806560869548e-02
1.628259431142388067e-02
1.629622657323032825e-02
1.630189506850666589e-02
1.631371609001670830e-02
1.631924699083866018e-02
1.633874515050903406e-02
1.635311893295138611e-02
1.635337923649015854e-02
1.636112311042896977e-02
1.637164883430236584e-02
1.637962181840934422e-02
1.638765436964248826e-02
1.639899694560292831e-02
1.641567595958161666e-02
1.641605997570722703e-02
1.642369674862903181e-02
1.643175363206702058e-02
1.643856806432127463e-02
1.644473019338584668e-02
1.646508719068522086e-02
1.647114903192127555e-02
1.648218168935385378e-02
1.649062142589178756e-02
1.649963602800360099e-02
1.651322580426790171e-02
1.651655283293259474e-02
1.651848727887763463e-02
1.653719750562025401e-02
1.654349041069190854e-02
1.654864037567277749e-02
1.656458558434386122e-02
1.657239062592916548e-02
1.658273777034825758e-02
1.659346448392950632e-02
1.659957479221179852e-02
1.661083771118197772e-02
1.661722477222081149e-02
1.662314210712394560e-02
1.663557483132253878e-02
1.663847130575808742e-02
1.664660936299464100e-02
1.665206501241473652e-02
1.666732858518324423e-02
1.668321200190885784e-02
1.669480202661691517e-02
1.670054584438870546e-02
1.670985855989099919e-02
1.671759904552781034e-02
1.672219909590092618e-02
1.672438994266530268e-02
1.673381999731819725e-02
1.674873695186257158e-02
1.675709453527896367e-02
1.676819900959975601e-02
1.677725818773479621e-02
1.678014367195066955e-02
1.679288991679035378e-02
1.679701100822652074e-02
1.680177244580939935e-02
1.681677482652120872e-02
1.682693812929449487e-02
1.684720413253496321e-02
1.685395611505248817e-02
1.685590738539052141e-02
1.686987198614357461e-02
1.688768356297062206e-02
1.689740987933487787e-02
1.690557330120045360e-02
1.690752633280893577e-02
1.691141142494460847e-02
1.691266882194184668e-02
1.692839227920237347e-02
1.693586650060627252e-02
1.694086363992352434e-02
1.695092452967525420e-02
1.695786507055173711e-02
1.696530199037995720e-02
1.698526386309308009e-02
1.699125658981452680e-02
1.700531225536670160e-02
1.700823590016423484e-02
1.703258306736539843e-02
1.703515041970504046e-02
1.704046531166811956e-02
1.705215233812980291e-02
1.706015198809561484e-02
1.706500461415023928e-02
1.707461236034031951e-02
1.708096637222821998e-02
1.708840623171018272e-02
1.710061673999060949e-02
1.711740155060015312e-02
1.712690072124388452e-02
1.713438157770958564e-02
1.715292044001942226e-02
1.715762721649728012e-02
1.716447651184370080e-02
1.717115109549397292e-02
1.718504390883008118e-02
1.719513034246204775e-02
1.720405470429468842e-02
1.720743578914886093e-02
1.721964676186781701e-02
1.723095148004380114e-02
1.723727758106544453e-02
1.724011874785740667e-02
1.725977540279824418e-02
1.726740005609521053e-02
1.727691554755508146e-02
1.729606615544173123e-02
1.730550858949363863e-02
1.732048258431096235e-02
1.732829336665583572e-02
1.733778180956977930e-02
1.734884149544544188e-02
1.736429672357875376e-02
1.737173070793968446e-02
1.737564926052042116e-02
1.737844035931446207e-02
1.738395808863709216e-02
1.740679483073039741e-02
1.740840631439301636e-02
1.741227969577802820e-02
1.742477725924083953e-02
1.742627825565508728e-02
1.744378892303458800e-02
1.745195789994424818e-02
1.746266591805870766e-02
1.747677870060701175e-02
1.748721876330187885e-02
1.750141205557578100e-02
1.750635866986756384e-02
1.751345164491092607e-02
1.752608271031338635e-02
1.753317332176014889e-02
1.754863910322852077e-02
1.755919446662313962e-02
1.756687344417818056e-02
1.757287383358878408e-02
1.758274145621089440e-02
1.760281044092526503e-02
1.760825829263755471e-02
1.761536065739163770e-02
1.763681218997785460e-02
1.764023343174693850e-02
1.764295830985739694e-02
1.765433941032795717e-02
1.766906079625095438e-02
1.767320502381593966e-02
1.767493413433472715e-02
1.768741170932754125e-02
1.769890167958359378e-02
1.770391922257924522e-02
1.771518901131729704e-02
1.772464862425535484e-02
1.773805265253823940e-02
1.774437393675009841e-02
1.776629950407069766e-02
1.776859831679934373e-02
1.777671598026441327e-02
1.778428029230962396e-02
1.780223280730206317e-02
1.781241733933061969e-02
1.782439633102069279e-02
1.782819260547316778e-02
1.783350995046777826e-02
1.784151978555702234e-02
1.784940571477029031e-02
1.786738440769250827e-02
1.787177804702136386e-02
1.787697544572432184e-02
1.788763607144873077e-02
1.790122399281597262e-02
1.791494940592439078e-02
1.792723906784866178e-02
1.793903291149492527e-02
1.795019305210811267e-02
1.795332399682049787e-02
1.795458079823549977e-02
1.796500357920909410e-02
1.798652911538289878e-02
1.799380374409769584e-02
1.800696672703626031e-02
1.802669526589949570e-02
1.802704191353492885e-02
1.803751237752944034e-02
1.804896730930836968e-02
1.805671642301149432e-02
1.806553453836045112e-02
1.807784267346619622e-02
1.809085045693919688e-02
1.810659740483886587e-02
1.811241799663714652e-02
1.811955967141281112e-02
1.814000563324699028e-02
1.814370911435348940e-02
1.816857733270055286e-02
1.817068835282571737e-02
1.818641356647117055e-02
1.819025105256470709e-02
1.820270941527746961e-02
1.820602049192932698e-02
1.821146047700933704e-02
1.822396659527587837e-02
1.822864557930614984e-02
1.823838195043690422e-02
1.825223350883681261e-02
1.825571277774814052e-02
1.826651113487188713e-02
1.827132155709561279e-02
1.828810369435746735e-02
1.829967273180787418e-02
1.831388451027249342e-02
1.832267027510296395e-02
1.832472149144998355e-02
1.834449204463596550e-02
1.835180358736153428e-02
1.835892384950029224e-02
1.837003448408774248e-02
1.838779145114664837e-02
1.839427478154242318e-02
1.840158008885717927e-02
1.841449741891923800e-02
1.842700977240340626e-02
1.842937323397007485e-02
1.843447512507858516e-02
1.844507310040039913e-02
1.845612943654044089e-02
1.847206857142028730e-02
1.848467300495010290e-02
1.849732588503796502e-02
1.850936538331779402e-02
1.851856092600900894e-02
1.852335151481480230e-02
1.852952573604671818e-02
1.855054939001790637e-02
1.855657469799226050e-02
1.856011245092107839e-02
1.858567164986928144e-02
1.860232542230869091e-02
1.861268169985080476e-02
1.862020516094266623e-02
1.862504225154594170e-02
1.863118733373158448e-02
1.864796405729723244e-02
1.865279063924735539e-02
1.866035485085885959e-02
1.867837422049554996e-02
1.868271308166411654e-02
1.869883010895143777e-02
1.871082094605995561e-02
1.871418790972681143e-02
1.873180146312775074e-02
1.874242048629761598e-02
1.874907860975105062e-02
1.876352116496511971e-02
1.877285370653384092e-02
1.877968810218104065e-02
1.878792201742256890e-02
1.879775851452133301e-02
1.881427906789065116e-02
1.882379823751676590e-02
1.883175574913121750e-02
1.883745893653369918e-02
1.884826113262426037e-02
1.886005129289986676e-02
1.886304677408121022e-02
1.887089518246463926e-02
1.888486774329570239e-02
1.889040564318318627e-02
1.890298856658990251e-02
1.890899101505954388e-02
1.892347867308199344e-02
1.893447841590073857e-02
1.893816172921544347e-02
1.894609417361692305e-02
1.896317710890734615e-02
1.897832869353732396e-02
1.898966334250328652e-02
1.900323469447175520e-02
1.901376370506185562e-02
1.901466018833365690e-02
1.903344086713620528e-02
1.904587112077735581e-02
1.905611969449538812e-02
1.907165280431010954e-02
1.907849260310625489e-02
1.908947075115393840e-02
1.909802362040226298e-02
1.911038992695283587e-02
1.912171386939144277e-02
1.912725038452970164e-02
1.913814460674056681e-02
1.915095357056768172e-02
1.916158275110266609e-02
1.917051334858841521e-02
1.917996003598846158e-02
1.918227206500460955e-02
1.919473482302140946e-02
1.920806879382190926e-02
1.921937920095310656e-02
1.922819255263519614e-02
1.924490282244587999e-02
1.924533726191212171e-02
1.925625756041071668e-02
1.925787246547705847e-02
1.926755361506784364e-02
1.928666693869305823e-02
1.930832966653727584e-02
1.931383675031265665e-02
1.932729394890556410e-02
1.933327629536125969e-02
1.934105470245286312e-02
1.935803319715911908e-02
1.937198910425074957e-02
1.938246500685867485e-02
1.938537851235388326e-02
1.938857715733713349e-02
1.938995523067169741e-02
1.940784516003323662e-02
1.942634847861521297e-02
1.943852543479294634e-02
1.945309441111446602e-02
1.945738085845920978e-02
1.947673955088198572e-02
1.949084149264980817e-02
1.949413260914757695e-02
1.950641566050089273e-02
1.951144544543931617e-02
1.951899838064175344e-02
1.953511987463322011e-02
1.954048062360482299e-02
1.955392916897258013e-02
1.956451793584674040e-02
1.957040820969824582e-02
1.957167351839197295e-02
1.959040637925379622e-02
1.960479696220212772e-02
1.961625522672050953e-02
1.962457946808854672e-02
1.962935637820098153e-02
1.963875403851394683e-02
1.964405964905164767e-02
1.965512328289464872e-02
1.967283689181239387e-02
1.968713265219010355e-02
1.969824571655489492e-02
1.971911459689518545e-02
1.973277371176872935e-02
1.974504957657558651e-02
1.974995712048056157e-02
1.975944343669060882e-02
1.976456532256986101e-02
1.977763585156923354e-02
1.979256537252772896e-02
1.980469070385508859e-02
1.982966997624182465e-02
1.983463911333030461e-02
1.984000141889285390e-02
1.985391906084893118e-02
1.985559635089239466e-02
1.987707489459896240e-02
1.988049860534408728e-02
1.989008367057151089e-02
1.989572479637909119e-02
1.990453453859392097e-02
1.991805833092060232e-02
1.992842680951383352e-02
1.994779041365197375e-02
1.994922527929285719e-02
1.996311593677856447e-02
1.998739040109247939e-02
1.999157316695585399e-02
2.000199721592276630e-02
2.001651142626617239e-02
2.002192360042270511e-02
2.003363427725906795e-02
2.003885324813957716e-02
2.005051236274361937e-02
2.006150277373368318e-02
2.006705671757494369e-02
2.007429735715458852e-02
2.008281165145598540e-02
2.008964141895039010e-02
2.010628247645452130e-02
2.012128626560609826e-02
2.012669824046075737e-02
2.015479814549362564e-02
2.015801612299489287e-02
2.016415509235196940e-02
2.017872064205404256e-02
2.019597721840291071e-02
2.020499500083425271e-02
2.021844830522044958e-02
2.022128817913620286e-02
2.023381889922540658e-02
2.024875836245757996e-02
2.025890883410699783e-02
2.027852564986346723e-02
2.028701517511655519e-02
2.029133859288384870e-02
2.030724080548327801e-02
2.031067578019192868e-02
2.031869337002897152e-02
2.032748968845854431e-02
2.035271734261536250e-02
2.036306386687678979e-02
2.037282508210358153e-02
2.039126407526603915e-02
2.040018369656370137e-02
2.040582510978731709e-02
2.041830818370619915e-02
2.042626991675180678e-02
2.043775302425385534e-02
2.044988752448140962e-02
2.045576817607846695e-02
2.046535444809541998e-02
2.047226788146744303e-02
2.047584305568385388e-02
2.048483802487194305e-02
2.051250878247473999e-02
2.052422292208331070e-02
2.053736241975921348e-02
2.054368481593632847e-02
2.055639565994539161e-02
2.055886953049397906e-02
2.056738332002805772e-02
2.057529395102698083e-02
2.057985098236319102e-02
2.058869524087596214e-02
2.060249218478124936e-02
2.061232198300586363e-02
2.063928655742863424e-02
2.064516991716296504e-02
2.066343741139387014e-02
2.066865484913688045e-02
2.068600405257983374e-02
2.070093267039779111e-02
2.070892589675155104e-02
2.071184879593014269e-02
2.073007966996772908e-02
2.073936513016982550e-02
2.074078809938781007e-02
2.075554868484669191e-02
2.075782393995727337e-02
2.076638768811110702e-02
2.078285041020215204e-02
2.079399578906597490e-02
2.080139818083228884e-02
2.080985119886059886e-02
2.082074285343264372e-02
2.083054833778636913e-02
2.085218252548831294e-02
2.086043136485236579e-02
2.087374053459867609e-02
2.088033438397637886e-02
2.088973350270095439e-02
2.090389974674847912e-02
2.091179693175553023e-02
2.092739322540066935e-02
2.093164932256061372e-02
2.094159175111700438e-02
2.095632051683560260e-02
2.097040742856979070e-02
2.097699180060617202e-02
2.099038729431215722e-02
2.099328932764113129e-02
2.100635215951108734e-02
2.101719230125563206e-02
2.102876205181061775e-02
2.104169568556255032e-02
2.104915776249476067e-02
2.105698881922082877e-02
2.108537117611630415e-02
2.109042810091873305e-02
2.110939744592762318e-02
2.111637222925377005e-02
2.112209291654468593e-02
2.114128081046851362e-02
2.114316641374939729e-02
2.116248451225003629e-02
2.117283965941797394e-02
2.118273745959809926e-02
2.119235545750573421e-02
2.119948330134548489e-02
2.121579310371643143e-02
2.122581754044710473e-02
2.123399712369920811e-02
2.124450309205348081e-02
2.126005761348809600e-02
2.127001801351943722e-02
2.128151402303679954e-02
2.129333239111190143e-02
2.130196469220038691e-02
2.130921038321408056e-02
2.132708103098087879e-02
2.133311086895907371e-02
2.133853125272969914e-02
2.134961453477417226e-02
2.135811875806145621e-02
2.137058733760245285e-02
2.138487225639192427e-02
2.138684027418957800e-02
2.140389884187914385e-02
2.142519856849083026e-02
2.143205173396783847e-02
2.144348646365365832e-02
2.145207627065123454e-02
2.146422869794609167e-02
2.146832065817855587e-02
2.149119977468987377e-02
2.150874394518343877e-02
2.151753553380684678e-02
2.153303552842710661e-02
2.154243235370154053e-02
2.154825272443080392e-02
2.156363947490472915e-02
2.157607857129248755e-02
2.158195525630004011e-02
2.159700384450991342e-02
2.160515729657276271e-02
2.162205549414486852e-02
2.162808861722451126e-02
2.164452552657640874e-02
2.166006685452132388e-02
2.166865450841523946e-02
2.167191511584844535e-02
2.168606730497127724e-02
2.169120336433518620e-02
2.170439974620188769e-02
2.171590921533321505e-02
2.173096571002328461e-02
2.174135703900628366e-02
2.175654400807040464e-02
2.177315691669562056e-02
2.179200859234744700e-02
2.179997237303039903e-02
2.181126526028855095e-02
2.181643282405286433e-02
2.183593847484618933e-02
2.184762678979910305e-02
2.185675264698617656e-02
2.186916553745966649e-02
2.189082085482999679e-02
2.189377230904642618e-02
2.190034641681903871e-02
2.191966343272860884e-02
2.192135184058046846e-02
2.193443341849656003e-02
2.194525368222620745e-02
2.196037956576413902e-02
2.197390804583256724e-02
2.198536395382349323e-02
2.200448520566836846e-02
2.200777143442406159e-02
2.202571200353809627e-02
2.203971966786746894e-02
2.204869798016070512e-02
2.206508325635888820e-02
2.207225551161830224e-02
2.208237486160542426e-02
2.210489006464360848e-02
2.210587269392176590e-02
2.211989315730641253e-02
2.212917480139885845e-02
2.213917500205143593e-02
2.214629318248084386e-02
2.216468880792884025e-02
2.216624864516179155e-02
2.218134874993909003e-02
2.220323507147290917e-02
2.221166647750567880e-02
2.222292899916383097e-02
2.224318989191681820e-02
2.225303257213573013e-02
2.225797259421630203e-02
2.227781221156834024e-02
2.228250440944856692e-02
2.228631501909622559e-02
2.229363661698299803e-02
2.232303090072409318e-02
2.233104468473152276e-02
2.233531074821648935e-02
2.236052752528084817e-02
2.237788960917310582e-02
2.238107180827954637e-02
2.238797337669683890e-02
2.239356841618054053e-02
2.240956090333247677e-02
2.241459537868912416e-02
2.242963470452401589e-02
2.243778286854727563e-02
2.245591136934170159e-02
2.246409316758083557e-02
2.248006179796272277e-02
2.249224333579649335e-02
2.251237622054748366e-02
2.252255828886104080e-02
2.253175872349336140e-02
2.255146853150196903e-02
2.256415282818375126e-02
2.257696552140764021e-02
2.259334327209857815e-02
2.259835426032861042e-02
2.260343242295450097e-02
2.260724002489035434e-02
2.263108371246512485e-02
2.263593282561935163e-02
2.264829162853539482e-02
2.265666221626938537e-02
2.265904174069532234e-02
2.266650838805314705e-02
2.268189466585290859e-02
2.270697816479566936e-02
2.271484650638133304e-02
2.273474594155520598e-02
2.275107106895494016e-02
2.277837351533622962e-02
2.278057556194463401e-02
2.278312026074236565e-02
2.280052478208641903e-02
2.281767367365541282e-02
2.282381290907146282e-02
2.283228810010413598e-02
2.284479184788447068e-02
2.286790637682750010e-02
2.287259383168773613e-02
2.288227147668436129e-02
2.289090119558165326e-02
2.289503497774111190e-02
2.290008701694475068e-02
2.291048366488611376e-02
2.292066066485273779e-02
2.294141024954172298e-02
2.295033913707490020e-02
2.296083124678642215e-02
2.296530608916525634e-02
2.297004063628448056e-02
2.298848648746495971e-02
2.300872921385593503e-02
2.302147401743828009e-02
2.302837209976953473e-02
2.304069535480780806e-02
2.305231294396924840e-02
2.305926908723807123e-02
2.308218650539370365e-02
2.309331590439160642e-02
2.311448548135200051e-02
2.313135011249749934e-02
2.313774427439229189e-02
2.314224533587707147e-02
2.315988741354941399e-02
2.316131809059948296e-02
2.318365372338205763e-02
2.319284444781688145e-02
2.320515973761645354e-02
2.321115813314572618e-02
2.321846957280755339e-02
2.323726947238346358e-02
2.324077516865799900e-02
2.325667331644402230e-02
2.326273148934786608e-02
2.327871339714088564e-02
2.329893145139002447e-02
2.330812873363472676e-02
2.331781286196958625e-02
2.334970023096769737e-02
2.336153271738390658e-02
2.337047736920591645e-02
2.337535232485476316e-02
2.338392209485215881e-02
2.340176643068809376e-02
2.340908164416794640e-02
2.341864661524370450e-02
2.343966780890847923e-02
2.345876276084744860e-02
2.347037552878583969e-02
2.347340743194688967e-02
2.349117561038453761e-02
2.349442011868447047e-02
2.352087433665678295e-02
2.352750588856194688e-02
2.354225766139700360e-02
2.354801704975243576e-02
2.355494548511765859e-02
2.357197386987422427e-02
2.358506209485487434e-02
2.359186406763824975e-02
2.360092020512165323e-02
2.361821951263609262e-02
2.362751447725411000e-02
2.363601281231731896e-02
2.363802518472339978e-02
2.365128865810280090e-02
2.366558336753970052e-02
2.366652243156717669e-02
2.368282253005472501e-02
2.371108056553991247e-02
2.371970327888103455e-02
2.372923400878597031e-02
2.373121933783251328e-02
2.373209677309023533e-02
2.375720129959031646e-02
2.376494171482305962e-02
2.378084933114794908e-02
2.380027173487506836e-02
2.382030780705477260e-02
2.382576463421330962e-02
2.383124873346826114e-02
2.383556674203729520e-02
2.385080770880463469e-02
2.385401281430669929e-02
2.387148168301700055e-02
2.387746963215713752e-02
2.389639309986667931e-02
2.391202594845484933e-02
2.392731650645157568e-02
2.395480943984790514e-02
2.395852446154908555e-02
2.397609520423540919e-02
2.397986008925430748e-02
2.398957440680238307e-02
2.400172747976321921e-02
2.400930378305459953e-02
2.402033984103704375e-02
2.404437019177103896e-02
2.405713762997416932e-02
2.405801765469125011e-02
2.408282912390603825e-02
2.408764448919195264e-02
2.409202162386857304e-02
2.410914039264595507e-02
2.411617208581282035e-02
2.412816116185055246e-02
2.413397414038554595e-02
2.413552964007277188e-02
2.415297702246731876e-02
2.416453883024224578e-02
2.417383906515290642e-02
2.419693855559598011e-02
2.419968110702706149e-02
2.421372685585317444e-02
2.422813342823810362e-02
2.423983770159217344e-02
2.424942620010688346e-02
2.425213665820496675e-02
2.426429565565094149e-02
2.427643781750330257e-02
2.430057442760683029e-02
2.430917852621248404e-02
2.433746172243505743e-02
2.434440036876696356e-02
2.434992450483181373e-02
2.436546031859913863e-02
2.437291588218876148e-02
2.437782696097198429e-02
2.440700142022305535e-02
2.443044471529307385e-02
2.443638737828391846e-02
2.444939094531285717e-02
2.445479702460499200e-02
2.446534845776163203e-02
2.448934223692301321e-02
2.450686829964135102e-02
2.451637380466411761e-02
2.452760730390664973e-02
2.453342446620608228e-02
2.455133266038296569e-02
2.455967878603916577e-02
2.456339515487087483e-02
2.457385909028076548e-02
2.458900539529699364e-02
2.460649245833382293e-02
2.463616909379995334e-02
2.464386837038683858e-02
2.465337710620549294e-02
2.466196717612035086e-02
2.467794967668510836e-02
2.468734419265090213e-02
2.469807938146384441e-02
2.471397493773938928e-02
2.471838918953665060e-02
2.472285040426375549e-02
2.474412501957620053e-02
2.477243845691711605e-02
2.477732413188499239e-02
2.478720039351061874e-02
2.479605747442294172e-02
2.480382600600037485e-02
2.480806712385061688e-02
2.481858385240472836e-02
2.482346801749594004e-02
2.484664231566329970e-02
2.486210790760885400e-02
2.488255674782963514e-02
2.488912985423292340e-02
2.489912231582793595e-02
2.492292024519975058e-02
2.493339805547859639e-02
2.494560592232632559e-02
2.495655413516170359e-02
2.496992207522279184e-02
2.497515554190677181e-02
2.500829812481076761e-02
2.502525305866672850e-02
2.503205825292861841e-02
2.504263016219307816e-02
2.505761770285904952e-02
2.506651802423215392e-02
2.508814415792083932e-02
2.509450998013770112e-02
2.510010062568834854e-02
2.511422731057438157e-02
2.514983471365675807e-02
2.515894367445527594e-02
2.517108006581774207e-02
2.518251943056286704e-02
2.518410983218121943e-02
2.519240326437454519e-02
2.520435334521773513e-02
2.521140470856252438e-02
2.522255017741988070e-02
2.523624155709043235e-02
2.524860834081373712e-02
2.526245658208544145e-02
2.526994721422634246e-02
2.527337266320322726e-02
2.529646028408805147e-02
2.530235488887742565e-02
2.531365896626853670e-02
2.534265923506040519e-02
2.534822711140679447e-02
2.536199289039221122e-02
2.537378878851641317e-02
2.538837582735783971e-02
2.541117684477185376e-02
2.541282892732532953e-02
2.543193440264554864e-02
2.543804852619196283e-02
2.544364846634141961e-02
2.545165941095794623e-02
2.547673078935658308e-02
2.548029283004484002e-02
2.549630283767559402e-02
2.551830275821575025e-02
2.552470914595946286e-02
2.554492188171895301e-02
2.556402041157690777e-02
2.557054762913444149e-02
2.558465002332578619e-02
2.559737675642512894e-02
2.562983892504110822e-02
2.563438713137430880e-02
2.563776356460286537e-02
2.565763311826922688e-02
2.566780173909837329e-02
2.567668167356104009e-02
2.568858568666660194e-02
2.569806907606493607e-02
2.570601439345362310e-02
2.571427577461531111e-02
2.573457229245361411e-02
2.574728840380437894e-02
2.576174123959413045e-02
2.577459579581861324e-02
2.579451889928400729e-02
2.580128715059058775e-02
2.580913162942955266e-02
2.581390471764674274e-02
2.582733664159551218e-02
2.582880226506239010e-02
2.583870931329246626e-02
2.586262003127434012e-02
2.586715417164414665e-02
2.588282346493252228e-02
2.589745267885027249e-02
2.590303377775340227e-02
2.591708250301314256e-02
2.592093726773325724e-02
2.594813598230260102e-02
2.596337907472062376e-02
2.596691736930662603e-02
2.597628434387505916e-02
2.599912059372709930e-02
2.600324127540270397e-02
2.602586567673214821e-02
2.603181264660452132e-02
2.605264356505518006e-02
2.607416647987294625e-02
2.608562305779797003e-02
2.609056449452562890e-02
2.609704145830977345e-02
2.611170385038413116e-02
2.612701517195535963e-02
2.613133329316100206e-02
2.614698631725233258e-02
2.615988004247131807e-02
2.616942373525369195e-02
2.617129817858948257e-02
2.618916668385870908e-02
2.620306943715972059e-02
2.621404787766004260e-02
2.621924001471676036e-02
2.623521819332805607e-02
2.625088730488839284e-02
2.626485983086263715e-02
2.627701298287942952e-02
2.629742714154605782e-02
2.631267558799929920e-02
2.632897400819936284e-02
2.633070507125234716e-02
2.635162819374016127e-02
2.635803740899555700e-02
2.637467795834739712e-02
2.638558362355253664e-02
2.640290454030208914e-02
2.640425370977899158e-02
2.643380430816194213e-02
2.643726671219186891e-02
2.644673128112213709e-02
2.645947226940497526e-02
2.647265520662872920e-02
2.648176913866930049e-02
2.649891712110050493e-02
2.650199866161337403e-02
2.651531651557781366e-02
2.653992823035296669e-02
2.654914396437245069e-02
2.657034704672606162e-02
2.658338884081769618e-02
2.660223676900106207e-02
2.660691290008311907e-02
2.661948263992117494e-02
2.663015190905301463e-02
2.664491616446376665e-02
2.665653412481959472e-02
2.667552050990521992e-02
2.668369710276905990e-02
2.669637424866284567e-02
2.671062343000661643e-02
2.672431603724575999e-02
2.672952625459164289e-02
2.674244051843226513e-02
2.675656614564806898e-02
2.676220374356415299e-02
2.677356983086328149e-02
2.679677518045990928e-02
2.680623093625686057e-02
2.681741211226988664e-02
2.684550499182030217e-02
2.684820924303162049e-02
2.686564227232854374e-02
2.686806803836692265e-02
2.688692420733640454e-02
2.689526178262936079e-02
2.691807468940460996e-02
2.693309320572688861e-02
2.694354200633111360e-02
2.694604441918067514e-02
2.696341304515926032e-02
2.697047548196918748e-02
2.697949600595347941e-02
2.700542940952855783e-02
2.701843409747535854e-02
2.703221654152390685e-02
2.704119720565876378e-02
2.705108804080198770e-02
2.706811777989149431e-02
2.707442451496001531e-02
2.709272022503426622e-02
2.710237767320550911e-02
2.711180263529215304e-02
2.711966128546737520e-02
2.713520564094374157e-02
2.715044683833097924e-02
2.718031617591166668e-02
2.719249922588922938e-02
2.719427935706342225e-02
2.721526885141401647e-02
2.722789410894775608e-02
2.723768784096803480e-02
2.725151504783896936e-02
2.726013975354479174e-02
2.727396135856522200e-02
2.730085160015885762e-02
2.730996164108813809e-02
2.731425333947505585e-02
2.732511356803924568e-02
2.733340845278730766e-02
2.735182397649726926e-02
2.736688967649629836e-02
2.737453653076475993e-02
2.740516673083301380e-02
2.741556454208106744e-02
2.742751998322008611e-02
2.744209317848791616e-02
2.745849584689275674e-02
2.746842941347872255e-02
2.748770205662020086e-02
2.748984019683434546e-02
2.750947382424830112e-02
2.751818715904055801e-02
2.753255985369176817e-02
2.753940991284994574e-02
2.755612715610232522e-02
2.755825572920470035e-02
2.756650907984324606e-02
2.757764612326158923e-02
2.759560567298990560e-02
2.760891727327281428e-02
2.762940396885813638e-02
2.764948955831610100e-02
2.766020120658553919e-02
2.767333006312518162e-02
2.767532077888698941e-02
2.768615145163635244e-02
2.769713699887462258e-02
2.772083359151444881e-02
2.772836941962995155e-02
2.773913603492089014e-02
2.775448047149740860e-02
2.776083957386749068e-02
2.779025265742982725e-02
2.779770557285361765e-02
2.781212721370105584e-02
2.781845632368172908e-02
2.783013320098613394e-02
2.783474824164243466e-02
2.786470699637833698e-02
2.786951169233938680e-02
2.788355980559135278e-02
2.789136230385394141e-02
2.791160776160801077e-02
2.793994966086148918e-02
2.794728938139501295e-02
2.795540945693257909e-02
2.797539272198566046e-02
2.798743120035464271e-02
2.798886238987231476e-02
2.800066252446756568e-02
2.801593582675064587e-02
2.803943731377586679e-02
2.804673307604245436e-02
2.805952557747061482e-02
2.806796836290982242e-02
2.808479182344350913e-02
2.810261505359859177e-02
2.811333020745835146e-02
2.812594316270890585e-02
2.814477393372893932e-02
2.815802127371180158e-02
2.816602272437707111e-02
2.817822585513554690e-02
2.820154714134106080e-02
2.821028039117778885e-02
2.821405486092077794e-02
2.825134546436711483e-02
2.826045008918970369e-02
2.827026739009038878e-02
2.827973666994099480e-02
2.829873698308237040e-02
2.831120801860971190e-02
2.832300916708289582e-02
2.834173525730497578e-02
2.835179510798668118e-02
2.835952978310604666e-02
2.836444243154881417e-02
2.838161237395299061e-02
2.840308527674286626e-02
2.840899818866953266e-02
2.842080341282488334e-02
2.844642845192990599e-02
2.846217766101778734e-02
2.847293861385926522e-02
2.848423397473390586e-02
2.850147365281092623e-02
2.851555887986861881e-02
2.852400589249888541e-02
2.854227476101629454e-02
2.854822569472535709e-02
2.856582362900458513e-02
2.857609498232251480e-02
2.859219329165185036e-02
2.859954845918369348e-02
2.861373235108056329e-02
2.862311287994034892e-02
2.864040131560996807e-02
2.865061769502685873e-02
2.866303665981409510e-02
2.868239239767382195e-02
2.870654128022149393e-02
2.871845886205266762e-02
2.872457662149254312e-02
2.873477430394985599e-02
2.874819618539106725e-02
2.876910036057024958e-02
2.877660952785780074e-02
2.881069921662180594e-02
2.881639576056337082e-02
2.882857620345335298e-02
2.883850473910105211e-02
2.884429695163754151e-02
2.887194105135709385e-02
2.888246891666738231e-02
2.889757625705749802e-02
2.890336988167039808e-02
2.892623014416179084e-02
2.893336982231678456e-02
2.893901906837564528e-02
2.895999156798187771e-02
2.896742541756668413e-02
2.898396418886321768e-02
2.899002003979588710e-02
2.900075109600286707e-02
2.901403427730672377e-02
2.902261638819535888e-02
2.902346796660033520e-02
2.905463710910000802e-02
2.906551462870195224e-02
2.907961856423229782e-02
2.908564624081152322e-02
2.911140414422907705e-02
2.912434236449495256e-02
2.913633474321824027e-02
2.914820606463410999e-02
2.916897719078356127e-02
2.919529095145154823e-02
2.920229355898945958e-02
2.920855627729164808e-02
2.923760208248528045e-02
2.924222056523293270e-02
2.925615353577744326e-02
2.926479741138610785e-02
2.927485690863038462e-02
2.929272892495294114e-02
2.931061157872522083e-02
2.933451255435368804e-02
2.934021554177141181e-02
2.934782353855935194e-02
2.938203483684690906e-02
2.939429721331562537e-02
2.940392030683127572e-02
2.941292375344722876e-02
2.942747970706612731e-02
2.943490701816947608e-02
2.944765991393744758e-02
2.946886327030682345e-02
2.950175272375122129e-02
2.950592083686552972e-02
2.951016442967626177e-02
2.951920751563133494e-02
2.953292548515084465e-02
2.955172767269340431e-02
2.956645556046114814e-02
2.957936300157744391e-02
2.959148128301239758e-02
2.960493308451985287e-02
2.960775597499578846e-02
2.963814914555488317e-02
2.965429402745184753e-02
2.966225631122412776e-02
2.967308536373080424e-02
2.968612724932429350e-02
2.970712116494829413e-02
2.971758259138863531e-02
2.973089687977732362e-02
2.975226909480123416e-02
2.975672965390650099e-02
2.977965737074330863e-02
2.978703654414532193e-02
2.979368568423564761e-02
2.980460002854979154e-02
2.981878344071851525e-02
2.982336490820640743e-02
2.983071483061200402e-02
2.985390109602231723e-02
2.987253032867080368e-02
2.987744652008719401e-02
2.988006589677036709e-02
2.990974886932956656e-02
2.992826066204973615e-02
2.994339798154015478e-02
2.995200739724892744e-02
2.996025700764242197e-02
2.998042722686033307e-02
2.999555562492108030e-02
3.000240330272220882e-02
3.004210386920245363e-02
3.004476331933794014e-02
3.008253256911218657e-02
3.008704559661896927e-02
3.010681681647408084e-02
3.011418006466112102e-02
3.013375419075568426e-02
3.014686243123493314e-02
3.015731790103678631e-02
3.017808976259523865e-02
3.019774436432267825e-02
3.020857965531212330e-02
3.023123096103586330e-02
3.023657357758059716e-02
3.024539539031419894e-02
3.026336489715657566e-02
3.026648620865298595e-02
3.029314586487683383e-02
3.029485619388944118e-02
3.031425115684079422e-02
3.033414245292847047e-02
3.033789887802693791e-02
3.034979560709159460e-02
3.035558020642178945e-02
3.037488315007547818e-02
3.041636443457654618e-02
3.042590420054966383e-02
3.042841499503830260e-02
3.044235023511250929e-02
3.047788299785619825e-02
3.049260496604628765e-02
3.051169833624784583e-02
3.051544170379977966e-02
3.053910892633663818e-02
3.054938255551548770e-02
3.055491965807810920e-02
3.057073655114820113e-02
3.057760067248925864e-02
3.059802204729083694e-02
3.060998548683704912e-02
3.063486276760719537e-02
3.064129175140459585e-02
3.065289005510527659e-02
3.066209005366085649e-02
3.067381582432747444e-02
3.068231132940441377e-02
3.069105067501481585e-02
3.070704186258491411e-02
3.071980591474423802e-02
3.073630894493310436e-02
3.074573776171071401e-02
3.076505594591725026e-02
3.077128574672527081e-02
3.081463694730727024e-02
3.082099743759621549e-02
3.083319519287833904e-02
3.084439320008206323e-02
3.087741038882749200e-02
3.089171075016028042e-02
3.089735507000201248e-02
3.092192821566857111e-02
3.094919707057413455e-02
3.096497272045445337e-02
3.097840418969733181e-02
3.100391145007000415e-02
3.100714688183483017e-02
3.102549692919104665e-02
3.103430024078735611e-02
3.104169216983004506e-02
3.106468045552998949e-02
3.107811558941949923e-02
3.108542270350523815e-02
3.109237805821916598e-02
3.111722619500522855e-02
3.112183869179009979e-02
3.113269907746704646e-02
3.116241142079914997e-02
3.117252293829857537e-02
3.118339196308965791e-02
3.120396562070055016e-02
3.121290285484326632e-02
3.123066326601588519e-02
3.125307374038718833e-02
3.125487433692092365e-02
3.126119073162841877e-02
3.127789012014123293e-02
3.131146734977146434e-02
3.131753992083172178e-02
3.133558664214044359e-02
3.136014119147170764e-02
3.136763996720078052e-02
3.139055978260881646e-02
3.139428730311381865e-02
3.141350900582410427e-02
3.142295856529202930e-02
3.143130672693109778e-02
3.144400555677874520e-02
3.147237022419796526e-02
3.148876563897504144e-02
3.150155303126547096e-02
3.151545113070135240e-02
3.153417186683488138e-02
3.154561017936380329e-02
3.157191796050749094e-02
3.158240672496030743e-02
3.159926382566432407e-02
3.162177472393274541e-02
3.164372722632625978e-02
3.165316999855046637e-02
3.167185757940037955e-02
3.167418704495648246e-02
3.171237130997604792e-02
3.172414608096799093e-02
3.173385876503428266e-02
3.174498525882517991e-02
3.174935586738468485e-02
3.177426338990428645e-02
3.178759083117740220e-02
3.181069950083927761e-02
3.183862747193619280e-02
3.184335199394346810e-02
3.185655459457897853e-02
3.186237648749101758e-02
3.186617849164777999e-02
3.189065434560672818e-02
3.191677446435493837e-02
3.194173373113864955e-02
3.194278728417317137e-02
3.195542721544161746e-02
3.197418138472395838e-02
3.198917497991009967e-02
3.199293203846614170e-02
3.202350459443838171e-02
3.204442026157910267e-02
3.205399576536588357e-02
3.206103707928231045e-02
3.207484285002897700e-02
3.209106276938490654e-02
3.209957754498183463e-02
3.212326724894488256e-02
3.212899099089151084e-02
3.213943641314421368e-02
3.216213946599803114e-02
3.218475038632842566e-02
3.220691034924882262e-02
3.222315336949371084e-02
3.223310288556381631e-02
3.224888519582436858e-02
3.225660510222357058e-02
3.227722924347139338e-02
3.230157199567706972e-02
3.231672101879131537e-02
3.232385752124665446e-02
3.234853127686265761e-02
3.234930554966961025e-02
3.236988436027332661e-02
3.238057351715992183e-02
3.238890769788876217e-02
3.240083780729997170e-02
3.242203613287569786e-02
3.243937629684629648e-02
3.244571778232875625e-02
3.246427934902870738e-02
3.248422443101063595e-02
3.249989081045966816e-02
3.251812051284543731e-02
3.252535621010754774e-02
3.254536674626300197e-02
3.256059839781798998e-02
3.258539459796414711e-02
3.260195931077879833e-02
3.261252835037128928e-02
3.262050056653014590e-02
3.262878456601349397e-02
3.266949536402818932e-02
3.268267160056340798e-02
3.270214375638257759e-02
3.271710446801370104e-02
3.272826969465750940e-02
3.273319401332054623e-02
3.275404674993082077e-02
3.276439072488706444e-02
3.279228621629152324e-02
3.279768404275928972e-02
3.281373054821555557e-02
3.281505898107979491e-02
3.284061559501594979e-02
3.284521650735558462e-02
3.286884939815968437e-02
3.289400501311696978e-02
3.290114538547965484e-02
3.290952325321104543e-02
3.293766679536543063e-02
3.295533369110297678e-02
3.297518822447925019e-02
3.299093272641969582e-02
3.300598091788548710e-02
3.301669868801442032e-02
3.303088969697449279e-02
3.305156956452797584e-02
3.307458610767982643e-02
3.309014573610402632e-02
3.310152477824156864e-02
3.310216679047449373e-02
3.313661743736710796e-02
3.315239598976277291e-02
3.317062482397120649e-02
3.319730064394894875e-02
3.321035703166873992e-02
3.322597475602028644e-02
3.324890917144846664e-02
3.325613782944814023e-02
3.327231499264951542e-02
3.328569183308835444e-02
3.330859315546743499e-02
3.332002130339880436e-02
3.333700650981204217e-02
3.334902323189335716e-02
3.336666676782776980e-02
3.337838856300940488e-02
3.341765889725499539e-02
3.342282666975359556e-02
3.343362065149129564e-02
3.345368246971861664e-02
3.346337741673444111e-02
3.348689779610695277e-02
3.348999633745083915e-02
3.349642536659346720e-02
3.350727854124895683e-02
3.353277697400385005e-02
3.354183236230874610e-02
3.357022740848725206e-02
3.357258247714750565e-02
3.360787024130131723e-02
3.362833408745354025e-02
3.363385887973921462e-02
3.365654943742252964e-02
3.367507048112948487e-02
3.368206598940959307e-02
3.369074756061065518e-02
3.370227096467263289e-02
3.373566902956062763e-02
3.374956361891214007e-02
3.376133204062079646e-02
3.377830998945911822e-02
3.379124468035952372e-02
3.380828991697409913e-02
3.382272003008972294e-02
3.385528813134795756e-02
3.387099187561710273e-02
3.387646922809958022e-02
3.388310853384703114e-02
3.390231068424185562e-02
3.393052675795146800e-02
3.394185800150805593e-02
3.395279330003616453e-02
3.396185668812506941e-02
3.396873437726767586e-02
3.401072341744273281e-02
3.401947844488376754e-02
3.403720011987101252e-02
3.405262025625425265e-02
3.407338918577320491e-02
3.408604403567245394e-02
3.408757766436927572e-02
3.411413970643726451e-02
3.412726415783419454e-02
3.413810490815912674e-02
3.415836109281447652e-02
3.418286263138000519e-02
3.418971191583353164e-02
3.421569071180846633e-02
3.423904556933217436e-02
3.426049139963951995e-02
3.427145777309122815e-02
3.428498762315212306e-02
3.430581612401888136e-02
3.433084901956887786e-02
3.433303708058386972e-02
3.433578571171459065e-02
3.434884773527992902e-02
3.436116854344774263e-02
3.438741498464135959e-02
3.441178283751450406e-02
3.442724403435882402e-02
3.444195419074524284e-02
3.445466550134256012e-02
3.447208866746540729e-02
3.448238659961204433e-02
3.449548312472201783e-02
3.451157910617950325e-02
3.453009600853530758e-02
3.454811197224318120e-02
3.455279156593214773e-02
3.456826322626246201e-02
3.458522247031215607e-02
3.459247162602858278e-02
3.460532655052037110e-02
3.460935681032865224e-02
3.464005024302088676e-02
3.465361011645911454e-02
3.468799948632469987e-02
3.469576679126164243e-02
3.470860391802432082e-02
3.471520094304702403e-02
3.473517883775583542e-02
3.475129171711818094e-02
3.476257752665407041e-02
3.478388175042249064e-02
3.478630928199467898e-02
3.480298834152521781e-02
3.480515912095660802e-02
3.483989567040200741e-02
3.486828168756155727e-02
3.487603036707714182e-02
3.490032480520106201e-02
3.490938537256414037e-02
3.491935891789290508e-02
3.494412559801889778e-02
3.494926493419722724e-02
3.495778157742634312e-02
3.499155332149576220e-02
3.500312677092150271e-02
3.501641949125092190e-02
3.504179445513774110e-02
3.504457695617475138e-02
3.504739408548904894e-02
3.508280551291396987e-02
3.508978681279368433e-02
3.510632478646832921e-02
3.513335112373510566e-02
3.515236868878900134e-02
3.517578268970260325e-02
3.520111072486899889e-02
3.520475553688909298e-02
3.522227496572526845e-02
3.522903460232673645e-02
3.524156576094877175e-02
3.524950701849922235e-02
3.527697860221173237e-02
3.529063021652797949e-02
3.529593474679947745e-02
3.530695087915711877e-02
3.532116637124890768e-02
3.534878183931886020e-02
3.537290743294627116e-02
3.537923034243940779e-02
3.540448853240420884e-02
3.541602586055448559e-02
3.546307140248103340e-02
3.548401811077610268e-02
3.549550801777767023e-02
3.550578800705010002e-02
3.551716718225902958e-02
3.553588842014239468e-02
3.554294689910608707e-02
3.555707775202315152e-02
3.556522493714985717e-02
3.558180047742959262e-02
3.560209567626655691e-02
3.561212715157934666e-02
3.563717527894161990e-02
3.564216278698214418e-02
3.566881299846726833e-02
3.567572689665891167e-02
3.568874949345575420e-02
3.571018639543172002e-02
3.573179729480271960e-02
3.574632836851274892e-02
3.576356505456126239e-02
3.577964248605212255e-02
3.580614284285647125e-02
3.583380855727254927e-02
3.584672253966292299e-02
3.585366183291659875e-02
3.587529835536962253e-02
3.589257834901937727e-02
3.590627873264173875e-02
3.591284164183412841e-02
3.592700593255572505e-02
3.595612209201286963e-02
3.597964811621399972e-02
3.599301617987044066e-02
3.600725291253690369e-02
3.601697673188182514e-02
3.605050517889516609e-02
3.605849003002670194e-02
3.606943431914300807e-02
3.609087216160743877e-02
3.610877030557719386e-02
3.612160042988683817e-02
3.612926808249534993e-02
3.617201408552394443e-02
3.618351986665467590e-02
3.619267753357473943e-02
3.623844633636857243e-02
3.624804427773405113e-02
3.625429071777993423e-02
3.627313070243259191e-02
3.630012482159118009e-02
3.631591601803988573e-02
3.634107923655788275e-02
3.635162670037880850e-02
3.636075446191781857e-02
3.639374057514365574e-02
3.640243787337051062e-02
3.641704823548193304e-02
3.643902440870325915e-02
3.644880252248314939e-02
3.647496214129375414e-02
3.648168058507277739e-02
3.649893178762644158e-02
3.651832481403274183e-02
3.651929633791441837e-02
3.653921140591135513e-02
3.655223755277854647e-02
3.659897703455098489e-02
3.662124000036286187e-02
3.663678113173231277e-02
3.664871333157232458e-02
3.666472152453275485e-02
3.668263398561062705e-02
3.669522288351900058e-02
3.671566782297111531e-02
3.673849349952244825e-02
3.675075381346194076e-02
3.676407185497967273e-02
3.677215062893040426e-02
3.678020315041555244e-02
3.681647774084155500e-02
3.683771496959891562e-02
3.686856815002809845e-02
3.688390935095429979e-02
3.688603422253951269e-02
3.691985630749020086e-02
3.694550245182347259e-02
3.695445643919278988e-02
3.699265102878009082e-02
3.700676139729323910e-02
3.701657378329440556e-02
3.704278849760894027e-02
3.706916653212889712e-02
3.707643541341356513e-02
3.711298719173844463e-02
3.713103922392328726e-02
3.714173067918269400e-02
3.715937223780394622e-02
3.718088989591711996e-02
3.719461558996856043e-02
3.719721862684092356e-02
3.722305789093706407e-02
3.723407187773689758e-02
3.724136772285207425e-02
3.725795641526390145e-02
3.727623154991946408e-02
3.732113273818217503e-02
3.733444975513138669e-02
3.735313569842022008e-02
3.736759541367603438e-02
3.739632477541574018e-02
3.740483870853683612e-02
3.744308797205175149e-02
3.745215760867211252e-02
3.746668185005996854e-02
3.748498541559315556e-02
3.750676622201604832e-02
3.752525268779993012e-02
3.755543460497173802e-02
3.756725632609850957e-02
3.759106660787190496e-02
3.760912225569518208e-02
3.761827878975224776e-02
3.762181915020813838e-02
3.763143126278140765e-02
3.766016559973769939e-02
3.767760189512322361e-02
3.769072335717253697e-02
3.772229953102133881e-02
3.775480895172449863e-02
3.777037526252594035e-02
3.777616859900137514e-02
3.779403839867954279e-02
3.782993392894973272e-02
3.784315403561353680e-02
3.786826269943526641e-02
3.789263655425512134e-02
3.792182952977396493e-02
3.792391960907110643e-02
3.795064606675351004e-02
3.797955041721028102e-02
3.799413216355147782e-02
3.801167284599689389e-02
3.802508392984283586e-02
3.804529122370443883e-02
3.804967438782384109e-02
3.807680707183191959e-02
3.810961101867096218e-02
3.812067953612412186e-02
3.814544105441898536e-02
3.816142778677893144e-02
3.816713545255059903e-02
3.819479643199574781e-02
3.820290369805843383e-02
3.823198865128474982e-02
3.823528691352166831e-02
3.823976819552848266e-02
3.828926978927196800e-02
3.831187887944377535e-02
3.831606005649744462e-02
3.834566847895330699e-02
3.836054537350189197e-02
3.837329604475015615e-02
3.839617467774290166e-02
3.841206292620848867e-02
3.843145851390749462e-02
3.844435348858007279e-02
3.846823903180573989e-02
3.847246274988443820e-02
3.848563699774783242e-02
3.849052204978471031e-02
3.851191004403261425e-02
3.855163551286322487e-02
3.857548761627350997e-02
3.859524907491532902e-02
3.860144181510376943e-02
3.861452442057021484e-02
3.863156065258408628e-02
3.865974123703179444e-02
3.867179829670643748e-02
3.867527058210223911e-02
3.872279743030878491e-02
3.873470193139025297e-02
3.874533577200899720e-02
3.876980230610860279e-02
3.877641733601228102e-02
3.878643190649075367e-02
3.880973990914947380e-02
3.881987044936389963e-02
3.883409226952212745e-02
3.887167862148466213e-02
3.888114581713878609e-02
3.888533079906411616e-02
3.891785007452688155e-02
3.894209841842286024e-02
3.894647291755825441e-02
3.897515644488827591e-02
3.901316940441283687e-02
3.904224997831651223e-02
3.904782219805589399e-02
3.906499950462653803e-02
3.908590105331723880e-02
3.909155904996619579e-02
3.911278570188093939e-02
3.913635690240990783e-02
3.914177697659721594e-02
3.916394370496276839e-02
3.918407411354457581e-02
3.919529355335123894e-02
3.921798212065856493e-02
3.923257809828925580e-02
3.924866826819402299e-02
3.926346129986951761e-02
3.927511581785569222e-02
3.929003288375783332e-02
3.930579150660969134e-02
3.931978627758363209e-02
3.934443662618664073e-02
3.936521166862586713e-02
3.940271010097516624e-02
3.940909224040495956e-02
3.943098585329345152e-02
3.945176754715776224e-02
3.947638820255554987e-02
3.949453941947195235e-02
3.950219889733511819e-02
3.952613015173507549e-02
3.953547589551893726e-02
3.955614615843001253e-02
3.958315581751922774e-02
3.959177632102070521e-02
3.963701788105043061e-02
3.965449446455080601e-02
3.968081813007554720e-02
3.970350416817033240e-02
3.973903454071987806e-02
3.976247970170552343e-02
3.979230598550458076e-02
3.979971142481728702e-02
3.982493448231629735e-02
3.984654618796745762e-02
3.985293767378031426e-02
3.987500466702911112e-02
3.990409566441455863e-02
3.992047667110501519e-02
3.994416042652357279e-02
3.997231370886455276e-02
3.999140665718109444e-02
4.000285503742568444e-02
4.001841720214371900e-02
4.002876511601360238e-02
4.005945291604019048e-02
4.007644084469692836e-02
4.010273310484018666e-02
4.012103755512182873e-02
4.012285812823384451e-02
4.017305399805807392e-02
4.017991497711959070e-02
4.019936467946828851e-02
4.022235713028870369e-02
4.024260817315877120e-02
4.026409966699412424e-02
4.027240782900400745e-02
4.030209521570794762e-02
4.032989197041809276e-02
4.033230936379550435e-02
4.033929128475377546e-02
4.037255756949702928e-02
4.039757872464750516e-02
4.040927223762414561e-02
4.042220142307095115e-02
4.044390524672748788e-02
4.045724383273812536e-02
4.047192342224407990e-02
4.049797762520575967e-02
4.051369289295507492e-02
4.052503492486856512e-02
4.054898776210241057e-02
4.055538683102537928e-02
4.058137220801754513e-02
4.060578255146449905e-02
4.063888770232669534e-02
4.065008348943698058e-02
4.066285650821650083e-02
4.070966522236841439e-02
4.072391843851447257e-02
4.073424192339856337e-02
4.076176446589346164e-02
4.076978958455020063e-02
4.078987253514176209e-02
4.081893317694600121e-02
4.083680187446012827e-02
4.084050982682812386e-02
4.087250292286642717e-02
4.090956388145389200e-02
4.092192477415125540e-02
4.093229040425987869e-02
4.096776957396922741e-02
4.099061683894991703e-02
4.101902428996365146e-02
4.103982696518285178e-02
4.105569251182964591e-02
4.108906612909540151e-02
4.111141045546638090e-02
4.111677908308704332e-02
4.113316107711906949e-02
4.114974969967354762e-02
4.117298489344076162e-02
4.118698887767442696e-02
4.120271471871148755e-02
4.121688973436209852e-02
4.125905512094614480e-02
4.128465598795295205e-02
4.129306171253328134e-02
4.131500437374478751e-02
4.134577985570226516e-02
4.137076687374913186e-02
4.138494952852838499e-02
4.140160593616965673e-02
4.144277534410938796e-02
4.145596432653601143e-02
4.146757022332248077e-02
4.148948201155444604e-02
4.151515301089509641e-02
4.153806127176293966e-02
4.157416995710792873e-02
4.159210265606944762e-02
4.161067413707319335e-02
4.162830306478936676e-02
4.163495252307780614e-02
4.165968939187650322e-02
4.169981987158032782e-02
4.172548594170733677e-02
4.174744059006075397e-02
4.175366705184185151e-02
4.176896554309162540e-02
4.179215567818182070e-02
4.181032023911765427e-02
4.182590933781916293e-02
4.184597404699007955e-02
4.186552696617137220e-02
4.188053285131385084e-02
4.192331228436278062e-02
4.195230128532521918e-02
4.198685860338823017e-02
4.202016412118055044e-02
4.203042970524586974e-02
4.206589976810578418e-02
4.209619699719973490e-02
4.210873587897376313e-02
4.211571358659393222e-02
4.213225483587457187e-02
4.215099503816253229e-02
4.216961504656088072e-02
4.220161540567024527e-02
4.223621574876745832e-02
4.224052140749513101e-02
4.226339975803261595e-02
4.228168177242754705e-02
4.229985987286721122e-02
4.230660026633866616e-02
4.233474395321595862e-02
4.234946407865435719e-02
4.236072789403548533e-02
4.240080659345173836e-02
4.241799464873016734e-02
4.242497834833632020e-02
4.245593784431182793e-02
4.247606448269570373e-02
4.248160555354851126e-02
4.250947446691295123e-02
4.252978156433079998e-02
4.254355136723059899e-02
4.261272443201050836e-02
4.261772066273829263e-02
4.262568818847382174e-02
4.266721009399168651e-02
4.267737656237845928e-02
4.269592443603090204e-02
4.271741845120094472e-02
4.274975810989918579e-02
4.276264011121622827e-02
4.278759440051094903e-02
4.280391373501825358e-02
4.283445210675553699e-02
4.286677283471144323e-02
4.287500560997809657e-02
4.289530618637993342e-02
4.291567927922149833e-02
4.294027184092551186e-02
4.296557015920161177e-02
4.300370940661867730e-02
4.301865918957058221e-02
4.303529519306981826e-02
4.303890723194712248e-02
4.307501031012312548e-02
4.308313949643405999e-02
4.312079528358989805e-02
4.312819778420368122e-02
4.313773097745907115e-02
4.316761295386244840e-02
4.318809971740304038e-02
4.321283075784958932e-02
4.322868559143604184e-02
4.323772558623795864e-02
4.325108372440832766e-02
4.327576683229769627e-02
4.327787061826571247e-02
4.332610712725733226e-02
4.334156315990567165e-02
4.335516255819039239e-02
4.336373576827284859e-02
4.338356893388000540e-02
4.341870618530190018e-02
4.343967706328254880e-02
4.346228459585910198e-02
4.346475233063122612e-02
4.348667026230222665e-02
4.351102189711117396e-02
4.354148713925531239e-02
4.356536584083312014e-02
4.360032640051877961e-02
4.363769957279153150e-02
4.365583932292736030e-02
4.367285768044962962e-02
4.368127566166209869e-02
4.370069339631156569e-02
4.373333085891747962e-02
4.375272707831043273e-02
4.378683772537303454e-02
4.380427430680508549e-02
4.381324633618438602e-02
4.383890209595156517e-02
4.386905812258833082e-02
4.388846520197720036e-02
4.390214925316834882e-02
4.392449530089159726e-02
4.394700850422272875e-02
4.396800957878758964e-02
4.398634469175851519e-02
4.400284068613537908e-02
4.401316356116733580e-02
4.405321710895126336e-02
4.409107299858349566e-02
4.411047479854907083e-02
4.412539264450514309e-02
4.413230573416082603e-02
4.416507994165506240e-02
4.418287777329157895e-02
4.422080085293796092e-02
4.424560591635910006e-02
4.427105098293398350e-02
4.429166239081012979e-02
4.432448493839163256e-02
4.434861772712870437e-02
4.435811068741089130e-02
4.438883525794208584e-02
4.440510106746911601e-02
4.442692619488362166e-02
4.444175306289624428e-02
4.447137987240477180e-02
4.450988507453824267e-02
4.453213776682434649e-02
4.454713051518817413e-02
4.455843832884327782e-02
4.460001376696095393e-02
4.461821811310485303e-02
4.464749760764600423e-02
4.465942305543715157e-02
4.466971946049256431e-02
4.468068556601506591e-02
4.470567130751287171e-02
4.474732445011595644e-02
4.477436278046004886e-02
4.478986744264967790e-02
4.482037181368751788e-02
4.484629723478582991e-02
4.486465135755059175e-02
4.489406004178058546e-02
4.492914918272255392e-02
4.494556483219038640e-02
4.496075413180837532e-02
4.500503782680893156e-02
4.502051721996447320e-02
4.505135417143107252e-02
4.507812920028655274e-02
4.510684064884420974e-02
4.511836491527244919e-02
4.514312994932887652e-02
4.515860318484248709e-02
4.518195065446307945e-02
4.521293175869862957e-02
4.523678476569181067e-02
4.528270487712380415e-02
4.529041000415329893e-02
4.532744747241703592e-02
4.533149221842611154e-02
4.536093186115783271e-02
4.538284648914652636e-02
4.540703415651337060e-02
4.543759784112546413e-02
4.546643742028196045e-02
4.549128330170302409e-02
4.552095857832320902e-02
4.553023365880214113e-02
4.557516111808748022e-02
4.560743878693744591e-02
4.560951099357716393e-02
4.563383199428363429e-02
4.565777306233761990e-02
4.568204958428605938e-02
4.569846948819933363e-02
4.574062356539054797e-02
4.575263428588783460e-02
4.576841357429378698e-02
4.580306303170976479e-02
4.580463865743489987e-02
4.584987738561757675e-02
4.586472216509707156e-02
4.586850483462677486e-02
4.590695986647234939e-02
4.593195417307478073e-02
4.596484171235713789e-02
4.599225322292398860e-02
4.602372758434577354e-02
4.603446827795786012e-02
4.608697550828467354e-02
4.609372614895255321e-02
4.610954212698453042e-02
4.613897635444737938e-02
4.615918484189512894e-02
4.619897817458525069e-02
4.625064688851716899e-02
4.625414956678662592e-02
4.627891647659979069e-02
4.631909561292917032e-02
4.633790376334741279e-02
4.635438238019619350e-02
4.636399488569733357e-02
4.638936601184923819e-02
4.639918503991929954e-02
4.642951532463679420e-02
4.645460810715692362e-02
4.648530623168047049e-02
4.651232042814829742e-02
4.652563819317047378e-02
4.656454037669414958e-02
4.659067978142043820e-02
4.661091960304895865e-02
4.663561940779590437e-02
4.665391622526061238e-02
4.666444693861095810e-02
4.671594350662867240e-02
4.672958588014260173e-02
4.675365053232224261e-02
4.679573139106817103e-02
4.679786252960011633e-02
4.684972614608835795e-02
4.687641577408889482e-02
4.690243948569052662e-02
4.692151329034186663e-02
4.694335360234074689e-02
4.695753491033840404e-02
4.698002863791977263e-02
4.700076915240179037e-02
4.704043121296543062e-02
4.707598098133466968e-02
4.708994903288873241e-02
4.710837513212159933e-02
4.712336564941622258e-02
4.716459197566186951e-02
4.717719529179652260e-02
4.718439540405554300e-02
4.723725635336505080e-02
4.725783287275972522e-02
4.728507889178658330e-02
4.731554852802002942e-02
4.733938505027474042e-02
4.734523433865359815e-02
4.736369148946198426e-02
4.738131989321800464e-02
4.740852676254886378e-02
4.745079564468613481e-02
4.747183683328320969e-02
4.748718822125281430e-02
4.752963042479729089e-02
4.755054903753849760e-02
4.757146360734878371e-02
4.759223946906003533e-02
4.760502694668395512e-02
4.763051119029843017e-02
4.763934992888124720e-02
4.766285554651827211e-02
4.767827691495225839e-02
4.772760600034324507e-02
4.775078641014296466e-02
4.776684387583182700e-02
4.778699387300255896e-02
4.779246076048863229e-02
4.783181094454354992e-02
4.784281999252573692e-02
4.786535149289125601e-02
4.787482723489137199e-02
4.792347905128377383e-02
4.792871637361652976e-02
4.796378806643613463e-02
4.799535335776846517e-02
4.800810916967505199e-02
4.804278342789723016e-02
4.807200271734491520e-02
4.808645540182375500e-02
4.811955640485836988e-02
4.815266556868526282e-02
4.818043156631169471e-02
4.821066971585354077e-02
4.822238804141195517e-02
4.826671649101123979e-02
4.830350279886232862e-02
4.831859977149668972e-02
4.835491001622449492e-02
4.839534136381174606e-02
4.842311185764659048e-02
4.843933597209675035e-02
4.844401797545414695e-02
4.847734281515361787e-02
4.848738371752347315e-02
4.851629456099339210e-02
4.852949827204028344e-02
4.857743607617603238e-02
4.859284976306882387e-02
4.864523502861741594e-02
4.867824586950365851e-02
4.868863583500705750e-02
4.871451918368284451e-02
4.874633163104528932e-02
4.877707619034393066e-02
4.880073992756683854e-02
4.882348935151540475e-02
4.884219381143029004e-02
4.886002806198641579e-02
4.889821693770939059e-02
4.893624959452286260e-02
4.896012926730568954e-02
4.899434293141323449e-02
4.900902344618782158e-02
4.902863519762444555e-02
4.906685045308060295e-02
4.910302886473938422e-02
4.911693449278271145e-02
4.914313053647191565e-02
4.917643645227446486e-02
4.920467568527581159e-02
4.920873570690382365e-02
4.924331459726234705e-02
4.926879032318336182e-02
4.930863144573825047e-02
4.932104688322336283e-02
4.935730542125060794e-02
4.938909405538964570e-02
4.939759589023039188e-02
4.941796276374353647e-02
4.945005444051058657e-02
4.946288939892071190e-02
4.952953053582540704e-02
4.954945906005921163e-02
4.956395379549554531e-02
4.957980383671266311e-02
4.960573340432219980e-02
4.961404326361602141e-02
4.965667150532440677e-02
4.970663164934743805e-02
4.971101841130884380e-02
4.973129925624495545e-02
4.975957244895845566e-02
4.978864792751750562e-02
4.982281136601961896e-02
4.985266601403067627e-02
4.988813627791903460e-02
4.991236227818326987e-02
4.994280155032275459e-02
4.994906894638127814e-02
4.996165242105916199e-02
4.996838825505712373e-02
5.000807158306473654e-02
5.008029850385323223e-02
5.011517197249891475e-02
5.012609867935020197e-02
5.015909383677730204e-02
5.018605680721544005e-02
5.022827469109397008e-02
5.024626079140833562e-02
5.026491533118785521e-02
5.027079230654395853e-02
5.030070290059476812e-02
5.035474310000027237e-02
5.040014364247612233e-02
5.041990001525557125e-02
5.043924789138103798e-02
5.046246357350836487e-02
5.048535135071632179e-02
5.050349324179798788e-02
5.051099218810549407e-02
5.053718341819449233e-02
5.058748023460760135e-02
5.060862013438793133e-02
5.062917129777040615e-02
5.064640585766870540e-02
5.067933942520454899e-02
5.072130649633916494e-02
5.075359344816585128e-02
5.077852703348572500e-02
5.078825478025233986e-02
5.080992476082391712e-02
5.082361866486203444e-02
5.084565097666148004e-02
5.085381016774819657e-02
5.092893582657896656e-02
5.094774861142719463e-02
5.098015211430969446e-02
5.099954032403642562e-02
5.101728404597803690e-02
5.103804944599492355e-02
5.108121205813260374e-02
5.110295021552949124e-02
5.111649908351836163e-02
5.114749020722248601e-02
5.120011453469006796e-02
5.121899969297386002e-02
5.123416570291943611e-02
5.125349172233872180e-02
5.127999907492704346e-02
5.131423935806539438e-02
5.134997981666823003e-02
5.136910801480117084e-02
5.138628769178154448e-02
5.141896911692792754e-02
5.143003388092195344e-02
5.145537834826959672e-02
5.152627887930376349e-02
5.153570879596366255e-02
5.154932054904678290e-02
5.157041048947640094e-02
5.157526867531683767e-02
5.161203101678234900e-02
5.165526330486060885e-02
5.167278711159421084e-02
5.171045896897372846e-02
5.177215171705885910e-02
5.178514489376635083e-02
5.180405990683947109e-02
5.183946462588466531e-02
5.185678368168034069e-02
5.187696003161455099e-02
5.191592797492913802e-02
5.194979148905786576e-02
5.197202483532893658e-02
5.202879184028456200e-02
5.206731505553133244e-02
5.208382838762415368e-02
5.212482888082660415e-02
5.216235862953301494e-02
5.221083324219184807e-02
5.221631592915719489e-02
5.223511952736632075e-02
5.225859149577072316e-02
5.229669489060220083e-02
5.231241345621566452e-02
5.232687705342151802e-02
5.238193925644264032e-02
5.240374680211459107e-02
5.242671542889965758e-02
5.245408490823894737e-02
5.252953537411175766e-02
5.255328139628742679e-02
5.257345849972378665e-02
5.258604384150241534e-02
5.259966676900043603e-02
5.263540781872914909e-02
5.267939453659770815e-02
5.272077018867587367e-02
5.274932718077920274e-02
5.275751062031978217e-02
5.278610791134860647e-02
5.284558303287829883e-02
5.285389970960416295e-02
5.289242783162816791e-02
5.292378167000503369e-02
5.293499182047751300e-02
5.295211442203640734e-02
5.301718386429486729e-02
5.304541924324804314e-02
5.306055529063595511e-02
5.310068876573484364e-02
5.312974628972846197e-02
5.314909340243406666e-02
5.320102031633321127e-02
5.321795695656063307e-02
5.324573281555968624e-02
5.328232108814483226e-02
5.330131484807371089e-02
5.332921624596347054e-02
5.334266252378227352e-02
5.338289947639420635e-02
5.343917612144522683e-02
5.346816800245932089e-02
5.348438614598109708e-02
5.351650655708532767e-02
5.352603853797278932e-02
5.354031553064855092e-02
5.359102518469575915e-02
5.361190414032574597e-02
5.362471625086413785e-02
5.368532685241280550e-02
5.372438533161748991e-02
5.375507095949583203e-02
5.379004727881877418e-02
5.384515953309760433e-02
5.385674576423925969e-02
5.387836221536462800e-02
5.389168543337991696e-02
5.390943241646459910e-02
5.393253953073236240e-02
5.397702227916913870e-02
5.399630907358134863e-02
5.405322737119199611e-02
5.405738515301159591e-02
5.408869056012345633e-02
5.410709937505712996e-02
5.413510464570459729e-02
5.417539707608549221e-02
5.422791771787699444e-02
5.425118571746156276e-02
5.428452742965694799e-02
5.430126865103045847e-02
5.433093022597140775e-02
5.434482367870208802e-02
5.440665564109352370e-02
5.442857601137832818e-02
5.446862420979171893e-02
5.449285114063223689e-02
5.451711354912328056e-02
5.454458940183428556e-02
5.456743856912912166e-02
5.457795469649309728e-02
5.466393580709362487e-02
5.467481081037212087e-02
5.470440659624140750e-02
5.471296659922177119e-02
5.474430070415085142e-02
5.475111182483388683e-02
5.480018324299951865e-02
5.482263651704855079e-02
5.484712174201013951e-02
5.487606988067594838e-02
5.489708959878879940e-02
5.493979793677011142e-02
5.496688088077150702e-02
5.498404562954557068e-02
5.503996045444106006e-02
5.507822638736682708e-02
5.508980015084984777e-02
5.509692072660938439e-02
5.513072317240381992e-02
5.515193649335099757e-02
5.517508446920477150e-02
5.521578554318703341e-02
5.523664533535500160e-02
5.526796884742507521e-02
5.527795349666356911e-02
5.531617218589129220e-02
5.534001334372085079e-02
5.543224603933173678e-02
5.543322667808137788e-02
5.548416673712273234e-02
5.549104006966792957e-02
5.552475757515651367e-02
5.554891640663115610e-02
5.560529612301109287e-02
5.562897591019489579e-02
5.568312859816693106e-02
5.576324082733895987e-02
5.576674980230099388e-02
5.579915657603933682e-02
5.582403875414140848e-02
5.587225915280753796e-02
5.588699763857248731e-02
5.589671895242033506e-02
5.593339364793680629e-02
5.598253772994258443e-02
5.599857932885791284e-02
5.604443140068590679e-02
5.606598160221467481e-02
5.609542156239956390e-02
5.611147695179446310e-02
5.613988487157077489e-02
5.622659637035710978e-02
5.626410074186740523e-02
5.628029886295130013e-02
5.630393791454925412e-02
5.633456222765059057e-02
5.637750168796328704e-02
5.638523772346381441e-02
5.640872000941683784e-02
5.645261341413499584e-02
5.647655002318409390e-02
5.651863578060060955e-02
5.653935889433410467e-02
5.661356603448251812e-02
5.665041679406008363e-02
5.669053323265058758e-02
5.669659602807685522e-02
5.675237494220788242e-02
5.677096743154898262e-02
5.677859191729767857e-02
5.678998706016741976e-02
5.684521754098980501e-02
5.686819279447132003e-02
5.692158992094416281e-02
5.695386527329458770e-02
5.697425994334326393e-02
5.701302007901140612e-02
5.705589512971379756e-02
5.708888988756637833e-02
5.713945027556066592e-02
5.717007894223474773e-02
5.718815187552662299e-02
5.723792048291580919e-02
5.725915639895640119e-02
5.730671204059246265e-02
5.733035092443644620e-02
5.740992832623416364e-02
5.743010334948230045e-02
5.744161875566193565e-02
5.747282229869171699e-02
5.751134078142670913e-02
5.753414710832830542e-02
5.760217233085344890e-02
5.763040914233979323e-02
5.767836576901971823e-02
5.770323934167077840e-02
5.775470801951461397e-02
5.777584286719059797e-02
5.782197086726614810e-02
5.784029885473949972e-02
5.786224246189539122e-02
5.789260418583633966e-02
5.793231747889218686e-02
5.795377486001646733e-02
5.798115342995374677e-02
5.799382507667949493e-02
5.802143895852217986e-02
5.807755568427670767e-02
5.812298284729926906e-02
5.814559947947767898e-02
5.815632305877971309e-02
5.817665863240177593e-02
5.823190116074615508e-02
5.824364097612432650e-02
5.828180536661634742e-02
5.836777407297638609e-02
5.841600547693474865e-02
5.844677287366462082e-02
5.848756842385841731e-02
5.849991736760568745e-02
5.854224795026968797e-02
5.856207218869510789e-02
5.862659343989504168e-02
5.866706710452999213e-02
5.869433102355584714e-02
5.871390389071656779e-02
5.872737367384298773e-02
5.874969543750898499e-02
5.880180863600630026e-02
5.881413507975818272e-02
5.887574638250956532e-02
5.888700954203567040e-02
5.894644475360381192e-02
5.899985591772526072e-02
5.907003053476784366e-02
5.909927097677371288e-02
5.914120216744823966e-02
5.919350310913349539e-02
5.926429688450074451e-02
5.930769772203545870e-02
5.935710287536871688e-02
5.939071657946502075e-02
5.941555333959832458e-02
5.943881165468924144e-02
5.950493170791758268e-02
5.956012709422973256e-02
5.960550508596664659e-02
5.961761706333251754e-02
5.966774409846095639e-02
5.970216632501754855e-02
5.972198439202502929e-02
5.976345893299937762e-02
5.981576055656920299e-02
5.982315415156112121e-02
5.988274257671543505e-02
5.991303545840021699e-02
5.994623600321178497e-02
6.001778885964758475e-02
6.002889714289404849e-02
6.006880774941305429e-02
6.011216106543026960e-02
6.011801752658554876e-02
6.013397828160156611e-02
6.022400831917370384e-02
6.025302720118633909e-02
6.032730876272181242e-02
6.034282879165697722e-02
6.037850599201898677e-02
6.043522154542657621e-02
6.045900600349297244e-02
6.050211363812710297e-02
6.054034567576933173e-02
6.055851832356912851e-02
6.061827414106536749e-02
6.063708979621372508e-02
6.066325964199179022e-02
6.069092303912917291e-02
6.072766529215332942e-02
6.079607263376791276e-02
6.081292735772538677e-02
6.082060548245756676e-02
6.088426470874541002e-02
6.089956635504460702e-02
6.092145854719164394e-02
6.098037756148044775e-02
6.101029351676597740e-02
6.107236765523343242e-02
6.112859804095554378e-02
6.114520317066798882e-02
6.116082598296737616e-02
6.121774265211198801e-02
6.126730682057745375e-02
6.127383594131988187e-02
6.131949229072811147e-02
6.135983070960319974e-02
6.141238101516315745e-02
6.149050213517193164e-02
6.154424798013607284e-02
6.161153504074053794e-02
6.164123758768622757e-02
6.167432802829116850e-02
6.169326722714517375e-02
6.175268584123794202e-02
6.178016864747840758e-02
6.184347251049692601e-02
6.188615545042333577e-02
6.192611717194310833e-02
6.196193358545680485e-02
6.198724997360208211e-02
6.201275243126876113e-02
6.204899361271804664e-02
6.210845053996610909e-02
6.212832515318639920e-02
6.215405244745007135e-02
6.221122445215161723e-02
6.223523005025841104e-02
6.229018746090298625e-02
6.232872384098004509e-02
6.240928284600669174e-02
6.242917984591986325e-02
6.251241286073939973e-02
6.253120135971670934e-02
6.257964900723635149e-02
6.259729872464339651e-02
6.265094029568236966e-02
6.270233923720955338e-02
6.274154880830416781e-02
6.275413819007007177e-02
6.280814648864313510e-02
6.285339986526411460e-02
6.289197405242216710e-02
6.290774332456716689e-02
6.297681039212382759e-02
6.300103038178171688e-02
6.307280052224376043e-02
6.312341281687111616e-02
6.314558347575856267e-02
6.315892456665106458e-02
6.318546677828602853e-02
6.326981904086260988e-02
6.329742193227975988e-02
6.334759800245967631e-02
6.336856420547939961e-02
6.340585732711609412e-02
6.347092457611298866e-02
6.350740589295374161e-02
6.354419563856762709e-02
6.355144715015406676e-02
6.360552038532082952e-02
6.364990023582275946e-02
6.369185301623186968e-02
6.376143363814153198e-02
6.380665488867610924e-02
6.383092347594086780e-02
6.390872890128200534e-02
6.395187367066265671e-02
6.397757782212944166e-02
6.404193244262106066e-02
6.407143656206371052e-02
6.415669138009469363e-02
6.425197341435494314e-02
6.429384793573755807e-02
6.434536030103545079e-02
6.437320725194053961e-02
6.442018764120953367e-02
6.443625284103603190e-02
6.450400332577348184e-02
6.456725280085018337e-02
6.459083455984619693e-02
6.460487638478372430e-02
6.468328879671109144e-02
6.470853584369253009e-02
6.478897809494101045e-02
6.480647818239410052e-02
6.484479124444376963e-02
6.489177687269745420e-02
6.492638180772529466e-02
6.498573602410429029e-02
6.500979709168817899e-02
6.506105558767245889e-02
6.512455451991770727e-02
6.514472300668389115e-02
6.519798591147614453e-02
6.523710601057956804e-02
6.526695038353529099e-02
6.527285341608372871e-02
6.538189486685382079e-02
6.538894094115481337e-02
6.544778251605765096e-02
6.550334189887703495e-02
6.552081878191502728e-02
6.557125428264867772e-02
6.564379252457101799e-02
6.564971906996626416e-02
6.569912089878550410e-02
6.571282581008990042e-02
6.577200834217833414e-02
6.584185345968186776e-02
6.584946561317783775e-02
6.587157395431704476e-02
6.592846283026072840e-02
6.595788511731361103e-02
6.601097099514365019e-02
6.603360450695473782e-02
6.609235931450124779e-02
6.613715064914149622e-02
6.615425056672513682e-02
6.620527159648462168e-02
6.625187761038657530e-02
6.630043931866916318e-02
6.631031728964198457e-02
6.635988697035349881e-02
6.644953407860580696e-02
6.652567688237924493e-02
6.655180368677952873e-02
6.656776554703276727e-02
6.658774409744902534e-02
6.661573925669155016e-02
6.669154716721908960e-02
6.677445678732474299e-02
6.679882528357365679e-02
6.681835115796186386e-02
6.685151701913583100e-02
6.688699259702914068e-02
6.695393678109279323e-02
6.699380547393724017e-02
6.703696243915548136e-02
6.709121832661781026e-02
6.711496122684050547e-02
6.715050960443123829e-02
6.717412172315398444e-02
6.727764522093050703e-02
6.732968480246563636e-02
6.737358198522346020e-02
6.742142684588615931e-02
6.742754150925035772e-02
6.751382529764130003e-02
6.755203827474001721e-02
6.760971896270102921e-02
6.763779457500500303e-02
6.769623203777719311e-02
6.770955754078136768e-02
6.777405392916503735e-02
6.783478894014838279e-02
6.787458823000716568e-02
6.791996158958581165e-02
6.798046007251445921e-02
6.808810884292026966e-02
6.817294857539850372e-02
6.822151062056089343e-02
6.826426218404718638e-02
6.832569439301602876e-02
6.835260533855606890e-02
6.840269810427154762e-02
6.846354571788386412e-02
6.849070573762355840e-02
6.853501947023289687e-02
6.857861754793331821e-02
6.865754729913059462e-02
6.867209599520418539e-02
6.869781533275388929e-02
6.882581096231914219e-02
6.883856456104825439e-02
6.889573384125158295e-02
6.893185753699376805e-02
6.902131722114890344e-02
6.913568008599478565e-02
6.915496628672625212e-02
6.920654641207875379e-02
6.926726625104831503e-02
6.934515792169874959e-02
6.935770647596919969e-02
6.941653904531719377e-02
6.942066082551509587e-02
6.953456289239615118e-02
6.960514951127004524e-02
6.968559815052059736e-02
6.970259042700559238e-02
6.976594209103714750e-02
6.983936440915766708e-02
6.985608518640244735e-02
6.986965017563565028e-02
6.990548172103643043e-02
6.993293330705671607e-02
7.004345795594621449e-02
7.008731944441470851e-02
7.010510259305227643e-02
7.013834131205370914e-02
7.021063704752686374e-02
7.025450015030605677e-02
7.029102059528154200e-02
7.034377534916307073e-02
7.039402891254642469e-02
7.045451781908974864e-02
7.053008052084221158e-02
7.056388953955752830e-02
7.058557279349536584e-02
7.066343542945147105e-02
7.071391583928084146e-02
7.072647821344837937e-02
7.077660536835267413e-02
7.090745124704607438e-02
7.092065225835475495e-02
7.096307122726219774e-02
7.102294767490612004e-02
7.107858612981970969e-02
7.116349714695439921e-02
7.119000758372878712e-02
7.119689528386957678e-02
7.122652617327759894e-02
7.131222335105366628e-02
7.136167540317167601e-02
7.142875674516337148e-02
7.145610185217408927e-02
7.150985331573977977e-02
7.155339360326609666e-02
7.159541542087692612e-02
7.163995566782992153e-02
7.170249887740930139e-02
7.177925464909828968e-02
7.183453528975643210e-02
7.188458166585938447e-02
7.190974008941222739e-02
7.196627959681453635e-02
7.200344648312530238e-02
7.203916123066358979e-02
7.206044566708039167e-02
7.213117826026683999e-02
7.220576440356700487e-02
7.225362179266696383e-02
7.232360362737294546e-02
7.239225394076793940e-02
7.245898261427009823e-02
7.246516135514448342e-02
7.250935061596286424e-02
7.260612496663967907e-02
7.262560462861561428e-02
7.268631912392328753e-02
7.280557411923331557e-02
7.281553279208075047e-02
7.291304752521908517e-02
7.293583074728705873e-02
7.300450856221170348e-02
7.305713816109392356e-02
7.312659237503410514e-02
7.317204384229195058e-02
7.320062526692390492e-02
7.330436800191925117e-02
7.338447488126448315e-02
7.345349579569383780e-02
7.346992385080010346e-02
7.352200639577685659e-02
7.360981668341622097e-02
7.362639559516064025e-02
7.371271021018110936e-02
7.372855534618236173e-02
7.380979900560402651e-02
7.400940241076453541e-02
7.406253875095754335e-02
7.409634252590743819e-02
7.410946434594455068e-02
7.415208954935328944e-02
7.421802277711940510e-02
7.430607475736843159e-02
7.435203211071222951e-02
7.438776536124006022e-02
7.441349088227813824e-02
7.444567966442511286e-02
7.452732684448902523e-02
7.458803475080613699e-02
7.464921897688399366e-02
7.466587619773100426e-02
7.470407373915903537e-02
7.477771329720045435e-02
7.485071507961571502e-02
7.488512106485291364e-02
7.495495589069033071e-02
7.501680799089165130e-02
7.510106909774549866e-02
7.510512694380673537e-02
7.515901519026563227e-02
7.524474030165362315e-02
7.531993616020583870e-02
7.536128820068399570e-02
7.539580463330126936e-02
7.542070768441454243e-02
7.550236382204361663e-02
7.556776382789470725e-02
7.568619869522236199e-02
7.570914523980078192e-02
7.581877295230586566e-02
7.584852205238336309e-02
7.587700212755987828e-02
7.593542015246676491e-02
7.602211921123230853e-02
7.603766790099497630e-02
7.614809192163424223e-02
7.619504581178240810e-02
7.627082572180593489e-02
7.637237883567096763e-02
7.641993039249091180e-02
7.644942415907125810e-02
7.653141422331068144e-02
7.658352993226619221e-02
7.666123498648103052e-02
7.675124115417020221e-02
7.676046736718168673e-02
7.680991098207338996e-02
7.688294006067174224e-02
7.697074033982512220e-02
7.700768382323586181e-02
7.705756011840884934e-02
7.716381179844535032e-02
7.722245262295264479e-02
7.727451218755540530e-02
7.731775214107282357e-02
7.738888282306100042e-02
7.743781089353909963e-02
7.754924060920327655e-02
7.757571376997182688e-02
7.761521399439907931e-02
7.764679809648693254e-02
7.775741642906139339e-02
7.786851166863177631e-02
7.789997055790802427e-02
7.793719709776121551e-02
7.808138470821553156e-02
7.821729217498551989e-02
7.825694775550881555e-02
7.831559963728988716e-02
7.833619965532510887e-02
7.836164167302210604e-02
7.840832382070461737e-02
7.852702901065815311e-02
7.853641512944459224e-02
7.864744172439866454e-02
7.873549644834423877e-02
7.878762096182240215e-02
7.888937232953988077e-02
7.891287814496861230e-02
7.899265356652071524e-02
7.906047248843026121e-02
7.911090677614915356e-02
7.914260248330834413e-02
7.916242597773821832e-02
7.920735032129835873e-02
7.944585078109200893e-02
7.951090288519145621e-02
7.957183173236903606e-02
7.960764534398517833e-02
7.963790662647760032e-02
7.976709155169779686e-02
7.977572547254958846e-02
7.981822619516004691e-02
7.988586587836041253e-02
8.000965894715697524e-02
8.011159095263976904e-02
8.016467882118252786e-02
8.018509560794376267e-02
8.025245097859555476e-02
8.034499863108243711e-02
8.040767335497439605e-02
8.044473241680205611e-02
8.049719920219229607e-02
8.054933378301411262e-02
8.061574135863891488e-02
8.071802060864699535e-02
8.072900450350080359e-02
8.073834999140812319e-02
8.087423434048232607e-02
8.095924663621818784e-02
8.100729310283792672e-02
8.108154430925795797e-02
8.116451582730327408e-02
8.125725968950572864e-02
8.127682274187350564e-02
8.139015423734625998e-02
8.142376614224411391e-02
8.156712630046589196e-02
8.164890939658943358e-02
8.172966603759339310e-02
8.180607393757889645e-02
8.188585388611474558e-02
8.193306396619813581e-02
8.199443711007887992e-02
8.207216571582492959e-02
8.209494570684895687e-02
8.215447570420469914e-02
8.237338056413671949e-02
8.241570699504122133e-02
8.245278041062616137e-02
8.258677809076138410e-02
8.261165531465057554e-02
8.269380836943895918e-02
8.272029423189054820e-02
8.280572340611447313e-02
8.292590167169476556e-02
8.294391392501554439e-02
8.298966165848960241e-02
8.307455236973235180e-02
8.313864375508624172e-02
8.324322137521411591e-02
8.325543466326215669e-02
8.340380177913404858e-02
8.343230113994773434e-02
8.348651610501965636e-02
8.367075926173490885e-02
8.375820285831955814e-02
8.386160216965887759e-02
8.389425870242216143e-02
8.392595854618606355e-02
8.407863202750309739e-02
8.409854076885270313e-02
8.414678794640433057e-02
8.417325570130819445e-02
8.421005110284536521e-02
8.434611272149046546e-02
8.437151159195288574e-02
8.448208830407552550e-02
8.453316173534890232e-02
8.468106622067222977e-02
8.476681553707014760e-02
8.498196246295314227e-02
8.511098079573219122e-02
8.514852483607600331e-02
8.523264522578527513e-02
8.524764299718151639e-02
8.532355326116990157e-02
8.545571626842604629e-02
8.550711317661481570e-02
8.555096431152692249e-02
8.569302451888860528e-02
8.572139720246040040e-02
8.575061401692611607e-02
8.591945531191165497e-02
8.603258118534161392e-02
8.604884835364325080e-02
8.616425285766603215e-02
8.624094248226839288e-02
8.638009077142570769e-02
8.648831356308056550e-02
8.660994653394328557e-02
8.663307067901383773e-02
8.673905535422903046e-02
8.675978601746915653e-02
8.689368550489282028e-02
8.699231098489448866e-02
8.700140616421773998e-02
8.715342460031683114e-02
8.723136606863232667e-02
8.729239409623676393e-02
8.730894598279576035e-02
8.751249908262691279e-02
8.754194590973408963e-02
8.772245730800488916e-02
8.781314702234058189e-02
8.785446161711374380e-02
8.792743373814365659e-02
8.796696263825581896e-02
8.801382454515867260e-02
8.805377284852618225e-02
8.812615582947616599e-02
8.816845818479615571e-02
8.823055282677459699e-02
8.833430149857519897e-02
8.836699648148324537e-02
8.844295332858678749e-02
8.846740862707411224e-02
8.856370200372651325e-02
8.866871616587831961e-02
8.871517942760900888e-02
8.877090676250393164e-02
8.880363638125836345e-02
8.886185269212798499e-02
8.899420175906105901e-02
8.907938671861555247e-02
8.923153390951614472e-02
8.930988249494914433e-02
8.933228456714767396e-02
8.944484197580866713e-02
8.947595103611866163e-02
8.956628161740115557e-02
8.971045563577129123e-02
8.978823673581899645e-02
8.983330847750370385e-02
8.999318946739449931e-02
9.009885717909309200e-02
9.012433146027450104e-02
9.013676467703383988e-02
9.018001711658202302e-02
9.027968836156546883e-02
9.031275662145134275e-02
9.038481264804715254e-02
9.045202263514605379e-02
9.060733345816565643e-02
9.063603366988340349e-02
9.079223980543309203e-02
9.087295996297743705e-02
9.094691901067501749e-02
9.096827749502604810e-02
9.108577049600381781e-02
9.110529860932123358e-02
9.120984075650555301e-02
9.132168310386196142e-02
9.141745395340175606e-02
9.144213671756425132e-02
9.164438544217559657e-02
9.166217546291925700e-02
9.175035692339629512e-02
9.182734090231868540e-02
9.190450074551778648e-02
9.194814860838201875e-02
9.218793403375154238e-02
9.238013804894576464e-02
9.239377032064016726e-02
9.253051357496540341e-02
9.257822638735285770e-02
9.267160760109299789e-02
9.272121979441734496e-02
9.292860179335087067e-02
9.313414922620209813e-02
9.323369093340222458e-02
9.333956778232291307e-02
9.335655694115192749e-02
9.341872849975317583e-02
9.366968155413830932e-02
9.369631048057934508e-02
9.377807888294724392e-02
9.382973269494523927e-02
9.392994967501784587e-02
9.404930730502882030e-02
9.416618230365771114e-02
9.418653515406903709e-02
9.436868443289965491e-02
9.440973892051751637e-02
9.447462670138510876e-02
9.466191683156904846e-02
9.470577053178759475e-02
9.485845451447276477e-02
9.496101738678823512e-02
9.504341476874471339e-02
9.509309472832083721e-02
9.512508092941282523e-02
9.543255046803444941e-02
9.550608820465970872e-02
9.554921934068430489e-02
9.561082307923222945e-02
9.568633566761498843e-02
9.587356925003258368e-02
9.599598084912774887e-02
9.609732445599618311e-02
9.625778346851379674e-02
9.635161148755605476e-02
9.644504298393644093e-02
9.652059511779484402e-02
9.674482205439663418e-02
9.690425327044499548e-02
9.710980838074348420e-02
9.721382316013697789e-02
9.727339304193106939e-02
9.742499235660739831e-02
9.761318183427601658e-02
9.774512526584380745e-02
9.777535566962915203e-02
9.790802703650898497e-02
9.792502581710421650e-02
9.798122723162730474e-02
9.807920547052075000e-02
9.814528446974934983e-02
9.829053951174071546e-02
9.835977046298650939e-02
9.849478659287327909e-02
9.852845551270492108e-02
9.857228126416545111e-02
9.866900759192877290e-02
9.873003041295479176e-02
9.888893660129544072e-02
9.906735921946277501e-02
9.938686548627113926e-02
9.941231988019796906e-02
9.946591744945028346e-02
9.947901384495046184e-02
9.953323148731924030e-02
9.970358933380220334e-02
9.983200877501806347e-02
1.001065363229333288e-01
1.002153492837870030e-01
1.003910427701640157e-01
1.004931162142883444e-01
1.005653915911579183e-01
1.006442430323916809e-01
1.007975359377252106e-01
1.009051903091630481e-01
1.009419812880969214e-01
1.009642563701893953e-01
1.010545050054129229e-01
1.010826469235203834e-01
1.011846895978817662e-01
1.013762760250604550e-01
1.014140933446541631e-01
1.015554667451931820e-01
1.017604156885050792e-01
1.019709059857429323e-01
1.020905902772666074e-01
1.022350245570387700e-01
1.023429379026366548e-01
1.024242347083447330e-01
1.024440383208170269e-01
1.027280778268859357e-01
1.027807862818131551e-01
1.028076907391753392e-01
1.029072178975684176e-01
1.030402817466788967e-01
1.032099162349983112e-01
1.033759736756772324e-01
1.034299974214833301e-01
1.035527655231430755e-01
1.036076820131829473e-01
1.037204771366426609e-01
1.038715315821599205e-01
1.040463838782655220e-01
1.041922293680489636e-01
1.042981543128445182e-01
1.044694991602950762e-01
1.044740802436877891e-01
1.045946197346227097e-01
1.046443607315392377e-01
1.046649965568905438e-01
1.047909990765472504e-01
1.049237379722216534e-01
1.049854456194658364e-01
1.050252585249890069e-01
1.051433089993527720e-01
1.054524874554834540e-01
1.055652900692988366e-01
1.058026690441542239e-01
1.059030828898772925e-01
1.060233352854712680e-01
1.062024025528844479e-01
1.063059798970622111e-01
1.063694343295693706e-01
1.066374892846899403e-01
1.067258482004635189e-01
1.067967897521770321e-01
1.068622035827043182e-01
1.069912186778055746e-01
1.072546494853269111e-01
1.073838450815870760e-01
1.074579459202743004e-01
1.075896078199194139e-01
1.078283150623604858e-01
1.078398291960095540e-01
1.078658416573472500e-01
1.080127270343446966e-01
1.081985933681742368e-01
1.083841174576517796e-01
1.085507872782760785e-01
1.085646556901450482e-01
1.089437791357578122e-01
1.089783783566671826e-01
1.092234141617037940e-01
1.092789942418029292e-01
1.093206889779868990e-01
1.093479100113498442e-01
1.093914813379350398e-01
1.095932390555086899e-01
1.097533354718344678e-01
1.098351542865787095e-01
1.100068487172475157e-01
1.101418970035603906e-01
1.104237489163930053e-01
1.104382359358451610e-01
1.104618949088914948e-01
1.105345759025898877e-01
1.106668746587977925e-01
1.109041876967977736e-01
1.109553108583132830e-01
1.112535334625091438e-01
1.113410966212923098e-01
1.115456888382910794e-01
1.115910683278616422e-01
1.117783710286606447e-01
1.118313659842429669e-01
1.119864673796044929e-01
1.123160319677635188e-01
1.124364210410840476e-01
1.126269818427770159e-01
1.128113902427113069e-01
1.129660230990515435e-01
1.129969331359051421e-01
1.131041003632365927e-01
1.131930374715134496e-01
1.133271776196301539e-01
1.134908229508117122e-01
1.138271169156841317e-01
1.138980207344195417e-01
1.143679843701524979e-01
1.145125515991353149e-01
1.145786296745042177e-01
1.148701475255827914e-01
1.149550970244528209e-01
1.150447919561240484e-01
1.151492286216862088e-01
1.152029280216327889e-01
1.152842751858727949e-01
1.154183187003205713e-01
1.155809107918183282e-01
1.158823993323282869e-01
1.159483718552811737e-01
1.161272863972111630e-01
1.162240291420338079e-01
1.162772281271389346e-01
1.163801782629067111e-01
1.165402113780008436e-01
1.166075114290246878e-01
1.168280417318200565e-01
1.169118332481755979e-01
1.169290813744617991e-01
1.170637622299739444e-01
1.171659289183628605e-01
1.172278406002488921e-01
1.175658528980368100e-01
1.177780877339737048e-01
1.179192520995205190e-01
1.182434737454798601e-01
1.183356955092294965e-01
1.186468164536401970e-01
1.187256670079892273e-01
1.190528902964600594e-01
1.191658428472734121e-01
1.192208429980389367e-01
1.193097654717930889e-01
1.195100455208340379e-01
1.195200047402319860e-01
1.196344042739667518e-01
1.197719650371948802e-01
1.198876436517744143e-01
1.199755140037113976e-01
1.202870959106978471e-01
1.204693033495819743e-01
1.205099205645529942e-01
1.205464220749501297e-01
1.206711852332845447e-01
1.212314120987036531e-01
1.213006024910026903e-01
1.213849355500041388e-01
1.215406527927801461e-01
1.220429121712828940e-01
1.220923190054587076e-01
1.222067906461665049e-01
1.223033058341085749e-01
1.226324480469839218e-01
1.228188514354877220e-01
1.228310523732599607e-01
1.228914217037050116e-01
1.229342256118630683e-01
1.232462286100094312e-01
1.235479008946638035e-01
1.240142813897252838e-01
1.241083026789573523e-01
1.241879637463126768e-01
1.242657377000537383e-01
1.244378683393013302e-01
1.244834380929785572e-01
1.246906197708172320e-01
1.247734072142875489e-01
1.249876234698817923e-01
1.250341587902097651e-01
1.252703534499248761e-01
1.253964420837840321e-01
1.259608002505282487e-01
1.260536817054685454e-01
1.260799251284988876e-01
1.261258902223207634e-01
1.262406617466199366e-01
1.269211929692251883e-01
1.271165933202934584e-01
1.272009521032635149e-01
1.272143526079454190e-01
1.273395204294411331e-01
1.276905487606971312e-01
1.280518924098018319e-01
1.282573838243633302e-01
1.286215889528780632e-01
1.286502850626473071e-01
1.288039240393590301e-01
1.289495604149424046e-01
1.291382902139728561e-01
1.293378523542631220e-01
1.298481963544604600e-01
1.300811572421171625e-01
1.302601331125059492e-01
1.304516205325534084e-01
1.304949470578563586e-01
1.307163922939190148e-01
1.309446639913595667e-01
1.316814222052355987e-01
1.317594862510443332e-01
1.317957431394873591e-01
1.319206017848928436e-01
1.321782126411945035e-01
1.323432315293125716e-01
1.334000389144887888e-01
1.334384106957342275e-01
1.336724996334180404e-01
1.338246358434075634e-01
1.338703041646249203e-01
1.341618129690932970e-01
1.343864259311276788e-01
1.343972971862070487e-01
1.349669142018988521e-01
1.352372080719138892e-01
1.352459210301179271e-01
1.354865654859492563e-01
1.355024978203328290e-01
1.357794823940550732e-01
1.359393450386293112e-01
1.361392313600712778e-01
1.362477654582239517e-01
1.363190257863740873e-01
1.367246241938433471e-01
1.370531237440147099e-01
1.371571012919223786e-01
1.375210885434957619e-01
1.378971632741561870e-01
1.382088717187214821e-01
1.385355241016096028e-01
1.387204953093888471e-01
1.387547259223558815e-01
1.390588329327744344e-01
1.392685039917675172e-01
1.394201628101509882e-01
1.395814193782344836e-01
1.396295789935927956e-01
1.398946339573447772e-01
1.401154163720396417e-01
1.404870439655673542e-01
1.406557042592894435e-01
1.407993378206331969e-01
1.415042883091189307e-01
1.415150439999127430e-01
1.418217581060841614e-01
1.418585466834554332e-01
1.418615042106166624e-01
1.421145760281029569e-01
1.422770112579214985e-01
1.428832278119820387e-01
1.431211654355743212e-01
1.435901734431415944e-01
1.439207334690873474e-01
1.440099431786577844e-01
1.440125722248663531e-01
1.440520115413832236e-01
1.446554686750585184e-01
1.451820776782986600e-01
1.452654337708993992e-01
1.454518893206429575e-01
1.456381324039579817e-01
1.457546598853727005e-01
1.459973831825014390e-01
1.466357619936422552e-01
1.470454938988856042e-01
1.474190273801536666e-01
1.475229873682077919e-01
1.476796056264810808e-01
1.477358078748413905e-01
1.478574806219876969e-01
1.482278442205785529e-01
1.485819124149468651e-01
1.488767995332425653e-01
1.490378590319554331e-01
1.495814252617960471e-01
1.496689076452465961e-01
1.497473666273596848e-01
1.502842236904738948e-01
1.506962341968554608e-01
1.507406769936995572e-01
1.508965263260111933e-01
1.509834668806999680e-01
1.518801513521879087e-01
1.520568065357533194e-01
1.522914049066879660e-01
1.525719428254661003e-01
1.527527819374631946e-01
1.535877308018160359e-01
1.537111562792681241e-01
1.540365277181755532e-01
1.542256787808248819e-01
1.547729209058366917e-01
1.548076437696113972e-01
1.548153531988911424e-01
1.552819525872937978e-01
1.557047436395150863e-01
1.559765146062130348e-01
1.559774911783589901e-01
1.563953740647494317e-01
1.567117348884077277e-01
1.567544142803119489e-01
1.573213706520057709e-01
1.575366500192671160e-01
1.577779499942360275e-01
1.592539275099860985e-01
1.593735122866356824e-01
1.597076573299114899e-01
1.599039324806378615e-01
1.603537327288873382e-01
1.611018825330178261e-01
1.611254535514476116e-01
1.615425712309419004e-01
1.619606725884479570e-01
1.623461863070831956e-01
1.626716328289415647e-01
1.628233649268545358e-01
1.635473635301113171e-01
1.640199581068599588e-01
1.642096013698429446e-01
1.645092585710145050e-01
1.645575195088949949e-01
1.650385462891428845e-01
1.655640858746142141e-01
1.657245436868258759e-01
1.666132282659045505e-01
1.670654110870612996e-01
1.677589196916231817e-01
1.680189136206523270e-01
1.682865331726693670e-01
1.685674411088486646e-01
1.689680015843606775e-01
1.691722557794719251e-01
1.692400243746796928e-01
1.694207312660886977e-01
1.700682214954475913e-01
1.708153909994952202e-01
1.710827706841834273e-01
1.723479871747603531e-01
1.724943682338329065e-01
1.727854020768274934e-01
1.735299669238665743e-01
1.739931299743737170e-01
1.744382817317119694e-01
1.757346481794355153e-01
1.764173579094278077e-01
1.767719991224129539e-01
1.768769301793444715e-01
1.773669207832161698e-01
1.783006789950518645e-01
1.786314420365248401e-01
1.787449262551685791e-01
1.788784198126899261e-01
1.790686673242050941e-01
1.792039826000143832e-01
1.794009488519911211e-01
1.805730866894026954e-01
1.806876652654887672e-01
1.810508486880435530e-01
1.812212766877808190e-01
1.827606308437449700e-01
1.830959638483940499e-01
1.831638982977400465e-01
1.838310084111876297e-01
1.838929503465915882e-01
1.840667411175973822e-01
1.857963651754518386e-01
1.865136901474618580e-01
1.872218678345373977e-01
1.875757251568798967e-01
1.884567762670545932e-01
1.887986915877806482e-01
1.890265685889614966e-01
1.897962658187322404e-01
1.902239892526828291e-01
1.912702257577454656e-01
1.922525361885037143e-01
1.929986304319217527e-01
1.931343482423036884e-01
1.934166888105861848e-01
1.949482840640042181e-01
1.956709457240009553e-01
1.957357462445581953e-01
1.960951359115241377e-01
1.961719228019319083e-01
1.966339211564927802e-01
1.976682168873504231e-01
1.980590620850895267e-01
1.995050405106158220e-01
2.002743199727530232e-01
2.006356843397066048e-01
2.015012116055747149e-01
2.035036282784364325e-01
2.044593390065880811e-01
2.045600445387388000e-01
2.047019376655491441e-01
2.051723733601208688e-01
2.051868691970149816e-01
2.061242046854284971e-01
2.063714091695920405e-01
2.065648347930446604e-01
2.067679436323188180e-01
2.085052001578230896e-01
2.105316088354456106e-01
2.106255231289178576e-01
2.106411048122673602e-01
2.109489609660061826e-01
2.115513613797758430e-01
2.134812707283971212e-01
2.139388814569258002e-01
2.148360110058604722e-01
2.168688577140774898e-01
2.168902577257261488e-01
2.181933084655165445e-01
2.220046135608431670e-01
2.220975705487195084e-01
2.223721830864137938e-01
2.229480878294984869e-01
2.241007953423865551e-01
2.242043575318419524e-01
2.244659638068233209e-01
2.262305588988874905e-01
2.273362415156171268e-01
2.275388668914651302e-01
2.278104414266223232e-01
2.283610823584612537e-01
2.303396621725340987e-01
2.307621054649849068e-01
2.315738600603469977e-01
2.316750208396143873e-01
2.320471624525719812e-01
2.324035173840648116e-01
2.326086405318325556e-01
2.340212934397940814e-01
2.340308336542165635e-01
2.352367944456458249e-01
2.353175241671568441e-01
2.367698188010449734e-01
2.375929272433625061e-01
2.384225148345655854e-01
2.403134558254347852e-01
2.431053364180572884e-01
2.447761603031753941e-01
2.480590990929538997e-01
2.482393748757489860e-01
2.484045205138506740e-01
2.485130848414919547e-01
2.512848246706074207e-01
2.517241670776922402e-01
2.522148382588394466e-01
2.528597025372872342e-01
2.531463698178265664e-01
2.552152300267565010e-01
2.600888644473650091e-01
2.603647140811458094e-01
2.622475731846318214e-01
2.629844609298443991e-01
2.680959486332989417e-01
2.686699566292728991e-01
2.690912211175189861e-01
2.729163484000398099e-01
2.754457107539863836e-01
2.757655868363408369e-01
2.763111640457107665e-01
2.779428707074706462e-01
2.820001478876290046e-01
2.845049070164825111e-01
2.849925824294623489e-01
2.856867708335172895e-01
2.886450408502173048e-01
2.947542036748327932e-01
2.966168587502435172e-01
2.967880623266574980e-01
2.974115827209641294e-01
2.978881243676181345e-01
3.008473047294865088e-01
3.045892101976659383e-01
3.050853198303108971e-01
3.058499982680681351e-01
3.068751712964997158e-01
3.090912844025882067e-01
3.110960804711881966e-01
3.113877975789730024e-01
3.184775247850452073e-01
3.220329906211550353e-01
3.222572438339476042e-01
3.229604639437104741e-01
3.247225237407462273e-01
3.306368923684726013e-01
3.357523460567197193e-01
3.439003992007815258e-01
3.451220065456129804e-01
3.494968820227768447e-01
3.508910988563376243e-01
3.612702587395640319e-01
3.613054838101633082e-01
3.644669166673464855e-01
3.677880209800502564e-01
3.708307929472002273e-01
3.754553481040605045e-01
3.848848951563932919e-01
3.865265231717298633e-01
3.867951803062203986e-01
3.998327616769666304e-01
4.034434616690009134e-01
4.037831860221581248e-01
4.076741354614712987e-01
4.239487149285396939e-01
4.328341310801686048e-01
4.393249558113019870e-01
4.466476813434911985e-01
4.519570251144410800e-01
4.539449132120246255e-01
4.609105019563620176e-01
4.673468504828044434e-01
4.723854857259527362e-01
4.814591690261340040e-01
4.843473320104020874e-01
4.897394145408052180e-01
5.325794221235381487e-01
5.476282305749888835e-01
5.505023066438206047e-01
5.715270337223480324e-01
6.395515263926586647e-01
6.527890207655261401e-01
7.306679484609920339e-01
8.424592166508475533e-01
9.699207883412811482e-01
1.000000000000000000e+00
