# SF-29 N2 candidate (i) i1 field=two_mode eps=0.25 N=16: sorted relative singular values of the dense central-FD Jacobian at the converged state (rows F_i=-q(L_i-S_i); outlet rows (2q/h)(vperp_in-c_perp); smax=3.253563e+03)
6.429492e-04
6.531143e-04
6.636901e-04
6.666062e-04
6.723567e-04
6.782519e-04
7.249389e-04
7.254557e-04
7.257202e-04
7.263173e-04
9.029804e-04
9.030014e-04
9.030573e-04
9.030814e-04
1.049208e-03
1.065735e-03
1.066153e-03
1.083740e-03
1.222044e-03
1.222279e-03
1.223196e-03
1.223429e-03
1.635218e-03
1.635628e-03
1.661550e-03
1.661948e-03
2.008069e-03
2.008550e-03
2.154703e-03
2.155297e-03
2.225360e-03
2.227225e-03
2.241334e-03
2.249123e-03
2.253727e-03
2.262436e-03
2.271256e-03
2.274035e-03
2.480961e-03
2.481257e-03
2.618920e-03
2.619602e-03
3.239070e-03
3.239164e-03
4.096930e-03
4.096984e-03
4.097749e-03
4.097807e-03
4.129206e-03
4.129267e-03
4.130109e-03
4.130164e-03
5.541224e-03
5.713522e-03
5.745493e-03
5.964291e-03
5.977337e-03
5.997116e-03
6.001037e-03
6.030447e-03
6.046418e-03
6.143492e-03
6.192261e-03
6.192445e-03
6.192856e-03
6.193097e-03
6.278064e-03
6.279152e-03
6.280361e-03
6.281095e-03
6.343762e-03
6.429597e-03
6.430015e-03
6.430620e-03
6.430830e-03
6.500432e-03
6.502381e-03
6.520618e-03
6.529566e-03
6.645210e-03
6.680692e-03
6.800721e-03
6.891776e-03
6.892103e-03
6.894473e-03
6.894639e-03
7.087679e-03
7.088454e-03
7.120024e-03
7.120852e-03
7.497841e-03
7.498929e-03
7.615911e-03
7.643810e-03
7.670388e-03
7.720237e-03
7.734948e-03
7.735483e-03
7.762613e-03
7.808533e-03
7.817118e-03
7.839806e-03
7.891823e-03
7.892297e-03
8.578208e-03
8.580874e-03
8.655577e-03
8.656731e-03
8.739789e-03
8.740378e-03
8.744776e-03
8.746136e-03
8.873422e-03
8.874756e-03
8.895031e-03
8.897699e-03
9.554345e-03
9.554970e-03
9.557729e-03
9.558354e-03
9.643496e-03
9.644088e-03
9.647710e-03
9.648272e-03
1.055140e-02
1.055228e-02
1.060835e-02
1.063406e-02
1.066821e-02
1.066942e-02
1.067355e-02
1.067474e-02
1.080248e-02
1.080427e-02
1.090644e-02
1.108849e-02
1.153203e-02
1.153237e-02
1.165510e-02
1.165662e-02
1.182369e-02
1.182476e-02
1.182675e-02
1.182799e-02
1.200132e-02
1.200404e-02
1.204043e-02
1.204582e-02
1.209327e-02
1.209850e-02
1.213349e-02
1.213497e-02
1.259367e-02
1.259466e-02
1.267478e-02
1.267635e-02
1.285981e-02
1.285997e-02
1.296844e-02
1.296856e-02
1.317316e-02
1.317320e-02
1.326154e-02
1.326155e-02
1.406636e-02
1.406768e-02
1.413305e-02
1.413754e-02
1.462163e-02
1.462228e-02
1.472632e-02
1.472661e-02
1.475087e-02
1.475208e-02
1.483873e-02
1.484030e-02
1.514592e-02
1.534126e-02
1.544574e-02
1.597805e-02
1.623305e-02
1.632436e-02
1.652428e-02
1.654004e-02
1.664333e-02
1.665592e-02
1.665880e-02
1.666572e-02
1.666625e-02
1.672357e-02
1.683604e-02
1.683709e-02
1.691136e-02
1.692962e-02
1.693201e-02
1.697840e-02
1.700424e-02
1.700481e-02
1.700630e-02
1.700820e-02
1.710625e-02
1.710789e-02
1.733529e-02
1.752030e-02
1.752138e-02
1.752835e-02
1.752941e-02
1.761266e-02
1.783420e-02
1.789665e-02
1.790259e-02
1.790285e-02
1.797842e-02
1.798051e-02
1.798650e-02
1.799534e-02
1.816101e-02
1.820225e-02
1.820390e-02
1.821068e-02
1.821456e-02
1.832582e-02
1.833113e-02
1.833611e-02
1.834384e-02
1.839350e-02
1.839898e-02
1.843560e-02
1.844076e-02
1.847909e-02
1.848197e-02
1.848560e-02
1.848842e-02
1.854967e-02
1.857201e-02
1.858787e-02
1.863529e-02
1.863722e-02
1.878915e-02
1.879056e-02
1.910017e-02
1.910133e-02
1.940779e-02
1.940826e-02
1.989908e-02
1.990195e-02
2.000562e-02
2.000650e-02
2.000860e-02
2.000970e-02
2.003843e-02
2.003865e-02
2.004858e-02
2.004965e-02
2.013491e-02
2.013653e-02
2.026391e-02
2.026901e-02
2.044714e-02
2.053189e-02
2.055043e-02
2.057436e-02
2.059707e-02
2.061150e-02
2.064172e-02
2.066206e-02
2.067948e-02
2.091986e-02
2.092797e-02
2.107630e-02
2.122834e-02
2.160209e-02
2.262777e-02
2.263689e-02
2.263717e-02
2.264567e-02
2.268907e-02
2.269588e-02
2.271223e-02
2.271767e-02
2.283085e-02
2.283500e-02
2.284152e-02
2.284217e-02
2.452321e-02
2.485765e-02
2.496052e-02
2.496411e-02
2.496790e-02
2.498454e-02
2.500357e-02
2.501508e-02
2.501699e-02
2.504083e-02
2.517689e-02
2.518634e-02
2.520671e-02
2.520993e-02
2.554885e-02
2.644606e-02
2.646310e-02
2.646395e-02
2.648296e-02
2.648923e-02
2.651407e-02
2.651978e-02
2.653648e-02
2.653936e-02
2.724743e-02
2.727210e-02
2.731452e-02
2.736427e-02
2.740384e-02
2.742717e-02
2.745905e-02
2.746047e-02
2.747168e-02
2.780217e-02
2.780591e-02
2.784155e-02
2.785478e-02
2.800262e-02
2.802768e-02
2.809034e-02
2.810615e-02
2.827232e-02
2.842909e-02
2.871655e-02
2.872023e-02
2.902520e-02
2.902953e-02
2.930284e-02
2.930553e-02
2.940984e-02
2.941077e-02
2.962899e-02
2.965016e-02
2.966293e-02
2.969358e-02
2.974620e-02
2.978410e-02
2.979614e-02
2.992968e-02
2.993093e-02
3.009752e-02
3.010010e-02
3.032535e-02
3.032709e-02
3.131386e-02
3.141836e-02
3.142112e-02
3.156206e-02
3.157303e-02
3.157631e-02
3.159756e-02
3.175811e-02
3.189675e-02
3.196888e-02
3.224917e-02
3.225066e-02
3.233867e-02
3.234106e-02
3.237298e-02
3.244828e-02
3.247713e-02
3.248251e-02
3.264950e-02
3.266533e-02
3.271645e-02
3.273044e-02
3.279427e-02
3.283884e-02
3.295185e-02
3.296005e-02
3.316584e-02
3.343551e-02
3.344167e-02
3.345893e-02
3.346075e-02
3.348555e-02
3.349538e-02
3.351097e-02
3.352489e-02
3.353963e-02
3.354902e-02
3.356502e-02
3.367404e-02
3.380791e-02
3.387484e-02
3.406471e-02
3.415004e-02
3.420475e-02
3.421090e-02
3.425240e-02
3.425576e-02
3.451727e-02
3.451815e-02
3.454093e-02
3.457504e-02
3.467387e-02
3.468317e-02
3.492529e-02
3.495218e-02
3.499724e-02
3.500940e-02
3.502520e-02
3.516898e-02
3.517135e-02
3.519501e-02
3.520454e-02
3.559218e-02
3.559376e-02
3.559941e-02
3.562617e-02
3.581204e-02
3.581345e-02
3.599127e-02
3.602500e-02
3.602734e-02
3.604501e-02
3.608369e-02
3.609154e-02
3.612570e-02
3.613931e-02
3.615305e-02
3.616737e-02
3.648384e-02
3.654007e-02
3.654350e-02
3.683782e-02
3.690048e-02
3.690799e-02
3.696201e-02
3.698663e-02
3.706823e-02
3.709344e-02
3.712221e-02
3.715223e-02
3.722638e-02
3.758772e-02
3.779479e-02
3.779789e-02
3.785107e-02
3.787425e-02
3.793448e-02
3.796154e-02
3.813759e-02
3.813856e-02
3.822755e-02
3.823544e-02
3.844705e-02
3.880327e-02
3.911043e-02
3.911337e-02
3.914327e-02
3.914878e-02
3.993947e-02
3.996066e-02
4.005328e-02
4.007021e-02
4.009411e-02
4.009687e-02
4.017178e-02
4.019662e-02
4.068874e-02
4.069697e-02
4.073783e-02
4.074337e-02
4.102655e-02
4.103727e-02
4.107031e-02
4.108339e-02
4.109022e-02
4.146622e-02
4.147528e-02
4.150102e-02
4.150875e-02
4.153733e-02
4.154498e-02
4.178752e-02
4.180146e-02
4.185418e-02
4.186705e-02
4.186928e-02
4.221193e-02
4.230888e-02
4.233959e-02
4.234062e-02
4.253805e-02
4.281058e-02
4.299902e-02
4.340342e-02
4.340700e-02
4.352953e-02
4.353346e-02
4.379531e-02
4.379880e-02
4.388206e-02
4.388548e-02
4.391146e-02
4.399698e-02
4.400043e-02
4.414506e-02
4.414959e-02
4.445110e-02
4.472646e-02
4.473307e-02
4.493365e-02
4.495257e-02
4.506146e-02
4.507707e-02
4.508098e-02
4.512045e-02
4.515191e-02
4.518599e-02
4.519086e-02
4.538716e-02
4.549476e-02
4.550038e-02
4.557447e-02
4.558654e-02
4.571338e-02
4.571538e-02
4.584815e-02
4.601878e-02
4.602360e-02
4.612039e-02
4.621149e-02
4.688430e-02
4.708468e-02
4.709812e-02
4.712173e-02
4.718920e-02
4.724203e-02
4.740954e-02
4.745057e-02
4.748159e-02
4.750591e-02
4.779861e-02
4.792726e-02
4.809035e-02
4.811783e-02
4.835875e-02
4.837199e-02
4.857054e-02
4.878890e-02
4.880610e-02
4.884653e-02
4.891020e-02
4.897542e-02
4.905584e-02
4.916348e-02
4.918504e-02
4.920473e-02
4.922347e-02
4.947722e-02
4.949606e-02
4.950676e-02
4.955930e-02
4.957184e-02
5.043048e-02
5.043488e-02
5.074937e-02
5.075454e-02
5.098685e-02
5.117864e-02
5.125684e-02
5.132216e-02
5.141903e-02
5.142169e-02
5.175125e-02
5.180027e-02
5.193522e-02
5.199589e-02
5.210151e-02
5.211434e-02
5.217050e-02
5.218506e-02
5.219250e-02
5.252789e-02
5.257106e-02
5.271639e-02
5.277496e-02
5.282927e-02
5.283123e-02
5.284917e-02
5.314835e-02
5.316617e-02
5.317497e-02
5.328100e-02
5.346845e-02
5.347018e-02
5.347129e-02
5.347355e-02
5.360340e-02
5.370152e-02
5.372885e-02
5.373344e-02
5.377529e-02
5.403432e-02
5.404919e-02
5.405315e-02
5.406548e-02
5.407940e-02
5.422158e-02
5.428085e-02
5.433714e-02
5.433812e-02
5.452744e-02
5.456592e-02
5.460443e-02
5.461020e-02
5.468938e-02
5.507606e-02
5.515706e-02
5.519120e-02
5.521244e-02
5.526186e-02
5.527353e-02
5.528194e-02
5.535806e-02
5.536735e-02
5.543332e-02
5.546948e-02
5.553458e-02
5.554029e-02
5.559169e-02
5.579488e-02
5.583117e-02
5.586180e-02
5.588691e-02
5.588974e-02
5.595767e-02
5.599332e-02
5.600251e-02
5.625427e-02
5.633724e-02
5.634680e-02
5.641194e-02
5.649469e-02
5.651019e-02
5.651489e-02
5.660906e-02
5.668922e-02
5.669689e-02
5.670369e-02
5.683632e-02
5.684251e-02
5.714004e-02
5.717954e-02
5.721353e-02
5.723820e-02
5.732223e-02
5.736043e-02
5.757755e-02
5.760963e-02
5.770790e-02
5.771441e-02
5.775919e-02
5.790631e-02
5.798090e-02
5.813351e-02
5.820812e-02
5.826805e-02
5.827225e-02
5.828826e-02
5.835669e-02
5.841110e-02
5.842439e-02
5.850427e-02
5.866701e-02
5.867750e-02
5.890429e-02
5.928192e-02
5.931939e-02
5.937129e-02
5.940981e-02
5.946649e-02
5.955291e-02
5.963460e-02
5.965430e-02
5.966450e-02
5.980284e-02
5.983745e-02
5.987011e-02
5.992593e-02
6.001295e-02
6.006321e-02
6.007402e-02
6.012615e-02
6.016067e-02
6.032879e-02
6.037525e-02
6.064560e-02
6.084674e-02
6.103530e-02
6.114385e-02
6.119827e-02
6.127119e-02
6.127478e-02
6.128009e-02
6.132039e-02
6.136276e-02
6.137642e-02
6.143982e-02
6.146949e-02
6.151393e-02
6.152950e-02
6.159782e-02
6.161664e-02
6.172684e-02
6.201347e-02
6.201771e-02
6.211994e-02
6.220400e-02
6.221167e-02
6.342181e-02
6.342614e-02
6.352412e-02
6.352792e-02
6.378188e-02
6.381955e-02
6.382174e-02
6.395283e-02
6.402343e-02
6.402442e-02
6.416146e-02
6.428735e-02
6.429836e-02
6.431355e-02
6.436974e-02
6.445626e-02
6.473032e-02
6.489502e-02
6.493615e-02
6.505427e-02
6.511727e-02
6.514447e-02
6.517090e-02
6.521816e-02
6.541587e-02
6.544060e-02
6.555370e-02
6.576641e-02
6.579318e-02
6.599738e-02
6.601650e-02
6.601699e-02
6.626523e-02
6.645191e-02
6.648440e-02
6.649739e-02
6.661242e-02
6.686327e-02
6.696676e-02
6.698917e-02
6.701887e-02
6.714339e-02
6.716602e-02
6.729711e-02
6.735302e-02
6.738181e-02
6.746084e-02
6.777574e-02
6.810822e-02
6.812148e-02
6.813479e-02
6.865604e-02
6.865647e-02
6.870408e-02
6.871358e-02
6.891052e-02
6.892450e-02
6.893011e-02
6.908758e-02
6.955181e-02
6.955912e-02
6.956907e-02
6.978825e-02
6.982204e-02
6.995251e-02
6.997830e-02
7.009300e-02
7.013496e-02
7.020996e-02
7.022006e-02
7.033243e-02
7.039952e-02
7.040899e-02
7.045570e-02
7.074346e-02
7.076305e-02
7.081916e-02
7.095725e-02
7.115824e-02
7.122008e-02
7.127854e-02
7.134828e-02
7.137299e-02
7.142892e-02
7.177478e-02
7.181403e-02
7.185988e-02
7.194069e-02
7.202578e-02
7.209402e-02
7.223605e-02
7.227692e-02
7.241523e-02
7.245968e-02
7.261507e-02
7.299299e-02
7.302577e-02
7.313774e-02
7.317444e-02
7.333600e-02
7.374400e-02
7.375419e-02
7.401162e-02
7.438808e-02
7.450727e-02
7.453464e-02
7.460216e-02
7.477127e-02
7.490883e-02
7.491268e-02
7.501191e-02
7.503708e-02
7.509619e-02
7.518172e-02
7.523479e-02
7.526550e-02
7.534501e-02
7.546236e-02
7.587037e-02
7.588882e-02
7.619677e-02
7.625374e-02
7.628868e-02
7.652041e-02
7.655372e-02
7.659210e-02
7.660759e-02
7.661074e-02
7.688216e-02
7.701475e-02
7.717694e-02
7.722862e-02
7.723194e-02
7.730877e-02
7.740923e-02
7.748280e-02
7.750336e-02
7.759046e-02
7.770131e-02
7.773002e-02
7.778253e-02
7.785109e-02
7.787160e-02
7.793102e-02
7.801979e-02
7.812298e-02
7.813975e-02
7.816532e-02
7.818027e-02
7.828520e-02
7.830823e-02
7.837668e-02
7.840111e-02
7.847223e-02
7.852262e-02
7.856102e-02
7.860445e-02
7.871543e-02
7.882295e-02
7.889057e-02
7.890426e-02
7.894793e-02
7.903835e-02
7.909116e-02
7.916388e-02
7.919754e-02
7.921719e-02
7.923775e-02
7.928111e-02
7.931550e-02
7.933093e-02
7.951778e-02
7.961232e-02
7.966369e-02
7.969486e-02
7.989877e-02
7.991687e-02
8.004515e-02
8.009149e-02
8.017700e-02
8.019841e-02
8.025350e-02
8.025843e-02
8.028379e-02
8.030002e-02
8.038489e-02
8.041835e-02
8.049524e-02
8.064417e-02
8.066899e-02
8.071963e-02
8.073972e-02
8.075723e-02
8.076302e-02
8.079462e-02
8.079708e-02
8.092829e-02
8.097589e-02
8.104287e-02
8.108374e-02
8.113846e-02
8.126265e-02
8.141037e-02
8.147157e-02
8.151614e-02
8.152216e-02
8.155700e-02
8.161597e-02
8.164170e-02
8.172350e-02
8.198555e-02
8.230533e-02
8.236026e-02
8.237035e-02
8.240643e-02
8.248932e-02
8.262163e-02
8.268964e-02
8.281456e-02
8.283533e-02
8.294935e-02
8.297751e-02
8.303475e-02
8.304554e-02
8.313226e-02
8.314017e-02
8.341703e-02
8.397125e-02
8.399881e-02
8.421893e-02
8.426479e-02
8.435184e-02
8.437637e-02
8.445761e-02
8.452114e-02
8.458377e-02
8.463562e-02
8.464973e-02
8.478238e-02
8.489329e-02
8.490763e-02
8.499457e-02
8.505501e-02
8.506207e-02
8.516891e-02
8.522416e-02
8.533360e-02
8.537877e-02
8.543515e-02
8.555671e-02
8.583298e-02
8.588504e-02
8.593506e-02
8.595313e-02
8.598129e-02
8.602063e-02
8.609658e-02
8.610487e-02
8.612723e-02
8.630644e-02
8.633441e-02
8.648968e-02
8.655575e-02
8.663638e-02
8.669078e-02
8.685589e-02
8.694051e-02
8.701756e-02
8.706416e-02
8.712531e-02
8.725221e-02
8.736913e-02
8.740453e-02
8.743583e-02
8.750391e-02
8.755197e-02
8.761573e-02
8.769325e-02
8.782244e-02
8.790772e-02
8.810739e-02
8.832377e-02
8.847217e-02
8.850639e-02
8.864027e-02
8.868200e-02
8.874181e-02
8.880154e-02
8.888947e-02
8.893945e-02
8.894282e-02
8.913504e-02
8.923560e-02
8.928238e-02
8.928667e-02
8.932927e-02
8.937062e-02
8.947346e-02
8.954895e-02
8.957981e-02
8.961795e-02
8.967464e-02
8.970985e-02
8.977387e-02
8.980432e-02
8.989685e-02
8.997676e-02
9.002105e-02
9.015349e-02
9.022399e-02
9.025077e-02
9.025941e-02
9.038426e-02
9.052794e-02
9.067839e-02
9.067877e-02
9.079304e-02
9.082181e-02
9.094827e-02
9.101789e-02
9.102165e-02
9.111279e-02
9.116339e-02
9.129663e-02
9.149984e-02
9.157656e-02
9.164046e-02
9.165289e-02
9.166354e-02
9.178309e-02
9.191386e-02
9.198422e-02
9.209984e-02
9.221248e-02
9.228974e-02
9.231838e-02
9.239604e-02
9.244411e-02
9.257498e-02
9.264946e-02
9.272812e-02
9.285870e-02
9.295384e-02
9.300003e-02
9.304607e-02
9.314526e-02
9.322694e-02
9.332429e-02
9.352595e-02
9.364069e-02
9.367767e-02
9.445577e-02
9.450548e-02
9.471998e-02
9.494231e-02
9.497274e-02
9.501270e-02
9.503909e-02
9.518501e-02
9.519759e-02
9.521686e-02
9.524377e-02
9.525365e-02
9.533134e-02
9.538637e-02
9.539869e-02
9.552631e-02
9.555538e-02
9.566735e-02
9.571413e-02
9.576115e-02
9.578843e-02
9.588769e-02
9.593858e-02
9.606750e-02
9.613133e-02
9.614886e-02
9.623284e-02
9.636718e-02
9.648147e-02
9.668163e-02
9.670058e-02
9.681052e-02
9.681512e-02
9.688376e-02
9.689076e-02
9.698292e-02
9.706626e-02
9.753267e-02
9.763544e-02
9.764019e-02
9.779304e-02
9.791009e-02
9.800071e-02
9.807266e-02
9.814746e-02
9.821186e-02
9.821346e-02
9.830334e-02
9.832284e-02
9.841721e-02
9.851883e-02
9.853677e-02
9.856289e-02
9.864183e-02
9.879703e-02
9.886997e-02
9.902157e-02
9.911402e-02
9.913353e-02
9.915300e-02
9.917158e-02
9.936569e-02
9.979199e-02
9.985558e-02
9.994875e-02
1.001472e-01
1.002614e-01
1.002800e-01
1.003879e-01
1.004900e-01
1.005394e-01
1.006891e-01
1.008344e-01
1.011551e-01
1.012014e-01
1.012637e-01
1.012843e-01
1.013696e-01
1.014391e-01
1.015897e-01
1.015964e-01
1.017368e-01
1.017939e-01
1.019219e-01
1.019611e-01
1.020574e-01
1.021782e-01
1.022750e-01
1.024418e-01
1.024660e-01
1.025631e-01
1.026811e-01
1.028206e-01
1.028427e-01
1.028832e-01
1.030163e-01
1.030205e-01
1.030570e-01
1.033124e-01
1.033254e-01
1.035392e-01
1.035408e-01
1.036055e-01
1.036162e-01
1.037698e-01
1.037933e-01
1.038131e-01
1.040354e-01
1.040857e-01
1.041077e-01
1.041819e-01
1.042230e-01
1.043170e-01
1.043825e-01
1.043915e-01
1.045049e-01
1.045636e-01
1.047081e-01
1.047368e-01
1.048421e-01
1.049390e-01
1.050034e-01
1.050094e-01
1.051098e-01
1.051162e-01
1.051814e-01
1.052110e-01
1.053691e-01
1.054257e-01
1.054451e-01
1.055166e-01
1.055882e-01
1.056384e-01
1.057238e-01
1.058023e-01
1.058545e-01
1.059492e-01
1.060038e-01
1.060355e-01
1.060703e-01
1.061389e-01
1.061820e-01
1.062724e-01
1.063211e-01
1.063275e-01
1.064916e-01
1.064967e-01
1.066330e-01
1.066793e-01
1.067434e-01
1.067634e-01
1.068086e-01
1.068216e-01
1.069416e-01
1.069741e-01
1.070914e-01
1.071059e-01
1.073925e-01
1.074396e-01
1.074943e-01
1.075233e-01
1.076018e-01
1.076235e-01
1.076455e-01
1.077424e-01
1.077620e-01
1.078432e-01
1.078687e-01
1.079056e-01
1.080635e-01
1.081093e-01
1.081141e-01
1.082191e-01
1.083951e-01
1.084254e-01
1.084782e-01
1.085375e-01
1.085852e-01
1.086301e-01
1.086543e-01
1.087135e-01
1.088103e-01
1.088717e-01
1.088848e-01
1.089633e-01
1.090367e-01
1.090702e-01
1.091781e-01
1.093241e-01
1.094495e-01
1.095401e-01
1.095801e-01
1.096177e-01
1.096923e-01
1.097232e-01
1.097296e-01
1.097441e-01
1.098082e-01
1.098158e-01
1.098682e-01
1.099134e-01
1.100143e-01
1.100663e-01
1.103696e-01
1.104308e-01
1.104676e-01
1.104869e-01
1.105338e-01
1.106867e-01
1.108687e-01
1.109114e-01
1.109604e-01
1.110133e-01
1.110667e-01
1.111351e-01
1.113183e-01
1.113258e-01
1.113746e-01
1.114065e-01
1.115400e-01
1.115865e-01
1.116333e-01
1.116495e-01
1.117209e-01
1.118173e-01
1.118695e-01
1.118971e-01
1.119622e-01
1.120273e-01
1.120367e-01
1.121217e-01
1.121469e-01
1.122135e-01
1.123184e-01
1.123734e-01
1.124417e-01
1.124771e-01
1.124862e-01
1.125591e-01
1.126723e-01
1.126770e-01
1.127172e-01
1.127998e-01
1.128618e-01
1.130025e-01
1.130750e-01
1.130806e-01
1.131225e-01
1.131373e-01
1.131955e-01
1.133375e-01
1.133786e-01
1.134173e-01
1.135816e-01
1.136300e-01
1.136578e-01
1.136812e-01
1.137791e-01
1.138894e-01
1.139526e-01
1.140320e-01
1.140661e-01
1.141960e-01
1.142606e-01
1.143168e-01
1.143952e-01
1.144433e-01
1.145533e-01
1.145650e-01
1.145824e-01
1.146072e-01
1.146625e-01
1.147320e-01
1.148726e-01
1.148825e-01
1.149655e-01
1.150010e-01
1.151330e-01
1.153226e-01
1.154182e-01
1.154318e-01
1.154778e-01
1.155432e-01
1.156081e-01
1.156518e-01
1.157012e-01
1.157834e-01
1.158236e-01
1.158355e-01
1.158632e-01
1.159311e-01
1.160069e-01
1.161758e-01
1.162226e-01
1.164114e-01
1.164970e-01
1.165416e-01
1.167095e-01
1.168208e-01
1.169903e-01
1.169930e-01
1.170578e-01
1.170884e-01
1.172309e-01
1.173322e-01
1.173569e-01
1.174711e-01
1.175134e-01
1.176208e-01
1.176310e-01
1.176824e-01
1.177309e-01
1.177462e-01
1.178526e-01
1.179052e-01
1.179880e-01
1.179999e-01
1.180700e-01
1.180867e-01
1.181492e-01
1.183255e-01
1.184042e-01
1.184327e-01
1.185422e-01
1.186537e-01
1.186811e-01
1.188037e-01
1.189264e-01
1.189421e-01
1.190636e-01
1.190789e-01
1.192052e-01
1.192326e-01
1.193001e-01
1.194654e-01
1.194688e-01
1.195227e-01
1.197008e-01
1.197795e-01
1.199143e-01
1.199362e-01
1.201254e-01
1.202135e-01
1.203171e-01
1.203381e-01
1.203839e-01
1.204007e-01
1.204622e-01
1.204931e-01
1.205238e-01
1.206931e-01
1.207619e-01
1.208215e-01
1.208672e-01
1.209073e-01
1.209986e-01
1.213225e-01
1.214142e-01
1.214519e-01
1.214973e-01
1.215485e-01
1.216221e-01
1.216483e-01
1.217002e-01
1.217095e-01
1.217893e-01
1.220428e-01
1.220702e-01
1.221996e-01
1.222272e-01
1.223674e-01
1.224578e-01
1.224803e-01
1.225666e-01
1.227584e-01
1.228070e-01
1.229541e-01
1.230462e-01
1.230837e-01
1.231955e-01
1.233309e-01
1.234264e-01
1.234532e-01
1.238711e-01
1.238954e-01
1.239464e-01
1.240180e-01
1.242640e-01
1.243979e-01
1.244057e-01
1.245033e-01
1.246118e-01
1.246529e-01
1.247455e-01
1.247579e-01
1.247701e-01
1.248154e-01
1.249073e-01
1.250064e-01
1.251189e-01
1.252234e-01
1.253034e-01
1.253277e-01
1.255715e-01
1.256431e-01
1.257406e-01
1.259298e-01
1.262139e-01
1.263285e-01
1.263480e-01
1.265028e-01
1.265283e-01
1.268912e-01
1.270151e-01
1.270245e-01
1.270772e-01
1.271864e-01
1.273079e-01
1.273499e-01
1.274935e-01
1.275428e-01
1.276936e-01
1.277595e-01
1.279258e-01
1.280434e-01
1.280589e-01
1.282596e-01
1.282766e-01
1.283363e-01
1.283994e-01
1.285419e-01
1.285747e-01
1.286741e-01
1.287384e-01
1.289273e-01
1.289479e-01
1.290505e-01
1.290872e-01
1.291305e-01
1.291647e-01
1.293884e-01
1.295618e-01
1.296075e-01
1.296587e-01
1.296920e-01
1.297886e-01
1.299013e-01
1.299101e-01
1.300599e-01
1.300783e-01
1.300939e-01
1.301977e-01
1.302412e-01
1.302509e-01
1.303954e-01
1.304994e-01
1.305118e-01
1.305961e-01
1.306695e-01
1.307357e-01
1.307700e-01
1.308425e-01
1.308867e-01
1.309566e-01
1.310364e-01
1.311030e-01
1.312103e-01
1.312760e-01
1.312830e-01
1.312987e-01
1.313380e-01
1.313564e-01
1.315191e-01
1.315508e-01
1.315840e-01
1.316972e-01
1.317235e-01
1.317804e-01
1.318993e-01
1.319108e-01
1.320341e-01
1.320735e-01
1.320993e-01
1.322163e-01
1.322521e-01
1.323321e-01
1.324041e-01
1.324873e-01
1.328123e-01
1.328714e-01
1.328834e-01
1.330914e-01
1.331401e-01
1.332328e-01
1.333860e-01
1.334415e-01
1.335160e-01
1.335380e-01
1.336693e-01
1.337608e-01
1.337946e-01
1.338750e-01
1.339924e-01
1.339993e-01
1.341943e-01
1.342360e-01
1.343116e-01
1.344335e-01
1.344821e-01
1.345351e-01
1.345513e-01
1.345799e-01
1.346893e-01
1.347294e-01
1.348373e-01
1.348794e-01
1.349277e-01
1.349998e-01
1.351258e-01
1.351837e-01
1.351860e-01
1.353111e-01
1.353486e-01
1.354342e-01
1.354576e-01
1.355229e-01
1.356003e-01
1.357217e-01
1.357365e-01
1.358450e-01
1.358563e-01
1.358913e-01
1.360850e-01
1.361083e-01
1.362611e-01
1.363212e-01
1.363265e-01
1.363774e-01
1.365343e-01
1.365433e-01
1.367071e-01
1.367198e-01
1.367736e-01
1.368692e-01
1.368801e-01
1.368862e-01
1.369402e-01
1.370125e-01
1.370361e-01
1.370427e-01
1.371025e-01
1.371076e-01
1.372316e-01
1.372874e-01
1.373277e-01
1.373999e-01
1.374382e-01
1.375438e-01
1.375977e-01
1.376286e-01
1.377198e-01
1.378832e-01
1.379158e-01
1.379319e-01
1.379712e-01
1.380932e-01
1.381611e-01
1.381874e-01
1.382131e-01
1.383105e-01
1.383717e-01
1.384023e-01
1.384564e-01
1.385078e-01
1.385416e-01
1.385433e-01
1.386291e-01
1.386673e-01
1.386878e-01
1.387181e-01
1.387899e-01
1.388062e-01
1.389289e-01
1.389813e-01
1.389935e-01
1.390278e-01
1.391007e-01
1.392557e-01
1.393157e-01
1.393191e-01
1.393885e-01
1.393993e-01
1.394286e-01
1.395625e-01
1.395734e-01
1.395838e-01
1.396421e-01
1.396742e-01
1.397104e-01
1.399103e-01
1.400443e-01
1.400737e-01
1.401078e-01
1.402390e-01
1.402491e-01
1.403057e-01
1.403310e-01
1.404726e-01
1.405269e-01
1.405747e-01
1.406211e-01
1.408988e-01
1.409144e-01
1.409548e-01
1.410313e-01
1.410554e-01
1.410719e-01
1.412096e-01
1.412310e-01
1.413585e-01
1.413932e-01
1.414287e-01
1.414956e-01
1.415055e-01
1.416537e-01
1.417806e-01
1.418125e-01
1.418931e-01
1.419087e-01
1.419795e-01
1.420092e-01
1.420464e-01
1.421436e-01
1.421564e-01
1.421823e-01
1.422588e-01
1.422811e-01
1.423114e-01
1.424610e-01
1.425146e-01
1.425218e-01
1.427097e-01
1.427599e-01
1.427852e-01
1.428314e-01
1.428589e-01
1.430417e-01
1.430533e-01
1.431041e-01
1.431198e-01
1.431736e-01
1.432674e-01
1.432765e-01
1.433649e-01
1.434413e-01
1.434589e-01
1.434825e-01
1.435679e-01
1.436393e-01
1.437216e-01
1.437887e-01
1.438766e-01
1.439106e-01
1.439353e-01
1.439813e-01
1.441710e-01
1.442109e-01
1.443525e-01
1.444449e-01
1.446900e-01
1.447724e-01
1.448076e-01
1.448330e-01
1.449630e-01
1.451332e-01
1.451674e-01
1.452095e-01
1.452228e-01
1.452416e-01
1.453026e-01
1.453119e-01
1.453559e-01
1.453909e-01
1.455992e-01
1.456450e-01
1.457459e-01
1.457649e-01
1.457914e-01
1.458646e-01
1.460284e-01
1.461953e-01
1.462184e-01
1.462980e-01
1.466454e-01
1.466719e-01
1.467509e-01
1.467844e-01
1.468740e-01
1.468800e-01
1.469250e-01
1.469771e-01
1.471018e-01
1.471446e-01
1.471694e-01
1.472369e-01
1.472395e-01
1.472845e-01
1.474090e-01
1.474726e-01
1.476478e-01
1.476854e-01
1.478014e-01
1.478380e-01
1.479195e-01
1.479444e-01
1.481366e-01
1.481653e-01
1.483279e-01
1.483958e-01
1.484694e-01
1.485276e-01
1.485887e-01
1.487743e-01
1.488055e-01
1.490050e-01
1.490115e-01
1.490429e-01
1.490585e-01
1.491757e-01
1.492098e-01
1.492927e-01
1.493490e-01
1.493986e-01
1.494472e-01
1.495729e-01
1.497196e-01
1.497334e-01
1.498528e-01
1.499917e-01
1.500220e-01
1.500887e-01
1.500975e-01
1.502424e-01
1.504293e-01
1.504720e-01
1.506193e-01
1.507232e-01
1.509087e-01
1.509384e-01
1.510042e-01
1.510682e-01
1.513380e-01
1.513635e-01
1.514217e-01
1.514971e-01
1.515863e-01
1.516265e-01
1.516538e-01
1.517196e-01
1.517592e-01
1.519616e-01
1.520777e-01
1.521872e-01
1.522379e-01
1.523097e-01
1.523537e-01
1.524568e-01
1.525176e-01
1.526843e-01
1.528887e-01
1.530552e-01
1.531312e-01
1.531679e-01
1.532902e-01
1.533014e-01
1.534174e-01
1.534845e-01
1.535363e-01
1.535749e-01
1.537663e-01
1.538707e-01
1.539743e-01
1.540576e-01
1.540906e-01
1.541174e-01
1.542887e-01
1.543992e-01
1.545501e-01
1.546470e-01
1.546983e-01
1.547564e-01
1.547887e-01
1.548919e-01
1.549052e-01
1.549508e-01
1.550007e-01
1.551475e-01
1.552045e-01
1.552317e-01
1.552838e-01
1.553188e-01
1.555048e-01
1.556770e-01
1.557923e-01
1.558381e-01
1.559631e-01
1.561048e-01
1.561226e-01
1.562439e-01
1.563266e-01
1.564674e-01
1.564931e-01
1.565547e-01
1.566249e-01
1.566881e-01
1.567364e-01
1.568224e-01
1.568349e-01
1.569490e-01
1.569740e-01
1.570767e-01
1.571271e-01
1.571378e-01
1.572918e-01
1.573004e-01
1.573333e-01
1.574185e-01
1.575167e-01
1.575531e-01
1.576808e-01
1.576833e-01
1.577069e-01
1.577985e-01
1.579271e-01
1.579607e-01
1.579855e-01
1.580824e-01
1.581095e-01
1.583568e-01
1.583718e-01
1.584326e-01
1.585770e-01
1.585975e-01
1.587479e-01
1.588202e-01
1.589469e-01
1.589767e-01
1.591477e-01
1.591573e-01
1.592543e-01
1.593728e-01
1.594443e-01
1.596467e-01
1.596903e-01
1.597140e-01
1.597599e-01
1.597897e-01
1.600288e-01
1.601381e-01
1.601564e-01
1.602346e-01
1.602723e-01
1.604470e-01
1.604807e-01
1.605298e-01
1.606180e-01
1.606671e-01
1.607593e-01
1.608149e-01
1.608575e-01
1.608919e-01
1.609829e-01
1.610002e-01
1.612049e-01
1.612664e-01
1.612814e-01
1.613764e-01
1.614501e-01
1.614773e-01
1.616245e-01
1.617388e-01
1.618305e-01
1.619127e-01
1.619624e-01
1.620158e-01
1.622836e-01
1.623784e-01
1.624258e-01
1.624759e-01
1.625486e-01
1.625959e-01
1.626431e-01
1.627884e-01
1.629420e-01
1.630812e-01
1.632106e-01
1.632234e-01
1.632958e-01
1.634090e-01
1.634169e-01
1.634524e-01
1.636831e-01
1.636961e-01
1.637331e-01
1.638338e-01
1.639112e-01
1.640622e-01
1.640918e-01
1.641410e-01
1.641506e-01
1.643100e-01
1.644986e-01
1.645452e-01
1.646388e-01
1.647300e-01
1.648671e-01
1.648994e-01
1.649053e-01
1.649878e-01
1.649978e-01
1.651117e-01
1.651563e-01
1.652625e-01
1.653244e-01
1.653496e-01
1.655163e-01
1.655635e-01
1.656187e-01
1.656664e-01
1.657122e-01
1.658454e-01
1.658637e-01
1.659434e-01
1.660015e-01
1.660240e-01
1.660418e-01
1.660614e-01
1.663560e-01
1.663827e-01
1.665303e-01
1.665743e-01
1.665876e-01
1.666148e-01
1.667011e-01
1.667929e-01
1.669332e-01
1.670042e-01
1.670121e-01
1.670709e-01
1.670794e-01
1.671919e-01
1.672130e-01
1.673333e-01
1.673767e-01
1.674600e-01
1.675212e-01
1.675350e-01
1.676212e-01
1.676380e-01
1.677355e-01
1.678248e-01
1.679185e-01
1.679449e-01
1.680121e-01
1.680958e-01
1.681726e-01
1.682049e-01
1.682466e-01
1.682622e-01
1.683313e-01
1.684375e-01
1.685251e-01
1.685350e-01
1.685808e-01
1.688197e-01
1.688615e-01
1.688891e-01
1.689827e-01
1.690747e-01
1.691724e-01
1.693149e-01
1.693835e-01
1.694426e-01
1.694796e-01
1.695115e-01
1.695134e-01
1.697076e-01
1.697726e-01
1.698450e-01
1.699314e-01
1.699741e-01
1.701228e-01
1.702500e-01
1.703210e-01
1.703415e-01
1.704208e-01
1.706644e-01
1.706659e-01
1.707290e-01
1.707370e-01
1.707573e-01
1.709421e-01
1.709434e-01
1.709747e-01
1.710675e-01
1.711405e-01
1.712538e-01
1.712871e-01
1.713366e-01
1.714085e-01
1.714929e-01
1.715121e-01
1.716153e-01
1.716684e-01
1.716699e-01
1.717181e-01
1.718117e-01
1.719201e-01
1.720128e-01
1.721143e-01
1.721589e-01
1.722833e-01
1.722907e-01
1.723364e-01
1.723510e-01
1.724490e-01
1.725178e-01
1.726812e-01
1.727369e-01
1.728152e-01
1.728898e-01
1.729680e-01
1.730588e-01
1.731232e-01
1.731323e-01
1.732691e-01
1.732998e-01
1.734178e-01
1.734311e-01
1.735204e-01
1.735327e-01
1.735985e-01
1.736624e-01
1.737450e-01
1.738727e-01
1.739984e-01
1.740024e-01
1.740470e-01
1.740991e-01
1.742112e-01
1.743548e-01
1.744240e-01
1.744442e-01
1.744918e-01
1.745395e-01
1.745926e-01
1.746881e-01
1.747768e-01
1.749271e-01
1.749607e-01
1.749743e-01
1.751225e-01
1.751796e-01
1.754146e-01
1.754436e-01
1.755554e-01
1.756338e-01
1.757575e-01
1.757745e-01
1.757972e-01
1.759486e-01
1.760634e-01
1.761601e-01
1.761696e-01
1.761963e-01
1.763110e-01
1.763875e-01
1.765146e-01
1.765894e-01
1.766417e-01
1.766678e-01
1.767384e-01
1.768526e-01
1.768941e-01
1.773004e-01
1.773913e-01
1.774866e-01
1.776086e-01
1.776980e-01
1.777556e-01
1.778082e-01
1.778998e-01
1.780610e-01
1.780908e-01
1.781597e-01
1.782703e-01
1.783080e-01
1.784869e-01
1.785553e-01
1.786184e-01
1.786527e-01
1.786856e-01
1.787331e-01
1.787612e-01
1.787872e-01
1.788626e-01
1.788779e-01
1.790069e-01
1.791142e-01
1.791908e-01
1.792892e-01
1.793413e-01
1.794830e-01
1.795655e-01
1.795831e-01
1.795878e-01
1.797480e-01
1.797706e-01
1.798569e-01
1.798932e-01
1.799608e-01
1.800259e-01
1.801217e-01
1.801459e-01
1.803713e-01
1.804546e-01
1.805247e-01
1.805974e-01
1.807831e-01
1.807903e-01
1.808963e-01
1.809914e-01
1.810212e-01
1.812210e-01
1.812923e-01
1.813907e-01
1.814800e-01
1.815119e-01
1.817587e-01
1.818647e-01
1.818724e-01
1.818766e-01
1.819224e-01
1.820785e-01
1.821073e-01
1.822284e-01
1.822725e-01
1.822981e-01
1.823217e-01
1.823730e-01
1.824083e-01
1.824732e-01
1.826012e-01
1.826143e-01
1.827457e-01
1.827875e-01
1.828713e-01
1.828763e-01
1.829950e-01
1.830955e-01
1.831770e-01
1.833334e-01
1.833815e-01
1.833861e-01
1.834682e-01
1.835087e-01
1.835392e-01
1.835659e-01
1.836100e-01
1.836933e-01
1.837571e-01
1.838763e-01
1.839401e-01
1.839759e-01
1.840260e-01
1.840814e-01
1.841451e-01
1.841713e-01
1.843035e-01
1.843609e-01
1.843720e-01
1.844140e-01
1.846115e-01
1.846433e-01
1.847789e-01
1.848456e-01
1.849384e-01
1.849776e-01
1.850092e-01
1.851200e-01
1.852452e-01
1.853486e-01
1.853809e-01
1.854330e-01
1.855453e-01
1.855925e-01
1.856304e-01
1.857080e-01
1.858271e-01
1.858968e-01
1.859929e-01
1.860406e-01
1.861098e-01
1.862137e-01
1.862252e-01
1.863993e-01
1.864404e-01
1.865060e-01
1.865402e-01
1.867303e-01
1.867981e-01
1.868688e-01
1.870008e-01
1.871247e-01
1.871498e-01
1.872615e-01
1.872722e-01
1.873549e-01
1.874481e-01
1.876486e-01
1.876914e-01
1.876957e-01
1.877958e-01
1.878128e-01
1.880237e-01
1.880426e-01
1.882144e-01
1.882973e-01
1.883890e-01
1.884465e-01
1.885305e-01
1.885448e-01
1.886160e-01
1.886778e-01
1.887467e-01
1.888248e-01
1.888461e-01
1.890091e-01
1.890594e-01
1.891153e-01
1.891889e-01
1.892671e-01
1.892772e-01
1.894010e-01
1.895325e-01
1.895413e-01
1.895830e-01
1.896198e-01
1.896778e-01
1.897923e-01
1.899210e-01
1.899726e-01
1.900741e-01
1.901199e-01
1.901650e-01
1.902220e-01
1.902567e-01
1.904382e-01
1.904439e-01
1.904953e-01
1.905586e-01
1.906038e-01
1.906122e-01
1.907122e-01
1.907598e-01
1.907633e-01
1.908919e-01
1.909045e-01
1.910507e-01
1.910601e-01
1.911793e-01
1.912175e-01
1.912964e-01
1.914363e-01
1.914490e-01
1.914946e-01
1.915838e-01
1.915977e-01
1.916248e-01
1.917274e-01
1.917372e-01
1.917849e-01
1.918772e-01
1.919254e-01
1.919667e-01
1.919810e-01
1.921336e-01
1.921603e-01
1.923170e-01
1.923850e-01
1.924369e-01
1.924590e-01
1.925553e-01
1.926219e-01
1.926838e-01
1.928194e-01
1.928352e-01
1.930527e-01
1.930831e-01
1.932248e-01
1.932569e-01
1.932733e-01
1.934093e-01
1.934449e-01
1.935790e-01
1.936012e-01
1.937236e-01
1.937717e-01
1.938488e-01
1.939126e-01
1.939769e-01
1.939809e-01
1.941857e-01
1.941865e-01
1.942209e-01
1.942336e-01
1.943339e-01
1.943812e-01
1.945255e-01
1.945638e-01
1.946857e-01
1.947636e-01
1.948364e-01
1.948960e-01
1.949569e-01
1.951226e-01
1.952456e-01
1.952878e-01
1.953042e-01
1.953555e-01
1.954481e-01
1.955949e-01
1.956052e-01
1.956293e-01
1.958890e-01
1.959163e-01
1.959184e-01
1.961081e-01
1.961221e-01
1.963191e-01
1.963856e-01
1.964065e-01
1.964517e-01
1.965193e-01
1.965946e-01
1.966341e-01
1.966684e-01
1.966884e-01
1.967341e-01
1.967831e-01
1.968792e-01
1.968877e-01
1.969794e-01
1.970400e-01
1.970542e-01
1.971662e-01
1.972692e-01
1.973997e-01
1.974779e-01
1.975218e-01
1.975395e-01
1.976331e-01
1.976976e-01
1.977404e-01
1.977451e-01
1.977965e-01
1.979116e-01
1.979516e-01
1.980612e-01
1.982498e-01
1.982702e-01
1.983431e-01
1.983574e-01
1.984114e-01
1.985325e-01
1.985401e-01
1.987047e-01
1.987329e-01
1.988082e-01
1.990073e-01
1.990617e-01
1.991339e-01
1.992281e-01
1.992780e-01
1.994018e-01
1.994069e-01
1.994752e-01
1.995233e-01
1.995905e-01
1.996242e-01
1.997033e-01
1.997754e-01
1.998810e-01
1.999719e-01
2.000632e-01
2.000878e-01
2.001827e-01
2.002299e-01
2.002459e-01
2.003243e-01
2.003869e-01
2.004386e-01
2.004523e-01
2.004574e-01
2.005571e-01
2.005646e-01
2.006215e-01
2.006901e-01
2.007852e-01
2.009826e-01
2.009854e-01
2.010437e-01
2.011158e-01
2.012419e-01
2.013020e-01
2.013681e-01
2.014165e-01
2.014482e-01
2.014635e-01
2.015407e-01
2.016676e-01
2.017442e-01
2.018097e-01
2.018502e-01
2.019336e-01
2.019863e-01
2.019998e-01
2.020636e-01
2.020928e-01
2.021846e-01
2.023222e-01
2.023686e-01
2.024257e-01
2.024969e-01
2.025572e-01
2.026316e-01
2.026401e-01
2.026973e-01
2.027703e-01
2.029020e-01
2.030120e-01
2.031066e-01
2.032278e-01
2.032919e-01
2.033593e-01
2.034043e-01
2.034199e-01
2.035767e-01
2.035978e-01
2.036718e-01
2.036902e-01
2.037387e-01
2.038210e-01
2.038223e-01
2.038467e-01
2.039461e-01
2.040947e-01
2.041334e-01
2.041403e-01
2.042097e-01
2.042371e-01
2.043305e-01
2.044706e-01
2.044959e-01
2.045699e-01
2.046731e-01
2.046868e-01
2.046952e-01
2.048480e-01
2.049163e-01
2.049209e-01
2.049652e-01
2.049658e-01
2.050261e-01
2.050659e-01
2.052772e-01
2.053736e-01
2.054375e-01
2.054531e-01
2.054860e-01
2.055356e-01
2.057010e-01
2.057021e-01
2.057945e-01
2.060096e-01
2.060318e-01
2.060443e-01
2.061190e-01
2.061654e-01
2.062278e-01
2.062891e-01
2.064371e-01
2.064435e-01
2.064554e-01
2.066286e-01
2.066369e-01
2.066785e-01
2.067410e-01
2.067686e-01
2.069406e-01
2.070110e-01
2.070269e-01
2.071131e-01
2.071195e-01
2.072019e-01
2.072299e-01
2.072858e-01
2.073735e-01
2.074486e-01
2.074623e-01
2.075378e-01
2.075984e-01
2.076274e-01
2.076656e-01
2.077230e-01
2.078414e-01
2.078588e-01
2.079840e-01
2.080029e-01
2.081158e-01
2.081191e-01
2.082644e-01
2.083813e-01
2.083844e-01
2.085735e-01
2.085812e-01
2.086887e-01
2.087443e-01
2.087653e-01
2.088318e-01
2.089171e-01
2.089666e-01
2.089890e-01
2.090153e-01
2.090446e-01
2.091722e-01
2.091982e-01
2.092532e-01
2.093166e-01
2.093905e-01
2.095398e-01
2.096224e-01
2.096342e-01
2.097098e-01
2.097664e-01
2.098647e-01
2.098735e-01
2.099660e-01
2.099898e-01
2.102622e-01
2.102824e-01
2.103567e-01
2.103679e-01
2.105347e-01
2.105879e-01
2.106648e-01
2.106832e-01
2.107788e-01
2.107833e-01
2.109254e-01
2.109975e-01
2.110329e-01
2.110734e-01
2.112052e-01
2.112855e-01
2.113028e-01
2.114093e-01
2.114797e-01
2.115253e-01
2.116414e-01
2.117207e-01
2.117432e-01
2.117729e-01
2.118266e-01
2.118935e-01
2.120768e-01
2.120929e-01
2.121884e-01
2.122240e-01
2.122469e-01
2.122643e-01
2.122694e-01
2.123312e-01
2.124053e-01
2.124112e-01
2.124963e-01
2.125824e-01
2.127283e-01
2.127761e-01
2.128331e-01
2.129271e-01
2.130141e-01
2.130587e-01
2.130895e-01
2.131573e-01
2.132404e-01
2.132578e-01
2.133138e-01
2.133272e-01
2.133782e-01
2.134788e-01
2.135383e-01
2.135633e-01
2.136515e-01
2.137944e-01
2.138268e-01
2.138936e-01
2.139270e-01
2.140593e-01
2.140731e-01
2.141265e-01
2.141738e-01
2.141858e-01
2.142384e-01
2.143329e-01
2.143689e-01
2.144082e-01
2.144132e-01
2.145309e-01
2.147160e-01
2.147629e-01
2.148170e-01
2.149598e-01
2.150210e-01
2.150713e-01
2.151510e-01
2.152040e-01
2.152789e-01
2.153129e-01
2.153571e-01
2.155577e-01
2.156209e-01
2.156747e-01
2.156844e-01
2.158946e-01
2.158982e-01
2.159311e-01
2.159851e-01
2.160499e-01
2.160711e-01
2.161128e-01
2.161813e-01
2.161874e-01
2.163117e-01
2.164498e-01
2.164970e-01
2.165591e-01
2.166438e-01
2.166853e-01
2.167311e-01
2.167769e-01
2.168661e-01
2.169405e-01
2.169847e-01
2.171206e-01
2.171961e-01
2.172698e-01
2.173039e-01
2.173246e-01
2.174006e-01
2.174243e-01
2.175314e-01
2.176181e-01
2.176927e-01
2.178411e-01
2.179239e-01
2.180109e-01
2.180926e-01
2.181320e-01
2.181812e-01
2.183107e-01
2.184492e-01
2.184864e-01
2.185025e-01
2.185645e-01
2.186235e-01
2.186771e-01
2.186909e-01
2.187091e-01
2.188254e-01
2.189300e-01
2.189315e-01
2.190546e-01
2.192219e-01
2.192718e-01
2.193337e-01
2.194591e-01
2.194685e-01
2.195217e-01
2.195637e-01
2.196533e-01
2.198911e-01
2.198995e-01
2.199391e-01
2.199607e-01
2.200154e-01
2.200394e-01
2.202361e-01
2.202451e-01
2.203714e-01
2.203993e-01
2.204624e-01
2.204877e-01
2.205329e-01
2.205802e-01
2.206693e-01
2.207528e-01
2.208061e-01
2.208224e-01
2.209303e-01
2.210369e-01
2.210689e-01
2.211626e-01
2.212227e-01
2.212430e-01
2.213365e-01
2.213908e-01
2.216075e-01
2.216651e-01
2.217973e-01
2.218728e-01
2.219401e-01
2.219760e-01
2.221180e-01
2.221732e-01
2.222267e-01
2.222608e-01
2.223515e-01
2.224002e-01
2.224278e-01
2.224652e-01
2.225022e-01
2.226500e-01
2.227942e-01
2.228365e-01
2.228847e-01
2.229316e-01
2.229806e-01
2.230595e-01
2.230680e-01
2.232566e-01
2.232803e-01
2.233103e-01
2.234583e-01
2.235002e-01
2.235487e-01
2.237445e-01
2.237545e-01
2.238446e-01
2.239253e-01
2.239358e-01
2.241058e-01
2.241135e-01
2.242698e-01
2.243117e-01
2.243975e-01
2.244650e-01
2.245259e-01
2.245902e-01
2.246671e-01
2.246942e-01
2.247524e-01
2.248011e-01
2.248642e-01
2.249255e-01
2.249578e-01
2.249921e-01
2.251289e-01
2.251607e-01
2.252198e-01
2.252928e-01
2.253421e-01
2.255638e-01
2.256671e-01
2.257149e-01
2.257933e-01
2.258441e-01
2.258633e-01
2.259665e-01
2.260206e-01
2.260653e-01
2.261328e-01
2.262133e-01
2.262959e-01
2.262996e-01
2.264415e-01
2.265156e-01
2.265660e-01
2.265731e-01
2.266226e-01
2.266755e-01
2.268097e-01
2.268547e-01
2.268818e-01
2.269283e-01
2.269800e-01
2.269972e-01
2.271368e-01
2.272786e-01
2.273026e-01
2.273252e-01
2.273977e-01
2.274933e-01
2.275339e-01
2.275974e-01
2.276474e-01
2.277378e-01
2.278400e-01
2.278498e-01
2.279423e-01
2.279635e-01
2.279868e-01
2.279946e-01
2.280650e-01
2.280708e-01
2.281419e-01
2.282333e-01
2.282480e-01
2.282961e-01
2.283425e-01
2.284330e-01
2.285672e-01
2.285784e-01
2.286344e-01
2.287495e-01
2.288606e-01
2.288856e-01
2.289246e-01
2.289651e-01
2.290836e-01
2.291065e-01
2.292259e-01
2.293834e-01
2.294875e-01
2.295578e-01
2.295842e-01
2.296192e-01
2.296578e-01
2.297005e-01
2.298126e-01
2.299347e-01
2.299444e-01
2.300025e-01
2.300666e-01
2.301368e-01
2.301394e-01
2.301810e-01
2.301914e-01
2.303904e-01
2.304546e-01
2.304697e-01
2.305193e-01
2.306310e-01
2.306600e-01
2.307334e-01
2.307699e-01
2.308871e-01
2.309031e-01
2.309377e-01
2.310747e-01
2.311341e-01
2.311788e-01
2.312652e-01
2.313454e-01
2.314119e-01
2.314534e-01
2.316404e-01
2.316811e-01
2.316926e-01
2.317733e-01
2.317744e-01
2.318240e-01
2.320279e-01
2.320353e-01
2.320516e-01
2.320623e-01
2.321517e-01
2.321741e-01
2.323281e-01
2.323736e-01
2.324462e-01
2.325010e-01
2.325269e-01
2.326521e-01
2.326901e-01
2.327367e-01
2.327845e-01
2.328464e-01
2.329168e-01
2.329914e-01
2.330517e-01
2.330917e-01
2.331385e-01
2.331509e-01
2.331556e-01
2.332344e-01
2.333792e-01
2.334314e-01
2.334630e-01
2.335022e-01
2.336247e-01
2.336546e-01
2.337850e-01
2.337894e-01
2.338608e-01
2.338967e-01
2.339896e-01
2.339963e-01
2.340625e-01
2.341064e-01
2.341677e-01
2.342597e-01
2.342822e-01
2.344241e-01
2.344318e-01
2.345002e-01
2.345407e-01
2.345966e-01
2.346556e-01
2.347282e-01
2.348736e-01
2.348752e-01
2.349717e-01
2.350575e-01
2.351314e-01
2.352488e-01
2.352712e-01
2.353411e-01
2.353524e-01
2.355081e-01
2.355178e-01
2.355511e-01
2.355873e-01
2.356809e-01
2.357505e-01
2.358708e-01
2.359137e-01
2.359702e-01
2.360813e-01
2.361732e-01
2.361746e-01
2.362017e-01
2.363001e-01
2.363261e-01
2.364500e-01
2.365571e-01
2.365774e-01
2.366275e-01
2.366898e-01
2.367546e-01
2.367968e-01
2.368271e-01
2.369031e-01
2.369703e-01
2.369891e-01
2.370984e-01
2.371509e-01
2.372932e-01
2.373629e-01
2.373637e-01
2.373992e-01
2.374400e-01
2.376217e-01
2.376372e-01
2.377811e-01
2.378833e-01
2.379202e-01
2.379213e-01
2.380189e-01
2.380317e-01
2.382252e-01
2.382280e-01
2.382985e-01
2.383838e-01
2.384442e-01
2.385279e-01
2.386005e-01
2.386438e-01
2.386501e-01
2.386964e-01
2.387735e-01
2.388619e-01
2.388943e-01
2.389041e-01
2.390718e-01
2.391130e-01
2.391516e-01
2.392894e-01
2.393222e-01
2.393817e-01
2.394342e-01
2.394976e-01
2.395192e-01
2.396293e-01
2.397542e-01
2.398963e-01
2.399891e-01
2.400245e-01
2.400696e-01
2.402193e-01
2.402944e-01
2.403182e-01
2.404319e-01
2.404470e-01
2.404689e-01
2.405838e-01
2.406573e-01
2.407096e-01
2.408261e-01
2.408400e-01
2.409155e-01
2.409604e-01
2.410135e-01
2.410824e-01
2.411617e-01
2.411698e-01
2.412317e-01
2.413213e-01
2.413419e-01
2.414248e-01
2.415179e-01
2.415744e-01
2.416227e-01
2.416633e-01
2.416793e-01
2.417776e-01
2.418240e-01
2.418521e-01
2.419726e-01
2.420472e-01
2.420765e-01
2.421432e-01
2.422744e-01
2.423181e-01
2.423278e-01
2.424016e-01
2.424371e-01
2.426219e-01
2.426738e-01
2.426978e-01
2.427563e-01
2.428514e-01
2.429061e-01
2.429620e-01
2.430324e-01
2.430429e-01
2.430533e-01
2.431518e-01
2.432637e-01
2.433446e-01
2.433601e-01
2.434300e-01
2.435714e-01
2.435825e-01
2.436601e-01
2.436679e-01
2.437188e-01
2.438111e-01
2.438983e-01
2.439460e-01
2.439951e-01
2.440297e-01
2.441088e-01
2.441926e-01
2.442961e-01
2.443069e-01
2.443958e-01
2.444266e-01
2.444712e-01
2.445763e-01
2.445863e-01
2.446194e-01
2.447176e-01
2.447267e-01
2.448433e-01
2.449113e-01
2.449186e-01
2.450626e-01
2.451463e-01
2.452054e-01
2.452185e-01
2.452807e-01
2.453324e-01
2.454020e-01
2.454390e-01
2.456171e-01
2.456379e-01
2.456646e-01
2.457246e-01
2.458483e-01
2.458923e-01
2.460077e-01
2.460735e-01
2.460890e-01
2.461900e-01
2.463463e-01
2.463687e-01
2.464799e-01
2.465547e-01
2.466661e-01
2.466708e-01
2.466998e-01
2.467675e-01
2.468031e-01
2.468133e-01
2.469015e-01
2.469590e-01
2.470377e-01
2.470750e-01
2.471175e-01
2.471841e-01
2.472210e-01
2.472414e-01
2.474991e-01
2.475590e-01
2.476277e-01
2.476336e-01
2.477830e-01
2.477977e-01
2.478425e-01
2.478586e-01
2.480430e-01
2.481017e-01
2.481768e-01
2.481853e-01
2.482842e-01
2.483471e-01
2.483874e-01
2.484030e-01
2.484862e-01
2.485481e-01
2.486567e-01
2.486691e-01
2.487914e-01
2.488330e-01
2.490018e-01
2.490440e-01
2.490477e-01
2.490913e-01
2.491711e-01
2.493289e-01
2.493503e-01
2.493983e-01
2.494493e-01
2.494740e-01
2.494917e-01
2.496590e-01
2.497012e-01
2.497487e-01
2.497617e-01
2.498506e-01
2.498733e-01
2.499512e-01
2.500943e-01
2.501635e-01
2.502319e-01
2.502507e-01
2.503422e-01
2.503947e-01
2.505062e-01
2.505687e-01
2.507043e-01
2.507727e-01
2.507881e-01
2.508102e-01
2.509779e-01
2.511421e-01
2.511895e-01
2.512370e-01
2.513757e-01
2.514043e-01
2.514108e-01
2.514560e-01
2.515111e-01
2.515947e-01
2.515970e-01
2.517036e-01
2.518645e-01
2.518723e-01
2.519122e-01
2.519629e-01
2.520548e-01
2.520981e-01
2.521510e-01
2.522352e-01
2.522605e-01
2.523336e-01
2.523563e-01
2.524496e-01
2.524641e-01
2.526053e-01
2.527305e-01
2.527314e-01
2.528204e-01
2.529067e-01
2.529070e-01
2.530182e-01
2.530422e-01
2.531037e-01
2.532157e-01
2.532317e-01
2.532866e-01
2.533742e-01
2.534147e-01
2.534428e-01
2.535354e-01
2.535871e-01
2.536903e-01
2.537902e-01
2.538145e-01
2.538765e-01
2.538817e-01
2.539129e-01
2.539652e-01
2.540212e-01
2.540808e-01
2.541207e-01
2.541742e-01
2.542394e-01
2.544136e-01
2.545466e-01
2.545726e-01
2.546162e-01
2.546758e-01
2.547065e-01
2.547863e-01
2.548323e-01
2.549661e-01
2.550240e-01
2.551153e-01
2.551248e-01
2.552489e-01
2.552870e-01
2.553248e-01
2.553634e-01
2.554900e-01
2.555853e-01
2.556134e-01
2.556748e-01
2.557476e-01
2.558261e-01
2.559449e-01
2.559498e-01
2.560891e-01
2.561223e-01
2.561325e-01
2.561978e-01
2.562076e-01
2.562479e-01
2.563561e-01
2.563796e-01
2.565360e-01
2.565863e-01
2.565965e-01
2.567196e-01
2.567248e-01
2.568389e-01
2.568912e-01
2.570011e-01
2.570127e-01
2.570477e-01
2.570797e-01
2.571714e-01
2.572073e-01
2.573752e-01
2.573774e-01
2.573819e-01
2.574999e-01
2.575624e-01
2.575972e-01
2.576045e-01
2.576445e-01
2.577483e-01
2.578646e-01
2.579190e-01
2.579636e-01
2.580032e-01
2.580235e-01
2.580907e-01
2.582249e-01
2.582299e-01
2.582407e-01
2.582642e-01
2.583306e-01
2.584603e-01
2.585977e-01
2.587569e-01
2.588073e-01
2.588754e-01
2.589219e-01
2.590077e-01
2.590222e-01
2.590564e-01
2.591082e-01
2.591943e-01
2.592248e-01
2.592835e-01
2.593443e-01
2.594200e-01
2.594904e-01
2.595125e-01
2.595169e-01
2.596433e-01
2.597272e-01
2.597350e-01
2.597684e-01
2.598404e-01
2.599867e-01
2.600266e-01
2.600389e-01
2.600995e-01
2.601154e-01
2.601171e-01
2.602234e-01
2.602471e-01
2.603599e-01
2.604151e-01
2.604405e-01
2.605950e-01
2.606225e-01
2.607572e-01
2.608386e-01
2.608759e-01
2.609696e-01
2.609737e-01
2.610860e-01
2.611027e-01
2.611858e-01
2.613178e-01
2.613414e-01
2.613883e-01
2.615056e-01
2.615102e-01
2.615504e-01
2.615922e-01
2.616950e-01
2.617310e-01
2.617607e-01
2.618237e-01
2.619342e-01
2.620395e-01
2.620874e-01
2.621255e-01
2.622110e-01
2.622967e-01
2.623258e-01
2.623521e-01
2.625347e-01
2.626154e-01
2.626473e-01
2.628029e-01
2.628123e-01
2.628814e-01
2.629796e-01
2.630114e-01
2.631653e-01
2.631724e-01
2.632522e-01
2.632940e-01
2.633182e-01
2.634440e-01
2.635199e-01
2.635686e-01
2.636151e-01
2.637936e-01
2.638117e-01
2.638734e-01
2.639730e-01
2.640015e-01
2.640162e-01
2.641118e-01
2.641154e-01
2.641816e-01
2.642139e-01
2.643316e-01
2.644276e-01
2.644339e-01
2.645018e-01
2.645091e-01
2.645543e-01
2.646525e-01
2.646924e-01
2.647441e-01
2.647796e-01
2.648049e-01
2.648497e-01
2.650103e-01
2.650145e-01
2.651641e-01
2.652138e-01
2.652361e-01
2.653112e-01
2.654015e-01
2.654520e-01
2.655543e-01
2.655785e-01
2.656132e-01
2.657316e-01
2.657477e-01
2.658823e-01
2.659205e-01
2.659230e-01
2.659678e-01
2.660165e-01
2.660307e-01
2.661415e-01
2.662329e-01
2.662535e-01
2.662852e-01
2.663909e-01
2.665397e-01
2.665939e-01
2.666392e-01
2.666521e-01
2.667273e-01
2.667786e-01
2.668292e-01
2.668850e-01
2.670399e-01
2.671016e-01
2.671275e-01
2.671698e-01
2.671705e-01
2.673438e-01
2.673588e-01
2.674059e-01
2.674740e-01
2.674863e-01
2.675841e-01
2.676081e-01
2.676478e-01
2.676608e-01
2.678268e-01
2.678518e-01
2.679657e-01
2.680100e-01
2.681592e-01
2.681807e-01
2.682229e-01
2.682316e-01
2.683861e-01
2.684837e-01
2.685717e-01
2.686092e-01
2.687310e-01
2.687404e-01
2.688280e-01
2.688808e-01
2.689480e-01
2.689701e-01
2.690219e-01
2.690936e-01
2.691705e-01
2.691910e-01
2.692552e-01
2.693130e-01
2.693669e-01
2.693885e-01
2.695198e-01
2.695757e-01
2.696680e-01
2.696716e-01
2.697370e-01
2.697421e-01
2.698437e-01
2.699445e-01
2.699911e-01
2.700090e-01
2.700814e-01
2.701210e-01
2.702097e-01
2.703542e-01
2.703941e-01
2.704382e-01
2.704824e-01
2.706046e-01
2.706323e-01
2.707071e-01
2.707441e-01
2.708471e-01
2.709261e-01
2.710337e-01
2.711150e-01
2.712076e-01
2.712234e-01
2.712884e-01
2.713197e-01
2.713315e-01
2.713688e-01
2.714189e-01
2.715009e-01
2.716710e-01
2.716770e-01
2.716784e-01
2.718472e-01
2.718521e-01
2.719878e-01
2.720156e-01
2.721099e-01
2.721937e-01
2.723127e-01
2.723839e-01
2.724094e-01
2.724636e-01
2.725603e-01
2.726290e-01
2.726792e-01
2.727215e-01
2.727657e-01
2.727719e-01
2.728138e-01
2.730058e-01
2.730619e-01
2.731262e-01
2.731652e-01
2.732350e-01
2.733391e-01
2.733473e-01
2.733871e-01
2.734219e-01
2.734806e-01
2.735511e-01
2.735973e-01
2.737203e-01
2.737685e-01
2.737951e-01
2.738098e-01
2.739494e-01
2.739993e-01
2.740771e-01
2.741030e-01
2.741181e-01
2.741691e-01
2.743397e-01
2.743713e-01
2.744529e-01
2.745477e-01
2.745565e-01
2.746225e-01
2.747152e-01
2.747357e-01
2.747859e-01
2.748344e-01
2.748422e-01
2.749858e-01
2.750734e-01
2.751215e-01
2.751622e-01
2.752769e-01
2.753399e-01
2.753522e-01
2.754130e-01
2.754668e-01
2.755515e-01
2.756198e-01
2.756759e-01
2.756846e-01
2.757921e-01
2.758924e-01
2.759185e-01
2.760351e-01
2.761140e-01
2.761782e-01
2.761911e-01
2.762121e-01
2.762809e-01
2.763142e-01
2.763184e-01
2.764840e-01
2.765283e-01
2.766092e-01
2.766244e-01
2.767324e-01
2.767599e-01
2.767903e-01
2.768511e-01
2.769679e-01
2.769804e-01
2.770442e-01
2.771097e-01
2.772049e-01
2.772881e-01
2.772996e-01
2.773229e-01
2.774005e-01
2.774785e-01
2.774959e-01
2.776623e-01
2.776653e-01
2.777288e-01
2.777462e-01
2.778793e-01
2.778957e-01
2.779140e-01
2.779162e-01
2.779472e-01
2.780200e-01
2.782652e-01
2.783040e-01
2.783761e-01
2.783912e-01
2.784142e-01
2.785404e-01
2.785578e-01
2.786207e-01
2.787049e-01
2.787476e-01
2.788406e-01
2.789263e-01
2.789461e-01
2.790044e-01
2.790903e-01
2.791102e-01
2.792517e-01
2.792651e-01
2.793416e-01
2.794770e-01
2.795333e-01
2.796144e-01
2.796523e-01
2.796539e-01
2.798092e-01
2.799278e-01
2.799577e-01
2.799727e-01
2.800431e-01
2.800628e-01
2.801377e-01
2.801985e-01
2.802187e-01
2.803528e-01
2.803774e-01
2.804894e-01
2.804931e-01
2.805222e-01
2.806030e-01
2.806703e-01
2.806768e-01
2.807520e-01
2.807716e-01
2.809848e-01
2.810613e-01
2.811372e-01
2.811507e-01
2.812335e-01
2.813356e-01
2.814311e-01
2.814599e-01
2.815049e-01
2.815132e-01
2.815816e-01
2.816267e-01
2.816915e-01
2.817555e-01
2.817758e-01
2.818185e-01
2.818960e-01
2.820586e-01
2.820662e-01
2.821310e-01
2.821526e-01
2.822134e-01
2.822560e-01
2.822966e-01
2.823606e-01
2.823707e-01
2.824412e-01
2.825071e-01
2.826192e-01
2.826981e-01
2.828023e-01
2.828223e-01
2.828848e-01
2.829282e-01
2.829283e-01
2.830366e-01
2.831381e-01
2.832047e-01
2.832296e-01
2.832671e-01
2.833353e-01
2.834181e-01
2.835256e-01
2.835503e-01
2.836418e-01
2.837502e-01
2.838335e-01
2.838506e-01
2.839142e-01
2.839292e-01
2.839897e-01
2.840979e-01
2.841966e-01
2.842563e-01
2.842923e-01
2.843255e-01
2.843943e-01
2.844464e-01
2.844637e-01
2.845348e-01
2.846395e-01
2.846854e-01
2.847017e-01
2.848671e-01
2.849217e-01
2.849750e-01
2.850365e-01
2.850749e-01
2.851316e-01
2.851990e-01
2.852216e-01
2.853144e-01
2.853532e-01
2.853691e-01
2.854526e-01
2.855524e-01
2.855835e-01
2.856795e-01
2.857152e-01
2.858675e-01
2.858818e-01
2.858927e-01
2.859813e-01
2.860462e-01
2.860683e-01
2.862258e-01
2.862462e-01
2.863445e-01
2.863533e-01
2.864039e-01
2.864875e-01
2.865315e-01
2.865784e-01
2.866656e-01
2.866688e-01
2.867524e-01
2.868744e-01
2.868769e-01
2.869227e-01
2.869748e-01
2.870035e-01
2.871632e-01
2.871808e-01
2.872689e-01
2.872956e-01
2.873978e-01
2.874310e-01
2.875309e-01
2.875723e-01
2.876255e-01
2.876356e-01
2.877063e-01
2.878571e-01
2.878622e-01
2.879303e-01
2.879361e-01
2.880765e-01
2.881012e-01
2.881736e-01
2.882416e-01
2.882549e-01
2.883169e-01
2.884673e-01
2.885083e-01
2.885625e-01
2.886223e-01
2.887408e-01
2.887868e-01
2.888095e-01
2.888865e-01
2.889635e-01
2.890376e-01
2.890869e-01
2.891231e-01
2.891994e-01
2.892722e-01
2.893390e-01
2.893549e-01
2.895350e-01
2.895566e-01
2.896483e-01
2.896799e-01
2.896907e-01
2.897475e-01
2.897592e-01
2.897912e-01
2.899222e-01
2.899451e-01
2.900811e-01
2.901415e-01
2.901965e-01
2.903096e-01
2.903855e-01
2.903909e-01
2.904853e-01
2.905327e-01
2.905837e-01
2.906272e-01
2.906407e-01
2.906939e-01
2.907226e-01
2.909431e-01
2.909834e-01
2.910344e-01
2.910705e-01
2.911185e-01
2.911910e-01
2.912870e-01
2.913217e-01
2.915921e-01
2.916010e-01
2.917074e-01
2.917210e-01
2.917518e-01
2.917834e-01
2.919024e-01
2.919892e-01
2.920021e-01
2.920577e-01
2.921364e-01
2.921941e-01
2.922476e-01
2.922548e-01
2.923045e-01
2.923822e-01
2.924733e-01
2.925460e-01
2.926191e-01
2.926260e-01
2.927050e-01
2.927247e-01
2.928116e-01
2.929719e-01
2.930316e-01
2.930484e-01
2.930696e-01
2.931587e-01
2.931664e-01
2.932660e-01
2.933545e-01
2.933567e-01
2.934813e-01
2.935105e-01
2.935743e-01
2.936367e-01
2.936397e-01
2.937659e-01
2.938204e-01
2.938830e-01
2.939810e-01
2.940638e-01
2.941101e-01
2.941888e-01
2.942998e-01
2.943432e-01
2.944052e-01
2.944088e-01
2.944846e-01
2.946343e-01
2.946892e-01
2.947607e-01
2.947770e-01
2.948078e-01
2.948504e-01
2.948998e-01
2.949497e-01
2.950787e-01
2.951170e-01
2.951724e-01
2.952330e-01
2.952732e-01
2.953981e-01
2.954123e-01
2.954168e-01
2.956170e-01
2.956286e-01
2.956509e-01
2.957465e-01
2.958587e-01
2.958821e-01
2.958867e-01
2.959616e-01
2.959640e-01
2.960123e-01
2.960926e-01
2.961943e-01
2.962270e-01
2.962420e-01
2.962743e-01
2.965143e-01
2.965343e-01
2.965462e-01
2.966036e-01
2.967357e-01
2.967999e-01
2.968915e-01
2.969173e-01
2.969314e-01
2.969784e-01
2.971605e-01
2.971727e-01
2.972412e-01
2.973544e-01
2.974030e-01
2.975067e-01
2.975260e-01
2.975355e-01
2.975727e-01
2.976316e-01
2.976417e-01
2.977724e-01
2.978323e-01
2.979132e-01
2.979204e-01
2.979686e-01
2.980746e-01
2.981392e-01
2.981931e-01
2.983222e-01
2.983443e-01
2.983727e-01
2.984311e-01
2.984375e-01
2.987204e-01
2.987889e-01
2.988420e-01
2.988449e-01
2.989071e-01
2.989556e-01
2.990743e-01
2.991027e-01
2.991179e-01
2.991863e-01
2.992671e-01
2.992733e-01
2.993246e-01
2.993613e-01
2.994343e-01
2.995611e-01
2.995677e-01
2.996600e-01
2.997030e-01
2.997509e-01
2.997823e-01
2.998192e-01
2.998522e-01
2.998964e-01
2.999104e-01
2.999318e-01
3.000540e-01
3.000579e-01
3.000796e-01
3.001343e-01
3.003275e-01
3.003509e-01
3.003794e-01
3.004718e-01
3.005027e-01
3.005459e-01
3.006074e-01
3.006897e-01
3.007876e-01
3.008026e-01
3.008474e-01
3.009615e-01
3.010477e-01
3.011165e-01
3.011375e-01
3.012028e-01
3.012439e-01
3.012901e-01
3.013086e-01
3.013863e-01
3.014454e-01
3.015372e-01
3.015436e-01
3.017039e-01
3.017121e-01
3.017572e-01
3.018574e-01
3.018906e-01
3.019786e-01
3.020479e-01
3.021346e-01
3.021552e-01
3.022412e-01
3.023808e-01
3.024789e-01
3.024846e-01
3.025301e-01
3.025762e-01
3.026623e-01
3.026874e-01
3.027551e-01
3.028301e-01
3.028740e-01
3.029854e-01
3.030003e-01
3.030214e-01
3.031500e-01
3.032778e-01
3.032885e-01
3.033471e-01
3.033942e-01
3.035025e-01
3.035044e-01
3.035678e-01
3.035848e-01
3.036861e-01
3.037042e-01
3.038073e-01
3.038861e-01
3.039505e-01
3.039769e-01
3.040244e-01
3.041093e-01
3.041878e-01
3.043380e-01
3.043947e-01
3.044776e-01
3.045332e-01
3.045853e-01
3.045876e-01
3.046473e-01
3.046891e-01
3.047030e-01
3.048137e-01
3.049067e-01
3.049294e-01
3.050531e-01
3.051450e-01
3.051554e-01
3.051726e-01
3.052341e-01
3.052556e-01
3.052812e-01
3.053555e-01
3.054929e-01
3.056184e-01
3.057005e-01
3.057303e-01
3.058071e-01
3.058104e-01
3.058706e-01
3.058847e-01
3.060327e-01
3.060551e-01
3.061502e-01
3.061776e-01
3.061820e-01
3.062433e-01
3.062690e-01
3.063962e-01
3.064113e-01
3.065408e-01
3.065636e-01
3.066206e-01
3.066848e-01
3.067780e-01
3.068037e-01
3.069922e-01
3.070090e-01
3.070550e-01
3.070752e-01
3.071486e-01
3.071537e-01
3.072460e-01
3.073923e-01
3.074286e-01
3.074660e-01
3.075403e-01
3.076521e-01
3.076687e-01
3.077418e-01
3.078232e-01
3.078758e-01
3.079336e-01
3.079743e-01
3.079897e-01
3.080842e-01
3.081040e-01
3.081884e-01
3.082575e-01
3.082746e-01
3.083020e-01
3.084845e-01
3.085234e-01
3.086014e-01
3.086316e-01
3.087377e-01
3.087631e-01
3.088179e-01
3.089858e-01
3.090010e-01
3.090409e-01
3.091806e-01
3.091936e-01
3.092462e-01
3.092747e-01
3.093001e-01
3.093069e-01
3.094312e-01
3.094642e-01
3.094949e-01
3.095503e-01
3.096033e-01
3.096106e-01
3.096942e-01
3.097605e-01
3.099086e-01
3.099670e-01
3.099924e-01
3.100909e-01
3.101277e-01
3.101952e-01
3.103368e-01
3.103539e-01
3.103908e-01
3.105075e-01
3.105236e-01
3.105739e-01
3.105791e-01
3.106719e-01
3.107324e-01
3.108800e-01
3.109038e-01
3.109934e-01
3.111003e-01
3.111633e-01
3.111875e-01
3.112016e-01
3.112583e-01
3.113561e-01
3.113632e-01
3.114044e-01
3.115260e-01
3.116392e-01
3.117115e-01
3.117621e-01
3.117864e-01
3.118636e-01
3.119416e-01
3.120168e-01
3.120309e-01
3.120861e-01
3.121208e-01
3.121663e-01
3.121680e-01
3.123108e-01
3.123147e-01
3.124754e-01
3.124978e-01
3.125456e-01
3.125796e-01
3.126601e-01
3.127369e-01
3.127963e-01
3.128704e-01
3.128860e-01
3.129704e-01
3.130573e-01
3.131431e-01
3.131580e-01
3.132860e-01
3.133039e-01
3.133828e-01
3.134819e-01
3.135377e-01
3.136278e-01
3.136536e-01
3.136751e-01
3.137335e-01
3.138164e-01
3.138868e-01
3.138916e-01
3.139663e-01
3.140947e-01
3.141287e-01
3.141840e-01
3.142772e-01
3.142966e-01
3.143260e-01
3.143762e-01
3.144539e-01
3.145109e-01
3.145968e-01
3.146334e-01
3.147739e-01
3.148086e-01
3.148667e-01
3.149546e-01
3.149583e-01
3.150400e-01
3.150884e-01
3.151297e-01
3.151464e-01
3.151789e-01
3.152830e-01
3.153263e-01
3.154082e-01
3.154443e-01
3.154577e-01
3.154879e-01
3.156148e-01
3.157376e-01
3.158140e-01
3.159283e-01
3.159405e-01
3.160908e-01
3.161240e-01
3.161444e-01
3.161742e-01
3.162093e-01
3.163133e-01
3.163693e-01
3.163769e-01
3.164721e-01
3.165492e-01
3.166415e-01
3.166538e-01
3.167326e-01
3.167544e-01
3.168325e-01
3.169016e-01
3.169116e-01
3.169871e-01
3.170810e-01
3.171781e-01
3.171885e-01
3.172857e-01
3.172944e-01
3.173822e-01
3.174738e-01
3.175148e-01
3.175502e-01
3.176192e-01
3.176615e-01
3.176811e-01
3.177683e-01
3.178693e-01
3.179019e-01
3.179488e-01
3.179801e-01
3.180016e-01
3.181275e-01
3.181419e-01
3.182292e-01
3.182627e-01
3.183406e-01
3.184510e-01
3.184650e-01
3.184984e-01
3.185245e-01
3.187021e-01
3.188184e-01
3.188276e-01
3.188664e-01
3.188984e-01
3.189578e-01
3.189787e-01
3.190107e-01
3.190667e-01
3.191260e-01
3.191384e-01
3.192640e-01
3.193716e-01
3.194444e-01
3.195129e-01
3.195718e-01
3.196178e-01
3.196600e-01
3.197512e-01
3.197889e-01
3.198442e-01
3.198841e-01
3.199108e-01
3.200002e-01
3.200273e-01
3.201726e-01
3.202569e-01
3.202881e-01
3.203470e-01
3.203501e-01
3.204903e-01
3.205007e-01
3.205220e-01
3.206157e-01
3.206671e-01
3.207111e-01
3.208025e-01
3.208555e-01
3.209055e-01
3.209656e-01
3.210586e-01
3.210758e-01
3.211658e-01
3.211852e-01
3.212525e-01
3.212672e-01
3.213522e-01
3.214203e-01
3.214806e-01
3.215158e-01
3.215593e-01
3.217323e-01
3.217643e-01
3.218043e-01
3.218677e-01
3.219709e-01
3.219947e-01
3.220538e-01
3.221366e-01
3.221474e-01
3.222401e-01
3.223536e-01
3.223873e-01
3.224564e-01
3.224984e-01
3.225557e-01
3.226289e-01
3.228182e-01
3.228288e-01
3.228524e-01
3.228578e-01
3.229393e-01
3.229518e-01
3.229897e-01
3.230386e-01
3.231316e-01
3.232202e-01
3.232850e-01
3.233724e-01
3.234075e-01
3.234122e-01
3.235306e-01
3.235983e-01
3.236673e-01
3.238894e-01
3.239282e-01
3.239499e-01
3.239617e-01
3.240510e-01
3.241128e-01
3.241320e-01
3.242248e-01
3.242295e-01
3.243096e-01
3.243337e-01
3.243792e-01
3.245217e-01
3.245425e-01
3.246507e-01
3.246862e-01
3.247019e-01
3.247663e-01
3.248133e-01
3.248725e-01
3.249680e-01
3.250592e-01
3.251200e-01
3.251280e-01
3.252362e-01
3.253228e-01
3.253530e-01
3.253770e-01
3.253898e-01
3.254630e-01
3.256425e-01
3.256450e-01
3.258115e-01
3.258494e-01
3.258879e-01
3.259502e-01
3.260406e-01
3.260944e-01
3.261800e-01
3.261914e-01
3.262322e-01
3.263408e-01
3.264831e-01
3.265190e-01
3.265389e-01
3.265862e-01
3.266350e-01
3.266979e-01
3.267774e-01
3.267922e-01
3.268604e-01
3.269184e-01
3.269756e-01
3.269788e-01
3.270765e-01
3.271671e-01
3.272157e-01
3.273225e-01
3.273539e-01
3.274531e-01
3.274901e-01
3.275161e-01
3.276001e-01
3.276510e-01
3.276799e-01
3.277675e-01
3.278371e-01
3.278785e-01
3.279298e-01
3.280324e-01
3.281005e-01
3.282406e-01
3.282565e-01
3.283181e-01
3.284116e-01
3.284889e-01
3.285207e-01
3.285284e-01
3.286003e-01
3.287256e-01
3.287698e-01
3.287965e-01
3.288902e-01
3.289302e-01
3.289575e-01
3.290197e-01
3.290632e-01
3.290913e-01
3.291618e-01
3.292514e-01
3.293310e-01
3.293460e-01
3.293625e-01
3.294626e-01
3.295675e-01
3.296134e-01
3.297148e-01
3.297403e-01
3.298178e-01
3.298388e-01
3.299671e-01
3.300131e-01
3.300537e-01
3.301288e-01
3.301819e-01
3.302490e-01
3.304083e-01
3.304220e-01
3.304600e-01
3.305364e-01
3.305623e-01
3.306224e-01
3.307194e-01
3.307369e-01
3.307897e-01
3.309799e-01
3.310131e-01
3.310744e-01
3.310909e-01
3.311572e-01
3.311896e-01
3.312671e-01
3.313073e-01
3.314675e-01
3.314704e-01
3.315125e-01
3.315983e-01
3.316446e-01
3.317886e-01
3.318346e-01
3.318705e-01
3.319609e-01
3.320157e-01
3.320446e-01
3.321215e-01
3.321557e-01
3.322706e-01
3.323029e-01
3.323818e-01
3.324413e-01
3.325206e-01
3.325391e-01
3.326483e-01
3.326854e-01
3.327138e-01
3.327809e-01
3.328951e-01
3.329695e-01
3.329777e-01
3.330189e-01
3.331482e-01
3.331739e-01
3.332258e-01
3.332834e-01
3.333550e-01
3.334248e-01
3.335605e-01
3.335983e-01
3.336981e-01
3.337232e-01
3.337328e-01
3.337903e-01
3.338403e-01
3.338788e-01
3.338929e-01
3.339886e-01
3.340069e-01
3.340945e-01
3.341580e-01
3.342392e-01
3.342813e-01
3.343598e-01
3.343915e-01
3.344231e-01
3.344991e-01
3.345925e-01
3.346445e-01
3.346768e-01
3.346798e-01
3.347610e-01
3.347905e-01
3.349004e-01
3.349819e-01
3.349896e-01
3.350441e-01
3.352308e-01
3.353384e-01
3.354193e-01
3.354218e-01
3.354730e-01
3.355112e-01
3.355794e-01
3.356688e-01
3.357445e-01
3.358213e-01
3.358365e-01
3.359029e-01
3.360752e-01
3.361381e-01
3.361597e-01
3.361791e-01
3.361843e-01
3.363295e-01
3.363643e-01
3.364659e-01
3.364906e-01
3.365093e-01
3.366014e-01
3.366714e-01
3.367082e-01
3.367797e-01
3.367928e-01
3.368578e-01
3.369032e-01
3.370708e-01
3.371942e-01
3.372039e-01
3.372392e-01
3.372628e-01
3.373310e-01
3.373875e-01
3.374250e-01
3.374661e-01
3.374852e-01
3.376704e-01
3.377320e-01
3.377779e-01
3.379132e-01
3.379622e-01
3.379935e-01
3.381001e-01
3.381425e-01
3.381878e-01
3.382778e-01
3.382899e-01
3.383810e-01
3.384680e-01
3.385107e-01
3.385601e-01
3.385823e-01
3.386594e-01
3.388097e-01
3.388727e-01
3.389560e-01
3.389580e-01
3.390805e-01
3.391302e-01
3.391649e-01
3.392330e-01
3.392530e-01
3.392847e-01
3.393068e-01
3.393872e-01
3.394876e-01
3.395361e-01
3.396676e-01
3.397070e-01
3.397441e-01
3.398318e-01
3.398409e-01
3.398861e-01
3.400018e-01
3.401232e-01
3.401614e-01
3.402525e-01
3.402629e-01
3.403671e-01
3.404358e-01
3.404790e-01
3.405385e-01
3.406037e-01
3.406397e-01
3.407770e-01
3.408815e-01
3.409348e-01
3.409634e-01
3.410002e-01
3.410105e-01
3.410421e-01
3.412784e-01
3.412967e-01
3.413175e-01
3.414120e-01
3.414786e-01
3.415302e-01
3.416756e-01
3.416978e-01
3.417622e-01
3.419888e-01
3.419992e-01
3.420732e-01
3.421019e-01
3.421371e-01
3.421446e-01
3.422878e-01
3.423634e-01
3.425160e-01
3.425343e-01
3.425760e-01
3.427092e-01
3.427306e-01
3.427771e-01
3.428102e-01
3.428462e-01
3.429584e-01
3.429922e-01
3.430239e-01
3.430824e-01
3.431669e-01
3.432413e-01
3.432855e-01
3.433866e-01
3.434126e-01
3.434631e-01
3.436189e-01
3.436692e-01
3.437067e-01
3.437617e-01
3.437864e-01
3.438197e-01
3.439094e-01
3.440315e-01
3.440909e-01
3.441327e-01
3.441760e-01
3.442329e-01
3.442522e-01
3.444005e-01
3.444204e-01
3.444715e-01
3.445210e-01
3.446185e-01
3.446962e-01
3.447412e-01
3.447811e-01
3.448255e-01
3.449316e-01
3.450321e-01
3.450810e-01
3.451253e-01
3.451906e-01
3.452382e-01
3.452467e-01
3.453886e-01
3.453913e-01
3.454811e-01
3.455096e-01
3.456209e-01
3.457515e-01
3.458323e-01
3.458796e-01
3.459306e-01
3.459560e-01
3.460600e-01
3.461942e-01
3.462215e-01
3.462894e-01
3.463119e-01
3.463978e-01
3.464398e-01
3.464541e-01
3.464638e-01
3.465888e-01
3.466138e-01
3.468709e-01
3.469027e-01
3.469117e-01
3.471216e-01
3.471380e-01
3.471942e-01
3.472993e-01
3.473688e-01
3.474310e-01
3.474705e-01
3.474745e-01
3.475483e-01
3.476682e-01
3.477251e-01
3.477640e-01
3.477911e-01
3.478470e-01
3.478745e-01
3.479768e-01
3.479789e-01
3.480383e-01
3.480801e-01
3.481272e-01
3.483158e-01
3.483689e-01
3.483786e-01
3.484378e-01
3.485664e-01
3.485730e-01
3.486413e-01
3.486882e-01
3.487108e-01
3.487138e-01
3.488738e-01
3.489018e-01
3.489632e-01
3.489923e-01
3.490366e-01
3.490987e-01
3.491840e-01
3.493123e-01
3.493213e-01
3.495021e-01
3.495587e-01
3.496323e-01
3.496428e-01
3.497387e-01
3.498210e-01
3.498399e-01
3.499477e-01
3.500366e-01
3.500407e-01
3.502338e-01
3.503364e-01
3.503500e-01
3.503833e-01
3.504370e-01
3.505049e-01
3.505328e-01
3.506173e-01
3.506917e-01
3.507030e-01
3.507586e-01
3.508005e-01
3.508608e-01
3.508802e-01
3.510464e-01
3.510584e-01
3.511164e-01
3.511397e-01
3.512543e-01
3.513587e-01
3.513953e-01
3.514659e-01
3.514813e-01
3.515053e-01
3.516542e-01
3.517404e-01
3.517597e-01
3.518577e-01
3.519298e-01
3.519748e-01
3.520029e-01
3.520940e-01
3.521286e-01
3.522510e-01
3.522939e-01
3.523201e-01
3.523270e-01
3.524196e-01
3.524886e-01
3.525510e-01
3.525702e-01
3.525975e-01
3.527184e-01
3.528331e-01
3.528789e-01
3.529526e-01
3.530269e-01
3.530741e-01
3.532097e-01
3.532631e-01
3.533410e-01
3.534368e-01
3.534683e-01
3.535261e-01
3.536045e-01
3.536076e-01
3.537288e-01
3.538776e-01
3.538877e-01
3.539889e-01
3.540041e-01
3.541613e-01
3.542045e-01
3.542641e-01
3.542913e-01
3.544011e-01
3.544864e-01
3.545026e-01
3.545792e-01
3.546621e-01
3.546769e-01
3.548252e-01
3.549869e-01
3.550031e-01
3.550104e-01
3.551214e-01
3.552344e-01
3.552809e-01
3.552954e-01
3.554081e-01
3.554131e-01
3.555180e-01
3.556010e-01
3.556294e-01
3.556926e-01
3.557031e-01
3.558007e-01
3.558353e-01
3.559622e-01
3.559908e-01
3.560996e-01
3.561592e-01
3.562339e-01
3.562354e-01
3.562791e-01
3.563087e-01
3.564848e-01
3.564856e-01
3.566508e-01
3.566968e-01
3.567397e-01
3.569663e-01
3.569911e-01
3.570530e-01
3.571010e-01
3.571174e-01
3.571268e-01
3.571536e-01
3.572245e-01
3.572604e-01
3.575275e-01
3.575844e-01
3.576239e-01
3.577534e-01
3.578071e-01
3.578823e-01
3.579043e-01
3.579690e-01
3.580539e-01
3.580832e-01
3.581623e-01
3.581696e-01
3.582792e-01
3.583266e-01
3.584149e-01
3.584569e-01
3.584851e-01
3.586258e-01
3.586378e-01
3.586900e-01
3.586928e-01
3.587328e-01
3.587955e-01
3.588713e-01
3.589057e-01
3.589176e-01
3.590058e-01
3.591053e-01
3.591931e-01
3.592050e-01
3.592457e-01
3.593309e-01
3.593412e-01
3.594460e-01
3.594585e-01
3.596010e-01
3.596347e-01
3.597084e-01
3.598305e-01
3.598366e-01
3.598826e-01
3.599249e-01
3.599283e-01
3.601436e-01
3.602046e-01
3.603356e-01
3.603674e-01
3.604564e-01
3.604775e-01
3.605615e-01
3.606144e-01
3.606763e-01
3.607338e-01
3.608649e-01
3.610098e-01
3.610351e-01
3.610993e-01
3.611934e-01
3.612950e-01
3.613892e-01
3.613893e-01
3.613936e-01
3.614910e-01
3.615269e-01
3.615806e-01
3.616879e-01
3.617487e-01
3.617625e-01
3.619477e-01
3.619947e-01
3.620553e-01
3.620592e-01
3.620950e-01
3.621887e-01
3.623223e-01
3.623851e-01
3.623935e-01
3.625705e-01
3.625981e-01
3.626554e-01
3.627101e-01
3.627577e-01
3.628400e-01
3.628949e-01
3.629380e-01
3.630868e-01
3.631332e-01
3.631432e-01
3.631956e-01
3.632681e-01
3.633647e-01
3.634701e-01
3.635110e-01
3.635566e-01
3.636346e-01
3.636550e-01
3.636720e-01
3.637485e-01
3.637579e-01
3.639434e-01
3.639973e-01
3.640819e-01
3.641039e-01
3.641224e-01
3.643038e-01
3.643568e-01
3.644798e-01
3.645507e-01
3.646129e-01
3.646624e-01
3.646911e-01
3.647063e-01
3.647809e-01
3.649793e-01
3.650318e-01
3.651684e-01
3.651838e-01
3.652391e-01
3.652898e-01
3.653469e-01
3.653668e-01
3.654795e-01
3.655142e-01
3.655658e-01
3.656314e-01
3.657830e-01
3.658430e-01
3.659084e-01
3.659870e-01
3.660469e-01
3.661287e-01
3.661866e-01
3.662003e-01
3.663327e-01
3.663806e-01
3.664851e-01
3.665314e-01
3.665719e-01
3.665809e-01
3.666973e-01
3.667429e-01
3.668659e-01
3.669222e-01
3.669731e-01
3.670464e-01
3.672188e-01
3.672538e-01
3.672896e-01
3.673372e-01
3.673724e-01
3.674544e-01
3.675286e-01
3.675882e-01
3.677408e-01
3.677498e-01
3.677875e-01
3.678614e-01
3.679426e-01
3.680051e-01
3.680371e-01
3.681328e-01
3.681730e-01
3.682596e-01
3.683287e-01
3.683291e-01
3.684223e-01
3.685622e-01
3.686124e-01
3.687223e-01
3.687522e-01
3.688353e-01
3.689029e-01
3.689102e-01
3.689885e-01
3.690052e-01
3.691536e-01
3.692603e-01
3.693575e-01
3.694250e-01
3.695226e-01
3.695425e-01
3.695933e-01
3.696888e-01
3.697754e-01
3.697970e-01
3.699386e-01
3.699693e-01
3.700873e-01
3.701277e-01
3.702328e-01
3.703038e-01
3.703046e-01
3.703794e-01
3.703864e-01
3.704709e-01
3.705186e-01
3.705908e-01
3.706905e-01
3.707395e-01
3.708408e-01
3.709069e-01
3.709390e-01
3.709693e-01
3.711143e-01
3.712181e-01
3.713412e-01
3.713587e-01
3.713688e-01
3.715737e-01
3.716070e-01
3.716709e-01
3.717027e-01
3.717809e-01
3.718781e-01
3.719544e-01
3.720683e-01
3.720775e-01
3.721677e-01
3.723046e-01
3.723306e-01
3.723449e-01
3.724828e-01
3.726053e-01
3.726802e-01
3.727425e-01
3.727528e-01
3.728577e-01
3.729244e-01
3.730678e-01
3.730734e-01
3.732456e-01
3.732524e-01
3.732607e-01
3.733820e-01
3.735432e-01
3.735606e-01
3.736573e-01
3.737363e-01
3.737997e-01
3.738192e-01
3.738947e-01
3.739386e-01
3.739927e-01
3.741044e-01
3.742313e-01
3.742594e-01
3.742910e-01
3.743464e-01
3.743603e-01
3.744956e-01
3.745882e-01
3.746370e-01
3.746847e-01
3.747476e-01
3.748630e-01
3.748862e-01
3.749324e-01
3.750157e-01
3.750348e-01
3.751749e-01
3.752735e-01
3.752810e-01
3.753077e-01
3.753352e-01
3.754801e-01
3.755433e-01
3.755489e-01
3.756825e-01
3.756943e-01
3.757719e-01
3.758670e-01
3.758750e-01
3.759045e-01
3.760152e-01
3.761643e-01
3.762654e-01
3.762982e-01
3.763744e-01
3.763827e-01
3.765083e-01
3.765442e-01
3.765668e-01
3.767314e-01
3.768144e-01
3.769513e-01
3.770120e-01
3.770190e-01
3.771129e-01
3.771314e-01
3.771518e-01
3.772809e-01
3.773842e-01
3.773910e-01
3.774084e-01
3.775660e-01
3.776187e-01
3.777130e-01
3.778075e-01
3.778635e-01
3.778728e-01
3.779763e-01
3.780537e-01
3.781411e-01
3.781799e-01
3.783678e-01
3.783860e-01
3.783874e-01
3.784924e-01
3.786211e-01
3.786782e-01
3.787245e-01
3.787497e-01
3.788525e-01
3.788998e-01
3.789315e-01
3.789394e-01
3.791189e-01
3.791667e-01
3.792313e-01
3.792989e-01
3.793621e-01
3.794544e-01
3.795007e-01
3.796062e-01
3.796429e-01
3.796739e-01
3.797534e-01
3.799106e-01
3.801439e-01
3.801871e-01
3.801988e-01
3.802729e-01
3.802988e-01
3.804212e-01
3.804517e-01
3.804903e-01
3.805339e-01
3.805583e-01
3.806710e-01
3.806931e-01
3.808744e-01
3.809082e-01
3.810564e-01
3.810799e-01
3.810949e-01
3.811128e-01
3.812024e-01
3.812479e-01
3.812609e-01
3.813484e-01
3.814451e-01
3.815050e-01
3.815839e-01
3.816218e-01
3.817557e-01
3.817976e-01
3.819260e-01
3.820727e-01
3.820786e-01
3.821014e-01
3.822099e-01
3.822559e-01
3.822797e-01
3.823321e-01
3.823927e-01
3.825329e-01
3.827109e-01
3.827526e-01
3.827903e-01
3.828920e-01
3.830377e-01
3.831702e-01
3.831858e-01
3.832134e-01
3.833171e-01
3.833909e-01
3.834491e-01
3.834865e-01
3.835232e-01
3.836086e-01
3.836186e-01
3.836642e-01
3.836920e-01
3.838277e-01
3.839666e-01
3.839672e-01
3.840970e-01
3.841494e-01
3.843190e-01
3.843452e-01
3.844384e-01
3.844706e-01
3.845854e-01
3.845893e-01
3.846362e-01
3.846972e-01
3.848090e-01
3.849175e-01
3.849410e-01
3.849975e-01
3.850669e-01
3.851335e-01
3.851915e-01
3.852477e-01
3.853109e-01
3.853572e-01
3.854275e-01
3.854712e-01
3.855899e-01
3.856007e-01
3.856501e-01
3.856824e-01
3.858539e-01
3.859275e-01
3.861051e-01
3.861477e-01
3.862046e-01
3.862465e-01
3.864056e-01
3.864463e-01
3.864936e-01
3.865747e-01
3.866531e-01
3.867065e-01
3.868093e-01
3.869347e-01
3.870425e-01
3.870473e-01
3.870804e-01
3.871692e-01
3.873038e-01
3.873260e-01
3.873563e-01
3.873800e-01
3.874552e-01
3.874761e-01
3.875181e-01
3.876332e-01
3.876613e-01
3.876890e-01
3.877944e-01
3.879053e-01
3.879218e-01
3.880048e-01
3.880127e-01
3.880392e-01
3.883253e-01
3.883290e-01
3.884322e-01
3.885551e-01
3.885738e-01
3.886102e-01
3.887317e-01
3.887605e-01
3.888015e-01
3.888250e-01
3.889678e-01
3.889767e-01
3.890299e-01
3.893223e-01
3.893372e-01
3.893914e-01
3.894249e-01
3.896218e-01
3.896722e-01
3.897428e-01
3.897496e-01
3.898256e-01
3.899919e-01
3.900649e-01
3.900989e-01
3.901755e-01
3.901942e-01
3.902879e-01
3.903477e-01
3.904648e-01
3.904945e-01
3.905186e-01
3.905932e-01
3.905989e-01
3.907311e-01
3.908222e-01
3.908744e-01
3.909583e-01
3.910134e-01
3.910614e-01
3.912188e-01
3.912359e-01
3.913474e-01
3.913926e-01
3.914030e-01
3.915232e-01
3.915264e-01
3.916930e-01
3.917150e-01
3.917609e-01
3.918185e-01
3.918280e-01
3.919903e-01
3.920887e-01
3.921733e-01
3.921805e-01
3.923289e-01
3.924187e-01
3.924930e-01
3.925241e-01
3.926459e-01
3.926859e-01
3.928135e-01
3.929136e-01
3.929919e-01
3.931256e-01
3.931514e-01
3.932158e-01
3.932692e-01
3.933114e-01
3.933934e-01
3.934371e-01
3.935004e-01
3.937321e-01
3.938131e-01
3.938541e-01
3.938637e-01
3.939613e-01
3.940113e-01
3.940324e-01
3.941627e-01
3.941792e-01
3.943313e-01
3.943382e-01
3.944757e-01
3.945818e-01
3.946149e-01
3.946327e-01
3.946861e-01
3.948092e-01
3.948598e-01
3.948766e-01
3.950783e-01
3.951129e-01
3.952021e-01
3.952100e-01
3.953034e-01
3.953512e-01
3.954180e-01
3.954973e-01
3.955305e-01
3.957016e-01
3.957183e-01
3.958355e-01
3.958773e-01
3.960152e-01
3.960494e-01
3.960534e-01
3.962743e-01
3.963912e-01
3.964558e-01
3.964941e-01
3.965464e-01
3.966049e-01
3.967147e-01
3.967657e-01
3.968375e-01
3.969101e-01
3.969761e-01
3.969812e-01
3.971223e-01
3.971571e-01
3.971761e-01
3.972955e-01
3.973593e-01
3.973677e-01
3.973943e-01
3.975775e-01
3.975939e-01
3.976850e-01
3.977335e-01
3.977811e-01
3.978422e-01
3.979454e-01
3.979739e-01
3.981597e-01
3.981689e-01
3.982664e-01
3.983548e-01
3.984079e-01
3.984123e-01
3.985495e-01
3.985603e-01
3.986653e-01
3.988904e-01
3.988978e-01
3.990912e-01
3.991454e-01
3.991801e-01
3.992264e-01
3.993114e-01
3.993771e-01
3.993999e-01
3.995199e-01
3.995326e-01
3.996674e-01
3.996932e-01
3.997183e-01
3.997943e-01
3.998051e-01
3.998882e-01
3.999406e-01
4.000685e-01
4.001776e-01
4.002378e-01
4.003626e-01
4.004021e-01
4.005511e-01
4.006303e-01
4.006467e-01
4.007986e-01
4.008340e-01
4.009182e-01
4.009443e-01
4.010892e-01
4.011596e-01
4.012590e-01
4.012995e-01
4.014398e-01
4.014842e-01
4.014948e-01
4.015984e-01
4.017033e-01
4.017382e-01
4.017535e-01
4.018301e-01
4.018850e-01
4.020350e-01
4.020691e-01
4.021085e-01
4.022367e-01
4.023060e-01
4.024459e-01
4.024765e-01
4.024869e-01
4.025724e-01
4.026482e-01
4.027590e-01
4.028197e-01
4.028968e-01
4.030531e-01
4.031173e-01
4.031999e-01
4.032082e-01
4.033108e-01
4.034208e-01
4.034773e-01
4.035039e-01
4.036521e-01
4.036719e-01
4.037740e-01
4.038125e-01
4.039007e-01
4.039754e-01
4.040291e-01
4.042029e-01
4.042279e-01
4.043228e-01
4.044136e-01
4.044741e-01
4.045250e-01
4.045370e-01
4.046750e-01
4.047487e-01
4.049065e-01
4.050410e-01
4.050722e-01
4.051296e-01
4.052282e-01
4.053472e-01
4.054283e-01
4.054835e-01
4.055384e-01
4.056083e-01
4.056493e-01
4.057904e-01
4.058670e-01
4.058930e-01
4.059679e-01
4.059918e-01
4.060570e-01
4.061293e-01
4.062565e-01
4.062815e-01
4.063882e-01
4.065107e-01
4.065604e-01
4.066343e-01
4.066873e-01
4.067934e-01
4.069275e-01
4.069764e-01
4.071109e-01
4.071634e-01
4.072189e-01
4.072356e-01
4.073058e-01
4.074242e-01
4.074787e-01
4.075844e-01
4.075921e-01
4.077110e-01
4.078548e-01
4.078762e-01
4.079924e-01
4.080707e-01
4.081936e-01
4.083404e-01
4.083520e-01
4.084642e-01
4.084800e-01
4.085955e-01
4.086345e-01
4.086536e-01
4.088012e-01
4.088088e-01
4.088856e-01
4.091512e-01
4.091742e-01
4.092193e-01
4.092786e-01
4.093039e-01
4.095272e-01
4.095446e-01
4.096448e-01
4.096918e-01
4.098136e-01
4.099383e-01
4.099574e-01
4.099869e-01
4.101488e-01
4.102030e-01
4.102721e-01
4.102958e-01
4.103815e-01
4.104360e-01
4.104725e-01
4.105688e-01
4.106113e-01
4.106932e-01
4.107291e-01
4.108305e-01
4.109760e-01
4.110237e-01
4.111742e-01
4.111839e-01
4.112272e-01
4.112910e-01
4.113113e-01
4.114392e-01
4.116144e-01
4.117528e-01
4.117817e-01
4.118329e-01
4.119338e-01
4.120269e-01
4.120942e-01
4.121339e-01
4.121757e-01
4.123565e-01
4.123638e-01
4.124181e-01
4.124851e-01
4.125305e-01
4.127168e-01
4.127832e-01
4.128250e-01
4.130089e-01
4.130739e-01
4.131364e-01
4.132012e-01
4.132406e-01
4.134102e-01
4.134509e-01
4.135735e-01
4.135976e-01
4.136564e-01
4.136827e-01
4.138417e-01
4.139500e-01
4.139873e-01
4.140395e-01
4.140686e-01
4.141450e-01
4.141909e-01
4.142562e-01
4.143103e-01
4.143784e-01
4.144239e-01
4.145073e-01
4.146408e-01
4.147394e-01
4.148942e-01
4.149255e-01
4.149382e-01
4.150277e-01
4.150384e-01
4.151179e-01
4.154223e-01
4.154362e-01
4.154506e-01
4.156235e-01
4.156898e-01
4.157055e-01
4.158294e-01
4.159069e-01
4.160024e-01
4.161099e-01
4.162604e-01
4.162905e-01
4.163954e-01
4.164132e-01
4.165206e-01
4.165751e-01
4.166743e-01
4.167388e-01
4.168175e-01
4.168527e-01
4.169389e-01
4.170218e-01
4.171857e-01
4.173050e-01
4.173279e-01
4.173787e-01
4.175252e-01
4.175765e-01
4.177090e-01
4.178060e-01
4.178189e-01
4.179299e-01
4.179658e-01
4.180031e-01
4.181128e-01
4.181738e-01
4.183220e-01
4.183512e-01
4.183663e-01
4.185192e-01
4.186119e-01
4.186676e-01
4.187211e-01
4.187502e-01
4.188243e-01
4.189699e-01
4.190105e-01
4.191460e-01
4.191684e-01
4.192076e-01
4.193321e-01
4.193477e-01
4.194031e-01
4.194951e-01
4.195567e-01
4.197182e-01
4.197383e-01
4.198123e-01
4.198367e-01
4.199006e-01
4.199671e-01
4.200698e-01
4.201258e-01
4.201851e-01
4.202948e-01
4.203155e-01
4.204384e-01
4.206346e-01
4.206842e-01
4.207375e-01
4.207658e-01
4.208011e-01
4.208435e-01
4.210033e-01
4.212741e-01
4.212933e-01
4.213555e-01
4.215144e-01
4.215500e-01
4.216095e-01
4.216885e-01
4.217167e-01
4.217632e-01
4.218827e-01
4.219692e-01
4.219883e-01
4.220255e-01
4.221010e-01
4.222420e-01
4.222594e-01
4.223880e-01
4.224039e-01
4.224719e-01
4.225818e-01
4.227203e-01
4.228789e-01
4.229626e-01
4.230492e-01
4.231557e-01
4.232487e-01
4.232940e-01
4.233875e-01
4.234546e-01
4.234823e-01
4.235279e-01
4.235817e-01
4.237370e-01
4.238181e-01
4.238810e-01
4.239377e-01
4.239739e-01
4.240769e-01
4.241379e-01
4.241991e-01
4.242843e-01
4.243672e-01
4.245270e-01
4.245583e-01
4.245908e-01
4.246073e-01
4.247505e-01
4.248343e-01
4.248733e-01
4.248960e-01
4.250370e-01
4.253014e-01
4.253659e-01
4.254250e-01
4.254863e-01
4.255255e-01
4.257338e-01
4.257553e-01
4.258267e-01
4.259140e-01
4.259504e-01
4.260913e-01
4.261101e-01
4.262313e-01
4.262760e-01
4.263127e-01
4.264170e-01
4.264636e-01
4.265765e-01
4.266619e-01
4.267028e-01
4.267775e-01
4.268098e-01
4.268860e-01
4.269666e-01
4.270050e-01
4.270396e-01
4.271531e-01
4.273324e-01
4.274518e-01
4.274912e-01
4.275796e-01
4.276922e-01
4.278206e-01
4.278873e-01
4.279158e-01
4.279736e-01
4.279996e-01
4.280170e-01
4.281314e-01
4.281697e-01
4.282848e-01
4.283097e-01
4.283711e-01
4.284736e-01
4.285714e-01
4.285856e-01
4.286537e-01
4.287192e-01
4.287426e-01
4.289223e-01
4.291469e-01
4.292204e-01
4.293185e-01
4.294499e-01
4.294633e-01
4.294807e-01
4.295665e-01
4.296453e-01
4.297290e-01
4.298710e-01
4.299710e-01
4.299972e-01
4.301078e-01
4.301704e-01
4.301802e-01
4.303998e-01
4.304760e-01
4.304855e-01
4.307071e-01
4.307581e-01
4.308788e-01
4.308843e-01
4.309534e-01
4.310965e-01
4.311231e-01
4.311929e-01
4.313555e-01
4.313850e-01
4.314234e-01
4.315523e-01
4.316023e-01
4.316312e-01
4.317345e-01
4.318571e-01
4.318932e-01
4.319283e-01
4.320700e-01
4.321875e-01
4.322458e-01
4.323709e-01
4.323933e-01
4.324923e-01
4.325153e-01
4.325865e-01
4.326265e-01
4.327078e-01
4.329313e-01
4.330612e-01
4.332610e-01
4.332741e-01
4.333387e-01
4.333562e-01
4.334719e-01
4.335112e-01
4.336372e-01
4.337043e-01
4.337253e-01
4.337898e-01
4.338485e-01
4.339113e-01
4.341822e-01
4.341932e-01
4.342644e-01
4.343415e-01
4.345746e-01
4.346081e-01
4.347204e-01
4.347909e-01
4.348430e-01
4.348769e-01
4.350210e-01
4.350557e-01
4.351641e-01
4.351908e-01
4.353050e-01
4.353522e-01
4.354174e-01
4.355636e-01
4.355760e-01
4.357948e-01
4.358087e-01
4.358412e-01
4.359644e-01
4.360479e-01
4.361208e-01
4.362650e-01
4.363038e-01
4.363170e-01
4.363851e-01
4.365653e-01
4.366892e-01
4.368054e-01
4.368558e-01
4.369851e-01
4.370188e-01
4.371621e-01
4.371982e-01
4.372570e-01
4.373740e-01
4.374120e-01
4.374979e-01
4.376739e-01
4.376873e-01
4.377653e-01
4.379032e-01
4.379861e-01
4.380612e-01
4.381310e-01
4.382597e-01
4.383029e-01
4.384215e-01
4.385170e-01
4.385664e-01
4.386684e-01
4.386972e-01
4.387294e-01
4.387560e-01
4.389350e-01
4.390277e-01
4.390550e-01
4.392305e-01
4.392478e-01
4.393728e-01
4.394690e-01
4.394990e-01
4.395350e-01
4.395674e-01
4.396400e-01
4.397142e-01
4.397766e-01
4.400696e-01
4.400908e-01
4.401949e-01
4.403211e-01
4.403901e-01
4.404780e-01
4.405616e-01
4.405933e-01
4.407090e-01
4.409049e-01
4.409345e-01
4.410860e-01
4.411283e-01
4.411991e-01
4.413428e-01
4.414533e-01
4.416230e-01
4.416603e-01
4.416715e-01
4.417938e-01
4.418631e-01
4.419845e-01
4.420276e-01
4.420381e-01
4.420632e-01
4.421161e-01
4.422623e-01
4.422776e-01
4.423349e-01
4.424688e-01
4.426782e-01
4.427119e-01
4.427249e-01
4.428936e-01
4.429647e-01
4.431040e-01
4.431751e-01
4.432821e-01
4.433449e-01
4.433992e-01
4.435716e-01
4.436170e-01
4.436922e-01
4.438408e-01
4.438992e-01
4.439201e-01
4.440687e-01
4.441137e-01
4.441841e-01
4.442355e-01
4.443689e-01
4.444296e-01
4.444472e-01
4.445820e-01
4.447711e-01
4.448245e-01
4.449574e-01
4.449921e-01
4.451695e-01
4.452887e-01
4.453366e-01
4.454241e-01
4.454804e-01
4.456102e-01
4.457267e-01
4.457754e-01
4.458300e-01
4.458946e-01
4.460120e-01
4.460734e-01
4.461986e-01
4.462055e-01
4.462720e-01
4.463980e-01
4.465663e-01
4.465912e-01
4.467141e-01
4.468428e-01
4.469946e-01
4.471619e-01
4.471765e-01
4.472728e-01
4.473155e-01
4.474090e-01
4.475445e-01
4.477234e-01
4.477384e-01
4.478462e-01
4.478846e-01
4.479294e-01
4.481845e-01
4.482215e-01
4.483745e-01
4.484610e-01
4.485242e-01
4.485689e-01
4.486298e-01
4.486645e-01
4.486913e-01
4.488735e-01
4.488775e-01
4.489856e-01
4.490129e-01
4.491080e-01
4.491765e-01
4.492060e-01
4.494067e-01
4.494744e-01
4.495654e-01
4.496081e-01
4.496276e-01
4.498675e-01
4.499087e-01
4.500996e-01
4.501200e-01
4.502354e-01
4.503133e-01
4.503863e-01
4.505094e-01
4.505908e-01
4.506120e-01
4.508222e-01
4.508596e-01
4.510133e-01
4.510449e-01
4.511007e-01
4.511969e-01
4.512239e-01
4.512923e-01
4.512965e-01
4.514981e-01
4.515468e-01
4.516576e-01
4.517319e-01
4.517941e-01
4.518574e-01
4.519403e-01
4.520848e-01
4.521196e-01
4.521304e-01
4.522722e-01
4.523506e-01
4.523753e-01
4.525811e-01
4.526649e-01
4.527270e-01
4.528394e-01
4.529079e-01
4.529295e-01
4.530431e-01
4.531149e-01
4.532942e-01
4.533132e-01
4.534375e-01
4.535379e-01
4.536604e-01
4.537226e-01
4.537772e-01
4.538531e-01
4.538767e-01
4.539128e-01
4.540352e-01
4.540679e-01
4.542017e-01
4.543582e-01
4.544168e-01
4.544788e-01
4.545298e-01
4.547705e-01
4.548245e-01
4.548970e-01
4.549034e-01
4.549261e-01
4.549822e-01
4.550845e-01
4.551227e-01
4.551923e-01
4.553170e-01
4.554395e-01
4.554887e-01
4.556036e-01
4.557005e-01
4.559347e-01
4.560419e-01
4.561200e-01
4.562404e-01
4.563589e-01
4.564265e-01
4.565833e-01
4.566515e-01
4.566644e-01
4.567303e-01
4.568063e-01
4.568926e-01
4.569287e-01
4.570166e-01
4.570436e-01
4.571647e-01
4.573015e-01
4.573515e-01
4.574506e-01
4.574625e-01
4.575185e-01
4.575954e-01
4.577521e-01
4.577856e-01
4.579371e-01
4.580020e-01
4.581149e-01
4.582004e-01
4.582143e-01
4.582717e-01
4.585511e-01
4.585867e-01
4.587040e-01
4.587435e-01
4.588283e-01
4.589385e-01
4.589652e-01
4.590050e-01
4.590938e-01
4.592344e-01
4.592668e-01
4.594579e-01
4.595097e-01
4.595421e-01
4.596881e-01
4.598021e-01
4.599320e-01
4.600174e-01
4.600650e-01
4.601440e-01
4.602872e-01
4.603088e-01
4.603225e-01
4.605306e-01
4.606383e-01
4.606758e-01
4.608260e-01
4.608920e-01
4.610027e-01
4.611273e-01
4.612555e-01
4.612930e-01
4.613574e-01
4.613645e-01
4.614045e-01
4.616314e-01
4.616758e-01
4.617322e-01
4.618362e-01
4.620362e-01
4.620551e-01
4.622100e-01
4.622398e-01
4.622699e-01
4.625148e-01
4.626335e-01
4.627760e-01
4.627805e-01
4.628713e-01
4.629360e-01
4.631335e-01
4.632453e-01
4.632765e-01
4.633581e-01
4.633669e-01
4.635010e-01
4.636928e-01
4.638333e-01
4.638634e-01
4.639222e-01
4.639983e-01
4.641048e-01
4.641457e-01
4.642586e-01
4.644017e-01
4.645075e-01
4.645962e-01
4.646429e-01
4.646913e-01
4.648660e-01
4.649522e-01
4.649732e-01
4.650030e-01
4.651019e-01
4.652135e-01
4.652663e-01
4.654930e-01
4.655382e-01
4.655891e-01
4.656713e-01
4.657168e-01
4.657913e-01
4.658068e-01
4.658937e-01
4.659862e-01
4.661164e-01
4.661615e-01
4.663688e-01
4.664789e-01
4.664830e-01
4.665737e-01
4.666239e-01
4.668880e-01
4.668992e-01
4.670117e-01
4.671676e-01
4.672385e-01
4.672629e-01
4.673197e-01
4.675054e-01
4.676543e-01
4.676994e-01
4.678048e-01
4.678607e-01
4.679034e-01
4.679302e-01
4.682079e-01
4.682431e-01
4.683033e-01
4.684700e-01
4.686366e-01
4.686767e-01
4.687257e-01
4.687914e-01
4.688770e-01
4.690577e-01
4.690988e-01
4.691941e-01
4.693118e-01
4.694304e-01
4.694476e-01
4.696804e-01
4.698256e-01
4.699569e-01
4.700024e-01
4.701766e-01
4.702503e-01
4.702784e-01
4.703921e-01
4.704719e-01
4.706908e-01
4.707773e-01
4.709278e-01
4.710529e-01
4.710960e-01
4.711218e-01
4.712291e-01
4.712835e-01
4.712931e-01
4.713187e-01
4.714164e-01
4.714751e-01
4.715384e-01
4.716754e-01
4.717676e-01
4.718506e-01
4.721470e-01
4.721850e-01
4.723602e-01
4.724416e-01
4.725999e-01
4.727363e-01
4.727564e-01
4.728098e-01
4.729336e-01
4.729441e-01
4.729937e-01
4.731412e-01
4.732523e-01
4.734268e-01
4.735064e-01
4.735910e-01
4.736119e-01
4.737670e-01
4.739900e-01
4.740600e-01
4.740821e-01
4.742426e-01
4.743314e-01
4.743922e-01
4.744577e-01
4.745518e-01
4.746810e-01
4.747180e-01
4.749263e-01
4.749844e-01
4.750993e-01
4.751164e-01
4.752573e-01
4.753921e-01
4.754078e-01
4.755324e-01
4.755754e-01
4.756191e-01
4.756530e-01
4.759214e-01
4.760316e-01
4.761152e-01
4.762046e-01
4.762613e-01
4.763753e-01
4.764241e-01
4.764396e-01
4.767173e-01
4.767789e-01
4.767813e-01
4.769816e-01
4.771304e-01
4.771769e-01
4.772783e-01
4.775129e-01
4.775748e-01
4.777236e-01
4.778175e-01
4.779507e-01
4.780501e-01
4.781563e-01
4.782183e-01
4.782448e-01
4.785101e-01
4.785613e-01
4.786994e-01
4.787243e-01
4.788420e-01
4.788968e-01
4.789707e-01
4.790380e-01
4.792127e-01
4.792446e-01
4.793689e-01
4.794271e-01
4.795695e-01
4.796325e-01
4.796913e-01
4.797161e-01
4.799350e-01
4.799919e-01
4.800448e-01
4.802975e-01
4.803102e-01
4.803376e-01
4.803691e-01
4.806214e-01
4.806398e-01
4.807028e-01
4.808516e-01
4.809395e-01
4.810002e-01
4.811076e-01
4.811203e-01
4.812357e-01
4.813879e-01
4.814492e-01
4.816040e-01
4.817207e-01
4.817637e-01
4.817866e-01
4.818206e-01
4.819154e-01
4.821068e-01
4.821268e-01
4.821587e-01
4.821878e-01
4.822657e-01
4.826414e-01
4.826993e-01
4.827443e-01
4.827570e-01
4.828415e-01
4.829110e-01
4.831208e-01
4.833117e-01
4.833453e-01
4.834926e-01
4.835462e-01
4.835960e-01
4.837038e-01
4.838104e-01
4.842050e-01
4.842991e-01
4.844999e-01
4.845592e-01
4.846371e-01
4.846536e-01
4.847102e-01
4.848500e-01
4.848952e-01
4.850259e-01
4.851429e-01
4.851803e-01
4.853413e-01
4.854793e-01
4.855925e-01
4.856572e-01
4.857280e-01
4.859277e-01
4.859591e-01
4.860051e-01
4.861993e-01
4.863310e-01
4.864220e-01
4.865276e-01
4.866264e-01
4.866956e-01
4.868350e-01
4.869102e-01
4.869658e-01
4.871354e-01
4.872540e-01
4.873517e-01
4.874828e-01
4.875673e-01
4.876516e-01
4.878567e-01
4.880418e-01
4.880655e-01
4.880972e-01
4.882586e-01
4.883234e-01
4.885103e-01
4.885942e-01
4.886168e-01
4.887549e-01
4.887820e-01
4.889119e-01
4.889515e-01
4.890467e-01
4.891025e-01
4.891875e-01
4.892144e-01
4.893029e-01
4.894457e-01
4.895101e-01
4.896756e-01
4.897795e-01
4.898394e-01
4.898901e-01
4.899147e-01
4.899890e-01
4.901058e-01
4.902119e-01
4.902750e-01
4.903809e-01
4.904924e-01
4.905757e-01
4.907987e-01
4.908328e-01
4.910340e-01
4.910759e-01
4.910867e-01
4.911651e-01
4.912289e-01
4.914870e-01
4.915538e-01
4.915981e-01
4.916838e-01
4.917801e-01
4.918887e-01
4.919821e-01
4.920471e-01
4.921209e-01
4.922767e-01
4.922970e-01
4.924457e-01
4.926164e-01
4.928041e-01
4.928919e-01
4.930509e-01
4.930975e-01
4.932001e-01
4.932854e-01
4.932862e-01
4.934361e-01
4.936212e-01
4.936981e-01
4.938488e-01
4.938919e-01
4.940094e-01
4.940630e-01
4.940868e-01
4.942442e-01
4.943900e-01
4.944065e-01
4.945413e-01
4.947256e-01
4.948139e-01
4.949179e-01
4.950579e-01
4.951834e-01
4.952572e-01
4.954180e-01
4.955037e-01
4.955324e-01
4.956820e-01
4.957062e-01
4.958172e-01
4.958275e-01
4.958854e-01
4.961425e-01
4.962291e-01
4.964199e-01
4.965684e-01
4.967435e-01
4.968248e-01
4.970178e-01
4.970379e-01
4.971777e-01
4.972449e-01
4.973413e-01
4.973577e-01
4.973875e-01
4.977160e-01
4.978243e-01
4.979738e-01
4.980026e-01
4.980730e-01
4.981397e-01
4.984861e-01
4.986523e-01
4.987673e-01
4.987939e-01
4.989491e-01
4.990089e-01
4.991493e-01
4.991803e-01
4.992766e-01
4.993742e-01
4.994828e-01
4.995347e-01
4.996607e-01
4.997600e-01
5.000474e-01
5.000769e-01
5.003337e-01
5.003885e-01
5.004128e-01
5.004653e-01
5.005369e-01
5.007479e-01
5.009132e-01
5.009493e-01
5.009655e-01
5.012364e-01
5.012998e-01
5.015531e-01
5.015877e-01
5.016309e-01
5.017234e-01
5.018791e-01
5.019129e-01
5.019860e-01
5.020470e-01
5.020779e-01
5.022007e-01
5.024827e-01
5.025026e-01
5.026520e-01
5.028413e-01
5.028755e-01
5.029942e-01
5.030341e-01
5.030542e-01
5.032367e-01
5.032660e-01
5.033751e-01
5.036578e-01
5.036764e-01
5.037429e-01
5.038022e-01
5.040001e-01
5.040099e-01
5.041048e-01
5.042208e-01
5.043979e-01
5.044597e-01
5.045565e-01
5.045848e-01
5.046174e-01
5.048231e-01
5.049964e-01
5.050188e-01
5.050859e-01
5.051301e-01
5.053980e-01
5.054692e-01
5.055525e-01
5.055961e-01
5.059373e-01
5.060461e-01
5.060701e-01
5.060928e-01
5.061418e-01
5.063984e-01
5.066020e-01
5.066310e-01
5.067966e-01
5.069412e-01
5.069812e-01
5.070695e-01
5.071523e-01
5.073076e-01
5.073637e-01
5.073775e-01
5.075496e-01
5.075957e-01
5.076935e-01
5.077532e-01
5.079216e-01
5.081872e-01
5.082578e-01
5.083955e-01
5.084247e-01
5.084493e-01
5.087254e-01
5.088727e-01
5.090048e-01
5.091885e-01
5.092052e-01
5.093351e-01
5.095158e-01
5.095839e-01
5.096183e-01
5.097460e-01
5.098744e-01
5.099177e-01
5.100182e-01
5.101502e-01
5.102266e-01
5.103449e-01
5.104449e-01
5.106169e-01
5.106547e-01
5.109078e-01
5.110027e-01
5.110614e-01
5.112079e-01
5.113613e-01
5.114925e-01
5.117695e-01
5.117797e-01
5.118301e-01
5.120959e-01
5.122163e-01
5.122344e-01
5.124514e-01
5.124798e-01
5.126195e-01
5.126265e-01
5.128955e-01
5.129268e-01
5.130271e-01
5.130931e-01
5.133902e-01
5.135555e-01
5.136544e-01
5.139041e-01
5.139865e-01
5.141114e-01
5.141269e-01
5.142240e-01
5.143973e-01
5.145127e-01
5.145315e-01
5.146392e-01
5.146655e-01
5.148715e-01
5.148928e-01
5.149690e-01
5.152910e-01
5.154241e-01
5.154341e-01
5.156317e-01
5.157699e-01
5.158607e-01
5.159850e-01
5.161591e-01
5.162708e-01
5.163369e-01
5.164618e-01
5.165587e-01
5.167281e-01
5.167996e-01
5.169555e-01
5.171226e-01
5.172259e-01
5.173891e-01
5.174291e-01
5.174569e-01
5.176636e-01
5.179226e-01
5.179621e-01
5.180177e-01
5.181071e-01
5.182877e-01
5.183070e-01
5.183941e-01
5.185921e-01
5.186356e-01
5.187529e-01
5.188362e-01
5.188494e-01
5.190712e-01
5.191592e-01
5.191885e-01
5.192522e-01
5.193685e-01
5.195657e-01
5.197840e-01
5.198413e-01
5.199404e-01
5.201047e-01
5.201462e-01
5.202004e-01
5.203704e-01
5.204388e-01
5.205362e-01
5.207321e-01
5.207644e-01
5.208670e-01
5.210284e-01
5.213163e-01
5.213782e-01
5.214616e-01
5.216295e-01
5.216688e-01
5.220110e-01
5.220694e-01
5.221597e-01
5.222530e-01
5.225310e-01
5.226200e-01
5.227259e-01
5.227577e-01
5.227975e-01
5.229044e-01
5.230647e-01
5.233852e-01
5.234143e-01
5.234381e-01
5.235447e-01
5.238359e-01
5.238713e-01
5.239601e-01
5.240592e-01
5.240869e-01
5.244064e-01
5.244393e-01
5.246536e-01
5.247280e-01
5.249434e-01
5.249512e-01
5.250706e-01
5.252334e-01
5.254001e-01
5.254096e-01
5.256751e-01
5.258337e-01
5.258812e-01
5.259399e-01
5.260128e-01
5.261060e-01
5.262122e-01
5.262826e-01
5.263516e-01
5.264354e-01
5.265364e-01
5.267199e-01
5.267805e-01
5.269478e-01
5.270141e-01
5.271100e-01
5.271755e-01
5.274451e-01
5.275076e-01
5.277247e-01
5.277854e-01
5.279773e-01
5.280319e-01
5.282018e-01
5.282686e-01
5.284754e-01
5.285129e-01
5.287701e-01
5.288018e-01
5.289214e-01
5.290313e-01
5.291328e-01
5.292790e-01
5.294692e-01
5.295791e-01
5.296656e-01
5.297104e-01
5.299009e-01
5.300430e-01
5.300568e-01
5.301815e-01
5.302032e-01
5.304037e-01
5.305179e-01
5.305815e-01
5.309018e-01
5.309171e-01
5.309916e-01
5.312095e-01
5.313552e-01
5.316208e-01
5.316556e-01
5.317771e-01
5.319229e-01
5.321636e-01
5.321773e-01
5.322374e-01
5.323578e-01
5.325137e-01
5.325631e-01
5.326400e-01
5.326515e-01
5.329063e-01
5.331789e-01
5.332371e-01
5.332839e-01
5.333179e-01
5.334396e-01
5.335770e-01
5.337622e-01
5.337860e-01
5.338124e-01
5.341471e-01
5.341715e-01
5.342961e-01
5.343430e-01
5.345799e-01
5.346244e-01
5.347348e-01
5.347665e-01
5.349052e-01
5.350060e-01
5.350596e-01
5.352834e-01
5.354475e-01
5.356047e-01
5.356312e-01
5.356536e-01
5.358097e-01
5.359007e-01
5.362021e-01
5.363501e-01
5.364185e-01
5.365117e-01
5.365991e-01
5.367856e-01
5.369743e-01
5.370078e-01
5.373792e-01
5.375425e-01
5.377076e-01
5.377896e-01
5.378807e-01
5.379030e-01
5.380514e-01
5.381582e-01
5.382971e-01
5.383651e-01
5.386075e-01
5.387643e-01
5.388604e-01
5.389240e-01
5.391592e-01
5.391755e-01
5.393166e-01
5.394791e-01
5.395606e-01
5.397456e-01
5.397890e-01
5.398586e-01
5.398882e-01
5.399476e-01
5.407153e-01
5.407712e-01
5.409625e-01
5.411325e-01
5.413164e-01
5.413365e-01
5.414676e-01
5.414869e-01
5.415436e-01
5.417632e-01
5.419374e-01
5.420320e-01
5.421363e-01
5.422668e-01
5.423232e-01
5.426117e-01
5.428088e-01
5.428239e-01
5.429150e-01
5.429744e-01
5.431675e-01
5.432866e-01
5.433686e-01
5.435779e-01
5.436044e-01
5.437158e-01
5.438469e-01
5.439015e-01
5.440793e-01
5.444020e-01
5.444255e-01
5.446366e-01
5.446530e-01
5.447790e-01
5.451060e-01
5.452157e-01
5.452492e-01
5.453438e-01
5.456020e-01
5.456769e-01
5.457696e-01
5.458565e-01
5.460104e-01
5.462168e-01
5.463546e-01
5.464697e-01
5.466118e-01
5.470137e-01
5.470294e-01
5.472324e-01
5.474968e-01
5.476359e-01
5.477682e-01
5.478423e-01
5.479083e-01
5.479828e-01
5.480611e-01
5.480772e-01
5.482401e-01
5.483748e-01
5.486724e-01
5.489366e-01
5.491436e-01
5.492341e-01
5.492759e-01
5.494108e-01
5.494792e-01
5.495709e-01
5.496607e-01
5.497933e-01
5.499789e-01
5.499987e-01
5.502599e-01
5.503643e-01
5.504477e-01
5.505844e-01
5.507951e-01
5.508560e-01
5.509008e-01
5.511438e-01
5.512110e-01
5.514028e-01
5.514317e-01
5.515914e-01
5.517795e-01
5.520149e-01
5.521166e-01
5.522117e-01
5.524864e-01
5.525147e-01
5.525753e-01
5.526663e-01
5.529500e-01
5.531819e-01
5.532417e-01
5.534204e-01
5.537497e-01
5.538280e-01
5.539158e-01
5.541292e-01
5.542307e-01
5.543106e-01
5.543925e-01
5.545929e-01
5.546024e-01
5.548259e-01
5.548508e-01
5.552432e-01
5.553218e-01
5.554712e-01
5.555073e-01
5.555713e-01
5.557578e-01
5.559137e-01
5.560524e-01
5.561550e-01
5.562652e-01
5.563774e-01
5.565534e-01
5.568499e-01
5.568922e-01
5.569708e-01
5.571901e-01
5.573255e-01
5.575370e-01
5.576317e-01
5.576867e-01
5.578423e-01
5.580671e-01
5.580986e-01
5.581807e-01
5.582768e-01
5.584490e-01
5.584795e-01
5.586266e-01
5.590114e-01
5.591604e-01
5.592033e-01
5.593381e-01
5.596134e-01
5.597622e-01
5.597924e-01
5.600578e-01
5.603545e-01
5.605130e-01
5.605228e-01
5.606060e-01
5.606480e-01
5.607965e-01
5.610651e-01
5.611101e-01
5.613181e-01
5.613838e-01
5.615768e-01
5.617008e-01
5.619157e-01
5.619375e-01
5.620473e-01
5.621394e-01
5.622353e-01
5.623951e-01
5.626051e-01
5.626401e-01
5.629426e-01
5.631210e-01
5.632005e-01
5.633807e-01
5.635028e-01
5.637003e-01
5.639208e-01
5.639872e-01
5.640315e-01
5.644230e-01
5.644719e-01
5.645397e-01
5.647602e-01
5.649111e-01
5.650299e-01
5.651233e-01
5.651640e-01
5.653015e-01
5.654006e-01
5.654889e-01
5.656666e-01
5.657324e-01
5.657902e-01
5.662428e-01
5.664671e-01
5.665778e-01
5.666428e-01
5.666635e-01
5.668859e-01
5.669223e-01
5.671569e-01
5.674760e-01
5.675225e-01
5.675932e-01
5.676327e-01
5.679619e-01
5.681402e-01
5.682135e-01
5.684192e-01
5.684738e-01
5.686135e-01
5.687217e-01
5.689002e-01
5.690296e-01
5.691534e-01
5.694312e-01
5.695717e-01
5.697783e-01
5.699584e-01
5.699779e-01
5.700804e-01
5.703469e-01
5.703685e-01
5.705175e-01
5.707307e-01
5.710653e-01
5.713242e-01
5.714197e-01
5.714698e-01
5.715611e-01
5.717930e-01
5.719187e-01
5.724913e-01
5.725190e-01
5.726365e-01
5.727303e-01
5.730320e-01
5.731177e-01
5.732392e-01
5.733107e-01
5.735575e-01
5.736845e-01
5.737406e-01
5.738720e-01
5.740020e-01
5.741484e-01
5.743991e-01
5.744251e-01
5.747492e-01
5.748021e-01
5.749150e-01
5.750369e-01
5.752678e-01
5.755536e-01
5.756348e-01
5.757681e-01
5.760870e-01
5.762210e-01
5.762719e-01
5.762967e-01
5.764042e-01
5.767224e-01
5.767399e-01
5.770037e-01
5.771928e-01
5.774203e-01
5.775223e-01
5.776122e-01
5.777402e-01
5.781378e-01
5.782935e-01
5.783532e-01
5.784527e-01
5.784908e-01
5.788332e-01
5.789705e-01
5.790710e-01
5.791564e-01
5.791764e-01
5.793979e-01
5.796719e-01
5.797482e-01
5.798925e-01
5.802025e-01
5.804091e-01
5.805606e-01
5.806337e-01
5.807162e-01
5.810985e-01
5.811974e-01
5.815394e-01
5.815683e-01
5.818281e-01
5.820672e-01
5.822462e-01
5.822552e-01
5.824533e-01
5.825608e-01
5.825816e-01
5.828998e-01
5.829146e-01
5.830628e-01
5.831025e-01
5.831528e-01
5.834091e-01
5.834930e-01
5.837313e-01
5.839604e-01
5.840397e-01
5.842161e-01
5.843352e-01
5.845054e-01
5.846794e-01
5.847254e-01
5.848330e-01
5.852004e-01
5.854309e-01
5.854800e-01
5.856526e-01
5.859436e-01
5.859829e-01
5.864038e-01
5.864758e-01
5.866907e-01
5.869728e-01
5.869970e-01
5.871679e-01
5.871883e-01
5.874667e-01
5.877063e-01
5.878060e-01
5.880945e-01
5.883294e-01
5.883741e-01
5.884640e-01
5.884732e-01
5.886561e-01
5.887940e-01
5.888986e-01
5.891949e-01
5.892564e-01
5.894910e-01
5.895597e-01
5.898234e-01
5.899122e-01
5.903020e-01
5.903231e-01
5.906066e-01
5.906429e-01
5.909074e-01
5.910338e-01
5.914520e-01
5.914976e-01
5.916506e-01
5.918627e-01
5.920679e-01
5.921965e-01
5.923796e-01
5.924953e-01
5.926939e-01
5.927855e-01
5.929065e-01
5.930118e-01
5.932700e-01
5.934519e-01
5.936373e-01
5.938554e-01
5.939652e-01
5.940905e-01
5.942997e-01
5.944312e-01
5.944534e-01
5.945210e-01
5.946658e-01
5.947983e-01
5.953066e-01
5.954286e-01
5.955541e-01
5.956721e-01
5.957858e-01
5.959324e-01
5.960033e-01
5.962373e-01
5.964579e-01
5.966097e-01
5.967795e-01
5.970134e-01
5.971389e-01
5.972669e-01
5.973676e-01
5.975912e-01
5.977835e-01
5.979319e-01
5.979852e-01
5.981764e-01
5.983035e-01
5.984241e-01
5.987349e-01
5.988068e-01
5.991982e-01
5.993580e-01
5.996932e-01
5.997810e-01
6.003540e-01
6.004409e-01
6.004953e-01
6.006485e-01
6.006692e-01
6.009461e-01
6.011073e-01
6.013773e-01
6.015867e-01
6.016808e-01
6.017603e-01
6.017691e-01
6.018093e-01
6.019146e-01
6.024694e-01
6.025935e-01
6.028249e-01
6.028443e-01
6.030974e-01
6.031265e-01
6.031730e-01
6.034090e-01
6.037844e-01
6.038628e-01
6.039738e-01
6.043212e-01
6.045176e-01
6.047144e-01
6.047695e-01
6.050578e-01
6.051170e-01
6.053115e-01
6.054716e-01
6.055112e-01
6.056854e-01
6.058348e-01
6.059965e-01
6.061881e-01
6.064306e-01
6.068112e-01
6.069101e-01
6.072423e-01
6.073092e-01
6.075966e-01
6.076654e-01
6.078556e-01
6.079942e-01
6.082483e-01
6.082858e-01
6.084602e-01
6.085445e-01
6.085844e-01
6.088039e-01
6.089951e-01
6.091087e-01
6.095835e-01
6.098293e-01
6.102166e-01
6.102780e-01
6.102942e-01
6.105217e-01
6.106576e-01
6.107762e-01
6.109460e-01
6.111959e-01
6.112566e-01
6.114839e-01
6.117864e-01
6.119759e-01
6.121379e-01
6.122007e-01
6.123223e-01
6.124184e-01
6.126743e-01
6.128587e-01
6.129428e-01
6.130802e-01
6.131797e-01
6.137604e-01
6.139309e-01
6.139916e-01
6.140984e-01
6.141948e-01
6.143762e-01
6.144744e-01
6.147917e-01
6.149618e-01
6.151967e-01
6.152497e-01
6.154957e-01
6.155441e-01
6.159699e-01
6.163458e-01
6.163786e-01
6.166285e-01
6.169121e-01
6.170092e-01
6.170399e-01
6.172348e-01
6.174427e-01
6.179635e-01
6.181262e-01
6.181654e-01
6.184769e-01
6.186843e-01
6.187346e-01
6.189730e-01
6.190239e-01
6.193866e-01
6.195234e-01
6.195708e-01
6.199526e-01
6.202655e-01
6.202799e-01
6.207287e-01
6.207994e-01
6.209917e-01
6.210718e-01
6.212086e-01
6.214532e-01
6.215049e-01
6.215588e-01
6.217040e-01
6.217330e-01
6.224724e-01
6.225390e-01
6.226155e-01
6.227637e-01
6.231144e-01
6.231894e-01
6.237284e-01
6.238134e-01
6.239018e-01
6.239287e-01
6.242917e-01
6.244419e-01
6.245142e-01
6.249065e-01
6.249804e-01
6.253465e-01
6.255667e-01
6.260660e-01
6.262221e-01
6.262783e-01
6.264627e-01
6.265356e-01
6.267291e-01
6.270698e-01
6.272030e-01
6.272514e-01
6.274618e-01
6.276321e-01
6.277232e-01
6.281322e-01
6.281610e-01
6.285355e-01
6.286581e-01
6.290955e-01
6.291686e-01
6.295844e-01
6.298629e-01
6.301953e-01
6.303840e-01
6.307789e-01
6.308648e-01
6.310515e-01
6.312927e-01
6.314051e-01
6.314716e-01
6.317136e-01
6.319684e-01
6.322823e-01
6.323980e-01
6.329437e-01
6.331412e-01
6.331608e-01
6.337791e-01
6.338400e-01
6.340284e-01
6.342872e-01
6.343397e-01
6.346546e-01
6.348198e-01
6.350869e-01
6.352429e-01
6.354694e-01
6.357543e-01
6.359137e-01
6.361987e-01
6.364330e-01
6.366164e-01
6.367053e-01
6.367419e-01
6.370229e-01
6.373464e-01
6.376955e-01
6.378376e-01
6.380610e-01
6.383238e-01
6.385057e-01
6.386104e-01
6.388599e-01
6.390842e-01
6.395727e-01
6.396370e-01
6.400136e-01
6.402119e-01
6.402533e-01
6.403859e-01
6.407631e-01
6.408758e-01
6.411204e-01
6.412498e-01
6.417740e-01
6.419333e-01
6.420587e-01
6.425625e-01
6.426997e-01
6.430656e-01
6.437411e-01
6.437685e-01
6.441648e-01
6.441972e-01
6.442950e-01
6.444126e-01
6.447486e-01
6.451290e-01
6.451577e-01
6.453925e-01
6.455949e-01
6.457227e-01
6.460224e-01
6.461354e-01
6.466160e-01
6.470661e-01
6.471340e-01
6.477418e-01
6.479012e-01
6.479580e-01
6.483021e-01
6.485554e-01
6.485689e-01
6.488522e-01
6.489710e-01
6.500683e-01
6.501044e-01
6.502667e-01
6.504372e-01
6.504428e-01
6.507623e-01
6.509674e-01
6.510208e-01
6.512078e-01
6.516125e-01
6.519997e-01
6.521440e-01
6.522005e-01
6.524075e-01
6.526285e-01
6.529156e-01
6.530200e-01
6.531042e-01
6.537821e-01
6.540573e-01
6.543981e-01
6.544510e-01
6.546743e-01
6.551191e-01
6.552306e-01
6.554066e-01
6.555471e-01
6.558339e-01
6.563181e-01
6.563999e-01
6.569933e-01
6.570700e-01
6.572680e-01
6.573756e-01
6.580392e-01
6.583380e-01
6.584068e-01
6.585572e-01
6.589385e-01
6.594052e-01
6.598568e-01
6.599998e-01
6.604443e-01
6.605756e-01
6.609615e-01
6.612000e-01
6.613306e-01
6.614650e-01
6.616789e-01
6.618999e-01
6.620612e-01
6.627066e-01
6.627458e-01
6.630810e-01
6.634354e-01
6.637183e-01
6.638921e-01
6.641458e-01
6.643155e-01
6.646933e-01
6.648357e-01
6.650021e-01
6.651767e-01
6.654432e-01
6.655290e-01
6.657634e-01
6.659816e-01
6.660828e-01
6.663078e-01
6.665374e-01
6.671014e-01
6.672539e-01
6.674748e-01
6.679228e-01
6.680653e-01
6.684110e-01
6.687067e-01
6.689888e-01
6.691288e-01
6.691632e-01
6.692816e-01
6.695700e-01
6.699146e-01
6.701447e-01
6.703313e-01
6.706130e-01
6.710431e-01
6.716779e-01
6.717683e-01
6.719377e-01
6.722304e-01
6.723078e-01
6.729486e-01
6.732292e-01
6.732778e-01
6.736081e-01
6.737693e-01
6.737898e-01
6.744907e-01
6.750565e-01
6.754909e-01
6.756596e-01
6.759248e-01
6.760186e-01
6.768394e-01
6.770467e-01
6.771514e-01
6.777034e-01
6.780759e-01
6.784594e-01
6.788353e-01
6.788972e-01
6.794354e-01
6.795347e-01
6.795611e-01
6.799368e-01
6.800875e-01
6.804472e-01
6.810168e-01
6.812791e-01
6.813759e-01
6.816823e-01
6.821152e-01
6.825529e-01
6.826657e-01
6.827487e-01
6.828494e-01
6.833813e-01
6.840158e-01
6.841227e-01
6.845618e-01
6.848847e-01
6.853468e-01
6.855910e-01
6.857420e-01
6.864264e-01
6.866335e-01
6.872210e-01
6.878317e-01
6.881560e-01
6.883707e-01
6.884737e-01
6.887601e-01
6.893932e-01
6.894392e-01
6.894947e-01
6.901766e-01
6.903569e-01
6.908883e-01
6.909150e-01
6.913342e-01
6.916482e-01
6.919997e-01
6.920202e-01
6.922157e-01
6.922897e-01
6.926148e-01
6.928081e-01
6.932116e-01
6.932416e-01
6.937251e-01
6.940434e-01
6.943894e-01
6.951123e-01
6.953474e-01
6.954826e-01
6.958339e-01
6.961713e-01
6.965508e-01
6.968915e-01
6.969487e-01
6.970984e-01
6.972563e-01
6.977171e-01
6.977791e-01
6.982796e-01
6.986542e-01
6.988969e-01
6.993703e-01
6.998785e-01
7.000788e-01
7.006687e-01
7.007753e-01
7.009826e-01
7.010198e-01
7.016837e-01
7.020874e-01
7.021658e-01
7.026519e-01
7.034208e-01
7.035223e-01
7.036250e-01
7.042025e-01
7.043725e-01
7.046537e-01
7.057113e-01
7.057603e-01
7.058517e-01
7.064234e-01
7.068393e-01
7.070832e-01
7.074856e-01
7.079587e-01
7.083985e-01
7.084784e-01
7.092901e-01
7.093476e-01
7.098445e-01
7.099924e-01
7.102265e-01
7.102596e-01
7.109905e-01
7.113294e-01
7.117191e-01
7.118215e-01
7.122257e-01
7.122420e-01
7.130176e-01
7.133523e-01
7.139968e-01
7.142464e-01
7.147805e-01
7.148528e-01
7.151273e-01
7.157559e-01
7.161142e-01
7.170177e-01
7.175040e-01
7.179365e-01
7.180055e-01
7.192388e-01
7.198136e-01
7.201551e-01
7.201708e-01
7.203134e-01
7.205839e-01
7.210093e-01
7.212585e-01
7.213744e-01
7.222295e-01
7.226802e-01
7.228344e-01
7.233544e-01
7.236049e-01
7.236211e-01
7.245102e-01
7.247799e-01
7.250965e-01
7.254248e-01
7.260875e-01
7.262879e-01
7.273101e-01
7.273471e-01
7.275803e-01
7.287701e-01
7.288306e-01
7.301169e-01
7.301315e-01
7.310192e-01
7.313871e-01
7.320714e-01
7.321332e-01
7.323664e-01
7.330014e-01
7.337606e-01
7.346940e-01
7.349551e-01
7.356823e-01
7.368334e-01
7.371311e-01
7.378119e-01
7.380755e-01
7.384508e-01
7.386300e-01
7.389776e-01
7.395106e-01
7.406193e-01
7.407265e-01
7.414222e-01
7.426264e-01
7.426900e-01
7.430479e-01
7.431708e-01
7.434041e-01
7.434199e-01
7.445009e-01
7.448989e-01
7.452868e-01
7.454188e-01
7.458892e-01
7.463926e-01
7.465326e-01
7.468347e-01
7.475148e-01
7.483862e-01
7.488706e-01
7.491920e-01
7.496312e-01
7.498992e-01
7.502265e-01
7.514905e-01
7.521867e-01
7.522223e-01
7.536581e-01
7.538673e-01
7.544530e-01
7.545099e-01
7.552351e-01
7.552757e-01
7.557254e-01
7.560358e-01
7.563059e-01
7.569302e-01
7.578806e-01
7.582262e-01
7.590964e-01
7.593440e-01
7.599564e-01
7.601021e-01
7.605140e-01
7.610421e-01
7.618305e-01
7.622044e-01
7.628844e-01
7.630149e-01
7.638374e-01
7.639534e-01
7.644008e-01
7.644273e-01
7.654833e-01
7.666339e-01
7.671437e-01
7.674410e-01
7.678659e-01
7.679160e-01
7.694200e-01
7.695887e-01
7.704655e-01
7.714508e-01
7.718469e-01
7.727960e-01
7.728952e-01
7.743480e-01
7.751818e-01
7.753828e-01
7.766057e-01
7.766231e-01
7.776115e-01
7.784625e-01
7.790499e-01
7.806830e-01
7.812103e-01
7.814769e-01
7.823030e-01
7.823508e-01
7.831030e-01
7.831293e-01
7.845056e-01
7.852914e-01
7.856994e-01
7.862302e-01
7.870128e-01
7.878342e-01
7.879821e-01
7.880719e-01
7.899861e-01
7.905378e-01
7.914491e-01
7.923392e-01
7.924903e-01
7.929434e-01
7.944014e-01
7.951447e-01
7.958225e-01
7.958952e-01
7.964097e-01
7.964868e-01
7.976874e-01
7.980737e-01
7.982778e-01
7.988746e-01
7.996390e-01
7.997471e-01
8.006486e-01
8.009175e-01
8.012354e-01
8.019517e-01
8.027322e-01
8.029438e-01
8.036160e-01
8.036331e-01
8.049585e-01
8.052583e-01
8.060155e-01
8.065845e-01
8.076077e-01
8.082129e-01
8.082849e-01
8.091480e-01
8.103560e-01
8.104200e-01
8.118565e-01
8.128294e-01
8.132809e-01
8.139558e-01
8.147087e-01
8.148546e-01
8.156298e-01
8.161084e-01
8.162663e-01
8.164999e-01
8.168627e-01
8.172269e-01
8.182183e-01
8.184492e-01
8.196253e-01
8.203867e-01
8.209546e-01
8.226022e-01
8.238192e-01
8.249311e-01
8.249401e-01
8.262452e-01
8.264691e-01
8.278742e-01
8.278831e-01
8.285269e-01
8.299708e-01
8.305942e-01
8.310417e-01
8.317476e-01
8.318326e-01
8.336961e-01
8.339324e-01
8.354686e-01
8.367085e-01
8.387722e-01
8.400969e-01
8.411514e-01
8.438381e-01
8.445550e-01
8.459605e-01
8.465369e-01
8.465742e-01
8.480259e-01
8.481523e-01
8.486534e-01
8.495988e-01
8.513555e-01
8.525762e-01
8.549249e-01
8.553611e-01
8.565578e-01
8.572253e-01
8.589249e-01
8.592122e-01
8.607530e-01
8.626581e-01
8.638020e-01
8.639533e-01
8.678677e-01
8.680059e-01
8.723916e-01
8.731232e-01
8.734768e-01
8.747838e-01
8.767599e-01
8.785520e-01
8.790633e-01
8.791769e-01
8.799776e-01
8.807716e-01
8.817796e-01
8.821651e-01
8.828758e-01
8.832292e-01
8.848030e-01
8.861173e-01
8.887971e-01
8.889507e-01
8.924559e-01
8.933070e-01
8.958146e-01
8.986302e-01
9.014966e-01
9.020081e-01
9.020605e-01
9.032568e-01
9.048797e-01
9.051846e-01
9.061046e-01
9.088991e-01
9.113608e-01
9.130088e-01
9.132755e-01
9.154906e-01
9.173896e-01
9.223539e-01
9.256208e-01
9.260352e-01
9.267882e-01
9.285909e-01
9.295415e-01
9.308039e-01
9.311369e-01
9.329499e-01
9.339241e-01
9.346086e-01
9.350753e-01
9.360191e-01
9.363923e-01
9.375245e-01
9.380384e-01
9.387492e-01
9.402865e-01
9.411420e-01
9.425531e-01
9.433542e-01
9.458136e-01
9.461565e-01
9.465716e-01
9.486342e-01
9.487462e-01
9.511855e-01
9.556412e-01
9.571777e-01
9.603136e-01
9.629260e-01
9.743022e-01
9.767854e-01
9.844226e-01
9.928155e-01
9.958911e-01
1.000000e+00
