# sorted relative singular values (hessian_L_full) field=control2d eps=0.25 N=16 n=8192
3.002270996470963644e-05
5.718957650629165687e-05
1.936654944089485247e-04
1.936654944928968081e-04
1.149428775246938341e-03
1.181770556127971104e-03
1.217829898447429218e-03
1.217829898521105743e-03
1.266414749470544648e-03
1.266414749562003172e-03
1.674130679927818711e-03
1.793561605862618044e-03
1.793561605928205771e-03
1.934186484475122628e-03
1.934186484523111151e-03
2.128550758334979334e-03
2.128550758375047109e-03
2.614363778111421406e-03
2.614363778152259832e-03
3.157835784184170186e-03
3.157839263078846426e-03
3.360046783516928634e-03
3.360046783677825537e-03
3.554402449389130417e-03
3.554402449522118656e-03
3.574525787612361886e-03
3.574525787682432572e-03
3.624217564706453364e-03
3.721184366217186994e-03
3.740841953576866732e-03
3.759274349709083255e-03
3.903848963807502251e-03
3.934628158478466371e-03
3.941615906415893607e-03
3.949841014356646890e-03
3.975134866180189165e-03
3.975134866277188830e-03
3.975467158397276088e-03
3.975467158535966362e-03
4.188167036861679959e-03
4.206961590589189046e-03
4.233473341533741142e-03
4.242106342479803026e-03
4.410733733485465956e-03
4.410733733570073624e-03
4.523226868288287607e-03
4.662648500426157250e-03
4.662648500485056316e-03
4.684259217131098336e-03
4.821546834601371859e-03
4.821546834655830900e-03
4.911473800379683938e-03
4.912362774824667079e-03
5.417300394651251676e-03
5.976915058631281433e-03
5.976915058781350626e-03
5.981011229295154531e-03
5.981011229534660863e-03
5.999415266648226198e-03
5.999415266678398244e-03
6.084961866739299098e-03
6.084961866760190373e-03
6.177283358944738942e-03
6.177283359022840530e-03
6.272185306290909736e-03
6.272185306465077707e-03
6.280540086112986788e-03
6.280540086143793742e-03
6.436767162430035057e-03
6.436825775963847182e-03
6.493586275928922916e-03
6.568856966280510988e-03
6.570321922338609628e-03
6.570321922407740094e-03
6.607709645585362751e-03
6.607709645660988021e-03
6.626315383212145853e-03
6.733292982865402877e-03
6.733354995574833066e-03
6.939840865974776334e-03
6.939840866027301158e-03
7.022671931631245534e-03
7.022671931715909581e-03
7.055245073778214360e-03
7.055245074069016464e-03
7.060531505152454687e-03
7.060531505380391280e-03
7.079239408736808480e-03
7.079239408781248626e-03
7.263738844398388503e-03
7.263738844453374033e-03
7.571733400633511371e-03
7.571733400701538552e-03
7.723482758903243463e-03
7.723482758956754478e-03
8.037904704265163777e-03
8.037904704335184156e-03
8.159789438437470982e-03
8.174171326015304204e-03
8.174171326077351793e-03
8.262195021604280820e-03
8.262195021768014430e-03
8.265441579170390574e-03
8.354514085420709085e-03
8.354514085585688227e-03
8.418093631519246375e-03
8.418093631865250850e-03
8.465569334147958480e-03
8.465569334272830815e-03
8.579099446682192723e-03
8.931706466777591599e-03
9.584159006941461376e-03
9.643115409921862793e-03
9.643115410164564485e-03
9.976190888418704286e-03
9.976190888475514745e-03
9.995634417763160640e-03
9.995634418020015940e-03
1.025296420528440562e-02
1.025296420539900839e-02
1.034019548174167601e-02
1.034019548179101328e-02
1.046237780508692782e-02
1.057545024538878754e-02
1.071248063364973330e-02
1.095940351650658874e-02
1.095940351655146083e-02
1.098400678951686610e-02
1.098400678964360846e-02
1.099837789321293433e-02
1.107730925035611824e-02
1.107730925040984783e-02
1.155894676317638890e-02
1.155894676322068160e-02
1.155922789422121275e-02
1.155922789426738241e-02
1.162471142430790243e-02
1.162471142462474967e-02
1.172977987919048178e-02
1.204480630863962419e-02
1.204480630903692791e-02
1.235676245867896664e-02
1.235677929647040554e-02
1.237148496037068258e-02
1.249129667684547793e-02
1.260294122426641392e-02
1.260294122435120720e-02
1.260919061351711140e-02
1.271084030188768255e-02
1.271084030194064886e-02
1.278126564299407637e-02
1.278126564305289391e-02
1.292624776459890164e-02
1.310178860766946125e-02
1.310178860779874846e-02
1.310757990013683080e-02
1.310757990028821492e-02
1.320601824576455099e-02
1.320601824583560006e-02
1.322713482772716956e-02
1.326578990434044633e-02
1.326578990485696719e-02
1.350139685402361803e-02
1.350139685408843077e-02
1.381538263363619318e-02
1.384800562822660099e-02
1.402368965643952838e-02
1.402368965656045595e-02
1.405547535782374069e-02
1.405547535787248815e-02
1.451515735857366630e-02
1.451515735867525518e-02
1.456394326864388078e-02
1.456394326886800879e-02
1.463218198110186226e-02
1.463218198124170005e-02
1.466177010871844155e-02
1.519800627886262745e-02
1.519800627907488821e-02
1.528062734957948143e-02
1.528062734969548239e-02
1.540692516546856954e-02
1.540752775818197973e-02
1.562503848366164627e-02
1.562721850269169904e-02
1.562951803839122966e-02
1.562951803840523582e-02
1.578527955015476478e-02
1.578527955043554365e-02
1.595366409205820069e-02
1.595366409221757320e-02
1.595547807457332878e-02
1.595547807463690987e-02
1.596065138868395586e-02
1.596106100617628032e-02
1.605442903096927776e-02
1.605719345894881731e-02
1.625719788039521607e-02
1.625719788057728224e-02
1.664148084616120724e-02
1.664148084668440677e-02
1.675918999164464213e-02
1.675918999174741408e-02
1.691772517220915123e-02
1.691772517256758673e-02
1.701773009415408905e-02
1.701900197146770724e-02
1.710760958356398465e-02
1.710760958369052578e-02
1.713993526801347797e-02
1.713993526809742124e-02
1.728578871009610676e-02
1.731714877764653146e-02
1.731714877777577183e-02
1.734112592023500515e-02
1.745155383121068521e-02
1.745155383153642811e-02
1.791953463833784871e-02
1.791953463839438682e-02
1.795972786542393215e-02
1.795972786549186392e-02
1.808708179910610905e-02
1.808708179927868281e-02
1.837341160188640452e-02
1.837341160211378513e-02
1.846591727239607281e-02
1.846591727242838724e-02
1.852236201641165037e-02
1.912864624263378721e-02
1.912976866005490495e-02
1.912976866009721139e-02
1.914428462758255289e-02
1.918190076157259144e-02
1.918190076164681679e-02
1.930655487137145077e-02
1.930655487149628147e-02
1.931300501532631428e-02
1.931300501551308502e-02
1.939679179652756269e-02
1.939679179670698861e-02
1.985052309541429291e-02
1.985052309542228999e-02
1.985551490609075917e-02
1.985551490612662978e-02
1.988932836689090086e-02
2.026978537648912310e-02
2.030440653442349558e-02
2.057160451388790473e-02
2.057160451404025855e-02
2.058576550827714846e-02
2.058576550849800998e-02
2.072195195238311222e-02
2.072195195242560253e-02
2.114764618749631619e-02
2.114764618752730529e-02
2.138021584933524552e-02
2.138021584939839292e-02
2.144803309041472261e-02
2.144803309049452683e-02
2.179265303379713734e-02
2.179265303387358660e-02
2.184132354091914904e-02
2.218651697999702091e-02
2.218651698004820913e-02
2.228618969895820867e-02
2.262223414900395996e-02
2.262223414908878100e-02
2.268048987214130521e-02
2.268048987223338087e-02
2.283617299717941723e-02
2.283617299730699574e-02
2.285601408337274709e-02
2.285601408355840414e-02
2.288190206964064652e-02
2.288190206967921289e-02
2.292111592714643140e-02
2.292111592718057422e-02
2.296291732417263254e-02
2.296291732421511939e-02
2.309100967568582241e-02
2.344490498962754216e-02
2.344490498985272314e-02
2.395648178971211684e-02
2.395648178980482046e-02
2.397682229483581728e-02
2.397682229503546314e-02
2.411366532960133868e-02
2.411366532970577251e-02
2.426538776999941430e-02
2.428903966783718324e-02
2.428903966796952876e-02
2.432842825259242184e-02
2.434321091879401017e-02
2.437866660880160657e-02
2.439321464460888003e-02
2.444630489724773648e-02
2.444630489738971665e-02
2.448488869918409236e-02
2.448488869927223713e-02
2.449024825610247522e-02
2.451090745724903222e-02
2.451090745740518162e-02
2.499777378571751280e-02
2.499777378593323954e-02
2.517276429605994764e-02
2.517276429613582098e-02
2.527282504671846466e-02
2.530574370563411224e-02
2.550813483095663511e-02
2.550813483100284815e-02
2.557654543618556250e-02
2.557654543643569575e-02
2.577472356989773949e-02
2.577472356996816233e-02
2.598765104337892942e-02
2.598765104343329219e-02
2.602029066980615993e-02
2.602029066981988853e-02
2.623338907121983837e-02
2.623338907137709800e-02
2.628315729166581446e-02
2.628315729173329174e-02
2.635955423954637958e-02
2.638152951916644326e-02
2.640846009783730935e-02
2.646504966794003058e-02
2.646504966810879489e-02
2.651074065536690449e-02
2.651074065545838340e-02
2.660251404513584716e-02
2.667173218088158757e-02
2.667173218096989887e-02
2.695294007461530167e-02
2.695294007463537589e-02
2.735923514875289800e-02
2.735923514881375557e-02
2.737179117419760374e-02
2.737179117425838845e-02
2.752215331833796422e-02
2.752215331856129252e-02
2.759192581636015287e-02
2.759227683072561915e-02
2.766299212844111274e-02
2.766299212854759701e-02
2.767622477188124916e-02
2.767622477199943240e-02
2.774036916093172017e-02
2.795687541046977878e-02
2.795687541071401397e-02
2.802077409572110989e-02
2.802077409585326459e-02
2.809859380060620443e-02
2.809859380072053311e-02
2.814753313502479926e-02
2.814753313534224324e-02
2.831776851441888607e-02
2.831776851451330360e-02
2.837101764656082062e-02
2.837101764669989340e-02
2.841556565819225097e-02
2.841556565827953879e-02
2.866135787497545856e-02
2.872514969068157634e-02
2.896017370906744590e-02
2.896017370928440429e-02
2.898687825330025294e-02
2.898687825336063520e-02
2.909365673343911746e-02
2.909365673362518737e-02
2.911742282836348589e-02
2.911742282840354412e-02
2.916298861969284298e-02
2.916302685997507194e-02
2.920638167359683110e-02
2.920638167373506081e-02
2.920880361277836818e-02
2.920880361290464564e-02
2.924055570899561363e-02
2.926186400451167777e-02
2.926194722505034637e-02
2.933337681608359088e-02
2.933337681623299914e-02
2.933492553405845152e-02
2.933492553412316364e-02
2.943776480193274411e-02
2.943776480200701456e-02
2.953554312572347421e-02
2.953554312586307087e-02
2.955888643182874240e-02
2.957720741168435100e-02
3.012741522017354373e-02
3.012741522034233926e-02
3.017874306180504812e-02
3.076390359637434097e-02
3.093639265336261754e-02
3.101903705561981014e-02
3.101941811472173557e-02
3.122185671566789222e-02
3.122185671575720620e-02
3.137678220687033226e-02
3.139803840306405747e-02
3.139803840323219380e-02
3.180645203844340019e-02
3.202438048342045457e-02
3.202438048354146888e-02
3.220478764182539005e-02
3.220478764192045984e-02
3.221395548133790254e-02
3.221395548164392858e-02
3.222378986565020698e-02
3.222378986591896421e-02
3.253780855315788895e-02
3.253952924610751390e-02
3.258563924539057549e-02
3.258563924545497537e-02
3.263531901745571340e-02
3.263571765503218980e-02
3.270366630435220245e-02
3.270366630439820732e-02
3.279873830719744199e-02
3.292649268584487560e-02
3.292649268591597150e-02
3.316277870913196535e-02
3.316277870921296306e-02
3.321521892615822424e-02
3.321521892639626300e-02
3.332918525437505303e-02
3.332918525467341853e-02
3.445061609394008129e-02
3.445061609428136384e-02
3.488242714329409938e-02
3.489397822811771133e-02
3.518164738928817453e-02
3.518164738934786290e-02
3.520019328381263080e-02
3.520175733893629588e-02
3.521684068959803071e-02
3.524911223702933277e-02
3.524911223715737618e-02
3.549683556505164872e-02
3.575242524513763676e-02
3.575242524531687532e-02
3.580796493684389181e-02
3.580796493696868782e-02
3.584673757782146780e-02
3.584673757791034115e-02
3.584847596373876011e-02
3.584847596377532808e-02
3.591264685232959525e-02
3.591264685239542453e-02
3.592384305312551485e-02
3.593195553682935334e-02
3.593219110393114368e-02
3.604140642050193688e-02
3.604140642059571603e-02
3.632379856856579603e-02
3.637735894819033727e-02
3.637735894823378863e-02
3.642009609206064286e-02
3.642009609212692317e-02
3.643314970680770759e-02
3.643314970692304589e-02
3.650109446211648179e-02
3.650109446222556120e-02
3.658377230510485162e-02
3.658377230531104085e-02
3.658994184115946235e-02
3.658994184125011206e-02
3.666298441663006641e-02
3.666298441679027853e-02
3.682145003387769788e-02
3.682145003394372840e-02
3.690904394396436056e-02
3.690904394404415090e-02
3.703946160521921077e-02
3.703946160550993655e-02
3.712710106234282104e-02
3.712965093869657895e-02
3.719122010072981044e-02
3.719709977482013596e-02
3.752292537725336607e-02
3.752292537727997673e-02
3.753095272181725811e-02
3.753095272197531918e-02
3.758978434962385873e-02
3.758978434983487743e-02
3.762038986312387506e-02
3.762038986316679906e-02
3.770662002377091898e-02
3.772867899644666290e-02
3.781240926860279100e-02
3.787793397291590314e-02
3.787793397307028659e-02
3.799473251084427988e-02
3.799473251087566450e-02
3.817164036473114086e-02
3.817164036481915379e-02
3.819304231855692733e-02
3.820787010056719835e-02
3.841200102792588500e-02
3.841200102797648341e-02
3.864980491647051347e-02
3.864980491658694117e-02
3.874963293384908747e-02
3.879373768584052501e-02
3.884107089238391514e-02
3.884107089247694489e-02
3.890976579144234115e-02
3.890976579149180159e-02
3.947023677264337171e-02
3.947023677286597837e-02
3.956269799818049743e-02
3.956269799835332446e-02
3.960110159122968987e-02
3.960110159147031683e-02
3.960375812374209575e-02
3.960375812375918625e-02
3.961756201841867830e-02
3.961756201852686260e-02
3.981085166472313891e-02
3.981085166481675153e-02
4.004550638904779553e-02
4.005999014940452713e-02
4.006831941446136608e-02
4.006831941461350827e-02
4.048167177517511539e-02
4.048167177534497257e-02
4.074272587727151285e-02
4.074272587736695733e-02
4.086675611545045189e-02
4.086838277883420023e-02
4.086838277898505872e-02
4.091906952762977556e-02
4.091906952772438044e-02
4.092976173351145497e-02
4.096514675304831904e-02
4.103068843217242551e-02
4.103068843224902396e-02
4.151761214711267162e-02
4.159294787735804549e-02
4.159294787739090116e-02
4.191870907066580498e-02
4.198855804519689705e-02
4.238877935722100421e-02
4.238877935730279295e-02
4.240420123573374056e-02
4.245964211062046301e-02
4.245964211072767586e-02
4.245998321052110724e-02
4.245998321061306841e-02
4.246896870309162936e-02
4.246896870323739470e-02
4.252189882835680224e-02
4.252189882851494657e-02
4.269653816723115863e-02
4.269653816727670553e-02
4.273501157084230728e-02
4.273501157118762134e-02
4.309422943971257663e-02
4.309422943988525795e-02
4.365078327173824158e-02
4.365078327185191454e-02
4.366067842776612251e-02
4.366067842777189567e-02
4.366599214960743131e-02
4.381472319689074663e-02
4.381472319699523249e-02
4.387496431595043489e-02
4.387496431601752012e-02
4.398914568461264468e-02
4.398914568468442060e-02
4.405083368437173741e-02
4.415982917293582305e-02
4.415982917301388561e-02
4.427919354283724879e-02
4.427919354295316995e-02
4.427923058626274250e-02
4.445600832305024452e-02
4.445600832324891893e-02
4.485896317566535896e-02
4.485896317604975980e-02
4.496937027192448449e-02
4.496937027205141074e-02
4.497097654416947615e-02
4.498508593565520020e-02
4.498508593583395998e-02
4.511871794352735610e-02
4.513667353522456821e-02
4.513667353527579806e-02
4.518500138617622536e-02
4.518500138648448572e-02
4.520984002529419149e-02
4.520984002531563961e-02
4.525922218356993876e-02
4.525922218367391808e-02
4.526562480693528678e-02
4.526626518918151765e-02
4.528415905245295608e-02
4.528415905247974022e-02
4.543606391334024247e-02
4.543623597466343866e-02
4.569308543081487817e-02
4.569308543083621527e-02
4.615550021714667772e-02
4.615550021724738189e-02
4.617556520223826261e-02
4.617556520238545736e-02
4.618140705996776063e-02
4.618226867336263503e-02
4.636248879732557393e-02
4.636248879736638850e-02
4.657438794763116979e-02
4.657438794777724045e-02
4.678396345387889066e-02
4.719843887529431847e-02
4.722338789487384725e-02
4.722338789492833838e-02
4.722721425204989831e-02
4.722721425212422774e-02
4.723981135054405867e-02
4.723981135061811054e-02
4.730951775350326904e-02
4.730951775364712619e-02
4.735387863864195385e-02
4.735387863873692649e-02
4.779642676078065672e-02
4.779642676085432001e-02
4.803287617669720760e-02
4.803287617674928400e-02
4.804643779707931661e-02
4.804643779719806884e-02
4.815219700635216954e-02
4.815219700644546991e-02
4.845184123665396969e-02
4.849333429625930086e-02
4.863719024217283415e-02
4.869156749978045123e-02
4.885054755096442103e-02
4.885054755121535225e-02
4.897594349191650154e-02
4.897594349198982483e-02
4.908021987802537595e-02
4.908021987811893999e-02
4.908181820945105300e-02
4.908181820958695818e-02
4.933846646734683233e-02
4.933846646742823250e-02
4.934185060375063242e-02
4.934185060394506023e-02
4.965576735036975747e-02
5.007250325578867234e-02
5.028499983624561825e-02
5.032984933787548049e-02
5.034093788392046687e-02
5.034093788400122865e-02
5.037525563345122970e-02
5.038753725246753606e-02
5.055337048876167028e-02
5.055337048885494983e-02
5.071037357921640704e-02
5.080162041564931924e-02
5.080162041572401643e-02
5.080654388388360088e-02
5.080654388399100108e-02
5.090406779330249043e-02
5.090406779340263949e-02
5.095424689467120682e-02
5.095424689477807273e-02
5.096035430701158220e-02
5.096035430708224095e-02
5.105674098075618089e-02
5.105674098083529816e-02
5.109460784320993959e-02
5.109460784332518074e-02
5.118224297243353232e-02
5.145396097580660216e-02
5.145396097594197304e-02
5.158063157035296803e-02
5.158063157063719900e-02
5.222462597814250124e-02
5.222758796285321969e-02
5.229704663534533171e-02
5.230374871048682622e-02
5.230374871064205622e-02
5.231065639774006015e-02
5.231065639787764454e-02
5.232500711068036048e-02
5.236768302176833534e-02
5.239525755561167536e-02
5.239525755566486198e-02
5.252819904846142696e-02
5.299519288545634366e-02
5.299519288552206886e-02
5.322197002621747997e-02
5.322197002626329054e-02
5.335032338469572477e-02
5.335032338474030716e-02
5.340144844242347699e-02
5.340144844250267059e-02
5.348612525892899178e-02
5.348612525900511144e-02
5.359687076151907481e-02
5.364056800601880309e-02
5.366775306457793882e-02
5.366775306470392137e-02
5.374147635178693622e-02
5.374147635181836247e-02
5.383652357294986535e-02
5.422892960137614543e-02
5.422892960145075936e-02
5.427118983934271085e-02
5.427118983947292613e-02
5.439047320283456333e-02
5.458520794028647732e-02
5.463018707442498373e-02
5.463018707449997929e-02
5.470263175266325967e-02
5.470263175266744382e-02
5.483427931668000826e-02
5.483427931673769823e-02
5.505589696045544434e-02
5.505589696053145993e-02
5.508631533863177221e-02
5.544256215793334774e-02
5.544256215804361371e-02
5.545123654956871789e-02
5.560945036529062191e-02
5.569927797650341128e-02
5.569927797661621688e-02
5.575807250057116665e-02
5.575807250096462969e-02
5.602191418326993300e-02
5.604486166981084011e-02
5.604486166986245160e-02
5.614891151322110030e-02
5.614891151336602604e-02
5.615901686689704631e-02
5.615901686704347778e-02
5.628525265981743769e-02
5.628525265995954624e-02
5.637670074310407314e-02
5.637670074318505697e-02
5.650482460124348766e-02
5.650482460136187213e-02
5.656232667094736322e-02
5.656232667099508893e-02
5.656531189647955732e-02
5.665782309889966228e-02
5.665782309895571467e-02
5.681617882447474732e-02
5.681617882458218222e-02
5.697329464236564750e-02
5.697329464261385867e-02
5.702386653097336888e-02
5.702386653109701303e-02
5.714068876528249907e-02
5.717800396888066822e-02
5.768056282608260282e-02
5.769992972030103806e-02
5.810456319623187593e-02
5.810456319635658173e-02
5.832388014449967767e-02
5.832388014468410653e-02
5.832665607121153423e-02
5.841965914683775601e-02
5.841965914692876655e-02
5.842206515558228536e-02
5.842206515561567531e-02
5.844297266215752601e-02
5.844297266231396337e-02
5.906707397572814183e-02
5.906707397579481766e-02
5.944124995440171200e-02
5.961924311358670486e-02
5.968507584909504143e-02
5.968507584915867803e-02
5.978525565959322274e-02
5.978525565970238542e-02
5.995346443679337028e-02
5.995346443691707689e-02
5.997181573388729592e-02
5.997181573403550375e-02
6.010658319922029813e-02
6.012140788980158829e-02
6.019497158434282402e-02
6.026624025573233678e-02
6.029017782591845898e-02
6.029673973232474449e-02
6.029673973240462503e-02
6.045673220718481705e-02
6.045673220732127040e-02
6.079271544054927479e-02
6.079271544071784134e-02
6.083605063937032320e-02
6.083628618329214865e-02
6.093950852597529444e-02
6.094630882238864095e-02
6.094630882244696929e-02
6.119888984195056419e-02
6.119888984201152932e-02
6.122295440371933184e-02
6.139172237344716482e-02
6.139172237352495676e-02
6.149651630485199888e-02
6.149651630496720534e-02
6.151387384158020499e-02
6.152258905580366977e-02
6.152258905588625648e-02
6.154065781309599192e-02
6.154065781315658235e-02
6.162477558344459094e-02
6.162477558362731284e-02
6.175257665526686507e-02
6.175918245353094471e-02
6.196175851241878668e-02
6.196175851248876543e-02
6.198062493950378532e-02
6.199065945843897085e-02
6.200674539421589110e-02
6.200674539428525922e-02
6.202647358820550377e-02
6.204481479026355273e-02
6.204481479036515201e-02
6.210858447000731225e-02
6.210858447005678656e-02
6.225614765135508571e-02
6.225614765154990904e-02
6.271198129531865839e-02
6.277090355144838985e-02
6.306907437964659469e-02
6.306907437967411434e-02
6.317141210744864344e-02
6.317141210755521097e-02
6.322294518753823755e-02
6.326643903057524443e-02
6.326643903066811458e-02
6.330256564017197607e-02
6.330256564020084187e-02
6.331231158032288309e-02
6.331231158052597063e-02
6.353817543727942330e-02
6.353817543755199693e-02
6.365298158141564910e-02
6.365787948711872091e-02
6.365787948719370259e-02
6.392294035695725296e-02
6.392294035698312116e-02
6.403116141074126355e-02
6.406586908995051677e-02
6.406586909006739550e-02
6.413914261657530091e-02
6.417328920073404885e-02
6.419436387225999074e-02
6.419436387228183438e-02
6.427428730997668260e-02
6.432377527003677042e-02
6.433875834750453493e-02
6.433875834757306345e-02
6.466370332169171786e-02
6.466370332172441393e-02
6.467299547852790875e-02
6.467299547868050891e-02
6.470917934754778778e-02
6.470917934756847956e-02
6.480367341698461958e-02
6.480367341709035445e-02
6.499163308237487779e-02
6.504791648717565822e-02
6.504791648718492858e-02
6.523073888380545582e-02
6.523073888392896813e-02
6.523315441020788308e-02
6.524422657521718183e-02
6.524422657526880720e-02
6.526185884555872618e-02
6.526185884558363681e-02
6.526426619008028618e-02
6.526426619015394948e-02
6.530013858262570525e-02
6.538750840681309406e-02
6.538750840692268695e-02
6.539386361936121161e-02
6.539386361945005721e-02
6.547593572367159387e-02
6.563390586051662257e-02
6.563390586074471789e-02
6.574113273522114165e-02
6.574113273522490253e-02
6.582133628895703303e-02
6.582309538624452061e-02
6.582309538627703627e-02
6.585985532599447634e-02
6.612710947131712758e-02
6.612710947136091200e-02
6.664665964012035648e-02
6.664665964033660017e-02
6.682214635325199603e-02
6.683415682680499126e-02
6.683415682702813221e-02
6.695368012153998794e-02
6.695368012167687843e-02
6.711612928213980811e-02
6.711612928245776211e-02
6.758377040848645434e-02
6.758377040874573305e-02
6.768624027986308578e-02
6.768624028019602779e-02
6.791715158155232912e-02
6.791715158172756395e-02
6.799262347125137329e-02
6.807621747954226143e-02
6.807621747968059522e-02
6.809502806865587454e-02
6.826120079642504501e-02
6.826120079652223116e-02
6.830452399646061434e-02
6.830452399655580209e-02
6.836202268708525820e-02
6.836202268714383634e-02
6.843264711201671457e-02
6.869983171196805682e-02
6.869983171201611560e-02
6.875334216829107059e-02
6.876388892509152639e-02
6.882217776316347513e-02
6.883741451400789135e-02
6.883741451425141877e-02
6.900253983698562132e-02
6.904890332449106771e-02
6.904890332452499890e-02
6.911566491646028987e-02
6.962982236421406956e-02
6.962982236432388450e-02
6.971032917838651533e-02
6.971756190119871022e-02
6.971756190130734554e-02
6.973942859994027021e-02
6.981380732592679106e-02
6.982821708666997473e-02
6.996421543086216166e-02
6.996499309508938391e-02
6.996499309518865173e-02
7.001842497033393398e-02
7.018590260000376335e-02
7.018590260018342519e-02
7.053406326369722479e-02
7.053406326373540258e-02
7.057293928733261723e-02
7.057293928742570943e-02
7.061248545894800721e-02
7.065724176058905959e-02
7.071104921810331123e-02
7.071104921817042421e-02
7.095407602435438443e-02
7.095407602443100370e-02
7.103619253648095488e-02
7.103619253659287924e-02
7.123912234980497860e-02
7.140763774797025121e-02
7.140763774808489561e-02
7.154106230410896272e-02
7.154106230420208268e-02
7.155174939904469789e-02
7.155174939908352794e-02
7.166239343489937130e-02
7.166239343511389415e-02
7.184049919886824342e-02
7.184049919910602544e-02
7.198270659477727651e-02
7.198270659493441470e-02
7.207924015129826834e-02
7.207924015140354523e-02
7.209918729334265086e-02
7.213565199380511661e-02
7.213565199391812344e-02
7.217792481512205760e-02
7.217792481521295711e-02
7.260186893368718308e-02
7.260186893379021178e-02
7.265694429001363919e-02
7.277784791843795731e-02
7.289377809567842981e-02
7.292134953829562671e-02
7.292134953839318756e-02
7.322602758147357671e-02
7.325254627424393483e-02
7.341758655601564321e-02
7.341758655617719453e-02
7.351263557420775752e-02
7.351263557424821127e-02
7.354140114942520068e-02
7.376148211326827298e-02
7.376148211333277693e-02
7.384417283320383885e-02
7.384417283345653948e-02
7.389938280106388147e-02
7.409066725490025263e-02
7.416096677853824259e-02
7.420344867868598759e-02
7.443383942646038254e-02
7.456540618225651618e-02
7.490008264274979066e-02
7.490008264291353468e-02
7.491332287501076270e-02
7.491332287509279431e-02
7.495186746920415310e-02
7.496837572625442148e-02
7.499020929958508108e-02
7.515618166453716387e-02
7.515618166475143691e-02
7.534889717892975791e-02
7.534889717898123063e-02
7.543713395230866592e-02
7.543713395238606234e-02
7.543910857826745253e-02
7.543910857844844664e-02
7.546862344594150451e-02
7.550004702047970195e-02
7.550004702055056194e-02
7.563564256682603348e-02
7.563564256690270826e-02
7.577687644410914525e-02
7.584898259473489557e-02
7.586128223172669549e-02
7.588658496865870184e-02
7.591024578247851373e-02
7.595249948401232298e-02
7.622593093797272457e-02
7.622593093834612032e-02
7.625239987845137957e-02
7.625239987847440282e-02
7.628570416496383011e-02
7.628570416506699758e-02
7.654404642921561197e-02
7.654404642935777603e-02
7.657794676429513503e-02
7.657794676438908765e-02
7.661832976549465268e-02
7.680490469292927669e-02
7.681962841473136128e-02
7.681962841479525461e-02
7.687690863338553227e-02
7.698699838676917317e-02
7.698699838679787244e-02
7.705547706760615401e-02
7.705547706786776418e-02
7.722734403838212025e-02
7.722734403852384022e-02
7.726044299782594549e-02
7.726044299791619274e-02
7.735542202220097030e-02
7.735542202229449271e-02
7.742420487395508533e-02
7.742420487416051822e-02
7.745729085290134486e-02
7.760890765703497285e-02
7.760890765704608896e-02
7.784673853439216806e-02
7.835763962238313785e-02
7.835763962248327996e-02
7.857764117753064659e-02
7.861420662119648906e-02
7.862377753410274006e-02
7.864550875313540412e-02
7.864550875327673551e-02
7.865206338272992537e-02
7.865206338281918730e-02
7.866376432246739714e-02
7.866376432249071182e-02
7.913371757262373241e-02
7.915306533430790936e-02
7.929302509250711617e-02
7.929302509259709975e-02
7.966767870404245500e-02
7.966767870406897545e-02
7.969804878861506958e-02
7.981164885431943357e-02
7.996791665133243243e-02
7.996791665139667271e-02
7.999326359112023110e-02
8.004014625449915044e-02
8.004014625455357912e-02
8.007220496671596521e-02
8.007220496686404121e-02
8.018827415567811312e-02
8.021231507766518609e-02
8.021231507781312331e-02
8.025178495738573281e-02
8.025178495742336937e-02
8.029436144775982387e-02
8.037499171742866488e-02
8.042330845341084944e-02
8.042330845346402912e-02
8.058562653786538466e-02
8.058562653801151776e-02
8.065787316122574602e-02
8.065787316136856233e-02
8.066945250719242955e-02
8.086005776901526720e-02
8.094449617872825908e-02
8.107986894104128595e-02
8.107986894108870635e-02
8.124531747722286978e-02
8.131191604258861116e-02
8.131191604271326145e-02
8.137609908977863626e-02
8.146712481907542047e-02
8.146712481915492632e-02
8.153807664503921748e-02
8.153807664505206831e-02
8.156097377197657483e-02
8.156097377209904631e-02
8.176340164263098953e-02
8.176340164271135580e-02
8.184788584086882812e-02
8.184788584092270169e-02
8.212623113853277645e-02
8.214259421892858293e-02
8.215424028722614902e-02
8.215424028727602579e-02
8.227280557139829420e-02
8.227280557160371322e-02
8.233905735465844866e-02
8.239298530273614363e-02
8.247060024115077104e-02
8.247060024128513578e-02
8.247777602303116296e-02
8.289203940854451835e-02
8.289203940858815012e-02
8.297651241752614093e-02
8.297651241763563668e-02
8.299656268528414482e-02
8.299656268533667225e-02
8.303459436492546808e-02
8.303459436499327495e-02
8.309230863391738053e-02
8.330720439758222684e-02
8.330720439761446494e-02
8.342743741513157507e-02
8.342743741522938572e-02
8.349561694351592678e-02
8.349561694362495068e-02
8.375119288335837464e-02
8.376091434885443721e-02
8.393198156539911914e-02
8.393198156550607525e-02
8.394600811329656909e-02
8.394600811333260970e-02
8.395435681843077536e-02
8.395435681847988885e-02
8.403100904437088570e-02
8.403189444584656387e-02
8.409027280828562656e-02
8.423722778997426441e-02
8.425096145262829517e-02
8.425096145283283988e-02
8.433280283898902940e-02
8.434269222310092351e-02
8.434269222314907943e-02
8.438070163143374103e-02
8.440644680665439215e-02
8.440644680670879307e-02
8.446131635138298677e-02
8.446131635154119355e-02
8.455297461718623564e-02
8.455297461730164332e-02
8.456882247781466466e-02
8.456882247790611928e-02
8.457211073290014924e-02
8.457211073304946036e-02
8.462274504157370203e-02
8.468021568120018272e-02
8.482306999881555898e-02
8.487101552222296730e-02
8.487101552231740564e-02
8.528076810330924296e-02
8.528076810348475534e-02
8.552197300806102520e-02
8.552197300817135361e-02
8.576746548443249518e-02
8.576746548450371599e-02
8.586217938644741254e-02
8.586217938655411885e-02
8.588213839668222549e-02
8.607052969971798473e-02
8.611100228192082595e-02
8.611100228196492956e-02
8.611416842859039023e-02
8.621936069666932823e-02
8.623028172635992250e-02
8.627251110356611019e-02
8.627251110367102627e-02
8.630528212672022859e-02
8.630528212688161338e-02
8.640840158661046433e-02
8.642503174819361755e-02
8.642503174822611933e-02
8.644823008840819833e-02
8.644823008850519019e-02
8.648531786466849558e-02
8.650552220415239080e-02
8.650552220420687499e-02
8.653898249427111056e-02
8.663009811318657383e-02
8.663009811333718946e-02
8.665047524234127663e-02
8.665047524250464595e-02
8.672543272713631457e-02
8.680244318866668640e-02
8.680244318877322618e-02
8.680789875614981776e-02
8.698857942501106444e-02
8.707240816885750134e-02
8.707240816893335733e-02
8.708113699033327715e-02
8.708113699048491974e-02
8.710402866473590522e-02
8.724308035432093433e-02
8.724308035435103525e-02
8.744142826906325938e-02
8.747750628074327239e-02
8.748140214886654387e-02
8.748191384793101155e-02
8.748191384805999171e-02
8.748618003420831346e-02
8.750611571519455179e-02
8.750950657396862342e-02
8.785428022526305114e-02
8.785428022533420256e-02
8.785464914073433385e-02
8.785464914096258182e-02
8.815664566362164944e-02
8.821707520344571063e-02
8.821707520353513909e-02
8.823233611414976751e-02
8.823233611423858536e-02
8.829138882068432448e-02
8.829138882073916950e-02
8.849379771572536690e-02
8.849379771578973208e-02
8.853876538316866884e-02
8.878327057032052438e-02
8.878327057039586689e-02
8.884669671565158244e-02
8.884669671590374185e-02
8.886094921062544227e-02
8.895636015204654024e-02
8.895636015216672188e-02
8.906233200872823441e-02
8.906233200878753420e-02
8.919435477939258172e-02
8.919435477952110392e-02
8.921577941476496743e-02
8.926540229568849516e-02
8.934619577538022162e-02
8.934619577540836577e-02
8.945186127781255825e-02
8.948912181992504933e-02
8.948912182002348448e-02
8.954835768689092812e-02
8.954835768702085197e-02
8.957123873534798830e-02
8.961287939879401809e-02
8.979853216877531352e-02
8.979900917422370399e-02
8.979900917430357066e-02
8.992703817470409922e-02
8.992703817481052797e-02
8.996887594499686225e-02
9.008078143939220184e-02
9.008078143956441131e-02
9.013312470530225606e-02
9.014230414871085562e-02
9.024917681783614642e-02
9.024917681790413371e-02
9.041650849188281880e-02
9.041650849194507455e-02
9.043217845571117908e-02
9.060569794647767294e-02
9.062011112700449345e-02
9.064184758242604945e-02
9.064184758246844609e-02
9.070432886884585710e-02
9.070432886893829705e-02
9.083500358309434808e-02
9.083500358332166624e-02
9.083875918827108431e-02
9.083875918827664930e-02
9.110326919767541831e-02
9.111046446362691675e-02
9.117745812689966034e-02
9.117745812695662866e-02
9.139674525400337535e-02
9.142597887795701761e-02
9.147231241193622131e-02
9.147231241199987872e-02
9.147768968549284396e-02
9.160843079380467935e-02
9.161896270925995456e-02
9.164372408261516056e-02
9.164372408272780657e-02
9.182744081959841320e-02
9.185206062519157832e-02
9.185206062521826531e-02
9.191400052342182936e-02
9.191400052350019723e-02
9.204654924929278614e-02
9.214537079170308231e-02
9.214537079177922974e-02
9.224201954252947422e-02
9.224201954275616788e-02
9.226402926265538096e-02
9.226402926291801809e-02
9.244474847057310152e-02
9.248406694602924472e-02
9.248406694619554225e-02
9.271653586716074869e-02
9.271653586724276641e-02
9.310265272642245793e-02
9.312722860605533726e-02
9.312722860612764053e-02
9.313558351948128533e-02
9.314336133632271364e-02
9.316496408444696620e-02
9.316496408454597034e-02
9.329181189439103572e-02
9.344269554212165929e-02
9.344269554234359287e-02
9.351611703603493475e-02
9.352776803457589494e-02
9.352776803468289268e-02
9.355174403855795462e-02
9.370927533361604611e-02
9.370927533377719498e-02
9.379480025633517293e-02
9.384436886783119325e-02
9.384436886787746179e-02
9.393911583100500451e-02
9.393911583107961150e-02
9.395040645988772532e-02
9.395040645995428319e-02
9.403682691498028989e-02
9.403682691505317603e-02
9.407028658492012918e-02
9.409154722456090914e-02
9.409154722459647791e-02
9.423803326920995871e-02
9.423803326934598878e-02
9.429179693200841206e-02
9.442622685767730617e-02
9.442622685774922087e-02
9.449960696018823436e-02
9.449960696021446338e-02
9.459455423441880118e-02
9.462870500193497347e-02
9.489770549882543815e-02
9.489770549892762030e-02
9.492904647184437217e-02
9.505154522868647371e-02
9.505356173635422234e-02
9.511060743578557408e-02
9.511060743582999688e-02
9.530501085533253647e-02
9.530501085553119700e-02
9.535258766410929787e-02
9.535258766417104015e-02
9.550356828143991006e-02
9.550356828145496746e-02
9.556463286244838706e-02
9.566669155816992509e-02
9.568602583929536332e-02
9.570632130750436617e-02
9.570632130763241652e-02
9.573543842934402470e-02
9.594949443637429409e-02
9.594949443639085029e-02
9.605937314911704161e-02
9.605937314920529047e-02
9.619353372341174491e-02
9.620296250366471014e-02
9.620296250370041768e-02
9.633264577924244287e-02
9.633264577930605865e-02
9.640650023548595626e-02
9.643222195872250269e-02
9.652553206439788702e-02
9.652553206449081269e-02
9.655804654183100522e-02
9.655804654191860181e-02
9.689423696443724698e-02
9.689423696455611024e-02
9.700382505608892703e-02
9.700382505625901319e-02
9.700387313471310613e-02
9.700387313485497875e-02
9.703317486270608694e-02
9.703317486276097359e-02
9.706562788214431747e-02
9.708323849599440059e-02
9.727664626696148897e-02
9.732009894876302025e-02
9.737181546881967797e-02
9.737181546901124696e-02
9.745434383433350389e-02
9.766361267162004811e-02
9.766361267168903459e-02
9.771945931048515999e-02
9.771945931061541690e-02
9.774320304259570547e-02
9.774320304268800663e-02
9.780146874050446582e-02
9.781331407935110744e-02
9.786549764824886699e-02
9.786549764837834675e-02
9.802003427407415814e-02
9.802003427416164372e-02
9.806961194314731123e-02
9.806961194317528885e-02
9.808467957938769854e-02
9.835667139595055675e-02
9.835667139606006637e-02
9.852274944386862909e-02
9.852274944401634427e-02
9.869426051471399952e-02
9.869426051493249141e-02
9.876457715577818819e-02
9.876457715609823773e-02
9.890762258867430434e-02
9.890762258878640911e-02
9.897610742439182097e-02
9.897848962807731521e-02
9.903882187579732266e-02
9.903882187598937736e-02
9.912855348262350486e-02
9.912855348267900213e-02
9.917102137416074215e-02
9.918649176485321017e-02
9.918649176500418663e-02
9.934035013136693903e-02
9.945481874846763548e-02
9.945481874858207172e-02
9.958872036971971875e-02
9.967633570015801969e-02
9.969045380257562927e-02
9.989002042308860185e-02
9.989002042319672370e-02
9.993028178872616352e-02
9.993065310994382611e-02
9.993065311017194918e-02
9.996305459749162126e-02
9.996305459755976119e-02
1.001250308912759457e-01
1.001558288959647769e-01
1.002337566786282164e-01
1.002337566786992290e-01
1.002922551762397974e-01
1.003446584057462176e-01
1.003626675733700069e-01
1.003626675734457102e-01
1.003992521285693856e-01
1.004465761900399101e-01
1.004465761901854742e-01
1.005069873031043809e-01
1.006399167770574143e-01
1.006399167771308556e-01
1.006883479299249262e-01
1.006883479301466100e-01
1.008105645621454605e-01
1.008718911309425398e-01
1.008718911309988836e-01
1.008874212312783486e-01
1.008874212315157837e-01
1.009510927108014655e-01
1.010626054683323727e-01
1.010626054683946839e-01
1.011631020032087575e-01
1.011631020033959272e-01
1.012462713473454845e-01
1.012462713473695902e-01
1.012751740922501198e-01
1.013405118810431216e-01
1.013405118812116951e-01
1.013863642773225882e-01
1.013863642773477347e-01
1.014495306066414554e-01
1.014746549852723195e-01
1.014746549854066981e-01
1.014933199360715382e-01
1.016840205702533861e-01
1.016840205703166966e-01
1.017203350890621694e-01
1.017203350891932728e-01
1.017820787880140826e-01
1.019116161983628921e-01
1.020101755216749340e-01
1.020101755217254214e-01
1.021747737374903015e-01
1.021747737375970633e-01
1.021962783839125144e-01
1.021962783839670125e-01
1.023138259041422166e-01
1.023138259041983106e-01
1.024605599332701344e-01
1.024695027994843854e-01
1.024695027994943497e-01
1.024707585794249615e-01
1.024707585794885495e-01
1.025014884288168726e-01
1.025976038482112607e-01
1.025976038482650649e-01
1.026327951903291541e-01
1.028103566639532174e-01
1.028103566640475169e-01
1.028601345351292384e-01
1.028601345351775054e-01
1.029598615321708210e-01
1.029598615323939620e-01
1.030458235415539769e-01
1.030458235416415735e-01
1.031158766385951442e-01
1.031733896142752599e-01
1.031733896143797041e-01
1.032470927992769072e-01
1.032470927993837245e-01
1.033052337261311654e-01
1.033247814542491289e-01
1.033247814543256232e-01
1.034048500512769891e-01
1.034048500513976565e-01
1.034134612043269424e-01
1.035243211724032747e-01
1.035243211724550805e-01
1.036333071690530155e-01
1.036665039863576276e-01
1.036854124516161241e-01
1.036854124517069820e-01
1.036877702798715689e-01
1.036877702799971629e-01
1.037673626068243704e-01
1.038039691339536913e-01
1.038438230926092831e-01
1.038438230926699846e-01
1.040606578463514620e-01
1.041194225653430949e-01
1.041194225654221983e-01
1.042007446919585856e-01
1.042701048575635780e-01
1.042739215750415199e-01
1.042739215751757320e-01
1.043661921938637965e-01
1.043661921939857129e-01
1.044209387522559151e-01
1.044209387523719196e-01
1.045353676262269355e-01
1.045353676262647108e-01
1.045728434043808192e-01
1.045728434045020000e-01
1.046067412612102093e-01
1.046067412612591147e-01
1.046198871884163051e-01
1.047477749396527186e-01
1.048156568334488170e-01
1.048156568335174704e-01
1.048697156442003897e-01
1.048697156442533474e-01
1.048806378054950583e-01
1.048898901921856835e-01
1.048898901923866755e-01
1.048998059439025937e-01
1.049221492815595458e-01
1.049221492816085066e-01
1.049503585050445137e-01
1.050328725213090508e-01
1.050328725213724168e-01
1.053339550413972814e-01
1.053339550415335196e-01
1.053625156080055525e-01
1.053625156082021314e-01
1.054604040754566485e-01
1.055342619032754170e-01
1.055430091113714469e-01
1.055430091114247793e-01
1.055487086383023188e-01
1.055494796149991504e-01
1.055494796151015269e-01
1.055814543681926065e-01
1.055814543682260381e-01
1.056232190162155610e-01
1.056393174818655578e-01
1.056393174820185743e-01
1.056745679467443744e-01
1.056745679467731847e-01
1.057551306802878566e-01
1.059131723212202308e-01
1.059131723212937137e-01
1.060767401001617705e-01
1.061906181648948483e-01
1.062548120783153860e-01
1.062840104545487580e-01
1.062840104545532266e-01
1.062903687612648806e-01
1.063033437424019539e-01
1.063033437425772443e-01
1.064410929409979611e-01
1.065758448155074700e-01
1.065853018367210608e-01
1.065853018367698829e-01
1.066149911819262025e-01
1.066149911819933710e-01
1.067088789327325649e-01
1.067088789329668080e-01
1.067235833799404926e-01
1.067235833801281897e-01
1.067867736159298503e-01
1.068075615979731108e-01
1.068562327136335366e-01
1.069812406258924264e-01
1.069812406259837423e-01
1.070077244735781613e-01
1.070077244737002581e-01
1.071200547553938787e-01
1.071200547554553295e-01
1.071257417379858495e-01
1.071348836865223947e-01
1.071348836866006654e-01
1.073575512001253285e-01
1.073575512002531707e-01
1.075517351336465199e-01
1.075517351336964522e-01
1.075596033991997463e-01
1.075596033992967243e-01
1.075736128106396655e-01
1.076131784940140140e-01
1.076131784941676550e-01
1.077909881771904194e-01
1.077909881772678019e-01
1.079256895813480305e-01
1.079256895814876410e-01
1.081423129997073074e-01
1.081563690903273867e-01
1.081563690904700087e-01
1.082083617805025128e-01
1.082083617807023668e-01
1.082769835605742886e-01
1.084907635272821941e-01
1.084989559178207164e-01
1.085666776377965104e-01
1.085666776379263093e-01
1.086349783342167585e-01
1.086349783342556719e-01
1.086715257726230538e-01
1.087791113965846657e-01
1.087791113966370127e-01
1.088367768181071199e-01
1.088367768181748435e-01
1.090140148761782196e-01
1.091089367617393974e-01
1.091198389361911492e-01
1.091482064402017893e-01
1.091697111382094326e-01
1.091697111382580604e-01
1.091895839725016554e-01
1.091895839725412626e-01
1.093031659268941663e-01
1.093413665245855926e-01
1.093413665246026484e-01
1.094960366999853940e-01
1.094960367000912954e-01
1.095523511121122562e-01
1.096354590080373809e-01
1.096605246174190279e-01
1.096831270329808733e-01
1.096831270330204944e-01
1.098738563414956154e-01
1.099489385453836787e-01
1.099489385455700297e-01
1.100030499747393781e-01
1.100030499749070634e-01
1.101042500882486036e-01
1.101042500882702668e-01
1.101130544084941848e-01
1.101130544085587581e-01
1.103395242666302262e-01
1.103395242667832288e-01
1.103855114562460049e-01
1.103855114563664919e-01
1.104387351802640499e-01
1.104535243409344586e-01
1.104535243410170176e-01
1.106283788483224395e-01
1.106283788484415664e-01
1.106797528985867807e-01
1.106797528986139673e-01
1.107489665255802780e-01
1.107489665257549716e-01
1.107987951466238158e-01
1.109036408845891775e-01
1.109036408847121485e-01
1.111272410119008708e-01
1.111303381379029759e-01
1.111303381379972061e-01
1.111931405894217018e-01
1.111931405894910352e-01
1.112731402429846944e-01
1.112731402430305466e-01
1.112872015459123592e-01
1.113769267880343611e-01
1.113769267881330738e-01
1.114376123343270852e-01
1.114394841682245785e-01
1.114883978666415670e-01
1.114883978666705300e-01
1.115166367826855298e-01
1.115363840533011297e-01
1.115363840533218631e-01
1.115537681866942132e-01
1.115537681868879333e-01
1.116437817278733702e-01
1.116437817279450490e-01
1.117585353867880799e-01
1.117861642657763943e-01
1.117861642658998234e-01
1.120061446268650063e-01
1.120061446270485400e-01
1.121182403552904161e-01
1.121272226747829920e-01
1.122376865715523919e-01
1.123458713244403773e-01
1.123517643876091321e-01
1.123844663419180795e-01
1.123844663420180551e-01
1.124495337944253076e-01
1.124656407697508104e-01
1.124656407698213512e-01
1.125216022020514711e-01
1.127405117453338240e-01
1.127405117454580857e-01
1.127472808271540450e-01
1.127472808271987453e-01
1.127517285134837927e-01
1.127517285135701680e-01
1.127872038730981380e-01
1.127872038731567578e-01
1.128691251523867983e-01
1.128962567025324631e-01
1.128962567025573183e-01
1.129048187791680119e-01
1.129048187793003921e-01
1.130157264288912805e-01
1.131541645362194315e-01
1.131541645363072501e-01
1.131572532121288416e-01
1.131572532122681884e-01
1.133114531380195744e-01
1.133137679079773141e-01
1.133371685207000268e-01
1.133371685207378160e-01
1.134142320715401803e-01
1.134941139409645361e-01
1.135140263044474573e-01
1.135140263045174569e-01
1.135289250679783202e-01
1.135553977039560070e-01
1.135553977040661827e-01
1.136517164883390357e-01
1.136517164884873476e-01
1.137626359897083023e-01
1.137626359898796374e-01
1.139021872813262698e-01
1.139021872814623415e-01
1.139276242052438409e-01
1.139276242053016419e-01
1.139347416328823359e-01
1.139347416330081381e-01
1.141816026860670852e-01
1.142771613157496924e-01
1.142771613158309330e-01
1.144530245938659430e-01
1.144530245939327923e-01
1.145765739945347195e-01
1.145765739945964340e-01
1.146390587870579764e-01
1.147577940719051171e-01
1.147577940720207745e-01
1.147750779062103460e-01
1.147802965659526081e-01
1.147802965659976693e-01
1.147830091256538815e-01
1.147842811494695775e-01
1.148308045874275873e-01
1.148308045875566924e-01
1.148694521249044587e-01
1.148694521249951639e-01
1.149416381950040811e-01
1.149416381952849259e-01
1.150926026698872173e-01
1.150926026699404525e-01
1.152091442057979614e-01
1.153018758854544301e-01
1.153018758854931353e-01
1.153695757392184523e-01
1.153695757392830396e-01
1.153972893859250282e-01
1.153972893860757271e-01
1.154064773173096303e-01
1.154376322806013461e-01
1.154376322807055544e-01
1.155103421858248020e-01
1.155103421858782037e-01
1.155198971323311147e-01
1.155198971323398160e-01
1.155403242638584627e-01
1.156441133374877805e-01
1.156722254789868676e-01
1.156722254790098769e-01
1.157265410016588281e-01
1.157394419679790842e-01
1.157394419681084669e-01
1.157523829020224021e-01
1.158463798267994754e-01
1.158463798269166872e-01
1.158981985661774738e-01
1.159850033289938492e-01
1.159850033290487636e-01
1.160414345028266125e-01
1.160414345028774885e-01
1.161058066686627976e-01
1.161058066687087609e-01
1.161851565300027062e-01
1.161851565300886374e-01
1.164312253650845452e-01
1.164425323269463047e-01
1.164769307044907776e-01
1.164769307045325358e-01
1.165023889551581315e-01
1.165023889552539993e-01
1.165258225708292877e-01
1.165410655872878287e-01
1.165411776138230160e-01
1.165411776140744537e-01
1.166003429868678054e-01
1.166256779279854772e-01
1.166256779281509698e-01
1.166964021706601712e-01
1.167628583650659052e-01
1.167964305987596874e-01
1.167964305988229007e-01
1.168847551814669178e-01
1.168847551815846431e-01
1.169805717540585988e-01
1.169805717541840956e-01
1.170405072364332638e-01
1.170405072366186433e-01
1.170810824740703970e-01
1.170810824741114892e-01
1.171187603545924133e-01
1.171187603546769429e-01
1.171970280631352418e-01
1.171970280632625844e-01
1.171995220775177149e-01
1.171995220775877006e-01
1.174041395448816305e-01
1.175252110990210319e-01
1.175359260481501772e-01
1.175359260482543439e-01
1.175983510579415581e-01
1.176809041110166015e-01
1.176809041111648996e-01
1.177099433275123619e-01
1.177099433278575857e-01
1.177222159582539396e-01
1.177375495276538481e-01
1.177375495277603740e-01
1.177620847268440740e-01
1.177620847269099796e-01
1.178910956846835195e-01
1.178910956848313318e-01
1.180639377202392787e-01
1.180639377203536872e-01
1.180994692636947174e-01
1.180994692638071553e-01
1.181220592471228931e-01
1.181220592473278264e-01
1.181493707760555845e-01
1.181493707761027967e-01
1.183030402573432283e-01
1.183030402573871515e-01
1.183614392383391667e-01
1.183864241123392114e-01
1.184189472662392911e-01
1.184189472663171455e-01
1.184934551612330383e-01
1.185085111917965894e-01
1.185085111919616518e-01
1.185151326924312742e-01
1.185151326924808596e-01
1.185748805584203036e-01
1.185748805586075705e-01
1.186470608296435886e-01
1.186960698120956281e-01
1.186960698121824614e-01
1.187052040165821193e-01
1.188773765141187821e-01
1.188773765141984545e-01
1.188963262598853043e-01
1.189053872110726190e-01
1.189215903187520601e-01
1.189215903188726858e-01
1.189221970823173130e-01
1.189221970824679148e-01
1.189263864751627237e-01
1.190131262493515224e-01
1.191666558397630471e-01
1.191666558398111891e-01
1.192843993974465194e-01
1.192843993975996053e-01
1.193146086595034960e-01
1.193146086596328925e-01
1.194820764900489385e-01
1.194842192543797005e-01
1.194842192544851162e-01
1.195336901717376915e-01
1.195336901718608152e-01
1.195751284699961142e-01
1.195751284700411060e-01
1.196605929227130966e-01
1.196831630491094894e-01
1.196831630492795895e-01
1.197166508816657621e-01
1.197166508817299330e-01
1.197220929377837417e-01
1.197220929378640802e-01
1.198417971719286518e-01
1.198417971719501207e-01
1.199163040215979747e-01
1.199163040216662396e-01
1.199203012151428549e-01
1.199516992274876487e-01
1.199516992276099120e-01
1.200508468574569693e-01
1.200508468574983528e-01
1.200891350440135980e-01
1.200891350440288774e-01
1.201221300203285103e-01
1.201660943473248921e-01
1.201660943474803511e-01
1.201944763071742250e-01
1.204888502912606768e-01
1.205969996933284605e-01
1.206809181473991882e-01
1.206858178149067540e-01
1.206983237600111891e-01
1.206983237601447490e-01
1.207520447256661134e-01
1.207520447259106955e-01
1.207634162814770623e-01
1.207634162815710011e-01
1.207802653151417577e-01
1.207802653152190153e-01
1.207964048881924601e-01
1.208972857538486018e-01
1.208972857540389079e-01
1.210095468868215840e-01
1.210095468869489543e-01
1.212008954298639113e-01
1.212008954299222119e-01
1.212146917442975397e-01
1.212146917444822392e-01
1.212384549373737158e-01
1.212384549374530551e-01
1.212443937227575819e-01
1.212889739777134462e-01
1.212889739777763265e-01
1.213011368574257870e-01
1.213638919955894874e-01
1.213638919957473750e-01
1.216156462207849814e-01
1.216452616370523460e-01
1.216452616371557910e-01
1.217234387538807389e-01
1.217234387539330026e-01
1.218061165267903534e-01
1.218061165268826684e-01
1.218257838410591598e-01
1.218809267439248389e-01
1.219248952497626187e-01
1.219248952498483696e-01
1.219487742284163651e-01
1.219487742286250453e-01
1.219592898673151904e-01
1.219628633431842635e-01
1.219628633432454645e-01
1.220119537280024702e-01
1.220119537280978939e-01
1.221023757977691138e-01
1.221023757978215024e-01
1.221546777945840268e-01
1.221546777947219581e-01
1.222646054053489473e-01
1.222787406070013627e-01
1.223293767405343041e-01
1.223293767407067772e-01
1.223481842866076252e-01
1.223481842866665781e-01
1.224571924158283642e-01
1.225050938429748382e-01
1.225050938430581882e-01
1.225827239311869515e-01
1.225827239314232348e-01
1.226176809908207377e-01
1.226177744785752616e-01
1.226729744779650189e-01
1.227099696761880521e-01
1.227099696763046255e-01
1.227241634710433543e-01
1.227612192835081106e-01
1.227612192836117361e-01
1.228568720844801510e-01
1.228568720845445300e-01
1.228816587025462620e-01
1.228980545552403325e-01
1.228980545553123860e-01
1.229420341035474540e-01
1.229420341036664144e-01
1.229778475522042974e-01
1.231019666219344555e-01
1.231991714986098996e-01
1.231991714986259562e-01
1.232777604342879113e-01
1.232777604343757993e-01
1.234734704723466220e-01
1.234734704725681531e-01
1.234760928437303867e-01
1.235685716033559783e-01
1.235914517407825791e-01
1.235914517408448071e-01
1.238333445441847369e-01
1.238333445443220993e-01
1.239167236486234114e-01
1.239432877982227094e-01
1.239432877983666914e-01
1.239726879102421159e-01
1.240330276777746044e-01
1.240766769880649878e-01
1.240766769881560816e-01
1.241565555226166323e-01
1.242826284106541695e-01
1.242939702998769186e-01
1.242939703001142426e-01
1.243120352319711380e-01
1.244315270933089301e-01
1.244655399989449962e-01
1.244655399991106137e-01
1.244765635521957459e-01
1.244765635522854935e-01
1.245227039755294057e-01
1.245227039756085646e-01
1.246342719768301216e-01
1.246342719769092389e-01
1.246653072791169825e-01
1.246760457651988341e-01
1.246760457653691978e-01
1.247586371052111509e-01
1.249263954231094320e-01
1.249547414344193141e-01
1.250258552270284707e-01
1.250372300667939862e-01
1.250724846863693063e-01
1.250724846864806339e-01
1.250732420218200747e-01
1.250732420221705166e-01
1.250856920417974250e-01
1.250856920419327889e-01
1.251306227321724307e-01
1.252581217342064179e-01
1.254715427657095983e-01
1.254715427657615845e-01
1.255063416371035856e-01
1.255063416374779806e-01
1.255496481475544823e-01
1.256633195364252054e-01
1.256633195366056166e-01
1.257614640415820884e-01
1.257614640416715446e-01
1.258954019150119452e-01
1.258954019150381187e-01
1.260005727187148983e-01
1.260005727190967872e-01
1.260163471573584326e-01
1.260400923547251861e-01
1.260444499600951174e-01
1.260452171816407729e-01
1.260452171817095790e-01
1.261951349480843476e-01
1.261951349481383600e-01
1.263170667676020431e-01
1.263170667677954995e-01
1.264023920933382283e-01
1.264879982681308412e-01
1.264879982682386161e-01
1.265106960407722247e-01
1.265106960408199088e-01
1.265147444471073634e-01
1.265147444472361493e-01
1.266266520815001462e-01
1.266266520816923535e-01
1.268203462097154677e-01
1.268203462097852730e-01
1.269101950106471255e-01
1.269101950108250942e-01
1.270238058382298918e-01
1.270748571565442908e-01
1.270748571567624774e-01
1.271349120885760242e-01
1.271537205019590833e-01
1.271537205020165373e-01
1.271665139824394719e-01
1.272027159163775234e-01
1.272027159165882992e-01
1.272216823357483761e-01
1.272330368019685409e-01
1.272847754895601036e-01
1.272847754896759276e-01
1.273922803429521078e-01
1.273922803431020989e-01
1.274345124987743549e-01
1.275883615838833696e-01
1.275883615839672469e-01
1.276326315386602517e-01
1.276326315387676380e-01
1.276843759238564247e-01
1.276843759239439657e-01
1.276868141016293257e-01
1.277270397907928623e-01
1.277325929922637493e-01
1.277325929923114334e-01
1.278251837515946565e-01
1.278251837517710154e-01
1.278913854036046183e-01
1.279581354260243276e-01
1.279850659260411971e-01
1.279850659261840828e-01
1.280161949569275370e-01
1.280161949571395896e-01
1.280244793418134630e-01
1.280244793419396399e-01
1.280340950168311343e-01
1.280340950169585601e-01
1.283190897808450526e-01
1.283190897809843301e-01
1.283321770577283694e-01
1.284637566512278339e-01
1.284637566513781859e-01
1.285009945929373454e-01
1.285009945930949971e-01
1.285578957854264237e-01
1.285578957854608961e-01
1.286020617186187376e-01
1.286982407395328987e-01
1.286982407396150552e-01
1.287877313598063678e-01
1.287877313598443096e-01
1.287970135399648386e-01
1.289036720795563862e-01
1.289461506375435829e-01
1.289461506375959576e-01
1.289744577249023749e-01
1.289744577250410695e-01
1.289882602379419652e-01
1.289882602381001719e-01
1.290064791334680216e-01
1.290064791335746031e-01
1.291637247434302693e-01
1.291637247435220570e-01
1.292171843343550008e-01
1.292171843344006588e-01
1.292265947818894423e-01
1.292572350698193429e-01
1.292572350699139616e-01
1.294390573696640734e-01
1.294611189860732925e-01
1.294611189861105405e-01
1.296432559843321564e-01
1.296432559844591659e-01
1.296438425101585079e-01
1.296438425101985314e-01
1.297452669961839944e-01
1.297452669962661786e-01
1.298417325183596760e-01
1.298417325184853255e-01
1.298789848075415088e-01
1.298789848076528641e-01
1.299789557867801204e-01
1.300821048157939086e-01
1.300821048159544469e-01
1.300827002245707464e-01
1.301836186842632304e-01
1.301836186844281262e-01
1.301875793072306831e-01
1.301875793073239140e-01
1.302075728113003539e-01
1.302075728114275577e-01
1.302706674484013782e-01
1.302706674485192839e-01
1.302707907768373419e-01
1.303519607110988077e-01
1.304535434282465267e-01
1.304535434285221118e-01
1.305782479180747913e-01
1.305832008192108484e-01
1.305832008192468752e-01
1.305959979409316296e-01
1.306166437731843266e-01
1.306602818028398671e-01
1.306602818029058144e-01
1.307686968770364333e-01
1.307838068862736958e-01
1.307838068864284886e-01
1.308079439810090894e-01
1.308583559031766264e-01
1.309062171137486408e-01
1.309062171139374897e-01
1.309232901040621178e-01
1.309330831674292706e-01
1.309330831674623552e-01
1.309441319561209793e-01
1.309441319561883699e-01
1.311024636297390689e-01
1.311287926665840042e-01
1.311287926666936388e-01
1.311339286243717872e-01
1.311339286244022073e-01
1.312171343672954571e-01
1.312171343674586044e-01
1.312912287825070967e-01
1.312912287825728774e-01
1.313953121401436885e-01
1.313953121402423041e-01
1.314270760905665025e-01
1.314270760906235957e-01
1.315287997697075217e-01
1.315287997698350586e-01
1.315869509450270647e-01
1.315869509451298713e-01
1.315936439492290666e-01
1.316414664800097944e-01
1.316646514309508242e-01
1.317273883827795311e-01
1.317273883828721515e-01
1.318047277782896931e-01
1.318340636638787866e-01
1.319323476401682571e-01
1.319323476402195772e-01
1.319742893860542110e-01
1.319742893861714783e-01
1.321442254505989788e-01
1.321442254506141889e-01
1.321601277062990909e-01
1.322855987503002151e-01
1.322855987503873676e-01
1.323177002011841630e-01
1.323177002012575765e-01
1.323214543159785817e-01
1.323214543160692869e-01
1.323221588096539225e-01
1.324376493190277670e-01
1.324376493191332660e-01
1.324776000199574533e-01
1.325826316130191418e-01
1.325826316131228921e-01
1.325883782103278175e-01
1.325883782103971509e-01
1.325967730414898960e-01
1.325967730416999224e-01
1.326622044119489252e-01
1.326622044120466248e-01
1.327098345053856487e-01
1.327362052506683987e-01
1.327694531627334473e-01
1.328419794409372856e-01
1.328419794411330179e-01
1.329236828025419093e-01
1.329477491421627855e-01
1.329477491422335067e-01
1.329635032297251940e-01
1.330136450145395777e-01
1.330136450145971427e-01
1.330906374720743635e-01
1.330906374721959884e-01
1.331206051483947161e-01
1.331206051485590292e-01
1.331479273081046799e-01
1.331479273081956349e-01
1.331970350586975382e-01
1.332052926331536991e-01
1.332052926332563669e-01
1.333543850056371771e-01
1.333543850056943536e-01
1.334015092797660729e-01
1.334015092798347957e-01
1.335259422547159791e-01
1.335259422547480923e-01
1.335322028247512005e-01
1.335322028248374648e-01
1.335697831887852072e-01
1.336046119627665452e-01
1.337046242356939862e-01
1.337046242357913528e-01
1.337747106494945604e-01
1.338945763731289318e-01
1.338945763732348748e-01
1.339475493172209153e-01
1.339475493174386300e-01
1.340023571689720749e-01
1.340023571690101556e-01
1.340617067468077850e-01
1.340937843167692711e-01
1.340937843168515664e-01
1.341023817503317062e-01
1.341023817505115345e-01
1.342347702265660747e-01
1.342347702268119058e-01
1.342431548910694994e-01
1.342974911082929768e-01
1.342974911083293366e-01
1.344452255354876002e-01
1.344452255356278769e-01
1.345170076503577339e-01
1.345294049316500262e-01
1.345294049317287410e-01
1.346257367895756230e-01
1.346563090744964108e-01
1.346563090746080160e-01
1.346604830244847451e-01
1.346604830246303508e-01
1.347466256308967048e-01
1.347466256310794475e-01
1.349126212604946362e-01
1.350246117154014769e-01
1.350246117154405845e-01
1.353057977626466457e-01
1.353057977627839525e-01
1.353201069014930147e-01
1.353489636947206587e-01
1.353489636948412289e-01
1.353622172782329991e-01
1.353622172782616984e-01
1.354496588036856741e-01
1.354496588038520133e-01
1.354602400640829429e-01
1.354602400641350957e-01
1.354832392630419824e-01
1.355149942016357634e-01
1.355200779830109115e-01
1.355200779830926516e-01
1.355248552807281348e-01
1.355521158721315622e-01
1.355521158722718666e-01
1.355739636001811466e-01
1.355739636002652460e-01
1.356907740769768833e-01
1.356907740770927628e-01
1.358221016826654526e-01
1.359047872574155325e-01
1.359047872575659677e-01
1.360857190773917813e-01
1.362106394420284916e-01
1.362106394420939393e-01
1.363572377409874858e-01
1.363572377410450509e-01
1.363572648671866339e-01
1.363572648673669341e-01
1.363696709539163332e-01
1.364414525515336984e-01
1.365536127694839397e-01
1.365536127695189117e-01
1.365742402904881747e-01
1.366633706842322604e-01
1.366633706842737550e-01
1.367082367406155519e-01
1.367082367406824428e-01
1.367279756924020817e-01
1.367279756924631995e-01
1.367400571343624360e-01
1.367455404981667844e-01
1.367455404982373668e-01
1.368483942724781910e-01
1.368483942725550184e-01
1.369931730379056467e-01
1.370906220352996197e-01
1.371185296438849899e-01
1.371185296439824952e-01
1.371451749135749187e-01
1.371614069802761793e-01
1.371614069803404889e-01
1.372299345368228896e-01
1.372299345368874768e-01
1.374804199296198737e-01
1.375200977155464077e-01
1.375200977156282034e-01
1.375503812900848721e-01
1.376166278473701932e-01
1.376166278474481863e-01
1.376203288568887129e-01
1.376361478371837810e-01
1.376361478372368774e-01
1.376389739809009416e-01
1.376960836883643902e-01
1.376960836885133266e-01
1.377107885180746949e-01
1.377107885181838298e-01
1.378419718028112972e-01
1.378419718029551544e-01
1.378858167768876875e-01
1.380527958393266974e-01
1.381073233865055538e-01
1.382009612086156636e-01
1.382852815024697979e-01
1.382852815025557291e-01
1.383903844659413462e-01
1.383903844660325788e-01
1.384192249128155805e-01
1.384192249128677332e-01
1.384623979970333041e-01
1.384740750235255724e-01
1.384976437046316899e-01
1.385396902330980340e-01
1.385396902331598457e-01
1.385881299504731767e-01
1.385896044253690229e-01
1.385896044254410764e-01
1.386314853186890739e-01
1.386314853188129470e-01
1.386320631381288415e-01
1.386320631381630919e-01
1.387818513892221661e-01
1.387818513893676609e-01
1.388713490990924893e-01
1.388713490992976862e-01
1.389594468424447671e-01
1.389594468425101870e-01
1.390071073780665967e-01
1.390113165398565165e-01
1.390183441088898020e-01
1.390183441090831473e-01
1.391136729826592533e-01
1.391416210591798486e-01
1.391416210592827385e-01
1.391778706797637821e-01
1.391778706798005860e-01
1.391783742116568801e-01
1.391783742118246903e-01
1.392114442758010384e-01
1.392399969819860250e-01
1.392813371482992391e-01
1.393303796720418153e-01
1.394614212557460375e-01
1.394614212559293909e-01
1.394864769608023802e-01
1.394864769609363286e-01
1.394907285578760592e-01
1.395291834369032091e-01
1.395291834369344341e-01
1.395503359863929926e-01
1.396029742105517335e-01
1.396029742106007221e-01
1.396950347873643083e-01
1.396950347874191256e-01
1.397303113477532666e-01
1.397471474744999553e-01
1.397631149942719364e-01
1.397631149943850959e-01
1.398639006130507068e-01
1.398639006131921214e-01
1.398846957010624337e-01
1.398846957011195824e-01
1.399232794700151217e-01
1.400910898377310809e-01
1.400910898379298386e-01
1.401334198848024348e-01
1.401334198848672163e-01
1.401625989618536516e-01
1.401625989619062207e-01
1.401801509837679316e-01
1.401801509838057624e-01
1.401827756099509881e-01
1.401827756100764433e-01
1.403269879255094055e-01
1.403269879255779617e-01
1.403279017576296583e-01
1.403833134343569211e-01
1.403833134344952549e-01
1.406149284097895080e-01
1.406664344918726051e-01
1.406873953494713059e-01
1.406873953496639296e-01
1.407853178815928752e-01
1.407853178817790318e-01
1.407876310397126740e-01
1.407876310398620545e-01
1.408060271151980736e-01
1.408060271153071530e-01
1.409111491191898102e-01
1.409770958361893645e-01
1.409770958363116278e-01
1.412095105605843670e-01
1.412095105607643064e-01
1.412287009908751167e-01
1.412287009910098701e-01
1.412369513973721624e-01
1.412369513975055557e-01
1.412880725405686599e-01
1.412880725407099358e-01
1.414038463841825466e-01
1.414374930690130983e-01
1.414374930691298382e-01
1.414381665877597061e-01
1.414381665878881589e-01
1.415046323511446047e-01
1.415291025243800571e-01
1.415291025244982959e-01
1.417120952835939085e-01
1.417120952836411207e-01
1.417519905731839114e-01
1.417519905732860797e-01
1.417649406482224816e-01
1.417649406483324215e-01
1.417869025536642735e-01
1.417869025537893957e-01
1.418786615154495889e-01
1.418786615155641362e-01
1.419166410829436897e-01
1.420098162482847648e-01
1.420098162483768856e-01
1.420317726734321717e-01
1.420648089903944478e-01
1.420648089905859335e-01
1.421014275956286876e-01
1.421014275957087347e-01
1.421063323475274254e-01
1.421063323475828810e-01
1.421342858957566624e-01
1.422457478928546570e-01
1.422457478929580188e-01
1.422790609522519567e-01
1.422790609523924277e-01
1.424520202051036688e-01
1.425011477158922291e-01
1.425011477159682793e-01
1.425556625756282114e-01
1.425994138864376537e-01
1.425994138865324667e-01
1.426227936296647625e-01
1.426227936299326038e-01
1.427286226949960324e-01
1.427286226951312853e-01
1.428511519754997738e-01
1.429526922660982469e-01
1.429526922663855448e-01
1.429848308252617550e-01
1.431017753347166577e-01
1.431199621472467320e-01
1.431199621472871164e-01
1.431597760065139446e-01
1.432380205668631334e-01
1.432380205670565065e-01
1.432861441338347530e-01
1.433552392686227583e-01
1.433565914955805543e-01
1.433565914956743126e-01
1.433663015047867972e-01
1.433663015049756184e-01
1.434082441831772137e-01
1.434082441833854915e-01
1.434707554258143336e-01
1.435182235918715243e-01
1.435182235919139071e-01
1.435221338180733275e-01
1.436577193882988546e-01
1.436629704987915646e-01
1.437335143143473881e-01
1.437335143144349292e-01
1.437436991284926913e-01
1.437436991285882260e-01
1.438185856954913577e-01
1.438185856955592479e-01
1.438439317511281679e-01
1.440325107699584051e-01
1.440325107699891860e-01
1.440379515527463183e-01
1.440608366541392682e-01
1.440608366543894570e-01
1.440790166367417746e-01
1.440790166367952041e-01
1.441820816401567507e-01
1.441820816403528993e-01
1.443734897783602589e-01
1.443734897784605120e-01
1.444327261482014624e-01
1.445554196750313269e-01
1.446001023999572699e-01
1.446001023999747004e-01
1.446069564434490085e-01
1.446069564435183419e-01
1.446826921655273712e-01
1.446826921656277909e-01
1.449083509946704207e-01
1.449083509947720894e-01
1.449265024936979840e-01
1.449265024938112267e-01
1.449339575929697310e-01
1.451163620163562207e-01
1.451350987013638738e-01
1.451350987014033977e-01
1.451809492484104624e-01
1.451883523236110751e-01
1.451883523237949281e-01
1.452041634671895620e-01
1.453022169066796321e-01
1.453394026569776176e-01
1.453890778048904375e-01
1.453890778050623001e-01
1.454569314151077652e-01
1.454569314152989179e-01
1.455275050426215744e-01
1.455275050427751182e-01
1.456863852499617473e-01
1.457058662489674750e-01
1.457058662489955636e-01
1.457369958707093460e-01
1.457369958708762125e-01
1.457839388451652174e-01
1.458168557421644085e-01
1.458168557423019374e-01
1.458240999389268655e-01
1.458559995506424900e-01
1.459206740932045832e-01
1.459206740933236823e-01
1.459257073554782735e-01
1.459257073556055051e-01
1.460689077946568382e-01
1.460689077948476022e-01
1.463213112256722681e-01
1.463213112258020809e-01
1.463483210937598922e-01
1.463483210937833179e-01
1.463522918733881351e-01
1.464025824902244477e-01
1.464196880305199955e-01
1.464454624180396292e-01
1.464454624181743547e-01
1.464666780176308303e-01
1.466577764059293354e-01
1.466577764059688316e-01
1.467223520120241598e-01
1.467223520120807534e-01
1.467318760919656129e-01
1.468493334929272809e-01
1.468621535011352119e-01
1.469022138461477112e-01
1.469022138462696692e-01
1.469692389618414419e-01
1.469778392448566340e-01
1.469778392449764826e-01
1.469851938014629100e-01
1.469992403820818694e-01
1.469992403821927252e-01
1.471306957245031022e-01
1.471306957245843428e-01
1.472171119238955828e-01
1.472171119239443215e-01
1.472522174054745059e-01
1.472522174055998778e-01
1.472884691192369033e-01
1.473238243290350968e-01
1.473238243291132288e-01
1.474661930970571910e-01
1.474661930971571389e-01
1.474910758533776456e-01
1.474910758535019073e-01
1.475089239435826149e-01
1.475899857441838325e-01
1.475899857442389274e-01
1.476393202306671981e-01
1.476393202307967334e-01
1.476661205845985758e-01
1.476661205846959979e-01
1.478432488591249760e-01
1.478432488592297811e-01
1.479208245758090734e-01
1.479973914456656214e-01
1.479973914457453632e-01
1.480694737536107919e-01
1.480694737537201211e-01
1.480919486575181521e-01
1.480919486577262356e-01
1.481181721898152948e-01
1.481517197650423778e-01
1.481653038303374359e-01
1.481653038305776604e-01
1.481994841599072465e-01
1.481994841599624524e-01
1.482065963054802205e-01
1.482091019158682521e-01
1.482091019161371759e-01
1.482214219590433923e-01
1.482214219590721749e-01
1.484865599928512636e-01
1.484865599928839597e-01
1.484967769760426881e-01
1.484967769763259060e-01
1.485098343976964941e-01
1.485764845737279072e-01
1.486232553413927848e-01
1.486232553414462421e-01
1.486694660259551548e-01
1.487728952080347444e-01
1.487728952081217859e-01
1.487946695718501411e-01
1.487998202204401099e-01
1.487998202205128850e-01
1.489811817797070670e-01
1.489811817798286364e-01
1.490147545028957243e-01
1.490147545029575638e-01
1.490189200188501706e-01
1.492062975183948703e-01
1.492062975184892393e-01
1.492329754680413179e-01
1.492329754680977727e-01
1.494231297947868908e-01
1.494231297948823978e-01
1.494277099425229682e-01
1.494277099426324917e-01
1.495072627856246783e-01
1.495072627858245740e-01
1.495774716628020529e-01
1.495774716629165169e-01
1.496872153261077087e-01
1.496872153261567251e-01
1.498564866077452817e-01
1.498790795693004108e-01
1.498790795693426547e-01
1.499414339721419354e-01
1.500555492826770032e-01
1.500980472511388442e-01
1.500980472512040420e-01
1.502818094129741433e-01
1.503168694872380751e-01
1.503168694873756039e-01
1.503573023726750002e-01
1.503765938159953020e-01
1.503765938160394333e-01
1.505022826024126070e-01
1.505022826024964844e-01
1.505467901958164045e-01
1.505870130716160105e-01
1.505870130716772393e-01
1.506685770322221396e-01
1.506685770323755724e-01
1.506709903820505625e-01
1.507823249997540527e-01
1.507823249999256376e-01
1.508308741580682011e-01
1.508368347875901627e-01
1.508518375028129743e-01
1.508518375028816416e-01
1.508837938068345319e-01
1.509566115703239175e-01
1.509671332692011647e-01
1.509671332693183488e-01
1.510400329529762720e-01
1.511423407392795126e-01
1.511423407394533458e-01
1.511555720916482881e-01
1.511555720917190093e-01
1.512592669974009985e-01
1.512592669974476001e-01
1.513195480473501775e-01
1.513629864315601814e-01
1.513629864316150819e-01
1.515321841416307769e-01
1.515333120424142144e-01
1.515333120426457514e-01
1.515405265354520803e-01
1.515405265355097009e-01
1.516416102312095893e-01
1.516447152274513765e-01
1.516472034409525049e-01
1.516472034410317749e-01
1.518061291857406014e-01
1.518794191054397558e-01
1.518794191054973486e-01
1.519145004565452817e-01
1.519145004568455137e-01
1.519855520556220585e-01
1.519855520559036388e-01
1.520225473288240592e-01
1.520225473289411877e-01
1.521205256612061796e-01
1.521696431013111472e-01
1.521963715433863051e-01
1.521963715434965225e-01
1.522017980406029647e-01
1.522017980406986659e-01
1.522546629607417767e-01
1.522862653345369577e-01
1.522988969792787306e-01
1.523276312604938953e-01
1.524180660976613144e-01
1.524180660977025592e-01
1.524313821076140607e-01
1.524313821076802300e-01
1.524853449999217236e-01
1.524853450000963062e-01
1.525910239331348117e-01
1.525910239333031770e-01
1.527159739986227172e-01
1.530108097529545574e-01
1.530108097530654132e-01
1.530628496126438809e-01
1.530628496127422744e-01
1.531127132656155410e-01
1.531127132656245338e-01
1.532019645440005629e-01
1.532139203146940520e-01
1.532139203149207318e-01
1.533113427064991541e-01
1.533113427067353540e-01
1.533127744470841325e-01
1.533373109438687654e-01
1.533725009242393744e-01
1.533725009244814586e-01
1.534374017054835615e-01
1.534494937472823395e-01
1.534494937473592502e-01
1.534663981873078120e-01
1.534663981873852223e-01
1.536338068155959080e-01
1.536338068157839243e-01
1.536711803707768720e-01
1.536711803708487867e-01
1.537879863476614706e-01
1.540055342767707169e-01
1.540133916051713292e-01
1.540133916052359997e-01
1.540403417530461505e-01
1.541203057708317170e-01
1.541753389669565377e-01
1.541753389671282337e-01
1.543718029471020103e-01
1.543718029473518660e-01
1.543856289552539840e-01
1.543856289552676120e-01
1.543871315707305847e-01
1.544067413698574087e-01
1.544067413699177493e-01
1.544721217174503114e-01
1.545009233480993394e-01
1.545009233481479394e-01
1.546227202531224032e-01
1.546817522948941703e-01
1.546817522950265644e-01
1.547274343649249206e-01
1.547274343649981398e-01
1.548243789579690777e-01
1.548243789582272600e-01
1.548259025874276218e-01
1.548921357465967708e-01
1.548921357468016624e-01
1.549354399278985439e-01
1.549878846706604918e-01
1.549878846707642976e-01
1.550699198465906592e-01
1.550699198466950479e-01
1.552877744909015589e-01
1.553389347345439375e-01
1.553389347346275651e-01
1.553428042538638476e-01
1.555802666791130939e-01
1.555802666791301359e-01
1.556864577269125305e-01
1.556864577270010985e-01
1.558987360323056959e-01
1.558987360324748106e-01
1.559007674511042607e-01
1.559007674512521979e-01
1.559745849812559926e-01
1.559745849813894136e-01
1.559888743868509953e-01
1.559888743869069783e-01
1.560992179817438374e-01
1.562401065407564016e-01
1.562401065408504097e-01
1.562808747540817000e-01
1.562911294267399220e-01
1.563050413873126321e-01
1.563447279075735052e-01
1.563447279076611851e-01
1.564304869777149720e-01
1.564304869778698759e-01
1.566509863805209957e-01
1.566509863807379055e-01
1.567159560216679903e-01
1.567159560216978831e-01
1.567284866362796403e-01
1.567284866363630180e-01
1.568467222965059804e-01
1.568467222965597430e-01
1.569828941171894920e-01
1.569828941172584647e-01
1.570557562164175969e-01
1.570563646934710067e-01
1.570563646935455027e-01
1.571557562453954060e-01
1.571557562455420665e-01
1.571890694755372631e-01
1.571890694756748474e-01
1.572047133783076034e-01
1.572072346420080868e-01
1.572072346420935740e-01
1.574555196189609541e-01
1.575316275812523870e-01
1.575316275813694600e-01
1.575390224200965139e-01
1.575772993798566501e-01
1.575772993798689459e-01
1.575914515517971570e-01
1.576656035078042861e-01
1.576656035079672113e-01
1.577022409789161084e-01
1.577022409790466706e-01
1.578667441888086664e-01
1.579111454072936460e-01
1.579111454074321186e-01
1.580370464611414727e-01
1.580638567911118453e-01
1.580638567911888392e-01
1.580868317822761160e-01
1.581328048172988832e-01
1.581922967312988371e-01
1.582296123749152850e-01
1.582296123750252248e-01
1.583493165501094480e-01
1.583493165502494748e-01
1.584674272361019376e-01
1.584674272361534242e-01
1.584728116047756652e-01
1.584728116048777224e-01
1.584826880939211591e-01
1.584826880939338434e-01
1.585799535582051167e-01
1.585799535582644582e-01
1.586282130448002092e-01
1.587014937549144911e-01
1.587179800030760757e-01
1.587179800032114951e-01
1.587532162624394616e-01
1.588371275405403849e-01
1.588371275406982031e-01
1.589035176370902080e-01
1.589035176371683400e-01
1.589063883183972903e-01
1.590436788985359340e-01
1.590545663969077095e-01
1.590928764149699415e-01
1.590928764151370300e-01
1.591961633009773003e-01
1.591961633011279298e-01
1.593195488298954077e-01
1.594490660938408799e-01
1.594490660939045235e-01
1.594831951656837388e-01
1.594831951657331437e-01
1.594860384343634585e-01
1.594860384344134463e-01
1.596715888922901894e-01
1.597292870870887227e-01
1.597691468067941878e-01
1.597691468069757370e-01
1.598202285138304313e-01
1.598202285139348477e-01
1.599344313785404093e-01
1.599344313785642790e-01
1.599490804072028760e-01
1.599490804073480377e-01
1.600322100664737790e-01
1.600322100666764502e-01
1.601035592915065475e-01
1.602869717043392539e-01
1.603680295599151095e-01
1.603680295601623840e-01
1.604100803114861529e-01
1.604607555503859140e-01
1.604607555505438987e-01
1.604610367504099577e-01
1.604610367505414359e-01
1.604702200524246725e-01
1.604965876386118540e-01
1.605743120147902492e-01
1.606360996891889881e-01
1.606360996893485826e-01
1.606514691987768195e-01
1.606514691988113475e-01
1.606905017339250452e-01
1.606905017341112574e-01
1.607223171799616601e-01
1.607223171801675787e-01
1.608278482407454468e-01
1.608278482409100651e-01
1.610746538204707312e-01
1.610756954739375468e-01
1.610756954741297264e-01
1.610816495661845926e-01
1.610816495662529546e-01
1.610954047296759284e-01
1.610954047298914782e-01
1.614250631031935168e-01
1.614250631032445871e-01
1.615625043469259003e-01
1.615642604422188322e-01
1.615642604422751205e-01
1.615729504963729635e-01
1.615729504964260044e-01
1.616258814491674523e-01
1.617201181248584807e-01
1.617201181249210140e-01
1.618652246240765979e-01
1.618652246242591464e-01
1.618680233305859473e-01
1.618680233307286109e-01
1.619569534202771888e-01
1.619569534203794403e-01
1.620199689069721227e-01
1.620199689072176485e-01
1.620470023957811811e-01
1.620470023959553751e-01
1.620869152145755498e-01
1.621391888011124993e-01
1.621884478250383010e-01
1.621884478251146844e-01
1.622679521016609228e-01
1.622679521017788007e-01
1.623882853940428472e-01
1.623882853940682158e-01
1.624261381043900498e-01
1.624955261120057670e-01
1.624955261120630823e-01
1.624982364141320246e-01
1.624982364141970559e-01
1.626942190620511708e-01
1.626942190621964157e-01
1.626972739625339170e-01
1.627008247247915540e-01
1.627008247248249995e-01
1.627980241656147298e-01
1.627981969628864156e-01
1.627981969630405423e-01
1.628695945404016465e-01
1.630210860989812771e-01
1.630601236463998793e-01
1.630601236465694659e-01
1.630748142978465376e-01
1.630748142979300819e-01
1.632581427099196736e-01
1.632581427100100735e-01
1.633203542121312857e-01
1.633203542121981766e-01
1.633931716704445092e-01
1.633931716706211179e-01
1.634209012648823178e-01
1.634832008191386132e-01
1.634832008192564357e-01
1.635037617630224760e-01
1.635037617631681928e-01
1.636090027137609981e-01
1.636499219449882581e-01
1.636573688694712148e-01
1.636959471300431235e-01
1.637184097602846222e-01
1.637184097605818567e-01
1.638196342522534876e-01
1.638196342525174709e-01
1.639872935575164004e-01
1.640048227491678057e-01
1.640048227491823774e-01
1.640834619652846993e-01
1.640834619654333582e-01
1.640941416179190482e-01
1.641444169564753308e-01
1.641444169565512146e-01
1.641788379219439320e-01
1.641788379220426863e-01
1.643856212378222159e-01
1.644096501612574146e-01
1.644395578017343318e-01
1.644395578017882886e-01
1.645109130395137897e-01
1.645339525873454056e-01
1.645339525874169595e-01
1.646571964283617129e-01
1.646710394274641664e-01
1.646710394275725242e-01
1.647008776217972481e-01
1.647144399450524710e-01
1.647144399451670738e-01
1.647819745820996995e-01
1.647819745821131887e-01
1.648505535418519352e-01
1.649666626968967487e-01
1.650068915527022340e-01
1.650068915528039581e-01
1.650212697591687261e-01
1.650212697592405020e-01
1.651382261276094499e-01
1.651382261277615782e-01
1.652022637814756501e-01
1.652022637816337181e-01
1.652419766121042966e-01
1.652507983222848698e-01
1.652507983223069910e-01
1.653345411399905485e-01
1.654108183471157123e-01
1.654117516922234965e-01
1.654117516923639952e-01
1.654984478757873523e-01
1.654984478759258804e-01
1.656775355125510996e-01
1.656775355126436922e-01
1.658198672865544843e-01
1.658198672865739132e-01
1.658624117235907025e-01
1.658624117237924023e-01
1.661113660547494653e-01
1.661113660548530491e-01
1.663374629342796174e-01
1.663374629343739308e-01
1.663469812249068480e-01
1.664361862336803943e-01
1.664361862337734865e-01
1.664397008423701418e-01
1.664397008424599311e-01
1.665057200960207984e-01
1.665890686798965903e-01
1.666030139446994796e-01
1.666030139450300207e-01
1.666244007357426948e-01
1.667077996099548265e-01
1.667077996101329340e-01
1.667328636647739670e-01
1.668594034221938527e-01
1.668594034222387057e-01
1.668646833110926930e-01
1.670136423085839261e-01
1.670136423086540367e-01
1.670674248677246621e-01
1.670674248678827301e-01
1.671230373641046929e-01
1.671230373643124711e-01
1.672098310848003921e-01
1.672584250714906351e-01
1.672584250715740684e-01
1.673527355784763249e-01
1.674249113899143604e-01
1.675527144219974840e-01
1.675613284894802157e-01
1.675613284895446087e-01
1.675793550407610744e-01
1.675793550408549992e-01
1.675794746430023796e-01
1.676833265755778568e-01
1.677664719978997077e-01
1.677664719980219987e-01
1.678679153793064260e-01
1.681269394325361488e-01
1.681269394326283806e-01
1.681701744126688769e-01
1.681701744128842047e-01
1.682331454606839360e-01
1.682460589196927980e-01
1.682460589200332757e-01
1.684563522477866560e-01
1.684563522477930675e-01
1.685555262698109347e-01
1.687669106556732024e-01
1.687669106557098675e-01
1.688301926401713227e-01
1.688301926403368014e-01
1.688408307130254971e-01
1.688408307131344932e-01
1.690063840193921918e-01
1.691513546695153358e-01
1.691519472957978831e-01
1.691908883080653625e-01
1.692156076279423549e-01
1.692156076279895949e-01
1.693967680347946425e-01
1.696410416159747081e-01
1.696410416160690493e-01
1.696768487911030909e-01
1.696768487911345380e-01
1.696829240673020378e-01
1.696829240674611605e-01
1.697523561564057148e-01
1.699239859394799657e-01
1.699239859396101393e-01
1.699331273926569796e-01
1.700902875646211343e-01
1.700902875646900791e-01
1.701468892973520275e-01
1.701662094981174767e-01
1.701662094982259454e-01
1.702459527374476922e-01
1.703203642337415280e-01
1.703203642337708656e-01
1.704314849395537901e-01
1.704314849396643128e-01
1.706644749403414540e-01
1.706644749403590233e-01
1.708685302261239713e-01
1.708685302261781780e-01
1.708871771907221337e-01
1.708871771907388426e-01
1.710096589287279645e-01
1.711191706132234591e-01
1.711191706133043111e-01
1.712070873683547712e-01
1.712070873684111427e-01
1.712282938793760478e-01
1.712282938794416065e-01
1.712856003487861212e-01
1.713538196574810601e-01
1.713538196577562567e-01
1.716875682871673858e-01
1.716875682872106845e-01
1.718176388045085656e-01
1.718456451228609072e-01
1.718456451230034321e-01
1.718955209103146253e-01
1.718955209105050841e-01
1.720320821349790030e-01
1.720320821350440899e-01
1.720359009285357121e-01
1.720359009286777374e-01
1.720444585712627428e-01
1.721419096134475524e-01
1.721419096135705928e-01
1.721755685147936532e-01
1.721755685149729265e-01
1.721950582385506356e-01
1.722964068171652929e-01
1.722964068171911889e-01
1.723122963248510942e-01
1.723122963249355821e-01
1.723947048608171773e-01
1.723947048608735766e-01
1.725383633659312577e-01
1.725399232936634664e-01
1.727507079768938469e-01
1.728336905761664599e-01
1.728336905762808406e-01
1.729042580082281455e-01
1.729234845855549263e-01
1.729234845857275937e-01
1.730207702813054971e-01
1.730207702816741466e-01
1.730631020730383773e-01
1.732126306109857128e-01
1.733597653431343533e-01
1.733787409160787440e-01
1.733787409161536563e-01
1.735017669024418729e-01
1.735017669025986642e-01
1.736314116517703732e-01
1.736552707770575299e-01
1.736552707771504833e-01
1.736878268155900851e-01
1.736878268158136840e-01
1.739129152335592288e-01
1.739129152335931738e-01
1.739150918871028850e-01
1.740426213606613426e-01
1.740426213607719763e-01
1.740498331152814382e-01
1.740710930731735051e-01
1.740710930733671835e-01
1.741743865860836404e-01
1.741743865861483942e-01
1.742921626241008826e-01
1.742921626242785182e-01
1.744641753685225449e-01
1.744641753686266838e-01
1.745378467314354642e-01
1.745528385691174911e-01
1.745734835011325814e-01
1.745734835012186792e-01
1.745765733517683771e-01
1.746346909346493115e-01
1.746346909347109566e-01
1.747735118238474550e-01
1.747735118239324981e-01
1.747952465628360430e-01
1.747952465630189522e-01
1.748181538223615161e-01
1.748181538224457265e-01
1.750259955879392704e-01
1.750259955879938656e-01
1.751982124494425030e-01
1.751982124495021498e-01
1.751994136779165545e-01
1.754708652072045072e-01
1.754882126323918101e-01
1.755712460254445217e-01
1.756170539707220812e-01
1.756170539707976319e-01
1.756838974030921763e-01
1.756838974031146583e-01
1.757809356551400526e-01
1.757817130629657776e-01
1.757817130630001390e-01
1.758363479128606521e-01
1.758614438893559007e-01
1.758614438895096388e-01
1.760020312539007092e-01
1.760020312539860576e-01
1.760849948792461706e-01
1.762487162354483827e-01
1.762487162355703962e-01
1.762911192310423758e-01
1.763345236707092589e-01
1.765844785608945700e-01
1.765911966865936489e-01
1.765911966866203497e-01
1.766796978055977796e-01
1.766796978056794920e-01
1.767619246568065683e-01
1.767637743359711799e-01
1.767769350149423491e-01
1.768067007616746789e-01
1.768067007616916930e-01
1.769125762291089421e-01
1.769125762292237947e-01
1.769353056443231653e-01
1.769353056443785377e-01
1.772094870383071619e-01
1.772094870384187670e-01
1.772648828566448231e-01
1.772648828568253176e-01
1.773739489848482342e-01
1.773739489849063267e-01
1.775513745608462146e-01
1.775513745609809402e-01
1.776404945797959989e-01
1.776404945798359114e-01
1.777119885519753972e-01
1.777119885520818121e-01
1.777280032636104901e-01
1.777280032637232610e-01
1.777496641327307170e-01
1.777496641327753202e-01
1.777610448510718866e-01
1.778731837515514780e-01
1.779309238095158896e-01
1.780125083352968318e-01
1.780125083353398807e-01
1.781049903647578259e-01
1.781049903648714294e-01
1.781762469711217212e-01
1.781762469712532548e-01
1.783463004151328579e-01
1.783463004152382181e-01
1.784534980831475881e-01
1.786645987802076285e-01
1.786645987803175406e-01
1.786960730220381877e-01
1.786960730220855387e-01
1.787804373046650575e-01
1.788429971177220301e-01
1.788429971177986078e-01
1.790195340349000075e-01
1.791399687972872468e-01
1.791399687973655730e-01
1.792523675412312223e-01
1.792523675414328388e-01
1.792795562204977378e-01
1.792795562206456195e-01
1.794782035193517589e-01
1.796455548979533912e-01
1.796455548980565864e-01
1.796614230200913320e-01
1.798060081561541901e-01
1.798060081562838919e-01
1.800002555832647955e-01
1.800002555833395967e-01
1.800353684972232637e-01
1.800353684974057011e-01
1.801011307491756919e-01
1.801011307493061431e-01
1.801037182419436555e-01
1.802780593387974806e-01
1.803054873483328213e-01
1.803054873484675469e-01
1.803487356443800316e-01
1.803487356444408440e-01
1.803706952418862586e-01
1.803946426093233635e-01
1.807344595200135462e-01
1.807344595201268167e-01
1.809351320666731933e-01
1.810646516187933708e-01
1.811321178751870709e-01
1.812891929709986027e-01
1.813620528931871034e-01
1.813620528933182208e-01
1.814056242458356727e-01
1.814056242460412027e-01
1.814174674087282724e-01
1.814174674088387951e-01
1.815752606725027640e-01
1.815752606725640483e-01
1.816634865436936030e-01
1.816634865437738444e-01
1.818395461293511872e-01
1.818395461295307380e-01
1.820040762456907879e-01
1.820346758929622666e-01
1.820346758930412590e-01
1.822023931999942337e-01
1.822023932000050306e-01
1.822569749921360283e-01
1.822569749922378080e-01
1.824698133601432570e-01
1.824698133602822014e-01
1.825075085125516805e-01
1.825112937373944144e-01
1.825160447814170028e-01
1.825160447816329967e-01
1.826374274065427628e-01
1.826374274066863146e-01
1.827741351759095967e-01
1.828632285417434722e-01
1.828632285417904069e-01
1.829891139141598677e-01
1.829891139142476308e-01
1.831765741127999725e-01
1.831890671800547321e-01
1.831890671801230941e-01
1.832741161347252457e-01
1.832764405455712120e-01
1.832764405457085188e-01
1.833362047199649236e-01
1.834278534818340745e-01
1.834278534819248352e-01
1.835414489903054169e-01
1.835414489904284574e-01
1.836077374506344673e-01
1.836077374507275872e-01
1.837396837995887156e-01
1.837643189460142767e-01
1.837643189460678728e-01
1.838396814479185959e-01
1.838396814479711650e-01
1.839054910502103679e-01
1.839054910503247764e-01
1.841251989009237700e-01
1.841581597020484906e-01
1.841581597021356431e-01
1.843476378870174126e-01
1.844832270174779076e-01
1.844832270176040290e-01
1.846711745159880791e-01
1.847025842271741436e-01
1.848901202923361464e-01
1.850090612777602062e-01
1.850090612778707011e-01
1.850736564568112585e-01
1.851549796266662995e-01
1.852141007132291628e-01
1.852528182451182726e-01
1.852528182452348460e-01
1.854821184456375005e-01
1.855456560430359392e-01
1.855456560431843205e-01
1.856186340918698219e-01
1.856186340919344646e-01
1.856292868550600272e-01
1.857413873296376305e-01
1.857413873297158180e-01
1.858379837773840582e-01
1.858379837774500054e-01
1.858741533901299148e-01
1.858743791306176063e-01
1.858743791306991522e-01
1.860623464239421210e-01
1.860623464241276670e-01
1.860893380131372621e-01
1.860893380132301878e-01
1.862926747366838998e-01
1.862926747367975033e-01
1.863398166383930799e-01
1.863398166384554466e-01
1.863778945879758508e-01
1.863778945880949500e-01
1.864110106349986529e-01
1.864731245120623826e-01
1.866446271949608049e-01
1.866540635218909283e-01
1.866540635220365896e-01
1.868096423688517249e-01
1.868688248343783609e-01
1.868688248344360092e-01
1.868768056671961109e-01
1.868768056672663880e-01
1.869049577985365529e-01
1.869049577986109933e-01
1.871214653203094880e-01
1.871214653204036071e-01
1.872701315478051964e-01
1.872701315478756123e-01
1.872718684605654826e-01
1.872815065348210906e-01
1.872815065349097141e-01
1.873400083339140099e-01
1.873827646149899273e-01
1.873827646150795778e-01
1.876905918277865792e-01
1.877723214085337822e-01
1.878149381510289539e-01
1.878176263282339553e-01
1.878176263284330183e-01
1.879610080657777571e-01
1.881257022767464926e-01
1.881257022770226051e-01
1.881509687359050331e-01
1.882798473443444698e-01
1.882798473444236287e-01
1.884102155548273705e-01
1.884260856636891523e-01
1.884260856638033943e-01
1.884578150280149800e-01
1.884578150281306652e-01
1.885339333678435203e-01
1.885339333680171592e-01
1.886372985906600852e-01
1.886658033431991566e-01
1.886658033432696835e-01
1.887197493606051213e-01
1.887197493606669607e-01
1.890123002944362196e-01
1.891498869745848188e-01
1.891498869746502942e-01
1.891691620155749320e-01
1.892746038957028309e-01
1.892746038958551535e-01
1.893193171111227646e-01
1.893592256154488507e-01
1.893592256155381404e-01
1.894277456687427363e-01
1.894526507300968998e-01
1.894526507302070062e-01
1.897873967518520222e-01
1.897873967519044247e-01
1.898135239834486954e-01
1.899407333567044998e-01
1.899923665718849797e-01
1.900230569643467926e-01
1.900230569644297540e-01
1.900600502667486869e-01
1.901154412010460371e-01
1.901492805428206534e-01
1.901492805428998678e-01
1.902899305560840360e-01
1.903348190221612612e-01
1.903348190222837744e-01
1.903761534517501852e-01
1.903761534517837417e-01
1.906734458322459635e-01
1.906734458322932313e-01
1.907088334360846626e-01
1.907088334362559423e-01
1.908967487632402538e-01
1.908967487632769744e-01
1.909808917923672689e-01
1.909808917923965510e-01
1.910665105121693019e-01
1.910863757119475037e-01
1.910863757120767059e-01
1.913157045770798037e-01
1.913157045772240494e-01
1.914806915350245609e-01
1.914806915351798533e-01
1.915053129008694455e-01
1.915053129009915145e-01
1.917377784548298381e-01
1.917413308476648703e-01
1.917413308478712608e-01
1.919110701876077796e-01
1.920266984933387544e-01
1.922413027106320560e-01
1.922682784683131252e-01
1.922682784683792667e-01
1.924529249092250816e-01
1.924529249093276939e-01
1.924767661966186316e-01
1.924767661967540788e-01
1.925967337834032234e-01
1.925967337835166049e-01
1.927280678027965544e-01
1.927280678031120520e-01
1.927688507535665341e-01
1.927688507536979567e-01
1.929963962157676405e-01
1.929963962159086943e-01
1.930028971076299671e-01
1.930028971077056288e-01
1.932341164114959875e-01
1.932341164115863319e-01
1.932453581908984697e-01
1.932453581909351903e-01
1.933409837583596191e-01
1.933409837585225721e-01
1.933808483255849697e-01
1.934068673656439141e-01
1.934130134338333806e-01
1.934133023194971601e-01
1.934882411931638513e-01
1.934882411932403179e-01
1.936118627719175811e-01
1.936118627719472796e-01
1.936549949245524038e-01
1.937698245899175109e-01
1.937698245900106864e-01
1.939647359900753543e-01
1.939647359900936452e-01
1.942375303108258566e-01
1.942375303109156182e-01
1.942527909315669155e-01
1.942527909316749124e-01
1.943454814432559741e-01
1.943454814433870914e-01
1.944741743707877613e-01
1.944741743709709481e-01
1.945075973107011358e-01
1.945075973107485978e-01
1.945895352630799824e-01
1.946005491849618907e-01
1.946500266726270689e-01
1.946500266728318773e-01
1.948965799467075044e-01
1.948965799467218263e-01
1.949727397367055637e-01
1.950186351885464242e-01
1.950186351885822844e-01
1.950203823946578541e-01
1.950513967741016041e-01
1.951165950966188833e-01
1.952024475907926659e-01
1.952024475908602785e-01
1.952837775104627194e-01
1.952837775105643880e-01
1.954456768159153202e-01
1.957073195049936765e-01
1.957073195050932080e-01
1.957942676125342951e-01
1.957942676125616899e-01
1.958258677742264753e-01
1.958393954953639160e-01
1.958393954955206795e-01
1.958411565508088314e-01
1.958448925776302418e-01
1.958448925776697380e-01
1.959674045881369397e-01
1.959674045882044968e-01
1.959812560768621481e-01
1.959812560769930434e-01
1.962594845825745282e-01
1.962883540662906934e-01
1.964028672643332030e-01
1.964566464194800188e-01
1.964871888060120142e-01
1.964883172564845237e-01
1.966108336623700881e-01
1.966108336624713682e-01
1.967250800289142842e-01
1.967250800289649937e-01
1.968232969940754695e-01
1.969365598678393670e-01
1.969413265405556279e-01
1.969413265407326807e-01
1.970246763135032331e-01
1.970246763135552193e-01
1.970254596892715149e-01
1.970254596893314669e-01
1.970975606087319587e-01
1.971821153039187979e-01
1.971821153039932661e-01
1.971864521099882528e-01
1.971864521101708567e-01
1.973199059785726850e-01
1.973199059786776843e-01
1.973716122003384699e-01
1.973716122004291751e-01
1.974222345819883762e-01
1.976307517999734975e-01
1.976307518000297303e-01
1.976310220657293559e-01
1.976310220657728489e-01
1.976985301743124368e-01
1.978794647741554114e-01
1.978794647742609103e-01
1.978916513462978255e-01
1.979278949039784130e-01
1.979647325159041293e-01
1.979647325159403504e-01
1.981203820023224871e-01
1.981203820023695605e-01
1.981491664324449009e-01
1.981491664326265056e-01
1.982265168860113669e-01
1.982265168861367943e-01
1.985673332487508658e-01
1.985673332487905840e-01
1.986131987034778501e-01
1.986131987036683089e-01
1.989061301148498662e-01
1.989061301149630812e-01
1.989281272644005116e-01
1.990409900397134280e-01
1.990409900398101839e-01
1.992107538392270671e-01
1.992107538392873245e-01
1.992329779363274100e-01
1.994057040386102708e-01
1.994057040386487401e-01
1.994352505492371919e-01
1.994352505494290662e-01
1.995482874443768317e-01
1.995482874443975374e-01
2.000064112844969766e-01
2.000064112845321707e-01
2.001005403754171352e-01
2.001005403755481693e-01
2.003316422744343683e-01
2.003316422744913505e-01
2.004353833363927972e-01
2.004797613734332906e-01
2.004797613735818107e-01
2.005150471847282345e-01
2.005150471848619886e-01
2.005747655603043744e-01
2.006445095762004749e-01
2.006723618303799250e-01
2.006744639317564471e-01
2.006744639318891188e-01
2.007107223342514957e-01
2.007107223343742863e-01
2.008347234323482056e-01
2.008347234324193986e-01
2.008972974000287626e-01
2.009737648134977683e-01
2.009737648136958321e-01
2.010144077617158076e-01
2.014288601272029577e-01
2.014621432618644847e-01
2.015309839060607511e-01
2.015309839062024988e-01
2.015362327185994396e-01
2.016464374265605763e-01
2.016464374268107373e-01
2.017120423680275609e-01
2.017120423682870756e-01
2.019359294075230571e-01
2.019359294076220612e-01
2.019396568163205341e-01
2.019396568164658345e-01
2.019848108922256691e-01
2.021588728999997309e-01
2.021588729000969864e-01
2.025119682181274749e-01
2.025614704376774711e-01
2.025614704377532715e-01
2.025918875472823566e-01
2.025918875473481928e-01
2.026511586323468395e-01
2.027826840469139080e-01
2.027826840469955927e-01
2.030108508902528919e-01
2.030108508904043541e-01
2.030725092337512805e-01
2.030725092339246418e-01
2.031938592699913115e-01
2.032594378884621245e-01
2.032594378886364850e-01
2.034016597218469558e-01
2.034951737938381078e-01
2.034951737939611482e-01
2.035601339961023715e-01
2.035601339961511658e-01
2.036232001725236940e-01
2.036232001727087126e-01
2.036787844856612628e-01
2.036787844857106955e-01
2.037489748321631988e-01
2.039077758550724428e-01
2.040088978853976942e-01
2.040088978854911195e-01
2.040239999634269052e-01
2.040239999635908297e-01
2.040776979433743255e-01
2.040776979434452687e-01
2.041994730822680459e-01
2.041994730824009119e-01
2.044078358323563049e-01
2.044078358325294720e-01
2.045307914148623285e-01
2.045508974594187346e-01
2.045565043152670348e-01
2.045565043154504437e-01
2.045643088156789136e-01
2.045643088157972911e-01
2.047058518603287192e-01
2.047058518605289756e-01
2.048841686303589926e-01
2.049865191988188007e-01
2.049865191989628244e-01
2.051535534889942503e-01
2.051597948753084155e-01
2.051966490039273117e-01
2.051966490040277313e-01
2.055349237237822091e-01
2.055349237239277316e-01
2.056461132076585208e-01
2.057141487492117060e-01
2.058059505283910129e-01
2.059197542663434854e-01
2.059197542664413516e-01
2.060454417756522882e-01
2.060454417757055512e-01
2.060636566057872654e-01
2.060636566058565988e-01
2.063104441119251453e-01
2.063104441119932853e-01
2.063720808778470861e-01
2.063720808779225258e-01
2.063991982381840340e-01
2.064427482785304024e-01
2.065606958797444603e-01
2.065606958797945591e-01
2.067880567186513585e-01
2.067880567187276308e-01
2.069098569324960279e-01
2.069296013260795430e-01
2.069296013261278100e-01
2.069536876934841008e-01
2.070584397837679780e-01
2.070584397837878787e-01
2.071215692767093552e-01
2.071215692767645056e-01
2.072456925005676798e-01
2.072456925006157524e-01
2.074231163051280247e-01
2.074231163051601379e-01
2.074354631473046828e-01
2.074354631475215649e-01
2.074638963479669418e-01
2.075434506135289958e-01
2.075434506136138446e-01
2.075690809245293589e-01
2.077204280690591598e-01
2.077204280691059279e-01
2.078185926833526487e-01
2.078185926834816011e-01
2.078187784187193743e-01
2.079305993368834038e-01
2.080080991844800720e-01
2.080080991846084137e-01
2.080350367869158723e-01
2.080350367870728578e-01
2.082291347235959156e-01
2.082291347237493206e-01
2.083682773155140500e-01
2.083682773156000090e-01
2.084726680121770370e-01
2.084737319740418426e-01
2.084789341154732745e-01
2.084886207633787070e-01
2.086028295953915312e-01
2.086246620639912175e-01
2.086246620640269667e-01
2.087896688422596347e-01
2.087896688423140357e-01
2.088259944951733615e-01
2.088259944952219893e-01
2.088393502051359429e-01
2.090111965586786691e-01
2.090842797452965030e-01
2.090842797454301183e-01
2.091511546982542935e-01
2.091511546983679803e-01
2.093004948380939312e-01
2.093004948382408970e-01
2.094016567182026001e-01
2.094016567183058231e-01
2.096611525509180229e-01
2.096611525510169438e-01
2.097941611896982084e-01
2.098135876560937585e-01
2.098707389737483886e-01
2.098707389739857543e-01
2.101666494857422629e-01
2.101666494859412981e-01
2.102926023731399585e-01
2.102926023732894223e-01
2.104130937831733272e-01
2.104645622497066659e-01
2.104862540806712312e-01
2.104862540807342641e-01
2.105546625354310641e-01
2.105546625355942947e-01
2.109170785752220167e-01
2.109170785752785826e-01
2.111718519263083849e-01
2.111718519265154137e-01
2.113572541619193057e-01
2.113572541620515888e-01
2.115434881461239758e-01
2.115434881462516237e-01
2.117861187984931004e-01
2.117861187985275451e-01
2.118722904233251991e-01
2.118722904234310589e-01
2.119437079114678268e-01
2.119437079116562039e-01
2.120819236878151715e-01
2.120819236878773995e-01
2.121247871426387432e-01
2.121966011128771645e-01
2.121966011128878782e-01
2.122734188630421015e-01
2.122734188632706687e-01
2.123937573074161367e-01
2.127797336707393239e-01
2.127797336709085774e-01
2.128023040946872280e-01
2.128023040948214817e-01
2.128681849455671959e-01
2.128681849455867914e-01
2.130165279648390808e-01
2.130165279648849053e-01
2.131034697187204618e-01
2.132105159913672832e-01
2.133705738918030004e-01
2.133705738919842720e-01
2.134051054909125722e-01
2.134051054910094947e-01
2.134300706905378209e-01
2.134545802087851052e-01
2.134545802089479194e-01
2.136226085338415737e-01
2.136226085339207048e-01
2.137668135541858083e-01
2.137749865128446003e-01
2.137749865129842941e-01
2.139969371933258535e-01
2.139969371934275777e-01
2.140209072684545466e-01
2.140209072685432812e-01
2.140374067729648722e-01
2.141671898027302234e-01
2.141671898028044141e-01
2.143902737132885872e-01
2.143902737133965841e-01
2.144659266806637210e-01
2.144659266807525666e-01
2.145108591491665107e-01
2.145108591493385397e-01
2.146177768518585383e-01
2.146177768519013651e-01
2.146716219860516361e-01
2.147481976823818195e-01
2.147481976825277861e-01
2.147904382648695432e-01
2.147910051582385127e-01
2.147910051583027113e-01
2.149603525771826840e-01
2.149603525772998958e-01
2.150039631934257123e-01
2.150163553799059324e-01
2.150579510210649525e-01
2.150579510213297407e-01
2.151001013546735008e-01
2.153724993023510004e-01
2.154671833594349051e-01
2.154671833595204478e-01
2.156497877141641817e-01
2.156497877142410369e-01
2.156943790511853809e-01
2.157704317791503401e-01
2.160033019134622312e-01
2.160033019135391696e-01
2.160612719785241498e-01
2.160612719787305680e-01
2.161281812725677764e-01
2.161281812726015827e-01
2.161647760923951500e-01
2.161647760924239881e-01
2.163584474186432127e-01
2.164867561896330894e-01
2.165246936273178269e-01
2.167776178027723266e-01
2.167776178028379686e-01
2.172034573883308561e-01
2.172034573883816488e-01
2.173044275200297915e-01
2.173044275201445330e-01
2.173801910289180905e-01
2.173801910289993311e-01
2.175292188327670739e-01
2.175746805725259081e-01
2.175762686574935767e-01
2.175762686575522797e-01
2.177593049221682453e-01
2.177593049223566224e-01
2.179702670921949137e-01
2.179702670923085728e-01
2.179757627984591217e-01
2.179757627985505208e-01
2.181757729401736234e-01
2.181757729402796220e-01
2.182031263610569871e-01
2.182031263611598215e-01
2.182261157843068955e-01
2.182261157843329025e-01
2.183816925601085868e-01
2.183965214978172142e-01
2.185030943328677977e-01
2.185030943329014375e-01
2.187118334168743350e-01
2.187690333414612220e-01
2.187690333415306665e-01
2.189856174725145210e-01
2.189856174727806137e-01
2.190251137076522636e-01
2.190251137077481591e-01
2.190267505372032741e-01
2.190267505373451884e-01
2.193728684258377248e-01
2.193728684259104444e-01
2.199118786597694108e-01
2.199118786599225661e-01
2.199480841800349473e-01
2.199678104577123261e-01
2.199678104578323967e-01
2.200684663514385908e-01
2.200684663515474759e-01
2.200964285046615732e-01
2.200964285047306845e-01
2.201311718225189562e-01
2.203191377106097082e-01
2.204484649871552848e-01
2.205634135802940210e-01
2.205765212998222757e-01
2.206668918693337478e-01
2.206668918693998338e-01
2.207065296389312536e-01
2.207065296390448850e-01
2.211594097745807619e-01
2.212446698919646459e-01
2.212446698921039789e-01
2.212974950054856782e-01
2.212974950055424384e-01
2.215159500504970125e-01
2.215159500506264645e-01
2.215550617307352477e-01
2.215550617308501558e-01
2.215908827380295432e-01
2.217506859827550469e-01
2.217836973833597347e-01
2.218864271435261326e-01
2.218864271435910529e-01
2.220263637860725725e-01
2.220388215979482438e-01
2.221433815401546163e-01
2.221433815403733580e-01
2.221466811718739165e-01
2.221763185547243891e-01
2.222422101378126735e-01
2.222422101379033788e-01
2.223258130850820080e-01
2.223258130852191483e-01
2.224176663840833346e-01
2.224176663842573620e-01
2.225656578359430926e-01
2.225656578360105387e-01
2.226592623846320174e-01
2.227125974645725592e-01
2.227125974647022055e-01
2.227894931674571921e-01
2.228821411400484509e-01
2.229941202097644459e-01
2.229941202097784070e-01
2.230120103651580532e-01
2.230120103651965779e-01
2.232111161474499839e-01
2.232111161475555938e-01
2.232136450176344378e-01
2.232136450177347187e-01
2.232184501624605855e-01
2.232184501627553219e-01
2.234680885299488162e-01
2.234680885300019126e-01
2.235101441518367871e-01
2.235101441518658472e-01
2.236415132755039392e-01
2.236415132755937840e-01
2.237227530295315681e-01
2.238260757052865368e-01
2.238260757057866368e-01
2.238540251770966272e-01
2.238540251772165035e-01
2.238877607343634502e-01
2.238877607344249288e-01
2.242815159212383502e-01
2.242815159212823983e-01
2.242920683789025316e-01
2.242920683791257419e-01
2.243353597760430473e-01
2.247192420671687563e-01
2.247192420672463331e-01
2.247554996234032987e-01
2.247554996234286950e-01
2.248428236238563527e-01
2.248793752812260904e-01
2.249131078200048428e-01
2.249131078202024625e-01
2.251736671964360004e-01
2.251736671965375580e-01
2.251855534861019748e-01
2.251855534861949837e-01
2.251968122727333599e-01
2.252486596111755723e-01
2.252486596113093542e-01
2.252836648494159211e-01
2.252836648494841720e-01
2.255854318236987233e-01
2.258117310091530272e-01
2.258117310091918850e-01
2.258126896505828207e-01
2.258738071595287056e-01
2.260223879855453311e-01
2.260223879856384233e-01
2.261962354519475027e-01
2.261962354521107887e-01
2.264199620148781289e-01
2.264332297054912624e-01
2.264332297055904331e-01
2.264379147495302336e-01
2.264654143954401566e-01
2.264654143955275312e-01
2.264680899568219663e-01
2.265408547437410547e-01
2.265408547438835518e-01
2.265444126376214562e-01
2.267031014588226090e-01
2.267267916185924381e-01
2.267382132375375392e-01
2.267382132376358495e-01
2.268427802995883202e-01
2.268427802997559362e-01
2.271342990870515721e-01
2.273105219135006794e-01
2.273105219136201394e-01
2.273570104912420731e-01
2.273570104913190393e-01
2.274457309049373599e-01
2.275302972237815968e-01
2.275302972238779087e-01
2.275691257401892265e-01
2.276527410747949953e-01
2.276919260463094175e-01
2.276919260463806105e-01
2.277871176357793292e-01
2.277871176358606808e-01
2.280281090959108414e-01
2.280281090959405677e-01
2.281215065992065194e-01
2.281215065993080493e-01
2.281915982603338611e-01
2.281915982604302007e-01
2.282345667890550989e-01
2.282345667892276553e-01
2.282763130404817098e-01
2.283810290469195925e-01
2.285349307064592494e-01
2.285349307065716318e-01
2.286789439791215017e-01
2.286789439793178724e-01
2.287962872053742047e-01
2.287962872054777608e-01
2.288153005870020851e-01
2.288908769947043953e-01
2.288908769947235744e-01
2.290104024508642089e-01
2.290938823958149628e-01
2.290938823958676152e-01
2.292773533644112960e-01
2.292773533645905970e-01
2.293711931026401751e-01
2.293711931028070972e-01
2.294219766074085676e-01
2.294219766074918898e-01
2.295116659756397670e-01
2.295865118732141885e-01
2.296798911773484664e-01
2.296798911773985374e-01
2.298763190508926468e-01
2.298763190509503507e-01
2.300076893472125794e-01
2.300076893472992046e-01
2.302441482727514976e-01
2.302441482731293620e-01
2.302664226513946311e-01
2.302737629295977806e-01
2.303434474783851438e-01
2.303461208650041114e-01
2.304217188912602854e-01
2.305237353051168003e-01
2.305666994141983006e-01
2.305666994142500648e-01
2.308504912998110281e-01
2.308504912999038983e-01
2.310042128582639187e-01
2.310049877299982513e-01
2.310050713348726636e-01
2.310358671883694093e-01
2.311159442291601251e-01
2.311159442292384514e-01
2.312464432893206467e-01
2.312899232645420078e-01
2.312899232646953296e-01
2.313321175369561500e-01
2.313499748409720835e-01
2.313499748411430856e-01
2.313989523402969206e-01
2.313989523403618687e-01
2.315458500077615112e-01
2.316598853899422827e-01
2.316598853900651567e-01
2.318070994116892269e-01
2.319180464162027555e-01
2.319180464163153321e-01
2.320374737907663909e-01
2.320374737908589835e-01
2.321414587559236520e-01
2.321414587560222398e-01
2.324578036369563949e-01
2.325050196117779411e-01
2.325050196118689516e-01
2.325803148517039676e-01
2.326044807084848565e-01
2.328808816150891026e-01
2.328808816152171945e-01
2.329718714807642865e-01
2.329718714808161895e-01
2.330891213298671438e-01
2.330891213299782216e-01
2.331729041782043266e-01
2.331729041782819589e-01
2.332913106592233721e-01
2.333248150136799370e-01
2.334946330535100090e-01
2.336783195638436894e-01
2.336836773547003587e-01
2.337569915963167988e-01
2.337569915964705092e-01
2.338396931886720653e-01
2.338396931888306607e-01
2.342228390770968172e-01
2.342228390772274904e-01
2.343177248463904072e-01
2.343177248465763418e-01
2.344028338766492581e-01
2.344028338767451536e-01
2.345178229431055528e-01
2.345178229432103578e-01
2.346558826393306818e-01
2.346845313952868606e-01
2.346845313954294410e-01
2.347521470094287022e-01
2.348224420548470359e-01
2.348488175022534485e-01
2.348488175023488445e-01
2.349878519651028286e-01
2.349878519652297271e-01
2.350028528179860521e-01
2.350028528180281295e-01
2.350032354127570833e-01
2.351457077277328833e-01
2.351485587794062693e-01
2.351493040081925889e-01
2.352373294549832961e-01
2.352373294550983984e-01
2.355382584097879539e-01
2.355382584099849630e-01
2.357146378832103983e-01
2.357146378832740419e-01
2.357166601119874971e-01
2.357166601120145588e-01
2.358699452241407313e-01
2.358699452242294103e-01
2.361432524911800113e-01
2.361432524912294717e-01
2.361537108517323125e-01
2.361537108519868866e-01
2.362135384910890035e-01
2.362326243967390882e-01
2.362326243968080053e-01
2.362489284561672953e-01
2.364140469308918524e-01
2.364140469310764825e-01
2.364179203624198478e-01
2.364944708016141206e-01
2.364944708016323560e-01
2.365381721974176565e-01
2.365381721976467511e-01
2.366948477450381283e-01
2.366948477451871480e-01
2.367095066879863208e-01
2.367356355257604350e-01
2.367361302437311354e-01
2.367361302438613369e-01
2.369121122383189004e-01
2.369121122385467737e-01
2.372347811905341775e-01
2.372608686233356745e-01
2.372924137758599950e-01
2.372924137759881702e-01
2.373536553669198246e-01
2.374142244273807767e-01
2.374142244274833613e-01
2.375743776988723521e-01
2.375749334466754348e-01
2.375749334467841534e-01
2.380500389587331678e-01
2.380820712286044472e-01
2.380820712286851049e-01
2.386978171356536893e-01
2.386978171357592993e-01
2.389150253998009732e-01
2.389150253999753615e-01
2.390969637586233543e-01
2.393061907337455663e-01
2.393061907338255856e-01
2.393104088651341332e-01
2.393104088652068251e-01
2.393322008496115427e-01
2.394015954952792014e-01
2.394106920733866384e-01
2.394106920734112853e-01
2.395297088201810143e-01
2.395297088202837932e-01
2.395711607184346226e-01
2.395711607186730152e-01
2.397134342719976774e-01
2.397134342721425060e-01
2.397630038871304547e-01
2.398193758288324762e-01
2.398193758290078914e-01
2.398299712121042537e-01
2.398299712122204941e-01
2.399615851840133651e-01
2.399615851841601366e-01
2.400027356125805089e-01
2.400056936027101517e-01
2.400365436422401688e-01
2.401806973886990992e-01
2.402200017347554950e-01
2.402200017348074812e-01
2.403296795504636096e-01
2.403296795505740768e-01
2.403726265979780341e-01
2.403726265980348220e-01
2.405506130956700794e-01
2.406859460237514015e-01
2.408108876305477541e-01
2.408108876305735113e-01
2.409648402400948464e-01
2.409648402401090572e-01
2.409869076014450606e-01
2.410346879223311534e-01
2.410346879224088412e-01
2.410844620057045196e-01
2.410844620057471521e-01
2.412974716466568526e-01
2.413267378781208117e-01
2.413267378782384953e-01
2.413597555614152013e-01
2.413597555616655010e-01
2.414327663026826776e-01
2.414819287737490217e-01
2.414819287738745046e-01
2.414876260593010193e-01
2.415910492046249858e-01
2.417097905533831248e-01
2.417097905535555147e-01
2.417328779023063534e-01
2.419442726624007056e-01
2.419442726625188056e-01
2.421105602221619302e-01
2.421883613483138409e-01
2.421883613484644149e-01
2.422579111021060660e-01
2.422579111021818665e-01
2.423018749396621541e-01
2.423661574935019880e-01
2.423661574936649965e-01
2.424735868361732605e-01
2.428271242757988890e-01
2.428271242759198201e-01
2.428371773429701674e-01
2.428371773430293423e-01
2.432884756710766150e-01
2.432884756711231333e-01
2.432981485039306668e-01
2.432981485040413561e-01
2.433361024795901439e-01
2.433704792176301646e-01
2.433704792178182363e-01
2.434701013470079722e-01
2.434701013470706998e-01
2.436973524039168226e-01
2.436973524040204342e-01
2.437424533311932373e-01
2.437838844347698652e-01
2.437838844348796108e-01
2.438195347043201067e-01
2.438195347043810302e-01
2.438723252266802310e-01
2.438723252267896713e-01
2.440213011295305490e-01
2.441858337819351465e-01
2.441858337821463387e-01
2.443740249547419752e-01
2.443740249548372878e-01
2.443745981402501710e-01
2.443745981402772605e-01
2.444861787373910633e-01
2.445125118736323488e-01
2.445125118736932168e-01
2.445426209807249063e-01
2.445426209809004325e-01
2.445473112092615420e-01
2.446879730083911519e-01
2.446879730084456639e-01
2.447183220862795827e-01
2.447183220863392850e-01
2.447713033446190234e-01
2.447713033447119491e-01
2.448972596270240776e-01
2.449292780793517754e-01
2.449292780793758117e-01
2.450342303584589487e-01
2.450750241954235964e-01
2.452804147244124766e-01
2.452804147244765087e-01
2.453889869732723550e-01
2.453889869733212881e-01
2.454908206025598338e-01
2.454908206026911455e-01
2.456588584495911221e-01
2.458261925432414230e-01
2.458261925433466999e-01
2.458592129669973925e-01
2.458592129670600368e-01
2.460497682154100252e-01
2.460497682156298216e-01
2.461051261056910744e-01
2.461051261058394002e-01
2.461249633026827144e-01
2.465526258319537256e-01
2.467345641216948104e-01
2.467345641218360308e-01
2.468122239740296597e-01
2.468472042555786561e-01
2.468472042556418555e-01
2.468475251879210242e-01
2.468736864498592420e-01
2.469411227338937087e-01
2.469767521617556305e-01
2.469767521620000184e-01
2.469860961107767372e-01
2.473032805040469573e-01
2.473032805041060211e-01
2.473223762937613590e-01
2.474217354873561037e-01
2.475068846323720262e-01
2.475068846325979566e-01
2.476937775639362627e-01
2.476937775639952988e-01
2.477023940713111438e-01
2.477785973466732627e-01
2.477785973467845904e-01
2.479574902540906400e-01
2.480884208418697445e-01
2.480884208419888992e-01
2.481390262079911091e-01
2.482593506904228475e-01
2.483289839008392674e-01
2.483319982961813277e-01
2.484261902673239042e-01
2.484261902673974565e-01
2.485311593748911752e-01
2.485439307831793510e-01
2.485439307832518208e-01
2.485588260674856109e-01
2.485588260676475092e-01
2.486548770215269988e-01
2.486548770216301385e-01
2.487050943604702524e-01
2.487050943605629560e-01
2.488567165514386226e-01
2.488567165514759538e-01
2.489829410883241667e-01
2.489829410884605854e-01
2.491129483624280050e-01
2.491129483625608709e-01
2.491148495315061440e-01
2.491148495315884115e-01
2.493319708478148877e-01
2.493319708479217467e-01
2.493426021172171492e-01
2.493426021172953366e-01
2.495422887228010145e-01
2.495462130392777089e-01
2.495462130393178990e-01
2.495717044700397902e-01
2.495717044701442344e-01
2.495886608788467353e-01
2.497072975808270201e-01
2.498817690242230993e-01
2.498817690244141410e-01
2.500616310716702317e-01
2.500616310717854174e-01
2.500919648048613997e-01
2.502789462735239834e-01
2.502789462736339510e-01
2.503364930756457607e-01
2.503364930758511520e-01
2.503507973681165510e-01
2.506235910641315123e-01
2.506235910643259124e-01
2.506952406984048753e-01
2.506952406984447324e-01
2.507623504287690985e-01
2.508357062378930302e-01
2.509828002575335559e-01
2.509828002575472672e-01
2.511599158522695441e-01
2.512190925746815573e-01
2.512190925747748160e-01
2.515547349072854710e-01
2.515547349073246064e-01
2.515806335701636365e-01
2.515806335702244212e-01
2.517530806167350699e-01
2.517762859872565984e-01
2.517762859874269621e-01
2.517816480024863690e-01
2.521042160277126021e-01
2.521042160278040289e-01
2.521293280844354445e-01
2.522205070402827598e-01
2.522205070404278104e-01
2.524113802214355551e-01
2.524113802215071645e-01
2.524547133133038801e-01
2.524547133133882570e-01
2.525444035194372439e-01
2.525444035194604475e-01
2.527629836061441315e-01
2.527629836062605384e-01
2.527707257397253660e-01
2.527707257398302265e-01
2.529706099096271643e-01
2.529751798816547992e-01
2.529751798816803343e-01
2.530082669922366634e-01
2.530094650290866110e-01
2.530094650292565861e-01
2.531869014049026867e-01
2.531869014051221223e-01
2.535538098869414836e-01
2.535538098869900003e-01
2.536037190744683256e-01
2.536770065837760102e-01
2.536770065838872545e-01
2.539532673691323739e-01
2.539641707096255141e-01
2.540137013231498209e-01
2.540881967220002258e-01
2.542724499327612131e-01
2.542978803225994788e-01
2.542978803226692563e-01
2.542986016002991567e-01
2.542986016003740413e-01
2.543338372819474724e-01
2.543338372820475035e-01
2.544114763916209832e-01
2.544114763917008082e-01
2.544457542898219682e-01
2.544978666890573837e-01
2.546490495107013863e-01
2.546819948412753498e-01
2.546819948414259516e-01
2.548032578532533066e-01
2.548032578532793968e-01
2.548092617651845915e-01
2.548383251753048029e-01
2.549130718901567172e-01
2.549130718902645754e-01
2.549189187213899421e-01
2.549189187215157304e-01
2.550789552694591178e-01
2.550789552694764373e-01
2.551884396950177547e-01
2.552906031358589400e-01
2.553096569378359160e-01
2.553139314548739103e-01
2.553139314550093575e-01
2.553326809570368172e-01
2.553553144058722801e-01
2.553553144059313440e-01
2.555689227898330640e-01
2.555689227900183047e-01
2.556314428291849294e-01
2.556314428292852381e-01
2.556436148968381228e-01
2.556944500350120664e-01
2.557159336056304966e-01
2.557159336059192656e-01
2.557537080635560733e-01
2.558780617658883427e-01
2.558780617659924261e-01
2.558953896958026664e-01
2.560376962672530343e-01
2.560376962674004164e-01
2.562059542335977658e-01
2.562059542336377893e-01
2.565983035013504332e-01
2.566436890409245497e-01
2.566436890409765637e-01
2.567454248762113256e-01
2.569700204249416586e-01
2.569700204249897868e-01
2.570389558407051300e-01
2.570389558410458575e-01
2.571392736344440544e-01
2.571392736344872976e-01
2.571790756222273600e-01
2.571790756224447416e-01
2.572017561609765135e-01
2.572017561610846492e-01
2.573594199976321772e-01
2.573594199977907171e-01
2.574199121641267962e-01
2.574531334720633335e-01
2.575248214914858669e-01
2.578306420531157883e-01
2.578306420531477072e-01
2.578934853663311655e-01
2.578934853663983340e-01
2.579658038594929148e-01
2.580164829980641783e-01
2.580233220875169931e-01
2.580233220875956524e-01
2.582678260341476628e-01
2.582678260341713661e-01
2.584302766124208506e-01
2.584302766125134432e-01
2.585505032248304191e-01
2.585505032249018620e-01
2.587042290124922927e-01
2.588813262936944803e-01
2.588813262937120219e-01
2.591263433428718788e-01
2.591321479381019643e-01
2.591321479382931448e-01
2.591403577533520353e-01
2.592816636299036248e-01
2.593023412014230367e-01
2.593023412014414664e-01
2.594929025069415141e-01
2.594929025070581430e-01
2.596184342903566367e-01
2.596184342904161446e-01
2.597049302952489924e-01
2.597049302953493011e-01
2.601474729728779356e-01
2.601474729729234547e-01
2.602802162628650162e-01
2.603579271328896882e-01
2.603579271330577205e-01
2.604203539255903199e-01
2.604203539256267907e-01
2.604604128955812503e-01
2.604604128957653253e-01
2.605481055713377847e-01
2.606572494501749881e-01
2.607063840162363588e-01
2.607063840164421942e-01
2.609318589297213720e-01
2.610258968909106581e-01
2.610258968910297850e-01
2.610429157521081955e-01
2.612008755546311733e-01
2.612306250100984717e-01
2.612306250102131022e-01
2.612648631038627101e-01
2.613220887992714903e-01
2.613220887992900865e-01
2.613735841264213655e-01
2.613735841265604765e-01
2.614771044886939344e-01
2.614771044887665985e-01
2.615175180407798838e-01
2.615280866603456045e-01
2.615439063655070062e-01
2.616162242088525547e-01
2.616162242089560275e-01
2.618912339315540017e-01
2.618912339319024452e-01
2.620482685071122142e-01
2.620949845145157941e-01
2.620949845145779666e-01
2.621325290954858445e-01
2.621325290955192622e-01
2.621735471311755772e-01
2.621735471312826027e-01
2.621948119593854321e-01
2.621948119595992610e-01
2.623107690121991298e-01
2.626266860732231478e-01
2.626266860733185160e-01
2.628727328348113845e-01
2.628727328349475534e-01
2.629884790475952583e-01
2.629884790477163836e-01
2.630057853839360416e-01
2.630860661019530644e-01
2.631365636996383928e-01
2.634133413729891626e-01
2.634133413731341578e-01
2.634733758922293556e-01
2.635063848881072368e-01
2.635063848882098769e-01
2.635166317285743132e-01
2.635166317286070647e-01
2.636326750323327861e-01
2.636326750324442525e-01
2.637046986601818688e-01
2.637046986603939769e-01
2.637413253378730338e-01
2.637413253379095046e-01
2.637733440739842283e-01
2.638248187646792808e-01
2.638248187647093679e-01
2.638281609275595074e-01
2.638988058433683892e-01
2.638988058434192929e-01
2.640283339615990821e-01
2.640283339617682246e-01
2.641067522329104134e-01
2.641067522329619277e-01
2.642494882582600013e-01
2.642991538663089224e-01
2.642991538664149487e-01
2.643309664744577514e-01
2.643425745074571842e-01
2.643687837158560372e-01
2.643687837159980902e-01
2.644511538543041773e-01
2.646783898728045092e-01
2.648050674900400692e-01
2.648050674901079593e-01
2.648414297265666018e-01
2.648414297266104001e-01
2.648568612000488098e-01
2.650054514503116243e-01
2.651619312088012714e-01
2.651619312088671077e-01
2.652163029254624993e-01
2.652163029256294768e-01
2.653229254774626122e-01
2.655840292642289158e-01
2.655840292644369716e-01
2.656633135254252709e-01
2.656633135254789502e-01
2.656795009831553478e-01
2.656795009832076393e-01
2.657471902944744113e-01
2.658025915243193982e-01
2.660243999461765485e-01
2.660243999463953735e-01
2.661447371444741195e-01
2.661447371444941590e-01
2.663703897043962487e-01
2.663703897044978897e-01
2.664485875546218629e-01
2.664485875547270566e-01
2.664941449819231423e-01
2.665564980280645813e-01
2.666286124012644532e-01
2.666286124013014791e-01
2.666619070025878502e-01
2.666883535529748217e-01
2.666883535530301108e-01
2.667911960700040108e-01
2.668023903415075448e-01
2.668023903416255060e-01
2.669459719124812613e-01
2.670044085775839515e-01
2.670173535928194730e-01
2.670950716554455484e-01
2.670950716554808535e-01
2.671099026866264325e-01
2.671099026866798343e-01
2.673296931071497129e-01
2.673296931071581506e-01
2.673800765742007646e-01
2.673800765742730956e-01
2.674823333129607295e-01
2.674823333131043923e-01
2.675096357439697980e-01
2.675750836488600681e-01
2.676239243892856723e-01
2.676239243893497322e-01
2.677205287270480460e-01
2.677418948923614983e-01
2.677815999510610445e-01
2.677815999511813927e-01
2.678926762379628679e-01
2.678926762381499405e-01
2.679243912464313593e-01
2.679243912464477351e-01
2.685516852674748045e-01
2.685516852676558819e-01
2.686032087404801039e-01
2.686294892152802372e-01
2.687009012969329147e-01
2.687009012969673316e-01
2.687957867084899699e-01
2.687957867085442598e-01
2.688452348695203886e-01
2.688452348695976046e-01
2.689137515204804707e-01
2.689817102787748770e-01
2.689817102788938374e-01
2.690051170734843455e-01
2.690157405295899862e-01
2.690157405296977333e-01
2.691981152726691251e-01
2.691981152727140891e-01
2.694030009548988858e-01
2.694030009549432947e-01
2.695530696857950659e-01
2.696330615109537865e-01
2.696330615110533180e-01
2.696446876738707865e-01
2.696446876740027365e-01
2.697892190155689041e-01
2.698975339435772391e-01
2.699372682977881910e-01
2.699372682979917504e-01
2.700010094512446113e-01
2.700201580766776188e-01
2.700201580768015197e-01
2.700593713690034314e-01
2.700593713690555564e-01
2.703503026041538249e-01
2.703503026043675983e-01
2.703806156503228975e-01
2.703806156505111358e-01
2.703922352614861468e-01
2.703922352615981683e-01
2.705630973854341037e-01
2.706007734188501379e-01
2.706007734189682656e-01
2.706401033121493271e-01
2.707417817017702677e-01
2.707899191226028068e-01
2.707899191227254865e-01
2.708068818120150656e-01
2.708068818121817101e-01
2.708541487100228906e-01
2.708541487101496781e-01
2.710986928354216507e-01
2.710986928354854886e-01
2.714275018240784876e-01
2.714275018241447124e-01
2.715177494273120495e-01
2.717704416700055248e-01
2.717799988297842639e-01
2.718184177532974033e-01
2.718184177535417079e-01
2.719888144663206719e-01
2.720321621636902498e-01
2.720321621638355225e-01
2.720465560763358770e-01
2.721677559447556738e-01
2.721677559448277828e-01
2.723028055433042716e-01
2.723028055434161265e-01
2.723488243987140511e-01
2.724165980595366077e-01
2.724211273405288680e-01
2.724725861262880522e-01
2.724725861263534443e-01
2.724869851524373554e-01
2.725851820818435134e-01
2.725943861752133657e-01
2.725943861753079567e-01
2.726618984237245136e-01
2.726706937836053668e-01
2.726706937837102274e-01
2.726786653729918464e-01
2.726786653731856358e-01
2.726807269017886282e-01
2.726974604329424623e-01
2.728015718295546677e-01
2.728083096936255725e-01
2.728083096936920193e-01
2.729596302534289531e-01
2.729596302535093333e-01
2.729912040395763295e-01
2.730606588258578382e-01
2.731645653914173133e-01
2.731913599555899630e-01
2.731913599558167816e-01
2.734506301316454446e-01
2.734716864309469364e-01
2.734716864310001716e-01
2.734825298491597168e-01
2.736637521180878552e-01
2.736637521181835564e-01
2.738915957005541024e-01
2.738915957007017066e-01
2.739488298234057373e-01
2.739488298235150388e-01
2.740637988047154860e-01
2.740637988047993634e-01
2.741390455950203364e-01
2.741769953002849425e-01
2.742582734664666400e-01
2.742582734666782485e-01
2.745931377414051466e-01
2.745931377414661534e-01
2.746569173873376069e-01
2.746569173874505165e-01
2.747092690789658120e-01
2.747092690789891822e-01
2.748418063173677650e-01
2.748545248127942653e-01
2.748545248128586582e-01
2.748745431399516881e-01
2.750366168590423488e-01
2.750366168591748539e-01
2.751150527774773313e-01
2.751551856215624370e-01
2.751551856216587488e-01
2.752441949419677236e-01
2.754747700232007546e-01
2.754947454793711392e-01
2.754947454794046680e-01
2.755179443605947909e-01
2.755662956175001232e-01
2.755662956176598288e-01
2.756623602213818525e-01
2.756623602215640956e-01
2.757970221053536730e-01
2.762519172504446230e-01
2.762519172504933063e-01
2.762545402788447735e-01
2.762545402788829652e-01
2.762573899105132402e-01
2.762573899106404718e-01
2.764548589471061968e-01
2.764722055173398085e-01
2.764722055174365645e-01
2.765399692255964270e-01
2.765399692256447217e-01
2.766155473098501627e-01
2.766155473099139450e-01
2.766323092455217902e-01
2.767050851420801982e-01
2.767106075624318762e-01
2.767195222051637149e-01
2.767195222053372983e-01
2.768682632412857170e-01
2.769336967244679926e-01
2.769336967245534242e-01
2.771183277539245871e-01
2.771183277540008039e-01
2.771246212424683386e-01
2.772092410220236003e-01
2.772092410221340120e-01
2.772197044804831645e-01
2.772197044805601029e-01
2.773284501375702371e-01
2.773707834638044489e-01
2.773707834639898562e-01
2.774217170296611745e-01
2.775080656474468999e-01
2.776152672595694759e-01
2.776152672596272630e-01
2.777287006000319636e-01
2.777375629940709301e-01
2.777459218460890944e-01
2.777470469463252933e-01
2.777470469464136671e-01
2.780706089660272551e-01
2.780706089661550418e-01
2.781454464250910918e-01
2.781454464251891245e-01
2.781703722210754348e-01
2.781917999729747737e-01
2.782006651294620103e-01
2.782006651295099720e-01
2.782933863995838975e-01
2.783436094048121201e-01
2.783436094049923648e-01
2.786716557900579816e-01
2.786716557901173785e-01
2.787951238989161973e-01
2.787951238989617164e-01
2.790577568419949639e-01
2.790577568420747889e-01
2.791152407663575752e-01
2.792084432275184769e-01
2.792305155436193287e-01
2.792305155436913267e-01
2.792635903857098034e-01
2.795359311269243752e-01
2.795359311270321223e-01
2.795790034016847336e-01
2.795790034017980874e-01
2.796397585140555919e-01
2.796397585141000008e-01
2.796831563114718366e-01
2.797069722496031696e-01
2.798854042940224773e-01
2.801018958695151162e-01
2.801018958697046868e-01
2.801617185523893050e-01
2.801617185525435150e-01
2.801779520267113077e-01
2.801779520268133372e-01
2.801879116009157733e-01
2.802084259910294639e-01
2.802109424324012998e-01
2.802109424326020837e-01
2.802903572213097383e-01
2.802903572214388017e-01
2.804826304167241657e-01
2.804826304167705175e-01
2.804832918399254305e-01
2.804832918400790853e-01
2.805804745655415822e-01
2.805804745656328980e-01
2.805805856149426458e-01
2.805805856151707967e-01
2.808267502820992467e-01
2.808847919882251909e-01
2.809403812818507817e-01
2.809403812820375768e-01
2.809473231040188201e-01
2.809473231041660912e-01
2.810514581279983104e-01
2.810514581281176039e-01
2.812042232984269807e-01
2.812042232986051715e-01
2.813050928237720849e-01
2.813050928237887938e-01
2.813264259226337383e-01
2.813920060814748547e-01
2.814756979198500542e-01
2.814756979199001252e-01
2.815067422456162261e-01
2.816098579650905265e-01
2.816151774009011399e-01
2.819518999869430331e-01
2.819518999870563314e-01
2.819650254111900067e-01
2.819650254113426624e-01
2.821254047296513634e-01
2.821254047297689915e-01
2.821846687880194549e-01
2.822803616252534398e-01
2.822803616253556358e-01
2.823178285645430718e-01
2.823178285646048558e-01
2.824542377420771189e-01
2.824542377421678241e-01
2.824934257194043341e-01
2.825078794960240725e-01
2.826107315771693163e-01
2.828108240413361729e-01
2.828108240414439201e-01
2.830473115823944341e-01
2.830473115824627683e-01
2.832952381546438025e-01
2.832952381547748644e-01
2.833517403022489112e-01
2.833826706573338017e-01
2.834846464382121956e-01
2.834846464384580544e-01
2.835591931684731670e-01
2.835834337139301331e-01
2.836083239901553976e-01
2.836083239902545405e-01
2.836429076782329695e-01
2.836429076783382741e-01
2.839177707419083818e-01
2.839177707419746621e-01
2.840304096369784537e-01
2.840304096371306097e-01
2.841692943670665050e-01
2.841720544594988906e-01
2.842279160169265961e-01
2.842279160170216312e-01
2.844438231849770737e-01
2.844438231851627030e-01
2.847020807459798020e-01
2.847020807462737335e-01
2.847336878484872380e-01
2.847336878485540734e-01
2.847481921757796242e-01
2.847598524993213975e-01
2.847598524994130464e-01
2.848170970134766278e-01
2.848170970136539304e-01
2.848383075130196396e-01
2.849139277028757133e-01
2.849139277030153239e-01
2.849344694703099257e-01
2.849349558854950559e-01
2.849349558858093601e-01
2.849605953516785029e-01
2.849805509164904382e-01
2.849805509167039341e-01
2.851296811727480063e-01
2.851724031113579416e-01
2.851724031114307167e-01
2.852678058666061056e-01
2.852678058666927030e-01
2.853941395053319896e-01
2.853941395053605223e-01
2.854319602204777317e-01
2.854319602205763196e-01
2.854424680176478879e-01
2.854424680176687601e-01
2.856532375239455024e-01
2.856532375240459776e-01
2.858951176901777247e-01
2.859301697589415880e-01
2.859438551037119525e-01
2.859596167928947219e-01
2.859596167931678368e-01
2.861392104458471697e-01
2.861392104458772012e-01
2.861686857748453883e-01
2.861800276123133147e-01
2.863853533794682993e-01
2.863853533795758799e-01
2.864614482931825967e-01
2.864614482932852368e-01
2.865476261295424876e-01
2.866147390580567333e-01
2.866157801263574112e-01
2.866433277759384834e-01
2.866522541956378345e-01
2.866971593682768327e-01
2.866971593683601549e-01
2.868516534869633428e-01
2.868735736701665262e-01
2.868735736702840988e-01
2.869045155389484125e-01
2.870276657450813729e-01
2.870276657451946711e-01
2.871472271428858747e-01
2.871472271431497192e-01
2.873266336291199208e-01
2.873266336291918077e-01
2.873951367688203917e-01
2.873951367689914771e-01
2.874358955231630097e-01
2.874358955232409474e-01
2.876959243788647647e-01
2.876959243789291021e-01
2.877524003789220797e-01
2.877834381531864660e-01
2.878606035141434427e-01
2.878606035142355357e-01
2.879257789151291047e-01
2.879257789152667169e-01
2.880052379984766042e-01
2.880454913066034517e-01
2.880454913066606837e-01
2.883471691477557663e-01
2.883471691478976529e-01
2.885817113141718182e-01
2.885817113143017143e-01
2.887343677914391837e-01
2.887752591151926951e-01
2.887752591153993076e-01
2.888199186254227779e-01
2.888199186255724915e-01
2.888675759249710318e-01
2.891338413499431326e-01
2.891788263268067483e-01
2.891971805785211735e-01
2.891971805786080485e-01
2.893483791111723935e-01
2.893670840226207908e-01
2.895088591922317378e-01
2.895088591923785093e-01
2.895703264978451985e-01
2.896338461934641617e-01
2.896338461935487052e-01
2.897272526248506064e-01
2.897272526249731750e-01
2.897692773899271934e-01
2.897692773901530683e-01
2.898241738917834431e-01
2.898241738918907462e-01
2.898362317603063731e-01
2.898362317603398464e-01
2.898450079962855974e-01
2.898450079963663661e-01
2.899877030068462869e-01
2.900023676076114443e-01
2.902505533959183759e-01
2.902505533960550999e-01
2.902518750334220909e-01
2.902518750334567854e-01
2.903779907902466761e-01
2.903779907903221713e-01
2.904936142968529977e-01
2.905239592323843878e-01
2.905239592324357911e-01
2.905512921817407501e-01
2.906564757805066290e-01
2.906564757805946142e-01
2.908725281873458801e-01
2.908725281874662838e-01
2.910721762722941475e-01
2.910721762724847173e-01
2.912371350128830638e-01
2.912371350129236980e-01
2.912520988370561059e-01
2.913225434789150636e-01
2.913568803422155185e-01
2.914560775720702046e-01
2.914643880896441441e-01
2.915063044898387190e-01
2.915063044900001454e-01
2.916065575801516374e-01
2.916331115578306155e-01
2.916331115578595923e-01
2.916695647930195867e-01
2.916828823801794202e-01
2.917546456049953663e-01
2.917546456050303938e-01
2.919135470620153328e-01
2.919135470620808359e-01
2.920777639055831543e-01
2.920777639056355013e-01
2.922402578425178921e-01
2.923114267682476175e-01
2.923114267684689960e-01
2.923731855986458905e-01
2.923731855987589112e-01
2.925551250312341534e-01
2.925551250314533114e-01
2.926791286091212640e-01
2.926791286092080280e-01
2.927964151251446490e-01
2.927964151252574476e-01
2.929278525663178701e-01
2.929437718497889809e-01
2.929439302149106639e-01
2.929606703601961848e-01
2.929657095439756609e-01
2.931517904277277098e-01
2.932176394913322826e-01
2.932584672363227618e-01
2.932584672363674483e-01
2.933559276969772145e-01
2.934638064518351741e-01
2.934638064518884648e-01
2.936293423299413674e-01
2.936747699879000972e-01
2.936923030776408261e-01
2.937804281058942202e-01
2.937804281059993028e-01
2.938061724441487499e-01
2.938061724442219691e-01
2.938119895090672840e-01
2.938119895091944600e-01
2.939684041719011764e-01
2.941985198108631461e-01
2.941985198109794974e-01
2.942672370628928169e-01
2.942672370629607070e-01
2.944523968725166752e-01
2.944613511854997090e-01
2.945134775564990370e-01
2.945134775566611296e-01
2.946468486630299255e-01
2.947753347696823178e-01
2.947753347697472659e-01
2.947815712426272716e-01
2.947815712427724888e-01
2.948093318181472244e-01
2.948194710845624678e-01
2.949540240441200223e-01
2.949540240441766437e-01
2.950773653032443544e-01
2.951368439673476285e-01
2.951368439674221800e-01
2.952652201957590150e-01
2.952652201959126699e-01
2.953090375465484141e-01
2.953399533818570899e-01
2.953399533819303646e-01
2.953673625693225557e-01
2.953673625693723492e-01
2.954630124831744142e-01
2.956047134944648769e-01
2.956047134944872479e-01
2.957376719923142105e-01
2.957376719923939246e-01
2.957546415722487332e-01
2.959059375998497887e-01
2.959059375999451569e-01
2.961504623453739549e-01
2.961504623455945562e-01
2.962545458382764840e-01
2.963397401828544719e-01
2.963397401829193090e-01
2.963929186706176777e-01
2.964011522966455425e-01
2.964011522968483803e-01
2.965505702081833728e-01
2.965505702083440775e-01
2.967990656729818655e-01
2.968266024263668812e-01
2.968266024264272773e-01
2.969631266013940674e-01
2.971773977079003592e-01
2.971773977079282814e-01
2.973235932342274679e-01
2.974991636159604602e-01
2.974991636160148611e-01
2.975491038743948713e-01
2.975491038745949335e-01
2.976575227565307902e-01
2.976575227567287429e-01
2.977974186114085153e-01
2.977974186115433519e-01
2.978008309411525056e-01
2.978008309411935839e-01
2.979589557264132327e-01
2.979589557264604172e-01
2.981299963417224919e-01
2.981315704624160068e-01
2.981315704625410179e-01
2.981686237030612419e-01
2.982065070348295377e-01
2.982065070349254055e-01
2.982733624618985613e-01
2.983133438105380342e-01
2.983133438105997071e-01
2.983217403699211512e-01
2.983217403699643389e-01
2.983285950418403387e-01
2.985176737782354039e-01
2.985176737783333811e-01
2.986294539131126302e-01
2.986849787705409542e-01
2.986889381402660915e-01
2.986889381403809440e-01
2.988407483809198961e-01
2.989002790035263923e-01
2.989002790036180413e-01
2.989071484830969627e-01
2.989071484834803227e-01
2.989846774941065100e-01
2.989846774942080954e-01
2.990348045592380877e-01
2.992652426109753683e-01
2.992915433625821242e-01
2.992915433626690547e-01
2.993731415943477470e-01
2.996194121129211463e-01
2.996194121129937549e-01
2.996860625814069534e-01
2.996860625815948587e-01
2.997170213992763621e-01
2.997170213994629351e-01
2.997753765093492118e-01
2.998408093525013474e-01
2.998408093526033769e-01
2.998446940942642303e-01
2.999914219973379703e-01
3.000465892572612425e-01
3.001734720284174873e-01
3.003812626224268145e-01
3.003812626225587645e-01
3.004166194001312573e-01
3.006362690365567691e-01
3.007152811035063711e-01
3.007152811036560847e-01
3.009112602701284334e-01
3.009112602701740080e-01
3.010885788619993564e-01
3.010885788620227266e-01
3.011004842930388725e-01
3.011007724105694838e-01
3.012219569355394921e-01
3.012219569355961690e-01
3.012527672627374753e-01
3.014049792097938663e-01
3.014205242928951756e-01
3.014205242930786399e-01
3.016576358169276162e-01
3.016576358170430794e-01
3.016920312905749246e-01
3.016920312907256929e-01
3.017207546349415237e-01
3.018829489539196498e-01
3.018844658782613988e-01
3.018844658783140789e-01
3.021512596171722631e-01
3.021512596174370513e-01
3.021869967342964425e-01
3.021869967343701058e-01
3.022091818509647365e-01
3.022091818510163619e-01
3.024556708973352159e-01
3.024884186542080022e-01
3.024884186542677877e-01
3.025285589822508392e-01
3.025285589823277776e-01
3.026127889106243196e-01
3.026141228977151099e-01
3.026141228978102560e-01
3.026669170644858964e-01
3.026669170646165696e-01
3.027272739077773167e-01
3.029123767673247425e-01
3.029123767673888579e-01
3.029295907749153249e-01
3.029295907749577355e-01
3.032048816217515208e-01
3.032048816217784437e-01
3.032158215748180785e-01
3.032264645335221998e-01
3.032264645335747688e-01
3.032578268909109642e-01
3.032578268909224550e-01
3.033147888764576861e-01
3.033641335688311291e-01
3.034348808337433145e-01
3.034348808339324410e-01
3.036685637684362060e-01
3.036685637684732875e-01
3.037144584367249545e-01
3.037144584367812428e-01
3.037858545234870533e-01
3.037858545235438967e-01
3.039696332626600217e-01
3.039866911672991501e-01
3.039866911674913852e-01
3.040630855429433121e-01
3.041108449183644313e-01
3.042489450856235011e-01
3.042489450857844835e-01
3.042495084205142364e-01
3.043512574477285626e-01
3.044189155506125122e-01
3.044189155506623057e-01
3.045795128892934689e-01
3.045795128894119297e-01
3.045995619341923533e-01
3.045995619344410432e-01
3.046333703635681345e-01
3.046540009128080317e-01
3.046540009129450333e-01
3.049130960516560629e-01
3.049130960517023592e-01
3.051031460974837350e-01
3.051031460975938137e-01
3.052049409401587643e-01
3.052431198277011370e-01
3.052431198277913427e-01
3.052860309956692553e-01
3.053452348734268518e-01
3.054219441978101024e-01
3.054219441978932581e-01
3.054799164375641696e-01
3.054799164377269838e-01
3.056636022447228318e-01
3.057467079057584747e-01
3.057467079058937554e-01
3.058197096164598228e-01
3.058197096165546358e-01
3.058233896679151687e-01
3.058233896680582764e-01
3.059112242902243817e-01
3.059390322596632905e-01
3.059390322597276279e-01
3.063335115185499280e-01
3.063335115186365254e-01
3.064781024602457604e-01
3.064981985206005066e-01
3.065517713392113541e-01
3.065517713393224319e-01
3.066198437407088861e-01
3.066198437407942623e-01
3.068451122362997330e-01
3.068574331247723719e-01
3.069183366938535440e-01
3.069183366939635116e-01
3.071983274681869269e-01
3.072518524589194500e-01
3.072518524589261668e-01
3.072880843177089871e-01
3.072880843179430777e-01
3.073575390944982555e-01
3.073575390946886587e-01
3.073775378786811618e-01
3.073775378787537704e-01
3.074137723398415734e-01
3.074137723399271716e-01
3.074262623737648581e-01
3.074284280493510546e-01
3.076891830509360659e-01
3.076891830511147563e-01
3.077039720946891377e-01
3.077039720947141732e-01
3.077892433965195296e-01
3.078012992669738601e-01
3.078067951373434363e-01
3.078067951374685030e-01
3.082987262561641684e-01
3.083430179293639162e-01
3.084163632936133825e-01
3.084414564990630714e-01
3.084414564991468932e-01
3.085040118161697098e-01
3.085040118162274414e-01
3.085751249266014407e-01
3.085751249267135732e-01
3.086206710598620173e-01
3.087124775017662803e-01
3.088479378369059503e-01
3.089527220367542237e-01
3.089527220369317484e-01
3.090594030601248043e-01
3.092162250210893082e-01
3.093125205012018930e-01
3.093412981391046590e-01
3.094349850254557999e-01
3.094840837082003526e-01
3.095607997209101070e-01
3.095607997209899320e-01
3.096171318579594156e-01
3.096171318580745457e-01
3.099168727438812443e-01
3.099168727441313775e-01
3.099243578949920086e-01
3.100337667255859131e-01
3.101636732352558989e-01
3.102115632453516514e-01
3.102115632454167105e-01
3.102273401356097082e-01
3.102273401357362181e-01
3.102517019005002763e-01
3.102517019005925913e-01
3.103471918465588453e-01
3.104433759353363298e-01
3.104433759354412459e-01
3.105839575753483461e-01
3.105839575754009707e-01
3.108098564340545100e-01
3.108098564341456593e-01
3.108245878901759185e-01
3.110733400656386927e-01
3.110783798519012877e-01
3.111255720546473591e-01
3.111255720547589920e-01
3.111681309096630543e-01
3.111681309098915382e-01
3.113017710190038034e-01
3.113017710190875698e-01
3.113948774601238978e-01
3.114192658106252898e-01
3.114337412659413107e-01
3.116656311646113231e-01
3.116656311647805766e-01
3.118496044791897459e-01
3.118496044793270250e-01
3.118872545898614401e-01
3.118872545900450710e-01
3.120309314194164574e-01
3.120309314195276462e-01
3.121182438118375035e-01
3.126120907474437272e-01
3.126283986592937048e-01
3.126283986593314523e-01
3.127716247296356555e-01
3.127716247296785657e-01
3.127727700842683478e-01
3.128065200165481285e-01
3.128065200167617910e-01
3.128384821835207275e-01
3.128722417595438121e-01
3.128722417597680772e-01
3.129913845251360294e-01
3.129913845253022298e-01
3.130413512329472958e-01
3.130413512331854942e-01
3.131881199226064783e-01
3.131881199227132817e-01
3.132344230549060637e-01
3.132344230550130892e-01
3.133016110891653216e-01
3.133016110894099038e-01
3.133678689550449814e-01
3.133678689552690799e-01
3.133941199890776241e-01
3.134264627483505095e-01
3.135670165689406486e-01
3.137238019425133140e-01
3.137238019426260016e-01
3.140369141192325131e-01
3.140369141193411484e-01
3.140441400592909327e-01
3.141826476067181018e-01
3.141826476067884344e-01
3.141960885250690838e-01
3.141960885251623425e-01
3.143720262384996911e-01
3.143913662370514395e-01
3.143913662372171958e-01
3.144709561365025552e-01
3.144709561368233541e-01
3.145914811486868468e-01
3.146174475307798035e-01
3.146174475308439189e-01
3.146602490812730468e-01
3.149037334836592428e-01
3.149037334838057367e-01
3.149453012078036185e-01
3.149621611624949802e-01
3.149927230249428556e-01
3.150626504961236418e-01
3.150626504962512064e-01
3.151681202637985346e-01
3.152093302287050647e-01
3.152093302287470866e-01
3.152515886266109568e-01
3.152515886268013046e-01
3.153222675381420759e-01
3.153222675383504092e-01
3.155678574733618014e-01
3.155678574734411268e-01
3.156167135552390146e-01
3.157534163099178226e-01
3.157534163100493840e-01
3.157556095421719111e-01
3.159918098450679724e-01
3.159918098452548785e-01
3.161237568202975856e-01
3.161237568205518822e-01
3.161662440165402543e-01
3.161662440167777310e-01
3.161847895070067915e-01
3.162094154590765482e-01
3.162778218209922332e-01
3.163857794854216254e-01
3.163857794856773653e-01
3.164222716674804925e-01
3.164222716676534652e-01
3.164408033999439596e-01
3.165896737542503447e-01
3.165896737543386630e-01
3.166742285006225455e-01
3.167305154112840526e-01
3.167305154115462873e-01
3.167774246403802785e-01
3.167871866416825943e-01
3.168826005440573690e-01
3.170109945439663068e-01
3.170710856906733266e-01
3.170710856907438258e-01
3.171996724833916481e-01
3.171996724834773573e-01
3.173226908515318634e-01
3.173284520773104189e-01
3.173639056620285448e-01
3.173639056620427001e-01
3.174021143429424652e-01
3.174926431443749197e-01
3.174926431445216912e-01
3.175783953932913573e-01
3.175783953933147274e-01
3.177785251596306759e-01
3.177785251598962968e-01
3.178411586547974510e-01
3.178709070665922676e-01
3.178881853009432046e-01
3.178881853009902225e-01
3.179643922032556191e-01
3.179643922033202896e-01
3.180266140607476699e-01
3.180266140609117054e-01
3.180928315279398233e-01
3.180928315279828444e-01
3.182113390118103124e-01
3.182113390119745144e-01
3.183489377400974818e-01
3.183586377694796465e-01
3.184692853387649514e-01
3.184692853388750300e-01
3.185674547171254423e-01
3.185836617209503729e-01
3.185836617211286192e-01
3.187274281138016696e-01
3.187393409322594184e-01
3.187393409323870941e-01
3.187845114979976913e-01
3.188152027962447010e-01
3.188152027963036539e-01
3.188199681451627798e-01
3.188199681452678069e-01
3.188868249465988125e-01
3.188868249466475513e-01
3.189737993364133439e-01
3.189737993366029145e-01
3.189984857112019290e-01
3.189984857113748462e-01
3.191959118027536957e-01
3.192001963799820374e-01
3.193116487404668580e-01
3.193868902516948660e-01
3.193868902518265385e-01
3.193886332559302543e-01
3.194352911329193523e-01
3.194708567499458529e-01
3.195687056867838605e-01
3.195687056868489195e-01
3.197162467154200938e-01
3.197446653653229220e-01
3.197873545322913458e-01
3.197873545324390610e-01
3.198888813631700079e-01
3.198888813632122519e-01
3.199923891257501207e-01
3.200284877284435558e-01
3.200661632634322906e-01
3.200661632634926868e-01
3.201072869148867128e-01
3.201072869152173928e-01
3.201941043983708157e-01
3.201941043984009583e-01
3.202230658106169914e-01
3.202230658106961503e-01
3.202689591967960436e-01
3.202689591968665983e-01
3.203862794469571895e-01
3.203862794470183628e-01
3.205419676719457045e-01
3.205419676720922539e-01
3.205567635883250777e-01
3.205567635884102318e-01
3.205740922861016196e-01
3.206883057452232788e-01
3.206883057455705011e-01
3.210572819789425103e-01
3.210572819790794563e-01
3.211942970273606868e-01
3.213486146844363178e-01
3.213628064856500210e-01
3.213923293075685028e-01
3.213923293076143550e-01
3.214876285828605074e-01
3.214876285829211811e-01
3.217104457159189468e-01
3.217130226801343529e-01
3.217130226802377146e-01
3.218654872262520783e-01
3.218654872263822520e-01
3.219804800975065162e-01
3.219804800976677761e-01
3.220575809855886207e-01
3.221140385527249128e-01
3.221162798322964593e-01
3.222094550360150023e-01
3.222094550360848908e-01
3.222858849824284388e-01
3.223395818535080837e-01
3.223395818537524993e-01
3.223477612099415746e-01
3.223646071194552487e-01
3.223646071196398788e-01
3.226242633208336597e-01
3.226242633209332467e-01
3.228239337890564942e-01
3.228619346783943023e-01
3.228619346785274735e-01
3.229328499907077599e-01
3.230676439304993042e-01
3.230676439306258141e-01
3.230723614772844088e-01
3.231979057991528625e-01
3.231979057992167004e-01
3.232737851271090812e-01
3.232737851271415552e-01
3.232907401425312854e-01
3.232986198269586775e-01
3.233551783592346629e-01
3.233551783593683893e-01
3.233640713245199416e-01
3.233640713245936049e-01
3.234049694724867585e-01
3.234095255403013902e-01
3.234095255405094460e-01
3.234664908656703086e-01
3.234664908657110538e-01
3.235758391949521418e-01
3.235758391950058765e-01
3.238105689166225210e-01
3.238105689168395696e-01
3.241214499846468700e-01
3.241214499847572816e-01
3.242631236070904199e-01
3.242631236071917278e-01
3.242684578412844965e-01
3.243333501826736187e-01
3.243333501828258858e-01
3.244056839937659031e-01
3.244056839938309622e-01
3.245074009846242724e-01
3.245393328545309597e-01
3.245393328545925216e-01
3.245521702721275159e-01
3.245521702722249380e-01
3.245656241188502045e-01
3.245814191830133089e-01
3.246394370791931272e-01
3.246854385915586283e-01
3.249105289949377195e-01
3.249356862521642353e-01
3.249356862522867484e-01
3.249990857559581503e-01
3.249990857561363966e-01
3.252587238586113205e-01
3.252922939578103967e-01
3.252922939579280248e-01
3.252974546688817692e-01
3.252974546690028390e-01
3.253483530641408383e-01
3.254971356577739949e-01
3.254971356578527653e-01
3.255005860325784206e-01
3.255005860327553346e-01
3.255146789825577036e-01
3.257184383038175257e-01
3.257251718556755105e-01
3.257546551898976572e-01
3.257674973647049499e-01
3.257674973648706507e-01
3.258058490604848756e-01
3.258058490605495461e-01
3.260091263120353244e-01
3.260483342279521524e-01
3.260483342280520169e-01
3.260944802506497431e-01
3.263023716815838249e-01
3.263023716818159170e-01
3.263276484769433994e-01
3.263276484771409636e-01
3.264432461607524316e-01
3.264502400681789096e-01
3.264502400682168792e-01
3.265647724474488034e-01
3.265647724475395641e-01
3.266242192710041570e-01
3.266242192710594461e-01
3.267631303173107460e-01
3.268663392121567979e-01
3.269250188884222363e-01
3.269250188888145336e-01
3.269688800514290450e-01
3.269688800514586879e-01
3.270133964012434391e-01
3.270133964015068950e-01
3.270635205918976940e-01
3.270960916731743828e-01
3.270960916732444934e-01
3.271619315595236666e-01
3.271827261052975833e-01
3.272766648092663710e-01
3.273642087839387926e-01
3.273724131176931618e-01
3.273724131178013530e-01
3.277266964549683248e-01
3.277266964550930028e-01
3.277457662490331214e-01
3.277457662492272994e-01
3.278025858193281961e-01
3.278858872680429637e-01
3.278858872681866266e-01
3.279301914508987448e-01
3.279569623849964977e-01
3.279569623851181781e-01
3.281406522447891105e-01
3.281844010099913556e-01
3.281844010101629960e-01
3.282727682689193238e-01
3.282727682690683157e-01
3.283760846502259412e-01
3.283760846503555042e-01
3.286226312396285376e-01
3.286226312397340643e-01
3.288630814560891680e-01
3.288996931950775582e-01
3.288996931952393732e-01
3.289566746813926690e-01
3.289566746817464415e-01
3.292164337631358628e-01
3.292164337633959881e-01
3.294097881419371654e-01
3.294097881422164975e-01
3.294187723111815513e-01
3.294187723114162525e-01
3.295558974615644399e-01
3.296220636727704156e-01
3.296536634747650463e-01
3.296536634748375993e-01
3.296940019854898707e-01
3.297016917832442107e-01
3.297016917834210137e-01
3.297680517394150912e-01
3.300076558606253041e-01
3.300076558607953348e-01
3.301104842456083488e-01
3.301104842457561750e-01
3.301494027764453332e-01
3.301494027766595507e-01
3.301838861222473609e-01
3.301941549933334330e-01
3.301941549935640263e-01
3.303122591350312609e-01
3.303122591350827753e-01
3.303386357904352089e-01
3.303416370652683676e-01
3.304518020427336111e-01
3.304728740242027230e-01
3.306085923254061254e-01
3.306085923256094627e-01
3.307921878680456507e-01
3.307921878682307248e-01
3.308326138019966889e-01
3.308415824155831464e-01
3.308415824155959140e-01
3.308863168761944085e-01
3.308863168763331308e-01
3.311074653605541318e-01
3.311074653607955498e-01
3.313385660139830935e-01
3.313385660141754396e-01
3.314378965342258399e-01
3.315824960806255661e-01
3.315824960806600386e-01
3.316282825801675771e-01
3.316282825803152923e-01
3.318014495158859156e-01
3.318014495162181499e-01
3.318404147544098404e-01
3.318404147545182536e-01
3.318536790682822257e-01
3.319098084451553299e-01
3.319098084451821418e-01
3.319916504467450014e-01
3.321042997669417796e-01
3.321249739205924256e-01
3.321249739208255169e-01
3.322293346131854341e-01
3.322962532068284291e-01
3.322976521171305264e-01
3.323209685426154469e-01
3.323209685429155957e-01
3.323363592505028108e-01
3.323363592505654829e-01
3.325868816512250192e-01
3.326115668674440862e-01
3.326115668675019288e-01
3.326289605101022673e-01
3.327181390457616406e-01
3.327181390459331145e-01
3.327463143700729598e-01
3.327463143701857029e-01
3.327773952072220487e-01
3.327773952073561636e-01
3.329089083422159812e-01
3.329288514062184734e-01
3.329288514064000504e-01
3.330474505843934452e-01
3.330474505845256727e-01
3.331043668616603393e-01
3.331884876009256757e-01
3.331884876010032803e-01
3.332906357757654536e-01
3.333047155595141864e-01
3.333047155596461364e-01
3.335332776270044652e-01
3.335332776271601185e-01
3.335755336110196034e-01
3.335755336110489133e-01
3.336970158139440645e-01
3.336970158139813125e-01
3.338913373918707128e-01
3.338913373919101812e-01
3.339778611711484158e-01
3.340061135354291388e-01
3.340250084746653747e-01
3.340613629200427370e-01
3.340613629202926482e-01
3.341190424734688524e-01
3.341190424737217057e-01
3.342603896334509495e-01
3.342603896335509805e-01
3.345407302177959008e-01
3.345485975606801166e-01
3.345485975608785689e-01
3.345758228904852638e-01
3.346458488853808477e-01
3.346458488854506808e-01
3.348199708077978509e-01
3.348199708079655501e-01
3.348329124697350667e-01
3.350742391996360259e-01
3.350742391997724723e-01
3.351253890730161444e-01
3.351547242216234568e-01
3.351728446690880880e-01
3.351728446695501629e-01
3.352273179115906609e-01
3.352273179117563617e-01
3.354010817436277603e-01
3.354010817436664516e-01
3.356140160581200238e-01
3.356628199308034910e-01
3.357071480991480339e-01
3.358957735755781493e-01
3.358957735758417162e-01
3.359381541973683327e-01
3.359381541976647623e-01
3.360111854848534807e-01
3.360111854849728297e-01
3.361324061641324801e-01
3.361324061642070871e-01
3.362520787112628917e-01
3.362520787115504950e-01
3.362629769118788969e-01
3.362629769121060486e-01
3.364558306707852164e-01
3.366548144797134601e-01
3.366548144797685826e-01
3.368195468052907482e-01
3.368551707873348455e-01
3.368551707874439805e-01
3.369861905433272908e-01
3.369861905434356486e-01
3.371799816766927749e-01
3.371799816767996338e-01
3.371803708698024593e-01
3.371803708699394608e-01
3.372685347258954081e-01
3.374469251166459793e-01
3.374469251166801742e-01
3.374984087896113483e-01
3.375258162143108809e-01
3.375258162144700314e-01
3.376323669227889734e-01
3.376501395975599062e-01
3.376501395976638786e-01
3.377061006878367966e-01
3.378569775296070277e-01
3.379471974946249291e-01
3.380373119081829247e-01
3.381902556318199249e-01
3.382660990819292834e-01
3.382660990821709235e-01
3.383421026928488673e-01
3.383421026930903963e-01
3.384477295677276731e-01
3.384796264187207027e-01
3.384796264188184578e-01
3.387819126627737987e-01
3.387819126628258681e-01
3.388286675215237964e-01
3.388286675215717025e-01
3.388468772794276940e-01
3.388939646519105175e-01
3.391348140852286641e-01
3.392052004941973897e-01
3.392052004944109411e-01
3.392075632650219941e-01
3.392075632651638806e-01
3.393887124806457267e-01
3.393887124807012379e-01
3.395130770835165790e-01
3.395130770838241663e-01
3.397276546841977440e-01
3.397309552599882543e-01
3.397309552602317262e-01
3.397809462391849777e-01
3.398173916997512811e-01
3.398173916998642463e-01
3.398686446641523973e-01
3.398686446643786607e-01
3.399870813835452754e-01
3.399870813836191052e-01
3.400114416856960808e-01
3.400738284627972119e-01
3.400738284629611363e-01
3.401457379547188076e-01
3.401705340606692163e-01
3.401705340609403327e-01
3.401916824792162175e-01
3.401916824794852245e-01
3.404056547321350212e-01
3.404056547325214899e-01
3.404531843790388757e-01
3.404531843792513168e-01
3.404535855128750232e-01
3.404535855129547373e-01
3.406041490664460381e-01
3.406041490666195104e-01
3.407288684976766957e-01
3.408683322614159406e-01
3.410676957682901578e-01
3.410676957684262711e-01
3.410935773469714882e-01
3.411045059210782715e-01
3.411045059213823616e-01
3.411255925885620099e-01
3.411255925887291540e-01
3.412250787878230440e-01
3.412250787878756686e-01
3.413261694254808298e-01
3.413719023889258408e-01
3.413719023891149673e-01
3.414640267735227219e-01
3.417289036653771150e-01
3.417289036655301038e-01
3.417398627146773227e-01
3.417398627148466872e-01
3.417539376132388562e-01
3.417654310466131107e-01
3.418622882519690154e-01
3.420051167599321151e-01
3.420051167600320907e-01
3.420077784530553000e-01
3.420077784532714049e-01
3.422373389344627315e-01
3.422373389345139683e-01
3.422662981389244519e-01
3.422662981390084402e-01
3.422911441501810259e-01
3.423057334553653019e-01
3.423057334554236442e-01
3.424753457651573130e-01
3.424753457652297550e-01
3.426052023904315735e-01
3.426763606583372868e-01
3.426763606584665167e-01
3.426849570511102394e-01
3.426944374306818419e-01
3.426944374308301677e-01
3.428428662723453368e-01
3.428428662724042897e-01
3.428496429790817146e-01
3.428700993234197192e-01
3.428700993234644612e-01
3.428953347245670136e-01
3.430495685983409038e-01
3.430495685983817600e-01
3.434249806192604115e-01
3.435120362131232064e-01
3.435165562215328205e-01
3.435165562216571100e-01
3.435227046990517175e-01
3.435227046992315181e-01
3.437064048674157157e-01
3.437064048674847716e-01
3.438267345807609621e-01
3.438267345807868858e-01
3.440427821695540844e-01
3.440427821697026878e-01
3.441366505965570699e-01
3.441366505967554668e-01
3.441509893785277274e-01
3.441509893786139918e-01
3.441998786284390932e-01
3.442264526408002068e-01
3.442753783604201590e-01
3.442753783605888018e-01
3.443978568577204524e-01
3.445341637026073101e-01
3.445341637026682613e-01
3.448178530844944190e-01
3.448178530846519041e-01
3.448729593736182264e-01
3.448729593737256405e-01
3.450198080931352607e-01
3.450202342046779780e-01
3.450223545629391153e-01
3.450528491045810053e-01
3.450528491047178958e-01
3.451237655588502151e-01
3.451237655590873032e-01
3.451391375958068886e-01
3.452405275325944878e-01
3.452405275326841938e-01
3.453373040675600247e-01
3.453373040679325046e-01
3.454926307491768545e-01
3.454995159218567924e-01
3.456899989440149756e-01
3.456899989441576393e-01
3.460376108966440323e-01
3.461141654524329536e-01
3.461141654524529376e-01
3.461208227035321161e-01
3.461208227037794183e-01
3.461270637088346702e-01
3.461473803046023479e-01
3.461473803047904196e-01
3.462363477228919684e-01
3.462363477230699926e-01
3.462750782152703155e-01
3.466362546746447060e-01
3.466599229529783721e-01
3.467846873245419292e-01
3.467846873246921424e-01
3.468839627536163817e-01
3.468839627536419168e-01
3.469540208128817360e-01
3.469834724354286526e-01
3.472021079938383270e-01
3.472954403174172144e-01
3.472954403175395610e-01
3.474686420940489295e-01
3.475697908677174985e-01
3.475697908679158399e-01
3.475970310606651958e-01
3.476982051509938110e-01
3.476982051511106064e-01
3.477376981861944327e-01
3.479810202570849942e-01
3.479810202572424238e-01
3.480182231525993375e-01
3.480182231527052528e-01
3.480875130049965183e-01
3.480875130051941380e-01
3.481348821519080206e-01
3.482676126949831863e-01
3.482676126951403384e-01
3.483504531728872644e-01
3.483504531729869069e-01
3.484720508632788150e-01
3.484720508633481484e-01
3.485248281783703828e-01
3.485486353661595427e-01
3.485486353664012937e-01
3.485575345957722670e-01
3.486324842260336010e-01
3.486324842261269707e-01
3.487056289376803675e-01
3.487732930088015548e-01
3.487732930090430838e-01
3.487938462229723258e-01
3.487938462233028392e-01
3.489799886537357509e-01
3.489799886539713958e-01
3.490044077352583707e-01
3.490044077353839924e-01
3.491512069573755594e-01
3.491512069575746224e-01
3.493256142410501863e-01
3.493705878304583790e-01
3.493705878305691237e-01
3.493939552994975162e-01
3.493939553000794396e-01
3.494185055316686994e-01
3.494185055317997057e-01
3.495503299151905829e-01
3.496337388284943559e-01
3.496337388286357428e-01
3.497119811429427738e-01
3.498365180783984396e-01
3.498365180785668604e-01
3.499768875615090202e-01
3.499768875617143005e-01
3.500265897149332228e-01
3.500934117201212614e-01
3.500956542784674497e-01
3.501193583167158674e-01
3.501193583167554468e-01
3.502717074174343526e-01
3.503194087490852371e-01
3.503701212711389790e-01
3.503701212713773439e-01
3.504450667294057853e-01
3.504450667295870847e-01
3.505294918407182991e-01
3.505746088929503346e-01
3.505746088932547577e-01
3.506323184715653962e-01
3.506323184717136110e-01
3.507547762194646035e-01
3.507547762195625807e-01
3.508810925578129680e-01
3.509699445531961892e-01
3.509699445533746576e-01
3.510211585021064118e-01
3.512542868489561543e-01
3.512542868490750037e-01
3.513336983478789199e-01
3.513336983480254694e-01
3.515807720881078957e-01
3.515807720883089016e-01
3.516690196061828533e-01
3.516690196062867146e-01
3.517030044457263860e-01
3.519615855878283073e-01
3.519615855878434618e-01
3.519640108942952983e-01
3.519640108943874468e-01
3.520086897795122183e-01
3.520228395869565152e-01
3.520228395870519944e-01
3.521373332409119539e-01
3.521373332410142609e-01
3.521999111821210726e-01
3.523833447025847554e-01
3.524934158567199494e-01
3.525522612580376247e-01
3.525522612580709314e-01
3.526999152929444770e-01
3.526999152931120651e-01
3.527534960131274988e-01
3.527905848184427207e-01
3.527905848186265736e-01
3.528471485927894280e-01
3.529414121189605735e-01
3.529414121191865594e-01
3.530233161371709727e-01
3.530233161372832162e-01
3.531088679571243727e-01
3.531126014411180569e-01
3.531383604636763596e-01
3.532075018763626284e-01
3.533071668068264448e-01
3.533071668069301952e-01
3.533689202632144255e-01
3.533689202634697768e-01
3.535791575452486568e-01
3.536846067942891469e-01
3.536846067944180994e-01
3.538551025556609386e-01
3.538551025559231178e-01
3.539169991778631230e-01
3.539169991779624325e-01
3.539520010498554692e-01
3.539520010500011304e-01
3.540824334488045233e-01
3.540824334489700576e-01
3.541498933684377737e-01
3.541498933686063610e-01
3.542121262007663085e-01
3.542121262011832528e-01
3.542408977101325629e-01
3.543128555607978902e-01
3.543684183019806810e-01
3.543684183022804968e-01
3.546820347566573273e-01
3.546820347569692999e-01
3.548316906953202232e-01
3.548316906953715155e-01
3.548354649368973823e-01
3.548354649370500380e-01
3.549292955530173321e-01
3.549506662292200021e-01
3.549881578426590245e-01
3.549881578430896245e-01
3.550325779086665468e-01
3.555999690360566734e-01
3.555999690362245946e-01
3.556307855371452220e-01
3.556307855372899396e-01
3.557570376969150239e-01
3.557570376970469184e-01
3.559188222685969460e-01
3.559188222689451675e-01
3.561323474523322430e-01
3.561323474524884514e-01
3.561447561456069777e-01
3.562556186635889022e-01
3.562608570519272821e-01
3.562608570520811591e-01
3.563393202882278454e-01
3.564786444106947672e-01
3.564786444108980490e-01
3.565409398301871424e-01
3.565409398304194011e-01
3.566485896193528071e-01
3.566662388994248367e-01
3.566662388995226474e-01
3.567705369548941352e-01
3.568278240403661705e-01
3.568278240406796975e-01
3.569066363606554493e-01
3.569676987270567481e-01
3.569676987272000224e-01
3.569745160424753760e-01
3.569745160425948360e-01
3.570209093793149102e-01
3.570209093795685962e-01
3.571159864628744018e-01
3.572442056277204125e-01
3.575145312941255260e-01
3.575145312942177855e-01
3.575164800939281129e-01
3.575164800940798249e-01
3.575253263755673871e-01
3.575253263757471323e-01
3.575542982069683795e-01
3.575888932274879362e-01
3.576303691844797128e-01
3.579623546352436181e-01
3.579623546353174479e-01
3.581980382439978738e-01
3.581980382441236621e-01
3.582165933052636753e-01
3.583625901723332396e-01
3.583625901724931673e-01
3.583902264347658684e-01
3.584284967824567514e-01
3.584284967825582258e-01
3.586044728419388039e-01
3.586623707312850962e-01
3.589913461403248518e-01
3.589913461404500850e-01
3.591592287577519693e-01
3.591592287578905807e-01
3.594198630164444075e-01
3.594198630164759378e-01
3.594780793157335008e-01
3.594780793158712795e-01
3.594920030706441061e-01
3.594920030707366987e-01
3.595598670354254178e-01
3.595802715128371130e-01
3.595802715130305693e-01
3.597739263258731834e-01
3.598297319430117658e-01
3.598422709844611989e-01
3.599863792368847015e-01
3.599863792369518145e-01
3.600547035772135862e-01
3.600547035772851956e-01
3.601465576346327135e-01
3.602565713173745965e-01
3.602565713176198448e-01
3.605285126626160963e-01
3.605285126627511549e-01
3.607185989858707753e-01
3.607185989860817177e-01
3.607453306802520521e-01
3.607453306803412030e-01
3.609250319969077858e-01
3.609250319970330745e-01
3.610013819154318515e-01
3.610499831095959622e-01
3.611017074140482896e-01
3.611017074142428007e-01
3.612259543368704362e-01
3.612435910204957468e-01
3.613278569006930230e-01
3.613278569008382957e-01
3.613333137348939128e-01
3.615519051425280517e-01
3.615519051426210329e-01
3.615847181210837258e-01
3.615847181211963024e-01
3.616113106980846648e-01
3.616221719952773528e-01
3.617555743740223928e-01
3.617773911721304247e-01
3.617845366080404412e-01
3.617845366082004799e-01
3.619102012925425327e-01
3.620857999566768903e-01
3.620857999567323460e-01
3.620950448972657387e-01
3.620950448974087910e-01
3.622744961806252384e-01
3.625608051980281910e-01
3.625608051981017987e-01
3.627564615663997349e-01
3.627564615666223347e-01
3.627606730187833972e-01
3.628627935521792081e-01
3.628627935523039416e-01
3.628645972177361734e-01
3.630385513514828855e-01
3.630546333791390690e-01
3.630546333792893376e-01
3.632204323321152617e-01
3.632204323322801298e-01
3.633845237134767925e-01
3.637449161310281620e-01
3.637449161312329426e-01
3.637810379703487196e-01
3.637810379705514463e-01
3.640359866398414912e-01
3.640431421726411654e-01
3.640431421727614580e-01
3.641073194825990567e-01
3.641073194826821569e-01
3.641312905546613687e-01
3.641312905547267054e-01
3.642490929995348958e-01
3.644684759566509946e-01
3.644684759567383137e-01
3.644861338172482035e-01
3.644861338174037457e-01
3.645297460952249269e-01
3.645297460953036972e-01
3.645575196050131472e-01
3.646353252166955050e-01
3.647094879075696849e-01
3.647094879077542595e-01
3.647917139274075571e-01
3.647917139276306564e-01
3.648276692574141666e-01
3.648276692574843882e-01
3.648561981041983926e-01
3.651345827300524483e-01
3.651851030653183172e-01
3.651851030654100216e-01
3.652585325836688601e-01
3.652585325840765340e-01
3.652820305601038320e-01
3.652820305601563455e-01
3.652831366782097189e-01
3.652831366783628186e-01
3.655060912222302116e-01
3.655507040388440432e-01
3.655507040388610296e-01
3.658516543088140560e-01
3.659339209687701988e-01
3.659339209688217687e-01
3.659952163350013166e-01
3.660034168659968001e-01
3.660034168660957210e-01
3.660154228665929432e-01
3.661095687451703107e-01
3.661398370167167071e-01
3.661398370169374195e-01
3.661496028338580011e-01
3.661496028340282538e-01
3.662602939074457997e-01
3.664283944399875925e-01
3.664283944400313353e-01
3.664333313439928075e-01
3.666979990871822026e-01
3.666979990872359929e-01
3.668031406301182629e-01
3.668031406302277864e-01
3.669145428761256267e-01
3.670651531636140441e-01
3.672812129014860760e-01
3.672812129015678995e-01
3.673583542156325099e-01
3.673583542156919068e-01
3.674900791649090004e-01
3.674900791651103948e-01
3.675125499097665061e-01
3.675125499098417237e-01
3.678293085107585125e-01
3.678293085108656491e-01
3.679043651526254233e-01
3.679160056254858757e-01
3.681107194211881706e-01
3.681107194212672185e-01
3.681410336606086298e-01
3.681410336607045530e-01
3.682823497978773841e-01
3.682823497979576532e-01
3.683642131444694878e-01
3.683642131447021351e-01
3.684579794711847489e-01
3.686273283680433499e-01
3.686273283681035240e-01
3.686723680660113911e-01
3.686723680664368841e-01
3.687169029079653826e-01
3.687169029081415195e-01
3.689028444662566519e-01
3.689028444662782458e-01
3.689205502670190873e-01
3.689205502671545900e-01
3.689242028041310184e-01
3.689661202448931698e-01
3.689661202449723842e-01
3.691065603899046366e-01
3.691065603900955949e-01
3.691400440798639493e-01
3.691400440800930993e-01
3.694830575480786417e-01
3.694830575482319635e-01
3.695020181418605665e-01
3.695343737196593592e-01
3.697110355714895991e-01
3.697110355715572116e-01
3.697943793315484617e-01
3.698074930364639301e-01
3.698081734099879503e-01
3.698081734100131523e-01
3.698428122727458467e-01
3.698428122728259493e-01
3.698632125263707771e-01
3.698632125264690318e-01
3.700686167991592557e-01
3.702271191859465294e-01
3.702271191864082156e-01
3.702710640174597945e-01
3.703857030742377376e-01
3.703857030743118450e-01
3.704274988058266493e-01
3.704274988058707807e-01
3.706367258788632602e-01
3.706367258790071451e-01
3.708666737524753954e-01
3.709624339018091077e-01
3.710387738626219067e-01
3.710387738628581067e-01
3.710838001819889986e-01
3.713369000383388019e-01
3.713369000384186824e-01
3.713419072629422502e-01
3.713419072631352069e-01
3.713658728005946874e-01
3.715401220443982355e-01
3.715401220444801145e-01
3.716019889795388331e-01
3.716836297410740508e-01
3.716836297410933687e-01
3.718298420231389012e-01
3.718298420232577506e-01
3.718530282490716266e-01
3.718530282492409911e-01
3.721030160353263061e-01
3.721249040668229702e-01
3.721249040670955299e-01
3.721630576890447295e-01
3.724544637859106277e-01
3.724544637860683349e-01
3.724681590285743860e-01
3.724681590286932908e-01
3.724890547822642950e-01
3.724890547823574427e-01
3.725482255709573476e-01
3.725482255711888846e-01
3.727406346470475418e-01
3.727406346472034171e-01
3.727702188698341912e-01
3.729329028423016834e-01
3.729329028424041570e-01
3.729655015856196409e-01
3.731874007270438720e-01
3.733212260112313552e-01
3.733561775303019248e-01
3.733685174644564286e-01
3.735049183869503242e-01
3.735269595053506420e-01
3.735269595053783975e-01
3.739352304487066903e-01
3.739352304487872369e-01
3.740413147320028608e-01
3.740413147321483556e-01
3.742851647363155676e-01
3.742851647365282308e-01
3.743209685124094244e-01
3.743209685126022701e-01
3.743952412351180814e-01
3.745207399012471239e-01
3.745207399013685268e-01
3.746120480885501980e-01
3.746120480887615845e-01
3.747622835229624805e-01
3.747622835231578797e-01
3.748919215857808851e-01
3.751419122891129776e-01
3.751419122892661884e-01
3.752080981431057394e-01
3.753200103245775687e-01
3.753200103246870367e-01
3.753534184807315044e-01
3.753534184807882368e-01
3.754613002463570437e-01
3.754613002465831406e-01
3.755690475708476916e-01
3.755852899376802001e-01
3.756980508194018853e-01
3.756980508195558732e-01
3.757202615206699514e-01
3.757840685437872086e-01
3.757840685438222361e-01
3.757937175713051969e-01
3.757937175714339828e-01
3.759874927644520914e-01
3.762118961962555019e-01
3.763379945364907497e-01
3.763809463330080041e-01
3.765619262280981983e-01
3.765619262282230983e-01
3.766447766507520778e-01
3.766447766508731476e-01
3.767331060785098495e-01
3.768247900047820287e-01
3.768247900048226073e-01
3.768440578464834489e-01
3.768440578467038282e-01
3.768499365137883417e-01
3.769655896722769461e-01
3.769655896725704891e-01
3.770425905817892387e-01
3.770785069549981161e-01
3.770785069554090096e-01
3.771136712899002541e-01
3.773423467901693695e-01
3.773423467902386474e-01
3.775743903051846373e-01
3.775743903053074835e-01
3.776277881221338784e-01
3.776277881223067956e-01
3.776965080037960054e-01
3.778681943833419599e-01
3.778773325814649420e-01
3.778773325816072171e-01
3.779813264772530212e-01
3.779813264773533854e-01
3.780881244610795333e-01
3.780881244611792313e-01
3.782255274995907079e-01
3.782485917882405513e-01
3.782485917883289250e-01
3.782616632989077576e-01
3.782773301926661280e-01
3.783341500009562708e-01
3.783846345768457353e-01
3.783846345770326969e-01
3.786171843565983575e-01
3.786449972774736938e-01
3.786449972774827977e-01
3.788188959318541382e-01
3.788188959320212823e-01
3.791418368589389298e-01
3.791418368590222521e-01
3.793493531921690587e-01
3.794016642924887273e-01
3.794016642926342220e-01
3.795069449099365277e-01
3.795069449100528236e-01
3.795709644841634978e-01
3.798754615806702040e-01
3.799163184372235658e-01
3.801132993132029236e-01
3.801605992731567629e-01
3.801605992732496886e-01
3.801656188906384903e-01
3.802565462801181795e-01
3.802565462802814378e-01
3.804748903210377620e-01
3.804748903213150402e-01
3.806461069661682406e-01
3.806461069663775176e-01
3.806643049003672896e-01
3.806643049006939727e-01
3.807605254512209658e-01
3.807605254513388160e-01
3.808387750613870248e-01
3.808387750616102907e-01
3.809609482451124518e-01
3.809609482452894214e-01
3.810006200412288102e-01
3.813742559880654581e-01
3.813742559881335148e-01
3.814378510048626603e-01
3.814378510050231430e-01
3.815609202234828690e-01
3.815609202237382203e-01
3.816524226539559361e-01
3.817949838933188955e-01
3.817949838934055484e-01
3.818297624000732138e-01
3.818297624001362744e-01
3.818877575087290532e-01
3.818877575088203691e-01
3.819003863966141665e-01
3.819003863966772272e-01
3.819834486658206241e-01
3.819834486660098061e-01
3.824661008240905491e-01
3.824825622089230159e-01
3.825158040916943891e-01
3.825158040918439917e-01
3.825505574173166945e-01
3.825928178997212714e-01
3.825928178999578044e-01
3.826442826691943688e-01
3.830340133547034953e-01
3.831429428523477343e-01
3.831429428525116587e-01
3.832635546284093309e-01
3.832905576133222025e-01
3.832905576134441605e-01
3.834801843785151654e-01
3.834801843786452280e-01
3.836894830293024472e-01
3.837493600904061108e-01
3.837493600904997582e-01
3.837650253699200764e-01
3.837650253701266334e-01
3.838117603166739111e-01
3.838117603171770087e-01
3.838433351378495728e-01
3.838433351379372804e-01
3.841035830634725312e-01
3.841035830636485016e-01
3.842265209439117424e-01
3.843042878398722495e-01
3.843453493100597029e-01
3.843453493102370611e-01
3.844033510809935494e-01
3.844033510810212495e-01
3.844087410003922956e-01
3.844087410004695116e-01
3.844646037193737986e-01
3.845396334450935094e-01
3.845399653133490525e-01
3.846508363740885339e-01
3.846508363741332204e-01
3.846589133464170529e-01
3.846589133464570209e-01
3.848181027227276507e-01
3.848181027227868256e-01
3.849044453411371025e-01
3.849044453411754607e-01
3.851202382586610407e-01
3.851202382587033402e-01
3.852410296015694180e-01
3.853399731145725204e-01
3.853399731148394736e-01
3.854053804044222376e-01
3.856236063519803414e-01
3.856754737730569982e-01
3.856754737731417637e-01
3.857621673261882878e-01
3.857621673262792150e-01
3.857929870345913059e-01
3.857929870346159529e-01
3.858045179087414844e-01
3.859332165485037658e-01
3.859332165485828137e-01
3.859372791586664908e-01
3.860526593702652276e-01
3.863248167802709188e-01
3.863248167803023381e-01
3.863903962295398564e-01
3.863903962295952565e-01
3.865133535298249101e-01
3.865133535299951073e-01
3.865592688790597808e-01
3.867957154589261592e-01
3.867957154590354607e-01
3.869432180768025420e-01
3.869432180769802887e-01
3.873136986432560991e-01
3.873136986433700080e-01
3.873259929734294560e-01
3.873259929737581930e-01
3.873662954742747577e-01
3.875463911336129441e-01
3.875463911336383682e-01
3.878467055210205738e-01
3.879708313615232163e-01
3.879708313615824467e-01
3.880161754177527400e-01
3.880161754177973710e-01
3.880267033245984876e-01
3.880267033249278352e-01
3.880402644884212160e-01
3.880752035030808900e-01
3.887761085844805287e-01
3.887761085846379583e-01
3.887786490502044834e-01
3.887786490503770676e-01
3.889633820171498613e-01
3.889633820172414547e-01
3.890937983398529143e-01
3.891693153362500435e-01
3.891693153364200741e-01
3.893663696255895701e-01
3.893663696256253193e-01
3.893740160427011654e-01
3.893758315455361219e-01
3.894155588154376568e-01
3.894836428378503634e-01
3.894836428379827575e-01
3.895925594779326984e-01
3.895925594781943224e-01
3.896906575230228986e-01
3.896906575232043091e-01
3.897203116806857714e-01
3.897203116809403456e-01
3.898904798047247433e-01
3.899715292370565245e-01
3.899715292372359920e-01
3.900892466461465258e-01
3.902384625218440206e-01
3.902384625219634251e-01
3.902638442162390531e-01
3.906975324122209381e-01
3.906975324122380910e-01
3.907325746749473749e-01
3.912721191827529532e-01
3.912721191829381939e-01
3.914087568720380772e-01
3.914087568720784338e-01
3.914289475795547091e-01
3.914289475798574114e-01
3.914429506204568643e-01
3.914678084852595275e-01
3.916188895738411668e-01
3.916288811531734582e-01
3.916288811533926162e-01
3.916461482105050296e-01
3.917034382965774997e-01
3.917034382967209960e-01
3.919783083376802146e-01
3.919783083378451938e-01
3.920115542231544237e-01
3.920115542233755801e-01
3.922643275491242698e-01
3.922966939746229675e-01
3.923944096181454788e-01
3.925347338871352787e-01
3.925347338872287595e-01
3.925943313946558266e-01
3.925943313948920266e-01
3.926210501598835223e-01
3.926210501602410696e-01
3.926657533645809828e-01
3.926657533648937326e-01
3.930260154554626739e-01
3.930260154556019514e-01
3.930510382337216169e-01
3.930510382340203779e-01
3.931682546049649063e-01
3.932552382915197042e-01
3.932842109920555718e-01
3.932842109923082030e-01
3.933153501540369024e-01
3.933153501542879238e-01
3.933309700837791523e-01
3.933718162210311786e-01
3.934712520660442747e-01
3.936072346869501914e-01
3.936072346871206107e-01
3.936369129090502295e-01
3.936369129091996100e-01
3.936767034410655897e-01
3.936767034413198862e-01
3.939356461839848000e-01
3.940159849459017871e-01
3.940159849459902719e-01
3.942297072549921233e-01
3.942695628385950446e-01
3.942736526926881591e-01
3.946872709978180849e-01
3.946872709979699634e-01
3.947267939825032657e-01
3.947267939825889194e-01
3.948921198729609672e-01
3.949266949162519302e-01
3.949266949164005891e-01
3.953784455530123809e-01
3.953784455531629827e-01
3.959956224298615268e-01
3.959956224300351657e-01
3.960091457278968052e-01
3.960091457281127436e-01
3.960412043566233220e-01
3.960412043569698226e-01
3.961208318350560864e-01
3.961536728875960645e-01
3.961536728878278235e-01
3.963173963864431437e-01
3.963173963865059823e-01
3.964625022809153965e-01
3.964662655212641273e-01
3.964848874748030938e-01
3.965247279454410245e-01
3.965247279455221818e-01
3.966921863241433255e-01
3.967155967695192853e-01
3.970820386759378318e-01
3.970820386761466647e-01
3.972493958190485008e-01
3.972493958192560015e-01
3.975268524123806158e-01
3.975268524124928593e-01
3.975273244427756647e-01
3.975273244428697006e-01
3.980705344452332706e-01
3.980705344454453232e-01
3.982278071827931032e-01
3.982278071829246646e-01
3.983511108797970213e-01
3.983573504456174863e-01
3.983573504457664782e-01
3.985269448064039932e-01
3.985269448068169407e-01
3.985626753755455165e-01
3.985626753756769114e-01
3.986585944801389059e-01
3.987248540972687105e-01
3.987248540973053479e-01
3.987648944194831513e-01
3.987958807882010515e-01
3.989345586767628626e-01
3.990238154724309871e-01
3.990238154727024922e-01
3.990323638036030185e-01
3.990871562243910597e-01
3.990871562244275861e-01
3.992026310162081759e-01
3.993010726176260961e-01
3.993010726176769443e-01
3.993868857168316189e-01
3.997525907758575636e-01
3.997525907762494168e-01
3.998215657300013270e-01
3.998312758080305729e-01
3.998312758082526730e-01
4.000801768573720718e-01
4.000801768575307227e-01
4.003917960049969693e-01
4.003917960052664760e-01
4.005635134270745246e-01
4.005635134271590125e-01
4.007775526163861457e-01
4.010494707344829934e-01
4.010494707345099163e-01
4.010750062106249181e-01
4.010750062109760816e-01
4.010824710140462601e-01
4.011585368895654868e-01
4.012594902692824816e-01
4.012594902695512111e-01
4.014134618971785251e-01
4.014134618974081747e-01
4.015718900680583237e-01
4.015718900681237713e-01
4.015914194700820894e-01
4.015914194705247908e-01
4.016210415322750138e-01
4.016210415325214278e-01
4.018988705987827093e-01
4.019236012954831017e-01
4.019236012955623716e-01
4.019519149089649801e-01
4.020655441663558149e-01
4.020655441664707785e-01
4.023110169762259547e-01
4.023110169765422572e-01
4.026928207537148197e-01
4.026928207539232085e-01
4.027789238553484696e-01
4.028426398514228235e-01
4.030921941793944585e-01
4.031428548870528705e-01
4.031428548872284523e-01
4.033978472637210211e-01
4.035971384697867870e-01
4.035971384700011155e-01
4.036927794628296651e-01
4.036927794630338906e-01
4.037264550955833586e-01
4.037264550957487264e-01
4.039274760227977712e-01
4.039274760229510375e-01
4.039354537196700456e-01
4.039354537198872053e-01
4.040141075396495030e-01
4.041367007881818685e-01
4.044459638109773048e-01
4.045960959744978047e-01
4.045960959745414365e-01
4.046661987813851558e-01
4.046661987816661532e-01
4.048238134585847026e-01
4.048238134588916792e-01
4.051094207983171880e-01
4.051094207984785589e-01
4.051776112953165421e-01
4.051776112954680875e-01
4.052869764162292388e-01
4.054233838367972687e-01
4.055875855317764289e-01
4.055875855317834233e-01
4.056685952427607766e-01
4.056685952429232578e-01
4.058981434467999194e-01
4.058981434469038918e-01
4.061476868305924914e-01
4.061476868307826726e-01
4.063340477180675814e-01
4.064429541030467607e-01
4.065304222223320996e-01
4.065304222224760400e-01
4.065834963408723191e-01
4.065859120478254041e-01
4.067037593702960141e-01
4.067037593703727860e-01
4.067508586788973202e-01
4.067508586789794767e-01
4.073635190280464058e-01
4.073918288854216363e-01
4.074022249692497710e-01
4.074022249694213005e-01
4.075061987236396344e-01
4.075061987239614325e-01
4.075658183254804445e-01
4.077327846829458813e-01
4.077327846830814395e-01
4.078397269414796300e-01
4.078397269416600968e-01
4.078710156502664552e-01
4.078710156504995465e-01
4.080355937982871883e-01
4.080370462565615641e-01
4.082889459589994496e-01
4.082889459592878301e-01
4.083363046656116602e-01
4.083363046658618489e-01
4.085269816064970305e-01
4.085269816067033100e-01
4.087116323119946437e-01
4.087116323122300110e-01
4.088401573238052977e-01
4.090421457065432365e-01
4.090421457069496891e-01
4.092516008336405942e-01
4.093183510420478899e-01
4.093183510421713467e-01
4.093386287473855245e-01
4.093386287478583130e-01
4.093715501454929795e-01
4.093715501456235972e-01
4.096134390757009136e-01
4.096134390758982002e-01
4.096516144700927398e-01
4.096536884781478149e-01
4.096549808961053585e-01
4.096549808962725581e-01
4.099758234664964696e-01
4.099758234666926460e-01
4.103704527773082700e-01
4.104354784347146734e-01
4.104354784348674401e-01
4.106412723711934110e-01
4.106412723715709423e-01
4.106567760512984666e-01
4.107050700369404006e-01
4.107050700371892016e-01
4.107139028246500900e-01
4.107139028248765200e-01
4.110813261410874442e-01
4.112074522937630427e-01
4.112074522937901322e-01
4.112308926995657532e-01
4.112308927000142833e-01
4.113739728835855147e-01
4.113739728838641807e-01
4.115924065762025519e-01
4.115924065763167938e-01
4.118816297232237855e-01
4.118816297235545210e-01
4.119760910816248622e-01
4.119915114099964581e-01
4.120048878678165827e-01
4.124123325045103150e-01
4.127300474071147751e-01
4.127300474072430059e-01
4.127912432472554682e-01
4.127912432475410176e-01
4.132201443566459464e-01
4.132201443570181487e-01
4.133771082784857276e-01
4.134061328274983294e-01
4.134061328276838476e-01
4.136305898964781624e-01
4.138521117892455803e-01
4.140480865282230583e-01
4.140480865283533984e-01
4.140769774832764871e-01
4.140769774835599271e-01
4.140844954603252748e-01
4.140844954605152894e-01
4.140896989124914218e-01
4.140896989126067185e-01
4.144881003040440381e-01
4.144881003041593348e-01
4.146364071314604383e-01
4.146364071315065125e-01
4.148635450399471569e-01
4.149505289904062422e-01
4.149505289904454330e-01
4.151728183436738662e-01
4.151728183439999942e-01
4.155499285744890248e-01
4.155635649850591418e-01
4.156670777048697696e-01
4.156670777049565335e-01
4.158479466616284426e-01
4.158725904562182163e-01
4.158725904562374787e-01
4.158934787411434630e-01
4.158934787412175149e-01
4.160444201720644442e-01
4.160721701415309171e-01
4.162126532904297238e-01
4.162126532911432641e-01
4.162312702868387615e-01
4.162312702872511538e-01
4.163937160720688202e-01
4.163937160723057418e-01
4.164094062031526433e-01
4.164094062034444654e-01
4.165372705325582348e-01
4.165372705326860214e-01
4.166518701325143681e-01
4.166518701325737650e-01
4.169109665337724091e-01
4.169109665341341198e-01
4.170139956312495233e-01
4.170139956314571905e-01
4.170580463171200125e-01
4.173152078145321853e-01
4.174772909039916047e-01
4.174772909042687719e-01
4.175926363408333786e-01
4.175926363410100706e-01
4.178901963184011858e-01
4.179731832112531520e-01
4.179731832115518020e-01
4.180986576175158009e-01
4.181712913388351827e-01
4.181712913389234454e-01
4.181920492168268444e-01
4.182978512930494164e-01
4.185742506482463821e-01
4.185742506484955716e-01
4.188580229406569932e-01
4.189883870262229859e-01
4.189883870263768073e-01
4.192831009176786194e-01
4.194363005498780161e-01
4.194363005500302832e-01
4.194721625742837690e-01
4.194721625744495253e-01
4.197641696516596355e-01
4.197641696518245036e-01
4.201414306626073403e-01
4.201414306627376249e-01
4.201506237005973587e-01
4.201506237006868982e-01
4.201994812415567049e-01
4.201994812416061098e-01
4.207460122109304979e-01
4.207460122111359446e-01
4.207614446292187171e-01
4.207614446294387078e-01
4.209742321414748911e-01
4.210197167896227999e-01
4.210512828132387253e-01
4.210512828133756158e-01
4.213238403287880018e-01
4.213238403289418232e-01
4.214679818503104247e-01
4.216696251141245355e-01
4.216696251144520513e-01
4.216861716073301292e-01
4.216861716074142286e-01
4.221613622465922311e-01
4.221743580260192141e-01
4.221927116973028249e-01
4.221927116974653615e-01
4.224429546046583051e-01
4.224549374771052745e-01
4.224549374773708954e-01
4.224566062542045586e-01
4.224566062543044787e-01
4.224919979620000987e-01
4.224919979620894162e-01
4.230261374130346308e-01
4.230304516485035582e-01
4.231934491448239299e-01
4.231934491450091151e-01
4.235722825816777837e-01
4.235722825817185289e-01
4.237195280508722073e-01
4.237195280509286066e-01
4.237256227866327274e-01
4.237256227867773339e-01
4.237361196172170219e-01
4.237361196173591860e-01
4.240444859018396295e-01
4.240444859021640922e-01
4.243467936193265344e-01
4.244199205935110797e-01
4.244199205936290409e-01
4.245990125925908631e-01
4.245990125927444625e-01
4.248130935308923051e-01
4.248130935310917566e-01
4.250084262506825250e-01
4.250084262508176391e-01
4.257976860654806295e-01
4.257978340504058878e-01
4.258046255996575935e-01
4.260304551631988179e-01
4.260304551633724568e-01
4.262236543619247198e-01
4.262236543620218088e-01
4.262897999374668512e-01
4.262962884705318034e-01
4.262962884707905964e-01
4.265790313255014565e-01
4.265790313257180055e-01
4.266238170274939123e-01
4.266238170278913167e-01
4.267082010407440285e-01
4.267082010407879933e-01
4.270589617989322129e-01
4.273837089183257221e-01
4.273837089185975047e-01
4.278577131751987728e-01
4.278577131754459084e-01
4.278648401465764417e-01
4.278648401468367890e-01
4.279896152917386787e-01
4.279896152920357189e-01
4.281301925161795641e-01
4.281301925163750188e-01
4.281438299982253670e-01
4.281438299985561580e-01
4.283124145304761377e-01
4.284138055598810113e-01
4.287220435908583038e-01
4.290186041471564793e-01
4.290186041472772160e-01
4.290284385838368242e-01
4.290431687254633308e-01
4.290464884063125983e-01
4.291051491060615675e-01
4.291051491062272127e-01
4.292799468572796595e-01
4.292799468576083410e-01
4.297578077131821717e-01
4.297906337287967782e-01
4.299247548927345175e-01
4.299247548928158413e-01
4.301522673472056857e-01
4.302657385988428729e-01
4.302932385895116285e-01
4.302932385897897949e-01
4.306268933299349233e-01
4.306268933301922175e-01
4.306415704345047946e-01
4.306415704350462503e-01
4.307485664287665217e-01
4.307485664288918104e-01
4.309703444566276853e-01
4.309703444567338226e-01
4.313082376946722474e-01
4.315329222516036123e-01
4.315329222519391772e-01
4.315974313874196278e-01
4.316741238585938834e-01
4.316741238588234220e-01
4.319729366692552919e-01
4.320821723311469298e-01
4.320821723314465790e-01
4.322370150521953613e-01
4.322370150524660892e-01
4.323013304566851178e-01
4.323013304569608972e-01
4.327152283375308439e-01
4.327878743522578509e-01
4.327878743526295535e-01
4.331543292028240399e-01
4.331543292028908754e-01
4.334080969489438329e-01
4.334080969492061786e-01
4.336085906725366534e-01
4.336085906728914807e-01
4.339309179298478369e-01
4.341066034965154197e-01
4.341066034969215393e-01
4.344235322236366659e-01
4.344235322237366415e-01
4.344780430320592246e-01
4.344780496758714472e-01
4.345017404475567946e-01
4.347384610938341831e-01
4.347384610939211136e-01
4.352877872996726016e-01
4.352877873002685138e-01
4.354323496486958711e-01
4.354323496489129197e-01
4.354643576474228062e-01
4.357604019004399643e-01
4.357604019004941986e-01
4.360151036252155055e-01
4.360151036258557711e-01
4.362611127405864875e-01
4.364941994418648497e-01
4.364941994420995508e-01
4.367786215065428967e-01
4.367786215073515832e-01
4.368239784034114170e-01
4.368239784036973550e-01
4.369492278023858756e-01
4.371661978324054010e-01
4.373963816820976569e-01
4.374312548458497152e-01
4.374347531224752061e-01
4.376383667845455960e-01
4.378254406175556279e-01
4.378254406177786717e-01
4.379812651317848138e-01
4.379812651320146855e-01
4.383159614400943260e-01
4.383159821817116386e-01
4.383959890020516226e-01
4.383959890023666484e-01
4.390055423855550587e-01
4.390055423858635897e-01
4.390387052534852064e-01
4.390475805007990062e-01
4.390634194409021029e-01
4.391174234606547988e-01
4.391174234607226334e-01
4.392339510895208465e-01
4.392339510898640165e-01
4.396716554073678562e-01
4.400467252621234060e-01
4.400467252622161096e-01
4.400746574465143612e-01
4.404233118106213318e-01
4.404233118107985789e-01
4.407972564965521589e-01
4.409225418154707477e-01
4.409225418156276222e-01
4.411517253756138679e-01
4.412253470310009140e-01
4.412253470314208004e-01
4.413223286012217805e-01
4.413223286013971403e-01
4.418615966044741605e-01
4.418615966046012811e-01
4.418756348653307131e-01
4.418756348657434940e-01
4.421428197883335298e-01
4.421428197891699163e-01
4.422212254433781631e-01
4.425587959660798876e-01
4.425588003949604277e-01
4.427335304459341647e-01
4.427335304460455201e-01
4.428994090696478092e-01
4.428994090700708042e-01
4.429571948294761530e-01
4.429571948297680306e-01
4.432099490203790793e-01
4.432099490209071568e-01
4.433096953637740145e-01
4.433096953639928395e-01
4.435125208057918988e-01
4.435125208059900181e-01
4.435995267440133172e-01
4.435995267441623091e-01
4.438464233483603860e-01
4.438464233485942545e-01
4.442130260937418584e-01
4.442130260938092490e-01
4.442551247112916935e-01
4.442551247114680524e-01
4.444656504020348953e-01
4.445373527487659349e-01
4.445373527491851551e-01
4.446113872391154742e-01
4.453158977568683063e-01
4.453158977569904309e-01
4.453451680182255457e-01
4.453451680184132844e-01
4.459276171563408830e-01
4.459276171565749736e-01
4.460308573327230186e-01
4.460308573328925497e-01
4.462016981299538609e-01
4.462022769746463724e-01
4.463389512399150716e-01
4.465904979334406888e-01
4.465904979335978409e-01
4.466930141377374319e-01
4.466930141381211805e-01
4.467504902753023366e-01
4.473822436685418458e-01
4.473851849452908369e-01
4.475084029619865733e-01
4.475084029620874926e-01
4.475236150889904674e-01
4.475236150892248910e-01
4.477865535181127510e-01
4.479402747753001846e-01
4.479402747756078829e-01
4.485451491870923735e-01
4.485451491875578900e-01
4.489173117082781994e-01
4.489173117084888642e-01
4.491812871876468272e-01
4.491812871881469826e-01
4.495016028862369728e-01
4.495016028864685098e-01
4.499549658501928451e-01
4.499549658506684646e-01
4.499935904216514349e-01
4.502312519423065096e-01
4.502312519427901782e-01
4.503586445678625649e-01
4.503586445680115014e-01
4.504826549513216150e-01
4.506588838870313474e-01
4.509402831801632705e-01
4.509402832638174097e-01
4.512212059763634486e-01
4.512212059764653116e-01
4.513806274671913754e-01
4.514025885281400807e-01
4.514025885284342343e-01
4.514410604640072266e-01
4.514410604643504521e-01
4.517077497244306183e-01
4.517077497251336116e-01
4.521607314525391552e-01
4.521607314526882027e-01
4.522204964206748556e-01
4.522954884377986540e-01
4.522954884382890395e-01
4.529488823422869181e-01
4.529488823424537847e-01
4.529860803363490174e-01
4.529860803364282318e-01
4.533745052253342900e-01
4.533745052258352226e-01
4.533999003585555965e-01
4.534577301780285397e-01
4.534577301781158587e-01
4.535825869588799297e-01
4.538573577326133757e-01
4.538573577330836661e-01
4.541134155422481555e-01
4.541134155425922692e-01
4.545835582898461458e-01
4.545835582901152083e-01
4.546887611034728383e-01
4.546887611038469279e-01
4.547109696648085064e-01
4.549422725721162242e-01
4.551629569464570313e-01
4.551629569469458070e-01
4.553126577090217397e-01
4.553126577093776217e-01
4.556124657176793824e-01
4.556124657180101734e-01
4.556302133203819493e-01
4.558676087440740043e-01
4.558676087446056346e-01
4.562411972668437565e-01
4.562411972674165761e-01
4.567012520799733077e-01
4.568580641520761376e-01
4.568580641527796860e-01
4.572923810063307393e-01
4.572923810064313810e-01
4.574660498853981294e-01
4.574660603503647449e-01
4.576826731370049473e-01
4.576826731370820522e-01
4.579554439043636571e-01
4.579554439044677405e-01
4.579656025343112336e-01
4.581604726329768784e-01
4.581604901277488984e-01
4.583845236840814463e-01
4.583845236841908588e-01
4.585238624249747819e-01
4.585238624250900230e-01
4.586825368573979045e-01
4.586825368575080941e-01
4.589407731682951797e-01
4.589407731683259883e-01
4.589728761493405695e-01
4.594163721737740125e-01
4.594269982965943355e-01
4.604303468172505354e-01
4.604303468177193270e-01
4.605427390639363905e-01
4.605427390641514962e-01
4.606959870953164504e-01
4.606959870955121272e-01
4.612863783932441564e-01
4.613042521646054661e-01
4.613042521648061389e-01
4.613139867335611655e-01
4.613139867338544864e-01
4.619011170303840008e-01
4.619011170305824532e-01
4.622331963914540487e-01
4.623335121325062858e-01
4.623335121328379649e-01
4.623883464536118204e-01
4.623883464537351107e-01
4.626894612812723628e-01
4.628444966791918636e-01
4.628444966792734094e-01
4.628553090194070796e-01
4.628553090196030895e-01
4.629277891756508057e-01
4.633290551891467990e-01
4.633290551893009535e-01
4.635593904889397932e-01
4.635960762764581577e-01
4.635960762767396548e-01
4.639944288697544494e-01
4.639944288698150121e-01
4.640875521018732464e-01
4.640875521022675421e-01
4.644152187576560120e-01
4.644984014139623141e-01
4.644984014140658424e-01
4.648128946760804459e-01
4.651492041057881388e-01
4.651492041059553939e-01
4.654133453613005789e-01
4.654454464058884189e-01
4.654454464065343466e-01
4.657114990711284097e-01
4.658234530950374208e-01
4.661779739682405110e-01
4.661779739685673052e-01
4.665821819290592032e-01
4.665821819292636508e-01
4.666637293036530187e-01
4.666637293038159440e-01
4.669332032299753354e-01
4.669332032301424795e-01
4.671599025150244833e-01
4.671599025150816598e-01
4.672077161996948114e-01
4.682036956320436705e-01
4.682528322081478955e-01
4.682528322083169270e-01
4.682752567026765012e-01
4.682752567027919088e-01
4.686202146885157793e-01
4.686202146887865072e-01
4.686647538146882508e-01
4.686647538156353265e-01
4.688718762577181454e-01
4.688718762580783017e-01
4.689148508808475002e-01
4.689148508809043991e-01
4.690713522496806065e-01
4.698017906348486705e-01
4.698017906349771788e-01
4.700233564787755225e-01
4.700233564789444429e-01
4.704450139693099331e-01
4.704450139697267663e-01
4.710727536165684737e-01
4.710727536166769425e-01
4.716389464633656270e-01
4.716389464641871365e-01
4.719336909811402969e-01
4.719336909813298120e-01
4.720818601467271503e-01
4.721790897108564256e-01
4.721920203253168191e-01
4.724881998421017748e-01
4.725740560984889593e-01
4.725771758089196695e-01
4.730071306417355514e-01
4.730071306418771049e-01
4.732837955493562343e-01
4.734065893691770666e-01
4.734525574717659557e-01
4.734525574719138930e-01
4.739016105102733523e-01
4.739016105103586174e-01
4.744561105372830379e-01
4.744561105377575472e-01
4.748277362677060798e-01
4.748277362682298830e-01
4.750035842595473623e-01
4.756439886517279669e-01
4.760525960156545833e-01
4.760525973683727985e-01
4.760879256784943392e-01
4.760879256788427827e-01
4.764837678359321593e-01
4.764837678364472473e-01
4.768239663262661687e-01
4.768613587094159834e-01
4.772884059922604671e-01
4.773115007029922197e-01
4.773931731579459381e-01
4.773931731582122806e-01
4.780763985519050352e-01
4.780763985522874515e-01
4.782982869110343760e-01
4.782982869112418212e-01
4.788653345916985549e-01
4.788653345919238191e-01
4.788685120593710320e-01
4.797564156271694746e-01
4.797564156275245795e-01
4.798344273103447577e-01
4.798344273103830049e-01
4.803499642888305887e-01
4.806915266245634921e-01
4.809942222817410462e-01
4.809942222820401403e-01
4.812308158272154412e-01
4.812554027121971889e-01
4.812554027123711609e-01
4.815170599662108586e-01
4.817863126046267319e-01
4.817863126048502198e-01
4.820491199239306246e-01
4.820491199241381253e-01
4.820966252107271588e-01
4.820966252110375772e-01
4.823864057147510542e-01
4.824262067273042964e-01
4.824262067274738830e-01
4.825438849905620553e-01
4.825438849907704442e-01
4.827027754185259090e-01
4.827027754188232267e-01
4.836499185446035409e-01
4.836499185447959981e-01
4.839573975116855387e-01
4.839573975119144666e-01
4.842459508737886331e-01
4.842459508739873075e-01
4.846519037990961731e-01
4.846519037991832146e-01
4.848667268144753462e-01
4.853892266448991410e-01
4.853892266452687898e-01
4.864929239625759294e-01
4.865272706734836694e-01
4.865272706736200048e-01
4.867157917947015910e-01
4.867157917948613521e-01
4.870633522160532913e-01
4.870633522168253959e-01
4.878852535829499293e-01
4.878852535830003889e-01
4.882925557715419029e-01
4.885811263142658123e-01
4.886367699921713714e-01
4.887281797093826485e-01
4.887281797095734959e-01
4.889330485411575444e-01
4.889330485412466953e-01
4.891618938810175510e-01
4.891618938814006889e-01
4.891725781075310642e-01
4.905557090139226473e-01
4.905557090140774124e-01
4.909408748520583399e-01
4.909563219484610053e-01
4.909665790050047884e-01
4.909665790056821910e-01
4.910281733621313371e-01
4.922355336808795223e-01
4.922355336812516136e-01
4.923164900622885587e-01
4.935023282696225921e-01
4.935023282697388880e-01
4.935835246784018859e-01
4.936516880257134643e-01
4.936516880263542850e-01
4.943032824476208953e-01
4.943962948095134147e-01
4.947595292833174563e-01
4.947595292834519598e-01
4.948506077790698066e-01
4.948508979838275312e-01
4.953746818594443879e-01
4.953746847757654059e-01
4.954344169619386840e-01
4.964643205256450975e-01
4.964643205258184033e-01
4.966259205739512739e-01
4.966259205741977434e-01
4.970885003419426296e-01
4.970885003426714355e-01
4.971905074751546416e-01
4.975626676491114453e-01
4.975626676492455602e-01
4.976536187778177744e-01
4.976536187784402210e-01
4.980806581283630519e-01
4.980806581285335821e-01
4.982408403406035635e-01
4.982408403408830622e-01
4.984199737495844107e-01
4.984199737499133698e-01
4.997274670359344029e-01
5.002280670219747538e-01
5.002280670227482462e-01
5.006546980287488458e-01
5.006546980294843685e-01
5.006762107474815870e-01
5.006762107475546397e-01
5.008420631943457657e-01
5.009310362901999714e-01
5.009310362904321190e-01
5.021016225080203732e-01
5.021016225082253204e-01
5.021356397291796281e-01
5.026762286519353973e-01
5.027281651766175585e-01
5.027281651768031878e-01
5.027763634234059253e-01
5.031776063807573696e-01
5.031776063809995092e-01
5.039460043813230872e-01
5.039460043813900336e-01
5.044442339614049198e-01
5.044442339617593030e-01
5.047402988114740863e-01
5.047402988117759559e-01
5.051130811765346396e-01
5.051130811768730355e-01
5.057348992194210524e-01
5.057348992196125659e-01
5.057355086388688470e-01
5.057355086393021670e-01
5.066578169172216706e-01
5.066578169174269508e-01
5.071386370648104380e-01
5.071386370654873410e-01
5.072566749149426402e-01
5.072566749155504873e-01
5.073934918343602218e-01
5.073934918350502254e-01
5.079439288045222156e-01
5.080547077112561594e-01
5.080547077115189492e-01
5.085489965869073314e-01
5.085489965870543250e-01
5.086638730746898540e-01
5.086638730749410975e-01
5.088618486505456229e-01
5.088618486507489047e-01
5.092438048223110192e-01
5.092438048227571068e-01
5.093808343148525930e-01
5.093808343151627893e-01
5.097728330411455122e-01
5.097976661586148817e-01
5.114397336640619240e-01
5.114923564899733766e-01
5.114923564905154985e-01
5.115302321565213806e-01
5.115302321568770960e-01
5.122234595119669054e-01
5.122234595124104395e-01
5.134623360231875822e-01
5.134623360235147649e-01
5.135903744179804997e-01
5.135903744181065100e-01
5.141409741807868583e-01
5.141409741809294109e-01
5.145679905273220500e-01
5.163007721382538717e-01
5.163007721386072557e-01
5.164949888207601703e-01
5.166054678367191233e-01
5.166054678369106368e-01
5.169049819958818626e-01
5.169049819962102665e-01
5.171181509701877621e-01
5.171181509710718327e-01
5.174157156551633108e-01
5.176373520913984949e-01
5.176373520918591264e-01
5.179110191425785326e-01
5.179815434299810395e-01
5.179866211799939446e-01
5.179866211800950859e-01
5.184533750795998763e-01
5.184533750798780982e-01
5.192294708700285755e-01
5.194671809210323898e-01
5.197985209181354982e-01
5.197985209184037281e-01
5.208784642401441678e-01
5.208784642403150311e-01
5.224010939183741931e-01
5.224010939184912106e-01
5.224685908781008248e-01
5.224685908788493371e-01
5.228156972372117739e-01
5.232106110319099113e-01
5.232319892194399191e-01
5.232319892205442580e-01
5.238437250187493177e-01
5.238437250189086347e-01
5.249959447830548909e-01
5.249959447836521909e-01
5.254323551612695153e-01
5.254323551618922394e-01
5.263163137867051811e-01
5.274717423777098846e-01
5.279088640092981510e-01
5.288235757784458535e-01
5.293779549824967345e-01
5.293779549827576369e-01
5.296149072014665338e-01
5.296149072015879922e-01
5.298810208548818679e-01
5.298810208556407053e-01
5.303771353340410721e-01
5.307983864823080378e-01
5.325437474543365246e-01
5.325437474545563488e-01
5.337480564131481531e-01
5.337480564132408567e-01
5.342393925862688464e-01
5.342393925863465620e-01
5.352518744168750509e-01
5.353252439612269376e-01
5.373403284807339864e-01
5.373403284812865444e-01
5.377023926700164047e-01
5.377023926701652856e-01
5.402053961394361892e-01
5.402053961397729198e-01
5.406364410651709473e-01
5.406364410655297714e-01
5.411816726473737127e-01
5.412995123254247254e-01
5.412995123260448960e-01
5.417500543377097300e-01
5.418998350427171040e-01
5.419135573521020044e-01
5.419135573526392413e-01
5.421825859557577454e-01
5.422618528714701069e-01
5.422618528719803654e-01
5.449172652756857360e-01
5.449172652758554891e-01
5.450481118369748801e-01
5.450481118371568456e-01
5.463394239620114057e-01
5.465337288900522505e-01
5.465337288906694235e-01
5.473593466760827697e-01
5.473593466762365356e-01
5.492520066481909602e-01
5.492520066484105623e-01
5.498226118810171092e-01
5.498226118813616115e-01
5.499676293585255005e-01
5.499918831301113809e-01
5.499954713793464567e-01
5.503224937954965812e-01
5.503224937961570529e-01
5.506173903152811189e-01
5.517281602332410051e-01
5.517281602340150526e-01
5.532710545081843678e-01
5.532710545081896969e-01
5.542861736711424125e-01
5.547508250555709397e-01
5.547508250559545218e-01
5.557789499315611836e-01
5.557789499316002635e-01
5.565068374475834467e-01
5.565068374480108826e-01
5.566158998268915248e-01
5.566158998279331360e-01
5.569400071320462775e-01
5.569400071325479873e-01
5.576135645468712765e-01
5.578813032133033145e-01
5.582128816642216718e-01
5.586060356833145724e-01
5.586060356838565832e-01
5.598576686837720695e-01
5.599553531276484364e-01
5.599553531280553331e-01
5.618957030043079115e-01
5.618957030048106205e-01
5.635081673478208319e-01
5.635081673480153430e-01
5.679577992991753366e-01
5.698479049376683481e-01
5.700488634701553758e-01
5.700488634707864266e-01
5.703228771438734190e-01
5.703431455898700930e-01
5.706468230420923549e-01
5.706468230423904497e-01
5.727709510787986069e-01
5.727709510789812386e-01
5.732094449501646816e-01
5.732094449510510836e-01
5.738399972831143003e-01
5.738399972831959017e-01
5.741333705497239093e-01
5.741333705500599738e-01
5.743660711609765990e-01
5.751142948821029721e-01
5.751142948821599266e-01
5.754260584163410908e-01
5.754260584168415793e-01
5.761731664166616085e-01
5.762201016991043145e-01
5.762201016991933544e-01
5.764092926032318154e-01
5.764092926033667075e-01
5.777335699814587500e-01
5.778972952285281739e-01
5.778972952286584031e-01
5.783823602314210888e-01
5.783823602326111368e-01
5.788512277773080195e-01
5.788512277776397541e-01
5.813760011486635015e-01
5.813760011487578705e-01
5.839290565592274440e-01
5.839290565598964644e-01
5.844108343767757674e-01
5.844108343768982250e-01
5.851525113692541691e-01
5.890708858943287662e-01
5.918640496058628075e-01
5.958597723687696357e-01
5.962505795700294708e-01
5.962743847456303259e-01
5.962743847461252633e-01
5.971885270796812861e-01
5.971885270803982682e-01
5.979557005634643652e-01
5.979557005643585388e-01
5.984844790253455171e-01
5.984844790257535241e-01
6.011752948214184045e-01
6.020299640293503840e-01
6.020299640298074628e-01
6.036154530708446320e-01
6.056819754151067103e-01
6.102049793814484646e-01
6.110191596563341321e-01
6.110191596564678029e-01
6.125170243805596604e-01
6.125170243811893789e-01
6.125753195135409390e-01
6.125753195135515972e-01
6.126299234980964181e-01
6.126299234985007613e-01
6.168712532195362863e-01
6.169355256061960224e-01
6.169355256067954318e-01
6.184010134056973085e-01
6.184010134064864550e-01
6.193930291183407100e-01
6.193930291189475579e-01
6.218811111884621212e-01
6.218811111888552512e-01
6.254180068228886169e-01
6.255720883440347713e-01
6.255720883444522151e-01
6.258874649735727269e-01
6.258874649740976404e-01
6.270336148236860252e-01
6.274051537256146727e-01
6.274051537261025047e-01
6.298544562864724083e-01
6.298544562873528152e-01
6.313986438046108596e-01
6.351045763243944320e-01
6.371812714553251045e-01
6.402902120738210856e-01
6.407758925922577564e-01
6.407758925934026184e-01
6.561355002520287139e-01
6.571347193730027181e-01
6.571347193730818770e-01
6.664487357838285719e-01
6.664487357849574467e-01
6.676266877949135203e-01
6.676266877951911871e-01
6.748823688478003957e-01
6.748823688483541750e-01
6.749241060130544145e-01
6.749241060134345549e-01
6.777714352001260600e-01
6.777714352006454224e-01
6.788763548700964545e-01
6.788763548703878881e-01
6.829667948817457201e-01
6.830530229661231356e-01
6.864924519159576466e-01
6.864924519162221017e-01
6.915675982713118675e-01
6.926789746609632870e-01
6.926789746611246024e-01
6.946375500257471192e-01
6.993113535225551347e-01
7.049941421605208092e-01
7.049941421605763203e-01
7.107215975089160587e-01
7.189508110197704305e-01
7.189508110200361068e-01
7.209953625611060790e-01
7.263555527502623121e-01
7.263555527508311904e-01
7.444170786251863570e-01
7.607181481177253124e-01
7.607181481185520955e-01
7.636542600802559422e-01
7.636542600805105163e-01
7.783658133993853756e-01
7.783658133998310191e-01
7.937258338161717885e-01
8.043806324984353884e-01
8.523874467697795110e-01
8.523874467702221569e-01
8.659957607894933629e-01
8.659957607895840681e-01
8.847709021006876506e-01
9.650937566593361661e-01
9.650937566597511674e-01
1.000000000000000000e+00
