# SF-29 N2 candidate (i) i0 field=gauss_ch eps=1 N=16: sorted relative singular values of the dense central-FD Jacobian at the oracle state (rows F_i=-q(L_i-S_i); smax=2.714760e+07)
5.447609e-10
6.659984e-10
9.712081e-10
1.290350e-09
2.308206e-09
2.992611e-09
3.389121e-09
3.844800e-09
5.547132e-09
6.468860e-09
8.674409e-09
9.202686e-09
1.032739e-08
1.093016e-08
1.221439e-08
1.273573e-08
1.461936e-08
1.524859e-08
1.711282e-08
1.825403e-08
1.864663e-08
1.971353e-08
2.124872e-08
2.190313e-08
2.326662e-08
2.416264e-08
2.587838e-08
2.790663e-08
2.802982e-08
3.008485e-08
3.078299e-08
3.318198e-08
3.683581e-08
3.807606e-08
3.870692e-08
4.095665e-08
4.302632e-08
4.487068e-08
4.561419e-08
4.803332e-08
5.096261e-08
5.366558e-08
5.558855e-08
5.728982e-08
5.898432e-08
6.252770e-08
6.321690e-08
6.658135e-08
6.882735e-08
7.125274e-08
7.512464e-08
7.889859e-08
8.201095e-08
8.400038e-08
8.565830e-08
9.083175e-08
9.187826e-08
9.318220e-08
9.959874e-08
1.010772e-07
1.031371e-07
1.053507e-07
1.146903e-07
1.151216e-07
1.183485e-07
1.203055e-07
1.241941e-07
1.309313e-07
1.349658e-07
1.379244e-07
1.417148e-07
1.448993e-07
1.471289e-07
1.522106e-07
1.551125e-07
1.577658e-07
1.636179e-07
1.655841e-07
1.682302e-07
1.702861e-07
1.776248e-07
1.819503e-07
1.850655e-07
1.897937e-07
1.955167e-07
2.007776e-07
2.010219e-07
2.070402e-07
2.095624e-07
2.152716e-07
2.161067e-07
2.240451e-07
2.287894e-07
2.304659e-07
2.431484e-07
2.443335e-07
2.468251e-07
2.516248e-07
2.585494e-07
2.635054e-07
2.647807e-07
2.703430e-07
2.717022e-07
2.747577e-07
2.800376e-07
2.831841e-07
2.889168e-07
2.943894e-07
3.001067e-07
3.013519e-07
3.078298e-07
3.143324e-07
3.187336e-07
3.253496e-07
3.273291e-07
3.317318e-07
3.328330e-07
3.350897e-07
3.504902e-07
3.533842e-07
3.570249e-07
3.667800e-07
3.714923e-07
3.765395e-07
3.821233e-07
3.916824e-07
3.982317e-07
4.001784e-07
4.040578e-07
4.072706e-07
4.108430e-07
4.212091e-07
4.267620e-07
4.303442e-07
4.397855e-07
4.478380e-07
4.559390e-07
4.636408e-07
4.682698e-07
4.726317e-07
4.772166e-07
4.790108e-07
4.848823e-07
5.004986e-07
5.040877e-07
5.064456e-07
5.122800e-07
5.165422e-07
5.215472e-07
5.265710e-07
5.388620e-07
5.440280e-07
5.491361e-07
5.555793e-07
5.625604e-07
5.643195e-07
5.701931e-07
5.825120e-07
5.865700e-07
5.904809e-07
5.943608e-07
6.019121e-07
6.154980e-07
6.207020e-07
6.224533e-07
6.320395e-07
6.340668e-07
6.352396e-07
6.477849e-07
6.504072e-07
6.548887e-07
6.583199e-07
6.662876e-07
6.761027e-07
6.813081e-07
6.846793e-07
6.877249e-07
6.938670e-07
7.011398e-07
7.054764e-07
7.139003e-07
7.143517e-07
7.232564e-07
7.263888e-07
7.281627e-07
7.342718e-07
7.400895e-07
7.521000e-07
7.573212e-07
7.592564e-07
7.627560e-07
7.724636e-07
7.771990e-07
7.816232e-07
7.903478e-07
7.954739e-07
8.006795e-07
8.069789e-07
8.162915e-07
8.208067e-07
8.242531e-07
8.317082e-07
8.352326e-07
8.359508e-07
8.439918e-07
8.489225e-07
8.566198e-07
8.586253e-07
8.651925e-07
8.720413e-07
8.835280e-07
8.877989e-07
8.917560e-07
8.931616e-07
8.954497e-07
8.969720e-07
9.147524e-07
9.164807e-07
9.208288e-07
9.303435e-07
9.372643e-07
9.394877e-07
9.493681e-07
9.528693e-07
9.677317e-07
9.684895e-07
9.724846e-07
9.793367e-07
9.870809e-07
9.923297e-07
1.001926e-06
1.005497e-06
1.012468e-06
1.019713e-06
1.024211e-06
1.030659e-06
1.039168e-06
1.043746e-06
1.046854e-06
1.050367e-06
1.060694e-06
1.068885e-06
1.071703e-06
1.075702e-06
1.078747e-06
1.086484e-06
1.092281e-06
1.100689e-06
1.105073e-06
1.110647e-06
1.114991e-06
1.120455e-06
1.124024e-06
1.130299e-06
1.133201e-06
1.136980e-06
1.151495e-06
1.157704e-06
1.162644e-06
1.170699e-06
1.174022e-06
1.176481e-06
1.183977e-06
1.189279e-06
1.193626e-06
1.201968e-06
1.204476e-06
1.210160e-06
1.216623e-06
1.222276e-06
1.225129e-06
1.229839e-06
1.240148e-06
1.244610e-06
1.252073e-06
1.262324e-06
1.268765e-06
1.274985e-06
1.277761e-06
1.281509e-06
1.287720e-06
1.296697e-06
1.301312e-06
1.306126e-06
1.313928e-06
1.320146e-06
1.321766e-06
1.330755e-06
1.335659e-06
1.341804e-06
1.346962e-06
1.353747e-06
1.358779e-06
1.364111e-06
1.371302e-06
1.376905e-06
1.380673e-06
1.389092e-06
1.392072e-06
1.398568e-06
1.404050e-06
1.412423e-06
1.416292e-06
1.423776e-06
1.429678e-06
1.432600e-06
1.440749e-06
1.447775e-06
1.450321e-06
1.459589e-06
1.461963e-06
1.465628e-06
1.474236e-06
1.486716e-06
1.490660e-06
1.497318e-06
1.500904e-06
1.510561e-06
1.514686e-06
1.519608e-06
1.520938e-06
1.524544e-06
1.537169e-06
1.545569e-06
1.556161e-06
1.561618e-06
1.566470e-06
1.571409e-06
1.576044e-06
1.590002e-06
1.590077e-06
1.594519e-06
1.599855e-06
1.605913e-06
1.613756e-06
1.619990e-06
1.622661e-06
1.624798e-06
1.630373e-06
1.639613e-06
1.644985e-06
1.649698e-06
1.653980e-06
1.668690e-06
1.675322e-06
1.676475e-06
1.682210e-06
1.688706e-06
1.699703e-06
1.707384e-06
1.710032e-06
1.716097e-06
1.719294e-06
1.724332e-06
1.732275e-06
1.734845e-06
1.743229e-06
1.743775e-06
1.756283e-06
1.756807e-06
1.766237e-06
1.770232e-06
1.780559e-06
1.788952e-06
1.794478e-06
1.796218e-06
1.804150e-06
1.810724e-06
1.817979e-06
1.822227e-06
1.828352e-06
1.835767e-06
1.838949e-06
1.845933e-06
1.847929e-06
1.856352e-06
1.864061e-06
1.873541e-06
1.876555e-06
1.888146e-06
1.893213e-06
1.894608e-06
1.896256e-06
1.902030e-06
1.910797e-06
1.913467e-06
1.919821e-06
1.929120e-06
1.934811e-06
1.939564e-06
1.944646e-06
1.948084e-06
1.952823e-06
1.961361e-06
1.968311e-06
1.973742e-06
1.982503e-06
1.986047e-06
1.991797e-06
1.992986e-06
2.001945e-06
2.004107e-06
2.018311e-06
2.020243e-06
2.027402e-06
2.036616e-06
2.045999e-06
2.055833e-06
2.059354e-06
2.065586e-06
2.070403e-06
2.073329e-06
2.081504e-06
2.085821e-06
2.094643e-06
2.098846e-06
2.107755e-06
2.117226e-06
2.125510e-06
2.132473e-06
2.134303e-06
2.139758e-06
2.142664e-06
2.150768e-06
2.156454e-06
2.161327e-06
2.170746e-06
2.179352e-06
2.182389e-06
2.186359e-06
2.194052e-06
2.194127e-06
2.200530e-06
2.204204e-06
2.214349e-06
2.216640e-06
2.231274e-06
2.232121e-06
2.240549e-06
2.245146e-06
2.254561e-06
2.260745e-06
2.271317e-06
2.273732e-06
2.278034e-06
2.280584e-06
2.286743e-06
2.295844e-06
2.300869e-06
2.309049e-06
2.314393e-06
2.316954e-06
2.323547e-06
2.327912e-06
2.335022e-06
2.338405e-06
2.349584e-06
2.354148e-06
2.355022e-06
2.362582e-06
2.373621e-06
2.382039e-06
2.389587e-06
2.392225e-06
2.398536e-06
2.404292e-06
2.408406e-06
2.409703e-06
2.415999e-06
2.426040e-06
2.434752e-06
2.435287e-06
2.439343e-06
2.449333e-06
2.451995e-06
2.458053e-06
2.464598e-06
2.467125e-06
2.482670e-06
2.487331e-06
2.494342e-06
2.500686e-06
2.504553e-06
2.511609e-06
2.516623e-06
2.525153e-06
2.527031e-06
2.531593e-06
2.542722e-06
2.546417e-06
2.554555e-06
2.564621e-06
2.570817e-06
2.575533e-06
2.580233e-06
2.586785e-06
2.588658e-06
2.596620e-06
2.601388e-06
2.607146e-06
2.610940e-06
2.619673e-06
2.627314e-06
2.630394e-06
2.635346e-06
2.640143e-06
2.647291e-06
2.656639e-06
2.658929e-06
2.665233e-06
2.673561e-06
2.677890e-06
2.684498e-06
2.690357e-06
2.698237e-06
2.701789e-06
2.707467e-06
2.712953e-06
2.718652e-06
2.725904e-06
2.728306e-06
2.739977e-06
2.744487e-06
2.750944e-06
2.762953e-06
2.768081e-06
2.770769e-06
2.774676e-06
2.777615e-06
2.780918e-06
2.793797e-06
2.796607e-06
2.805412e-06
2.813457e-06
2.819316e-06
2.821003e-06
2.824672e-06
2.833566e-06
2.839500e-06
2.849802e-06
2.850322e-06
2.856543e-06
2.866282e-06
2.868892e-06
2.882401e-06
2.887011e-06
2.892656e-06
2.900586e-06
2.904081e-06
2.907693e-06
2.908743e-06
2.913173e-06
2.917677e-06
2.929511e-06
2.934178e-06
2.940082e-06
2.940662e-06
2.946491e-06
2.953724e-06
2.963839e-06
2.966433e-06
2.973237e-06
2.976686e-06
2.989411e-06
2.994497e-06
2.995660e-06
3.000032e-06
3.009378e-06
3.014558e-06
3.019862e-06
3.024879e-06
3.033679e-06
3.036479e-06
3.046052e-06
3.057716e-06
3.059705e-06
3.066812e-06
3.073834e-06
3.078480e-06
3.081788e-06
3.091361e-06
3.094169e-06
3.098182e-06
3.103333e-06
3.111154e-06
3.117376e-06
3.130456e-06
3.135743e-06
3.143389e-06
3.148684e-06
3.157224e-06
3.160768e-06
3.169164e-06
3.171652e-06
3.174677e-06
3.183235e-06
3.185990e-06
3.198142e-06
3.202651e-06
3.212075e-06
3.214295e-06
3.218014e-06
3.224949e-06
3.229780e-06
3.236883e-06
3.243507e-06
3.248896e-06
3.249980e-06
3.256916e-06
3.259525e-06
3.268147e-06
3.274662e-06
3.283566e-06
3.284448e-06
3.289158e-06
3.294455e-06
3.298352e-06
3.309900e-06
3.315579e-06
3.317984e-06
3.325278e-06
3.331889e-06
3.336128e-06
3.343499e-06
3.351825e-06
3.357309e-06
3.368334e-06
3.372130e-06
3.376802e-06
3.380733e-06
3.386518e-06
3.390928e-06
3.394884e-06
3.399888e-06
3.401534e-06
3.412020e-06
3.414058e-06
3.427741e-06
3.428526e-06
3.438126e-06
3.449979e-06
3.451485e-06
3.459908e-06
3.465839e-06
3.469047e-06
3.477605e-06
3.480681e-06
3.484845e-06
3.489982e-06
3.496888e-06
3.507105e-06
3.508326e-06
3.518857e-06
3.532872e-06
3.535349e-06
3.538574e-06
3.540026e-06
3.545662e-06
3.555052e-06
3.557465e-06
3.562475e-06
3.570285e-06
3.576188e-06
3.582246e-06
3.586042e-06
3.591021e-06
3.595851e-06
3.608354e-06
3.613942e-06
3.620443e-06
3.623593e-06
3.624617e-06
3.631680e-06
3.640521e-06
3.643033e-06
3.646450e-06
3.655880e-06
3.659553e-06
3.667912e-06
3.678419e-06
3.679110e-06
3.688202e-06
3.700059e-06
3.702857e-06
3.710599e-06
3.716129e-06
3.720702e-06
3.728618e-06
3.732277e-06
3.739422e-06
3.745688e-06
3.750167e-06
3.755916e-06
3.761151e-06
3.764639e-06
3.769917e-06
3.778169e-06
3.781890e-06
3.788638e-06
3.793893e-06
3.798915e-06
3.807309e-06
3.812336e-06
3.816108e-06
3.831413e-06
3.839048e-06
3.843554e-06
3.845106e-06
3.852324e-06
3.858824e-06
3.862698e-06
3.868955e-06
3.870768e-06
3.883788e-06
3.889493e-06
3.890943e-06
3.901660e-06
3.907025e-06
3.910620e-06
3.923020e-06
3.925552e-06
3.933344e-06
3.936754e-06
3.941700e-06
3.945365e-06
3.952500e-06
3.956383e-06
3.963843e-06
3.967865e-06
3.970054e-06
3.979898e-06
3.984980e-06
3.993527e-06
3.998211e-06
4.001294e-06
4.011443e-06
4.026517e-06
4.028966e-06
4.039229e-06
4.039318e-06
4.048883e-06
4.052354e-06
4.058061e-06
4.066230e-06
4.070185e-06
4.072210e-06
4.083125e-06
4.088178e-06
4.092397e-06
4.097922e-06
4.106858e-06
4.108136e-06
4.111334e-06
4.122124e-06
4.129663e-06
4.138356e-06
4.139923e-06
4.147608e-06
4.150985e-06
4.154494e-06
4.158394e-06
4.170482e-06
4.174008e-06
4.176814e-06
4.178774e-06
4.197585e-06
4.207001e-06
4.209871e-06
4.218264e-06
4.221999e-06
4.229666e-06
4.234025e-06
4.239860e-06
4.249640e-06
4.253290e-06
4.258149e-06
4.267641e-06
4.272104e-06
4.277207e-06
4.282023e-06
4.285549e-06
4.294986e-06
4.306881e-06
4.313858e-06
4.317952e-06
4.326945e-06
4.330785e-06
4.332994e-06
4.338665e-06
4.344382e-06
4.356763e-06
4.358309e-06
4.364291e-06
4.374549e-06
4.377359e-06
4.380793e-06
4.388661e-06
4.398424e-06
4.401238e-06
4.403395e-06
4.410274e-06
4.416901e-06
4.425225e-06
4.431216e-06
4.436142e-06
4.438310e-06
4.443787e-06
4.450085e-06
4.456717e-06
4.465133e-06
4.471504e-06
4.474223e-06
4.482773e-06
4.484835e-06
4.491827e-06
4.497763e-06
4.502617e-06
4.511542e-06
4.514481e-06
4.518624e-06
4.530214e-06
4.532931e-06
4.538299e-06
4.550320e-06
4.556393e-06
4.561741e-06
4.567884e-06
4.575166e-06
4.579005e-06
4.585915e-06
4.589581e-06
4.596221e-06
4.601923e-06
4.612758e-06
4.617472e-06
4.622079e-06
4.627954e-06
4.632630e-06
4.640727e-06
4.646606e-06
4.657159e-06
4.660233e-06
4.670086e-06
4.673673e-06
4.678301e-06
4.689402e-06
4.689852e-06
4.694937e-06
4.703817e-06
4.711104e-06
4.719880e-06
4.723021e-06
4.731798e-06
4.734704e-06
4.738973e-06
4.747351e-06
4.750931e-06
4.754775e-06
4.767248e-06
4.768762e-06
4.775794e-06
4.784380e-06
4.789173e-06
4.791699e-06
4.793439e-06
4.801604e-06
4.817380e-06
4.818169e-06
4.826085e-06
4.840266e-06
4.840852e-06
4.846133e-06
4.850019e-06
4.858376e-06
4.866389e-06
4.873384e-06
4.875359e-06
4.882841e-06
4.889072e-06
4.892830e-06
4.899053e-06
4.904598e-06
4.917557e-06
4.919717e-06
4.922768e-06
4.932879e-06
4.934614e-06
4.946394e-06
4.949862e-06
4.960435e-06
4.963519e-06
4.974376e-06
4.985272e-06
4.986868e-06
4.993935e-06
5.001437e-06
5.007315e-06
5.014410e-06
5.016427e-06
5.026299e-06
5.032621e-06
5.038783e-06
5.048734e-06
5.051241e-06
5.055110e-06
5.058620e-06
5.065316e-06
5.070438e-06
5.075391e-06
5.079634e-06
5.087301e-06
5.094323e-06
5.099651e-06
5.106068e-06
5.109838e-06
5.115204e-06
5.119155e-06
5.122334e-06
5.142335e-06
5.143029e-06
5.150797e-06
5.157367e-06
5.161972e-06
5.166483e-06
5.170339e-06
5.176272e-06
5.183567e-06
5.188232e-06
5.195663e-06
5.205061e-06
5.207732e-06
5.215926e-06
5.225724e-06
5.231265e-06
5.239374e-06
5.244874e-06
5.252633e-06
5.260051e-06
5.266523e-06
5.279957e-06
5.287426e-06
5.288019e-06
5.296103e-06
5.299700e-06
5.304565e-06
5.312266e-06
5.315668e-06
5.316058e-06
5.332389e-06
5.336092e-06
5.346563e-06
5.353962e-06
5.361281e-06
5.364626e-06
5.369201e-06
5.372883e-06
5.378015e-06
5.380085e-06
5.396452e-06
5.400032e-06
5.403863e-06
5.410860e-06
5.421800e-06
5.428914e-06
5.430053e-06
5.435656e-06
5.446384e-06
5.447586e-06
5.453352e-06
5.459212e-06
5.467652e-06
5.477794e-06
5.482013e-06
5.487532e-06
5.500247e-06
5.501303e-06
5.510635e-06
5.513676e-06
5.517618e-06
5.525244e-06
5.532069e-06
5.535165e-06
5.543391e-06
5.544725e-06
5.554032e-06
5.557666e-06
5.565310e-06
5.573465e-06
5.580627e-06
5.583088e-06
5.593843e-06
5.597509e-06
5.600117e-06
5.610805e-06
5.613349e-06
5.619004e-06
5.620902e-06
5.629705e-06
5.630817e-06
5.636217e-06
5.642843e-06
5.653589e-06
5.656732e-06
5.665335e-06
5.671707e-06
5.677143e-06
5.681667e-06
5.691608e-06
5.692680e-06
5.699212e-06
5.705801e-06
5.717036e-06
5.724650e-06
5.725079e-06
5.732181e-06
5.741902e-06
5.743008e-06
5.751953e-06
5.754240e-06
5.763712e-06
5.769596e-06
5.776637e-06
5.783221e-06
5.787297e-06
5.791730e-06
5.796574e-06
5.803334e-06
5.810863e-06
5.818153e-06
5.821738e-06
5.827343e-06
5.834549e-06
5.842083e-06
5.852802e-06
5.854591e-06
5.860751e-06
5.866941e-06
5.881034e-06
5.881668e-06
5.889988e-06
5.893776e-06
5.901068e-06
5.905606e-06
5.911417e-06
5.914374e-06
5.921472e-06
5.929728e-06
5.931070e-06
5.935096e-06
5.941493e-06
5.952993e-06
5.958746e-06
5.965627e-06
5.969148e-06
5.979069e-06
5.985349e-06
5.991893e-06
5.994037e-06
6.000413e-06
6.006620e-06
6.013488e-06
6.019638e-06
6.027044e-06
6.036377e-06
6.039155e-06
6.046275e-06
6.050240e-06
6.058371e-06
6.064194e-06
6.072093e-06
6.076339e-06
6.082856e-06
6.091155e-06
6.095869e-06
6.102367e-06
6.106238e-06
6.117392e-06
6.121322e-06
6.124309e-06
6.132914e-06
6.142419e-06
6.147908e-06
6.151745e-06
6.153538e-06
6.162184e-06
6.165971e-06
6.168929e-06
6.174701e-06
6.188902e-06
6.195753e-06
6.210090e-06
6.213764e-06
6.215216e-06
6.219801e-06
6.226657e-06
6.231308e-06
6.232649e-06
6.240454e-06
6.248232e-06
6.252908e-06
6.262289e-06
6.264286e-06
6.268807e-06
6.279633e-06
6.287886e-06
6.290164e-06
6.302342e-06
6.307770e-06
6.313850e-06
6.323185e-06
6.324861e-06
6.332481e-06
6.338362e-06
6.348520e-06
6.353039e-06
6.357079e-06
6.367342e-06
6.376925e-06
6.380262e-06
6.385765e-06
6.390561e-06
6.392599e-06
6.397787e-06
6.403534e-06
6.410760e-06
6.417859e-06
6.421751e-06
6.425969e-06
6.439768e-06
6.441218e-06
6.444714e-06
6.452986e-06
6.458645e-06
6.462791e-06
6.470530e-06
6.481622e-06
6.484154e-06
6.488222e-06
6.493587e-06
6.504710e-06
6.507431e-06
6.510342e-06
6.514740e-06
6.519052e-06
6.526343e-06
6.530871e-06
6.536084e-06
6.539099e-06
6.546900e-06
6.552011e-06
6.557959e-06
6.564879e-06
6.571532e-06
6.573454e-06
6.577561e-06
6.600626e-06
6.608133e-06
6.613387e-06
6.615465e-06
6.622804e-06
6.634581e-06
6.636466e-06
6.645738e-06
6.650145e-06
6.651983e-06
6.658730e-06
6.664276e-06
6.668401e-06
6.672043e-06
6.677865e-06
6.682220e-06
6.696935e-06
6.700191e-06
6.706607e-06
6.711857e-06
6.721916e-06
6.728297e-06
6.736496e-06
6.739661e-06
6.752103e-06
6.754260e-06
6.756519e-06
6.766207e-06
6.770083e-06
6.777467e-06
6.778439e-06
6.790507e-06
6.796827e-06
6.801474e-06
6.811503e-06
6.812525e-06
6.814430e-06
6.822535e-06
6.828319e-06
6.838271e-06
6.840146e-06
6.846417e-06
6.862488e-06
6.867682e-06
6.870805e-06
6.877458e-06
6.878469e-06
6.891892e-06
6.895829e-06
6.902594e-06
6.908357e-06
6.913279e-06
6.914106e-06
6.922930e-06
6.935235e-06
6.941113e-06
6.942428e-06
6.957335e-06
6.964559e-06
6.974292e-06
6.977675e-06
6.985846e-06
6.986442e-06
6.991471e-06
7.002885e-06
7.007644e-06
7.017133e-06
7.019201e-06
7.026190e-06
7.029708e-06
7.041536e-06
7.049616e-06
7.051420e-06
7.053547e-06
7.065480e-06
7.072749e-06
7.078017e-06
7.086933e-06
7.097446e-06
7.099723e-06
7.107540e-06
7.115891e-06
7.123226e-06
7.124717e-06
7.133525e-06
7.140581e-06
7.146842e-06
7.159172e-06
7.161407e-06
7.171239e-06
7.175818e-06
7.180073e-06
7.183181e-06
7.193084e-06
7.202525e-06
7.206705e-06
7.213879e-06
7.216572e-06
7.225758e-06
7.228402e-06
7.232128e-06
7.239758e-06
7.246489e-06
7.257644e-06
7.259644e-06
7.265752e-06
7.277765e-06
7.284680e-06
7.286345e-06
7.292279e-06
7.306105e-06
7.308842e-06
7.312686e-06
7.315571e-06
7.324839e-06
7.331851e-06
7.340894e-06
7.344477e-06
7.349861e-06
7.366754e-06
7.372584e-06
7.381172e-06
7.382528e-06
7.389031e-06
7.399881e-06
7.401309e-06
7.410733e-06
7.418119e-06
7.421590e-06
7.424909e-06
7.437042e-06
7.442749e-06
7.454395e-06
7.462746e-06
7.468907e-06
7.474136e-06
7.481230e-06
7.488914e-06
7.496190e-06
7.496448e-06
7.510059e-06
7.511719e-06
7.525672e-06
7.530374e-06
7.532768e-06
7.537750e-06
7.542631e-06
7.548433e-06
7.553482e-06
7.557566e-06
7.570478e-06
7.575410e-06
7.581125e-06
7.582654e-06
7.585235e-06
7.595510e-06
7.602121e-06
7.603472e-06
7.604834e-06
7.617851e-06
7.627784e-06
7.632783e-06
7.647167e-06
7.654997e-06
7.662493e-06
7.667579e-06
7.669659e-06
7.671367e-06
7.679239e-06
7.682306e-06
7.691461e-06
7.699016e-06
7.701706e-06
7.709942e-06
7.717245e-06
7.726247e-06
7.738628e-06
7.742093e-06
7.747961e-06
7.756284e-06
7.758132e-06
7.769631e-06
7.774737e-06
7.782464e-06
7.786562e-06
7.791124e-06
7.797256e-06
7.801069e-06
7.803920e-06
7.809062e-06
7.822767e-06
7.828821e-06
7.837931e-06
7.843355e-06
7.847967e-06
7.858246e-06
7.860335e-06
7.869428e-06
7.874641e-06
7.881161e-06
7.892932e-06
7.896089e-06
7.905166e-06
7.911200e-06
7.918766e-06
7.923058e-06
7.932537e-06
7.941319e-06
7.946200e-06
7.950672e-06
7.960443e-06
7.962710e-06
7.967914e-06
7.973960e-06
7.984761e-06
7.994186e-06
7.998898e-06
8.003441e-06
8.010926e-06
8.018778e-06
8.022239e-06
8.024909e-06
8.027864e-06
8.041038e-06
8.045359e-06
8.051274e-06
8.058904e-06
8.065390e-06
8.068513e-06
8.075843e-06
8.086830e-06
8.090661e-06
8.096851e-06
8.106143e-06
8.109475e-06
8.119281e-06
8.121493e-06
8.127611e-06
8.133883e-06
8.147468e-06
8.149513e-06
8.155461e-06
8.159801e-06
8.162878e-06
8.174666e-06
8.178271e-06
8.191670e-06
8.192712e-06
8.204173e-06
8.205147e-06
8.217426e-06
8.230224e-06
8.235592e-06
8.239757e-06
8.249895e-06
8.251201e-06
8.258473e-06
8.260878e-06
8.275345e-06
8.275932e-06
8.282566e-06
8.288366e-06
8.296595e-06
8.304142e-06
8.315947e-06
8.321121e-06
8.323368e-06
8.331687e-06
8.336818e-06
8.344422e-06
8.348457e-06
8.354407e-06
8.360889e-06
8.363496e-06
8.372066e-06
8.376381e-06
8.388408e-06
8.391468e-06
8.396473e-06
8.406501e-06
8.409593e-06
8.422986e-06
8.430021e-06
8.433107e-06
8.438022e-06
8.441416e-06
8.443154e-06
8.459027e-06
8.464034e-06
8.470796e-06
8.480982e-06
8.483638e-06
8.488814e-06
8.499161e-06
8.505465e-06
8.508444e-06
8.520045e-06
8.526632e-06
8.530079e-06
8.534563e-06
8.540882e-06
8.549511e-06
8.550924e-06
8.556777e-06
8.573406e-06
8.576356e-06
8.585328e-06
8.595405e-06
8.604753e-06
8.608704e-06
8.616764e-06
8.623005e-06
8.626191e-06
8.631344e-06
8.645326e-06
8.650189e-06
8.656446e-06
8.659106e-06
8.665572e-06
8.669597e-06
8.675981e-06
8.690742e-06
8.698502e-06
8.701960e-06
8.712849e-06
8.717295e-06
8.722293e-06
8.730508e-06
8.732017e-06
8.739505e-06
8.748602e-06
8.752731e-06
8.762484e-06
8.771143e-06
8.777236e-06
8.781584e-06
8.793259e-06
8.795517e-06
8.801146e-06
8.809678e-06
8.818976e-06
8.821565e-06
8.831183e-06
8.838270e-06
8.847502e-06
8.851161e-06
8.859496e-06
8.862402e-06
8.866053e-06
8.876852e-06
8.882536e-06
8.893628e-06
8.898883e-06
8.903821e-06
8.910768e-06
8.917010e-06
8.922521e-06
8.931455e-06
8.936381e-06
8.941108e-06
8.954739e-06
8.955829e-06
8.961091e-06
8.973713e-06
8.978599e-06
8.990715e-06
8.993774e-06
9.005755e-06
9.011398e-06
9.016613e-06
9.020213e-06
9.022736e-06
9.028420e-06
9.039212e-06
9.047610e-06
9.052589e-06
9.059596e-06
9.070544e-06
9.077217e-06
9.080373e-06
9.083266e-06
9.093518e-06
9.106047e-06
9.113997e-06
9.121319e-06
9.127208e-06
9.137968e-06
9.142558e-06
9.151321e-06
9.156465e-06
9.161555e-06
9.166144e-06
9.172387e-06
9.173499e-06
9.178934e-06
9.184228e-06
9.191740e-06
9.203818e-06
9.204418e-06
9.219904e-06
9.221773e-06
9.231498e-06
9.238309e-06
9.243078e-06
9.249340e-06
9.259245e-06
9.260432e-06
9.265569e-06
9.275971e-06
9.283275e-06
9.294683e-06
9.300728e-06
9.302436e-06
9.316802e-06
9.318655e-06
9.325284e-06
9.332317e-06
9.341868e-06
9.346203e-06
9.348992e-06
9.353947e-06
9.363360e-06
9.370637e-06
9.375237e-06
9.390079e-06
9.395496e-06
9.401170e-06
9.403205e-06
9.416110e-06
9.419538e-06
9.423680e-06
9.430472e-06
9.438663e-06
9.445860e-06
9.458586e-06
9.465337e-06
9.469863e-06
9.481865e-06
9.483940e-06
9.489755e-06
9.491050e-06
9.496193e-06
9.504395e-06
9.514163e-06
9.521255e-06
9.528992e-06
9.536482e-06
9.540949e-06
9.550627e-06
9.554516e-06
9.562344e-06
9.575465e-06
9.577824e-06
9.581578e-06
9.587425e-06
9.596613e-06
9.601144e-06
9.609038e-06
9.613038e-06
9.623571e-06
9.631384e-06
9.638178e-06
9.650384e-06
9.651689e-06
9.655699e-06
9.663427e-06
9.675055e-06
9.681391e-06
9.687108e-06
9.689211e-06
9.699345e-06
9.705817e-06
9.712293e-06
9.713012e-06
9.726506e-06
9.732246e-06
9.738961e-06
9.745495e-06
9.753899e-06
9.757773e-06
9.764746e-06
9.769267e-06
9.775604e-06
9.781747e-06
9.791476e-06
9.796980e-06
9.810527e-06
9.821303e-06
9.825737e-06
9.831662e-06
9.834745e-06
9.845366e-06
9.849483e-06
9.857444e-06
9.869428e-06
9.875478e-06
9.893508e-06
9.895593e-06
9.899396e-06
9.905248e-06
9.910133e-06
9.915466e-06
9.922615e-06
9.928245e-06
9.935713e-06
9.941456e-06
9.952230e-06
9.961491e-06
9.968429e-06
9.970848e-06
9.975352e-06
9.983783e-06
9.990460e-06
9.995681e-06
9.998054e-06
1.001047e-05
1.002685e-05
1.002839e-05
1.003460e-05
1.003815e-05
1.004835e-05
1.004963e-05
1.005563e-05
1.006493e-05
1.006806e-05
1.008011e-05
1.008956e-05
1.009400e-05
1.009833e-05
1.010506e-05
1.011710e-05
1.012874e-05
1.013930e-05
1.014291e-05
1.015734e-05
1.016034e-05
1.016938e-05
1.017635e-05
1.017947e-05
1.019003e-05
1.019374e-05
1.019944e-05
1.020389e-05
1.021057e-05
1.021989e-05
1.022658e-05
1.023133e-05
1.023668e-05
1.024452e-05
1.025459e-05
1.026474e-05
1.026947e-05
1.027302e-05
1.027920e-05
1.028661e-05
1.029009e-05
1.030439e-05
1.031144e-05
1.032531e-05
1.032689e-05
1.033365e-05
1.033548e-05
1.034282e-05
1.036000e-05
1.036306e-05
1.036610e-05
1.037301e-05
1.037464e-05
1.038370e-05
1.039107e-05
1.039543e-05
1.040808e-05
1.041918e-05
1.042918e-05
1.043318e-05
1.043695e-05
1.044292e-05
1.045150e-05
1.045503e-05
1.045912e-05
1.046226e-05
1.047305e-05
1.047673e-05
1.048511e-05
1.049673e-05
1.050277e-05
1.050863e-05
1.051337e-05
1.052922e-05
1.053604e-05
1.053877e-05
1.054441e-05
1.054764e-05
1.055683e-05
1.056511e-05
1.056846e-05
1.057841e-05
1.058724e-05
1.059483e-05
1.060010e-05
1.060412e-05
1.060971e-05
1.061594e-05
1.062736e-05
1.063642e-05
1.063896e-05
1.065126e-05
1.065955e-05
1.066852e-05
1.067173e-05
1.067687e-05
1.069002e-05
1.069483e-05
1.070013e-05
1.070338e-05
1.071476e-05
1.072254e-05
1.073143e-05
1.073848e-05
1.074195e-05
1.074383e-05
1.075710e-05
1.076429e-05
1.076580e-05
1.077254e-05
1.078175e-05
1.078908e-05
1.079767e-05
1.080050e-05
1.080541e-05
1.081451e-05
1.082244e-05
1.082936e-05
1.083360e-05
1.083909e-05
1.084420e-05
1.085112e-05
1.085578e-05
1.086924e-05
1.087486e-05
1.088540e-05
1.089816e-05
1.090302e-05
1.091814e-05
1.092393e-05
1.092787e-05
1.093366e-05
1.093969e-05
1.094419e-05
1.095458e-05
1.096789e-05
1.096948e-05
1.098124e-05
1.098533e-05
1.099273e-05
1.100687e-05
1.100741e-05
1.101146e-05
1.102193e-05
1.103760e-05
1.104107e-05
1.104921e-05
1.105676e-05
1.105852e-05
1.106765e-05
1.107533e-05
1.108480e-05
1.109723e-05
1.109987e-05
1.110818e-05
1.111724e-05
1.113246e-05
1.113645e-05
1.114805e-05
1.115059e-05
1.115350e-05
1.115998e-05
1.117084e-05
1.118122e-05
1.118764e-05
1.119395e-05
1.119918e-05
1.120546e-05
1.121727e-05
1.122130e-05
1.122970e-05
1.124055e-05
1.124897e-05
1.125312e-05
1.125891e-05
1.126659e-05
1.127400e-05
1.128163e-05
1.129060e-05
1.129515e-05
1.131196e-05
1.131706e-05
1.132690e-05
1.133537e-05
1.133555e-05
1.134506e-05
1.135137e-05
1.136095e-05
1.136434e-05
1.137232e-05
1.137818e-05
1.138592e-05
1.139837e-05
1.140718e-05
1.141393e-05
1.142012e-05
1.142757e-05
1.143461e-05
1.143757e-05
1.143957e-05
1.144824e-05
1.146197e-05
1.146441e-05
1.146986e-05
1.148584e-05
1.148685e-05
1.150069e-05
1.151270e-05
1.151580e-05
1.152218e-05
1.152667e-05
1.153797e-05
1.154199e-05
1.155265e-05
1.155643e-05
1.156850e-05
1.157945e-05
1.158301e-05
1.159129e-05
1.159474e-05
1.159632e-05
1.160398e-05
1.161767e-05
1.162880e-05
1.163188e-05
1.163402e-05
1.164600e-05
1.165076e-05
1.165648e-05
1.167301e-05
1.167852e-05
1.168355e-05
1.169335e-05
1.169817e-05
1.170407e-05
1.171251e-05
1.171457e-05
1.172474e-05
1.173737e-05
1.173928e-05
1.174687e-05
1.175588e-05
1.176688e-05
1.177573e-05
1.178710e-05
1.178859e-05
1.180108e-05
1.180428e-05
1.181351e-05
1.181987e-05
1.183476e-05
1.183823e-05
1.185147e-05
1.185879e-05
1.186636e-05
1.187474e-05
1.188045e-05
1.188504e-05
1.189460e-05
1.190591e-05
1.190813e-05
1.192221e-05
1.192580e-05
1.193605e-05
1.193898e-05
1.194676e-05
1.195433e-05
1.196557e-05
1.197119e-05
1.198183e-05
1.198437e-05
1.198953e-05
1.199511e-05
1.200842e-05
1.201528e-05
1.201979e-05
1.202784e-05
1.203391e-05
1.204661e-05
1.205403e-05
1.205829e-05
1.207142e-05
1.207285e-05
1.208599e-05
1.209479e-05
1.210563e-05
1.211129e-05
1.211749e-05
1.212434e-05
1.213792e-05
1.214061e-05
1.214470e-05
1.215373e-05
1.215912e-05
1.216821e-05
1.217069e-05
1.219095e-05
1.219460e-05
1.220347e-05
1.220643e-05
1.220915e-05
1.221735e-05
1.222843e-05
1.224124e-05
1.224705e-05
1.224980e-05
1.226001e-05
1.226374e-05
1.227177e-05
1.228161e-05
1.228511e-05
1.229082e-05
1.230229e-05
1.230628e-05
1.232044e-05
1.232698e-05
1.233862e-05
1.234740e-05
1.235804e-05
1.236012e-05
1.236921e-05
1.237401e-05
1.239076e-05
1.239364e-05
1.240664e-05
1.241060e-05
1.241223e-05
1.242829e-05
1.243956e-05
1.244202e-05
1.244950e-05
1.245730e-05
1.246212e-05
1.247804e-05
1.248353e-05
1.249187e-05
1.249477e-05
1.250052e-05
1.251384e-05
1.252313e-05
1.252988e-05
1.253411e-05
1.254759e-05
1.255792e-05
1.256246e-05
1.257637e-05
1.257896e-05
1.258856e-05
1.259569e-05
1.259916e-05
1.260963e-05
1.262231e-05
1.262598e-05
1.263241e-05
1.263670e-05
1.264649e-05
1.264953e-05
1.267001e-05
1.267158e-05
1.268098e-05
1.268923e-05
1.269027e-05
1.269359e-05
1.270236e-05
1.270285e-05
1.271993e-05
1.272685e-05
1.273428e-05
1.274121e-05
1.275306e-05
1.275654e-05
1.276318e-05
1.277424e-05
1.278704e-05
1.278824e-05
1.279746e-05
1.280378e-05
1.281058e-05
1.282018e-05
1.282278e-05
1.282750e-05
1.284533e-05
1.285092e-05
1.286086e-05
1.286522e-05
1.288633e-05
1.289169e-05
1.289616e-05
1.289908e-05
1.291183e-05
1.292237e-05
1.293323e-05
1.293984e-05
1.294523e-05
1.294811e-05
1.295454e-05
1.296086e-05
1.296735e-05
1.297565e-05
1.299039e-05
1.300207e-05
1.300509e-05
1.301282e-05
1.302162e-05
1.302937e-05
1.303895e-05
1.305116e-05
1.305431e-05
1.306455e-05
1.307794e-05
1.308457e-05
1.309266e-05
1.309950e-05
1.310527e-05
1.311249e-05
1.312652e-05
1.313557e-05
1.314762e-05
1.315424e-05
1.316403e-05
1.316976e-05
1.317381e-05
1.318572e-05
1.319446e-05
1.319639e-05
1.320610e-05
1.320780e-05
1.321807e-05
1.322228e-05
1.324407e-05
1.325049e-05
1.325292e-05
1.326632e-05
1.328137e-05
1.328325e-05
1.329038e-05
1.329938e-05
1.331501e-05
1.331927e-05
1.332600e-05
1.333424e-05
1.334618e-05
1.335093e-05
1.335361e-05
1.336220e-05
1.336311e-05
1.337032e-05
1.338166e-05
1.338761e-05
1.339625e-05
1.340800e-05
1.341012e-05
1.341335e-05
1.342392e-05
1.343650e-05
1.344260e-05
1.345438e-05
1.346250e-05
1.346890e-05
1.347528e-05
1.348459e-05
1.349030e-05
1.350582e-05
1.351388e-05
1.352155e-05
1.353153e-05
1.353750e-05
1.354769e-05
1.356361e-05
1.357014e-05
1.357478e-05
1.358171e-05
1.358661e-05
1.360020e-05
1.361079e-05
1.361577e-05
1.362174e-05
1.362740e-05
1.363644e-05
1.364454e-05
1.364768e-05
1.365101e-05
1.365515e-05
1.366213e-05
1.368672e-05
1.369244e-05
1.370075e-05
1.370630e-05
1.371603e-05
1.372413e-05
1.372836e-05
1.374041e-05
1.375073e-05
1.376246e-05
1.376500e-05
1.377192e-05
1.377839e-05
1.378752e-05
1.379299e-05
1.380151e-05
1.380406e-05
1.382039e-05
1.382510e-05
1.383727e-05
1.384261e-05
1.384857e-05
1.385346e-05
1.386420e-05
1.386876e-05
1.387725e-05
1.388540e-05
1.389540e-05
1.391393e-05
1.391818e-05
1.392725e-05
1.393337e-05
1.393940e-05
1.394869e-05
1.396163e-05
1.396492e-05
1.397636e-05
1.398693e-05
1.399784e-05
1.400904e-05
1.401414e-05
1.402316e-05
1.403946e-05
1.404610e-05
1.404807e-05
1.405256e-05
1.406731e-05
1.407591e-05
1.407945e-05
1.408542e-05
1.409744e-05
1.410814e-05
1.411308e-05
1.413032e-05
1.413549e-05
1.414104e-05
1.414306e-05
1.414749e-05
1.416517e-05
1.416954e-05
1.418097e-05
1.419517e-05
1.419893e-05
1.420890e-05
1.421285e-05
1.422986e-05
1.424303e-05
1.424695e-05
1.425876e-05
1.426743e-05
1.427251e-05
1.428499e-05
1.428999e-05
1.430091e-05
1.430499e-05
1.431440e-05
1.432017e-05
1.433294e-05
1.434353e-05
1.434949e-05
1.435836e-05
1.435996e-05
1.437695e-05
1.438509e-05
1.439127e-05
1.440018e-05
1.440806e-05
1.442248e-05
1.443421e-05
1.443751e-05
1.444119e-05
1.446047e-05
1.447063e-05
1.447330e-05
1.448625e-05
1.449252e-05
1.449699e-05
1.449958e-05
1.450553e-05
1.452397e-05
1.453373e-05
1.454296e-05
1.455209e-05
1.455697e-05
1.457183e-05
1.457859e-05
1.458730e-05
1.459409e-05
1.460088e-05
1.460722e-05
1.460822e-05
1.462018e-05
1.462660e-05
1.463266e-05
1.463954e-05
1.464401e-05
1.466602e-05
1.467161e-05
1.467636e-05
1.468848e-05
1.469626e-05
1.471014e-05
1.471524e-05
1.472018e-05
1.473757e-05
1.474264e-05
1.475172e-05
1.476232e-05
1.476527e-05
1.477189e-05
1.478092e-05
1.478731e-05
1.479313e-05
1.480247e-05
1.480460e-05
1.482005e-05
1.483128e-05
1.483351e-05
1.485249e-05
1.485864e-05
1.486374e-05
1.487550e-05
1.487939e-05
1.488852e-05
1.489662e-05
1.490656e-05
1.491493e-05
1.492308e-05
1.493604e-05
1.494396e-05
1.495500e-05
1.495965e-05
1.496939e-05
1.498128e-05
1.498549e-05
1.499295e-05
1.499814e-05
1.501094e-05
1.501618e-05
1.502489e-05
1.504557e-05
1.504749e-05
1.505602e-05
1.506511e-05
1.507201e-05
1.508573e-05
1.509217e-05
1.509648e-05
1.510634e-05
1.511239e-05
1.511531e-05
1.513270e-05
1.513562e-05
1.514499e-05
1.514974e-05
1.516437e-05
1.516814e-05
1.518041e-05
1.520276e-05
1.520999e-05
1.521375e-05
1.522106e-05
1.522972e-05
1.524014e-05
1.524692e-05
1.525735e-05
1.526275e-05
1.527057e-05
1.528459e-05
1.529082e-05
1.529634e-05
1.531217e-05
1.531923e-05
1.532746e-05
1.533358e-05
1.533757e-05
1.535186e-05
1.535532e-05
1.536676e-05
1.537691e-05
1.537778e-05
1.538995e-05
1.539561e-05
1.540709e-05
1.541593e-05
1.542522e-05
1.543430e-05
1.544130e-05
1.544974e-05
1.546099e-05
1.547380e-05
1.548143e-05
1.548785e-05
1.549612e-05
1.550224e-05
1.551858e-05
1.552482e-05
1.553070e-05
1.553288e-05
1.553720e-05
1.554681e-05
1.555346e-05
1.556528e-05
1.556948e-05
1.558211e-05
1.559589e-05
1.560443e-05
1.560659e-05
1.561569e-05
1.563045e-05
1.563839e-05
1.564395e-05
1.565794e-05
1.567962e-05
1.568069e-05
1.569046e-05
1.569608e-05
1.570202e-05
1.570861e-05
1.572110e-05
1.572518e-05
1.573351e-05
1.574455e-05
1.575840e-05
1.576663e-05
1.576992e-05
1.579058e-05
1.579526e-05
1.580126e-05
1.580927e-05
1.582151e-05
1.582672e-05
1.582973e-05
1.583822e-05
1.584294e-05
1.584828e-05
1.586733e-05
1.587782e-05
1.589030e-05
1.590411e-05
1.591059e-05
1.592515e-05
1.593235e-05
1.593729e-05
1.594127e-05
1.595267e-05
1.596702e-05
1.597229e-05
1.599122e-05
1.599180e-05
1.600036e-05
1.600826e-05
1.601409e-05
1.601660e-05
1.602780e-05
1.604792e-05
1.605529e-05
1.606426e-05
1.607320e-05
1.607869e-05
1.608631e-05
1.609404e-05
1.610242e-05
1.611023e-05
1.612249e-05
1.612833e-05
1.613500e-05
1.614577e-05
1.615218e-05
1.616917e-05
1.617278e-05
1.618285e-05
1.618658e-05
1.620577e-05
1.620833e-05
1.621552e-05
1.622177e-05
1.623051e-05
1.623408e-05
1.625137e-05
1.625969e-05
1.626824e-05
1.627875e-05
1.629348e-05
1.630581e-05
1.631029e-05
1.631745e-05
1.632353e-05
1.633593e-05
1.634481e-05
1.634707e-05
1.636597e-05
1.637332e-05
1.637546e-05
1.638090e-05
1.639315e-05
1.639907e-05
1.640191e-05
1.641352e-05
1.642542e-05
1.643766e-05
1.644393e-05
1.646111e-05
1.646233e-05
1.647708e-05
1.648577e-05
1.649597e-05
1.650357e-05
1.651157e-05
1.652192e-05
1.653465e-05
1.653877e-05
1.654497e-05
1.655486e-05
1.656556e-05
1.657214e-05
1.658514e-05
1.658866e-05
1.659677e-05
1.660008e-05
1.661261e-05
1.662887e-05
1.664817e-05
1.665727e-05
1.667089e-05
1.667404e-05
1.668525e-05
1.669642e-05
1.670884e-05
1.671418e-05
1.671813e-05
1.672643e-05
1.674096e-05
1.674828e-05
1.675705e-05
1.675990e-05
1.677609e-05
1.678513e-05
1.679222e-05
1.679527e-05
1.680361e-05
1.680699e-05
1.682740e-05
1.683466e-05
1.684014e-05
1.685015e-05
1.685981e-05
1.686478e-05
1.688598e-05
1.689355e-05
1.690262e-05
1.691050e-05
1.691539e-05
1.692981e-05
1.694004e-05
1.694980e-05
1.696313e-05
1.696915e-05
1.698148e-05
1.699056e-05
1.699519e-05
1.700045e-05
1.700567e-05
1.701570e-05
1.702541e-05
1.703088e-05
1.704493e-05
1.706012e-05
1.706749e-05
1.706929e-05
1.708672e-05
1.710000e-05
1.710464e-05
1.711001e-05
1.711332e-05
1.712682e-05
1.713669e-05
1.714393e-05
1.714937e-05
1.716107e-05
1.717850e-05
1.718126e-05
1.719270e-05
1.719876e-05
1.720733e-05
1.721131e-05
1.722507e-05
1.722816e-05
1.724128e-05
1.725084e-05
1.725252e-05
1.727056e-05
1.727466e-05
1.728241e-05
1.729948e-05
1.730050e-05
1.731112e-05
1.732222e-05
1.733764e-05
1.734339e-05
1.734686e-05
1.735551e-05
1.736731e-05
1.737418e-05
1.739287e-05
1.739960e-05
1.741186e-05
1.742076e-05
1.743241e-05
1.744206e-05
1.745460e-05
1.745583e-05
1.747298e-05
1.748137e-05
1.749618e-05
1.749766e-05
1.750343e-05
1.751793e-05
1.752268e-05
1.753094e-05
1.753424e-05
1.754859e-05
1.755961e-05
1.756118e-05
1.758136e-05
1.758660e-05
1.760076e-05
1.760389e-05
1.761559e-05
1.762617e-05
1.765107e-05
1.765834e-05
1.766281e-05
1.767559e-05
1.768229e-05
1.768791e-05
1.769778e-05
1.770658e-05
1.771717e-05
1.772957e-05
1.773031e-05
1.774815e-05
1.775337e-05
1.775959e-05
1.777998e-05
1.778124e-05
1.779219e-05
1.779744e-05
1.781601e-05
1.782881e-05
1.783415e-05
1.783820e-05
1.785405e-05
1.786887e-05
1.787873e-05
1.788832e-05
1.789181e-05
1.790049e-05
1.791325e-05
1.792464e-05
1.793372e-05
1.794172e-05
1.795528e-05
1.796061e-05
1.797140e-05
1.797632e-05
1.799298e-05
1.799745e-05
1.801462e-05
1.801902e-05
1.803380e-05
1.804405e-05
1.805084e-05
1.805901e-05
1.806601e-05
1.807577e-05
1.808810e-05
1.810484e-05
1.810948e-05
1.812759e-05
1.813411e-05
1.814364e-05
1.814788e-05
1.815058e-05
1.817422e-05
1.817747e-05
1.818200e-05
1.819271e-05
1.820233e-05
1.822662e-05
1.823013e-05
1.823591e-05
1.825339e-05
1.826579e-05
1.827413e-05
1.827947e-05
1.829048e-05
1.829860e-05
1.831107e-05
1.831915e-05
1.832915e-05
1.833393e-05
1.834066e-05
1.835336e-05
1.836271e-05
1.836695e-05
1.837604e-05
1.839558e-05
1.840171e-05
1.841357e-05
1.841894e-05
1.842949e-05
1.843386e-05
1.845404e-05
1.846046e-05
1.846881e-05
1.847214e-05
1.848603e-05
1.849668e-05
1.850409e-05
1.850948e-05
1.852646e-05
1.853768e-05
1.854326e-05
1.854619e-05
1.855858e-05
1.856845e-05
1.858359e-05
1.859148e-05
1.859991e-05
1.861150e-05
1.861776e-05
1.862191e-05
1.864124e-05
1.865129e-05
1.866270e-05
1.866879e-05
1.868195e-05
1.868581e-05
1.870793e-05
1.872312e-05
1.873103e-05
1.873658e-05
1.873972e-05
1.875279e-05
1.876053e-05
1.876639e-05
1.878011e-05
1.879231e-05
1.880060e-05
1.880967e-05
1.882722e-05
1.883492e-05
1.884233e-05
1.884921e-05
1.885535e-05
1.887234e-05
1.888590e-05
1.888914e-05
1.890257e-05
1.890710e-05
1.891389e-05
1.892844e-05
1.893301e-05
1.894740e-05
1.896104e-05
1.897740e-05
1.898691e-05
1.900471e-05
1.900769e-05
1.900890e-05
1.901694e-05
1.902236e-05
1.902859e-05
1.904897e-05
1.906134e-05
1.906539e-05
1.908347e-05
1.908774e-05
1.910219e-05
1.910698e-05
1.911578e-05
1.912209e-05
1.914103e-05
1.914871e-05
1.915263e-05
1.916249e-05
1.917761e-05
1.918412e-05
1.919435e-05
1.920293e-05
1.920879e-05
1.921376e-05
1.922010e-05
1.923201e-05
1.925110e-05
1.926918e-05
1.927246e-05
1.927700e-05
1.929063e-05
1.930755e-05
1.931527e-05
1.932636e-05
1.933627e-05
1.934393e-05
1.934810e-05
1.935720e-05
1.935995e-05
1.937607e-05
1.939563e-05
1.939810e-05
1.940476e-05
1.941472e-05
1.941580e-05
1.942977e-05
1.943360e-05
1.945482e-05
1.945917e-05
1.947145e-05
1.948193e-05
1.948767e-05
1.950111e-05
1.950994e-05
1.952559e-05
1.953125e-05
1.954019e-05
1.956085e-05
1.956603e-05
1.957963e-05
1.958672e-05
1.960216e-05
1.960584e-05
1.960716e-05
1.963084e-05
1.964642e-05
1.965917e-05
1.966459e-05
1.967119e-05
1.968421e-05
1.969252e-05
1.970511e-05
1.971159e-05
1.972531e-05
1.973485e-05
1.975848e-05
1.976515e-05
1.977385e-05
1.977715e-05
1.978570e-05
1.978959e-05
1.979590e-05
1.980953e-05
1.982550e-05
1.983118e-05
1.983305e-05
1.985074e-05
1.986150e-05
1.987737e-05
1.988348e-05
1.989849e-05
1.990865e-05
1.991352e-05
1.991956e-05
1.993735e-05
1.994770e-05
1.995809e-05
1.996607e-05
1.996926e-05
1.998262e-05
1.998965e-05
2.000446e-05
2.001343e-05
2.002034e-05
2.003643e-05
2.005028e-05
2.005154e-05
2.008781e-05
2.010267e-05
2.010379e-05
2.010581e-05
2.012436e-05
2.012842e-05
2.013873e-05
2.014566e-05
2.015530e-05
2.016739e-05
2.017783e-05
2.018444e-05
2.019369e-05
2.020668e-05
2.023135e-05
2.024266e-05
2.024835e-05
2.025434e-05
2.026751e-05
2.028160e-05
2.028589e-05
2.028964e-05
2.030443e-05
2.030774e-05
2.032130e-05
2.033864e-05
2.034852e-05
2.036459e-05
2.037053e-05
2.038154e-05
2.038241e-05
2.039153e-05
2.039666e-05
2.041152e-05
2.041965e-05
2.044519e-05
2.045031e-05
2.046572e-05
2.047441e-05
2.048581e-05
2.049880e-05
2.051168e-05
2.051419e-05
2.052746e-05
2.054777e-05
2.055918e-05
2.056462e-05
2.058740e-05
2.059100e-05
2.060465e-05
2.061870e-05
2.062093e-05
2.062688e-05
2.064117e-05
2.064439e-05
2.066021e-05
2.066642e-05
2.067726e-05
2.068963e-05
2.069431e-05
2.071856e-05
2.072766e-05
2.073601e-05
2.075333e-05
2.075569e-05
2.076904e-05
2.077520e-05
2.078599e-05
2.079388e-05
2.080076e-05
2.081020e-05
2.082026e-05
2.083696e-05
2.084691e-05
2.085608e-05
2.086726e-05
2.087207e-05
2.088852e-05
2.090252e-05
2.090961e-05
2.091038e-05
2.093100e-05
2.094202e-05
2.094975e-05
2.095837e-05
2.097004e-05
2.097689e-05
2.098709e-05
2.101013e-05
2.102406e-05
2.102779e-05
2.104366e-05
2.105191e-05
2.107033e-05
2.107733e-05
2.108842e-05
2.109426e-05
2.110389e-05
2.111177e-05
2.111599e-05
2.112860e-05
2.114399e-05
2.114769e-05
2.115530e-05
2.116399e-05
2.117428e-05
2.117753e-05
2.120111e-05
2.121701e-05
2.122773e-05
2.124249e-05
2.124474e-05
2.125835e-05
2.127360e-05
2.128581e-05
2.129423e-05
2.130770e-05
2.131246e-05
2.132758e-05
2.134596e-05
2.135879e-05
2.136584e-05
2.137367e-05
2.137663e-05
2.138723e-05
2.139166e-05
2.139929e-05
2.141230e-05
2.142665e-05
2.143316e-05
2.144041e-05
2.147474e-05
2.148732e-05
2.149635e-05
2.150344e-05
2.151252e-05
2.151283e-05
2.153179e-05
2.153991e-05
2.155876e-05
2.156597e-05
2.157585e-05
2.158870e-05
2.160583e-05
2.160743e-05
2.161554e-05
2.163138e-05
2.163359e-05
2.164470e-05
2.165759e-05
2.166372e-05
2.169018e-05
2.169618e-05
2.170307e-05
2.170889e-05
2.171474e-05
2.173434e-05
2.174341e-05
2.174722e-05
2.177148e-05
2.178133e-05
2.178889e-05
2.179337e-05
2.180440e-05
2.181729e-05
2.182741e-05
2.184717e-05
2.185229e-05
2.185694e-05
2.187071e-05
2.187729e-05
2.188812e-05
2.190164e-05
2.190901e-05
2.193121e-05
2.193559e-05
2.194876e-05
2.195141e-05
2.195595e-05
2.196596e-05
2.197368e-05
2.198463e-05
2.199619e-05
2.202171e-05
2.203226e-05
2.204230e-05
2.206347e-05
2.207269e-05
2.208496e-05
2.209616e-05
2.210862e-05
2.212211e-05
2.213431e-05
2.213973e-05
2.214512e-05
2.215559e-05
2.217038e-05
2.218227e-05
2.219079e-05
2.220203e-05
2.221302e-05
2.222050e-05
2.222711e-05
2.224089e-05
2.224113e-05
2.227197e-05
2.228022e-05
2.228169e-05
2.229536e-05
2.231709e-05
2.233427e-05
2.234524e-05
2.235922e-05
2.236327e-05
2.238221e-05
2.239667e-05
2.240385e-05
2.241333e-05
2.242753e-05
2.243165e-05
2.243879e-05
2.244815e-05
2.245442e-05
2.247202e-05
2.248194e-05
2.248755e-05
2.250064e-05
2.251290e-05
2.251585e-05
2.252156e-05
2.253095e-05
2.255376e-05
2.256492e-05
2.257483e-05
2.257889e-05
2.259666e-05
2.260545e-05
2.262106e-05
2.263583e-05
2.264039e-05
2.265262e-05
2.266281e-05
2.267169e-05
2.269703e-05
2.270320e-05
2.272303e-05
2.272684e-05
2.273949e-05
2.276251e-05
2.276763e-05
2.278084e-05
2.278860e-05
2.279719e-05
2.280635e-05
2.281109e-05
2.282970e-05
2.283380e-05
2.285024e-05
2.286330e-05
2.287163e-05
2.287503e-05
2.288255e-05
2.290630e-05
2.292038e-05
2.293515e-05
2.294923e-05
2.295469e-05
2.296726e-05
2.298587e-05
2.299124e-05
2.299507e-05
2.301141e-05
2.301695e-05
2.303890e-05
2.304543e-05
2.304824e-05
2.307750e-05
2.308960e-05
2.309127e-05
2.311283e-05
2.312321e-05
2.312942e-05
2.314373e-05
2.315996e-05
2.317429e-05
2.319035e-05
2.320400e-05
2.320956e-05
2.321929e-05
2.323095e-05
2.324200e-05
2.324928e-05
2.325479e-05
2.327422e-05
2.327754e-05
2.328639e-05
2.329450e-05
2.330676e-05
2.333020e-05
2.333644e-05
2.333694e-05
2.334359e-05
2.337890e-05
2.338419e-05
2.338927e-05
2.340191e-05
2.341082e-05
2.342515e-05
2.343265e-05
2.345675e-05
2.346549e-05
2.347183e-05
2.347737e-05
2.349460e-05
2.351066e-05
2.352399e-05
2.353700e-05
2.354185e-05
2.355501e-05
2.357144e-05
2.357293e-05
2.359818e-05
2.360542e-05
2.361551e-05
2.361940e-05
2.362595e-05
2.363465e-05
2.364418e-05
2.365365e-05
2.367171e-05
2.368594e-05
2.369754e-05
2.370107e-05
2.370686e-05
2.371822e-05
2.373786e-05
2.374629e-05
2.377292e-05
2.377753e-05
2.379168e-05
2.380632e-05
2.381443e-05
2.382273e-05
2.383342e-05
2.384092e-05
2.385408e-05
2.387098e-05
2.387813e-05
2.388295e-05
2.389224e-05
2.391011e-05
2.392459e-05
2.393873e-05
2.394622e-05
2.395557e-05
2.396264e-05
2.397283e-05
2.398987e-05
2.401232e-05
2.402580e-05
2.403794e-05
2.404339e-05
2.405874e-05
2.406304e-05
2.408984e-05
2.410428e-05
2.411124e-05
2.412347e-05
2.412983e-05
2.414280e-05
2.415715e-05
2.416541e-05
2.417118e-05
2.418500e-05
2.419819e-05
2.420652e-05
2.421166e-05
2.421707e-05
2.423477e-05
2.423876e-05
2.425981e-05
2.426544e-05
2.428209e-05
2.430484e-05
2.431911e-05
2.432174e-05
2.434154e-05
2.435647e-05
2.436775e-05
2.437909e-05
2.438998e-05
2.440262e-05
2.441211e-05
2.442049e-05
2.444775e-05
2.444894e-05
2.446198e-05
2.447978e-05
2.449703e-05
2.451070e-05
2.451536e-05
2.453045e-05
2.454117e-05
2.454752e-05
2.454944e-05
2.457080e-05
2.458137e-05
2.459018e-05
2.460163e-05
2.462479e-05
2.463115e-05
2.465479e-05
2.465781e-05
2.467529e-05
2.468649e-05
2.470582e-05
2.471488e-05
2.472865e-05
2.473810e-05
2.475671e-05
2.476002e-05
2.477399e-05
2.477988e-05
2.479490e-05
2.479596e-05
2.480798e-05
2.483571e-05
2.484045e-05
2.484662e-05
2.486560e-05
2.488648e-05
2.490062e-05
2.491397e-05
2.491955e-05
2.494183e-05
2.495119e-05
2.497271e-05
2.497721e-05
2.498511e-05
2.499559e-05
2.500550e-05
2.501064e-05
2.503712e-05
2.504463e-05
2.505648e-05
2.507178e-05
2.508090e-05
2.510198e-05
2.510676e-05
2.511533e-05
2.513411e-05
2.515541e-05
2.516604e-05
2.517656e-05
2.517897e-05
2.518478e-05
2.520086e-05
2.520590e-05
2.522526e-05
2.524248e-05
2.525130e-05
2.526857e-05
2.527530e-05
2.530466e-05
2.531356e-05
2.531741e-05
2.532757e-05
2.535241e-05
2.535448e-05
2.536702e-05
2.537968e-05
2.538760e-05
2.540372e-05
2.541570e-05
2.541700e-05
2.543618e-05
2.545821e-05
2.547118e-05
2.547980e-05
2.548586e-05
2.549827e-05
2.550988e-05
2.552887e-05
2.554232e-05
2.555854e-05
2.556863e-05
2.557957e-05
2.560193e-05
2.560620e-05
2.563125e-05
2.564085e-05
2.565102e-05
2.565384e-05
2.567512e-05
2.568630e-05
2.570225e-05
2.570409e-05
2.572402e-05
2.573078e-05
2.573870e-05
2.574874e-05
2.576888e-05
2.577464e-05
2.580517e-05
2.581520e-05
2.582236e-05
2.583005e-05
2.584256e-05
2.586753e-05
2.588200e-05
2.589000e-05
2.589431e-05
2.590861e-05
2.592889e-05
2.594797e-05
2.595613e-05
2.596686e-05
2.597191e-05
2.598840e-05
2.599644e-05
2.601191e-05
2.602713e-05
2.604352e-05
2.605499e-05
2.606620e-05
2.607811e-05
2.608740e-05
2.610227e-05
2.612547e-05
2.613243e-05
2.614321e-05
2.615838e-05
2.616993e-05
2.617219e-05
2.618754e-05
2.619236e-05
2.620239e-05
2.621911e-05
2.622725e-05
2.624245e-05
2.625145e-05
2.627173e-05
2.627770e-05
2.628538e-05
2.630365e-05
2.631579e-05
2.633500e-05
2.634657e-05
2.636941e-05
2.638106e-05
2.638656e-05
2.640690e-05
2.641292e-05
2.642179e-05
2.643132e-05
2.644680e-05
2.645775e-05
2.647190e-05
2.648541e-05
2.649281e-05
2.650648e-05
2.652903e-05
2.653630e-05
2.654183e-05
2.656530e-05
2.657264e-05
2.658986e-05
2.659655e-05
2.661606e-05
2.662876e-05
2.664036e-05
2.665998e-05
2.666542e-05
2.666979e-05
2.669168e-05
2.669972e-05
2.670431e-05
2.671817e-05
2.673204e-05
2.674215e-05
2.675601e-05
2.676056e-05
2.678282e-05
2.679818e-05
2.681816e-05
2.682431e-05
2.683334e-05
2.683971e-05
2.686345e-05
2.687354e-05
2.688214e-05
2.688722e-05
2.690249e-05
2.691872e-05
2.692203e-05
2.693660e-05
2.695278e-05
2.696541e-05
2.697138e-05
2.698782e-05
2.699778e-05
2.701153e-05
2.702458e-05
2.702805e-05
2.706295e-05
2.707138e-05
2.708419e-05
2.708543e-05
2.711451e-05
2.712054e-05
2.713630e-05
2.714291e-05
2.715877e-05
2.716817e-05
2.717809e-05
2.718428e-05
2.719436e-05
2.721305e-05
2.722480e-05
2.724020e-05
2.725713e-05
2.726378e-05
2.728939e-05
2.730338e-05
2.730992e-05
2.732385e-05
2.733152e-05
2.734918e-05
2.737333e-05
2.737501e-05
2.738774e-05
2.739097e-05
2.741008e-05
2.743536e-05
2.744621e-05
2.746378e-05
2.747665e-05
2.748946e-05
2.749761e-05
2.752303e-05
2.753579e-05
2.753759e-05
2.755096e-05
2.756980e-05
2.757723e-05
2.759043e-05
2.760628e-05
2.761631e-05
2.762404e-05
2.763973e-05
2.766000e-05
2.766573e-05
2.766817e-05
2.770009e-05
2.771712e-05
2.773062e-05
2.773661e-05
2.774667e-05
2.775210e-05
2.777609e-05
2.778753e-05
2.779991e-05
2.781107e-05
2.782302e-05
2.783601e-05
2.784650e-05
2.785574e-05
2.787618e-05
2.788583e-05
2.790580e-05
2.791810e-05
2.792918e-05
2.793978e-05
2.794522e-05
2.797478e-05
2.799057e-05
2.799401e-05
2.801804e-05
2.803342e-05
2.803900e-05
2.805261e-05
2.806711e-05
2.808645e-05
2.810271e-05
2.810593e-05
2.812502e-05
2.814692e-05
2.816942e-05
2.817160e-05
2.817895e-05
2.820069e-05
2.820887e-05
2.822245e-05
2.822842e-05
2.825408e-05
2.826806e-05
2.827653e-05
2.829917e-05
2.830209e-05
2.831088e-05
2.832784e-05
2.834525e-05
2.835217e-05
2.836001e-05
2.838201e-05
2.840008e-05
2.840837e-05
2.841912e-05
2.842906e-05
2.845167e-05
2.846109e-05
2.847065e-05
2.847396e-05
2.849225e-05
2.849709e-05
2.849829e-05
2.853924e-05
2.855299e-05
2.855983e-05
2.856597e-05
2.857385e-05
2.859430e-05
2.861013e-05
2.863156e-05
2.865013e-05
2.866554e-05
2.867589e-05
2.868476e-05
2.870330e-05
2.871498e-05
2.873517e-05
2.873779e-05
2.875870e-05
2.876864e-05
2.877903e-05
2.880486e-05
2.881670e-05
2.882593e-05
2.883119e-05
2.883728e-05
2.886060e-05
2.887932e-05
2.889920e-05
2.890472e-05
2.893358e-05
2.893539e-05
2.894466e-05
2.895943e-05
2.897019e-05
2.897533e-05
2.900250e-05
2.901448e-05
2.902569e-05
2.903385e-05
2.904879e-05
2.907526e-05
2.908425e-05
2.909549e-05
2.910683e-05
2.912552e-05
2.914277e-05
2.914949e-05
2.915556e-05
2.918234e-05
2.918767e-05
2.919966e-05
2.922380e-05
2.923052e-05
2.924792e-05
2.926723e-05
2.927138e-05
2.928630e-05
2.929786e-05
2.930836e-05
2.933075e-05
2.933282e-05
2.935124e-05
2.936001e-05
2.937953e-05
2.939289e-05
2.940466e-05
2.940810e-05
2.942475e-05
2.943915e-05
2.945092e-05
2.945799e-05
2.946659e-05
2.947697e-05
2.950554e-05
2.952331e-05
2.952537e-05
2.955000e-05
2.955563e-05
2.957964e-05
2.959731e-05
2.960654e-05
2.961441e-05
2.962998e-05
2.964733e-05
2.965213e-05
2.967289e-05
2.968531e-05
2.969372e-05
2.972068e-05
2.973254e-05
2.973715e-05
2.974616e-05
2.976336e-05
2.977339e-05
2.979734e-05
2.980299e-05
2.981490e-05
2.982573e-05
2.983929e-05
2.985938e-05
2.987486e-05
2.988812e-05
2.990718e-05
2.992639e-05
2.993751e-05
2.996537e-05
2.998087e-05
2.998904e-05
2.999667e-05
3.000251e-05
3.001794e-05
3.002449e-05
3.004711e-05
3.005154e-05
3.007932e-05
3.009503e-05
3.009838e-05
3.010661e-05
3.012687e-05
3.013690e-05
3.017101e-05
3.018822e-05
3.019725e-05
3.022096e-05
3.023161e-05
3.023596e-05
3.026339e-05
3.027526e-05
3.027911e-05
3.028983e-05
3.030096e-05
3.032354e-05
3.034098e-05
3.034314e-05
3.036124e-05
3.039009e-05
3.040215e-05
3.040910e-05
3.042015e-05
3.042568e-05
3.044545e-05
3.044985e-05
3.045990e-05
3.048515e-05
3.049642e-05
3.050719e-05
3.052849e-05
3.053328e-05
3.055194e-05
3.057388e-05
3.058391e-05
3.060926e-05
3.061267e-05
3.062074e-05
3.063386e-05
3.065126e-05
3.065619e-05
3.068236e-05
3.069954e-05
3.071078e-05
3.071787e-05
3.072500e-05
3.073466e-05
3.074146e-05
3.078001e-05
3.078623e-05
3.080293e-05
3.082719e-05
3.083554e-05
3.084274e-05
3.086568e-05
3.086641e-05
3.087168e-05
3.089025e-05
3.092019e-05
3.092684e-05
3.095138e-05
3.098237e-05
3.099285e-05
3.100386e-05
3.101365e-05
3.102534e-05
3.103829e-05
3.105158e-05
3.107028e-05
3.108922e-05
3.110552e-05
3.111627e-05
3.111939e-05
3.113543e-05
3.116211e-05
3.117424e-05
3.118719e-05
3.121133e-05
3.121854e-05
3.122818e-05
3.125238e-05
3.126225e-05
3.126312e-05
3.128511e-05
3.129111e-05
3.132562e-05
3.133203e-05
3.134051e-05
3.135745e-05
3.137899e-05
3.138101e-05
3.139122e-05
3.139322e-05
3.141824e-05
3.145324e-05
3.146073e-05
3.147336e-05
3.149306e-05
3.150601e-05
3.151741e-05
3.155092e-05
3.156262e-05
3.157654e-05
3.158431e-05
3.159897e-05
3.161271e-05
3.162495e-05
3.163000e-05
3.164613e-05
3.165519e-05
3.167678e-05
3.169513e-05
3.171489e-05
3.171693e-05
3.174220e-05
3.175744e-05
3.176648e-05
3.177232e-05
3.179562e-05
3.180980e-05
3.183807e-05
3.185200e-05
3.185984e-05
3.188180e-05
3.188822e-05
3.189635e-05
3.193514e-05
3.194266e-05
3.196618e-05
3.196964e-05
3.197583e-05
3.199729e-05
3.201357e-05
3.202508e-05
3.204554e-05
3.205951e-05
3.207974e-05
3.209150e-05
3.209938e-05
3.211184e-05
3.212590e-05
3.214395e-05
3.215780e-05
3.217474e-05
3.217948e-05
3.218757e-05
3.219740e-05
3.221619e-05
3.222819e-05
3.225253e-05
3.226757e-05
3.227643e-05
3.230564e-05
3.232286e-05
3.233171e-05
3.234850e-05
3.236216e-05
3.237912e-05
3.239544e-05
3.241244e-05
3.242122e-05
3.245195e-05
3.247399e-05
3.248858e-05
3.249495e-05
3.250746e-05
3.251670e-05
3.254014e-05
3.256290e-05
3.256928e-05
3.257980e-05
3.259188e-05
3.261464e-05
3.262583e-05
3.264076e-05
3.265289e-05
3.265551e-05
3.268378e-05
3.269625e-05
3.271685e-05
3.272434e-05
3.273912e-05
3.274952e-05
3.279560e-05
3.280048e-05
3.281899e-05
3.283372e-05
3.284729e-05
3.286093e-05
3.288485e-05
3.289750e-05
3.289967e-05
3.292766e-05
3.293670e-05
3.294466e-05
3.297660e-05
3.299727e-05
3.300073e-05
3.301995e-05
3.304336e-05
3.305194e-05
3.306460e-05
3.308048e-05
3.309321e-05
3.309882e-05
3.311940e-05
3.314730e-05
3.314944e-05
3.316897e-05
3.319079e-05
3.320790e-05
3.323204e-05
3.323982e-05
3.325637e-05
3.326903e-05
3.327747e-05
3.329168e-05
3.330352e-05
3.332545e-05
3.334607e-05
3.335599e-05
3.336822e-05
3.337880e-05
3.339157e-05
3.342811e-05
3.344345e-05
3.345563e-05
3.346860e-05
3.349169e-05
3.351287e-05
3.352666e-05
3.354011e-05
3.355795e-05
3.356100e-05
3.359113e-05
3.360026e-05
3.361109e-05
3.363309e-05
3.365534e-05
3.366691e-05
3.368669e-05
3.371034e-05
3.372568e-05
3.374489e-05
3.375961e-05
3.377042e-05
3.379408e-05
3.380996e-05
3.382370e-05
3.383441e-05
3.384940e-05
3.386255e-05
3.388197e-05
3.390179e-05
3.391073e-05
3.392696e-05
3.394067e-05
3.394679e-05
3.396577e-05
3.400254e-05
3.400345e-05
3.400967e-05
3.402409e-05
3.404175e-05
3.406196e-05
3.407433e-05
3.410663e-05
3.412458e-05
3.413472e-05
3.415653e-05
3.417854e-05
3.419454e-05
3.422058e-05
3.422890e-05
3.423930e-05
3.424343e-05
3.426782e-05
3.428448e-05
3.431497e-05
3.433785e-05
3.435060e-05
3.436827e-05
3.437116e-05
3.439904e-05
3.441430e-05
3.442035e-05
3.444349e-05
3.445723e-05
3.448701e-05
3.450176e-05
3.450394e-05
3.452321e-05
3.453803e-05
3.455894e-05
3.457494e-05
3.458545e-05
3.459644e-05
3.462150e-05
3.464547e-05
3.466101e-05
3.466878e-05
3.468495e-05
3.469870e-05
3.471749e-05
3.472557e-05
3.473914e-05
3.474460e-05
3.478036e-05
3.478788e-05
3.481433e-05
3.484612e-05
3.485596e-05
3.486772e-05
3.487686e-05
3.489374e-05
3.491972e-05
3.492595e-05
3.495550e-05
3.497375e-05
3.499886e-05
3.502056e-05
3.503227e-05
3.504649e-05
3.507077e-05
3.508169e-05
3.510302e-05
3.510932e-05
3.512778e-05
3.514368e-05
3.515364e-05
3.517220e-05
3.517737e-05
3.518940e-05
3.523610e-05
3.524559e-05
3.526370e-05
3.529220e-05
3.530479e-05
3.532396e-05
3.533759e-05
3.536354e-05
3.537765e-05
3.539256e-05
3.541896e-05
3.544197e-05
3.544424e-05
3.545502e-05
3.547403e-05
3.548958e-05
3.551999e-05
3.552854e-05
3.555399e-05
3.557397e-05
3.559577e-05
3.560909e-05
3.561638e-05
3.563371e-05
3.566793e-05
3.567958e-05
3.569002e-05
3.570232e-05
3.570954e-05
3.572270e-05
3.575207e-05
3.576626e-05
3.577231e-05
3.578287e-05
3.580465e-05
3.582105e-05
3.585289e-05
3.585917e-05
3.586493e-05
3.590075e-05
3.590248e-05
3.591998e-05
3.594813e-05
3.595141e-05
3.596994e-05
3.601373e-05
3.602484e-05
3.603371e-05
3.605639e-05
3.606083e-05
3.608788e-05
3.610214e-05
3.610293e-05
3.614128e-05
3.615970e-05
3.617748e-05
3.620418e-05
3.620999e-05
3.622538e-05
3.624050e-05
3.624975e-05
3.626307e-05
3.629157e-05
3.630033e-05
3.632621e-05
3.635565e-05
3.637091e-05
3.638520e-05
3.639709e-05
3.640619e-05
3.642455e-05
3.645466e-05
3.647470e-05
3.648592e-05
3.649365e-05
3.652431e-05
3.654258e-05
3.655983e-05
3.658287e-05
3.659702e-05
3.661557e-05
3.663001e-05
3.663492e-05
3.664101e-05
3.666580e-05
3.669987e-05
3.674487e-05
3.674721e-05
3.675864e-05
3.676731e-05
3.678576e-05
3.679569e-05
3.681753e-05
3.682977e-05
3.684387e-05
3.686544e-05
3.688036e-05
3.689231e-05
3.691274e-05
3.693033e-05
3.693545e-05
3.696129e-05
3.697143e-05
3.700105e-05
3.701233e-05
3.703828e-05
3.705084e-05
3.705933e-05
3.707380e-05
3.710873e-05
3.712812e-05
3.713819e-05
3.713992e-05
3.718526e-05
3.719449e-05
3.720168e-05
3.721749e-05
3.727501e-05
3.728198e-05
3.729546e-05
3.729830e-05
3.731599e-05
3.733088e-05
3.733980e-05
3.737858e-05
3.738783e-05
3.740172e-05
3.741182e-05
3.744440e-05
3.745521e-05
3.748318e-05
3.748658e-05
3.752667e-05
3.753772e-05
3.754895e-05
3.757473e-05
3.758722e-05
3.761529e-05
3.762777e-05
3.763966e-05
3.765678e-05
3.767101e-05
3.769075e-05
3.769606e-05
3.772941e-05
3.773594e-05
3.775255e-05
3.777601e-05
3.780487e-05
3.782973e-05
3.783610e-05
3.784223e-05
3.787065e-05
3.788558e-05
3.789538e-05
3.790472e-05
3.792499e-05
3.795412e-05
3.796804e-05
3.799601e-05
3.800441e-05
3.802433e-05
3.803817e-05
3.804574e-05
3.806840e-05
3.810478e-05
3.811835e-05
3.814022e-05
3.815139e-05
3.819328e-05
3.820037e-05
3.821947e-05
3.824521e-05
3.825036e-05
3.827275e-05
3.828843e-05
3.833181e-05
3.834612e-05
3.836948e-05
3.839118e-05
3.840483e-05
3.841129e-05
3.842437e-05
3.845221e-05
3.846028e-05
3.848478e-05
3.850293e-05
3.851553e-05
3.853998e-05
3.855197e-05
3.855645e-05
3.856214e-05
3.857466e-05
3.863027e-05
3.863880e-05
3.865368e-05
3.867933e-05
3.868824e-05
3.870782e-05
3.874051e-05
3.874813e-05
3.875846e-05
3.877439e-05
3.879410e-05
3.879751e-05
3.882276e-05
3.883958e-05
3.884063e-05
3.886153e-05
3.886815e-05
3.890062e-05
3.890951e-05
3.892602e-05
3.894470e-05
3.897750e-05
3.899738e-05
3.901458e-05
3.902944e-05
3.905111e-05
3.908910e-05
3.910322e-05
3.912087e-05
3.912626e-05
3.915862e-05
3.916330e-05
3.916469e-05
3.919160e-05
3.922319e-05
3.925457e-05
3.926622e-05
3.929872e-05
3.931961e-05
3.932848e-05
3.934696e-05
3.937261e-05
3.939104e-05
3.940690e-05
3.944509e-05
3.946617e-05
3.947377e-05
3.948785e-05
3.949874e-05
3.952004e-05
3.953045e-05
3.955674e-05
3.956574e-05
3.959870e-05
3.960348e-05
3.962575e-05
3.963451e-05
3.965941e-05
3.967560e-05
3.968906e-05
3.971648e-05
3.973476e-05
3.976561e-05
3.977197e-05
3.979670e-05
3.981017e-05
3.983197e-05
3.984178e-05
3.984766e-05
3.985550e-05
3.986599e-05
3.988867e-05
3.990805e-05
3.993387e-05
3.996454e-05
3.997707e-05
3.998902e-05
3.999636e-05
4.000149e-05
4.003873e-05
4.008433e-05
4.009013e-05
4.011082e-05
4.012703e-05
4.017488e-05
4.020070e-05
4.020269e-05
4.021883e-05
4.024697e-05
4.028259e-05
4.030403e-05
4.030874e-05
4.034051e-05
4.036745e-05
4.037797e-05
4.039996e-05
4.041372e-05
4.041574e-05
4.043837e-05
4.044408e-05
4.046278e-05
4.047622e-05
4.048437e-05
4.050596e-05
4.052552e-05
4.056091e-05
4.057703e-05
4.058666e-05
4.059936e-05
4.062484e-05
4.063347e-05
4.065274e-05
4.067366e-05
4.068264e-05
4.071778e-05
4.075089e-05
4.076030e-05
4.079020e-05
4.079576e-05
4.080609e-05
4.084246e-05
4.085251e-05
4.086081e-05
4.087490e-05
4.091967e-05
4.092900e-05
4.095599e-05
4.097730e-05
4.098969e-05
4.100526e-05
4.103495e-05
4.105116e-05
4.107807e-05
4.111536e-05
4.112936e-05
4.114018e-05
4.117058e-05
4.119068e-05
4.119540e-05
4.122641e-05
4.123712e-05
4.124946e-05
4.128431e-05
4.130329e-05
4.132671e-05
4.134597e-05
4.135607e-05
4.136973e-05
4.137565e-05
4.138868e-05
4.144002e-05
4.144798e-05
4.146253e-05
4.148546e-05
4.150416e-05
4.151490e-05
4.154318e-05
4.156666e-05
4.158367e-05
4.160903e-05
4.162095e-05
4.165113e-05
4.167185e-05
4.169590e-05
4.172524e-05
4.175029e-05
4.176632e-05
4.177232e-05
4.180258e-05
4.180967e-05
4.183791e-05
4.184567e-05
4.185602e-05
4.188334e-05
4.189410e-05
4.193656e-05
4.195619e-05
4.197170e-05
4.197956e-05
4.200688e-05
4.202526e-05
4.205363e-05
4.207204e-05
4.208559e-05
4.209685e-05
4.211287e-05
4.212606e-05
4.216212e-05
4.217854e-05
4.219060e-05
4.220090e-05
4.221481e-05
4.226003e-05
4.227355e-05
4.229087e-05
4.230177e-05
4.232826e-05
4.233122e-05
4.235340e-05
4.237821e-05
4.240421e-05
4.242848e-05
4.244228e-05
4.245051e-05
4.246430e-05
4.247779e-05
4.248773e-05
4.252244e-05
4.254919e-05
4.256169e-05
4.260304e-05
4.262229e-05
4.262818e-05
4.265128e-05
4.267109e-05
4.268331e-05
4.268991e-05
4.272815e-05
4.274756e-05
4.277001e-05
4.278918e-05
4.280657e-05
4.280816e-05
4.283156e-05
4.286947e-05
4.288418e-05
4.290889e-05
4.294301e-05
4.297271e-05
4.297623e-05
4.300721e-05
4.301141e-05
4.304326e-05
4.307321e-05
4.308456e-05
4.309972e-05
4.311794e-05
4.312112e-05
4.315761e-05
4.317425e-05
4.319461e-05
4.320045e-05
4.323739e-05
4.325794e-05
4.326636e-05
4.327532e-05
4.329345e-05
4.330433e-05
4.333985e-05
4.337359e-05
4.339448e-05
4.342839e-05
4.343654e-05
4.344542e-05
4.347407e-05
4.349200e-05
4.350798e-05
4.352467e-05
4.356008e-05
4.356934e-05
4.359952e-05
4.361594e-05
4.363359e-05
4.365463e-05
4.366945e-05
4.372286e-05
4.372498e-05
4.374218e-05
4.376069e-05
4.376551e-05
4.378597e-05
4.383701e-05
4.385417e-05
4.386375e-05
4.388346e-05
4.390161e-05
4.391718e-05
4.393174e-05
4.394808e-05
4.396786e-05
4.399632e-05
4.401512e-05
4.402295e-05
4.404856e-05
4.409310e-05
4.410077e-05
4.410458e-05
4.412737e-05
4.413948e-05
4.416298e-05
4.419251e-05
4.421915e-05
4.424879e-05
4.425392e-05
4.429165e-05
4.429838e-05
4.432005e-05
4.434373e-05
4.435363e-05
4.436508e-05
4.438692e-05
4.439830e-05
4.442731e-05
4.444191e-05
4.445770e-05
4.448519e-05
4.452160e-05
4.454886e-05
4.455726e-05
4.457619e-05
4.460649e-05
4.461392e-05
4.464329e-05
4.466874e-05
4.467702e-05
4.470464e-05
4.470833e-05
4.473295e-05
4.476223e-05
4.477823e-05
4.479855e-05
4.482476e-05
4.485956e-05
4.486207e-05
4.487911e-05
4.491580e-05
4.492922e-05
4.494897e-05
4.495801e-05
4.499412e-05
4.502236e-05
4.504015e-05
4.505222e-05
4.508027e-05
4.509644e-05
4.510805e-05
4.512373e-05
4.516570e-05
4.518836e-05
4.521903e-05
4.522884e-05
4.524577e-05
4.526160e-05
4.529106e-05
4.529877e-05
4.532663e-05
4.534315e-05
4.535164e-05
4.538575e-05
4.539447e-05
4.542562e-05
4.547770e-05
4.548370e-05
4.550040e-05
4.552127e-05
4.554414e-05
4.555389e-05
4.557670e-05
4.559191e-05
4.561064e-05
4.564165e-05
4.565980e-05
4.569543e-05
4.571801e-05
4.574442e-05
4.576548e-05
4.581220e-05
4.581383e-05
4.584434e-05
4.585206e-05
4.585637e-05
4.589162e-05
4.590545e-05
4.592584e-05
4.594345e-05
4.597478e-05
4.601986e-05
4.603884e-05
4.604762e-05
4.605471e-05
4.607643e-05
4.608925e-05
4.611268e-05
4.612901e-05
4.615289e-05
4.615609e-05
4.620830e-05
4.622294e-05
4.623481e-05
4.627076e-05
4.628000e-05
4.631159e-05
4.632248e-05
4.634197e-05
4.634488e-05
4.638852e-05
4.639955e-05
4.641991e-05
4.644631e-05
4.648327e-05
4.650757e-05
4.651661e-05
4.655351e-05
4.657022e-05
4.659422e-05
4.660346e-05
4.662661e-05
4.665316e-05
4.667639e-05
4.668328e-05
4.671293e-05
4.672358e-05
4.674435e-05
4.678600e-05
4.680429e-05
4.682488e-05
4.683192e-05
4.685796e-05
4.687340e-05
4.688013e-05
4.692379e-05
4.693227e-05
4.694948e-05
4.696427e-05
4.697477e-05
4.699890e-05
4.701369e-05
4.704905e-05
4.706427e-05
4.709256e-05
4.711532e-05
4.714086e-05
4.717436e-05
4.722043e-05
4.722853e-05
4.724958e-05
4.728040e-05
4.728847e-05
4.730786e-05
4.731341e-05
4.733719e-05
4.735668e-05
4.738986e-05
4.741231e-05
4.744044e-05
4.746618e-05
4.747934e-05
4.749800e-05
4.751360e-05
4.753614e-05
4.755718e-05
4.756684e-05
4.760020e-05
4.763236e-05
4.764116e-05
4.767250e-05
4.770345e-05
4.772728e-05
4.774233e-05
4.778446e-05
4.780087e-05
4.785454e-05
4.786539e-05
4.787249e-05
4.790725e-05
4.793173e-05
4.796431e-05
4.798121e-05
4.799966e-05
4.801761e-05
4.804043e-05
4.807263e-05
4.809360e-05
4.811346e-05
4.813910e-05
4.817532e-05
4.818696e-05
4.819693e-05
4.821976e-05
4.823316e-05
4.825272e-05
4.829007e-05
4.830170e-05
4.833048e-05
4.834305e-05
4.837707e-05
4.842148e-05
4.843091e-05
4.845368e-05
4.848713e-05
4.849215e-05
4.851331e-05
4.851517e-05
4.854308e-05
4.858996e-05
4.862248e-05
4.863946e-05
4.865722e-05
4.867842e-05
4.871088e-05
4.872330e-05
4.874121e-05
4.875811e-05
4.876541e-05
4.877881e-05
4.880215e-05
4.883506e-05
4.884589e-05
4.885568e-05
4.891151e-05
4.892492e-05
4.893257e-05
4.895129e-05
4.897783e-05
4.898757e-05
4.902388e-05
4.903278e-05
4.904783e-05
4.906403e-05
4.913047e-05
4.914382e-05
4.915933e-05
4.919283e-05
4.921038e-05
4.924687e-05
4.926713e-05
4.928676e-05
4.930787e-05
4.933331e-05
4.934322e-05
4.939018e-05
4.941422e-05
4.942941e-05
4.944796e-05
4.945314e-05
4.951151e-05
4.951582e-05
4.952661e-05
4.955332e-05
4.957430e-05
4.959625e-05
4.962350e-05
4.963175e-05
4.966047e-05
4.967699e-05
4.969137e-05
4.971774e-05
4.975103e-05
4.976810e-05
4.978234e-05
4.980420e-05
4.982235e-05
4.984442e-05
4.985839e-05
4.989126e-05
4.990870e-05
4.993337e-05
4.993705e-05
4.994902e-05
4.999322e-05
5.000120e-05
5.005111e-05
5.005533e-05
5.006691e-05
5.010451e-05
5.011981e-05
5.013841e-05
5.015171e-05
5.017268e-05
5.020900e-05
5.021636e-05
5.023564e-05
5.024590e-05
5.029713e-05
5.031395e-05
5.033063e-05
5.034795e-05
5.039668e-05
5.042050e-05
5.042761e-05
5.044534e-05
5.048699e-05
5.049800e-05
5.052804e-05
5.053769e-05
5.056309e-05
5.057970e-05
5.059048e-05
5.062850e-05
5.066457e-05
5.067114e-05
5.070433e-05
5.073864e-05
5.074562e-05
5.078190e-05
5.079583e-05
5.081626e-05
5.085460e-05
5.087627e-05
5.090381e-05
5.091916e-05
5.094261e-05
5.096164e-05
5.098296e-05
5.101621e-05
5.105020e-05
5.106597e-05
5.108544e-05
5.111904e-05
5.113704e-05
5.117545e-05
5.117979e-05
5.120986e-05
5.121820e-05
5.123041e-05
5.125485e-05
5.127510e-05
5.130151e-05
5.132135e-05
5.134919e-05
5.138059e-05
5.140699e-05
5.144248e-05
5.145313e-05
5.149256e-05
5.151759e-05
5.153998e-05
5.158008e-05
5.159653e-05
5.161596e-05
5.164284e-05
5.167460e-05
5.167934e-05
5.172679e-05
5.173179e-05
5.175123e-05
5.177410e-05
5.179098e-05
5.184286e-05
5.189032e-05
5.192344e-05
5.192818e-05
5.194788e-05
5.196838e-05
5.201373e-05
5.202817e-05
5.206016e-05
5.208334e-05
5.211032e-05
5.212169e-05
5.216144e-05
5.218994e-05
5.219525e-05
5.221286e-05
5.223555e-05
5.223867e-05
5.228458e-05
5.230450e-05
5.232109e-05
5.235789e-05
5.237903e-05
5.241675e-05
5.242795e-05
5.247067e-05
5.249917e-05
5.251039e-05
5.254355e-05
5.256085e-05
5.258849e-05
5.259735e-05
5.261974e-05
5.264532e-05
5.266334e-05
5.267795e-05
5.268745e-05
5.273038e-05
5.274869e-05
5.279369e-05
5.280506e-05
5.282946e-05
5.283795e-05
5.287358e-05
5.291425e-05
5.293924e-05
5.295195e-05
5.297326e-05
5.301959e-05
5.303147e-05
5.305881e-05
5.310161e-05
5.312566e-05
5.313118e-05
5.316639e-05
5.317318e-05
5.319364e-05
5.321542e-05
5.322831e-05
5.327969e-05
5.329004e-05
5.330603e-05
5.333641e-05
5.334846e-05
5.338821e-05
5.339010e-05
5.342772e-05
5.343621e-05
5.347370e-05
5.349495e-05
5.351683e-05
5.353126e-05
5.356055e-05
5.358894e-05
5.360566e-05
5.363785e-05
5.367152e-05
5.369781e-05
5.373570e-05
5.374594e-05
5.376779e-05
5.378554e-05
5.381183e-05
5.383278e-05
5.385858e-05
5.387927e-05
5.391035e-05
5.394167e-05
5.395829e-05
5.398146e-05
5.401900e-05
5.404751e-05
5.407620e-05
5.409946e-05
5.412606e-05
5.415972e-05
5.417700e-05
5.419830e-05
5.423615e-05
5.425021e-05
5.428580e-05
5.429182e-05
5.430898e-05
5.435808e-05
5.438510e-05
5.443976e-05
5.444483e-05
5.445626e-05
5.449515e-05
5.452838e-05
5.454102e-05
5.458632e-05
5.459055e-05
5.460637e-05
5.465190e-05
5.468107e-05
5.468959e-05
5.471591e-05
5.475724e-05
5.477059e-05
5.480936e-05
5.483636e-05
5.485768e-05
5.489067e-05
5.491040e-05
5.494823e-05
5.496665e-05
5.496812e-05
5.499377e-05
5.503318e-05
5.503569e-05
5.507368e-05
5.513962e-05
5.515559e-05
5.521061e-05
5.521858e-05
5.523675e-05
5.525369e-05
5.527684e-05
5.531216e-05
5.531962e-05
5.534661e-05
5.536074e-05
5.539328e-05
5.542879e-05
5.544112e-05
5.550534e-05
5.552708e-05
5.556467e-05
5.557128e-05
5.558071e-05
5.560860e-05
5.565019e-05
5.565177e-05
5.570090e-05
5.572329e-05
5.574825e-05
5.578054e-05
5.582094e-05
5.585690e-05
5.587777e-05
5.589009e-05
5.593039e-05
5.594459e-05
5.597355e-05
5.599638e-05
5.601143e-05
5.603949e-05
5.607298e-05
5.609912e-05
5.611694e-05
5.614721e-05
5.617116e-05
5.620676e-05
5.623529e-05
5.626506e-05
5.628513e-05
5.631627e-05
5.633036e-05
5.635787e-05
5.639393e-05
5.642240e-05
5.643226e-05
5.646365e-05
5.646919e-05
5.650980e-05
5.658215e-05
5.659045e-05
5.660717e-05
5.660837e-05
5.665538e-05
5.666541e-05
5.668127e-05
5.670652e-05
5.675195e-05
5.678472e-05
5.682069e-05
5.683271e-05
5.685267e-05
5.689460e-05
5.691118e-05
5.692004e-05
5.699254e-05
5.701227e-05
5.704990e-05
5.706437e-05
5.707862e-05
5.709222e-05
5.712890e-05
5.716744e-05
5.717321e-05
5.720651e-05
5.722586e-05
5.725644e-05
5.728375e-05
5.730434e-05
5.734629e-05
5.738828e-05
5.741120e-05
5.744826e-05
5.746068e-05
5.748144e-05
5.750571e-05
5.751064e-05
5.753173e-05
5.762390e-05
5.762716e-05
5.764568e-05
5.766582e-05
5.770409e-05
5.771524e-05
5.776661e-05
5.778524e-05
5.782394e-05
5.785676e-05
5.786388e-05
5.787772e-05
5.791528e-05
5.792560e-05
5.794913e-05
5.795919e-05
5.798015e-05
5.802191e-05
5.807534e-05
5.808044e-05
5.812945e-05
5.814809e-05
5.816936e-05
5.818709e-05
5.820532e-05
5.825447e-05
5.826148e-05
5.831579e-05
5.833312e-05
5.836190e-05
5.838911e-05
5.841823e-05
5.847920e-05
5.849823e-05
5.852817e-05
5.854092e-05
5.859679e-05
5.861339e-05
5.863991e-05
5.867490e-05
5.870776e-05
5.874357e-05
5.876516e-05
5.879199e-05
5.883978e-05
5.884496e-05
5.885225e-05
5.888862e-05
5.893438e-05
5.896690e-05
5.899062e-05
5.904347e-05
5.905317e-05
5.905525e-05
5.907819e-05
5.909032e-05
5.913942e-05
5.917663e-05
5.919029e-05
5.920129e-05
5.923476e-05
5.926238e-05
5.929220e-05
5.931447e-05
5.934144e-05
5.939417e-05
5.939674e-05
5.942697e-05
5.946594e-05
5.948300e-05
5.950355e-05
5.953886e-05
5.957154e-05
5.959872e-05
5.960963e-05
5.962663e-05
5.966128e-05
5.967565e-05
5.972690e-05
5.977937e-05
5.981754e-05
5.982120e-05
5.984998e-05
5.986495e-05
5.988635e-05
5.990322e-05
5.995852e-05
5.997979e-05
5.999637e-05
6.001508e-05
6.003920e-05
6.008009e-05
6.011251e-05
6.012177e-05
6.015116e-05
6.017493e-05
6.018804e-05
6.021541e-05
6.026475e-05
6.029046e-05
6.031290e-05
6.033403e-05
6.036819e-05
6.041133e-05
6.044656e-05
6.047383e-05
6.050145e-05
6.052910e-05
6.056011e-05
6.058347e-05
6.060938e-05
6.065193e-05
6.067303e-05
6.070470e-05
6.071890e-05
6.078072e-05
6.078363e-05
6.081858e-05
6.084701e-05
6.086061e-05
6.088489e-05
6.091449e-05
6.094487e-05
6.095770e-05
6.096182e-05
6.101729e-05
6.105269e-05
6.106331e-05
6.109750e-05
6.111719e-05
6.114662e-05
6.116600e-05
6.123185e-05
6.124404e-05
6.126670e-05
6.127916e-05
6.134199e-05
6.136493e-05
6.137848e-05
6.140946e-05
6.142199e-05
6.148496e-05
6.149559e-05
6.153305e-05
6.155178e-05
6.159410e-05
6.163762e-05
6.168047e-05
6.169437e-05
6.170130e-05
6.174274e-05
6.175878e-05
6.178139e-05
6.181173e-05
6.181642e-05
6.185367e-05
6.190368e-05
6.194112e-05
6.200979e-05
6.202377e-05
6.204314e-05
6.209215e-05
6.210742e-05
6.212584e-05
6.216567e-05
6.218590e-05
6.220622e-05
6.226157e-05
6.228917e-05
6.229474e-05
6.232855e-05
6.237362e-05
6.239653e-05
6.243673e-05
6.248861e-05
6.251547e-05
6.253503e-05
6.254236e-05
6.258476e-05
6.262571e-05
6.264507e-05
6.270388e-05
6.275330e-05
6.280270e-05
6.281159e-05
6.281660e-05
6.285673e-05
6.287861e-05
6.292463e-05
6.295524e-05
6.298761e-05
6.302020e-05
6.305002e-05
6.307789e-05
6.312571e-05
6.314059e-05
6.320736e-05
6.322833e-05
6.323471e-05
6.325015e-05
6.325925e-05
6.329803e-05
6.331521e-05
6.336620e-05
6.340029e-05
6.344023e-05
6.344751e-05
6.349607e-05
6.353461e-05
6.355680e-05
6.356319e-05
6.357274e-05
6.361374e-05
6.365500e-05
6.367690e-05
6.371550e-05
6.375385e-05
6.376924e-05
6.379574e-05
6.382081e-05
6.389879e-05
6.395242e-05
6.398400e-05
6.402196e-05
6.405098e-05
6.407482e-05
6.409946e-05
6.412148e-05
6.414246e-05
6.417985e-05
6.421542e-05
6.422477e-05
6.425474e-05
6.428185e-05
6.429017e-05
6.430011e-05
6.433974e-05
6.436721e-05
6.438775e-05
6.443826e-05
6.445365e-05
6.446996e-05
6.448322e-05
6.454244e-05
6.456106e-05
6.458842e-05
6.460021e-05
6.462939e-05
6.466375e-05
6.468772e-05
6.474698e-05
6.476968e-05
6.482702e-05
6.485698e-05
6.486119e-05
6.488901e-05
6.490243e-05
6.496288e-05
6.498704e-05
6.502519e-05
6.506072e-05
6.508516e-05
6.510432e-05
6.512677e-05
6.518883e-05
6.521121e-05
6.524555e-05
6.526980e-05
6.528590e-05
6.535791e-05
6.538462e-05
6.540825e-05
6.543039e-05
6.544518e-05
6.546994e-05
6.551936e-05
6.555139e-05
6.555873e-05
6.559212e-05
6.561734e-05
6.564062e-05
6.569199e-05
6.570942e-05
6.574289e-05
6.575202e-05
6.581193e-05
6.584445e-05
6.586224e-05
6.588072e-05
6.588331e-05
6.596709e-05
6.597046e-05
6.599803e-05
6.603868e-05
6.608407e-05
6.609877e-05
6.613728e-05
6.614820e-05
6.618280e-05
6.622427e-05
6.623458e-05
6.632221e-05
6.632915e-05
6.635896e-05
6.637189e-05
6.640362e-05
6.642772e-05
6.647280e-05
6.650389e-05
6.653264e-05
6.654359e-05
6.656810e-05
6.658865e-05
6.665071e-05
6.671885e-05
6.673551e-05
6.675951e-05
6.677541e-05
6.680620e-05
6.682822e-05
6.685591e-05
6.686316e-05
6.691538e-05
6.695759e-05
6.700584e-05
6.701480e-05
6.705512e-05
6.707524e-05
6.707972e-05
6.713749e-05
6.719987e-05
6.721642e-05
6.725754e-05
6.727142e-05
6.729725e-05
6.734416e-05
6.735682e-05
6.740637e-05
6.744453e-05
6.745539e-05
6.751145e-05
6.752622e-05
6.756584e-05
6.759956e-05
6.760184e-05
6.768141e-05
6.771870e-05
6.775237e-05
6.778365e-05
6.782072e-05
6.782379e-05
6.787619e-05
6.791336e-05
6.792058e-05
6.794510e-05
6.799254e-05
6.801083e-05
6.804019e-05
6.809093e-05
6.812764e-05
6.818310e-05
6.819932e-05
6.823799e-05
6.825917e-05
6.828690e-05
6.831991e-05
6.835558e-05
6.837238e-05
6.840193e-05
6.846048e-05
6.848054e-05
6.850861e-05
6.852082e-05
6.855962e-05
6.860823e-05
6.862010e-05
6.863775e-05
6.869075e-05
6.870207e-05
6.873586e-05
6.877744e-05
6.880813e-05
6.882265e-05
6.888206e-05
6.890509e-05
6.895138e-05
6.896985e-05
6.900162e-05
6.904190e-05
6.907016e-05
6.910767e-05
6.914746e-05
6.916401e-05
6.919345e-05
6.921559e-05
6.926574e-05
6.928319e-05
6.929355e-05
6.932731e-05
6.934841e-05
6.940413e-05
6.943000e-05
6.944862e-05
6.952742e-05
6.955713e-05
6.957325e-05
6.962158e-05
6.964273e-05
6.969946e-05
6.972838e-05
6.977851e-05
6.979344e-05
6.982694e-05
6.983880e-05
6.987518e-05
6.988756e-05
6.991012e-05
6.997071e-05
7.001612e-05
7.003587e-05
7.004448e-05
7.009511e-05
7.010972e-05
7.015630e-05
7.019076e-05
7.019555e-05
7.022196e-05
7.024570e-05
7.029704e-05
7.035022e-05
7.036776e-05
7.038233e-05
7.044994e-05
7.048848e-05
7.053089e-05
7.054779e-05
7.055774e-05
7.062197e-05
7.063566e-05
7.066407e-05
7.070619e-05
7.073695e-05
7.076119e-05
7.081035e-05
7.084063e-05
7.085285e-05
7.090252e-05
7.092001e-05
7.096363e-05
7.100103e-05
7.103024e-05
7.107589e-05
7.110830e-05
7.113623e-05
7.116240e-05
7.120995e-05
7.123637e-05
7.125145e-05
7.132317e-05
7.134307e-05
7.138837e-05
7.143762e-05
7.145579e-05
7.149099e-05
7.151981e-05
7.153522e-05
7.160840e-05
7.166907e-05
7.168297e-05
7.171742e-05
7.172189e-05
7.176492e-05
7.178153e-05
7.181670e-05
7.183880e-05
7.186890e-05
7.190961e-05
7.198246e-05
7.199697e-05
7.204422e-05
7.206604e-05
7.212614e-05
7.213304e-05
7.218173e-05
7.227463e-05
7.229434e-05
7.232241e-05
7.236891e-05
7.239238e-05
7.242071e-05
7.245754e-05
7.250761e-05
7.254717e-05
7.255777e-05
7.260799e-05
7.266388e-05
7.270436e-05
7.275288e-05
7.277907e-05
7.279155e-05
7.282073e-05
7.284909e-05
7.285733e-05
7.293099e-05
7.294872e-05
7.297086e-05
7.300202e-05
7.301114e-05
7.305929e-05
7.313389e-05
7.313633e-05
7.316513e-05
7.323698e-05
7.325548e-05
7.325813e-05
7.332474e-05
7.335639e-05
7.338529e-05
7.340370e-05
7.348628e-05
7.354639e-05
7.356643e-05
7.360185e-05
7.362303e-05
7.366154e-05
7.368108e-05
7.374657e-05
7.377182e-05
7.380056e-05
7.383377e-05
7.384541e-05
7.397004e-05
7.399357e-05
7.404187e-05
7.405977e-05
7.413225e-05
7.415333e-05
7.418182e-05
7.419869e-05
7.424288e-05
7.428915e-05
7.430938e-05
7.434532e-05
7.437829e-05
7.441926e-05
7.445026e-05
7.445655e-05
7.450406e-05
7.456812e-05
7.457848e-05
7.460598e-05
7.464073e-05
7.468383e-05
7.470517e-05
7.474287e-05
7.476923e-05
7.481330e-05
7.485119e-05
7.490157e-05
7.493231e-05
7.498251e-05
7.500629e-05
7.505372e-05
7.507285e-05
7.509744e-05
7.512967e-05
7.515845e-05
7.519431e-05
7.521170e-05
7.525721e-05
7.529550e-05
7.531379e-05
7.533873e-05
7.537725e-05
7.543434e-05
7.551450e-05
7.554955e-05
7.556868e-05
7.561025e-05
7.564851e-05
7.568330e-05
7.568900e-05
7.574772e-05
7.579375e-05
7.586096e-05
7.589351e-05
7.592197e-05
7.593561e-05
7.596373e-05
7.599396e-05
7.603111e-05
7.606789e-05
7.610862e-05
7.613486e-05
7.618084e-05
7.623666e-05
7.627351e-05
7.629032e-05
7.634642e-05
7.637941e-05
7.641216e-05
7.642758e-05
7.645316e-05
7.646583e-05
7.657370e-05
7.660535e-05
7.661763e-05
7.667649e-05
7.670914e-05
7.672028e-05
7.676878e-05
7.679803e-05
7.685927e-05
7.688937e-05
7.692471e-05
7.697317e-05
7.701231e-05
7.705015e-05
7.706388e-05
7.715775e-05
7.720110e-05
7.728143e-05
7.729107e-05
7.730730e-05
7.732547e-05
7.734804e-05
7.737403e-05
7.740919e-05
7.743919e-05
7.750405e-05
7.752849e-05
7.754009e-05
7.754310e-05
7.760579e-05
7.763645e-05
7.765042e-05
7.769524e-05
7.772631e-05
7.774973e-05
7.779030e-05
7.783004e-05
7.788791e-05
7.791048e-05
7.794802e-05
7.796446e-05
7.798652e-05
7.801923e-05
7.803414e-05
7.808689e-05
7.815679e-05
7.820988e-05
7.823575e-05
7.827627e-05
7.832190e-05
7.838004e-05
7.841572e-05
7.848005e-05
7.851554e-05
7.855090e-05
7.858642e-05
7.864516e-05
7.865425e-05
7.870429e-05
7.878428e-05
7.880070e-05
7.885761e-05
7.886160e-05
7.887344e-05
7.893031e-05
7.895853e-05
7.901974e-05
7.905998e-05
7.909043e-05
7.912432e-05
7.913623e-05
7.916029e-05
7.927132e-05
7.930065e-05
7.932372e-05
7.933533e-05
7.939027e-05
7.941594e-05
7.944982e-05
7.946030e-05
7.949470e-05
7.953076e-05
7.955403e-05
7.956702e-05
7.961554e-05
7.968302e-05
7.971183e-05
7.975386e-05
7.979759e-05
7.982046e-05
7.986425e-05
7.989406e-05
7.996081e-05
7.999228e-05
8.002159e-05
8.008930e-05
8.009910e-05
8.012599e-05
8.019718e-05
8.022547e-05
8.025654e-05
8.031960e-05
8.034810e-05
8.037606e-05
8.038489e-05
8.043289e-05
8.044585e-05
8.046549e-05
8.051869e-05
8.058292e-05
8.060061e-05
8.066270e-05
8.071004e-05
8.072203e-05
8.076000e-05
8.077299e-05
8.081799e-05
8.083680e-05
8.087760e-05
8.093804e-05
8.095548e-05
8.100452e-05
8.104151e-05
8.107991e-05
8.110674e-05
8.115526e-05
8.117320e-05
8.122219e-05
8.127516e-05
8.134249e-05
8.137117e-05
8.140476e-05
8.143339e-05
8.147732e-05
8.152617e-05
8.153318e-05
8.156796e-05
8.160535e-05
8.166004e-05
8.174775e-05
8.177635e-05
8.183552e-05
8.188394e-05
8.190214e-05
8.194513e-05
8.198485e-05
8.199748e-05
8.201843e-05
8.204827e-05
8.209843e-05
8.213057e-05
8.214650e-05
8.222141e-05
8.227485e-05
8.231900e-05
8.232849e-05
8.242403e-05
8.247120e-05
8.252789e-05
8.255196e-05
8.264269e-05
8.267041e-05
8.268206e-05
8.269792e-05
8.275620e-05
8.277705e-05
8.281838e-05
8.282440e-05
8.289170e-05
8.295318e-05
8.298966e-05
8.303242e-05
8.304469e-05
8.306810e-05
8.311609e-05
8.316173e-05
8.319445e-05
8.324539e-05
8.328862e-05
8.329259e-05
8.334178e-05
8.338377e-05
8.342025e-05
8.347552e-05
8.352558e-05
8.355299e-05
8.357305e-05
8.363985e-05
8.368472e-05
8.372639e-05
8.373837e-05
8.377584e-05
8.379687e-05
8.389855e-05
8.396941e-05
8.399192e-05
8.402924e-05
8.411122e-05
8.412655e-05
8.414211e-05
8.421805e-05
8.423148e-05
8.424884e-05
8.429886e-05
8.434589e-05
8.439346e-05
8.440561e-05
8.446142e-05
8.448342e-05
8.458803e-05
8.462619e-05
8.463781e-05
8.467972e-05
8.475575e-05
8.479703e-05
8.481279e-05
8.485203e-05
8.486550e-05
8.494366e-05
8.496375e-05
8.500287e-05
8.502937e-05
8.509289e-05
8.512370e-05
8.518382e-05
8.525872e-05
8.529110e-05
8.530757e-05
8.540271e-05
8.541540e-05
8.544760e-05
8.548458e-05
8.550909e-05
8.554825e-05
8.557341e-05
8.565070e-05
8.567105e-05
8.573366e-05
8.582710e-05
8.584214e-05
8.588152e-05
8.592927e-05
8.602428e-05
8.605414e-05
8.606334e-05
8.608662e-05
8.610599e-05
8.619168e-05
8.622473e-05
8.627372e-05
8.634506e-05
8.639235e-05
8.641071e-05
8.644367e-05
8.648257e-05
8.649443e-05
8.655738e-05
8.659721e-05
8.667385e-05
8.669101e-05
8.673880e-05
8.675794e-05
8.678174e-05
8.686816e-05
8.694593e-05
8.703833e-05
8.708454e-05
8.714148e-05
8.715127e-05
8.720470e-05
8.721875e-05
8.728066e-05
8.729039e-05
8.733117e-05
8.739128e-05
8.743780e-05
8.748201e-05
8.758985e-05
8.761176e-05
8.762931e-05
8.766919e-05
8.769208e-05
8.777187e-05
8.777561e-05
8.782549e-05
8.790678e-05
8.793007e-05
8.801717e-05
8.804483e-05
8.807191e-05
8.809458e-05
8.816689e-05
8.820502e-05
8.826549e-05
8.828079e-05
8.832739e-05
8.835137e-05
8.841522e-05
8.848248e-05
8.851862e-05
8.855726e-05
8.865058e-05
8.865126e-05
8.867236e-05
8.870140e-05
8.878610e-05
8.882044e-05
8.886639e-05
8.889129e-05
8.890493e-05
8.890790e-05
8.901951e-05
8.903218e-05
8.905959e-05
8.911159e-05
8.913667e-05
8.918044e-05
8.920557e-05
8.928132e-05
8.931290e-05
8.933412e-05
8.940893e-05
8.942122e-05
8.949572e-05
8.954333e-05
8.959845e-05
8.963478e-05
8.964492e-05
8.971848e-05
8.971972e-05
8.973906e-05
8.983683e-05
8.989178e-05
8.992329e-05
8.998007e-05
9.000886e-05
9.004584e-05
9.008637e-05
9.015831e-05
9.019335e-05
9.021120e-05
9.029758e-05
9.034344e-05
9.041550e-05
9.044312e-05
9.048052e-05
9.051280e-05
9.055539e-05
9.062045e-05
9.068102e-05
9.069816e-05
9.072814e-05
9.080577e-05
9.082836e-05
9.089940e-05
9.094943e-05
9.096960e-05
9.105297e-05
9.108897e-05
9.112651e-05
9.115000e-05
9.122252e-05
9.131427e-05
9.131967e-05
9.135909e-05
9.141244e-05
9.146161e-05
9.155399e-05
9.156715e-05
9.161186e-05
9.172272e-05
9.175263e-05
9.176613e-05
9.180354e-05
9.188357e-05
9.190878e-05
9.193272e-05
9.197961e-05
9.207208e-05
9.216606e-05
9.223242e-05
9.227389e-05
9.235175e-05
9.237518e-05
9.244026e-05
9.250817e-05
9.257225e-05
9.262822e-05
9.264252e-05
9.269144e-05
9.271193e-05
9.275841e-05
9.280972e-05
9.284309e-05
9.286254e-05
9.291349e-05
9.295891e-05
9.301439e-05
9.304507e-05
9.319151e-05
9.320334e-05
9.323267e-05
9.329921e-05
9.332069e-05
9.335440e-05
9.337621e-05
9.345859e-05
9.349004e-05
9.352576e-05
9.354068e-05
9.357680e-05
9.365361e-05
9.371188e-05
9.376493e-05
9.379430e-05
9.384329e-05
9.388569e-05
9.394883e-05
9.401678e-05
9.404102e-05
9.405724e-05
9.407510e-05
9.417468e-05
9.422746e-05
9.424477e-05
9.428820e-05
9.432542e-05
9.436308e-05
9.446522e-05
9.453012e-05
9.459442e-05
9.462532e-05
9.466169e-05
9.471132e-05
9.472480e-05
9.476787e-05
9.487293e-05
9.490129e-05
9.497894e-05
9.500240e-05
9.508688e-05
9.510799e-05
9.515511e-05
9.521368e-05
9.524486e-05
9.527772e-05
9.535779e-05
9.537806e-05
9.541052e-05
9.552561e-05
9.555508e-05
9.561333e-05
9.570468e-05
9.573420e-05
9.578419e-05
9.587948e-05
9.590776e-05
9.592650e-05
9.597975e-05
9.603623e-05
9.610371e-05
9.616551e-05
9.619094e-05
9.627167e-05
9.631683e-05
9.638242e-05
9.644627e-05
9.650402e-05
9.658006e-05
9.659135e-05
9.665835e-05
9.666470e-05
9.675914e-05
9.678806e-05
9.682513e-05
9.684475e-05
9.690859e-05
9.696890e-05
9.697824e-05
9.706342e-05
9.707397e-05
9.717382e-05
9.719022e-05
9.728623e-05
9.734373e-05
9.740989e-05
9.741469e-05
9.746861e-05
9.752989e-05
9.755347e-05
9.763761e-05
9.769886e-05
9.776513e-05
9.781602e-05
9.783996e-05
9.788100e-05
9.789996e-05
9.798816e-05
9.802229e-05
9.810648e-05
9.816892e-05
9.829555e-05
9.835261e-05
9.837818e-05
9.843955e-05
9.851702e-05
9.860247e-05
9.862308e-05
9.871619e-05
9.872424e-05
9.877566e-05
9.879802e-05
9.886597e-05
9.893131e-05
9.895495e-05
9.903076e-05
9.907332e-05
9.913272e-05
9.918178e-05
9.923914e-05
9.928199e-05
9.931623e-05
9.936596e-05
9.944774e-05
9.945708e-05
9.947297e-05
9.957810e-05
9.963262e-05
9.967071e-05
9.969541e-05
9.974136e-05
9.975466e-05
9.982439e-05
9.987482e-05
9.997578e-05
9.999964e-05
1.001225e-04
1.001432e-04
1.002107e-04
1.002978e-04
1.003616e-04
1.003772e-04
1.004273e-04
1.004985e-04
1.005226e-04
1.005672e-04
1.006003e-04
1.006625e-04
1.007206e-04
1.007469e-04
1.007566e-04
1.008587e-04
1.008740e-04
1.010152e-04
1.010618e-04
1.011534e-04
1.012162e-04
1.012282e-04
1.012903e-04
1.013385e-04
1.013759e-04
1.013879e-04
1.014411e-04
1.014907e-04
1.015391e-04
1.015888e-04
1.016167e-04
1.016386e-04
1.018050e-04
1.018148e-04
1.018721e-04
1.019113e-04
1.019873e-04
1.019974e-04
1.020849e-04
1.021362e-04
1.022009e-04
1.022571e-04
1.023081e-04
1.023242e-04
1.024602e-04
1.024895e-04
1.025317e-04
1.026243e-04
1.026711e-04
1.027523e-04
1.028012e-04
1.028773e-04
1.029132e-04
1.029176e-04
1.030170e-04
1.030288e-04
1.030918e-04
1.032243e-04
1.032586e-04
1.032665e-04
1.033012e-04
1.033217e-04
1.033923e-04
1.034829e-04
1.035001e-04
1.035375e-04
1.036099e-04
1.037038e-04
1.037873e-04
1.038109e-04
1.039021e-04
1.039546e-04
1.040482e-04
1.041298e-04
1.041423e-04
1.042634e-04
1.043010e-04
1.043859e-04
1.044170e-04
1.044719e-04
1.045510e-04
1.046046e-04
1.046371e-04
1.046619e-04
1.047491e-04
1.047691e-04
1.048028e-04
1.048446e-04
1.048820e-04
1.049082e-04
1.049835e-04
1.050954e-04
1.051143e-04
1.051628e-04
1.052657e-04
1.053231e-04
1.053546e-04
1.054774e-04
1.055421e-04
1.055621e-04
1.056342e-04
1.056946e-04
1.057429e-04
1.058272e-04
1.058867e-04
1.059165e-04
1.059298e-04
1.059668e-04
1.060497e-04
1.060927e-04
1.060964e-04
1.061409e-04
1.061782e-04
1.062180e-04
1.062923e-04
1.063458e-04
1.064430e-04
1.064622e-04
1.065544e-04
1.065805e-04
1.066318e-04
1.066754e-04
1.067204e-04
1.067705e-04
1.068170e-04
1.068816e-04
1.069353e-04
1.069902e-04
1.070335e-04
1.070610e-04
1.070876e-04
1.072020e-04
1.072289e-04
1.072497e-04
1.073303e-04
1.073563e-04
1.075295e-04
1.075411e-04
1.076253e-04
1.077281e-04
1.077460e-04
1.078491e-04
1.079190e-04
1.079800e-04
1.080419e-04
1.081405e-04
1.081758e-04
1.082589e-04
1.083186e-04
1.083649e-04
1.084045e-04
1.084390e-04
1.084859e-04
1.085399e-04
1.085994e-04
1.086742e-04
1.087009e-04
1.087793e-04
1.087839e-04
1.088731e-04
1.089639e-04
1.090302e-04
1.090621e-04
1.091435e-04
1.091503e-04
1.092109e-04
1.092885e-04
1.093316e-04
1.093505e-04
1.093727e-04
1.094153e-04
1.094542e-04
1.095763e-04
1.096183e-04
1.096462e-04
1.097130e-04
1.097697e-04
1.098633e-04
1.099080e-04
1.099829e-04
1.099935e-04
1.100184e-04
1.100887e-04
1.101301e-04
1.102036e-04
1.102566e-04
1.103262e-04
1.103588e-04
1.104026e-04
1.104805e-04
1.104906e-04
1.106743e-04
1.107264e-04
1.107992e-04
1.108585e-04
1.108663e-04
1.109519e-04
1.110317e-04
1.111152e-04
1.111511e-04
1.112276e-04
1.113354e-04
1.113444e-04
1.114092e-04
1.115587e-04
1.116038e-04
1.116926e-04
1.117625e-04
1.117786e-04
1.118438e-04
1.119182e-04
1.119252e-04
1.119805e-04
1.120164e-04
1.121366e-04
1.122101e-04
1.122294e-04
1.122817e-04
1.123316e-04
1.123862e-04
1.124655e-04
1.125407e-04
1.125736e-04
1.126074e-04
1.126799e-04
1.127528e-04
1.128688e-04
1.128981e-04
1.130099e-04
1.130675e-04
1.131294e-04
1.131926e-04
1.132345e-04
1.133218e-04
1.133735e-04
1.133977e-04
1.135156e-04
1.135636e-04
1.135807e-04
1.136719e-04
1.137019e-04
1.137837e-04
1.138238e-04
1.138591e-04
1.138881e-04
1.140239e-04
1.140593e-04
1.140874e-04
1.141897e-04
1.142903e-04
1.143254e-04
1.143798e-04
1.144546e-04
1.144923e-04
1.145715e-04
1.146252e-04
1.146297e-04
1.146950e-04
1.147144e-04
1.147887e-04
1.149275e-04
1.149404e-04
1.151009e-04
1.151796e-04
1.152310e-04
1.153206e-04
1.153570e-04
1.154435e-04
1.155054e-04
1.155676e-04
1.156980e-04
1.157359e-04
1.157954e-04
1.158657e-04
1.158896e-04
1.159472e-04
1.159739e-04
1.160641e-04
1.161381e-04
1.161562e-04
1.162480e-04
1.163086e-04
1.163552e-04
1.164760e-04
1.165403e-04
1.166025e-04
1.166332e-04
1.167619e-04
1.168300e-04
1.169109e-04
1.169568e-04
1.169654e-04
1.170525e-04
1.171220e-04
1.171951e-04
1.173148e-04
1.173585e-04
1.174139e-04
1.174674e-04
1.176082e-04
1.176335e-04
1.176571e-04
1.176907e-04
1.178198e-04
1.178588e-04
1.179675e-04
1.180363e-04
1.181223e-04
1.181706e-04
1.182209e-04
1.182750e-04
1.183212e-04
1.183911e-04
1.184100e-04
1.184864e-04
1.185071e-04
1.186139e-04
1.187138e-04
1.188394e-04
1.188707e-04
1.189741e-04
1.189965e-04
1.191100e-04
1.191465e-04
1.192392e-04
1.193332e-04
1.193779e-04
1.194624e-04
1.195152e-04
1.195427e-04
1.196297e-04
1.197345e-04
1.197956e-04
1.198587e-04
1.199362e-04
1.199896e-04
1.200178e-04
1.200810e-04
1.201573e-04
1.201758e-04
1.203353e-04
1.203883e-04
1.204696e-04
1.205222e-04
1.205953e-04
1.206304e-04
1.207103e-04
1.208231e-04
1.208808e-04
1.209963e-04
1.211540e-04
1.211744e-04
1.212469e-04
1.213286e-04
1.213484e-04
1.214307e-04
1.215095e-04
1.215994e-04
1.216205e-04
1.216470e-04
1.217034e-04
1.218147e-04
1.218454e-04
1.219230e-04
1.220335e-04
1.222015e-04
1.222779e-04
1.222888e-04
1.223754e-04
1.223980e-04
1.224646e-04
1.225704e-04
1.225942e-04
1.226451e-04
1.226878e-04
1.228380e-04
1.229344e-04
1.230029e-04
1.230303e-04
1.230845e-04
1.232327e-04
1.232869e-04
1.234076e-04
1.234793e-04
1.235044e-04
1.235561e-04
1.236278e-04
1.236697e-04
1.237510e-04
1.238305e-04
1.239125e-04
1.239407e-04
1.239827e-04
1.240627e-04
1.241734e-04
1.243137e-04
1.243525e-04
1.244277e-04
1.245036e-04
1.245304e-04
1.246319e-04
1.247122e-04
1.247781e-04
1.249505e-04
1.249876e-04
1.250582e-04
1.251287e-04
1.251606e-04
1.252204e-04
1.253012e-04
1.254334e-04
1.254859e-04
1.254938e-04
1.255875e-04
1.256180e-04
1.257015e-04
1.258936e-04
1.260290e-04
1.260822e-04
1.261388e-04
1.262381e-04
1.263136e-04
1.263710e-04
1.265155e-04
1.265678e-04
1.266168e-04
1.266590e-04
1.267283e-04
1.268641e-04
1.269838e-04
1.270865e-04
1.271129e-04
1.272309e-04
1.272917e-04
1.273387e-04
1.274276e-04
1.275445e-04
1.275668e-04
1.276584e-04
1.277406e-04
1.278103e-04
1.279842e-04
1.280137e-04
1.281123e-04
1.281674e-04
1.281927e-04
1.282524e-04
1.283955e-04
1.284473e-04
1.286215e-04
1.286405e-04
1.287038e-04
1.287305e-04
1.287900e-04
1.288579e-04
1.289205e-04
1.290743e-04
1.291665e-04
1.291913e-04
1.292546e-04
1.293604e-04
1.294735e-04
1.295086e-04
1.295546e-04
1.296835e-04
1.297442e-04
1.298183e-04
1.298976e-04
1.299452e-04
1.299848e-04
1.302202e-04
1.302532e-04
1.303622e-04
1.305404e-04
1.306046e-04
1.306673e-04
1.307447e-04
1.308129e-04
1.308783e-04
1.308898e-04
1.309764e-04
1.311037e-04
1.311863e-04
1.312075e-04
1.312378e-04
1.313617e-04
1.314770e-04
1.315094e-04
1.316124e-04
1.317321e-04
1.317925e-04
1.318623e-04
1.319380e-04
1.320628e-04
1.321525e-04
1.322910e-04
1.323042e-04
1.323828e-04
1.325322e-04
1.326860e-04
1.327866e-04
1.328413e-04
1.329599e-04
1.330222e-04
1.331487e-04
1.332725e-04
1.333551e-04
1.334348e-04
1.334544e-04
1.335302e-04
1.336446e-04
1.337201e-04
1.337703e-04
1.338297e-04
1.338662e-04
1.339228e-04
1.340510e-04
1.341055e-04
1.341689e-04
1.343311e-04
1.344309e-04
1.345822e-04
1.347033e-04
1.347836e-04
1.349253e-04
1.350038e-04
1.350167e-04
1.350301e-04
1.351418e-04
1.352597e-04
1.354753e-04
1.356674e-04
1.357569e-04
1.358589e-04
1.358904e-04
1.359867e-04
1.360863e-04
1.361453e-04
1.362153e-04
1.363082e-04
1.363931e-04
1.364138e-04
1.365672e-04
1.366998e-04
1.367708e-04
1.368442e-04
1.369503e-04
1.369916e-04
1.370685e-04
1.371052e-04
1.373256e-04
1.373464e-04
1.375220e-04
1.375457e-04
1.376071e-04
1.377336e-04
1.378543e-04
1.378962e-04
1.380557e-04
1.380907e-04
1.381909e-04
1.383261e-04
1.384435e-04
1.384824e-04
1.385074e-04
1.385618e-04
1.386391e-04
1.387995e-04
1.389715e-04
1.390484e-04
1.392492e-04
1.393759e-04
1.395100e-04
1.395299e-04
1.396272e-04
1.398975e-04
1.399990e-04
1.400299e-04
1.401346e-04
1.401840e-04
1.402742e-04
1.404280e-04
1.405502e-04
1.406189e-04
1.407195e-04
1.407763e-04
1.408711e-04
1.409387e-04
1.411350e-04
1.412110e-04
1.412927e-04
1.413720e-04
1.414510e-04
1.415723e-04
1.416475e-04
1.417016e-04
1.418005e-04
1.418530e-04
1.419573e-04
1.421103e-04
1.421383e-04
1.422670e-04
1.423733e-04
1.424801e-04
1.425397e-04
1.426085e-04
1.426825e-04
1.428665e-04
1.429130e-04
1.429697e-04
1.432218e-04
1.433200e-04
1.433667e-04
1.434786e-04
1.436048e-04
1.436228e-04
1.437055e-04
1.437945e-04
1.439067e-04
1.439535e-04
1.439857e-04
1.440904e-04
1.441962e-04
1.443750e-04
1.444133e-04
1.445556e-04
1.446470e-04
1.446972e-04
1.448069e-04
1.449263e-04
1.449560e-04
1.449986e-04
1.451951e-04
1.452687e-04
1.453637e-04
1.454035e-04
1.455657e-04
1.457131e-04
1.457715e-04
1.458311e-04
1.459071e-04
1.460000e-04
1.460482e-04
1.462721e-04
1.463430e-04
1.465129e-04
1.466573e-04
1.466808e-04
1.466926e-04
1.468378e-04
1.469564e-04
1.471329e-04
1.472477e-04
1.473303e-04
1.474011e-04
1.474929e-04
1.475114e-04
1.477070e-04
1.477234e-04
1.478138e-04
1.479870e-04
1.480238e-04
1.481129e-04
1.481832e-04
1.483189e-04
1.483415e-04
1.486434e-04
1.486732e-04
1.487413e-04
1.488217e-04
1.488778e-04
1.489641e-04
1.490176e-04
1.491813e-04
1.494404e-04
1.494899e-04
1.495686e-04
1.496350e-04
1.498193e-04
1.498789e-04
1.499310e-04
1.500170e-04
1.501899e-04
1.502506e-04
1.502915e-04
1.504234e-04
1.505483e-04
1.506030e-04
1.507865e-04
1.508207e-04
1.509369e-04
1.509913e-04
1.512033e-04
1.512653e-04
1.513002e-04
1.514519e-04
1.515258e-04
1.516515e-04
1.517671e-04
1.517710e-04
1.518647e-04
1.519230e-04
1.520291e-04
1.521463e-04
1.522601e-04
1.523611e-04
1.525255e-04
1.527699e-04
1.527816e-04
1.529173e-04
1.530287e-04
1.530816e-04
1.531624e-04
1.532688e-04
1.533326e-04
1.534281e-04
1.535963e-04
1.536566e-04
1.537318e-04
1.538686e-04
1.539038e-04
1.540587e-04
1.542483e-04
1.543381e-04
1.543900e-04
1.544606e-04
1.545423e-04
1.546753e-04
1.547624e-04
1.548236e-04
1.550114e-04
1.551496e-04
1.552244e-04
1.553911e-04
1.556806e-04
1.558763e-04
1.560128e-04
1.561755e-04
1.562100e-04
1.562806e-04
1.563672e-04
1.564371e-04
1.565192e-04
1.565802e-04
1.566655e-04
1.567261e-04
1.567627e-04
1.570638e-04
1.571400e-04
1.574492e-04
1.575569e-04
1.576443e-04
1.576742e-04
1.578062e-04
1.578888e-04
1.579578e-04
1.580216e-04
1.581077e-04
1.582896e-04
1.583122e-04
1.585613e-04
1.587872e-04
1.589415e-04
1.590372e-04
1.591202e-04
1.591557e-04
1.593275e-04
1.594388e-04
1.596142e-04
1.597056e-04
1.598958e-04
1.600431e-04
1.601074e-04
1.602300e-04
1.602420e-04
1.603115e-04
1.604260e-04
1.604493e-04
1.604906e-04
1.605940e-04
1.607435e-04
1.607814e-04
1.608519e-04
1.608869e-04
1.609892e-04
1.610597e-04
1.611193e-04
1.613317e-04
1.614017e-04
1.614728e-04
1.616895e-04
1.617070e-04
1.618977e-04
1.619966e-04
1.621519e-04
1.621695e-04
1.622513e-04
1.623873e-04
1.624527e-04
1.625375e-04
1.627064e-04
1.627956e-04
1.628517e-04
1.629443e-04
1.632042e-04
1.632847e-04
1.634254e-04
1.635792e-04
1.637103e-04
1.637828e-04
1.638836e-04
1.639705e-04
1.640811e-04
1.641774e-04
1.642796e-04
1.643952e-04
1.645910e-04
1.647432e-04
1.648390e-04
1.649254e-04
1.649700e-04
1.650306e-04
1.650935e-04
1.652725e-04
1.653687e-04
1.655016e-04
1.656069e-04
1.657144e-04
1.658098e-04
1.659238e-04
1.661538e-04
1.662556e-04
1.663392e-04
1.665134e-04
1.665417e-04
1.666532e-04
1.668196e-04
1.669150e-04
1.670084e-04
1.672831e-04
1.673300e-04
1.674780e-04
1.675982e-04
1.676810e-04
1.677308e-04
1.678224e-04
1.679234e-04
1.680018e-04
1.680792e-04
1.682074e-04
1.682670e-04
1.683920e-04
1.684860e-04
1.686797e-04
1.687858e-04
1.688185e-04
1.688732e-04
1.690767e-04
1.692940e-04
1.693774e-04
1.694093e-04
1.695048e-04
1.697018e-04
1.697866e-04
1.698933e-04
1.701298e-04
1.702460e-04
1.703245e-04
1.703729e-04
1.706415e-04
1.707721e-04
1.708627e-04
1.709452e-04
1.710816e-04
1.711900e-04
1.712779e-04
1.713736e-04
1.714232e-04
1.715353e-04
1.716290e-04
1.716709e-04
1.718221e-04
1.720085e-04
1.721298e-04
1.721821e-04
1.723030e-04
1.724360e-04
1.724770e-04
1.726046e-04
1.727506e-04
1.728545e-04
1.729372e-04
1.731325e-04
1.733824e-04
1.735014e-04
1.735932e-04
1.736384e-04
1.737567e-04
1.739734e-04
1.740085e-04
1.742842e-04
1.744925e-04
1.745587e-04
1.747519e-04
1.748875e-04
1.750345e-04
1.751534e-04
1.752415e-04
1.756043e-04
1.757725e-04
1.759086e-04
1.760059e-04
1.761400e-04
1.762066e-04
1.764094e-04
1.766430e-04
1.767406e-04
1.768505e-04
1.769202e-04
1.770510e-04
1.771502e-04
1.774249e-04
1.775509e-04
1.777299e-04
1.779151e-04
1.779790e-04
1.780307e-04
1.781147e-04
1.781852e-04
1.783360e-04
1.784102e-04
1.784626e-04
1.787225e-04
1.788076e-04
1.790060e-04
1.791412e-04
1.793114e-04
1.793907e-04
1.795288e-04
1.796072e-04
1.798202e-04
1.798596e-04
1.799506e-04
1.800605e-04
1.802252e-04
1.803421e-04
1.803824e-04
1.805475e-04
1.806098e-04
1.806825e-04
1.809177e-04
1.811760e-04
1.812289e-04
1.812493e-04
1.816152e-04
1.817272e-04
1.819099e-04
1.819754e-04
1.821250e-04
1.824306e-04
1.824989e-04
1.826473e-04
1.828449e-04
1.829225e-04
1.830399e-04
1.831160e-04
1.832146e-04
1.833861e-04
1.835180e-04
1.837459e-04
1.838881e-04
1.840134e-04
1.840547e-04
1.842312e-04
1.844295e-04
1.845552e-04
1.846562e-04
1.848374e-04
1.849042e-04
1.851841e-04
1.853917e-04
1.857032e-04
1.857879e-04
1.858365e-04
1.860711e-04
1.861098e-04
1.861454e-04
1.863236e-04
1.864044e-04
1.864455e-04
1.866483e-04
1.868086e-04
1.870845e-04
1.870859e-04
1.872052e-04
1.873254e-04
1.873448e-04
1.875266e-04
1.877602e-04
1.878156e-04
1.879586e-04
1.882348e-04
1.883696e-04
1.885957e-04
1.886434e-04
1.887527e-04
1.887972e-04
1.889216e-04
1.890573e-04
1.892921e-04
1.893652e-04
1.894335e-04
1.897415e-04
1.899283e-04
1.900909e-04
1.902127e-04
1.904814e-04
1.905381e-04
1.906075e-04
1.908060e-04
1.909806e-04
1.913358e-04
1.913848e-04
1.914589e-04
1.914800e-04
1.916354e-04
1.918303e-04
1.919397e-04
1.920987e-04
1.922740e-04
1.923148e-04
1.923755e-04
1.925443e-04
1.927232e-04
1.928746e-04
1.929881e-04
1.930800e-04
1.931346e-04
1.934193e-04
1.935947e-04
1.939328e-04
1.942085e-04
1.942256e-04
1.942987e-04
1.945562e-04
1.947016e-04
1.949063e-04
1.949861e-04
1.951322e-04
1.952783e-04
1.952950e-04
1.953855e-04
1.955572e-04
1.957524e-04
1.957633e-04
1.958441e-04
1.960718e-04
1.963692e-04
1.964780e-04
1.966709e-04
1.968483e-04
1.971498e-04
1.972722e-04
1.974291e-04
1.975342e-04
1.978490e-04
1.979980e-04
1.981070e-04
1.982138e-04
1.985436e-04
1.987871e-04
1.989200e-04
1.989370e-04
1.989943e-04
1.993675e-04
1.996091e-04
1.997649e-04
1.999726e-04
2.001565e-04
2.003464e-04
2.004918e-04
2.006148e-04
2.008329e-04
2.011828e-04
2.013705e-04
2.016459e-04
2.018629e-04
2.019310e-04
2.020478e-04
2.021866e-04
2.022685e-04
2.024087e-04
2.026216e-04
2.027698e-04
2.030070e-04
2.032464e-04
2.033572e-04
2.034078e-04
2.035999e-04
2.036294e-04
2.038934e-04
2.041384e-04
2.044398e-04
2.045458e-04
2.046546e-04
2.048255e-04
2.049485e-04
2.050647e-04
2.051242e-04
2.054349e-04
2.058225e-04
2.060727e-04
2.061507e-04
2.063823e-04
2.064865e-04
2.069144e-04
2.070782e-04
2.071743e-04
2.074806e-04
2.076216e-04
2.076995e-04
2.078610e-04
2.080194e-04
2.084326e-04
2.084883e-04
2.085501e-04
2.089068e-04
2.090442e-04
2.093035e-04
2.094898e-04
2.096680e-04
2.098591e-04
2.099282e-04
2.100080e-04
2.101730e-04
2.103931e-04
2.105017e-04
2.106666e-04
2.107534e-04
2.109092e-04
2.109323e-04
2.110976e-04
2.112528e-04
2.115357e-04
2.115887e-04
2.118367e-04
2.120455e-04
2.123055e-04
2.124868e-04
2.125541e-04
2.127477e-04
2.130530e-04
2.138603e-04
2.139514e-04
2.142412e-04
2.142832e-04
2.144979e-04
2.147655e-04
2.152007e-04
2.153729e-04
2.154649e-04
2.160328e-04
2.161019e-04
2.161947e-04
2.162740e-04
2.164519e-04
2.166011e-04
2.169289e-04
2.172635e-04
2.173680e-04
2.174612e-04
2.176347e-04
2.180069e-04
2.182347e-04
2.185279e-04
2.188424e-04
2.191168e-04
2.192719e-04
2.193352e-04
2.193796e-04
2.196480e-04
2.197536e-04
2.200055e-04
2.204424e-04
2.206847e-04
2.207328e-04
2.211833e-04
2.216156e-04
2.217493e-04
2.220882e-04
2.223635e-04
2.226068e-04
2.228129e-04
2.229708e-04
2.231878e-04
2.233029e-04
2.233270e-04
2.236065e-04
2.237636e-04
2.239400e-04
2.239474e-04
2.240798e-04
2.244254e-04
2.248871e-04
2.250850e-04
2.253165e-04
2.255026e-04
2.258192e-04
2.260183e-04
2.260608e-04
2.261800e-04
2.263192e-04
2.265169e-04
2.266163e-04
2.269411e-04
2.272724e-04
2.274360e-04
2.277676e-04
2.278618e-04
2.279875e-04
2.281123e-04
2.281901e-04
2.286102e-04
2.287210e-04
2.291236e-04
2.292814e-04
2.295238e-04
2.298455e-04
2.301207e-04
2.303922e-04
2.308549e-04
2.309231e-04
2.310124e-04
2.314192e-04
2.316421e-04
2.318431e-04
2.319874e-04
2.327170e-04
2.329178e-04
2.330894e-04
2.332999e-04
2.334096e-04
2.336812e-04
2.338942e-04
2.340362e-04
2.344189e-04
2.346636e-04
2.348471e-04
2.349424e-04
2.352296e-04
2.353957e-04
2.357169e-04
2.358778e-04
2.359835e-04
2.362246e-04
2.368480e-04
2.369307e-04
2.371491e-04
2.373477e-04
2.375809e-04
2.379374e-04
2.381848e-04
2.382723e-04
2.385451e-04
2.387557e-04
2.388506e-04
2.389644e-04
2.391220e-04
2.394886e-04
2.400541e-04
2.401709e-04
2.410462e-04
2.412055e-04
2.412352e-04
2.413758e-04
2.413918e-04
2.419595e-04
2.426675e-04
2.429744e-04
2.429896e-04
2.434555e-04
2.437018e-04
2.439030e-04
2.439419e-04
2.442655e-04
2.444228e-04
2.445384e-04
2.446997e-04
2.448253e-04
2.450122e-04
2.457174e-04
2.460275e-04
2.462525e-04
2.463374e-04
2.464698e-04
2.467447e-04
2.469268e-04
2.472189e-04
2.472702e-04
2.476848e-04
2.478964e-04
2.480563e-04
2.484107e-04
2.488061e-04
2.490058e-04
2.493785e-04
2.496649e-04
2.501969e-04
2.504620e-04
2.505936e-04
2.507808e-04
2.510793e-04
2.515154e-04
2.519056e-04
2.521181e-04
2.522907e-04
2.523449e-04
2.526324e-04
2.528978e-04
2.532084e-04
2.537595e-04
2.542155e-04
2.542678e-04
2.547027e-04
2.552037e-04
2.555447e-04
2.557636e-04
2.560294e-04
2.561004e-04
2.562300e-04
2.567846e-04
2.569893e-04
2.571126e-04
2.574065e-04
2.578810e-04
2.581774e-04
2.582685e-04
2.585455e-04
2.585941e-04
2.588324e-04
2.592053e-04
2.592342e-04
2.595777e-04
2.596772e-04
2.598404e-04
2.604498e-04
2.613302e-04
2.613414e-04
2.613702e-04
2.619211e-04
2.619425e-04
2.624623e-04
2.626496e-04
2.627800e-04
2.629328e-04
2.636562e-04
2.638336e-04
2.639716e-04
2.642355e-04
2.645746e-04
2.648187e-04
2.654988e-04
2.656762e-04
2.657442e-04
2.664592e-04
2.667843e-04
2.670349e-04
2.671812e-04
2.675094e-04
2.676701e-04
2.677857e-04
2.679944e-04
2.683204e-04
2.687272e-04
2.690712e-04
2.698744e-04
2.700438e-04
2.702768e-04
2.703477e-04
2.705657e-04
2.709083e-04
2.712879e-04
2.715862e-04
2.716179e-04
2.717401e-04
2.720370e-04
2.725144e-04
2.729244e-04
2.731751e-04
2.735635e-04
2.736286e-04
2.744070e-04
2.748067e-04
2.752484e-04
2.756641e-04
2.759705e-04
2.763921e-04
2.764373e-04
2.764595e-04
2.766890e-04
2.772042e-04
2.774505e-04
2.775692e-04
2.777392e-04
2.779579e-04
2.782715e-04
2.785970e-04
2.793087e-04
2.797014e-04
2.800683e-04
2.803398e-04
2.804206e-04
2.807483e-04
2.809046e-04
2.810202e-04
2.813728e-04
2.816050e-04
2.819443e-04
2.819966e-04
2.822931e-04
2.828152e-04
2.834308e-04
2.835081e-04
2.835444e-04
2.838879e-04
2.845554e-04
2.853837e-04
2.856201e-04
2.858891e-04
2.872477e-04
2.874731e-04
2.879228e-04
2.879458e-04
2.881440e-04
2.889215e-04
2.892397e-04
2.895590e-04
2.896942e-04
2.898265e-04
2.901976e-04
2.903490e-04
2.907531e-04
2.911922e-04
2.912995e-04
2.921055e-04
2.926463e-04
2.930069e-04
2.932527e-04
2.933058e-04
2.937072e-04
2.942975e-04
2.944189e-04
2.945810e-04
2.947726e-04
2.951280e-04
2.953982e-04
2.955860e-04
2.962859e-04
2.963890e-04
2.970584e-04
2.978793e-04
2.984827e-04
2.986593e-04
2.991620e-04
2.999290e-04
3.000228e-04
3.002362e-04
3.002428e-04
3.012014e-04
3.014072e-04
3.019134e-04
3.023963e-04
3.030251e-04
3.042070e-04
3.045221e-04
3.050882e-04
3.053879e-04
3.060432e-04
3.061326e-04
3.068671e-04
3.071114e-04
3.077532e-04
3.078539e-04
3.088051e-04
3.092623e-04
3.097382e-04
3.098092e-04
3.104020e-04
3.105875e-04
3.109018e-04
3.110229e-04
3.114160e-04
3.116331e-04
3.120461e-04
3.122560e-04
3.129970e-04
3.137641e-04
3.139738e-04
3.151128e-04
3.154523e-04
3.160898e-04
3.166929e-04
3.170856e-04
3.172793e-04
3.173345e-04
3.179539e-04
3.181752e-04
3.182622e-04
3.186860e-04
3.189556e-04
3.196858e-04
3.201717e-04
3.209115e-04
3.215995e-04
3.220145e-04
3.221919e-04
3.227804e-04
3.231074e-04
3.236008e-04
3.237789e-04
3.239430e-04
3.239938e-04
3.243208e-04
3.246517e-04
3.250328e-04
3.259820e-04
3.268634e-04
3.271867e-04
3.272795e-04
3.278655e-04
3.280872e-04
3.283002e-04
3.286906e-04
3.288343e-04
3.298991e-04
3.299049e-04
3.305277e-04
3.313183e-04
3.316961e-04
3.329421e-04
3.332385e-04
3.337688e-04
3.344582e-04
3.354724e-04
3.360846e-04
3.367653e-04
3.368738e-04
3.376431e-04
3.382809e-04
3.391930e-04
3.392464e-04
3.396545e-04
3.406248e-04
3.408350e-04
3.413211e-04
3.416670e-04
3.417743e-04
3.425324e-04
3.427114e-04
3.431963e-04
3.435019e-04
3.450692e-04
3.454241e-04
3.455470e-04
3.462273e-04
3.468432e-04
3.471039e-04
3.472641e-04
3.473574e-04
3.477619e-04
3.480268e-04
3.497635e-04
3.499796e-04
3.501434e-04
3.511248e-04
3.513286e-04
3.514672e-04
3.530715e-04
3.535066e-04
3.539364e-04
3.540786e-04
3.548220e-04
3.548886e-04
3.555435e-04
3.556206e-04
3.560170e-04
3.569715e-04
3.573234e-04
3.577923e-04
3.580710e-04
3.593743e-04
3.596479e-04
3.602778e-04
3.603027e-04
3.608497e-04
3.610335e-04
3.614458e-04
3.614919e-04
3.621393e-04
3.623296e-04
3.629471e-04
3.632591e-04
3.633073e-04
3.644009e-04
3.647029e-04
3.657516e-04
3.662041e-04
3.683450e-04
3.685453e-04
3.687981e-04
3.706496e-04
3.711617e-04
3.716893e-04
3.726652e-04
3.727012e-04
3.729881e-04
3.736764e-04
3.739638e-04
3.746420e-04
3.752710e-04
3.761534e-04
3.765482e-04
3.771484e-04
3.771718e-04
3.776911e-04
3.785650e-04
3.790654e-04
3.798320e-04
3.806504e-04
3.807266e-04
3.821755e-04
3.835751e-04
3.843923e-04
3.848446e-04
3.851839e-04
3.862734e-04
3.872077e-04
3.872268e-04
3.874225e-04
3.882867e-04
3.888232e-04
3.898171e-04
3.909683e-04
3.929935e-04
3.938123e-04
3.939092e-04
3.940775e-04
3.943798e-04
3.956456e-04
3.978918e-04
3.981316e-04
3.995059e-04
4.001799e-04
4.004356e-04
4.006069e-04
4.011179e-04
4.022217e-04
4.037467e-04
4.039344e-04
4.045893e-04
4.056650e-04
4.061936e-04
4.071219e-04
4.072052e-04
4.074375e-04
4.085520e-04
4.087454e-04
4.090489e-04
4.092146e-04
4.094951e-04
4.103622e-04
4.120704e-04
4.122003e-04
4.132460e-04
4.137042e-04
4.151731e-04
4.156795e-04
4.170116e-04
4.179239e-04
4.208641e-04
4.222268e-04
4.234437e-04
4.236868e-04
4.238975e-04
4.256605e-04
4.278740e-04
4.291128e-04
4.297665e-04
4.303870e-04
4.307803e-04
4.332295e-04
4.352923e-04
4.353807e-04
4.363803e-04
4.364379e-04
4.382997e-04
4.395560e-04
4.403814e-04
4.404008e-04
4.407571e-04
4.408969e-04
4.411994e-04
4.412585e-04
4.419873e-04
4.423230e-04
4.434675e-04
4.441417e-04
4.456312e-04
4.470110e-04
4.478948e-04
4.483009e-04
4.511975e-04
4.515249e-04
4.522511e-04
4.523775e-04
4.550753e-04
4.588565e-04
4.603802e-04
4.605923e-04
4.617209e-04
4.628563e-04
4.636599e-04
4.644130e-04
4.661984e-04
4.668938e-04
4.686770e-04
4.702581e-04
4.709183e-04
4.717304e-04
4.727862e-04
4.741684e-04
4.745847e-04
4.758940e-04
4.759189e-04
4.773586e-04
4.820080e-04
4.868620e-04
4.870343e-04
4.881591e-04
4.891879e-04
4.897665e-04
4.900419e-04
4.906157e-04
4.912720e-04
4.929232e-04
4.931732e-04
4.953809e-04
4.957318e-04
4.969337e-04
4.971227e-04
4.973648e-04
4.979480e-04
4.986584e-04
5.013905e-04
5.036929e-04
5.051413e-04
5.052928e-04
5.062547e-04
5.064384e-04
5.074893e-04
5.075011e-04
5.111266e-04
5.126406e-04
5.131642e-04
5.144721e-04
5.181050e-04
5.209834e-04
5.252238e-04
5.268724e-04
5.282612e-04
5.314479e-04
5.330314e-04
5.336660e-04
5.357217e-04
5.368248e-04
5.386740e-04
5.413825e-04
5.440228e-04
5.441477e-04
5.453453e-04
5.460379e-04
5.463102e-04
5.469250e-04
5.497622e-04
5.509003e-04
5.521594e-04
5.603557e-04
5.630406e-04
5.647920e-04
5.674751e-04
5.688300e-04
5.690502e-04
5.696602e-04
5.713785e-04
5.720283e-04
5.724825e-04
5.750426e-04
5.753643e-04
5.754408e-04
5.774782e-04
5.850569e-04
5.858721e-04
5.866857e-04
5.912371e-04
5.916377e-04
5.919831e-04
5.922330e-04
5.948401e-04
5.975533e-04
6.006686e-04
6.035378e-04
6.050416e-04
6.077908e-04
6.103996e-04
6.149924e-04
6.184074e-04
6.188073e-04
6.231175e-04
6.247064e-04
6.250803e-04
6.260611e-04
6.291991e-04
6.312306e-04
6.318382e-04
6.367267e-04
6.369916e-04
6.371489e-04
6.375361e-04
6.387330e-04
6.420948e-04
6.435760e-04
6.447673e-04
6.458738e-04
6.512542e-04
6.524782e-04
6.529322e-04
6.531573e-04
6.541310e-04
6.550250e-04
6.551680e-04
6.605038e-04
6.727677e-04
6.788069e-04
6.820517e-04
6.827408e-04
6.829337e-04
6.854378e-04
6.883209e-04
6.916970e-04
6.944349e-04
7.010929e-04
7.016874e-04
7.038736e-04
7.054154e-04
7.137208e-04
7.214546e-04
7.226131e-04
7.327211e-04
7.337396e-04
7.379405e-04
7.400405e-04
7.448355e-04
7.564147e-04
7.588561e-04
7.686525e-04
7.760713e-04
7.818144e-04
7.879328e-04
7.892360e-04
7.952546e-04
7.981937e-04
8.034551e-04
8.046811e-04
8.122997e-04
8.141743e-04
8.175809e-04
8.187480e-04
8.305483e-04
8.451787e-04
8.508754e-04
8.540018e-04
8.558483e-04
8.622852e-04
8.638351e-04
8.716777e-04
8.794809e-04
8.816305e-04
8.848125e-04
8.853205e-04
8.945972e-04
8.980961e-04
9.131702e-04
9.311496e-04
9.355550e-04
9.359364e-04
9.428167e-04
9.479481e-04
9.561781e-04
9.619430e-04
9.665468e-04
9.668780e-04
9.768482e-04
9.820473e-04
9.930165e-04
9.969952e-04
1.012594e-03
1.028464e-03
1.031273e-03
1.045118e-03
1.047354e-03
1.061141e-03
1.072794e-03
1.089138e-03
1.092315e-03
1.093388e-03
1.096648e-03
1.124584e-03
1.148727e-03
1.165391e-03
1.174136e-03
1.182456e-03
1.211554e-03
1.216199e-03
1.217799e-03
1.244245e-03
1.260092e-03
1.279924e-03
1.321978e-03
1.361482e-03
1.364895e-03
1.456321e-03
1.465078e-03
1.493548e-03
1.544860e-03
1.555191e-03
1.569670e-03
1.609850e-03
1.619501e-03
1.627854e-03
1.634869e-03
1.672917e-03
1.716768e-03
1.827097e-03
1.882990e-03
1.901674e-03
1.950725e-03
2.120102e-03
2.129961e-03
2.181226e-03
2.395761e-03
2.567507e-03
2.625030e-03
2.769650e-03
2.820491e-03
2.858055e-03
3.051047e-03
3.135492e-03
3.273768e-03
3.388337e-03
3.478914e-03
3.554498e-03
3.813060e-03
3.991723e-03
4.032291e-03
4.064056e-03
4.296243e-03
4.595737e-03
4.703546e-03
5.053691e-03
5.100642e-03
5.402875e-03
6.126091e-03
6.355349e-03
8.028200e-03
8.974613e-03
9.689856e-03
1.020431e-02
1.600632e-02
8.320590e-02
9.622717e-02
1.043602e-01
1.000000e+00
