# sorted relative singular values (kkt) field=gauss eps=0.25 N=16 n=8449
9.307635870664423671e-04
1.004300498746890430e-03
1.013550979960705246e-03
1.020433356011965845e-03
1.053718994614959983e-03
1.075184280425005561e-03
1.120225039482818791e-03
1.150124618918703162e-03
1.198877591856273078e-03
1.220817903399912729e-03
1.237891948012583660e-03
1.257284702276755418e-03
1.269152420489256649e-03
1.289790192142181149e-03
1.318132046177640775e-03
1.342193419076789102e-03
1.390476312237247858e-03
1.424388495803719868e-03
1.450780588618220610e-03
1.478328122551554949e-03
1.498234650903734972e-03
1.532393604749754997e-03
1.563098271366567850e-03
1.665952001053702539e-03
1.696347548989569258e-03
1.773958013299756220e-03
1.821748181391469323e-03
1.929726878427692012e-03
1.950646887864371758e-03
1.995835297161653848e-03
2.040613524929427765e-03
2.079424675587695451e-03
2.118753130824629904e-03
2.136476039308403321e-03
2.152756581369578807e-03
2.177879446120654927e-03
2.258001326435239448e-03
2.320621877254857007e-03
2.693850800111921833e-03
2.866570516183788130e-03
2.891427907320164546e-03
2.988494710956952558e-03
3.013391620132066170e-03
3.077749416752693402e-03
3.095135290948557941e-03
3.174880996178623682e-03
3.262804442509141534e-03
3.287649206481699487e-03
3.323912211908989535e-03
3.914821414501604667e-03
3.924345227879074208e-03
3.936550518140897841e-03
4.149644001458416796e-03
4.194437701403114921e-03
4.227742504269006371e-03
4.281567790774572571e-03
4.557376369854553369e-03
4.576893942247963094e-03
4.677632855694895293e-03
4.747671288962764490e-03
4.789306750512217596e-03
4.827081106388549439e-03
4.878341774769774826e-03
4.935016540300610211e-03
5.009441671614623184e-03
5.045184986359987911e-03
5.275904468563025716e-03
5.309655270659309999e-03
5.339405978865320590e-03
5.399812986137583412e-03
5.454190101196442972e-03
5.465672330919961117e-03
5.488087289878381715e-03
5.634186642416423238e-03
5.791197855503409965e-03
5.911787795828957366e-03
5.998429516960283175e-03
6.080512843100430338e-03
6.092827424832999821e-03
6.166629574655828859e-03
6.389739090691568153e-03
6.443776867503864768e-03
6.588299518020705042e-03
6.607270538036830523e-03
6.662055800455246417e-03
6.692728737127315135e-03
6.704289627776374716e-03
6.883667322045382113e-03
6.942674169398450369e-03
7.088474057002619629e-03
7.103510098914722279e-03
7.154740921348317663e-03
7.200961762795912886e-03
7.219881806325665133e-03
7.264680522616505549e-03
7.358519143692395653e-03
7.435135899752696662e-03
7.493694654852181558e-03
7.540785976303070876e-03
7.678535153681256310e-03
7.752225082981258758e-03
7.811563162222134697e-03
7.835420748569776536e-03
7.867895159607139755e-03
7.912777655162538115e-03
7.950078041983957289e-03
7.960764499735983879e-03
8.111585651558429755e-03
8.144385142205537789e-03
8.246861780180697252e-03
8.279771553478532109e-03
8.320449724978041736e-03
8.351098456202158890e-03
8.428829634042494384e-03
8.488327236537258902e-03
8.535849375846215129e-03
8.597791186355669205e-03
8.646902206879776911e-03
8.715078413948067898e-03
8.843685322791490153e-03
8.886683220503233116e-03
8.910997584089957319e-03
8.984099577624558158e-03
9.099194690391537027e-03
9.161569479422097123e-03
9.184406953045339689e-03
9.248631225738705719e-03
9.307840115452877677e-03
9.360403694805780397e-03
9.393434569289841815e-03
9.426710187126444151e-03
9.500189996853274435e-03
9.529394674706538962e-03
9.593855963337871370e-03
9.680716456820450191e-03
9.765343627438454605e-03
9.785625288087667489e-03
9.861865852574079952e-03
9.906666627862253244e-03
9.968801550148740157e-03
1.003787044249492867e-02
1.006268588154172507e-02
1.013892232856642914e-02
1.017051427300178119e-02
1.028916943887239754e-02
1.031893149028739395e-02
1.035522422788140093e-02
1.038386329643061629e-02
1.051143506777425622e-02
1.052986725799070697e-02
1.058367191095564534e-02
1.065852837719027946e-02
1.074236869135153025e-02
1.075965859677532541e-02
1.078596525961155426e-02
1.083100016796086085e-02
1.086670421111164513e-02
1.091858755529762082e-02
1.094419685426351214e-02
1.103875565245227529e-02
1.114269654995908923e-02
1.115671848054855184e-02
1.127154643611119611e-02
1.129352227363836225e-02
1.132196800362881249e-02
1.139185490454359267e-02
1.142096739915022738e-02
1.143198546921332312e-02
1.156774104883875193e-02
1.160051338734188926e-02
1.169886610390249472e-02
1.173848078602451363e-02
1.180513816705593480e-02
1.181963190750754192e-02
1.189733040840599762e-02
1.195037133550323587e-02
1.198865077930654638e-02
1.203943480571417930e-02
1.228419260383120139e-02
1.233845339487372149e-02
1.235595015021394294e-02
1.241190349044493137e-02
1.242284558527086136e-02
1.250858399086547668e-02
1.255364281960411055e-02
1.267002307813659689e-02
1.273480968660835322e-02
1.277909385316640042e-02
1.282617695486039898e-02
1.288907414461145685e-02
1.293580615816152316e-02
1.297058594783660930e-02
1.303597221829667571e-02
1.306750897970152848e-02
1.312829073817683816e-02
1.314256982277563213e-02
1.322632334027258431e-02
1.327539853708426497e-02
1.328778847163940464e-02
1.335693426127316889e-02
1.345448623557393177e-02
1.348874222889878856e-02
1.352836890888815119e-02
1.399516280589669856e-02
1.404020450220127940e-02
1.408099218509050593e-02
1.411467538893420443e-02
1.419329802140739151e-02
1.424170906776584151e-02
1.432746139791567924e-02
1.442887351669410595e-02
1.443978198373637584e-02
1.457996618162805090e-02
1.489238334697658671e-02
1.490966140899376707e-02
1.527166936334731911e-02
1.528061389409426062e-02
1.541121611837487256e-02
1.581993104762851113e-02
1.582548908938734636e-02
1.587898952176957160e-02
1.597029843205747396e-02
1.604064536755586690e-02
1.610410747962168904e-02
1.613007338421199380e-02
1.621070801398641001e-02
1.626299043656032756e-02
1.636490505361734571e-02
1.642286196627969902e-02
1.644989729031812870e-02
1.650901226061686142e-02
1.677635029472207551e-02
1.689032366962495840e-02
1.696404338742763668e-02
1.705566355477970697e-02
1.713048782403798001e-02
1.721525720848033486e-02
1.727692928565691122e-02
1.737487982883251236e-02
1.760383512117939114e-02
1.765074430461396893e-02
1.773186898043018281e-02
1.778881128854828408e-02
1.782268353250617346e-02
1.795936310419572052e-02
1.804174001995470511e-02
1.808933600093832680e-02
1.816775032924650493e-02
1.825128969469378554e-02
1.833652903814681975e-02
1.836201950564263219e-02
1.842950890202839712e-02
1.850499736366914907e-02
1.854180873631349966e-02
1.857696882681291947e-02
1.861942633958030974e-02
1.866282657983523927e-02
1.886626077896242162e-02
1.895661036720732925e-02
1.903888164983415926e-02
1.916998386515281899e-02
1.925939981903433684e-02
1.931204891546490360e-02
1.939602706836688478e-02
1.942558594828289187e-02
1.952779857697379412e-02
1.959287036217471911e-02
1.965625598760207746e-02
1.969954409276267540e-02
1.975215608961852776e-02
1.989553363087554969e-02
1.993349389074303840e-02
2.002092139392935843e-02
2.006549577447171509e-02
2.016037310736937954e-02
2.020988635591059249e-02
2.032261344198032019e-02
2.034413824419662592e-02
2.043166845547617419e-02
2.054629059370768895e-02
2.061184107887686565e-02
2.066537278694259919e-02
2.076183146138150734e-02
2.080959880377565921e-02
2.088974511474585641e-02
2.090163877496146669e-02
2.094863233372575365e-02
2.096079032045419094e-02
2.101137210237525796e-02
2.104817650937240714e-02
2.111240865710952222e-02
2.124431717296807604e-02
2.130322562586808161e-02
2.132078853317673217e-02
2.139036731556138993e-02
2.150003723069413009e-02
2.153047198737974288e-02
2.162427257722061846e-02
2.167107604964414042e-02
2.172482033598682055e-02
2.180601945431266675e-02
2.181927782596184209e-02
2.186869246546178924e-02
2.200220259289820124e-02
2.204207454548808356e-02
2.212729513400957942e-02
2.222715857772161741e-02
2.227763401177275393e-02
2.231995900209696876e-02
2.243115637257188724e-02
2.260090421342763820e-02
2.266883527175119969e-02
2.269519350464139704e-02
2.288606739062730086e-02
2.291195980765261403e-02
2.293661829431714941e-02
2.302285884395754642e-02
2.314503162542474318e-02
2.315476907392915312e-02
2.322896454684106674e-02
2.331041524565760983e-02
2.337218071036729558e-02
2.342754447082471062e-02
2.345922492532439771e-02
2.354720688880310164e-02
2.365418125407318592e-02
2.368139637795357161e-02
2.376885487798321983e-02
2.381802401892256851e-02
2.387042863410394553e-02
2.393600510689267852e-02
2.397555982497984531e-02
2.402867187845522320e-02
2.407960484790793929e-02
2.411189889827550573e-02
2.416617974589253121e-02
2.422407562142589801e-02
2.429504319311601504e-02
2.434385813737146090e-02
2.440081248650046580e-02
2.452738127322102307e-02
2.454863892680532456e-02
2.458355056688221046e-02
2.459714499289583634e-02
2.466721414313929883e-02
2.470112153377128708e-02
2.477363346195018967e-02
2.482276589647794060e-02
2.493716356326240724e-02
2.498721184051850078e-02
2.510335347237340267e-02
2.523633613846457471e-02
2.528867332780844815e-02
2.535552245612184008e-02
2.541608747569365501e-02
2.545343912758646007e-02
2.553790106197217219e-02
2.560171720924484320e-02
2.565539405814044535e-02
2.573476669647416226e-02
2.576076707799897225e-02
2.589803657957329835e-02
2.596769835935258328e-02
2.600175276880273625e-02
2.603583201327926491e-02
2.612369885703614766e-02
2.618747920345805211e-02
2.625636301804372408e-02
2.632397759401585574e-02
2.644259262230733848e-02
2.645231706393820145e-02
2.656038079623690776e-02
2.658707040181571349e-02
2.667825766159106007e-02
2.676334774253919316e-02
2.679148857669051351e-02
2.690061187313624522e-02
2.700649590275085166e-02
2.701921351292632667e-02
2.710666366980370515e-02
2.713952501948052251e-02
2.724892662565293194e-02
2.732688309360302090e-02
2.733564539919744810e-02
2.743363677921319826e-02
2.744534506166893678e-02
2.749227695245106892e-02
2.761902288443792222e-02
2.764882969405844937e-02
2.770367622472119304e-02
2.776603229571777270e-02
2.784544219502461601e-02
2.791363643758069946e-02
2.798377300823957567e-02
2.817307515189527642e-02
2.821392549270162337e-02
2.836172912967920359e-02
2.841935761604127628e-02
2.845597690533710825e-02
2.854315411877940065e-02
2.857697911294462476e-02
2.868025108239940363e-02
2.874670137584083365e-02
2.878918028345221758e-02
2.879937798032860055e-02
2.885825421156994197e-02
2.893323542104154003e-02
2.895354432748508539e-02
2.900515960029000084e-02
2.906267197813157052e-02
2.916227218574314259e-02
2.924808499558664149e-02
2.934972341172235183e-02
2.938612560623751063e-02
2.942706189259415919e-02
2.949543506133424711e-02
2.951156326953490588e-02
2.961492008713960053e-02
2.969900784471347574e-02
2.974540097495639857e-02
2.983880315867757857e-02
2.989174307921490387e-02
2.997471986427269197e-02
3.000696931197843753e-02
3.010078502062974934e-02
3.014413160133584332e-02
3.030973786542182427e-02
3.036225005931505322e-02
3.046001867847943079e-02
3.054728733379036970e-02
3.061770471797753759e-02
3.071476723400575620e-02
3.078697860458552357e-02
3.088826783320220912e-02
3.091985059960566593e-02
3.099033595908773711e-02
3.104167212071676923e-02
3.110354788781536164e-02
3.110714789883974735e-02
3.117229874474568979e-02
3.126612838750156970e-02
3.135127789281733079e-02
3.139235968617320321e-02
3.148673701669049002e-02
3.151446597663131594e-02
3.160897494059891621e-02
3.168040068960280287e-02
3.173673714315448924e-02
3.178007253118154268e-02
3.181332271030066355e-02
3.188360624770805729e-02
3.205344154415128155e-02
3.210813220765002668e-02
3.217354736456273095e-02
3.221348623272875245e-02
3.233177750042887100e-02
3.234982752896009561e-02
3.235795391550616573e-02
3.251117623996675754e-02
3.261434714296745224e-02
3.268791897806370972e-02
3.270950146440541884e-02
3.277401030402017634e-02
3.290635027972377280e-02
3.294358857196588025e-02
3.300361774167594880e-02
3.305388007267695549e-02
3.314512218229081347e-02
3.322387846749259854e-02
3.325856308724338406e-02
3.332968384781815480e-02
3.338846798599343080e-02
3.343733978392994521e-02
3.349449811965475587e-02
3.357069993740136038e-02
3.360562490372441535e-02
3.372864021713858212e-02
3.375531469486787312e-02
3.383227948432737664e-02
3.387872418117408163e-02
3.395523213174558852e-02
3.409659505912019523e-02
3.412127477061454445e-02
3.423429041079253249e-02
3.433771633924462968e-02
3.445943218363229504e-02
3.453182190506724758e-02
3.467602330896699808e-02
3.469830851137786776e-02
3.477251694449352143e-02
3.488352328276447117e-02
3.493503679063719725e-02
3.498030946827797999e-02
3.510971112437274305e-02
3.517403854218646014e-02
3.517715267059916967e-02
3.532817577154908489e-02
3.545968658038450155e-02
3.553301619626794694e-02
3.563881791813377359e-02
3.566978542385723649e-02
3.567936351815377549e-02
3.573120727968385341e-02
3.583017387957568994e-02
3.587099355052950078e-02
3.591064832544248187e-02
3.598137863253133423e-02
3.603967651414909795e-02
3.617686870444774411e-02
3.624237239527553639e-02
3.632205668538543430e-02
3.638125973602913260e-02
3.658106054143076685e-02
3.662423916079536601e-02
3.667430128793015137e-02
3.679230145466181462e-02
3.681830365149548617e-02
3.692487171617876707e-02
3.703962290227381243e-02
3.706388632972919261e-02
3.714371088410164945e-02
3.719098599213220557e-02
3.727599408861567709e-02
3.729887777362077966e-02
3.733582402707257691e-02
3.736658467533674616e-02
3.742094052192917325e-02
3.752698486706768782e-02
3.769755991826155561e-02
3.782669679687711978e-02
3.784680483066573536e-02
3.789638492446990164e-02
3.792156809222373831e-02
3.801440306622821952e-02
3.812992008151343259e-02
3.818609216229026937e-02
3.821170073432973713e-02
3.829215844495117982e-02
3.836815696813444115e-02
3.840263067187391771e-02
3.848555373292204124e-02
3.851508083113706904e-02
3.856562912665841697e-02
3.860288263316660057e-02
3.864877862936431929e-02
3.885435478366044276e-02
3.888301430003094500e-02
3.890483828269265115e-02
3.894197449548160439e-02
3.905134638510237427e-02
3.910066895296177014e-02
3.916278480088992986e-02
3.932387207698487958e-02
3.936657571529381117e-02
3.946079790556200617e-02
3.954665601689524163e-02
3.960465083728949981e-02
3.967071250440189906e-02
3.978035780814116740e-02
3.980722402951940297e-02
3.985611161082153187e-02
3.989703900882853038e-02
3.998456077689840210e-02
4.005368609109569156e-02
4.007746617725033850e-02
4.016995397219269570e-02
4.027812809086563084e-02
4.030181874997951913e-02
4.039648294344275192e-02
4.043945094377381783e-02
4.047071459907096436e-02
4.052355658825837481e-02
4.057747988001766254e-02
4.060074480534683200e-02
4.079329487352659211e-02
4.082784306314761469e-02
4.093032722122886408e-02
4.102140888753900289e-02
4.104873638930000429e-02
4.111652078512141595e-02
4.116913026418063393e-02
4.129070561782807042e-02
4.133170666575163715e-02
4.149693249413397705e-02
4.151922383578379033e-02
4.152706243974915029e-02
4.163771444010532646e-02
4.164989712942685635e-02
4.169965277450890517e-02
4.178189051949561528e-02
4.186959946783815056e-02
4.193050296857198794e-02
4.197368911373373923e-02
4.207397982656176788e-02
4.211266849625604214e-02
4.215848584756286960e-02
4.219882710920126040e-02
4.225519728037001321e-02
4.228410259857650483e-02
4.229428343781588967e-02
4.238969002185589974e-02
4.243509451788091136e-02
4.246128044168891169e-02
4.250810142710421263e-02
4.260637803220962416e-02
4.265649042430384036e-02
4.271297055385005204e-02
4.274150750759468653e-02
4.278043343342204097e-02
4.284698099339800947e-02
4.291448704272710774e-02
4.294269943666478156e-02
4.297730444708946357e-02
4.306558234588667849e-02
4.318521564098005278e-02
4.320455232520580696e-02
4.325744044659732973e-02
4.339650033122745276e-02
4.345061603516860160e-02
4.347916414584711287e-02
4.351730148485641325e-02
4.364136110075113317e-02
4.368220095783965223e-02
4.371135814086633820e-02
4.374738281331287670e-02
4.385629572752872130e-02
4.390329645420015803e-02
4.392262484082451457e-02
4.401727221025084763e-02
4.413535075147650283e-02
4.418141571838189036e-02
4.423735772394563059e-02
4.429449955259050914e-02
4.438126790333578320e-02
4.442738090202095341e-02
4.449184520394496717e-02
4.457268828600690486e-02
4.464851283783854291e-02
4.465425892574877847e-02
4.469641182559008774e-02
4.479615732484439061e-02
4.484240289370725052e-02
4.488754117365298391e-02
4.492134292748441865e-02
4.504138720964342285e-02
4.513944373664809107e-02
4.517245817131605029e-02
4.521764746864746082e-02
4.530518089130204651e-02
4.537476194852656242e-02
4.547837901684365081e-02
4.553743070482312721e-02
4.561404544123308369e-02
4.562611363849018720e-02
4.570247872262220290e-02
4.578449017905403262e-02
4.588513210214377469e-02
4.596366765071371180e-02
4.599310601419327738e-02
4.601551976499589774e-02
4.611053309862691435e-02
4.621412075817282056e-02
4.624877657382164831e-02
4.627543134586750706e-02
4.640639449481220175e-02
4.649223027156867971e-02
4.654551227130620389e-02
4.656130415308911558e-02
4.661277053698936051e-02
4.665629535207564682e-02
4.668520290930047723e-02
4.683164583864968256e-02
4.687982724362386305e-02
4.697232936282496468e-02
4.703029210305265800e-02
4.706897780885731936e-02
4.724028806921347357e-02
4.729959968618429461e-02
4.733913827688786963e-02
4.747734423647165941e-02
4.757732350119140557e-02
4.763918304978890378e-02
4.764332749185653387e-02
4.768166597972209320e-02
4.777413098444270589e-02
4.783782332303856966e-02
4.788484447236553143e-02
4.795631172764382860e-02
4.799466125566359542e-02
4.807817775223514889e-02
4.819247755439583919e-02
4.826022489425770695e-02
4.831579486018729858e-02
4.842874855528308403e-02
4.846110919752353446e-02
4.853314643591467858e-02
4.860314733762159667e-02
4.866789982072389220e-02
4.871437721619640421e-02
4.877123027534322613e-02
4.878040531649826400e-02
4.883461288923782867e-02
4.893093391225178390e-02
4.905938902811293051e-02
4.910049826188990496e-02
4.912391050915911050e-02
4.919501316287321763e-02
4.931394966395132029e-02
4.934585185570087434e-02
4.943492615794237155e-02
4.948193100583291731e-02
4.953773299571275629e-02
4.962134480522976260e-02
4.976400492427763417e-02
4.983950678532395040e-02
4.987595538043692461e-02
4.990546388654473753e-02
5.005476489047367555e-02
5.016179156422417157e-02
5.020749059146156767e-02
5.033785857160388150e-02
5.038974478597878920e-02
5.057937748881726620e-02
5.058512290975827191e-02
5.061500568776262921e-02
5.073845005850027845e-02
5.077649987682555932e-02
5.085662626908470096e-02
5.091307390224356078e-02
5.094877720701455198e-02
5.100974314266139981e-02
5.107187218337747026e-02
5.119063381237400762e-02
5.122780091160269306e-02
5.132614763032881250e-02
5.140344655642691690e-02
5.147711281506525682e-02
5.152186246923272372e-02
5.166492071345984982e-02
5.168988997348331060e-02
5.178183128350821729e-02
5.182231025991335810e-02
5.187088529188441793e-02
5.190095454286354493e-02
5.198329436498604766e-02
5.203257730398720693e-02
5.216890991424658064e-02
5.226816412081219942e-02
5.229067247287514514e-02
5.234571370842126120e-02
5.235963849806554021e-02
5.241400519154612581e-02
5.254257417055194918e-02
5.257713285904324491e-02
5.259565984393626409e-02
5.262726535342703016e-02
5.270916735917667573e-02
5.278104613836605979e-02
5.287322827520109930e-02
5.293467611890939617e-02
5.311256299584220242e-02
5.311863079555304012e-02
5.317641999051509610e-02
5.327927741563909247e-02
5.329245504916118453e-02
5.335778433989383368e-02
5.340888553910602687e-02
5.352971202609374535e-02
5.368882502540970464e-02
5.370533483836945066e-02
5.378386757369156557e-02
5.392983369210251759e-02
5.398117979711852116e-02
5.404257474021406660e-02
5.410822061909136699e-02
5.418762040541764274e-02
5.426964466323619396e-02
5.431824735696287598e-02
5.437837199630021767e-02
5.448693643450176760e-02
5.453841759178341270e-02
5.461261409818245899e-02
5.474774488326156208e-02
5.479304565794092946e-02
5.482531368979279285e-02
5.486192998925629172e-02
5.492464895631041927e-02
5.499267000701390379e-02
5.508435791982688179e-02
5.512148816843128601e-02
5.519816172698870094e-02
5.522947201448832194e-02
5.533544666534451900e-02
5.542870888934763735e-02
5.545656469435523289e-02
5.551750353021382006e-02
5.556736938781215579e-02
5.560642674729523310e-02
5.563804707070270361e-02
5.569048913383375932e-02
5.571215026124003850e-02
5.579480405653167857e-02
5.592983658555335247e-02
5.598617802596986270e-02
5.607702495336701343e-02
5.610497332167346807e-02
5.618247257617365459e-02
5.621385876615001692e-02
5.629210764688378360e-02
5.632339463911437138e-02
5.640465368372638705e-02
5.645744395797062248e-02
5.649723996303803591e-02
5.655244742786970369e-02
5.664210990005901641e-02
5.670571980466861117e-02
5.677103979448381438e-02
5.686823611627296604e-02
5.689993470168212830e-02
5.696735924819054664e-02
5.700624950727228857e-02
5.709372425472975660e-02
5.711962530926634890e-02
5.715616007603276788e-02
5.719762794054236016e-02
5.727104832503870924e-02
5.730555287515074619e-02
5.732759825877212917e-02
5.741140676258178061e-02
5.742512743104818962e-02
5.756776548546516103e-02
5.761748334307203318e-02
5.768417640873456376e-02
5.770726653661186617e-02
5.771139928112584139e-02
5.782997989346343182e-02
5.786547767611899262e-02
5.791308369267815503e-02
5.796566827541834582e-02
5.804096057173625117e-02
5.805126739795062052e-02
5.810568992187051252e-02
5.816808191704509606e-02
5.824526059135324424e-02
5.828212462096315355e-02
5.830994407291115872e-02
5.831326626922741369e-02
5.837566854478910827e-02
5.844962365221822997e-02
5.848134613537250837e-02
5.862779543541989796e-02
5.866295226164160159e-02
5.869063216450820519e-02
5.877399518613014157e-02
5.882769519358291982e-02
5.886450613365379336e-02
5.889942793584211633e-02
5.896188096952392071e-02
5.901893743921506064e-02
5.918126830787881487e-02
5.920320619077758251e-02
5.927476531982915631e-02
5.932059115337272315e-02
5.938914374170658345e-02
5.942331737450805285e-02
5.952267631401424175e-02
5.956847925390516135e-02
5.960037272909347872e-02
5.965664132684953685e-02
5.972986161696744456e-02
5.981752727674603809e-02
5.989217847988236032e-02
5.992807500538385734e-02
5.998820513442853358e-02
6.004915809385776709e-02
6.012753548158206174e-02
6.016109235655757448e-02
6.021958736264468315e-02
6.029000575375149940e-02
6.035644033029514272e-02
6.037451553762378936e-02
6.039785539646569390e-02
6.048193542347851670e-02
6.058418887305455636e-02
6.069274157555609034e-02
6.070940207480032824e-02
6.077983956399932164e-02
6.082545109196141331e-02
6.085722743790743239e-02
6.095600934007063681e-02
6.095694747598385393e-02
6.104114349428414049e-02
6.105433757077770307e-02
6.115787187432514954e-02
6.118854151553630022e-02
6.121658204120757757e-02
6.124512874225229025e-02
6.137766672353810876e-02
6.139662530206329433e-02
6.145036966196764511e-02
6.151491633850283275e-02
6.159520828633551631e-02
6.163937156816481217e-02
6.175965493984398452e-02
6.180027913163101128e-02
6.184846938758777057e-02
6.191275101292344901e-02
6.197803084271067547e-02
6.205410882597912903e-02
6.211069269810591542e-02
6.218840443227502401e-02
6.229275084303299848e-02
6.233610360640863546e-02
6.234935367539522905e-02
6.245540289329876843e-02
6.255213422979860605e-02
6.259239325590312819e-02
6.260351263932262267e-02
6.262630019669737647e-02
6.273299143558400126e-02
6.275228281285981369e-02
6.284487939659638700e-02
6.292919190101595173e-02
6.301267274154731535e-02
6.306815726143016887e-02
6.313709043700382884e-02
6.314143049879643310e-02
6.325009773279524627e-02
6.328212243639565193e-02
6.331553192921131334e-02
6.338878037986946101e-02
6.351248347036531072e-02
6.353657955833555415e-02
6.357843329366917595e-02
6.359703540806387057e-02
6.365182135313468548e-02
6.372708027708123835e-02
6.380714162653541854e-02
6.381888444626326873e-02
6.384934581737213011e-02
6.388219430096137019e-02
6.394336344701034847e-02
6.403375205573806628e-02
6.409913508561598805e-02
6.412344035800171538e-02
6.420536254395070586e-02
6.420919332246212419e-02
6.424936679694286112e-02
6.428553583836141283e-02
6.438178216890093342e-02
6.451515831774508325e-02
6.453552816547333815e-02
6.458850544154481899e-02
6.466449398003623616e-02
6.472684883846356596e-02
6.475614540444984968e-02
6.483438003993369225e-02
6.486861590300838087e-02
6.496371577000362163e-02
6.502212199848733665e-02
6.508553170698305745e-02
6.515723673913734193e-02
6.521519945323349388e-02
6.527359613969706265e-02
6.534716861550460276e-02
6.540316199832293953e-02
6.549018366906192434e-02
6.555749725026410735e-02
6.560910547283471672e-02
6.566933942929339962e-02
6.573700941247520579e-02
6.584538618577980007e-02
6.586536238026090284e-02
6.601871864150458957e-02
6.605563903860328656e-02
6.613840348870404784e-02
6.615474244774667556e-02
6.616820678987665738e-02
6.620751716321175706e-02
6.636822599415420632e-02
6.638994579621959602e-02
6.642711811783277853e-02
6.646536785172794948e-02
6.655956908641859349e-02
6.669649947825027902e-02
6.672180364293207877e-02
6.676451332488764212e-02
6.677800577607341526e-02
6.681872220549077424e-02
6.688678393222025065e-02
6.705285528826712693e-02
6.710516694043271169e-02
6.714499737944147617e-02
6.724102319182846677e-02
6.728770050044133311e-02
6.737318709907692826e-02
6.742167822534184118e-02
6.749144174671140028e-02
6.751163306973805012e-02
6.753245379888173083e-02
6.753650941898010907e-02
6.754218278493488714e-02
6.764765888098245306e-02
6.774292337397379293e-02
6.775731280632510400e-02
6.787458849674567196e-02
6.793197100937455046e-02
6.796418928171801821e-02
6.801691500445510019e-02
6.808696370646794005e-02
6.809674215457076074e-02
6.814852795546358366e-02
6.815355484562896082e-02
6.828351680850132388e-02
6.829291289934286135e-02
6.833407927886701871e-02
6.843372852220579172e-02
6.857176612748631939e-02
6.860399677222304982e-02
6.862753822860892527e-02
6.871057636891329812e-02
6.877630162737674580e-02
6.882661650243045159e-02
6.888384139936729045e-02
6.895003802411903138e-02
6.899857144170658263e-02
6.904640050874701063e-02
6.908998254003041739e-02
6.919343717624519552e-02
6.922114641835208637e-02
6.930360836163600158e-02
6.935840013925279046e-02
6.942162054738855448e-02
6.944972493318064821e-02
6.959720504105658401e-02
6.965894039806272420e-02
6.976662293505025980e-02
6.985262931285443622e-02
6.990112191591416058e-02
6.993559144084467161e-02
7.000059226508599519e-02
7.005568270211950943e-02
7.009710492452596309e-02
7.015653327103159309e-02
7.025252505652743173e-02
7.032422116913933374e-02
7.038006868389731774e-02
7.044378085107003140e-02
7.047396458101500005e-02
7.057802252603456727e-02
7.059881317091534769e-02
7.071406925867870785e-02
7.078793703007076055e-02
7.082091852772032237e-02
7.083920039230905130e-02
7.092555654216547989e-02
7.096903703651231965e-02
7.097255078366636327e-02
7.110407440539988355e-02
7.118879683196674413e-02
7.119603193392795570e-02
7.123549019956545991e-02
7.128959271360867100e-02
7.129361734660094596e-02
7.137585264928612838e-02
7.138460326415842216e-02
7.147257624182461189e-02
7.157052879607500584e-02
7.163080826154755165e-02
7.171284567094662887e-02
7.174153944824541995e-02
7.177551881058148731e-02
7.184635736443871490e-02
7.186754877744690184e-02
7.194981120065734037e-02
7.201182599640205961e-02
7.212033505356975349e-02
7.217471217861820554e-02
7.220789603479786656e-02
7.227710651310702283e-02
7.231365586148535973e-02
7.236607788613946823e-02
7.243980549479096809e-02
7.249356552751282101e-02
7.259181495620542490e-02
7.260029686501810742e-02
7.272632988935501253e-02
7.280439746592053119e-02
7.284457195256295592e-02
7.288757646111430899e-02
7.293182267955383713e-02
7.295547546555035401e-02
7.296846191853875729e-02
7.306639832534993217e-02
7.312125260942892169e-02
7.318519203055499911e-02
7.319631690875348651e-02
7.344381051810136563e-02
7.349274024807291028e-02
7.353477374763875418e-02
7.358468699157350024e-02
7.365495031362480349e-02
7.371617682816382355e-02
7.373821065667267305e-02
7.380189930915383167e-02
7.382462352132995731e-02
7.387502445359242498e-02
7.394219287848753652e-02
7.401285663479260923e-02
7.410448525842287804e-02
7.412872974287611216e-02
7.416643901819215678e-02
7.426196420561556599e-02
7.429677605852702538e-02
7.433032260484431775e-02
7.443311045061533349e-02
7.452613735961434449e-02
7.458816635370602022e-02
7.469278698764959812e-02
7.474676563707649546e-02
7.475645714995912683e-02
7.482198239073821477e-02
7.491214719957475787e-02
7.493043588180646475e-02
7.500978169494074144e-02
7.503005255569401843e-02
7.511058004270604327e-02
7.520359377457817851e-02
7.527137614277393252e-02
7.533647886712357966e-02
7.541940305182978643e-02
7.546945201786346702e-02
7.549234271987320666e-02
7.559020719270038990e-02
7.563436639570532416e-02
7.569809805525742896e-02
7.574782314729550103e-02
7.579112340604857168e-02
7.588604854208448602e-02
7.593475724956817718e-02
7.595564463824264201e-02
7.597208457895146538e-02
7.601751035663281697e-02
7.610711841696678193e-02
7.627068392404139086e-02
7.631305587001149804e-02
7.633899148538553225e-02
7.638743424456563569e-02
7.640954830445328971e-02
7.652534312000759675e-02
7.656792799941375405e-02
7.663006273218349318e-02
7.666754417401615285e-02
7.671416873342362663e-02
7.679885476594625060e-02
7.684010563819407280e-02
7.695888950898448211e-02
7.699323413423825313e-02
7.704895249676924074e-02
7.709568802339504534e-02
7.715624502482611169e-02
7.723085661596523765e-02
7.731121888552966448e-02
7.732489886767852927e-02
7.737250789112469496e-02
7.747341257522646907e-02
7.755773768432951132e-02
7.762296519657106708e-02
7.766908018178186879e-02
7.768005507416045341e-02
7.773128169853447955e-02
7.777794594287253116e-02
7.782136970131918463e-02
7.786131866296369664e-02
7.787030366561484285e-02
7.790657137731138437e-02
7.794994703063992669e-02
7.799706625258380488e-02
7.807296493165202800e-02
7.811005223734925063e-02
7.813714071270599915e-02
7.818775706839180273e-02
7.826929418418229756e-02
7.833141495584455827e-02
7.839214567691089874e-02
7.848199589263454845e-02
7.850394302509279554e-02
7.856316422820971979e-02
7.862773375911454032e-02
7.865873673902287755e-02
7.873138622779600471e-02
7.880285811048266809e-02
7.888464757034557850e-02
7.891416182971526527e-02
7.903060263497554971e-02
7.908107711574088872e-02
7.913039029579123362e-02
7.916671195596050592e-02
7.923763904242467349e-02
7.931352658298038150e-02
7.935364185120923064e-02
7.942961642846679826e-02
7.943452360757805031e-02
7.956692492443637188e-02
7.964782492016808657e-02
7.966995294864213928e-02
7.969631809977155423e-02
7.975531472797878219e-02
7.977854177247148404e-02
7.985470565630917172e-02
7.993471632164347862e-02
7.996836036155408056e-02
8.004829344666833379e-02
8.009210972385058525e-02
8.014435641620727691e-02
8.018604471181380033e-02
8.025977333593899143e-02
8.027606888932101170e-02
8.035676561959541331e-02
8.036929525478080094e-02
8.042299406759501057e-02
8.047570193075613554e-02
8.054222252892746792e-02
8.058520822930684280e-02
8.061838879280207315e-02
8.066868704979847371e-02
8.076936703436626841e-02
8.080129710104527740e-02
8.083449706129942902e-02
8.087631081143618894e-02
8.092120407784099412e-02
8.099028261529628292e-02
8.106316589798186201e-02
8.110398360958152864e-02
8.115107599991486231e-02
8.119151611173756888e-02
8.126948599673375351e-02
8.134993864597613034e-02
8.140220634044671721e-02
8.141730332378287194e-02
8.143087201725245083e-02
8.143996770073137770e-02
8.153540034666599545e-02
8.159732246262287048e-02
8.162819345188976339e-02
8.171348002121432696e-02
8.175130958691768923e-02
8.178628949786705127e-02
8.185049171221468745e-02
8.193675375431805352e-02
8.200520291212537449e-02
8.202769136971067854e-02
8.209555110173831494e-02
8.211597487476307577e-02
8.214780587514354526e-02
8.223301967455029504e-02
8.223643626731845513e-02
8.225503648032700399e-02
8.236317421930910987e-02
8.240893927601648794e-02
8.249738140826189114e-02
8.250618959731405300e-02
8.256133624842666718e-02
8.260813421934237732e-02
8.263610565316874268e-02
8.276114068183425265e-02
8.284174420838574804e-02
8.291699867042627570e-02
8.292694443675278915e-02
8.301890954431979941e-02
8.303688317609435321e-02
8.310977593731411206e-02
8.315447251182025989e-02
8.319474002722319905e-02
8.323191546112987393e-02
8.324062642393395550e-02
8.331799578811895091e-02
8.335577399362523177e-02
8.337884702227280065e-02
8.354881046893609942e-02
8.358676888200404498e-02
8.362338627905506472e-02
8.366482403811724422e-02
8.367997351352121638e-02
8.381229267896476987e-02
8.385690976543547226e-02
8.393777114702470621e-02
8.395734682486437339e-02
8.398533650324703503e-02
8.400779022583620970e-02
8.404986514685339194e-02
8.406203067111123195e-02
8.411608675127459078e-02
8.419169158962734600e-02
8.427642917491535990e-02
8.432609218236575277e-02
8.435814486293879977e-02
8.443575766629708712e-02
8.444247896105062934e-02
8.452596647149915321e-02
8.455141609551601600e-02
8.460534468157963894e-02
8.464306522210474082e-02
8.466577911762904196e-02
8.471879878788105001e-02
8.477024405000718743e-02
8.480740952968371382e-02
8.487716914179205263e-02
8.496723267557690362e-02
8.497730594660002357e-02
8.508441433154420586e-02
8.511558748953927667e-02
8.518065244381808898e-02
8.523235096594292126e-02
8.527334219296846263e-02
8.531184454289258978e-02
8.535454197948126598e-02
8.544327586921561524e-02
8.553613865498017887e-02
8.555322983399679670e-02
8.557649910753060973e-02
8.562921996554276327e-02
8.567936145061527675e-02
8.571037794854707847e-02
8.578460700146151030e-02
8.581023958553411768e-02
8.588682304924141753e-02
8.592011645308643419e-02
8.594470994238802286e-02
8.600088891374864375e-02
8.605201861850127198e-02
8.606880842337640003e-02
8.615269553046363271e-02
8.624683653720154053e-02
8.626482649736511021e-02
8.627526092427829918e-02
8.632144287158846629e-02
8.644214734806959788e-02
8.646231854952801665e-02
8.649598817617916435e-02
8.656019242708240524e-02
8.660794148560259365e-02
8.664241899991237394e-02
8.666956208910804593e-02
8.679127207609907413e-02
8.682824380301448763e-02
8.685693818283453382e-02
8.687131371152373438e-02
8.694526622318818343e-02
8.698973081312498523e-02
8.708602515838577418e-02
8.713252628399946464e-02
8.715469182734993103e-02
8.723111803696274869e-02
8.725839750186695221e-02
8.736220100266317568e-02
8.738349503246789496e-02
8.745065588916858812e-02
8.750957521457464194e-02
8.752551367699197560e-02
8.755409005933652289e-02
8.760160565828110923e-02
8.773201175831688015e-02
8.777024311668338297e-02
8.782890028649435743e-02
8.784534470463825628e-02
8.790127147648321704e-02
8.793263892153142802e-02
8.800218490722208631e-02
8.804336021538819446e-02
8.810881641824290511e-02
8.816058883286388703e-02
8.817042776779626667e-02
8.820901120004520646e-02
8.825446889499728720e-02
8.827601399856765951e-02
8.832502133754376039e-02
8.837049572177091417e-02
8.839326406635185374e-02
8.844808569671297471e-02
8.852773178772176121e-02
8.854414159970339093e-02
8.859906970189333764e-02
8.866820153326997189e-02
8.869536933966232217e-02
8.874282288197768431e-02
8.878472287459060475e-02
8.883447216369708133e-02
8.892602243588840216e-02
8.896521304403577635e-02
8.905702482586050350e-02
8.907727380982811971e-02
8.909540121158381065e-02
8.912117116181177134e-02
8.916426838694245516e-02
8.925280041709870993e-02
8.928724532700807459e-02
8.933448748925723604e-02
8.939855827439523173e-02
8.944857877744684382e-02
8.953632112090645356e-02
8.957666424123889026e-02
8.959061807590892879e-02
8.966311891120407052e-02
8.967365194323428934e-02
8.972850788654100629e-02
8.976841406015602376e-02
8.980802521425988727e-02
8.983591982530113318e-02
8.986738334131637307e-02
8.991539815929359969e-02
8.996641488885305515e-02
9.002580229748637086e-02
9.005206674400430267e-02
9.009884003325889512e-02
9.013872520084906248e-02
9.017010009752043920e-02
9.019290020820473763e-02
9.021211716937736769e-02
9.025751448452731807e-02
9.032495025621130325e-02
9.035628650884473811e-02
9.042523923882120340e-02
9.046243150624716511e-02
9.051401023435823312e-02
9.059856557903918362e-02
9.062799151379051510e-02
9.074688265094159323e-02
9.076137526676772427e-02
9.078076089035842788e-02
9.081264018660387127e-02
9.085913828635411305e-02
9.087571540687897076e-02
9.091761322975554227e-02
9.097777514000136845e-02
9.101268715501581452e-02
9.106368249121804537e-02
9.113032856951448768e-02
9.115764345575520788e-02
9.120319371592809643e-02
9.126795814872680490e-02
9.127276731032177293e-02
9.134562867915151096e-02
9.137526285275497651e-02
9.141976943764514030e-02
9.146166428777463553e-02
9.151482039998766471e-02
9.153397207027005877e-02
9.155837618740245154e-02
9.162232995414495984e-02
9.169308642806023313e-02
9.172937439735470710e-02
9.176605928339670593e-02
9.183055608257501001e-02
9.183712097439915290e-02
9.193981097502944289e-02
9.200911494907332289e-02
9.202332152965984891e-02
9.208242266328349468e-02
9.209575128257116439e-02
9.216085041945265566e-02
9.219676760252137893e-02
9.224425860127173638e-02
9.230897515821613608e-02
9.232839808384231406e-02
9.234690476167707607e-02
9.237141055318630334e-02
9.242526531534649148e-02
9.249651503394211438e-02
9.252554888633569841e-02
9.257141944637475861e-02
9.263544368802952012e-02
9.265038405299916291e-02
9.269036043539014003e-02
9.271758674679149437e-02
9.273740916177163063e-02
9.282403837156130710e-02
9.283686124567017139e-02
9.289071175535122682e-02
9.295307564957970559e-02
9.300433628767969252e-02
9.303053980959304081e-02
9.309715871205617721e-02
9.311353288555397623e-02
9.314888150752381746e-02
9.320666908268786244e-02
9.323002469190375119e-02
9.325351338750446917e-02
9.331859434601953718e-02
9.333283207991309449e-02
9.337811181835468932e-02
9.347251273100461166e-02
9.350613112496806989e-02
9.353549043677966690e-02
9.359542367070995683e-02
9.362166363996025920e-02
9.364512572718182437e-02
9.366592184057614956e-02
9.373934810311902732e-02
9.375680302438367530e-02
9.376956603630905163e-02
9.382338762893750739e-02
9.384570088789385978e-02
9.388423362436262853e-02
9.396832597319169922e-02
9.398398600425299232e-02
9.403079861433794040e-02
9.407285991391285684e-02
9.408139590323780221e-02
9.416757468630246319e-02
9.419205687840752350e-02
9.424630950159566811e-02
9.430949740783406421e-02
9.438103257233340648e-02
9.443170027003058853e-02
9.448193506072738446e-02
9.448717075342676075e-02
9.451207353594717753e-02
9.455769192843600790e-02
9.461559140270665857e-02
9.464816656084720781e-02
9.468775436651880040e-02
9.472260426169420988e-02
9.476512679291462793e-02
9.477294560491851538e-02
9.480068759050676308e-02
9.489048204055088032e-02
9.492612692440459410e-02
9.499033233287339228e-02
9.502028064491671588e-02
9.507225076041946055e-02
9.513273751553978641e-02
9.517255507452082597e-02
9.520855552626211749e-02
9.529257658804550501e-02
9.531513492372767349e-02
9.534288980135714742e-02
9.536537148051768553e-02
9.540815421252367423e-02
9.544685167358947508e-02
9.548187361323071110e-02
9.553791956957941034e-02
9.555703633115834872e-02
9.563466059863283408e-02
9.564467796977642322e-02
9.570122476055446803e-02
9.572374428854225903e-02
9.580997041386989099e-02
9.585269877395510840e-02
9.588547885378523317e-02
9.592221258965544228e-02
9.596219284698399854e-02
9.601074368427585382e-02
9.606358449430933699e-02
9.610689072629487184e-02
9.616707531466589520e-02
9.622285256848608914e-02
9.625069268196931316e-02
9.625908986115401522e-02
9.631073152762863188e-02
9.637168668901067992e-02
9.637613141894099678e-02
9.638941162256266237e-02
9.641329111049883049e-02
9.648295593542416393e-02
9.651758935010243401e-02
9.658369363565925958e-02
9.659236923099796812e-02
9.666232322974212254e-02
9.666274401770205693e-02
9.668528214438505686e-02
9.669885661117744169e-02
9.674587102083158363e-02
9.680617371384728220e-02
9.683250736914648937e-02
9.688176875608300875e-02
9.695398284720566084e-02
9.698464801170929295e-02
9.703426450226289302e-02
9.704299928034869349e-02
9.709151382851008427e-02
9.717012248783951645e-02
9.718533751611163618e-02
9.724466543707788180e-02
9.731790199749984493e-02
9.732421189574100295e-02
9.739936815146642279e-02
9.743427729165006490e-02
9.745306660208793992e-02
9.746987376344180831e-02
9.752279639299729630e-02
9.754546937113145466e-02
9.755054625127367041e-02
9.766569512989860258e-02
9.769433201457818072e-02
9.770023554052698067e-02
9.778832974011916757e-02
9.783741237321914863e-02
9.787567073136317630e-02
9.790200060912956914e-02
9.794344435453003483e-02
9.795237024624850464e-02
9.800782881022743198e-02
9.806017943460787478e-02
9.810517956788507299e-02
9.812946250654143443e-02
9.821655237378430769e-02
9.827847756258165091e-02
9.828702655783662367e-02
9.832636426341985481e-02
9.838807815742865726e-02
9.842796079322065073e-02
9.846061982212100938e-02
9.852439101616551620e-02
9.853053733965182193e-02
9.859015190718499466e-02
9.865632108056004990e-02
9.868942722833258518e-02
9.871390027247413379e-02
9.876152365443854886e-02
9.879887568241087215e-02
9.889989652358771588e-02
9.893195015228795075e-02
9.895382870954942678e-02
9.897820346673275038e-02
9.903325022817080492e-02
9.905551015060405640e-02
9.909258908412461875e-02
9.911198186069787586e-02
9.914887707788046234e-02
9.918228098692938310e-02
9.924243875532783032e-02
9.931971719105894825e-02
9.936714520166294029e-02
9.938531836732206193e-02
9.946555197473590237e-02
9.949607719922630433e-02
9.956119920632357234e-02
9.960608106980217702e-02
9.965985603112099966e-02
9.967415041751906402e-02
9.969540856505416937e-02
9.978639719474828584e-02
9.982648381609575405e-02
9.985293003607320639e-02
9.987535500090810592e-02
9.992618420157883818e-02
9.995116607479531678e-02
9.997263696976638192e-02
9.999540723809172138e-02
1.000330213417257030e-01
1.000844716747783386e-01
1.001185693515384001e-01
1.001404511955986398e-01
1.001987642460829830e-01
1.002262724016863282e-01
1.002850873291292189e-01
1.002912681170189113e-01
1.003030462700579967e-01
1.003480788669356971e-01
1.004155461884559258e-01
1.004815930546537200e-01
1.005220265774247890e-01
1.005405053660544390e-01
1.005765065423814969e-01
1.006027457258162339e-01
1.006654165015775926e-01
1.007094893928832113e-01
1.007163245442699029e-01
1.007767202746393254e-01
1.007859801298304908e-01
1.007960759416895308e-01
1.008568530591580359e-01
1.009005275741758911e-01
1.009111706393139574e-01
1.009630191166473456e-01
1.010129203955366789e-01
1.010369155411622033e-01
1.010445862317263799e-01
1.010886429693115818e-01
1.011238611377293789e-01
1.011358611903688254e-01
1.011749777088569585e-01
1.012781147559749795e-01
1.013459528416615907e-01
1.013890226399510042e-01
1.013914154307681836e-01
1.014152012528285740e-01
1.014380820788762100e-01
1.015263311466471918e-01
1.015678334091086460e-01
1.015722387152693668e-01
1.016371413914060468e-01
1.016795407937141210e-01
1.016949137304280215e-01
1.017469144593488167e-01
1.018087720826178905e-01
1.018543922689689324e-01
1.019474435614419611e-01
1.019615459128408175e-01
1.020140106458453516e-01
1.020518328894753496e-01
1.020952356090732843e-01
1.021309229118884110e-01
1.021611110874756922e-01
1.022052294412662821e-01
1.022748510665652255e-01
1.023035034049615821e-01
1.023852558377859184e-01
1.024169782129507877e-01
1.024462233455255000e-01
1.024653798346946282e-01
1.024927910714056312e-01
1.025525158787522761e-01
1.025702906129476732e-01
1.026062850564619516e-01
1.026600218976770201e-01
1.027178866808416552e-01
1.027616036451281939e-01
1.027885062877675615e-01
1.028104714743953707e-01
1.028712421638379587e-01
1.029586510538886002e-01
1.029871011205692327e-01
1.030356106921720971e-01
1.030522206749780595e-01
1.030547451718208940e-01
1.030825112052063119e-01
1.031324453621793036e-01
1.031803670964488023e-01
1.032088733219451854e-01
1.032933815003108519e-01
1.033296619951563633e-01
1.033342270056521045e-01
1.033589146240689594e-01
1.033920905142326208e-01
1.034190839267224299e-01
1.034997823659572908e-01
1.035466005975390347e-01
1.035862570768585900e-01
1.036044506910920732e-01
1.036162080796704105e-01
1.036463725770361555e-01
1.037160362849633005e-01
1.037424836993177807e-01
1.037747984130635848e-01
1.038220501844770716e-01
1.038961282785652585e-01
1.039237807776478284e-01
1.039556094836277811e-01
1.040077910952079687e-01
1.040463200100595759e-01
1.040796579900910429e-01
1.040870640999780328e-01
1.041470607432241902e-01
1.041501755972084609e-01
1.042120399911319328e-01
1.042184651628771802e-01
1.042709512912638470e-01
1.043019860403345545e-01
1.043469079880212369e-01
1.043543937118115716e-01
1.044305741563833628e-01
1.044732036431735844e-01
1.045330358886623207e-01
1.045766110814534272e-01
1.045891412947264759e-01
1.046358501344941960e-01
1.046732329950768176e-01
1.046870076647243714e-01
1.047249438742261091e-01
1.047960213088302422e-01
1.048139194621618281e-01
1.049116877824920746e-01
1.049445169495189373e-01
1.049762616572097323e-01
1.050172165145268899e-01
1.050353451861663207e-01
1.051283723650674878e-01
1.051448541750678867e-01
1.051819202330320502e-01
1.051884400106221085e-01
1.052405779003661723e-01
1.052868707537674142e-01
1.052935256043654871e-01
1.053054035323366250e-01
1.053343293516038337e-01
1.054048188408107517e-01
1.054418472772221255e-01
1.054882154172210595e-01
1.055430398976880679e-01
1.055718460095902284e-01
1.056046997810067556e-01
1.056102200462210455e-01
1.056465923670558138e-01
1.056939048258207503e-01
1.057281057536689495e-01
1.057634283849793189e-01
1.057728369221754006e-01
1.058171536159811105e-01
1.058384211229978361e-01
1.058735544766853109e-01
1.059261370743222741e-01
1.059961090164460024e-01
1.060370937780332895e-01
1.060855406589474165e-01
1.061207253593069028e-01
1.061288830314331827e-01
1.061523583721504238e-01
1.061763640503960437e-01
1.062098756276314143e-01
1.062695939545928031e-01
1.063364834605146081e-01
1.063602411405420722e-01
1.064075116755669875e-01
1.064147803784131485e-01
1.064727151234205055e-01
1.065540811073396599e-01
1.065678915053326486e-01
1.065795549211551591e-01
1.065884000198349529e-01
1.066286127077613471e-01
1.066619919937844135e-01
1.067286994322446947e-01
1.067743853423813449e-01
1.068407846336463796e-01
1.068726736157214890e-01
1.068885422582942085e-01
1.069187620226463298e-01
1.069320199053772485e-01
1.069864871444639182e-01
1.069963996932387085e-01
1.070378038178032842e-01
1.070625900442738337e-01
1.071095681635991642e-01
1.071242084451845267e-01
1.071706704482498912e-01
1.072024470442174970e-01
1.072547513613953535e-01
1.072775870686378807e-01
1.073875653874699770e-01
1.074328343807956637e-01
1.074455871162737358e-01
1.074786516795281505e-01
1.074856033439806069e-01
1.075421600261002725e-01
1.076061841493138049e-01
1.076502998384062659e-01
1.076697578380306636e-01
1.077364827306170336e-01
1.077693723131807196e-01
1.077930534672145585e-01
1.078268532973095661e-01
1.078788833203127989e-01
1.079182507086734605e-01
1.079473755567683796e-01
1.079775611124740020e-01
1.080207511749608634e-01
1.080383006163307541e-01
1.081269414155276859e-01
1.081404679665717433e-01
1.081547098251505190e-01
1.081988687884205963e-01
1.082474053111567164e-01
1.082863663572933149e-01
1.083064467717342744e-01
1.083688735540975362e-01
1.083737071977461663e-01
1.083921528199345147e-01
1.084400249215917433e-01
1.084761492533801025e-01
1.085393248999734356e-01
1.085563426818758337e-01
1.085878993136276949e-01
1.086068673096992482e-01
1.086825953485098389e-01
1.087055844860521925e-01
1.087355562689921312e-01
1.087364475586414109e-01
1.087954046478789710e-01
1.088196139682405389e-01
1.088361307025035168e-01
1.089029769085476662e-01
1.089509284057214311e-01
1.089779823065482184e-01
1.090143869152963296e-01
1.090797662123355605e-01
1.090940477068292197e-01
1.091550762636805949e-01
1.091999620998182902e-01
1.092620204396185096e-01
1.092655578209522083e-01
1.093168484603293938e-01
1.093514798175197200e-01
1.093998483956104828e-01
1.094126988683746249e-01
1.094383656102704966e-01
1.094549212600608862e-01
1.095372437062352294e-01
1.095668768593365122e-01
1.095809596067963965e-01
1.096442821993758449e-01
1.096499039449427143e-01
1.096767533646254428e-01
1.096905806406051342e-01
1.097677594260694500e-01
1.097864021143195173e-01
1.098055456843484295e-01
1.098486831485033371e-01
1.098679371616457789e-01
1.099438234466709879e-01
1.099599274941089194e-01
1.099825299992591016e-01
1.100300109113609287e-01
1.100426503157490715e-01
1.100633456287697376e-01
1.100726133416689012e-01
1.101230928883489418e-01
1.101605374767452850e-01
1.101970491882439951e-01
1.102572105371879413e-01
1.102987461039649231e-01
1.103275682088822873e-01
1.103674943148943710e-01
1.103906055009431231e-01
1.104452657198666393e-01
1.104684146306373210e-01
1.104764161814706935e-01
1.105163728554211106e-01
1.105409216672051387e-01
1.105898554875273943e-01
1.106019769010525566e-01
1.106363745219118982e-01
1.106478619861190060e-01
1.107005216003575931e-01
1.107772536997612550e-01
1.108287910477871868e-01
1.109147290825954896e-01
1.109369638406688396e-01
1.109509078703454776e-01
1.110188392984394756e-01
1.110219076987246645e-01
1.111137952175875881e-01
1.111378378748976298e-01
1.111906804304450685e-01
1.112267821369191528e-01
1.112300751596829312e-01
1.112804412511923524e-01
1.113260837300131117e-01
1.113498115950103257e-01
1.113807220345672533e-01
1.114201094764876165e-01
1.114464981066433658e-01
1.114890815856746237e-01
1.115596598862765298e-01
1.115619415460962077e-01
1.116242294194281920e-01
1.116586617243418150e-01
1.117359197401592841e-01
1.117534024912135437e-01
1.117860375517375632e-01
1.118171096149914306e-01
1.118309231655527786e-01
1.119016407711394684e-01
1.119247233701394784e-01
1.119415318549020488e-01
1.119992910228315153e-01
1.120310930109761766e-01
1.120428461605692677e-01
1.121270229097818955e-01
1.122034000857738273e-01
1.122453121831274853e-01
1.122642834971679937e-01
1.122934154337592166e-01
1.123221458791826832e-01
1.123617437026213361e-01
1.124093288038746918e-01
1.124296686929779354e-01
1.124544639273979962e-01
1.125077408172491938e-01
1.125606348194611306e-01
1.125741640510726921e-01
1.125973999761995109e-01
1.126305750448360760e-01
1.126941005929304046e-01
1.127551229005744754e-01
1.127696811105526054e-01
1.127947214322244096e-01
1.128790198426923574e-01
1.129017810838607166e-01
1.129330385066383557e-01
1.130251019635840765e-01
1.130554318950600101e-01
1.130593329840360733e-01
1.130729738014726593e-01
1.130933944997219720e-01
1.131503030595929493e-01
1.131940839211763028e-01
1.132012720384407006e-01
1.132737396854030937e-01
1.132978332153295881e-01
1.133257935420722146e-01
1.133752718123308689e-01
1.133826580347470081e-01
1.134504788924441815e-01
1.134697791788294718e-01
1.135080817058399388e-01
1.135216427113400206e-01
1.135578381822210936e-01
1.136503116146145020e-01
1.136878480840561034e-01
1.137068300505832963e-01
1.137213487454898087e-01
1.137648905076342198e-01
1.138545821961033655e-01
1.138723475702839300e-01
1.139089931826343105e-01
1.139214261727891087e-01
1.139585319833684579e-01
1.140501118849668039e-01
1.140954826501898445e-01
1.141242982868370670e-01
1.141378074129074938e-01
1.141918342281786763e-01
1.142152904759832499e-01
1.142698207600793270e-01
1.143088396557397080e-01
1.143468023289156976e-01
1.144073909912724091e-01
1.144305466194327214e-01
1.144754070997915929e-01
1.145238938421803687e-01
1.145368895654235997e-01
1.145783530324374772e-01
1.146024366673787931e-01
1.146694948000196584e-01
1.146824885728328636e-01
1.147140462243776277e-01
1.147268507808759108e-01
1.147412829787844285e-01
1.148010326443568430e-01
1.148508655770347359e-01
1.149082911867086304e-01
1.149505942202416614e-01
1.150012254717689142e-01
1.150417579613497582e-01
1.150832041381164433e-01
1.151024722314975268e-01
1.151026997356034837e-01
1.151475106879591565e-01
1.151944906576661543e-01
1.152549902907678003e-01
1.152890786280208468e-01
1.153485206428091908e-01
1.153978285759473255e-01
1.154104577142889138e-01
1.154452452282410668e-01
1.155027207602489780e-01
1.155097257314268572e-01
1.155319132845444990e-01
1.155845961971649904e-01
1.155968919098313563e-01
1.156068616014367251e-01
1.156317235760271483e-01
1.157040022064867585e-01
1.157327675121949118e-01
1.157703035903612510e-01
1.158296424657618284e-01
1.158590398199703247e-01
1.159002518978722029e-01
1.159344428323709209e-01
1.159643388298395444e-01
1.159959532728359610e-01
1.160310978754319072e-01
1.160601762203498921e-01
1.160713971378176945e-01
1.160835387504950411e-01
1.161917476491751977e-01
1.162048831884305577e-01
1.162430790171522371e-01
1.163375157212555300e-01
1.163693421168062042e-01
1.163898500474839920e-01
1.164167809054272723e-01
1.164426357647631027e-01
1.164649377681363646e-01
1.165291510756057969e-01
1.165704295140580216e-01
1.165971443796338797e-01
1.166311706394441844e-01
1.166811200117257863e-01
1.166997791187374817e-01
1.167156866824515804e-01
1.167511136511586306e-01
1.167694053970898954e-01
1.168054848054717182e-01
1.168368485949839719e-01
1.168761500443814133e-01
1.169705810152364828e-01
1.169953058770883819e-01
1.170227655228052860e-01
1.170600595870672084e-01
1.170753847902667871e-01
1.171148857612917399e-01
1.171293354964640654e-01
1.171457425535934321e-01
1.171506225810667740e-01
1.172038249980081187e-01
1.172832768423093391e-01
1.173616687922864610e-01
1.174048963351034675e-01
1.174077830118368804e-01
1.174552187177822088e-01
1.174778249887856313e-01
1.175051639713113882e-01
1.175276681343658397e-01
1.175517303665831736e-01
1.175792873243803743e-01
1.176223174668739047e-01
1.176751644725871626e-01
1.177000329162621872e-01
1.177582863948197639e-01
1.177767133809199535e-01
1.178115010956555242e-01
1.178729576650929672e-01
1.179393825187925043e-01
1.179575410781946582e-01
1.179804571396665669e-01
1.180186223530633460e-01
1.180830013015936319e-01
1.181015501849383975e-01
1.181375229076786632e-01
1.181493633455359266e-01
1.182016749363844071e-01
1.182020019373853786e-01
1.182697010673518512e-01
1.182836127906205653e-01
1.183411880517105524e-01
1.183983616454121202e-01
1.184248941381050024e-01
1.184417983713664801e-01
1.185063469605737163e-01
1.185222573845097355e-01
1.185496855343759759e-01
1.185796662710396077e-01
1.186295000388206677e-01
1.186997903783546665e-01
1.187071181295814154e-01
1.187458815406507717e-01
1.188173981405295926e-01
1.188633805794589160e-01
1.188986356541834738e-01
1.189003824927460096e-01
1.189482107264429461e-01
1.190050262716616236e-01
1.190404702189210850e-01
1.190900237907806247e-01
1.190998405788669806e-01
1.191458988395401458e-01
1.192162890897200261e-01
1.192364925986370283e-01
1.192592416036499237e-01
1.193210240519042703e-01
1.193346438265847076e-01
1.194250104387502009e-01
1.194331841248190695e-01
1.194665101987098244e-01
1.194965326638999376e-01
1.195407138261983110e-01
1.196005972922244837e-01
1.196608054970445534e-01
1.196691369869754690e-01
1.197095253061724041e-01
1.197151789613725009e-01
1.197297581489950996e-01
1.198102557676080232e-01
1.198475205185585007e-01
1.198712849233789096e-01
1.199166084290678447e-01
1.199463499046851261e-01
1.200144942718046059e-01
1.200192953752741848e-01
1.200314982062670177e-01
1.200805922232750372e-01
1.201440970078201387e-01
1.201860663777248178e-01
1.202419616488985543e-01
1.202497488623667787e-01
1.202551894894238610e-01
1.203225518778543585e-01
1.203463986905197042e-01
1.204258581079991758e-01
1.204370451525639263e-01
1.204811958856488036e-01
1.205171677642208616e-01
1.205551987873171721e-01
1.205926616488530306e-01
1.206137903508223141e-01
1.207138635786036834e-01
1.207384321888652495e-01
1.207610931650629910e-01
1.207720183104060985e-01
1.208245332760136820e-01
1.208848329760719431e-01
1.209492996282621469e-01
1.209822964252906669e-01
1.210161962316094186e-01
1.210673951670421938e-01
1.210759499209093371e-01
1.210781547436920319e-01
1.211518596310089818e-01
1.212340315908652100e-01
1.212493605093524773e-01
1.212894995414335458e-01
1.213266449143561715e-01
1.213307749134939495e-01
1.214029298111976851e-01
1.214098449226986010e-01
1.214437376722697359e-01
1.214919774049948442e-01
1.215250072433346484e-01
1.215638474295503701e-01
1.216151681317613614e-01
1.216616921658538603e-01
1.216714912027015705e-01
1.216923959697285285e-01
1.217138248687374413e-01
1.217982338505004675e-01
1.218512287503789038e-01
1.218729916020681592e-01
1.219185445596275286e-01
1.219375434951148057e-01
1.219998255192161069e-01
1.220356030810336584e-01
1.220727749208070090e-01
1.221011842046665630e-01
1.221550083547209425e-01
1.221940687351812799e-01
1.222099908267235135e-01
1.222407391753471129e-01
1.222645436782781175e-01
1.223055298017491910e-01
1.223277576973285236e-01
1.223448092929232539e-01
1.223690657413343819e-01
1.224608968646202778e-01
1.224968327408100105e-01
1.225250304519157341e-01
1.225563735936547605e-01
1.225693012090489503e-01
1.226141249296275465e-01
1.226723162040469634e-01
1.227348586455962315e-01
1.227637498148102940e-01
1.228272831919553915e-01
1.228908041634967363e-01
1.229121227471973443e-01
1.229373659528556068e-01
1.229692262512892265e-01
1.229995944461657192e-01
1.230633728933274856e-01
1.231014815670995050e-01
1.231168123895421129e-01
1.231967778782659256e-01
1.232145139978831627e-01
1.232511557893907206e-01
1.233134649849402242e-01
1.233233613803301765e-01
1.233611935861172598e-01
1.233959383609609661e-01
1.234192632450200888e-01
1.234712120136626651e-01
1.234983647512503807e-01
1.235502207385345136e-01
1.235569763568087481e-01
1.235984782783515062e-01
1.236616458244748085e-01
1.236658039109989060e-01
1.237301311434277629e-01
1.237787736800377708e-01
1.238307383973372838e-01
1.238944395124481901e-01
1.239179894585510644e-01
1.239341795824043524e-01
1.240034860194306060e-01
1.240593474232544458e-01
1.241170668396155141e-01
1.241375514198414520e-01
1.242027786544161183e-01
1.242430125684335362e-01
1.242581732111703446e-01
1.243147532028552188e-01
1.243641924701390650e-01
1.244137810712145353e-01
1.244498506317946451e-01
1.244950000446018862e-01
1.245056431965740062e-01
1.245298947168297088e-01
1.245906110665865457e-01
1.245925177310957116e-01
1.246203867571651774e-01
1.246336118501015083e-01
1.246546972656970564e-01
1.247471346725364805e-01
1.247845906316757958e-01
1.248048036008977402e-01
1.248227843053540398e-01
1.248413031504299886e-01
1.248900006814412100e-01
1.249551123396757529e-01
1.249647129268895568e-01
1.250348566971574149e-01
1.250725427654026112e-01
1.251183752831419027e-01
1.251218039160251205e-01
1.251296973059858320e-01
1.251552287770308081e-01
1.252092844708818931e-01
1.252572790340109044e-01
1.252833702488627132e-01
1.253041023485315375e-01
1.253198783706513941e-01
1.254264554717642033e-01
1.254603315785483841e-01
1.255098807207624401e-01
1.255789695783639248e-01
1.256452948433419703e-01
1.256695824864577093e-01
1.256871551783075025e-01
1.257519286480228426e-01
1.257936869827679105e-01
1.258484845344904623e-01
1.258798707314177645e-01
1.259220986133691988e-01
1.259495639754022178e-01
1.259716525385383701e-01
1.259937949066537999e-01
1.260491322864301933e-01
1.260852177752944392e-01
1.261361269620542014e-01
1.261567093817053953e-01
1.262293472155286977e-01
1.262507706759936899e-01
1.263221543526877877e-01
1.263389971452850702e-01
1.263998952393069752e-01
1.264293353757262317e-01
1.264860668821227996e-01
1.265202912079663733e-01
1.265296300449179068e-01
1.265504927829575188e-01
1.266181098795044757e-01
1.266549866124106194e-01
1.266870152329035992e-01
1.266973633847207625e-01
1.267308244963588348e-01
1.268051691119133628e-01
1.268120842947304261e-01
1.268761524388042905e-01
1.269114082310716929e-01
1.269446750739549601e-01
1.269872713336509529e-01
1.270075481312761267e-01
1.270442207812728652e-01
1.271249012605918938e-01
1.271291773033130235e-01
1.271435994594443952e-01
1.272233668130352824e-01
1.272369077618110134e-01
1.272810977188761905e-01
1.273175645240917642e-01
1.273772463782143483e-01
1.273983745603775308e-01
1.274179574270699056e-01
1.274732093890478257e-01
1.274984434838079272e-01
1.275625179656305341e-01
1.275808645690676979e-01
1.276144705576538196e-01
1.276681636881622783e-01
1.277354370421514840e-01
1.277586493309518789e-01
1.277834014828004294e-01
1.278100765664068328e-01
1.278609791428375608e-01
1.278858433621562485e-01
1.279169240308000166e-01
1.279637516732175517e-01
1.280109850425265594e-01
1.280558057035288411e-01
1.280843816162964555e-01
1.281686784904048637e-01
1.282556929030073678e-01
1.282564519141472237e-01
1.282682761717339193e-01
1.282758504276743372e-01
1.283124387115139597e-01
1.283848009289141612e-01
1.284234325003836830e-01
1.284478043753303211e-01
1.285212557207570661e-01
1.285668604405875437e-01
1.286006557323331467e-01
1.286416017262296541e-01
1.286899319931723018e-01
1.287085790907003535e-01
1.287271462532506017e-01
1.287440264454655092e-01
1.287583306907014169e-01
1.287778030787891381e-01
1.288327087362850787e-01
1.288359670330146145e-01
1.288716821813646052e-01
1.288821273917674093e-01
1.290087828401658976e-01
1.290118423007582948e-01
1.290353225840095708e-01
1.291229008001522904e-01
1.291382454935722512e-01
1.291945946454358118e-01
1.292561588444756104e-01
1.292742553172513964e-01
1.293445724091270843e-01
1.294281390423971390e-01
1.294520977394370553e-01
1.294700023771844233e-01
1.295194377632700178e-01
1.295822586011663724e-01
1.296187008352427950e-01
1.296286662990075167e-01
1.296995186483739515e-01
1.297193583947517104e-01
1.297298405896533668e-01
1.297487425748199974e-01
1.298122484753085060e-01
1.298509046915884979e-01
1.298551592417550304e-01
1.299634447249920222e-01
1.299921719221026339e-01
1.300137160214158427e-01
1.300340128481486668e-01
1.300368992633376686e-01
1.300966390020345531e-01
1.301265670758816329e-01
1.301567350200269479e-01
1.302373098822858233e-01
1.302424340318439344e-01
1.302850548419258736e-01
1.303208056253115088e-01
1.303270885650812394e-01
1.303685460084385572e-01
1.304133277915385525e-01
1.304482716886496418e-01
1.305370025281731017e-01
1.305911834422422979e-01
1.306033581947645406e-01
1.306463515943351028e-01
1.306888957777279370e-01
1.307427857166344187e-01
1.307995766270345639e-01
1.308194378893086929e-01
1.308336848825637777e-01
1.308511067545738982e-01
1.309046817984487465e-01
1.309597009253593847e-01
1.309873126472395066e-01
1.310057726058765082e-01
1.310369150754745193e-01
1.310638134363199259e-01
1.310713583453554931e-01
1.310958833611148844e-01
1.311981916678570947e-01
1.312009303135254767e-01
1.312737767538486311e-01
1.313143444634453372e-01
1.313353204296698051e-01
1.313631269262162116e-01
1.313705682051864165e-01
1.314060324720254802e-01
1.314685321610060409e-01
1.315004795982896990e-01
1.315267898763170518e-01
1.315961896973893153e-01
1.316465409638714057e-01
1.317001890396936048e-01
1.317345450541261009e-01
1.317560443299946038e-01
1.317851314482945957e-01
1.318335248129371140e-01
1.318564781914559059e-01
1.318652148568834337e-01
1.319172725974758764e-01
1.319259741344212533e-01
1.319652675879231796e-01
1.320091389927736669e-01
1.320467918971438004e-01
1.320725665378946201e-01
1.321267648173231057e-01
1.321364125596819761e-01
1.321638108245844212e-01
1.321985549230247081e-01
1.322403883177797335e-01
1.322771359623999554e-01
1.323463404175373725e-01
1.324065973234486715e-01
1.324358560285676945e-01
1.324483072618536927e-01
1.324625828144057327e-01
1.325195860918762791e-01
1.325720441056298937e-01
1.326395110560463220e-01
1.326845287809388929e-01
1.327463083688632806e-01
1.327501917980560553e-01
1.328129658078799624e-01
1.328132366540366038e-01
1.328625874652600847e-01
1.328848145431936467e-01
1.329611890841224942e-01
1.329726557307436274e-01
1.329992922726118409e-01
1.330406778141854096e-01
1.330765903940365202e-01
1.331770269823807640e-01
1.331955918924803972e-01
1.332217958110682721e-01
1.332547305551799177e-01
1.333080990270185395e-01
1.333167019788835395e-01
1.333658466438386314e-01
1.333880762021010802e-01
1.334650832923665043e-01
1.334893580235333443e-01
1.335709574827856350e-01
1.335812452902023495e-01
1.336104918433229927e-01
1.336135704466253349e-01
1.336920453230066030e-01
1.337419585603878969e-01
1.337789786449977147e-01
1.338339964904971258e-01
1.338433798864089586e-01
1.338737475107883157e-01
1.339016487719350834e-01
1.339784021813466841e-01
1.339896528726513547e-01
1.340052934573766896e-01
1.340346459704218340e-01
1.340813292111669996e-01
1.341001632999928028e-01
1.341445067963305537e-01
1.341848418509397622e-01
1.342000819899127062e-01
1.342384570789661169e-01
1.342820999290872952e-01
1.342980095606383928e-01
1.343468334932058639e-01
1.343907461123202973e-01
1.344164944916786675e-01
1.344522807437186773e-01
1.344966500310355029e-01
1.345582459692818700e-01
1.346044812728069417e-01
1.346581650086917936e-01
1.347322204742051888e-01
1.347546874549591933e-01
1.347835448517276657e-01
1.347886704970885086e-01
1.348064598688595572e-01
1.349561669288081023e-01
1.349749864660424459e-01
1.349958643046820506e-01
1.350591338646917883e-01
1.350817881067862547e-01
1.350834473067839547e-01
1.351191267024686726e-01
1.352085197528657967e-01
1.352215134427603715e-01
1.352281130034106993e-01
1.352929037187249606e-01
1.353548204033799551e-01
1.354140617973181027e-01
1.354199785585045723e-01
1.354394197813773570e-01
1.354584067115796597e-01
1.354879455842908642e-01
1.355161885991389425e-01
1.355834529515053677e-01
1.356312616332998600e-01
1.356462157062666984e-01
1.356770533164923520e-01
1.356980750175829920e-01
1.357516917386787647e-01
1.357739239154589495e-01
1.358030568359030188e-01
1.358567902776016134e-01
1.359379592071469911e-01
1.359494545751128436e-01
1.360038016200618427e-01
1.360143356413748561e-01
1.360551788853516242e-01
1.360573622321256393e-01
1.361310888204046998e-01
1.361752999829340394e-01
1.362754160161534223e-01
1.362831907129227194e-01
1.363139792181944365e-01
1.363402185080571649e-01
1.363487369808422667e-01
1.364186866007841836e-01
1.364828628014524980e-01
1.365113570900259865e-01
1.365326949205961093e-01
1.365850892012823448e-01
1.366264108688113599e-01
1.366569776519900858e-01
1.366858727859834033e-01
1.367452118622341228e-01
1.367684650306930094e-01
1.368202272524722263e-01
1.368984266963132745e-01
1.369205936846404070e-01
1.369321913280889536e-01
1.369602975674540923e-01
1.370338447255447512e-01
1.370468663169538692e-01
1.371031696379123033e-01
1.371160383496924096e-01
1.371472069250466441e-01
1.371544248212470674e-01
1.371754582580280990e-01
1.372406045477218284e-01
1.372965283860193286e-01
1.373360123191101345e-01
1.373672494283122714e-01
1.374282363768530024e-01
1.374775612328772989e-01
1.375222053100429720e-01
1.375471933132361435e-01
1.375998584871588049e-01
1.376167183477654266e-01
1.376409342860285268e-01
1.376812817697676550e-01
1.377377505060972396e-01
1.377867518237725353e-01
1.378204911933102184e-01
1.378444896300426714e-01
1.378903492221395799e-01
1.379328125665229832e-01
1.379547653471233370e-01
1.380013724740518088e-01
1.380239131814066655e-01
1.381315186710157794e-01
1.381455236853067758e-01
1.381506620623277892e-01
1.382474198888603012e-01
1.382592785028114168e-01
1.383009124375939314e-01
1.383471759527144240e-01
1.383851788796754689e-01
1.384067627733600592e-01
1.384316179606109032e-01
1.384934434247009905e-01
1.385611587973596404e-01
1.386397341333481248e-01
1.386573194423710575e-01
1.387108881842727681e-01
1.387500798643687139e-01
1.388136283886503564e-01
1.388458744696572378e-01
1.388587194010457160e-01
1.388678175839381523e-01
1.389092716948094608e-01
1.389810247910241714e-01
1.390019648061991686e-01
1.390381017069740599e-01
1.390793365038104079e-01
1.390926810652189372e-01
1.391189300806693063e-01
1.391688787030707919e-01
1.392495943322036300e-01
1.393119825275473678e-01
1.393381867735615509e-01
1.393511441177915644e-01
1.393781448389042610e-01
1.394023437734068782e-01
1.394862508067305773e-01
1.395024186877742434e-01
1.395277710355817269e-01
1.395677702815584231e-01
1.396370544857737095e-01
1.397033603888457043e-01
1.397348466863406191e-01
1.397838296355019272e-01
1.398292503609724069e-01
1.398399150333346219e-01
1.398706014899607775e-01
1.398964445036538218e-01
1.399260082730521826e-01
1.399421931316705836e-01
1.400403602290747895e-01
1.400981336904373042e-01
1.401314809971681286e-01
1.401574766259934268e-01
1.402206090563413166e-01
1.402388909447390142e-01
1.402469154244595784e-01
1.403367203838602750e-01
1.403496042355253381e-01
1.403606768458344756e-01
1.404072427703713100e-01
1.404500419336219830e-01
1.404936622484469766e-01
1.405783418064373846e-01
1.406473788377074763e-01
1.406777836409378868e-01
1.407051355166295814e-01
1.407990557269135079e-01
1.408227889217574802e-01
1.408563742021650411e-01
1.408797039619186786e-01
1.409120214542029792e-01
1.409438021353897619e-01
1.409720043469338824e-01
1.410260637149834129e-01
1.410799498872949143e-01
1.411438917259758286e-01
1.411802594976878655e-01
1.411929212350254703e-01
1.412387531769573323e-01
1.412924392239688631e-01
1.413283623475090345e-01
1.413613605834199705e-01
1.414273367554585714e-01
1.414600935832207584e-01
1.414955629858058173e-01
1.415389019759683009e-01
1.415655148656361217e-01
1.415849108946024559e-01
1.416380339622795304e-01
1.417000418252622462e-01
1.417654146953257199e-01
1.417959228230269153e-01
1.418398804125359236e-01
1.418439329400641435e-01
1.419178612470508583e-01
1.419346870393144167e-01
1.419733973416017481e-01
1.419938046614733496e-01
1.420409596744960923e-01
1.420872737115501661e-01
1.421183645745861257e-01
1.421546651758835988e-01
1.421859589735960938e-01
1.422804537228218313e-01
1.422843850490131123e-01
1.423515000846632128e-01
1.423992103094910977e-01
1.424358242053956891e-01
1.424851548288748049e-01
1.425392796802364415e-01
1.426180185587216376e-01
1.426521826741589949e-01
1.426808038773151044e-01
1.426978885074904058e-01
1.427236235256505448e-01
1.427614040720332766e-01
1.428124364023474480e-01
1.428557149741664367e-01
1.428773278401578029e-01
1.429431261744940063e-01
1.430135732457875342e-01
1.430759441440951352e-01
1.431005593626919203e-01
1.431159985621666686e-01
1.431553438044602389e-01
1.432066058499696370e-01
1.432398780787937920e-01
1.432762231656868335e-01
1.433028838104542513e-01
1.433096908724133534e-01
1.434217658193763789e-01
1.434427221926512508e-01
1.434851761137872495e-01
1.435330330494349049e-01
1.435484244729565984e-01
1.435614531617497580e-01
1.436331689019626490e-01
1.436549701765246212e-01
1.437219036368530822e-01
1.437650371230772550e-01
1.438053630119822401e-01
1.438460179370748826e-01
1.438585899636614929e-01
1.439174098961099324e-01
1.439476042061717531e-01
1.440015156277930641e-01
1.440140249229291680e-01
1.440341975132749530e-01
1.440962533639032483e-01
1.441300864504384827e-01
1.441660445334979335e-01
1.441939713161625169e-01
1.442153669881444389e-01
1.442623052355429258e-01
1.443021840986032645e-01
1.443970534643278791e-01
1.444326165225492120e-01
1.444575055572937528e-01
1.444953658773369676e-01
1.445488587909269373e-01
1.445793344849907736e-01
1.446528378413121929e-01
1.446744303182100067e-01
1.447522400107509877e-01
1.447799755439282687e-01
1.448369193089716067e-01
1.448960806014141234e-01
1.449377040310352305e-01
1.449719941444120308e-01
1.449844773565027722e-01
1.450045051317364608e-01
1.450716264302638059e-01
1.450886479003166141e-01
1.451349899957390110e-01
1.451542614125272690e-01
1.451738922212245375e-01
1.452485370466861103e-01
1.452587419586092721e-01
1.453146935224070846e-01
1.453771892574610980e-01
1.453935336744940909e-01
1.454630610728522289e-01
1.455566830664493938e-01
1.456361758104730286e-01
1.456443626576049144e-01
1.457066617820368670e-01
1.457805051023237097e-01
1.458090198088579370e-01
1.458484060220561762e-01
1.459186086595296861e-01
1.459391666499786910e-01
1.459580157186054494e-01
1.459997278498199047e-01
1.460407383916282609e-01
1.460665213135446949e-01
1.460839244668920289e-01
1.461607416209443899e-01
1.462030475585687217e-01
1.462358342512974085e-01
1.462595830710007594e-01
1.463366694624162467e-01
1.463510456399756965e-01
1.463677531578588265e-01
1.464004328048062187e-01
1.464325794202415432e-01
1.464801314719746950e-01
1.465421947176142881e-01
1.465432261676170578e-01
1.466017994305391370e-01
1.466106391334612014e-01
1.466431635098892627e-01
1.467157770610331979e-01
1.467639826052892504e-01
1.467949185704994219e-01
1.468810671984494276e-01
1.468919067622494745e-01
1.468944551171396662e-01
1.469652708064134172e-01
1.469671598056432882e-01
1.470457515267198922e-01
1.471304792677830264e-01
1.471369221941550842e-01
1.471755536946627585e-01
1.472456018202788486e-01
1.472786720328087551e-01
1.473170429628731792e-01
1.473660937769538659e-01
1.474049393632208549e-01
1.474400266141296933e-01
1.474786100888995366e-01
1.475478253703625398e-01
1.475761554831243605e-01
1.475800021397500605e-01
1.476280363569461573e-01
1.477431215836059464e-01
1.477614946531254914e-01
1.477884500227621134e-01
1.478195025301411170e-01
1.478637624671848283e-01
1.479247256643199671e-01
1.479421094097133071e-01
1.480066474552975408e-01
1.480465615893614972e-01
1.481073632054055178e-01
1.481562752220734747e-01
1.481808913028989927e-01
1.482447171381176543e-01
1.482866340124533722e-01
1.482997690707605620e-01
1.483413133627969338e-01
1.483900248852885462e-01
1.484704921720565174e-01
1.485194539052817064e-01
1.485912879361842021e-01
1.486576245897611726e-01
1.486753650317788888e-01
1.486897526864575103e-01
1.487242199782515262e-01
1.487672147586533711e-01
1.488268469261142257e-01
1.488732517843455727e-01
1.489079640383889624e-01
1.489141677028204269e-01
1.489325407978651372e-01
1.489939041041455914e-01
1.490564030739781887e-01
1.491383270258751503e-01
1.491562295506221880e-01
1.492140300950611786e-01
1.492246446077878375e-01
1.492834449990234902e-01
1.493179494592989098e-01
1.493706144283448445e-01
1.494467774140730565e-01
1.495128308650066074e-01
1.495463222967745587e-01
1.495914937494849384e-01
1.496061760991069800e-01
1.496678237023862934e-01
1.497093970991043022e-01
1.497562618344613627e-01
1.498018183639760748e-01
1.498331750568258902e-01
1.498631244985467181e-01
1.499860827458299739e-01
1.500084705144637265e-01
1.500760360137926575e-01
1.500916783889721384e-01
1.501208178996502329e-01
1.501915053003670120e-01
1.501920993720783637e-01
1.502149113808632086e-01
1.502530895323881954e-01
1.503038793440329424e-01
1.503508881788084839e-01
1.503985679673141562e-01
1.504525499980567671e-01
1.504909476293652404e-01
1.505352117930379152e-01
1.506394544980334815e-01
1.507044469130461584e-01
1.507357222738415214e-01
1.507966398397197760e-01
1.508035452968878032e-01
1.508740460186771826e-01
1.508948621228313192e-01
1.509419355297026699e-01
1.509913791549298834e-01
1.510110257480679896e-01
1.510502212312436199e-01
1.510646663162095449e-01
1.511318664950169199e-01
1.511477530775830747e-01
1.512111014754070337e-01
1.512727514868494882e-01
1.512861897064231853e-01
1.513292602811994458e-01
1.513446567936344855e-01
1.513743561316121256e-01
1.514495736362955203e-01
1.514573236062301820e-01
1.515017811053242514e-01
1.515688230891248378e-01
1.516042995155539030e-01
1.516692055625536717e-01
1.517348605101163095e-01
1.517461566904353965e-01
1.517579849664928149e-01
1.518472814496916456e-01
1.519004868274438924e-01
1.519251107342001472e-01
1.519397877435130495e-01
1.519733859089107408e-01
1.520497253241411273e-01
1.521147290457848800e-01
1.521233302749349925e-01
1.521367505889538174e-01
1.522015736171511702e-01
1.522889526855528974e-01
1.522980976886318394e-01
1.523608997924035813e-01
1.523855295273697230e-01
1.524360409488360879e-01
1.524435579009892350e-01
1.524702040814647497e-01
1.525305201546788836e-01
1.525596955727759885e-01
1.525919782999605179e-01
1.526051391400972679e-01
1.526967920012277935e-01
1.527515081734598101e-01
1.527777173088449569e-01
1.527972977229164475e-01
1.528773690166874977e-01
1.528907493555319019e-01
1.529160012087680265e-01
1.529807727726488764e-01
1.530517257166719436e-01
1.531137911281010844e-01
1.531519116762831978e-01
1.531835243138709168e-01
1.531973653734710339e-01
1.532260239355057452e-01
1.532895489146617052e-01
1.533049361121735787e-01
1.533806858070064227e-01
1.534358502544415637e-01
1.534753627437219770e-01
1.535517027858387118e-01
1.535587872949074340e-01
1.536545187552778302e-01
1.536933688780414420e-01
1.537011213501113249e-01
1.537268644780802884e-01
1.537896717549600556e-01
1.538402226424023800e-01
1.538852935365467578e-01
1.539090341880751112e-01
1.539477165526996760e-01
1.539910279921379299e-01
1.540216074203711871e-01
1.540861974034244963e-01
1.541328169080724286e-01
1.541972697483473542e-01
1.542726322681769180e-01
1.542856001372616137e-01
1.543381288382741356e-01
1.543570139521544815e-01
1.544141876388923362e-01
1.544373264586459960e-01
1.545110202566068458e-01
1.545397291736423651e-01
1.546323095181788287e-01
1.546507697188297670e-01
1.547217723531333633e-01
1.547310555292676082e-01
1.547616196332272931e-01
1.548383560789880764e-01
1.548652904379882733e-01
1.549324407991069796e-01
1.549552549298086612e-01
1.549882376865221179e-01
1.550476633784450831e-01
1.551052635283668435e-01
1.551525118083512123e-01
1.551815493229750931e-01
1.552521196136107395e-01
1.552688082617199317e-01
1.553218165209892532e-01
1.553312995615421799e-01
1.553788913369741898e-01
1.554549504262258686e-01
1.555072589253174153e-01
1.555724807694462419e-01
1.556348752673062663e-01
1.556493334274566265e-01
1.556959777423168323e-01
1.557538687706261915e-01
1.557949962449896031e-01
1.558093956819660841e-01
1.558529522914877397e-01
1.559302643215352557e-01
1.559381861677337500e-01
1.560153460384373081e-01
1.560355513282080941e-01
1.561279749240201409e-01
1.561670218730291104e-01
1.562002733844377877e-01
1.562116234944063708e-01
1.562831711224970110e-01
1.563252044236815019e-01
1.563592302648989796e-01
1.564199360406179906e-01
1.564806131032119019e-01
1.564976276707804592e-01
1.565684058459635986e-01
1.565920640545626352e-01
1.566665245578111876e-01
1.567695923089464649e-01
1.568173318225188073e-01
1.568369519371802245e-01
1.568620669731991546e-01
1.569477956004003416e-01
1.569714519193409208e-01
1.569822655975918746e-01
1.570225188231114399e-01
1.570588893367101946e-01
1.571224562281778314e-01
1.571278687879709146e-01
1.571971781068702279e-01
1.572643010482132064e-01
1.572882228998965515e-01
1.573196823592163673e-01
1.573925114130790281e-01
1.574243649369392317e-01
1.575058037055446780e-01
1.575517360993760330e-01
1.576154839725401879e-01
1.576471190616018647e-01
1.577089712328575422e-01
1.577429346999797699e-01
1.577941906571754815e-01
1.578221455251112293e-01
1.578377556635053858e-01
1.578718680702931587e-01
1.579120502962562400e-01
1.579874874827841558e-01
1.580448614347898240e-01
1.580652585295241608e-01
1.581334753563863882e-01
1.581590178639050159e-01
1.582347427184089550e-01
1.582391766740785521e-01
1.582635716921635682e-01
1.583137801796663247e-01
1.583861858133816525e-01
1.584227644679351565e-01
1.584916376232873014e-01
1.585053636354201989e-01
1.585539467580170947e-01
1.585833733058829853e-01
1.586613891722324088e-01
1.587086052382379597e-01
1.587894904497893223e-01
1.588390570196691332e-01
1.588689340050662979e-01
1.589183860711886331e-01
1.589658548318695075e-01
1.589982889741540784e-01
1.590360604291312097e-01
1.590967863192520315e-01
1.591083654912505696e-01
1.591535608040139382e-01
1.592281492311891644e-01
1.592811546025238445e-01
1.593370098013250635e-01
1.593634123843030992e-01
1.594035894643310580e-01
1.594285784428242647e-01
1.594678708041179227e-01
1.595622511673283339e-01
1.595851199102995555e-01
1.596250753210547435e-01
1.596738874181750645e-01
1.596753627796171082e-01
1.597278200335768006e-01
1.597468570833625590e-01
1.598420156830652195e-01
1.598843962767396709e-01
1.599578654201624373e-01
1.599951162831904916e-01
1.600405955757365772e-01
1.600751219623688104e-01
1.601372574467684884e-01
1.601390008548310151e-01
1.601749379926122596e-01
1.602067071934888953e-01
1.602913296400350907e-01
1.602934274492928413e-01
1.603212821890377393e-01
1.604038247125860739e-01
1.604876376512014424e-01
1.605211393683033672e-01
1.605517202549025801e-01
1.606207749086555892e-01
1.606546382273542628e-01
1.606968454556900738e-01
1.607550933400540838e-01
1.607818772500780591e-01
1.608718375004686008e-01
1.609164813385845494e-01
1.609594499346176655e-01
1.609780757352733405e-01
1.610894747308653785e-01
1.611629916072490620e-01
1.612492315439112978e-01
1.612919268575992437e-01
1.613188275672134964e-01
1.613800586555234617e-01
1.614417867504853998e-01
1.614677210190403334e-01
1.614914689862470276e-01
1.615593198987372303e-01
1.616120701097086554e-01
1.616619121487256616e-01
1.617049684204208415e-01
1.617190258807857384e-01
1.617977069815392799e-01
1.618325536033982659e-01
1.618559034367791638e-01
1.619268676866248979e-01
1.619643271629789272e-01
1.619831438740249874e-01
1.620600630852783441e-01
1.620971503623805376e-01
1.621806735328701621e-01
1.622138889924241711e-01
1.622699959957575599e-01
1.623347662096660537e-01
1.623415869453680715e-01
1.623690483048327582e-01
1.624213095025029696e-01
1.624424278701330215e-01
1.624693623863124603e-01
1.625165918919736774e-01
1.626037109356961441e-01
1.626194358981055965e-01
1.626544948681457603e-01
1.626722551469787226e-01
1.628091273095572389e-01
1.628243095279651165e-01
1.628654695606581160e-01
1.629172582681999160e-01
1.630088079783062471e-01
1.630291081847688173e-01
1.630946600331798779e-01
1.631375394803200318e-01
1.631952762464803086e-01
1.632120671570770898e-01
1.632806765695885010e-01
1.632900559350793090e-01
1.633054906495348679e-01
1.633480494486357626e-01
1.634002467886040977e-01
1.634846202863568243e-01
1.635599888615575370e-01
1.635844619510408993e-01
1.636402551352616197e-01
1.636589586078692482e-01
1.637198102256211818e-01
1.637226256161577465e-01
1.637896095029310883e-01
1.638026668474402148e-01
1.638494291656935054e-01
1.639431021853561821e-01
1.639642661260890810e-01
1.640482137441023613e-01
1.640823829621980978e-01
1.641290909901871875e-01
1.641642626067615351e-01
1.641752371185341286e-01
1.643068211156366865e-01
1.643439781768488706e-01
1.644031387477946637e-01
1.644311937021951664e-01
1.644754275408383537e-01
1.645113946979717134e-01
1.645639316986527989e-01
1.646081989757042507e-01
1.646334910283094033e-01
1.646748139653594067e-01
1.647686041486396413e-01
1.648281701845628056e-01
1.648522165684418728e-01
1.649267622161303126e-01
1.649347539185183342e-01
1.650133332313433177e-01
1.650266030325135413e-01
1.650699135263684891e-01
1.651144297521936477e-01
1.651650457041740072e-01
1.651778041631692395e-01
1.652689969178977036e-01
1.653243984519102427e-01
1.653996296466052618e-01
1.654613916731057510e-01
1.655008969840911504e-01
1.655460633725629183e-01
1.655959988736379618e-01
1.656330954282216883e-01
1.657468334204393878e-01
1.657787309473145732e-01
1.658244737982262906e-01
1.659008441076876283e-01
1.659961100695969971e-01
1.660240084981519093e-01
1.660485287663391041e-01
1.661350527877518135e-01
1.662109476844383371e-01
1.663165884709816300e-01
1.663309560765506845e-01
1.663619148039670037e-01
1.663957853112358054e-01
1.665014888949292726e-01
1.665156172228028086e-01
1.665459605291911283e-01
1.665984264640919532e-01
1.666298982766373227e-01
1.666442649017201016e-01
1.667690885493869901e-01
1.667992605957682173e-01
1.668233589230718183e-01
1.668837301848860588e-01
1.669100340373800007e-01
1.669628614841923431e-01
1.669864303226213931e-01
1.670285946787785358e-01
1.671030626667762142e-01
1.671569524368288762e-01
1.671832782161153941e-01
1.672575032244928150e-01
1.673451946547551694e-01
1.673679287140444616e-01
1.674220315472343679e-01
1.674279471183643953e-01
1.674617314243841415e-01
1.674754358849362967e-01
1.675467529416562462e-01
1.675758306053781177e-01
1.675866414722387288e-01
1.676409054777431573e-01
1.677060193354468487e-01
1.677554387375600475e-01
1.678316912514369319e-01
1.679162080369430154e-01
1.679545057714694756e-01
1.680018411182653271e-01
1.680820056653372363e-01
1.681062511753258215e-01
1.681691687829696136e-01
1.681957490955856838e-01
1.682164482263310001e-01
1.682182367674571744e-01
1.682939411498243221e-01
1.683092749090163431e-01
1.683703209465378658e-01
1.684344708770763588e-01
1.685171777622785361e-01
1.685626954197352312e-01
1.685923097565738826e-01
1.686632427542767709e-01
1.687236799435706813e-01
1.687642727990837921e-01
1.688271261814213164e-01
1.688522445857451038e-01
1.689109947917521726e-01
1.689511362018461249e-01
1.690252656512991614e-01
1.690474989721345023e-01
1.690717004838383219e-01
1.691823511023459181e-01
1.691859171153846098e-01
1.692047327119252376e-01
1.692818401605978573e-01
1.693490186280774967e-01
1.693575845546463343e-01
1.694451407587054814e-01
1.694805318237904146e-01
1.695495218853146635e-01
1.695899475667549117e-01
1.696128567621370264e-01
1.696684461916614928e-01
1.697127631630744871e-01
1.697579169662249421e-01
1.698262103383321453e-01
1.698567306143797528e-01
1.698931253499397220e-01
1.699595270868178576e-01
1.700003834234333766e-01
1.700657349981628541e-01
1.701149926200432316e-01
1.701794933527885911e-01
1.702383793229461928e-01
1.702670582536696398e-01
1.702740368465966991e-01
1.703581291969505085e-01
1.704571819616869099e-01
1.705218598420504550e-01
1.705597983509553328e-01
1.706246049814020005e-01
1.706742343734667655e-01
1.707274796056883204e-01
1.707378400998499912e-01
1.708049600820368275e-01
1.708386839681720060e-01
1.708748432138208762e-01
1.708822790454150864e-01
1.709776817434144891e-01
1.710665055021306225e-01
1.710767788754742058e-01
1.711290558183801713e-01
1.711760934506329768e-01
1.712899827979171286e-01
1.713565642226261287e-01
1.714118868097480874e-01
1.714406786925302406e-01
1.714726360300764807e-01
1.715364018197898244e-01
1.716227332873256073e-01
1.716565720994439048e-01
1.717790702103512424e-01
1.718290852477207808e-01
1.718591556855505464e-01
1.719017303305592215e-01
1.719518464985915762e-01
1.720356890388059778e-01
1.720491879600452301e-01
1.721335165275350298e-01
1.721595202775665912e-01
1.721695742616728142e-01
1.721714161827599676e-01
1.722274929450573477e-01
1.723341674600750162e-01
1.723490449537903035e-01
1.724070720787620192e-01
1.724784324041314931e-01
1.724821562603929548e-01
1.725616232159582208e-01
1.725680579307666829e-01
1.725865444514844138e-01
1.726369244746915610e-01
1.727022600071042302e-01
1.727824726141704292e-01
1.728154960554466046e-01
1.728908497063297578e-01
1.730096259584457119e-01
1.730367219761445030e-01
1.730530526057058871e-01
1.731368876715140004e-01
1.731790741607288076e-01
1.732610628835950239e-01
1.733165777235693705e-01
1.733696108194368590e-01
1.734027822405896091e-01
1.734500049609747907e-01
1.735227765887588092e-01
1.735666742515735717e-01
1.736410631594660914e-01
1.736994019617768004e-01
1.737006955397331076e-01
1.737609452683220590e-01
1.737826722150084824e-01
1.738231799207334005e-01
1.738936164029198927e-01
1.739720578052225408e-01
1.740274928768722751e-01
1.740581236026192136e-01
1.741264130630114093e-01
1.741684313063975031e-01
1.742646015190506825e-01
1.742840713642928030e-01
1.742942065787786432e-01
1.743603313595812609e-01
1.744114120220327802e-01
1.744600597936193376e-01
1.745166848723913589e-01
1.745672676855157535e-01
1.745849348786056854e-01
1.746214704849581301e-01
1.746863447010210957e-01
1.748099231212870697e-01
1.748193926566583845e-01
1.748630283028833887e-01
1.748710802317979540e-01
1.749720417294752528e-01
1.749788328438903195e-01
1.750145359771156650e-01
1.750777079217477883e-01
1.751406682342195320e-01
1.752080301605138946e-01
1.752360160620497487e-01
1.752962300096635451e-01
1.753268523285322067e-01
1.754575068604943833e-01
1.754925409465903086e-01
1.755104632374738238e-01
1.755772883873303325e-01
1.756313025694336560e-01
1.756556713189542929e-01
1.757349163061497077e-01
1.757505595660914521e-01
1.758193004380847468e-01
1.758556813930249041e-01
1.759734875329496961e-01
1.759926978682899434e-01
1.760985609194335166e-01
1.761769018070708515e-01
1.762032402850245982e-01
1.762609902030565778e-01
1.763318987876159871e-01
1.763692164417323682e-01
1.763987527188365101e-01
1.764259940170840590e-01
1.764911291480388555e-01
1.765457551216297882e-01
1.766609931237618503e-01
1.767043462437978552e-01
1.767580281193344427e-01
1.768241378803204755e-01
1.768751345767733962e-01
1.768992409436861979e-01
1.769581775289598147e-01
1.770357003809177321e-01
1.770635123904088504e-01
1.771505496574692362e-01
1.772092212868862371e-01
1.773301778379400562e-01
1.773555857094604449e-01
1.773731669817380785e-01
1.774263889223027524e-01
1.774435007420764876e-01
1.774826782200983333e-01
1.775722522534398939e-01
1.776979710409258006e-01
1.777582489182966408e-01
1.778163136841086622e-01
1.778768277305437517e-01
1.779746651834372972e-01
1.779895514143260415e-01
1.780079402796995725e-01
1.780603372059301748e-01
1.781495858394764875e-01
1.781671767555111363e-01
1.782314236497363757e-01
1.783178262122326052e-01
1.783442297765804596e-01
1.784405400482425852e-01
1.784663414436632456e-01
1.785239305968714940e-01
1.785896693727349605e-01
1.786254787465292870e-01
1.786784865830537139e-01
1.787497770061965141e-01
1.787728316269302786e-01
1.788102108351508068e-01
1.788571077244482666e-01
1.788893323842813965e-01
1.789273969740100834e-01
1.789744434582088983e-01
1.790511513694781620e-01
1.791702482819672038e-01
1.792129967553325876e-01
1.792747502944494475e-01
1.793369902682782346e-01
1.793590384391702264e-01
1.794151401484267994e-01
1.795061962261203514e-01
1.795450033329132888e-01
1.795901661430721885e-01
1.796291497463843867e-01
1.796399187114884888e-01
1.797271912767875179e-01
1.798116416884721902e-01
1.798349765999259497e-01
1.798610535244863640e-01
1.799103139678488172e-01
1.800114077407450608e-01
1.800173766640439932e-01
1.800637665488680206e-01
1.801120184861185469e-01
1.801960651439429295e-01
1.802471639671812120e-01
1.803613169327827614e-01
1.803823853228166407e-01
1.804575270476930504e-01
1.804981823187224166e-01
1.805299148278256272e-01
1.805563773281929907e-01
1.806293229228987107e-01
1.806596800072045039e-01
1.806828506990070249e-01
1.808242823405887822e-01
1.808788050428062899e-01
1.809142049412773567e-01
1.809507877543421184e-01
1.810037422025321530e-01
1.810405328023221017e-01
1.810889833945745486e-01
1.811789946040822108e-01
1.812019467287839802e-01
1.812285619206331633e-01
1.813002632419943583e-01
1.813717611037633792e-01
1.813963867110333361e-01
1.814407118869413860e-01
1.814960959386608119e-01
1.815574279026162530e-01
1.816082273190109952e-01
1.816423461260729122e-01
1.817335825032881658e-01
1.817624534369514933e-01
1.817987741463360785e-01
1.819149255599367132e-01
1.819605416273538667e-01
1.819782409559290992e-01
1.821123748291949285e-01
1.821169954923110290e-01
1.821318645367624722e-01
1.821819840254736977e-01
1.822440786487426745e-01
1.822842461180739781e-01
1.823083961490026272e-01
1.823918230311716571e-01
1.824496683461079849e-01
1.824806146229697168e-01
1.825653495883440003e-01
1.826168582080822389e-01
1.826656220449354995e-01
1.827068934411227030e-01
1.827872242252698842e-01
1.828657704651962812e-01
1.828947699500746149e-01
1.829489451099623465e-01
1.830067622789625925e-01
1.830342720427843017e-01
1.831304158524724723e-01
1.831426220502326840e-01
1.832334646190558192e-01
1.833015960221457963e-01
1.833113805666159446e-01
1.833291223648155222e-01
1.833860662163804556e-01
1.834756173157498227e-01
1.834908158081581808e-01
1.835565750931317519e-01
1.835830933909603779e-01
1.836291354071058757e-01
1.836667708851369707e-01
1.837319388985046986e-01
1.837699058956122899e-01
1.838236339529550623e-01
1.838417244788407845e-01
1.839278119415566071e-01
1.839658047160439291e-01
1.839789281321667080e-01
1.840805107358654824e-01
1.841605218529550336e-01
1.842292978502862999e-01
1.842437038005801941e-01
1.842699439751317725e-01
1.843416381092011780e-01
1.843947259996670252e-01
1.843961335924658995e-01
1.844281748050075609e-01
1.845323690959685681e-01
1.845606406400811250e-01
1.846214069562488735e-01
1.847317063025208650e-01
1.847804647868031558e-01
1.848301722339077136e-01
1.848718066925941483e-01
1.848956885327906474e-01
1.850002774483937296e-01
1.850531182034036992e-01
1.850990816552515739e-01
1.851261463137217622e-01
1.851653792421354694e-01
1.852461988044933339e-01
1.853101888099845107e-01
1.853424850424234549e-01
1.854105986246750160e-01
1.854984096070511068e-01
1.855983734184438183e-01
1.856345743360187650e-01
1.856470133798394651e-01
1.857340550315690897e-01
1.857821929855489607e-01
1.858384810740798532e-01
1.858903899105980861e-01
1.859465740748496854e-01
1.860157260924356348e-01
1.861020252615429860e-01
1.861497439995809799e-01
1.861884157392207639e-01
1.862501956591433305e-01
1.862635810548722848e-01
1.863257672415043198e-01
1.864079463913889401e-01
1.864238041362958898e-01
1.865256383224692116e-01
1.865520100637600986e-01
1.865608089454966201e-01
1.866690567475055573e-01
1.866958990315362721e-01
1.868073644697817726e-01
1.868638435992326097e-01
1.868823884163429427e-01
1.869394401601203182e-01
1.869795573560599500e-01
1.869961519505524694e-01
1.870421079152583821e-01
1.870627258273182547e-01
1.871332969373645516e-01
1.872452232522709981e-01
1.872462832335393124e-01
1.873008444547870910e-01
1.873526099928841115e-01
1.873840419720752826e-01
1.874561339886047506e-01
1.874945559953190566e-01
1.875725821580895292e-01
1.876134166369683165e-01
1.876894111520944486e-01
1.877507819406162570e-01
1.877891862163901249e-01
1.878114449617565573e-01
1.878887202143856294e-01
1.879430850867340463e-01
1.880056406404729541e-01
1.880154443150831300e-01
1.880994176633307424e-01
1.881510214135748704e-01
1.881726980319804454e-01
1.882517303947089937e-01
1.882847133947420926e-01
1.884118331532358970e-01
1.884882761124612727e-01
1.885283287293901544e-01
1.885670314408066650e-01
1.886306960643361064e-01
1.887325355345352840e-01
1.887603368735910891e-01
1.888549342731636049e-01
1.889029770883716708e-01
1.889597482532731909e-01
1.889939370440713862e-01
1.890079400104052454e-01
1.890460336414569453e-01
1.891033886108481887e-01
1.892217670614785852e-01
1.892909848346963908e-01
1.893252526324300522e-01
1.893585780512074268e-01
1.894465568215999429e-01
1.895079897056669571e-01
1.895148835353133998e-01
1.895917142833133395e-01
1.896213808203900120e-01
1.896463672656604482e-01
1.897104974303755187e-01
1.897787196107118546e-01
1.898297285273016499e-01
1.898759842650269425e-01
1.898983222466712750e-01
1.900255678865464537e-01
1.900710876987171671e-01
1.901268917836627381e-01
1.901941824283666371e-01
1.903084776796891420e-01
1.903882643064779556e-01
1.904573519723617436e-01
1.904665737423546223e-01
1.904668112098317212e-01
1.905179332689503902e-01
1.906053446933035911e-01
1.906769619599429921e-01
1.907450797630225736e-01
1.908249106935081818e-01
1.909230649346069231e-01
1.909335073451805809e-01
1.909901693706699266e-01
1.910913511607088278e-01
1.911339542237394107e-01
1.911676760241004247e-01
1.911999067553523390e-01
1.912724808068906601e-01
1.913293692000394841e-01
1.913772256688684170e-01
1.913937654837938596e-01
1.915128317054201890e-01
1.915252415746171444e-01
1.916199841943249382e-01
1.917321839185784915e-01
1.917387140186344319e-01
1.917890000694608688e-01
1.918560760244821251e-01
1.918889174460806368e-01
1.919089390162190267e-01
1.920322658438787244e-01
1.920565968581801897e-01
1.920899203629844176e-01
1.922181775466497156e-01
1.923130893531074526e-01
1.923265427640001302e-01
1.923804420456080300e-01
1.924499846895107447e-01
1.925059630038682690e-01
1.925771780934744937e-01
1.926626908837347774e-01
1.926813062628879303e-01
1.927272771337546764e-01
1.928210762564585568e-01
1.928997964272053944e-01
1.929504337902135935e-01
1.929912527388985555e-01
1.930711485005618955e-01
1.931173270657125240e-01
1.932366025519392794e-01
1.932880442016655098e-01
1.933656193692699088e-01
1.933896435980148043e-01
1.934900497761738725e-01
1.935766096657894064e-01
1.936238997127446293e-01
1.936883002009558152e-01
1.937007674300276205e-01
1.937187911624203562e-01
1.937775617870223233e-01
1.938863901687473412e-01
1.940232013852537796e-01
1.940425015454470270e-01
1.940902452806942124e-01
1.941789285888396999e-01
1.942059938062427604e-01
1.942446522019081745e-01
1.943478643354941970e-01
1.944159917778775226e-01
1.944587061244774095e-01
1.944884686852655920e-01
1.946541297431773343e-01
1.946701921530974988e-01
1.947014177294139614e-01
1.948026674182407325e-01
1.948463527625272085e-01
1.948935069552252264e-01
1.949099312469755596e-01
1.949676170958826449e-01
1.949961517453411841e-01
1.950291668586065785e-01
1.951544302118186358e-01
1.952079708017935289e-01
1.952584645064409652e-01
1.953083431321769314e-01
1.954393795916390952e-01
1.954824632265202700e-01
1.955284384388138730e-01
1.956240777933279662e-01
1.957026284518111059e-01
1.957385377262008119e-01
1.957623678314820148e-01
1.958244223038089482e-01
1.958499072619034886e-01
1.958997812868001620e-01
1.959278996214645907e-01
1.960414717183810718e-01
1.960946629484117965e-01
1.961751613377103465e-01
1.962222512340188740e-01
1.962701745464381364e-01
1.963554293887348756e-01
1.963789264534128165e-01
1.964167118928809574e-01
1.964554407996758345e-01
1.965049949033102761e-01
1.965971438195479870e-01
1.966572619092035734e-01
1.967203271481896554e-01
1.967720979247599977e-01
1.968649883181369242e-01
1.968865161719422496e-01
1.969570273596394638e-01
1.969867690242217695e-01
1.971385987409811080e-01
1.971911132295422475e-01
1.972124731476894433e-01
1.972820717861107354e-01
1.973366708164383254e-01
1.973886869570116998e-01
1.974895145462764734e-01
1.975254596658798656e-01
1.975614432497737882e-01
1.976457151036896398e-01
1.977123365376847186e-01
1.977330887059295939e-01
1.977920061498672777e-01
1.978395695425333167e-01
1.979090638331010565e-01
1.980472275967795626e-01
1.980642976169622593e-01
1.981704269888640846e-01
1.982179289917140319e-01
1.982344709169833463e-01
1.983353383070101117e-01
1.984190917108281105e-01
1.984983637432427284e-01
1.985452043437582470e-01
1.986027981320856173e-01
1.986337790324967656e-01
1.987379388803928726e-01
1.988163218689721345e-01
1.988272292096039118e-01
1.988754147690510177e-01
1.989757347741131777e-01
1.990139246348127389e-01
1.990343230820212361e-01
1.990977798543902277e-01
1.991899330704386128e-01
1.992414339303623938e-01
1.992591804987601800e-01
1.993801736731336816e-01
1.994324972753074299e-01
1.995224203644035688e-01
1.995822242780889988e-01
1.996428448058318317e-01
1.997538287799514589e-01
1.997977340851234962e-01
1.998232186943461053e-01
1.999010013597057878e-01
1.999459689768335879e-01
1.999706495000502238e-01
1.999916174056794449e-01
2.001057116444361073e-01
2.002591127794775550e-01
2.003053876049429305e-01
2.003715297523380456e-01
2.004180634665885807e-01
2.004840237850852858e-01
2.005691658554355772e-01
2.006431141907754345e-01
2.006996075454351158e-01
2.007251417823135153e-01
2.008038596186922098e-01
2.008346483680809869e-01
2.008503714690230146e-01
2.008942884095555603e-01
2.009860651351226823e-01
2.010056186685240665e-01
2.010689994176113049e-01
2.011233129792922847e-01
2.011774741208573469e-01
2.012299132256283318e-01
2.012943091054152922e-01
2.013517811874622754e-01
2.014098749966682089e-01
2.015589623895895355e-01
2.015945257468181595e-01
2.016059670963817330e-01
2.016951334879417967e-01
2.017395014759860439e-01
2.018296628554529237e-01
2.018704735629931468e-01
2.019128879036784230e-01
2.020006168469400121e-01
2.020434807337449234e-01
2.021142605875370091e-01
2.021748618496113648e-01
2.022380636296324530e-01
2.023129545490481296e-01
2.023399608624628920e-01
2.023738867215772730e-01
2.023854668778088395e-01
2.024953316489844501e-01
2.025574097799411333e-01
2.026378372821681095e-01
2.027082060115499573e-01
2.028083666670621177e-01
2.028432912074771832e-01
2.028469049424034276e-01
2.029582307715578626e-01
2.030015604153007913e-01
2.030499189621376432e-01
2.031261850057941853e-01
2.032110446920482039e-01
2.032792823543690119e-01
2.033557195838543441e-01
2.033746732410311453e-01
2.034463320580849610e-01
2.034704735903678230e-01
2.035285564493823085e-01
2.036306349111545733e-01
2.036470947068903803e-01
2.037611285144722284e-01
2.038070456223143312e-01
2.038709248216877268e-01
2.038873785302094677e-01
2.039933134358991595e-01
2.040417033026605542e-01
2.040656656572864269e-01
2.041071008310407775e-01
2.041799600759333644e-01
2.042545425814937810e-01
2.042911619282263280e-01
2.043227305683105455e-01
2.044333548674414081e-01
2.044655396553092808e-01
2.045316684290780229e-01
2.046341410696974061e-01
2.046682736154790405e-01
2.047918690470321712e-01
2.048790204501806100e-01
2.048876642428486827e-01
2.049408532620650703e-01
2.050205186835278026e-01
2.050564993108614786e-01
2.050986107033238304e-01
2.051468859222140284e-01
2.052185464024856854e-01
2.052998388093867921e-01
2.053651553182496148e-01
2.054197328576200521e-01
2.055164654717350214e-01
2.055737571638324157e-01
2.056029188957566034e-01
2.056326459267391049e-01
2.057116215326116049e-01
2.057444630829586563e-01
2.058145895729066033e-01
2.058739513871094273e-01
2.059358716821751700e-01
2.059945059649509191e-01
2.060038289029969549e-01
2.061180728601997858e-01
2.061531903761988638e-01
2.062963455131558155e-01
2.063419962387543494e-01
2.063909141201865360e-01
2.064659641150626834e-01
2.065381896619552793e-01
2.065635983002605258e-01
2.066276265396108647e-01
2.066855091115165910e-01
2.067562627604687397e-01
2.068367972545607780e-01
2.068898741035403166e-01
2.069066601827959651e-01
2.069782757357977732e-01
2.070485713350518342e-01
2.071087048802631725e-01
2.071657624785743501e-01
2.072295928134400278e-01
2.073182826900187847e-01
2.073399713348420270e-01
2.074010125434194718e-01
2.074198012572563421e-01
2.075654707967112822e-01
2.076459008542569651e-01
2.077578572102732613e-01
2.077740890833347509e-01
2.077953397881398823e-01
2.078556698949760306e-01
2.079685644328624072e-01
2.080018846726400805e-01
2.080211758881115036e-01
2.080510153599934020e-01
2.080899796810192492e-01
2.082217959935648566e-01
2.082908244793813257e-01
2.084104913615099086e-01
2.084426574404257826e-01
2.084615096927653344e-01
2.084921258475075923e-01
2.085794377682817780e-01
2.087195114579546706e-01
2.087357544788261687e-01
2.088468738530670776e-01
2.088655972456652798e-01
2.088904717074684392e-01
2.089258831801177607e-01
2.090457860767702125e-01
2.090868508580298601e-01
2.091486585313454549e-01
2.091857476594093102e-01
2.092755145678151518e-01
2.093556203633735457e-01
2.093702468640546432e-01
2.095097869450454897e-01
2.095975447270456704e-01
2.096200964420133206e-01
2.096736220476832779e-01
2.097091807091656102e-01
2.097293219801648623e-01
2.099051893318907014e-01
2.099131103347766092e-01
2.099875164661632043e-01
2.100656185292985867e-01
2.101033438879572335e-01
2.101178400280066805e-01
2.102444594923503218e-01
2.102804184706905943e-01
2.103458551964410284e-01
2.104390982894638884e-01
2.104609517492242454e-01
2.105470093437264434e-01
2.106593052273541544e-01
2.107506878271770689e-01
2.107910981068207845e-01
2.108946255545450787e-01
2.109253066770876150e-01
2.109889009197506993e-01
2.110144004164187792e-01
2.111129956271483588e-01
2.111373269762996940e-01
2.111483949446218700e-01
2.112022355181671363e-01
2.113186934142792794e-01
2.113630837047259237e-01
2.113944775782512775e-01
2.114829563780887267e-01
2.115412353001350221e-01
2.115702083366049480e-01
2.116555339951371739e-01
2.116948384297493435e-01
2.117619347917180372e-01
2.118100769974482767e-01
2.118736264786443557e-01
2.119973225760918845e-01
2.120441634263270925e-01
2.120649871480367321e-01
2.121002883006806727e-01
2.122641588077202601e-01
2.123553045529529282e-01
2.124128767222335512e-01
2.124835123912740542e-01
2.125167619126436813e-01
2.125486563920052085e-01
2.126093118623661737e-01
2.126722251565534849e-01
2.127412500823032682e-01
2.128157051449275361e-01
2.128802374780948969e-01
2.129579371503911578e-01
2.129999519253684137e-01
2.130262753588048619e-01
2.131227213153330247e-01
2.132423927118758666e-01
2.132751713010946626e-01
2.133223429803805526e-01
2.133921151163021002e-01
2.134426953815351802e-01
2.134720852307948891e-01
2.135670200749837655e-01
2.135829483250981098e-01
2.137252410882656273e-01
2.137544623229804541e-01
2.138099264450484815e-01
2.138608037987349830e-01
2.138975256845710715e-01
2.139897124375056692e-01
2.140691004979364542e-01
2.141590224336092085e-01
2.141630917927767053e-01
2.142271922127233774e-01
2.142936747646250750e-01
2.143782964132478763e-01
2.144278557978574473e-01
2.144725158180519065e-01
2.144781931756977178e-01
2.146231781549644280e-01
2.146820704076924102e-01
2.147328804549490933e-01
2.147523008878822748e-01
2.148338151905254123e-01
2.149326318065501451e-01
2.150292384035649429e-01
2.150632557014660329e-01
2.151110012680840511e-01
2.151950276560035125e-01
2.152703334467533369e-01
2.153087402108468940e-01
2.153994658768662585e-01
2.154731058569942515e-01
2.155073029076257363e-01
2.155410233587606583e-01
2.156597661493240836e-01
2.157282019516904015e-01
2.158184822085183474e-01
2.159576276095237224e-01
2.159671652271310527e-01
2.160840401516177511e-01
2.161272309273139236e-01
2.161638959453798803e-01
2.162017080371985422e-01
2.162637958372266578e-01
2.162932732967218219e-01
2.164478301600473442e-01
2.164753434219605088e-01
2.165016659785853614e-01
2.165542579769598741e-01
2.166938195673211720e-01
2.167854983517359113e-01
2.168326699387381207e-01
2.169032831522565152e-01
2.169260451232630782e-01
2.169888165799742641e-01
2.170082544998659102e-01
2.170589366829307199e-01
2.171313998516583577e-01
2.171814288279240446e-01
2.172400012678996906e-01
2.173061424107667894e-01
2.174170571250536310e-01
2.174896086522837557e-01
2.175010489869831365e-01
2.175776705109579989e-01
2.176653312457239864e-01
2.177342159186944626e-01
2.177873215087767211e-01
2.178897680764056155e-01
2.179532398981056662e-01
2.180514162428722202e-01
2.180748009092289552e-01
2.181637758447640962e-01
2.182657686441578926e-01
2.183196077844921645e-01
2.183976839079582732e-01
2.184536808998775448e-01
2.184756472601220301e-01
2.185290700500390759e-01
2.186208242542499458e-01
2.187089996264584280e-01
2.187855730971668411e-01
2.188730087348248199e-01
2.189465898959853385e-01
2.190041183987843365e-01
2.190721316459994517e-01
2.191409305188893875e-01
2.192400017600181217e-01
2.192758124382217233e-01
2.193385183685013229e-01
2.193972576123533191e-01
2.194448984711635520e-01
2.195566923049006580e-01
2.196333624510687088e-01
2.197182153291852569e-01
2.197415790790491763e-01
2.198888904875806738e-01
2.199049569088543932e-01
2.199310080737812145e-01
2.199778458916585300e-01
2.200374038391297582e-01
2.201220898154566397e-01
2.201591588467206317e-01
2.202618885972907892e-01
2.202975212335164246e-01
2.203357696896154350e-01
2.204098826863888916e-01
2.205268289296889728e-01
2.205491063286499354e-01
2.206392672776483210e-01
2.207173751763341907e-01
2.207494859688584332e-01
2.208068764203642842e-01
2.208458361014449811e-01
2.209321029000680670e-01
2.210089597213919788e-01
2.210710107677172076e-01
2.211034405803468939e-01
2.212077638493883114e-01
2.212304881663437195e-01
2.213031904601403810e-01
2.213373303925880997e-01
2.214778136199338221e-01
2.215510677534630324e-01
2.216377932954173569e-01
2.216728671782475513e-01
2.217401953809577109e-01
2.217898202255802198e-01
2.218482212616292304e-01
2.219556423563594783e-01
2.220219157445501024e-01
2.221005763744738348e-01
2.221464964026410860e-01
2.221700924421601830e-01
2.222497774514416990e-01
2.222852717700377345e-01
2.223693975691822255e-01
2.224715332683354085e-01
2.225442840033000358e-01
2.225669085230772559e-01
2.226346196507243413e-01
2.226665985144064275e-01
2.227208590496719542e-01
2.228197210827827790e-01
2.228930407077936993e-01
2.229421248902154762e-01
2.229902708827991853e-01
2.231144250256340833e-01
2.231502992592282464e-01
2.231944781026566627e-01
2.233073978333783294e-01
2.233416947027941912e-01
2.234096109343077785e-01
2.234569259096552407e-01
2.235515513491610762e-01
2.236716977161414266e-01
2.236923983331970400e-01
2.237271756214586627e-01
2.237786827193176953e-01
2.237911110948409554e-01
2.238921316797959082e-01
2.240264693572178167e-01
2.240558463231699660e-01
2.240704152117938552e-01
2.241583680819644320e-01
2.241805823537197651e-01
2.242888831712824549e-01
2.243342220161294309e-01
2.244924695351089572e-01
2.245187194824954102e-01
2.246009634806917510e-01
2.246642997599182789e-01
2.247121977195180864e-01
2.247733280563712355e-01
2.248525573634356511e-01
2.248910641562698876e-01
2.249244875663411469e-01
2.249793754174959359e-01
2.250823314268870501e-01
2.251451458413246121e-01
2.251920703031729531e-01
2.253447005282219751e-01
2.253489535752229433e-01
2.253782383464839889e-01
2.254949643788813629e-01
2.255559984133152784e-01
2.255641267038588360e-01
2.256156345041628319e-01
2.256884569311533306e-01
2.258381039729384920e-01
2.258688137111926619e-01
2.259214559387622834e-01
2.260403943912198399e-01
2.260781274116616113e-01
2.261005547856434761e-01
2.261592569485512405e-01
2.262916603077594346e-01
2.263657381743114649e-01
2.264474472980787245e-01
2.264651754074828993e-01
2.265652875109184783e-01
2.265969065330443732e-01
2.266621179898742899e-01
2.266800108027660354e-01
2.268249470896779030e-01
2.269035273018048249e-01
2.269548229260937300e-01
2.269773512347469657e-01
2.270229722062303557e-01
2.270821611729401113e-01
2.272336858289985273e-01
2.272602284918938120e-01
2.272685230389615840e-01
2.273542777756894229e-01
2.274237706316621088e-01
2.274347282640938883e-01
2.275206298048261522e-01
2.275914445591602497e-01
2.276415348076406830e-01
2.277121319458851323e-01
2.277773597900788760e-01
2.278236134455934592e-01
2.279284016407334412e-01
2.279481839321879089e-01
2.280370096792827261e-01
2.280602654917567307e-01
2.281421889947945758e-01
2.282264270471097978e-01
2.282310608658333628e-01
2.282656404108774351e-01
2.283957179856131448e-01
2.284623170929392655e-01
2.284864399865577100e-01
2.285478223547759979e-01
2.286918289433332308e-01
2.287736745411365069e-01
2.288246828766374585e-01
2.289319730639916561e-01
2.289801764113096050e-01
2.289943570534168082e-01
2.290467279099790143e-01
2.290987630541705122e-01
2.291378295787298014e-01
2.292329719488264972e-01
2.293305289466157915e-01
2.294164665799532654e-01
2.295335998827586765e-01
2.295539834199476770e-01
2.296221702383312024e-01
2.296636712255943069e-01
2.297383623790218155e-01
2.297697627772339046e-01
2.298665302868982130e-01
2.299509586643867509e-01
2.299597862000004878e-01
2.301150709477260692e-01
2.301521956670270486e-01
2.302292298789965774e-01
2.302964695002947260e-01
2.303470905334122909e-01
2.304434751251469848e-01
2.304684093872010897e-01
2.305612075989816045e-01
2.305931748409988935e-01
2.306801555059272979e-01
2.307129812581529549e-01
2.307653707407907040e-01
2.308406974187974803e-01
2.308846628382622834e-01
2.310019415373035512e-01
2.310428937062561083e-01
2.311042146810508568e-01
2.311698202899463428e-01
2.312300128383857900e-01
2.313212124381157919e-01
2.313877077842599606e-01
2.314287814393809484e-01
2.314630491077558083e-01
2.315397959214753609e-01
2.316384695963328300e-01
2.317171562097301851e-01
2.317788534883983287e-01
2.318222736470107181e-01
2.319292488650627759e-01
2.320012018271479515e-01
2.320297742882542757e-01
2.321108871257056561e-01
2.322033903239484609e-01
2.322410455035291699e-01
2.323306085028507273e-01
2.323695043512379876e-01
2.324346607722605762e-01
2.324948917927796566e-01
2.325300107888105816e-01
2.326249542475173071e-01
2.326577126109579119e-01
2.327905131465574373e-01
2.328124619320262323e-01
2.328509774906875607e-01
2.329192126451641587e-01
2.330208925130452247e-01
2.330927009144005968e-01
2.331423816679752958e-01
2.332208043734141090e-01
2.333003955860113998e-01
2.333165577173201000e-01
2.333805648976569336e-01
2.333982356144721770e-01
2.334666106063678914e-01
2.335745587265018741e-01
2.335889509887549287e-01
2.337349950415775757e-01
2.337933528346946566e-01
2.338816115867113632e-01
2.339929535085757129e-01
2.340430337485664702e-01
2.341532530336514206e-01
2.341892850282889238e-01
2.342370939249740214e-01
2.342582333169911379e-01
2.343168576036808171e-01
2.343592415827248920e-01
2.344039863355808218e-01
2.345463377776660918e-01
2.345556383824175528e-01
2.346311992265768809e-01
2.347029836887340737e-01
2.347739505605563881e-01
2.347860114412889943e-01
2.348700862426282843e-01
2.349245160683229861e-01
2.350236126080198495e-01
2.351006301354203187e-01
2.351878419166621159e-01
2.352067903629930790e-01
2.353207111536886609e-01
2.353447532098819073e-01
2.354241619434793709e-01
2.354627061283825207e-01
2.355965879669879026e-01
2.356397804542021412e-01
2.357030396801831351e-01
2.357424867871123764e-01
2.358608501316346029e-01
2.358642631249085742e-01
2.359712752220463616e-01
2.360494314211692424e-01
2.361298412712021788e-01
2.361821062352972289e-01
2.362574243406376506e-01
2.363585892101776609e-01
2.364357223064447455e-01
2.365096149886765919e-01
2.365557045965384908e-01
2.366090208649473670e-01
2.366698484972993566e-01
2.367053304715610873e-01
2.367268862403659191e-01
2.368086693689385736e-01
2.368826965444556232e-01
2.369497911020845005e-01
2.370052968432539986e-01
2.370874480362170911e-01
2.371673611630574496e-01
2.372180185045951739e-01
2.372771264929761648e-01
2.373486051105551109e-01
2.373791472772247002e-01
2.375239478815960592e-01
2.375424585496367647e-01
2.376013869080654262e-01
2.376797236487804832e-01
2.377025896915469505e-01
2.377925033143117317e-01
2.378693716091820343e-01
2.379319814513343179e-01
2.380505758261805271e-01
2.380923614129196453e-01
2.382125959159316908e-01
2.382347025814788022e-01
2.382711515908879363e-01
2.383514153315398065e-01
2.384026185559066924e-01
2.384562525735420824e-01
2.385050851098378666e-01
2.385652437454212627e-01
2.385981144379816510e-01
2.387090583919110331e-01
2.387502964102911074e-01
2.387582303736560108e-01
2.388241362469202544e-01
2.388593301003404112e-01
2.389734651498514328e-01
2.390051793102860866e-01
2.390519195840524191e-01
2.391971974045307980e-01
2.392405869622617198e-01
2.393239394287798860e-01
2.393519328885295450e-01
2.394266846636968760e-01
2.395437152919672741e-01
2.395963327110034180e-01
2.396622153559558044e-01
2.397330278434266215e-01
2.398633019528156884e-01
2.399008487128590217e-01
2.399719598293605927e-01
2.400683561415450362e-01
2.401391961313581180e-01
2.401564887758425582e-01
2.402377409299603916e-01
2.402590394893202586e-01
2.403297460280909015e-01
2.403663343738715874e-01
2.404226158799222246e-01
2.405169917762370602e-01
2.405789993441556640e-01
2.406177858751378795e-01
2.406707211337711094e-01
2.407456720916278936e-01
2.407950981981394900e-01
2.410124400561350910e-01
2.410364270366050776e-01
2.410487143412718136e-01
2.411091320130202553e-01
2.411481518439821947e-01
2.412428093376646210e-01
2.412502817409143407e-01
2.413059041564164231e-01
2.414218482686768807e-01
2.414700369106442812e-01
2.415580957829286113e-01
2.416273295968967005e-01
2.416825912999492343e-01
2.417596462543570024e-01
2.418734578813076797e-01
2.418783244712926772e-01
2.420165356705592796e-01
2.420759807198643865e-01
2.421699010963216103e-01
2.422204942427219065e-01
2.422827015450356170e-01
2.422992629503497031e-01
2.423712207145708730e-01
2.424821149413457777e-01
2.425744440568916305e-01
2.426008339631766653e-01
2.426656305345993581e-01
2.426727488970310542e-01
2.427378857094367182e-01
2.427883579447802920e-01
2.429049595141220819e-01
2.429599453341964310e-01
2.430834573936676013e-01
2.431591014374855919e-01
2.432238069351602694e-01
2.433134961769414240e-01
2.433472206355390133e-01
2.434147084531165239e-01
2.435030563042842877e-01
2.435462080005893759e-01
2.436325080962791212e-01
2.436814769814278636e-01
2.437581998428664520e-01
2.438516041388904820e-01
2.439311047395108234e-01
2.439918197017870993e-01
2.440297099254865321e-01
2.440995172054517270e-01
2.441243057010547002e-01
2.441956390397970744e-01
2.442771810440903524e-01
2.443868905651003232e-01
2.444248883821090179e-01
2.445497772531233516e-01
2.446013988224993163e-01
2.446226483659244000e-01
2.447176095096190995e-01
2.447428770057649694e-01
2.448120946215784910e-01
2.448463531654254122e-01
2.450004117241923463e-01
2.450399360527004411e-01
2.450476842099658936e-01
2.451965012362155028e-01
2.452716862897530992e-01
2.453072836818877001e-01
2.453538360789518369e-01
2.454013509006494065e-01
2.454931180908124233e-01
2.455226970660969454e-01
2.456212388171267746e-01
2.457255072723858458e-01
2.458327903573392370e-01
2.458662261358533219e-01
2.458849644909235077e-01
2.459179009128552029e-01
2.459385732762883192e-01
2.460517743988235861e-01
2.460610884748486715e-01
2.461289625918765267e-01
2.461666577182965165e-01
2.462639661233116117e-01
2.463259891395169210e-01
2.464361770725307099e-01
2.464933338954213016e-01
2.465588323786088720e-01
2.465787014402179012e-01
2.466529286397546317e-01
2.467297226331344739e-01
2.467821517850229684e-01
2.468799420872823114e-01
2.469318054265877693e-01
2.469749115669403750e-01
2.470401341004810070e-01
2.471576544912432172e-01
2.472044625264231410e-01
2.472627884421127742e-01
2.472997447209974720e-01
2.474083381350056232e-01
2.474678748372157455e-01
2.475171020486538476e-01
2.475532911050914719e-01
2.476477304913278776e-01
2.477279350424935744e-01
2.477465710298709656e-01
2.478003380376347375e-01
2.478740607577758215e-01
2.479687140116716149e-01
2.480127887365128903e-01
2.480905621171136388e-01
2.480942019746403548e-01
2.481761357093246745e-01
2.481986668919748396e-01
2.483711675511989236e-01
2.483963188376454023e-01
2.484938977300972240e-01
2.485555444140419845e-01
2.486812669334051984e-01
2.487340744343690679e-01
2.487815477298641054e-01
2.488704234156899897e-01
2.489400026626951701e-01
2.490154357169451216e-01
2.490479192678302367e-01
2.491411612358621630e-01
2.491896547538721141e-01
2.492532510679651703e-01
2.493144107899819828e-01
2.494331453042348268e-01
2.494747712799108841e-01
2.494852411823496041e-01
2.495294465176269016e-01
2.496318506737982557e-01
2.497504305500740651e-01
2.498098553200306660e-01
2.499058676856921457e-01
2.499686972209693991e-01
2.500623074012395808e-01
2.500775458857310007e-01
2.501543042815534967e-01
2.501940495778394724e-01
2.502600784877204720e-01
2.503026049553396803e-01
2.504152159171972314e-01
2.504596255905225943e-01
2.505131495335158331e-01
2.505598401046733037e-01
2.506701630001729741e-01
2.507151754190564130e-01
2.507572804412293022e-01
2.508281520518165775e-01
2.509140041658865505e-01
2.510173884286488466e-01
2.510498498574073589e-01
2.510953109984378484e-01
2.512519078943568074e-01
2.512706793550724682e-01
2.514260701605419701e-01
2.514440077900709780e-01
2.514916073392079454e-01
2.515660935547274213e-01
2.515826393075690226e-01
2.516862621495988828e-01
2.517523734910211974e-01
2.518479916048873557e-01
2.518678814897822860e-01
2.519310057260387703e-01
2.519998277438152967e-01
2.520450753021743484e-01
2.521029857472784075e-01
2.521627175900365558e-01
2.522335004303481454e-01
2.522930067314012592e-01
2.524152070274872650e-01
2.524874990574718092e-01
2.525289759908956322e-01
2.525621470202104590e-01
2.526528538002538737e-01
2.526869911707191330e-01
2.527667411943287368e-01
2.528537606024253703e-01
2.529481622597539725e-01
2.530519324289808858e-01
2.531055912426055654e-01
2.531611122359492816e-01
2.532189384115469677e-01
2.532584182516239291e-01
2.533019159772369466e-01
2.533245213395073359e-01
2.534287416450056729e-01
2.535375568076625452e-01
2.536307336781595811e-01
2.536731567527059639e-01
2.537048693330988258e-01
2.537656208987059125e-01
2.538702090209907225e-01
2.538997323332913836e-01
2.539643124600276525e-01
2.540536630820351416e-01
2.541492251037974492e-01
2.541830518678839801e-01
2.542149954095806463e-01
2.543088986213269953e-01
2.543528658248132568e-01
2.544330905610298621e-01
2.544741233204350639e-01
2.545271751585613251e-01
2.545597553156254689e-01
2.547036238588256118e-01
2.547317889194946616e-01
2.547749763564801651e-01
2.548590110700785782e-01
2.549826065466149760e-01
2.549969896487063736e-01
2.550669011146216580e-01
2.551084579247989148e-01
2.551368786924077536e-01
2.552885724241766852e-01
2.553269060630293241e-01
2.554574070602267932e-01
2.554870444508759442e-01
2.556093531433802357e-01
2.556460444066614435e-01
2.557260256681158084e-01
2.557536626426601400e-01
2.557907628880650153e-01
2.558740558002855492e-01
2.559030242542428280e-01
2.559849642397448721e-01
2.560911848726548090e-01
2.561694968240282311e-01
2.562349979047562898e-01
2.562993054132214343e-01
2.563489132783550173e-01
2.564110809581663375e-01
2.564750625591983302e-01
2.565146604286593912e-01
2.566333574642959414e-01
2.567196197708161431e-01
2.567576491473512745e-01
2.567805129796210117e-01
2.567947190924060319e-01
2.569752471778456449e-01
2.570070415263319141e-01
2.570548630495453901e-01
2.571455629890169736e-01
2.571784456248997208e-01
2.572325585595019448e-01
2.573467548116341042e-01
2.574205423322324382e-01
2.574845325254755957e-01
2.575472721675979293e-01
2.576054565804643537e-01
2.576687257251875640e-01
2.577855086292560882e-01
2.577874857061807079e-01
2.578927016672944994e-01
2.579530381497942559e-01
2.580078914597713768e-01
2.580236251811089954e-01
2.581769713167898495e-01
2.582322490962792316e-01
2.582489531604083011e-01
2.583891594986259532e-01
2.584018054996858882e-01
2.584640974036665484e-01
2.585564255104809139e-01
2.585968210312671323e-01
2.586421919516221912e-01
2.588181565784135052e-01
2.588531276459626329e-01
2.588824614207738128e-01
2.590391028345040425e-01
2.591067828399558071e-01
2.591467962100234557e-01
2.592148684997641062e-01
2.592657908415769707e-01
2.593197723887343265e-01
2.593829464902942528e-01
2.594254407814926555e-01
2.594966894372900956e-01
2.595574865287864630e-01
2.595996364087951869e-01
2.597125530394366888e-01
2.597306285507272050e-01
2.597580040611976449e-01
2.598637227401332517e-01
2.599697569200452585e-01
2.599983220328344058e-01
2.600830232452067681e-01
2.601322353222632611e-01
2.601770052708394787e-01
2.603277271716551433e-01
2.603605025100058645e-01
2.604317156905708863e-01
2.604463880077086957e-01
2.605825678081733487e-01
2.606156146621016467e-01
2.607362107243729743e-01
2.608170038462379048e-01
2.609316957480667387e-01
2.609550644581090095e-01
2.610509152652341069e-01
2.611044151614100861e-01
2.611385648004059812e-01
2.611791973093199326e-01
2.612639263076730889e-01
2.613240809770921991e-01
2.613566904766812526e-01
2.614037332874578068e-01
2.615246987447867877e-01
2.615840218719809318e-01
2.616285020804591799e-01
2.617033269505947835e-01
2.617141873233115867e-01
2.617741715072932629e-01
2.618242880701332487e-01
2.618709126046813163e-01
2.619722290346577775e-01
2.621071799148801951e-01
2.621324604535049119e-01
2.621723096404243725e-01
2.623487852776957285e-01
2.623668006283061405e-01
2.624731532707483828e-01
2.625518013990228439e-01
2.626146945074266936e-01
2.626863179341848431e-01
2.627092105485587248e-01
2.627751778546715267e-01
2.628725322242131957e-01
2.629131983850787058e-01
2.629588073818842631e-01
2.630364940402549756e-01
2.631562691907976537e-01
2.631925367170709906e-01
2.632626548843745584e-01
2.633418640582390613e-01
2.633616998165522194e-01
2.633742476974772484e-01
2.634383349620665893e-01
2.636028026182141160e-01
2.636901255602879246e-01
2.637526929989556512e-01
2.637774293570521178e-01
2.638528126937236262e-01
2.639473260910245589e-01
2.639546149113003448e-01
2.640246190736474929e-01
2.641128123561882757e-01
2.641799997825873270e-01
2.642422384296601590e-01
2.643034780413121010e-01
2.644001607954006294e-01
2.644485001721320616e-01
2.644866442753782132e-01
2.645435082741702804e-01
2.645938056205993649e-01
2.646563133589515115e-01
2.647558227396102359e-01
2.647924103169843058e-01
2.648292548809293989e-01
2.649393313110137704e-01
2.649711330978315460e-01
2.650409376697340780e-01
2.651315546269516488e-01
2.651563603780680567e-01
2.652306660521600579e-01
2.653228232507633400e-01
2.653308143228684246e-01
2.654083500471166035e-01
2.654687047733930161e-01
2.655870935320113757e-01
2.656669029035837459e-01
2.657168659906503083e-01
2.657723055816442748e-01
2.658401229544841704e-01
2.659232869599986171e-01
2.659584466464188779e-01
2.660458355569920164e-01
2.661527144363793895e-01
2.661719332038703367e-01
2.662383780290037971e-01
2.662728830420632020e-01
2.663266785582741880e-01
2.664295425817078122e-01
2.664607239618937973e-01
2.665571104283395165e-01
2.666543215048590154e-01
2.667496831904478394e-01
2.668106889691209127e-01
2.668690434670718536e-01
2.669290958843418271e-01
2.669983392265191657e-01
2.670222516301683502e-01
2.671267658308663639e-01
2.671825896487403096e-01
2.671973173646807198e-01
2.672155171348530867e-01
2.674421175354320113e-01
2.674648516051871816e-01
2.674784502832799893e-01
2.676528493593250402e-01
2.677469634563527379e-01
2.678211621563036382e-01
2.678377513877769900e-01
2.678724661312673616e-01
2.679127279631607350e-01
2.680021293326926290e-01
2.680679707990166194e-01
2.681357682463906822e-01
2.682007512841290686e-01
2.682383008153730319e-01
2.683097171330301456e-01
2.683590192402144914e-01
2.683818846875647979e-01
2.684714869907837698e-01
2.685182694197451592e-01
2.685739736418606971e-01
2.686746495024245340e-01
2.688113749628641136e-01
2.689568579165719231e-01
2.689774004851800404e-01
2.690120644593670396e-01
2.690672999845332147e-01
2.691918274018429424e-01
2.692185446489751555e-01
2.692610055157529936e-01
2.693511431825607039e-01
2.694093820679159812e-01
2.695108857194574714e-01
2.695325104512278913e-01
2.696115505131388423e-01
2.696594734351929756e-01
2.697178936980340613e-01
2.698284900460690139e-01
2.699288063029348095e-01
2.699804694550816397e-01
2.700305244931929805e-01
2.700452978759204092e-01
2.700921753597897434e-01
2.701858012674072662e-01
2.702120092508242255e-01
2.702919014943490073e-01
2.703783584914057903e-01
2.704715599437342299e-01
2.705227083585227676e-01
2.705946447978856417e-01
2.706570691052291866e-01
2.707886999025348462e-01
2.708425092201200979e-01
2.708963543692439746e-01
2.709807150089548200e-01
2.710098646276796752e-01
2.711146121485695226e-01
2.711676599763901963e-01
2.711863041951131925e-01
2.712570438887954016e-01
2.713753114915551934e-01
2.714226927055995442e-01
2.714907478914797001e-01
2.715879014877515818e-01
2.716049354369070579e-01
2.716603593298144714e-01
2.717624180534990996e-01
2.718332223257456381e-01
2.718617845603196748e-01
2.719073372280553236e-01
2.719523185867736559e-01
2.720544945350238941e-01
2.721562162207432078e-01
2.721833200603641090e-01
2.722618191243573738e-01
2.723326759858359924e-01
2.724578540966015039e-01
2.724813447520993415e-01
2.724872835277092897e-01
2.725463462036397666e-01
2.726487619259103101e-01
2.727689333563935725e-01
2.728400267238291210e-01
2.728938857614488511e-01
2.729470070483092647e-01
2.729925424195611128e-01
2.730896961482314200e-01
2.731830683523288616e-01
2.731900356961881604e-01
2.732987842260032885e-01
2.733268302638083291e-01
2.733812803132710245e-01
2.734654181676142715e-01
2.735667252468572119e-01
2.736381213576180027e-01
2.736727752243648393e-01
2.737348450131722455e-01
2.738073841087428906e-01
2.738641542091782566e-01
2.739503473126777000e-01
2.739916327080594294e-01
2.740785348605443983e-01
2.741704044146069941e-01
2.742136642602250318e-01
2.742692247949604645e-01
2.743200542059037184e-01
2.744777694113573752e-01
2.745456694801898800e-01
2.745718667699271198e-01
2.745928515024418370e-01
2.746332004539899230e-01
2.746909947180275480e-01
2.747842576038089235e-01
2.748975247460746507e-01
2.749390016472677556e-01
2.749618940629769415e-01
2.750726606311225120e-01
2.751087291505858179e-01
2.751706887690471559e-01
2.751995591415271614e-01
2.753227926357314503e-01
2.753699718285666509e-01
2.754947868945498701e-01
2.755205040303493891e-01
2.755866996699612992e-01
2.756353355524115423e-01
2.757011983264442412e-01
2.757449808518214196e-01
2.757641190820350197e-01
2.758825548729126886e-01
2.759826419562740329e-01
2.760156736277808998e-01
2.760398299869546435e-01
2.761526000571650208e-01
2.762005823085926237e-01
2.762478973618751610e-01
2.763435907511259670e-01
2.763970154947622548e-01
2.764817945968047197e-01
2.765361456548762753e-01
2.765869369928358745e-01
2.767517130244454560e-01
2.768321805045764750e-01
2.768596452054339907e-01
2.768805330055836844e-01
2.769179283377919409e-01
2.770071353126809521e-01
2.771030213117888219e-01
2.772398537546644226e-01
2.773067575903290227e-01
2.773859811377282769e-01
2.773942046423258923e-01
2.774776963226354698e-01
2.776029815818901181e-01
2.777200918351209191e-01
2.777269981900623574e-01
2.777830714276112722e-01
2.778527676818873249e-01
2.778861855156838923e-01
2.779235997977242412e-01
2.779952357119340189e-01
2.780503713591889192e-01
2.781518851160567074e-01
2.781859205695281223e-01
2.782169105030689038e-01
2.783407454701174455e-01
2.783863122318760985e-01
2.784204265904928755e-01
2.785204329884154451e-01
2.786255898426244770e-01
2.786981167239181989e-01
2.787136384782183396e-01
2.787475018059465404e-01
2.789196952873291280e-01
2.789369704273381156e-01
2.790078037512042086e-01
2.790181365385347445e-01
2.791474193267553527e-01
2.792009032604997332e-01
2.792670363979622428e-01
2.793176271093538721e-01
2.793331984768130383e-01
2.793998958860658410e-01
2.794958585816409991e-01
2.795241401153024663e-01
2.796443121314133862e-01
2.796940334829592367e-01
2.798080699244826497e-01
2.798480555265657754e-01
2.799069157930123009e-01
2.799713879654104898e-01
2.800098525819785245e-01
2.801403356194038796e-01
2.802291558537180483e-01
2.802676678770209540e-01
2.802820484184655458e-01
2.803723472410358242e-01
2.804236329094509927e-01
2.805006296863248316e-01
2.805782638651465599e-01
2.806630610714658247e-01
2.807544810570479776e-01
2.807981159367829438e-01
2.808177557465348362e-01
2.808866888332999245e-01
2.809193156760924626e-01
2.809958451168299565e-01
2.810856580113242909e-01
2.810989775853318662e-01
2.811923906237115967e-01
2.812666570728719062e-01
2.813937429220815800e-01
2.814686323471728424e-01
2.814947258623060611e-01
2.815747207178481704e-01
2.816303992556684066e-01
2.816807474115679555e-01
2.817488989337136318e-01
2.818264872755973927e-01
2.818437934699375425e-01
2.819325806436681625e-01
2.820202459573720177e-01
2.820953398763618170e-01
2.821530651382355703e-01
2.822525694111137073e-01
2.823280768534356389e-01
2.824681985333106771e-01
2.825448338735640497e-01
2.825702159066406094e-01
2.825941851355427969e-01
2.827055225561559970e-01
2.827566609356593763e-01
2.827888151840615150e-01
2.828037322131333187e-01
2.828520577435610361e-01
2.829384675256805814e-01
2.830284133146533376e-01
2.830584201954545742e-01
2.830887912512665694e-01
2.831561340144564953e-01
2.832250417816030152e-01
2.832686359524094200e-01
2.833228902082403633e-01
2.833947123825912295e-01
2.834554894222719446e-01
2.835561706246113034e-01
2.836142202296176307e-01
2.837168955562214268e-01
2.837505180279850658e-01
2.838291642210493126e-01
2.838544697954068496e-01
2.839127023287845719e-01
2.839849706443643984e-01
2.840728192121737550e-01
2.841258946493022131e-01
2.842058455440782394e-01
2.843109705382121377e-01
2.844522935921176554e-01
2.844898424499571199e-01
2.845347113397185823e-01
2.845686220716811543e-01
2.846697146774133658e-01
2.847128988978394060e-01
2.848983251821058382e-01
2.849489756572523014e-01
2.849990916986396283e-01
2.850269963265432138e-01
2.850721458479423265e-01
2.851487431267768491e-01
2.852172283495985616e-01
2.852456343721114229e-01
2.852948922253806807e-01
2.854039948401898008e-01
2.854916083973563778e-01
2.855249763619311376e-01
2.855937700542686142e-01
2.857151055822629293e-01
2.857462876944294461e-01
2.858188540262528998e-01
2.858481206486254700e-01
2.859117680976952514e-01
2.859802840676823332e-01
2.860342474955028802e-01
2.860564401317127747e-01
2.861435594400029148e-01
2.862484432417731206e-01
2.862906348333669748e-01
2.863670429348326718e-01
2.864179126285754662e-01
2.864226676403908711e-01
2.865907597129229711e-01
2.866098759455311118e-01
2.866626678588007349e-01
2.867117911423116561e-01
2.868504125316322373e-01
2.869290139101954296e-01
2.869991687934670965e-01
2.870120168799289440e-01
2.870574816866505730e-01
2.871177098240029202e-01
2.872527705300848555e-01
2.873026704722450586e-01
2.874182568615611943e-01
2.875242497469864267e-01
2.875470662441365066e-01
2.876256306629921822e-01
2.876495283492571109e-01
2.876703860170981564e-01
2.877546756132698391e-01
2.878681408768884453e-01
2.878898258205399019e-01
2.879172186504210806e-01
2.880662559800094558e-01
2.880934418464941027e-01
2.881529500570857993e-01
2.882215632312645770e-01
2.882831895637070208e-01
2.883295712012000633e-01
2.883399142469303400e-01
2.884660227918531272e-01
2.885678777609917978e-01
2.886162016604665870e-01
2.886615635499731325e-01
2.887613862797806519e-01
2.888587995128970576e-01
2.888996646819376179e-01
2.889327013251810072e-01
2.890068966923628468e-01
2.890753613010506040e-01
2.891298172099854291e-01
2.891607389388118343e-01
2.892959451013617511e-01
2.893963687484859548e-01
2.894040124440387940e-01
2.894455021632063030e-01
2.895508243503869816e-01
2.896670098547584060e-01
2.896945216112902233e-01
2.897735526812492690e-01
2.898314888807330125e-01
2.898843249497806696e-01
2.899441009181145668e-01
2.899730400987389767e-01
2.900451431748048425e-01
2.901336889964560850e-01
2.901538551174605018e-01
2.902104241192407508e-01
2.902717174798233324e-01
2.903761387235223035e-01
2.903919472365328325e-01
2.904397929805981882e-01
2.905869274245115319e-01
2.906384887967212727e-01
2.906788025809676768e-01
2.907518067943233864e-01
2.908553725781133914e-01
2.908954201638078163e-01
2.909944587451564479e-01
2.910467662887218920e-01
2.911408674459806112e-01
2.912194860673947283e-01
2.912572265540383509e-01
2.913497284171188140e-01
2.913779792881671660e-01
2.914233839413156169e-01
2.915777034766965925e-01
2.915890246102132988e-01
2.916964480571690999e-01
2.918066907205795202e-01
2.918684322264205599e-01
2.919326507294557338e-01
2.920154906906961556e-01
2.920708466192579178e-01
2.921212790081065269e-01
2.921569368496806374e-01
2.921989894894037043e-01
2.922527009941388032e-01
2.922844781164766759e-01
2.923780528109737875e-01
2.924303690433003866e-01
2.924732610824717360e-01
2.925304795875351416e-01
2.925827956928451767e-01
2.926738456562621993e-01
2.927964208077633024e-01
2.928283171637578453e-01
2.928927965462169158e-01
2.929442670163542317e-01
2.930028992671586674e-01
2.930617574760188138e-01
2.931761151719959324e-01
2.932193066772585399e-01
2.933360170289767144e-01
2.934285086044283175e-01
2.934438051722484397e-01
2.934845629096118902e-01
2.935362136200977412e-01
2.936123327088798751e-01
2.938065421355915974e-01
2.938363452347543814e-01
2.938819828377628451e-01
2.938980247117838340e-01
2.941049818513462588e-01
2.941734775149775771e-01
2.941901813476689442e-01
2.942250156094015079e-01
2.942496647116151776e-01
2.943229036042558366e-01
2.943992106574196965e-01
2.944297139688494824e-01
2.944570472825734919e-01
2.945321844367061459e-01
2.945935747174746600e-01
2.946692423700710828e-01
2.947202313237880511e-01
2.947886978033324445e-01
2.948824007835047500e-01
2.949940738269041240e-01
2.950159562635735755e-01
2.950806858667652244e-01
2.952141291037739812e-01
2.952271834227543912e-01
2.952608375157936837e-01
2.953148606712311386e-01
2.954044831137700444e-01
2.955455686187927200e-01
2.955581500889946089e-01
2.956220937264764648e-01
2.956509256031124022e-01
2.957924199880263005e-01
2.958254667467872800e-01
2.958777045398236494e-01
2.959665785980112318e-01
2.960689937506424396e-01
2.961390064916551434e-01
2.961878706835754382e-01
2.962139934556808907e-01
2.962926990139173045e-01
2.963895567727242719e-01
2.964298665193203508e-01
2.965148869904421502e-01
2.965734823585102209e-01
2.965929110656252421e-01
2.966251658884919706e-01
2.966806762811188825e-01
2.967752524421679583e-01
2.968188771698658246e-01
2.968901993460789090e-01
2.969286318637250344e-01
2.970088988727857537e-01
2.970796470812153700e-01
2.971345826865819384e-01
2.972807256453819935e-01
2.973034638079097847e-01
2.973339204757065590e-01
2.973950065045065094e-01
2.974395746822569575e-01
2.975475087913365124e-01
2.975987049112847616e-01
2.976683849633133261e-01
2.977651446415626180e-01
2.978215163701664059e-01
2.978688329770621257e-01
2.979552729594107108e-01
2.980319495697538734e-01
2.980696061297226085e-01
2.980963158253814305e-01
2.982027639163036259e-01
2.982789029958041738e-01
2.983825486861011456e-01
2.984192324838824684e-01
2.984727628561130719e-01
2.985828444198677101e-01
2.986289887171905133e-01
2.986981337868762632e-01
2.987394872294378279e-01
2.987629371475679085e-01
2.989015953433669659e-01
2.989666899367480202e-01
2.990134123953506196e-01
2.990503115096186937e-01
2.990829753679855596e-01
2.991694250956441481e-01
2.991857481289496024e-01
2.993401211158313591e-01
2.993929440341610571e-01
2.994202412928146373e-01
2.995578663320050405e-01
2.996126327641152054e-01
2.996374381096501005e-01
2.996808484632673686e-01
2.997308559575675990e-01
2.997864563516864922e-01
2.998949276291267285e-01
2.999852085512614841e-01
3.000289271209579112e-01
3.001596429385816611e-01
3.001866257969617036e-01
3.003259656807411582e-01
3.003392018864681767e-01
3.003744084683085958e-01
3.004130285007735601e-01
3.004640052023509478e-01
3.006078408232367716e-01
3.006192723330869399e-01
3.006819797877844369e-01
3.006955494913000071e-01
3.007730268828794906e-01
3.008124214189998868e-01
3.009612729137987053e-01
3.010325800931913931e-01
3.010674415984823105e-01
3.011152804026984153e-01
3.011755039463052119e-01
3.012566102999799100e-01
3.013068819933414355e-01
3.014008606020133763e-01
3.015030629563400510e-01
3.015122125363985384e-01
3.016118570203203952e-01
3.016398680945001076e-01
3.017023358878264117e-01
3.017730085570928256e-01
3.017775205069555544e-01
3.019251387548665400e-01
3.020475423107977231e-01
3.020868605926789741e-01
3.021229210199473103e-01
3.022721001510738081e-01
3.022970725665301006e-01
3.023464337039276639e-01
3.023887586771587532e-01
3.024876800115095521e-01
3.025620111766824660e-01
3.025778074163533726e-01
3.026439438895574541e-01
3.027483223527686618e-01
3.028510561425202807e-01
3.028915074067783375e-01
3.029839857558972449e-01
3.030462577183069550e-01
3.031011926367199183e-01
3.031937206067255586e-01
3.032412482768524487e-01
3.032789269707730773e-01
3.032987008533214457e-01
3.033797202945356930e-01
3.034318692381204330e-01
3.035598213786731003e-01
3.036050669692991200e-01
3.036739528637308339e-01
3.037227283023802293e-01
3.038215996420188802e-01
3.038359777640071147e-01
3.039122176099967043e-01
3.039710580695447750e-01
3.040211167129834302e-01
3.041364008644614203e-01
3.042197472753065401e-01
3.042839256056795727e-01
3.043518811541521818e-01
3.043916660072354952e-01
3.044640320743708384e-01
3.045669617654142014e-01
3.045950129929564376e-01
3.046303699335025095e-01
3.047866313794944104e-01
3.048336353383104824e-01
3.048558613610976575e-01
3.048924967757680737e-01
3.049973852689721321e-01
3.050709466042227369e-01
3.051342213700249939e-01
3.051774588895650453e-01
3.052093662932026663e-01
3.053008143602777835e-01
3.053977227916763737e-01
3.054606126265018151e-01
3.055223927019302121e-01
3.055901043140243911e-01
3.056439141863906417e-01
3.057389536244079498e-01
3.058120719768428475e-01
3.058656754065589567e-01
3.059883764971599307e-01
3.060222646191927964e-01
3.061170584310075604e-01
3.061361809567635928e-01
3.062065775207471474e-01
3.063048121844223481e-01
3.063060555627225012e-01
3.063852233281595394e-01
3.064213212697103894e-01
3.065182214198765576e-01
3.065816585566908947e-01
3.065945095404845611e-01
3.066315411259989410e-01
3.066497492998225827e-01
3.068090576051369367e-01
3.068830478585184429e-01
3.069763894754397038e-01
3.069912751322345090e-01
3.070381791567903806e-01
3.070907023889093423e-01
3.071864165746583386e-01
3.072601854793119425e-01
3.073471058793090793e-01
3.073881315495505251e-01
3.074396127980186799e-01
3.075665452568421832e-01
3.076094504347499092e-01
3.076486113275613832e-01
3.077171878415034811e-01
3.077582264609660667e-01
3.078051729073685849e-01
3.079758648473210347e-01
3.080238611207014587e-01
3.080506075438945723e-01
3.081506806506255081e-01
3.082738629679609432e-01
3.083262810336104276e-01
3.083561421666740632e-01
3.083911164416411888e-01
3.084322973413182178e-01
3.084600309478601199e-01
3.085928074746339123e-01
3.086379852601987550e-01
3.086662092908017407e-01
3.087259354973444503e-01
3.087644198273115093e-01
3.088529348067649005e-01
3.089142791243419395e-01
3.090002857489095311e-01
3.091086969890826097e-01
3.091812542398300612e-01
3.092252913547574589e-01
3.092729626152296851e-01
3.093384445826363738e-01
3.093883102771760041e-01
3.094277699196734122e-01
3.095155379608705015e-01
3.095662632837472006e-01
3.096182196184626978e-01
3.096848746386201001e-01
3.097619206857765706e-01
3.098537054529893475e-01
3.099536293471105708e-01
3.099850146076107427e-01
3.100886862743305605e-01
3.101125222019645022e-01
3.102161628749713351e-01
3.102622953511564030e-01
3.103312084320391517e-01
3.103689239202460648e-01
3.104249040363402101e-01
3.105583537905559632e-01
3.106489221444602156e-01
3.107626582343185340e-01
3.107880854438855311e-01
3.108502114713174724e-01
3.108958843740722289e-01
3.109624271673557261e-01
3.110020534300454442e-01
3.110854428688443751e-01
3.111294990054492837e-01
3.112014687832003190e-01
3.112719334736414045e-01
3.113494626031902968e-01
3.114491243158181155e-01
3.115635882472830853e-01
3.116069548495652985e-01
3.116286540182232612e-01
3.117398621487489363e-01
3.117981641983887386e-01
3.118533125050366728e-01
3.119245060766599464e-01
3.119424352961502334e-01
3.119923417019522804e-01
3.120498338134475302e-01
3.121165302970709265e-01
3.121768521474646008e-01
3.122448951073790169e-01
3.122756853883630890e-01
3.123644739523086522e-01
3.124786047737392325e-01
3.125332163601841073e-01
3.126557097005097652e-01
3.127070076430205070e-01
3.127940524077205686e-01
3.128535786389599060e-01
3.129014072985664696e-01
3.129506995876542574e-01
3.129663159451780974e-01
3.129934763013172971e-01
3.131280802778637629e-01
3.131671952247419566e-01
3.132540078707634623e-01
3.133286812741165606e-01
3.133779372390053664e-01
3.134384688136325203e-01
3.135368558040076969e-01
3.136231733847448244e-01
3.137815536885575907e-01
3.138414090502871234e-01
3.139515007384290346e-01
3.139596970829994782e-01
3.140014770133708333e-01
3.141190266768960071e-01
3.142120972522591815e-01
3.142315790183121127e-01
3.143174267368135655e-01
3.143505714220586333e-01
3.144781212989574137e-01
3.145009304460827382e-01
3.145509302279790864e-01
3.145999005580114583e-01
3.146617965460307698e-01
3.147435041246254284e-01
3.147699276331892282e-01
3.147886654479842838e-01
3.149012255648691028e-01
3.149565857553235371e-01
3.150796936965502004e-01
3.151185431028702411e-01
3.151765399577436955e-01
3.152455329114438043e-01
3.152516332276517064e-01
3.153444849712292442e-01
3.154550280249034389e-01
3.155137083005332133e-01
3.155893937310282338e-01
3.156437866302717610e-01
3.157025351069789876e-01
3.158005589499402466e-01
3.158457751772094091e-01
3.159115005521959119e-01
3.159484003677696662e-01
3.159890528618315431e-01
3.161564194386476956e-01
3.161667174763382882e-01
3.162148303714864550e-01
3.163483169641774784e-01
3.164137824095270002e-01
3.164547164521847034e-01
3.165134016392806005e-01
3.165418804150069154e-01
3.166474261613740904e-01
3.167040254538887045e-01
3.167309395331358024e-01
3.167544261231055591e-01
3.169246474135671288e-01
3.169864744687155289e-01
3.170427925762956956e-01
3.171490455090583138e-01
3.172426028690105149e-01
3.172888339521626189e-01
3.173976082059318804e-01
3.174171847335892083e-01
3.175007781604449741e-01
3.175206892623423927e-01
3.175368671119185304e-01
3.176707327272965120e-01
3.176984164554465528e-01
3.177927203665775746e-01
3.178352558091485092e-01
3.178598137775447419e-01
3.179801920392844039e-01
3.180617202275185518e-01
3.181613505426990063e-01
3.181907312067590587e-01
3.182945806780065889e-01
3.183667352767432512e-01
3.184350160948748454e-01
3.184909551315142640e-01
3.185413016231944394e-01
3.185757328457582416e-01
3.187024203599248540e-01
3.187750154811069270e-01
3.187957785507535280e-01
3.188384110801951166e-01
3.189345332582619874e-01
3.190346889655564788e-01
3.190997063016698942e-01
3.192001054352248679e-01
3.192246311367525347e-01
3.192805267583727624e-01
3.193336038633983742e-01
3.194502977204067284e-01
3.195210352820591626e-01
3.195528470634003693e-01
3.196214795518504403e-01
3.197531371859611005e-01
3.198144596604712286e-01
3.199043280251886445e-01
3.199397982909337745e-01
3.199627357875970413e-01
3.200667258172526508e-01
3.200806920180719328e-01
3.201569879527828011e-01
3.201980486892311850e-01
3.202572700410591944e-01
3.203289424819913411e-01
3.203786927638777038e-01
3.204644045055592971e-01
3.205413710513635994e-01
3.205879833011772706e-01
3.206251049215235183e-01
3.206925041423299150e-01
3.207785991503239176e-01
3.208397016774315325e-01
3.208698559056759603e-01
3.210141814596476073e-01
3.210810162083396757e-01
3.211178378364968888e-01
3.211910666363142486e-01
3.213518675930951973e-01
3.213801778712432333e-01
3.214474475296495992e-01
3.214914019418844693e-01
3.215511771374962580e-01
3.215832250377617108e-01
3.217471207996845939e-01
3.218180075128242446e-01
3.218630885184326496e-01
3.219828516976216415e-01
3.220652503060093541e-01
3.220869756405163042e-01
3.221112450503280655e-01
3.221314547530322314e-01
3.222948587018671929e-01
3.223748286585879641e-01
3.224389827395536812e-01
3.224820592995982782e-01
3.225417641254394452e-01
3.226308820589409709e-01
3.227005550886569152e-01
3.227672341062313155e-01
3.228028209957676253e-01
3.228164721677604931e-01
3.229308608185625373e-01
3.229747941934406619e-01
3.230435154693611088e-01
3.231569796308889075e-01
3.232331755204679302e-01
3.232739654926733985e-01
3.233068535194080773e-01
3.233766005574571500e-01
3.234550878692076248e-01
3.235431871338063092e-01
3.236248798272128857e-01
3.236701238890464793e-01
3.237244647698480637e-01
3.238189787845281997e-01
3.239263225112279931e-01
3.240073843351829463e-01
3.240459079053340519e-01
3.240763090993397655e-01
3.241379740730972459e-01
3.242375763765955599e-01
3.243000657880470428e-01
3.243500383224260375e-01
3.244095116677192525e-01
3.244762879802473021e-01
3.245012122880124306e-01
3.246548719960417606e-01
3.246888428513436953e-01
3.247406368765970996e-01
3.247801485418329026e-01
3.248611982854808233e-01
3.249178467669708859e-01
3.250479119047672838e-01
3.250879102675026666e-01
3.251728364373814850e-01
3.252077200872238727e-01
3.252470139740586408e-01
3.252852915843181814e-01
3.254127514788546782e-01
3.254270586326531989e-01
3.254997613883320873e-01
3.255350147853669496e-01
3.256473399892088061e-01
3.257016478468836018e-01
3.257784267876879802e-01
3.258218682205432648e-01
3.258999786753939976e-01
3.259166206421778011e-01
3.261031409783911039e-01
3.261449619693850277e-01
3.261722034286309579e-01
3.262586011333086788e-01
3.262927739140291661e-01
3.263908075221945149e-01
3.264702594860171003e-01
3.265691508278933397e-01
3.266082700405433803e-01
3.266477647283911878e-01
3.266876272297093431e-01
3.268250501104971173e-01
3.268337635454701129e-01
3.269147531971469123e-01
3.269537837065851771e-01
3.270195487647789001e-01
3.270685362654672801e-01
3.272082374431816709e-01
3.272836265803706901e-01
3.272915290952130851e-01
3.273782943292323222e-01
3.274306419554055547e-01
3.274567252933255901e-01
3.275133120972477108e-01
3.276146000588694984e-01
3.276847383592585428e-01
3.277518108773943006e-01
3.278373588858287668e-01
3.278579129882933096e-01
3.279468840024371001e-01
3.280091505823373166e-01
3.280850728441027098e-01
3.281801821382516748e-01
3.282044185844569806e-01
3.282278058709797719e-01
3.283898106361961000e-01
3.284366139320106237e-01
3.285092380814793045e-01
3.285702139352600359e-01
3.286396300490431188e-01
3.286737355760408485e-01
3.287712566762039934e-01
3.287879520842699188e-01
3.288715583222095451e-01
3.290090385827401653e-01
3.290471493006442705e-01
3.290878855015497151e-01
3.291796340515552033e-01
3.292032127956038279e-01
3.292675360597974721e-01
3.293571265691798700e-01
3.294199795353036087e-01
3.294704914214255931e-01
3.295488101698308414e-01
3.295826092904473592e-01
3.296095134393018378e-01
3.297521092608636795e-01
3.298193357231787304e-01
3.298957642161468584e-01
3.299948227901933762e-01
3.301228824953984509e-01
3.301743191727929405e-01
3.302034352178177534e-01
3.303404901212251832e-01
3.303854942788823634e-01
3.304249007731435150e-01
3.304873470557831427e-01
3.305864924769161273e-01
3.306046720597102251e-01
3.307057885331906588e-01
3.307326489334178055e-01
3.308573066125022888e-01
3.309044355499501378e-01
3.309920504911736949e-01
3.310805075827386590e-01
3.311237202361396181e-01
3.311519802931202072e-01
3.311979131603229876e-01
3.312872081194760954e-01
3.313160635166389478e-01
3.314244190771609144e-01
3.314596801976338880e-01
3.315179121203918333e-01
3.315439654603297703e-01
3.316683565552933644e-01
3.317582019809576788e-01
3.318029232500920855e-01
3.318303313662700482e-01
3.319403473564963014e-01
3.320663291848560683e-01
3.321378347659308949e-01
3.321993543177529373e-01
3.322872922537976059e-01
3.323409951864013112e-01
3.324364288014945990e-01
3.325048986824100106e-01
3.326123255331320250e-01
3.326812534682758726e-01
3.327995399709547386e-01
3.328048675495582365e-01
3.328734156469073113e-01
3.329207577331564916e-01
3.329572534927133232e-01
3.330240498408895689e-01
3.330289365198109697e-01
3.331238133821153302e-01
3.331588361638619378e-01
3.332987861559241205e-01
3.333181421210791862e-01
3.333758833596403015e-01
3.334258817779176542e-01
3.334658311351717530e-01
3.335098701085871808e-01
3.336118541980206964e-01
3.336876129288660064e-01
3.337169793567235088e-01
3.338185754521938442e-01
3.338935007256761400e-01
3.339695866808367053e-01
3.339866853185526896e-01
3.340864257726443021e-01
3.341568367165798081e-01
3.342538610031705604e-01
3.343036819937883486e-01
3.343635337546432273e-01
3.344186710774945670e-01
3.345221917153941571e-01
3.346198688155220258e-01
3.346515644482653817e-01
3.346862279728314848e-01
3.347750608700278407e-01
3.348875288341410239e-01
3.349263639636795298e-01
3.349914618029297686e-01
3.351056502151776861e-01
3.351146345234188861e-01
3.351896158538383852e-01
3.352634495437801232e-01
3.353647362392649378e-01
3.354243997219016338e-01
3.354760190528651154e-01
3.355012490806165149e-01
3.355882463786465930e-01
3.356720579128794069e-01
3.357739269771181645e-01
3.358455754201331578e-01
3.359775689606291915e-01
3.360529013036641088e-01
3.361011479034230476e-01
3.361625138278520608e-01
3.362022939240649766e-01
3.362866161349994942e-01
3.363546949964527077e-01
3.364184573798014166e-01
3.364535419307773667e-01
3.365548790860558026e-01
3.366557829649910460e-01
3.366967531752311782e-01
3.367438821564233686e-01
3.367593682475579775e-01
3.368262602907591274e-01
3.368644774998703073e-01
3.368925114898651541e-01
3.370506564927100435e-01
3.370955083903626193e-01
3.371386397563037041e-01
3.372519564499326106e-01
3.373178782647284768e-01
3.373271428978149578e-01
3.373891134115610813e-01
3.374678485987283594e-01
3.375129916838986444e-01
3.375938687195164101e-01
3.376107510298434478e-01
3.377391996046988365e-01
3.377862830934548755e-01
3.378649972140614355e-01
3.379155025342983620e-01
3.380436900481155749e-01
3.380907262571019034e-01
3.381244651073140317e-01
3.382342378811488692e-01
3.382524506902456762e-01
3.383694074274859465e-01
3.384487427914403268e-01
3.384669613610400418e-01
3.385665689008117152e-01
3.385826967500263351e-01
3.386780206184571429e-01
3.387207635183195897e-01
3.387384370639824338e-01
3.388624078852013888e-01
3.388937804661276143e-01
3.390122221118159751e-01
3.391062133283857527e-01
3.391793059311259961e-01
3.392251355406397106e-01
3.392704255178874972e-01
3.393284478597096143e-01
3.393701201735858097e-01
3.394252797939103505e-01
3.394605218721277740e-01
3.395558949533228899e-01
3.396452075221529920e-01
3.396809925592350621e-01
3.397503952870406518e-01
3.398485806551553856e-01
3.399377442540653660e-01
3.399445392996570670e-01
3.400900657449276721e-01
3.401806029008726528e-01
3.402362493769909291e-01
3.402523964885049712e-01
3.403609754854682312e-01
3.403718600870517252e-01
3.404557056529964876e-01
3.405312603069681754e-01
3.405681767571225316e-01
3.406612187291256921e-01
3.407190870223400503e-01
3.407797165959219332e-01
3.408611899294343717e-01
3.409332635331275840e-01
3.410185829646582012e-01
3.410782331798916656e-01
3.411196516412702828e-01
3.412375666413814401e-01
3.412670288982140310e-01
3.413185354536037441e-01
3.414197746970508152e-01
3.414697553603813218e-01
3.415365927805654178e-01
3.416254029142251625e-01
3.417136580088178111e-01
3.417217324991957406e-01
3.417872244372008872e-01
3.418267924234130728e-01
3.419305095133046146e-01
3.419433961914702946e-01
3.419941431708415358e-01
3.421172750842459420e-01
3.421811768317609692e-01
3.422273541369429961e-01
3.423770057735989192e-01
3.424494024437438333e-01
3.425073169216331648e-01
3.425562679405551592e-01
3.426649605259851072e-01
3.427089836462881567e-01
3.427995036784973748e-01
3.428410967400721820e-01
3.429303486091090925e-01
3.430451073240839976e-01
3.430965656093871718e-01
3.431659884914241565e-01
3.431845961819168234e-01
3.432195797498766021e-01
3.433080889940386404e-01
3.434674829061629686e-01
3.435074708116734876e-01
3.436019752812673467e-01
3.436252757428134297e-01
3.436863577913076839e-01
3.437137266956414861e-01
3.437994269191345098e-01
3.438386445201340180e-01
3.439644582238660653e-01
3.440149810687163634e-01
3.440724383889882665e-01
3.441455732547821222e-01
3.442154082759026346e-01
3.442947624191985412e-01
3.442960307243623785e-01
3.444529849451672399e-01
3.444921116453784071e-01
3.445220607483132635e-01
3.446935949515338438e-01
3.447360144722638742e-01
3.447954564372207598e-01
3.448135365331506108e-01
3.448641814436906317e-01
3.449153502815425765e-01
3.449889164107013406e-01
3.450024892262011922e-01
3.450727689705860857e-01
3.451599399524922784e-01
3.452551109638803961e-01
3.453903133610173870e-01
3.454790385112138096e-01
3.455006501154845866e-01
3.456567713374713580e-01
3.457248902940472379e-01
3.457705819553132942e-01
3.458240775250064902e-01
3.458951749991908131e-01
3.459409160503578717e-01
3.459645240559731660e-01
3.460561233346579058e-01
3.461797277589756527e-01
3.461938569053550352e-01
3.462413192718042376e-01
3.463301652164758049e-01
3.463381469954153191e-01
3.464495131530316852e-01
3.464734473888901878e-01
3.465849565742614158e-01
3.466755510822716602e-01
3.466864287741057704e-01
3.467623970179433690e-01
3.468290722980098550e-01
3.468996851850121299e-01
3.470186598317038240e-01
3.470909932533404740e-01
3.471817641828159329e-01
3.472173488222317084e-01
3.472929252201032990e-01
3.473333599276642314e-01
3.473983231009505346e-01
3.474786316751121151e-01
3.475164017916495540e-01
3.475688332028079586e-01
3.476989059132508664e-01
3.478095524093255952e-01
3.478609118229243347e-01
3.478987630391817132e-01
3.479531136018017001e-01
3.480750517463844784e-01
3.481228311081772109e-01
3.481968663985172685e-01
3.482811289352558126e-01
3.484036461082820058e-01
3.484770370995446398e-01
3.485286767767472038e-01
3.486199290814955831e-01
3.486616437228138854e-01
3.487753390700911171e-01
3.488726360611720811e-01
3.488881261663862587e-01
3.489561840783096391e-01
3.490279197259567590e-01
3.490736522716439416e-01
3.491183209653785369e-01
3.491665072684429494e-01
3.492700415087556798e-01
3.493671550060338249e-01
3.493798087869765534e-01
3.495041505189539488e-01
3.495321814456467391e-01
3.496079928110067403e-01
3.496516130427725355e-01
3.497539806449846411e-01
3.498190252213472240e-01
3.499570412492459814e-01
3.500641746919730402e-01
3.500826653359981333e-01
3.501272681445357637e-01
3.501402521628790288e-01
3.501661270176732454e-01
3.502384776961757207e-01
3.502768812214849814e-01
3.503526530071602307e-01
3.505112308358526718e-01
3.505614240482083921e-01
3.505921097350128690e-01
3.506821094158840135e-01
3.507166061502802745e-01
3.508027333158657002e-01
3.508530138521036013e-01
3.509035887243859841e-01
3.509939069622247110e-01
3.510090480305192440e-01
3.510756279977618743e-01
3.511659574585573873e-01
3.512197918848043443e-01
3.513358140868997892e-01
3.513989074558983572e-01
3.514817931229670123e-01
3.515271255918704929e-01
3.516030921171686696e-01
3.516681956337575632e-01
3.517431087716048621e-01
3.518179990662727019e-01
3.519533763002239413e-01
3.519967958404565112e-01
3.520565095047704651e-01
3.521201462775307434e-01
3.521284307264797575e-01
3.521983927808698400e-01
3.522585101678870623e-01
3.524533943442328399e-01
3.524723491226498528e-01
3.525697299327323342e-01
3.526040448045687503e-01
3.526825187085930735e-01
3.527100432096593186e-01
3.528233313295378593e-01
3.529185072118199984e-01
3.529542381127785400e-01
3.530251581361605329e-01
3.531334515104384009e-01
3.531987295288619988e-01
3.532214875256849407e-01
3.533434975322761740e-01
3.534390072242099556e-01
3.534613219398701767e-01
3.535546338652373888e-01
3.536231054657284489e-01
3.536838197450230536e-01
3.537229482317173490e-01
3.537542304662892323e-01
3.537686177084568562e-01
3.539177143350076826e-01
3.539918528682667320e-01
3.540409459460082675e-01
3.540934903041675907e-01
3.541619305970032383e-01
3.542561995046984435e-01
3.543739362358114819e-01
3.544272683847482508e-01
3.544615889842085976e-01
3.545181932144081949e-01
3.546141610355566520e-01
3.546615932390602133e-01
3.547145611632199769e-01
3.548775635056956035e-01
3.550071802212274585e-01
3.550252873819689792e-01
3.551003734090530939e-01
3.551985801053178515e-01
3.552485401079083505e-01
3.553401736362969410e-01
3.553656532289324321e-01
3.554323903373241555e-01
3.554820612858640705e-01
3.555851198388059742e-01
3.556472983853569136e-01
3.556982915583477012e-01
3.557214815912502215e-01
3.558764443589761961e-01
3.559689100846882837e-01
3.560177018007154581e-01
3.560595346668209982e-01
3.561469446394181504e-01
3.562677327622831847e-01
3.562885084368920263e-01
3.563556606436746876e-01
3.564769169763660206e-01
3.565225546854908223e-01
3.565717512952820134e-01
3.566472660396127203e-01
3.566583799424141166e-01
3.567562120526824865e-01
3.568090560880518569e-01
3.568988677171056056e-01
3.569494492736738911e-01
3.570272463906108418e-01
3.570346963267120866e-01
3.570787274082218299e-01
3.572390202911309154e-01
3.573773447383145618e-01
3.574191209742854647e-01
3.574611153518981732e-01
3.576497709894966848e-01
3.576941155847793152e-01
3.577359286964700846e-01
3.578049412432035559e-01
3.578789960517070878e-01
3.579210297427083964e-01
3.579530074800067463e-01
3.580677372740845854e-01
3.581389418199000252e-01
3.582596451542734428e-01
3.582805893101179695e-01
3.583048369577345182e-01
3.584158197923843492e-01
3.585266852806422433e-01
3.585462782297859086e-01
3.586559775107807657e-01
3.587644883074604385e-01
3.587782741092244709e-01
3.588308817190754563e-01
3.588957972503595828e-01
3.589312092429411960e-01
3.589798925647332828e-01
3.592277809168888947e-01
3.592451334879303015e-01
3.592643672353675321e-01
3.593644000682799655e-01
3.593734526598690304e-01
3.595083691442504947e-01
3.595891071803162808e-01
3.596482017704439871e-01
3.596774054628272821e-01
3.598207003189868858e-01
3.598720828413669026e-01
3.599094992759562794e-01
3.600498355634716430e-01
3.600795726379365513e-01
3.601573187550380362e-01
3.602196724762351532e-01
3.602649688294160546e-01
3.603264608875734187e-01
3.603795093219493428e-01
3.604550930196494529e-01
3.605218072958985553e-01
3.605449134643682885e-01
3.606144649212632003e-01
3.606531631845280583e-01
3.607612088305293119e-01
3.608265559206306206e-01
3.609262122139871853e-01
3.609392409319254758e-01
3.610676059275282346e-01
3.610756059106777771e-01
3.612276640032917596e-01
3.612440476666490263e-01
3.613007439161647905e-01
3.613826956926641798e-01
3.614393769212762564e-01
3.615445612207122683e-01
3.616118478834735028e-01
3.617444371940122250e-01
3.617891370821521013e-01
3.618449959125949467e-01
3.618786435217478670e-01
3.619940063513450434e-01
3.620775623941468457e-01
3.621105664125173762e-01
3.621601300532681367e-01
3.622658925726027768e-01
3.623681253148915982e-01
3.623964693577228502e-01
3.625101066609574541e-01
3.625366399503975323e-01
3.626089409161058486e-01
3.626901857371835347e-01
3.628193867169121067e-01
3.628292766489519261e-01
3.629295092530044342e-01
3.629880200168749127e-01
3.631446239370737517e-01
3.632043896886542056e-01
3.632462956340238303e-01
3.633229520481342512e-01
3.633452697775697016e-01
3.634068769492069251e-01
3.635199956024952606e-01
3.635706211635001961e-01
3.636395661067754470e-01
3.636632703165513791e-01
3.637365310862149537e-01
3.639154762364906759e-01
3.639702484719491982e-01
3.639924934884528618e-01
3.640518261501324848e-01
3.640782920570356795e-01
3.642247061410250897e-01
3.642710437732879503e-01
3.643561522965757526e-01
3.643959767835722730e-01
3.645319796190349959e-01
3.645532792523490939e-01
3.646979415463771357e-01
3.647433846645838362e-01
3.647835837291092953e-01
3.649093475777663298e-01
3.650316815050398400e-01
3.650593174768668181e-01
3.651088874548711338e-01
3.651408121451582001e-01
3.652330672201815065e-01
3.653259708262939220e-01
3.653545393680283637e-01
3.654889177320709837e-01
3.655708326576583289e-01
3.656144587585663519e-01
3.656321658221263204e-01
3.656927603442719499e-01
3.658070372373052326e-01
3.658995728417387960e-01
3.659286424817193573e-01
3.659440605240532607e-01
3.661271629767647307e-01
3.661887122245403581e-01
3.662328883271899760e-01
3.663493189054251586e-01
3.663881076439119977e-01
3.664618489694643766e-01
3.665274659304745275e-01
3.666200233148482757e-01
3.667249254249371759e-01
3.667603791222696641e-01
3.669251572844169362e-01
3.669721047684084136e-01
3.670310200818828195e-01
3.670631777309990573e-01
3.671226991831335051e-01
3.671460617070068655e-01
3.672268745053944294e-01
3.673345865625131101e-01
3.673902462848838146e-01
3.675089980780346099e-01
3.676038855595644694e-01
3.676378946453121577e-01
3.676920958388244509e-01
3.677307244791119256e-01
3.678126667950368245e-01
3.679792469950845524e-01
3.680031013295744780e-01
3.680684864072478746e-01
3.681368909980741733e-01
3.681747802507878697e-01
3.682519765291135116e-01
3.682878345198457026e-01
3.683872607971693247e-01
3.684381291987869345e-01
3.685022724541692218e-01
3.685229377688237773e-01
3.686429335308558097e-01
3.686563745404357606e-01
3.688260597806990448e-01
3.688613910967111220e-01
3.688769191774972644e-01
3.689898326436255593e-01
3.691656155737759737e-01
3.691759917188106033e-01
3.692147408588943858e-01
3.693388831399299632e-01
3.694095537928626660e-01
3.694685263260501507e-01
3.695530323532062456e-01
3.695971786788440072e-01
3.696084549077821579e-01
3.696875789249422506e-01
3.697120937045275113e-01
3.697593819071557375e-01
3.698256787998957518e-01
3.700201060506351780e-01
3.700653648775738547e-01
3.701410895562879388e-01
3.702358587956700031e-01
3.702497025065155656e-01
3.703605812034047040e-01
3.704150437493624604e-01
3.705546224516544362e-01
3.706033166322858508e-01
3.706512627406486904e-01
3.707124829614597550e-01
3.707795775059280485e-01
3.708365834596850097e-01
3.709017367691888056e-01
3.710065640624652383e-01
3.710500852132677663e-01
3.711281062844339895e-01
3.712276678051205647e-01
3.713098585053971057e-01
3.713995783102225778e-01
3.714339532960602153e-01
3.715407921642401301e-01
3.715743918988733130e-01
3.716037928022480896e-01
3.717580625735281696e-01
3.718313855299447690e-01
3.718397371427161757e-01
3.719921622627264113e-01
3.720287460616084618e-01
3.721696965142193836e-01
3.722439225474931113e-01
3.722798724805305159e-01
3.723548550585484285e-01
3.723948155544364869e-01
3.724641485066081392e-01
3.725888166707088667e-01
3.726441321623440439e-01
3.727175816127522023e-01
3.727767418867420357e-01
3.728878727612279231e-01
3.729729112363737720e-01
3.730208718103210086e-01
3.731053173353893748e-01
3.731858864478703186e-01
3.732276501750088626e-01
3.732680189287440609e-01
3.733555945991648972e-01
3.733890738674385257e-01
3.734949762698218101e-01
3.736949277965325722e-01
3.737430818273508315e-01
3.737955832163335490e-01
3.738584944575012448e-01
3.739369400241764896e-01
3.739692873685079855e-01
3.741297957028173471e-01
3.741735494426687292e-01
3.742754518827324794e-01
3.743399483965058061e-01
3.744242819687304547e-01
3.744962421569312250e-01
3.745484674198243380e-01
3.745779794381520200e-01
3.746632432172834481e-01
3.747135642818929524e-01
3.748145635619370974e-01
3.749304630631749569e-01
3.750024075054099737e-01
3.750426869653523676e-01
3.750957694854381574e-01
3.751697573776422434e-01
3.753142351027482504e-01
3.753348408434146188e-01
3.754483499221407117e-01
3.755443522956723457e-01
3.755819920065640583e-01
3.757277825835820262e-01
3.757772592294825187e-01
3.758213595076891345e-01
3.758973858966505599e-01
3.759803572485054812e-01
3.760419665293554536e-01
3.761857409095386018e-01
3.762203425889205644e-01
3.762365698799918778e-01
3.762907112682362665e-01
3.763724180965570265e-01
3.764540424062319257e-01
3.765304799923320789e-01
3.766064898422477047e-01
3.766714785115919950e-01
3.767603370201353941e-01
3.768333620006804607e-01
3.768771662898418029e-01
3.769474883014319322e-01
3.769781977069263657e-01
3.771304876285513918e-01
3.771763510049894186e-01
3.772393727849630563e-01
3.773165281730667675e-01
3.774281652100862638e-01
3.775189851311401279e-01
3.775624235315570010e-01
3.775699833138042028e-01
3.776637260215274794e-01
3.777481566107269151e-01
3.778397309023170947e-01
3.779943696510892348e-01
3.780670283339645499e-01
3.780857210426622483e-01
3.781710641267003736e-01
3.782604619760658315e-01
3.782852948526084780e-01
3.783359174766416921e-01
3.784351677263262936e-01
3.784529913600431228e-01
3.785769003952909051e-01
3.786908978803748549e-01
3.787182554652459565e-01
3.787501768101646515e-01
3.788234076549442664e-01
3.789010113833469751e-01
3.789788000641575727e-01
3.790841534963177439e-01
3.792698170221323051e-01
3.792832629081059892e-01
3.793032841579667691e-01
3.793801098155727414e-01
3.795429268308632142e-01
3.795928337531227492e-01
3.796272052516504458e-01
3.797025401168306891e-01
3.797674796335448466e-01
3.798781945923444536e-01
3.798912253729399002e-01
3.799891006725959475e-01
3.800489612331469647e-01
3.800977285651286341e-01
3.801547265253094054e-01
3.802733859070960287e-01
3.803607502011950858e-01
3.804451269714420047e-01
3.805160230224583495e-01
3.805813641866155339e-01
3.807204008551916541e-01
3.807932951554536261e-01
3.808043889791954406e-01
3.809073005673000445e-01
3.809591599517196947e-01
3.811562576478211839e-01
3.811968304384646400e-01
3.812451834867775502e-01
3.813518861433256579e-01
3.814526894663730072e-01
3.814826629456352092e-01
3.815483172447675653e-01
3.815971622391169937e-01
3.817212751912373858e-01
3.817560658368885917e-01
3.818635680045797676e-01
3.819117120042807567e-01
3.820003510619270348e-01
3.820819301534658097e-01
3.821291433936610527e-01
3.821756460608116135e-01
3.822416737340916804e-01
3.823179386647868050e-01
3.824057941045076459e-01
3.824416065493879691e-01
3.826287862666493678e-01
3.827116382668848127e-01
3.827636507960481826e-01
3.828471914028357959e-01
3.828555061215928035e-01
3.829097923026223427e-01
3.830187531224262254e-01
3.831145199679649727e-01
3.831360669214472492e-01
3.832151787951020849e-01
3.832744421453089800e-01
3.834236933277040404e-01
3.835181131000259258e-01
3.835858273061732437e-01
3.836621270221211022e-01
3.837570475559891614e-01
3.838255657749690131e-01
3.839503838909498201e-01
3.841225173872469534e-01
3.841536926892075710e-01
3.842541505547789615e-01
3.843364726777561136e-01
3.844468208837653611e-01
3.845542452938963685e-01
3.845833232072510821e-01
3.846834103214449851e-01
3.847292762888305795e-01
3.847652605698217432e-01
3.848626985128113520e-01
3.849149128129034092e-01
3.850184091905783368e-01
3.851340703751529038e-01
3.851646374640012582e-01
3.852405138587104982e-01
3.852918260274957318e-01
3.853682711010519846e-01
3.854544512271161905e-01
3.855369089918838643e-01
3.855947687816270175e-01
3.857132183029768902e-01
3.857893714143498798e-01
3.858813194566126925e-01
3.858944524292899358e-01
3.859584745557214092e-01
3.860119582885648271e-01
3.861256874687027385e-01
3.861392428269704302e-01
3.862104162716832323e-01
3.862835375692834083e-01
3.863442598893766511e-01
3.864507335244826147e-01
3.866074932362231209e-01
3.866559374697891016e-01
3.867110352086333136e-01
3.867559563897797204e-01
3.868787506663636244e-01
3.869648742412074016e-01
3.870219215457226802e-01
3.871251163068930579e-01
3.872149994071427126e-01
3.872904915577548568e-01
3.873791087824481894e-01
3.874125311898377055e-01
3.874847648491851482e-01
3.875896484040760592e-01
3.876090852307478296e-01
3.877248486872383326e-01
3.877713901337230262e-01
3.877862778380266051e-01
3.878868959863627230e-01
3.879604896921315937e-01
3.879867207476278557e-01
3.880479009331498363e-01
3.881438927917584825e-01
3.882647957221551649e-01
3.883919028268258411e-01
3.884780948166659531e-01
3.885505294576590551e-01
3.885876284284663917e-01
3.886866037738747615e-01
3.887226313318334348e-01
3.887641247130236843e-01
3.889296876035313044e-01
3.890555601241200701e-01
3.890834189871281712e-01
3.891722528538591463e-01
3.892189962637306877e-01
3.892843888274654107e-01
3.893641677393251399e-01
3.894194878247027036e-01
3.895197830839726150e-01
3.896032247890536260e-01
3.896876244510393272e-01
3.897226226458909704e-01
3.898120466439710663e-01
3.899283764213925529e-01
3.900158519786741107e-01
3.900398456521850243e-01
3.901277145481555908e-01
3.901756917986950457e-01
3.902001905186927022e-01
3.902605064050569950e-01
3.903850387179420012e-01
3.904487788246969182e-01
3.905273449306474465e-01
3.905876374682916707e-01
3.906445179345769403e-01
3.907554064329040733e-01
3.908641101600177081e-01
3.908995402124854635e-01
3.909925238207261344e-01
3.910606243379033953e-01
3.910774440859162704e-01
3.911885608540574544e-01
3.913817119935691924e-01
3.914921074081331720e-01
3.916481814954111407e-01
3.916731801227245069e-01
3.917154335460433234e-01
3.918151488737023347e-01
3.918746384293057550e-01
3.918822464647462311e-01
3.919449009335476131e-01
3.920374049184046639e-01
3.920767674573084061e-01
3.921743822468717333e-01
3.922630248425238997e-01
3.923461855692468858e-01
3.924335948971722776e-01
3.924739458485871357e-01
3.926169719786954948e-01
3.926436983683330717e-01
3.926750313202840292e-01
3.927384281893124829e-01
3.928211325846915902e-01
3.929060192160048759e-01
3.930111598801040995e-01
3.930778965554823645e-01
3.931665706169851227e-01
3.932444703051108381e-01
3.933910696972294230e-01
3.934245123113900844e-01
3.935222405807199397e-01
3.935623418395747253e-01
3.935841649737215620e-01
3.937035972457620381e-01
3.937628891481576021e-01
3.938064876340083842e-01
3.940189125439192419e-01
3.940642262513416316e-01
3.941959439879552107e-01
3.942441856591411553e-01
3.943305158819589429e-01
3.944438144653381051e-01
3.944892373205152736e-01
3.945715872775107380e-01
3.946769667571505269e-01
3.947683857188318823e-01
3.948209855373055466e-01
3.948831019798274000e-01
3.949049203377532624e-01
3.949412722699667810e-01
3.949636519788662925e-01
3.951146419677778465e-01
3.951714814658041641e-01
3.952903081014488840e-01
3.953038893864048164e-01
3.954712413090712420e-01
3.955167556150185337e-01
3.956588968594390576e-01
3.957113164530496885e-01
3.957757649390948873e-01
3.958579716856048814e-01
3.959605697453392747e-01
3.960631200738858881e-01
3.960755445797683461e-01
3.961656999348288077e-01
3.962325942996004491e-01
3.962798344829036590e-01
3.964511406451476927e-01
3.964987784313402375e-01
3.966354008859748204e-01
3.966780084186343203e-01
3.967450037266094798e-01
3.967833333899990489e-01
3.968598776453167720e-01
3.969130137192424801e-01
3.969535780813983061e-01
3.970691847222611037e-01
3.971876616930971604e-01
3.972618492081471109e-01
3.973509566109069135e-01
3.974044514363264113e-01
3.975048762236026434e-01
3.975752925356428324e-01
3.976479724233461521e-01
3.977340244108130696e-01
3.977659035911984553e-01
3.978668329963689354e-01
3.979770980321973850e-01
3.980225690400446825e-01
3.981660716495307173e-01
3.982392325289275115e-01
3.983088156708573524e-01
3.983459360471263144e-01
3.984564701832340461e-01
3.984908461478249841e-01
3.985756400766121144e-01
3.986658918487087644e-01
3.987058407374359237e-01
3.987578890195760395e-01
3.988157182345791196e-01
3.988865741438825663e-01
3.989693241746453678e-01
3.989884052125204361e-01
3.991425958033164578e-01
3.992198261242442814e-01
3.993304288508455757e-01
3.994948406419688292e-01
3.995293565897075072e-01
3.996378662584961772e-01
3.997595888278622778e-01
3.997801466083057975e-01
3.998275463113607486e-01
3.999740026180342300e-01
4.000458716745775578e-01
4.001347370485624499e-01
4.002967922045562177e-01
4.003444143932894939e-01
4.003832123627781292e-01
4.004336877577319154e-01
4.005621905984772524e-01
4.007091461721068448e-01
4.007682753602888059e-01
4.008100023945427859e-01
4.009069227478445629e-01
4.009792754444946872e-01
4.010781030699164806e-01
4.012040631298939841e-01
4.012100872554854036e-01
4.013124648740726830e-01
4.013806314713262435e-01
4.014870179447853071e-01
4.015294430311283636e-01
4.015786937576014681e-01
4.016397890603676246e-01
4.016752866626104868e-01
4.018737723218014923e-01
4.018999901845316525e-01
4.019869248910566406e-01
4.020582216855465574e-01
4.021658938857471943e-01
4.021998622028154502e-01
4.023091788477063946e-01
4.023881864649188622e-01
4.024304757963224621e-01
4.025181449267924427e-01
4.026180427581073085e-01
4.026900631576382228e-01
4.027589624156371340e-01
4.029210800012359983e-01
4.029545742573280021e-01
4.030347392857310251e-01
4.030916897160379819e-01
4.032053123666722860e-01
4.032742726050071447e-01
4.033228514372339535e-01
4.033728059384761866e-01
4.035446123565236687e-01
4.036469269216827471e-01
4.037210994868355440e-01
4.037493258604411550e-01
4.038131775331296192e-01
4.039919517276336913e-01
4.040330107045117525e-01
4.040635929756392075e-01
4.041712300230491106e-01
4.042760997995273331e-01
4.043537084583247454e-01
4.043937856589829294e-01
4.044732838888724369e-01
4.045390424869447776e-01
4.045693746731911511e-01
4.047181495047111333e-01
4.048255831197524746e-01
4.048944411641672847e-01
4.049876194101288407e-01
4.050391090515647607e-01
4.051585447121224259e-01
4.051998214375711616e-01
4.053271676269002977e-01
4.054003319032555286e-01
4.054845391410676347e-01
4.055472352840233663e-01
4.055954864177032104e-01
4.056529382007278972e-01
4.058040874018247757e-01
4.058485196791398741e-01
4.059633289082516527e-01
4.060046415006798304e-01
4.061706785938700714e-01
4.062303238182392584e-01
4.062796081128889902e-01
4.063549844740975137e-01
4.063912604636396586e-01
4.064688723760573885e-01
4.064822085473199786e-01
4.066843235867886319e-01
4.067117860822347386e-01
4.068177223749137594e-01
4.068336403231538334e-01
4.069601502191106390e-01
4.069851889632421504e-01
4.071279754004484830e-01
4.071656551642677258e-01
4.073111194355560905e-01
4.074131298704543047e-01
4.074348318156182369e-01
4.075119577674380933e-01
4.075426998923001309e-01
4.076049416789031543e-01
4.078547059263776808e-01
4.079456502152530306e-01
4.079543544926920173e-01
4.080875110583863097e-01
4.081029418875679049e-01
4.081658847623768072e-01
4.082507546755675953e-01
4.083930568162813524e-01
4.084394792326157542e-01
4.085529483649567584e-01
4.086350831609215639e-01
4.086580313545177257e-01
4.087964095631376193e-01
4.088894594897166113e-01
4.089604139474737332e-01
4.090240227859498479e-01
4.091465561367652048e-01
4.092779093261842971e-01
4.094401881598015436e-01
4.094527321011545151e-01
4.095138384230516126e-01
4.095744180246536081e-01
4.096141891659922374e-01
4.098136285761403430e-01
4.098676322205743183e-01
4.099008382825060637e-01
4.099399920356165961e-01
4.101788604202326605e-01
4.102104658327354603e-01
4.102539573672239759e-01
4.103658250422575482e-01
4.104044139210950570e-01
4.105042965952979128e-01
4.105467344791869366e-01
4.106598098394165230e-01
4.107140832365258620e-01
4.107921790453715749e-01
4.108944856268070267e-01
4.110121106680026948e-01
4.110944556380077275e-01
4.112050502951403175e-01
4.112280533327021814e-01
4.113542166909484044e-01
4.114857769896685391e-01
4.115803565115587204e-01
4.116056645815781567e-01
4.117107998259616486e-01
4.117350118117397151e-01
4.117900367910391490e-01
4.119343971676425742e-01
4.120218858934953654e-01
4.120911576341202975e-01
4.122231208692278548e-01
4.123417347175406533e-01
4.123637905717619789e-01
4.124402187055111746e-01
4.125880736646516667e-01
4.126048442125048732e-01
4.126348795429877758e-01
4.127362580070189080e-01
4.128370738588099664e-01
4.129744400568846618e-01
4.131025203246573296e-01
4.131961131173981228e-01
4.132470347417661061e-01
4.133536375307035882e-01
4.133788584953294598e-01
4.134477410942701270e-01
4.135361029282593748e-01
4.135857213303935076e-01
4.137495927723787714e-01
4.137750326603739648e-01
4.138689108150807594e-01
4.139113781661741820e-01
4.140166541748334095e-01
4.142185968125570161e-01
4.142409528433096400e-01
4.143040121454520941e-01
4.143804853695542412e-01
4.145136759078834610e-01
4.146700471552158263e-01
4.147317222931931613e-01
4.147711842110582969e-01
4.148616832973320290e-01
4.150402843280169285e-01
4.151089009416418230e-01
4.151757358370921636e-01
4.152596575449964966e-01
4.154247681586077379e-01
4.155068319308550806e-01
4.155367414965245310e-01
4.155777150644570650e-01
4.156211465025419494e-01
4.157014326131878712e-01
4.159187669094833173e-01
4.159436311223244087e-01
4.160225335959653603e-01
4.161456826000418663e-01
4.162266445808151527e-01
4.162705461445684318e-01
4.163128575010772159e-01
4.164646574801510459e-01
4.165369985992458113e-01
4.166486120577808649e-01
4.166839456340231673e-01
4.167311788750054924e-01
4.168215183626636788e-01
4.168827676740570198e-01
4.170031616670554220e-01
4.171005625031793396e-01
4.171844145325182551e-01
4.173203899540320894e-01
4.173345336244825843e-01
4.174743759561892475e-01
4.175369622583670060e-01
4.175533211997005667e-01
4.176171017588967693e-01
4.177161783301828191e-01
4.178511448967184849e-01
4.180115771389613100e-01
4.180451503248038825e-01
4.181355815530596876e-01
4.182507836066790552e-01
4.183707380349849791e-01
4.184458493794875333e-01
4.185230704247926425e-01
4.185963409563694948e-01
4.187722583051305958e-01
4.188323513727052472e-01
4.189108694686142220e-01
4.189673240801792820e-01
4.190422099128239264e-01
4.192074758939485779e-01
4.192528749797566068e-01
4.193449715580694903e-01
4.194363540133332346e-01
4.195726444298396030e-01
4.196039624416716962e-01
4.198024025322453778e-01
4.199127569912611269e-01
4.199638524631992276e-01
4.199901691263389636e-01
4.200873220428147925e-01
4.201822798749998422e-01
4.202714058922080165e-01
4.203198033973633008e-01
4.204711430659385241e-01
4.205009043647802147e-01
4.205826236799958817e-01
4.206463338873349667e-01
4.207157375721678472e-01
4.208382907439944254e-01
4.208722997638826291e-01
4.209472477480420971e-01
4.210486149780940934e-01
4.211436471463422815e-01
4.212847423067847541e-01
4.213027130473792070e-01
4.213837209509571080e-01
4.215040374931888767e-01
4.215414626536894693e-01
4.216231985544823258e-01
4.216594698533407404e-01
4.219111906562787451e-01
4.219881704582260640e-01
4.220704080791655710e-01
4.221881509032825441e-01
4.222481591429614878e-01
4.223104011905125521e-01
4.223857464050732036e-01
4.226218107647760069e-01
4.227316336509974737e-01
4.227692608547096165e-01
4.228445997057474481e-01
4.228598305071120667e-01
4.230024347471599833e-01
4.230691210906243893e-01
4.231535204602215883e-01
4.233346498260923130e-01
4.233796298442902284e-01
4.234793295938398261e-01
4.235930732036947144e-01
4.236420240634703460e-01
4.236847439429488604e-01
4.237652656367033588e-01
4.238928770142058600e-01
4.239867486360674453e-01
4.240331362197778953e-01
4.241581930293069624e-01
4.241930508293715318e-01
4.242539229178575733e-01
4.244536500903849929e-01
4.244828526675706315e-01
4.245369683346890688e-01
4.248296033646495329e-01
4.248614508517536414e-01
4.249213799579621975e-01
4.249454440131867350e-01
4.250889662201723929e-01
4.251406124148944254e-01
4.252873719741431247e-01
4.253331552953378281e-01
4.254256777212060969e-01
4.254978398947918961e-01
4.256378532442770535e-01
4.257072873747321240e-01
4.257395430121299618e-01
4.258951146197630377e-01
4.260391961269690553e-01
4.261027246673990132e-01
4.261961909028130768e-01
4.262193871595698069e-01
4.263223918686853131e-01
4.263940690746149120e-01
4.265123529858105278e-01
4.266300602568328104e-01
4.266523998673103502e-01
4.268363795977256903e-01
4.268372978558021003e-01
4.269555247113190344e-01
4.271030694968498409e-01
4.272095772524840962e-01
4.272575194412455146e-01
4.274051260561662069e-01
4.274922823785197168e-01
4.276285800134619897e-01
4.276454527644992232e-01
4.277349790841098454e-01
4.278543528773675608e-01
4.279942967073158133e-01
4.281155302250284622e-01
4.282272542144678895e-01
4.282842489886873327e-01
4.283640840913363057e-01
4.283749007868750680e-01
4.284440038032926723e-01
4.285424519053905312e-01
4.286668945625865534e-01
4.287579097255904692e-01
4.288762215593988625e-01
4.289396285337465642e-01
4.289711596027889207e-01
4.292006046713577883e-01
4.292568352993576530e-01
4.293694257854455132e-01
4.294102365632563867e-01
4.294903816572885891e-01
4.296489276338987251e-01
4.296650751923835054e-01
4.297790333617194092e-01
4.298707740686568690e-01
4.300341541863883510e-01
4.301126716457632781e-01
4.301836692849820287e-01
4.303838709537268770e-01
4.304427813862042873e-01
4.304816165458800192e-01
4.305952396419601702e-01
4.306523563226263285e-01
4.306894138024113805e-01
4.308725422373473890e-01
4.309366010717331497e-01
4.310316356760768852e-01
4.311253098976938758e-01
4.311921575272521512e-01
4.312955964791612695e-01
4.313875615642581152e-01
4.314722350534817008e-01
4.315788091273335403e-01
4.315949842942716219e-01
4.317643523421320073e-01
4.319074794105435267e-01
4.319530123153792478e-01
4.321118257990522182e-01
4.321901743269800922e-01
4.322728935040134335e-01
4.323536248997926768e-01
4.323961957058752859e-01
4.326756693615095295e-01
4.327831124554602504e-01
4.328582777885390809e-01
4.329347190514997168e-01
4.329816943784881578e-01
4.330653481395140836e-01
4.331013785764600832e-01
4.332807048776154968e-01
4.333717821664976877e-01
4.334782087962378849e-01
4.334860872922781105e-01
4.336662020092240111e-01
4.337572011536710015e-01
4.338171094065290667e-01
4.339905767242462908e-01
4.341407450689782621e-01
4.342476692607851185e-01
4.343091752254947813e-01
4.344051434391809630e-01
4.344204534977259002e-01
4.346147658999892083e-01
4.346435667356253751e-01
4.347764674679000518e-01
4.348412944043837935e-01
4.349391704643109091e-01
4.350468795285160062e-01
4.350780947982783586e-01
4.352360443447611527e-01
4.353363497812059446e-01
4.355189855313906233e-01
4.355295572332428256e-01
4.356259767931869864e-01
4.358016494605364555e-01
4.358492650353404940e-01
4.359729068712355216e-01
4.360545157501001801e-01
4.361164691992117648e-01
4.362684591737076012e-01
4.363149001534868399e-01
4.363997949665655574e-01
4.365029493391437976e-01
4.365587023336782724e-01
4.365963220643022114e-01
4.368269897472599750e-01
4.368953541960427511e-01
4.369297015638824999e-01
4.370466918464928630e-01
4.371634740764202554e-01
4.372279386369770093e-01
4.373652523776662138e-01
4.374473762432489199e-01
4.375312621403623092e-01
4.376433302033595485e-01
4.377075058766847215e-01
4.377911731914935767e-01
4.378457503922937866e-01
4.380003934731375170e-01
4.381580473162282607e-01
4.382201494555877930e-01
4.383483120431085345e-01
4.384619790916618465e-01
4.386181986035978531e-01
4.386674636276768346e-01
4.387513099583552068e-01
4.388159581386072428e-01
4.389169791757689953e-01
4.390108531889118093e-01
4.390994215414098512e-01
4.392631649248143200e-01
4.393311777174231381e-01
4.394360646629785760e-01
4.395355592899736208e-01
4.396851172888386894e-01
4.397762669539438396e-01
4.398679358979555865e-01
4.399099246376515504e-01
4.400356241926680623e-01
4.401796009089622430e-01
4.402517046089273745e-01
4.402978475602682962e-01
4.404735815421238487e-01
4.405973857444642205e-01
4.406972019652228845e-01
4.407117217738832360e-01
4.408857854954132960e-01
4.409305137770421767e-01
4.411260741558430398e-01
4.412485847488854529e-01
4.413546109582102694e-01
4.414785774579645383e-01
4.415012384142214530e-01
4.415873041289646861e-01
4.416658062658118666e-01
4.417553429156111378e-01
4.418061644719892822e-01
4.419735243730698038e-01
4.420875851779563215e-01
4.421210351611389866e-01
4.422936888376796105e-01
4.424741735232373685e-01
4.425269582346458286e-01
4.426424191721772261e-01
4.426722347791292034e-01
4.427714195639206318e-01
4.428676694960416715e-01
4.429602933707323942e-01
4.431041564316500758e-01
4.431638314084779817e-01
4.432562509150909102e-01
4.433317993573234195e-01
4.435406317760785533e-01
4.435931875632710963e-01
4.436851154537844732e-01
4.438873743113012638e-01
4.439643485950345303e-01
4.440615653379763050e-01
4.441446067100124906e-01
4.442903051820010218e-01
4.443568619018040122e-01
4.445529825987966643e-01
4.446167353807153333e-01
4.447416745756331835e-01
4.448091183216361100e-01
4.448885048786956342e-01
4.449883441621338420e-01
4.451840847646852395e-01
4.452965062719169698e-01
4.453225090314134604e-01
4.453599983744076507e-01
4.455034393420661543e-01
4.456121966242216348e-01
4.458737840662499452e-01
4.459240161120925361e-01
4.459956539286054622e-01
4.460748820880401921e-01
4.461298327974348998e-01
4.462676972054038238e-01
4.463737641499251341e-01
4.464384861384314562e-01
4.465678601515804536e-01
4.467263329891481005e-01
4.467752940834548436e-01
4.469297609433571794e-01
4.470193978468251506e-01
4.470998452079140706e-01
4.471460671862765857e-01
4.472757338613348455e-01
4.473782584081376079e-01
4.474229872465814717e-01
4.474492584611570734e-01
4.475296520711736226e-01
4.477673105009871146e-01
4.478274234422694455e-01
4.479071994317788130e-01
4.480734514869335605e-01
4.481593368547724388e-01
4.483736716478288753e-01
4.484762493192158139e-01
4.485085287717002767e-01
4.485849666098102873e-01
4.487489185213679455e-01
4.488617798231004374e-01
4.488899898980225345e-01
4.490251751684602444e-01
4.490978331912072186e-01
4.491869824755768681e-01
4.493089541360587580e-01
4.493925076322232703e-01
4.495181491669643092e-01
4.496129290763681285e-01
4.498185218765058946e-01
4.498843434250582307e-01
4.499549105903135615e-01
4.499953540866002966e-01
4.501538519812897654e-01
4.502716519232842773e-01
4.503609200977549687e-01
4.504917133453242850e-01
4.506364057735968709e-01
4.506917856359803909e-01
4.508352700773554100e-01
4.509899062897202993e-01
4.510301859418416326e-01
4.511962084318901778e-01
4.513044629073604264e-01
4.514264546220989605e-01
4.515207424651992429e-01
4.515779913689934588e-01
4.517548408728456200e-01
4.518123145907730898e-01
4.519036945564178231e-01
4.519835988068076071e-01
4.520746377687584472e-01
4.523186763327554649e-01
4.523853646661289973e-01
4.524767521552000571e-01
4.525481543989142152e-01
4.526953286835079249e-01
4.527142501396081431e-01
4.528471692688251782e-01
4.529886123076933835e-01
4.531242453156303918e-01
4.532125425029989718e-01
4.532407034503316279e-01
4.534023035075774866e-01
4.535987054039939959e-01
4.536807946544939019e-01
4.538285993318172951e-01
4.539905765381559988e-01
4.540513461298820719e-01
4.541395535762994262e-01
4.543397537530975416e-01
4.544271942314438428e-01
4.545173799976496842e-01
4.546755137018882453e-01
4.546932248236899010e-01
4.547564012694832458e-01
4.548465532757712260e-01
4.548622043175067353e-01
4.549695798613260789e-01
4.551813374966474091e-01
4.553819066764740464e-01
4.554783501730487738e-01
4.556146584074198813e-01
4.557055193165928664e-01
4.558119958876704625e-01
4.560391433699900743e-01
4.561272776871296841e-01
4.561456375033282051e-01
4.562883128130549304e-01
4.564368792673562103e-01
4.565749456746425183e-01
4.567265936118161118e-01
4.568453879387502914e-01
4.569393284934554766e-01
4.570713566611557255e-01
4.571004868250270192e-01
4.572911770739756521e-01
4.573122725129249999e-01
4.574217583857085323e-01
4.575463258913944897e-01
4.576658853148550254e-01
4.576778689207920414e-01
4.579908340096819352e-01
4.581361861462371898e-01
4.581846498052200012e-01
4.582986936678444811e-01
4.584040650480088464e-01
4.585957988425025667e-01
4.586466839523629657e-01
4.586882853008859562e-01
4.587690841665424402e-01
4.588805548848053362e-01
4.590209626149054922e-01
4.591286202901099234e-01
4.592401615081747601e-01
4.593685522138810651e-01
4.594406818383920399e-01
4.596272941746945007e-01
4.597021814745612112e-01
4.598401988451641942e-01
4.599177106179590524e-01
4.600055885357473007e-01
4.601992774273426789e-01
4.602684681661037835e-01
4.603830207936772667e-01
4.604737682754068695e-01
4.605570032001490288e-01
4.607120484622996837e-01
4.607912741251461441e-01
4.609355986787400106e-01
4.611963002718984517e-01
4.612981107729240970e-01
4.615300797191368987e-01
4.615608820136156698e-01
4.616582553002195888e-01
4.617746826526420989e-01
4.618306169290119501e-01
4.619048431229503260e-01
4.620261047775976460e-01
4.620639247086927304e-01
4.621375761347326083e-01
4.621845737505052565e-01
4.623831135492058042e-01
4.624803737417217397e-01
4.625875187950999057e-01
4.627800430264075726e-01
4.628945608334971151e-01
4.629437893652064706e-01
4.630792082466171355e-01
4.632271568207795287e-01
4.633530965313185090e-01
4.635383338252889174e-01
4.637035611780818689e-01
4.637664566258616894e-01
4.639623536167546969e-01
4.640110007609117848e-01
4.640849264567740717e-01
4.641717770938428300e-01
4.641997362214426714e-01
4.644093898316929980e-01
4.644670740236018780e-01
4.646193120524262921e-01
4.646341236402154462e-01
4.648480075643379172e-01
4.649077385379794536e-01
4.650804983538867066e-01
4.652349420771437760e-01
4.653350510865258971e-01
4.654986802513079169e-01
4.655428876102972180e-01
4.656467316425320080e-01
4.657087484249006759e-01
4.658058610139782507e-01
4.659646430139222084e-01
4.661581352492248365e-01
4.663480017581784765e-01
4.664533295117606060e-01
4.665064464480600526e-01
4.667104981210856707e-01
4.667477495731564008e-01
4.668285927303610361e-01
4.669902572059126955e-01
4.672050703666437155e-01
4.672858000455033523e-01
4.675449088294999500e-01
4.676232362087264782e-01
4.677325004210485804e-01
4.678892050697494587e-01
4.680991181505326226e-01
4.682870015739938885e-01
4.683297239650932586e-01
4.683885235968702765e-01
4.684869179426687236e-01
4.686260133419966056e-01
4.689033814860349980e-01
4.689283443740540069e-01
4.690485307999973097e-01
4.691054811577238248e-01
4.692637088617293006e-01
4.694362177106122247e-01
4.695388597732830793e-01
4.695832922565032486e-01
4.697424189822933527e-01
4.698495287876213733e-01
4.699983765350175813e-01
4.701079890376235193e-01
4.701583683150310500e-01
4.702961177437142704e-01
4.703847385183509422e-01
4.705219475348038638e-01
4.705540024346292483e-01
4.705789955784876466e-01
4.708757179864411224e-01
4.708879447163742960e-01
4.710105975082902185e-01
4.711393631549199990e-01
4.714004400813592288e-01
4.714464512996436873e-01
4.715783464834402139e-01
4.717647059469157744e-01
4.718563719925070732e-01
4.720964774399581398e-01
4.721749295934284940e-01
4.723157969950196877e-01
4.723313508553714235e-01
4.724812917125109091e-01
4.725972401127419009e-01
4.728430594386004993e-01
4.730528080427112148e-01
4.731120549888486737e-01
4.732408334080709378e-01
4.733541215625725607e-01
4.734811520878545732e-01
4.735563427068056885e-01
4.736733722429268822e-01
4.737646616189216675e-01
4.738459277794010438e-01
4.740967246333603891e-01
4.742796725064874486e-01
4.744529725261330544e-01
4.745242512654568867e-01
4.746580105097154001e-01
4.746897885958427654e-01
4.748065733372379138e-01
4.749109875268615055e-01
4.750083062011925539e-01
4.750816350002007304e-01
4.753268029179040788e-01
4.754053778687948317e-01
4.756021254829617684e-01
4.757361968170428779e-01
4.759151609276693340e-01
4.759517082485814066e-01
4.761182136687121536e-01
4.761455519245643697e-01
4.762168786680230914e-01
4.762763012588241418e-01
4.764994537331754265e-01
4.766222744291166991e-01
4.767116701249702326e-01
4.770150159657776667e-01
4.771498334668109464e-01
4.772096931611535253e-01
4.773198569171335226e-01
4.774544914805714524e-01
4.776339481754924288e-01
4.777090609451108971e-01
4.777917108100288579e-01
4.780462546036554072e-01
4.781617665917626270e-01
4.782190684236943823e-01
4.785167491400140749e-01
4.785492385959683181e-01
4.786322299516203027e-01
4.787493795393122364e-01
4.788924134522641318e-01
4.789481455393518328e-01
4.792061462406421724e-01
4.792556258296800653e-01
4.794020901182349248e-01
4.794365194901364369e-01
4.795061721203080496e-01
4.796357259207887358e-01
4.796683829093735807e-01
4.798758449023527994e-01
4.800208431100278506e-01
4.802054193414218020e-01
4.802823702914106874e-01
4.805102522020733291e-01
4.805980614260620953e-01
4.808903174637983446e-01
4.809091337743633954e-01
4.811289302424289760e-01
4.811397318535519108e-01
4.813250808338752074e-01
4.813471229395884787e-01
4.815101278983055511e-01
4.816438807005850031e-01
4.818621563919093798e-01
4.819832152542834480e-01
4.823085046790205888e-01
4.824787738323951247e-01
4.825245098145188871e-01
4.825871977340434604e-01
4.828313465241756974e-01
4.829326770837726324e-01
4.830665231634004297e-01
4.832047106883929910e-01
4.832929213802385493e-01
4.834016779604693448e-01
4.834572614892258535e-01
4.836522750221961542e-01
4.837734002813350864e-01
4.838915014761171474e-01
4.840793495374761668e-01
4.841221795070589362e-01
4.842647364637500118e-01
4.843940820167521588e-01
4.845961245605603929e-01
4.846866154403496330e-01
4.847516198585254399e-01
4.850020121296569342e-01
4.851069445879593878e-01
4.852629476752894355e-01
4.853090349308363805e-01
4.854241448946932103e-01
4.856313239660951520e-01
4.858157966783785975e-01
4.860524064988615556e-01
4.861081427316684689e-01
4.861365664120811947e-01
4.861756728018497564e-01
4.863270061573191638e-01
4.864440760758128035e-01
4.866289289178828414e-01
4.868945383681885786e-01
4.869759589887719953e-01
4.872262138239967788e-01
4.873610604911985944e-01
4.873959618417991746e-01
4.875829196137835830e-01
4.876822419597890979e-01
4.878562669769798688e-01
4.879301619231627418e-01
4.879878602152483702e-01
4.882236618260827887e-01
4.883314347515822496e-01
4.884076122853647783e-01
4.885493830351657629e-01
4.887838744719820716e-01
4.889604241997479450e-01
4.890561070243098496e-01
4.891244233211097248e-01
4.893653804240508109e-01
4.894721153896223753e-01
4.896095835813659702e-01
4.896776828325027364e-01
4.897693109250801369e-01
4.899340347910324800e-01
4.900718267075629409e-01
4.901787671227373355e-01
4.904317182132003072e-01
4.904850904182365690e-01
4.906377425516103008e-01
4.907830122736064893e-01
4.909952108461299591e-01
4.911204549860226920e-01
4.912287631943870192e-01
4.914658337778985975e-01
4.915853861671731218e-01
4.917077596637268178e-01
4.918479029152142967e-01
4.920266176087202403e-01
4.922146447014141279e-01
4.924066797873852264e-01
4.925098571339271980e-01
4.926118397138167793e-01
4.926846208335335375e-01
4.929992809429681322e-01
4.930416909655248592e-01
4.931796264886954551e-01
4.932532922098725181e-01
4.935889800229596447e-01
4.937522043379359848e-01
4.938381534869252243e-01
4.939173040564660555e-01
4.940134845043965273e-01
4.941557507863631460e-01
4.942002531435400470e-01
4.944632091543793573e-01
4.945898428584036277e-01
4.948903758980550127e-01
4.949552131914944919e-01
4.950785290888911061e-01
4.952358241392273430e-01
4.953014083041268889e-01
4.954870125298929673e-01
4.957168284514009704e-01
4.959341504379047860e-01
4.959809620592186552e-01
4.960365322219792428e-01
4.961693657646175648e-01
4.963466993045360653e-01
4.963763901925180022e-01
4.968140433642147524e-01
4.968637221577379415e-01
4.970448673069761125e-01
4.971484434447525080e-01
4.972495311341567081e-01
4.973320214913736770e-01
4.974552200328134499e-01
4.975413218913999347e-01
4.977837093640843924e-01
4.978919533056445079e-01
4.982006773381709719e-01
4.983628319307801813e-01
4.986209219806603810e-01
4.987409062434638440e-01
4.988587459643100686e-01
4.989964841928201666e-01
4.992042858489387780e-01
4.994019973831826942e-01
4.994281317157115985e-01
4.995545469382371429e-01
4.996433056264918959e-01
4.997263624849297425e-01
4.998732582494196941e-01
4.999373127958737784e-01
5.000841936174554858e-01
5.002701411575875001e-01
5.006208408644231556e-01
5.008725206925509488e-01
5.009617558604965160e-01
5.010683779295560525e-01
5.011362829584431466e-01
5.013129204734539934e-01
5.014828005353945128e-01
5.015554264025628983e-01
5.016960176539875249e-01
5.018663809348253846e-01
5.020142287419135929e-01
5.022721822945287462e-01
5.025085646632267977e-01
5.026560983356027634e-01
5.027750860319117887e-01
5.029324662314679228e-01
5.031074941974931214e-01
5.032153044062170899e-01
5.035217428138529794e-01
5.036810596000698137e-01
5.037381580833527606e-01
5.039237893079352437e-01
5.040202146508310221e-01
5.041291418545671421e-01
5.043748538193825182e-01
5.045936641508268483e-01
5.048190280530392426e-01
5.049788550598662829e-01
5.050546430601843273e-01
5.051078557553630999e-01
5.052303145056384892e-01
5.055056299717493040e-01
5.056541851889626571e-01
5.058739466873963808e-01
5.061534281642731115e-01
5.062675757551080569e-01
5.063980746597579463e-01
5.064916920959448010e-01
5.066946382448497266e-01
5.067991562154924301e-01
5.070724495453862168e-01
5.071827189634519062e-01
5.072267530669032354e-01
5.074058896908207883e-01
5.074676060847423953e-01
5.076933720879710510e-01
5.079973125460013339e-01
5.081241492910222313e-01
5.082722826722934073e-01
5.083841815147170928e-01
5.086853902467407540e-01
5.087322619562688608e-01
5.089925225368117090e-01
5.092128828954588515e-01
5.092760534636679992e-01
5.096148308759373968e-01
5.097245197493333047e-01
5.100329601224484755e-01
5.101727425797838444e-01
5.102343511293727651e-01
5.102806315723401598e-01
5.104522979030662322e-01
5.106719558527125225e-01
5.109679311927655121e-01
5.110557236163456585e-01
5.111483410636562530e-01
5.113456731757569651e-01
5.114555548570701715e-01
5.115609763466546500e-01
5.118022950495972889e-01
5.121402403757547850e-01
5.122780069426927652e-01
5.123903197045287516e-01
5.124423359226184527e-01
5.125569014313304805e-01
5.127408114426332819e-01
5.127940510609693137e-01
5.130511908924774156e-01
5.131554769849620001e-01
5.135033482996911314e-01
5.137024426802702104e-01
5.139469981298413481e-01
5.140037602754579105e-01
5.141405868536023105e-01
5.142775282644677093e-01
5.145108542686569475e-01
5.148450402828350647e-01
5.149494939801720905e-01
5.150984590194457313e-01
5.151930205927790496e-01
5.153522004206155804e-01
5.156738412291094198e-01
5.158086329041462470e-01
5.158763992068474691e-01
5.159648611822245101e-01
5.159784694973985619e-01
5.161761547912223635e-01
5.165341448348156339e-01
5.167126420327011749e-01
5.168295248351343352e-01
5.170485598430303309e-01
5.171657417882344898e-01
5.172217596868889933e-01
5.176191328841402983e-01
5.176538367066189084e-01
5.178299978115187274e-01
5.179721283935029286e-01
5.183064243405515192e-01
5.185514337866237167e-01
5.187442482545042699e-01
5.188018660445403718e-01
5.190235769889849360e-01
5.191312730737721592e-01
5.194823406532349530e-01
5.195649099803292259e-01
5.198770301502158020e-01
5.200155673876213358e-01
5.202104925851785966e-01
5.205058661795385344e-01
5.207195529358589203e-01
5.208482220123153983e-01
5.209302442695296076e-01
5.210582884105300350e-01
5.212640210511203520e-01
5.215282662022800997e-01
5.216449090482415674e-01
5.218075695233439504e-01
5.219025880596087630e-01
5.220397123637058323e-01
5.221463426979020550e-01
5.224907429961058725e-01
5.225762957670161413e-01
5.227479779530908033e-01
5.229786680586779868e-01
5.230911407253108214e-01
5.234716545566983070e-01
5.237208082837786494e-01
5.239326498790012332e-01
5.242066354853898158e-01
5.243042921689771152e-01
5.244220347639590996e-01
5.245058468592138645e-01
5.247168373140368436e-01
5.249750693941007684e-01
5.250847509920598677e-01
5.253246524973557152e-01
5.255563393545875650e-01
5.258521425058613197e-01
5.260526015667928990e-01
5.261636315093595195e-01
5.262991796878745410e-01
5.264265720776662993e-01
5.265972837750848567e-01
5.268205798121405881e-01
5.271323821731350723e-01
5.271899754461251142e-01
5.273925444436029508e-01
5.276059175563788672e-01
5.278273213606609060e-01
5.278887392076490048e-01
5.280307195900431072e-01
5.280596142756065481e-01
5.282794768647564032e-01
5.284887208933501945e-01
5.287718381206409912e-01
5.288095237536258875e-01
5.291528216415043451e-01
5.293953449894868157e-01
5.295895143875044564e-01
5.297494912413607260e-01
5.299127302140640428e-01
5.300680341050376665e-01
5.305749328563186262e-01
5.307557466890039377e-01
5.307596919341841524e-01
5.308645964943823348e-01
5.310416143440371828e-01
5.312528153970342837e-01
5.313799544449203660e-01
5.316011712921941967e-01
5.317552244973267062e-01
5.320296205378636234e-01
5.320422598135566838e-01
5.322074527530984422e-01
5.324457397293124172e-01
5.325022285972375036e-01
5.328519850386906898e-01
5.331755198797519801e-01
5.333479653750666793e-01
5.336222450067688028e-01
5.338784224364665487e-01
5.340166136186186296e-01
5.340763125214060825e-01
5.342860066358313675e-01
5.346345113219924672e-01
5.347952866740696143e-01
5.348965043990560053e-01
5.350683007860549401e-01
5.353747142959837113e-01
5.355173218353129760e-01
5.356160340628755012e-01
5.358168143155161989e-01
5.361328441031061320e-01
5.363356002684875889e-01
5.367285904788534623e-01
5.369236519655351536e-01
5.369984609815567911e-01
5.371874159515309666e-01
5.374529164207392240e-01
5.376589610668571773e-01
5.379269642934898510e-01
5.381063885045161976e-01
5.384073830640399017e-01
5.384898996985507669e-01
5.388970229907276144e-01
5.389786313752479296e-01
5.393154384680794999e-01
5.393523351891038597e-01
5.395845353515804632e-01
5.398390351188439018e-01
5.400664452949285321e-01
5.401371046460249348e-01
5.404063077499783319e-01
5.406612828378117852e-01
5.410175395511239715e-01
5.411374920156682977e-01
5.414048489475774550e-01
5.414816278592927690e-01
5.418446996873674815e-01
5.421391467691600852e-01
5.423425211453702932e-01
5.425998738863301307e-01
5.427721480363262296e-01
5.430213127838129372e-01
5.432490896295661953e-01
5.432760920697609075e-01
5.436144886012340693e-01
5.440032787351045673e-01
5.441481923850783886e-01
5.444951917164799760e-01
5.446657046976672856e-01
5.449452817234157198e-01
5.451831431717447662e-01
5.452425469574990746e-01
5.456035956460737468e-01
5.456971812299353797e-01
5.459873415579903355e-01
5.464620294730032635e-01
5.467722180974748936e-01
5.470872807548782246e-01
5.473652154238815015e-01
5.475172251882496344e-01
5.478058294420623531e-01
5.481961877150266504e-01
5.485457175286511111e-01
5.486912012346606415e-01
5.490546841309213999e-01
5.492075496459110084e-01
5.492744800603777122e-01
5.496807750525810610e-01
5.497151690735484486e-01
5.498162718305900087e-01
5.502219182913328233e-01
5.503635174777173900e-01
5.506265896593562914e-01
5.508759089331713987e-01
5.512244219503218412e-01
5.514902510497053933e-01
5.516327554170878944e-01
5.518752464942264790e-01
5.521736240973285081e-01
5.523240903940187518e-01
5.523803966754651240e-01
5.527920216562736133e-01
5.529985833204790202e-01
5.533850292523571079e-01
5.536739739909559699e-01
5.537868831634099598e-01
5.543248031730085845e-01
5.546940625947038850e-01
5.547000170019482646e-01
5.550749564160094573e-01
5.552346631508451313e-01
5.553049333959100275e-01
5.560891533962504241e-01
5.562356526842151538e-01
5.565169327566467095e-01
5.566910338532934377e-01
5.570090892510124458e-01
5.572768130597890446e-01
5.574525678593047484e-01
5.575914241281029193e-01
5.578977736973353974e-01
5.579314599674219943e-01
5.582573758259307128e-01
5.588147855827585442e-01
5.590202599514555448e-01
5.594361878893818751e-01
5.597262065457774272e-01
5.598809784097826814e-01
5.601523216090441570e-01
5.604408805966245577e-01
5.605450582772651957e-01
5.607949167040482408e-01
5.612969689710274324e-01
5.616602408852431338e-01
5.619418512968894497e-01
5.620854595540952792e-01
5.623467279260117024e-01
5.625006214282868289e-01
5.627937452466407198e-01
5.629799657139149538e-01
5.632769630086441603e-01
5.633746332666881296e-01
5.635388309110779259e-01
5.642217056278318044e-01
5.644650902916387158e-01
5.648104164039189357e-01
5.649318771215673385e-01
5.652143382953529471e-01
5.652723456162184190e-01
5.659138095458670081e-01
5.661010657057607975e-01
5.664375539750345911e-01
5.666416555035967972e-01
5.668619721419299040e-01
5.671614603798907916e-01
5.673448967297711754e-01
5.677309281832768617e-01
5.678414046560942285e-01
5.682117949609608587e-01
5.683789579451338225e-01
5.686118733234650779e-01
5.688569048647839077e-01
5.691579384004353814e-01
5.695181111503365701e-01
5.696843947997752844e-01
5.701091247417600094e-01
5.704330551913159297e-01
5.706937316016702511e-01
5.708524110003612151e-01
5.712224923193948145e-01
5.713121801548571854e-01
5.716975325172142242e-01
5.718544842402903949e-01
5.725402262228724837e-01
5.727258952301189643e-01
5.731400046507774126e-01
5.732829130960174213e-01
5.736888702116083039e-01
5.740643240601357444e-01
5.743939330027515444e-01
5.744976161606628606e-01
5.749518711933964132e-01
5.752586997720128270e-01
5.754613829396867386e-01
5.757973972327822265e-01
5.758744169753372555e-01
5.761141504723273910e-01
5.765262479377133431e-01
5.769015814981687251e-01
5.774755768068390305e-01
5.776346943591387229e-01
5.779269465213016099e-01
5.781696271687709610e-01
5.782663134620963374e-01
5.790195572689780246e-01
5.792775548836449628e-01
5.795170245392693431e-01
5.797385508042652846e-01
5.801470580323770942e-01
5.802257718174883561e-01
5.804466667924867984e-01
5.807152517282646587e-01
5.809473518771306466e-01
5.809942627194946141e-01
5.812484763385794562e-01
5.817411896618011058e-01
5.819736092957422668e-01
5.822321390937739150e-01
5.830503223156524584e-01
5.833221493859030993e-01
5.834262258989629801e-01
5.839789809970977741e-01
5.845569067197359248e-01
5.847287681098749523e-01
5.855866178208957162e-01
5.859026436771641588e-01
5.863460030563324432e-01
5.866881490811781674e-01
5.869341537242376283e-01
5.873209302440116630e-01
5.878588493772760604e-01
5.883881803880102179e-01
5.885263349704976665e-01
5.890511769466419967e-01
5.891187230226944127e-01
5.894362542112789871e-01
5.902505412437804022e-01
5.905136098057182092e-01
5.908415184642674678e-01
5.910467345952264973e-01
5.910499845687923193e-01
5.913616854361750663e-01
5.919823225482490070e-01
5.925419731306810212e-01
5.926925156453030086e-01
5.929577544248838539e-01
5.934600333332293864e-01
5.937314345093929191e-01
5.939565942912041763e-01
5.946098034235856034e-01
5.951901540006359070e-01
5.953804605068394595e-01
5.962959179066237292e-01
5.970497724566338205e-01
5.973448270501786617e-01
5.975054969182285181e-01
5.983839205870866707e-01
5.984787439205759840e-01
5.988905303944795921e-01
5.991019949578105797e-01
5.998599096708375766e-01
5.999423165055933760e-01
6.007416283279725100e-01
6.012419553461434418e-01
6.015190601658900738e-01
6.022367476887048321e-01
6.025463782644823185e-01
6.028365634842692833e-01
6.034195898036371908e-01
6.035534980315646614e-01
6.043766036466446945e-01
6.046691522028800891e-01
6.051083812832348530e-01
6.053221735643330437e-01
6.055878301196838676e-01
6.060746940880029632e-01
6.066085215304501954e-01
6.072312474449473862e-01
6.074724744972359591e-01
6.079507215291251043e-01
6.079801485906556335e-01
6.084953634231118347e-01
6.091810351575829285e-01
6.093917850742412989e-01
6.099207226234084622e-01
6.100518821626328414e-01
6.104922585508831823e-01
6.105338967402628159e-01
6.111722126126508670e-01
6.118448372606181129e-01
6.121596055893205879e-01
6.126059124536860079e-01
6.126765339951399936e-01
6.128848028896224376e-01
6.138874821331457010e-01
6.143718829817782501e-01
6.146566415403781347e-01
6.150802513873164790e-01
6.154833070851433163e-01
6.159986903592987728e-01
6.163430510949772234e-01
6.166290494278220402e-01
6.169408147493257166e-01
6.172153489843210661e-01
6.172914849236892376e-01
6.177949992976313753e-01
6.183495461396262272e-01
6.184865184087428025e-01
6.196642569649818411e-01
6.199908514879849397e-01
6.206815828735700036e-01
6.209380571929644654e-01
6.212684044496027402e-01
6.222509486717482385e-01
6.228265286258244382e-01
6.235523720539288828e-01
6.238737343513814926e-01
6.239935565695157171e-01
6.249349213899743072e-01
6.253832021836178701e-01
6.256501051106622135e-01
6.261845746729027828e-01
6.265761523508166508e-01
6.271756269482828827e-01
6.274984343247188567e-01
6.283027739038999915e-01
6.293379785649809710e-01
6.296569808373023713e-01
6.302412265025147953e-01
6.303117986749955381e-01
6.315583186447338848e-01
6.317372011257295084e-01
6.323042455131009376e-01
6.330170549864863050e-01
6.331667556165827548e-01
6.336316564393102979e-01
6.343447350790369921e-01
6.345990465630007016e-01
6.349751896419264519e-01
6.353032859851466263e-01
6.356020606851773280e-01
6.365913287538585985e-01
6.371655739514501260e-01
6.378054571142522944e-01
6.381619991455030894e-01
6.388636679475707680e-01
6.391806529097915357e-01
6.399235303049876089e-01
6.408138170671990874e-01
6.410220303173307377e-01
6.425674172232231918e-01
6.428026219746078018e-01
6.433669522167587695e-01
6.440400393116332278e-01
6.447339700860229561e-01
6.461063756439924255e-01
6.466214350647949693e-01
6.473999417358409225e-01
6.482110548524461224e-01
6.483315555145872100e-01
6.492736867566483161e-01
6.500632089993541030e-01
6.508677189777664074e-01
6.520590249763368318e-01
6.525929844930695722e-01
6.529105571225943816e-01
6.534795647979155797e-01
6.535826981755195053e-01
6.553661158852264190e-01
6.554875981165296794e-01
6.558870253241910753e-01
6.564785576377395460e-01
6.570671712738113124e-01
6.575642164970376680e-01
6.579948897499124927e-01
6.583734057634158532e-01
6.587524578263841413e-01
6.598300210994304527e-01
6.600284172554482520e-01
6.613047715149696915e-01
6.614640914157807750e-01
6.622644685988690050e-01
6.630695650628987137e-01
6.645358850633276138e-01
6.647853694939314106e-01
6.653648921845566333e-01
6.679482967051990627e-01
6.697513780258211868e-01
6.705204676598279789e-01
6.712096501983505492e-01
6.720489932183678627e-01
6.727941764754961085e-01
6.739565056932891318e-01
6.753782268245474008e-01
6.758813308105950934e-01
6.763404583790320057e-01
6.786867081844544236e-01
6.791313721715849239e-01
6.805840253920402150e-01
6.825107064162556636e-01
6.835603455364294145e-01
6.852159927634484671e-01
6.856851815144143769e-01
6.867561570020405126e-01
6.873110441093364109e-01
6.879578413391210789e-01
6.885444847458510598e-01
6.885727360683464582e-01
6.895108512191143735e-01
6.899774948158240440e-01
6.903850835454095058e-01
6.913673008600743630e-01
6.924033005447894906e-01
6.943679832573834698e-01
6.961340893803417140e-01
6.967832233781819928e-01
6.979064025281309647e-01
6.989536544516335992e-01
7.017870152194825017e-01
7.029624763240079899e-01
7.051007391774604116e-01
7.060811739451404723e-01
7.073457235861455583e-01
7.107222590596449230e-01
7.113352701958491897e-01
7.123255188084077760e-01
7.151643267039756724e-01
7.156043282520381243e-01
7.166749464184439811e-01
7.178489947409159022e-01
7.191054144217690069e-01
7.218331720269638430e-01
7.226704464499669189e-01
7.244419342127206285e-01
7.261169890838188312e-01
7.286682570799426495e-01
7.310711225853313566e-01
7.344366061295095616e-01
7.374105675899457202e-01
7.376489145725078078e-01
7.401232346269126516e-01
7.428672743103328369e-01
7.460188214806798834e-01
7.469350754151238281e-01
7.488010137187264270e-01
7.514999379282948366e-01
7.520841443111562219e-01
7.549914404144335567e-01
7.557901415706772541e-01
7.559242082354281633e-01
7.576354641933095158e-01
7.612739047926989633e-01
7.645738998770126305e-01
7.690275950518179471e-01
7.795745904740220000e-01
7.847627886869593672e-01
7.867668810862129547e-01
7.885124602838664565e-01
7.908862153757589830e-01
7.926850333868418197e-01
7.996746126880901473e-01
8.008780324796874739e-01
8.051776880837112627e-01
8.083249877582572296e-01
8.122024491850707850e-01
8.195353445667499237e-01
8.307026359475724320e-01
8.413169352732475792e-01
8.522902602473637623e-01
8.677039495898343224e-01
8.808322157247500117e-01
8.871888310942811495e-01
9.102653635052049275e-01
9.309185398077605145e-01
9.516307560116495923e-01
1.000000000000000000e+00
