# SF-29 N2 candidate (i) i1 field=control2d eps=0.25 N=16: sorted relative singular values of the dense central-FD Jacobian at the converged state (rows F_i=-q(L_i-S_i); outlet rows (2q/h)(vperp_in-c_perp); smax=3.119652e+03)
6.275734e-04
6.837363e-04
6.879099e-04
6.879099e-04
6.914183e-04
6.914183e-04
6.939343e-04
6.939343e-04
7.022841e-04
7.022841e-04
7.096578e-04
7.096578e-04
7.150611e-04
7.150611e-04
7.182930e-04
7.182930e-04
7.193638e-04
7.193638e-04
7.359263e-04
8.004627e-04
8.069816e-04
1.028032e-03
1.032628e-03
1.111978e-03
1.111978e-03
1.117179e-03
1.117179e-03
1.418375e-03
1.462538e-03
1.877832e-03
2.049117e-03
2.318122e-03
2.318122e-03
2.332911e-03
2.332911e-03
2.384702e-03
2.384702e-03
2.386246e-03
2.386246e-03
2.515167e-03
2.700722e-03
3.367379e-03
3.579075e-03
4.104876e-03
4.104876e-03
4.156932e-03
4.156932e-03
4.425092e-03
4.425092e-03
4.425209e-03
4.425209e-03
4.699792e-03
5.474772e-03
5.663129e-03
5.663129e-03
5.701170e-03
5.846018e-03
5.846018e-03
5.866590e-03
5.866590e-03
5.963080e-03
6.162945e-03
6.162945e-03
6.243276e-03
6.250175e-03
6.250175e-03
6.286637e-03
6.286637e-03
6.352651e-03
6.352651e-03
6.399695e-03
6.399695e-03
6.414002e-03
6.414002e-03
6.481784e-03
6.481784e-03
6.514706e-03
6.721230e-03
6.721230e-03
6.782740e-03
6.856360e-03
6.856360e-03
6.898085e-03
6.898085e-03
6.972970e-03
6.972970e-03
6.978665e-03
6.978665e-03
6.998026e-03
7.235547e-03
7.240068e-03
7.240068e-03
7.353258e-03
7.750621e-03
7.932075e-03
7.932075e-03
8.051919e-03
8.051919e-03
8.076294e-03
8.186076e-03
8.186076e-03
8.385720e-03
8.385720e-03
8.523925e-03
8.523925e-03
8.549137e-03
8.586324e-03
8.586324e-03
8.861044e-03
9.440189e-03
9.545123e-03
9.545123e-03
9.575607e-03
9.575607e-03
9.710934e-03
9.710934e-03
1.009014e-02
1.013837e-02
1.013837e-02
1.022865e-02
1.022865e-02
1.023102e-02
1.023102e-02
1.023488e-02
1.023488e-02
1.023996e-02
1.023996e-02
1.118965e-02
1.129432e-02
1.129432e-02
1.137303e-02
1.137303e-02
1.138460e-02
1.138460e-02
1.151771e-02
1.151771e-02
1.169712e-02
1.169712e-02
1.178448e-02
1.178448e-02
1.188688e-02
1.188688e-02
1.188998e-02
1.188998e-02
1.237512e-02
1.237512e-02
1.264820e-02
1.264820e-02
1.268583e-02
1.268583e-02
1.287115e-02
1.287115e-02
1.306532e-02
1.306532e-02
1.312073e-02
1.312073e-02
1.358840e-02
1.358840e-02
1.360459e-02
1.360459e-02
1.373880e-02
1.373880e-02
1.374289e-02
1.374289e-02
1.396110e-02
1.396110e-02
1.405328e-02
1.405328e-02
1.454300e-02
1.454300e-02
1.551215e-02
1.551215e-02
1.554187e-02
1.554187e-02
1.609280e-02
1.609280e-02
1.621219e-02
1.638929e-02
1.638929e-02
1.639286e-02
1.639286e-02
1.650861e-02
1.650861e-02
1.653244e-02
1.653244e-02
1.662075e-02
1.663360e-02
1.663360e-02
1.704466e-02
1.745892e-02
1.754862e-02
1.754862e-02
1.762394e-02
1.762394e-02
1.778017e-02
1.778017e-02
1.786240e-02
1.792521e-02
1.792521e-02
1.795606e-02
1.795606e-02
1.805735e-02
1.805735e-02
1.812701e-02
1.812701e-02
1.823285e-02
1.832926e-02
1.832926e-02
1.838998e-02
1.838998e-02
1.843450e-02
1.843450e-02
1.855693e-02
1.877422e-02
1.877422e-02
1.880314e-02
1.880314e-02
1.898326e-02
1.902552e-02
1.919678e-02
1.919678e-02
1.923558e-02
1.923558e-02
1.936132e-02
1.936132e-02
1.943181e-02
1.943181e-02
1.945607e-02
1.945607e-02
1.955948e-02
1.955948e-02
1.963206e-02
1.963206e-02
1.964002e-02
1.967027e-02
1.967027e-02
1.986741e-02
1.986927e-02
1.986927e-02
1.995125e-02
1.995125e-02
1.995403e-02
1.995403e-02
2.045208e-02
2.088834e-02
2.099647e-02
2.099647e-02
2.101589e-02
2.101589e-02
2.125724e-02
2.125724e-02
2.131030e-02
2.131030e-02
2.137096e-02
2.137096e-02
2.140576e-02
2.140576e-02
2.140664e-02
2.140664e-02
2.145887e-02
2.166206e-02
2.166206e-02
2.180816e-02
2.180816e-02
2.187126e-02
2.187126e-02
2.200598e-02
2.200598e-02
2.215167e-02
2.236484e-02
2.236484e-02
2.309050e-02
2.329508e-02
2.329508e-02
2.345434e-02
2.345434e-02
2.397454e-02
2.397454e-02
2.400306e-02
2.400306e-02
2.435626e-02
2.435626e-02
2.438407e-02
2.438407e-02
2.544925e-02
2.544925e-02
2.567308e-02
2.567308e-02
2.639919e-02
2.639919e-02
2.639986e-02
2.639986e-02
2.682055e-02
2.682055e-02
2.724982e-02
2.724982e-02
2.729573e-02
2.729573e-02
2.754553e-02
2.754553e-02
2.756634e-02
2.756634e-02
2.798217e-02
2.798217e-02
2.799510e-02
2.799510e-02
2.840248e-02
2.840248e-02
2.845511e-02
2.845511e-02
2.849555e-02
2.849555e-02
2.867993e-02
2.867993e-02
2.873735e-02
2.873735e-02
2.877662e-02
2.877662e-02
2.878900e-02
2.878900e-02
2.879631e-02
2.879631e-02
2.895464e-02
2.895464e-02
2.897733e-02
2.897733e-02
2.920664e-02
2.920664e-02
2.947840e-02
2.947840e-02
2.967238e-02
2.967238e-02
3.057196e-02
3.057196e-02
3.071632e-02
3.071632e-02
3.073493e-02
3.073493e-02
3.079879e-02
3.126392e-02
3.126392e-02
3.127653e-02
3.127653e-02
3.143022e-02
3.184472e-02
3.184472e-02
3.203415e-02
3.209266e-02
3.209266e-02
3.262005e-02
3.262005e-02
3.265452e-02
3.285065e-02
3.285065e-02
3.302643e-02
3.310447e-02
3.310447e-02
3.326351e-02
3.326351e-02
3.333825e-02
3.333825e-02
3.340365e-02
3.340365e-02
3.347648e-02
3.347648e-02
3.353922e-02
3.353922e-02
3.367198e-02
3.367198e-02
3.380713e-02
3.403674e-02
3.420573e-02
3.420573e-02
3.428370e-02
3.428370e-02
3.432004e-02
3.432004e-02
3.441120e-02
3.441120e-02
3.465747e-02
3.465747e-02
3.484042e-02
3.484042e-02
3.507744e-02
3.507744e-02
3.517779e-02
3.533504e-02
3.533504e-02
3.537676e-02
3.538478e-02
3.538478e-02
3.553618e-02
3.553618e-02
3.555040e-02
3.555040e-02
3.614752e-02
3.614752e-02
3.669543e-02
3.672599e-02
3.693748e-02
3.693748e-02
3.696616e-02
3.696616e-02
3.705795e-02
3.705795e-02
3.712970e-02
3.712970e-02
3.721073e-02
3.721073e-02
3.725604e-02
3.725604e-02
3.740477e-02
3.740477e-02
3.766112e-02
3.766112e-02
3.770295e-02
3.773960e-02
3.773960e-02
3.780673e-02
3.780673e-02
3.791857e-02
3.791857e-02
3.792406e-02
3.792406e-02
3.810858e-02
3.810858e-02
3.813309e-02
3.821581e-02
3.821581e-02
3.845194e-02
3.845194e-02
3.852465e-02
3.852465e-02
3.890633e-02
3.924659e-02
3.924659e-02
3.959939e-02
3.959939e-02
3.961819e-02
3.961819e-02
3.970422e-02
3.970422e-02
3.973496e-02
3.973496e-02
3.978757e-02
3.991160e-02
3.991160e-02
3.991210e-02
3.991210e-02
4.015989e-02
4.015989e-02
4.019733e-02
4.019733e-02
4.046165e-02
4.046165e-02
4.077229e-02
4.077229e-02
4.082040e-02
4.100458e-02
4.100458e-02
4.113250e-02
4.113250e-02
4.163404e-02
4.163404e-02
4.163801e-02
4.163801e-02
4.178331e-02
4.178331e-02
4.181536e-02
4.181536e-02
4.246270e-02
4.246270e-02
4.254817e-02
4.254817e-02
4.332126e-02
4.332126e-02
4.354783e-02
4.354783e-02
4.364338e-02
4.364338e-02
4.408583e-02
4.408583e-02
4.436775e-02
4.436775e-02
4.439626e-02
4.439626e-02
4.463918e-02
4.463918e-02
4.478415e-02
4.478415e-02
4.481427e-02
4.481427e-02
4.492183e-02
4.492183e-02
4.510366e-02
4.510366e-02
4.528412e-02
4.528412e-02
4.540993e-02
4.540993e-02
4.578336e-02
4.578336e-02
4.583290e-02
4.583290e-02
4.627339e-02
4.627339e-02
4.674185e-02
4.674185e-02
4.695449e-02
4.695449e-02
4.700533e-02
4.700533e-02
4.706021e-02
4.706021e-02
4.755038e-02
4.755038e-02
4.789014e-02
4.789014e-02
4.803000e-02
4.803000e-02
4.810724e-02
4.810724e-02
4.811616e-02
4.811616e-02
4.818490e-02
4.818490e-02
4.823284e-02
4.823284e-02
4.896259e-02
4.896259e-02
4.929352e-02
4.929352e-02
4.952764e-02
4.967673e-02
4.967673e-02
5.064191e-02
5.070569e-02
5.070569e-02
5.081662e-02
5.081662e-02
5.111760e-02
5.111760e-02
5.117557e-02
5.117557e-02
5.159030e-02
5.159030e-02
5.171003e-02
5.172495e-02
5.172495e-02
5.176159e-02
5.176159e-02
5.177357e-02
5.177357e-02
5.183133e-02
5.183133e-02
5.199597e-02
5.199597e-02
5.200086e-02
5.200086e-02
5.203324e-02
5.203324e-02
5.208718e-02
5.208718e-02
5.226536e-02
5.226536e-02
5.246908e-02
5.246908e-02
5.250374e-02
5.250374e-02
5.274322e-02
5.276509e-02
5.276509e-02
5.313280e-02
5.313280e-02
5.334203e-02
5.334203e-02
5.342004e-02
5.342004e-02
5.346477e-02
5.356139e-02
5.356139e-02
5.367372e-02
5.367372e-02
5.367960e-02
5.367960e-02
5.370132e-02
5.370132e-02
5.374224e-02
5.374224e-02
5.424180e-02
5.424180e-02
5.450681e-02
5.462812e-02
5.462812e-02
5.488977e-02
5.488977e-02
5.513495e-02
5.513495e-02
5.520672e-02
5.550290e-02
5.550290e-02
5.552876e-02
5.552876e-02
5.619999e-02
5.619999e-02
5.644147e-02
5.644147e-02
5.651104e-02
5.651104e-02
5.657396e-02
5.660902e-02
5.660902e-02
5.666020e-02
5.666020e-02
5.692196e-02
5.692196e-02
5.713417e-02
5.713417e-02
5.749108e-02
5.750447e-02
5.750447e-02
5.763249e-02
5.763249e-02
5.778916e-02
5.778916e-02
5.811790e-02
5.811790e-02
5.824377e-02
5.824377e-02
5.826394e-02
5.826394e-02
5.884363e-02
5.884363e-02
5.892849e-02
5.904193e-02
5.904193e-02
5.951800e-02
5.951800e-02
5.967155e-02
5.969371e-02
5.969371e-02
5.976203e-02
5.976203e-02
6.000912e-02
6.000912e-02
6.010623e-02
6.010623e-02
6.038447e-02
6.038447e-02
6.043453e-02
6.043453e-02
6.051450e-02
6.051450e-02
6.056750e-02
6.056750e-02
6.061463e-02
6.061463e-02
6.067251e-02
6.067251e-02
6.084199e-02
6.084199e-02
6.088284e-02
6.101586e-02
6.101586e-02
6.136356e-02
6.136356e-02
6.137529e-02
6.137529e-02
6.141610e-02
6.142203e-02
6.142203e-02
6.192447e-02
6.192447e-02
6.209933e-02
6.209933e-02
6.237925e-02
6.237925e-02
6.245457e-02
6.245457e-02
6.245873e-02
6.245873e-02
6.249991e-02
6.267144e-02
6.267144e-02
6.298422e-02
6.298422e-02
6.343777e-02
6.343777e-02
6.347698e-02
6.347698e-02
6.373725e-02
6.373725e-02
6.376808e-02
6.415665e-02
6.415665e-02
6.427929e-02
6.427929e-02
6.463702e-02
6.463702e-02
6.466109e-02
6.466109e-02
6.482262e-02
6.482262e-02
6.498461e-02
6.498461e-02
6.504967e-02
6.504967e-02
6.507452e-02
6.507452e-02
6.509282e-02
6.509282e-02
6.539917e-02
6.541966e-02
6.541966e-02
6.555800e-02
6.555800e-02
6.577871e-02
6.577871e-02
6.585001e-02
6.585001e-02
6.590256e-02
6.590256e-02
6.592693e-02
6.592693e-02
6.664219e-02
6.664219e-02
6.668220e-02
6.668220e-02
6.708115e-02
6.708115e-02
6.728792e-02
6.728792e-02
6.739480e-02
6.739480e-02
6.748950e-02
6.748950e-02
6.802358e-02
6.802358e-02
6.828753e-02
6.828753e-02
6.832284e-02
6.832284e-02
6.834253e-02
6.834253e-02
6.851926e-02
6.851926e-02
6.920156e-02
6.920156e-02
6.935290e-02
6.935290e-02
6.940673e-02
6.940673e-02
6.974155e-02
6.974155e-02
6.982909e-02
6.982909e-02
6.998834e-02
6.998834e-02
7.000495e-02
7.000495e-02
7.050164e-02
7.050164e-02
7.067365e-02
7.067365e-02
7.084164e-02
7.084164e-02
7.091872e-02
7.091872e-02
7.142722e-02
7.142722e-02
7.156650e-02
7.156650e-02
7.182103e-02
7.182103e-02
7.186556e-02
7.186556e-02
7.244021e-02
7.262767e-02
7.262767e-02
7.264228e-02
7.264228e-02
7.283804e-02
7.283804e-02
7.290648e-02
7.290648e-02
7.299386e-02
7.299386e-02
7.356603e-02
7.356603e-02
7.381665e-02
7.381665e-02
7.388940e-02
7.412676e-02
7.412676e-02
7.419325e-02
7.419325e-02
7.433189e-02
7.433189e-02
7.447840e-02
7.447840e-02
7.455789e-02
7.455789e-02
7.477870e-02
7.477870e-02
7.481825e-02
7.481825e-02
7.519104e-02
7.532399e-02
7.532399e-02
7.535036e-02
7.535036e-02
7.591477e-02
7.591477e-02
7.598991e-02
7.598991e-02
7.605995e-02
7.605995e-02
7.606968e-02
7.606968e-02
7.613214e-02
7.613214e-02
7.634622e-02
7.634622e-02
7.653954e-02
7.670952e-02
7.670952e-02
7.680184e-02
7.680184e-02
7.712588e-02
7.712588e-02
7.715142e-02
7.715142e-02
7.723377e-02
7.745611e-02
7.745611e-02
7.781052e-02
7.781052e-02
7.792852e-02
7.792852e-02
7.803766e-02
7.803766e-02
7.815733e-02
7.815733e-02
7.875674e-02
7.875674e-02
7.880671e-02
7.880671e-02
7.892662e-02
7.896557e-02
7.896557e-02
7.896857e-02
7.896857e-02
7.907228e-02
7.907228e-02
7.966950e-02
7.966950e-02
7.970206e-02
7.970206e-02
8.005844e-02
8.022706e-02
8.022706e-02
8.051857e-02
8.051857e-02
8.053011e-02
8.053011e-02
8.071290e-02
8.071290e-02
8.099519e-02
8.099519e-02
8.115813e-02
8.115813e-02
8.153777e-02
8.153777e-02
8.176500e-02
8.176500e-02
8.197563e-02
8.197880e-02
8.197880e-02
8.238294e-02
8.238294e-02
8.242307e-02
8.242307e-02
8.248041e-02
8.248041e-02
8.259085e-02
8.259085e-02
8.310265e-02
8.310265e-02
8.344378e-02
8.344378e-02
8.349656e-02
8.363446e-02
8.363446e-02
8.371357e-02
8.371357e-02
8.398794e-02
8.398794e-02
8.405967e-02
8.405967e-02
8.418200e-02
8.418200e-02
8.467523e-02
8.467523e-02
8.470736e-02
8.470736e-02
8.479535e-02
8.479535e-02
8.487266e-02
8.487266e-02
8.508550e-02
8.508550e-02
8.528461e-02
8.528461e-02
8.548024e-02
8.551606e-02
8.551606e-02
8.569668e-02
8.569668e-02
8.571933e-02
8.571933e-02
8.573644e-02
8.573644e-02
8.631284e-02
8.631284e-02
8.647729e-02
8.647729e-02
8.660869e-02
8.660869e-02
8.664037e-02
8.664037e-02
8.672817e-02
8.688535e-02
8.688535e-02
8.709564e-02
8.709564e-02
8.710472e-02
8.710472e-02
8.749718e-02
8.749718e-02
8.797814e-02
8.797814e-02
8.807816e-02
8.807816e-02
8.816619e-02
8.816619e-02
8.839394e-02
8.839394e-02
8.849116e-02
8.849116e-02
8.868094e-02
8.885110e-02
8.885110e-02
8.890050e-02
8.890050e-02
8.905463e-02
8.905463e-02
8.931323e-02
8.947015e-02
8.947015e-02
8.981841e-02
8.981841e-02
8.989770e-02
8.989770e-02
8.992853e-02
8.992853e-02
9.011021e-02
9.011021e-02
9.027021e-02
9.027021e-02
9.048364e-02
9.048364e-02
9.055307e-02
9.055307e-02
9.063759e-02
9.063759e-02
9.069047e-02
9.069047e-02
9.073807e-02
9.073807e-02
9.082172e-02
9.102428e-02
9.102428e-02
9.127333e-02
9.127333e-02
9.130706e-02
9.130706e-02
9.138910e-02
9.138910e-02
9.147549e-02
9.147549e-02
9.202811e-02
9.202811e-02
9.208965e-02
9.208965e-02
9.210918e-02
9.210918e-02
9.228869e-02
9.228869e-02
9.234926e-02
9.249348e-02
9.249348e-02
9.262215e-02
9.262215e-02
9.282368e-02
9.282368e-02
9.284186e-02
9.284186e-02
9.295219e-02
9.295219e-02
9.310386e-02
9.310386e-02
9.310650e-02
9.310650e-02
9.320873e-02
9.320873e-02
9.395045e-02
9.395045e-02
9.408637e-02
9.408637e-02
9.427100e-02
9.427100e-02
9.432180e-02
9.453742e-02
9.453742e-02
9.475675e-02
9.475675e-02
9.496250e-02
9.496250e-02
9.499055e-02
9.499055e-02
9.500904e-02
9.500904e-02
9.509020e-02
9.509020e-02
9.510395e-02
9.510395e-02
9.520670e-02
9.520670e-02
9.546888e-02
9.546888e-02
9.556232e-02
9.556232e-02
9.636707e-02
9.636707e-02
9.667871e-02
9.667871e-02
9.670731e-02
9.670731e-02
9.673782e-02
9.673782e-02
9.697121e-02
9.697121e-02
9.703347e-02
9.703347e-02
9.737203e-02
9.737203e-02
9.747430e-02
9.747430e-02
9.768367e-02
9.768367e-02
9.799021e-02
9.799021e-02
9.800365e-02
9.800365e-02
9.805600e-02
9.817791e-02
9.817791e-02
9.821954e-02
9.821954e-02
9.868270e-02
9.868270e-02
9.914593e-02
9.914593e-02
9.938051e-02
9.938051e-02
9.943421e-02
9.943421e-02
9.950008e-02
9.950008e-02
9.958187e-02
9.958187e-02
9.991218e-02
9.991218e-02
9.991317e-02
9.991541e-02
9.991541e-02
1.002723e-01
1.002723e-01
1.003006e-01
1.003006e-01
1.004607e-01
1.004607e-01
1.004664e-01
1.004664e-01
1.008018e-01
1.008018e-01
1.008464e-01
1.008464e-01
1.011002e-01
1.011002e-01
1.014824e-01
1.015580e-01
1.015580e-01
1.015912e-01
1.015912e-01
1.015921e-01
1.015921e-01
1.017874e-01
1.017874e-01
1.021673e-01
1.021673e-01
1.023534e-01
1.023534e-01
1.023652e-01
1.023652e-01
1.023749e-01
1.023749e-01
1.025363e-01
1.025363e-01
1.025830e-01
1.025830e-01
1.027933e-01
1.027933e-01
1.031967e-01
1.031967e-01
1.032297e-01
1.034806e-01
1.034806e-01
1.037652e-01
1.037652e-01
1.039004e-01
1.039004e-01
1.039490e-01
1.039490e-01
1.039749e-01
1.039749e-01
1.040260e-01
1.045271e-01
1.045271e-01
1.046403e-01
1.046403e-01
1.048831e-01
1.048831e-01
1.050624e-01
1.050624e-01
1.053625e-01
1.053625e-01
1.054587e-01
1.054587e-01
1.055443e-01
1.055443e-01
1.055762e-01
1.055762e-01
1.056677e-01
1.056677e-01
1.058038e-01
1.058038e-01
1.060076e-01
1.060076e-01
1.063118e-01
1.063118e-01
1.063660e-01
1.063793e-01
1.063793e-01
1.064838e-01
1.064838e-01
1.066057e-01
1.066057e-01
1.071619e-01
1.071619e-01
1.072211e-01
1.072211e-01
1.072309e-01
1.072309e-01
1.073626e-01
1.073626e-01
1.076105e-01
1.076105e-01
1.076757e-01
1.076757e-01
1.076900e-01
1.076900e-01
1.079944e-01
1.079944e-01
1.080151e-01
1.080151e-01
1.080390e-01
1.082489e-01
1.082489e-01
1.083295e-01
1.083295e-01
1.086192e-01
1.086192e-01
1.087550e-01
1.087550e-01
1.089088e-01
1.089088e-01
1.089991e-01
1.089991e-01
1.090854e-01
1.090854e-01
1.092385e-01
1.092385e-01
1.094574e-01
1.094574e-01
1.095642e-01
1.095642e-01
1.097688e-01
1.097688e-01
1.097696e-01
1.097696e-01
1.100636e-01
1.100636e-01
1.101216e-01
1.101216e-01
1.101367e-01
1.101367e-01
1.102460e-01
1.102460e-01
1.104059e-01
1.104059e-01
1.104747e-01
1.104989e-01
1.104989e-01
1.105773e-01
1.105773e-01
1.106355e-01
1.106355e-01
1.112596e-01
1.112596e-01
1.114840e-01
1.114840e-01
1.120275e-01
1.120275e-01
1.121755e-01
1.121755e-01
1.123018e-01
1.123018e-01
1.126263e-01
1.126263e-01
1.126652e-01
1.126652e-01
1.127198e-01
1.130900e-01
1.130900e-01
1.131132e-01
1.131132e-01
1.131916e-01
1.131916e-01
1.132989e-01
1.132989e-01
1.135762e-01
1.135762e-01
1.136902e-01
1.136902e-01
1.136986e-01
1.136986e-01
1.140396e-01
1.140396e-01
1.142838e-01
1.142838e-01
1.142893e-01
1.142893e-01
1.144704e-01
1.144704e-01
1.145672e-01
1.145672e-01
1.146593e-01
1.146593e-01
1.146966e-01
1.146966e-01
1.147356e-01
1.147356e-01
1.148007e-01
1.148007e-01
1.148360e-01
1.148360e-01
1.152637e-01
1.152637e-01
1.152679e-01
1.152789e-01
1.152789e-01
1.153134e-01
1.153134e-01
1.155035e-01
1.155035e-01
1.156930e-01
1.156930e-01
1.157976e-01
1.157976e-01
1.160167e-01
1.160167e-01
1.160983e-01
1.160983e-01
1.162161e-01
1.162161e-01
1.163030e-01
1.163030e-01
1.163042e-01
1.170768e-01
1.170768e-01
1.170944e-01
1.170944e-01
1.170974e-01
1.172598e-01
1.172598e-01
1.174827e-01
1.174827e-01
1.174973e-01
1.174973e-01
1.175091e-01
1.175091e-01
1.175232e-01
1.175638e-01
1.175638e-01
1.180417e-01
1.180417e-01
1.180837e-01
1.180837e-01
1.181110e-01
1.181110e-01
1.183552e-01
1.183552e-01
1.183557e-01
1.183557e-01
1.184897e-01
1.184897e-01
1.187295e-01
1.187295e-01
1.187366e-01
1.187366e-01
1.188439e-01
1.188439e-01
1.192747e-01
1.192747e-01
1.193206e-01
1.193206e-01
1.194734e-01
1.194734e-01
1.196058e-01
1.196058e-01
1.197334e-01
1.197334e-01
1.197848e-01
1.200984e-01
1.200984e-01
1.201553e-01
1.201553e-01
1.201984e-01
1.201984e-01
1.202873e-01
1.202873e-01
1.203661e-01
1.203661e-01
1.204101e-01
1.204101e-01
1.206026e-01
1.206026e-01
1.206446e-01
1.207052e-01
1.207504e-01
1.207504e-01
1.207890e-01
1.207890e-01
1.208990e-01
1.208990e-01
1.215254e-01
1.215254e-01
1.218200e-01
1.218200e-01
1.220289e-01
1.220289e-01
1.220310e-01
1.220310e-01
1.225772e-01
1.225772e-01
1.226283e-01
1.226355e-01
1.226355e-01
1.228379e-01
1.229257e-01
1.229257e-01
1.230036e-01
1.230036e-01
1.230201e-01
1.230201e-01
1.230406e-01
1.230406e-01
1.233334e-01
1.233334e-01
1.233550e-01
1.233550e-01
1.236958e-01
1.236958e-01
1.237074e-01
1.237074e-01
1.239006e-01
1.239006e-01
1.244101e-01
1.244142e-01
1.244142e-01
1.245400e-01
1.245400e-01
1.245619e-01
1.245619e-01
1.248089e-01
1.248089e-01
1.251531e-01
1.251531e-01
1.252286e-01
1.252286e-01
1.253436e-01
1.253483e-01
1.253483e-01
1.255845e-01
1.255845e-01
1.256554e-01
1.256554e-01
1.257446e-01
1.257446e-01
1.258074e-01
1.258074e-01
1.260512e-01
1.260512e-01
1.261428e-01
1.261428e-01
1.263944e-01
1.263944e-01
1.264213e-01
1.264213e-01
1.265888e-01
1.265888e-01
1.266975e-01
1.266975e-01
1.268167e-01
1.269206e-01
1.269206e-01
1.272292e-01
1.272292e-01
1.274747e-01
1.274747e-01
1.276242e-01
1.278020e-01
1.278020e-01
1.282875e-01
1.282875e-01
1.283093e-01
1.283093e-01
1.284837e-01
1.284837e-01
1.285547e-01
1.285547e-01
1.287914e-01
1.287914e-01
1.288313e-01
1.288683e-01
1.288683e-01
1.292600e-01
1.292600e-01
1.293532e-01
1.294457e-01
1.294457e-01
1.298493e-01
1.298493e-01
1.299693e-01
1.299693e-01
1.301217e-01
1.301217e-01
1.302038e-01
1.302038e-01
1.304382e-01
1.304382e-01
1.306626e-01
1.306626e-01
1.307650e-01
1.307650e-01
1.307882e-01
1.307882e-01
1.307883e-01
1.307883e-01
1.309818e-01
1.309818e-01
1.311703e-01
1.311703e-01
1.311710e-01
1.311710e-01
1.313324e-01
1.313324e-01
1.313591e-01
1.313591e-01
1.314842e-01
1.314842e-01
1.317471e-01
1.319687e-01
1.319687e-01
1.320257e-01
1.320257e-01
1.322186e-01
1.322186e-01
1.322987e-01
1.322987e-01
1.324753e-01
1.326550e-01
1.326550e-01
1.329014e-01
1.329014e-01
1.330647e-01
1.330647e-01
1.330682e-01
1.330682e-01
1.331135e-01
1.331236e-01
1.331236e-01
1.337062e-01
1.337062e-01
1.338041e-01
1.338041e-01
1.338819e-01
1.338819e-01
1.339709e-01
1.339709e-01
1.339785e-01
1.339785e-01
1.340499e-01
1.340499e-01
1.344991e-01
1.344991e-01
1.347463e-01
1.347463e-01
1.351746e-01
1.351746e-01
1.356162e-01
1.356769e-01
1.356769e-01
1.357175e-01
1.357175e-01
1.361671e-01
1.361671e-01
1.365480e-01
1.365480e-01
1.365593e-01
1.365593e-01
1.365694e-01
1.365694e-01
1.368411e-01
1.368411e-01
1.370010e-01
1.370010e-01
1.373030e-01
1.373030e-01
1.374348e-01
1.374348e-01
1.375996e-01
1.375996e-01
1.378633e-01
1.378633e-01
1.378717e-01
1.378717e-01
1.379673e-01
1.381387e-01
1.381387e-01
1.384161e-01
1.384161e-01
1.384917e-01
1.384917e-01
1.385307e-01
1.385307e-01
1.385447e-01
1.385447e-01
1.389034e-01
1.389034e-01
1.389165e-01
1.389165e-01
1.389710e-01
1.389710e-01
1.389914e-01
1.389914e-01
1.391151e-01
1.391151e-01
1.391180e-01
1.391180e-01
1.393342e-01
1.393342e-01
1.397904e-01
1.397904e-01
1.398734e-01
1.398734e-01
1.398916e-01
1.398916e-01
1.399244e-01
1.399244e-01
1.400976e-01
1.400976e-01
1.403294e-01
1.404732e-01
1.404732e-01
1.405570e-01
1.406710e-01
1.406710e-01
1.406981e-01
1.406981e-01
1.410834e-01
1.410834e-01
1.412824e-01
1.412824e-01
1.413520e-01
1.413520e-01
1.415787e-01
1.415787e-01
1.417197e-01
1.417197e-01
1.417876e-01
1.417876e-01
1.421985e-01
1.421985e-01
1.423117e-01
1.423117e-01
1.423559e-01
1.423559e-01
1.424703e-01
1.424703e-01
1.424786e-01
1.424786e-01
1.425258e-01
1.425258e-01
1.425914e-01
1.425914e-01
1.428015e-01
1.428015e-01
1.432212e-01
1.432212e-01
1.433512e-01
1.433512e-01
1.435203e-01
1.435203e-01
1.435574e-01
1.435574e-01
1.440180e-01
1.442078e-01
1.442078e-01
1.445419e-01
1.445419e-01
1.446329e-01
1.446329e-01
1.446996e-01
1.446996e-01
1.447258e-01
1.447258e-01
1.449223e-01
1.449223e-01
1.451246e-01
1.451246e-01
1.452632e-01
1.452632e-01
1.454381e-01
1.454381e-01
1.454621e-01
1.454621e-01
1.457901e-01
1.457901e-01
1.459310e-01
1.459310e-01
1.460540e-01
1.460540e-01
1.460877e-01
1.460877e-01
1.464561e-01
1.464561e-01
1.464942e-01
1.464942e-01
1.467151e-01
1.467745e-01
1.467745e-01
1.468701e-01
1.468701e-01
1.471738e-01
1.472946e-01
1.472946e-01
1.473378e-01
1.473378e-01
1.473855e-01
1.473855e-01
1.476065e-01
1.476065e-01
1.477045e-01
1.477045e-01
1.479866e-01
1.479866e-01
1.481598e-01
1.481598e-01
1.483883e-01
1.483883e-01
1.486126e-01
1.486126e-01
1.487177e-01
1.487177e-01
1.490277e-01
1.490277e-01
1.493633e-01
1.493633e-01
1.494240e-01
1.496537e-01
1.496537e-01
1.496651e-01
1.496651e-01
1.502322e-01
1.502322e-01
1.503090e-01
1.503090e-01
1.505614e-01
1.505614e-01
1.506875e-01
1.506875e-01
1.509289e-01
1.509289e-01
1.510837e-01
1.510837e-01
1.515114e-01
1.515114e-01
1.515724e-01
1.515724e-01
1.516483e-01
1.516483e-01
1.518748e-01
1.518748e-01
1.520778e-01
1.520778e-01
1.521082e-01
1.521082e-01
1.521305e-01
1.521305e-01
1.522970e-01
1.522970e-01
1.526232e-01
1.528229e-01
1.528229e-01
1.528752e-01
1.529845e-01
1.529845e-01
1.531226e-01
1.531226e-01
1.532533e-01
1.532533e-01
1.533154e-01
1.533154e-01
1.537182e-01
1.537182e-01
1.537790e-01
1.538929e-01
1.539927e-01
1.539927e-01
1.539979e-01
1.539979e-01
1.540248e-01
1.540248e-01
1.542320e-01
1.542320e-01
1.546468e-01
1.546468e-01
1.546755e-01
1.546755e-01
1.547165e-01
1.547165e-01
1.551907e-01
1.551907e-01
1.553723e-01
1.553723e-01
1.554092e-01
1.554214e-01
1.554214e-01
1.556452e-01
1.556452e-01
1.556697e-01
1.556697e-01
1.558975e-01
1.558975e-01
1.559124e-01
1.559124e-01
1.559591e-01
1.559591e-01
1.563144e-01
1.563144e-01
1.564678e-01
1.566080e-01
1.566080e-01
1.570137e-01
1.570137e-01
1.571456e-01
1.573109e-01
1.573109e-01
1.573382e-01
1.573382e-01
1.576313e-01
1.576313e-01
1.578626e-01
1.578626e-01
1.579568e-01
1.579568e-01
1.579683e-01
1.579683e-01
1.579865e-01
1.579865e-01
1.582168e-01
1.582168e-01
1.582754e-01
1.582754e-01
1.584700e-01
1.585363e-01
1.585363e-01
1.585928e-01
1.585928e-01
1.585970e-01
1.585970e-01
1.586045e-01
1.586045e-01
1.586180e-01
1.586180e-01
1.588929e-01
1.588929e-01
1.589355e-01
1.589355e-01
1.590937e-01
1.590937e-01
1.592581e-01
1.592581e-01
1.593014e-01
1.593014e-01
1.594411e-01
1.594411e-01
1.595021e-01
1.595021e-01
1.601214e-01
1.601214e-01
1.601453e-01
1.601453e-01
1.603270e-01
1.603270e-01
1.604162e-01
1.605631e-01
1.605631e-01
1.607258e-01
1.607258e-01
1.609407e-01
1.609407e-01
1.612220e-01
1.612521e-01
1.612521e-01
1.613687e-01
1.613687e-01
1.614119e-01
1.616678e-01
1.616678e-01
1.618608e-01
1.618608e-01
1.618847e-01
1.618847e-01
1.618897e-01
1.618897e-01
1.622614e-01
1.622614e-01
1.623253e-01
1.623253e-01
1.628002e-01
1.628002e-01
1.628617e-01
1.628884e-01
1.628884e-01
1.631328e-01
1.631328e-01
1.633472e-01
1.633472e-01
1.635124e-01
1.635124e-01
1.637637e-01
1.637637e-01
1.638796e-01
1.638796e-01
1.644880e-01
1.644880e-01
1.646151e-01
1.646151e-01
1.646387e-01
1.646387e-01
1.647326e-01
1.648320e-01
1.648320e-01
1.648827e-01
1.648827e-01
1.651654e-01
1.651654e-01
1.652061e-01
1.652061e-01
1.652997e-01
1.652997e-01
1.653289e-01
1.653289e-01
1.653318e-01
1.653318e-01
1.653676e-01
1.653676e-01
1.656527e-01
1.656527e-01
1.657383e-01
1.657383e-01
1.658104e-01
1.658104e-01
1.661287e-01
1.661287e-01
1.661291e-01
1.661291e-01
1.663402e-01
1.663402e-01
1.663955e-01
1.663955e-01
1.668532e-01
1.668532e-01
1.669076e-01
1.669076e-01
1.672030e-01
1.672030e-01
1.673224e-01
1.673224e-01
1.673291e-01
1.673291e-01
1.676725e-01
1.676802e-01
1.676802e-01
1.678013e-01
1.678013e-01
1.679307e-01
1.679307e-01
1.679467e-01
1.679467e-01
1.679823e-01
1.679823e-01
1.680947e-01
1.680947e-01
1.684030e-01
1.684030e-01
1.684147e-01
1.684147e-01
1.684351e-01
1.684351e-01
1.684819e-01
1.689032e-01
1.689032e-01
1.689137e-01
1.689137e-01
1.689671e-01
1.689671e-01
1.693106e-01
1.693106e-01
1.693800e-01
1.693800e-01
1.694884e-01
1.694884e-01
1.696746e-01
1.696746e-01
1.701339e-01
1.701339e-01
1.701882e-01
1.701882e-01
1.705866e-01
1.705866e-01
1.706326e-01
1.706326e-01
1.707103e-01
1.708546e-01
1.708546e-01
1.709500e-01
1.709500e-01
1.710181e-01
1.710181e-01
1.712573e-01
1.712573e-01
1.713325e-01
1.713325e-01
1.720909e-01
1.720909e-01
1.721352e-01
1.721352e-01
1.722738e-01
1.722738e-01
1.727809e-01
1.727809e-01
1.728189e-01
1.728189e-01
1.729760e-01
1.729760e-01
1.731848e-01
1.731848e-01
1.731860e-01
1.731860e-01
1.732098e-01
1.732098e-01
1.734456e-01
1.734456e-01
1.734899e-01
1.734899e-01
1.742326e-01
1.742326e-01
1.742952e-01
1.742952e-01
1.744825e-01
1.744825e-01
1.745071e-01
1.745071e-01
1.745351e-01
1.745351e-01
1.748408e-01
1.748408e-01
1.750526e-01
1.750526e-01
1.754237e-01
1.754237e-01
1.754258e-01
1.754258e-01
1.756620e-01
1.756620e-01
1.758472e-01
1.758472e-01
1.759322e-01
1.759322e-01
1.759324e-01
1.759324e-01
1.761360e-01
1.761969e-01
1.761969e-01
1.763934e-01
1.763934e-01
1.763958e-01
1.763958e-01
1.764297e-01
1.764297e-01
1.768111e-01
1.768111e-01
1.768150e-01
1.768150e-01
1.769261e-01
1.769261e-01
1.770959e-01
1.772006e-01
1.772006e-01
1.773632e-01
1.773632e-01
1.775496e-01
1.775496e-01
1.776606e-01
1.776606e-01
1.777385e-01
1.777385e-01
1.779319e-01
1.779319e-01
1.780727e-01
1.780727e-01
1.781067e-01
1.781067e-01
1.782465e-01
1.782465e-01
1.784062e-01
1.784062e-01
1.784141e-01
1.784141e-01
1.786775e-01
1.787764e-01
1.787764e-01
1.787814e-01
1.787814e-01
1.788560e-01
1.788560e-01
1.789426e-01
1.789426e-01
1.791292e-01
1.791292e-01
1.791949e-01
1.791949e-01
1.793740e-01
1.793740e-01
1.794674e-01
1.794674e-01
1.795503e-01
1.795855e-01
1.796432e-01
1.796432e-01
1.798388e-01
1.798388e-01
1.799463e-01
1.799463e-01
1.800355e-01
1.800355e-01
1.802056e-01
1.802056e-01
1.805567e-01
1.805567e-01
1.807382e-01
1.807382e-01
1.816551e-01
1.816551e-01
1.817865e-01
1.817865e-01
1.818517e-01
1.818517e-01
1.818984e-01
1.818984e-01
1.819290e-01
1.819290e-01
1.819512e-01
1.819512e-01
1.820048e-01
1.820048e-01
1.823993e-01
1.823993e-01
1.824538e-01
1.824538e-01
1.826187e-01
1.826930e-01
1.826930e-01
1.827062e-01
1.827062e-01
1.827263e-01
1.827437e-01
1.827437e-01
1.827439e-01
1.827439e-01
1.829844e-01
1.829844e-01
1.837203e-01
1.837203e-01
1.838671e-01
1.838671e-01
1.839495e-01
1.839495e-01
1.840310e-01
1.840310e-01
1.841290e-01
1.841290e-01
1.842068e-01
1.842068e-01
1.843740e-01
1.843740e-01
1.844123e-01
1.844123e-01
1.844438e-01
1.844438e-01
1.846731e-01
1.846731e-01
1.848674e-01
1.848674e-01
1.850932e-01
1.850932e-01
1.852311e-01
1.857617e-01
1.857617e-01
1.858676e-01
1.858676e-01
1.859938e-01
1.859938e-01
1.860676e-01
1.860676e-01
1.860993e-01
1.860993e-01
1.866548e-01
1.866548e-01
1.866554e-01
1.867125e-01
1.867176e-01
1.867176e-01
1.867439e-01
1.867439e-01
1.867592e-01
1.867592e-01
1.868544e-01
1.868544e-01
1.872776e-01
1.872776e-01
1.873519e-01
1.873519e-01
1.874412e-01
1.874412e-01
1.875830e-01
1.876664e-01
1.876664e-01
1.881058e-01
1.881058e-01
1.881212e-01
1.882665e-01
1.882864e-01
1.882864e-01
1.884992e-01
1.884992e-01
1.886624e-01
1.886624e-01
1.892013e-01
1.892013e-01
1.893664e-01
1.893664e-01
1.893918e-01
1.893918e-01
1.894828e-01
1.894828e-01
1.895550e-01
1.895550e-01
1.898469e-01
1.898469e-01
1.899171e-01
1.899171e-01
1.899259e-01
1.899259e-01
1.901695e-01
1.901695e-01
1.903954e-01
1.903954e-01
1.904080e-01
1.904080e-01
1.904635e-01
1.904746e-01
1.904746e-01
1.904826e-01
1.904826e-01
1.907390e-01
1.907390e-01
1.909308e-01
1.909308e-01
1.909445e-01
1.909445e-01
1.909801e-01
1.909801e-01
1.910146e-01
1.914770e-01
1.915486e-01
1.915486e-01
1.918832e-01
1.918832e-01
1.919396e-01
1.919396e-01
1.919942e-01
1.919942e-01
1.922990e-01
1.922990e-01
1.923417e-01
1.923417e-01
1.925302e-01
1.925302e-01
1.927603e-01
1.927603e-01
1.931837e-01
1.931837e-01
1.933216e-01
1.933216e-01
1.933625e-01
1.933625e-01
1.934801e-01
1.934801e-01
1.934889e-01
1.934889e-01
1.936104e-01
1.936104e-01
1.937147e-01
1.937753e-01
1.937753e-01
1.938056e-01
1.938056e-01
1.941815e-01
1.941815e-01
1.942278e-01
1.942278e-01
1.943259e-01
1.943259e-01
1.945025e-01
1.945025e-01
1.946301e-01
1.946301e-01
1.946701e-01
1.946701e-01
1.950271e-01
1.950271e-01
1.954571e-01
1.957720e-01
1.957720e-01
1.957953e-01
1.957953e-01
1.958314e-01
1.958314e-01
1.958723e-01
1.958723e-01
1.960608e-01
1.960608e-01
1.960833e-01
1.960833e-01
1.962006e-01
1.962006e-01
1.963408e-01
1.963408e-01
1.964050e-01
1.964050e-01
1.964905e-01
1.964905e-01
1.965308e-01
1.965308e-01
1.967480e-01
1.967480e-01
1.967857e-01
1.967857e-01
1.969980e-01
1.971229e-01
1.971229e-01
1.973100e-01
1.973100e-01
1.975538e-01
1.975538e-01
1.975741e-01
1.975741e-01
1.977240e-01
1.977240e-01
1.978974e-01
1.978974e-01
1.981533e-01
1.981533e-01
1.981728e-01
1.982367e-01
1.982367e-01
1.986611e-01
1.986611e-01
1.986828e-01
1.986828e-01
1.987244e-01
1.987244e-01
1.987958e-01
1.987958e-01
1.991670e-01
1.991670e-01
1.993081e-01
1.993081e-01
1.995489e-01
1.995489e-01
1.999378e-01
1.999378e-01
2.004594e-01
2.004594e-01
2.005986e-01
2.005986e-01
2.006187e-01
2.006187e-01
2.007719e-01
2.007719e-01
2.008219e-01
2.008219e-01
2.010619e-01
2.010619e-01
2.010861e-01
2.010861e-01
2.011432e-01
2.011432e-01
2.011496e-01
2.011496e-01
2.015280e-01
2.015280e-01
2.018819e-01
2.018819e-01
2.022204e-01
2.022204e-01
2.024377e-01
2.024377e-01
2.025178e-01
2.025178e-01
2.027090e-01
2.027090e-01
2.027350e-01
2.027350e-01
2.030515e-01
2.030515e-01
2.030833e-01
2.030833e-01
2.033639e-01
2.033639e-01
2.034297e-01
2.034297e-01
2.036396e-01
2.036396e-01
2.037139e-01
2.037139e-01
2.039096e-01
2.039589e-01
2.039589e-01
2.042293e-01
2.042293e-01
2.042413e-01
2.042413e-01
2.044779e-01
2.044779e-01
2.045491e-01
2.045491e-01
2.045926e-01
2.045926e-01
2.047051e-01
2.047051e-01
2.047105e-01
2.047105e-01
2.047980e-01
2.047980e-01
2.048590e-01
2.048590e-01
2.048985e-01
2.048985e-01
2.049724e-01
2.049724e-01
2.051839e-01
2.051839e-01
2.055531e-01
2.055531e-01
2.055786e-01
2.055786e-01
2.057900e-01
2.057900e-01
2.059431e-01
2.060758e-01
2.060758e-01
2.063576e-01
2.063576e-01
2.067168e-01
2.067168e-01
2.068293e-01
2.068293e-01
2.070447e-01
2.070447e-01
2.071404e-01
2.071404e-01
2.071689e-01
2.071689e-01
2.072393e-01
2.073272e-01
2.073272e-01
2.075274e-01
2.075274e-01
2.075878e-01
2.075878e-01
2.076624e-01
2.076624e-01
2.078368e-01
2.078368e-01
2.082115e-01
2.082115e-01
2.082149e-01
2.082149e-01
2.084730e-01
2.084730e-01
2.085149e-01
2.085149e-01
2.085599e-01
2.085599e-01
2.086787e-01
2.086787e-01
2.088626e-01
2.088626e-01
2.093740e-01
2.093740e-01
2.093898e-01
2.093898e-01
2.094258e-01
2.094258e-01
2.096541e-01
2.096541e-01
2.099619e-01
2.099619e-01
2.100681e-01
2.100681e-01
2.103345e-01
2.104335e-01
2.104335e-01
2.105893e-01
2.105893e-01
2.107986e-01
2.107986e-01
2.108592e-01
2.108592e-01
2.109087e-01
2.109087e-01
2.111331e-01
2.111331e-01
2.111991e-01
2.111991e-01
2.113686e-01
2.113686e-01
2.115271e-01
2.115271e-01
2.116503e-01
2.116503e-01
2.117225e-01
2.117553e-01
2.117553e-01
2.118909e-01
2.118909e-01
2.123457e-01
2.123457e-01
2.124336e-01
2.124336e-01
2.124726e-01
2.125068e-01
2.125068e-01
2.125851e-01
2.125851e-01
2.126634e-01
2.126634e-01
2.127050e-01
2.127050e-01
2.129302e-01
2.129302e-01
2.130836e-01
2.130836e-01
2.131333e-01
2.131333e-01
2.133324e-01
2.133541e-01
2.135979e-01
2.135979e-01
2.137774e-01
2.137774e-01
2.138456e-01
2.138456e-01
2.140958e-01
2.140958e-01
2.141743e-01
2.141743e-01
2.142796e-01
2.142796e-01
2.143312e-01
2.143312e-01
2.145081e-01
2.145081e-01
2.146022e-01
2.146022e-01
2.147257e-01
2.147257e-01
2.153064e-01
2.153064e-01
2.155198e-01
2.155198e-01
2.156312e-01
2.156312e-01
2.156379e-01
2.156379e-01
2.158771e-01
2.158771e-01
2.159499e-01
2.159499e-01
2.161662e-01
2.162819e-01
2.162819e-01
2.164167e-01
2.164167e-01
2.167380e-01
2.167380e-01
2.168107e-01
2.168107e-01
2.168525e-01
2.168525e-01
2.168755e-01
2.168755e-01
2.169899e-01
2.170818e-01
2.170818e-01
2.170952e-01
2.170952e-01
2.171492e-01
2.171492e-01
2.172379e-01
2.177777e-01
2.177777e-01
2.177991e-01
2.177991e-01
2.178254e-01
2.178254e-01
2.178365e-01
2.178365e-01
2.184102e-01
2.184102e-01
2.184160e-01
2.184160e-01
2.185069e-01
2.185069e-01
2.189594e-01
2.189594e-01
2.189766e-01
2.190243e-01
2.190243e-01
2.191143e-01
2.191143e-01
2.191480e-01
2.191480e-01
2.193083e-01
2.193083e-01
2.194365e-01
2.194365e-01
2.196034e-01
2.196034e-01
2.196392e-01
2.196392e-01
2.196594e-01
2.196594e-01
2.198740e-01
2.198740e-01
2.204863e-01
2.205082e-01
2.205082e-01
2.205548e-01
2.205548e-01
2.206085e-01
2.206085e-01
2.208444e-01
2.208444e-01
2.209820e-01
2.209820e-01
2.210239e-01
2.210239e-01
2.214949e-01
2.214949e-01
2.216064e-01
2.216064e-01
2.216095e-01
2.216095e-01
2.216258e-01
2.216258e-01
2.217966e-01
2.217966e-01
2.218022e-01
2.218022e-01
2.219125e-01
2.219125e-01
2.220287e-01
2.223551e-01
2.223551e-01
2.223610e-01
2.223610e-01
2.224256e-01
2.224256e-01
2.225509e-01
2.225509e-01
2.229298e-01
2.229298e-01
2.230910e-01
2.230910e-01
2.233371e-01
2.233371e-01
2.233973e-01
2.233973e-01
2.236638e-01
2.236638e-01
2.237810e-01
2.237810e-01
2.240196e-01
2.240196e-01
2.240788e-01
2.240788e-01
2.240864e-01
2.240864e-01
2.244820e-01
2.244820e-01
2.245905e-01
2.245905e-01
2.246448e-01
2.246448e-01
2.247452e-01
2.247452e-01
2.249224e-01
2.249794e-01
2.249794e-01
2.249941e-01
2.249941e-01
2.249978e-01
2.249978e-01
2.250174e-01
2.250174e-01
2.252139e-01
2.252139e-01
2.253948e-01
2.253948e-01
2.253964e-01
2.253964e-01
2.256848e-01
2.256848e-01
2.258877e-01
2.258877e-01
2.259577e-01
2.259577e-01
2.261514e-01
2.261514e-01
2.261691e-01
2.261691e-01
2.262084e-01
2.262084e-01
2.262087e-01
2.262087e-01
2.262178e-01
2.262178e-01
2.265679e-01
2.265679e-01
2.266168e-01
2.266168e-01
2.266480e-01
2.266480e-01
2.267794e-01
2.267794e-01
2.267806e-01
2.267806e-01
2.268764e-01
2.269912e-01
2.269912e-01
2.270326e-01
2.270326e-01
2.272507e-01
2.272507e-01
2.272873e-01
2.272873e-01
2.275579e-01
2.275579e-01
2.275944e-01
2.276234e-01
2.276234e-01
2.276879e-01
2.276879e-01
2.279152e-01
2.279152e-01
2.281283e-01
2.281283e-01
2.281407e-01
2.282460e-01
2.282460e-01
2.283612e-01
2.283612e-01
2.287212e-01
2.287212e-01
2.287598e-01
2.287598e-01
2.287721e-01
2.287721e-01
2.287844e-01
2.288966e-01
2.288966e-01
2.290490e-01
2.290490e-01
2.291188e-01
2.291188e-01
2.295508e-01
2.295508e-01
2.297598e-01
2.297598e-01
2.297645e-01
2.297645e-01
2.300968e-01
2.300968e-01
2.301350e-01
2.301350e-01
2.303669e-01
2.303669e-01
2.303958e-01
2.303958e-01
2.304823e-01
2.304823e-01
2.305321e-01
2.305321e-01
2.306567e-01
2.306567e-01
2.306833e-01
2.306833e-01
2.309709e-01
2.309709e-01
2.310829e-01
2.311453e-01
2.311453e-01
2.314242e-01
2.314242e-01
2.315791e-01
2.315791e-01
2.317336e-01
2.317336e-01
2.319809e-01
2.319809e-01
2.321776e-01
2.321776e-01
2.321854e-01
2.321854e-01
2.322110e-01
2.322110e-01
2.326174e-01
2.326174e-01
2.326737e-01
2.326737e-01
2.327085e-01
2.327085e-01
2.329781e-01
2.329781e-01
2.330117e-01
2.330117e-01
2.330231e-01
2.330231e-01
2.331613e-01
2.331613e-01
2.331784e-01
2.331784e-01
2.334732e-01
2.335180e-01
2.335180e-01
2.335781e-01
2.335781e-01
2.337383e-01
2.337383e-01
2.337564e-01
2.337564e-01
2.340178e-01
2.340178e-01
2.344237e-01
2.344237e-01
2.344567e-01
2.344567e-01
2.344810e-01
2.344810e-01
2.345801e-01
2.345801e-01
2.346397e-01
2.346397e-01
2.347780e-01
2.347780e-01
2.349475e-01
2.349475e-01
2.351866e-01
2.351866e-01
2.352612e-01
2.352612e-01
2.354506e-01
2.354506e-01
2.355647e-01
2.355647e-01
2.356727e-01
2.356727e-01
2.357664e-01
2.357664e-01
2.358816e-01
2.358917e-01
2.358917e-01
2.361350e-01
2.361350e-01
2.364922e-01
2.364922e-01
2.366630e-01
2.366630e-01
2.368421e-01
2.368421e-01
2.369113e-01
2.369113e-01
2.370867e-01
2.370867e-01
2.370988e-01
2.370988e-01
2.371834e-01
2.371834e-01
2.372271e-01
2.372271e-01
2.373325e-01
2.373325e-01
2.373817e-01
2.373817e-01
2.374108e-01
2.374108e-01
2.375567e-01
2.375567e-01
2.376373e-01
2.376373e-01
2.377154e-01
2.380144e-01
2.380144e-01
2.380331e-01
2.380331e-01
2.380924e-01
2.380924e-01
2.381078e-01
2.381078e-01
2.383533e-01
2.383533e-01
2.383813e-01
2.383813e-01
2.384527e-01
2.384527e-01
2.386929e-01
2.386929e-01
2.390785e-01
2.390785e-01
2.391784e-01
2.391784e-01
2.392771e-01
2.392771e-01
2.394404e-01
2.395085e-01
2.395085e-01
2.396885e-01
2.396885e-01
2.400330e-01
2.400330e-01
2.402562e-01
2.403491e-01
2.403491e-01
2.404119e-01
2.406327e-01
2.406327e-01
2.407855e-01
2.407855e-01
2.409367e-01
2.409367e-01
2.409881e-01
2.409881e-01
2.409991e-01
2.409991e-01
2.410860e-01
2.410860e-01
2.412186e-01
2.412186e-01
2.416407e-01
2.416407e-01
2.418415e-01
2.418415e-01
2.418621e-01
2.418621e-01
2.421791e-01
2.421791e-01
2.424548e-01
2.424548e-01
2.427097e-01
2.427097e-01
2.427862e-01
2.427862e-01
2.428917e-01
2.428917e-01
2.429872e-01
2.429872e-01
2.432117e-01
2.432117e-01
2.432438e-01
2.432438e-01
2.432664e-01
2.433520e-01
2.433520e-01
2.433904e-01
2.433904e-01
2.434776e-01
2.434776e-01
2.435221e-01
2.435221e-01
2.436726e-01
2.436726e-01
2.440012e-01
2.440012e-01
2.440336e-01
2.440336e-01
2.442182e-01
2.443076e-01
2.443076e-01
2.443159e-01
2.443159e-01
2.447212e-01
2.447212e-01
2.447783e-01
2.447783e-01
2.448346e-01
2.448346e-01
2.449342e-01
2.449342e-01
2.449984e-01
2.449984e-01
2.450119e-01
2.450119e-01
2.450368e-01
2.450368e-01
2.452273e-01
2.452273e-01
2.453033e-01
2.453033e-01
2.455816e-01
2.455816e-01
2.457179e-01
2.457179e-01
2.457796e-01
2.457796e-01
2.459326e-01
2.459326e-01
2.462210e-01
2.464710e-01
2.464710e-01
2.466285e-01
2.466285e-01
2.466817e-01
2.466817e-01
2.468309e-01
2.468309e-01
2.470816e-01
2.470816e-01
2.471649e-01
2.471649e-01
2.473003e-01
2.473003e-01
2.473354e-01
2.473354e-01
2.473770e-01
2.473770e-01
2.475034e-01
2.475034e-01
2.475226e-01
2.475226e-01
2.478464e-01
2.479407e-01
2.479407e-01
2.482103e-01
2.482103e-01
2.482146e-01
2.482146e-01
2.482946e-01
2.482946e-01
2.483006e-01
2.483006e-01
2.483695e-01
2.483695e-01
2.487518e-01
2.487518e-01
2.487915e-01
2.487915e-01
2.491277e-01
2.491277e-01
2.491476e-01
2.491476e-01
2.491710e-01
2.491710e-01
2.492182e-01
2.492182e-01
2.493073e-01
2.496140e-01
2.496140e-01
2.496289e-01
2.496289e-01
2.497833e-01
2.497833e-01
2.499244e-01
2.499244e-01
2.501330e-01
2.501330e-01
2.503680e-01
2.503680e-01
2.506140e-01
2.506140e-01
2.510558e-01
2.510558e-01
2.510996e-01
2.510996e-01
2.511762e-01
2.511762e-01
2.513933e-01
2.514950e-01
2.514950e-01
2.515115e-01
2.515115e-01
2.517936e-01
2.520005e-01
2.520005e-01
2.520959e-01
2.520959e-01
2.523586e-01
2.523586e-01
2.526008e-01
2.526008e-01
2.528493e-01
2.528493e-01
2.528720e-01
2.528720e-01
2.530510e-01
2.530510e-01
2.530947e-01
2.530947e-01
2.531443e-01
2.531445e-01
2.531445e-01
2.531500e-01
2.531500e-01
2.531518e-01
2.531518e-01
2.532717e-01
2.532717e-01
2.533217e-01
2.533217e-01
2.534533e-01
2.534533e-01
2.535535e-01
2.536784e-01
2.536784e-01
2.537082e-01
2.539625e-01
2.539625e-01
2.541640e-01
2.541640e-01
2.541669e-01
2.541669e-01
2.542937e-01
2.542937e-01
2.543471e-01
2.543471e-01
2.543658e-01
2.545394e-01
2.545943e-01
2.545943e-01
2.548117e-01
2.548117e-01
2.548587e-01
2.548587e-01
2.552916e-01
2.552916e-01
2.552936e-01
2.552936e-01
2.554079e-01
2.555897e-01
2.555897e-01
2.556419e-01
2.556419e-01
2.556538e-01
2.556538e-01
2.556870e-01
2.556870e-01
2.559467e-01
2.559467e-01
2.561367e-01
2.561367e-01
2.561708e-01
2.561708e-01
2.563238e-01
2.563238e-01
2.563621e-01
2.563621e-01
2.565406e-01
2.565406e-01
2.566832e-01
2.566832e-01
2.567023e-01
2.567023e-01
2.567216e-01
2.567216e-01
2.567425e-01
2.567425e-01
2.569001e-01
2.569001e-01
2.569143e-01
2.569143e-01
2.569321e-01
2.569321e-01
2.572422e-01
2.572422e-01
2.573400e-01
2.574985e-01
2.574985e-01
2.575229e-01
2.575229e-01
2.575648e-01
2.575648e-01
2.576323e-01
2.578626e-01
2.578626e-01
2.579660e-01
2.579660e-01
2.579701e-01
2.579701e-01
2.581263e-01
2.582365e-01
2.582365e-01
2.584452e-01
2.584452e-01
2.584515e-01
2.584515e-01
2.585418e-01
2.585418e-01
2.586153e-01
2.586153e-01
2.588466e-01
2.588466e-01
2.589532e-01
2.589532e-01
2.592565e-01
2.594315e-01
2.594315e-01
2.595568e-01
2.595568e-01
2.595903e-01
2.595903e-01
2.597460e-01
2.597460e-01
2.599412e-01
2.599412e-01
2.602621e-01
2.602621e-01
2.603605e-01
2.603605e-01
2.603763e-01
2.603763e-01
2.603893e-01
2.603893e-01
2.605961e-01
2.605961e-01
2.606174e-01
2.607030e-01
2.607030e-01
2.611038e-01
2.611038e-01
2.611999e-01
2.611999e-01
2.612850e-01
2.612850e-01
2.613240e-01
2.613240e-01
2.613912e-01
2.613912e-01
2.615529e-01
2.615529e-01
2.618469e-01
2.618469e-01
2.618871e-01
2.618871e-01
2.619235e-01
2.620248e-01
2.622776e-01
2.622776e-01
2.623466e-01
2.623466e-01
2.624544e-01
2.624933e-01
2.624933e-01
2.625148e-01
2.625148e-01
2.627974e-01
2.627974e-01
2.631284e-01
2.631284e-01
2.631333e-01
2.631333e-01
2.632125e-01
2.632125e-01
2.632481e-01
2.632481e-01
2.633043e-01
2.633043e-01
2.634392e-01
2.634392e-01
2.636231e-01
2.636231e-01
2.637399e-01
2.637399e-01
2.638315e-01
2.638315e-01
2.638608e-01
2.638608e-01
2.638618e-01
2.638618e-01
2.640074e-01
2.641623e-01
2.641623e-01
2.641725e-01
2.641725e-01
2.642604e-01
2.642604e-01
2.643884e-01
2.643884e-01
2.644136e-01
2.644136e-01
2.645264e-01
2.645264e-01
2.645390e-01
2.645390e-01
2.647817e-01
2.647817e-01
2.650176e-01
2.650176e-01
2.652584e-01
2.652584e-01
2.653841e-01
2.653841e-01
2.653841e-01
2.653841e-01
2.657513e-01
2.657513e-01
2.657871e-01
2.657871e-01
2.660327e-01
2.660327e-01
2.661100e-01
2.661100e-01
2.661671e-01
2.661671e-01
2.662647e-01
2.662647e-01
2.662847e-01
2.662847e-01
2.663980e-01
2.663980e-01
2.664364e-01
2.664364e-01
2.665529e-01
2.665529e-01
2.666859e-01
2.666859e-01
2.667686e-01
2.667686e-01
2.668662e-01
2.668662e-01
2.670898e-01
2.670898e-01
2.672805e-01
2.672805e-01
2.674930e-01
2.674930e-01
2.675804e-01
2.675804e-01
2.675967e-01
2.675967e-01
2.677551e-01
2.677551e-01
2.680235e-01
2.680235e-01
2.681519e-01
2.681519e-01
2.681853e-01
2.681853e-01
2.681892e-01
2.681892e-01
2.682306e-01
2.682306e-01
2.683517e-01
2.683517e-01
2.684145e-01
2.684145e-01
2.685482e-01
2.686785e-01
2.686785e-01
2.691547e-01
2.691547e-01
2.694063e-01
2.694063e-01
2.694076e-01
2.694076e-01
2.694799e-01
2.694799e-01
2.695201e-01
2.695201e-01
2.695288e-01
2.695288e-01
2.695309e-01
2.695309e-01
2.697410e-01
2.697410e-01
2.697429e-01
2.697429e-01
2.698525e-01
2.698525e-01
2.699009e-01
2.700505e-01
2.700505e-01
2.701338e-01
2.701338e-01
2.704017e-01
2.704017e-01
2.704637e-01
2.704637e-01
2.705373e-01
2.705373e-01
2.707179e-01
2.707179e-01
2.707679e-01
2.707679e-01
2.708260e-01
2.708260e-01
2.708799e-01
2.708799e-01
2.710411e-01
2.710411e-01
2.710997e-01
2.710997e-01
2.711565e-01
2.711565e-01
2.712464e-01
2.712464e-01
2.714252e-01
2.714252e-01
2.715730e-01
2.715730e-01
2.715782e-01
2.715782e-01
2.718484e-01
2.718484e-01
2.721009e-01
2.721009e-01
2.722618e-01
2.722618e-01
2.723680e-01
2.724475e-01
2.724475e-01
2.726528e-01
2.726528e-01
2.727279e-01
2.727279e-01
2.729108e-01
2.729108e-01
2.729225e-01
2.729225e-01
2.731184e-01
2.733193e-01
2.733193e-01
2.733951e-01
2.733951e-01
2.734660e-01
2.734660e-01
2.736902e-01
2.736902e-01
2.737101e-01
2.737101e-01
2.737282e-01
2.737282e-01
2.738853e-01
2.738853e-01
2.739748e-01
2.739748e-01
2.740726e-01
2.740726e-01
2.743289e-01
2.743289e-01
2.743472e-01
2.743472e-01
2.743711e-01
2.743711e-01
2.745270e-01
2.745270e-01
2.746723e-01
2.746723e-01
2.748346e-01
2.748346e-01
2.751988e-01
2.751988e-01
2.753615e-01
2.753615e-01
2.753859e-01
2.753859e-01
2.757577e-01
2.757577e-01
2.757632e-01
2.757632e-01
2.757895e-01
2.761342e-01
2.761342e-01
2.763511e-01
2.763511e-01
2.764456e-01
2.764456e-01
2.765243e-01
2.765243e-01
2.769507e-01
2.769507e-01
2.771278e-01
2.771278e-01
2.772935e-01
2.772935e-01
2.773550e-01
2.773550e-01
2.774316e-01
2.774316e-01
2.775201e-01
2.775201e-01
2.777791e-01
2.777791e-01
2.778887e-01
2.779308e-01
2.779308e-01
2.779480e-01
2.779480e-01
2.781617e-01
2.781617e-01
2.781852e-01
2.781852e-01
2.784289e-01
2.784289e-01
2.785076e-01
2.785076e-01
2.785521e-01
2.785521e-01
2.785850e-01
2.785850e-01
2.786275e-01
2.786275e-01
2.787215e-01
2.787954e-01
2.789134e-01
2.789134e-01
2.789864e-01
2.791752e-01
2.791752e-01
2.792752e-01
2.793798e-01
2.793798e-01
2.795778e-01
2.795778e-01
2.796345e-01
2.796345e-01
2.796498e-01
2.796498e-01
2.797316e-01
2.797316e-01
2.801875e-01
2.801875e-01
2.805877e-01
2.805877e-01
2.806223e-01
2.806223e-01
2.806414e-01
2.806414e-01
2.807240e-01
2.807240e-01
2.808598e-01
2.808598e-01
2.808811e-01
2.808811e-01
2.809871e-01
2.809871e-01
2.812825e-01
2.812825e-01
2.814826e-01
2.814826e-01
2.817375e-01
2.817375e-01
2.817662e-01
2.817662e-01
2.817887e-01
2.817887e-01
2.821858e-01
2.821858e-01
2.823086e-01
2.823086e-01
2.823731e-01
2.823731e-01
2.825087e-01
2.825087e-01
2.826145e-01
2.827520e-01
2.827520e-01
2.829081e-01
2.829081e-01
2.829175e-01
2.829175e-01
2.829399e-01
2.829399e-01
2.830168e-01
2.830168e-01
2.832408e-01
2.832408e-01
2.834651e-01
2.834651e-01
2.834971e-01
2.834971e-01
2.835005e-01
2.835005e-01
2.835234e-01
2.837408e-01
2.837408e-01
2.838076e-01
2.838076e-01
2.842929e-01
2.842929e-01
2.843127e-01
2.843127e-01
2.845804e-01
2.845804e-01
2.846792e-01
2.846792e-01
2.849278e-01
2.849278e-01
2.849404e-01
2.849404e-01
2.850638e-01
2.850638e-01
2.853286e-01
2.853286e-01
2.855790e-01
2.855790e-01
2.856014e-01
2.856014e-01
2.856543e-01
2.856543e-01
2.857049e-01
2.857049e-01
2.857472e-01
2.857472e-01
2.859160e-01
2.859160e-01
2.859646e-01
2.859646e-01
2.860510e-01
2.860510e-01
2.860996e-01
2.860996e-01
2.861175e-01
2.861175e-01
2.865149e-01
2.865149e-01
2.865273e-01
2.867571e-01
2.867571e-01
2.869564e-01
2.869564e-01
2.869684e-01
2.869684e-01
2.869728e-01
2.869728e-01
2.872920e-01
2.872920e-01
2.874242e-01
2.874242e-01
2.875747e-01
2.875747e-01
2.877716e-01
2.877716e-01
2.878189e-01
2.878189e-01
2.879162e-01
2.879162e-01
2.879268e-01
2.879268e-01
2.879831e-01
2.879831e-01
2.881309e-01
2.881309e-01
2.882683e-01
2.882683e-01
2.883044e-01
2.883044e-01
2.887964e-01
2.887964e-01
2.889172e-01
2.889172e-01
2.889542e-01
2.889542e-01
2.892642e-01
2.892785e-01
2.892785e-01
2.893462e-01
2.893462e-01
2.893964e-01
2.893964e-01
2.895359e-01
2.895359e-01
2.895446e-01
2.895446e-01
2.896437e-01
2.897096e-01
2.897096e-01
2.897320e-01
2.897320e-01
2.898495e-01
2.898495e-01
2.898981e-01
2.898981e-01
2.902037e-01
2.902037e-01
2.904249e-01
2.904249e-01
2.904339e-01
2.904339e-01
2.906149e-01
2.906149e-01
2.907931e-01
2.907931e-01
2.910278e-01
2.910278e-01
2.913488e-01
2.913488e-01
2.914548e-01
2.914548e-01
2.918633e-01
2.918633e-01
2.918682e-01
2.918682e-01
2.918732e-01
2.918732e-01
2.919069e-01
2.919069e-01
2.921953e-01
2.921953e-01
2.923225e-01
2.923225e-01
2.923303e-01
2.923303e-01
2.924824e-01
2.925324e-01
2.925324e-01
2.925774e-01
2.925774e-01
2.927081e-01
2.927081e-01
2.927088e-01
2.927088e-01
2.927440e-01
2.927440e-01
2.929859e-01
2.929859e-01
2.931566e-01
2.931566e-01
2.931654e-01
2.931654e-01
2.932676e-01
2.934718e-01
2.934718e-01
2.935513e-01
2.935513e-01
2.938417e-01
2.939053e-01
2.939053e-01
2.939511e-01
2.939511e-01
2.939628e-01
2.939628e-01
2.943650e-01
2.943650e-01
2.944689e-01
2.944689e-01
2.947611e-01
2.947611e-01
2.948518e-01
2.948518e-01
2.950115e-01
2.950115e-01
2.951278e-01
2.951278e-01
2.952615e-01
2.952615e-01
2.955538e-01
2.955538e-01
2.956321e-01
2.956321e-01
2.957528e-01
2.957528e-01
2.957829e-01
2.958353e-01
2.958353e-01
2.959886e-01
2.960515e-01
2.960515e-01
2.962509e-01
2.962509e-01
2.962554e-01
2.962554e-01
2.962613e-01
2.962613e-01
2.962884e-01
2.962884e-01
2.965209e-01
2.965209e-01
2.967830e-01
2.967830e-01
2.968669e-01
2.968669e-01
2.969906e-01
2.970809e-01
2.970809e-01
2.971002e-01
2.971002e-01
2.975616e-01
2.975616e-01
2.976062e-01
2.976062e-01
2.976396e-01
2.976396e-01
2.977094e-01
2.977094e-01
2.977918e-01
2.977918e-01
2.980676e-01
2.980676e-01
2.980905e-01
2.980905e-01
2.981172e-01
2.981172e-01
2.985020e-01
2.985020e-01
2.985576e-01
2.986126e-01
2.986126e-01
2.987061e-01
2.991296e-01
2.991296e-01
2.991528e-01
2.991528e-01
2.993033e-01
2.993033e-01
2.993352e-01
2.993352e-01
2.994184e-01
2.994184e-01
2.996030e-01
2.996030e-01
2.996092e-01
2.996092e-01
2.996846e-01
2.996846e-01
2.997860e-01
2.997860e-01
2.997956e-01
2.997956e-01
2.997996e-01
2.997996e-01
2.999949e-01
2.999949e-01
3.000826e-01
3.000826e-01
3.004386e-01
3.004386e-01
3.006013e-01
3.006013e-01
3.008659e-01
3.008659e-01
3.008932e-01
3.008932e-01
3.010671e-01
3.010701e-01
3.010701e-01
3.011217e-01
3.011217e-01
3.011743e-01
3.011743e-01
3.013131e-01
3.013131e-01
3.014330e-01
3.014330e-01
3.015193e-01
3.015193e-01
3.015696e-01
3.015696e-01
3.017082e-01
3.017082e-01
3.017452e-01
3.017452e-01
3.018420e-01
3.018420e-01
3.021949e-01
3.021949e-01
3.023069e-01
3.023069e-01
3.026273e-01
3.026273e-01
3.027038e-01
3.027038e-01
3.027360e-01
3.027360e-01
3.028420e-01
3.028772e-01
3.028772e-01
3.029647e-01
3.029647e-01
3.029786e-01
3.029786e-01
3.034663e-01
3.034663e-01
3.034707e-01
3.034707e-01
3.036071e-01
3.036071e-01
3.037027e-01
3.037027e-01
3.039372e-01
3.039372e-01
3.040777e-01
3.040777e-01
3.042396e-01
3.042396e-01
3.042418e-01
3.042418e-01
3.042708e-01
3.042708e-01
3.042750e-01
3.044026e-01
3.044026e-01
3.044899e-01
3.044899e-01
3.045074e-01
3.045074e-01
3.045579e-01
3.046612e-01
3.046612e-01
3.046680e-01
3.046680e-01
3.047202e-01
3.047202e-01
3.050343e-01
3.050343e-01
3.050913e-01
3.050913e-01
3.052538e-01
3.053054e-01
3.053054e-01
3.054182e-01
3.054182e-01
3.055028e-01
3.055028e-01
3.055612e-01
3.055612e-01
3.057114e-01
3.058059e-01
3.058059e-01
3.058069e-01
3.058069e-01
3.061930e-01
3.061930e-01
3.062336e-01
3.062336e-01
3.062344e-01
3.062344e-01
3.067829e-01
3.067829e-01
3.068932e-01
3.068932e-01
3.069507e-01
3.069507e-01
3.069730e-01
3.069730e-01
3.070431e-01
3.070431e-01
3.071616e-01
3.071616e-01
3.073231e-01
3.073231e-01
3.080737e-01
3.080737e-01
3.080816e-01
3.081274e-01
3.081274e-01
3.081899e-01
3.081899e-01
3.082483e-01
3.082483e-01
3.082535e-01
3.082535e-01
3.083753e-01
3.083753e-01
3.085270e-01
3.085270e-01
3.085803e-01
3.085803e-01
3.086406e-01
3.086406e-01
3.089846e-01
3.089846e-01
3.091307e-01
3.091307e-01
3.091353e-01
3.091353e-01
3.091484e-01
3.091484e-01
3.094429e-01
3.094429e-01
3.094947e-01
3.094947e-01
3.095234e-01
3.095234e-01
3.099605e-01
3.099636e-01
3.099636e-01
3.100344e-01
3.100344e-01
3.100414e-01
3.100414e-01
3.102734e-01
3.102734e-01
3.104195e-01
3.104195e-01
3.104384e-01
3.104384e-01
3.104579e-01
3.104579e-01
3.105777e-01
3.105777e-01
3.106810e-01
3.106810e-01
3.107304e-01
3.107304e-01
3.110340e-01
3.110340e-01
3.110878e-01
3.110878e-01
3.111358e-01
3.111358e-01
3.114044e-01
3.114044e-01
3.114926e-01
3.114926e-01
3.115306e-01
3.115306e-01
3.115592e-01
3.115592e-01
3.118177e-01
3.118177e-01
3.118804e-01
3.118804e-01
3.118989e-01
3.118989e-01
3.120460e-01
3.123053e-01
3.123053e-01
3.126578e-01
3.126578e-01
3.126702e-01
3.126702e-01
3.126831e-01
3.127372e-01
3.127372e-01
3.127756e-01
3.127756e-01
3.128049e-01
3.129492e-01
3.129492e-01
3.130151e-01
3.130151e-01
3.131090e-01
3.131090e-01
3.131881e-01
3.131881e-01
3.133543e-01
3.133543e-01
3.135100e-01
3.138706e-01
3.138706e-01
3.138995e-01
3.138995e-01
3.139534e-01
3.139534e-01
3.139791e-01
3.139791e-01
3.140501e-01
3.140501e-01
3.140688e-01
3.140688e-01
3.143088e-01
3.143088e-01
3.144256e-01
3.144256e-01
3.145290e-01
3.145290e-01
3.147720e-01
3.147720e-01
3.149772e-01
3.149772e-01
3.149937e-01
3.149937e-01
3.152679e-01
3.152679e-01
3.152895e-01
3.152895e-01
3.153383e-01
3.153383e-01
3.154399e-01
3.154399e-01
3.156153e-01
3.156153e-01
3.156663e-01
3.156663e-01
3.156796e-01
3.157127e-01
3.157127e-01
3.158950e-01
3.158950e-01
3.159358e-01
3.159358e-01
3.160600e-01
3.160600e-01
3.166098e-01
3.166098e-01
3.168472e-01
3.168472e-01
3.168888e-01
3.168888e-01
3.169814e-01
3.169814e-01
3.170715e-01
3.170715e-01
3.170755e-01
3.170755e-01
3.171173e-01
3.171173e-01
3.173068e-01
3.173068e-01
3.173237e-01
3.177763e-01
3.178007e-01
3.178007e-01
3.178592e-01
3.178592e-01
3.179082e-01
3.179805e-01
3.179805e-01
3.179939e-01
3.179939e-01
3.181741e-01
3.181741e-01
3.182234e-01
3.182234e-01
3.183870e-01
3.183870e-01
3.186662e-01
3.186662e-01
3.187537e-01
3.187537e-01
3.188508e-01
3.188508e-01
3.189481e-01
3.189481e-01
3.189528e-01
3.189528e-01
3.189628e-01
3.189628e-01
3.189729e-01
3.189729e-01
3.189740e-01
3.189740e-01
3.190851e-01
3.190851e-01
3.191553e-01
3.191553e-01
3.192497e-01
3.192497e-01
3.195424e-01
3.195424e-01
3.197584e-01
3.197584e-01
3.198425e-01
3.198572e-01
3.198572e-01
3.199453e-01
3.199453e-01
3.199710e-01
3.200774e-01
3.200774e-01
3.202514e-01
3.202514e-01
3.202702e-01
3.202702e-01
3.202972e-01
3.202972e-01
3.205012e-01
3.205033e-01
3.205033e-01
3.206403e-01
3.206403e-01
3.207577e-01
3.207577e-01
3.210388e-01
3.210595e-01
3.210595e-01
3.211367e-01
3.211367e-01
3.212251e-01
3.212251e-01
3.212777e-01
3.212777e-01
3.214471e-01
3.214471e-01
3.214585e-01
3.214585e-01
3.216105e-01
3.216105e-01
3.217010e-01
3.217010e-01
3.217814e-01
3.217814e-01
3.217880e-01
3.217880e-01
3.218125e-01
3.220001e-01
3.220001e-01
3.221526e-01
3.221526e-01
3.223321e-01
3.224968e-01
3.224968e-01
3.227892e-01
3.227892e-01
3.228177e-01
3.228177e-01
3.228546e-01
3.228546e-01
3.228860e-01
3.228860e-01
3.231123e-01
3.231123e-01
3.231634e-01
3.231634e-01
3.232553e-01
3.232553e-01
3.234695e-01
3.235789e-01
3.235789e-01
3.236657e-01
3.236657e-01
3.237797e-01
3.237797e-01
3.238959e-01
3.238959e-01
3.240949e-01
3.240949e-01
3.242288e-01
3.242288e-01
3.244816e-01
3.244816e-01
3.247746e-01
3.247746e-01
3.248098e-01
3.248098e-01
3.249075e-01
3.249075e-01
3.250824e-01
3.250824e-01
3.252142e-01
3.252142e-01
3.254518e-01
3.255273e-01
3.255273e-01
3.255594e-01
3.255594e-01
3.258506e-01
3.258506e-01
3.258963e-01
3.258963e-01
3.259348e-01
3.259348e-01
3.260645e-01
3.260645e-01
3.262400e-01
3.262400e-01
3.262629e-01
3.262629e-01
3.262774e-01
3.262774e-01
3.264609e-01
3.264609e-01
3.265367e-01
3.265367e-01
3.267287e-01
3.267287e-01
3.267815e-01
3.267815e-01
3.267995e-01
3.267995e-01
3.269680e-01
3.269680e-01
3.270387e-01
3.270387e-01
3.271366e-01
3.272068e-01
3.272068e-01
3.273855e-01
3.273855e-01
3.277712e-01
3.277712e-01
3.278078e-01
3.280182e-01
3.280182e-01
3.280280e-01
3.280280e-01
3.281326e-01
3.281326e-01
3.282511e-01
3.283373e-01
3.283373e-01
3.283686e-01
3.283686e-01
3.284751e-01
3.284751e-01
3.285442e-01
3.285442e-01
3.285522e-01
3.285522e-01
3.285528e-01
3.285528e-01
3.286613e-01
3.286613e-01
3.288930e-01
3.288930e-01
3.291252e-01
3.291252e-01
3.291396e-01
3.291396e-01
3.292934e-01
3.292934e-01
3.294616e-01
3.294616e-01
3.294616e-01
3.294616e-01
3.295161e-01
3.295161e-01
3.295596e-01
3.295596e-01
3.297286e-01
3.297286e-01
3.300099e-01
3.300099e-01
3.301214e-01
3.301214e-01
3.308256e-01
3.308256e-01
3.309325e-01
3.309325e-01
3.309852e-01
3.309852e-01
3.309875e-01
3.309875e-01
3.310941e-01
3.310941e-01
3.313770e-01
3.313770e-01
3.314433e-01
3.314433e-01
3.314884e-01
3.314884e-01
3.317200e-01
3.317200e-01
3.317570e-01
3.318268e-01
3.318268e-01
3.318541e-01
3.318541e-01
3.319117e-01
3.319117e-01
3.319716e-01
3.319716e-01
3.320744e-01
3.320744e-01
3.321062e-01
3.321062e-01
3.324374e-01
3.324374e-01
3.326964e-01
3.327943e-01
3.327943e-01
3.330847e-01
3.330847e-01
3.333006e-01
3.333006e-01
3.334310e-01
3.334310e-01
3.334342e-01
3.334342e-01
3.334466e-01
3.334466e-01
3.336267e-01
3.336267e-01
3.339676e-01
3.339676e-01
3.340112e-01
3.340112e-01
3.340901e-01
3.340901e-01
3.341045e-01
3.341045e-01
3.342093e-01
3.342792e-01
3.342792e-01
3.343230e-01
3.343654e-01
3.343654e-01
3.347213e-01
3.347703e-01
3.348733e-01
3.348733e-01
3.349383e-01
3.349383e-01
3.349391e-01
3.349391e-01
3.350471e-01
3.350471e-01
3.352523e-01
3.352523e-01
3.355004e-01
3.355004e-01
3.356752e-01
3.356752e-01
3.357794e-01
3.357794e-01
3.358388e-01
3.359360e-01
3.359360e-01
3.359501e-01
3.359501e-01
3.361647e-01
3.361647e-01
3.362091e-01
3.362091e-01
3.362557e-01
3.362557e-01
3.364837e-01
3.364837e-01
3.367722e-01
3.367722e-01
3.368739e-01
3.368739e-01
3.369602e-01
3.371911e-01
3.371911e-01
3.372216e-01
3.372216e-01
3.374293e-01
3.374293e-01
3.374722e-01
3.374722e-01
3.375557e-01
3.375557e-01
3.375692e-01
3.375702e-01
3.375702e-01
3.377095e-01
3.377095e-01
3.377698e-01
3.377698e-01
3.378193e-01
3.378193e-01
3.380534e-01
3.380534e-01
3.381326e-01
3.381326e-01
3.383584e-01
3.383584e-01
3.384115e-01
3.384115e-01
3.386414e-01
3.386414e-01
3.387648e-01
3.387648e-01
3.388800e-01
3.388800e-01
3.389182e-01
3.389182e-01
3.389642e-01
3.389642e-01
3.393287e-01
3.393287e-01
3.393327e-01
3.393327e-01
3.394363e-01
3.394363e-01
3.395234e-01
3.395234e-01
3.398248e-01
3.398248e-01
3.398358e-01
3.398358e-01
3.398829e-01
3.398829e-01
3.399135e-01
3.399135e-01
3.403670e-01
3.403670e-01
3.404151e-01
3.404226e-01
3.404226e-01
3.405116e-01
3.405116e-01
3.406090e-01
3.406090e-01
3.406656e-01
3.408650e-01
3.409007e-01
3.409007e-01
3.410542e-01
3.410542e-01
3.410825e-01
3.410825e-01
3.411512e-01
3.411512e-01
3.413741e-01
3.413741e-01
3.414931e-01
3.414931e-01
3.416629e-01
3.416629e-01
3.418657e-01
3.418657e-01
3.420874e-01
3.420874e-01
3.421305e-01
3.421305e-01
3.421787e-01
3.421787e-01
3.425621e-01
3.425621e-01
3.425876e-01
3.425876e-01
3.426677e-01
3.426677e-01
3.427841e-01
3.428078e-01
3.428078e-01
3.428082e-01
3.428082e-01
3.428841e-01
3.428841e-01
3.429683e-01
3.429683e-01
3.433114e-01
3.433114e-01
3.434545e-01
3.434545e-01
3.434731e-01
3.434731e-01
3.436118e-01
3.436118e-01
3.436193e-01
3.436193e-01
3.436253e-01
3.436253e-01
3.437523e-01
3.437523e-01
3.438978e-01
3.438978e-01
3.439861e-01
3.439861e-01
3.440393e-01
3.441112e-01
3.441112e-01
3.445379e-01
3.445379e-01
3.445457e-01
3.445457e-01
3.445526e-01
3.445526e-01
3.445753e-01
3.445753e-01
3.446527e-01
3.446527e-01
3.447810e-01
3.447810e-01
3.449557e-01
3.449557e-01
3.451151e-01
3.451151e-01
3.452865e-01
3.452865e-01
3.453153e-01
3.453153e-01
3.453567e-01
3.453567e-01
3.453871e-01
3.453901e-01
3.453901e-01
3.458683e-01
3.458683e-01
3.459282e-01
3.459282e-01
3.460000e-01
3.460000e-01
3.462250e-01
3.462250e-01
3.464870e-01
3.464870e-01
3.465117e-01
3.465117e-01
3.466057e-01
3.466057e-01
3.466887e-01
3.466887e-01
3.469544e-01
3.469544e-01
3.470824e-01
3.470824e-01
3.473205e-01
3.473205e-01
3.474942e-01
3.474942e-01
3.475691e-01
3.475691e-01
3.478205e-01
3.478205e-01
3.478260e-01
3.478260e-01
3.481509e-01
3.481509e-01
3.482268e-01
3.482268e-01
3.483720e-01
3.483720e-01
3.484619e-01
3.484619e-01
3.485663e-01
3.485663e-01
3.488397e-01
3.488397e-01
3.493160e-01
3.493160e-01
3.494070e-01
3.494070e-01
3.494163e-01
3.494163e-01
3.495783e-01
3.495783e-01
3.496010e-01
3.496010e-01
3.496399e-01
3.496399e-01
3.497012e-01
3.497012e-01
3.497840e-01
3.497840e-01
3.500868e-01
3.500868e-01
3.501132e-01
3.501132e-01
3.504894e-01
3.504894e-01
3.507305e-01
3.507305e-01
3.507670e-01
3.509007e-01
3.509471e-01
3.509471e-01
3.510550e-01
3.510550e-01
3.510752e-01
3.510752e-01
3.510812e-01
3.510812e-01
3.511064e-01
3.511064e-01
3.511200e-01
3.511200e-01
3.511684e-01
3.511684e-01
3.513597e-01
3.513597e-01
3.515245e-01
3.515245e-01
3.517662e-01
3.517662e-01
3.520278e-01
3.520278e-01
3.522560e-01
3.522560e-01
3.523670e-01
3.523670e-01
3.524666e-01
3.524666e-01
3.527249e-01
3.527629e-01
3.527629e-01
3.529489e-01
3.529817e-01
3.529817e-01
3.530206e-01
3.530206e-01
3.530235e-01
3.530235e-01
3.531166e-01
3.531166e-01
3.531401e-01
3.531401e-01
3.532792e-01
3.532792e-01
3.532821e-01
3.532821e-01
3.533303e-01
3.533303e-01
3.533572e-01
3.533572e-01
3.535765e-01
3.535765e-01
3.536326e-01
3.536326e-01
3.538800e-01
3.538800e-01
3.539463e-01
3.539463e-01
3.542346e-01
3.542346e-01
3.543274e-01
3.543274e-01
3.543591e-01
3.543591e-01
3.544253e-01
3.544253e-01
3.544725e-01
3.544725e-01
3.546800e-01
3.546800e-01
3.550749e-01
3.550749e-01
3.554275e-01
3.554275e-01
3.555262e-01
3.555262e-01
3.556868e-01
3.556868e-01
3.557627e-01
3.557627e-01
3.558278e-01
3.558278e-01
3.561813e-01
3.561813e-01
3.562242e-01
3.562242e-01
3.563881e-01
3.563881e-01
3.564578e-01
3.564578e-01
3.565607e-01
3.565607e-01
3.566538e-01
3.566538e-01
3.571506e-01
3.571506e-01
3.572254e-01
3.572254e-01
3.574268e-01
3.574268e-01
3.574713e-01
3.574713e-01
3.576773e-01
3.576773e-01
3.577421e-01
3.577421e-01
3.577578e-01
3.577578e-01
3.578844e-01
3.578844e-01
3.580582e-01
3.580582e-01
3.580891e-01
3.580891e-01
3.586105e-01
3.586230e-01
3.586359e-01
3.586359e-01
3.587324e-01
3.587324e-01
3.590154e-01
3.590154e-01
3.592306e-01
3.592306e-01
3.592352e-01
3.592352e-01
3.592452e-01
3.592452e-01
3.593379e-01
3.593379e-01
3.595016e-01
3.595016e-01
3.596914e-01
3.596914e-01
3.598826e-01
3.598826e-01
3.603109e-01
3.603109e-01
3.603202e-01
3.603202e-01
3.603638e-01
3.603638e-01
3.603660e-01
3.603660e-01
3.604162e-01
3.604162e-01
3.607568e-01
3.607568e-01
3.609214e-01
3.609214e-01
3.609611e-01
3.610104e-01
3.610104e-01
3.612620e-01
3.612620e-01
3.613332e-01
3.616224e-01
3.616224e-01
3.617623e-01
3.617623e-01
3.617859e-01
3.617859e-01
3.618914e-01
3.618914e-01
3.619544e-01
3.619544e-01
3.622866e-01
3.622866e-01
3.622980e-01
3.622980e-01
3.623622e-01
3.625608e-01
3.625608e-01
3.626326e-01
3.626326e-01
3.626855e-01
3.626855e-01
3.629300e-01
3.629300e-01
3.630465e-01
3.630465e-01
3.631466e-01
3.631466e-01
3.634176e-01
3.634176e-01
3.634831e-01
3.634831e-01
3.635060e-01
3.635745e-01
3.635745e-01
3.635953e-01
3.635953e-01
3.636547e-01
3.636547e-01
3.639350e-01
3.639350e-01
3.639483e-01
3.639483e-01
3.641168e-01
3.641168e-01
3.641734e-01
3.641734e-01
3.642078e-01
3.642078e-01
3.642293e-01
3.642293e-01
3.642691e-01
3.642691e-01
3.644950e-01
3.644950e-01
3.645965e-01
3.645965e-01
3.647693e-01
3.647693e-01
3.649523e-01
3.649523e-01
3.650399e-01
3.650399e-01
3.651919e-01
3.651919e-01
3.653915e-01
3.653915e-01
3.654299e-01
3.654299e-01
3.656672e-01
3.657629e-01
3.657629e-01
3.657816e-01
3.657816e-01
3.659872e-01
3.659872e-01
3.660778e-01
3.660778e-01
3.662086e-01
3.662086e-01
3.664118e-01
3.664118e-01
3.664218e-01
3.664789e-01
3.664789e-01
3.666083e-01
3.666083e-01
3.666525e-01
3.666525e-01
3.666773e-01
3.666773e-01
3.669367e-01
3.669367e-01
3.671918e-01
3.671918e-01
3.671933e-01
3.672159e-01
3.672159e-01
3.672781e-01
3.672781e-01
3.673613e-01
3.673613e-01
3.673621e-01
3.673621e-01
3.675415e-01
3.675415e-01
3.677327e-01
3.677327e-01
3.679274e-01
3.679274e-01
3.680614e-01
3.680614e-01
3.682579e-01
3.682579e-01
3.683521e-01
3.683521e-01
3.683881e-01
3.683881e-01
3.685946e-01
3.685946e-01
3.689165e-01
3.689165e-01
3.689267e-01
3.689983e-01
3.689983e-01
3.690002e-01
3.690002e-01
3.692160e-01
3.692160e-01
3.692808e-01
3.692808e-01
3.693634e-01
3.695860e-01
3.697127e-01
3.697127e-01
3.698228e-01
3.698987e-01
3.698987e-01
3.699113e-01
3.699113e-01
3.700404e-01
3.700404e-01
3.702384e-01
3.702384e-01
3.704910e-01
3.705290e-01
3.705290e-01
3.705974e-01
3.705974e-01
3.707030e-01
3.707030e-01
3.707497e-01
3.707497e-01
3.707671e-01
3.707671e-01
3.707930e-01
3.707930e-01
3.715968e-01
3.715968e-01
3.716475e-01
3.716475e-01
3.716726e-01
3.716726e-01
3.717037e-01
3.717037e-01
3.717142e-01
3.717142e-01
3.718933e-01
3.718933e-01
3.722180e-01
3.722180e-01
3.723117e-01
3.723652e-01
3.723652e-01
3.724184e-01
3.724184e-01
3.725243e-01
3.725243e-01
3.725314e-01
3.725314e-01
3.727049e-01
3.727049e-01
3.731434e-01
3.731434e-01
3.731654e-01
3.731654e-01
3.731883e-01
3.731883e-01
3.732100e-01
3.732100e-01
3.734906e-01
3.734906e-01
3.736974e-01
3.736974e-01
3.737173e-01
3.738526e-01
3.738526e-01
3.739671e-01
3.739671e-01
3.739858e-01
3.739858e-01
3.741318e-01
3.741318e-01
3.743734e-01
3.743734e-01
3.744194e-01
3.744194e-01
3.744474e-01
3.744474e-01
3.745681e-01
3.745681e-01
3.746085e-01
3.746684e-01
3.746684e-01
3.747446e-01
3.747446e-01
3.749563e-01
3.749563e-01
3.755447e-01
3.755447e-01
3.756178e-01
3.756178e-01
3.756930e-01
3.756930e-01
3.757318e-01
3.757318e-01
3.759916e-01
3.759916e-01
3.760518e-01
3.760518e-01
3.763520e-01
3.763520e-01
3.765355e-01
3.765355e-01
3.766395e-01
3.766395e-01
3.767212e-01
3.767212e-01
3.768762e-01
3.768762e-01
3.770769e-01
3.770769e-01
3.771550e-01
3.771550e-01
3.776402e-01
3.776402e-01
3.779774e-01
3.779774e-01
3.782527e-01
3.782527e-01
3.783706e-01
3.784421e-01
3.784421e-01
3.784759e-01
3.784759e-01
3.785923e-01
3.785923e-01
3.787643e-01
3.787643e-01
3.788747e-01
3.790953e-01
3.790953e-01
3.791452e-01
3.791452e-01
3.793065e-01
3.793065e-01
3.793326e-01
3.793326e-01
3.793956e-01
3.794214e-01
3.796256e-01
3.796536e-01
3.796536e-01
3.796558e-01
3.796558e-01
3.796818e-01
3.796818e-01
3.798321e-01
3.798321e-01
3.800716e-01
3.800716e-01
3.802250e-01
3.802250e-01
3.802899e-01
3.802899e-01
3.805401e-01
3.805401e-01
3.806414e-01
3.806414e-01
3.806917e-01
3.806917e-01
3.807047e-01
3.807047e-01
3.809309e-01
3.809309e-01
3.810050e-01
3.810050e-01
3.810570e-01
3.810570e-01
3.811598e-01
3.811598e-01
3.813822e-01
3.813822e-01
3.814339e-01
3.814339e-01
3.816682e-01
3.816682e-01
3.817256e-01
3.817256e-01
3.817593e-01
3.817593e-01
3.822386e-01
3.822386e-01
3.823966e-01
3.823966e-01
3.825006e-01
3.825006e-01
3.825149e-01
3.825149e-01
3.826243e-01
3.826243e-01
3.826463e-01
3.826463e-01
3.826608e-01
3.826608e-01
3.826817e-01
3.826817e-01
3.826853e-01
3.832659e-01
3.832659e-01
3.835811e-01
3.835811e-01
3.836287e-01
3.836287e-01
3.839043e-01
3.839043e-01
3.841266e-01
3.841266e-01
3.842650e-01
3.842650e-01
3.842705e-01
3.842770e-01
3.842770e-01
3.843448e-01
3.843448e-01
3.846347e-01
3.846347e-01
3.846823e-01
3.846823e-01
3.850259e-01
3.850259e-01
3.850307e-01
3.850307e-01
3.850612e-01
3.850612e-01
3.852010e-01
3.852010e-01
3.852287e-01
3.852517e-01
3.852517e-01
3.855103e-01
3.855103e-01
3.856724e-01
3.856724e-01
3.858976e-01
3.858976e-01
3.862615e-01
3.862615e-01
3.865644e-01
3.865644e-01
3.867191e-01
3.867191e-01
3.867242e-01
3.867242e-01
3.868147e-01
3.868147e-01
3.869702e-01
3.869702e-01
3.872078e-01
3.872078e-01
3.872445e-01
3.872445e-01
3.873762e-01
3.873762e-01
3.875339e-01
3.875339e-01
3.876300e-01
3.878239e-01
3.878239e-01
3.878420e-01
3.878420e-01
3.882434e-01
3.882434e-01
3.882810e-01
3.882810e-01
3.883246e-01
3.883246e-01
3.884025e-01
3.884025e-01
3.886004e-01
3.886004e-01
3.887424e-01
3.887570e-01
3.887570e-01
3.887835e-01
3.888142e-01
3.888142e-01
3.889945e-01
3.889945e-01
3.891047e-01
3.891047e-01
3.893000e-01
3.893000e-01
3.894093e-01
3.894093e-01
3.894237e-01
3.894237e-01
3.894425e-01
3.894425e-01
3.895319e-01
3.895319e-01
3.896219e-01
3.896219e-01
3.898806e-01
3.898806e-01
3.899120e-01
3.899120e-01
3.901481e-01
3.902152e-01
3.904024e-01
3.904024e-01
3.905566e-01
3.906421e-01
3.906421e-01
3.907067e-01
3.907067e-01
3.908759e-01
3.908759e-01
3.911745e-01
3.911745e-01
3.913505e-01
3.913505e-01
3.915233e-01
3.915233e-01
3.917128e-01
3.919057e-01
3.920074e-01
3.920074e-01
3.920133e-01
3.920133e-01
3.921032e-01
3.921032e-01
3.921264e-01
3.921264e-01
3.921360e-01
3.921696e-01
3.921696e-01
3.921724e-01
3.921724e-01
3.923202e-01
3.923202e-01
3.923891e-01
3.923891e-01
3.923904e-01
3.923904e-01
3.925123e-01
3.925123e-01
3.928297e-01
3.928297e-01
3.928393e-01
3.928393e-01
3.930755e-01
3.930755e-01
3.931349e-01
3.931349e-01
3.931929e-01
3.931929e-01
3.933203e-01
3.933203e-01
3.940238e-01
3.940238e-01
3.942666e-01
3.942666e-01
3.943166e-01
3.943166e-01
3.943647e-01
3.943647e-01
3.947047e-01
3.947047e-01
3.949768e-01
3.949768e-01
3.951393e-01
3.951393e-01
3.951486e-01
3.951486e-01
3.953064e-01
3.953064e-01
3.955900e-01
3.955900e-01
3.960576e-01
3.960576e-01
3.962186e-01
3.962186e-01
3.962797e-01
3.962797e-01
3.962892e-01
3.963932e-01
3.963932e-01
3.964440e-01
3.964440e-01
3.965836e-01
3.965836e-01
3.968624e-01
3.968624e-01
3.969490e-01
3.969490e-01
3.970405e-01
3.970405e-01
3.971458e-01
3.972624e-01
3.972624e-01
3.972677e-01
3.972677e-01
3.973397e-01
3.973807e-01
3.973807e-01
3.974611e-01
3.974611e-01
3.975670e-01
3.975670e-01
3.976670e-01
3.976670e-01
3.977131e-01
3.977131e-01
3.983159e-01
3.983159e-01
3.985337e-01
3.985337e-01
3.986008e-01
3.986008e-01
3.986428e-01
3.986428e-01
3.986435e-01
3.987384e-01
3.987384e-01
3.989258e-01
3.989258e-01
3.991398e-01
3.991398e-01
3.992069e-01
3.992069e-01
3.995256e-01
3.995256e-01
3.995579e-01
3.995579e-01
3.996920e-01
3.997963e-01
3.997963e-01
3.999389e-01
3.999389e-01
4.000544e-01
4.000544e-01
4.002786e-01
4.002786e-01
4.003058e-01
4.003058e-01
4.005595e-01
4.005595e-01
4.005871e-01
4.005871e-01
4.005951e-01
4.005951e-01
4.006285e-01
4.006285e-01
4.009979e-01
4.009979e-01
4.011931e-01
4.011931e-01
4.012045e-01
4.012045e-01
4.015842e-01
4.015842e-01
4.015980e-01
4.015980e-01
4.017790e-01
4.017790e-01
4.019135e-01
4.019135e-01
4.020157e-01
4.020157e-01
4.022407e-01
4.022407e-01
4.023501e-01
4.023501e-01
4.026272e-01
4.026272e-01
4.027441e-01
4.027441e-01
4.029164e-01
4.029164e-01
4.030992e-01
4.030992e-01
4.032689e-01
4.032689e-01
4.033079e-01
4.033079e-01
4.033086e-01
4.033086e-01
4.034509e-01
4.034509e-01
4.034555e-01
4.034555e-01
4.037529e-01
4.037529e-01
4.041489e-01
4.044920e-01
4.044920e-01
4.045756e-01
4.045756e-01
4.046420e-01
4.046420e-01
4.047278e-01
4.047278e-01
4.049538e-01
4.049538e-01
4.050512e-01
4.050512e-01
4.051358e-01
4.051358e-01
4.057717e-01
4.057717e-01
4.058431e-01
4.059580e-01
4.059580e-01
4.060761e-01
4.060761e-01
4.060787e-01
4.060787e-01
4.063852e-01
4.063852e-01
4.064476e-01
4.064476e-01
4.065818e-01
4.065818e-01
4.066049e-01
4.066049e-01
4.067008e-01
4.067008e-01
4.067641e-01
4.067641e-01
4.068218e-01
4.068218e-01
4.068392e-01
4.068392e-01
4.069250e-01
4.071040e-01
4.071589e-01
4.071589e-01
4.073668e-01
4.073668e-01
4.073893e-01
4.073893e-01
4.075531e-01
4.075531e-01
4.076016e-01
4.076016e-01
4.077569e-01
4.077569e-01
4.079278e-01
4.079278e-01
4.080279e-01
4.080279e-01
4.080907e-01
4.080907e-01
4.081904e-01
4.081904e-01
4.085004e-01
4.085004e-01
4.087534e-01
4.087534e-01
4.092000e-01
4.092000e-01
4.094115e-01
4.094543e-01
4.094543e-01
4.095365e-01
4.095365e-01
4.097746e-01
4.097746e-01
4.098563e-01
4.102597e-01
4.102597e-01
4.102645e-01
4.102645e-01
4.103832e-01
4.103832e-01
4.103857e-01
4.104900e-01
4.104900e-01
4.104935e-01
4.104935e-01
4.105688e-01
4.105688e-01
4.109894e-01
4.109894e-01
4.110817e-01
4.110817e-01
4.111081e-01
4.111081e-01
4.114019e-01
4.114019e-01
4.114149e-01
4.114149e-01
4.115923e-01
4.115923e-01
4.117607e-01
4.117607e-01
4.119433e-01
4.120445e-01
4.120445e-01
4.122695e-01
4.122695e-01
4.122934e-01
4.122934e-01
4.124413e-01
4.124413e-01
4.126992e-01
4.126992e-01
4.127181e-01
4.127181e-01
4.132607e-01
4.132607e-01
4.136421e-01
4.136421e-01
4.137658e-01
4.137658e-01
4.138667e-01
4.138667e-01
4.142270e-01
4.142270e-01
4.143824e-01
4.144403e-01
4.144403e-01
4.144670e-01
4.144670e-01
4.147337e-01
4.147337e-01
4.147577e-01
4.147577e-01
4.147596e-01
4.147596e-01
4.148202e-01
4.148202e-01
4.149581e-01
4.151403e-01
4.151403e-01
4.153392e-01
4.153392e-01
4.154074e-01
4.154074e-01
4.156991e-01
4.156991e-01
4.157425e-01
4.157425e-01
4.157712e-01
4.157712e-01
4.159794e-01
4.159794e-01
4.160909e-01
4.160909e-01
4.162417e-01
4.162417e-01
4.163336e-01
4.163336e-01
4.164148e-01
4.164148e-01
4.164839e-01
4.164839e-01
4.167258e-01
4.167258e-01
4.167273e-01
4.167273e-01
4.169704e-01
4.169704e-01
4.171442e-01
4.171442e-01
4.172706e-01
4.172706e-01
4.173122e-01
4.173122e-01
4.173494e-01
4.173494e-01
4.178229e-01
4.178250e-01
4.178250e-01
4.179127e-01
4.179127e-01
4.179426e-01
4.181367e-01
4.181367e-01
4.184609e-01
4.184609e-01
4.185239e-01
4.185239e-01
4.186273e-01
4.186273e-01
4.187802e-01
4.187802e-01
4.188744e-01
4.188744e-01
4.189671e-01
4.189671e-01
4.194119e-01
4.194119e-01
4.198631e-01
4.198631e-01
4.200483e-01
4.200483e-01
4.200919e-01
4.200919e-01
4.201989e-01
4.201989e-01
4.202298e-01
4.202298e-01
4.202309e-01
4.202309e-01
4.204182e-01
4.204182e-01
4.210577e-01
4.210958e-01
4.210958e-01
4.211149e-01
4.211149e-01
4.215014e-01
4.215014e-01
4.215082e-01
4.215082e-01
4.216464e-01
4.216464e-01
4.218967e-01
4.218967e-01
4.219669e-01
4.219669e-01
4.222134e-01
4.222134e-01
4.222795e-01
4.222795e-01
4.224008e-01
4.224008e-01
4.224668e-01
4.224713e-01
4.224713e-01
4.225781e-01
4.225781e-01
4.227665e-01
4.227665e-01
4.228208e-01
4.228208e-01
4.229513e-01
4.232515e-01
4.232910e-01
4.232910e-01
4.233774e-01
4.233774e-01
4.235038e-01
4.235038e-01
4.235609e-01
4.235609e-01
4.238720e-01
4.238720e-01
4.240386e-01
4.240386e-01
4.240540e-01
4.240952e-01
4.240952e-01
4.241207e-01
4.241207e-01
4.242923e-01
4.242923e-01
4.245196e-01
4.245768e-01
4.245768e-01
4.247514e-01
4.247514e-01
4.247613e-01
4.247613e-01
4.251618e-01
4.251618e-01
4.254136e-01
4.254136e-01
4.257823e-01
4.257823e-01
4.258054e-01
4.258054e-01
4.259485e-01
4.259485e-01
4.261104e-01
4.261104e-01
4.261585e-01
4.261585e-01
4.263815e-01
4.263815e-01
4.266797e-01
4.266797e-01
4.267779e-01
4.267779e-01
4.269894e-01
4.269894e-01
4.270369e-01
4.270369e-01
4.271354e-01
4.271354e-01
4.272662e-01
4.272662e-01
4.273119e-01
4.273237e-01
4.273237e-01
4.273737e-01
4.273737e-01
4.275971e-01
4.275971e-01
4.276312e-01
4.276312e-01
4.276599e-01
4.276599e-01
4.278652e-01
4.278652e-01
4.278803e-01
4.278803e-01
4.280836e-01
4.280836e-01
4.281288e-01
4.281288e-01
4.281441e-01
4.281441e-01
4.285388e-01
4.285388e-01
4.286010e-01
4.286010e-01
4.288802e-01
4.290847e-01
4.290847e-01
4.291334e-01
4.291334e-01
4.292078e-01
4.292078e-01
4.293558e-01
4.294275e-01
4.294275e-01
4.294515e-01
4.294515e-01
4.302365e-01
4.302365e-01
4.302516e-01
4.302516e-01
4.303679e-01
4.303679e-01
4.304435e-01
4.304435e-01
4.305209e-01
4.305209e-01
4.308846e-01
4.308846e-01
4.309266e-01
4.309266e-01
4.309943e-01
4.309943e-01
4.312068e-01
4.313273e-01
4.313273e-01
4.313449e-01
4.313449e-01
4.313584e-01
4.313584e-01
4.313637e-01
4.313637e-01
4.318461e-01
4.318461e-01
4.319766e-01
4.319766e-01
4.321595e-01
4.321595e-01
4.324481e-01
4.324481e-01
4.325246e-01
4.325246e-01
4.326303e-01
4.326303e-01
4.326336e-01
4.326336e-01
4.326638e-01
4.326638e-01
4.329848e-01
4.333488e-01
4.333488e-01
4.334873e-01
4.334873e-01
4.335883e-01
4.336484e-01
4.336484e-01
4.337347e-01
4.337347e-01
4.338726e-01
4.338726e-01
4.340213e-01
4.340213e-01
4.340676e-01
4.340676e-01
4.341614e-01
4.341614e-01
4.342669e-01
4.342669e-01
4.343711e-01
4.343711e-01
4.344176e-01
4.344176e-01
4.345957e-01
4.346433e-01
4.346433e-01
4.347733e-01
4.347733e-01
4.347750e-01
4.347750e-01
4.350177e-01
4.350177e-01
4.351013e-01
4.351013e-01
4.351336e-01
4.353473e-01
4.353473e-01
4.355325e-01
4.355325e-01
4.356917e-01
4.356917e-01
4.358769e-01
4.358769e-01
4.362131e-01
4.362131e-01
4.362542e-01
4.362542e-01
4.364468e-01
4.364468e-01
4.365625e-01
4.365625e-01
4.367966e-01
4.367966e-01
4.369069e-01
4.369069e-01
4.373788e-01
4.373788e-01
4.374397e-01
4.374845e-01
4.374845e-01
4.376186e-01
4.376186e-01
4.380124e-01
4.380124e-01
4.381065e-01
4.381065e-01
4.381428e-01
4.381428e-01
4.382741e-01
4.382741e-01
4.383505e-01
4.383505e-01
4.386641e-01
4.386641e-01
4.391300e-01
4.391300e-01
4.391788e-01
4.391788e-01
4.392337e-01
4.392337e-01
4.392690e-01
4.392690e-01
4.393050e-01
4.393050e-01
4.394492e-01
4.394492e-01
4.394581e-01
4.394581e-01
4.399597e-01
4.399597e-01
4.401921e-01
4.401921e-01
4.403632e-01
4.403632e-01
4.406154e-01
4.406154e-01
4.406870e-01
4.406870e-01
4.409621e-01
4.409621e-01
4.411624e-01
4.411624e-01
4.413069e-01
4.413069e-01
4.414566e-01
4.414566e-01
4.416618e-01
4.416618e-01
4.416971e-01
4.416971e-01
4.420922e-01
4.420922e-01
4.421178e-01
4.421178e-01
4.421651e-01
4.421651e-01
4.424293e-01
4.424293e-01
4.424320e-01
4.424824e-01
4.424824e-01
4.427036e-01
4.428633e-01
4.428633e-01
4.430483e-01
4.430483e-01
4.431819e-01
4.431819e-01
4.432846e-01
4.432846e-01
4.432879e-01
4.432879e-01
4.433456e-01
4.435148e-01
4.435148e-01
4.437238e-01
4.437238e-01
4.438233e-01
4.438233e-01
4.438520e-01
4.438520e-01
4.442087e-01
4.442937e-01
4.442937e-01
4.444077e-01
4.444077e-01
4.444190e-01
4.444391e-01
4.444391e-01
4.446100e-01
4.446100e-01
4.447635e-01
4.448380e-01
4.448380e-01
4.448874e-01
4.448874e-01
4.451665e-01
4.451665e-01
4.452176e-01
4.452176e-01
4.454021e-01
4.455260e-01
4.455260e-01
4.457556e-01
4.457556e-01
4.461953e-01
4.461953e-01
4.462214e-01
4.462214e-01
4.462370e-01
4.462370e-01
4.462904e-01
4.462904e-01
4.462933e-01
4.462933e-01
4.467051e-01
4.467051e-01
4.468452e-01
4.468452e-01
4.469425e-01
4.469425e-01
4.470734e-01
4.470734e-01
4.471093e-01
4.471648e-01
4.471648e-01
4.472993e-01
4.472993e-01
4.473336e-01
4.474199e-01
4.474199e-01
4.478921e-01
4.478921e-01
4.484197e-01
4.484197e-01
4.487346e-01
4.487346e-01
4.487895e-01
4.487895e-01
4.488419e-01
4.488419e-01
4.490575e-01
4.490575e-01
4.494260e-01
4.494260e-01
4.495196e-01
4.495196e-01
4.496911e-01
4.496911e-01
4.497364e-01
4.497364e-01
4.500032e-01
4.500032e-01
4.502572e-01
4.502572e-01
4.504631e-01
4.504631e-01
4.505541e-01
4.505541e-01
4.505680e-01
4.505680e-01
4.510093e-01
4.510093e-01
4.511479e-01
4.512203e-01
4.512203e-01
4.512685e-01
4.512685e-01
4.512887e-01
4.513966e-01
4.513966e-01
4.514647e-01
4.514647e-01
4.519112e-01
4.519112e-01
4.520093e-01
4.520093e-01
4.522149e-01
4.522149e-01
4.522450e-01
4.522450e-01
4.526707e-01
4.526707e-01
4.527761e-01
4.527761e-01
4.528387e-01
4.528387e-01
4.529985e-01
4.532652e-01
4.532652e-01
4.535744e-01
4.535744e-01
4.536154e-01
4.536154e-01
4.536428e-01
4.536428e-01
4.538532e-01
4.538532e-01
4.545498e-01
4.547230e-01
4.547230e-01
4.547454e-01
4.547454e-01
4.547739e-01
4.547739e-01
4.548123e-01
4.548123e-01
4.549784e-01
4.549784e-01
4.552646e-01
4.552646e-01
4.552702e-01
4.552702e-01
4.554748e-01
4.554748e-01
4.555181e-01
4.556915e-01
4.556915e-01
4.559280e-01
4.559280e-01
4.559692e-01
4.559692e-01
4.562826e-01
4.562826e-01
4.563106e-01
4.563106e-01
4.564991e-01
4.564991e-01
4.565050e-01
4.565050e-01
4.566609e-01
4.567578e-01
4.571616e-01
4.571616e-01
4.572376e-01
4.572376e-01
4.574075e-01
4.574075e-01
4.574197e-01
4.574197e-01
4.574738e-01
4.574738e-01
4.575857e-01
4.575857e-01
4.576942e-01
4.576942e-01
4.584249e-01
4.584249e-01
4.584259e-01
4.584259e-01
4.584371e-01
4.584371e-01
4.586162e-01
4.586162e-01
4.586551e-01
4.586551e-01
4.589223e-01
4.589223e-01
4.595581e-01
4.595581e-01
4.596124e-01
4.596124e-01
4.598701e-01
4.598701e-01
4.600796e-01
4.600849e-01
4.600972e-01
4.600972e-01
4.601469e-01
4.601469e-01
4.604044e-01
4.604044e-01
4.608044e-01
4.608044e-01
4.608620e-01
4.608620e-01
4.608672e-01
4.608672e-01
4.610314e-01
4.610314e-01
4.610467e-01
4.610467e-01
4.612540e-01
4.612540e-01
4.613797e-01
4.613797e-01
4.614135e-01
4.615244e-01
4.615244e-01
4.615345e-01
4.615345e-01
4.619794e-01
4.619794e-01
4.621820e-01
4.623249e-01
4.623249e-01
4.625284e-01
4.625284e-01
4.626343e-01
4.626343e-01
4.628710e-01
4.628710e-01
4.631637e-01
4.631637e-01
4.632537e-01
4.632537e-01
4.634637e-01
4.634637e-01
4.636969e-01
4.636969e-01
4.638515e-01
4.638515e-01
4.639463e-01
4.639463e-01
4.640130e-01
4.640130e-01
4.644148e-01
4.644148e-01
4.648833e-01
4.648833e-01
4.649053e-01
4.649053e-01
4.649503e-01
4.651825e-01
4.651825e-01
4.653436e-01
4.655800e-01
4.655800e-01
4.656117e-01
4.656117e-01
4.656746e-01
4.656746e-01
4.657269e-01
4.657269e-01
4.658424e-01
4.658424e-01
4.659691e-01
4.659691e-01
4.662410e-01
4.662410e-01
4.662642e-01
4.662642e-01
4.664796e-01
4.664796e-01
4.665540e-01
4.667201e-01
4.667201e-01
4.667351e-01
4.667351e-01
4.671767e-01
4.671767e-01
4.672130e-01
4.672130e-01
4.672505e-01
4.678674e-01
4.678674e-01
4.679698e-01
4.679698e-01
4.681060e-01
4.681060e-01
4.684153e-01
4.684153e-01
4.686293e-01
4.686293e-01
4.686951e-01
4.686951e-01
4.690177e-01
4.691048e-01
4.691048e-01
4.692306e-01
4.692306e-01
4.692331e-01
4.692331e-01
4.694095e-01
4.694095e-01
4.694596e-01
4.694596e-01
4.695295e-01
4.695295e-01
4.696012e-01
4.696012e-01
4.696665e-01
4.696665e-01
4.698442e-01
4.703069e-01
4.703069e-01
4.703185e-01
4.703185e-01
4.703942e-01
4.703942e-01
4.705409e-01
4.705409e-01
4.706296e-01
4.706296e-01
4.708759e-01
4.708759e-01
4.710882e-01
4.710882e-01
4.717386e-01
4.717386e-01
4.718703e-01
4.718703e-01
4.720739e-01
4.720739e-01
4.721951e-01
4.721951e-01
4.722102e-01
4.722102e-01
4.727261e-01
4.727261e-01
4.727926e-01
4.727926e-01
4.728496e-01
4.728496e-01
4.728806e-01
4.728806e-01
4.731357e-01
4.731357e-01
4.733200e-01
4.733200e-01
4.733256e-01
4.733256e-01
4.733792e-01
4.733792e-01
4.746006e-01
4.746006e-01
4.748391e-01
4.748391e-01
4.748477e-01
4.748477e-01
4.749844e-01
4.749844e-01
4.751559e-01
4.751559e-01
4.753833e-01
4.753833e-01
4.755348e-01
4.755348e-01
4.757628e-01
4.757628e-01
4.759320e-01
4.759320e-01
4.760312e-01
4.760312e-01
4.762366e-01
4.762366e-01
4.764512e-01
4.765197e-01
4.765197e-01
4.765676e-01
4.765676e-01
4.766969e-01
4.766969e-01
4.767677e-01
4.767677e-01
4.771823e-01
4.771823e-01
4.772591e-01
4.772591e-01
4.776566e-01
4.776566e-01
4.779222e-01
4.780269e-01
4.780269e-01
4.780374e-01
4.780374e-01
4.782795e-01
4.782795e-01
4.783466e-01
4.783466e-01
4.786692e-01
4.786692e-01
4.794374e-01
4.794374e-01
4.795769e-01
4.795769e-01
4.798675e-01
4.798675e-01
4.799361e-01
4.799361e-01
4.799440e-01
4.799440e-01
4.799586e-01
4.799586e-01
4.799668e-01
4.799668e-01
4.800734e-01
4.800734e-01
4.801984e-01
4.803609e-01
4.803609e-01
4.804902e-01
4.804902e-01
4.806218e-01
4.806218e-01
4.806434e-01
4.806434e-01
4.807927e-01
4.807927e-01
4.809488e-01
4.812379e-01
4.812379e-01
4.814242e-01
4.814242e-01
4.820793e-01
4.820793e-01
4.821112e-01
4.821112e-01
4.821242e-01
4.821242e-01
4.824779e-01
4.824779e-01
4.826004e-01
4.826004e-01
4.826324e-01
4.826324e-01
4.826768e-01
4.826768e-01
4.827527e-01
4.827527e-01
4.828155e-01
4.828155e-01
4.829260e-01
4.829260e-01
4.830548e-01
4.835291e-01
4.835291e-01
4.838196e-01
4.838196e-01
4.838460e-01
4.838460e-01
4.839613e-01
4.839613e-01
4.844134e-01
4.844154e-01
4.844154e-01
4.847789e-01
4.847789e-01
4.847941e-01
4.847941e-01
4.848554e-01
4.848554e-01
4.850493e-01
4.850493e-01
4.852011e-01
4.852011e-01
4.852703e-01
4.852703e-01
4.858448e-01
4.858448e-01
4.860739e-01
4.860739e-01
4.861680e-01
4.861680e-01
4.861926e-01
4.862705e-01
4.867184e-01
4.867184e-01
4.869716e-01
4.869716e-01
4.869930e-01
4.869930e-01
4.871507e-01
4.871507e-01
4.872423e-01
4.872423e-01
4.875174e-01
4.875174e-01
4.879501e-01
4.880784e-01
4.880784e-01
4.882921e-01
4.882921e-01
4.883337e-01
4.883337e-01
4.888417e-01
4.888417e-01
4.889512e-01
4.889512e-01
4.889804e-01
4.889804e-01
4.889995e-01
4.889995e-01
4.891112e-01
4.891112e-01
4.891247e-01
4.891247e-01
4.891846e-01
4.891846e-01
4.893661e-01
4.893661e-01
4.896617e-01
4.901426e-01
4.901426e-01
4.901626e-01
4.908100e-01
4.908100e-01
4.916753e-01
4.916753e-01
4.917167e-01
4.917167e-01
4.920143e-01
4.920143e-01
4.921418e-01
4.921418e-01
4.925106e-01
4.925106e-01
4.928574e-01
4.928574e-01
4.929253e-01
4.929253e-01
4.930264e-01
4.930264e-01
4.931885e-01
4.931885e-01
4.933101e-01
4.938376e-01
4.938376e-01
4.938448e-01
4.938448e-01
4.939265e-01
4.939265e-01
4.939323e-01
4.939323e-01
4.942677e-01
4.942677e-01
4.942843e-01
4.942843e-01
4.944068e-01
4.944496e-01
4.944496e-01
4.945652e-01
4.945652e-01
4.948226e-01
4.948226e-01
4.950999e-01
4.950999e-01
4.952160e-01
4.952162e-01
4.952162e-01
4.953068e-01
4.953068e-01
4.953248e-01
4.953248e-01
4.957503e-01
4.958907e-01
4.958907e-01
4.961030e-01
4.961030e-01
4.961735e-01
4.961735e-01
4.962336e-01
4.962336e-01
4.962352e-01
4.962352e-01
4.967841e-01
4.967841e-01
4.970200e-01
4.970200e-01
4.971440e-01
4.971440e-01
4.978643e-01
4.978643e-01
4.983257e-01
4.983257e-01
4.984538e-01
4.984538e-01
4.987846e-01
4.987846e-01
4.988287e-01
4.988287e-01
4.988687e-01
4.989081e-01
4.989081e-01
4.989228e-01
4.989228e-01
4.989909e-01
4.989909e-01
4.990374e-01
4.990374e-01
4.992737e-01
4.994546e-01
4.994546e-01
4.995596e-01
4.995596e-01
4.997539e-01
4.997539e-01
4.998564e-01
4.998564e-01
4.999357e-01
4.999357e-01
5.000914e-01
5.000914e-01
5.004175e-01
5.004175e-01
5.010892e-01
5.010892e-01
5.010931e-01
5.010931e-01
5.014037e-01
5.014037e-01
5.016108e-01
5.016108e-01
5.016230e-01
5.016230e-01
5.022430e-01
5.022430e-01
5.023697e-01
5.023697e-01
5.033911e-01
5.033911e-01
5.034051e-01
5.034051e-01
5.034761e-01
5.034761e-01
5.035189e-01
5.035189e-01
5.035783e-01
5.035783e-01
5.036974e-01
5.037316e-01
5.037316e-01
5.037336e-01
5.037336e-01
5.041385e-01
5.041385e-01
5.041456e-01
5.041456e-01
5.042520e-01
5.042520e-01
5.047557e-01
5.047557e-01
5.047579e-01
5.047579e-01
5.054146e-01
5.054146e-01
5.058818e-01
5.058818e-01
5.061510e-01
5.061510e-01
5.065511e-01
5.065511e-01
5.066781e-01
5.068388e-01
5.068388e-01
5.071414e-01
5.071414e-01
5.071854e-01
5.071854e-01
5.072599e-01
5.072599e-01
5.075534e-01
5.075534e-01
5.076664e-01
5.077365e-01
5.077365e-01
5.080053e-01
5.080053e-01
5.080412e-01
5.080412e-01
5.081859e-01
5.081859e-01
5.084785e-01
5.084785e-01
5.088937e-01
5.088937e-01
5.091555e-01
5.092064e-01
5.092064e-01
5.093180e-01
5.093180e-01
5.095734e-01
5.095734e-01
5.097491e-01
5.097491e-01
5.097572e-01
5.097572e-01
5.102115e-01
5.102115e-01
5.102722e-01
5.102722e-01
5.104898e-01
5.109335e-01
5.109335e-01
5.113573e-01
5.113573e-01
5.113854e-01
5.113854e-01
5.117103e-01
5.117103e-01
5.123399e-01
5.123399e-01
5.123542e-01
5.125475e-01
5.125475e-01
5.126060e-01
5.126060e-01
5.126584e-01
5.126584e-01
5.126920e-01
5.126920e-01
5.128084e-01
5.132728e-01
5.132728e-01
5.137637e-01
5.137637e-01
5.139908e-01
5.139908e-01
5.144655e-01
5.144655e-01
5.145690e-01
5.145690e-01
5.147626e-01
5.147626e-01
5.147873e-01
5.147873e-01
5.148389e-01
5.148389e-01
5.150650e-01
5.150650e-01
5.151668e-01
5.151668e-01
5.153690e-01
5.153690e-01
5.157502e-01
5.157502e-01
5.157804e-01
5.157804e-01
5.158491e-01
5.158491e-01
5.162694e-01
5.162694e-01
5.166227e-01
5.166227e-01
5.166406e-01
5.166406e-01
5.177363e-01
5.177363e-01
5.178258e-01
5.178258e-01
5.181866e-01
5.181866e-01
5.182731e-01
5.182731e-01
5.184410e-01
5.184410e-01
5.184422e-01
5.184422e-01
5.191656e-01
5.191656e-01
5.192080e-01
5.192080e-01
5.193233e-01
5.193233e-01
5.195163e-01
5.195163e-01
5.199257e-01
5.199257e-01
5.199499e-01
5.199499e-01
5.200264e-01
5.200264e-01
5.204493e-01
5.204493e-01
5.207305e-01
5.207502e-01
5.207502e-01
5.207509e-01
5.207509e-01
5.209440e-01
5.213432e-01
5.213432e-01
5.215297e-01
5.215297e-01
5.215455e-01
5.215455e-01
5.215571e-01
5.215571e-01
5.215928e-01
5.215928e-01
5.221892e-01
5.221892e-01
5.222626e-01
5.223964e-01
5.223964e-01
5.226570e-01
5.226570e-01
5.227546e-01
5.227546e-01
5.228144e-01
5.228144e-01
5.229272e-01
5.229272e-01
5.238741e-01
5.238741e-01
5.239187e-01
5.239187e-01
5.240268e-01
5.240268e-01
5.246944e-01
5.246944e-01
5.248685e-01
5.248685e-01
5.251738e-01
5.251738e-01
5.256765e-01
5.256765e-01
5.258053e-01
5.258053e-01
5.258783e-01
5.258783e-01
5.259539e-01
5.259539e-01
5.263290e-01
5.263290e-01
5.263325e-01
5.265382e-01
5.265382e-01
5.268306e-01
5.268306e-01
5.268634e-01
5.273902e-01
5.273902e-01
5.274510e-01
5.274510e-01
5.275236e-01
5.275236e-01
5.280503e-01
5.280503e-01
5.291336e-01
5.291336e-01
5.295226e-01
5.295226e-01
5.296138e-01
5.298484e-01
5.298484e-01
5.299550e-01
5.299550e-01
5.300109e-01
5.300109e-01
5.302697e-01
5.302697e-01
5.304540e-01
5.304540e-01
5.305635e-01
5.310712e-01
5.310712e-01
5.313734e-01
5.313734e-01
5.314796e-01
5.314796e-01
5.317001e-01
5.317001e-01
5.319923e-01
5.319923e-01
5.322569e-01
5.324201e-01
5.324201e-01
5.325424e-01
5.325424e-01
5.325949e-01
5.325949e-01
5.326472e-01
5.326472e-01
5.327427e-01
5.327427e-01
5.329462e-01
5.329462e-01
5.333348e-01
5.333728e-01
5.336575e-01
5.336575e-01
5.343309e-01
5.343309e-01
5.344295e-01
5.344295e-01
5.347886e-01
5.347886e-01
5.350888e-01
5.350888e-01
5.355343e-01
5.355343e-01
5.355366e-01
5.355366e-01
5.358650e-01
5.358650e-01
5.360768e-01
5.360768e-01
5.363735e-01
5.364287e-01
5.364287e-01
5.365589e-01
5.365589e-01
5.366970e-01
5.366970e-01
5.371633e-01
5.371633e-01
5.374116e-01
5.374116e-01
5.374417e-01
5.374417e-01
5.381810e-01
5.381810e-01
5.383036e-01
5.383036e-01
5.385097e-01
5.385097e-01
5.386293e-01
5.386293e-01
5.386996e-01
5.388951e-01
5.388951e-01
5.390515e-01
5.390515e-01
5.392931e-01
5.392931e-01
5.393799e-01
5.393799e-01
5.394974e-01
5.394974e-01
5.398334e-01
5.398334e-01
5.403984e-01
5.403984e-01
5.404881e-01
5.404881e-01
5.407582e-01
5.407582e-01
5.410428e-01
5.410898e-01
5.410898e-01
5.410980e-01
5.410980e-01
5.412675e-01
5.412675e-01
5.412718e-01
5.412718e-01
5.414926e-01
5.414926e-01
5.418012e-01
5.418012e-01
5.418542e-01
5.418542e-01
5.421233e-01
5.421233e-01
5.424919e-01
5.424919e-01
5.429540e-01
5.429540e-01
5.435758e-01
5.435758e-01
5.435998e-01
5.435998e-01
5.441387e-01
5.442234e-01
5.442234e-01
5.442403e-01
5.442403e-01
5.444274e-01
5.444274e-01
5.446092e-01
5.446092e-01
5.447901e-01
5.447901e-01
5.451043e-01
5.451043e-01
5.456305e-01
5.456305e-01
5.457202e-01
5.457202e-01
5.457228e-01
5.457228e-01
5.457658e-01
5.462593e-01
5.462593e-01
5.465776e-01
5.466426e-01
5.466426e-01
5.467348e-01
5.467348e-01
5.470809e-01
5.470809e-01
5.471055e-01
5.471055e-01
5.471645e-01
5.471645e-01
5.485535e-01
5.485535e-01
5.485788e-01
5.485788e-01
5.486544e-01
5.486544e-01
5.487822e-01
5.487822e-01
5.489904e-01
5.489904e-01
5.490367e-01
5.490367e-01
5.493603e-01
5.493603e-01
5.495315e-01
5.495315e-01
5.501471e-01
5.501471e-01
5.503663e-01
5.503663e-01
5.505272e-01
5.505272e-01
5.506063e-01
5.506063e-01
5.509212e-01
5.509212e-01
5.514966e-01
5.514966e-01
5.516442e-01
5.516442e-01
5.517125e-01
5.517125e-01
5.517595e-01
5.517595e-01
5.519888e-01
5.520097e-01
5.523763e-01
5.525756e-01
5.525756e-01
5.528759e-01
5.528759e-01
5.531816e-01
5.531816e-01
5.535045e-01
5.535045e-01
5.535077e-01
5.535077e-01
5.539446e-01
5.539446e-01
5.539632e-01
5.539632e-01
5.547709e-01
5.547709e-01
5.555682e-01
5.555682e-01
5.557918e-01
5.557918e-01
5.561985e-01
5.561985e-01
5.563624e-01
5.563624e-01
5.574238e-01
5.574238e-01
5.574498e-01
5.574498e-01
5.578674e-01
5.578674e-01
5.579791e-01
5.579791e-01
5.581196e-01
5.581196e-01
5.581947e-01
5.581947e-01
5.582928e-01
5.582928e-01
5.583239e-01
5.583239e-01
5.584048e-01
5.586079e-01
5.586079e-01
5.588790e-01
5.588790e-01
5.589696e-01
5.590612e-01
5.590612e-01
5.591882e-01
5.591882e-01
5.592002e-01
5.592002e-01
5.594275e-01
5.594275e-01
5.598140e-01
5.598140e-01
5.603443e-01
5.603443e-01
5.607938e-01
5.607938e-01
5.615343e-01
5.615343e-01
5.619100e-01
5.620141e-01
5.620141e-01
5.621323e-01
5.621323e-01
5.626651e-01
5.626651e-01
5.627199e-01
5.627199e-01
5.628854e-01
5.628854e-01
5.630326e-01
5.630326e-01
5.634386e-01
5.634386e-01
5.637992e-01
5.637992e-01
5.638625e-01
5.638625e-01
5.641086e-01
5.641086e-01
5.642695e-01
5.642695e-01
5.648490e-01
5.648490e-01
5.652453e-01
5.652453e-01
5.652678e-01
5.652678e-01
5.654499e-01
5.654499e-01
5.657137e-01
5.658195e-01
5.658195e-01
5.659608e-01
5.659608e-01
5.662877e-01
5.662877e-01
5.664158e-01
5.664158e-01
5.665949e-01
5.665949e-01
5.666619e-01
5.666619e-01
5.667831e-01
5.668016e-01
5.668016e-01
5.679059e-01
5.679059e-01
5.679504e-01
5.679504e-01
5.684799e-01
5.684799e-01
5.685694e-01
5.685694e-01
5.687306e-01
5.687306e-01
5.690365e-01
5.690365e-01
5.691699e-01
5.691973e-01
5.691973e-01
5.693377e-01
5.693377e-01
5.699255e-01
5.699255e-01
5.703014e-01
5.703014e-01
5.703433e-01
5.705958e-01
5.708663e-01
5.708663e-01
5.711777e-01
5.711777e-01
5.712913e-01
5.713834e-01
5.713834e-01
5.717117e-01
5.717117e-01
5.718418e-01
5.718418e-01
5.720160e-01
5.720160e-01
5.721814e-01
5.721814e-01
5.724976e-01
5.724976e-01
5.725141e-01
5.725141e-01
5.733549e-01
5.733549e-01
5.735991e-01
5.735991e-01
5.738345e-01
5.738345e-01
5.739025e-01
5.739025e-01
5.748461e-01
5.748461e-01
5.751118e-01
5.751118e-01
5.754076e-01
5.756527e-01
5.756527e-01
5.757356e-01
5.757356e-01
5.770216e-01
5.771388e-01
5.771388e-01
5.772420e-01
5.774384e-01
5.774384e-01
5.776692e-01
5.776692e-01
5.781226e-01
5.781226e-01
5.783390e-01
5.783390e-01
5.786196e-01
5.786196e-01
5.791475e-01
5.791475e-01
5.794957e-01
5.794957e-01
5.796901e-01
5.796901e-01
5.800432e-01
5.800432e-01
5.802772e-01
5.802772e-01
5.807211e-01
5.811347e-01
5.811347e-01
5.814081e-01
5.814081e-01
5.817338e-01
5.817338e-01
5.820361e-01
5.820361e-01
5.821072e-01
5.821072e-01
5.828274e-01
5.828274e-01
5.828862e-01
5.828862e-01
5.831758e-01
5.831758e-01
5.833717e-01
5.835043e-01
5.835043e-01
5.835181e-01
5.835181e-01
5.838147e-01
5.838147e-01
5.838344e-01
5.838344e-01
5.841641e-01
5.841641e-01
5.844577e-01
5.844577e-01
5.849517e-01
5.849517e-01
5.853842e-01
5.853842e-01
5.853900e-01
5.853900e-01
5.858883e-01
5.858883e-01
5.863559e-01
5.863995e-01
5.863995e-01
5.869438e-01
5.869438e-01
5.873161e-01
5.875064e-01
5.875064e-01
5.876876e-01
5.876876e-01
5.878526e-01
5.878526e-01
5.879391e-01
5.879391e-01
5.884860e-01
5.884860e-01
5.886298e-01
5.886298e-01
5.886638e-01
5.886638e-01
5.891451e-01
5.892781e-01
5.892781e-01
5.896893e-01
5.898699e-01
5.898699e-01
5.899324e-01
5.899324e-01
5.908748e-01
5.908748e-01
5.914669e-01
5.914669e-01
5.914833e-01
5.914833e-01
5.915311e-01
5.915311e-01
5.920238e-01
5.921623e-01
5.921623e-01
5.929085e-01
5.930184e-01
5.930184e-01
5.930246e-01
5.930246e-01
5.936193e-01
5.936193e-01
5.939374e-01
5.939374e-01
5.940277e-01
5.940277e-01
5.941865e-01
5.941865e-01
5.945048e-01
5.945048e-01
5.950218e-01
5.950218e-01
5.950395e-01
5.950395e-01
5.953939e-01
5.953939e-01
5.955947e-01
5.955947e-01
5.961381e-01
5.961381e-01
5.963451e-01
5.963451e-01
5.964177e-01
5.964177e-01
5.965299e-01
5.965299e-01
5.968456e-01
5.970272e-01
5.970272e-01
5.971890e-01
5.971890e-01
5.976581e-01
5.976581e-01
5.976843e-01
5.976843e-01
5.980915e-01
5.980915e-01
5.981873e-01
5.981873e-01
5.985283e-01
5.985283e-01
5.987888e-01
5.987888e-01
5.991764e-01
5.995157e-01
5.999489e-01
5.999489e-01
5.999848e-01
5.999848e-01
6.005355e-01
6.005355e-01
6.006282e-01
6.006282e-01
6.011443e-01
6.011443e-01
6.013877e-01
6.013877e-01
6.014624e-01
6.014624e-01
6.016778e-01
6.016778e-01
6.020437e-01
6.020437e-01
6.024608e-01
6.024608e-01
6.026287e-01
6.026287e-01
6.026814e-01
6.030952e-01
6.030952e-01
6.031758e-01
6.031758e-01
6.034418e-01
6.034418e-01
6.036394e-01
6.036394e-01
6.036839e-01
6.036839e-01
6.037137e-01
6.037137e-01
6.044167e-01
6.044167e-01
6.051021e-01
6.051021e-01
6.051597e-01
6.051597e-01
6.053462e-01
6.053462e-01
6.054330e-01
6.057048e-01
6.057048e-01
6.061547e-01
6.061547e-01
6.063503e-01
6.063503e-01
6.065527e-01
6.065527e-01
6.066055e-01
6.066055e-01
6.069896e-01
6.069896e-01
6.070746e-01
6.070746e-01
6.077721e-01
6.077721e-01
6.079095e-01
6.079095e-01
6.087500e-01
6.087500e-01
6.088698e-01
6.088698e-01
6.091481e-01
6.091481e-01
6.098770e-01
6.103749e-01
6.103749e-01
6.104552e-01
6.104552e-01
6.108531e-01
6.108531e-01
6.112892e-01
6.112892e-01
6.116153e-01
6.116153e-01
6.116736e-01
6.116736e-01
6.116764e-01
6.116854e-01
6.116854e-01
6.119736e-01
6.119736e-01
6.120972e-01
6.120972e-01
6.122205e-01
6.122205e-01
6.126270e-01
6.126270e-01
6.130236e-01
6.131585e-01
6.133576e-01
6.133576e-01
6.136340e-01
6.136340e-01
6.139225e-01
6.139225e-01
6.139590e-01
6.139590e-01
6.140504e-01
6.140504e-01
6.142904e-01
6.142904e-01
6.145498e-01
6.145498e-01
6.146748e-01
6.150078e-01
6.150078e-01
6.157198e-01
6.157198e-01
6.160887e-01
6.160887e-01
6.162315e-01
6.167198e-01
6.167198e-01
6.171261e-01
6.171261e-01
6.173802e-01
6.173802e-01
6.187138e-01
6.187138e-01
6.197982e-01
6.197982e-01
6.198741e-01
6.206649e-01
6.206649e-01
6.212123e-01
6.212123e-01
6.213597e-01
6.213597e-01
6.217018e-01
6.217018e-01
6.217133e-01
6.217133e-01
6.217470e-01
6.218747e-01
6.218747e-01
6.226981e-01
6.226981e-01
6.228718e-01
6.229566e-01
6.229566e-01
6.236186e-01
6.236186e-01
6.239676e-01
6.239676e-01
6.242701e-01
6.242701e-01
6.252241e-01
6.252241e-01
6.253619e-01
6.253619e-01
6.256701e-01
6.262582e-01
6.262582e-01
6.269067e-01
6.269067e-01
6.273156e-01
6.273156e-01
6.274185e-01
6.274185e-01
6.277541e-01
6.277541e-01
6.278974e-01
6.278974e-01
6.284693e-01
6.284693e-01
6.291521e-01
6.291521e-01
6.294537e-01
6.294537e-01
6.296231e-01
6.296231e-01
6.304810e-01
6.304810e-01
6.308008e-01
6.308008e-01
6.308776e-01
6.308776e-01
6.310603e-01
6.310603e-01
6.310719e-01
6.310719e-01
6.316767e-01
6.316767e-01
6.321746e-01
6.321746e-01
6.323316e-01
6.323316e-01
6.324483e-01
6.324483e-01
6.330366e-01
6.330366e-01
6.332293e-01
6.333951e-01
6.333951e-01
6.335066e-01
6.335066e-01
6.348486e-01
6.348486e-01
6.351946e-01
6.351946e-01
6.352173e-01
6.352173e-01
6.354312e-01
6.365764e-01
6.365764e-01
6.366466e-01
6.366466e-01
6.367023e-01
6.367023e-01
6.368236e-01
6.368236e-01
6.376095e-01
6.376095e-01
6.378221e-01
6.381442e-01
6.381442e-01
6.385760e-01
6.385760e-01
6.391655e-01
6.391655e-01
6.397873e-01
6.397873e-01
6.408994e-01
6.414763e-01
6.414763e-01
6.416211e-01
6.416211e-01
6.417327e-01
6.420034e-01
6.420034e-01
6.429376e-01
6.429376e-01
6.431913e-01
6.431913e-01
6.434031e-01
6.434031e-01
6.434872e-01
6.440726e-01
6.440726e-01
6.441656e-01
6.441656e-01
6.443219e-01
6.443219e-01
6.446686e-01
6.446686e-01
6.449091e-01
6.455681e-01
6.455681e-01
6.458744e-01
6.458744e-01
6.459445e-01
6.459445e-01
6.465162e-01
6.465162e-01
6.468060e-01
6.468060e-01
6.470499e-01
6.470499e-01
6.472770e-01
6.472770e-01
6.474029e-01
6.474029e-01
6.479787e-01
6.479787e-01
6.490494e-01
6.490494e-01
6.490552e-01
6.497554e-01
6.497554e-01
6.498982e-01
6.498982e-01
6.504645e-01
6.504645e-01
6.509172e-01
6.509172e-01
6.510077e-01
6.510077e-01
6.513171e-01
6.513171e-01
6.513847e-01
6.513847e-01
6.517452e-01
6.517452e-01
6.532020e-01
6.532020e-01
6.534420e-01
6.534420e-01
6.550366e-01
6.550366e-01
6.550825e-01
6.550825e-01
6.550996e-01
6.550996e-01
6.552173e-01
6.552799e-01
6.552799e-01
6.564698e-01
6.564698e-01
6.576359e-01
6.576359e-01
6.578193e-01
6.578193e-01
6.586064e-01
6.586064e-01
6.588573e-01
6.588573e-01
6.595476e-01
6.595476e-01
6.596404e-01
6.596404e-01
6.602837e-01
6.602837e-01
6.606869e-01
6.606869e-01
6.611366e-01
6.611366e-01
6.612590e-01
6.612590e-01
6.626439e-01
6.626439e-01
6.638440e-01
6.638440e-01
6.640095e-01
6.640095e-01
6.642584e-01
6.642584e-01
6.648661e-01
6.648661e-01
6.649176e-01
6.649176e-01
6.650878e-01
6.650878e-01
6.657157e-01
6.657157e-01
6.657911e-01
6.657911e-01
6.660493e-01
6.660493e-01
6.662357e-01
6.662357e-01
6.662695e-01
6.662695e-01
6.668518e-01
6.668518e-01
6.674939e-01
6.674939e-01
6.690898e-01
6.690898e-01
6.694630e-01
6.694630e-01
6.694994e-01
6.694994e-01
6.697681e-01
6.697681e-01
6.707427e-01
6.713943e-01
6.718242e-01
6.718242e-01
6.718705e-01
6.718705e-01
6.719736e-01
6.719736e-01
6.729577e-01
6.729577e-01
6.734566e-01
6.734566e-01
6.748143e-01
6.748143e-01
6.749331e-01
6.749331e-01
6.752616e-01
6.752938e-01
6.752938e-01
6.753668e-01
6.764103e-01
6.764103e-01
6.766632e-01
6.766632e-01
6.768422e-01
6.768422e-01
6.770722e-01
6.770722e-01
6.771081e-01
6.771081e-01
6.772127e-01
6.772127e-01
6.778603e-01
6.784119e-01
6.784119e-01
6.787144e-01
6.787144e-01
6.788243e-01
6.788243e-01
6.790052e-01
6.790052e-01
6.805204e-01
6.815756e-01
6.815756e-01
6.820247e-01
6.820247e-01
6.827620e-01
6.827620e-01
6.829614e-01
6.829614e-01
6.836531e-01
6.836531e-01
6.836671e-01
6.836671e-01
6.850692e-01
6.850692e-01
6.857264e-01
6.857264e-01
6.866745e-01
6.866745e-01
6.869250e-01
6.870892e-01
6.870892e-01
6.877314e-01
6.877314e-01
6.881749e-01
6.881749e-01
6.884832e-01
6.884832e-01
6.892134e-01
6.892340e-01
6.892340e-01
6.893860e-01
6.893860e-01
6.902500e-01
6.902500e-01
6.907989e-01
6.909085e-01
6.909085e-01
6.914212e-01
6.914212e-01
6.915361e-01
6.915361e-01
6.915522e-01
6.916364e-01
6.916364e-01
6.925102e-01
6.925102e-01
6.937188e-01
6.937188e-01
6.937996e-01
6.941896e-01
6.941896e-01
6.944687e-01
6.944687e-01
6.944810e-01
6.944810e-01
6.962441e-01
6.962441e-01
6.963729e-01
6.963729e-01
6.968479e-01
6.968479e-01
6.971598e-01
6.971598e-01
6.984988e-01
6.984988e-01
6.990799e-01
6.990799e-01
6.992627e-01
6.992627e-01
6.995867e-01
6.995867e-01
7.001875e-01
7.001875e-01
7.002801e-01
7.002801e-01
7.018004e-01
7.018004e-01
7.018990e-01
7.020594e-01
7.020594e-01
7.022937e-01
7.022937e-01
7.030429e-01
7.030429e-01
7.031812e-01
7.031812e-01
7.039657e-01
7.039657e-01
7.040589e-01
7.040589e-01
7.043886e-01
7.056231e-01
7.056231e-01
7.059719e-01
7.063969e-01
7.063969e-01
7.078768e-01
7.078768e-01
7.085542e-01
7.085542e-01
7.087485e-01
7.087485e-01
7.106812e-01
7.106812e-01
7.109273e-01
7.109273e-01
7.113116e-01
7.113116e-01
7.114872e-01
7.114872e-01
7.128060e-01
7.128060e-01
7.135550e-01
7.135550e-01
7.149681e-01
7.149681e-01
7.153629e-01
7.165586e-01
7.165586e-01
7.182168e-01
7.182168e-01
7.182358e-01
7.183596e-01
7.186412e-01
7.186412e-01
7.198490e-01
7.198490e-01
7.201104e-01
7.201104e-01
7.210813e-01
7.210813e-01
7.219354e-01
7.219354e-01
7.223076e-01
7.223076e-01
7.223671e-01
7.223671e-01
7.227352e-01
7.227352e-01
7.250272e-01
7.250272e-01
7.252363e-01
7.252363e-01
7.262952e-01
7.262952e-01
7.264682e-01
7.264682e-01
7.266521e-01
7.266521e-01
7.277337e-01
7.277337e-01
7.280582e-01
7.280582e-01
7.291921e-01
7.291921e-01
7.293144e-01
7.293144e-01
7.296805e-01
7.296805e-01
7.297568e-01
7.297568e-01
7.311123e-01
7.311123e-01
7.313043e-01
7.313043e-01
7.313363e-01
7.313363e-01
7.314646e-01
7.314646e-01
7.317085e-01
7.329188e-01
7.329188e-01
7.329323e-01
7.329323e-01
7.344985e-01
7.344985e-01
7.348077e-01
7.348077e-01
7.360455e-01
7.360455e-01
7.360519e-01
7.360519e-01
7.363207e-01
7.369107e-01
7.369107e-01
7.372521e-01
7.372521e-01
7.375470e-01
7.375470e-01
7.375732e-01
7.375732e-01
7.386726e-01
7.391677e-01
7.391677e-01
7.393878e-01
7.393878e-01
7.394406e-01
7.394406e-01
7.399228e-01
7.399228e-01
7.405448e-01
7.410323e-01
7.410323e-01
7.419652e-01
7.419652e-01
7.421589e-01
7.421589e-01
7.426966e-01
7.426966e-01
7.428529e-01
7.428529e-01
7.431168e-01
7.431168e-01
7.432811e-01
7.432811e-01
7.439271e-01
7.439271e-01
7.443910e-01
7.467439e-01
7.467439e-01
7.476686e-01
7.476686e-01
7.482380e-01
7.482380e-01
7.496990e-01
7.496990e-01
7.524472e-01
7.524472e-01
7.529323e-01
7.529323e-01
7.542719e-01
7.542719e-01
7.544654e-01
7.544654e-01
7.548265e-01
7.548265e-01
7.574343e-01
7.574343e-01
7.578800e-01
7.578800e-01
7.580039e-01
7.580039e-01
7.583311e-01
7.583311e-01
7.584043e-01
7.584043e-01
7.585595e-01
7.585595e-01
7.587147e-01
7.587147e-01
7.588178e-01
7.588178e-01
7.593080e-01
7.593080e-01
7.596531e-01
7.596531e-01
7.631135e-01
7.631135e-01
7.635537e-01
7.635537e-01
7.644798e-01
7.644798e-01
7.647633e-01
7.662842e-01
7.662842e-01
7.665319e-01
7.665319e-01
7.681344e-01
7.681344e-01
7.690914e-01
7.693069e-01
7.693069e-01
7.693480e-01
7.693480e-01
7.712451e-01
7.712451e-01
7.717707e-01
7.717707e-01
7.728303e-01
7.728303e-01
7.733228e-01
7.733228e-01
7.741410e-01
7.741410e-01
7.746605e-01
7.746605e-01
7.755916e-01
7.756947e-01
7.756947e-01
7.774111e-01
7.774111e-01
7.787520e-01
7.787520e-01
7.788330e-01
7.800693e-01
7.800693e-01
7.813334e-01
7.813334e-01
7.816822e-01
7.816822e-01
7.818239e-01
7.818239e-01
7.830328e-01
7.886545e-01
7.886545e-01
7.893614e-01
7.895297e-01
7.895297e-01
7.907640e-01
7.907640e-01
7.908370e-01
7.917546e-01
7.917546e-01
7.927290e-01
7.927290e-01
7.929622e-01
7.929622e-01
7.932172e-01
7.938594e-01
7.938594e-01
7.939705e-01
7.939705e-01
7.939939e-01
7.939939e-01
7.943322e-01
7.959830e-01
7.959830e-01
7.973079e-01
7.973079e-01
7.973860e-01
7.973860e-01
7.979988e-01
7.979988e-01
7.994940e-01
7.994940e-01
8.002806e-01
8.002806e-01
8.012913e-01
8.012913e-01
8.023528e-01
8.023528e-01
8.023855e-01
8.062912e-01
8.062912e-01
8.077694e-01
8.090751e-01
8.090751e-01
8.091387e-01
8.091387e-01
8.096853e-01
8.096853e-01
8.102699e-01
8.102699e-01
8.119903e-01
8.119903e-01
8.167547e-01
8.177529e-01
8.177529e-01
8.184561e-01
8.184561e-01
8.186068e-01
8.186068e-01
8.190464e-01
8.190464e-01
8.193021e-01
8.193021e-01
8.197227e-01
8.197227e-01
8.197325e-01
8.197325e-01
8.209667e-01
8.210431e-01
8.210431e-01
8.217452e-01
8.217452e-01
8.221750e-01
8.221750e-01
8.222479e-01
8.222479e-01
8.238772e-01
8.238772e-01
8.239848e-01
8.239848e-01
8.247771e-01
8.247771e-01
8.265846e-01
8.283990e-01
8.283990e-01
8.296610e-01
8.296610e-01
8.308098e-01
8.308098e-01
8.318695e-01
8.318695e-01
8.328133e-01
8.328133e-01
8.344803e-01
8.344803e-01
8.352718e-01
8.352718e-01
8.373498e-01
8.373498e-01
8.389716e-01
8.389716e-01
8.410069e-01
8.410069e-01
8.418668e-01
8.418668e-01
8.476709e-01
8.476709e-01
8.480603e-01
8.480603e-01
8.493016e-01
8.500680e-01
8.500680e-01
8.505276e-01
8.505276e-01
8.505579e-01
8.507922e-01
8.507922e-01
8.522709e-01
8.522709e-01
8.563900e-01
8.564349e-01
8.564349e-01
8.588001e-01
8.618731e-01
8.618731e-01
8.624617e-01
8.624617e-01
8.629844e-01
8.629844e-01
8.635558e-01
8.635558e-01
8.689809e-01
8.689809e-01
8.693048e-01
8.697894e-01
8.697894e-01
8.711211e-01
8.711211e-01
8.711833e-01
8.711833e-01
8.730442e-01
8.730442e-01
8.742193e-01
8.742193e-01
8.758540e-01
8.758540e-01
8.759661e-01
8.759661e-01
8.815085e-01
8.849649e-01
8.910322e-01
8.910322e-01
8.924318e-01
8.924318e-01
8.932572e-01
8.932572e-01
8.956381e-01
8.956381e-01
8.967632e-01
8.967632e-01
8.969383e-01
8.969383e-01
8.992682e-01
8.992682e-01
9.035688e-01
9.035688e-01
9.076504e-01
9.076504e-01
9.084416e-01
9.098867e-01
9.098867e-01
9.110213e-01
9.110213e-01
9.146116e-01
9.146116e-01
9.177046e-01
9.177046e-01
9.226359e-01
9.226359e-01
9.233444e-01
9.233444e-01
9.238288e-01
9.238288e-01
9.251692e-01
9.251692e-01
9.252347e-01
9.252347e-01
9.268154e-01
9.268154e-01
9.270136e-01
9.270136e-01
9.282724e-01
9.282724e-01
9.287392e-01
9.287392e-01
9.294574e-01
9.294574e-01
9.342547e-01
9.343556e-01
9.387715e-01
9.411192e-01
9.411192e-01
9.421293e-01
9.421293e-01
9.450412e-01
9.450412e-01
9.452663e-01
9.452663e-01
9.494718e-01
9.494718e-01
9.503688e-01
9.503688e-01
9.546981e-01
9.546981e-01
9.596410e-01
9.596410e-01
9.639934e-01
9.639934e-01
9.762725e-01
9.762725e-01
9.861564e-01
9.861564e-01
9.885274e-01
1.000000e+00
