# SF-29 N2 candidate (i) i1 field=two_mode eps=1 N=16: sorted relative singular values of the dense central-FD Jacobian at the converged state (rows F_i=-q(L_i-S_i); outlet rows (2q/h)(vperp_in-c_perp); smax=1.312849e+04)
7.409149e-05
9.451301e-05
9.795985e-05
1.025153e-04
1.185332e-04
1.275944e-04
1.302702e-04
1.399296e-04
1.742276e-04
1.858731e-04
2.385407e-04
2.552593e-04
2.749714e-04
2.755501e-04
3.687894e-04
3.702234e-04
4.291557e-04
4.365799e-04
4.580810e-04
4.587920e-04
4.986011e-04
5.148291e-04
5.925258e-04
6.036830e-04
6.243049e-04
6.284379e-04
6.751000e-04
7.259902e-04
7.526434e-04
8.511943e-04
8.604888e-04
8.655072e-04
8.760014e-04
8.798450e-04
9.064680e-04
9.168319e-04
9.545264e-04
9.749276e-04
9.952183e-04
1.000405e-03
1.011454e-03
1.025848e-03
1.027835e-03
1.034606e-03
1.057559e-03
1.063503e-03
1.075706e-03
1.077519e-03
1.119217e-03
1.131712e-03
1.138056e-03
1.151581e-03
1.166808e-03
1.182686e-03
1.210667e-03
1.247376e-03
1.250642e-03
1.281324e-03
1.288341e-03
1.325251e-03
1.329372e-03
1.359107e-03
1.382002e-03
1.408503e-03
1.428750e-03
1.429363e-03
1.445966e-03
1.463549e-03
1.488980e-03
1.532051e-03
1.539127e-03
1.546048e-03
1.570415e-03
1.581512e-03
1.592475e-03
1.596241e-03
1.603764e-03
1.607735e-03
1.644196e-03
1.646378e-03
1.688330e-03
1.701347e-03
1.712216e-03
1.719579e-03
1.727283e-03
1.737930e-03
1.764249e-03
1.786557e-03
1.813027e-03
1.820539e-03
1.826396e-03
1.859314e-03
1.870260e-03
1.881952e-03
1.904471e-03
1.919149e-03
1.925773e-03
1.942319e-03
1.952741e-03
2.002359e-03
2.048734e-03
2.055949e-03
2.075798e-03
2.087526e-03
2.107953e-03
2.116924e-03
2.120462e-03
2.146489e-03
2.152714e-03
2.163763e-03
2.204632e-03
2.213497e-03
2.222632e-03
2.239570e-03
2.259068e-03
2.268921e-03
2.304359e-03
2.312336e-03
2.317238e-03
2.341776e-03
2.350726e-03
2.366956e-03
2.370668e-03
2.380958e-03
2.417992e-03
2.432400e-03
2.435649e-03
2.468886e-03
2.474266e-03
2.492208e-03
2.505408e-03
2.511763e-03
2.517897e-03
2.522254e-03
2.530679e-03
2.534628e-03
2.561619e-03
2.577020e-03
2.593775e-03
2.611367e-03
2.626987e-03
2.631403e-03
2.639919e-03
2.680550e-03
2.687168e-03
2.696932e-03
2.707211e-03
2.725097e-03
2.736540e-03
2.746479e-03
2.760160e-03
2.764822e-03
2.794315e-03
2.809757e-03
2.821332e-03
2.829011e-03
2.854212e-03
2.871304e-03
2.875797e-03
2.894956e-03
2.909773e-03
2.929006e-03
2.956646e-03
2.971278e-03
2.976270e-03
2.979847e-03
3.000624e-03
3.008781e-03
3.022519e-03
3.029175e-03
3.036841e-03
3.070545e-03
3.081083e-03
3.109601e-03
3.116706e-03
3.132941e-03
3.156780e-03
3.178377e-03
3.183333e-03
3.189365e-03
3.198434e-03
3.224437e-03
3.238376e-03
3.260927e-03
3.273484e-03
3.281134e-03
3.283915e-03
3.291184e-03
3.306278e-03
3.316567e-03
3.337838e-03
3.344301e-03
3.348862e-03
3.357232e-03
3.399381e-03
3.405875e-03
3.433391e-03
3.444461e-03
3.463157e-03
3.468201e-03
3.481354e-03
3.497152e-03
3.521169e-03
3.537330e-03
3.564597e-03
3.566571e-03
3.588765e-03
3.606468e-03
3.609184e-03
3.630498e-03
3.641509e-03
3.667977e-03
3.684052e-03
3.694918e-03
3.706252e-03
3.719783e-03
3.735628e-03
3.744389e-03
3.748431e-03
3.756506e-03
3.786613e-03
3.811903e-03
3.830711e-03
3.834668e-03
3.843074e-03
3.874600e-03
3.885093e-03
3.892071e-03
3.897150e-03
3.926105e-03
3.942675e-03
3.952743e-03
3.977455e-03
3.994118e-03
4.012253e-03
4.020899e-03
4.038336e-03
4.039666e-03
4.044698e-03
4.057748e-03
4.090000e-03
4.102162e-03
4.110929e-03
4.126363e-03
4.128941e-03
4.167065e-03
4.190153e-03
4.202047e-03
4.207865e-03
4.224280e-03
4.247573e-03
4.253127e-03
4.270931e-03
4.277671e-03
4.291924e-03
4.309738e-03
4.314295e-03
4.339025e-03
4.379962e-03
4.387498e-03
4.392963e-03
4.397456e-03
4.407249e-03
4.430241e-03
4.447422e-03
4.462133e-03
4.468302e-03
4.486293e-03
4.508636e-03
4.526584e-03
4.528016e-03
4.542906e-03
4.553490e-03
4.586508e-03
4.590512e-03
4.606511e-03
4.642027e-03
4.653279e-03
4.670352e-03
4.683174e-03
4.705493e-03
4.707274e-03
4.716898e-03
4.722906e-03
4.744177e-03
4.761202e-03
4.793126e-03
4.803361e-03
4.831994e-03
4.845108e-03
4.849491e-03
4.858108e-03
4.865375e-03
4.890215e-03
4.907110e-03
4.916519e-03
4.929805e-03
4.944538e-03
4.954601e-03
4.972321e-03
4.988205e-03
4.995627e-03
5.007539e-03
5.029585e-03
5.058396e-03
5.062501e-03
5.077769e-03
5.081855e-03
5.087737e-03
5.123446e-03
5.142093e-03
5.153445e-03
5.180759e-03
5.181818e-03
5.193482e-03
5.200609e-03
5.216173e-03
5.224757e-03
5.232744e-03
5.251166e-03
5.261635e-03
5.268239e-03
5.298900e-03
5.314121e-03
5.324988e-03
5.336523e-03
5.350726e-03
5.365094e-03
5.372788e-03
5.381615e-03
5.391165e-03
5.404582e-03
5.415188e-03
5.418300e-03
5.435315e-03
5.442379e-03
5.463039e-03
5.474090e-03
5.484155e-03
5.501780e-03
5.515164e-03
5.542241e-03
5.554883e-03
5.565408e-03
5.573958e-03
5.598789e-03
5.610912e-03
5.626890e-03
5.647479e-03
5.653321e-03
5.666833e-03
5.678452e-03
5.697594e-03
5.703405e-03
5.707208e-03
5.711493e-03
5.746715e-03
5.769011e-03
5.784475e-03
5.797784e-03
5.800240e-03
5.821398e-03
5.831737e-03
5.848077e-03
5.858004e-03
5.868623e-03
5.884029e-03
5.904756e-03
5.917042e-03
5.918289e-03
5.927729e-03
5.946088e-03
5.951458e-03
5.959627e-03
5.980110e-03
6.001314e-03
6.005667e-03
6.021592e-03
6.023038e-03
6.043523e-03
6.061098e-03
6.080652e-03
6.088287e-03
6.104983e-03
6.123288e-03
6.129811e-03
6.153969e-03
6.159560e-03
6.175921e-03
6.195349e-03
6.221641e-03
6.226104e-03
6.230512e-03
6.235272e-03
6.248847e-03
6.269803e-03
6.293353e-03
6.306253e-03
6.319078e-03
6.334927e-03
6.340924e-03
6.347315e-03
6.370382e-03
6.387751e-03
6.394435e-03
6.420749e-03
6.423669e-03
6.432448e-03
6.449888e-03
6.456999e-03
6.498474e-03
6.506406e-03
6.522558e-03
6.530695e-03
6.539990e-03
6.559988e-03
6.574709e-03
6.610369e-03
6.617084e-03
6.625194e-03
6.635766e-03
6.644235e-03
6.664886e-03
6.684336e-03
6.699799e-03
6.704198e-03
6.714206e-03
6.721851e-03
6.734472e-03
6.749176e-03
6.789062e-03
6.796080e-03
6.799861e-03
6.816535e-03
6.825089e-03
6.829496e-03
6.851323e-03
6.860558e-03
6.869397e-03
6.879978e-03
6.899972e-03
6.916247e-03
6.929961e-03
6.937621e-03
6.950130e-03
6.962937e-03
6.974313e-03
7.007930e-03
7.017953e-03
7.024848e-03
7.050694e-03
7.053455e-03
7.064590e-03
7.081567e-03
7.097706e-03
7.105796e-03
7.114462e-03
7.122775e-03
7.134346e-03
7.139601e-03
7.147716e-03
7.167007e-03
7.172022e-03
7.182449e-03
7.208867e-03
7.221711e-03
7.224134e-03
7.260685e-03
7.276354e-03
7.278575e-03
7.295720e-03
7.297123e-03
7.324005e-03
7.328929e-03
7.342773e-03
7.374277e-03
7.379790e-03
7.395831e-03
7.406793e-03
7.412488e-03
7.425851e-03
7.452899e-03
7.461808e-03
7.474764e-03
7.483907e-03
7.499777e-03
7.509209e-03
7.517571e-03
7.526403e-03
7.527974e-03
7.544234e-03
7.553115e-03
7.569556e-03
7.588899e-03
7.595713e-03
7.615419e-03
7.620971e-03
7.626560e-03
7.640914e-03
7.653168e-03
7.665897e-03
7.667700e-03
7.679857e-03
7.703058e-03
7.742238e-03
7.753288e-03
7.754459e-03
7.794051e-03
7.801145e-03
7.814969e-03
7.817941e-03
7.839412e-03
7.848955e-03
7.866831e-03
7.890446e-03
7.891683e-03
7.895562e-03
7.912301e-03
7.939995e-03
7.954077e-03
7.956991e-03
7.981503e-03
7.983650e-03
7.994540e-03
8.003752e-03
8.014126e-03
8.018825e-03
8.041367e-03
8.050476e-03
8.057151e-03
8.083075e-03
8.097204e-03
8.116094e-03
8.131580e-03
8.143571e-03
8.147052e-03
8.162755e-03
8.197246e-03
8.207821e-03
8.215090e-03
8.218713e-03
8.230327e-03
8.241110e-03
8.248398e-03
8.273923e-03
8.283116e-03
8.296963e-03
8.303780e-03
8.316547e-03
8.322582e-03
8.332969e-03
8.343276e-03
8.362357e-03
8.365223e-03
8.378087e-03
8.397885e-03
8.406364e-03
8.425237e-03
8.430582e-03
8.443171e-03
8.449581e-03
8.480533e-03
8.489304e-03
8.495371e-03
8.511158e-03
8.527179e-03
8.536692e-03
8.548268e-03
8.564221e-03
8.570283e-03
8.604618e-03
8.606728e-03
8.616124e-03
8.647679e-03
8.654360e-03
8.663854e-03
8.676473e-03
8.699267e-03
8.707965e-03
8.724847e-03
8.734035e-03
8.750365e-03
8.753796e-03
8.766101e-03
8.777816e-03
8.784977e-03
8.799175e-03
8.809535e-03
8.811745e-03
8.827842e-03
8.847117e-03
8.857542e-03
8.868362e-03
8.880207e-03
8.891683e-03
8.930489e-03
8.937095e-03
8.953123e-03
8.961005e-03
8.967251e-03
8.989462e-03
8.999247e-03
9.004172e-03
9.025017e-03
9.030914e-03
9.043495e-03
9.056876e-03
9.062895e-03
9.068384e-03
9.075524e-03
9.116157e-03
9.122206e-03
9.132151e-03
9.134068e-03
9.146302e-03
9.161944e-03
9.188108e-03
9.197939e-03
9.218581e-03
9.227298e-03
9.238359e-03
9.259945e-03
9.269342e-03
9.276062e-03
9.283306e-03
9.292848e-03
9.310978e-03
9.324553e-03
9.333942e-03
9.346810e-03
9.353959e-03
9.363632e-03
9.379713e-03
9.388521e-03
9.398857e-03
9.422510e-03
9.431621e-03
9.441472e-03
9.451882e-03
9.463552e-03
9.481407e-03
9.491036e-03
9.493176e-03
9.510745e-03
9.520130e-03
9.539098e-03
9.545236e-03
9.554712e-03
9.563163e-03
9.582399e-03
9.607329e-03
9.614865e-03
9.624682e-03
9.633921e-03
9.647833e-03
9.662109e-03
9.667492e-03
9.676070e-03
9.698585e-03
9.710342e-03
9.715856e-03
9.731820e-03
9.737353e-03
9.741126e-03
9.765052e-03
9.771296e-03
9.780721e-03
9.792387e-03
9.803617e-03
9.815638e-03
9.846938e-03
9.857666e-03
9.867003e-03
9.875101e-03
9.912388e-03
9.917563e-03
9.927022e-03
9.938976e-03
9.947628e-03
9.972530e-03
9.998905e-03
1.000697e-02
1.001520e-02
1.002232e-02
1.002319e-02
1.004732e-02
1.006065e-02
1.007153e-02
1.008206e-02
1.010061e-02
1.011413e-02
1.012180e-02
1.013363e-02
1.013849e-02
1.015666e-02
1.017760e-02
1.019549e-02
1.021043e-02
1.022251e-02
1.023942e-02
1.024298e-02
1.025969e-02
1.026323e-02
1.026890e-02
1.029811e-02
1.029953e-02
1.031612e-02
1.033465e-02
1.033783e-02
1.034832e-02
1.035793e-02
1.037125e-02
1.039585e-02
1.040542e-02
1.041234e-02
1.042586e-02
1.043283e-02
1.044192e-02
1.044972e-02
1.045223e-02
1.047038e-02
1.049820e-02
1.050002e-02
1.050590e-02
1.051444e-02
1.052296e-02
1.054180e-02
1.055172e-02
1.055549e-02
1.056425e-02
1.058450e-02
1.059122e-02
1.061783e-02
1.062618e-02
1.065041e-02
1.065428e-02
1.066669e-02
1.067256e-02
1.068810e-02
1.069386e-02
1.071341e-02
1.073660e-02
1.074264e-02
1.074928e-02
1.077712e-02
1.077737e-02
1.078170e-02
1.079531e-02
1.080282e-02
1.081200e-02
1.081580e-02
1.083427e-02
1.084403e-02
1.086240e-02
1.086789e-02
1.088273e-02
1.089120e-02
1.089394e-02
1.090827e-02
1.092099e-02
1.093030e-02
1.094703e-02
1.096403e-02
1.098291e-02
1.099267e-02
1.100453e-02
1.100860e-02
1.102472e-02
1.103723e-02
1.105196e-02
1.105339e-02
1.107247e-02
1.108343e-02
1.110650e-02
1.111604e-02
1.112052e-02
1.112850e-02
1.114196e-02
1.114868e-02
1.116882e-02
1.118008e-02
1.119357e-02
1.120349e-02
1.121630e-02
1.122763e-02
1.123426e-02
1.124815e-02
1.126500e-02
1.126971e-02
1.129414e-02
1.130159e-02
1.131126e-02
1.133173e-02
1.133372e-02
1.134201e-02
1.135827e-02
1.137300e-02
1.137469e-02
1.139169e-02
1.139714e-02
1.142282e-02
1.143251e-02
1.145344e-02
1.146267e-02
1.147823e-02
1.148833e-02
1.150195e-02
1.151219e-02
1.151464e-02
1.154105e-02
1.154232e-02
1.156075e-02
1.156826e-02
1.157973e-02
1.159292e-02
1.159926e-02
1.160415e-02
1.163259e-02
1.163852e-02
1.165347e-02
1.166194e-02
1.169036e-02
1.169753e-02
1.170413e-02
1.171585e-02
1.173398e-02
1.174241e-02
1.174757e-02
1.175454e-02
1.176372e-02
1.177914e-02
1.178541e-02
1.179750e-02
1.181109e-02
1.181304e-02
1.183476e-02
1.184365e-02
1.185685e-02
1.186614e-02
1.188525e-02
1.189439e-02
1.191081e-02
1.191443e-02
1.193218e-02
1.194173e-02
1.195128e-02
1.196396e-02
1.197350e-02
1.199465e-02
1.200531e-02
1.200772e-02
1.201451e-02
1.201664e-02
1.204510e-02
1.205716e-02
1.207684e-02
1.208322e-02
1.210454e-02
1.210618e-02
1.211254e-02
1.212025e-02
1.213553e-02
1.214512e-02
1.215456e-02
1.217237e-02
1.218435e-02
1.218493e-02
1.221321e-02
1.221435e-02
1.222136e-02
1.222628e-02
1.224146e-02
1.225278e-02
1.227308e-02
1.228188e-02
1.228720e-02
1.229513e-02
1.230309e-02
1.231603e-02
1.232167e-02
1.233695e-02
1.234451e-02
1.236825e-02
1.238498e-02
1.238969e-02
1.239541e-02
1.242097e-02
1.242311e-02
1.243491e-02
1.244059e-02
1.245019e-02
1.245495e-02
1.246991e-02
1.249162e-02
1.251713e-02
1.252024e-02
1.252320e-02
1.253114e-02
1.254316e-02
1.255422e-02
1.256908e-02
1.257415e-02
1.259004e-02
1.259414e-02
1.260733e-02
1.261686e-02
1.261872e-02
1.263115e-02
1.264457e-02
1.265760e-02
1.266834e-02
1.267741e-02
1.268838e-02
1.270248e-02
1.271471e-02
1.272541e-02
1.273604e-02
1.274109e-02
1.275398e-02
1.278198e-02
1.279372e-02
1.281360e-02
1.282215e-02
1.284678e-02
1.285085e-02
1.286665e-02
1.288040e-02
1.288579e-02
1.289292e-02
1.290264e-02
1.290950e-02
1.292724e-02
1.293536e-02
1.295279e-02
1.295800e-02
1.296874e-02
1.297053e-02
1.298855e-02
1.299778e-02
1.300445e-02
1.301282e-02
1.303944e-02
1.304381e-02
1.306703e-02
1.307179e-02
1.307839e-02
1.309494e-02
1.309842e-02
1.310716e-02
1.312402e-02
1.313567e-02
1.314136e-02
1.315173e-02
1.315946e-02
1.318152e-02
1.318760e-02
1.319583e-02
1.320993e-02
1.321440e-02
1.322083e-02
1.323914e-02
1.325865e-02
1.326058e-02
1.328052e-02
1.328829e-02
1.329987e-02
1.330084e-02
1.331606e-02
1.332646e-02
1.334604e-02
1.336723e-02
1.337399e-02
1.337664e-02
1.338466e-02
1.339100e-02
1.340742e-02
1.341909e-02
1.345343e-02
1.345955e-02
1.346130e-02
1.346930e-02
1.348267e-02
1.348395e-02
1.349201e-02
1.349836e-02
1.351804e-02
1.353212e-02
1.353742e-02
1.353872e-02
1.356517e-02
1.356948e-02
1.357962e-02
1.359927e-02
1.360929e-02
1.362203e-02
1.363138e-02
1.363915e-02
1.364751e-02
1.365248e-02
1.367009e-02
1.367684e-02
1.369569e-02
1.369928e-02
1.370758e-02
1.373893e-02
1.374378e-02
1.375131e-02
1.375532e-02
1.376406e-02
1.377682e-02
1.377856e-02
1.378619e-02
1.378667e-02
1.382373e-02
1.383655e-02
1.384494e-02
1.385178e-02
1.385797e-02
1.388034e-02
1.388546e-02
1.390844e-02
1.391084e-02
1.391977e-02
1.393074e-02
1.396419e-02
1.397760e-02
1.398869e-02
1.399373e-02
1.400681e-02
1.401076e-02
1.402261e-02
1.403769e-02
1.404611e-02
1.405837e-02
1.405883e-02
1.407863e-02
1.408176e-02
1.409544e-02
1.410490e-02
1.411669e-02
1.413376e-02
1.414881e-02
1.416948e-02
1.418575e-02
1.418809e-02
1.419709e-02
1.421385e-02
1.421669e-02
1.423535e-02
1.424916e-02
1.426132e-02
1.427131e-02
1.427584e-02
1.427963e-02
1.429147e-02
1.429840e-02
1.430027e-02
1.430543e-02
1.433614e-02
1.435120e-02
1.435440e-02
1.436439e-02
1.436885e-02
1.437285e-02
1.439296e-02
1.439683e-02
1.441837e-02
1.443528e-02
1.443887e-02
1.445528e-02
1.446221e-02
1.449134e-02
1.449914e-02
1.450634e-02
1.451617e-02
1.452825e-02
1.454143e-02
1.455123e-02
1.456454e-02
1.457340e-02
1.457497e-02
1.458404e-02
1.460522e-02
1.461013e-02
1.462011e-02
1.463454e-02
1.463693e-02
1.466393e-02
1.466603e-02
1.467342e-02
1.468958e-02
1.470405e-02
1.471686e-02
1.473113e-02
1.474475e-02
1.476247e-02
1.476870e-02
1.477927e-02
1.478428e-02
1.480524e-02
1.481517e-02
1.482294e-02
1.484421e-02
1.485019e-02
1.487894e-02
1.488338e-02
1.489988e-02
1.490862e-02
1.491866e-02
1.493021e-02
1.495349e-02
1.496147e-02
1.496792e-02
1.497721e-02
1.498840e-02
1.500289e-02
1.500960e-02
1.502278e-02
1.502610e-02
1.503732e-02
1.504776e-02
1.506452e-02
1.507097e-02
1.507847e-02
1.508243e-02
1.509282e-02
1.510443e-02
1.511889e-02
1.512956e-02
1.514316e-02
1.515304e-02
1.516817e-02
1.517189e-02
1.518116e-02
1.519752e-02
1.520826e-02
1.522876e-02
1.523899e-02
1.525308e-02
1.527330e-02
1.528969e-02
1.529454e-02
1.530329e-02
1.531098e-02
1.532539e-02
1.534291e-02
1.534650e-02
1.535068e-02
1.537037e-02
1.538012e-02
1.539349e-02
1.540052e-02
1.541496e-02
1.542615e-02
1.543254e-02
1.544332e-02
1.544442e-02
1.545268e-02
1.545837e-02
1.547656e-02
1.549747e-02
1.550475e-02
1.553642e-02
1.554686e-02
1.556058e-02
1.556375e-02
1.556717e-02
1.559151e-02
1.559363e-02
1.559793e-02
1.561586e-02
1.562635e-02
1.563668e-02
1.564035e-02
1.565084e-02
1.566032e-02
1.567457e-02
1.568483e-02
1.569683e-02
1.570338e-02
1.571036e-02
1.571910e-02
1.573404e-02
1.573679e-02
1.574255e-02
1.574538e-02
1.575916e-02
1.577370e-02
1.579450e-02
1.580103e-02
1.581825e-02
1.583648e-02
1.585817e-02
1.586596e-02
1.587045e-02
1.587756e-02
1.589443e-02
1.590377e-02
1.591235e-02
1.592690e-02
1.593355e-02
1.593514e-02
1.596344e-02
1.597905e-02
1.599447e-02
1.599997e-02
1.601713e-02
1.603018e-02
1.604250e-02
1.605358e-02
1.605775e-02
1.607622e-02
1.607962e-02
1.608885e-02
1.610188e-02
1.610543e-02
1.612843e-02
1.615111e-02
1.616842e-02
1.617138e-02
1.617724e-02
1.619396e-02
1.620184e-02
1.621355e-02
1.623264e-02
1.624523e-02
1.625218e-02
1.625616e-02
1.626772e-02
1.627959e-02
1.628849e-02
1.630455e-02
1.631225e-02
1.631754e-02
1.632734e-02
1.634316e-02
1.635501e-02
1.635549e-02
1.636806e-02
1.638878e-02
1.641509e-02
1.642063e-02
1.643090e-02
1.643788e-02
1.644427e-02
1.645966e-02
1.646959e-02
1.648742e-02
1.649442e-02
1.650419e-02
1.650986e-02
1.652350e-02
1.652955e-02
1.654505e-02
1.655752e-02
1.656856e-02
1.657366e-02
1.658762e-02
1.659848e-02
1.661092e-02
1.661480e-02
1.661536e-02
1.662621e-02
1.664731e-02
1.665996e-02
1.667330e-02
1.669495e-02
1.669941e-02
1.671405e-02
1.672445e-02
1.672800e-02
1.674301e-02
1.676011e-02
1.678869e-02
1.679304e-02
1.680396e-02
1.680933e-02
1.682737e-02
1.683745e-02
1.685152e-02
1.686590e-02
1.687858e-02
1.688401e-02
1.689597e-02
1.690466e-02
1.691824e-02
1.693052e-02
1.693388e-02
1.694918e-02
1.695133e-02
1.697865e-02
1.698360e-02
1.699706e-02
1.700878e-02
1.702624e-02
1.703493e-02
1.704360e-02
1.705588e-02
1.705721e-02
1.707192e-02
1.708003e-02
1.708909e-02
1.710237e-02
1.711355e-02
1.712135e-02
1.714719e-02
1.714896e-02
1.715954e-02
1.719495e-02
1.719681e-02
1.721356e-02
1.721857e-02
1.723556e-02
1.723853e-02
1.725361e-02
1.725952e-02
1.726305e-02
1.728100e-02
1.728991e-02
1.729762e-02
1.730899e-02
1.731606e-02
1.732667e-02
1.733684e-02
1.735010e-02
1.736281e-02
1.737005e-02
1.738922e-02
1.741543e-02
1.742901e-02
1.743764e-02
1.744631e-02
1.744927e-02
1.746361e-02
1.747494e-02
1.748297e-02
1.749511e-02
1.749833e-02
1.750375e-02
1.751534e-02
1.752885e-02
1.753486e-02
1.755797e-02
1.755979e-02
1.757642e-02
1.758689e-02
1.759433e-02
1.760076e-02
1.761715e-02
1.763998e-02
1.764815e-02
1.766544e-02
1.767287e-02
1.767973e-02
1.769146e-02
1.770978e-02
1.773279e-02
1.774061e-02
1.775568e-02
1.777266e-02
1.778798e-02
1.779300e-02
1.780444e-02
1.781480e-02
1.782454e-02
1.784016e-02
1.784951e-02
1.786050e-02
1.787138e-02
1.788423e-02
1.789843e-02
1.790519e-02
1.792252e-02
1.793170e-02
1.793894e-02
1.794873e-02
1.796602e-02
1.797303e-02
1.798651e-02
1.799166e-02
1.800111e-02
1.803290e-02
1.804208e-02
1.806056e-02
1.808106e-02
1.808312e-02
1.809646e-02
1.810280e-02
1.812218e-02
1.813780e-02
1.814382e-02
1.815247e-02
1.816156e-02
1.816819e-02
1.818641e-02
1.819479e-02
1.822490e-02
1.823454e-02
1.823969e-02
1.825295e-02
1.826312e-02
1.827072e-02
1.829042e-02
1.829328e-02
1.830856e-02
1.831483e-02
1.833606e-02
1.833985e-02
1.834270e-02
1.835480e-02
1.837142e-02
1.839190e-02
1.840565e-02
1.841865e-02
1.844131e-02
1.845000e-02
1.846990e-02
1.848842e-02
1.850158e-02
1.851405e-02
1.852169e-02
1.852867e-02
1.853489e-02
1.855719e-02
1.856370e-02
1.856446e-02
1.858968e-02
1.859443e-02
1.860165e-02
1.861801e-02
1.864221e-02
1.864780e-02
1.865995e-02
1.866912e-02
1.868325e-02
1.870338e-02
1.870932e-02
1.871651e-02
1.872556e-02
1.874386e-02
1.875307e-02
1.876293e-02
1.877166e-02
1.878160e-02
1.879455e-02
1.880369e-02
1.881604e-02
1.882177e-02
1.883833e-02
1.884988e-02
1.886839e-02
1.888236e-02
1.890415e-02
1.891259e-02
1.892657e-02
1.893433e-02
1.894811e-02
1.897958e-02
1.899499e-02
1.900150e-02
1.900917e-02
1.903561e-02
1.904164e-02
1.905471e-02
1.907084e-02
1.908139e-02
1.908673e-02
1.909607e-02
1.910393e-02
1.911622e-02
1.913027e-02
1.914368e-02
1.915150e-02
1.915849e-02
1.917619e-02
1.919101e-02
1.919389e-02
1.921468e-02
1.921596e-02
1.922455e-02
1.924852e-02
1.926357e-02
1.928044e-02
1.929144e-02
1.930036e-02
1.931161e-02
1.932126e-02
1.934039e-02
1.935475e-02
1.935637e-02
1.936499e-02
1.938511e-02
1.939463e-02
1.939926e-02
1.942002e-02
1.943523e-02
1.944932e-02
1.946010e-02
1.946278e-02
1.946754e-02
1.949341e-02
1.949723e-02
1.950283e-02
1.951631e-02
1.952272e-02
1.952747e-02
1.954990e-02
1.956708e-02
1.958975e-02
1.960619e-02
1.960840e-02
1.963663e-02
1.965058e-02
1.965867e-02
1.966953e-02
1.968076e-02
1.969054e-02
1.969788e-02
1.971980e-02
1.973459e-02
1.974380e-02
1.975286e-02
1.975610e-02
1.976729e-02
1.978497e-02
1.979532e-02
1.979833e-02
1.981740e-02
1.984196e-02
1.985000e-02
1.985533e-02
1.986496e-02
1.987519e-02
1.988691e-02
1.990338e-02
1.992367e-02
1.993298e-02
1.993920e-02
1.995339e-02
1.998132e-02
2.000268e-02
2.000973e-02
2.002391e-02
2.003331e-02
2.004567e-02
2.005464e-02
2.005810e-02
2.008818e-02
2.009403e-02
2.011368e-02
2.011662e-02
2.013194e-02
2.014789e-02
2.015151e-02
2.016213e-02
2.018984e-02
2.020011e-02
2.022201e-02
2.022817e-02
2.023361e-02
2.023648e-02
2.025405e-02
2.025488e-02
2.029108e-02
2.029781e-02
2.032438e-02
2.033243e-02
2.034112e-02
2.034826e-02
2.036212e-02
2.037350e-02
2.038707e-02
2.040954e-02
2.041639e-02
2.042683e-02
2.043095e-02
2.044642e-02
2.046328e-02
2.046385e-02
2.048719e-02
2.049329e-02
2.049571e-02
2.050988e-02
2.053358e-02
2.054009e-02
2.055067e-02
2.056843e-02
2.057769e-02
2.058183e-02
2.060118e-02
2.060593e-02
2.061396e-02
2.061682e-02
2.063014e-02
2.064046e-02
2.067659e-02
2.069435e-02
2.069911e-02
2.070937e-02
2.072821e-02
2.073610e-02
2.074328e-02
2.077661e-02
2.078059e-02
2.080201e-02
2.081531e-02
2.083407e-02
2.084587e-02
2.085252e-02
2.086120e-02
2.087275e-02
2.088337e-02
2.088608e-02
2.089450e-02
2.089924e-02
2.091608e-02
2.092434e-02
2.094571e-02
2.094704e-02
2.096277e-02
2.096895e-02
2.098604e-02
2.099600e-02
2.100785e-02
2.101689e-02
2.102789e-02
2.103461e-02
2.105508e-02
2.106423e-02
2.107823e-02
2.109242e-02
2.110537e-02
2.111529e-02
2.112740e-02
2.113320e-02
2.115146e-02
2.115409e-02
2.116033e-02
2.117084e-02
2.117894e-02
2.119515e-02
2.119982e-02
2.120445e-02
2.120843e-02
2.123389e-02
2.124299e-02
2.125001e-02
2.126708e-02
2.127102e-02
2.127934e-02
2.129816e-02
2.130779e-02
2.132151e-02
2.132901e-02
2.134265e-02
2.134543e-02
2.135216e-02
2.136423e-02
2.138358e-02
2.139092e-02
2.141419e-02
2.142130e-02
2.143293e-02
2.144076e-02
2.144903e-02
2.145634e-02
2.147676e-02
2.149155e-02
2.149503e-02
2.151431e-02
2.152310e-02
2.152783e-02
2.153405e-02
2.154231e-02
2.154853e-02
2.156685e-02
2.157358e-02
2.159709e-02
2.160440e-02
2.160558e-02
2.161540e-02
2.162610e-02
2.164583e-02
2.166633e-02
2.167839e-02
2.169762e-02
2.170153e-02
2.171439e-02
2.172520e-02
2.174049e-02
2.175324e-02
2.175634e-02
2.176269e-02
2.179107e-02
2.180247e-02
2.180940e-02
2.181864e-02
2.182093e-02
2.184016e-02
2.185199e-02
2.185941e-02
2.187372e-02
2.188828e-02
2.189463e-02
2.191500e-02
2.192053e-02
2.194460e-02
2.196206e-02
2.196494e-02
2.197540e-02
2.199460e-02
2.199766e-02
2.201238e-02
2.201535e-02
2.201994e-02
2.203066e-02
2.204973e-02
2.205598e-02
2.209113e-02
2.209671e-02
2.211110e-02
2.211253e-02
2.212138e-02
2.213885e-02
2.214272e-02
2.215428e-02
2.215974e-02
2.217144e-02
2.219303e-02
2.219657e-02
2.220795e-02
2.222119e-02
2.224164e-02
2.225479e-02
2.226763e-02
2.227862e-02
2.228514e-02
2.230602e-02
2.231111e-02
2.232292e-02
2.233171e-02
2.234763e-02
2.236301e-02
2.237564e-02
2.238161e-02
2.239902e-02
2.241437e-02
2.242860e-02
2.243533e-02
2.244038e-02
2.245742e-02
2.246875e-02
2.247763e-02
2.248679e-02
2.249533e-02
2.250325e-02
2.252453e-02
2.253318e-02
2.254691e-02
2.255195e-02
2.257370e-02
2.258366e-02
2.259005e-02
2.260120e-02
2.260924e-02
2.263956e-02
2.264155e-02
2.266299e-02
2.267230e-02
2.268768e-02
2.269223e-02
2.270527e-02
2.272378e-02
2.274677e-02
2.274792e-02
2.276967e-02
2.277973e-02
2.279386e-02
2.279801e-02
2.281196e-02
2.282577e-02
2.284358e-02
2.286080e-02
2.288736e-02
2.291118e-02
2.291622e-02
2.291952e-02
2.292532e-02
2.294191e-02
2.295300e-02
2.295782e-02
2.296555e-02
2.298527e-02
2.298997e-02
2.300065e-02
2.301451e-02
2.302734e-02
2.303405e-02
2.304636e-02
2.306541e-02
2.308173e-02
2.308789e-02
2.311045e-02
2.313675e-02
2.314396e-02
2.314972e-02
2.315911e-02
2.316282e-02
2.317280e-02
2.318246e-02
2.318900e-02
2.321106e-02
2.323401e-02
2.324264e-02
2.326027e-02
2.327736e-02
2.328163e-02
2.329460e-02
2.330047e-02
2.332739e-02
2.334478e-02
2.335489e-02
2.336323e-02
2.338224e-02
2.339135e-02
2.339649e-02
2.340011e-02
2.343648e-02
2.344267e-02
2.345687e-02
2.346810e-02
2.348520e-02
2.350345e-02
2.351156e-02
2.352302e-02
2.353535e-02
2.354997e-02
2.356048e-02
2.358163e-02
2.361051e-02
2.362930e-02
2.364340e-02
2.365525e-02
2.366717e-02
2.367829e-02
2.369872e-02
2.370754e-02
2.372226e-02
2.372584e-02
2.375670e-02
2.376540e-02
2.378302e-02
2.380592e-02
2.381539e-02
2.382559e-02
2.384496e-02
2.385118e-02
2.386653e-02
2.387445e-02
2.387495e-02
2.390874e-02
2.392356e-02
2.392678e-02
2.393094e-02
2.394776e-02
2.395715e-02
2.397597e-02
2.398306e-02
2.398975e-02
2.402365e-02
2.404213e-02
2.408049e-02
2.408479e-02
2.412534e-02
2.413624e-02
2.414050e-02
2.414430e-02
2.416594e-02
2.418688e-02
2.419176e-02
2.420505e-02
2.422504e-02
2.422682e-02
2.424923e-02
2.426340e-02
2.426984e-02
2.430369e-02
2.430532e-02
2.431813e-02
2.433344e-02
2.434136e-02
2.435407e-02
2.436534e-02
2.438491e-02
2.439358e-02
2.441079e-02
2.442186e-02
2.445725e-02
2.446365e-02
2.448039e-02
2.449860e-02
2.450818e-02
2.451771e-02
2.454802e-02
2.455107e-02
2.455634e-02
2.456842e-02
2.457477e-02
2.458959e-02
2.460986e-02
2.462269e-02
2.464464e-02
2.465535e-02
2.467860e-02
2.469635e-02
2.469897e-02
2.472015e-02
2.473204e-02
2.474158e-02
2.476000e-02
2.476973e-02
2.477939e-02
2.481516e-02
2.483299e-02
2.484273e-02
2.484579e-02
2.486269e-02
2.487112e-02
2.487556e-02
2.489855e-02
2.490772e-02
2.491562e-02
2.492692e-02
2.493982e-02
2.495952e-02
2.497071e-02
2.497852e-02
2.499404e-02
2.500817e-02
2.502504e-02
2.503681e-02
2.505164e-02
2.505864e-02
2.507195e-02
2.509470e-02
2.510117e-02
2.511621e-02
2.512535e-02
2.512962e-02
2.514078e-02
2.517952e-02
2.520064e-02
2.520390e-02
2.521740e-02
2.524559e-02
2.525295e-02
2.525812e-02
2.526846e-02
2.527720e-02
2.529429e-02
2.531285e-02
2.533187e-02
2.535009e-02
2.535768e-02
2.536935e-02
2.537467e-02
2.538403e-02
2.539113e-02
2.541216e-02
2.542066e-02
2.542964e-02
2.544698e-02
2.547979e-02
2.548566e-02
2.549359e-02
2.551184e-02
2.553085e-02
2.554401e-02
2.555261e-02
2.555478e-02
2.557685e-02
2.558758e-02
2.559675e-02
2.560767e-02
2.563046e-02
2.563800e-02
2.565067e-02
2.565465e-02
2.567988e-02
2.569065e-02
2.571831e-02
2.572055e-02
2.573881e-02
2.574991e-02
2.576528e-02
2.577514e-02
2.578629e-02
2.579370e-02
2.580404e-02
2.581365e-02
2.582851e-02
2.585005e-02
2.585480e-02
2.586601e-02
2.587449e-02
2.590164e-02
2.591569e-02
2.592098e-02
2.593265e-02
2.596757e-02
2.597795e-02
2.598834e-02
2.599427e-02
2.600690e-02
2.601693e-02
2.605467e-02
2.607669e-02
2.609581e-02
2.611007e-02
2.612373e-02
2.613161e-02
2.613349e-02
2.616059e-02
2.617694e-02
2.619173e-02
2.620803e-02
2.621678e-02
2.622885e-02
2.623814e-02
2.625715e-02
2.626875e-02
2.627947e-02
2.630089e-02
2.632048e-02
2.632923e-02
2.634458e-02
2.635505e-02
2.636914e-02
2.638435e-02
2.639038e-02
2.640876e-02
2.641299e-02
2.645154e-02
2.646952e-02
2.648333e-02
2.649561e-02
2.650584e-02
2.651590e-02
2.654038e-02
2.654752e-02
2.656469e-02
2.660587e-02
2.661248e-02
2.663555e-02
2.664143e-02
2.664450e-02
2.665633e-02
2.668509e-02
2.669981e-02
2.670863e-02
2.671126e-02
2.672150e-02
2.673933e-02
2.674968e-02
2.675795e-02
2.676674e-02
2.678544e-02
2.679788e-02
2.680327e-02
2.680721e-02
2.683055e-02
2.684838e-02
2.685660e-02
2.686639e-02
2.688379e-02
2.689680e-02
2.691432e-02
2.693018e-02
2.693819e-02
2.696279e-02
2.697819e-02
2.699077e-02
2.700316e-02
2.701508e-02
2.703583e-02
2.704609e-02
2.705459e-02
2.707402e-02
2.708519e-02
2.709631e-02
2.714066e-02
2.715584e-02
2.715895e-02
2.715991e-02
2.718371e-02
2.719731e-02
2.720078e-02
2.720517e-02
2.722951e-02
2.724080e-02
2.724099e-02
2.726664e-02
2.727680e-02
2.729531e-02
2.731315e-02
2.732680e-02
2.733870e-02
2.735727e-02
2.736822e-02
2.738778e-02
2.739690e-02
2.739941e-02
2.742185e-02
2.743671e-02
2.744871e-02
2.745867e-02
2.748514e-02
2.749970e-02
2.750860e-02
2.752271e-02
2.753163e-02
2.755116e-02
2.756117e-02
2.758318e-02
2.760855e-02
2.761868e-02
2.762550e-02
2.764120e-02
2.767110e-02
2.767889e-02
2.768863e-02
2.771958e-02
2.774087e-02
2.774990e-02
2.776388e-02
2.778072e-02
2.779814e-02
2.781577e-02
2.782992e-02
2.784285e-02
2.784351e-02
2.785998e-02
2.787267e-02
2.788835e-02
2.791088e-02
2.792401e-02
2.794836e-02
2.795657e-02
2.797874e-02
2.800248e-02
2.802061e-02
2.803581e-02
2.803979e-02
2.804617e-02
2.805629e-02
2.806281e-02
2.807821e-02
2.810536e-02
2.813640e-02
2.813795e-02
2.815074e-02
2.815735e-02
2.818772e-02
2.820554e-02
2.821205e-02
2.821896e-02
2.824139e-02
2.826866e-02
2.827302e-02
2.829162e-02
2.830804e-02
2.831793e-02
2.834597e-02
2.835131e-02
2.837673e-02
2.838643e-02
2.839177e-02
2.840357e-02
2.842135e-02
2.843860e-02
2.844703e-02
2.845162e-02
2.846033e-02
2.847916e-02
2.849490e-02
2.851375e-02
2.851907e-02
2.854403e-02
2.855550e-02
2.856580e-02
2.858789e-02
2.859994e-02
2.861330e-02
2.862342e-02
2.863276e-02
2.864875e-02
2.866289e-02
2.867395e-02
2.870668e-02
2.871158e-02
2.873378e-02
2.874411e-02
2.875639e-02
2.878682e-02
2.879556e-02
2.881253e-02
2.882172e-02
2.882946e-02
2.883631e-02
2.886239e-02
2.888080e-02
2.889138e-02
2.889195e-02
2.891079e-02
2.892216e-02
2.896379e-02
2.897018e-02
2.899882e-02
2.900874e-02
2.901448e-02
2.901792e-02
2.903366e-02
2.903772e-02
2.907718e-02
2.908182e-02
2.908717e-02
2.909507e-02
2.910700e-02
2.914047e-02
2.916201e-02
2.916820e-02
2.919243e-02
2.919580e-02
2.919935e-02
2.920559e-02
2.922630e-02
2.924520e-02
2.925163e-02
2.927518e-02
2.928891e-02
2.930631e-02
2.931687e-02
2.933009e-02
2.934293e-02
2.936103e-02
2.938318e-02
2.940146e-02
2.940341e-02
2.940840e-02
2.943570e-02
2.944811e-02
2.946929e-02
2.947246e-02
2.949677e-02
2.950597e-02
2.951627e-02
2.953320e-02
2.953890e-02
2.956766e-02
2.957549e-02
2.959353e-02
2.960232e-02
2.961428e-02
2.961892e-02
2.964202e-02
2.964783e-02
2.966521e-02
2.968567e-02
2.969881e-02
2.971783e-02
2.972538e-02
2.973719e-02
2.975839e-02
2.977974e-02
2.978831e-02
2.979569e-02
2.980841e-02
2.981769e-02
2.982605e-02
2.983640e-02
2.986968e-02
2.990629e-02
2.992384e-02
2.992764e-02
2.994446e-02
2.996515e-02
2.997043e-02
2.998188e-02
3.000428e-02
3.001111e-02
3.001805e-02
3.003133e-02
3.006441e-02
3.007327e-02
3.007648e-02
3.007872e-02
3.011868e-02
3.012329e-02
3.013889e-02
3.014606e-02
3.016997e-02
3.018186e-02
3.019022e-02
3.019602e-02
3.020915e-02
3.024577e-02
3.026003e-02
3.027571e-02
3.028050e-02
3.030047e-02
3.032401e-02
3.034761e-02
3.035365e-02
3.036773e-02
3.038045e-02
3.039126e-02
3.039437e-02
3.040395e-02
3.042680e-02
3.042966e-02
3.043912e-02
3.044932e-02
3.045636e-02
3.047172e-02
3.048328e-02
3.049904e-02
3.052932e-02
3.054725e-02
3.055768e-02
3.056326e-02
3.057616e-02
3.060484e-02
3.061230e-02
3.061703e-02
3.062669e-02
3.062972e-02
3.064431e-02
3.065550e-02
3.067204e-02
3.068708e-02
3.069982e-02
3.070553e-02
3.073266e-02
3.073848e-02
3.075755e-02
3.078305e-02
3.079644e-02
3.080676e-02
3.081353e-02
3.083362e-02
3.084998e-02
3.085672e-02
3.087150e-02
3.088923e-02
3.089348e-02
3.091221e-02
3.093975e-02
3.096748e-02
3.097647e-02
3.098182e-02
3.100927e-02
3.101285e-02
3.105010e-02
3.105592e-02
3.106832e-02
3.107333e-02
3.109320e-02
3.110020e-02
3.112456e-02
3.113846e-02
3.115355e-02
3.116366e-02
3.117580e-02
3.119380e-02
3.120341e-02
3.121993e-02
3.122880e-02
3.125047e-02
3.126709e-02
3.128646e-02
3.129551e-02
3.130022e-02
3.131369e-02
3.132281e-02
3.135463e-02
3.136425e-02
3.137925e-02
3.140842e-02
3.141927e-02
3.142846e-02
3.144172e-02
3.145533e-02
3.147691e-02
3.148580e-02
3.151556e-02
3.153372e-02
3.155370e-02
3.155838e-02
3.156177e-02
3.157420e-02
3.160676e-02
3.161725e-02
3.162858e-02
3.164355e-02
3.167683e-02
3.169300e-02
3.172049e-02
3.173123e-02
3.174136e-02
3.177705e-02
3.178629e-02
3.181251e-02
3.183256e-02
3.183586e-02
3.185198e-02
3.185788e-02
3.187032e-02
3.188886e-02
3.189854e-02
3.191183e-02
3.193544e-02
3.194173e-02
3.197534e-02
3.198386e-02
3.200665e-02
3.201670e-02
3.204016e-02
3.205105e-02
3.206978e-02
3.210068e-02
3.211087e-02
3.212409e-02
3.213644e-02
3.215440e-02
3.217465e-02
3.217918e-02
3.219947e-02
3.220791e-02
3.223434e-02
3.228331e-02
3.229427e-02
3.230458e-02
3.232949e-02
3.234643e-02
3.235670e-02
3.238270e-02
3.240383e-02
3.240890e-02
3.242221e-02
3.243531e-02
3.246333e-02
3.246870e-02
3.251969e-02
3.253887e-02
3.254141e-02
3.254672e-02
3.257479e-02
3.257991e-02
3.259078e-02
3.260345e-02
3.262536e-02
3.263862e-02
3.265219e-02
3.267178e-02
3.269496e-02
3.271855e-02
3.274243e-02
3.276333e-02
3.277063e-02
3.278823e-02
3.281181e-02
3.282972e-02
3.283586e-02
3.286075e-02
3.287877e-02
3.289360e-02
3.291140e-02
3.292124e-02
3.293993e-02
3.295241e-02
3.296302e-02
3.298664e-02
3.300609e-02
3.300981e-02
3.301471e-02
3.304834e-02
3.306653e-02
3.308875e-02
3.309971e-02
3.311707e-02
3.312757e-02
3.314180e-02
3.316246e-02
3.317143e-02
3.318357e-02
3.319466e-02
3.322700e-02
3.323513e-02
3.325027e-02
3.325437e-02
3.327753e-02
3.329300e-02
3.330747e-02
3.332444e-02
3.333473e-02
3.335949e-02
3.337172e-02
3.338316e-02
3.341520e-02
3.343083e-02
3.345512e-02
3.346389e-02
3.347625e-02
3.348832e-02
3.349578e-02
3.351870e-02
3.355038e-02
3.356994e-02
3.359263e-02
3.359925e-02
3.361251e-02
3.363181e-02
3.364188e-02
3.366142e-02
3.368627e-02
3.370359e-02
3.371316e-02
3.374898e-02
3.376671e-02
3.378664e-02
3.381269e-02
3.381996e-02
3.382913e-02
3.384556e-02
3.386018e-02
3.387456e-02
3.388809e-02
3.392249e-02
3.394397e-02
3.395953e-02
3.397662e-02
3.397950e-02
3.400657e-02
3.402530e-02
3.403987e-02
3.407669e-02
3.408291e-02
3.410351e-02
3.411501e-02
3.411973e-02
3.414247e-02
3.415684e-02
3.418850e-02
3.419514e-02
3.420167e-02
3.422902e-02
3.423130e-02
3.425746e-02
3.427335e-02
3.428607e-02
3.431237e-02
3.431730e-02
3.433352e-02
3.435734e-02
3.437858e-02
3.439502e-02
3.441334e-02
3.445493e-02
3.447795e-02
3.448011e-02
3.449499e-02
3.450395e-02
3.452172e-02
3.453129e-02
3.455851e-02
3.459503e-02
3.461138e-02
3.462828e-02
3.463429e-02
3.465165e-02
3.467097e-02
3.468762e-02
3.470666e-02
3.472501e-02
3.474287e-02
3.475025e-02
3.476811e-02
3.477491e-02
3.477956e-02
3.480256e-02
3.481740e-02
3.482618e-02
3.485034e-02
3.487099e-02
3.488935e-02
3.490103e-02
3.491745e-02
3.493828e-02
3.495459e-02
3.496083e-02
3.497679e-02
3.498740e-02
3.500875e-02
3.502720e-02
3.503219e-02
3.504390e-02
3.505156e-02
3.508100e-02
3.510321e-02
3.510949e-02
3.512499e-02
3.514038e-02
3.517162e-02
3.517795e-02
3.520219e-02
3.521837e-02
3.523479e-02
3.525995e-02
3.526848e-02
3.528306e-02
3.531548e-02
3.532672e-02
3.534287e-02
3.536427e-02
3.537109e-02
3.538809e-02
3.540073e-02
3.540742e-02
3.542257e-02
3.544978e-02
3.546390e-02
3.547323e-02
3.548333e-02
3.549609e-02
3.551056e-02
3.553096e-02
3.554787e-02
3.558105e-02
3.558814e-02
3.560096e-02
3.563697e-02
3.565477e-02
3.568543e-02
3.568936e-02
3.572209e-02
3.572735e-02
3.574548e-02
3.577437e-02
3.579345e-02
3.580981e-02
3.583059e-02
3.584898e-02
3.585811e-02
3.586523e-02
3.590121e-02
3.590512e-02
3.592265e-02
3.594614e-02
3.595287e-02
3.597318e-02
3.597810e-02
3.600148e-02
3.600804e-02
3.602080e-02
3.602947e-02
3.604931e-02
3.606168e-02
3.607335e-02
3.611581e-02
3.612936e-02
3.614991e-02
3.616775e-02
3.618729e-02
3.620775e-02
3.621900e-02
3.623184e-02
3.623917e-02
3.627400e-02
3.628414e-02
3.630959e-02
3.631903e-02
3.633069e-02
3.633464e-02
3.637383e-02
3.637794e-02
3.639565e-02
3.640690e-02
3.643144e-02
3.644663e-02
3.646308e-02
3.647890e-02
3.648526e-02
3.652509e-02
3.655671e-02
3.657534e-02
3.658028e-02
3.660748e-02
3.661812e-02
3.663352e-02
3.663865e-02
3.664951e-02
3.665973e-02
3.669509e-02
3.670983e-02
3.671595e-02
3.674474e-02
3.675046e-02
3.676354e-02
3.680090e-02
3.682078e-02
3.682926e-02
3.684886e-02
3.685112e-02
3.686616e-02
3.688997e-02
3.689454e-02
3.692190e-02
3.693570e-02
3.695484e-02
3.696123e-02
3.696422e-02
3.699697e-02
3.703063e-02
3.704192e-02
3.706262e-02
3.709200e-02
3.709649e-02
3.711321e-02
3.713381e-02
3.714681e-02
3.720194e-02
3.721738e-02
3.722715e-02
3.724851e-02
3.725161e-02
3.726854e-02
3.728337e-02
3.730553e-02
3.732724e-02
3.733035e-02
3.735412e-02
3.738009e-02
3.740280e-02
3.740750e-02
3.742565e-02
3.743159e-02
3.745087e-02
3.746862e-02
3.748067e-02
3.749240e-02
3.753202e-02
3.753921e-02
3.755609e-02
3.756729e-02
3.757065e-02
3.759062e-02
3.761574e-02
3.764049e-02
3.765484e-02
3.766126e-02
3.768819e-02
3.770130e-02
3.773653e-02
3.774594e-02
3.778247e-02
3.782356e-02
3.783420e-02
3.784476e-02
3.785788e-02
3.788013e-02
3.790455e-02
3.791401e-02
3.793456e-02
3.795637e-02
3.797309e-02
3.798078e-02
3.799142e-02
3.801347e-02
3.802862e-02
3.806196e-02
3.806928e-02
3.807934e-02
3.809022e-02
3.810529e-02
3.813661e-02
3.815610e-02
3.815978e-02
3.818136e-02
3.818933e-02
3.820669e-02
3.821663e-02
3.825056e-02
3.826538e-02
3.827697e-02
3.830496e-02
3.833358e-02
3.835389e-02
3.836829e-02
3.839086e-02
3.841131e-02
3.843018e-02
3.844885e-02
3.846615e-02
3.847907e-02
3.850828e-02
3.852076e-02
3.854557e-02
3.855012e-02
3.855546e-02
3.856175e-02
3.859186e-02
3.861803e-02
3.865042e-02
3.866140e-02
3.868414e-02
3.869161e-02
3.871613e-02
3.872941e-02
3.874276e-02
3.878778e-02
3.879828e-02
3.881331e-02
3.882377e-02
3.883276e-02
3.887185e-02
3.888128e-02
3.888895e-02
3.891585e-02
3.895141e-02
3.895810e-02
3.897244e-02
3.898138e-02
3.901743e-02
3.902490e-02
3.904345e-02
3.907919e-02
3.911100e-02
3.912274e-02
3.913597e-02
3.916072e-02
3.917236e-02
3.917615e-02
3.920083e-02
3.920575e-02
3.922784e-02
3.926148e-02
3.927452e-02
3.930708e-02
3.933942e-02
3.934549e-02
3.938148e-02
3.940167e-02
3.941555e-02
3.943668e-02
3.944792e-02
3.947870e-02
3.949961e-02
3.951803e-02
3.952940e-02
3.953775e-02
3.956216e-02
3.958634e-02
3.960970e-02
3.962649e-02
3.964140e-02
3.966190e-02
3.967772e-02
3.970261e-02
3.971407e-02
3.973452e-02
3.976512e-02
3.977339e-02
3.980624e-02
3.981111e-02
3.983151e-02
3.984702e-02
3.986210e-02
3.986768e-02
3.989374e-02
3.991058e-02
3.993101e-02
3.995017e-02
3.996902e-02
3.998248e-02
3.998615e-02
4.000611e-02
4.003426e-02
4.006628e-02
4.009409e-02
4.010206e-02
4.010305e-02
4.015739e-02
4.016758e-02
4.017854e-02
4.021314e-02
4.023100e-02
4.024095e-02
4.027518e-02
4.027838e-02
4.028694e-02
4.034517e-02
4.035307e-02
4.036827e-02
4.038083e-02
4.041442e-02
4.043720e-02
4.044823e-02
4.046779e-02
4.049538e-02
4.052217e-02
4.054137e-02
4.054991e-02
4.056999e-02
4.059204e-02
4.059569e-02
4.061389e-02
4.065048e-02
4.066241e-02
4.067467e-02
4.070403e-02
4.072753e-02
4.076020e-02
4.078005e-02
4.078804e-02
4.079417e-02
4.082344e-02
4.085539e-02
4.086636e-02
4.089018e-02
4.090090e-02
4.090706e-02
4.094436e-02
4.094737e-02
4.097017e-02
4.098201e-02
4.100798e-02
4.103225e-02
4.105318e-02
4.106721e-02
4.108555e-02
4.110716e-02
4.112149e-02
4.115562e-02
4.116149e-02
4.116840e-02
4.119539e-02
4.120434e-02
4.121769e-02
4.122335e-02
4.124630e-02
4.125827e-02
4.128228e-02
4.130205e-02
4.133873e-02
4.134816e-02
4.136525e-02
4.138937e-02
4.140000e-02
4.143332e-02
4.143844e-02
4.145741e-02
4.146658e-02
4.147509e-02
4.149606e-02
4.151271e-02
4.152696e-02
4.155058e-02
4.156747e-02
4.157198e-02
4.158867e-02
4.161769e-02
4.163936e-02
4.165964e-02
4.169226e-02
4.171695e-02
4.171999e-02
4.174812e-02
4.176835e-02
4.177032e-02
4.178354e-02
4.178473e-02
4.180351e-02
4.183180e-02
4.185131e-02
4.186351e-02
4.187418e-02
4.190941e-02
4.191930e-02
4.193970e-02
4.194716e-02
4.196243e-02
4.197415e-02
4.200002e-02
4.201711e-02
4.203002e-02
4.204948e-02
4.206903e-02
4.208887e-02
4.210474e-02
4.213215e-02
4.214923e-02
4.217219e-02
4.218873e-02
4.220708e-02
4.221478e-02
4.222964e-02
4.224202e-02
4.225577e-02
4.226230e-02
4.228538e-02
4.233272e-02
4.235993e-02
4.236451e-02
4.237475e-02
4.238799e-02
4.239547e-02
4.243702e-02
4.246451e-02
4.247832e-02
4.248532e-02
4.252387e-02
4.254295e-02
4.256961e-02
4.257936e-02
4.259601e-02
4.261714e-02
4.263562e-02
4.266489e-02
4.267538e-02
4.270007e-02
4.271037e-02
4.271761e-02
4.272854e-02
4.276276e-02
4.278235e-02
4.280654e-02
4.281929e-02
4.282979e-02
4.284246e-02
4.285490e-02
4.288850e-02
4.289747e-02
4.291570e-02
4.294456e-02
4.295405e-02
4.297343e-02
4.299989e-02
4.302378e-02
4.304039e-02
4.305918e-02
4.306508e-02
4.308686e-02
4.309519e-02
4.310246e-02
4.312432e-02
4.314316e-02
4.315599e-02
4.316760e-02
4.318129e-02
4.320710e-02
4.320989e-02
4.323379e-02
4.325876e-02
4.328999e-02
4.330157e-02
4.331443e-02
4.331899e-02
4.334909e-02
4.336047e-02
4.337720e-02
4.340096e-02
4.341344e-02
4.344442e-02
4.346104e-02
4.347892e-02
4.350353e-02
4.351922e-02
4.355300e-02
4.358752e-02
4.359925e-02
4.360132e-02
4.361203e-02
4.362600e-02
4.366666e-02
4.368332e-02
4.369812e-02
4.374273e-02
4.375697e-02
4.378014e-02
4.379378e-02
4.383238e-02
4.385827e-02
4.387717e-02
4.388733e-02
4.390699e-02
4.391668e-02
4.393075e-02
4.393232e-02
4.394073e-02
4.395445e-02
4.397543e-02
4.401176e-02
4.401673e-02
4.404148e-02
4.406665e-02
4.409187e-02
4.410154e-02
4.411372e-02
4.413914e-02
4.415346e-02
4.417047e-02
4.420379e-02
4.421990e-02
4.422783e-02
4.424134e-02
4.428333e-02
4.428885e-02
4.432300e-02
4.432830e-02
4.435035e-02
4.436454e-02
4.439302e-02
4.443022e-02
4.443894e-02
4.446350e-02
4.447696e-02
4.450254e-02
4.452313e-02
4.453241e-02
4.456131e-02
4.458769e-02
4.459166e-02
4.463442e-02
4.464331e-02
4.466255e-02
4.466636e-02
4.468313e-02
4.469239e-02
4.472433e-02
4.474610e-02
4.476770e-02
4.479271e-02
4.481856e-02
4.483750e-02
4.485726e-02
4.487188e-02
4.488562e-02
4.490322e-02
4.493571e-02
4.493868e-02
4.495566e-02
4.497824e-02
4.499473e-02
4.501956e-02
4.504965e-02
4.507392e-02
4.509183e-02
4.516836e-02
4.520017e-02
4.522147e-02
4.523134e-02
4.525186e-02
4.526821e-02
4.532001e-02
4.532964e-02
4.534947e-02
4.537463e-02
4.538543e-02
4.539211e-02
4.540707e-02
4.542711e-02
4.544271e-02
4.545781e-02
4.547484e-02
4.548838e-02
4.551636e-02
4.554779e-02
4.555789e-02
4.559749e-02
4.561739e-02
4.562464e-02
4.564486e-02
4.568575e-02
4.570697e-02
4.572301e-02
4.573815e-02
4.575056e-02
4.576777e-02
4.580559e-02
4.582443e-02
4.583702e-02
4.586300e-02
4.586915e-02
4.589923e-02
4.593227e-02
4.595067e-02
4.596614e-02
4.598206e-02
4.603394e-02
4.604714e-02
4.605348e-02
4.606669e-02
4.608060e-02
4.609120e-02
4.611924e-02
4.615950e-02
4.619492e-02
4.621369e-02
4.621960e-02
4.625221e-02
4.626211e-02
4.628525e-02
4.630730e-02
4.632663e-02
4.635086e-02
4.638938e-02
4.639844e-02
4.641397e-02
4.642453e-02
4.644871e-02
4.646965e-02
4.649711e-02
4.652073e-02
4.653393e-02
4.654053e-02
4.659087e-02
4.659715e-02
4.664478e-02
4.666168e-02
4.667940e-02
4.669964e-02
4.672295e-02
4.674729e-02
4.675775e-02
4.677221e-02
4.680622e-02
4.681826e-02
4.687317e-02
4.687891e-02
4.688571e-02
4.690612e-02
4.693158e-02
4.695283e-02
4.696848e-02
4.698804e-02
4.704588e-02
4.705921e-02
4.706570e-02
4.709115e-02
4.710477e-02
4.711206e-02
4.715752e-02
4.718893e-02
4.722714e-02
4.724093e-02
4.726588e-02
4.727858e-02
4.728722e-02
4.730763e-02
4.732479e-02
4.737635e-02
4.738645e-02
4.739574e-02
4.743130e-02
4.745383e-02
4.746377e-02
4.746603e-02
4.749698e-02
4.751678e-02
4.753565e-02
4.754426e-02
4.758832e-02
4.759508e-02
4.760983e-02
4.763259e-02
4.765673e-02
4.767509e-02
4.767749e-02
4.769949e-02
4.771904e-02
4.777505e-02
4.778035e-02
4.781873e-02
4.783893e-02
4.785911e-02
4.792527e-02
4.793124e-02
4.795395e-02
4.796226e-02
4.799204e-02
4.801790e-02
4.804317e-02
4.807167e-02
4.807376e-02
4.811729e-02
4.813834e-02
4.814038e-02
4.816164e-02
4.818590e-02
4.821264e-02
4.822225e-02
4.823697e-02
4.824676e-02
4.828415e-02
4.830096e-02
4.832090e-02
4.833949e-02
4.834514e-02
4.836291e-02
4.838226e-02
4.841824e-02
4.843489e-02
4.846243e-02
4.847557e-02
4.850638e-02
4.855882e-02
4.856329e-02
4.857791e-02
4.860931e-02
4.861469e-02
4.863811e-02
4.867572e-02
4.868333e-02
4.869948e-02
4.871384e-02
4.873889e-02
4.876290e-02
4.880653e-02
4.883346e-02
4.885030e-02
4.890057e-02
4.890699e-02
4.892865e-02
4.896231e-02
4.896573e-02
4.897612e-02
4.902373e-02
4.904255e-02
4.908545e-02
4.912344e-02
4.912778e-02
4.915140e-02
4.918116e-02
4.919716e-02
4.922506e-02
4.923569e-02
4.925275e-02
4.929307e-02
4.930722e-02
4.932216e-02
4.933179e-02
4.936410e-02
4.938030e-02
4.940200e-02
4.941734e-02
4.943495e-02
4.944901e-02
4.947831e-02
4.948689e-02
4.953240e-02
4.956393e-02
4.959869e-02
4.962326e-02
4.964939e-02
4.966355e-02
4.968022e-02
4.969299e-02
4.973122e-02
4.974589e-02
4.976292e-02
4.979955e-02
4.981350e-02
4.982916e-02
4.983714e-02
4.986525e-02
4.988792e-02
4.991642e-02
4.994277e-02
4.995356e-02
4.996083e-02
4.997169e-02
5.000283e-02
5.001494e-02
5.004272e-02
5.006385e-02
5.006685e-02
5.010421e-02
5.012540e-02
5.013849e-02
5.016688e-02
5.017256e-02
5.020997e-02
5.022568e-02
5.026022e-02
5.027424e-02
5.030097e-02
5.031506e-02
5.032652e-02
5.035596e-02
5.037188e-02
5.039697e-02
5.040583e-02
5.042733e-02
5.044069e-02
5.046390e-02
5.047390e-02
5.049387e-02
5.052402e-02
5.054239e-02
5.055741e-02
5.056649e-02
5.061120e-02
5.061641e-02
5.065741e-02
5.067632e-02
5.068472e-02
5.070604e-02
5.072762e-02
5.076615e-02
5.077601e-02
5.081498e-02
5.082584e-02
5.085017e-02
5.086028e-02
5.087553e-02
5.090221e-02
5.092107e-02
5.092362e-02
5.094784e-02
5.097655e-02
5.098722e-02
5.102005e-02
5.104434e-02
5.105770e-02
5.107107e-02
5.108970e-02
5.109962e-02
5.112847e-02
5.117255e-02
5.119723e-02
5.123937e-02
5.125303e-02
5.127599e-02
5.132368e-02
5.132756e-02
5.133677e-02
5.137286e-02
5.139738e-02
5.142324e-02
5.142553e-02
5.145489e-02
5.146454e-02
5.149188e-02
5.149749e-02
5.153384e-02
5.154624e-02
5.157562e-02
5.160638e-02
5.162443e-02
5.163883e-02
5.168389e-02
5.168647e-02
5.173824e-02
5.176771e-02
5.178862e-02
5.180254e-02
5.184598e-02
5.185728e-02
5.188909e-02
5.189389e-02
5.193067e-02
5.194243e-02
5.197066e-02
5.199909e-02
5.201918e-02
5.204433e-02
5.205569e-02
5.207205e-02
5.209450e-02
5.210665e-02
5.212526e-02
5.215177e-02
5.217965e-02
5.218447e-02
5.220878e-02
5.225703e-02
5.225904e-02
5.226929e-02
5.228768e-02
5.231582e-02
5.235169e-02
5.235901e-02
5.239005e-02
5.241194e-02
5.242125e-02
5.245664e-02
5.248162e-02
5.249424e-02
5.252485e-02
5.253984e-02
5.258405e-02
5.261222e-02
5.264160e-02
5.265618e-02
5.266207e-02
5.268225e-02
5.270051e-02
5.272660e-02
5.274910e-02
5.275495e-02
5.277559e-02
5.282675e-02
5.285353e-02
5.285974e-02
5.287150e-02
5.289920e-02
5.290439e-02
5.294966e-02
5.295547e-02
5.298031e-02
5.301542e-02
5.303031e-02
5.304870e-02
5.306204e-02
5.310224e-02
5.311874e-02
5.312329e-02
5.315020e-02
5.317962e-02
5.320215e-02
5.322035e-02
5.325533e-02
5.327422e-02
5.329179e-02
5.332086e-02
5.333929e-02
5.335081e-02
5.337424e-02
5.337774e-02
5.341388e-02
5.342013e-02
5.344763e-02
5.346208e-02
5.349769e-02
5.351836e-02
5.354220e-02
5.357121e-02
5.358821e-02
5.360716e-02
5.362669e-02
5.365115e-02
5.367124e-02
5.368255e-02
5.370983e-02
5.374478e-02
5.377569e-02
5.379294e-02
5.381426e-02
5.381581e-02
5.383551e-02
5.385783e-02
5.389792e-02
5.392869e-02
5.394377e-02
5.394787e-02
5.396146e-02
5.397362e-02
5.398323e-02
5.403484e-02
5.405314e-02
5.405615e-02
5.405850e-02
5.410194e-02
5.413173e-02
5.414517e-02
5.416595e-02
5.419737e-02
5.422159e-02
5.424548e-02
5.427123e-02
5.428616e-02
5.430752e-02
5.435456e-02
5.436008e-02
5.436471e-02
5.438280e-02
5.441691e-02
5.442083e-02
5.443984e-02
5.447810e-02
5.449832e-02
5.451611e-02
5.451868e-02
5.454024e-02
5.458510e-02
5.459400e-02
5.461279e-02
5.463553e-02
5.467492e-02
5.468225e-02
5.471128e-02
5.472456e-02
5.473916e-02
5.474575e-02
5.478152e-02
5.479112e-02
5.480199e-02
5.483921e-02
5.486265e-02
5.487213e-02
5.489041e-02
5.491862e-02
5.494060e-02
5.496445e-02
5.497611e-02
5.499724e-02
5.501734e-02
5.502625e-02
5.507931e-02
5.508294e-02
5.510778e-02
5.512250e-02
5.513477e-02
5.515674e-02
5.517303e-02
5.519754e-02
5.522702e-02
5.524874e-02
5.526884e-02
5.528245e-02
5.529378e-02
5.531135e-02
5.534214e-02
5.537135e-02
5.539546e-02
5.540558e-02
5.542988e-02
5.545657e-02
5.547356e-02
5.550749e-02
5.552805e-02
5.555058e-02
5.558022e-02
5.562073e-02
5.564472e-02
5.566196e-02
5.568613e-02
5.571209e-02
5.572154e-02
5.574306e-02
5.576636e-02
5.577600e-02
5.581413e-02
5.581848e-02
5.587358e-02
5.590734e-02
5.591291e-02
5.593546e-02
5.597350e-02
5.599579e-02
5.601581e-02
5.603950e-02
5.606962e-02
5.607332e-02
5.610285e-02
5.613322e-02
5.614469e-02
5.618106e-02
5.619758e-02
5.622823e-02
5.624805e-02
5.627680e-02
5.630515e-02
5.631471e-02
5.633268e-02
5.636504e-02
5.638952e-02
5.643776e-02
5.644778e-02
5.648161e-02
5.649632e-02
5.651053e-02
5.654039e-02
5.656080e-02
5.659073e-02
5.660860e-02
5.661248e-02
5.664230e-02
5.665911e-02
5.668021e-02
5.671372e-02
5.672714e-02
5.676891e-02
5.678267e-02
5.679890e-02
5.681472e-02
5.683680e-02
5.684948e-02
5.687938e-02
5.688696e-02
5.693667e-02
5.694321e-02
5.698349e-02
5.702517e-02
5.704814e-02
5.705559e-02
5.710412e-02
5.713686e-02
5.715391e-02
5.718494e-02
5.720287e-02
5.721081e-02
5.725627e-02
5.728805e-02
5.729896e-02
5.731258e-02
5.733538e-02
5.734664e-02
5.734912e-02
5.738903e-02
5.739804e-02
5.741560e-02
5.744593e-02
5.746777e-02
5.750410e-02
5.753254e-02
5.755221e-02
5.757566e-02
5.757915e-02
5.761109e-02
5.766135e-02
5.767450e-02
5.768821e-02
5.771351e-02
5.772800e-02
5.776465e-02
5.776883e-02
5.778975e-02
5.784742e-02
5.787259e-02
5.787731e-02
5.789871e-02
5.794775e-02
5.797313e-02
5.798138e-02
5.804086e-02
5.807695e-02
5.809386e-02
5.810834e-02
5.816089e-02
5.817312e-02
5.819314e-02
5.822512e-02
5.822919e-02
5.825775e-02
5.826507e-02
5.831333e-02
5.832451e-02
5.835271e-02
5.836144e-02
5.837498e-02
5.840958e-02
5.844158e-02
5.847019e-02
5.848105e-02
5.851122e-02
5.856199e-02
5.859323e-02
5.861873e-02
5.863889e-02
5.865012e-02
5.866549e-02
5.868047e-02
5.870514e-02
5.871045e-02
5.875003e-02
5.877003e-02
5.880766e-02
5.881744e-02
5.885281e-02
5.886663e-02
5.890520e-02
5.891227e-02
5.893050e-02
5.896767e-02
5.897824e-02
5.900269e-02
5.903446e-02
5.906955e-02
5.908314e-02
5.912710e-02
5.915738e-02
5.917868e-02
5.921198e-02
5.925089e-02
5.925678e-02
5.929976e-02
5.932104e-02
5.933811e-02
5.936815e-02
5.942308e-02
5.944468e-02
5.945280e-02
5.947600e-02
5.948530e-02
5.954031e-02
5.955902e-02
5.957334e-02
5.960576e-02
5.963400e-02
5.964417e-02
5.968667e-02
5.971764e-02
5.975042e-02
5.975925e-02
5.977580e-02
5.980176e-02
5.982619e-02
5.985171e-02
5.986330e-02
5.987538e-02
5.993833e-02
5.994432e-02
5.996859e-02
6.001584e-02
6.001904e-02
6.005670e-02
6.008368e-02
6.011459e-02
6.013345e-02
6.016000e-02
6.016909e-02
6.020521e-02
6.021996e-02
6.024945e-02
6.026578e-02
6.030027e-02
6.037467e-02
6.040192e-02
6.043219e-02
6.045321e-02
6.048746e-02
6.050937e-02
6.054402e-02
6.056002e-02
6.058001e-02
6.059406e-02
6.061758e-02
6.063848e-02
6.066342e-02
6.068687e-02
6.069828e-02
6.076337e-02
6.080171e-02
6.081401e-02
6.083723e-02
6.088664e-02
6.091640e-02
6.095704e-02
6.097200e-02
6.098250e-02
6.101104e-02
6.103049e-02
6.104624e-02
6.108307e-02
6.109044e-02
6.114252e-02
6.114758e-02
6.118423e-02
6.119236e-02
6.121245e-02
6.127773e-02
6.133823e-02
6.135071e-02
6.137184e-02
6.139183e-02
6.139571e-02
6.141218e-02
6.144860e-02
6.145028e-02
6.150218e-02
6.152486e-02
6.155548e-02
6.156927e-02
6.161491e-02
6.162747e-02
6.165902e-02
6.167775e-02
6.169524e-02
6.171842e-02
6.173385e-02
6.176237e-02
6.181402e-02
6.182923e-02
6.187395e-02
6.188229e-02
6.190571e-02
6.194063e-02
6.196512e-02
6.196644e-02
6.199925e-02
6.201799e-02
6.203673e-02
6.206841e-02
6.210711e-02
6.213024e-02
6.213982e-02
6.217927e-02
6.223859e-02
6.225408e-02
6.226756e-02
6.227850e-02
6.232372e-02
6.234699e-02
6.238755e-02
6.243079e-02
6.246056e-02
6.246499e-02
6.249336e-02
6.251056e-02
6.253957e-02
6.257376e-02
6.258703e-02
6.259057e-02
6.264698e-02
6.267949e-02
6.270666e-02
6.273605e-02
6.274435e-02
6.276229e-02
6.277647e-02
6.279632e-02
6.283172e-02
6.284664e-02
6.287690e-02
6.290487e-02
6.290997e-02
6.292165e-02
6.296487e-02
6.300431e-02
6.304941e-02
6.308238e-02
6.308580e-02
6.311396e-02
6.312123e-02
6.312994e-02
6.317127e-02
6.322571e-02
6.325833e-02
6.327263e-02
6.329195e-02
6.332754e-02
6.335518e-02
6.336977e-02
6.340407e-02
6.343090e-02
6.344714e-02
6.346327e-02
6.350539e-02
6.351531e-02
6.355156e-02
6.357127e-02
6.359630e-02
6.362862e-02
6.364249e-02
6.364866e-02
6.369627e-02
6.375197e-02
6.377816e-02
6.380591e-02
6.383508e-02
6.387386e-02
6.389280e-02
6.390921e-02
6.393549e-02
6.396223e-02
6.397621e-02
6.400924e-02
6.402974e-02
6.405411e-02
6.406200e-02
6.409370e-02
6.413355e-02
6.417914e-02
6.418586e-02
6.419700e-02
6.423096e-02
6.425787e-02
6.428051e-02
6.431325e-02
6.432213e-02
6.433080e-02
6.435373e-02
6.439112e-02
6.440643e-02
6.442535e-02
6.447838e-02
6.449128e-02
6.452162e-02
6.453116e-02
6.454714e-02
6.455554e-02
6.459690e-02
6.462267e-02
6.464357e-02
6.465106e-02
6.470674e-02
6.472967e-02
6.475228e-02
6.476041e-02
6.482594e-02
6.483746e-02
6.486029e-02
6.489479e-02
6.492478e-02
6.494730e-02
6.499312e-02
6.499946e-02
6.504902e-02
6.506397e-02
6.508639e-02
6.512410e-02
6.513091e-02
6.516772e-02
6.519551e-02
6.521064e-02
6.524224e-02
6.528025e-02
6.528661e-02
6.530436e-02
6.530726e-02
6.539996e-02
6.540781e-02
6.543835e-02
6.546477e-02
6.549541e-02
6.554035e-02
6.556967e-02
6.558407e-02
6.559821e-02
6.561098e-02
6.565160e-02
6.568081e-02
6.568647e-02
6.570748e-02
6.577514e-02
6.577918e-02
6.582528e-02
6.587022e-02
6.590088e-02
6.592666e-02
6.594705e-02
6.595807e-02
6.599131e-02
6.601977e-02
6.603328e-02
6.606648e-02
6.608809e-02
6.609029e-02
6.613997e-02
6.616337e-02
6.618388e-02
6.622926e-02
6.625405e-02
6.626803e-02
6.628356e-02
6.629664e-02
6.635368e-02
6.637249e-02
6.638504e-02
6.642417e-02
6.643542e-02
6.647290e-02
6.650520e-02
6.651737e-02
6.654240e-02
6.657748e-02
6.660481e-02
6.664774e-02
6.668754e-02
6.672578e-02
6.674829e-02
6.676904e-02
6.679293e-02
6.686137e-02
6.687866e-02
6.690272e-02
6.690855e-02
6.692809e-02
6.694703e-02
6.697823e-02
6.702346e-02
6.704124e-02
6.704377e-02
6.705727e-02
6.708156e-02
6.711277e-02
6.716376e-02
6.720256e-02
6.723086e-02
6.728578e-02
6.729462e-02
6.730884e-02
6.734462e-02
6.737904e-02
6.739742e-02
6.742095e-02
6.744845e-02
6.747130e-02
6.748195e-02
6.751361e-02
6.752778e-02
6.757648e-02
6.760420e-02
6.769541e-02
6.771881e-02
6.773638e-02
6.777104e-02
6.782027e-02
6.784604e-02
6.786232e-02
6.790542e-02
6.790856e-02
6.795473e-02
6.796580e-02
6.798497e-02
6.802238e-02
6.804814e-02
6.806826e-02
6.808433e-02
6.810515e-02
6.813972e-02
6.816924e-02
6.819817e-02
6.822019e-02
6.825572e-02
6.827708e-02
6.829536e-02
6.831999e-02
6.835575e-02
6.838459e-02
6.841862e-02
6.844700e-02
6.849191e-02
6.851882e-02
6.857431e-02
6.859943e-02
6.862394e-02
6.863141e-02
6.866054e-02
6.870502e-02
6.873428e-02
6.874848e-02
6.877563e-02
6.880352e-02
6.885013e-02
6.887454e-02
6.890569e-02
6.892470e-02
6.894885e-02
6.896000e-02
6.896404e-02
6.899543e-02
6.902057e-02
6.905517e-02
6.910853e-02
6.911450e-02
6.914800e-02
6.918797e-02
6.922061e-02
6.926747e-02
6.929359e-02
6.932395e-02
6.933755e-02
6.935688e-02
6.938409e-02
6.939822e-02
6.942895e-02
6.945903e-02
6.947511e-02
6.950014e-02
6.953650e-02
6.957813e-02
6.960261e-02
6.962830e-02
6.964641e-02
6.967577e-02
6.969113e-02
6.971120e-02
6.972376e-02
6.977367e-02
6.981437e-02
6.983940e-02
6.985001e-02
6.986556e-02
6.989851e-02
6.992464e-02
6.994071e-02
6.994612e-02
6.995890e-02
7.001454e-02
7.004387e-02
7.011500e-02
7.012707e-02
7.014743e-02
7.016222e-02
7.019254e-02
7.022322e-02
7.026279e-02
7.029792e-02
7.030530e-02
7.034433e-02
7.039923e-02
7.042318e-02
7.045207e-02
7.045733e-02
7.049314e-02
7.052250e-02
7.055747e-02
7.057441e-02
7.059474e-02
7.060331e-02
7.067373e-02
7.070251e-02
7.073221e-02
7.075113e-02
7.077842e-02
7.078713e-02
7.080810e-02
7.085349e-02
7.087365e-02
7.090695e-02
7.096786e-02
7.098775e-02
7.100575e-02
7.102306e-02
7.105169e-02
7.107182e-02
7.109914e-02
7.112208e-02
7.114031e-02
7.117113e-02
7.117587e-02
7.123603e-02
7.125326e-02
7.129557e-02
7.130406e-02
7.133880e-02
7.137513e-02
7.140965e-02
7.144764e-02
7.147572e-02
7.149588e-02
7.151960e-02
7.154157e-02
7.158675e-02
7.159597e-02
7.161642e-02
7.162390e-02
7.167545e-02
7.173410e-02
7.175101e-02
7.178241e-02
7.178653e-02
7.180900e-02
7.184706e-02
7.188429e-02
7.189944e-02
7.192828e-02
7.195613e-02
7.199165e-02
7.203439e-02
7.206589e-02
7.208350e-02
7.213485e-02
7.215199e-02
7.219390e-02
7.220773e-02
7.224159e-02
7.226863e-02
7.227836e-02
7.230707e-02
7.233143e-02
7.234017e-02
7.238986e-02
7.240769e-02
7.245173e-02
7.246379e-02
7.249132e-02
7.252590e-02
7.254433e-02
7.256630e-02
7.259994e-02
7.263506e-02
7.265782e-02
7.267193e-02
7.270891e-02
7.272748e-02
7.276575e-02
7.277562e-02
7.282901e-02
7.284481e-02
7.285207e-02
7.288664e-02
7.291036e-02
7.294910e-02
7.295308e-02
7.297964e-02
7.301522e-02
7.302979e-02
7.306160e-02
7.309969e-02
7.311241e-02
7.316977e-02
7.317340e-02
7.321750e-02
7.322528e-02
7.325462e-02
7.328787e-02
7.331414e-02
7.337117e-02
7.338953e-02
7.340534e-02
7.343041e-02
7.345569e-02
7.348677e-02
7.354433e-02
7.355854e-02
7.360894e-02
7.362365e-02
7.365109e-02
7.367724e-02
7.368936e-02
7.370505e-02
7.371828e-02
7.373325e-02
7.375058e-02
7.376574e-02
7.378748e-02
7.381974e-02
7.383750e-02
7.384987e-02
7.389532e-02
7.390951e-02
7.396665e-02
7.399784e-02
7.403335e-02
7.405226e-02
7.406123e-02
7.410966e-02
7.411529e-02
7.413771e-02
7.416315e-02
7.417534e-02
7.419802e-02
7.423964e-02
7.429736e-02
7.432217e-02
7.433600e-02
7.436225e-02
7.438782e-02
7.442163e-02
7.445356e-02
7.446246e-02
7.447832e-02
7.451309e-02
7.454403e-02
7.456111e-02
7.457425e-02
7.460478e-02
7.465879e-02
7.468322e-02
7.474764e-02
7.476148e-02
7.478606e-02
7.482615e-02
7.485483e-02
7.486626e-02
7.488817e-02
7.490113e-02
7.491675e-02
7.493234e-02
7.497466e-02
7.500563e-02
7.503501e-02
7.507200e-02
7.510904e-02
7.513592e-02
7.516405e-02
7.518612e-02
7.520267e-02
7.523326e-02
7.527898e-02
7.529755e-02
7.531187e-02
7.536517e-02
7.537117e-02
7.538436e-02
7.543119e-02
7.544595e-02
7.547023e-02
7.550490e-02
7.552974e-02
7.555051e-02
7.557180e-02
7.561015e-02
7.561761e-02
7.567588e-02
7.568350e-02
7.571815e-02
7.572931e-02
7.574199e-02
7.576200e-02
7.579464e-02
7.582231e-02
7.584301e-02
7.589835e-02
7.590517e-02
7.591837e-02
7.594823e-02
7.596275e-02
7.602052e-02
7.603528e-02
7.606869e-02
7.609573e-02
7.612188e-02
7.613847e-02
7.617788e-02
7.622717e-02
7.626531e-02
7.627516e-02
7.631025e-02
7.636521e-02
7.638802e-02
7.639369e-02
7.642250e-02
7.646628e-02
7.650082e-02
7.654248e-02
7.656930e-02
7.659836e-02
7.661997e-02
7.663662e-02
7.667610e-02
7.669990e-02
7.674463e-02
7.675614e-02
7.679198e-02
7.681688e-02
7.684396e-02
7.686632e-02
7.692913e-02
7.693300e-02
7.695887e-02
7.697099e-02
7.701880e-02
7.702617e-02
7.703260e-02
7.707127e-02
7.709099e-02
7.711841e-02
7.715561e-02
7.718709e-02
7.721982e-02
7.723426e-02
7.728896e-02
7.733449e-02
7.735392e-02
7.739616e-02
7.740416e-02
7.742771e-02
7.743997e-02
7.748369e-02
7.749529e-02
7.752988e-02
7.754833e-02
7.761846e-02
7.766799e-02
7.767379e-02
7.771160e-02
7.772288e-02
7.776492e-02
7.781995e-02
7.782715e-02
7.785994e-02
7.790929e-02
7.792849e-02
7.796983e-02
7.798139e-02
7.800162e-02
7.802289e-02
7.803932e-02
7.808273e-02
7.813763e-02
7.814658e-02
7.818145e-02
7.821577e-02
7.825498e-02
7.828025e-02
7.831856e-02
7.833375e-02
7.837215e-02
7.841300e-02
7.842827e-02
7.844527e-02
7.845896e-02
7.847996e-02
7.853430e-02
7.857461e-02
7.859885e-02
7.864825e-02
7.868249e-02
7.871222e-02
7.875401e-02
7.875952e-02
7.880376e-02
7.882018e-02
7.883874e-02
7.885328e-02
7.889739e-02
7.890975e-02
7.895456e-02
7.899320e-02
7.902746e-02
7.905758e-02
7.908202e-02
7.911890e-02
7.913934e-02
7.917560e-02
7.919617e-02
7.923391e-02
7.924296e-02
7.925943e-02
7.927956e-02
7.932592e-02
7.937628e-02
7.941914e-02
7.946551e-02
7.949035e-02
7.953505e-02
7.954048e-02
7.961086e-02
7.964773e-02
7.965096e-02
7.968919e-02
7.972088e-02
7.974494e-02
7.977120e-02
7.980399e-02
7.982105e-02
7.985821e-02
7.990175e-02
7.995920e-02
7.997215e-02
7.999118e-02
8.003398e-02
8.008172e-02
8.009825e-02
8.011569e-02
8.015330e-02
8.017666e-02
8.020706e-02
8.025555e-02
8.027373e-02
8.030960e-02
8.034478e-02
8.037586e-02
8.038756e-02
8.040806e-02
8.048834e-02
8.051977e-02
8.056276e-02
8.058087e-02
8.060541e-02
8.064078e-02
8.067978e-02
8.071627e-02
8.074758e-02
8.079283e-02
8.079881e-02
8.084512e-02
8.088256e-02
8.090984e-02
8.092125e-02
8.094895e-02
8.098946e-02
8.103771e-02
8.109300e-02
8.112860e-02
8.116949e-02
8.118014e-02
8.119445e-02
8.121343e-02
8.123959e-02
8.125961e-02
8.127366e-02
8.131211e-02
8.134671e-02
8.140922e-02
8.142634e-02
8.143966e-02
8.144878e-02
8.149484e-02
8.153653e-02
8.156682e-02
8.157400e-02
8.161666e-02
8.164242e-02
8.167799e-02
8.170517e-02
8.173468e-02
8.177541e-02
8.179607e-02
8.181806e-02
8.183800e-02
8.187781e-02
8.191100e-02
8.193543e-02
8.195132e-02
8.197611e-02
8.203170e-02
8.207107e-02
8.210376e-02
8.215674e-02
8.216950e-02
8.219422e-02
8.222581e-02
8.229998e-02
8.230984e-02
8.234902e-02
8.237683e-02
8.239944e-02
8.242884e-02
8.244434e-02
8.247067e-02
8.252694e-02
8.253022e-02
8.255845e-02
8.259619e-02
8.264082e-02
8.268733e-02
8.269500e-02
8.272294e-02
8.275665e-02
8.279642e-02
8.282294e-02
8.286780e-02
8.289702e-02
8.290847e-02
8.296743e-02
8.301652e-02
8.304985e-02
8.307267e-02
8.310168e-02
8.310712e-02
8.315198e-02
8.323157e-02
8.323760e-02
8.328763e-02
8.330669e-02
8.331283e-02
8.336878e-02
8.339932e-02
8.340660e-02
8.349869e-02
8.351565e-02
8.355345e-02
8.359306e-02
8.362464e-02
8.364511e-02
8.367144e-02
8.367823e-02
8.373358e-02
8.376929e-02
8.380974e-02
8.383153e-02
8.389603e-02
8.393401e-02
8.394260e-02
8.396075e-02
8.398988e-02
8.400636e-02
8.405126e-02
8.408455e-02
8.411060e-02
8.412116e-02
8.418394e-02
8.420443e-02
8.427472e-02
8.432048e-02
8.434541e-02
8.438796e-02
8.439514e-02
8.442218e-02
8.445285e-02
8.449617e-02
8.452573e-02
8.457510e-02
8.459362e-02
8.462619e-02
8.464677e-02
8.468349e-02
8.471833e-02
8.475461e-02
8.476872e-02
8.480815e-02
8.482124e-02
8.486519e-02
8.492370e-02
8.493670e-02
8.496351e-02
8.502965e-02
8.506722e-02
8.508970e-02
8.511182e-02
8.513582e-02
8.518312e-02
8.520854e-02
8.521910e-02
8.524216e-02
8.528021e-02
8.533171e-02
8.536135e-02
8.537149e-02
8.543222e-02
8.543787e-02
8.548080e-02
8.549120e-02
8.554173e-02
8.556645e-02
8.558348e-02
8.562816e-02
8.566275e-02
8.569798e-02
8.571006e-02
8.571254e-02
8.576039e-02
8.580410e-02
8.581323e-02
8.586887e-02
8.588868e-02
8.590845e-02
8.592346e-02
8.597788e-02
8.602062e-02
8.603148e-02
8.605739e-02
8.610996e-02
8.613304e-02
8.614475e-02
8.615949e-02
8.618180e-02
8.619703e-02
8.622497e-02
8.627000e-02
8.629056e-02
8.637152e-02
8.640274e-02
8.641024e-02
8.641769e-02
8.646307e-02
8.650150e-02
8.650968e-02
8.659588e-02
8.661916e-02
8.663740e-02
8.666705e-02
8.668070e-02
8.671029e-02
8.672412e-02
8.676679e-02
8.679212e-02
8.680590e-02
8.684469e-02
8.685710e-02
8.691186e-02
8.695320e-02
8.698797e-02
8.701063e-02
8.703085e-02
8.709752e-02
8.712503e-02
8.717294e-02
8.718183e-02
8.722374e-02
8.724723e-02
8.728310e-02
8.730171e-02
8.734450e-02
8.738545e-02
8.741465e-02
8.745428e-02
8.750541e-02
8.752459e-02
8.754087e-02
8.756759e-02
8.761991e-02
8.764706e-02
8.767596e-02
8.772153e-02
8.775913e-02
8.777621e-02
8.782119e-02
8.784549e-02
8.785352e-02
8.789500e-02
8.793565e-02
8.796246e-02
8.797243e-02
8.800314e-02
8.805400e-02
8.809176e-02
8.813032e-02
8.816304e-02
8.817849e-02
8.822228e-02
8.825841e-02
8.830537e-02
8.834220e-02
8.839810e-02
8.840095e-02
8.843183e-02
8.845962e-02
8.850045e-02
8.855482e-02
8.858542e-02
8.859656e-02
8.862770e-02
8.870479e-02
8.871960e-02
8.874782e-02
8.877731e-02
8.880360e-02
8.883233e-02
8.886093e-02
8.892361e-02
8.894354e-02
8.896407e-02
8.900446e-02
8.904114e-02
8.906835e-02
8.910992e-02
8.915063e-02
8.920721e-02
8.921992e-02
8.925052e-02
8.925446e-02
8.930185e-02
8.932713e-02
8.934926e-02
8.939324e-02
8.941463e-02
8.946830e-02
8.950707e-02
8.953274e-02
8.959064e-02
8.961598e-02
8.962994e-02
8.965884e-02
8.970736e-02
8.972151e-02
8.975357e-02
8.980538e-02
8.983970e-02
8.988033e-02
8.989896e-02
8.995881e-02
9.000601e-02
9.002010e-02
9.003756e-02
9.007977e-02
9.010921e-02
9.012678e-02
9.016864e-02
9.019253e-02
9.023094e-02
9.028589e-02
9.029200e-02
9.034691e-02
9.036076e-02
9.037419e-02
9.039494e-02
9.043345e-02
9.049069e-02
9.054480e-02
9.056032e-02
9.062699e-02
9.063261e-02
9.067022e-02
9.071784e-02
9.075922e-02
9.079385e-02
9.080614e-02
9.082715e-02
9.086048e-02
9.090533e-02
9.093603e-02
9.094274e-02
9.099444e-02
9.105728e-02
9.108062e-02
9.116132e-02
9.117971e-02
9.123903e-02
9.125161e-02
9.126880e-02
9.132758e-02
9.137049e-02
9.142905e-02
9.145438e-02
9.149286e-02
9.154734e-02
9.156972e-02
9.157732e-02
9.168565e-02
9.171505e-02
9.173072e-02
9.174749e-02
9.179810e-02
9.185788e-02
9.190261e-02
9.191611e-02
9.192280e-02
9.200654e-02
9.203884e-02
9.207311e-02
9.208788e-02
9.214360e-02
9.218159e-02
9.225353e-02
9.229826e-02
9.231641e-02
9.233781e-02
9.241658e-02
9.242959e-02
9.245311e-02
9.257459e-02
9.258200e-02
9.262344e-02
9.266357e-02
9.268815e-02
9.272702e-02
9.276930e-02
9.280489e-02
9.283207e-02
9.286074e-02
9.289617e-02
9.292706e-02
9.295915e-02
9.303289e-02
9.307083e-02
9.311650e-02
9.313753e-02
9.317938e-02
9.321805e-02
9.323978e-02
9.330683e-02
9.332767e-02
9.334270e-02
9.343010e-02
9.344449e-02
9.347703e-02
9.351832e-02
9.357790e-02
9.363080e-02
9.365812e-02
9.368801e-02
9.371780e-02
9.373871e-02
9.377069e-02
9.379814e-02
9.381282e-02
9.382743e-02
9.391259e-02
9.392903e-02
9.398480e-02
9.402670e-02
9.404920e-02
9.407197e-02
9.411677e-02
9.414178e-02
9.420934e-02
9.426262e-02
9.428777e-02
9.431334e-02
9.439261e-02
9.448095e-02
9.451748e-02
9.452757e-02
9.456144e-02
9.460324e-02
9.468639e-02
9.473053e-02
9.475064e-02
9.477641e-02
9.482300e-02
9.486080e-02
9.490089e-02
9.493438e-02
9.497170e-02
9.505432e-02
9.507494e-02
9.515104e-02
9.521696e-02
9.523131e-02
9.524212e-02
9.527504e-02
9.531662e-02
9.542513e-02
9.546815e-02
9.549044e-02
9.553368e-02
9.556237e-02
9.556959e-02
9.561581e-02
9.563900e-02
9.567709e-02
9.570171e-02
9.573630e-02
9.581103e-02
9.582472e-02
9.591041e-02
9.593395e-02
9.596789e-02
9.599878e-02
9.604176e-02
9.608055e-02
9.613962e-02
9.616668e-02
9.620682e-02
9.622756e-02
9.626781e-02
9.627950e-02
9.633394e-02
9.634139e-02
9.637544e-02
9.640576e-02
9.646635e-02
9.648693e-02
9.653574e-02
9.655325e-02
9.661106e-02
9.664468e-02
9.675667e-02
9.680819e-02
9.682256e-02
9.684885e-02
9.688709e-02
9.691207e-02
9.693177e-02
9.696778e-02
9.700489e-02
9.701338e-02
9.703823e-02
9.708750e-02
9.712164e-02
9.718235e-02
9.720560e-02
9.721905e-02
9.727830e-02
9.730000e-02
9.735645e-02
9.740977e-02
9.742879e-02
9.746012e-02
9.751625e-02
9.755216e-02
9.757549e-02
9.759776e-02
9.764267e-02
9.768930e-02
9.772078e-02
9.775445e-02
9.780945e-02
9.785198e-02
9.786615e-02
9.792199e-02
9.799675e-02
9.802806e-02
9.808850e-02
9.811081e-02
9.811959e-02
9.816155e-02
9.821327e-02
9.823941e-02
9.827282e-02
9.831823e-02
9.836801e-02
9.837298e-02
9.838772e-02
9.841304e-02
9.841436e-02
9.849760e-02
9.854074e-02
9.861265e-02
9.862071e-02
9.865024e-02
9.868277e-02
9.875337e-02
9.875845e-02
9.881925e-02
9.887548e-02
9.888272e-02
9.892279e-02
9.893270e-02
9.898704e-02
9.901958e-02
9.906094e-02
9.908981e-02
9.912006e-02
9.914940e-02
9.919668e-02
9.920874e-02
9.927251e-02
9.934538e-02
9.936972e-02
9.942764e-02
9.948712e-02
9.949550e-02
9.950643e-02
9.953764e-02
9.959547e-02
9.963388e-02
9.965718e-02
9.973202e-02
9.973613e-02
9.979289e-02
9.980622e-02
9.983774e-02
9.989039e-02
9.992996e-02
9.996935e-02
1.000008e-01
1.000491e-01
1.001135e-01
1.001400e-01
1.002090e-01
1.002249e-01
1.002592e-01
1.002942e-01
1.003186e-01
1.003545e-01
1.003761e-01
1.004314e-01
1.004817e-01
1.005048e-01
1.005491e-01
1.006191e-01
1.006499e-01
1.007005e-01
1.007358e-01
1.007609e-01
1.008020e-01
1.008311e-01
1.008680e-01
1.008842e-01
1.008984e-01
1.009317e-01
1.009982e-01
1.010492e-01
1.011138e-01
1.011576e-01
1.011790e-01
1.012237e-01
1.012514e-01
1.012833e-01
1.013257e-01
1.013532e-01
1.013574e-01
1.014369e-01
1.014511e-01
1.014747e-01
1.015056e-01
1.015524e-01
1.016018e-01
1.016337e-01
1.016470e-01
1.016714e-01
1.017185e-01
1.017644e-01
1.018184e-01
1.018296e-01
1.018473e-01
1.018706e-01
1.019405e-01
1.019620e-01
1.020328e-01
1.020522e-01
1.020878e-01
1.021138e-01
1.021429e-01
1.022465e-01
1.022823e-01
1.023104e-01
1.023734e-01
1.024242e-01
1.024647e-01
1.024841e-01
1.025296e-01
1.025858e-01
1.026429e-01
1.026852e-01
1.027046e-01
1.027599e-01
1.027902e-01
1.028431e-01
1.028554e-01
1.028955e-01
1.029816e-01
1.030360e-01
1.030504e-01
1.030873e-01
1.031122e-01
1.031391e-01
1.031533e-01
1.032220e-01
1.032749e-01
1.032840e-01
1.033196e-01
1.033329e-01
1.033839e-01
1.034295e-01
1.034781e-01
1.035199e-01
1.035542e-01
1.035880e-01
1.036282e-01
1.036856e-01
1.037329e-01
1.037764e-01
1.038154e-01
1.038283e-01
1.038810e-01
1.038964e-01
1.039244e-01
1.039576e-01
1.040254e-01
1.040396e-01
1.040472e-01
1.041020e-01
1.041564e-01
1.041617e-01
1.041932e-01
1.042408e-01
1.042878e-01
1.043196e-01
1.043642e-01
1.043788e-01
1.044173e-01
1.044514e-01
1.044851e-01
1.045130e-01
1.045548e-01
1.045954e-01
1.046402e-01
1.046670e-01
1.046741e-01
1.047556e-01
1.048130e-01
1.048693e-01
1.049028e-01
1.049391e-01
1.049643e-01
1.049919e-01
1.050431e-01
1.051036e-01
1.051468e-01
1.051831e-01
1.052316e-01
1.052644e-01
1.052793e-01
1.053349e-01
1.053906e-01
1.054302e-01
1.054462e-01
1.054706e-01
1.055097e-01
1.055132e-01
1.055365e-01
1.056205e-01
1.056401e-01
1.056900e-01
1.057206e-01
1.057542e-01
1.058181e-01
1.058384e-01
1.059127e-01
1.059605e-01
1.060089e-01
1.060242e-01
1.060305e-01
1.060664e-01
1.061456e-01
1.061692e-01
1.062300e-01
1.062820e-01
1.062918e-01
1.063283e-01
1.063898e-01
1.064693e-01
1.064902e-01
1.065030e-01
1.065493e-01
1.066054e-01
1.066816e-01
1.067034e-01
1.067366e-01
1.067547e-01
1.068176e-01
1.068437e-01
1.068620e-01
1.068970e-01
1.069211e-01
1.069859e-01
1.070024e-01
1.070202e-01
1.070349e-01
1.070672e-01
1.071249e-01
1.071489e-01
1.071588e-01
1.072486e-01
1.072537e-01
1.072674e-01
1.073297e-01
1.073662e-01
1.074092e-01
1.074298e-01
1.074837e-01
1.075544e-01
1.076153e-01
1.076288e-01
1.076464e-01
1.077073e-01
1.077243e-01
1.077737e-01
1.078155e-01
1.078382e-01
1.078960e-01
1.079473e-01
1.079779e-01
1.080209e-01
1.080600e-01
1.081376e-01
1.081610e-01
1.081942e-01
1.082759e-01
1.082969e-01
1.083169e-01
1.083567e-01
1.083746e-01
1.084074e-01
1.084915e-01
1.085289e-01
1.085593e-01
1.085848e-01
1.086453e-01
1.086777e-01
1.087550e-01
1.088049e-01
1.088085e-01
1.088532e-01
1.088750e-01
1.089300e-01
1.089821e-01
1.090167e-01
1.090276e-01
1.090532e-01
1.091092e-01
1.091579e-01
1.091984e-01
1.092171e-01
1.092642e-01
1.093334e-01
1.093762e-01
1.093920e-01
1.094898e-01
1.095071e-01
1.095343e-01
1.095780e-01
1.096021e-01
1.096406e-01
1.097024e-01
1.097277e-01
1.097825e-01
1.097891e-01
1.098481e-01
1.098630e-01
1.099078e-01
1.099195e-01
1.099906e-01
1.100448e-01
1.100627e-01
1.100987e-01
1.101900e-01
1.102286e-01
1.102570e-01
1.102865e-01
1.103341e-01
1.103616e-01
1.104336e-01
1.104866e-01
1.105064e-01
1.105254e-01
1.105640e-01
1.106434e-01
1.107044e-01
1.107260e-01
1.107455e-01
1.107810e-01
1.108170e-01
1.108666e-01
1.108927e-01
1.109311e-01
1.109839e-01
1.110012e-01
1.110442e-01
1.110711e-01
1.111617e-01
1.111862e-01
1.112289e-01
1.112313e-01
1.112810e-01
1.113741e-01
1.114109e-01
1.114524e-01
1.115111e-01
1.115711e-01
1.116174e-01
1.116352e-01
1.116781e-01
1.117166e-01
1.117492e-01
1.117976e-01
1.118374e-01
1.118523e-01
1.119028e-01
1.119567e-01
1.120124e-01
1.120628e-01
1.120832e-01
1.121166e-01
1.121665e-01
1.121743e-01
1.122241e-01
1.123156e-01
1.123382e-01
1.123471e-01
1.123924e-01
1.124414e-01
1.124781e-01
1.125365e-01
1.125552e-01
1.126457e-01
1.126565e-01
1.127254e-01
1.128052e-01
1.128351e-01
1.128629e-01
1.129338e-01
1.129710e-01
1.129954e-01
1.130842e-01
1.131242e-01
1.131736e-01
1.131907e-01
1.132438e-01
1.133182e-01
1.133495e-01
1.133653e-01
1.134499e-01
1.134828e-01
1.135132e-01
1.135673e-01
1.136104e-01
1.136267e-01
1.137189e-01
1.137491e-01
1.138373e-01
1.138706e-01
1.138964e-01
1.139394e-01
1.140102e-01
1.140599e-01
1.140664e-01
1.141470e-01
1.141489e-01
1.142336e-01
1.142487e-01
1.142745e-01
1.143375e-01
1.143819e-01
1.144597e-01
1.144862e-01
1.145180e-01
1.146300e-01
1.146476e-01
1.146654e-01
1.146877e-01
1.147658e-01
1.148081e-01
1.148752e-01
1.149151e-01
1.149505e-01
1.149648e-01
1.150013e-01
1.150603e-01
1.150703e-01
1.151207e-01
1.151415e-01
1.151867e-01
1.152119e-01
1.152693e-01
1.153056e-01
1.154051e-01
1.154342e-01
1.155099e-01
1.155699e-01
1.156053e-01
1.156342e-01
1.156405e-01
1.157519e-01
1.158135e-01
1.158666e-01
1.159075e-01
1.160125e-01
1.160377e-01
1.161087e-01
1.161431e-01
1.161790e-01
1.161870e-01
1.162459e-01
1.162853e-01
1.163309e-01
1.163917e-01
1.164638e-01
1.164852e-01
1.165150e-01
1.165681e-01
1.166053e-01
1.166633e-01
1.167261e-01
1.167599e-01
1.168470e-01
1.168576e-01
1.168977e-01
1.169129e-01
1.169820e-01
1.169931e-01
1.170496e-01
1.170921e-01
1.171159e-01
1.172029e-01
1.173036e-01
1.173576e-01
1.173991e-01
1.174255e-01
1.174660e-01
1.175138e-01
1.176045e-01
1.176443e-01
1.177084e-01
1.177627e-01
1.177713e-01
1.178748e-01
1.178947e-01
1.179531e-01
1.179887e-01
1.180746e-01
1.181205e-01
1.181930e-01
1.182631e-01
1.182858e-01
1.183225e-01
1.183501e-01
1.184139e-01
1.185221e-01
1.185489e-01
1.185810e-01
1.186258e-01
1.186639e-01
1.187174e-01
1.187339e-01
1.187893e-01
1.188069e-01
1.188863e-01
1.189465e-01
1.189650e-01
1.190198e-01
1.190758e-01
1.190892e-01
1.191711e-01
1.192185e-01
1.192675e-01
1.192858e-01
1.193621e-01
1.193905e-01
1.194498e-01
1.194751e-01
1.195417e-01
1.195943e-01
1.196375e-01
1.196722e-01
1.197258e-01
1.197526e-01
1.198000e-01
1.198265e-01
1.198954e-01
1.199133e-01
1.199812e-01
1.200171e-01
1.200637e-01
1.201332e-01
1.202091e-01
1.202668e-01
1.203139e-01
1.203419e-01
1.203975e-01
1.204391e-01
1.204908e-01
1.205356e-01
1.205725e-01
1.206598e-01
1.206670e-01
1.207195e-01
1.207637e-01
1.208158e-01
1.208597e-01
1.209080e-01
1.209894e-01
1.210681e-01
1.210869e-01
1.211610e-01
1.212216e-01
1.212584e-01
1.212929e-01
1.213705e-01
1.213970e-01
1.214048e-01
1.214498e-01
1.214904e-01
1.215595e-01
1.215703e-01
1.216633e-01
1.217215e-01
1.217850e-01
1.218010e-01
1.218199e-01
1.219366e-01
1.219945e-01
1.220482e-01
1.220966e-01
1.221664e-01
1.222136e-01
1.223346e-01
1.223607e-01
1.224012e-01
1.224239e-01
1.225134e-01
1.225583e-01
1.225737e-01
1.227089e-01
1.227323e-01
1.227660e-01
1.228087e-01
1.228514e-01
1.228953e-01
1.229102e-01
1.229933e-01
1.230335e-01
1.231545e-01
1.231609e-01
1.231763e-01
1.233002e-01
1.233514e-01
1.234135e-01
1.234309e-01
1.234690e-01
1.235363e-01
1.235811e-01
1.236087e-01
1.236419e-01
1.237442e-01
1.237623e-01
1.238714e-01
1.239259e-01
1.240041e-01
1.240399e-01
1.241148e-01
1.241502e-01
1.241989e-01
1.242369e-01
1.242762e-01
1.243300e-01
1.243816e-01
1.244203e-01
1.244592e-01
1.245164e-01
1.245808e-01
1.246067e-01
1.246498e-01
1.247744e-01
1.248164e-01
1.248704e-01
1.249242e-01
1.250238e-01
1.250511e-01
1.251301e-01
1.251863e-01
1.252170e-01
1.252755e-01
1.252836e-01
1.253292e-01
1.253879e-01
1.254618e-01
1.255025e-01
1.256511e-01
1.256813e-01
1.257216e-01
1.257618e-01
1.258331e-01
1.258548e-01
1.259245e-01
1.260408e-01
1.260494e-01
1.260861e-01
1.261542e-01
1.262355e-01
1.262842e-01
1.263169e-01
1.264080e-01
1.264901e-01
1.265359e-01
1.265972e-01
1.266734e-01
1.267422e-01
1.267909e-01
1.268351e-01
1.268991e-01
1.269712e-01
1.270240e-01
1.270403e-01
1.271417e-01
1.271668e-01
1.272369e-01
1.272769e-01
1.272912e-01
1.273272e-01
1.273785e-01
1.274011e-01
1.274883e-01
1.275621e-01
1.276533e-01
1.276813e-01
1.278340e-01
1.278549e-01
1.279620e-01
1.279634e-01
1.279766e-01
1.280595e-01
1.280761e-01
1.281422e-01
1.281862e-01
1.282675e-01
1.283811e-01
1.284079e-01
1.284319e-01
1.284542e-01
1.284830e-01
1.286035e-01
1.286261e-01
1.286524e-01
1.287811e-01
1.288427e-01
1.288670e-01
1.289634e-01
1.290178e-01
1.290663e-01
1.291250e-01
1.291416e-01
1.292149e-01
1.293317e-01
1.293720e-01
1.294243e-01
1.294313e-01
1.294741e-01
1.295588e-01
1.295857e-01
1.296596e-01
1.297647e-01
1.297949e-01
1.298631e-01
1.298697e-01
1.299509e-01
1.300015e-01
1.301060e-01
1.301475e-01
1.301670e-01
1.302616e-01
1.302854e-01
1.303579e-01
1.304615e-01
1.304801e-01
1.305381e-01
1.305790e-01
1.306230e-01
1.307126e-01
1.307797e-01
1.309146e-01
1.309342e-01
1.309588e-01
1.310586e-01
1.311120e-01
1.311369e-01
1.311764e-01
1.312636e-01
1.312891e-01
1.313746e-01
1.314200e-01
1.314820e-01
1.315629e-01
1.316418e-01
1.316758e-01
1.317642e-01
1.318189e-01
1.318843e-01
1.319091e-01
1.319463e-01
1.320182e-01
1.320922e-01
1.321563e-01
1.321763e-01
1.322283e-01
1.323330e-01
1.323730e-01
1.324387e-01
1.325805e-01
1.325896e-01
1.326378e-01
1.326458e-01
1.326855e-01
1.327644e-01
1.328542e-01
1.328876e-01
1.329325e-01
1.329570e-01
1.329707e-01
1.330571e-01
1.330867e-01
1.331825e-01
1.332712e-01
1.333119e-01
1.333787e-01
1.334675e-01
1.334907e-01
1.335270e-01
1.336069e-01
1.336466e-01
1.337035e-01
1.337468e-01
1.337762e-01
1.338512e-01
1.338769e-01
1.339443e-01
1.339838e-01
1.340012e-01
1.340626e-01
1.341249e-01
1.341427e-01
1.342093e-01
1.342343e-01
1.342949e-01
1.343183e-01
1.344598e-01
1.344881e-01
1.345406e-01
1.345858e-01
1.347125e-01
1.347430e-01
1.347799e-01
1.348184e-01
1.348350e-01
1.348982e-01
1.349735e-01
1.350453e-01
1.350507e-01
1.351277e-01
1.351519e-01
1.351770e-01
1.352523e-01
1.352838e-01
1.353429e-01
1.353911e-01
1.354384e-01
1.354990e-01
1.355246e-01
1.357160e-01
1.357455e-01
1.357841e-01
1.358313e-01
1.358608e-01
1.359298e-01
1.359637e-01
1.360443e-01
1.361119e-01
1.361597e-01
1.362306e-01
1.363121e-01
1.363416e-01
1.363616e-01
1.363906e-01
1.364283e-01
1.364801e-01
1.365080e-01
1.365825e-01
1.366641e-01
1.367036e-01
1.367658e-01
1.368092e-01
1.368852e-01
1.369316e-01
1.369587e-01
1.370025e-01
1.370401e-01
1.371564e-01
1.372084e-01
1.372567e-01
1.373014e-01
1.373818e-01
1.374335e-01
1.374779e-01
1.375169e-01
1.375274e-01
1.376632e-01
1.377110e-01
1.377417e-01
1.378194e-01
1.378717e-01
1.379072e-01
1.379681e-01
1.380003e-01
1.380461e-01
1.380603e-01
1.381684e-01
1.381952e-01
1.383192e-01
1.383663e-01
1.383998e-01
1.384212e-01
1.384805e-01
1.385705e-01
1.386746e-01
1.387406e-01
1.388048e-01
1.388422e-01
1.389691e-01
1.390394e-01
1.390712e-01
1.390833e-01
1.391325e-01
1.392136e-01
1.392664e-01
1.394091e-01
1.394322e-01
1.394606e-01
1.394896e-01
1.395816e-01
1.396326e-01
1.397254e-01
1.398496e-01
1.399127e-01
1.399454e-01
1.400106e-01
1.400195e-01
1.401116e-01
1.402086e-01
1.402503e-01
1.403460e-01
1.404156e-01
1.404481e-01
1.405922e-01
1.406073e-01
1.406943e-01
1.407467e-01
1.408402e-01
1.408871e-01
1.409424e-01
1.410800e-01
1.411135e-01
1.411867e-01
1.412468e-01
1.412920e-01
1.413406e-01
1.413975e-01
1.415123e-01
1.415615e-01
1.416010e-01
1.416755e-01
1.417160e-01
1.418299e-01
1.419586e-01
1.419682e-01
1.419901e-01
1.420948e-01
1.422174e-01
1.422606e-01
1.423227e-01
1.424445e-01
1.425055e-01
1.425657e-01
1.426033e-01
1.426701e-01
1.427131e-01
1.427789e-01
1.427990e-01
1.428399e-01
1.428679e-01
1.429225e-01
1.430244e-01
1.431142e-01
1.432284e-01
1.432688e-01
1.433633e-01
1.433915e-01
1.434240e-01
1.435229e-01
1.435778e-01
1.436687e-01
1.436875e-01
1.437371e-01
1.437831e-01
1.438705e-01
1.438913e-01
1.439249e-01
1.440124e-01
1.441258e-01
1.441529e-01
1.441924e-01
1.443009e-01
1.443563e-01
1.443925e-01
1.444374e-01
1.444794e-01
1.445572e-01
1.446296e-01
1.446747e-01
1.446860e-01
1.447924e-01
1.448793e-01
1.449392e-01
1.449679e-01
1.450200e-01
1.450407e-01
1.451146e-01
1.451571e-01
1.452199e-01
1.453037e-01
1.454274e-01
1.454803e-01
1.455301e-01
1.456115e-01
1.456287e-01
1.457056e-01
1.458295e-01
1.458606e-01
1.459290e-01
1.459626e-01
1.460335e-01
1.460858e-01
1.461465e-01
1.461712e-01
1.462520e-01
1.462930e-01
1.463423e-01
1.464317e-01
1.464762e-01
1.465295e-01
1.465936e-01
1.466098e-01
1.467074e-01
1.467200e-01
1.468326e-01
1.468920e-01
1.469092e-01
1.469881e-01
1.470168e-01
1.471632e-01
1.472390e-01
1.473365e-01
1.475235e-01
1.475650e-01
1.476510e-01
1.477377e-01
1.477929e-01
1.479340e-01
1.479743e-01
1.479979e-01
1.480957e-01
1.481802e-01
1.481922e-01
1.482350e-01
1.483794e-01
1.485003e-01
1.486309e-01
1.487131e-01
1.487505e-01
1.489182e-01
1.489628e-01
1.489753e-01
1.490102e-01
1.491343e-01
1.491810e-01
1.492729e-01
1.493312e-01
1.493373e-01
1.494373e-01
1.494651e-01
1.495068e-01
1.495519e-01
1.495974e-01
1.496845e-01
1.497072e-01
1.497726e-01
1.498398e-01
1.499377e-01
1.499825e-01
1.500428e-01
1.501290e-01
1.501785e-01
1.502419e-01
1.502560e-01
1.504276e-01
1.504524e-01
1.505605e-01
1.505990e-01
1.506611e-01
1.507117e-01
1.507542e-01
1.508500e-01
1.509090e-01
1.509488e-01
1.510392e-01
1.510910e-01
1.512099e-01
1.513215e-01
1.514351e-01
1.514651e-01
1.514707e-01
1.515935e-01
1.516234e-01
1.517372e-01
1.518558e-01
1.518979e-01
1.519388e-01
1.519783e-01
1.520678e-01
1.521253e-01
1.521895e-01
1.522776e-01
1.523762e-01
1.524002e-01
1.524632e-01
1.525612e-01
1.526696e-01
1.527239e-01
1.527500e-01
1.527949e-01
1.528654e-01
1.529229e-01
1.529544e-01
1.530231e-01
1.531388e-01
1.531768e-01
1.532170e-01
1.532587e-01
1.532932e-01
1.533777e-01
1.534507e-01
1.535074e-01
1.535717e-01
1.536393e-01
1.536544e-01
1.537382e-01
1.537687e-01
1.538444e-01
1.538872e-01
1.539103e-01
1.539385e-01
1.539768e-01
1.540413e-01
1.540744e-01
1.541267e-01
1.541437e-01
1.542162e-01
1.542439e-01
1.542989e-01
1.543222e-01
1.543894e-01
1.544842e-01
1.545691e-01
1.545767e-01
1.546168e-01
1.548121e-01
1.548529e-01
1.550368e-01
1.550680e-01
1.551897e-01
1.552781e-01
1.553512e-01
1.554425e-01
1.555357e-01
1.556491e-01
1.556926e-01
1.557670e-01
1.558723e-01
1.559017e-01
1.560834e-01
1.561593e-01
1.561809e-01
1.562250e-01
1.563022e-01
1.563874e-01
1.564446e-01
1.565748e-01
1.566092e-01
1.566845e-01
1.568180e-01
1.569000e-01
1.569668e-01
1.569972e-01
1.570439e-01
1.570937e-01
1.573288e-01
1.573816e-01
1.574469e-01
1.575882e-01
1.576374e-01
1.578235e-01
1.578628e-01
1.579337e-01
1.580528e-01
1.580767e-01
1.581028e-01
1.581654e-01
1.582336e-01
1.583044e-01
1.583987e-01
1.584063e-01
1.584845e-01
1.585010e-01
1.585447e-01
1.586966e-01
1.587866e-01
1.588035e-01
1.588275e-01
1.589028e-01
1.589580e-01
1.589880e-01
1.590730e-01
1.591834e-01
1.592337e-01
1.592681e-01
1.594004e-01
1.594641e-01
1.595378e-01
1.596530e-01
1.596975e-01
1.597327e-01
1.599308e-01
1.600203e-01
1.600977e-01
1.602013e-01
1.602474e-01
1.603296e-01
1.603701e-01
1.604034e-01
1.604641e-01
1.605456e-01
1.607039e-01
1.608060e-01
1.608922e-01
1.609716e-01
1.609967e-01
1.611711e-01
1.611982e-01
1.612090e-01
1.612189e-01
1.612912e-01
1.613030e-01
1.613885e-01
1.615016e-01
1.616029e-01
1.616232e-01
1.617301e-01
1.617832e-01
1.618849e-01
1.619240e-01
1.620461e-01
1.620669e-01
1.621458e-01
1.622399e-01
1.623075e-01
1.623649e-01
1.624109e-01
1.624777e-01
1.625725e-01
1.626288e-01
1.626949e-01
1.627570e-01
1.627797e-01
1.628879e-01
1.629635e-01
1.630535e-01
1.631092e-01
1.631676e-01
1.632794e-01
1.633382e-01
1.633933e-01
1.634990e-01
1.637056e-01
1.637822e-01
1.639896e-01
1.640219e-01
1.640725e-01
1.641439e-01
1.642160e-01
1.642877e-01
1.643282e-01
1.643547e-01
1.644417e-01
1.646003e-01
1.646324e-01
1.649501e-01
1.650073e-01
1.651043e-01
1.652055e-01
1.652674e-01
1.653590e-01
1.654221e-01
1.654767e-01
1.656472e-01
1.657098e-01
1.657888e-01
1.658039e-01
1.658866e-01
1.659879e-01
1.661680e-01
1.662306e-01
1.662918e-01
1.663529e-01
1.664818e-01
1.664942e-01
1.666149e-01
1.667113e-01
1.668693e-01
1.669890e-01
1.671188e-01
1.671770e-01
1.673118e-01
1.673999e-01
1.674743e-01
1.676325e-01
1.677031e-01
1.677576e-01
1.678507e-01
1.679080e-01
1.679598e-01
1.680351e-01
1.681420e-01
1.682516e-01
1.682627e-01
1.683146e-01
1.685175e-01
1.686303e-01
1.686547e-01
1.687386e-01
1.689807e-01
1.690177e-01
1.690343e-01
1.691997e-01
1.693832e-01
1.694150e-01
1.694672e-01
1.695818e-01
1.696021e-01
1.696858e-01
1.697192e-01
1.698011e-01
1.698915e-01
1.700339e-01
1.701897e-01
1.702622e-01
1.702924e-01
1.703553e-01
1.704022e-01
1.705369e-01
1.706368e-01
1.706774e-01
1.708376e-01
1.709619e-01
1.710528e-01
1.710688e-01
1.712218e-01
1.712965e-01
1.714009e-01
1.714720e-01
1.717608e-01
1.717950e-01
1.720457e-01
1.721235e-01
1.722445e-01
1.723144e-01
1.724514e-01
1.724610e-01
1.726108e-01
1.726991e-01
1.727403e-01
1.728788e-01
1.729045e-01
1.729705e-01
1.730870e-01
1.731094e-01
1.732525e-01
1.733318e-01
1.735381e-01
1.735919e-01
1.736174e-01
1.736616e-01
1.739800e-01
1.740883e-01
1.742003e-01
1.742462e-01
1.743762e-01
1.744956e-01
1.748604e-01
1.749708e-01
1.751196e-01
1.752899e-01
1.753395e-01
1.754584e-01
1.755295e-01
1.756110e-01
1.757280e-01
1.758343e-01
1.759125e-01
1.760534e-01
1.762456e-01
1.763962e-01
1.764367e-01
1.767194e-01
1.767812e-01
1.768864e-01
1.770670e-01
1.771278e-01
1.772038e-01
1.773325e-01
1.773531e-01
1.774679e-01
1.775364e-01
1.776108e-01
1.776639e-01
1.777336e-01
1.778244e-01
1.779325e-01
1.780323e-01
1.780969e-01
1.781207e-01
1.782254e-01
1.782790e-01
1.783745e-01
1.785141e-01
1.785368e-01
1.786206e-01
1.786999e-01
1.787769e-01
1.788127e-01
1.789305e-01
1.789720e-01
1.790428e-01
1.791437e-01
1.792415e-01
1.792677e-01
1.793104e-01
1.794704e-01
1.795344e-01
1.795977e-01
1.796262e-01
1.797510e-01
1.798540e-01
1.799304e-01
1.800369e-01
1.801770e-01
1.802830e-01
1.803079e-01
1.803893e-01
1.804481e-01
1.806074e-01
1.807115e-01
1.808046e-01
1.808356e-01
1.808730e-01
1.810471e-01
1.810919e-01
1.811590e-01
1.812222e-01
1.812444e-01
1.814610e-01
1.814906e-01
1.815526e-01
1.816837e-01
1.817746e-01
1.818418e-01
1.818981e-01
1.819982e-01
1.821979e-01
1.823129e-01
1.823779e-01
1.825611e-01
1.825736e-01
1.826813e-01
1.827385e-01
1.828853e-01
1.829139e-01
1.829628e-01
1.831066e-01
1.833624e-01
1.834630e-01
1.835309e-01
1.835499e-01
1.837150e-01
1.838302e-01
1.838542e-01
1.840535e-01
1.840834e-01
1.842115e-01
1.843587e-01
1.844055e-01
1.845335e-01
1.845737e-01
1.847132e-01
1.847532e-01
1.848166e-01
1.848509e-01
1.849836e-01
1.850191e-01
1.851811e-01
1.852311e-01
1.854307e-01
1.855101e-01
1.856689e-01
1.857484e-01
1.858825e-01
1.859600e-01
1.859955e-01
1.860959e-01
1.861469e-01
1.862389e-01
1.862912e-01
1.865341e-01
1.866586e-01
1.868018e-01
1.868446e-01
1.868680e-01
1.869205e-01
1.870280e-01
1.871681e-01
1.872318e-01
1.872567e-01
1.873452e-01
1.874490e-01
1.875241e-01
1.875690e-01
1.876129e-01
1.877045e-01
1.877790e-01
1.878369e-01
1.879154e-01
1.880376e-01
1.880886e-01
1.881557e-01
1.882036e-01
1.882359e-01
1.882970e-01
1.884860e-01
1.885517e-01
1.885948e-01
1.886428e-01
1.888104e-01
1.889284e-01
1.890039e-01
1.891337e-01
1.891652e-01
1.892213e-01
1.894492e-01
1.895864e-01
1.896377e-01
1.896956e-01
1.898344e-01
1.899446e-01
1.901165e-01
1.901333e-01
1.903205e-01
1.905160e-01
1.906280e-01
1.906657e-01
1.907963e-01
1.908936e-01
1.910555e-01
1.911913e-01
1.912632e-01
1.915935e-01
1.916724e-01
1.917726e-01
1.919106e-01
1.919240e-01
1.921130e-01
1.922067e-01
1.922894e-01
1.923803e-01
1.924599e-01
1.925896e-01
1.926774e-01
1.927263e-01
1.927826e-01
1.927863e-01
1.930753e-01
1.931113e-01
1.932328e-01
1.935024e-01
1.935312e-01
1.936242e-01
1.938842e-01
1.939280e-01
1.941685e-01
1.942782e-01
1.944062e-01
1.945294e-01
1.946278e-01
1.947525e-01
1.947977e-01
1.950631e-01
1.950959e-01
1.951181e-01
1.952074e-01
1.953869e-01
1.956292e-01
1.958471e-01
1.960239e-01
1.962090e-01
1.962534e-01
1.962794e-01
1.964498e-01
1.965870e-01
1.968114e-01
1.969391e-01
1.970707e-01
1.971101e-01
1.972512e-01
1.972846e-01
1.973267e-01
1.974173e-01
1.974663e-01
1.975278e-01
1.977055e-01
1.977134e-01
1.978476e-01
1.980142e-01
1.982408e-01
1.983164e-01
1.984221e-01
1.985924e-01
1.986544e-01
1.987362e-01
1.987824e-01
1.988661e-01
1.989925e-01
1.990614e-01
1.992428e-01
1.994650e-01
1.995148e-01
1.996746e-01
1.997558e-01
1.999439e-01
2.000222e-01
2.000727e-01
2.001325e-01
2.002268e-01
2.002869e-01
2.004025e-01
2.005836e-01
2.007180e-01
2.007797e-01
2.008699e-01
2.010200e-01
2.012078e-01
2.012530e-01
2.013672e-01
2.014319e-01
2.015315e-01
2.016382e-01
2.017019e-01
2.018326e-01
2.018645e-01
2.020077e-01
2.020870e-01
2.022709e-01
2.023759e-01
2.024194e-01
2.026115e-01
2.027241e-01
2.027936e-01
2.029374e-01
2.030644e-01
2.031678e-01
2.032003e-01
2.032426e-01
2.033080e-01
2.033376e-01
2.034915e-01
2.035554e-01
2.036665e-01
2.038344e-01
2.039870e-01
2.041396e-01
2.043078e-01
2.044603e-01
2.045443e-01
2.047292e-01
2.048258e-01
2.049908e-01
2.050906e-01
2.052644e-01
2.054100e-01
2.054752e-01
2.055694e-01
2.059758e-01
2.060324e-01
2.061340e-01
2.062622e-01
2.063546e-01
2.066191e-01
2.068139e-01
2.069769e-01
2.070063e-01
2.071999e-01
2.073591e-01
2.073890e-01
2.074540e-01
2.076738e-01
2.080635e-01
2.081708e-01
2.082564e-01
2.083759e-01
2.087509e-01
2.091087e-01
2.091981e-01
2.093582e-01
2.095346e-01
2.095865e-01
2.098203e-01
2.099233e-01
2.100278e-01
2.101724e-01
2.104900e-01
2.106136e-01
2.106994e-01
2.108578e-01
2.110688e-01
2.113779e-01
2.114982e-01
2.115620e-01
2.117046e-01
2.119593e-01
2.120539e-01
2.122005e-01
2.122723e-01
2.123896e-01
2.126071e-01
2.127460e-01
2.128630e-01
2.130183e-01
2.131052e-01
2.131586e-01
2.132255e-01
2.133586e-01
2.135108e-01
2.137068e-01
2.139672e-01
2.140797e-01
2.142584e-01
2.143981e-01
2.145818e-01
2.146404e-01
2.147916e-01
2.148199e-01
2.148793e-01
2.149840e-01
2.150128e-01
2.151684e-01
2.152269e-01
2.153067e-01
2.154085e-01
2.154601e-01
2.155265e-01
2.156266e-01
2.157574e-01
2.158188e-01
2.158556e-01
2.159756e-01
2.161078e-01
2.162262e-01
2.164806e-01
2.165448e-01
2.167297e-01
2.170088e-01
2.170211e-01
2.170643e-01
2.171726e-01
2.172304e-01
2.172429e-01
2.173229e-01
2.175441e-01
2.176137e-01
2.176628e-01
2.178365e-01
2.179759e-01
2.180130e-01
2.180399e-01
2.182252e-01
2.183721e-01
2.185025e-01
2.186132e-01
2.186740e-01
2.186894e-01
2.187833e-01
2.189920e-01
2.190903e-01
2.192439e-01
2.193403e-01
2.194704e-01
2.194741e-01
2.195481e-01
2.196759e-01
2.197980e-01
2.199127e-01
2.200016e-01
2.200576e-01
2.201049e-01
2.203020e-01
2.204449e-01
2.204872e-01
2.205586e-01
2.207327e-01
2.209455e-01
2.209828e-01
2.212851e-01
2.212995e-01
2.214230e-01
2.215002e-01
2.215586e-01
2.216702e-01
2.218272e-01
2.219201e-01
2.221782e-01
2.222266e-01
2.223425e-01
2.224211e-01
2.224630e-01
2.226080e-01
2.228377e-01
2.229462e-01
2.229978e-01
2.231513e-01
2.232769e-01
2.235724e-01
2.236687e-01
2.238757e-01
2.239636e-01
2.244056e-01
2.245138e-01
2.245596e-01
2.246509e-01
2.247764e-01
2.250030e-01
2.250391e-01
2.251340e-01
2.254427e-01
2.256099e-01
2.259431e-01
2.260681e-01
2.262141e-01
2.262162e-01
2.263976e-01
2.264325e-01
2.265124e-01
2.267413e-01
2.268431e-01
2.270363e-01
2.270628e-01
2.271757e-01
2.275444e-01
2.275872e-01
2.277243e-01
2.278491e-01
2.281404e-01
2.283991e-01
2.284528e-01
2.285279e-01
2.285848e-01
2.289812e-01
2.291277e-01
2.294317e-01
2.294849e-01
2.296230e-01
2.297633e-01
2.299252e-01
2.300509e-01
2.301359e-01
2.302188e-01
2.304099e-01
2.306513e-01
2.308818e-01
2.309386e-01
2.310288e-01
2.311831e-01
2.313212e-01
2.314057e-01
2.314946e-01
2.315017e-01
2.315472e-01
2.318667e-01
2.319656e-01
2.321034e-01
2.321608e-01
2.322339e-01
2.322510e-01
2.324679e-01
2.325252e-01
2.326467e-01
2.328200e-01
2.329230e-01
2.329885e-01
2.331771e-01
2.332327e-01
2.334029e-01
2.335575e-01
2.337610e-01
2.340071e-01
2.340576e-01
2.341823e-01
2.344086e-01
2.347027e-01
2.348384e-01
2.350238e-01
2.351587e-01
2.352326e-01
2.354139e-01
2.357384e-01
2.359538e-01
2.360184e-01
2.360927e-01
2.362760e-01
2.364814e-01
2.369644e-01
2.373336e-01
2.374138e-01
2.376108e-01
2.376657e-01
2.378345e-01
2.379225e-01
2.381185e-01
2.382305e-01
2.387156e-01
2.388864e-01
2.389599e-01
2.391271e-01
2.394448e-01
2.395654e-01
2.397311e-01
2.397602e-01
2.400028e-01
2.400695e-01
2.401498e-01
2.403671e-01
2.406066e-01
2.406397e-01
2.410751e-01
2.414409e-01
2.415588e-01
2.416055e-01
2.417092e-01
2.417729e-01
2.418397e-01
2.424251e-01
2.424891e-01
2.426078e-01
2.430266e-01
2.431537e-01
2.435086e-01
2.438829e-01
2.440364e-01
2.441713e-01
2.442276e-01
2.443407e-01
2.447994e-01
2.448585e-01
2.451527e-01
2.452605e-01
2.456621e-01
2.458031e-01
2.458526e-01
2.460415e-01
2.463337e-01
2.465911e-01
2.470444e-01
2.470815e-01
2.471717e-01
2.472686e-01
2.473448e-01
2.476549e-01
2.478268e-01
2.481618e-01
2.482903e-01
2.484264e-01
2.486187e-01
2.487694e-01
2.492069e-01
2.495010e-01
2.498369e-01
2.505897e-01
2.506559e-01
2.507636e-01
2.510469e-01
2.512132e-01
2.517546e-01
2.519297e-01
2.521237e-01
2.523913e-01
2.525311e-01
2.527585e-01
2.529264e-01
2.529775e-01
2.532739e-01
2.533771e-01
2.536547e-01
2.540271e-01
2.541632e-01
2.544161e-01
2.545876e-01
2.547126e-01
2.550481e-01
2.553078e-01
2.553726e-01
2.555746e-01
2.557146e-01
2.559225e-01
2.561599e-01
2.563530e-01
2.564518e-01
2.567237e-01
2.567857e-01
2.569641e-01
2.570594e-01
2.571250e-01
2.574793e-01
2.575472e-01
2.577288e-01
2.579688e-01
2.581087e-01
2.582353e-01
2.583528e-01
2.584986e-01
2.587662e-01
2.589215e-01
2.590543e-01
2.593953e-01
2.595422e-01
2.597749e-01
2.598529e-01
2.599288e-01
2.601742e-01
2.602783e-01
2.604062e-01
2.606280e-01
2.606754e-01
2.607474e-01
2.608953e-01
2.610056e-01
2.610379e-01
2.611891e-01
2.613225e-01
2.617174e-01
2.617591e-01
2.618389e-01
2.619909e-01
2.621173e-01
2.622722e-01
2.625674e-01
2.625963e-01
2.626118e-01
2.627321e-01
2.628694e-01
2.631043e-01
2.632388e-01
2.634058e-01
2.637772e-01
2.638183e-01
2.640842e-01
2.643759e-01
2.644294e-01
2.649574e-01
2.653345e-01
2.655200e-01
2.655554e-01
2.657705e-01
2.659756e-01
2.662604e-01
2.664665e-01
2.667469e-01
2.669638e-01
2.672501e-01
2.676578e-01
2.679403e-01
2.680923e-01
2.681670e-01
2.683200e-01
2.684826e-01
2.685633e-01
2.688113e-01
2.691269e-01
2.692226e-01
2.693428e-01
2.695407e-01
2.696550e-01
2.698145e-01
2.699739e-01
2.704560e-01
2.705202e-01
2.708499e-01
2.709648e-01
2.712100e-01
2.713630e-01
2.714753e-01
2.715734e-01
2.718940e-01
2.721760e-01
2.723887e-01
2.725570e-01
2.726977e-01
2.727014e-01
2.727489e-01
2.732995e-01
2.733625e-01
2.734615e-01
2.735812e-01
2.736751e-01
2.737368e-01
2.740640e-01
2.740954e-01
2.742612e-01
2.743510e-01
2.743700e-01
2.744324e-01
2.746124e-01
2.747705e-01
2.750443e-01
2.751478e-01
2.753616e-01
2.756231e-01
2.757704e-01
2.758413e-01
2.760236e-01
2.762176e-01
2.763140e-01
2.763555e-01
2.765730e-01
2.766956e-01
2.768685e-01
2.769941e-01
2.773149e-01
2.773558e-01
2.774210e-01
2.776961e-01
2.778076e-01
2.779049e-01
2.780079e-01
2.782086e-01
2.785498e-01
2.787023e-01
2.789577e-01
2.790466e-01
2.791013e-01
2.793544e-01
2.796078e-01
2.797978e-01
2.799664e-01
2.800586e-01
2.802395e-01
2.804404e-01
2.805445e-01
2.807824e-01
2.809697e-01
2.809851e-01
2.811323e-01
2.814710e-01
2.816767e-01
2.818972e-01
2.820114e-01
2.823314e-01
2.823860e-01
2.824719e-01
2.827997e-01
2.828112e-01
2.830654e-01
2.831057e-01
2.833023e-01
2.833940e-01
2.834851e-01
2.837030e-01
2.838052e-01
2.841020e-01
2.841903e-01
2.843501e-01
2.847619e-01
2.849942e-01
2.850032e-01
2.852505e-01
2.855855e-01
2.857069e-01
2.858209e-01
2.859398e-01
2.861803e-01
2.865928e-01
2.866126e-01
2.868454e-01
2.869961e-01
2.872916e-01
2.877197e-01
2.880681e-01
2.882987e-01
2.884020e-01
2.885403e-01
2.887790e-01
2.888307e-01
2.890792e-01
2.892238e-01
2.893543e-01
2.894723e-01
2.896807e-01
2.900206e-01
2.903179e-01
2.903965e-01
2.905361e-01
2.907782e-01
2.908579e-01
2.910539e-01
2.911237e-01
2.911723e-01
2.912879e-01
2.914504e-01
2.915485e-01
2.916110e-01
2.919039e-01
2.921163e-01
2.922568e-01
2.922955e-01
2.923919e-01
2.929263e-01
2.930737e-01
2.932224e-01
2.935817e-01
2.937883e-01
2.940135e-01
2.942769e-01
2.944676e-01
2.950039e-01
2.951716e-01
2.955997e-01
2.956386e-01
2.959205e-01
2.961825e-01
2.963455e-01
2.965295e-01
2.971351e-01
2.973059e-01
2.974245e-01
2.977146e-01
2.982813e-01
2.986771e-01
2.987660e-01
2.988102e-01
2.989722e-01
2.991329e-01
2.991559e-01
2.992385e-01
2.993535e-01
2.996006e-01
2.997372e-01
2.999597e-01
3.000094e-01
3.001519e-01
3.004073e-01
3.006655e-01
3.009798e-01
3.012383e-01
3.013932e-01
3.020181e-01
3.022978e-01
3.024718e-01
3.026348e-01
3.030488e-01
3.033212e-01
3.034777e-01
3.037223e-01
3.038524e-01
3.039331e-01
3.039955e-01
3.040910e-01
3.042046e-01
3.044044e-01
3.045398e-01
3.047529e-01
3.048151e-01
3.050047e-01
3.052998e-01
3.054319e-01
3.055540e-01
3.056100e-01
3.059190e-01
3.059454e-01
3.060317e-01
3.062525e-01
3.064637e-01
3.066727e-01
3.071018e-01
3.072147e-01
3.074908e-01
3.075548e-01
3.076799e-01
3.079492e-01
3.080808e-01
3.084237e-01
3.087645e-01
3.090628e-01
3.094951e-01
3.098890e-01
3.100015e-01
3.101576e-01
3.105194e-01
3.107687e-01
3.110231e-01
3.113973e-01
3.115490e-01
3.118712e-01
3.120754e-01
3.125329e-01
3.128270e-01
3.130263e-01
3.135403e-01
3.137120e-01
3.142367e-01
3.144051e-01
3.148655e-01
3.150271e-01
3.153657e-01
3.157915e-01
3.162692e-01
3.163811e-01
3.165427e-01
3.171737e-01
3.172400e-01
3.175749e-01
3.178927e-01
3.179765e-01
3.186476e-01
3.189546e-01
3.194431e-01
3.199975e-01
3.202697e-01
3.206003e-01
3.208033e-01
3.209432e-01
3.218840e-01
3.223431e-01
3.227650e-01
3.234995e-01
3.239062e-01
3.242184e-01
3.247823e-01
3.252518e-01
3.254428e-01
3.255113e-01
3.257232e-01
3.258378e-01
3.268080e-01
3.268874e-01
3.270750e-01
3.272653e-01
3.277673e-01
3.279693e-01
3.281963e-01
3.283246e-01
3.289563e-01
3.290107e-01
3.292490e-01
3.299364e-01
3.305492e-01
3.308951e-01
3.314167e-01
3.316305e-01
3.321935e-01
3.322669e-01
3.325090e-01
3.329769e-01
3.330484e-01
3.331189e-01
3.335649e-01
3.335931e-01
3.337118e-01
3.339600e-01
3.341231e-01
3.347450e-01
3.353187e-01
3.357071e-01
3.358847e-01
3.360637e-01
3.362880e-01
3.363317e-01
3.366654e-01
3.369955e-01
3.370272e-01
3.375158e-01
3.375748e-01
3.378378e-01
3.381401e-01
3.386747e-01
3.388393e-01
3.391486e-01
3.393746e-01
3.396258e-01
3.402024e-01
3.402578e-01
3.405453e-01
3.410911e-01
3.412112e-01
3.415297e-01
3.417599e-01
3.419733e-01
3.424080e-01
3.432007e-01
3.433590e-01
3.441347e-01
3.443730e-01
3.444606e-01
3.446154e-01
3.447755e-01
3.449757e-01
3.450830e-01
3.454835e-01
3.457641e-01
3.458327e-01
3.459421e-01
3.463151e-01
3.465842e-01
3.467900e-01
3.470357e-01
3.472082e-01
3.473759e-01
3.476354e-01
3.477297e-01
3.484787e-01
3.487591e-01
3.493907e-01
3.500686e-01
3.500967e-01
3.503038e-01
3.504722e-01
3.506287e-01
3.508836e-01
3.516290e-01
3.518180e-01
3.520578e-01
3.524825e-01
3.527410e-01
3.529268e-01
3.532668e-01
3.533899e-01
3.534867e-01
3.537153e-01
3.540534e-01
3.541584e-01
3.542671e-01
3.545795e-01
3.552143e-01
3.557470e-01
3.559056e-01
3.563592e-01
3.565474e-01
3.570775e-01
3.573688e-01
3.574456e-01
3.577052e-01
3.585476e-01
3.590286e-01
3.595942e-01
3.597090e-01
3.598444e-01
3.600305e-01
3.604683e-01
3.606626e-01
3.608154e-01
3.616855e-01
3.618922e-01
3.620223e-01
3.625514e-01
3.627765e-01
3.630538e-01
3.634497e-01
3.641153e-01
3.643917e-01
3.650226e-01
3.654340e-01
3.658251e-01
3.660055e-01
3.662474e-01
3.663210e-01
3.665116e-01
3.668838e-01
3.671164e-01
3.674076e-01
3.675006e-01
3.676168e-01
3.678976e-01
3.679659e-01
3.683788e-01
3.684106e-01
3.688491e-01
3.693652e-01
3.695377e-01
3.696364e-01
3.700152e-01
3.702016e-01
3.704314e-01
3.707520e-01
3.708789e-01
3.714017e-01
3.715712e-01
3.716946e-01
3.723702e-01
3.725164e-01
3.726815e-01
3.731935e-01
3.737001e-01
3.739988e-01
3.740970e-01
3.744723e-01
3.745570e-01
3.749079e-01
3.749884e-01
3.756166e-01
3.759160e-01
3.764094e-01
3.771850e-01
3.776650e-01
3.779115e-01
3.784331e-01
3.788551e-01
3.790642e-01
3.793072e-01
3.796582e-01
3.797794e-01
3.800755e-01
3.802667e-01
3.811437e-01
3.814432e-01
3.815083e-01
3.817266e-01
3.819434e-01
3.823801e-01
3.827694e-01
3.828515e-01
3.831906e-01
3.834011e-01
3.835222e-01
3.837528e-01
3.842262e-01
3.845075e-01
3.851572e-01
3.857336e-01
3.860514e-01
3.867392e-01
3.872821e-01
3.874498e-01
3.880768e-01
3.882184e-01
3.882770e-01
3.886177e-01
3.888173e-01
3.889243e-01
3.891994e-01
3.893937e-01
3.901300e-01
3.903547e-01
3.906310e-01
3.907228e-01
3.911287e-01
3.913873e-01
3.920549e-01
3.922111e-01
3.925374e-01
3.927475e-01
3.929593e-01
3.934751e-01
3.937553e-01
3.943936e-01
3.947291e-01
3.949847e-01
3.952283e-01
3.952903e-01
3.956283e-01
3.959330e-01
3.959743e-01
3.960911e-01
3.964765e-01
3.967492e-01
3.968423e-01
3.968790e-01
3.970958e-01
3.972112e-01
3.972861e-01
3.975347e-01
3.978515e-01
3.980316e-01
3.985058e-01
3.988497e-01
3.991704e-01
3.995140e-01
3.996017e-01
4.001277e-01
4.001728e-01
4.013801e-01
4.024092e-01
4.029877e-01
4.030753e-01
4.033547e-01
4.034809e-01
4.038944e-01
4.043550e-01
4.047064e-01
4.053503e-01
4.055400e-01
4.057659e-01
4.062186e-01
4.066154e-01
4.069782e-01
4.072048e-01
4.076971e-01
4.082655e-01
4.086878e-01
4.087865e-01
4.088239e-01
4.095765e-01
4.096584e-01
4.099631e-01
4.103588e-01
4.105033e-01
4.105891e-01
4.111416e-01
4.115651e-01
4.118303e-01
4.133025e-01
4.133467e-01
4.152091e-01
4.154952e-01
4.160873e-01
4.162905e-01
4.165100e-01
4.172677e-01
4.188498e-01
4.190778e-01
4.192293e-01
4.202779e-01
4.204219e-01
4.206774e-01
4.211795e-01
4.214317e-01
4.218665e-01
4.221005e-01
4.225957e-01
4.229178e-01
4.230572e-01
4.234290e-01
4.237481e-01
4.244906e-01
4.245769e-01
4.249840e-01
4.255340e-01
4.256468e-01
4.265708e-01
4.271207e-01
4.276935e-01
4.279629e-01
4.282871e-01
4.290223e-01
4.295371e-01
4.300885e-01
4.304367e-01
4.310915e-01
4.313525e-01
4.317663e-01
4.319613e-01
4.320820e-01
4.326290e-01
4.331461e-01
4.335292e-01
4.337472e-01
4.339081e-01
4.343769e-01
4.345131e-01
4.348085e-01
4.358728e-01
4.360436e-01
4.363383e-01
4.367009e-01
4.377893e-01
4.380940e-01
4.385521e-01
4.389086e-01
4.391259e-01
4.397728e-01
4.400418e-01
4.405796e-01
4.411975e-01
4.416073e-01
4.419264e-01
4.420324e-01
4.428433e-01
4.429210e-01
4.431037e-01
4.436254e-01
4.443407e-01
4.445013e-01
4.447591e-01
4.450496e-01
4.453129e-01
4.454747e-01
4.457685e-01
4.461925e-01
4.464265e-01
4.467419e-01
4.470238e-01
4.470964e-01
4.473396e-01
4.478620e-01
4.479340e-01
4.480706e-01
4.483722e-01
4.484693e-01
4.489455e-01
4.492029e-01
4.499027e-01
4.505705e-01
4.507098e-01
4.508902e-01
4.516099e-01
4.520166e-01
4.524391e-01
4.534403e-01
4.535130e-01
4.537994e-01
4.543064e-01
4.547153e-01
4.550098e-01
4.551154e-01
4.558323e-01
4.561387e-01
4.565501e-01
4.572188e-01
4.576883e-01
4.582343e-01
4.586231e-01
4.591659e-01
4.600036e-01
4.610408e-01
4.613994e-01
4.642712e-01
4.645239e-01
4.652147e-01
4.663784e-01
4.669119e-01
4.675593e-01
4.682411e-01
4.686871e-01
4.689403e-01
4.691035e-01
4.703668e-01
4.704496e-01
4.715889e-01
4.717485e-01
4.721956e-01
4.723161e-01
4.736851e-01
4.741759e-01
4.745523e-01
4.749057e-01
4.762101e-01
4.766273e-01
4.779243e-01
4.785167e-01
4.791164e-01
4.793384e-01
4.798754e-01
4.803617e-01
4.808534e-01
4.814112e-01
4.815614e-01
4.822432e-01
4.825917e-01
4.833664e-01
4.837700e-01
4.841385e-01
4.845417e-01
4.847769e-01
4.854406e-01
4.859126e-01
4.861952e-01
4.868927e-01
4.869407e-01
4.874312e-01
4.876346e-01
4.889361e-01
4.891128e-01
4.899177e-01
4.917990e-01
4.922666e-01
4.924086e-01
4.935312e-01
4.940279e-01
4.947311e-01
4.968354e-01
4.973893e-01
4.976851e-01
4.989414e-01
4.999600e-01
5.005094e-01
5.009739e-01
5.018144e-01
5.027819e-01
5.036704e-01
5.041731e-01
5.047363e-01
5.052874e-01
5.056229e-01
5.063255e-01
5.066326e-01
5.070772e-01
5.074717e-01
5.078292e-01
5.081955e-01
5.086749e-01
5.088773e-01
5.092258e-01
5.105246e-01
5.115482e-01
5.118677e-01
5.122220e-01
5.129347e-01
5.136526e-01
5.144802e-01
5.148587e-01
5.150887e-01
5.159978e-01
5.164948e-01
5.169131e-01
5.170990e-01
5.182011e-01
5.193328e-01
5.198269e-01
5.200019e-01
5.201971e-01
5.204300e-01
5.210777e-01
5.216825e-01
5.221712e-01
5.225889e-01
5.231467e-01
5.245104e-01
5.254309e-01
5.259137e-01
5.265957e-01
5.269565e-01
5.273554e-01
5.282718e-01
5.286491e-01
5.292204e-01
5.299558e-01
5.304008e-01
5.310431e-01
5.314570e-01
5.320127e-01
5.323893e-01
5.325896e-01
5.336415e-01
5.340651e-01
5.345201e-01
5.358115e-01
5.360833e-01
5.364266e-01
5.365898e-01
5.375539e-01
5.380340e-01
5.385555e-01
5.397979e-01
5.402153e-01
5.408516e-01
5.409942e-01
5.412457e-01
5.425762e-01
5.430530e-01
5.433754e-01
5.439251e-01
5.439748e-01
5.442733e-01
5.447504e-01
5.452827e-01
5.458462e-01
5.461251e-01
5.470409e-01
5.473656e-01
5.486872e-01
5.487919e-01
5.497455e-01
5.500251e-01
5.507522e-01
5.511968e-01
5.516995e-01
5.522347e-01
5.523961e-01
5.526902e-01
5.529876e-01
5.532539e-01
5.538159e-01
5.541451e-01
5.542243e-01
5.549442e-01
5.553146e-01
5.565862e-01
5.572407e-01
5.587680e-01
5.592989e-01
5.594698e-01
5.604735e-01
5.605948e-01
5.614442e-01
5.615270e-01
5.622598e-01
5.629867e-01
5.637212e-01
5.656208e-01
5.657491e-01
5.677951e-01
5.684545e-01
5.698423e-01
5.716483e-01
5.720552e-01
5.736253e-01
5.746629e-01
5.750794e-01
5.767358e-01
5.778381e-01
5.793996e-01
5.811027e-01
5.817166e-01
5.821362e-01
5.826418e-01
5.829689e-01
5.844685e-01
5.852060e-01
5.868188e-01
5.889651e-01
5.909897e-01
5.914822e-01
5.941876e-01
5.966949e-01
5.976852e-01
5.991896e-01
5.998573e-01
6.007128e-01
6.009600e-01
6.016252e-01
6.031568e-01
6.038114e-01
6.049303e-01
6.059011e-01
6.063123e-01
6.078952e-01
6.082193e-01
6.085991e-01
6.093300e-01
6.096157e-01
6.115535e-01
6.124076e-01
6.128724e-01
6.137538e-01
6.141754e-01
6.161913e-01
6.173763e-01
6.190801e-01
6.199426e-01
6.207602e-01
6.227201e-01
6.250726e-01
6.263716e-01
6.265063e-01
6.275871e-01
6.277977e-01
6.286508e-01
6.297093e-01
6.306857e-01
6.310251e-01
6.316887e-01
6.332325e-01
6.338705e-01
6.342680e-01
6.354951e-01
6.366122e-01
6.372787e-01
6.376334e-01
6.385280e-01
6.389150e-01
6.401579e-01
6.408535e-01
6.414477e-01
6.422783e-01
6.433591e-01
6.443570e-01
6.461409e-01
6.467178e-01
6.474243e-01
6.490532e-01
6.499988e-01
6.515647e-01
6.535525e-01
6.548766e-01
6.562295e-01
6.568690e-01
6.585259e-01
6.604606e-01
6.624946e-01
6.626847e-01
6.643786e-01
6.649752e-01
6.662435e-01
6.668125e-01
6.687242e-01
6.691013e-01
6.698177e-01
6.714192e-01
6.718609e-01
6.723965e-01
6.761721e-01
6.762143e-01
6.768052e-01
6.774577e-01
6.779838e-01
6.791623e-01
6.803821e-01
6.813600e-01
6.823399e-01
6.826809e-01
6.828836e-01
6.834784e-01
6.836687e-01
6.839065e-01
6.846488e-01
6.851548e-01
6.854015e-01
6.862253e-01
6.881299e-01
6.897037e-01
6.897394e-01
6.926305e-01
6.929736e-01
6.963525e-01
6.966577e-01
6.970905e-01
7.000103e-01
7.025985e-01
7.036033e-01
7.058479e-01
7.069551e-01
7.090897e-01
7.117794e-01
7.129016e-01
7.141819e-01
7.158056e-01
7.164637e-01
7.166641e-01
7.210634e-01
7.216259e-01
7.247516e-01
7.277873e-01
7.407847e-01
7.446910e-01
7.470292e-01
7.494200e-01
7.526885e-01
7.549925e-01
7.558554e-01
7.570706e-01
7.591955e-01
7.596116e-01
7.610568e-01
7.614251e-01
7.625176e-01
7.635647e-01
7.645718e-01
7.657337e-01
7.662104e-01
7.678966e-01
7.714432e-01
7.726084e-01
7.767720e-01
7.820281e-01
7.824150e-01
7.893002e-01
7.905090e-01
7.922641e-01
7.936880e-01
7.948180e-01
7.954747e-01
7.959302e-01
7.981013e-01
7.992872e-01
8.011835e-01
8.037480e-01
8.060826e-01
8.079274e-01
8.175522e-01
8.290581e-01
8.378805e-01
8.415408e-01
8.431846e-01
8.447288e-01
8.449777e-01
8.455998e-01
8.460426e-01
8.474788e-01
8.483272e-01
8.489635e-01
8.509104e-01
8.541767e-01
8.577014e-01
8.591910e-01
8.631642e-01
8.659151e-01
8.740087e-01
8.813053e-01
8.859821e-01
8.920200e-01
8.945138e-01
8.985727e-01
8.986316e-01
9.017691e-01
9.032303e-01
9.060624e-01
9.079071e-01
9.097984e-01
9.145921e-01
9.186112e-01
9.215330e-01
9.250360e-01
9.302253e-01
9.312086e-01
9.371736e-01
9.416626e-01
9.433014e-01
9.477368e-01
9.512608e-01
9.519487e-01
9.538960e-01
9.546111e-01
9.551153e-01
9.563773e-01
9.567286e-01
9.581271e-01
9.596140e-01
9.680073e-01
9.798816e-01
9.895500e-01
9.964636e-01
1.000000e+00
