# SF-29 C-i4 candidate (i) i1o4 field=gauss eps=1 N=16: sorted relative singular values of the dense central-FD Jacobian at the oracle state (rows F_i=-q(L_i-S_i); outlet rows (2q/h)(vperp_in-c_perp); smax=5.421028e+05)
9.126205e-08
1.125557e-07
1.584672e-07
2.833012e-07
4.333694e-07
5.759304e-07
6.856339e-07
7.466406e-07
1.040885e-06
1.224389e-06
1.376214e-06
1.519358e-06
1.530603e-06
1.626104e-06
1.804567e-06
2.012854e-06
2.084631e-06
2.180601e-06
2.281096e-06
2.545005e-06
2.712514e-06
2.849526e-06
2.883115e-06
3.070258e-06
3.085172e-06
3.416329e-06
3.575694e-06
3.877917e-06
4.024034e-06
4.128463e-06
4.196263e-06
4.250662e-06
4.489470e-06
4.627433e-06
4.828530e-06
4.967370e-06
5.259867e-06
5.288243e-06
5.476430e-06
5.814948e-06
6.116954e-06
6.205301e-06
6.380260e-06
6.587533e-06
6.710954e-06
6.784318e-06
7.092978e-06
7.212641e-06
7.385631e-06
7.808907e-06
7.857847e-06
8.219539e-06
8.330549e-06
8.496958e-06
8.566357e-06
8.672402e-06
9.000348e-06
9.159695e-06
9.470362e-06
9.780790e-06
9.857673e-06
1.009135e-05
1.030551e-05
1.042264e-05
1.055800e-05
1.095486e-05
1.131429e-05
1.140262e-05
1.152338e-05
1.175073e-05
1.190683e-05
1.199198e-05
1.213624e-05
1.230151e-05
1.253797e-05
1.289050e-05
1.312356e-05
1.341395e-05
1.349776e-05
1.365652e-05
1.381243e-05
1.411015e-05
1.467235e-05
1.473600e-05
1.476225e-05
1.519486e-05
1.529505e-05
1.543587e-05
1.569047e-05
1.578096e-05
1.595684e-05
1.617384e-05
1.643445e-05
1.683913e-05
1.691555e-05
1.711215e-05
1.720472e-05
1.748811e-05
1.783887e-05
1.796842e-05
1.803526e-05
1.835289e-05
1.853800e-05
1.859116e-05
1.887729e-05
1.923958e-05
1.940654e-05
1.980026e-05
1.988023e-05
2.000597e-05
2.022236e-05
2.062220e-05
2.072840e-05
2.095923e-05
2.111423e-05
2.126175e-05
2.158096e-05
2.189274e-05
2.213816e-05
2.214737e-05
2.251553e-05
2.268330e-05
2.276645e-05
2.318115e-05
2.332923e-05
2.342846e-05
2.397884e-05
2.420359e-05
2.427784e-05
2.452969e-05
2.474750e-05
2.484546e-05
2.510639e-05
2.524330e-05
2.571292e-05
2.589586e-05
2.605569e-05
2.627317e-05
2.645612e-05
2.679253e-05
2.704609e-05
2.720612e-05
2.732531e-05
2.765285e-05
2.776315e-05
2.793966e-05
2.825169e-05
2.850748e-05
2.870983e-05
2.883511e-05
2.908707e-05
2.942288e-05
2.988529e-05
3.003258e-05
3.021900e-05
3.048662e-05
3.066802e-05
3.091720e-05
3.111194e-05
3.150935e-05
3.170028e-05
3.182904e-05
3.221815e-05
3.244398e-05
3.264440e-05
3.282442e-05
3.298314e-05
3.352634e-05
3.359071e-05
3.372526e-05
3.416571e-05
3.417732e-05
3.486018e-05
3.495940e-05
3.505490e-05
3.547116e-05
3.554190e-05
3.590711e-05
3.598061e-05
3.613907e-05
3.641288e-05
3.664648e-05
3.682070e-05
3.694404e-05
3.733008e-05
3.770914e-05
3.782761e-05
3.805583e-05
3.835957e-05
3.844798e-05
3.866338e-05
3.885566e-05
3.926326e-05
3.940541e-05
3.968692e-05
3.999978e-05
4.042124e-05
4.062918e-05
4.098600e-05
4.122129e-05
4.136811e-05
4.138455e-05
4.168012e-05
4.177109e-05
4.227497e-05
4.270412e-05
4.291348e-05
4.323131e-05
4.354598e-05
4.375496e-05
4.404482e-05
4.427651e-05
4.440990e-05
4.456122e-05
4.486274e-05
4.523323e-05
4.557690e-05
4.582776e-05
4.617631e-05
4.648132e-05
4.670450e-05
4.691672e-05
4.712995e-05
4.741002e-05
4.776605e-05
4.785273e-05
4.796334e-05
4.857658e-05
4.878962e-05
4.892472e-05
4.925747e-05
4.939135e-05
4.979663e-05
4.996415e-05
5.028461e-05
5.040105e-05
5.049099e-05
5.099777e-05
5.116447e-05
5.155796e-05
5.187959e-05
5.204400e-05
5.225162e-05
5.256541e-05
5.284670e-05
5.332299e-05
5.361333e-05
5.367882e-05
5.400557e-05
5.424459e-05
5.446915e-05
5.457843e-05
5.476101e-05
5.538331e-05
5.549050e-05
5.571698e-05
5.630098e-05
5.657193e-05
5.668287e-05
5.697069e-05
5.700624e-05
5.734866e-05
5.762010e-05
5.791339e-05
5.816000e-05
5.833283e-05
5.850594e-05
5.885283e-05
5.895564e-05
5.958625e-05
5.991340e-05
6.019404e-05
6.048687e-05
6.069965e-05
6.093592e-05
6.103845e-05
6.136252e-05
6.155107e-05
6.178324e-05
6.202996e-05
6.213549e-05
6.254793e-05
6.275058e-05
6.290770e-05
6.311969e-05
6.337151e-05
6.366388e-05
6.382098e-05
6.398645e-05
6.440873e-05
6.466691e-05
6.485268e-05
6.519052e-05
6.564324e-05
6.606021e-05
6.627641e-05
6.659847e-05
6.692307e-05
6.699899e-05
6.723173e-05
6.757813e-05
6.773115e-05
6.799879e-05
6.820610e-05
6.847265e-05
6.858158e-05
6.893550e-05
6.913455e-05
6.947090e-05
6.988693e-05
7.003056e-05
7.015799e-05
7.038129e-05
7.085930e-05
7.091657e-05
7.106695e-05
7.153776e-05
7.178317e-05
7.217905e-05
7.228668e-05
7.252017e-05
7.284464e-05
7.301045e-05
7.337653e-05
7.356663e-05
7.378720e-05
7.420875e-05
7.445923e-05
7.498783e-05
7.515485e-05
7.553735e-05
7.577305e-05
7.607650e-05
7.637229e-05
7.664894e-05
7.674243e-05
7.716387e-05
7.752032e-05
7.769974e-05
7.781930e-05
7.817145e-05
7.846013e-05
7.872274e-05
7.882874e-05
7.919962e-05
7.931122e-05
7.985425e-05
8.003420e-05
8.032130e-05
8.050715e-05
8.084859e-05
8.096463e-05
8.157427e-05
8.176187e-05
8.195527e-05
8.205930e-05
8.265206e-05
8.272779e-05
8.304194e-05
8.344585e-05
8.373695e-05
8.379624e-05
8.384953e-05
8.434478e-05
8.476642e-05
8.503864e-05
8.521359e-05
8.530927e-05
8.538943e-05
8.602986e-05
8.605958e-05
8.650907e-05
8.682666e-05
8.691827e-05
8.758651e-05
8.759598e-05
8.797954e-05
8.823567e-05
8.857633e-05
8.883602e-05
8.908798e-05
8.941458e-05
8.950749e-05
8.965311e-05
8.985478e-05
9.043328e-05
9.048767e-05
9.077453e-05
9.111651e-05
9.128944e-05
9.169576e-05
9.199861e-05
9.244936e-05
9.257636e-05
9.282551e-05
9.308606e-05
9.326384e-05
9.358849e-05
9.393419e-05
9.404530e-05
9.450556e-05
9.486566e-05
9.516610e-05
9.532789e-05
9.568284e-05
9.594358e-05
9.607501e-05
9.633849e-05
9.663389e-05
9.695389e-05
9.716346e-05
9.745673e-05
9.758493e-05
9.766267e-05
9.811840e-05
9.839793e-05
9.862840e-05
9.919899e-05
9.945079e-05
9.959547e-05
9.999283e-05
1.001496e-04
1.006537e-04
1.007193e-04
1.009510e-04
1.013380e-04
1.016188e-04
1.018684e-04
1.023235e-04
1.025039e-04
1.028412e-04
1.028598e-04
1.032653e-04
1.034183e-04
1.035140e-04
1.037547e-04
1.041282e-04
1.044698e-04
1.046216e-04
1.049427e-04
1.052793e-04
1.055812e-04
1.059258e-04
1.061529e-04
1.065376e-04
1.070375e-04
1.071738e-04
1.073376e-04
1.077958e-04
1.080007e-04
1.081250e-04
1.082621e-04
1.089905e-04
1.091246e-04
1.092647e-04
1.094111e-04
1.100333e-04
1.101709e-04
1.102281e-04
1.105964e-04
1.110791e-04
1.116704e-04
1.118876e-04
1.121568e-04
1.121763e-04
1.125030e-04
1.130596e-04
1.133279e-04
1.135663e-04
1.136577e-04
1.141130e-04
1.143890e-04
1.144874e-04
1.146675e-04
1.150289e-04
1.153628e-04
1.155028e-04
1.160653e-04
1.161486e-04
1.168398e-04
1.169181e-04
1.171511e-04
1.173885e-04
1.176338e-04
1.180228e-04
1.182781e-04
1.183948e-04
1.190492e-04
1.192511e-04
1.193914e-04
1.199156e-04
1.202226e-04
1.205099e-04
1.209535e-04
1.211606e-04
1.213536e-04
1.216003e-04
1.218514e-04
1.222496e-04
1.225425e-04
1.226385e-04
1.228590e-04
1.232950e-04
1.235926e-04
1.236963e-04
1.240039e-04
1.241819e-04
1.247267e-04
1.252178e-04
1.253746e-04
1.255091e-04
1.257562e-04
1.260801e-04
1.262173e-04
1.264785e-04
1.267509e-04
1.272670e-04
1.276017e-04
1.279846e-04
1.282174e-04
1.283197e-04
1.289890e-04
1.291259e-04
1.295188e-04
1.298258e-04
1.302604e-04
1.304611e-04
1.305063e-04
1.307730e-04
1.313315e-04
1.314552e-04
1.316732e-04
1.321039e-04
1.324588e-04
1.329264e-04
1.330487e-04
1.333499e-04
1.334521e-04
1.338080e-04
1.341139e-04
1.344990e-04
1.347357e-04
1.348829e-04
1.352105e-04
1.354359e-04
1.359896e-04
1.361121e-04
1.364178e-04
1.364759e-04
1.368445e-04
1.371431e-04
1.373249e-04
1.378240e-04
1.379087e-04
1.383711e-04
1.385134e-04
1.390470e-04
1.392276e-04
1.398204e-04
1.398753e-04
1.405257e-04
1.407552e-04
1.408233e-04
1.413178e-04
1.414453e-04
1.418901e-04
1.419777e-04
1.421910e-04
1.424215e-04
1.427549e-04
1.428083e-04
1.431620e-04
1.434226e-04
1.437651e-04
1.444610e-04
1.448467e-04
1.449319e-04
1.450013e-04
1.451829e-04
1.454385e-04
1.459605e-04
1.462496e-04
1.465695e-04
1.469758e-04
1.471559e-04
1.472684e-04
1.476780e-04
1.479932e-04
1.482235e-04
1.487684e-04
1.489710e-04
1.492274e-04
1.494142e-04
1.497882e-04
1.498783e-04
1.504145e-04
1.507726e-04
1.510034e-04
1.512224e-04
1.514302e-04
1.515300e-04
1.521477e-04
1.524513e-04
1.525062e-04
1.530324e-04
1.535666e-04
1.538606e-04
1.540199e-04
1.540804e-04
1.547319e-04
1.552498e-04
1.554412e-04
1.556370e-04
1.559399e-04
1.562558e-04
1.564471e-04
1.571393e-04
1.572373e-04
1.575714e-04
1.576461e-04
1.581096e-04
1.583928e-04
1.588258e-04
1.591339e-04
1.593195e-04
1.594359e-04
1.596441e-04
1.604293e-04
1.606731e-04
1.608012e-04
1.610830e-04
1.613359e-04
1.616344e-04
1.617190e-04
1.623306e-04
1.625597e-04
1.630944e-04
1.632006e-04
1.636397e-04
1.639856e-04
1.642488e-04
1.644534e-04
1.648175e-04
1.651313e-04
1.653711e-04
1.655300e-04
1.659644e-04
1.660399e-04
1.669900e-04
1.673372e-04
1.674205e-04
1.678644e-04
1.680775e-04
1.681909e-04
1.685075e-04
1.686083e-04
1.688139e-04
1.694346e-04
1.699270e-04
1.701343e-04
1.702183e-04
1.704720e-04
1.709010e-04
1.711896e-04
1.713042e-04
1.715506e-04
1.719379e-04
1.721951e-04
1.725743e-04
1.729546e-04
1.732514e-04
1.733523e-04
1.736644e-04
1.742439e-04
1.743534e-04
1.747198e-04
1.751436e-04
1.755146e-04
1.757558e-04
1.757886e-04
1.763629e-04
1.770091e-04
1.770768e-04
1.773175e-04
1.774690e-04
1.777764e-04
1.778665e-04
1.780848e-04
1.781968e-04
1.784936e-04
1.788404e-04
1.794839e-04
1.799217e-04
1.801303e-04
1.804718e-04
1.806547e-04
1.810888e-04
1.814846e-04
1.817599e-04
1.821299e-04
1.825030e-04
1.827468e-04
1.829100e-04
1.832498e-04
1.834016e-04
1.838313e-04
1.843382e-04
1.845875e-04
1.848694e-04
1.850724e-04
1.854701e-04
1.856710e-04
1.857696e-04
1.861883e-04
1.867323e-04
1.869810e-04
1.873892e-04
1.875122e-04
1.877684e-04
1.879697e-04
1.882435e-04
1.887820e-04
1.890984e-04
1.891226e-04
1.896895e-04
1.904379e-04
1.907079e-04
1.909668e-04
1.911930e-04
1.913801e-04
1.915719e-04
1.917460e-04
1.920609e-04
1.931188e-04
1.935131e-04
1.935673e-04
1.937488e-04
1.940599e-04
1.942184e-04
1.946721e-04
1.948671e-04
1.952535e-04
1.955253e-04
1.959438e-04
1.960953e-04
1.966021e-04
1.969726e-04
1.972830e-04
1.975783e-04
1.983194e-04
1.983862e-04
1.984474e-04
1.987296e-04
1.990220e-04
1.992969e-04
1.996551e-04
1.997495e-04
2.003089e-04
2.004701e-04
2.007256e-04
2.012517e-04
2.014617e-04
2.017380e-04
2.018798e-04
2.021959e-04
2.022624e-04
2.026101e-04
2.029889e-04
2.036674e-04
2.038223e-04
2.040770e-04
2.046883e-04
2.048685e-04
2.051894e-04
2.053247e-04
2.053976e-04
2.059647e-04
2.065854e-04
2.067719e-04
2.069533e-04
2.072337e-04
2.075236e-04
2.078619e-04
2.083987e-04
2.085583e-04
2.087687e-04
2.090797e-04
2.094972e-04
2.097207e-04
2.099763e-04
2.104235e-04
2.106462e-04
2.110902e-04
2.114783e-04
2.116950e-04
2.119213e-04
2.122171e-04
2.124930e-04
2.125431e-04
2.130881e-04
2.135575e-04
2.140473e-04
2.144651e-04
2.149158e-04
2.151607e-04
2.153699e-04
2.156560e-04
2.160220e-04
2.164864e-04
2.169539e-04
2.170276e-04
2.171439e-04
2.177058e-04
2.179384e-04
2.181187e-04
2.189540e-04
2.191023e-04
2.191937e-04
2.196515e-04
2.199906e-04
2.200588e-04
2.205096e-04
2.207707e-04
2.213483e-04
2.215187e-04
2.216973e-04
2.218831e-04
2.222775e-04
2.225787e-04
2.228832e-04
2.231225e-04
2.235404e-04
2.237500e-04
2.240746e-04
2.243854e-04
2.248227e-04
2.248826e-04
2.251208e-04
2.255952e-04
2.257786e-04
2.262112e-04
2.265462e-04
2.268398e-04
2.275851e-04
2.278699e-04
2.281762e-04
2.284090e-04
2.287925e-04
2.289373e-04
2.295001e-04
2.297966e-04
2.303697e-04
2.306292e-04
2.308147e-04
2.309604e-04
2.312493e-04
2.314843e-04
2.318905e-04
2.321795e-04
2.325044e-04
2.328281e-04
2.333297e-04
2.334255e-04
2.337447e-04
2.340912e-04
2.344008e-04
2.350213e-04
2.351883e-04
2.354416e-04
2.359206e-04
2.361094e-04
2.363029e-04
2.365318e-04
2.368996e-04
2.371441e-04
2.377117e-04
2.380720e-04
2.383857e-04
2.384745e-04
2.388492e-04
2.389387e-04
2.393586e-04
2.397045e-04
2.398734e-04
2.402332e-04
2.405685e-04
2.409738e-04
2.412219e-04
2.416248e-04
2.420617e-04
2.423741e-04
2.425665e-04
2.427282e-04
2.435219e-04
2.439204e-04
2.440879e-04
2.443806e-04
2.445260e-04
2.451281e-04
2.451596e-04
2.456801e-04
2.459586e-04
2.462775e-04
2.465066e-04
2.466608e-04
2.468162e-04
2.473061e-04
2.478837e-04
2.480415e-04
2.485929e-04
2.490745e-04
2.493696e-04
2.494756e-04
2.496216e-04
2.502059e-04
2.503254e-04
2.506849e-04
2.508108e-04
2.515063e-04
2.516547e-04
2.517568e-04
2.520227e-04
2.523347e-04
2.527949e-04
2.530370e-04
2.531536e-04
2.532648e-04
2.537710e-04
2.541696e-04
2.543040e-04
2.547006e-04
2.548695e-04
2.554066e-04
2.557010e-04
2.561351e-04
2.565007e-04
2.567219e-04
2.571260e-04
2.572815e-04
2.576158e-04
2.579444e-04
2.584101e-04
2.586617e-04
2.588912e-04
2.593186e-04
2.597764e-04
2.600193e-04
2.603414e-04
2.608046e-04
2.610387e-04
2.612237e-04
2.616704e-04
2.619783e-04
2.620507e-04
2.625875e-04
2.633148e-04
2.634182e-04
2.637761e-04
2.640336e-04
2.642081e-04
2.646458e-04
2.649408e-04
2.650809e-04
2.655403e-04
2.656621e-04
2.661943e-04
2.667175e-04
2.667469e-04
2.670166e-04
2.672789e-04
2.678855e-04
2.680941e-04
2.684478e-04
2.689920e-04
2.690679e-04
2.694703e-04
2.696847e-04
2.702344e-04
2.705411e-04
2.709479e-04
2.712545e-04
2.713009e-04
2.721978e-04
2.723956e-04
2.725478e-04
2.730932e-04
2.732189e-04
2.736383e-04
2.737549e-04
2.743576e-04
2.747371e-04
2.748948e-04
2.750753e-04
2.752185e-04
2.759531e-04
2.761338e-04
2.765946e-04
2.767857e-04
2.769628e-04
2.773823e-04
2.777104e-04
2.780305e-04
2.784796e-04
2.786932e-04
2.792300e-04
2.795302e-04
2.797454e-04
2.798266e-04
2.802889e-04
2.809640e-04
2.811151e-04
2.813353e-04
2.815532e-04
2.818571e-04
2.819812e-04
2.824602e-04
2.826803e-04
2.830336e-04
2.834034e-04
2.837288e-04
2.837750e-04
2.839411e-04
2.843921e-04
2.847161e-04
2.849315e-04
2.856014e-04
2.859147e-04
2.863043e-04
2.864802e-04
2.868549e-04
2.873257e-04
2.877477e-04
2.883169e-04
2.884614e-04
2.885788e-04
2.889650e-04
2.893926e-04
2.894330e-04
2.897065e-04
2.903005e-04
2.905394e-04
2.911706e-04
2.913044e-04
2.916994e-04
2.919769e-04
2.921925e-04
2.925151e-04
2.927507e-04
2.940222e-04
2.941988e-04
2.945410e-04
2.947408e-04
2.950257e-04
2.951063e-04
2.960079e-04
2.961278e-04
2.962319e-04
2.967280e-04
2.968957e-04
2.971952e-04
2.975541e-04
2.979657e-04
2.981237e-04
2.986842e-04
2.987532e-04
2.992851e-04
2.996709e-04
2.999689e-04
3.005311e-04
3.008123e-04
3.012635e-04
3.013697e-04
3.014137e-04
3.016859e-04
3.024416e-04
3.028166e-04
3.030775e-04
3.032103e-04
3.035397e-04
3.041254e-04
3.042688e-04
3.045412e-04
3.049947e-04
3.054293e-04
3.056037e-04
3.060025e-04
3.060767e-04
3.065989e-04
3.066753e-04
3.068347e-04
3.075377e-04
3.076575e-04
3.083289e-04
3.088720e-04
3.089919e-04
3.091338e-04
3.096429e-04
3.100645e-04
3.104235e-04
3.108371e-04
3.111209e-04
3.113559e-04
3.115767e-04
3.118294e-04
3.124278e-04
3.127287e-04
3.132522e-04
3.134954e-04
3.138004e-04
3.141090e-04
3.144265e-04
3.147590e-04
3.152730e-04
3.155483e-04
3.157770e-04
3.158997e-04
3.164611e-04
3.166150e-04
3.172862e-04
3.175171e-04
3.177060e-04
3.181227e-04
3.184817e-04
3.189372e-04
3.190075e-04
3.195249e-04
3.198395e-04
3.198846e-04
3.203315e-04
3.208758e-04
3.211485e-04
3.214311e-04
3.216414e-04
3.219897e-04
3.223984e-04
3.230593e-04
3.232019e-04
3.234616e-04
3.239893e-04
3.240400e-04
3.242510e-04
3.243425e-04
3.245791e-04
3.246246e-04
3.260624e-04
3.263793e-04
3.265609e-04
3.268961e-04
3.271834e-04
3.275338e-04
3.279173e-04
3.285825e-04
3.290077e-04
3.291610e-04
3.294092e-04
3.299420e-04
3.302054e-04
3.303946e-04
3.304984e-04
3.316558e-04
3.318529e-04
3.321652e-04
3.322572e-04
3.327541e-04
3.332015e-04
3.334907e-04
3.338167e-04
3.339455e-04
3.341437e-04
3.344748e-04
3.349518e-04
3.353467e-04
3.355415e-04
3.357640e-04
3.359165e-04
3.362744e-04
3.367010e-04
3.370425e-04
3.374018e-04
3.377650e-04
3.377945e-04
3.382205e-04
3.383424e-04
3.386049e-04
3.394403e-04
3.395501e-04
3.400036e-04
3.402232e-04
3.404240e-04
3.411739e-04
3.412882e-04
3.419351e-04
3.421989e-04
3.425145e-04
3.428521e-04
3.435415e-04
3.437084e-04
3.440194e-04
3.444547e-04
3.448063e-04
3.451615e-04
3.452644e-04
3.458305e-04
3.459115e-04
3.459965e-04
3.465580e-04
3.470395e-04
3.474469e-04
3.477378e-04
3.479869e-04
3.485594e-04
3.489260e-04
3.490844e-04
3.492978e-04
3.497298e-04
3.499848e-04
3.502354e-04
3.504944e-04
3.510062e-04
3.511601e-04
3.515192e-04
3.521886e-04
3.525940e-04
3.532496e-04
3.536264e-04
3.539518e-04
3.539639e-04
3.542795e-04
3.548098e-04
3.555766e-04
3.557964e-04
3.559909e-04
3.564661e-04
3.571713e-04
3.574509e-04
3.575933e-04
3.579609e-04
3.585705e-04
3.590524e-04
3.591058e-04
3.594358e-04
3.596832e-04
3.599116e-04
3.602380e-04
3.606488e-04
3.608730e-04
3.609263e-04
3.616916e-04
3.619780e-04
3.619987e-04
3.624365e-04
3.625918e-04
3.631247e-04
3.632214e-04
3.637307e-04
3.639283e-04
3.642652e-04
3.645867e-04
3.652695e-04
3.654335e-04
3.660344e-04
3.666456e-04
3.667972e-04
3.671907e-04
3.673153e-04
3.676389e-04
3.679954e-04
3.683998e-04
3.689092e-04
3.691805e-04
3.693663e-04
3.696037e-04
3.701423e-04
3.704514e-04
3.708167e-04
3.713701e-04
3.714750e-04
3.719328e-04
3.723368e-04
3.724751e-04
3.728473e-04
3.732075e-04
3.733921e-04
3.740459e-04
3.744781e-04
3.746377e-04
3.750108e-04
3.753200e-04
3.754511e-04
3.758135e-04
3.766647e-04
3.772089e-04
3.773675e-04
3.779085e-04
3.783166e-04
3.784543e-04
3.786833e-04
3.791170e-04
3.797676e-04
3.799223e-04
3.803532e-04
3.805515e-04
3.809274e-04
3.814779e-04
3.815929e-04
3.821248e-04
3.824612e-04
3.825791e-04
3.831017e-04
3.833822e-04
3.839969e-04
3.840854e-04
3.845007e-04
3.847465e-04
3.852424e-04
3.853168e-04
3.857216e-04
3.861733e-04
3.863581e-04
3.865663e-04
3.868611e-04
3.872383e-04
3.874115e-04
3.879723e-04
3.885640e-04
3.886870e-04
3.890405e-04
3.893013e-04
3.901852e-04
3.904304e-04
3.910141e-04
3.912929e-04
3.916404e-04
3.917234e-04
3.920077e-04
3.922635e-04
3.926132e-04
3.928553e-04
3.932564e-04
3.936002e-04
3.941349e-04
3.943096e-04
3.947877e-04
3.953721e-04
3.957000e-04
3.957915e-04
3.964187e-04
3.967253e-04
3.968926e-04
3.972894e-04
3.977479e-04
3.980458e-04
3.984911e-04
3.990187e-04
3.991108e-04
3.995492e-04
3.995841e-04
4.000844e-04
4.003558e-04
4.010082e-04
4.011477e-04
4.016268e-04
4.019540e-04
4.022136e-04
4.025444e-04
4.029077e-04
4.030508e-04
4.034662e-04
4.037717e-04
4.042824e-04
4.045223e-04
4.048017e-04
4.050278e-04
4.055353e-04
4.057953e-04
4.063248e-04
4.066032e-04
4.069296e-04
4.070999e-04
4.076431e-04
4.082660e-04
4.083709e-04
4.085442e-04
4.092586e-04
4.098745e-04
4.099608e-04
4.103118e-04
4.110422e-04
4.110668e-04
4.112651e-04
4.114211e-04
4.121066e-04
4.125749e-04
4.128800e-04
4.130506e-04
4.132571e-04
4.134943e-04
4.137919e-04
4.141521e-04
4.148849e-04
4.153206e-04
4.155176e-04
4.159140e-04
4.164332e-04
4.165766e-04
4.167941e-04
4.172889e-04
4.175161e-04
4.182416e-04
4.184464e-04
4.189957e-04
4.192111e-04
4.196573e-04
4.197451e-04
4.198043e-04
4.203937e-04
4.207930e-04
4.210728e-04
4.213224e-04
4.214763e-04
4.221854e-04
4.225413e-04
4.231625e-04
4.241489e-04
4.243454e-04
4.244092e-04
4.246184e-04
4.249358e-04
4.254025e-04
4.258058e-04
4.262470e-04
4.264445e-04
4.267152e-04
4.270329e-04
4.274898e-04
4.274973e-04
4.277394e-04
4.280539e-04
4.285011e-04
4.289009e-04
4.293519e-04
4.293838e-04
4.300112e-04
4.304936e-04
4.306733e-04
4.312080e-04
4.317357e-04
4.320643e-04
4.325285e-04
4.329265e-04
4.335047e-04
4.339047e-04
4.340128e-04
4.343116e-04
4.347508e-04
4.351667e-04
4.355065e-04
4.357374e-04
4.358998e-04
4.360949e-04
4.370250e-04
4.371267e-04
4.376873e-04
4.378448e-04
4.380765e-04
4.381985e-04
4.386270e-04
4.389566e-04
4.394073e-04
4.398739e-04
4.401893e-04
4.402803e-04
4.408096e-04
4.411848e-04
4.416761e-04
4.421567e-04
4.423841e-04
4.426512e-04
4.428976e-04
4.435607e-04
4.441327e-04
4.443476e-04
4.444261e-04
4.448004e-04
4.454550e-04
4.458618e-04
4.461594e-04
4.463255e-04
4.465481e-04
4.468345e-04
4.473077e-04
4.482047e-04
4.484711e-04
4.488900e-04
4.491031e-04
4.495513e-04
4.498933e-04
4.504074e-04
4.505625e-04
4.515418e-04
4.517726e-04
4.520013e-04
4.522925e-04
4.525697e-04
4.532882e-04
4.535257e-04
4.541282e-04
4.543303e-04
4.547512e-04
4.548908e-04
4.553826e-04
4.554891e-04
4.560695e-04
4.565543e-04
4.568310e-04
4.573222e-04
4.577711e-04
4.581377e-04
4.582959e-04
4.588351e-04
4.593128e-04
4.598194e-04
4.598976e-04
4.601098e-04
4.602708e-04
4.612032e-04
4.614098e-04
4.619142e-04
4.622427e-04
4.625198e-04
4.627461e-04
4.633188e-04
4.640218e-04
4.642261e-04
4.646525e-04
4.651930e-04
4.653873e-04
4.659128e-04
4.660946e-04
4.661855e-04
4.668035e-04
4.671209e-04
4.674757e-04
4.679245e-04
4.681318e-04
4.685017e-04
4.692602e-04
4.695691e-04
4.700124e-04
4.701745e-04
4.706923e-04
4.711028e-04
4.714955e-04
4.719282e-04
4.721785e-04
4.724230e-04
4.727270e-04
4.734252e-04
4.737273e-04
4.743518e-04
4.745752e-04
4.745914e-04
4.748441e-04
4.753160e-04
4.756949e-04
4.759931e-04
4.762937e-04
4.764513e-04
4.767396e-04
4.775605e-04
4.779650e-04
4.784350e-04
4.786560e-04
4.791390e-04
4.796819e-04
4.799531e-04
4.805412e-04
4.807541e-04
4.811136e-04
4.813065e-04
4.817511e-04
4.821253e-04
4.826756e-04
4.829773e-04
4.832832e-04
4.836873e-04
4.840653e-04
4.848160e-04
4.850673e-04
4.853779e-04
4.854218e-04
4.860310e-04
4.865520e-04
4.868068e-04
4.873010e-04
4.875712e-04
4.879511e-04
4.882415e-04
4.887328e-04
4.890328e-04
4.890574e-04
4.892714e-04
4.898461e-04
4.902287e-04
4.907833e-04
4.911578e-04
4.916628e-04
4.919298e-04
4.923452e-04
4.930903e-04
4.934176e-04
4.938338e-04
4.942068e-04
4.942608e-04
4.949428e-04
4.951186e-04
4.954053e-04
4.956713e-04
4.960127e-04
4.963661e-04
4.964485e-04
4.972530e-04
4.974838e-04
4.978775e-04
4.983661e-04
4.990914e-04
4.993253e-04
4.997602e-04
5.003241e-04
5.006020e-04
5.009166e-04
5.010405e-04
5.017650e-04
5.023850e-04
5.026306e-04
5.028632e-04
5.032306e-04
5.036334e-04
5.039016e-04
5.042996e-04
5.048746e-04
5.050775e-04
5.055641e-04
5.064153e-04
5.067106e-04
5.069863e-04
5.071797e-04
5.078019e-04
5.080632e-04
5.084923e-04
5.089049e-04
5.090138e-04
5.094011e-04
5.097130e-04
5.100250e-04
5.102954e-04
5.108066e-04
5.115185e-04
5.116337e-04
5.118834e-04
5.121250e-04
5.124468e-04
5.128198e-04
5.133924e-04
5.142214e-04
5.146173e-04
5.147590e-04
5.149103e-04
5.157911e-04
5.162239e-04
5.163263e-04
5.166917e-04
5.169712e-04
5.176091e-04
5.177523e-04
5.177788e-04
5.184677e-04
5.187536e-04
5.192423e-04
5.195344e-04
5.198788e-04
5.202483e-04
5.207453e-04
5.208592e-04
5.215136e-04
5.216596e-04
5.224065e-04
5.228743e-04
5.230532e-04
5.234039e-04
5.238484e-04
5.240989e-04
5.243333e-04
5.247239e-04
5.256419e-04
5.256935e-04
5.259716e-04
5.261948e-04
5.267446e-04
5.271207e-04
5.274428e-04
5.283152e-04
5.287357e-04
5.287827e-04
5.293850e-04
5.296512e-04
5.307105e-04
5.308176e-04
5.310907e-04
5.312610e-04
5.315727e-04
5.324681e-04
5.325558e-04
5.328260e-04
5.328801e-04
5.332718e-04
5.336205e-04
5.339598e-04
5.343901e-04
5.351855e-04
5.353284e-04
5.361198e-04
5.363545e-04
5.366087e-04
5.368864e-04
5.370391e-04
5.376735e-04
5.381259e-04
5.385782e-04
5.389968e-04
5.390845e-04
5.398971e-04
5.405429e-04
5.406390e-04
5.409927e-04
5.416704e-04
5.420556e-04
5.425950e-04
5.429914e-04
5.431138e-04
5.437951e-04
5.441340e-04
5.445530e-04
5.446734e-04
5.448986e-04
5.453162e-04
5.455692e-04
5.455936e-04
5.461109e-04
5.469015e-04
5.472515e-04
5.474159e-04
5.478917e-04
5.484079e-04
5.490291e-04
5.493840e-04
5.495044e-04
5.498574e-04
5.505219e-04
5.510288e-04
5.514100e-04
5.516699e-04
5.522528e-04
5.528912e-04
5.531350e-04
5.536281e-04
5.539357e-04
5.544873e-04
5.545514e-04
5.548537e-04
5.559748e-04
5.564044e-04
5.565683e-04
5.572849e-04
5.576874e-04
5.578077e-04
5.584205e-04
5.588339e-04
5.590907e-04
5.596004e-04
5.598123e-04
5.598278e-04
5.605755e-04
5.609007e-04
5.614274e-04
5.617879e-04
5.623046e-04
5.628727e-04
5.629681e-04
5.636170e-04
5.640232e-04
5.642488e-04
5.646403e-04
5.655491e-04
5.656460e-04
5.660067e-04
5.661733e-04
5.665158e-04
5.670449e-04
5.675042e-04
5.677575e-04
5.679628e-04
5.682012e-04
5.689227e-04
5.696595e-04
5.697249e-04
5.700732e-04
5.708404e-04
5.709285e-04
5.714903e-04
5.718309e-04
5.722597e-04
5.726875e-04
5.730051e-04
5.735791e-04
5.739335e-04
5.745042e-04
5.749126e-04
5.752025e-04
5.754949e-04
5.762105e-04
5.766356e-04
5.768182e-04
5.772785e-04
5.777219e-04
5.783261e-04
5.790303e-04
5.791457e-04
5.795536e-04
5.798909e-04
5.800901e-04
5.807233e-04
5.810476e-04
5.816132e-04
5.818682e-04
5.823506e-04
5.825469e-04
5.828773e-04
5.835618e-04
5.836943e-04
5.842723e-04
5.850948e-04
5.855977e-04
5.857143e-04
5.864415e-04
5.865715e-04
5.871234e-04
5.875153e-04
5.875558e-04
5.882622e-04
5.886888e-04
5.888610e-04
5.891238e-04
5.895232e-04
5.896133e-04
5.905984e-04
5.910659e-04
5.916480e-04
5.922017e-04
5.923612e-04
5.931611e-04
5.934506e-04
5.937263e-04
5.940123e-04
5.941627e-04
5.945992e-04
5.949825e-04
5.955194e-04
5.960768e-04
5.965822e-04
5.968342e-04
5.972691e-04
5.974413e-04
5.977235e-04
5.986170e-04
5.990433e-04
5.992014e-04
5.996084e-04
6.000905e-04
6.007290e-04
6.010798e-04
6.015091e-04
6.019519e-04
6.022207e-04
6.026575e-04
6.036915e-04
6.038465e-04
6.040523e-04
6.042393e-04
6.052413e-04
6.053733e-04
6.059877e-04
6.064370e-04
6.067302e-04
6.069685e-04
6.073270e-04
6.076478e-04
6.086457e-04
6.088203e-04
6.089545e-04
6.095170e-04
6.098437e-04
6.106223e-04
6.111824e-04
6.115783e-04
6.120007e-04
6.122524e-04
6.125144e-04
6.127081e-04
6.134213e-04
6.136894e-04
6.143848e-04
6.147531e-04
6.151483e-04
6.157158e-04
6.163519e-04
6.167389e-04
6.168804e-04
6.174319e-04
6.177180e-04
6.182287e-04
6.183176e-04
6.189804e-04
6.191797e-04
6.197625e-04
6.201599e-04
6.206328e-04
6.210532e-04
6.213102e-04
6.216221e-04
6.223625e-04
6.223951e-04
6.231381e-04
6.237941e-04
6.240548e-04
6.246160e-04
6.247904e-04
6.258286e-04
6.260830e-04
6.263980e-04
6.270364e-04
6.271195e-04
6.278462e-04
6.280482e-04
6.288292e-04
6.291330e-04
6.294931e-04
6.298094e-04
6.299563e-04
6.302391e-04
6.311084e-04
6.315460e-04
6.317272e-04
6.325307e-04
6.326699e-04
6.335965e-04
6.340369e-04
6.346597e-04
6.347582e-04
6.348840e-04
6.357043e-04
6.362082e-04
6.364457e-04
6.367803e-04
6.371064e-04
6.373363e-04
6.378066e-04
6.385403e-04
6.389522e-04
6.393293e-04
6.396214e-04
6.401187e-04
6.405274e-04
6.410637e-04
6.416037e-04
6.419057e-04
6.423542e-04
6.425662e-04
6.433701e-04
6.435511e-04
6.439492e-04
6.443004e-04
6.450839e-04
6.455516e-04
6.457026e-04
6.466901e-04
6.468502e-04
6.473779e-04
6.480723e-04
6.483597e-04
6.488369e-04
6.489653e-04
6.493412e-04
6.498023e-04
6.501422e-04
6.505559e-04
6.512941e-04
6.515555e-04
6.518623e-04
6.524650e-04
6.530127e-04
6.532557e-04
6.539163e-04
6.541464e-04
6.542966e-04
6.548106e-04
6.551195e-04
6.554014e-04
6.555003e-04
6.567531e-04
6.570994e-04
6.576234e-04
6.578868e-04
6.583145e-04
6.584004e-04
6.586741e-04
6.592245e-04
6.593503e-04
6.602924e-04
6.606883e-04
6.612599e-04
6.614997e-04
6.623514e-04
6.625687e-04
6.631782e-04
6.635073e-04
6.640257e-04
6.646336e-04
6.647809e-04
6.652489e-04
6.655639e-04
6.662724e-04
6.664652e-04
6.669304e-04
6.673993e-04
6.677156e-04
6.683106e-04
6.685500e-04
6.691058e-04
6.697437e-04
6.700288e-04
6.701724e-04
6.710726e-04
6.717398e-04
6.718741e-04
6.723839e-04
6.726665e-04
6.728754e-04
6.731647e-04
6.736394e-04
6.744002e-04
6.751200e-04
6.755937e-04
6.757044e-04
6.760895e-04
6.764089e-04
6.765927e-04
6.776901e-04
6.777901e-04
6.782266e-04
6.787555e-04
6.789810e-04
6.799676e-04
6.800798e-04
6.808775e-04
6.812239e-04
6.817671e-04
6.822377e-04
6.828073e-04
6.834140e-04
6.838842e-04
6.843161e-04
6.845415e-04
6.850990e-04
6.855400e-04
6.856000e-04
6.861463e-04
6.865604e-04
6.869345e-04
6.871280e-04
6.875758e-04
6.879574e-04
6.884847e-04
6.886228e-04
6.898532e-04
6.901371e-04
6.905052e-04
6.906507e-04
6.911770e-04
6.915878e-04
6.920017e-04
6.924447e-04
6.928146e-04
6.936012e-04
6.941737e-04
6.943682e-04
6.949469e-04
6.953220e-04
6.957466e-04
6.962705e-04
6.965491e-04
6.971320e-04
6.975299e-04
6.978746e-04
6.983454e-04
6.989062e-04
6.994536e-04
6.997439e-04
7.002288e-04
7.006820e-04
7.011854e-04
7.018545e-04
7.024098e-04
7.029879e-04
7.033633e-04
7.038411e-04
7.042203e-04
7.043611e-04
7.054191e-04
7.055129e-04
7.065783e-04
7.069251e-04
7.071908e-04
7.075551e-04
7.082294e-04
7.084679e-04
7.087437e-04
7.095398e-04
7.097298e-04
7.107151e-04
7.109211e-04
7.115024e-04
7.118199e-04
7.121555e-04
7.131572e-04
7.137388e-04
7.142722e-04
7.144116e-04
7.146670e-04
7.151837e-04
7.155722e-04
7.158341e-04
7.166473e-04
7.169474e-04
7.171990e-04
7.177933e-04
7.186832e-04
7.191145e-04
7.193378e-04
7.197530e-04
7.200291e-04
7.203911e-04
7.208492e-04
7.212630e-04
7.217952e-04
7.219373e-04
7.230186e-04
7.234571e-04
7.236034e-04
7.240631e-04
7.242395e-04
7.250653e-04
7.254592e-04
7.258375e-04
7.262731e-04
7.267784e-04
7.271848e-04
7.274834e-04
7.278099e-04
7.288631e-04
7.295194e-04
7.297900e-04
7.304171e-04
7.305350e-04
7.312173e-04
7.312336e-04
7.319541e-04
7.324065e-04
7.328437e-04
7.332025e-04
7.340634e-04
7.343322e-04
7.349607e-04
7.356582e-04
7.358948e-04
7.363403e-04
7.370686e-04
7.371763e-04
7.380172e-04
7.386005e-04
7.387046e-04
7.389899e-04
7.393502e-04
7.396585e-04
7.405564e-04
7.409984e-04
7.413523e-04
7.414148e-04
7.420364e-04
7.425553e-04
7.429516e-04
7.432196e-04
7.440820e-04
7.444526e-04
7.447546e-04
7.457937e-04
7.461722e-04
7.463523e-04
7.468554e-04
7.471567e-04
7.477459e-04
7.483394e-04
7.485194e-04
7.492135e-04
7.493818e-04
7.503431e-04
7.505779e-04
7.511037e-04
7.515552e-04
7.521830e-04
7.529061e-04
7.532590e-04
7.535862e-04
7.543464e-04
7.546871e-04
7.549439e-04
7.552108e-04
7.552668e-04
7.559486e-04
7.567235e-04
7.569222e-04
7.571679e-04
7.579186e-04
7.580612e-04
7.585984e-04
7.589185e-04
7.595571e-04
7.596969e-04
7.605614e-04
7.614318e-04
7.618396e-04
7.623854e-04
7.627176e-04
7.629395e-04
7.637942e-04
7.644080e-04
7.648066e-04
7.650522e-04
7.656282e-04
7.657031e-04
7.662761e-04
7.665686e-04
7.669207e-04
7.678720e-04
7.680170e-04
7.685454e-04
7.689890e-04
7.693518e-04
7.700399e-04
7.705256e-04
7.707117e-04
7.713337e-04
7.718618e-04
7.725902e-04
7.726850e-04
7.732634e-04
7.735975e-04
7.739351e-04
7.740794e-04
7.744745e-04
7.752289e-04
7.757089e-04
7.763793e-04
7.765161e-04
7.771242e-04
7.781845e-04
7.788126e-04
7.790185e-04
7.790742e-04
7.792967e-04
7.799605e-04
7.809153e-04
7.813349e-04
7.816777e-04
7.818688e-04
7.831712e-04
7.833850e-04
7.843738e-04
7.845653e-04
7.850107e-04
7.851689e-04
7.857545e-04
7.867583e-04
7.869119e-04
7.870926e-04
7.878041e-04
7.878860e-04
7.886269e-04
7.890661e-04
7.894640e-04
7.899672e-04
7.901284e-04
7.909878e-04
7.915080e-04
7.918374e-04
7.924217e-04
7.926571e-04
7.927845e-04
7.931057e-04
7.940903e-04
7.943005e-04
7.951197e-04
7.954579e-04
7.961272e-04
7.963306e-04
7.969403e-04
7.975811e-04
7.982990e-04
7.985004e-04
7.989897e-04
7.992704e-04
7.994191e-04
8.001919e-04
8.008432e-04
8.010221e-04
8.012154e-04
8.023340e-04
8.026353e-04
8.031342e-04
8.036828e-04
8.046941e-04
8.047787e-04
8.049169e-04
8.053795e-04
8.059391e-04
8.066849e-04
8.069573e-04
8.073242e-04
8.079138e-04
8.084317e-04
8.085951e-04
8.090650e-04
8.098098e-04
8.103026e-04
8.109296e-04
8.112932e-04
8.114488e-04
8.125787e-04
8.133955e-04
8.139522e-04
8.142694e-04
8.143197e-04
8.152769e-04
8.153652e-04
8.155784e-04
8.162439e-04
8.167668e-04
8.171965e-04
8.180551e-04
8.184412e-04
8.185310e-04
8.193664e-04
8.200679e-04
8.207562e-04
8.211289e-04
8.214361e-04
8.217000e-04
8.220659e-04
8.222418e-04
8.226875e-04
8.231029e-04
8.238205e-04
8.242134e-04
8.248861e-04
8.251985e-04
8.257163e-04
8.262931e-04
8.270462e-04
8.273476e-04
8.277276e-04
8.285304e-04
8.290685e-04
8.294314e-04
8.296648e-04
8.304144e-04
8.304957e-04
8.311352e-04
8.314853e-04
8.316076e-04
8.324876e-04
8.332016e-04
8.340959e-04
8.347407e-04
8.350423e-04
8.359751e-04
8.361356e-04
8.363864e-04
8.366097e-04
8.372391e-04
8.379233e-04
8.380466e-04
8.381797e-04
8.392202e-04
8.399158e-04
8.401344e-04
8.408281e-04
8.410709e-04
8.415598e-04
8.423585e-04
8.430991e-04
8.437181e-04
8.440007e-04
8.445564e-04
8.452343e-04
8.452759e-04
8.461642e-04
8.463437e-04
8.469309e-04
8.475315e-04
8.478035e-04
8.481602e-04
8.485595e-04
8.493392e-04
8.495084e-04
8.499505e-04
8.509322e-04
8.512417e-04
8.519050e-04
8.521779e-04
8.526984e-04
8.532418e-04
8.536600e-04
8.543053e-04
8.551072e-04
8.553551e-04
8.556015e-04
8.561470e-04
8.564893e-04
8.572033e-04
8.578566e-04
8.579590e-04
8.584556e-04
8.586962e-04
8.588215e-04
8.596967e-04
8.605403e-04
8.612502e-04
8.619557e-04
8.621946e-04
8.627133e-04
8.632098e-04
8.637402e-04
8.642578e-04
8.647501e-04
8.652026e-04
8.654726e-04
8.660331e-04
8.665811e-04
8.670698e-04
8.677046e-04
8.681232e-04
8.683183e-04
8.689873e-04
8.694350e-04
8.698706e-04
8.707923e-04
8.709562e-04
8.710535e-04
8.718045e-04
8.721389e-04
8.729544e-04
8.733412e-04
8.737730e-04
8.745153e-04
8.753305e-04
8.757584e-04
8.758349e-04
8.764294e-04
8.770269e-04
8.776844e-04
8.782854e-04
8.783685e-04
8.788799e-04
8.797963e-04
8.800151e-04
8.803757e-04
8.811679e-04
8.814106e-04
8.817458e-04
8.825317e-04
8.830875e-04
8.832907e-04
8.839910e-04
8.843034e-04
8.848040e-04
8.849942e-04
8.857261e-04
8.862107e-04
8.865670e-04
8.869087e-04
8.872409e-04
8.881096e-04
8.885101e-04
8.892207e-04
8.895597e-04
8.905799e-04
8.907054e-04
8.909778e-04
8.914229e-04
8.917936e-04
8.923324e-04
8.930963e-04
8.933744e-04
8.935396e-04
8.944158e-04
8.944451e-04
8.959957e-04
8.966089e-04
8.969888e-04
8.977452e-04
8.979516e-04
8.983638e-04
8.984857e-04
8.992274e-04
9.001719e-04
9.006785e-04
9.008880e-04
9.015802e-04
9.019187e-04
9.024525e-04
9.030965e-04
9.035444e-04
9.038866e-04
9.042132e-04
9.052329e-04
9.056030e-04
9.060033e-04
9.065191e-04
9.071861e-04
9.072724e-04
9.076187e-04
9.082118e-04
9.087411e-04
9.092574e-04
9.097915e-04
9.105404e-04
9.109208e-04
9.112260e-04
9.119850e-04
9.121756e-04
9.130863e-04
9.133534e-04
9.136725e-04
9.141624e-04
9.145829e-04
9.149635e-04
9.155783e-04
9.157639e-04
9.162304e-04
9.174636e-04
9.180884e-04
9.186253e-04
9.190254e-04
9.199345e-04
9.201310e-04
9.207315e-04
9.211131e-04
9.213609e-04
9.220692e-04
9.229488e-04
9.231610e-04
9.236137e-04
9.240379e-04
9.243122e-04
9.245767e-04
9.254837e-04
9.257968e-04
9.261795e-04
9.266967e-04
9.270653e-04
9.277060e-04
9.284100e-04
9.292799e-04
9.298045e-04
9.304132e-04
9.311349e-04
9.312726e-04
9.318367e-04
9.320145e-04
9.322394e-04
9.336699e-04
9.340039e-04
9.343357e-04
9.346115e-04
9.350767e-04
9.360943e-04
9.361419e-04
9.371495e-04
9.373650e-04
9.384774e-04
9.387335e-04
9.394484e-04
9.399403e-04
9.405124e-04
9.410633e-04
9.418395e-04
9.420371e-04
9.427163e-04
9.433304e-04
9.436992e-04
9.442682e-04
9.449376e-04
9.454342e-04
9.458469e-04
9.462100e-04
9.466565e-04
9.473499e-04
9.477848e-04
9.482247e-04
9.488999e-04
9.493415e-04
9.498455e-04
9.505794e-04
9.511912e-04
9.513518e-04
9.518416e-04
9.522462e-04
9.526436e-04
9.530588e-04
9.540314e-04
9.545671e-04
9.549549e-04
9.556234e-04
9.563261e-04
9.567349e-04
9.571158e-04
9.574785e-04
9.583788e-04
9.587546e-04
9.590371e-04
9.594783e-04
9.599739e-04
9.609495e-04
9.617672e-04
9.618396e-04
9.627302e-04
9.629303e-04
9.636223e-04
9.638006e-04
9.640387e-04
9.650104e-04
9.652550e-04
9.658903e-04
9.664763e-04
9.673446e-04
9.678894e-04
9.680222e-04
9.689014e-04
9.696870e-04
9.700815e-04
9.703101e-04
9.709754e-04
9.713081e-04
9.715110e-04
9.719282e-04
9.727624e-04
9.735194e-04
9.737445e-04
9.744804e-04
9.747785e-04
9.757896e-04
9.762468e-04
9.769956e-04
9.772438e-04
9.780689e-04
9.786390e-04
9.787934e-04
9.793734e-04
9.803056e-04
9.807925e-04
9.811552e-04
9.815484e-04
9.821785e-04
9.826762e-04
9.827806e-04
9.830741e-04
9.840435e-04
9.845863e-04
9.854849e-04
9.857565e-04
9.864126e-04
9.872060e-04
9.873312e-04
9.880317e-04
9.885252e-04
9.888881e-04
9.892809e-04
9.899306e-04
9.906736e-04
9.916395e-04
9.919465e-04
9.922122e-04
9.929310e-04
9.933491e-04
9.939972e-04
9.949306e-04
9.952619e-04
9.956317e-04
9.962990e-04
9.969152e-04
9.971735e-04
9.977288e-04
9.981567e-04
9.987058e-04
9.988507e-04
9.999230e-04
1.000292e-03
1.000656e-03
1.001009e-03
1.001207e-03
1.001932e-03
1.002512e-03
1.003084e-03
1.003304e-03
1.004466e-03
1.004820e-03
1.005779e-03
1.005999e-03
1.006494e-03
1.006844e-03
1.007415e-03
1.007832e-03
1.008807e-03
1.009230e-03
1.009624e-03
1.009948e-03
1.010577e-03
1.011682e-03
1.011903e-03
1.012614e-03
1.013431e-03
1.014050e-03
1.014677e-03
1.014799e-03
1.015582e-03
1.016597e-03
1.016973e-03
1.017180e-03
1.017717e-03
1.018220e-03
1.019018e-03
1.019533e-03
1.019860e-03
1.020752e-03
1.021067e-03
1.021344e-03
1.021726e-03
1.022319e-03
1.022691e-03
1.023598e-03
1.024169e-03
1.024463e-03
1.025484e-03
1.025841e-03
1.026338e-03
1.026813e-03
1.027498e-03
1.028416e-03
1.028805e-03
1.029441e-03
1.029692e-03
1.030247e-03
1.030306e-03
1.030815e-03
1.031626e-03
1.032528e-03
1.032875e-03
1.034326e-03
1.034917e-03
1.035024e-03
1.035863e-03
1.036286e-03
1.036809e-03
1.037107e-03
1.037355e-03
1.038513e-03
1.038690e-03
1.039161e-03
1.039500e-03
1.040275e-03
1.040657e-03
1.041127e-03
1.041745e-03
1.042233e-03
1.042812e-03
1.043219e-03
1.043955e-03
1.044544e-03
1.044654e-03
1.045416e-03
1.045817e-03
1.046077e-03
1.046913e-03
1.048325e-03
1.048517e-03
1.048870e-03
1.049009e-03
1.049928e-03
1.050658e-03
1.050952e-03
1.051463e-03
1.051882e-03
1.052987e-03
1.053532e-03
1.053925e-03
1.054459e-03
1.054777e-03
1.055579e-03
1.056343e-03
1.056786e-03
1.057233e-03
1.058056e-03
1.058498e-03
1.059301e-03
1.060053e-03
1.060251e-03
1.060935e-03
1.061560e-03
1.062294e-03
1.062628e-03
1.063258e-03
1.063537e-03
1.063808e-03
1.065208e-03
1.065469e-03
1.066124e-03
1.066252e-03
1.066815e-03
1.067996e-03
1.068388e-03
1.068811e-03
1.069202e-03
1.070576e-03
1.071001e-03
1.071589e-03
1.071976e-03
1.072432e-03
1.073349e-03
1.073533e-03
1.074567e-03
1.074904e-03
1.075159e-03
1.075257e-03
1.076081e-03
1.076772e-03
1.077229e-03
1.077981e-03
1.078156e-03
1.078590e-03
1.079816e-03
1.080257e-03
1.080385e-03
1.080945e-03
1.081323e-03
1.082429e-03
1.082984e-03
1.084042e-03
1.084231e-03
1.084472e-03
1.085965e-03
1.086089e-03
1.086549e-03
1.087778e-03
1.088536e-03
1.088985e-03
1.089201e-03
1.089961e-03
1.090304e-03
1.090419e-03
1.091234e-03
1.091481e-03
1.091978e-03
1.092116e-03
1.092864e-03
1.094367e-03
1.094908e-03
1.095680e-03
1.096496e-03
1.097240e-03
1.097814e-03
1.098486e-03
1.098887e-03
1.098965e-03
1.099767e-03
1.099931e-03
1.101078e-03
1.101683e-03
1.101919e-03
1.103082e-03
1.103461e-03
1.103982e-03
1.104770e-03
1.105241e-03
1.106159e-03
1.106465e-03
1.107200e-03
1.107806e-03
1.108061e-03
1.108350e-03
1.108999e-03
1.109519e-03
1.109921e-03
1.110428e-03
1.111114e-03
1.111884e-03
1.112126e-03
1.113280e-03
1.113572e-03
1.114116e-03
1.114323e-03
1.115410e-03
1.115619e-03
1.116074e-03
1.116746e-03
1.117690e-03
1.118152e-03
1.118982e-03
1.119382e-03
1.120253e-03
1.120873e-03
1.121314e-03
1.122198e-03
1.122699e-03
1.122948e-03
1.123549e-03
1.124172e-03
1.124830e-03
1.125757e-03
1.126095e-03
1.126433e-03
1.127365e-03
1.127664e-03
1.128247e-03
1.129936e-03
1.130198e-03
1.130434e-03
1.130820e-03
1.131560e-03
1.132273e-03
1.133482e-03
1.133804e-03
1.134684e-03
1.134809e-03
1.135358e-03
1.135507e-03
1.136587e-03
1.137189e-03
1.137693e-03
1.138011e-03
1.138384e-03
1.139442e-03
1.140657e-03
1.140970e-03
1.141566e-03
1.141587e-03
1.142154e-03
1.142869e-03
1.143458e-03
1.143933e-03
1.144464e-03
1.145483e-03
1.146345e-03
1.146630e-03
1.146995e-03
1.147344e-03
1.148518e-03
1.148862e-03
1.149255e-03
1.149876e-03
1.151187e-03
1.151348e-03
1.151867e-03
1.152404e-03
1.152589e-03
1.153250e-03
1.154062e-03
1.155274e-03
1.155783e-03
1.156590e-03
1.157219e-03
1.157537e-03
1.157942e-03
1.158977e-03
1.160063e-03
1.160134e-03
1.160958e-03
1.161133e-03
1.161626e-03
1.162251e-03
1.162526e-03
1.163146e-03
1.164462e-03
1.165138e-03
1.165295e-03
1.165883e-03
1.166784e-03
1.167482e-03
1.168156e-03
1.168601e-03
1.169132e-03
1.169553e-03
1.169734e-03
1.170821e-03
1.171800e-03
1.171911e-03
1.172517e-03
1.173110e-03
1.173569e-03
1.174436e-03
1.174826e-03
1.175440e-03
1.175573e-03
1.176589e-03
1.177186e-03
1.177598e-03
1.178561e-03
1.178788e-03
1.179375e-03
1.180170e-03
1.180501e-03
1.181546e-03
1.181629e-03
1.182642e-03
1.183211e-03
1.184054e-03
1.184631e-03
1.184858e-03
1.185321e-03
1.186714e-03
1.187395e-03
1.187841e-03
1.188098e-03
1.188566e-03
1.189728e-03
1.189992e-03
1.190396e-03
1.191617e-03
1.191901e-03
1.192434e-03
1.193081e-03
1.193559e-03
1.193976e-03
1.194877e-03
1.195727e-03
1.196738e-03
1.196997e-03
1.197544e-03
1.198094e-03
1.198292e-03
1.199141e-03
1.199605e-03
1.200439e-03
1.200749e-03
1.201348e-03
1.202483e-03
1.202813e-03
1.203329e-03
1.203657e-03
1.203936e-03
1.204830e-03
1.205708e-03
1.205923e-03
1.207118e-03
1.207339e-03
1.207837e-03
1.208500e-03
1.209120e-03
1.209878e-03
1.210723e-03
1.211083e-03
1.211904e-03
1.213116e-03
1.213501e-03
1.214255e-03
1.214784e-03
1.215768e-03
1.216049e-03
1.216331e-03
1.216723e-03
1.217556e-03
1.218576e-03
1.219147e-03
1.219873e-03
1.220265e-03
1.221157e-03
1.222410e-03
1.222732e-03
1.223140e-03
1.223473e-03
1.224259e-03
1.225159e-03
1.225760e-03
1.226221e-03
1.226481e-03
1.227416e-03
1.227900e-03
1.228974e-03
1.229548e-03
1.230228e-03
1.230889e-03
1.231459e-03
1.231619e-03
1.232247e-03
1.232957e-03
1.233667e-03
1.234243e-03
1.234900e-03
1.236050e-03
1.236987e-03
1.237598e-03
1.238099e-03
1.238584e-03
1.238793e-03
1.240025e-03
1.240505e-03
1.240734e-03
1.241666e-03
1.241861e-03
1.243447e-03
1.243854e-03
1.244041e-03
1.244388e-03
1.245490e-03
1.246001e-03
1.246690e-03
1.247182e-03
1.248302e-03
1.248567e-03
1.249295e-03
1.250470e-03
1.251204e-03
1.251663e-03
1.252406e-03
1.253256e-03
1.254566e-03
1.254750e-03
1.255286e-03
1.256443e-03
1.257053e-03
1.257423e-03
1.257499e-03
1.258392e-03
1.259298e-03
1.259689e-03
1.260714e-03
1.261244e-03
1.261556e-03
1.262613e-03
1.263373e-03
1.263698e-03
1.264311e-03
1.264857e-03
1.265032e-03
1.266066e-03
1.266615e-03
1.268187e-03
1.268613e-03
1.269436e-03
1.269555e-03
1.270339e-03
1.270414e-03
1.271224e-03
1.273299e-03
1.273430e-03
1.274262e-03
1.275152e-03
1.275522e-03
1.275640e-03
1.276749e-03
1.277286e-03
1.277660e-03
1.278345e-03
1.279236e-03
1.279676e-03
1.280032e-03
1.280986e-03
1.281084e-03
1.281763e-03
1.282200e-03
1.282802e-03
1.284135e-03
1.284383e-03
1.285137e-03
1.285576e-03
1.286025e-03
1.286518e-03
1.287147e-03
1.287611e-03
1.288469e-03
1.289206e-03
1.289623e-03
1.290376e-03
1.291020e-03
1.291436e-03
1.292276e-03
1.292820e-03
1.293026e-03
1.294129e-03
1.294839e-03
1.295327e-03
1.295916e-03
1.297350e-03
1.297594e-03
1.298347e-03
1.298543e-03
1.299761e-03
1.299971e-03
1.301202e-03
1.301766e-03
1.302126e-03
1.302792e-03
1.303236e-03
1.303771e-03
1.304286e-03
1.305007e-03
1.305697e-03
1.306918e-03
1.307080e-03
1.307728e-03
1.308175e-03
1.309007e-03
1.309257e-03
1.309935e-03
1.310980e-03
1.311982e-03
1.312688e-03
1.313041e-03
1.313443e-03
1.314041e-03
1.314828e-03
1.315118e-03
1.316722e-03
1.317249e-03
1.317833e-03
1.318546e-03
1.318875e-03
1.319404e-03
1.320069e-03
1.320561e-03
1.321047e-03
1.321842e-03
1.322723e-03
1.323035e-03
1.324338e-03
1.324770e-03
1.325609e-03
1.325932e-03
1.326746e-03
1.327572e-03
1.327654e-03
1.328481e-03
1.329001e-03
1.330270e-03
1.330488e-03
1.331174e-03
1.332276e-03
1.333108e-03
1.333829e-03
1.334256e-03
1.335074e-03
1.335557e-03
1.336476e-03
1.336883e-03
1.337311e-03
1.337729e-03
1.338606e-03
1.339512e-03
1.340693e-03
1.340879e-03
1.342190e-03
1.343002e-03
1.343380e-03
1.343656e-03
1.344162e-03
1.344825e-03
1.346029e-03
1.347019e-03
1.347335e-03
1.347608e-03
1.348417e-03
1.349791e-03
1.350232e-03
1.350679e-03
1.351073e-03
1.351275e-03
1.351315e-03
1.352644e-03
1.353228e-03
1.354070e-03
1.354537e-03
1.355364e-03
1.356170e-03
1.357245e-03
1.357666e-03
1.358294e-03
1.359150e-03
1.359742e-03
1.360455e-03
1.360784e-03
1.361459e-03
1.361897e-03
1.362828e-03
1.363678e-03
1.364901e-03
1.365363e-03
1.365919e-03
1.366464e-03
1.367247e-03
1.368001e-03
1.368571e-03
1.369654e-03
1.370317e-03
1.370740e-03
1.371234e-03
1.372196e-03
1.372520e-03
1.373065e-03
1.373521e-03
1.374127e-03
1.375476e-03
1.376282e-03
1.376905e-03
1.377246e-03
1.377608e-03
1.378410e-03
1.379200e-03
1.379361e-03
1.380156e-03
1.381041e-03
1.382625e-03
1.382981e-03
1.383227e-03
1.384324e-03
1.384450e-03
1.385168e-03
1.386482e-03
1.386805e-03
1.387825e-03
1.388476e-03
1.389624e-03
1.389962e-03
1.390696e-03
1.391096e-03
1.392029e-03
1.392336e-03
1.392917e-03
1.394182e-03
1.394790e-03
1.394920e-03
1.395530e-03
1.396677e-03
1.397838e-03
1.398058e-03
1.398775e-03
1.399652e-03
1.399772e-03
1.400301e-03
1.400451e-03
1.401615e-03
1.401841e-03
1.403056e-03
1.403733e-03
1.403793e-03
1.404434e-03
1.405918e-03
1.407008e-03
1.407399e-03
1.407787e-03
1.408502e-03
1.409688e-03
1.410235e-03
1.410407e-03
1.411065e-03
1.412543e-03
1.413113e-03
1.413733e-03
1.414390e-03
1.415043e-03
1.415421e-03
1.417354e-03
1.417607e-03
1.418445e-03
1.419198e-03
1.419494e-03
1.420344e-03
1.420597e-03
1.422078e-03
1.422663e-03
1.423535e-03
1.423965e-03
1.424522e-03
1.425295e-03
1.425698e-03
1.427229e-03
1.427398e-03
1.427885e-03
1.428853e-03
1.429293e-03
1.429900e-03
1.430376e-03
1.431276e-03
1.431642e-03
1.432605e-03
1.433147e-03
1.434162e-03
1.434437e-03
1.435776e-03
1.436541e-03
1.436843e-03
1.437908e-03
1.438504e-03
1.438900e-03
1.440478e-03
1.441032e-03
1.441799e-03
1.442787e-03
1.443140e-03
1.444058e-03
1.444208e-03
1.444882e-03
1.445569e-03
1.446060e-03
1.446396e-03
1.447404e-03
1.447929e-03
1.449258e-03
1.449725e-03
1.450395e-03
1.451499e-03
1.452015e-03
1.453496e-03
1.453829e-03
1.455307e-03
1.455675e-03
1.456451e-03
1.457319e-03
1.457558e-03
1.458095e-03
1.459427e-03
1.460270e-03
1.461272e-03
1.462337e-03
1.462754e-03
1.462862e-03
1.463641e-03
1.463691e-03
1.463986e-03
1.464855e-03
1.465723e-03
1.466628e-03
1.467995e-03
1.468753e-03
1.469430e-03
1.471180e-03
1.471419e-03
1.471697e-03
1.473028e-03
1.473287e-03
1.473890e-03
1.474421e-03
1.475061e-03
1.476041e-03
1.476727e-03
1.477018e-03
1.478319e-03
1.478572e-03
1.480095e-03
1.480566e-03
1.481613e-03
1.482057e-03
1.482782e-03
1.483946e-03
1.484224e-03
1.485198e-03
1.486465e-03
1.487166e-03
1.487679e-03
1.487868e-03
1.489231e-03
1.490345e-03
1.490553e-03
1.490873e-03
1.491559e-03
1.492401e-03
1.492971e-03
1.493252e-03
1.494334e-03
1.495235e-03
1.495622e-03
1.496807e-03
1.497916e-03
1.497975e-03
1.498726e-03
1.499025e-03
1.499908e-03
1.500626e-03
1.501223e-03
1.501956e-03
1.503380e-03
1.504426e-03
1.505222e-03
1.505537e-03
1.506469e-03
1.506917e-03
1.507383e-03
1.508444e-03
1.508783e-03
1.509530e-03
1.510358e-03
1.511027e-03
1.511369e-03
1.512449e-03
1.513044e-03
1.514313e-03
1.515040e-03
1.515481e-03
1.515870e-03
1.516403e-03
1.517667e-03
1.518512e-03
1.519913e-03
1.520392e-03
1.520961e-03
1.521458e-03
1.522378e-03
1.523594e-03
1.523950e-03
1.524817e-03
1.525181e-03
1.525853e-03
1.526258e-03
1.527472e-03
1.528753e-03
1.529175e-03
1.530415e-03
1.530764e-03
1.531659e-03
1.531820e-03
1.532729e-03
1.533268e-03
1.533941e-03
1.534882e-03
1.534956e-03
1.536491e-03
1.537356e-03
1.537571e-03
1.538874e-03
1.539261e-03
1.540350e-03
1.541297e-03
1.542175e-03
1.543048e-03
1.543380e-03
1.543968e-03
1.545265e-03
1.546524e-03
1.547560e-03
1.548640e-03
1.549594e-03
1.549746e-03
1.550241e-03
1.550665e-03
1.550834e-03
1.551438e-03
1.552299e-03
1.554287e-03
1.554444e-03
1.554856e-03
1.555885e-03
1.557012e-03
1.558131e-03
1.558603e-03
1.559191e-03
1.560000e-03
1.560344e-03
1.561227e-03
1.561666e-03
1.562515e-03
1.564079e-03
1.564607e-03
1.565034e-03
1.566520e-03
1.566840e-03
1.567330e-03
1.568310e-03
1.568923e-03
1.569404e-03
1.570591e-03
1.572188e-03
1.572926e-03
1.573456e-03
1.573772e-03
1.574828e-03
1.575416e-03
1.575918e-03
1.576533e-03
1.577729e-03
1.578160e-03
1.578391e-03
1.579371e-03
1.580924e-03
1.582084e-03
1.583417e-03
1.583686e-03
1.584440e-03
1.584691e-03
1.585970e-03
1.586191e-03
1.586896e-03
1.587466e-03
1.588746e-03
1.589270e-03
1.590079e-03
1.590891e-03
1.591537e-03
1.592268e-03
1.592516e-03
1.593788e-03
1.594494e-03
1.595111e-03
1.595680e-03
1.596289e-03
1.597443e-03
1.597673e-03
1.598094e-03
1.599110e-03
1.601460e-03
1.602159e-03
1.602765e-03
1.603978e-03
1.605148e-03
1.605647e-03
1.606544e-03
1.606956e-03
1.608517e-03
1.608964e-03
1.609307e-03
1.610677e-03
1.611412e-03
1.612641e-03
1.613277e-03
1.613623e-03
1.614766e-03
1.615345e-03
1.615537e-03
1.616212e-03
1.617138e-03
1.617659e-03
1.618353e-03
1.619270e-03
1.620064e-03
1.621383e-03
1.622076e-03
1.622787e-03
1.623542e-03
1.624529e-03
1.625100e-03
1.625404e-03
1.626355e-03
1.627266e-03
1.628018e-03
1.628402e-03
1.629119e-03
1.630681e-03
1.631143e-03
1.631310e-03
1.632461e-03
1.632616e-03
1.632981e-03
1.633739e-03
1.635378e-03
1.636318e-03
1.637413e-03
1.637620e-03
1.638655e-03
1.639685e-03
1.639881e-03
1.641437e-03
1.641700e-03
1.641906e-03
1.642996e-03
1.644085e-03
1.645541e-03
1.646233e-03
1.646750e-03
1.647476e-03
1.648716e-03
1.649251e-03
1.649561e-03
1.651153e-03
1.652159e-03
1.652702e-03
1.653976e-03
1.654588e-03
1.655706e-03
1.655843e-03
1.657520e-03
1.658088e-03
1.658664e-03
1.659889e-03
1.660782e-03
1.661208e-03
1.661783e-03
1.663121e-03
1.663483e-03
1.663960e-03
1.664746e-03
1.665203e-03
1.666970e-03
1.667413e-03
1.667946e-03
1.669449e-03
1.669565e-03
1.669788e-03
1.671643e-03
1.672911e-03
1.672977e-03
1.673998e-03
1.674637e-03
1.675966e-03
1.677503e-03
1.677729e-03
1.678930e-03
1.679411e-03
1.680146e-03
1.680919e-03
1.681726e-03
1.682148e-03
1.682256e-03
1.684352e-03
1.685087e-03
1.685447e-03
1.686478e-03
1.687628e-03
1.688068e-03
1.688681e-03
1.689435e-03
1.689905e-03
1.689966e-03
1.690706e-03
1.691141e-03
1.693116e-03
1.693883e-03
1.694304e-03
1.694898e-03
1.696246e-03
1.696748e-03
1.697569e-03
1.698616e-03
1.699450e-03
1.699910e-03
1.700478e-03
1.701255e-03
1.702277e-03
1.702800e-03
1.703994e-03
1.705147e-03
1.705632e-03
1.706801e-03
1.707134e-03
1.709275e-03
1.710166e-03
1.712079e-03
1.712683e-03
1.713478e-03
1.714256e-03
1.715120e-03
1.716126e-03
1.716383e-03
1.717205e-03
1.717611e-03
1.718280e-03
1.719232e-03
1.721146e-03
1.722146e-03
1.723279e-03
1.724362e-03
1.724743e-03
1.725352e-03
1.725953e-03
1.726777e-03
1.727653e-03
1.728762e-03
1.729137e-03
1.729602e-03
1.730973e-03
1.731983e-03
1.732937e-03
1.733075e-03
1.733965e-03
1.734446e-03
1.735154e-03
1.736392e-03
1.736994e-03
1.737375e-03
1.738003e-03
1.738970e-03
1.740467e-03
1.741129e-03
1.742291e-03
1.743119e-03
1.743766e-03
1.743822e-03
1.745972e-03
1.746734e-03
1.746957e-03
1.748119e-03
1.748576e-03
1.749956e-03
1.750709e-03
1.751277e-03
1.751602e-03
1.752629e-03
1.753330e-03
1.754717e-03
1.755055e-03
1.755572e-03
1.755902e-03
1.757239e-03
1.757903e-03
1.758366e-03
1.758793e-03
1.759842e-03
1.761403e-03
1.761841e-03
1.762872e-03
1.763102e-03
1.764608e-03
1.765574e-03
1.765998e-03
1.767306e-03
1.768404e-03
1.769512e-03
1.770168e-03
1.771097e-03
1.772179e-03
1.772760e-03
1.773279e-03
1.773882e-03
1.775048e-03
1.775800e-03
1.776271e-03
1.777146e-03
1.778400e-03
1.778960e-03
1.779210e-03
1.780070e-03
1.781854e-03
1.782852e-03
1.783575e-03
1.784545e-03
1.784860e-03
1.785127e-03
1.786433e-03
1.786762e-03
1.788518e-03
1.788881e-03
1.789295e-03
1.790196e-03
1.791070e-03
1.791517e-03
1.793110e-03
1.793452e-03
1.795571e-03
1.796674e-03
1.797288e-03
1.797460e-03
1.798011e-03
1.799293e-03
1.800379e-03
1.801339e-03
1.802645e-03
1.802848e-03
1.803898e-03
1.804468e-03
1.805624e-03
1.805849e-03
1.806777e-03
1.807549e-03
1.807678e-03
1.808002e-03
1.809720e-03
1.810081e-03
1.810955e-03
1.811902e-03
1.813222e-03
1.813791e-03
1.814617e-03
1.816061e-03
1.816597e-03
1.817516e-03
1.818090e-03
1.819047e-03
1.820166e-03
1.821163e-03
1.822350e-03
1.823237e-03
1.823416e-03
1.823949e-03
1.824019e-03
1.824902e-03
1.826379e-03
1.827375e-03
1.828218e-03
1.828953e-03
1.830039e-03
1.830479e-03
1.832478e-03
1.832755e-03
1.833605e-03
1.834766e-03
1.835152e-03
1.836311e-03
1.836590e-03
1.837104e-03
1.838499e-03
1.839180e-03
1.839779e-03
1.841008e-03
1.841873e-03
1.842676e-03
1.843962e-03
1.844850e-03
1.845438e-03
1.845626e-03
1.846581e-03
1.846710e-03
1.848852e-03
1.849234e-03
1.850178e-03
1.851301e-03
1.851730e-03
1.852706e-03
1.854353e-03
1.854730e-03
1.856343e-03
1.856891e-03
1.857710e-03
1.857748e-03
1.858554e-03
1.859665e-03
1.860096e-03
1.860767e-03
1.861451e-03
1.862802e-03
1.863516e-03
1.863781e-03
1.865554e-03
1.866342e-03
1.866659e-03
1.867422e-03
1.868078e-03
1.868969e-03
1.869228e-03
1.870888e-03
1.871882e-03
1.872739e-03
1.874106e-03
1.874991e-03
1.875490e-03
1.876041e-03
1.877583e-03
1.877938e-03
1.878905e-03
1.880196e-03
1.881370e-03
1.882282e-03
1.882415e-03
1.883433e-03
1.883575e-03
1.885150e-03
1.887396e-03
1.888065e-03
1.888276e-03
1.889879e-03
1.890704e-03
1.892123e-03
1.892859e-03
1.893327e-03
1.893947e-03
1.895105e-03
1.896647e-03
1.897180e-03
1.898779e-03
1.899558e-03
1.900289e-03
1.900867e-03
1.901645e-03
1.902525e-03
1.903631e-03
1.904427e-03
1.904735e-03
1.906082e-03
1.907482e-03
1.908003e-03
1.908166e-03
1.909249e-03
1.909828e-03
1.911629e-03
1.911769e-03
1.912761e-03
1.914564e-03
1.915102e-03
1.915526e-03
1.916675e-03
1.917092e-03
1.917542e-03
1.918783e-03
1.921058e-03
1.921379e-03
1.922287e-03
1.922530e-03
1.923757e-03
1.924635e-03
1.925200e-03
1.926225e-03
1.926284e-03
1.927517e-03
1.929553e-03
1.929748e-03
1.930011e-03
1.931640e-03
1.931909e-03
1.932818e-03
1.933571e-03
1.934680e-03
1.935923e-03
1.936466e-03
1.936654e-03
1.937378e-03
1.938585e-03
1.940211e-03
1.941467e-03
1.941648e-03
1.942327e-03
1.943447e-03
1.945010e-03
1.945625e-03
1.946022e-03
1.946663e-03
1.947770e-03
1.948524e-03
1.951118e-03
1.951665e-03
1.952891e-03
1.953671e-03
1.954524e-03
1.955311e-03
1.955753e-03
1.956431e-03
1.957425e-03
1.958212e-03
1.958859e-03
1.959844e-03
1.961680e-03
1.962091e-03
1.962301e-03
1.965181e-03
1.965297e-03
1.966125e-03
1.966567e-03
1.966919e-03
1.969411e-03
1.970188e-03
1.970910e-03
1.972064e-03
1.973064e-03
1.974488e-03
1.975656e-03
1.976006e-03
1.976967e-03
1.977961e-03
1.978906e-03
1.979067e-03
1.980288e-03
1.980444e-03
1.981520e-03
1.982127e-03
1.983311e-03
1.984591e-03
1.985556e-03
1.986193e-03
1.987080e-03
1.989552e-03
1.989796e-03
1.991114e-03
1.991680e-03
1.992387e-03
1.994179e-03
1.994973e-03
1.996459e-03
1.996937e-03
1.997214e-03
1.998320e-03
1.999319e-03
2.000765e-03
2.001079e-03
2.001783e-03
2.002623e-03
2.002887e-03
2.003626e-03
2.004269e-03
2.005514e-03
2.007935e-03
2.008922e-03
2.009482e-03
2.009870e-03
2.010709e-03
2.011992e-03
2.012487e-03
2.013654e-03
2.015653e-03
2.016455e-03
2.017355e-03
2.017943e-03
2.019341e-03
2.019905e-03
2.020727e-03
2.022064e-03
2.022649e-03
2.024329e-03
2.025565e-03
2.026927e-03
2.027654e-03
2.028676e-03
2.029649e-03
2.031572e-03
2.032460e-03
2.032767e-03
2.034189e-03
2.034767e-03
2.035119e-03
2.037255e-03
2.037511e-03
2.038898e-03
2.039707e-03
2.039886e-03
2.041109e-03
2.041818e-03
2.043212e-03
2.044902e-03
2.044967e-03
2.045741e-03
2.046313e-03
2.046835e-03
2.048765e-03
2.050882e-03
2.051649e-03
2.051900e-03
2.052362e-03
2.054006e-03
2.055553e-03
2.056879e-03
2.057306e-03
2.058468e-03
2.059239e-03
2.060555e-03
2.061311e-03
2.061840e-03
2.061957e-03
2.062939e-03
2.063764e-03
2.064937e-03
2.066047e-03
2.067393e-03
2.068905e-03
2.069317e-03
2.070111e-03
2.070438e-03
2.072430e-03
2.073386e-03
2.074237e-03
2.074799e-03
2.075255e-03
2.076903e-03
2.077603e-03
2.077739e-03
2.078081e-03
2.080384e-03
2.081348e-03
2.082281e-03
2.083581e-03
2.085371e-03
2.086069e-03
2.086848e-03
2.087097e-03
2.089146e-03
2.090879e-03
2.091003e-03
2.091751e-03
2.093017e-03
2.093717e-03
2.094907e-03
2.095582e-03
2.096262e-03
2.097202e-03
2.097942e-03
2.098258e-03
2.099566e-03
2.100802e-03
2.101449e-03
2.103552e-03
2.104395e-03
2.105365e-03
2.106047e-03
2.106777e-03
2.107222e-03
2.109393e-03
2.110006e-03
2.111785e-03
2.112214e-03
2.113118e-03
2.113987e-03
2.115795e-03
2.116103e-03
2.117001e-03
2.117647e-03
2.118540e-03
2.119304e-03
2.121255e-03
2.121673e-03
2.122407e-03
2.123921e-03
2.124368e-03
2.125186e-03
2.126414e-03
2.127165e-03
2.129750e-03
2.130846e-03
2.131216e-03
2.131826e-03
2.132854e-03
2.135092e-03
2.135591e-03
2.136895e-03
2.137794e-03
2.138400e-03
2.139090e-03
2.139927e-03
2.140152e-03
2.141488e-03
2.143632e-03
2.144218e-03
2.146039e-03
2.146543e-03
2.147329e-03
2.148952e-03
2.149146e-03
2.149510e-03
2.150927e-03
2.152106e-03
2.152461e-03
2.153489e-03
2.154555e-03
2.156025e-03
2.157241e-03
2.158832e-03
2.159603e-03
2.161487e-03
2.162488e-03
2.162608e-03
2.164072e-03
2.164667e-03
2.166186e-03
2.167338e-03
2.168709e-03
2.169369e-03
2.169727e-03
2.170754e-03
2.173621e-03
2.174112e-03
2.174706e-03
2.176628e-03
2.176867e-03
2.178669e-03
2.178895e-03
2.179702e-03
2.180394e-03
2.182322e-03
2.183068e-03
2.183398e-03
2.184048e-03
2.184918e-03
2.185331e-03
2.186903e-03
2.187343e-03
2.189208e-03
2.189835e-03
2.191337e-03
2.193364e-03
2.193552e-03
2.195484e-03
2.196490e-03
2.198098e-03
2.198269e-03
2.198761e-03
2.200253e-03
2.201174e-03
2.202350e-03
2.203335e-03
2.204467e-03
2.205258e-03
2.206711e-03
2.206886e-03
2.208555e-03
2.210130e-03
2.210771e-03
2.211444e-03
2.212059e-03
2.213637e-03
2.216219e-03
2.216740e-03
2.218718e-03
2.218824e-03
2.220703e-03
2.221288e-03
2.222340e-03
2.223605e-03
2.224870e-03
2.226038e-03
2.226228e-03
2.227578e-03
2.229042e-03
2.229884e-03
2.230752e-03
2.231020e-03
2.232898e-03
2.233704e-03
2.234532e-03
2.236129e-03
2.236859e-03
2.238273e-03
2.238645e-03
2.239144e-03
2.241164e-03
2.242095e-03
2.243794e-03
2.244269e-03
2.245745e-03
2.246202e-03
2.247951e-03
2.248615e-03
2.250085e-03
2.252525e-03
2.253793e-03
2.254276e-03
2.254463e-03
2.254845e-03
2.256142e-03
2.258211e-03
2.259697e-03
2.260474e-03
2.260710e-03
2.262358e-03
2.263160e-03
2.263763e-03
2.264586e-03
2.265788e-03
2.267067e-03
2.267615e-03
2.268655e-03
2.270071e-03
2.271676e-03
2.272625e-03
2.273288e-03
2.274194e-03
2.275836e-03
2.276638e-03
2.278026e-03
2.280497e-03
2.280526e-03
2.282142e-03
2.283047e-03
2.283986e-03
2.284234e-03
2.287113e-03
2.287916e-03
2.288089e-03
2.289229e-03
2.291302e-03
2.291381e-03
2.292687e-03
2.294235e-03
2.295137e-03
2.295783e-03
2.297461e-03
2.298810e-03
2.299335e-03
2.300683e-03
2.301582e-03
2.302708e-03
2.303267e-03
2.304972e-03
2.306222e-03
2.308012e-03
2.308827e-03
2.309414e-03
2.311037e-03
2.312670e-03
2.314266e-03
2.315286e-03
2.316156e-03
2.317176e-03
2.318231e-03
2.320020e-03
2.321401e-03
2.322669e-03
2.323181e-03
2.324924e-03
2.325424e-03
2.327120e-03
2.328639e-03
2.329485e-03
2.330063e-03
2.332338e-03
2.332769e-03
2.333688e-03
2.334448e-03
2.336253e-03
2.336715e-03
2.337425e-03
2.338841e-03
2.340700e-03
2.340928e-03
2.342656e-03
2.343379e-03
2.343537e-03
2.345475e-03
2.346926e-03
2.348417e-03
2.349369e-03
2.350636e-03
2.352938e-03
2.353033e-03
2.353990e-03
2.354680e-03
2.355959e-03
2.357069e-03
2.359338e-03
2.360085e-03
2.361845e-03
2.362263e-03
2.362666e-03
2.364700e-03
2.365575e-03
2.366791e-03
2.367792e-03
2.368288e-03
2.370006e-03
2.371067e-03
2.371502e-03
2.372960e-03
2.373998e-03
2.374846e-03
2.375731e-03
2.376789e-03
2.377886e-03
2.379558e-03
2.381004e-03
2.381816e-03
2.383468e-03
2.384378e-03
2.387227e-03
2.387964e-03
2.390255e-03
2.391142e-03
2.391883e-03
2.393164e-03
2.394821e-03
2.395772e-03
2.397183e-03
2.397789e-03
2.398645e-03
2.399181e-03
2.401622e-03
2.402305e-03
2.402573e-03
2.404521e-03
2.407213e-03
2.408102e-03
2.409207e-03
2.409940e-03
2.410673e-03
2.412227e-03
2.412749e-03
2.414015e-03
2.415141e-03
2.416060e-03
2.417664e-03
2.418266e-03
2.419408e-03
2.421140e-03
2.421730e-03
2.422886e-03
2.425462e-03
2.426169e-03
2.427814e-03
2.428133e-03
2.429547e-03
2.429679e-03
2.431316e-03
2.432455e-03
2.434010e-03
2.435537e-03
2.437108e-03
2.438984e-03
2.439324e-03
2.440149e-03
2.442130e-03
2.442643e-03
2.443379e-03
2.443677e-03
2.445814e-03
2.447271e-03
2.448691e-03
2.449156e-03
2.450922e-03
2.451528e-03
2.453311e-03
2.454108e-03
2.455296e-03
2.456139e-03
2.456524e-03
2.458755e-03
2.460131e-03
2.460409e-03
2.462684e-03
2.463267e-03
2.464752e-03
2.466093e-03
2.467161e-03
2.467451e-03
2.468888e-03
2.470141e-03
2.470368e-03
2.472594e-03
2.472761e-03
2.475137e-03
2.476432e-03
2.477462e-03
2.478326e-03
2.478992e-03
2.479800e-03
2.480542e-03
2.482773e-03
2.484254e-03
2.484338e-03
2.486107e-03
2.486603e-03
2.487117e-03
2.488562e-03
2.491112e-03
2.492923e-03
2.493355e-03
2.494517e-03
2.496565e-03
2.497743e-03
2.498647e-03
2.499116e-03
2.500433e-03
2.501685e-03
2.503620e-03
2.505233e-03
2.505985e-03
2.507018e-03
2.508821e-03
2.509243e-03
2.509693e-03
2.511689e-03
2.512441e-03
2.512779e-03
2.513943e-03
2.514909e-03
2.516938e-03
2.518505e-03
2.520217e-03
2.521530e-03
2.523011e-03
2.524097e-03
2.525536e-03
2.526545e-03
2.528963e-03
2.529468e-03
2.530534e-03
2.532216e-03
2.533169e-03
2.533435e-03
2.534679e-03
2.536858e-03
2.537275e-03
2.538900e-03
2.539765e-03
2.541503e-03
2.542817e-03
2.544258e-03
2.544896e-03
2.545931e-03
2.546345e-03
2.547674e-03
2.550171e-03
2.552433e-03
2.552970e-03
2.554477e-03
2.555014e-03
2.555878e-03
2.558421e-03
2.558593e-03
2.559202e-03
2.560001e-03
2.561447e-03
2.563104e-03
2.564379e-03
2.564888e-03
2.565471e-03
2.567420e-03
2.568831e-03
2.569565e-03
2.571058e-03
2.573245e-03
2.574763e-03
2.575101e-03
2.576566e-03
2.578199e-03
2.579682e-03
2.580044e-03
2.581705e-03
2.582774e-03
2.585560e-03
2.586060e-03
2.586893e-03
2.588253e-03
2.589457e-03
2.591947e-03
2.592604e-03
2.593488e-03
2.594513e-03
2.595584e-03
2.596551e-03
2.597579e-03
2.599233e-03
2.600403e-03
2.601421e-03
2.603102e-03
2.605744e-03
2.606557e-03
2.607511e-03
2.608216e-03
2.609192e-03
2.609980e-03
2.610336e-03
2.613195e-03
2.613856e-03
2.614942e-03
2.615181e-03
2.616985e-03
2.618338e-03
2.618615e-03
2.618970e-03
2.622180e-03
2.622349e-03
2.623528e-03
2.625862e-03
2.626731e-03
2.628606e-03
2.630660e-03
2.632077e-03
2.632582e-03
2.633594e-03
2.636768e-03
2.638679e-03
2.639208e-03
2.640144e-03
2.641253e-03
2.641825e-03
2.644627e-03
2.645645e-03
2.646593e-03
2.646936e-03
2.647545e-03
2.650375e-03
2.651728e-03
2.653447e-03
2.654505e-03
2.654819e-03
2.655198e-03
2.656410e-03
2.658028e-03
2.659657e-03
2.660741e-03
2.662036e-03
2.663858e-03
2.665433e-03
2.665979e-03
2.668927e-03
2.669542e-03
2.670877e-03
2.671924e-03
2.674982e-03
2.675117e-03
2.677419e-03
2.678215e-03
2.678538e-03
2.679900e-03
2.681026e-03
2.681727e-03
2.682935e-03
2.685690e-03
2.686891e-03
2.688146e-03
2.688337e-03
2.689574e-03
2.690423e-03
2.693557e-03
2.694413e-03
2.695987e-03
2.697039e-03
2.698409e-03
2.699147e-03
2.700254e-03
2.702190e-03
2.704277e-03
2.704486e-03
2.705021e-03
2.707517e-03
2.708498e-03
2.709918e-03
2.710761e-03
2.710842e-03
2.712016e-03
2.713027e-03
2.714210e-03
2.715324e-03
2.717091e-03
2.717886e-03
2.719162e-03
2.720826e-03
2.722120e-03
2.722361e-03
2.723904e-03
2.726468e-03
2.727441e-03
2.729136e-03
2.730448e-03
2.730860e-03
2.732145e-03
2.734170e-03
2.735362e-03
2.736086e-03
2.739630e-03
2.740774e-03
2.742827e-03
2.743427e-03
2.744413e-03
2.746202e-03
2.747381e-03
2.748169e-03
2.750095e-03
2.752927e-03
2.753424e-03
2.754793e-03
2.756120e-03
2.757964e-03
2.760207e-03
2.761000e-03
2.761914e-03
2.763185e-03
2.764637e-03
2.765397e-03
2.767098e-03
2.768721e-03
2.769104e-03
2.769853e-03
2.772190e-03
2.774309e-03
2.775019e-03
2.776459e-03
2.777021e-03
2.778002e-03
2.780604e-03
2.781597e-03
2.783615e-03
2.784134e-03
2.785870e-03
2.788484e-03
2.788682e-03
2.789533e-03
2.789884e-03
2.792074e-03
2.794329e-03
2.795595e-03
2.796858e-03
2.798527e-03
2.798765e-03
2.800629e-03
2.802552e-03
2.804010e-03
2.805151e-03
2.806819e-03
2.808406e-03
2.809928e-03
2.810856e-03
2.813616e-03
2.814194e-03
2.815262e-03
2.815817e-03
2.818056e-03
2.819986e-03
2.821003e-03
2.821965e-03
2.823193e-03
2.825421e-03
2.826710e-03
2.827405e-03
2.828823e-03
2.829318e-03
2.831350e-03
2.833100e-03
2.834174e-03
2.835539e-03
2.836466e-03
2.838394e-03
2.838862e-03
2.840995e-03
2.843141e-03
2.844854e-03
2.845287e-03
2.846377e-03
2.847385e-03
2.847981e-03
2.848461e-03
2.849750e-03
2.851833e-03
2.852109e-03
2.854924e-03
2.856290e-03
2.856881e-03
2.858065e-03
2.859959e-03
2.861716e-03
2.862118e-03
2.862978e-03
2.864069e-03
2.867233e-03
2.869874e-03
2.870981e-03
2.873074e-03
2.874274e-03
2.874716e-03
2.876250e-03
2.877238e-03
2.877762e-03
2.880760e-03
2.881550e-03
2.881807e-03
2.884521e-03
2.885304e-03
2.886336e-03
2.888725e-03
2.890344e-03
2.891012e-03
2.892530e-03
2.894411e-03
2.896268e-03
2.897550e-03
2.899281e-03
2.900629e-03
2.901322e-03
2.901938e-03
2.903688e-03
2.906272e-03
2.909171e-03
2.909328e-03
2.911008e-03
2.913099e-03
2.913282e-03
2.914548e-03
2.914948e-03
2.916802e-03
2.918401e-03
2.921272e-03
2.922464e-03
2.924391e-03
2.926231e-03
2.927219e-03
2.927998e-03
2.929442e-03
2.931339e-03
2.932066e-03
2.933206e-03
2.933538e-03
2.934531e-03
2.935390e-03
2.937193e-03
2.937784e-03
2.940091e-03
2.941153e-03
2.943297e-03
2.943788e-03
2.945780e-03
2.947804e-03
2.948939e-03
2.950087e-03
2.952123e-03
2.952698e-03
2.954843e-03
2.955068e-03
2.957215e-03
2.959125e-03
2.960023e-03
2.961069e-03
2.961625e-03
2.964466e-03
2.964921e-03
2.965632e-03
2.968970e-03
2.971225e-03
2.971719e-03
2.973048e-03
2.975016e-03
2.975655e-03
2.977515e-03
2.978012e-03
2.978605e-03
2.980879e-03
2.982160e-03
2.983033e-03
2.984711e-03
2.987255e-03
2.987631e-03
2.988310e-03
2.991294e-03
2.992173e-03
2.993834e-03
2.994563e-03
2.996980e-03
2.999187e-03
3.001039e-03
3.001857e-03
3.002991e-03
3.003268e-03
3.004798e-03
3.006178e-03
3.006577e-03
3.008574e-03
3.009900e-03
3.010771e-03
3.014081e-03
3.015117e-03
3.015874e-03
3.017394e-03
3.020203e-03
3.020488e-03
3.022007e-03
3.024317e-03
3.025828e-03
3.026034e-03
3.028222e-03
3.029808e-03
3.030054e-03
3.032688e-03
3.033013e-03
3.033917e-03
3.035530e-03
3.037791e-03
3.039312e-03
3.040293e-03
3.040808e-03
3.044162e-03
3.046505e-03
3.048225e-03
3.048551e-03
3.049507e-03
3.051492e-03
3.053657e-03
3.054355e-03
3.056424e-03
3.056667e-03
3.057491e-03
3.059936e-03
3.061098e-03
3.063483e-03
3.065921e-03
3.068382e-03
3.069176e-03
3.072088e-03
3.072441e-03
3.074038e-03
3.074682e-03
3.078003e-03
3.078956e-03
3.081307e-03
3.083249e-03
3.085186e-03
3.085392e-03
3.086829e-03
3.087873e-03
3.089329e-03
3.090105e-03
3.092302e-03
3.094913e-03
3.097011e-03
3.099567e-03
3.101027e-03
3.102195e-03
3.103014e-03
3.104968e-03
3.105927e-03
3.107950e-03
3.108997e-03
3.110818e-03
3.112058e-03
3.112084e-03
3.114877e-03
3.115250e-03
3.116156e-03
3.116982e-03
3.119619e-03
3.120711e-03
3.123480e-03
3.124836e-03
3.126038e-03
3.127879e-03
3.128906e-03
3.132017e-03
3.133960e-03
3.135033e-03
3.136174e-03
3.136412e-03
3.138308e-03
3.140231e-03
3.141711e-03
3.142288e-03
3.143302e-03
3.143932e-03
3.146281e-03
3.147267e-03
3.147829e-03
3.150718e-03
3.151243e-03
3.153528e-03
3.155357e-03
3.155727e-03
3.158037e-03
3.159370e-03
3.160425e-03
3.161881e-03
3.163119e-03
3.165307e-03
3.166171e-03
3.168278e-03
3.170637e-03
3.171249e-03
3.173280e-03
3.174078e-03
3.176036e-03
3.177090e-03
3.180887e-03
3.182385e-03
3.182893e-03
3.185141e-03
3.186705e-03
3.187657e-03
3.189248e-03
3.191310e-03
3.191641e-03
3.194552e-03
3.195109e-03
3.197725e-03
3.198874e-03
3.199678e-03
3.200582e-03
3.203306e-03
3.204319e-03
3.204583e-03
3.207902e-03
3.209056e-03
3.210082e-03
3.211403e-03
3.214803e-03
3.215228e-03
3.216462e-03
3.219781e-03
3.221026e-03
3.225023e-03
3.225051e-03
3.225887e-03
3.227470e-03
3.228586e-03
3.230798e-03
3.231675e-03
3.234036e-03
3.234811e-03
3.236105e-03
3.240442e-03
3.241910e-03
3.243674e-03
3.244527e-03
3.245533e-03
3.246741e-03
3.248163e-03
3.249090e-03
3.251576e-03
3.253429e-03
3.255871e-03
3.258826e-03
3.260748e-03
3.261842e-03
3.262065e-03
3.265592e-03
3.266487e-03
3.269690e-03
3.270410e-03
3.271419e-03
3.273602e-03
3.274991e-03
3.277287e-03
3.277838e-03
3.279141e-03
3.280865e-03
3.281386e-03
3.283566e-03
3.285060e-03
3.286620e-03
3.288832e-03
3.290694e-03
3.292060e-03
3.293736e-03
3.294132e-03
3.295976e-03
3.298126e-03
3.299570e-03
3.302024e-03
3.303450e-03
3.304716e-03
3.304902e-03
3.309280e-03
3.310449e-03
3.312495e-03
3.312972e-03
3.314842e-03
3.315703e-03
3.316982e-03
3.317706e-03
3.319947e-03
3.323025e-03
3.324425e-03
3.325518e-03
3.327209e-03
3.328044e-03
3.331323e-03
3.331990e-03
3.334398e-03
3.335761e-03
3.337884e-03
3.339207e-03
3.339796e-03
3.342080e-03
3.344696e-03
3.346616e-03
3.349294e-03
3.349880e-03
3.354678e-03
3.356770e-03
3.358144e-03
3.358765e-03
3.360417e-03
3.363285e-03
3.363618e-03
3.364875e-03
3.366263e-03
3.368293e-03
3.369785e-03
3.370510e-03
3.373480e-03
3.374728e-03
3.375572e-03
3.376157e-03
3.379684e-03
3.381139e-03
3.382735e-03
3.385264e-03
3.387206e-03
3.387606e-03
3.389021e-03
3.390411e-03
3.391848e-03
3.393855e-03
3.397053e-03
3.397681e-03
3.398417e-03
3.399372e-03
3.401470e-03
3.402238e-03
3.404300e-03
3.405073e-03
3.408035e-03
3.408149e-03
3.409425e-03
3.412001e-03
3.413477e-03
3.413988e-03
3.415680e-03
3.417304e-03
3.417926e-03
3.420868e-03
3.423197e-03
3.423598e-03
3.424408e-03
3.429393e-03
3.429435e-03
3.430121e-03
3.433422e-03
3.435547e-03
3.437121e-03
3.437784e-03
3.440561e-03
3.441304e-03
3.443662e-03
3.446014e-03
3.446803e-03
3.448470e-03
3.448735e-03
3.450756e-03
3.451501e-03
3.454068e-03
3.456514e-03
3.458231e-03
3.460277e-03
3.463180e-03
3.463931e-03
3.465177e-03
3.466066e-03
3.469035e-03
3.470188e-03
3.473684e-03
3.474187e-03
3.475104e-03
3.478003e-03
3.479266e-03
3.482774e-03
3.484718e-03
3.484897e-03
3.490235e-03
3.490644e-03
3.492078e-03
3.495495e-03
3.496604e-03
3.497325e-03
3.499503e-03
3.501612e-03
3.502576e-03
3.503392e-03
3.505113e-03
3.506260e-03
3.508203e-03
3.509943e-03
3.511266e-03
3.512835e-03
3.515119e-03
3.517654e-03
3.519158e-03
3.522092e-03
3.522478e-03
3.524089e-03
3.525418e-03
3.527480e-03
3.530614e-03
3.532107e-03
3.533401e-03
3.534743e-03
3.536225e-03
3.538612e-03
3.540085e-03
3.542534e-03
3.545121e-03
3.545653e-03
3.546972e-03
3.547752e-03
3.550426e-03
3.550682e-03
3.552120e-03
3.554067e-03
3.555206e-03
3.557572e-03
3.558858e-03
3.560949e-03
3.561467e-03
3.564384e-03
3.565454e-03
3.567381e-03
3.567884e-03
3.569361e-03
3.571347e-03
3.572538e-03
3.575184e-03
3.578256e-03
3.578662e-03
3.579577e-03
3.581069e-03
3.584624e-03
3.585524e-03
3.587219e-03
3.589923e-03
3.591978e-03
3.592873e-03
3.594236e-03
3.595763e-03
3.597098e-03
3.599621e-03
3.601917e-03
3.605476e-03
3.606441e-03
3.607004e-03
3.609290e-03
3.610512e-03
3.611558e-03
3.612172e-03
3.615219e-03
3.617157e-03
3.619543e-03
3.621297e-03
3.621831e-03
3.625872e-03
3.627561e-03
3.628930e-03
3.630698e-03
3.632103e-03
3.632859e-03
3.634602e-03
3.636124e-03
3.638859e-03
3.640987e-03
3.641504e-03
3.643153e-03
3.645182e-03
3.646238e-03
3.648585e-03
3.649649e-03
3.650732e-03
3.654661e-03
3.656996e-03
3.657542e-03
3.661631e-03
3.662545e-03
3.662782e-03
3.663474e-03
3.664307e-03
3.668892e-03
3.671373e-03
3.673534e-03
3.674398e-03
3.677350e-03
3.677915e-03
3.679718e-03
3.681792e-03
3.683412e-03
3.685547e-03
3.686881e-03
3.688339e-03
3.690375e-03
3.691483e-03
3.694586e-03
3.695704e-03
3.698319e-03
3.698575e-03
3.700913e-03
3.701285e-03
3.704216e-03
3.707126e-03
3.708876e-03
3.710748e-03
3.712351e-03
3.713984e-03
3.717772e-03
3.718421e-03
3.719858e-03
3.721376e-03
3.722972e-03
3.723469e-03
3.726160e-03
3.726321e-03
3.728629e-03
3.731060e-03
3.732280e-03
3.734006e-03
3.738567e-03
3.739544e-03
3.740816e-03
3.743002e-03
3.744954e-03
3.745595e-03
3.748185e-03
3.750454e-03
3.751547e-03
3.753515e-03
3.755952e-03
3.759011e-03
3.761947e-03
3.764355e-03
3.765067e-03
3.766437e-03
3.769406e-03
3.770330e-03
3.772632e-03
3.774459e-03
3.776465e-03
3.777794e-03
3.779018e-03
3.780295e-03
3.783034e-03
3.784086e-03
3.784258e-03
3.785949e-03
3.788901e-03
3.789694e-03
3.791276e-03
3.793134e-03
3.795275e-03
3.797507e-03
3.800030e-03
3.800812e-03
3.803601e-03
3.804423e-03
3.805524e-03
3.809598e-03
3.810352e-03
3.812984e-03
3.815480e-03
3.817619e-03
3.818646e-03
3.819672e-03
3.822193e-03
3.823597e-03
3.827197e-03
3.828109e-03
3.832370e-03
3.834961e-03
3.837814e-03
3.838124e-03
3.838368e-03
3.839908e-03
3.842625e-03
3.843934e-03
3.846936e-03
3.847829e-03
3.848893e-03
3.851449e-03
3.853428e-03
3.856106e-03
3.856414e-03
3.858357e-03
3.860240e-03
3.863373e-03
3.865270e-03
3.866805e-03
3.868542e-03
3.871061e-03
3.873446e-03
3.875529e-03
3.878085e-03
3.878574e-03
3.880790e-03
3.881535e-03
3.883784e-03
3.886828e-03
3.889562e-03
3.890525e-03
3.892174e-03
3.894183e-03
3.894524e-03
3.896807e-03
3.900497e-03
3.901457e-03
3.902013e-03
3.907150e-03
3.909245e-03
3.911197e-03
3.913777e-03
3.914073e-03
3.917396e-03
3.919414e-03
3.920283e-03
3.921227e-03
3.924508e-03
3.926924e-03
3.929733e-03
3.930089e-03
3.930367e-03
3.933072e-03
3.934556e-03
3.936889e-03
3.938106e-03
3.940420e-03
3.942046e-03
3.945583e-03
3.946584e-03
3.948996e-03
3.950613e-03
3.953122e-03
3.953761e-03
3.955494e-03
3.957939e-03
3.958745e-03
3.961867e-03
3.964255e-03
3.964934e-03
3.967056e-03
3.972046e-03
3.974397e-03
3.975688e-03
3.978653e-03
3.981972e-03
3.984892e-03
3.985818e-03
3.989004e-03
3.990126e-03
3.992353e-03
3.994698e-03
3.995545e-03
3.996981e-03
3.998358e-03
4.002285e-03
4.004367e-03
4.006646e-03
4.007637e-03
4.010841e-03
4.012547e-03
4.018379e-03
4.020114e-03
4.021534e-03
4.022933e-03
4.024334e-03
4.026318e-03
4.027794e-03
4.029115e-03
4.032561e-03
4.033234e-03
4.035077e-03
4.037073e-03
4.041627e-03
4.043060e-03
4.045909e-03
4.050460e-03
4.052098e-03
4.053903e-03
4.055943e-03
4.057456e-03
4.059614e-03
4.062082e-03
4.063207e-03
4.064572e-03
4.067000e-03
4.069338e-03
4.071811e-03
4.073803e-03
4.077708e-03
4.078742e-03
4.081976e-03
4.084137e-03
4.084231e-03
4.087526e-03
4.088548e-03
4.089617e-03
4.091358e-03
4.093695e-03
4.095750e-03
4.099013e-03
4.100793e-03
4.103671e-03
4.105212e-03
4.105688e-03
4.109519e-03
4.111381e-03
4.112252e-03
4.114437e-03
4.115732e-03
4.119789e-03
4.121596e-03
4.126012e-03
4.128281e-03
4.129216e-03
4.131977e-03
4.133106e-03
4.136031e-03
4.137127e-03
4.137368e-03
4.140634e-03
4.143105e-03
4.146070e-03
4.149121e-03
4.149896e-03
4.151358e-03
4.155333e-03
4.156925e-03
4.159223e-03
4.160040e-03
4.161421e-03
4.165555e-03
4.167169e-03
4.168914e-03
4.170815e-03
4.171964e-03
4.172837e-03
4.175830e-03
4.176495e-03
4.181920e-03
4.184879e-03
4.185024e-03
4.186845e-03
4.190125e-03
4.190601e-03
4.193758e-03
4.194960e-03
4.196875e-03
4.200421e-03
4.200861e-03
4.202189e-03
4.204565e-03
4.206642e-03
4.209003e-03
4.210799e-03
4.212969e-03
4.216020e-03
4.217359e-03
4.218680e-03
4.219371e-03
4.221936e-03
4.224609e-03
4.225149e-03
4.227840e-03
4.229332e-03
4.232553e-03
4.233152e-03
4.238902e-03
4.240898e-03
4.242489e-03
4.245506e-03
4.248563e-03
4.250373e-03
4.252527e-03
4.254007e-03
4.255082e-03
4.256150e-03
4.260066e-03
4.261632e-03
4.263575e-03
4.263873e-03
4.266577e-03
4.267229e-03
4.270034e-03
4.273501e-03
4.275267e-03
4.277993e-03
4.281034e-03
4.282851e-03
4.284287e-03
4.285440e-03
4.285660e-03
4.289040e-03
4.292526e-03
4.295023e-03
4.296890e-03
4.299199e-03
4.301384e-03
4.302720e-03
4.305263e-03
4.306938e-03
4.308125e-03
4.309710e-03
4.310254e-03
4.312360e-03
4.316416e-03
4.317264e-03
4.319623e-03
4.322039e-03
4.325288e-03
4.327704e-03
4.328779e-03
4.331586e-03
4.332699e-03
4.335651e-03
4.336891e-03
4.340334e-03
4.343032e-03
4.345745e-03
4.347334e-03
4.349752e-03
4.350260e-03
4.353012e-03
4.354395e-03
4.356531e-03
4.359783e-03
4.360650e-03
4.362704e-03
4.365263e-03
4.368502e-03
4.369229e-03
4.373324e-03
4.374688e-03
4.376756e-03
4.380690e-03
4.382791e-03
4.385217e-03
4.387071e-03
4.388681e-03
4.391198e-03
4.394070e-03
4.396032e-03
4.397248e-03
4.400304e-03
4.401331e-03
4.405230e-03
4.410083e-03
4.410930e-03
4.413764e-03
4.416498e-03
4.417886e-03
4.419329e-03
4.421956e-03
4.422837e-03
4.426920e-03
4.427498e-03
4.429698e-03
4.432294e-03
4.432896e-03
4.435382e-03
4.437001e-03
4.440252e-03
4.442977e-03
4.445020e-03
4.447639e-03
4.449867e-03
4.451891e-03
4.453355e-03
4.454575e-03
4.456646e-03
4.456973e-03
4.460566e-03
4.463207e-03
4.463633e-03
4.466112e-03
4.469072e-03
4.472608e-03
4.474093e-03
4.478612e-03
4.479709e-03
4.481635e-03
4.482469e-03
4.485679e-03
4.486012e-03
4.489144e-03
4.491282e-03
4.495392e-03
4.498537e-03
4.499642e-03
4.500709e-03
4.504666e-03
4.505643e-03
4.509039e-03
4.509764e-03
4.513349e-03
4.514089e-03
4.516865e-03
4.518212e-03
4.520417e-03
4.523205e-03
4.524098e-03
4.528699e-03
4.530510e-03
4.532976e-03
4.533266e-03
4.537047e-03
4.538879e-03
4.540370e-03
4.541955e-03
4.544754e-03
4.548454e-03
4.550631e-03
4.554677e-03
4.555164e-03
4.557183e-03
4.558763e-03
4.561961e-03
4.563726e-03
4.568137e-03
4.570065e-03
4.571686e-03
4.574366e-03
4.576027e-03
4.579945e-03
4.583795e-03
4.584070e-03
4.586124e-03
4.588766e-03
4.591983e-03
4.594132e-03
4.594833e-03
4.598619e-03
4.601050e-03
4.603669e-03
4.607556e-03
4.608426e-03
4.610063e-03
4.612698e-03
4.614191e-03
4.615290e-03
4.618855e-03
4.620338e-03
4.622501e-03
4.626372e-03
4.628089e-03
4.631435e-03
4.632099e-03
4.634602e-03
4.637683e-03
4.639573e-03
4.643439e-03
4.646129e-03
4.646676e-03
4.649570e-03
4.652048e-03
4.652994e-03
4.655182e-03
4.658704e-03
4.660082e-03
4.665021e-03
4.667435e-03
4.669333e-03
4.672213e-03
4.672302e-03
4.675105e-03
4.677607e-03
4.679422e-03
4.681982e-03
4.682516e-03
4.686307e-03
4.687918e-03
4.690785e-03
4.694308e-03
4.694863e-03
4.695701e-03
4.701645e-03
4.702066e-03
4.703427e-03
4.707869e-03
4.708823e-03
4.716042e-03
4.717906e-03
4.719428e-03
4.721762e-03
4.723951e-03
4.727719e-03
4.728875e-03
4.729162e-03
4.736228e-03
4.739198e-03
4.741028e-03
4.743542e-03
4.745299e-03
4.747139e-03
4.751283e-03
4.754104e-03
4.757199e-03
4.758963e-03
4.761745e-03
4.764685e-03
4.765816e-03
4.769760e-03
4.770731e-03
4.774182e-03
4.776221e-03
4.778296e-03
4.781379e-03
4.783416e-03
4.784015e-03
4.786550e-03
4.787412e-03
4.791087e-03
4.794968e-03
4.796040e-03
4.801477e-03
4.804856e-03
4.805809e-03
4.807853e-03
4.811173e-03
4.812933e-03
4.818230e-03
4.820163e-03
4.824086e-03
4.826160e-03
4.827487e-03
4.831596e-03
4.833099e-03
4.837200e-03
4.839052e-03
4.839441e-03
4.846160e-03
4.846842e-03
4.850775e-03
4.851964e-03
4.852859e-03
4.855122e-03
4.857101e-03
4.859184e-03
4.863359e-03
4.865882e-03
4.868879e-03
4.870261e-03
4.873728e-03
4.875406e-03
4.878252e-03
4.879224e-03
4.884846e-03
4.885872e-03
4.886024e-03
4.890297e-03
4.891915e-03
4.894967e-03
4.897728e-03
4.901104e-03
4.901760e-03
4.904380e-03
4.909260e-03
4.909433e-03
4.910392e-03
4.914514e-03
4.916509e-03
4.919871e-03
4.923866e-03
4.925052e-03
4.928809e-03
4.930915e-03
4.932444e-03
4.935531e-03
4.938799e-03
4.942297e-03
4.943897e-03
4.946245e-03
4.948181e-03
4.950860e-03
4.954859e-03
4.955559e-03
4.959694e-03
4.961838e-03
4.964121e-03
4.965946e-03
4.970951e-03
4.972624e-03
4.973498e-03
4.975285e-03
4.978728e-03
4.980257e-03
4.983659e-03
4.984697e-03
4.991135e-03
4.993773e-03
4.994639e-03
4.996500e-03
4.998333e-03
5.001698e-03
5.004153e-03
5.007361e-03
5.007889e-03
5.011471e-03
5.013383e-03
5.015965e-03
5.016709e-03
5.019848e-03
5.025038e-03
5.026485e-03
5.028203e-03
5.030758e-03
5.033891e-03
5.036561e-03
5.036696e-03
5.041889e-03
5.043698e-03
5.043995e-03
5.049029e-03
5.051778e-03
5.052715e-03
5.056503e-03
5.057706e-03
5.058458e-03
5.061741e-03
5.066843e-03
5.067617e-03
5.069542e-03
5.073298e-03
5.074278e-03
5.078502e-03
5.084714e-03
5.086002e-03
5.088959e-03
5.089666e-03
5.093205e-03
5.098231e-03
5.099717e-03
5.100739e-03
5.104583e-03
5.108026e-03
5.108993e-03
5.113176e-03
5.114870e-03
5.122099e-03
5.123951e-03
5.126703e-03
5.128818e-03
5.132324e-03
5.136215e-03
5.137971e-03
5.140424e-03
5.141912e-03
5.145677e-03
5.150299e-03
5.151226e-03
5.151855e-03
5.153812e-03
5.156495e-03
5.158221e-03
5.163397e-03
5.163530e-03
5.166525e-03
5.169521e-03
5.172434e-03
5.174363e-03
5.176385e-03
5.177444e-03
5.179154e-03
5.183484e-03
5.185837e-03
5.186923e-03
5.189562e-03
5.192720e-03
5.193450e-03
5.197238e-03
5.200185e-03
5.205016e-03
5.207541e-03
5.210609e-03
5.212558e-03
5.213323e-03
5.217413e-03
5.219191e-03
5.220192e-03
5.224236e-03
5.228254e-03
5.231398e-03
5.233943e-03
5.237172e-03
5.240366e-03
5.241763e-03
5.249025e-03
5.251779e-03
5.252624e-03
5.255514e-03
5.260871e-03
5.264266e-03
5.265566e-03
5.267399e-03
5.270393e-03
5.275995e-03
5.278939e-03
5.282701e-03
5.285933e-03
5.289689e-03
5.290667e-03
5.295225e-03
5.296999e-03
5.298992e-03
5.299557e-03
5.301464e-03
5.304161e-03
5.307539e-03
5.311273e-03
5.312966e-03
5.315718e-03
5.319268e-03
5.322513e-03
5.324105e-03
5.325390e-03
5.330900e-03
5.332271e-03
5.334633e-03
5.337468e-03
5.339623e-03
5.342368e-03
5.345419e-03
5.348013e-03
5.351169e-03
5.353046e-03
5.357154e-03
5.364030e-03
5.365933e-03
5.366574e-03
5.369796e-03
5.373283e-03
5.378365e-03
5.379283e-03
5.383975e-03
5.384322e-03
5.386674e-03
5.389261e-03
5.393177e-03
5.397235e-03
5.402691e-03
5.404557e-03
5.406349e-03
5.408861e-03
5.410494e-03
5.413777e-03
5.416683e-03
5.421492e-03
5.423756e-03
5.424325e-03
5.427794e-03
5.433583e-03
5.435404e-03
5.437813e-03
5.441581e-03
5.444010e-03
5.448033e-03
5.450119e-03
5.454751e-03
5.459277e-03
5.460838e-03
5.464368e-03
5.467486e-03
5.470651e-03
5.475133e-03
5.476891e-03
5.483767e-03
5.484296e-03
5.487980e-03
5.490999e-03
5.493141e-03
5.497880e-03
5.500599e-03
5.501297e-03
5.507138e-03
5.509082e-03
5.512305e-03
5.515830e-03
5.518483e-03
5.520008e-03
5.523307e-03
5.530051e-03
5.531033e-03
5.535799e-03
5.539724e-03
5.541084e-03
5.543015e-03
5.544902e-03
5.548865e-03
5.550741e-03
5.553227e-03
5.556047e-03
5.558598e-03
5.563673e-03
5.566273e-03
5.568337e-03
5.575745e-03
5.580024e-03
5.581435e-03
5.584623e-03
5.586002e-03
5.590450e-03
5.591185e-03
5.595392e-03
5.596683e-03
5.603717e-03
5.605282e-03
5.607406e-03
5.612755e-03
5.616269e-03
5.620084e-03
5.621902e-03
5.623855e-03
5.625066e-03
5.627613e-03
5.629686e-03
5.630763e-03
5.634700e-03
5.640712e-03
5.642690e-03
5.647462e-03
5.650393e-03
5.651022e-03
5.655607e-03
5.661108e-03
5.663239e-03
5.664809e-03
5.666644e-03
5.669377e-03
5.672889e-03
5.677568e-03
5.679038e-03
5.683000e-03
5.688057e-03
5.690054e-03
5.694341e-03
5.695558e-03
5.701092e-03
5.703622e-03
5.707287e-03
5.711213e-03
5.716521e-03
5.717728e-03
5.725280e-03
5.728294e-03
5.730181e-03
5.731697e-03
5.735397e-03
5.740549e-03
5.744246e-03
5.747459e-03
5.750289e-03
5.751513e-03
5.756571e-03
5.758811e-03
5.762410e-03
5.763570e-03
5.769479e-03
5.775103e-03
5.777027e-03
5.778963e-03
5.781645e-03
5.787764e-03
5.790680e-03
5.793295e-03
5.796193e-03
5.796851e-03
5.805147e-03
5.806043e-03
5.808320e-03
5.811806e-03
5.815069e-03
5.820593e-03
5.824440e-03
5.824901e-03
5.829190e-03
5.833110e-03
5.836354e-03
5.840176e-03
5.844980e-03
5.847531e-03
5.850175e-03
5.851562e-03
5.857863e-03
5.858279e-03
5.860852e-03
5.865097e-03
5.869339e-03
5.873534e-03
5.873860e-03
5.878922e-03
5.879964e-03
5.881391e-03
5.891551e-03
5.891829e-03
5.893848e-03
5.897647e-03
5.900033e-03
5.905867e-03
5.907957e-03
5.912282e-03
5.914068e-03
5.916702e-03
5.924338e-03
5.926409e-03
5.928731e-03
5.932985e-03
5.937693e-03
5.939585e-03
5.946480e-03
5.947004e-03
5.949413e-03
5.954509e-03
5.956360e-03
5.963038e-03
5.963690e-03
5.966446e-03
5.969815e-03
5.973195e-03
5.977538e-03
5.981297e-03
5.985276e-03
5.988632e-03
5.993981e-03
5.997052e-03
5.999484e-03
6.001465e-03
6.010134e-03
6.012022e-03
6.014260e-03
6.016843e-03
6.020056e-03
6.028066e-03
6.031079e-03
6.034476e-03
6.038469e-03
6.040681e-03
6.041841e-03
6.042875e-03
6.048648e-03
6.053175e-03
6.059728e-03
6.064258e-03
6.066302e-03
6.068402e-03
6.070692e-03
6.073081e-03
6.076323e-03
6.080815e-03
6.081471e-03
6.083988e-03
6.087295e-03
6.091710e-03
6.092692e-03
6.095362e-03
6.098321e-03
6.106274e-03
6.108071e-03
6.111859e-03
6.116892e-03
6.121162e-03
6.123647e-03
6.126791e-03
6.130705e-03
6.136711e-03
6.143857e-03
6.145533e-03
6.147064e-03
6.148832e-03
6.150789e-03
6.156315e-03
6.159549e-03
6.164189e-03
6.168461e-03
6.176980e-03
6.177995e-03
6.181509e-03
6.184215e-03
6.186314e-03
6.193827e-03
6.195494e-03
6.198830e-03
6.202164e-03
6.208428e-03
6.213224e-03
6.214890e-03
6.221140e-03
6.223467e-03
6.225749e-03
6.228880e-03
6.233819e-03
6.238664e-03
6.239372e-03
6.242967e-03
6.250953e-03
6.252825e-03
6.259709e-03
6.262540e-03
6.264831e-03
6.267359e-03
6.268135e-03
6.272137e-03
6.276831e-03
6.279125e-03
6.284129e-03
6.290367e-03
6.291954e-03
6.296300e-03
6.302857e-03
6.303785e-03
6.306075e-03
6.312806e-03
6.314322e-03
6.319566e-03
6.322542e-03
6.325521e-03
6.328934e-03
6.333577e-03
6.337040e-03
6.339869e-03
6.345672e-03
6.349465e-03
6.353735e-03
6.354623e-03
6.358928e-03
6.361533e-03
6.362941e-03
6.367302e-03
6.373288e-03
6.375230e-03
6.376286e-03
6.381920e-03
6.382705e-03
6.390688e-03
6.394714e-03
6.399031e-03
6.400909e-03
6.401960e-03
6.405765e-03
6.409992e-03
6.415727e-03
6.419743e-03
6.422952e-03
6.424115e-03
6.427312e-03
6.429487e-03
6.432268e-03
6.438654e-03
6.441069e-03
6.445941e-03
6.448219e-03
6.451685e-03
6.452358e-03
6.459193e-03
6.463064e-03
6.467267e-03
6.469994e-03
6.472416e-03
6.476807e-03
6.479288e-03
6.481778e-03
6.485223e-03
6.488517e-03
6.491861e-03
6.498646e-03
6.501783e-03
6.505914e-03
6.510178e-03
6.518765e-03
6.520222e-03
6.522087e-03
6.525943e-03
6.529355e-03
6.532346e-03
6.535678e-03
6.539203e-03
6.539690e-03
6.541612e-03
6.547423e-03
6.552379e-03
6.554216e-03
6.557428e-03
6.561585e-03
6.567136e-03
6.569853e-03
6.571764e-03
6.577711e-03
6.584283e-03
6.584558e-03
6.589234e-03
6.592874e-03
6.595061e-03
6.598372e-03
6.600171e-03
6.603072e-03
6.611553e-03
6.619125e-03
6.621492e-03
6.625667e-03
6.628346e-03
6.630595e-03
6.635249e-03
6.639856e-03
6.642224e-03
6.648199e-03
6.651585e-03
6.657678e-03
6.664792e-03
6.666514e-03
6.669798e-03
6.671957e-03
6.675582e-03
6.678486e-03
6.686001e-03
6.688771e-03
6.692328e-03
6.695338e-03
6.701469e-03
6.705259e-03
6.709675e-03
6.712705e-03
6.716259e-03
6.717043e-03
6.722213e-03
6.726812e-03
6.729246e-03
6.734268e-03
6.737773e-03
6.740735e-03
6.745140e-03
6.750668e-03
6.754140e-03
6.755439e-03
6.761249e-03
6.763578e-03
6.766732e-03
6.773478e-03
6.775230e-03
6.782293e-03
6.783161e-03
6.787484e-03
6.792352e-03
6.799680e-03
6.802804e-03
6.806237e-03
6.812295e-03
6.816546e-03
6.820116e-03
6.820778e-03
6.824245e-03
6.827754e-03
6.832089e-03
6.833850e-03
6.840515e-03
6.846832e-03
6.847885e-03
6.855863e-03
6.857613e-03
6.860524e-03
6.863654e-03
6.867791e-03
6.870799e-03
6.873010e-03
6.878018e-03
6.881558e-03
6.885766e-03
6.887434e-03
6.889539e-03
6.896859e-03
6.898197e-03
6.902983e-03
6.907914e-03
6.910374e-03
6.912362e-03
6.913441e-03
6.919615e-03
6.920782e-03
6.925957e-03
6.929119e-03
6.935208e-03
6.941797e-03
6.945889e-03
6.951381e-03
6.957048e-03
6.959857e-03
6.963159e-03
6.967696e-03
6.970320e-03
6.975079e-03
6.977358e-03
6.981095e-03
6.986972e-03
6.990110e-03
6.993325e-03
6.998992e-03
7.002191e-03
7.004178e-03
7.009857e-03
7.011287e-03
7.012223e-03
7.016266e-03
7.018246e-03
7.029051e-03
7.034194e-03
7.037722e-03
7.041972e-03
7.043908e-03
7.052023e-03
7.055434e-03
7.061219e-03
7.066630e-03
7.071657e-03
7.074759e-03
7.080230e-03
7.082209e-03
7.083432e-03
7.085239e-03
7.093251e-03
7.096422e-03
7.100217e-03
7.108785e-03
7.113206e-03
7.120953e-03
7.124142e-03
7.131591e-03
7.137115e-03
7.141366e-03
7.144134e-03
7.146531e-03
7.153811e-03
7.158997e-03
7.160389e-03
7.162533e-03
7.169192e-03
7.172713e-03
7.176015e-03
7.180256e-03
7.184394e-03
7.188086e-03
7.193129e-03
7.197585e-03
7.201140e-03
7.204419e-03
7.209510e-03
7.212128e-03
7.215139e-03
7.218045e-03
7.226679e-03
7.228527e-03
7.232175e-03
7.234996e-03
7.240761e-03
7.242638e-03
7.247359e-03
7.254345e-03
7.261048e-03
7.263679e-03
7.268738e-03
7.271540e-03
7.280466e-03
7.283741e-03
7.288218e-03
7.288546e-03
7.291725e-03
7.296235e-03
7.299732e-03
7.303937e-03
7.311735e-03
7.315002e-03
7.319595e-03
7.321510e-03
7.324107e-03
7.325141e-03
7.331622e-03
7.337447e-03
7.343793e-03
7.345322e-03
7.349074e-03
7.352529e-03
7.360251e-03
7.362166e-03
7.370177e-03
7.371964e-03
7.374996e-03
7.380147e-03
7.386113e-03
7.388314e-03
7.396186e-03
7.399858e-03
7.403418e-03
7.410412e-03
7.411806e-03
7.419961e-03
7.424749e-03
7.430947e-03
7.434473e-03
7.437731e-03
7.444398e-03
7.449872e-03
7.453529e-03
7.461377e-03
7.464903e-03
7.468402e-03
7.476153e-03
7.478721e-03
7.479173e-03
7.486798e-03
7.493967e-03
7.503481e-03
7.508128e-03
7.519819e-03
7.521592e-03
7.523144e-03
7.535362e-03
7.537689e-03
7.539805e-03
7.543895e-03
7.548089e-03
7.552766e-03
7.558384e-03
7.562250e-03
7.565303e-03
7.568011e-03
7.573403e-03
7.579119e-03
7.585853e-03
7.589725e-03
7.591340e-03
7.596513e-03
7.600568e-03
7.604404e-03
7.609583e-03
7.614761e-03
7.621920e-03
7.625364e-03
7.631271e-03
7.635764e-03
7.637652e-03
7.651230e-03
7.652174e-03
7.659751e-03
7.661829e-03
7.665257e-03
7.673002e-03
7.679687e-03
7.685347e-03
7.689605e-03
7.695359e-03
7.701011e-03
7.703857e-03
7.708737e-03
7.714762e-03
7.719902e-03
7.725861e-03
7.728867e-03
7.732638e-03
7.738203e-03
7.740852e-03
7.752822e-03
7.754337e-03
7.759332e-03
7.764325e-03
7.769510e-03
7.771681e-03
7.772389e-03
7.780622e-03
7.787643e-03
7.788492e-03
7.797837e-03
7.801341e-03
7.804345e-03
7.808025e-03
7.812057e-03
7.816086e-03
7.823448e-03
7.831963e-03
7.833798e-03
7.837399e-03
7.839016e-03
7.849655e-03
7.857046e-03
7.860549e-03
7.870049e-03
7.875403e-03
7.878139e-03
7.881866e-03
7.890739e-03
7.896813e-03
7.906244e-03
7.910083e-03
7.911547e-03
7.919472e-03
7.922146e-03
7.926792e-03
7.930370e-03
7.936510e-03
7.939587e-03
7.948511e-03
7.949621e-03
7.957363e-03
7.960277e-03
7.964077e-03
7.969391e-03
7.974621e-03
7.975506e-03
7.983988e-03
7.988091e-03
7.994191e-03
7.997658e-03
8.000274e-03
8.006417e-03
8.012345e-03
8.015846e-03
8.021910e-03
8.022784e-03
8.029934e-03
8.034973e-03
8.044431e-03
8.052528e-03
8.057099e-03
8.063639e-03
8.067229e-03
8.070684e-03
8.084184e-03
8.086950e-03
8.090539e-03
8.094444e-03
8.097487e-03
8.102639e-03
8.110237e-03
8.112530e-03
8.116294e-03
8.120478e-03
8.127689e-03
8.136858e-03
8.145322e-03
8.149366e-03
8.152749e-03
8.158134e-03
8.159622e-03
8.181349e-03
8.183945e-03
8.188931e-03
8.190950e-03
8.200306e-03
8.210112e-03
8.211910e-03
8.214454e-03
8.223945e-03
8.230204e-03
8.235848e-03
8.240158e-03
8.245062e-03
8.252993e-03
8.257872e-03
8.260146e-03
8.266636e-03
8.275494e-03
8.283126e-03
8.289357e-03
8.290602e-03
8.297139e-03
8.302933e-03
8.309278e-03
8.320506e-03
8.322744e-03
8.326590e-03
8.330705e-03
8.343250e-03
8.345806e-03
8.352551e-03
8.361031e-03
8.370202e-03
8.371175e-03
8.377889e-03
8.384508e-03
8.393222e-03
8.396711e-03
8.404884e-03
8.411126e-03
8.414869e-03
8.418434e-03
8.427218e-03
8.433604e-03
8.434052e-03
8.442920e-03
8.444512e-03
8.460481e-03
8.465718e-03
8.467816e-03
8.476349e-03
8.479650e-03
8.489572e-03
8.495652e-03
8.497965e-03
8.507960e-03
8.512261e-03
8.515118e-03
8.524714e-03
8.526383e-03
8.528727e-03
8.540133e-03
8.540724e-03
8.544906e-03
8.547378e-03
8.551680e-03
8.561421e-03
8.568851e-03
8.581914e-03
8.587045e-03
8.592807e-03
8.598367e-03
8.601955e-03
8.604450e-03
8.616968e-03
8.628536e-03
8.634681e-03
8.643842e-03
8.644119e-03
8.653037e-03
8.654740e-03
8.669903e-03
8.672031e-03
8.677623e-03
8.678159e-03
8.684272e-03
8.691613e-03
8.697669e-03
8.701898e-03
8.716983e-03
8.724188e-03
8.729083e-03
8.731155e-03
8.736685e-03
8.750201e-03
8.752357e-03
8.765626e-03
8.769657e-03
8.778633e-03
8.790832e-03
8.795211e-03
8.804976e-03
8.813162e-03
8.819664e-03
8.832317e-03
8.835420e-03
8.845374e-03
8.849681e-03
8.856496e-03
8.867531e-03
8.872118e-03
8.877366e-03
8.884471e-03
8.897386e-03
8.900934e-03
8.908224e-03
8.915245e-03
8.921840e-03
8.925132e-03
8.933229e-03
8.938459e-03
8.944373e-03
8.954734e-03
8.957044e-03
8.964278e-03
8.965245e-03
8.974352e-03
8.985107e-03
8.996147e-03
9.006486e-03
9.012217e-03
9.016194e-03
9.022369e-03
9.024522e-03
9.025956e-03
9.034384e-03
9.042496e-03
9.050340e-03
9.056807e-03
9.064068e-03
9.070432e-03
9.075217e-03
9.086960e-03
9.090866e-03
9.093608e-03
9.096458e-03
9.107010e-03
9.114440e-03
9.121474e-03
9.131807e-03
9.134079e-03
9.140519e-03
9.146459e-03
9.151498e-03
9.154943e-03
9.160179e-03
9.163994e-03
9.177638e-03
9.181049e-03
9.185758e-03
9.196271e-03
9.204929e-03
9.206380e-03
9.207735e-03
9.219296e-03
9.230116e-03
9.230704e-03
9.243213e-03
9.251408e-03
9.253409e-03
9.264055e-03
9.271235e-03
9.276787e-03
9.280677e-03
9.287331e-03
9.292547e-03
9.298736e-03
9.301882e-03
9.311616e-03
9.319936e-03
9.331496e-03
9.337765e-03
9.356488e-03
9.359903e-03
9.369360e-03
9.370466e-03
9.375176e-03
9.380371e-03
9.382964e-03
9.395963e-03
9.404669e-03
9.417384e-03
9.420404e-03
9.427702e-03
9.439886e-03
9.445242e-03
9.446893e-03
9.452570e-03
9.458408e-03
9.464758e-03
9.471708e-03
9.479141e-03
9.483620e-03
9.496197e-03
9.505350e-03
9.517025e-03
9.521543e-03
9.527020e-03
9.536263e-03
9.543573e-03
9.548469e-03
9.559944e-03
9.561729e-03
9.568345e-03
9.575685e-03
9.579268e-03
9.581135e-03
9.596085e-03
9.602811e-03
9.610715e-03
9.636183e-03
9.639611e-03
9.646913e-03
9.649845e-03
9.651541e-03
9.658770e-03
9.667105e-03
9.682389e-03
9.683767e-03
9.692048e-03
9.703926e-03
9.710963e-03
9.713611e-03
9.718214e-03
9.726885e-03
9.730128e-03
9.736952e-03
9.743682e-03
9.753314e-03
9.760839e-03
9.761778e-03
9.774141e-03
9.792092e-03
9.795549e-03
9.809785e-03
9.821047e-03
9.828349e-03
9.831614e-03
9.837254e-03
9.841380e-03
9.846053e-03
9.854071e-03
9.859705e-03
9.868157e-03
9.876292e-03
9.889931e-03
9.892119e-03
9.901388e-03
9.910541e-03
9.913186e-03
9.921682e-03
9.927253e-03
9.940480e-03
9.944328e-03
9.954670e-03
9.961775e-03
9.968506e-03
9.975493e-03
9.984842e-03
1.000080e-02
1.000490e-02
1.001012e-02
1.002077e-02
1.002603e-02
1.003367e-02
1.003946e-02
1.004240e-02
1.005604e-02
1.005842e-02
1.006025e-02
1.007726e-02
1.008362e-02
1.009178e-02
1.009976e-02
1.011474e-02
1.012250e-02
1.012802e-02
1.013463e-02
1.013992e-02
1.015413e-02
1.016190e-02
1.016530e-02
1.017807e-02
1.018424e-02
1.018625e-02
1.019847e-02
1.020698e-02
1.021556e-02
1.022479e-02
1.022751e-02
1.024806e-02
1.026154e-02
1.026472e-02
1.027278e-02
1.027381e-02
1.029219e-02
1.029435e-02
1.029633e-02
1.030395e-02
1.031341e-02
1.033070e-02
1.034325e-02
1.034756e-02
1.035288e-02
1.037084e-02
1.037844e-02
1.038999e-02
1.039737e-02
1.040413e-02
1.041645e-02
1.042020e-02
1.043486e-02
1.043970e-02
1.044924e-02
1.045292e-02
1.046429e-02
1.047942e-02
1.047973e-02
1.049349e-02
1.049827e-02
1.051163e-02
1.052054e-02
1.053269e-02
1.053961e-02
1.054224e-02
1.054983e-02
1.055572e-02
1.057188e-02
1.057867e-02
1.058811e-02
1.059100e-02
1.059616e-02
1.060527e-02
1.061001e-02
1.061820e-02
1.062597e-02
1.062651e-02
1.063780e-02
1.065280e-02
1.066964e-02
1.067090e-02
1.067988e-02
1.070016e-02
1.070953e-02
1.071626e-02
1.073100e-02
1.073374e-02
1.073982e-02
1.075132e-02
1.075485e-02
1.076412e-02
1.077895e-02
1.078549e-02
1.078694e-02
1.079921e-02
1.081251e-02
1.082094e-02
1.082832e-02
1.084585e-02
1.085404e-02
1.085900e-02
1.087206e-02
1.087743e-02
1.088653e-02
1.089462e-02
1.090183e-02
1.091533e-02
1.091931e-02
1.092996e-02
1.093152e-02
1.093548e-02
1.094554e-02
1.096404e-02
1.097100e-02
1.098218e-02
1.098535e-02
1.099024e-02
1.100468e-02
1.101259e-02
1.102697e-02
1.103935e-02
1.104785e-02
1.105722e-02
1.106209e-02
1.106429e-02
1.107781e-02
1.109133e-02
1.111753e-02
1.112591e-02
1.113226e-02
1.114409e-02
1.114639e-02
1.115600e-02
1.116600e-02
1.117267e-02
1.117470e-02
1.117870e-02
1.119483e-02
1.120124e-02
1.120791e-02
1.122121e-02
1.122303e-02
1.123382e-02
1.125223e-02
1.126276e-02
1.126670e-02
1.127579e-02
1.128580e-02
1.129202e-02
1.130385e-02
1.130812e-02
1.131710e-02
1.133423e-02
1.134832e-02
1.135379e-02
1.135838e-02
1.137209e-02
1.139087e-02
1.139426e-02
1.141190e-02
1.143123e-02
1.143204e-02
1.144336e-02
1.144950e-02
1.145485e-02
1.146375e-02
1.147984e-02
1.149421e-02
1.150597e-02
1.152130e-02
1.154050e-02
1.154473e-02
1.155787e-02
1.157588e-02
1.158312e-02
1.158619e-02
1.159540e-02
1.160987e-02
1.162090e-02
1.162122e-02
1.163748e-02
1.165316e-02
1.165758e-02
1.166306e-02
1.167491e-02
1.170020e-02
1.170964e-02
1.171340e-02
1.172113e-02
1.174449e-02
1.174965e-02
1.175195e-02
1.175471e-02
1.177480e-02
1.178840e-02
1.179547e-02
1.180575e-02
1.180947e-02
1.182666e-02
1.183678e-02
1.185733e-02
1.186639e-02
1.187619e-02
1.188049e-02
1.188926e-02
1.189742e-02
1.191119e-02
1.191861e-02
1.193035e-02
1.193589e-02
1.194641e-02
1.195739e-02
1.196146e-02
1.199690e-02
1.199965e-02
1.200378e-02
1.201314e-02
1.201883e-02
1.202455e-02
1.204082e-02
1.204449e-02
1.206123e-02
1.207611e-02
1.208035e-02
1.208886e-02
1.209222e-02
1.209339e-02
1.212025e-02
1.213667e-02
1.215056e-02
1.215605e-02
1.217804e-02
1.219401e-02
1.223443e-02
1.223864e-02
1.225529e-02
1.226362e-02
1.227242e-02
1.229308e-02
1.230031e-02
1.230280e-02
1.231609e-02
1.232212e-02
1.232808e-02
1.234389e-02
1.234769e-02
1.235739e-02
1.237984e-02
1.238780e-02
1.239645e-02
1.241063e-02
1.244033e-02
1.244961e-02
1.247017e-02
1.249606e-02
1.251225e-02
1.252791e-02
1.252958e-02
1.253525e-02
1.254730e-02
1.256021e-02
1.256998e-02
1.258597e-02
1.260026e-02
1.261054e-02
1.261800e-02
1.263952e-02
1.265310e-02
1.265494e-02
1.268287e-02
1.268967e-02
1.270157e-02
1.271828e-02
1.272964e-02
1.274409e-02
1.275064e-02
1.276198e-02
1.277457e-02
1.278825e-02
1.281978e-02
1.283203e-02
1.283822e-02
1.284916e-02
1.285506e-02
1.286733e-02
1.287930e-02
1.288737e-02
1.291500e-02
1.294464e-02
1.295216e-02
1.296391e-02
1.298055e-02
1.300146e-02
1.301160e-02
1.301616e-02
1.303631e-02
1.304551e-02
1.305382e-02
1.306264e-02
1.307733e-02
1.311083e-02
1.312138e-02
1.312489e-02
1.314315e-02
1.316927e-02
1.317914e-02
1.318807e-02
1.319719e-02
1.321387e-02
1.323377e-02
1.325357e-02
1.326128e-02
1.326326e-02
1.328053e-02
1.329118e-02
1.332236e-02
1.333887e-02
1.334907e-02
1.335558e-02
1.337005e-02
1.339925e-02
1.340175e-02
1.341398e-02
1.341730e-02
1.342338e-02
1.343954e-02
1.346288e-02
1.347268e-02
1.349496e-02
1.350186e-02
1.351108e-02
1.354320e-02
1.355907e-02
1.356280e-02
1.356937e-02
1.357402e-02
1.358814e-02
1.359303e-02
1.360133e-02
1.361522e-02
1.363186e-02
1.364529e-02
1.365758e-02
1.367724e-02
1.368304e-02
1.369684e-02
1.370652e-02
1.371085e-02
1.375257e-02
1.376715e-02
1.376874e-02
1.377272e-02
1.379952e-02
1.380609e-02
1.383934e-02
1.384718e-02
1.386731e-02
1.387028e-02
1.387630e-02
1.390499e-02
1.394204e-02
1.395127e-02
1.396907e-02
1.399848e-02
1.400626e-02
1.401622e-02
1.402675e-02
1.404061e-02
1.404932e-02
1.405242e-02
1.405485e-02
1.407094e-02
1.407565e-02
1.410178e-02
1.411063e-02
1.411610e-02
1.412115e-02
1.413264e-02
1.415198e-02
1.415508e-02
1.416652e-02
1.419343e-02
1.420781e-02
1.423534e-02
1.424562e-02
1.425191e-02
1.427493e-02
1.429251e-02
1.429545e-02
1.431113e-02
1.433643e-02
1.435436e-02
1.438697e-02
1.438957e-02
1.440432e-02
1.441140e-02
1.442763e-02
1.447034e-02
1.450034e-02
1.450543e-02
1.453839e-02
1.455326e-02
1.457148e-02
1.458306e-02
1.459879e-02
1.461126e-02
1.462456e-02
1.464796e-02
1.467286e-02
1.468806e-02
1.470976e-02
1.472732e-02
1.472926e-02
1.474373e-02
1.475223e-02
1.476659e-02
1.477325e-02
1.478923e-02
1.479591e-02
1.481133e-02
1.482680e-02
1.485316e-02
1.485655e-02
1.487676e-02
1.489627e-02
1.491050e-02
1.491725e-02
1.493815e-02
1.494948e-02
1.495992e-02
1.500976e-02
1.504104e-02
1.505222e-02
1.506141e-02
1.507241e-02
1.508362e-02
1.509056e-02
1.512771e-02
1.513165e-02
1.515040e-02
1.515757e-02
1.517665e-02
1.519107e-02
1.520725e-02
1.521647e-02
1.521822e-02
1.523506e-02
1.524517e-02
1.526369e-02
1.529266e-02
1.530763e-02
1.531458e-02
1.533502e-02
1.535433e-02
1.535737e-02
1.536032e-02
1.537523e-02
1.539753e-02
1.540185e-02
1.540581e-02
1.542954e-02
1.545935e-02
1.548242e-02
1.549342e-02
1.549529e-02
1.550895e-02
1.552887e-02
1.553618e-02
1.553994e-02
1.557696e-02
1.559439e-02
1.561382e-02
1.563104e-02
1.566382e-02
1.566941e-02
1.568228e-02
1.569961e-02
1.575647e-02
1.575882e-02
1.578195e-02
1.579078e-02
1.580365e-02
1.581368e-02
1.582601e-02
1.583653e-02
1.585144e-02
1.589041e-02
1.589983e-02
1.591753e-02
1.592325e-02
1.593784e-02
1.596058e-02
1.597405e-02
1.599512e-02
1.601110e-02
1.602049e-02
1.604225e-02
1.606240e-02
1.607480e-02
1.608718e-02
1.613904e-02
1.617625e-02
1.619942e-02
1.620345e-02
1.624207e-02
1.626134e-02
1.627228e-02
1.629892e-02
1.631061e-02
1.631802e-02
1.633067e-02
1.634192e-02
1.638070e-02
1.638240e-02
1.641708e-02
1.643198e-02
1.643563e-02
1.647644e-02
1.651827e-02
1.654933e-02
1.656671e-02
1.657708e-02
1.658920e-02
1.661390e-02
1.662539e-02
1.665468e-02
1.669034e-02
1.670472e-02
1.671480e-02
1.676155e-02
1.677776e-02
1.678675e-02
1.679925e-02
1.680654e-02
1.683675e-02
1.687184e-02
1.687587e-02
1.690015e-02
1.690602e-02
1.691768e-02
1.696017e-02
1.698085e-02
1.699353e-02
1.701202e-02
1.705123e-02
1.707290e-02
1.708292e-02
1.710768e-02
1.712112e-02
1.715858e-02
1.716809e-02
1.720448e-02
1.721789e-02
1.724966e-02
1.727730e-02
1.729569e-02
1.729786e-02
1.736894e-02
1.742189e-02
1.744209e-02
1.745156e-02
1.747247e-02
1.747559e-02
1.752249e-02
1.752645e-02
1.752965e-02
1.759506e-02
1.761679e-02
1.763251e-02
1.767178e-02
1.768840e-02
1.769818e-02
1.770541e-02
1.774471e-02
1.775598e-02
1.777516e-02
1.779310e-02
1.781453e-02
1.781635e-02
1.782811e-02
1.786275e-02
1.790898e-02
1.791241e-02
1.792738e-02
1.793316e-02
1.793949e-02
1.799285e-02
1.800846e-02
1.804424e-02
1.805893e-02
1.807452e-02
1.808909e-02
1.809652e-02
1.810751e-02
1.816127e-02
1.816848e-02
1.819065e-02
1.822134e-02
1.823652e-02
1.825999e-02
1.827424e-02
1.828154e-02
1.830808e-02
1.834417e-02
1.837472e-02
1.840855e-02
1.843235e-02
1.846299e-02
1.848697e-02
1.850646e-02
1.855036e-02
1.857385e-02
1.858423e-02
1.859680e-02
1.860165e-02
1.863576e-02
1.863671e-02
1.867021e-02
1.867976e-02
1.870950e-02
1.874768e-02
1.879480e-02
1.881374e-02
1.881996e-02
1.882993e-02
1.892342e-02
1.898974e-02
1.901289e-02
1.901993e-02
1.906039e-02
1.910279e-02
1.911582e-02
1.917437e-02
1.918970e-02
1.923128e-02
1.924197e-02
1.926606e-02
1.933099e-02
1.933693e-02
1.935126e-02
1.935905e-02
1.939601e-02
1.941730e-02
1.942729e-02
1.945867e-02
1.947689e-02
1.949986e-02
1.952770e-02
1.956030e-02
1.957521e-02
1.960064e-02
1.961504e-02
1.966678e-02
1.971918e-02
1.972185e-02
1.979754e-02
1.980193e-02
1.981831e-02
1.983926e-02
1.985385e-02
1.986021e-02
1.991612e-02
1.994954e-02
2.001345e-02
2.004290e-02
2.007669e-02
2.008748e-02
2.011572e-02
2.014996e-02
2.016880e-02
2.019531e-02
2.020969e-02
2.023847e-02
2.026608e-02
2.029225e-02
2.033958e-02
2.034081e-02
2.035516e-02
2.040368e-02
2.046262e-02
2.050513e-02
2.050873e-02
2.052201e-02
2.052671e-02
2.055586e-02
2.058366e-02
2.058558e-02
2.062684e-02
2.064439e-02
2.067205e-02
2.068467e-02
2.073207e-02
2.075209e-02
2.079020e-02
2.087278e-02
2.088695e-02
2.091144e-02
2.092171e-02
2.098579e-02
2.099557e-02
2.101564e-02
2.102513e-02
2.104388e-02
2.106516e-02
2.108514e-02
2.113159e-02
2.116238e-02
2.123485e-02
2.127234e-02
2.128906e-02
2.129915e-02
2.136327e-02
2.140151e-02
2.143035e-02
2.145724e-02
2.146849e-02
2.148879e-02
2.155300e-02
2.158686e-02
2.163457e-02
2.166000e-02
2.170130e-02
2.172105e-02
2.176324e-02
2.177810e-02
2.182100e-02
2.187221e-02
2.190252e-02
2.193641e-02
2.198699e-02
2.199926e-02
2.203523e-02
2.210468e-02
2.213463e-02
2.214094e-02
2.215310e-02
2.219597e-02
2.219979e-02
2.226804e-02
2.231865e-02
2.232883e-02
2.243137e-02
2.244014e-02
2.245889e-02
2.246144e-02
2.253681e-02
2.254265e-02
2.256408e-02
2.256911e-02
2.257549e-02
2.263345e-02
2.264045e-02
2.268261e-02
2.272214e-02
2.273803e-02
2.275058e-02
2.281294e-02
2.282432e-02
2.292642e-02
2.295392e-02
2.297082e-02
2.298238e-02
2.303127e-02
2.306766e-02
2.308939e-02
2.312348e-02
2.316189e-02
2.333365e-02
2.337243e-02
2.338981e-02
2.347615e-02
2.350481e-02
2.350860e-02
2.356269e-02
2.360139e-02
2.361860e-02
2.368889e-02
2.377815e-02
2.378931e-02
2.384548e-02
2.385246e-02
2.393622e-02
2.396136e-02
2.399269e-02
2.407899e-02
2.412659e-02
2.414704e-02
2.416582e-02
2.417997e-02
2.421730e-02
2.427778e-02
2.439947e-02
2.441233e-02
2.448296e-02
2.452602e-02
2.456985e-02
2.476402e-02
2.478462e-02
2.483616e-02
2.484117e-02
2.484257e-02
2.485510e-02
2.488643e-02
2.495876e-02
2.496176e-02
2.505627e-02
2.508794e-02
2.514589e-02
2.516953e-02
2.520203e-02
2.528421e-02
2.531538e-02
2.533687e-02
2.534818e-02
2.543185e-02
2.564779e-02
2.570641e-02
2.571556e-02
2.572134e-02
2.585529e-02
2.592155e-02
2.594142e-02
2.597070e-02
2.598890e-02
2.601735e-02
2.606755e-02
2.609064e-02
2.613275e-02
2.613851e-02
2.614189e-02
2.614495e-02
2.625735e-02
2.628724e-02
2.629821e-02
2.631972e-02
2.641983e-02
2.646989e-02
2.658909e-02
2.663810e-02
2.677281e-02
2.681169e-02
2.686211e-02
2.691423e-02
2.707791e-02
2.711935e-02
2.715083e-02
2.719230e-02
2.731519e-02
2.732924e-02
2.736430e-02
2.743494e-02
2.752071e-02
2.758724e-02
2.759835e-02
2.761651e-02
2.769539e-02
2.771078e-02
2.773672e-02
2.789469e-02
2.792542e-02
2.799188e-02
2.802536e-02
2.803386e-02
2.804903e-02
2.806319e-02
2.811023e-02
2.817595e-02
2.820893e-02
2.825682e-02
2.833934e-02
2.834293e-02
2.852569e-02
2.860803e-02
2.870312e-02
2.880984e-02
2.889090e-02
2.892594e-02
2.901572e-02
2.902801e-02
2.908471e-02
2.919920e-02
2.923594e-02
2.925751e-02
2.927118e-02
2.927646e-02
2.934987e-02
2.949287e-02
2.981487e-02
3.003991e-02
3.006238e-02
3.011188e-02
3.014602e-02
3.022096e-02
3.037065e-02
3.042883e-02
3.053696e-02
3.056149e-02
3.056272e-02
3.057211e-02
3.071464e-02
3.077748e-02
3.081453e-02
3.090979e-02
3.095413e-02
3.098329e-02
3.107265e-02
3.109035e-02
3.142080e-02
3.144578e-02
3.155236e-02
3.160700e-02
3.160762e-02
3.171328e-02
3.172965e-02
3.179839e-02
3.188926e-02
3.195587e-02
3.214920e-02
3.217066e-02
3.221907e-02
3.245080e-02
3.251374e-02
3.256475e-02
3.263771e-02
3.269521e-02
3.282551e-02
3.288926e-02
3.305914e-02
3.332999e-02
3.352837e-02
3.366302e-02
3.376808e-02
3.381690e-02
3.384699e-02
3.392900e-02
3.393833e-02
3.394141e-02
3.399025e-02
3.421077e-02
3.424371e-02
3.429404e-02
3.442187e-02
3.463067e-02
3.468478e-02
3.476553e-02
3.486902e-02
3.489755e-02
3.490271e-02
3.492325e-02
3.498534e-02
3.530508e-02
3.539553e-02
3.556283e-02
3.590980e-02
3.606233e-02
3.616997e-02
3.625204e-02
3.631879e-02
3.668883e-02
3.671421e-02
3.706222e-02
3.706330e-02
3.708931e-02
3.727316e-02
3.728123e-02
3.745450e-02
3.750569e-02
3.761356e-02
3.771428e-02
3.812569e-02
3.839687e-02
3.851191e-02
3.864981e-02
3.897774e-02
3.901643e-02
3.903952e-02
3.916937e-02
3.967656e-02
3.982877e-02
3.994693e-02
4.000935e-02
4.005492e-02
4.048343e-02
4.058412e-02
4.058753e-02
4.073407e-02
4.078641e-02
4.111279e-02
4.113988e-02
4.134722e-02
4.137117e-02
4.138236e-02
4.152375e-02
4.170360e-02
4.178900e-02
4.188875e-02
4.213945e-02
4.235677e-02
4.288597e-02
4.300292e-02
4.304145e-02
4.337930e-02
4.372561e-02
4.376817e-02
4.418508e-02
4.431926e-02
4.521385e-02
4.552437e-02
4.564317e-02
4.576240e-02
4.582274e-02
4.600537e-02
4.603452e-02
4.611301e-02
4.634288e-02
4.644163e-02
4.666731e-02
4.681469e-02
4.705602e-02
4.721631e-02
4.725096e-02
4.761800e-02
4.793649e-02
4.812346e-02
4.838766e-02
4.858310e-02
4.913693e-02
4.927944e-02
4.928768e-02
4.974582e-02
4.976582e-02
5.013440e-02
5.067714e-02
5.078876e-02
5.126254e-02
5.134640e-02
5.148582e-02
5.173332e-02
5.182995e-02
5.311474e-02
5.322124e-02
5.331917e-02
5.345892e-02
5.435230e-02
5.497577e-02
5.500559e-02
5.543822e-02
5.599225e-02
5.641417e-02
5.667170e-02
5.776097e-02
5.782521e-02
5.848521e-02
5.910465e-02
5.974499e-02
6.104022e-02
6.147513e-02
6.267254e-02
6.270724e-02
6.337548e-02
6.395255e-02
6.493989e-02
6.611269e-02
6.693366e-02
6.698604e-02
6.862244e-02
6.976633e-02
7.072770e-02
7.138054e-02
7.143001e-02
7.288582e-02
7.386592e-02
7.514081e-02
7.528336e-02
7.654811e-02
7.720478e-02
7.936862e-02
7.948928e-02
8.092895e-02
8.155703e-02
8.360306e-02
8.421346e-02
8.571674e-02
9.141152e-02
9.450087e-02
9.773340e-02
9.961190e-02
9.989275e-02
1.050898e-01
1.082958e-01
1.101368e-01
1.119714e-01
1.150304e-01
1.197058e-01
1.250427e-01
1.339120e-01
1.390324e-01
1.655585e-01
1.683929e-01
1.690745e-01
2.090677e-01
2.113019e-01
4.085242e-01
5.544373e-01
6.461216e-01
8.105385e-01
1.000000e+00
