# SF-29 C-i4 candidate (i) i1o4 field=gauss_ch eps=1 N=16: sorted relative singular values of the dense central-FD Jacobian at the oracle state (rows F_i=-q(L_i-S_i); outlet rows (2q/h)(vperp_in-c_perp); smax=1.980088e+06)
6.132884e-09
2.020803e-08
5.063416e-08
1.037159e-07
1.462044e-07
2.264720e-07
2.543155e-07
2.747661e-07
3.579248e-07
3.675416e-07
3.974192e-07
4.441214e-07
5.068115e-07
5.179716e-07
5.789699e-07
6.518379e-07
7.222597e-07
7.276405e-07
7.854393e-07
8.184054e-07
8.530965e-07
8.801602e-07
9.249784e-07
1.015652e-06
1.050573e-06
1.081933e-06
1.126776e-06
1.204630e-06
1.307987e-06
1.388439e-06
1.400483e-06
1.464587e-06
1.514667e-06
1.586580e-06
1.596947e-06
1.693699e-06
1.746257e-06
1.869175e-06
1.900537e-06
1.935943e-06
1.978573e-06
2.005043e-06
2.036860e-06
2.124368e-06
2.166944e-06
2.237124e-06
2.309816e-06
2.418415e-06
2.464860e-06
2.571342e-06
2.660036e-06
2.688591e-06
2.714664e-06
2.756691e-06
2.820599e-06
2.890954e-06
2.927562e-06
3.043913e-06
3.063227e-06
3.151308e-06
3.185734e-06
3.257618e-06
3.350273e-06
3.397056e-06
3.441877e-06
3.457021e-06
3.643887e-06
3.675592e-06
3.736615e-06
3.817753e-06
3.869896e-06
3.896356e-06
3.969893e-06
3.997728e-06
4.063989e-06
4.099645e-06
4.157972e-06
4.263520e-06
4.266316e-06
4.349292e-06
4.371813e-06
4.500849e-06
4.630826e-06
4.669240e-06
4.716561e-06
4.796915e-06
4.825520e-06
4.888561e-06
4.910408e-06
4.997515e-06
5.058360e-06
5.183429e-06
5.252781e-06
5.285306e-06
5.320014e-06
5.388819e-06
5.418519e-06
5.482917e-06
5.523091e-06
5.590011e-06
5.669948e-06
5.726058e-06
5.761841e-06
5.821827e-06
5.919470e-06
6.003681e-06
6.048601e-06
6.141785e-06
6.248543e-06
6.309915e-06
6.410572e-06
6.497648e-06
6.605268e-06
6.677386e-06
6.735612e-06
6.763276e-06
6.821129e-06
6.953252e-06
6.964341e-06
7.054653e-06
7.067736e-06
7.181028e-06
7.244757e-06
7.277000e-06
7.335025e-06
7.450506e-06
7.545707e-06
7.633675e-06
7.713148e-06
7.751413e-06
7.859629e-06
7.906885e-06
7.983772e-06
7.987050e-06
8.085963e-06
8.101953e-06
8.140843e-06
8.215619e-06
8.304778e-06
8.438397e-06
8.530751e-06
8.586217e-06
8.686507e-06
8.761794e-06
8.828455e-06
8.913539e-06
8.948729e-06
8.964039e-06
9.105992e-06
9.164271e-06
9.195465e-06
9.284007e-06
9.357083e-06
9.455018e-06
9.510997e-06
9.532950e-06
9.598469e-06
9.693958e-06
9.700361e-06
9.821551e-06
9.830310e-06
9.920489e-06
1.000678e-05
1.006418e-05
1.013915e-05
1.016133e-05
1.025942e-05
1.029303e-05
1.040240e-05
1.043824e-05
1.050704e-05
1.061144e-05
1.064400e-05
1.068063e-05
1.076790e-05
1.084357e-05
1.091153e-05
1.096160e-05
1.111578e-05
1.115263e-05
1.120059e-05
1.133597e-05
1.139099e-05
1.146133e-05
1.153704e-05
1.156549e-05
1.172701e-05
1.178345e-05
1.180752e-05
1.186417e-05
1.193524e-05
1.206760e-05
1.212685e-05
1.228024e-05
1.230235e-05
1.235319e-05
1.243006e-05
1.253916e-05
1.263756e-05
1.265404e-05
1.273627e-05
1.282299e-05
1.286532e-05
1.295551e-05
1.301374e-05
1.311710e-05
1.317648e-05
1.322843e-05
1.325964e-05
1.333154e-05
1.342405e-05
1.352951e-05
1.362818e-05
1.377416e-05
1.380389e-05
1.385435e-05
1.392705e-05
1.405299e-05
1.409766e-05
1.419824e-05
1.420836e-05
1.433193e-05
1.436739e-05
1.440810e-05
1.451466e-05
1.457235e-05
1.471432e-05
1.473401e-05
1.478180e-05
1.486626e-05
1.493124e-05
1.499270e-05
1.506581e-05
1.519968e-05
1.526906e-05
1.531721e-05
1.544246e-05
1.547961e-05
1.554621e-05
1.567725e-05
1.573619e-05
1.576498e-05
1.582753e-05
1.589947e-05
1.595453e-05
1.605766e-05
1.614492e-05
1.619795e-05
1.629918e-05
1.636249e-05
1.639954e-05
1.643477e-05
1.656397e-05
1.662121e-05
1.668365e-05
1.680374e-05
1.685530e-05
1.701512e-05
1.709323e-05
1.715682e-05
1.718293e-05
1.729974e-05
1.730453e-05
1.734524e-05
1.742510e-05
1.751825e-05
1.760033e-05
1.775935e-05
1.780359e-05
1.791060e-05
1.792199e-05
1.804707e-05
1.812837e-05
1.816286e-05
1.829235e-05
1.832360e-05
1.838761e-05
1.849369e-05
1.851587e-05
1.859371e-05
1.873575e-05
1.883716e-05
1.888988e-05
1.894087e-05
1.898329e-05
1.906249e-05
1.909100e-05
1.919999e-05
1.927221e-05
1.933650e-05
1.939547e-05
1.953961e-05
1.963592e-05
1.965738e-05
1.975930e-05
1.987082e-05
1.996462e-05
2.002079e-05
2.007557e-05
2.014343e-05
2.024535e-05
2.032028e-05
2.037458e-05
2.045356e-05
2.060644e-05
2.068129e-05
2.074404e-05
2.075920e-05
2.085293e-05
2.085886e-05
2.096768e-05
2.101630e-05
2.115333e-05
2.120511e-05
2.131507e-05
2.137567e-05
2.141561e-05
2.155109e-05
2.164697e-05
2.175061e-05
2.180677e-05
2.183901e-05
2.199375e-05
2.200136e-05
2.209212e-05
2.209507e-05
2.226722e-05
2.232818e-05
2.237413e-05
2.253447e-05
2.259168e-05
2.263238e-05
2.269153e-05
2.274419e-05
2.276831e-05
2.283774e-05
2.303257e-05
2.304529e-05
2.314632e-05
2.321234e-05
2.334788e-05
2.345135e-05
2.349993e-05
2.353887e-05
2.357188e-05
2.366103e-05
2.374425e-05
2.381966e-05
2.388268e-05
2.398299e-05
2.408973e-05
2.414629e-05
2.419567e-05
2.435451e-05
2.445696e-05
2.455415e-05
2.457119e-05
2.469998e-05
2.474093e-05
2.485215e-05
2.486517e-05
2.488802e-05
2.498892e-05
2.506810e-05
2.512513e-05
2.524576e-05
2.526520e-05
2.535188e-05
2.543917e-05
2.556152e-05
2.563092e-05
2.572804e-05
2.576688e-05
2.588900e-05
2.591698e-05
2.598950e-05
2.608778e-05
2.613390e-05
2.621501e-05
2.627089e-05
2.637367e-05
2.640432e-05
2.647532e-05
2.657523e-05
2.665019e-05
2.680299e-05
2.693518e-05
2.698260e-05
2.707349e-05
2.711926e-05
2.715408e-05
2.727711e-05
2.732224e-05
2.740943e-05
2.754215e-05
2.754684e-05
2.765235e-05
2.771461e-05
2.774507e-05
2.780540e-05
2.787571e-05
2.794763e-05
2.804810e-05
2.809533e-05
2.822613e-05
2.831127e-05
2.840866e-05
2.844111e-05
2.854576e-05
2.859046e-05
2.862135e-05
2.871116e-05
2.887883e-05
2.890772e-05
2.904871e-05
2.916396e-05
2.921339e-05
2.926466e-05
2.930803e-05
2.941187e-05
2.951391e-05
2.959270e-05
2.965461e-05
2.983516e-05
2.988760e-05
2.997121e-05
3.007463e-05
3.016477e-05
3.018622e-05
3.031508e-05
3.036881e-05
3.046234e-05
3.052519e-05
3.058194e-05
3.068559e-05
3.080965e-05
3.084413e-05
3.087157e-05
3.097627e-05
3.118065e-05
3.124366e-05
3.133057e-05
3.145673e-05
3.146442e-05
3.151852e-05
3.170221e-05
3.173743e-05
3.176422e-05
3.181277e-05
3.189263e-05
3.202813e-05
3.215750e-05
3.227624e-05
3.231482e-05
3.235624e-05
3.255970e-05
3.264591e-05
3.272063e-05
3.279038e-05
3.289276e-05
3.298950e-05
3.300265e-05
3.304690e-05
3.313108e-05
3.326210e-05
3.329612e-05
3.343009e-05
3.350936e-05
3.359336e-05
3.370627e-05
3.383506e-05
3.387177e-05
3.392835e-05
3.395099e-05
3.412272e-05
3.421935e-05
3.431279e-05
3.435173e-05
3.440523e-05
3.448910e-05
3.459560e-05
3.469169e-05
3.472649e-05
3.487380e-05
3.494225e-05
3.500553e-05
3.517108e-05
3.524044e-05
3.526627e-05
3.537123e-05
3.546667e-05
3.562628e-05
3.570822e-05
3.576442e-05
3.587995e-05
3.595205e-05
3.601889e-05
3.604132e-05
3.614402e-05
3.629740e-05
3.635384e-05
3.643528e-05
3.653179e-05
3.655036e-05
3.660937e-05
3.679565e-05
3.682957e-05
3.686695e-05
3.697837e-05
3.700744e-05
3.721550e-05
3.724467e-05
3.742609e-05
3.748292e-05
3.753425e-05
3.762740e-05
3.771564e-05
3.775361e-05
3.789200e-05
3.791302e-05
3.801482e-05
3.815690e-05
3.816488e-05
3.829430e-05
3.839942e-05
3.849884e-05
3.856139e-05
3.864370e-05
3.869029e-05
3.877327e-05
3.885251e-05
3.895295e-05
3.903915e-05
3.912611e-05
3.915729e-05
3.928539e-05
3.933273e-05
3.941543e-05
3.954944e-05
3.961358e-05
3.971744e-05
3.977534e-05
3.984955e-05
3.998237e-05
4.002006e-05
4.005840e-05
4.011665e-05
4.028377e-05
4.031180e-05
4.051383e-05
4.054119e-05
4.059938e-05
4.077518e-05
4.084228e-05
4.085834e-05
4.087772e-05
4.102136e-05
4.105013e-05
4.116311e-05
4.118565e-05
4.135533e-05
4.138561e-05
4.144456e-05
4.149812e-05
4.166179e-05
4.167996e-05
4.168987e-05
4.186547e-05
4.192622e-05
4.202425e-05
4.211255e-05
4.212533e-05
4.228887e-05
4.235478e-05
4.243878e-05
4.249206e-05
4.274245e-05
4.283247e-05
4.286317e-05
4.298191e-05
4.309201e-05
4.314033e-05
4.316019e-05
4.334392e-05
4.344553e-05
4.355794e-05
4.366688e-05
4.373819e-05
4.389764e-05
4.394003e-05
4.398090e-05
4.405060e-05
4.417466e-05
4.425446e-05
4.434116e-05
4.443842e-05
4.449005e-05
4.462464e-05
4.464373e-05
4.478805e-05
4.490524e-05
4.493853e-05
4.500224e-05
4.508860e-05
4.522419e-05
4.532523e-05
4.538076e-05
4.543431e-05
4.561135e-05
4.576904e-05
4.583720e-05
4.584744e-05
4.600174e-05
4.601789e-05
4.605713e-05
4.623529e-05
4.628933e-05
4.646955e-05
4.656940e-05
4.661060e-05
4.665216e-05
4.675525e-05
4.684159e-05
4.690395e-05
4.696716e-05
4.705547e-05
4.714461e-05
4.721232e-05
4.730815e-05
4.737260e-05
4.754185e-05
4.761937e-05
4.771571e-05
4.774583e-05
4.787180e-05
4.797872e-05
4.803037e-05
4.807043e-05
4.814364e-05
4.830297e-05
4.832402e-05
4.842893e-05
4.849569e-05
4.866272e-05
4.883104e-05
4.891073e-05
4.895255e-05
4.902556e-05
4.909511e-05
4.912103e-05
4.926840e-05
4.939985e-05
4.948773e-05
4.960882e-05
4.962246e-05
4.980562e-05
4.981016e-05
4.993078e-05
5.007209e-05
5.011397e-05
5.022912e-05
5.030984e-05
5.047743e-05
5.050717e-05
5.054767e-05
5.063207e-05
5.081700e-05
5.085443e-05
5.090480e-05
5.100803e-05
5.106155e-05
5.110581e-05
5.113792e-05
5.121689e-05
5.138792e-05
5.146539e-05
5.158711e-05
5.162420e-05
5.170792e-05
5.179224e-05
5.188852e-05
5.200834e-05
5.206701e-05
5.214686e-05
5.228725e-05
5.233077e-05
5.241130e-05
5.246249e-05
5.262380e-05
5.264366e-05
5.282036e-05
5.294572e-05
5.298186e-05
5.306801e-05
5.317437e-05
5.329817e-05
5.339940e-05
5.351144e-05
5.356114e-05
5.368355e-05
5.369967e-05
5.378762e-05
5.386044e-05
5.387095e-05
5.402894e-05
5.408923e-05
5.416554e-05
5.425850e-05
5.432112e-05
5.442864e-05
5.471050e-05
5.475232e-05
5.480694e-05
5.490656e-05
5.493658e-05
5.494352e-05
5.504525e-05
5.510356e-05
5.524173e-05
5.539626e-05
5.543019e-05
5.551214e-05
5.560173e-05
5.578478e-05
5.592682e-05
5.595933e-05
5.604667e-05
5.616606e-05
5.620079e-05
5.623097e-05
5.634448e-05
5.649240e-05
5.662379e-05
5.666997e-05
5.676258e-05
5.681209e-05
5.688901e-05
5.691563e-05
5.708905e-05
5.717371e-05
5.732818e-05
5.740449e-05
5.742112e-05
5.753710e-05
5.768857e-05
5.769169e-05
5.779230e-05
5.785701e-05
5.803951e-05
5.805516e-05
5.814369e-05
5.817251e-05
5.820664e-05
5.833818e-05
5.842450e-05
5.851076e-05
5.868609e-05
5.873198e-05
5.892232e-05
5.899249e-05
5.905030e-05
5.915355e-05
5.926107e-05
5.935947e-05
5.943988e-05
5.948950e-05
5.958709e-05
5.966203e-05
5.972327e-05
5.982194e-05
5.987466e-05
6.001743e-05
6.015008e-05
6.021261e-05
6.028093e-05
6.041512e-05
6.050813e-05
6.062601e-05
6.066947e-05
6.069822e-05
6.078061e-05
6.087666e-05
6.108279e-05
6.115509e-05
6.121477e-05
6.126667e-05
6.135020e-05
6.135894e-05
6.153331e-05
6.162713e-05
6.176491e-05
6.178342e-05
6.196449e-05
6.200456e-05
6.214073e-05
6.224358e-05
6.229977e-05
6.242790e-05
6.257865e-05
6.266466e-05
6.275706e-05
6.281622e-05
6.282627e-05
6.288842e-05
6.299715e-05
6.309798e-05
6.320879e-05
6.325528e-05
6.332867e-05
6.348959e-05
6.354858e-05
6.362137e-05
6.377288e-05
6.389433e-05
6.395814e-05
6.404217e-05
6.412632e-05
6.420442e-05
6.422057e-05
6.426219e-05
6.439351e-05
6.448359e-05
6.455488e-05
6.468448e-05
6.492484e-05
6.497195e-05
6.505428e-05
6.508251e-05
6.520078e-05
6.530591e-05
6.535935e-05
6.541173e-05
6.546974e-05
6.571948e-05
6.576585e-05
6.588981e-05
6.595211e-05
6.607096e-05
6.618433e-05
6.624657e-05
6.629972e-05
6.637204e-05
6.646521e-05
6.667420e-05
6.673170e-05
6.684512e-05
6.692847e-05
6.699908e-05
6.705886e-05
6.720996e-05
6.729619e-05
6.737232e-05
6.747516e-05
6.754480e-05
6.760917e-05
6.773093e-05
6.778326e-05
6.781685e-05
6.783413e-05
6.795628e-05
6.807408e-05
6.815951e-05
6.830161e-05
6.834900e-05
6.853736e-05
6.866001e-05
6.870637e-05
6.873669e-05
6.887088e-05
6.909372e-05
6.910708e-05
6.916684e-05
6.927608e-05
6.936219e-05
6.942404e-05
6.951599e-05
6.971097e-05
6.976343e-05
6.986642e-05
6.993758e-05
7.004445e-05
7.015216e-05
7.017940e-05
7.031656e-05
7.047607e-05
7.052286e-05
7.063401e-05
7.069068e-05
7.075530e-05
7.090113e-05
7.095501e-05
7.112672e-05
7.118145e-05
7.118423e-05
7.125218e-05
7.142576e-05
7.145487e-05
7.165170e-05
7.175733e-05
7.178249e-05
7.199614e-05
7.201386e-05
7.213580e-05
7.218304e-05
7.229701e-05
7.240101e-05
7.255779e-05
7.267674e-05
7.272798e-05
7.281234e-05
7.291444e-05
7.297254e-05
7.309557e-05
7.319434e-05
7.325054e-05
7.340864e-05
7.348860e-05
7.357778e-05
7.359481e-05
7.371332e-05
7.385606e-05
7.389843e-05
7.397233e-05
7.407031e-05
7.413171e-05
7.417769e-05
7.434894e-05
7.438510e-05
7.457544e-05
7.464311e-05
7.474024e-05
7.475428e-05
7.481905e-05
7.493723e-05
7.499280e-05
7.511474e-05
7.518036e-05
7.528874e-05
7.532358e-05
7.544065e-05
7.550065e-05
7.577007e-05
7.584616e-05
7.596079e-05
7.607618e-05
7.614617e-05
7.625130e-05
7.627616e-05
7.632197e-05
7.645104e-05
7.662055e-05
7.673748e-05
7.678302e-05
7.688400e-05
7.691390e-05
7.703230e-05
7.709086e-05
7.719742e-05
7.734230e-05
7.744998e-05
7.749816e-05
7.763441e-05
7.780868e-05
7.783442e-05
7.789449e-05
7.796640e-05
7.803151e-05
7.812598e-05
7.834171e-05
7.838507e-05
7.851718e-05
7.855858e-05
7.863044e-05
7.873195e-05
7.881522e-05
7.888324e-05
7.895212e-05
7.911016e-05
7.917915e-05
7.922347e-05
7.929207e-05
7.936811e-05
7.950742e-05
7.963443e-05
7.968045e-05
7.975020e-05
7.989482e-05
7.999518e-05
8.001732e-05
8.013540e-05
8.032361e-05
8.038092e-05
8.059286e-05
8.075450e-05
8.081642e-05
8.089480e-05
8.109457e-05
8.112014e-05
8.121982e-05
8.135341e-05
8.142209e-05
8.149134e-05
8.152351e-05
8.160618e-05
8.170775e-05
8.181942e-05
8.201438e-05
8.214382e-05
8.220923e-05
8.225657e-05
8.239408e-05
8.249101e-05
8.252855e-05
8.259608e-05
8.264587e-05
8.274534e-05
8.286055e-05
8.292886e-05
8.302123e-05
8.306202e-05
8.314828e-05
8.317464e-05
8.347179e-05
8.350007e-05
8.361092e-05
8.372541e-05
8.378180e-05
8.404701e-05
8.407178e-05
8.416097e-05
8.421371e-05
8.438425e-05
8.442943e-05
8.455773e-05
8.468757e-05
8.471686e-05
8.481632e-05
8.488852e-05
8.503679e-05
8.510473e-05
8.524307e-05
8.533194e-05
8.545881e-05
8.549395e-05
8.560441e-05
8.572839e-05
8.578883e-05
8.585584e-05
8.598083e-05
8.612315e-05
8.625475e-05
8.636366e-05
8.641490e-05
8.655621e-05
8.657424e-05
8.661062e-05
8.671647e-05
8.682555e-05
8.695106e-05
8.705468e-05
8.709625e-05
8.723081e-05
8.744836e-05
8.747667e-05
8.756574e-05
8.759749e-05
8.776997e-05
8.787220e-05
8.789645e-05
8.794822e-05
8.810415e-05
8.827274e-05
8.831831e-05
8.847806e-05
8.851309e-05
8.860650e-05
8.868081e-05
8.878960e-05
8.888782e-05
8.895065e-05
8.896712e-05
8.911299e-05
8.935742e-05
8.939022e-05
8.950715e-05
8.958986e-05
8.966648e-05
8.983812e-05
8.996292e-05
9.010708e-05
9.018412e-05
9.027634e-05
9.037489e-05
9.045658e-05
9.064244e-05
9.067955e-05
9.073821e-05
9.081010e-05
9.101459e-05
9.105937e-05
9.111912e-05
9.121709e-05
9.130838e-05
9.139122e-05
9.151719e-05
9.154320e-05
9.174687e-05
9.177436e-05
9.188949e-05
9.198496e-05
9.206742e-05
9.212615e-05
9.227377e-05
9.236174e-05
9.246413e-05
9.264214e-05
9.267192e-05
9.279635e-05
9.287755e-05
9.290035e-05
9.303273e-05
9.316719e-05
9.324471e-05
9.344799e-05
9.349351e-05
9.350401e-05
9.366128e-05
9.376961e-05
9.385083e-05
9.389611e-05
9.391308e-05
9.401132e-05
9.420739e-05
9.426681e-05
9.439430e-05
9.447557e-05
9.453462e-05
9.476030e-05
9.486719e-05
9.494751e-05
9.513271e-05
9.520567e-05
9.526775e-05
9.537583e-05
9.544396e-05
9.550869e-05
9.559881e-05
9.566932e-05
9.584141e-05
9.586730e-05
9.599784e-05
9.610323e-05
9.624438e-05
9.630576e-05
9.637975e-05
9.644787e-05
9.650413e-05
9.659801e-05
9.674505e-05
9.686409e-05
9.695552e-05
9.712967e-05
9.718752e-05
9.736143e-05
9.751505e-05
9.759223e-05
9.760923e-05
9.772452e-05
9.779793e-05
9.783431e-05
9.795432e-05
9.799814e-05
9.811237e-05
9.820102e-05
9.835953e-05
9.846386e-05
9.850806e-05
9.854105e-05
9.859257e-05
9.863336e-05
9.881415e-05
9.903392e-05
9.912113e-05
9.919560e-05
9.927967e-05
9.933434e-05
9.957713e-05
9.968382e-05
9.982790e-05
9.986807e-05
1.000146e-04
1.000534e-04
1.002201e-04
1.004236e-04
1.004842e-04
1.005059e-04
1.006086e-04
1.007152e-04
1.008827e-04
1.009225e-04
1.010886e-04
1.011596e-04
1.012319e-04
1.013943e-04
1.014218e-04
1.015736e-04
1.017165e-04
1.018331e-04
1.018598e-04
1.019569e-04
1.020199e-04
1.021316e-04
1.022057e-04
1.022962e-04
1.023661e-04
1.025336e-04
1.025997e-04
1.026254e-04
1.028308e-04
1.029617e-04
1.030628e-04
1.031848e-04
1.032114e-04
1.033730e-04
1.034000e-04
1.034343e-04
1.037874e-04
1.038160e-04
1.038587e-04
1.040189e-04
1.041439e-04
1.041904e-04
1.042556e-04
1.044575e-04
1.044782e-04
1.046103e-04
1.046430e-04
1.047916e-04
1.048808e-04
1.049079e-04
1.052848e-04
1.052892e-04
1.053254e-04
1.054464e-04
1.055647e-04
1.056064e-04
1.056206e-04
1.058163e-04
1.060363e-04
1.061235e-04
1.061405e-04
1.063032e-04
1.063826e-04
1.064555e-04
1.065158e-04
1.065925e-04
1.067989e-04
1.069242e-04
1.070012e-04
1.070877e-04
1.072371e-04
1.073380e-04
1.074342e-04
1.074647e-04
1.076769e-04
1.077465e-04
1.078755e-04
1.079714e-04
1.080363e-04
1.081514e-04
1.082470e-04
1.082689e-04
1.083538e-04
1.083965e-04
1.084866e-04
1.087094e-04
1.087677e-04
1.089788e-04
1.090708e-04
1.090932e-04
1.093184e-04
1.093644e-04
1.094523e-04
1.095666e-04
1.097268e-04
1.097587e-04
1.098533e-04
1.098988e-04
1.099407e-04
1.100787e-04
1.102255e-04
1.103373e-04
1.105239e-04
1.105569e-04
1.105656e-04
1.106576e-04
1.108131e-04
1.108820e-04
1.110008e-04
1.111184e-04
1.112227e-04
1.113944e-04
1.114325e-04
1.115206e-04
1.116871e-04
1.117872e-04
1.119152e-04
1.119846e-04
1.120210e-04
1.121746e-04
1.123062e-04
1.123536e-04
1.124970e-04
1.125913e-04
1.125985e-04
1.127958e-04
1.128056e-04
1.128986e-04
1.129606e-04
1.131025e-04
1.131443e-04
1.132391e-04
1.135106e-04
1.135526e-04
1.136709e-04
1.138161e-04
1.139052e-04
1.139340e-04
1.140282e-04
1.142133e-04
1.142828e-04
1.144262e-04
1.144716e-04
1.146323e-04
1.147507e-04
1.149313e-04
1.149579e-04
1.151033e-04
1.152850e-04
1.153312e-04
1.154693e-04
1.156714e-04
1.158044e-04
1.158870e-04
1.159105e-04
1.161184e-04
1.161618e-04
1.162171e-04
1.164205e-04
1.164705e-04
1.164873e-04
1.166046e-04
1.166463e-04
1.166933e-04
1.168062e-04
1.169998e-04
1.171398e-04
1.172539e-04
1.173264e-04
1.173993e-04
1.175047e-04
1.176331e-04
1.177359e-04
1.178379e-04
1.179972e-04
1.180371e-04
1.181219e-04
1.182631e-04
1.183717e-04
1.184140e-04
1.185548e-04
1.187037e-04
1.188012e-04
1.188176e-04
1.189487e-04
1.189613e-04
1.190245e-04
1.191815e-04
1.192908e-04
1.194041e-04
1.195706e-04
1.197051e-04
1.197678e-04
1.198668e-04
1.200947e-04
1.201194e-04
1.202700e-04
1.203376e-04
1.204077e-04
1.205601e-04
1.206930e-04
1.207794e-04
1.209076e-04
1.210289e-04
1.210825e-04
1.211931e-04
1.213992e-04
1.215378e-04
1.216268e-04
1.217550e-04
1.218765e-04
1.219906e-04
1.220772e-04
1.221781e-04
1.221836e-04
1.222593e-04
1.224196e-04
1.224437e-04
1.225931e-04
1.227347e-04
1.227419e-04
1.228509e-04
1.230367e-04
1.231084e-04
1.232136e-04
1.234005e-04
1.234522e-04
1.235825e-04
1.235969e-04
1.238297e-04
1.239166e-04
1.239577e-04
1.240354e-04
1.242975e-04
1.243373e-04
1.245911e-04
1.246080e-04
1.247441e-04
1.247764e-04
1.248888e-04
1.249337e-04
1.250525e-04
1.251746e-04
1.252589e-04
1.253767e-04
1.253899e-04
1.256159e-04
1.257290e-04
1.258305e-04
1.260306e-04
1.260971e-04
1.261950e-04
1.262141e-04
1.263705e-04
1.264450e-04
1.264879e-04
1.266935e-04
1.267607e-04
1.268743e-04
1.269810e-04
1.271695e-04
1.272046e-04
1.273196e-04
1.275509e-04
1.276554e-04
1.277318e-04
1.277761e-04
1.278122e-04
1.279281e-04
1.281272e-04
1.282892e-04
1.284175e-04
1.284427e-04
1.286062e-04
1.286405e-04
1.287476e-04
1.288866e-04
1.289431e-04
1.291005e-04
1.292972e-04
1.294620e-04
1.295034e-04
1.296784e-04
1.297483e-04
1.298846e-04
1.299000e-04
1.299914e-04
1.302696e-04
1.303361e-04
1.304112e-04
1.305355e-04
1.306010e-04
1.306979e-04
1.307550e-04
1.309509e-04
1.310124e-04
1.311548e-04
1.312554e-04
1.313331e-04
1.314310e-04
1.315955e-04
1.317110e-04
1.317660e-04
1.318781e-04
1.320305e-04
1.320731e-04
1.322575e-04
1.324195e-04
1.324519e-04
1.325089e-04
1.326698e-04
1.327605e-04
1.328668e-04
1.329672e-04
1.331109e-04
1.331911e-04
1.332369e-04
1.334659e-04
1.335945e-04
1.336633e-04
1.337955e-04
1.339289e-04
1.339649e-04
1.340527e-04
1.341641e-04
1.343171e-04
1.343458e-04
1.344528e-04
1.345231e-04
1.345878e-04
1.348479e-04
1.349305e-04
1.349716e-04
1.351153e-04
1.351751e-04
1.352907e-04
1.353106e-04
1.354850e-04
1.356388e-04
1.357097e-04
1.358283e-04
1.359114e-04
1.360404e-04
1.361292e-04
1.362573e-04
1.364615e-04
1.365116e-04
1.366247e-04
1.367469e-04
1.368343e-04
1.370342e-04
1.371074e-04
1.372226e-04
1.372647e-04
1.373041e-04
1.375392e-04
1.375747e-04
1.377701e-04
1.378133e-04
1.380420e-04
1.380732e-04
1.381753e-04
1.382444e-04
1.384052e-04
1.384744e-04
1.386173e-04
1.386828e-04
1.388325e-04
1.389561e-04
1.390427e-04
1.391306e-04
1.391934e-04
1.393940e-04
1.395329e-04
1.396813e-04
1.397378e-04
1.398710e-04
1.400939e-04
1.402545e-04
1.403198e-04
1.404263e-04
1.405028e-04
1.406901e-04
1.407271e-04
1.407923e-04
1.409122e-04
1.410505e-04
1.412147e-04
1.412386e-04
1.413349e-04
1.414690e-04
1.414865e-04
1.416033e-04
1.418651e-04
1.419760e-04
1.421201e-04
1.422660e-04
1.423928e-04
1.424509e-04
1.425871e-04
1.426882e-04
1.427322e-04
1.428737e-04
1.429651e-04
1.430329e-04
1.432088e-04
1.434019e-04
1.434964e-04
1.435948e-04
1.436740e-04
1.437484e-04
1.437997e-04
1.440071e-04
1.441320e-04
1.442613e-04
1.442947e-04
1.445074e-04
1.446575e-04
1.446897e-04
1.448386e-04
1.449456e-04
1.449887e-04
1.452702e-04
1.453811e-04
1.454744e-04
1.455426e-04
1.456086e-04
1.457581e-04
1.459484e-04
1.459792e-04
1.461168e-04
1.462121e-04
1.463072e-04
1.464046e-04
1.465724e-04
1.466691e-04
1.468387e-04
1.468567e-04
1.470546e-04
1.471559e-04
1.472241e-04
1.472954e-04
1.473832e-04
1.475385e-04
1.475631e-04
1.477148e-04
1.478453e-04
1.480098e-04
1.481137e-04
1.482450e-04
1.482874e-04
1.484118e-04
1.486347e-04
1.486753e-04
1.487395e-04
1.489233e-04
1.490978e-04
1.491893e-04
1.493725e-04
1.494219e-04
1.495041e-04
1.497164e-04
1.498363e-04
1.499031e-04
1.499935e-04
1.500740e-04
1.502165e-04
1.503294e-04
1.504405e-04
1.504972e-04
1.506185e-04
1.507619e-04
1.508900e-04
1.510395e-04
1.511850e-04
1.512256e-04
1.513583e-04
1.514983e-04
1.516002e-04
1.516608e-04
1.518596e-04
1.519241e-04
1.520338e-04
1.520937e-04
1.522020e-04
1.522246e-04
1.524208e-04
1.525492e-04
1.527129e-04
1.528228e-04
1.529604e-04
1.530362e-04
1.530889e-04
1.532469e-04
1.533552e-04
1.534829e-04
1.537760e-04
1.538161e-04
1.539723e-04
1.540276e-04
1.541548e-04
1.542827e-04
1.543741e-04
1.544120e-04
1.546447e-04
1.547488e-04
1.548254e-04
1.549074e-04
1.549537e-04
1.551379e-04
1.553185e-04
1.553407e-04
1.555038e-04
1.557246e-04
1.558468e-04
1.559085e-04
1.559862e-04
1.561804e-04
1.562678e-04
1.564181e-04
1.565671e-04
1.566377e-04
1.567270e-04
1.568109e-04
1.569921e-04
1.570207e-04
1.571182e-04
1.571963e-04
1.573809e-04
1.575657e-04
1.576965e-04
1.577155e-04
1.578692e-04
1.579466e-04
1.581373e-04
1.582457e-04
1.584802e-04
1.585046e-04
1.585293e-04
1.586609e-04
1.587601e-04
1.589300e-04
1.590494e-04
1.590867e-04
1.593033e-04
1.593768e-04
1.594433e-04
1.595409e-04
1.596024e-04
1.598157e-04
1.598279e-04
1.601009e-04
1.603341e-04
1.604051e-04
1.604849e-04
1.606205e-04
1.606874e-04
1.608531e-04
1.608930e-04
1.609234e-04
1.609675e-04
1.612908e-04
1.613179e-04
1.614847e-04
1.615459e-04
1.617061e-04
1.617384e-04
1.618497e-04
1.619832e-04
1.622246e-04
1.622701e-04
1.623989e-04
1.626191e-04
1.627060e-04
1.627368e-04
1.628958e-04
1.629015e-04
1.631076e-04
1.631814e-04
1.632890e-04
1.634720e-04
1.634931e-04
1.637405e-04
1.638792e-04
1.639286e-04
1.641851e-04
1.643605e-04
1.644215e-04
1.644667e-04
1.645790e-04
1.646302e-04
1.648466e-04
1.649008e-04
1.649393e-04
1.651924e-04
1.652878e-04
1.653821e-04
1.654754e-04
1.656082e-04
1.656862e-04
1.657372e-04
1.658226e-04
1.659159e-04
1.661262e-04
1.662452e-04
1.664617e-04
1.665493e-04
1.666824e-04
1.668024e-04
1.669412e-04
1.671064e-04
1.671500e-04
1.672104e-04
1.673771e-04
1.674999e-04
1.675234e-04
1.677224e-04
1.678424e-04
1.679354e-04
1.680568e-04
1.682008e-04
1.682469e-04
1.684410e-04
1.685443e-04
1.687705e-04
1.688856e-04
1.690207e-04
1.690906e-04
1.692211e-04
1.693287e-04
1.694346e-04
1.695341e-04
1.696461e-04
1.697129e-04
1.697913e-04
1.699930e-04
1.702398e-04
1.702764e-04
1.703476e-04
1.705324e-04
1.707194e-04
1.708091e-04
1.710643e-04
1.711513e-04
1.712632e-04
1.713571e-04
1.714813e-04
1.715329e-04
1.715905e-04
1.718747e-04
1.719317e-04
1.719890e-04
1.721237e-04
1.722240e-04
1.723656e-04
1.724799e-04
1.726592e-04
1.727263e-04
1.728396e-04
1.729830e-04
1.730772e-04
1.731979e-04
1.733705e-04
1.735713e-04
1.736210e-04
1.736924e-04
1.737933e-04
1.738967e-04
1.740284e-04
1.741973e-04
1.743798e-04
1.745166e-04
1.746285e-04
1.746933e-04
1.747875e-04
1.748690e-04
1.751332e-04
1.751623e-04
1.752839e-04
1.754532e-04
1.756152e-04
1.758045e-04
1.758333e-04
1.759916e-04
1.761013e-04
1.762658e-04
1.763657e-04
1.766194e-04
1.768082e-04
1.768161e-04
1.769660e-04
1.770327e-04
1.771959e-04
1.773656e-04
1.774589e-04
1.777266e-04
1.777319e-04
1.777958e-04
1.779831e-04
1.781146e-04
1.781965e-04
1.783263e-04
1.784505e-04
1.785539e-04
1.787262e-04
1.787673e-04
1.788841e-04
1.790205e-04
1.791460e-04
1.793088e-04
1.793664e-04
1.795395e-04
1.796412e-04
1.797434e-04
1.798729e-04
1.800043e-04
1.801769e-04
1.802910e-04
1.803585e-04
1.804810e-04
1.805499e-04
1.806771e-04
1.808080e-04
1.808811e-04
1.810553e-04
1.811429e-04
1.812225e-04
1.814941e-04
1.816262e-04
1.817688e-04
1.818172e-04
1.821431e-04
1.822176e-04
1.822330e-04
1.823520e-04
1.824325e-04
1.826007e-04
1.826433e-04
1.826504e-04
1.827668e-04
1.828811e-04
1.830302e-04
1.830792e-04
1.831390e-04
1.832996e-04
1.834158e-04
1.836709e-04
1.838625e-04
1.839126e-04
1.840379e-04
1.840917e-04
1.843016e-04
1.845954e-04
1.846649e-04
1.848117e-04
1.849006e-04
1.851051e-04
1.852699e-04
1.853132e-04
1.853360e-04
1.855340e-04
1.857082e-04
1.857607e-04
1.860133e-04
1.860591e-04
1.861169e-04
1.861893e-04
1.863957e-04
1.864003e-04
1.866761e-04
1.867594e-04
1.868648e-04
1.871325e-04
1.872306e-04
1.873062e-04
1.873182e-04
1.874934e-04
1.876159e-04
1.877771e-04
1.879284e-04
1.880673e-04
1.882271e-04
1.883380e-04
1.884466e-04
1.885156e-04
1.886571e-04
1.888494e-04
1.890713e-04
1.891881e-04
1.892252e-04
1.894835e-04
1.895256e-04
1.896672e-04
1.897205e-04
1.898252e-04
1.899272e-04
1.900627e-04
1.902724e-04
1.903605e-04
1.904210e-04
1.905659e-04
1.907328e-04
1.907783e-04
1.908600e-04
1.909443e-04
1.910135e-04
1.913857e-04
1.914498e-04
1.916437e-04
1.917382e-04
1.918171e-04
1.919518e-04
1.921360e-04
1.922326e-04
1.923507e-04
1.924312e-04
1.924998e-04
1.926891e-04
1.928983e-04
1.930719e-04
1.931642e-04
1.931945e-04
1.933532e-04
1.934541e-04
1.936851e-04
1.937706e-04
1.938747e-04
1.940003e-04
1.941561e-04
1.943065e-04
1.943802e-04
1.944570e-04
1.946521e-04
1.946844e-04
1.948985e-04
1.949993e-04
1.950886e-04
1.952953e-04
1.954482e-04
1.954776e-04
1.956556e-04
1.960060e-04
1.960779e-04
1.962080e-04
1.962165e-04
1.963081e-04
1.964105e-04
1.965271e-04
1.967141e-04
1.968134e-04
1.969540e-04
1.969780e-04
1.971199e-04
1.972748e-04
1.974802e-04
1.975479e-04
1.976590e-04
1.978615e-04
1.979514e-04
1.980599e-04
1.981990e-04
1.982806e-04
1.985239e-04
1.985920e-04
1.986940e-04
1.987586e-04
1.990011e-04
1.990427e-04
1.992761e-04
1.993764e-04
1.995868e-04
1.996111e-04
1.997712e-04
1.998962e-04
1.999797e-04
2.001958e-04
2.003608e-04
2.004288e-04
2.004824e-04
2.006681e-04
2.007858e-04
2.010434e-04
2.010931e-04
2.011779e-04
2.013036e-04
2.013343e-04
2.014336e-04
2.018785e-04
2.019066e-04
2.019781e-04
2.021211e-04
2.023333e-04
2.024211e-04
2.025079e-04
2.026189e-04
2.028147e-04
2.029420e-04
2.030331e-04
2.032441e-04
2.034108e-04
2.034409e-04
2.035001e-04
2.036714e-04
2.037217e-04
2.039774e-04
2.041307e-04
2.041744e-04
2.043133e-04
2.045056e-04
2.045990e-04
2.046988e-04
2.047707e-04
2.048486e-04
2.048644e-04
2.050811e-04
2.053523e-04
2.054399e-04
2.056505e-04
2.057177e-04
2.058549e-04
2.060267e-04
2.061833e-04
2.063420e-04
2.063854e-04
2.065475e-04
2.066004e-04
2.067799e-04
2.068922e-04
2.072618e-04
2.073044e-04
2.075159e-04
2.075572e-04
2.075823e-04
2.076465e-04
2.079780e-04
2.081004e-04
2.082984e-04
2.085141e-04
2.086545e-04
2.086982e-04
2.089293e-04
2.090624e-04
2.091494e-04
2.092003e-04
2.094573e-04
2.095194e-04
2.097014e-04
2.099701e-04
2.101711e-04
2.102382e-04
2.103072e-04
2.104684e-04
2.105851e-04
2.106003e-04
2.107858e-04
2.108901e-04
2.109679e-04
2.110774e-04
2.110816e-04
2.112670e-04
2.115082e-04
2.116380e-04
2.119225e-04
2.119777e-04
2.122045e-04
2.123016e-04
2.124226e-04
2.125555e-04
2.126404e-04
2.128331e-04
2.129419e-04
2.129543e-04
2.130023e-04
2.132565e-04
2.134519e-04
2.134732e-04
2.136814e-04
2.138059e-04
2.138812e-04
2.142359e-04
2.143888e-04
2.145015e-04
2.145550e-04
2.146212e-04
2.147491e-04
2.148791e-04
2.149418e-04
2.151565e-04
2.153649e-04
2.154689e-04
2.156992e-04
2.157989e-04
2.158775e-04
2.160730e-04
2.161224e-04
2.163433e-04
2.165435e-04
2.167230e-04
2.167755e-04
2.168418e-04
2.170107e-04
2.171884e-04
2.172860e-04
2.174046e-04
2.175122e-04
2.176895e-04
2.177496e-04
2.179857e-04
2.180317e-04
2.182645e-04
2.184342e-04
2.186477e-04
2.187351e-04
2.188888e-04
2.189506e-04
2.191654e-04
2.192204e-04
2.192584e-04
2.193691e-04
2.194539e-04
2.195429e-04
2.197046e-04
2.199818e-04
2.201275e-04
2.201785e-04
2.203153e-04
2.204984e-04
2.205399e-04
2.207924e-04
2.209010e-04
2.210064e-04
2.210390e-04
2.212951e-04
2.215469e-04
2.215660e-04
2.217456e-04
2.219991e-04
2.221387e-04
2.222013e-04
2.222811e-04
2.224635e-04
2.226639e-04
2.227499e-04
2.228807e-04
2.229609e-04
2.232369e-04
2.232894e-04
2.234684e-04
2.236135e-04
2.237417e-04
2.238438e-04
2.239960e-04
2.241474e-04
2.243792e-04
2.245392e-04
2.246418e-04
2.248356e-04
2.248822e-04
2.249243e-04
2.250653e-04
2.251639e-04
2.252885e-04
2.256819e-04
2.258177e-04
2.260063e-04
2.261082e-04
2.262375e-04
2.263028e-04
2.264629e-04
2.264996e-04
2.267228e-04
2.268691e-04
2.269299e-04
2.270911e-04
2.273731e-04
2.276246e-04
2.276909e-04
2.278145e-04
2.279152e-04
2.279908e-04
2.280751e-04
2.282039e-04
2.284140e-04
2.284517e-04
2.284944e-04
2.287708e-04
2.289383e-04
2.290835e-04
2.291286e-04
2.293388e-04
2.294620e-04
2.296252e-04
2.297629e-04
2.299465e-04
2.301262e-04
2.302532e-04
2.304727e-04
2.305731e-04
2.307970e-04
2.308541e-04
2.309611e-04
2.310889e-04
2.312412e-04
2.314391e-04
2.315521e-04
2.318064e-04
2.318701e-04
2.320173e-04
2.321587e-04
2.323074e-04
2.324357e-04
2.326090e-04
2.326154e-04
2.327494e-04
2.330217e-04
2.331506e-04
2.332828e-04
2.335384e-04
2.335858e-04
2.338164e-04
2.340254e-04
2.340981e-04
2.342018e-04
2.343083e-04
2.344307e-04
2.345830e-04
2.347987e-04
2.348657e-04
2.349979e-04
2.351562e-04
2.352495e-04
2.354480e-04
2.356329e-04
2.357058e-04
2.358384e-04
2.359018e-04
2.361152e-04
2.363013e-04
2.365062e-04
2.366601e-04
2.368484e-04
2.369824e-04
2.370861e-04
2.372511e-04
2.374091e-04
2.374444e-04
2.377382e-04
2.378340e-04
2.379275e-04
2.379540e-04
2.381975e-04
2.383044e-04
2.384828e-04
2.386048e-04
2.388301e-04
2.390444e-04
2.391432e-04
2.391970e-04
2.394043e-04
2.395812e-04
2.396374e-04
2.397248e-04
2.399259e-04
2.401517e-04
2.402222e-04
2.404476e-04
2.406447e-04
2.407499e-04
2.408826e-04
2.410084e-04
2.410242e-04
2.412178e-04
2.413374e-04
2.414289e-04
2.415017e-04
2.416190e-04
2.419815e-04
2.420895e-04
2.420997e-04
2.422769e-04
2.424505e-04
2.425872e-04
2.428593e-04
2.429451e-04
2.431256e-04
2.431925e-04
2.434060e-04
2.434374e-04
2.436480e-04
2.439516e-04
2.442451e-04
2.443430e-04
2.444467e-04
2.446596e-04
2.447407e-04
2.448924e-04
2.449671e-04
2.451741e-04
2.452645e-04
2.454006e-04
2.455179e-04
2.456030e-04
2.458151e-04
2.459251e-04
2.461657e-04
2.463308e-04
2.464992e-04
2.467467e-04
2.469956e-04
2.470459e-04
2.471882e-04
2.474056e-04
2.474747e-04
2.476145e-04
2.477192e-04
2.477930e-04
2.480896e-04
2.481921e-04
2.482539e-04
2.485100e-04
2.486759e-04
2.487034e-04
2.488522e-04
2.491815e-04
2.492314e-04
2.493337e-04
2.494444e-04
2.496462e-04
2.498048e-04
2.499309e-04
2.500215e-04
2.500817e-04
2.503646e-04
2.504357e-04
2.506599e-04
2.508643e-04
2.511415e-04
2.512619e-04
2.514008e-04
2.515404e-04
2.517627e-04
2.518450e-04
2.519783e-04
2.521036e-04
2.522516e-04
2.522800e-04
2.524589e-04
2.526426e-04
2.527672e-04
2.528872e-04
2.529444e-04
2.530495e-04
2.533034e-04
2.534638e-04
2.535482e-04
2.536582e-04
2.539258e-04
2.542443e-04
2.543109e-04
2.545541e-04
2.546498e-04
2.548207e-04
2.550063e-04
2.550490e-04
2.551160e-04
2.553509e-04
2.554021e-04
2.557110e-04
2.557843e-04
2.558549e-04
2.559471e-04
2.560836e-04
2.561645e-04
2.562945e-04
2.565604e-04
2.567576e-04
2.568833e-04
2.571416e-04
2.571707e-04
2.573216e-04
2.575364e-04
2.576589e-04
2.578134e-04
2.579663e-04
2.581346e-04
2.582357e-04
2.584630e-04
2.587130e-04
2.587802e-04
2.588124e-04
2.590761e-04
2.591741e-04
2.593066e-04
2.593672e-04
2.595777e-04
2.596344e-04
2.598002e-04
2.599653e-04
2.602445e-04
2.603245e-04
2.606714e-04
2.607675e-04
2.609179e-04
2.610060e-04
2.610733e-04
2.613732e-04
2.614788e-04
2.615675e-04
2.617815e-04
2.619113e-04
2.621234e-04
2.623119e-04
2.623906e-04
2.625376e-04
2.627321e-04
2.628016e-04
2.630936e-04
2.633730e-04
2.635860e-04
2.636431e-04
2.637862e-04
2.640066e-04
2.640768e-04
2.642952e-04
2.644169e-04
2.645359e-04
2.646482e-04
2.647580e-04
2.648323e-04
2.650070e-04
2.653064e-04
2.653595e-04
2.655283e-04
2.657457e-04
2.658806e-04
2.661107e-04
2.661663e-04
2.662655e-04
2.663896e-04
2.665021e-04
2.667649e-04
2.669915e-04
2.670278e-04
2.673759e-04
2.675323e-04
2.675577e-04
2.678441e-04
2.680030e-04
2.681153e-04
2.683064e-04
2.685359e-04
2.687400e-04
2.688591e-04
2.690053e-04
2.690447e-04
2.692140e-04
2.694422e-04
2.694780e-04
2.697680e-04
2.697862e-04
2.698249e-04
2.700665e-04
2.703040e-04
2.705182e-04
2.707411e-04
2.708180e-04
2.711710e-04
2.712547e-04
2.714129e-04
2.715169e-04
2.715827e-04
2.717586e-04
2.719008e-04
2.719310e-04
2.720075e-04
2.722191e-04
2.722865e-04
2.725758e-04
2.726129e-04
2.728247e-04
2.731085e-04
2.731880e-04
2.733693e-04
2.735404e-04
2.738041e-04
2.740583e-04
2.740876e-04
2.742182e-04
2.743618e-04
2.745624e-04
2.746418e-04
2.747221e-04
2.750252e-04
2.752668e-04
2.753786e-04
2.754403e-04
2.755479e-04
2.756116e-04
2.758932e-04
2.761310e-04
2.763141e-04
2.765276e-04
2.765806e-04
2.766697e-04
2.769214e-04
2.770246e-04
2.770744e-04
2.772413e-04
2.775263e-04
2.776275e-04
2.778723e-04
2.779591e-04
2.779922e-04
2.784683e-04
2.785133e-04
2.786017e-04
2.787100e-04
2.788424e-04
2.790269e-04
2.792498e-04
2.793268e-04
2.794684e-04
2.798010e-04
2.799153e-04
2.800815e-04
2.802045e-04
2.802564e-04
2.804707e-04
2.806907e-04
2.809116e-04
2.809567e-04
2.812214e-04
2.812855e-04
2.814839e-04
2.815854e-04
2.817931e-04
2.819532e-04
2.821870e-04
2.823670e-04
2.824566e-04
2.825587e-04
2.827398e-04
2.828494e-04
2.830614e-04
2.831606e-04
2.834707e-04
2.835369e-04
2.836223e-04
2.837218e-04
2.837732e-04
2.840114e-04
2.841866e-04
2.844347e-04
2.846280e-04
2.847456e-04
2.849639e-04
2.850229e-04
2.852788e-04
2.855888e-04
2.856726e-04
2.857403e-04
2.860475e-04
2.862132e-04
2.863467e-04
2.864382e-04
2.866119e-04
2.867365e-04
2.869645e-04
2.870797e-04
2.873084e-04
2.875492e-04
2.875859e-04
2.877394e-04
2.879171e-04
2.881396e-04
2.882271e-04
2.884816e-04
2.886673e-04
2.886935e-04
2.888036e-04
2.889528e-04
2.891440e-04
2.892720e-04
2.893933e-04
2.894846e-04
2.896676e-04
2.899758e-04
2.901019e-04
2.901229e-04
2.903819e-04
2.905276e-04
2.905573e-04
2.906923e-04
2.909001e-04
2.910044e-04
2.913723e-04
2.915346e-04
2.917331e-04
2.918176e-04
2.918783e-04
2.921537e-04
2.922742e-04
2.924567e-04
2.926393e-04
2.926530e-04
2.927114e-04
2.928924e-04
2.932179e-04
2.932744e-04
2.934706e-04
2.937364e-04
2.939027e-04
2.941704e-04
2.943244e-04
2.943556e-04
2.945921e-04
2.947918e-04
2.948314e-04
2.949719e-04
2.950899e-04
2.952902e-04
2.954734e-04
2.956862e-04
2.957077e-04
2.957683e-04
2.961004e-04
2.961227e-04
2.963634e-04
2.964336e-04
2.965966e-04
2.968383e-04
2.969529e-04
2.971183e-04
2.973027e-04
2.978173e-04
2.978717e-04
2.980624e-04
2.982002e-04
2.984035e-04
2.985103e-04
2.986087e-04
2.987825e-04
2.989544e-04
2.990464e-04
2.992868e-04
2.994265e-04
2.997860e-04
2.998688e-04
3.002661e-04
3.003593e-04
3.004280e-04
3.006416e-04
3.008432e-04
3.009270e-04
3.012067e-04
3.013620e-04
3.015848e-04
3.017768e-04
3.018920e-04
3.019832e-04
3.021977e-04
3.023697e-04
3.023848e-04
3.026433e-04
3.027363e-04
3.028982e-04
3.030533e-04
3.032243e-04
3.034339e-04
3.036429e-04
3.038233e-04
3.039140e-04
3.039498e-04
3.041768e-04
3.043509e-04
3.046293e-04
3.048432e-04
3.050082e-04
3.054602e-04
3.055973e-04
3.056822e-04
3.058728e-04
3.060344e-04
3.061237e-04
3.061620e-04
3.066421e-04
3.066618e-04
3.068163e-04
3.068938e-04
3.072258e-04
3.072868e-04
3.074920e-04
3.075291e-04
3.077288e-04
3.080578e-04
3.081860e-04
3.083864e-04
3.085258e-04
3.087481e-04
3.087856e-04
3.089451e-04
3.090758e-04
3.091767e-04
3.095426e-04
3.096608e-04
3.097637e-04
3.099175e-04
3.101749e-04
3.102818e-04
3.105885e-04
3.106526e-04
3.108586e-04
3.108857e-04
3.111852e-04
3.113811e-04
3.114952e-04
3.118222e-04
3.118849e-04
3.120225e-04
3.120298e-04
3.123006e-04
3.124415e-04
3.127008e-04
3.128904e-04
3.130711e-04
3.132705e-04
3.134858e-04
3.136192e-04
3.136669e-04
3.139105e-04
3.140782e-04
3.143154e-04
3.144349e-04
3.146620e-04
3.147045e-04
3.148621e-04
3.149754e-04
3.151388e-04
3.154281e-04
3.155391e-04
3.157653e-04
3.159029e-04
3.160948e-04
3.162166e-04
3.164441e-04
3.166217e-04
3.167620e-04
3.168203e-04
3.170671e-04
3.172126e-04
3.173778e-04
3.174995e-04
3.176861e-04
3.178784e-04
3.180635e-04
3.183388e-04
3.186541e-04
3.187549e-04
3.189286e-04
3.191130e-04
3.193882e-04
3.195671e-04
3.196989e-04
3.198033e-04
3.198916e-04
3.202453e-04
3.203993e-04
3.205089e-04
3.209855e-04
3.210436e-04
3.212403e-04
3.213808e-04
3.215260e-04
3.218775e-04
3.219868e-04
3.220357e-04
3.223604e-04
3.223865e-04
3.225550e-04
3.227873e-04
3.228744e-04
3.229662e-04
3.231820e-04
3.233646e-04
3.235353e-04
3.237949e-04
3.238926e-04
3.241748e-04
3.244275e-04
3.245276e-04
3.248387e-04
3.249059e-04
3.249812e-04
3.252628e-04
3.254952e-04
3.256718e-04
3.258359e-04
3.259572e-04
3.260540e-04
3.263913e-04
3.264810e-04
3.265968e-04
3.268078e-04
3.269831e-04
3.271630e-04
3.274815e-04
3.275868e-04
3.277276e-04
3.280942e-04
3.282032e-04
3.282750e-04
3.283303e-04
3.286329e-04
3.287852e-04
3.289643e-04
3.291175e-04
3.292764e-04
3.293893e-04
3.295570e-04
3.297045e-04
3.299298e-04
3.299486e-04
3.301970e-04
3.304385e-04
3.305044e-04
3.308027e-04
3.309066e-04
3.309294e-04
3.313948e-04
3.314446e-04
3.316340e-04
3.317304e-04
3.319967e-04
3.321132e-04
3.322428e-04
3.324176e-04
3.326195e-04
3.330535e-04
3.332025e-04
3.332288e-04
3.333112e-04
3.333575e-04
3.336741e-04
3.337930e-04
3.341116e-04
3.342524e-04
3.344641e-04
3.347759e-04
3.350075e-04
3.350475e-04
3.352179e-04
3.353143e-04
3.354943e-04
3.356035e-04
3.357359e-04
3.358995e-04
3.361965e-04
3.362434e-04
3.365700e-04
3.368954e-04
3.370726e-04
3.371771e-04
3.372994e-04
3.374265e-04
3.375550e-04
3.377373e-04
3.380008e-04
3.381202e-04
3.383273e-04
3.386113e-04
3.387181e-04
3.389863e-04
3.391008e-04
3.392795e-04
3.394064e-04
3.395525e-04
3.398495e-04
3.399875e-04
3.401738e-04
3.403760e-04
3.406374e-04
3.406957e-04
3.408902e-04
3.411726e-04
3.413175e-04
3.416492e-04
3.417267e-04
3.417937e-04
3.421732e-04
3.422063e-04
3.424257e-04
3.424770e-04
3.426444e-04
3.427688e-04
3.430800e-04
3.432205e-04
3.436640e-04
3.436914e-04
3.438621e-04
3.440692e-04
3.442508e-04
3.445123e-04
3.447895e-04
3.449604e-04
3.450839e-04
3.451995e-04
3.453069e-04
3.455236e-04
3.456623e-04
3.458826e-04
3.461956e-04
3.463364e-04
3.465214e-04
3.466629e-04
3.467282e-04
3.471285e-04
3.472507e-04
3.474202e-04
3.474580e-04
3.476981e-04
3.480560e-04
3.481588e-04
3.483272e-04
3.484986e-04
3.486492e-04
3.488778e-04
3.490736e-04
3.492786e-04
3.493864e-04
3.495189e-04
3.498117e-04
3.499797e-04
3.502499e-04
3.504008e-04
3.505556e-04
3.507065e-04
3.509059e-04
3.512281e-04
3.514300e-04
3.516162e-04
3.519259e-04
3.521020e-04
3.521321e-04
3.523375e-04
3.526102e-04
3.529732e-04
3.530864e-04
3.532177e-04
3.533268e-04
3.533754e-04
3.536618e-04
3.538529e-04
3.539385e-04
3.541307e-04
3.545421e-04
3.548620e-04
3.550717e-04
3.551611e-04
3.552659e-04
3.553844e-04
3.557005e-04
3.558946e-04
3.559819e-04
3.560846e-04
3.563177e-04
3.564717e-04
3.566984e-04
3.568073e-04
3.571356e-04
3.572729e-04
3.574552e-04
3.574632e-04
3.577856e-04
3.581601e-04
3.582532e-04
3.583406e-04
3.586655e-04
3.588007e-04
3.589288e-04
3.591364e-04
3.592541e-04
3.595064e-04
3.597126e-04
3.600067e-04
3.601877e-04
3.602200e-04
3.604942e-04
3.605740e-04
3.610041e-04
3.612047e-04
3.612992e-04
3.614183e-04
3.615376e-04
3.618784e-04
3.620702e-04
3.622531e-04
3.624456e-04
3.626174e-04
3.627514e-04
3.630836e-04
3.632061e-04
3.632774e-04
3.634068e-04
3.637651e-04
3.639283e-04
3.641417e-04
3.643570e-04
3.644671e-04
3.646285e-04
3.647602e-04
3.650471e-04
3.651899e-04
3.654938e-04
3.656862e-04
3.657603e-04
3.660899e-04
3.662868e-04
3.664813e-04
3.668734e-04
3.670070e-04
3.671955e-04
3.672276e-04
3.675363e-04
3.676389e-04
3.678476e-04
3.680668e-04
3.682762e-04
3.684206e-04
3.687970e-04
3.690163e-04
3.691744e-04
3.694224e-04
3.694630e-04
3.696128e-04
3.699452e-04
3.701383e-04
3.702628e-04
3.706041e-04
3.706330e-04
3.709869e-04
3.714117e-04
3.717486e-04
3.718520e-04
3.719464e-04
3.720515e-04
3.721686e-04
3.722105e-04
3.724330e-04
3.725586e-04
3.728506e-04
3.733367e-04
3.736124e-04
3.738576e-04
3.739965e-04
3.740351e-04
3.741909e-04
3.744677e-04
3.745840e-04
3.747902e-04
3.751709e-04
3.753513e-04
3.755719e-04
3.757971e-04
3.760132e-04
3.761133e-04
3.763094e-04
3.763794e-04
3.765807e-04
3.768494e-04
3.769471e-04
3.771316e-04
3.774166e-04
3.775347e-04
3.777364e-04
3.780353e-04
3.782483e-04
3.785878e-04
3.785996e-04
3.787756e-04
3.790832e-04
3.791518e-04
3.794505e-04
3.796791e-04
3.798382e-04
3.798720e-04
3.802701e-04
3.806842e-04
3.807729e-04
3.808307e-04
3.810288e-04
3.813856e-04
3.814949e-04
3.816925e-04
3.817685e-04
3.821680e-04
3.822772e-04
3.825208e-04
3.827130e-04
3.829843e-04
3.831422e-04
3.832530e-04
3.835507e-04
3.838003e-04
3.839421e-04
3.840717e-04
3.841748e-04
3.843156e-04
3.847318e-04
3.850972e-04
3.852497e-04
3.856061e-04
3.857217e-04
3.859139e-04
3.860769e-04
3.861214e-04
3.864293e-04
3.867711e-04
3.870287e-04
3.871793e-04
3.873654e-04
3.875032e-04
3.877937e-04
3.880240e-04
3.881989e-04
3.884071e-04
3.887126e-04
3.889564e-04
3.890921e-04
3.893204e-04
3.894673e-04
3.895280e-04
3.896551e-04
3.898998e-04
3.901304e-04
3.903744e-04
3.904647e-04
3.907139e-04
3.909183e-04
3.910257e-04
3.912479e-04
3.914743e-04
3.916436e-04
3.918883e-04
3.920576e-04
3.923395e-04
3.925119e-04
3.925903e-04
3.929296e-04
3.932126e-04
3.932488e-04
3.936530e-04
3.937950e-04
3.939508e-04
3.941620e-04
3.944826e-04
3.946068e-04
3.947632e-04
3.950411e-04
3.953124e-04
3.953599e-04
3.957320e-04
3.958944e-04
3.961732e-04
3.962709e-04
3.963294e-04
3.965235e-04
3.970934e-04
3.972183e-04
3.973246e-04
3.976076e-04
3.977339e-04
3.977710e-04
3.980043e-04
3.981106e-04
3.985435e-04
3.987127e-04
3.988278e-04
3.990772e-04
3.993972e-04
3.994311e-04
3.996974e-04
4.001119e-04
4.002132e-04
4.003121e-04
4.004330e-04
4.006395e-04
4.008505e-04
4.011175e-04
4.014754e-04
4.016884e-04
4.017893e-04
4.019973e-04
4.023409e-04
4.025893e-04
4.027841e-04
4.029089e-04
4.030137e-04
4.031032e-04
4.033537e-04
4.034720e-04
4.039441e-04
4.040518e-04
4.041833e-04
4.044257e-04
4.046260e-04
4.046929e-04
4.050632e-04
4.051122e-04
4.055103e-04
4.055819e-04
4.057896e-04
4.060222e-04
4.061167e-04
4.063209e-04
4.064855e-04
4.068788e-04
4.069382e-04
4.071608e-04
4.073666e-04
4.076988e-04
4.079168e-04
4.080335e-04
4.082571e-04
4.084967e-04
4.086952e-04
4.088260e-04
4.089497e-04
4.093036e-04
4.094139e-04
4.094785e-04
4.096956e-04
4.099684e-04
4.103000e-04
4.103688e-04
4.105687e-04
4.108662e-04
4.110351e-04
4.113030e-04
4.114008e-04
4.114162e-04
4.119333e-04
4.121276e-04
4.122141e-04
4.125105e-04
4.126701e-04
4.128893e-04
4.130248e-04
4.131966e-04
4.133903e-04
4.137751e-04
4.141105e-04
4.142647e-04
4.143158e-04
4.147091e-04
4.148581e-04
4.151421e-04
4.153432e-04
4.155822e-04
4.156766e-04
4.159121e-04
4.161370e-04
4.161920e-04
4.162791e-04
4.165603e-04
4.167142e-04
4.169222e-04
4.173246e-04
4.175767e-04
4.177847e-04
4.178974e-04
4.181503e-04
4.185189e-04
4.187129e-04
4.189443e-04
4.191113e-04
4.192593e-04
4.194414e-04
4.195142e-04
4.198417e-04
4.200575e-04
4.203649e-04
4.205291e-04
4.207208e-04
4.210306e-04
4.211120e-04
4.212525e-04
4.215845e-04
4.217575e-04
4.219077e-04
4.221965e-04
4.223756e-04
4.226887e-04
4.228962e-04
4.232631e-04
4.232946e-04
4.235365e-04
4.237690e-04
4.240141e-04
4.241724e-04
4.245912e-04
4.246150e-04
4.248482e-04
4.248889e-04
4.252948e-04
4.254490e-04
4.256779e-04
4.258404e-04
4.261288e-04
4.262739e-04
4.266992e-04
4.267932e-04
4.268569e-04
4.271629e-04
4.275276e-04
4.277476e-04
4.279181e-04
4.280234e-04
4.281762e-04
4.287429e-04
4.288655e-04
4.290263e-04
4.290909e-04
4.294894e-04
4.298085e-04
4.299787e-04
4.301870e-04
4.302988e-04
4.306329e-04
4.309069e-04
4.310126e-04
4.312887e-04
4.313845e-04
4.315383e-04
4.317815e-04
4.321829e-04
4.325402e-04
4.326123e-04
4.327633e-04
4.330744e-04
4.334063e-04
4.334256e-04
4.338527e-04
4.339436e-04
4.340668e-04
4.342496e-04
4.345045e-04
4.348900e-04
4.350808e-04
4.351834e-04
4.353036e-04
4.356661e-04
4.358783e-04
4.360472e-04
4.361725e-04
4.364282e-04
4.368400e-04
4.372821e-04
4.375498e-04
4.376013e-04
4.376307e-04
4.377755e-04
4.380122e-04
4.382959e-04
4.385007e-04
4.386101e-04
4.387757e-04
4.390661e-04
4.392693e-04
4.395238e-04
4.399069e-04
4.402713e-04
4.404340e-04
4.405897e-04
4.410883e-04
4.412933e-04
4.414539e-04
4.416879e-04
4.418097e-04
4.420324e-04
4.422805e-04
4.424598e-04
4.425448e-04
4.427315e-04
4.431129e-04
4.432448e-04
4.434380e-04
4.435845e-04
4.437551e-04
4.440536e-04
4.443636e-04
4.445669e-04
4.447822e-04
4.450185e-04
4.453460e-04
4.455902e-04
4.457597e-04
4.459546e-04
4.460296e-04
4.465241e-04
4.466170e-04
4.468197e-04
4.468531e-04
4.473238e-04
4.475207e-04
4.476831e-04
4.479558e-04
4.482377e-04
4.485319e-04
4.487275e-04
4.490075e-04
4.491084e-04
4.492096e-04
4.492807e-04
4.496881e-04
4.499115e-04
4.500078e-04
4.501574e-04
4.505724e-04
4.507283e-04
4.508309e-04
4.511342e-04
4.513704e-04
4.514691e-04
4.518413e-04
4.520824e-04
4.523477e-04
4.525046e-04
4.526511e-04
4.529152e-04
4.530118e-04
4.532639e-04
4.535966e-04
4.536078e-04
4.540526e-04
4.542458e-04
4.545783e-04
4.548597e-04
4.549869e-04
4.551231e-04
4.554923e-04
4.557728e-04
4.558790e-04
4.559721e-04
4.564543e-04
4.567579e-04
4.570256e-04
4.574428e-04
4.574504e-04
4.576587e-04
4.578120e-04
4.578412e-04
4.579712e-04
4.582260e-04
4.586365e-04
4.589268e-04
4.593739e-04
4.594716e-04
4.596727e-04
4.599027e-04
4.602417e-04
4.603372e-04
4.608083e-04
4.609317e-04
4.612837e-04
4.614138e-04
4.614841e-04
4.618931e-04
4.620489e-04
4.621572e-04
4.623553e-04
4.627115e-04
4.629039e-04
4.633116e-04
4.634714e-04
4.636997e-04
4.638642e-04
4.639492e-04
4.643382e-04
4.646102e-04
4.647704e-04
4.649362e-04
4.651973e-04
4.654670e-04
4.657084e-04
4.657597e-04
4.661043e-04
4.665578e-04
4.667633e-04
4.668927e-04
4.670685e-04
4.671852e-04
4.674189e-04
4.678173e-04
4.680204e-04
4.684005e-04
4.685962e-04
4.686746e-04
4.689507e-04
4.690670e-04
4.693574e-04
4.695194e-04
4.696878e-04
4.700136e-04
4.701824e-04
4.702987e-04
4.704983e-04
4.707175e-04
4.708311e-04
4.712149e-04
4.715774e-04
4.720331e-04
4.724823e-04
4.725630e-04
4.728689e-04
4.730033e-04
4.731991e-04
4.735504e-04
4.737220e-04
4.739407e-04
4.740719e-04
4.741473e-04
4.746175e-04
4.748113e-04
4.748619e-04
4.753624e-04
4.754348e-04
4.755745e-04
4.756610e-04
4.759161e-04
4.760406e-04
4.764805e-04
4.765561e-04
4.770127e-04
4.771275e-04
4.773989e-04
4.777472e-04
4.778389e-04
4.783422e-04
4.784374e-04
4.784639e-04
4.786833e-04
4.789662e-04
4.793256e-04
4.795069e-04
4.795809e-04
4.800524e-04
4.803276e-04
4.803895e-04
4.806066e-04
4.807033e-04
4.808851e-04
4.811003e-04
4.814915e-04
4.817765e-04
4.820065e-04
4.821169e-04
4.825200e-04
4.825992e-04
4.828570e-04
4.830443e-04
4.831364e-04
4.836731e-04
4.839116e-04
4.842419e-04
4.842733e-04
4.845147e-04
4.847222e-04
4.849096e-04
4.850767e-04
4.853295e-04
4.856481e-04
4.857533e-04
4.862439e-04
4.864160e-04
4.866047e-04
4.868854e-04
4.869580e-04
4.873992e-04
4.876100e-04
4.881337e-04
4.882982e-04
4.884083e-04
4.884701e-04
4.887472e-04
4.889628e-04
4.890686e-04
4.892592e-04
4.898866e-04
4.901450e-04
4.902800e-04
4.904292e-04
4.907581e-04
4.908400e-04
4.909624e-04
4.914313e-04
4.916501e-04
4.919664e-04
4.920381e-04
4.923036e-04
4.924348e-04
4.927510e-04
4.930791e-04
4.932866e-04
4.934594e-04
4.935823e-04
4.940237e-04
4.942173e-04
4.944487e-04
4.947041e-04
4.949535e-04
4.952075e-04
4.953210e-04
4.956047e-04
4.958677e-04
4.960003e-04
4.963035e-04
4.965261e-04
4.968028e-04
4.969816e-04
4.971971e-04
4.973963e-04
4.977698e-04
4.978517e-04
4.979222e-04
4.984348e-04
4.987743e-04
4.989550e-04
4.992880e-04
4.997705e-04
4.999076e-04
4.999798e-04
5.001609e-04
5.005377e-04
5.007472e-04
5.008968e-04
5.010250e-04
5.011540e-04
5.013790e-04
5.018787e-04
5.019140e-04
5.021559e-04
5.022282e-04
5.028295e-04
5.031440e-04
5.034857e-04
5.036869e-04
5.037508e-04
5.040302e-04
5.040982e-04
5.044879e-04
5.047533e-04
5.049489e-04
5.050973e-04
5.054715e-04
5.056715e-04
5.061220e-04
5.062165e-04
5.064367e-04
5.065167e-04
5.070577e-04
5.072162e-04
5.076371e-04
5.078469e-04
5.079694e-04
5.080394e-04
5.083233e-04
5.086327e-04
5.088334e-04
5.090033e-04
5.091971e-04
5.093192e-04
5.095625e-04
5.098033e-04
5.100721e-04
5.102402e-04
5.107930e-04
5.109801e-04
5.114947e-04
5.116552e-04
5.119645e-04
5.119734e-04
5.123302e-04
5.124222e-04
5.125551e-04
5.129913e-04
5.131922e-04
5.135573e-04
5.137238e-04
5.139505e-04
5.143027e-04
5.144970e-04
5.148053e-04
5.149902e-04
5.153727e-04
5.154838e-04
5.155658e-04
5.160521e-04
5.161967e-04
5.164564e-04
5.168466e-04
5.172556e-04
5.174722e-04
5.176943e-04
5.178560e-04
5.183031e-04
5.183905e-04
5.186253e-04
5.187036e-04
5.191052e-04
5.193465e-04
5.194116e-04
5.198680e-04
5.202707e-04
5.204779e-04
5.207911e-04
5.209281e-04
5.212574e-04
5.215208e-04
5.217761e-04
5.218342e-04
5.220277e-04
5.223714e-04
5.225152e-04
5.227942e-04
5.228605e-04
5.230463e-04
5.230664e-04
5.236761e-04
5.239327e-04
5.242117e-04
5.243937e-04
5.249111e-04
5.250878e-04
5.253516e-04
5.257668e-04
5.259881e-04
5.260128e-04
5.262197e-04
5.263989e-04
5.265440e-04
5.270351e-04
5.273750e-04
5.276425e-04
5.279215e-04
5.283824e-04
5.284422e-04
5.285575e-04
5.287793e-04
5.292097e-04
5.293782e-04
5.295807e-04
5.300004e-04
5.301639e-04
5.309112e-04
5.309637e-04
5.312293e-04
5.314390e-04
5.315573e-04
5.316286e-04
5.319386e-04
5.322902e-04
5.324752e-04
5.326866e-04
5.328282e-04
5.328548e-04
5.331559e-04
5.334291e-04
5.338874e-04
5.342210e-04
5.345271e-04
5.347780e-04
5.350596e-04
5.351747e-04
5.357045e-04
5.358230e-04
5.361090e-04
5.365152e-04
5.366005e-04
5.368076e-04
5.371556e-04
5.375015e-04
5.380488e-04
5.384429e-04
5.389519e-04
5.391060e-04
5.392838e-04
5.393329e-04
5.397579e-04
5.399973e-04
5.401849e-04
5.402675e-04
5.404831e-04
5.405969e-04
5.412082e-04
5.412517e-04
5.419994e-04
5.420791e-04
5.422713e-04
5.427231e-04
5.428563e-04
5.429137e-04
5.434016e-04
5.435011e-04
5.436740e-04
5.441522e-04
5.441852e-04
5.444339e-04
5.448532e-04
5.450735e-04
5.451712e-04
5.452935e-04
5.454289e-04
5.457609e-04
5.462243e-04
5.463900e-04
5.467420e-04
5.470783e-04
5.473958e-04
5.476101e-04
5.479342e-04
5.483135e-04
5.484532e-04
5.488630e-04
5.491805e-04
5.493476e-04
5.494742e-04
5.497246e-04
5.499596e-04
5.503860e-04
5.504448e-04
5.506535e-04
5.509560e-04
5.513281e-04
5.513995e-04
5.517750e-04
5.526200e-04
5.527786e-04
5.530790e-04
5.531036e-04
5.534366e-04
5.537068e-04
5.539877e-04
5.541386e-04
5.541989e-04
5.544363e-04
5.549158e-04
5.552309e-04
5.555031e-04
5.556303e-04
5.560587e-04
5.565721e-04
5.566473e-04
5.568839e-04
5.569733e-04
5.572998e-04
5.578258e-04
5.581327e-04
5.584001e-04
5.585728e-04
5.586634e-04
5.592534e-04
5.595550e-04
5.596158e-04
5.600069e-04
5.601494e-04
5.603031e-04
5.608523e-04
5.612858e-04
5.616173e-04
5.617600e-04
5.621173e-04
5.624634e-04
5.626142e-04
5.627889e-04
5.632933e-04
5.635017e-04
5.635293e-04
5.640282e-04
5.642901e-04
5.643182e-04
5.647548e-04
5.650121e-04
5.651562e-04
5.657237e-04
5.659525e-04
5.662801e-04
5.665355e-04
5.667353e-04
5.670846e-04
5.673269e-04
5.676365e-04
5.678945e-04
5.679741e-04
5.683445e-04
5.685405e-04
5.689520e-04
5.695409e-04
5.697255e-04
5.698726e-04
5.699388e-04
5.705013e-04
5.705650e-04
5.706561e-04
5.710771e-04
5.716175e-04
5.717043e-04
5.721154e-04
5.723255e-04
5.725750e-04
5.725913e-04
5.733300e-04
5.736027e-04
5.739782e-04
5.741489e-04
5.743351e-04
5.745021e-04
5.747817e-04
5.749222e-04
5.754201e-04
5.755933e-04
5.760857e-04
5.764713e-04
5.766108e-04
5.769370e-04
5.770818e-04
5.774590e-04
5.775353e-04
5.781665e-04
5.783831e-04
5.785981e-04
5.786569e-04
5.788775e-04
5.792902e-04
5.795634e-04
5.798599e-04
5.801469e-04
5.804571e-04
5.806927e-04
5.809587e-04
5.810943e-04
5.815038e-04
5.818605e-04
5.824224e-04
5.825086e-04
5.829969e-04
5.832738e-04
5.833591e-04
5.837102e-04
5.838860e-04
5.842471e-04
5.845430e-04
5.846839e-04
5.850506e-04
5.853187e-04
5.854420e-04
5.858020e-04
5.862449e-04
5.863960e-04
5.865313e-04
5.868484e-04
5.875435e-04
5.875843e-04
5.877526e-04
5.882694e-04
5.883808e-04
5.886767e-04
5.888410e-04
5.891256e-04
5.894908e-04
5.896326e-04
5.898157e-04
5.901684e-04
5.902540e-04
5.906921e-04
5.910390e-04
5.914129e-04
5.918114e-04
5.923658e-04
5.927822e-04
5.930828e-04
5.933827e-04
5.935517e-04
5.938496e-04
5.940589e-04
5.942869e-04
5.943949e-04
5.947769e-04
5.950370e-04
5.954049e-04
5.956564e-04
5.958881e-04
5.960545e-04
5.963712e-04
5.965712e-04
5.968415e-04
5.973957e-04
5.975601e-04
5.977456e-04
5.983419e-04
5.984723e-04
5.991870e-04
5.993339e-04
5.996686e-04
5.998226e-04
6.003861e-04
6.004696e-04
6.005462e-04
6.009821e-04
6.011946e-04
6.015116e-04
6.016994e-04
6.021000e-04
6.022066e-04
6.027732e-04
6.028183e-04
6.030136e-04
6.035713e-04
6.037290e-04
6.043489e-04
6.045310e-04
6.045961e-04
6.049058e-04
6.051487e-04
6.055147e-04
6.056504e-04
6.059258e-04
6.064581e-04
6.068160e-04
6.070326e-04
6.071503e-04
6.073191e-04
6.077365e-04
6.081043e-04
6.084822e-04
6.088216e-04
6.089739e-04
6.093322e-04
6.098569e-04
6.101898e-04
6.107753e-04
6.110142e-04
6.110328e-04
6.111067e-04
6.115786e-04
6.117262e-04
6.120667e-04
6.124264e-04
6.126093e-04
6.127813e-04
6.131301e-04
6.133867e-04
6.137603e-04
6.143904e-04
6.145801e-04
6.147441e-04
6.152116e-04
6.154213e-04
6.156161e-04
6.158741e-04
6.160901e-04
6.166354e-04
6.168031e-04
6.171398e-04
6.174373e-04
6.178665e-04
6.180005e-04
6.184081e-04
6.186784e-04
6.190172e-04
6.192285e-04
6.195736e-04
6.198853e-04
6.202009e-04
6.205592e-04
6.207441e-04
6.210058e-04
6.216297e-04
6.219431e-04
6.221749e-04
6.223118e-04
6.227419e-04
6.229068e-04
6.231872e-04
6.236611e-04
6.239151e-04
6.241283e-04
6.245740e-04
6.248474e-04
6.252248e-04
6.254398e-04
6.259451e-04
6.262047e-04
6.264641e-04
6.268959e-04
6.269731e-04
6.272309e-04
6.272778e-04
6.278078e-04
6.283083e-04
6.284354e-04
6.288985e-04
6.294508e-04
6.297247e-04
6.300016e-04
6.302533e-04
6.304244e-04
6.309336e-04
6.310533e-04
6.315491e-04
6.316262e-04
6.318295e-04
6.321397e-04
6.326503e-04
6.328847e-04
6.332438e-04
6.334369e-04
6.337089e-04
6.339460e-04
6.342451e-04
6.350052e-04
6.352802e-04
6.354197e-04
6.355900e-04
6.358418e-04
6.362193e-04
6.367062e-04
6.369891e-04
6.371432e-04
6.373924e-04
6.377518e-04
6.382174e-04
6.385959e-04
6.387270e-04
6.390693e-04
6.391941e-04
6.397055e-04
6.400957e-04
6.403679e-04
6.404249e-04
6.408582e-04
6.413064e-04
6.415114e-04
6.416386e-04
6.419627e-04
6.425872e-04
6.427978e-04
6.431039e-04
6.431434e-04
6.435297e-04
6.436573e-04
6.443396e-04
6.445386e-04
6.447248e-04
6.448534e-04
6.454117e-04
6.454606e-04
6.459620e-04
6.461054e-04
6.463174e-04
6.464322e-04
6.468126e-04
6.473588e-04
6.475498e-04
6.475906e-04
6.481294e-04
6.484210e-04
6.485699e-04
6.490746e-04
6.492584e-04
6.498025e-04
6.501178e-04
6.504424e-04
6.505596e-04
6.509303e-04
6.509969e-04
6.512473e-04
6.514983e-04
6.519031e-04
6.521021e-04
6.525361e-04
6.527539e-04
6.530505e-04
6.532930e-04
6.538836e-04
6.541665e-04
6.545690e-04
6.546735e-04
6.550070e-04
6.554287e-04
6.557979e-04
6.559726e-04
6.564473e-04
6.567472e-04
6.568147e-04
6.572378e-04
6.574920e-04
6.576849e-04
6.585288e-04
6.586697e-04
6.588166e-04
6.595678e-04
6.597787e-04
6.598592e-04
6.602004e-04
6.604726e-04
6.610060e-04
6.612214e-04
6.612402e-04
6.619120e-04
6.620286e-04
6.624687e-04
6.626294e-04
6.628594e-04
6.633478e-04
6.637772e-04
6.639264e-04
6.642333e-04
6.644244e-04
6.650009e-04
6.651633e-04
6.655898e-04
6.657640e-04
6.663984e-04
6.664054e-04
6.667586e-04
6.671108e-04
6.673055e-04
6.678236e-04
6.680184e-04
6.686486e-04
6.687821e-04
6.692305e-04
6.694314e-04
6.696157e-04
6.699188e-04
6.703036e-04
6.708787e-04
6.711675e-04
6.713480e-04
6.718869e-04
6.720150e-04
6.724857e-04
6.725695e-04
6.729582e-04
6.736356e-04
6.738967e-04
6.742659e-04
6.745735e-04
6.750225e-04
6.754472e-04
6.756456e-04
6.763153e-04
6.763578e-04
6.764282e-04
6.767267e-04
6.770322e-04
6.776118e-04
6.779408e-04
6.783514e-04
6.787138e-04
6.788875e-04
6.792389e-04
6.794292e-04
6.802485e-04
6.803707e-04
6.807851e-04
6.813852e-04
6.816596e-04
6.817930e-04
6.821370e-04
6.822508e-04
6.824965e-04
6.828479e-04
6.832627e-04
6.837770e-04
6.841460e-04
6.843425e-04
6.844686e-04
6.847754e-04
6.851024e-04
6.855268e-04
6.860681e-04
6.862445e-04
6.864092e-04
6.869951e-04
6.872310e-04
6.873492e-04
6.878552e-04
6.880486e-04
6.882530e-04
6.884906e-04
6.890190e-04
6.896339e-04
6.897524e-04
6.901088e-04
6.902171e-04
6.904683e-04
6.909060e-04
6.913217e-04
6.916651e-04
6.917696e-04
6.922960e-04
6.927708e-04
6.927772e-04
6.931850e-04
6.936696e-04
6.939224e-04
6.943808e-04
6.945979e-04
6.947445e-04
6.950650e-04
6.952857e-04
6.961194e-04
6.961607e-04
6.965014e-04
6.968637e-04
6.971755e-04
6.974486e-04
6.978822e-04
6.981958e-04
6.984896e-04
6.990004e-04
6.991148e-04
6.993859e-04
6.998260e-04
7.002046e-04
7.007280e-04
7.009660e-04
7.011055e-04
7.017040e-04
7.020307e-04
7.021854e-04
7.025405e-04
7.029326e-04
7.029562e-04
7.034990e-04
7.040590e-04
7.043566e-04
7.046042e-04
7.051139e-04
7.055041e-04
7.055866e-04
7.058862e-04
7.063379e-04
7.068110e-04
7.070312e-04
7.073538e-04
7.077980e-04
7.079246e-04
7.082059e-04
7.086683e-04
7.092482e-04
7.097193e-04
7.097666e-04
7.100304e-04
7.106810e-04
7.107968e-04
7.112601e-04
7.116417e-04
7.117417e-04
7.120011e-04
7.123129e-04
7.128303e-04
7.135202e-04
7.138716e-04
7.141439e-04
7.143172e-04
7.148709e-04
7.150446e-04
7.154203e-04
7.159487e-04
7.162383e-04
7.164667e-04
7.166136e-04
7.171979e-04
7.173245e-04
7.180909e-04
7.181130e-04
7.184055e-04
7.186185e-04
7.190568e-04
7.192745e-04
7.194373e-04
7.204918e-04
7.207469e-04
7.211298e-04
7.212169e-04
7.215054e-04
7.220428e-04
7.226857e-04
7.228874e-04
7.233393e-04
7.235056e-04
7.238581e-04
7.242212e-04
7.244317e-04
7.248797e-04
7.253119e-04
7.254693e-04
7.260492e-04
7.265024e-04
7.267053e-04
7.271888e-04
7.276572e-04
7.280892e-04
7.285104e-04
7.286287e-04
7.292389e-04
7.292614e-04
7.295594e-04
7.298045e-04
7.302761e-04
7.306756e-04
7.308816e-04
7.312480e-04
7.314185e-04
7.318763e-04
7.321568e-04
7.325592e-04
7.327718e-04
7.333482e-04
7.336173e-04
7.340323e-04
7.342648e-04
7.346903e-04
7.352982e-04
7.354890e-04
7.356040e-04
7.358913e-04
7.363423e-04
7.369447e-04
7.371559e-04
7.373504e-04
7.378480e-04
7.379861e-04
7.387275e-04
7.390358e-04
7.391698e-04
7.394215e-04
7.399403e-04
7.408660e-04
7.410762e-04
7.413583e-04
7.414709e-04
7.421119e-04
7.424254e-04
7.428326e-04
7.431063e-04
7.435560e-04
7.436969e-04
7.442580e-04
7.447045e-04
7.450253e-04
7.455513e-04
7.457006e-04
7.457555e-04
7.463537e-04
7.466513e-04
7.470221e-04
7.473799e-04
7.479075e-04
7.480824e-04
7.484735e-04
7.486052e-04
7.493379e-04
7.495370e-04
7.500389e-04
7.505700e-04
7.509826e-04
7.514974e-04
7.516341e-04
7.521962e-04
7.523382e-04
7.530630e-04
7.534066e-04
7.538327e-04
7.540787e-04
7.544418e-04
7.549730e-04
7.551311e-04
7.555630e-04
7.558844e-04
7.561739e-04
7.564839e-04
7.566623e-04
7.573905e-04
7.576265e-04
7.581563e-04
7.583389e-04
7.587836e-04
7.589548e-04
7.595523e-04
7.600057e-04
7.600811e-04
7.607776e-04
7.608917e-04
7.611109e-04
7.618664e-04
7.620846e-04
7.621941e-04
7.625030e-04
7.631945e-04
7.633473e-04
7.635106e-04
7.641509e-04
7.644116e-04
7.650781e-04
7.654185e-04
7.659891e-04
7.662613e-04
7.662895e-04
7.666907e-04
7.672369e-04
7.673886e-04
7.676267e-04
7.682677e-04
7.687049e-04
7.693428e-04
7.696000e-04
7.698477e-04
7.700778e-04
7.707958e-04
7.710747e-04
7.712894e-04
7.718408e-04
7.721446e-04
7.727618e-04
7.733983e-04
7.736133e-04
7.738914e-04
7.745212e-04
7.748988e-04
7.755801e-04
7.756479e-04
7.758342e-04
7.765887e-04
7.767174e-04
7.770898e-04
7.777261e-04
7.780841e-04
7.786891e-04
7.788759e-04
7.796035e-04
7.799348e-04
7.800666e-04
7.806660e-04
7.810872e-04
7.814262e-04
7.818051e-04
7.822232e-04
7.825006e-04
7.829121e-04
7.829561e-04
7.838974e-04
7.840232e-04
7.845510e-04
7.849454e-04
7.851610e-04
7.852610e-04
7.859403e-04
7.865921e-04
7.869707e-04
7.872835e-04
7.874163e-04
7.877950e-04
7.884726e-04
7.888123e-04
7.892818e-04
7.898288e-04
7.899095e-04
7.905889e-04
7.906129e-04
7.912627e-04
7.915539e-04
7.922023e-04
7.928798e-04
7.931161e-04
7.933931e-04
7.936475e-04
7.943036e-04
7.945470e-04
7.949630e-04
7.952741e-04
7.953960e-04
7.955873e-04
7.961297e-04
7.967955e-04
7.970626e-04
7.976274e-04
7.978971e-04
7.979216e-04
7.987568e-04
7.991679e-04
7.994564e-04
7.999008e-04
8.000565e-04
8.004436e-04
8.010266e-04
8.011969e-04
8.017862e-04
8.018203e-04
8.022204e-04
8.025629e-04
8.032463e-04
8.036698e-04
8.039351e-04
8.044005e-04
8.045052e-04
8.049423e-04
8.053321e-04
8.057554e-04
8.060805e-04
8.066581e-04
8.074078e-04
8.077075e-04
8.079397e-04
8.083350e-04
8.088068e-04
8.090117e-04
8.094506e-04
8.099780e-04
8.104067e-04
8.108456e-04
8.113493e-04
8.119094e-04
8.120239e-04
8.125614e-04
8.129037e-04
8.133349e-04
8.138543e-04
8.140983e-04
8.144539e-04
8.148266e-04
8.151045e-04
8.156480e-04
8.160330e-04
8.162390e-04
8.166224e-04
8.167268e-04
8.170543e-04
8.176194e-04
8.180177e-04
8.186353e-04
8.191004e-04
8.195662e-04
8.199680e-04
8.202386e-04
8.206338e-04
8.210592e-04
8.215278e-04
8.219440e-04
8.222517e-04
8.229247e-04
8.231935e-04
8.236208e-04
8.241629e-04
8.247613e-04
8.251798e-04
8.253776e-04
8.257721e-04
8.260838e-04
8.264108e-04
8.268590e-04
8.271861e-04
8.276448e-04
8.278678e-04
8.284913e-04
8.288093e-04
8.293570e-04
8.296858e-04
8.298285e-04
8.303239e-04
8.304740e-04
8.312617e-04
8.317629e-04
8.319751e-04
8.324866e-04
8.327834e-04
8.338893e-04
8.339933e-04
8.343248e-04
8.344382e-04
8.351896e-04
8.353559e-04
8.358261e-04
8.361560e-04
8.364817e-04
8.372401e-04
8.379964e-04
8.388977e-04
8.390491e-04
8.394780e-04
8.399477e-04
8.403792e-04
8.404834e-04
8.412825e-04
8.415596e-04
8.418063e-04
8.425065e-04
8.427134e-04
8.429414e-04
8.434535e-04
8.440534e-04
8.444920e-04
8.448952e-04
8.455702e-04
8.460013e-04
8.461968e-04
8.465480e-04
8.473223e-04
8.476163e-04
8.480433e-04
8.483051e-04
8.488852e-04
8.491574e-04
8.496789e-04
8.502603e-04
8.506740e-04
8.508154e-04
8.514346e-04
8.522048e-04
8.525813e-04
8.529473e-04
8.531001e-04
8.534769e-04
8.538313e-04
8.540481e-04
8.544423e-04
8.555860e-04
8.563479e-04
8.566978e-04
8.571846e-04
8.577456e-04
8.582263e-04
8.584544e-04
8.594749e-04
8.596137e-04
8.600642e-04
8.604764e-04
8.608749e-04
8.613172e-04
8.613294e-04
8.618726e-04
8.621905e-04
8.627572e-04
8.627672e-04
8.635054e-04
8.640786e-04
8.644113e-04
8.651005e-04
8.651553e-04
8.660825e-04
8.662991e-04
8.668461e-04
8.672041e-04
8.677525e-04
8.680441e-04
8.688950e-04
8.691602e-04
8.697672e-04
8.700799e-04
8.702219e-04
8.705115e-04
8.712967e-04
8.718167e-04
8.725529e-04
8.725908e-04
8.729193e-04
8.733814e-04
8.742964e-04
8.745659e-04
8.753276e-04
8.754264e-04
8.762176e-04
8.765351e-04
8.769795e-04
8.774661e-04
8.777399e-04
8.781629e-04
8.786991e-04
8.794197e-04
8.798875e-04
8.802405e-04
8.808654e-04
8.811938e-04
8.815857e-04
8.817208e-04
8.822717e-04
8.828446e-04
8.833283e-04
8.837526e-04
8.839867e-04
8.846153e-04
8.850800e-04
8.854439e-04
8.855958e-04
8.860279e-04
8.862996e-04
8.869432e-04
8.873912e-04
8.876037e-04
8.883346e-04
8.883715e-04
8.886909e-04
8.890234e-04
8.893729e-04
8.901242e-04
8.905050e-04
8.910938e-04
8.914315e-04
8.917311e-04
8.921427e-04
8.922643e-04
8.927798e-04
8.933768e-04
8.938994e-04
8.944641e-04
8.949338e-04
8.953159e-04
8.961031e-04
8.961461e-04
8.965482e-04
8.971022e-04
8.972323e-04
8.978319e-04
8.981823e-04
8.984533e-04
8.988532e-04
8.992732e-04
8.997269e-04
9.001534e-04
9.006125e-04
9.012562e-04
9.015917e-04
9.017643e-04
9.023900e-04
9.029541e-04
9.032809e-04
9.036958e-04
9.043519e-04
9.045897e-04
9.048360e-04
9.054788e-04
9.062882e-04
9.064024e-04
9.066400e-04
9.070453e-04
9.077721e-04
9.081576e-04
9.083685e-04
9.088245e-04
9.096046e-04
9.097776e-04
9.104010e-04
9.107721e-04
9.111610e-04
9.115835e-04
9.120909e-04
9.125960e-04
9.129435e-04
9.131819e-04
9.137764e-04
9.143663e-04
9.148241e-04
9.152698e-04
9.158327e-04
9.162081e-04
9.164696e-04
9.167975e-04
9.173671e-04
9.177271e-04
9.182465e-04
9.184925e-04
9.191165e-04
9.194759e-04
9.202931e-04
9.204518e-04
9.206860e-04
9.212307e-04
9.216753e-04
9.220992e-04
9.227207e-04
9.233347e-04
9.235934e-04
9.242074e-04
9.245711e-04
9.249658e-04
9.254237e-04
9.255798e-04
9.264742e-04
9.267682e-04
9.273867e-04
9.279614e-04
9.281483e-04
9.284320e-04
9.289147e-04
9.293002e-04
9.299760e-04
9.304234e-04
9.306749e-04
9.311524e-04
9.317170e-04
9.325235e-04
9.327410e-04
9.332878e-04
9.333889e-04
9.337955e-04
9.340112e-04
9.346169e-04
9.348252e-04
9.355087e-04
9.358563e-04
9.363528e-04
9.368552e-04
9.374128e-04
9.377604e-04
9.383520e-04
9.386948e-04
9.393888e-04
9.394913e-04
9.401358e-04
9.407867e-04
9.416655e-04
9.418602e-04
9.421829e-04
9.426355e-04
9.431198e-04
9.434802e-04
9.444396e-04
9.452175e-04
9.454748e-04
9.456298e-04
9.458689e-04
9.462852e-04
9.466358e-04
9.469320e-04
9.475279e-04
9.484052e-04
9.484883e-04
9.494751e-04
9.497207e-04
9.501749e-04
9.503075e-04
9.509339e-04
9.515765e-04
9.517925e-04
9.525156e-04
9.527989e-04
9.538227e-04
9.539915e-04
9.544311e-04
9.546115e-04
9.546975e-04
9.556294e-04
9.557499e-04
9.563457e-04
9.567939e-04
9.579920e-04
9.580926e-04
9.592874e-04
9.599165e-04
9.602627e-04
9.604924e-04
9.606975e-04
9.612306e-04
9.615405e-04
9.618639e-04
9.622475e-04
9.626319e-04
9.628138e-04
9.631475e-04
9.638787e-04
9.647860e-04
9.652863e-04
9.657962e-04
9.668542e-04
9.669934e-04
9.674595e-04
9.675935e-04
9.678874e-04
9.689413e-04
9.694260e-04
9.701645e-04
9.702714e-04
9.704133e-04
9.713517e-04
9.715136e-04
9.718457e-04
9.725655e-04
9.731107e-04
9.732183e-04
9.737272e-04
9.748484e-04
9.748862e-04
9.752822e-04
9.757657e-04
9.762576e-04
9.770907e-04
9.774659e-04
9.778329e-04
9.781285e-04
9.785577e-04
9.788912e-04
9.792688e-04
9.798846e-04
9.802512e-04
9.805266e-04
9.811942e-04
9.812895e-04
9.816776e-04
9.823971e-04
9.828347e-04
9.831824e-04
9.847060e-04
9.853859e-04
9.858410e-04
9.861809e-04
9.866715e-04
9.868876e-04
9.872863e-04
9.883220e-04
9.886185e-04
9.889123e-04
9.895351e-04
9.903751e-04
9.906422e-04
9.914541e-04
9.919422e-04
9.924410e-04
9.926382e-04
9.928746e-04
9.933505e-04
9.939930e-04
9.947539e-04
9.949759e-04
9.950237e-04
9.954019e-04
9.962320e-04
9.964008e-04
9.973314e-04
9.985051e-04
9.986061e-04
9.992171e-04
9.998489e-04
1.000273e-03
1.000772e-03
1.001193e-03
1.001742e-03
1.001807e-03
1.002719e-03
1.003027e-03
1.003270e-03
1.003755e-03
1.004596e-03
1.005296e-03
1.005870e-03
1.006075e-03
1.006711e-03
1.007364e-03
1.007985e-03
1.008563e-03
1.008731e-03
1.009281e-03
1.010060e-03
1.010939e-03
1.011535e-03
1.012150e-03
1.012386e-03
1.012916e-03
1.013433e-03
1.014138e-03
1.014436e-03
1.014760e-03
1.014953e-03
1.015426e-03
1.016326e-03
1.016821e-03
1.017068e-03
1.017546e-03
1.018130e-03
1.019097e-03
1.019398e-03
1.019669e-03
1.020349e-03
1.020415e-03
1.021401e-03
1.021857e-03
1.021957e-03
1.022477e-03
1.023326e-03
1.023638e-03
1.023968e-03
1.024638e-03
1.024886e-03
1.025415e-03
1.026041e-03
1.026504e-03
1.027328e-03
1.027671e-03
1.028129e-03
1.028718e-03
1.028807e-03
1.029199e-03
1.029966e-03
1.030081e-03
1.030816e-03
1.031390e-03
1.032016e-03
1.032792e-03
1.033403e-03
1.033799e-03
1.034219e-03
1.034303e-03
1.034576e-03
1.035011e-03
1.035651e-03
1.036523e-03
1.037747e-03
1.038126e-03
1.038748e-03
1.039271e-03
1.039645e-03
1.040263e-03
1.040573e-03
1.041171e-03
1.041594e-03
1.042034e-03
1.042426e-03
1.043094e-03
1.044247e-03
1.044544e-03
1.044924e-03
1.045586e-03
1.046930e-03
1.047143e-03
1.047351e-03
1.047998e-03
1.048124e-03
1.048903e-03
1.049295e-03
1.050082e-03
1.050321e-03
1.050839e-03
1.051567e-03
1.051983e-03
1.052425e-03
1.052809e-03
1.053527e-03
1.054008e-03
1.054729e-03
1.054910e-03
1.055294e-03
1.055649e-03
1.056256e-03
1.057266e-03
1.058317e-03
1.058883e-03
1.059364e-03
1.059682e-03
1.060201e-03
1.060443e-03
1.060812e-03
1.061073e-03
1.062116e-03
1.062416e-03
1.063007e-03
1.064063e-03
1.065502e-03
1.065973e-03
1.066343e-03
1.067287e-03
1.067609e-03
1.067838e-03
1.068169e-03
1.069293e-03
1.069486e-03
1.069710e-03
1.070469e-03
1.071025e-03
1.071158e-03
1.071786e-03
1.072573e-03
1.073618e-03
1.074490e-03
1.074792e-03
1.075410e-03
1.075628e-03
1.076405e-03
1.076811e-03
1.077066e-03
1.077917e-03
1.078587e-03
1.078938e-03
1.079455e-03
1.079831e-03
1.080557e-03
1.081334e-03
1.081592e-03
1.082206e-03
1.082889e-03
1.083231e-03
1.083498e-03
1.083855e-03
1.084411e-03
1.085041e-03
1.086037e-03
1.086340e-03
1.087476e-03
1.087741e-03
1.088153e-03
1.088524e-03
1.089220e-03
1.089347e-03
1.090697e-03
1.090960e-03
1.091773e-03
1.092578e-03
1.092809e-03
1.092911e-03
1.093594e-03
1.094081e-03
1.094256e-03
1.094949e-03
1.095591e-03
1.096034e-03
1.096500e-03
1.096993e-03
1.097240e-03
1.097904e-03
1.098775e-03
1.098947e-03
1.099521e-03
1.100184e-03
1.101578e-03
1.101608e-03
1.102199e-03
1.102842e-03
1.103346e-03
1.103708e-03
1.103979e-03
1.104803e-03
1.105356e-03
1.105856e-03
1.106172e-03
1.106859e-03
1.106938e-03
1.107244e-03
1.108219e-03
1.109020e-03
1.109557e-03
1.110097e-03
1.111065e-03
1.111600e-03
1.112249e-03
1.112470e-03
1.113069e-03
1.113374e-03
1.114386e-03
1.114796e-03
1.115227e-03
1.115579e-03
1.116710e-03
1.117642e-03
1.118117e-03
1.118489e-03
1.118611e-03
1.118911e-03
1.119559e-03
1.120222e-03
1.120722e-03
1.121575e-03
1.122046e-03
1.122905e-03
1.123068e-03
1.123752e-03
1.124173e-03
1.124936e-03
1.125686e-03
1.126091e-03
1.126529e-03
1.126803e-03
1.127909e-03
1.128575e-03
1.128782e-03
1.129554e-03
1.130239e-03
1.130631e-03
1.131158e-03
1.131626e-03
1.133038e-03
1.133377e-03
1.133781e-03
1.134124e-03
1.135182e-03
1.135530e-03
1.136009e-03
1.136670e-03
1.137666e-03
1.137812e-03
1.138442e-03
1.138528e-03
1.139008e-03
1.140123e-03
1.140625e-03
1.140815e-03
1.141770e-03
1.142357e-03
1.142860e-03
1.143677e-03
1.144238e-03
1.144525e-03
1.145139e-03
1.145657e-03
1.146287e-03
1.147056e-03
1.147372e-03
1.147950e-03
1.148403e-03
1.148634e-03
1.149502e-03
1.150427e-03
1.150615e-03
1.150950e-03
1.151944e-03
1.152297e-03
1.153176e-03
1.153411e-03
1.154136e-03
1.154330e-03
1.154906e-03
1.155441e-03
1.155856e-03
1.156914e-03
1.157512e-03
1.158109e-03
1.158514e-03
1.159444e-03
1.159768e-03
1.160250e-03
1.160918e-03
1.161268e-03
1.161703e-03
1.161902e-03
1.162640e-03
1.163725e-03
1.164012e-03
1.165227e-03
1.165336e-03
1.165970e-03
1.166725e-03
1.167361e-03
1.167492e-03
1.167736e-03
1.169295e-03
1.169395e-03
1.170350e-03
1.170853e-03
1.171478e-03
1.171607e-03
1.171736e-03
1.172898e-03
1.173643e-03
1.173983e-03
1.174985e-03
1.175796e-03
1.176864e-03
1.176949e-03
1.177133e-03
1.177511e-03
1.178155e-03
1.178851e-03
1.179746e-03
1.180136e-03
1.180696e-03
1.181123e-03
1.181671e-03
1.182986e-03
1.183495e-03
1.184099e-03
1.184576e-03
1.185358e-03
1.185972e-03
1.186325e-03
1.187152e-03
1.187681e-03
1.187785e-03
1.188328e-03
1.189053e-03
1.189293e-03
1.190283e-03
1.191043e-03
1.191552e-03
1.192355e-03
1.192626e-03
1.193585e-03
1.193852e-03
1.194788e-03
1.195112e-03
1.195520e-03
1.196637e-03
1.197058e-03
1.198075e-03
1.199002e-03
1.199210e-03
1.199763e-03
1.200065e-03
1.200835e-03
1.201368e-03
1.202311e-03
1.202555e-03
1.202862e-03
1.203331e-03
1.204227e-03
1.204580e-03
1.205367e-03
1.205923e-03
1.206493e-03
1.207375e-03
1.207559e-03
1.208253e-03
1.209344e-03
1.209922e-03
1.210544e-03
1.210893e-03
1.211569e-03
1.211978e-03
1.212743e-03
1.213328e-03
1.213924e-03
1.214581e-03
1.214832e-03
1.215150e-03
1.215435e-03
1.216274e-03
1.216838e-03
1.217591e-03
1.217716e-03
1.218323e-03
1.219274e-03
1.219739e-03
1.220277e-03
1.220480e-03
1.222203e-03
1.222830e-03
1.223012e-03
1.223769e-03
1.223996e-03
1.225003e-03
1.225850e-03
1.226042e-03
1.227534e-03
1.228061e-03
1.228458e-03
1.229304e-03
1.229854e-03
1.230472e-03
1.230707e-03
1.231660e-03
1.232173e-03
1.233731e-03
1.234249e-03
1.234607e-03
1.235059e-03
1.236192e-03
1.236520e-03
1.237109e-03
1.237831e-03
1.237929e-03
1.239079e-03
1.239544e-03
1.239813e-03
1.241192e-03
1.241594e-03
1.242402e-03
1.243470e-03
1.243892e-03
1.244044e-03
1.244769e-03
1.245283e-03
1.245969e-03
1.246476e-03
1.247204e-03
1.247283e-03
1.248103e-03
1.248864e-03
1.249116e-03
1.250559e-03
1.250861e-03
1.250970e-03
1.251951e-03
1.252575e-03
1.252749e-03
1.253924e-03
1.254600e-03
1.254776e-03
1.255576e-03
1.255837e-03
1.256943e-03
1.257495e-03
1.258069e-03
1.258747e-03
1.258960e-03
1.259862e-03
1.260626e-03
1.260958e-03
1.261418e-03
1.261912e-03
1.262908e-03
1.263327e-03
1.264079e-03
1.264643e-03
1.265730e-03
1.266684e-03
1.267451e-03
1.268235e-03
1.268660e-03
1.269390e-03
1.269590e-03
1.270378e-03
1.270750e-03
1.271890e-03
1.272297e-03
1.272437e-03
1.273150e-03
1.273618e-03
1.274923e-03
1.275405e-03
1.276170e-03
1.276833e-03
1.277422e-03
1.278462e-03
1.279011e-03
1.280316e-03
1.280886e-03
1.281581e-03
1.282059e-03
1.282196e-03
1.283076e-03
1.283499e-03
1.284414e-03
1.285466e-03
1.285767e-03
1.286556e-03
1.287298e-03
1.288704e-03
1.289397e-03
1.289868e-03
1.290427e-03
1.290618e-03
1.290950e-03
1.291962e-03
1.293086e-03
1.293843e-03
1.294565e-03
1.295168e-03
1.295737e-03
1.296667e-03
1.297102e-03
1.297878e-03
1.298118e-03
1.298405e-03
1.299293e-03
1.299972e-03
1.300381e-03
1.301687e-03
1.302362e-03
1.302443e-03
1.302935e-03
1.303731e-03
1.304404e-03
1.304969e-03
1.305819e-03
1.306396e-03
1.306663e-03
1.306832e-03
1.307892e-03
1.308909e-03
1.309610e-03
1.309867e-03
1.311077e-03
1.311483e-03
1.312371e-03
1.312646e-03
1.313395e-03
1.313916e-03
1.315014e-03
1.315329e-03
1.315640e-03
1.316843e-03
1.317538e-03
1.317997e-03
1.318390e-03
1.319076e-03
1.319946e-03
1.320467e-03
1.320919e-03
1.322300e-03
1.322917e-03
1.323175e-03
1.323568e-03
1.324447e-03
1.325080e-03
1.325611e-03
1.326424e-03
1.326847e-03
1.327950e-03
1.328574e-03
1.329082e-03
1.329706e-03
1.331099e-03
1.331207e-03
1.332302e-03
1.332609e-03
1.333276e-03
1.334933e-03
1.335316e-03
1.335687e-03
1.336212e-03
1.337482e-03
1.338057e-03
1.338926e-03
1.339158e-03
1.339705e-03
1.340666e-03
1.341438e-03
1.341544e-03
1.342029e-03
1.342823e-03
1.343739e-03
1.344904e-03
1.345603e-03
1.346229e-03
1.346468e-03
1.347675e-03
1.348326e-03
1.348854e-03
1.349635e-03
1.350644e-03
1.350922e-03
1.351474e-03
1.352171e-03
1.352588e-03
1.353484e-03
1.354059e-03
1.354586e-03
1.355589e-03
1.356329e-03
1.356519e-03
1.357346e-03
1.357783e-03
1.359614e-03
1.360115e-03
1.360420e-03
1.360597e-03
1.361223e-03
1.362556e-03
1.363766e-03
1.364665e-03
1.365055e-03
1.366549e-03
1.367011e-03
1.367629e-03
1.368465e-03
1.369426e-03
1.369925e-03
1.370761e-03
1.371213e-03
1.371530e-03
1.371974e-03
1.373379e-03
1.373620e-03
1.374439e-03
1.375761e-03
1.376177e-03
1.377214e-03
1.377599e-03
1.378121e-03
1.379061e-03
1.379225e-03
1.380280e-03
1.380664e-03
1.381636e-03
1.382696e-03
1.383612e-03
1.383928e-03
1.384680e-03
1.385954e-03
1.386558e-03
1.387445e-03
1.387939e-03
1.389127e-03
1.389729e-03
1.390848e-03
1.391349e-03
1.391654e-03
1.392525e-03
1.393295e-03
1.393626e-03
1.394366e-03
1.394457e-03
1.395897e-03
1.397358e-03
1.397494e-03
1.398654e-03
1.399038e-03
1.400028e-03
1.400622e-03
1.401043e-03
1.402131e-03
1.402995e-03
1.404048e-03
1.404395e-03
1.405848e-03
1.406643e-03
1.406878e-03
1.407399e-03
1.408204e-03
1.409368e-03
1.410136e-03
1.410342e-03
1.411538e-03
1.412404e-03
1.412882e-03
1.413620e-03
1.414556e-03
1.415049e-03
1.415538e-03
1.416238e-03
1.416828e-03
1.417726e-03
1.418556e-03
1.419385e-03
1.420087e-03
1.421370e-03
1.422486e-03
1.422789e-03
1.423555e-03
1.424343e-03
1.425292e-03
1.426159e-03
1.426545e-03
1.427767e-03
1.428691e-03
1.429098e-03
1.429967e-03
1.431101e-03
1.431784e-03
1.432315e-03
1.432956e-03
1.433279e-03
1.434145e-03
1.435560e-03
1.436542e-03
1.437062e-03
1.437879e-03
1.438043e-03
1.438348e-03
1.439859e-03
1.440872e-03
1.441346e-03
1.441971e-03
1.442888e-03
1.443951e-03
1.444846e-03
1.445615e-03
1.446087e-03
1.446927e-03
1.447199e-03
1.447797e-03
1.448348e-03
1.449385e-03
1.450433e-03
1.450735e-03
1.451692e-03
1.452584e-03
1.453625e-03
1.453751e-03
1.454428e-03
1.455663e-03
1.456867e-03
1.457445e-03
1.458077e-03
1.459052e-03
1.459520e-03
1.460516e-03
1.460750e-03
1.461775e-03
1.462338e-03
1.463630e-03
1.464598e-03
1.465337e-03
1.465608e-03
1.466525e-03
1.467765e-03
1.468561e-03
1.469758e-03
1.469999e-03
1.470198e-03
1.471486e-03
1.471652e-03
1.472223e-03
1.473473e-03
1.473932e-03
1.475205e-03
1.476187e-03
1.476485e-03
1.477586e-03
1.478811e-03
1.479439e-03
1.480239e-03
1.480423e-03
1.481398e-03
1.481783e-03
1.482655e-03
1.484200e-03
1.484449e-03
1.486075e-03
1.486604e-03
1.487448e-03
1.488272e-03
1.488795e-03
1.490570e-03
1.491493e-03
1.491735e-03
1.492215e-03
1.493503e-03
1.494074e-03
1.495168e-03
1.496134e-03
1.497568e-03
1.498238e-03
1.498412e-03
1.499249e-03
1.499361e-03
1.500716e-03
1.502179e-03
1.502396e-03
1.503611e-03
1.504121e-03
1.505209e-03
1.505583e-03
1.506335e-03
1.507000e-03
1.508192e-03
1.508561e-03
1.508792e-03
1.509112e-03
1.510900e-03
1.511514e-03
1.512867e-03
1.514371e-03
1.515147e-03
1.515752e-03
1.516542e-03
1.516966e-03
1.518433e-03
1.518946e-03
1.519508e-03
1.519716e-03
1.520746e-03
1.521245e-03
1.522196e-03
1.522786e-03
1.523986e-03
1.524919e-03
1.525475e-03
1.526524e-03
1.526958e-03
1.528051e-03
1.528685e-03
1.529654e-03
1.529997e-03
1.531304e-03
1.532257e-03
1.532812e-03
1.533214e-03
1.534194e-03
1.534746e-03
1.535218e-03
1.536363e-03
1.537296e-03
1.537615e-03
1.539567e-03
1.539839e-03
1.540407e-03
1.541730e-03
1.542995e-03
1.543186e-03
1.544286e-03
1.544531e-03
1.546180e-03
1.546962e-03
1.547732e-03
1.548651e-03
1.550075e-03
1.550651e-03
1.551044e-03
1.551861e-03
1.552502e-03
1.553042e-03
1.553930e-03
1.554435e-03
1.555467e-03
1.556059e-03
1.557725e-03
1.558354e-03
1.559016e-03
1.559525e-03
1.560948e-03
1.561858e-03
1.562465e-03
1.563643e-03
1.564000e-03
1.565704e-03
1.565883e-03
1.566721e-03
1.566800e-03
1.568129e-03
1.568778e-03
1.569617e-03
1.570637e-03
1.571563e-03
1.571662e-03
1.572043e-03
1.573674e-03
1.574810e-03
1.574874e-03
1.575670e-03
1.576168e-03
1.576597e-03
1.578939e-03
1.579879e-03
1.580132e-03
1.581537e-03
1.582376e-03
1.583583e-03
1.584160e-03
1.584800e-03
1.586242e-03
1.587633e-03
1.588431e-03
1.589218e-03
1.590602e-03
1.591717e-03
1.592423e-03
1.592869e-03
1.593420e-03
1.595070e-03
1.595318e-03
1.596591e-03
1.597945e-03
1.598173e-03
1.599089e-03
1.600337e-03
1.600398e-03
1.601451e-03
1.602372e-03
1.602797e-03
1.604438e-03
1.605955e-03
1.607337e-03
1.608106e-03
1.608569e-03
1.609314e-03
1.612008e-03
1.612518e-03
1.612694e-03
1.613840e-03
1.614927e-03
1.615594e-03
1.617853e-03
1.618732e-03
1.619525e-03
1.621291e-03
1.622818e-03
1.622953e-03
1.623268e-03
1.625188e-03
1.626301e-03
1.626909e-03
1.627483e-03
1.629323e-03
1.629694e-03
1.631341e-03
1.632391e-03
1.632641e-03
1.633969e-03
1.634842e-03
1.635688e-03
1.636061e-03
1.637978e-03
1.638402e-03
1.638915e-03
1.639342e-03
1.640732e-03
1.640845e-03
1.641569e-03
1.642268e-03
1.643961e-03
1.644748e-03
1.645076e-03
1.646107e-03
1.647019e-03
1.648352e-03
1.649699e-03
1.650381e-03
1.650842e-03
1.651770e-03
1.653650e-03
1.654202e-03
1.654371e-03
1.655615e-03
1.656471e-03
1.657196e-03
1.659037e-03
1.659968e-03
1.660957e-03
1.661723e-03
1.663067e-03
1.664306e-03
1.665468e-03
1.665724e-03
1.665891e-03
1.667861e-03
1.669629e-03
1.670068e-03
1.670889e-03
1.671340e-03
1.671646e-03
1.674119e-03
1.674786e-03
1.675275e-03
1.675738e-03
1.677374e-03
1.677770e-03
1.678394e-03
1.679797e-03
1.680625e-03
1.680977e-03
1.683843e-03
1.684655e-03
1.684868e-03
1.686498e-03
1.687129e-03
1.687653e-03
1.688721e-03
1.688992e-03
1.690293e-03
1.691733e-03
1.691988e-03
1.692857e-03
1.693241e-03
1.695968e-03
1.696379e-03
1.697115e-03
1.697949e-03
1.698585e-03
1.698920e-03
1.700978e-03
1.701471e-03
1.702873e-03
1.703762e-03
1.704912e-03
1.706147e-03
1.706855e-03
1.708586e-03
1.709555e-03
1.709648e-03
1.711327e-03
1.712678e-03
1.713289e-03
1.714282e-03
1.715017e-03
1.715816e-03
1.716125e-03
1.718659e-03
1.719484e-03
1.720502e-03
1.720967e-03
1.721968e-03
1.722298e-03
1.723622e-03
1.725079e-03
1.725346e-03
1.727800e-03
1.728057e-03
1.728423e-03
1.730364e-03
1.731920e-03
1.732113e-03
1.733502e-03
1.734078e-03
1.734673e-03
1.736053e-03
1.737148e-03
1.737582e-03
1.739063e-03
1.739456e-03
1.740500e-03
1.741036e-03
1.742447e-03
1.742682e-03
1.743713e-03
1.744934e-03
1.745675e-03
1.746676e-03
1.747675e-03
1.748715e-03
1.749623e-03
1.751389e-03
1.751870e-03
1.753088e-03
1.753751e-03
1.754596e-03
1.756250e-03
1.756450e-03
1.757920e-03
1.758532e-03
1.759953e-03
1.760108e-03
1.761760e-03
1.762814e-03
1.763316e-03
1.763667e-03
1.764157e-03
1.764952e-03
1.765627e-03
1.766223e-03
1.766682e-03
1.769114e-03
1.770256e-03
1.771305e-03
1.772734e-03
1.773416e-03
1.774376e-03
1.775532e-03
1.777745e-03
1.777806e-03
1.779098e-03
1.779748e-03
1.779895e-03
1.781053e-03
1.781550e-03
1.783810e-03
1.784441e-03
1.785328e-03
1.785608e-03
1.786402e-03
1.788419e-03
1.788928e-03
1.790647e-03
1.791587e-03
1.792769e-03
1.793305e-03
1.794543e-03
1.794909e-03
1.795212e-03
1.796844e-03
1.798179e-03
1.799489e-03
1.801540e-03
1.802272e-03
1.803947e-03
1.804602e-03
1.805096e-03
1.805664e-03
1.806017e-03
1.807578e-03
1.808740e-03
1.809507e-03
1.810579e-03
1.811075e-03
1.811498e-03
1.813195e-03
1.814440e-03
1.815214e-03
1.816840e-03
1.817826e-03
1.818289e-03
1.818621e-03
1.819346e-03
1.821458e-03
1.821749e-03
1.824157e-03
1.825226e-03
1.826412e-03
1.826802e-03
1.827429e-03
1.828317e-03
1.828913e-03
1.830304e-03
1.831120e-03
1.832684e-03
1.834039e-03
1.834503e-03
1.835026e-03
1.836618e-03
1.836785e-03
1.838290e-03
1.839211e-03
1.840751e-03
1.842144e-03
1.842579e-03
1.843482e-03
1.843870e-03
1.844690e-03
1.845194e-03
1.846388e-03
1.847361e-03
1.848218e-03
1.849466e-03
1.849772e-03
1.850871e-03
1.854034e-03
1.854969e-03
1.855332e-03
1.856412e-03
1.856972e-03
1.858391e-03
1.858854e-03
1.858925e-03
1.861150e-03
1.861713e-03
1.862804e-03
1.864141e-03
1.866373e-03
1.867651e-03
1.868117e-03
1.869474e-03
1.870755e-03
1.871315e-03
1.872287e-03
1.873559e-03
1.874046e-03
1.874645e-03
1.876631e-03
1.877894e-03
1.878406e-03
1.879500e-03
1.880948e-03
1.881928e-03
1.882839e-03
1.883597e-03
1.884477e-03
1.886640e-03
1.888104e-03
1.888369e-03
1.889424e-03
1.891627e-03
1.892195e-03
1.894545e-03
1.895248e-03
1.896172e-03
1.897412e-03
1.899841e-03
1.900044e-03
1.900741e-03
1.902224e-03
1.903002e-03
1.903625e-03
1.903998e-03
1.905982e-03
1.907697e-03
1.909838e-03
1.910884e-03
1.911554e-03
1.912211e-03
1.913423e-03
1.914223e-03
1.915178e-03
1.916714e-03
1.917938e-03
1.918599e-03
1.920915e-03
1.921600e-03
1.923319e-03
1.923827e-03
1.924064e-03
1.925794e-03
1.926231e-03
1.927711e-03
1.929117e-03
1.930036e-03
1.930206e-03
1.931628e-03
1.933247e-03
1.934336e-03
1.935204e-03
1.936042e-03
1.936921e-03
1.938187e-03
1.939270e-03
1.940569e-03
1.942264e-03
1.942704e-03
1.943846e-03
1.945130e-03
1.945919e-03
1.947147e-03
1.947621e-03
1.949721e-03
1.950804e-03
1.952341e-03
1.953349e-03
1.954049e-03
1.954980e-03
1.956099e-03
1.957053e-03
1.958150e-03
1.959233e-03
1.959825e-03
1.961743e-03
1.963482e-03
1.964835e-03
1.965541e-03
1.966856e-03
1.967961e-03
1.968825e-03
1.970834e-03
1.971137e-03
1.972385e-03
1.973196e-03
1.975090e-03
1.975416e-03
1.975840e-03
1.978327e-03
1.978660e-03
1.980234e-03
1.980836e-03
1.982481e-03
1.983706e-03
1.984321e-03
1.985205e-03
1.986555e-03
1.988500e-03
1.989177e-03
1.989454e-03
1.989879e-03
1.991473e-03
1.992158e-03
1.993536e-03
1.993602e-03
1.995126e-03
1.995865e-03
1.996796e-03
1.998631e-03
1.999460e-03
2.000376e-03
2.001752e-03
2.003459e-03
2.004723e-03
2.005536e-03
2.006275e-03
2.008229e-03
2.008586e-03
2.009964e-03
2.010458e-03
2.011628e-03
2.014082e-03
2.015794e-03
2.016792e-03
2.018210e-03
2.019079e-03
2.019519e-03
2.021437e-03
2.021916e-03
2.022621e-03
2.023796e-03
2.024696e-03
2.025767e-03
2.027296e-03
2.027476e-03
2.028454e-03
2.030182e-03
2.033359e-03
2.034083e-03
2.035345e-03
2.035652e-03
2.037125e-03
2.039059e-03
2.040537e-03
2.041126e-03
2.043220e-03
2.044097e-03
2.045090e-03
2.046991e-03
2.048791e-03
2.050955e-03
2.051496e-03
2.053339e-03
2.053656e-03
2.056133e-03
2.056492e-03
2.056785e-03
2.057929e-03
2.059955e-03
2.060848e-03
2.062826e-03
2.063270e-03
2.064385e-03
2.064977e-03
2.066799e-03
2.068730e-03
2.069730e-03
2.069918e-03
2.071602e-03
2.073587e-03
2.075959e-03
2.077288e-03
2.077794e-03
2.078725e-03
2.080291e-03
2.080932e-03
2.083173e-03
2.084008e-03
2.084778e-03
2.085787e-03
2.086621e-03
2.087646e-03
2.087884e-03
2.089819e-03
2.090070e-03
2.091354e-03
2.093234e-03
2.094343e-03
2.095278e-03
2.096098e-03
2.097299e-03
2.099117e-03
2.100153e-03
2.102400e-03
2.102863e-03
2.103587e-03
2.104200e-03
2.107057e-03
2.108003e-03
2.111326e-03
2.111711e-03
2.112638e-03
2.113568e-03
2.114349e-03
2.115247e-03
2.117198e-03
2.117778e-03
2.119859e-03
2.120375e-03
2.121244e-03
2.122358e-03
2.124082e-03
2.125490e-03
2.128911e-03
2.130168e-03
2.130994e-03
2.132969e-03
2.134455e-03
2.135890e-03
2.136821e-03
2.137866e-03
2.138337e-03
2.141143e-03
2.142095e-03
2.145472e-03
2.146542e-03
2.148111e-03
2.148673e-03
2.150338e-03
2.151531e-03
2.154223e-03
2.155130e-03
2.155702e-03
2.158438e-03
2.159749e-03
2.160589e-03
2.162878e-03
2.164704e-03
2.166330e-03
2.167554e-03
2.168521e-03
2.169975e-03
2.170407e-03
2.171904e-03
2.172857e-03
2.174441e-03
2.176610e-03
2.177717e-03
2.178640e-03
2.180311e-03
2.180956e-03
2.183274e-03
2.184906e-03
2.185007e-03
2.186587e-03
2.187783e-03
2.189630e-03
2.190767e-03
2.191323e-03
2.192074e-03
2.194683e-03
2.195413e-03
2.196730e-03
2.198510e-03
2.198973e-03
2.203290e-03
2.203598e-03
2.205189e-03
2.207705e-03
2.208649e-03
2.211803e-03
2.211980e-03
2.213405e-03
2.214133e-03
2.215480e-03
2.217212e-03
2.218913e-03
2.220152e-03
2.222401e-03
2.223423e-03
2.224333e-03
2.225680e-03
2.226617e-03
2.227387e-03
2.230014e-03
2.232360e-03
2.233628e-03
2.234355e-03
2.235833e-03
2.237276e-03
2.240027e-03
2.240611e-03
2.242299e-03
2.242704e-03
2.245064e-03
2.245974e-03
2.247096e-03
2.249149e-03
2.251588e-03
2.252107e-03
2.254828e-03
2.256440e-03
2.258383e-03
2.260098e-03
2.260937e-03
2.262416e-03
2.264723e-03
2.265296e-03
2.268351e-03
2.269653e-03
2.270147e-03
2.272511e-03
2.273938e-03
2.275021e-03
2.276456e-03
2.277672e-03
2.278405e-03
2.279839e-03
2.280819e-03
2.282509e-03
2.284267e-03
2.288014e-03
2.289273e-03
2.291357e-03
2.292095e-03
2.293651e-03
2.293817e-03
2.297756e-03
2.297984e-03
2.299268e-03
2.302068e-03
2.302749e-03
2.303322e-03
2.304913e-03
2.306792e-03
2.308323e-03
2.308602e-03
2.309439e-03
2.313149e-03
2.313763e-03
2.314491e-03
2.316328e-03
2.316750e-03
2.317917e-03
2.319898e-03
2.320699e-03
2.324580e-03
2.326023e-03
2.327142e-03
2.327449e-03
2.329048e-03
2.330566e-03
2.332786e-03
2.335980e-03
2.337548e-03
2.337935e-03
2.338640e-03
2.341409e-03
2.342217e-03
2.343196e-03
2.344134e-03
2.346039e-03
2.347242e-03
2.348938e-03
2.350405e-03
2.351891e-03
2.353847e-03
2.355423e-03
2.357158e-03
2.358709e-03
2.360192e-03
2.361236e-03
2.362399e-03
2.364311e-03
2.364812e-03
2.367484e-03
2.369471e-03
2.370993e-03
2.371785e-03
2.374098e-03
2.375390e-03
2.376230e-03
2.378556e-03
2.379989e-03
2.381884e-03
2.385948e-03
2.387246e-03
2.388847e-03
2.390517e-03
2.391657e-03
2.392979e-03
2.394632e-03
2.397322e-03
2.398666e-03
2.401059e-03
2.401609e-03
2.404458e-03
2.405660e-03
2.406253e-03
2.407461e-03
2.408579e-03
2.409857e-03
2.411974e-03
2.413044e-03
2.416132e-03
2.417336e-03
2.419673e-03
2.420318e-03
2.420991e-03
2.422825e-03
2.424679e-03
2.426612e-03
2.428207e-03
2.429319e-03
2.430556e-03
2.432648e-03
2.434917e-03
2.437108e-03
2.439054e-03
2.441445e-03
2.441921e-03
2.442722e-03
2.445939e-03
2.447758e-03
2.449701e-03
2.450378e-03
2.453448e-03
2.454425e-03
2.456699e-03
2.459345e-03
2.459982e-03
2.461747e-03
2.462757e-03
2.465062e-03
2.467444e-03
2.470037e-03
2.470641e-03
2.471507e-03
2.474432e-03
2.476708e-03
2.480032e-03
2.480309e-03
2.483285e-03
2.484419e-03
2.486043e-03
2.486645e-03
2.487126e-03
2.489409e-03
2.491648e-03
2.492887e-03
2.496232e-03
2.498257e-03
2.499542e-03
2.499913e-03
2.500624e-03
2.502093e-03
2.505272e-03
2.506534e-03
2.508131e-03
2.510893e-03
2.513400e-03
2.513702e-03
2.514306e-03
2.517845e-03
2.520249e-03
2.521553e-03
2.522425e-03
2.526184e-03
2.527375e-03
2.530911e-03
2.532755e-03
2.534280e-03
2.534996e-03
2.535716e-03
2.539450e-03
2.541186e-03
2.541975e-03
2.542769e-03
2.545353e-03
2.546010e-03
2.547693e-03
2.548536e-03
2.551897e-03
2.554310e-03
2.554660e-03
2.558350e-03
2.559800e-03
2.563009e-03
2.563371e-03
2.565886e-03
2.566229e-03
2.568060e-03
2.571371e-03
2.571746e-03
2.572996e-03
2.576506e-03
2.578090e-03
2.580881e-03
2.582464e-03
2.588991e-03
2.592044e-03
2.594235e-03
2.598900e-03
2.599456e-03
2.599855e-03
2.601926e-03
2.603247e-03
2.604238e-03
2.605502e-03
2.609202e-03
2.611475e-03
2.612587e-03
2.613430e-03
2.615458e-03
2.619749e-03
2.623026e-03
2.625480e-03
2.626207e-03
2.629298e-03
2.629956e-03
2.631003e-03
2.634240e-03
2.634444e-03
2.637055e-03
2.639129e-03
2.640685e-03
2.641798e-03
2.644298e-03
2.645776e-03
2.646745e-03
2.648439e-03
2.651655e-03
2.656011e-03
2.658242e-03
2.660719e-03
2.662163e-03
2.663053e-03
2.664995e-03
2.666447e-03
2.667983e-03
2.669286e-03
2.670105e-03
2.672655e-03
2.675909e-03
2.677253e-03
2.680140e-03
2.682789e-03
2.684025e-03
2.684903e-03
2.686542e-03
2.688345e-03
2.689788e-03
2.691071e-03
2.692449e-03
2.694878e-03
2.695972e-03
2.697446e-03
2.701235e-03
2.703081e-03
2.706053e-03
2.708751e-03
2.710240e-03
2.711413e-03
2.713124e-03
2.713896e-03
2.715173e-03
2.718464e-03
2.720322e-03
2.724151e-03
2.725604e-03
2.726905e-03
2.727854e-03
2.729049e-03
2.729679e-03
2.731036e-03
2.732254e-03
2.735284e-03
2.737073e-03
2.738421e-03
2.739278e-03
2.742209e-03
2.745378e-03
2.746075e-03
2.749368e-03
2.751548e-03
2.751753e-03
2.753531e-03
2.756876e-03
2.758494e-03
2.759650e-03
2.760811e-03
2.763732e-03
2.767499e-03
2.771108e-03
2.773553e-03
2.775419e-03
2.775960e-03
2.779462e-03
2.781194e-03
2.782669e-03
2.784390e-03
2.785240e-03
2.786994e-03
2.791053e-03
2.793045e-03
2.796529e-03
2.798815e-03
2.800891e-03
2.802805e-03
2.803855e-03
2.806410e-03
2.807654e-03
2.808472e-03
2.811864e-03
2.813179e-03
2.816434e-03
2.817442e-03
2.818020e-03
2.819733e-03
2.821200e-03
2.822753e-03
2.825409e-03
2.827173e-03
2.828025e-03
2.829221e-03
2.830561e-03
2.831220e-03
2.833074e-03
2.835911e-03
2.837464e-03
2.840300e-03
2.842567e-03
2.844065e-03
2.845016e-03
2.846857e-03
2.848762e-03
2.850866e-03
2.854800e-03
2.856615e-03
2.859504e-03
2.860669e-03
2.864714e-03
2.866328e-03
2.867585e-03
2.870746e-03
2.871596e-03
2.873021e-03
2.878046e-03
2.878857e-03
2.880981e-03
2.881774e-03
2.883174e-03
2.887581e-03
2.891787e-03
2.895671e-03
2.899558e-03
2.902087e-03
2.902820e-03
2.908484e-03
2.908889e-03
2.910158e-03
2.911918e-03
2.913929e-03
2.916455e-03
2.919801e-03
2.923296e-03
2.926396e-03
2.929531e-03
2.930466e-03
2.931702e-03
2.933481e-03
2.934529e-03
2.936840e-03
2.938602e-03
2.944061e-03
2.945674e-03
2.949088e-03
2.951955e-03
2.955308e-03
2.957132e-03
2.959536e-03
2.961488e-03
2.963971e-03
2.966228e-03
2.967289e-03
2.968672e-03
2.969789e-03
2.973779e-03
2.977100e-03
2.977777e-03
2.978475e-03
2.983223e-03
2.985415e-03
2.987627e-03
2.989230e-03
2.991642e-03
2.991835e-03
2.993127e-03
2.997472e-03
2.998159e-03
3.000056e-03
3.001006e-03
3.007799e-03
3.008134e-03
3.011250e-03
3.013204e-03
3.013715e-03
3.016811e-03
3.019925e-03
3.024236e-03
3.025846e-03
3.028360e-03
3.033395e-03
3.034120e-03
3.037299e-03
3.038776e-03
3.042510e-03
3.044196e-03
3.046237e-03
3.049309e-03
3.051312e-03
3.054065e-03
3.055337e-03
3.059685e-03
3.060263e-03
3.063521e-03
3.066409e-03
3.068379e-03
3.070183e-03
3.074098e-03
3.075964e-03
3.076229e-03
3.081330e-03
3.083021e-03
3.086388e-03
3.089218e-03
3.090910e-03
3.094590e-03
3.095909e-03
3.098235e-03
3.099956e-03
3.100785e-03
3.102634e-03
3.106666e-03
3.113648e-03
3.115087e-03
3.116183e-03
3.119630e-03
3.124606e-03
3.126307e-03
3.128560e-03
3.128669e-03
3.130909e-03
3.133780e-03
3.137161e-03
3.137922e-03
3.140583e-03
3.141246e-03
3.146525e-03
3.153964e-03
3.155193e-03
3.157536e-03
3.159470e-03
3.162070e-03
3.164333e-03
3.166615e-03
3.169983e-03
3.175383e-03
3.177586e-03
3.178179e-03
3.183126e-03
3.183743e-03
3.186423e-03
3.188167e-03
3.190527e-03
3.193497e-03
3.194949e-03
3.196595e-03
3.198952e-03
3.204533e-03
3.209880e-03
3.210099e-03
3.212711e-03
3.215840e-03
3.216927e-03
3.222393e-03
3.223968e-03
3.224527e-03
3.225317e-03
3.230337e-03
3.231074e-03
3.233255e-03
3.237515e-03
3.238713e-03
3.244374e-03
3.246077e-03
3.247632e-03
3.252125e-03
3.252842e-03
3.257820e-03
3.260562e-03
3.261899e-03
3.265011e-03
3.268597e-03
3.269387e-03
3.271323e-03
3.274398e-03
3.275903e-03
3.281119e-03
3.282034e-03
3.283953e-03
3.287714e-03
3.291959e-03
3.294912e-03
3.298487e-03
3.301290e-03
3.303079e-03
3.305534e-03
3.308460e-03
3.313234e-03
3.314620e-03
3.316777e-03
3.317762e-03
3.321215e-03
3.322278e-03
3.326420e-03
3.327558e-03
3.331895e-03
3.334074e-03
3.335814e-03
3.341150e-03
3.343315e-03
3.345838e-03
3.346757e-03
3.350870e-03
3.354971e-03
3.355731e-03
3.357237e-03
3.361674e-03
3.364211e-03
3.366048e-03
3.366836e-03
3.369446e-03
3.374226e-03
3.375276e-03
3.377462e-03
3.381750e-03
3.384608e-03
3.385123e-03
3.388432e-03
3.390804e-03
3.395456e-03
3.396633e-03
3.397883e-03
3.400721e-03
3.403777e-03
3.407743e-03
3.409683e-03
3.412430e-03
3.414853e-03
3.419878e-03
3.422767e-03
3.424690e-03
3.427483e-03
3.429523e-03
3.432038e-03
3.433527e-03
3.436854e-03
3.441308e-03
3.447452e-03
3.450999e-03
3.451766e-03
3.456484e-03
3.458430e-03
3.461531e-03
3.463795e-03
3.464546e-03
3.465300e-03
3.471411e-03
3.474986e-03
3.478903e-03
3.481131e-03
3.484482e-03
3.487857e-03
3.491496e-03
3.492342e-03
3.495844e-03
3.498580e-03
3.501333e-03
3.502537e-03
3.503883e-03
3.506335e-03
3.510377e-03
3.512594e-03
3.514148e-03
3.515933e-03
3.517124e-03
3.523780e-03
3.526241e-03
3.529611e-03
3.536799e-03
3.537566e-03
3.538073e-03
3.543297e-03
3.544092e-03
3.545658e-03
3.550293e-03
3.551615e-03
3.556086e-03
3.561059e-03
3.563545e-03
3.564947e-03
3.568943e-03
3.575004e-03
3.578926e-03
3.582107e-03
3.583449e-03
3.585285e-03
3.588913e-03
3.590997e-03
3.594945e-03
3.599371e-03
3.600726e-03
3.601020e-03
3.603400e-03
3.609394e-03
3.614074e-03
3.618321e-03
3.620338e-03
3.624575e-03
3.636137e-03
3.639283e-03
3.640385e-03
3.642153e-03
3.649646e-03
3.651472e-03
3.654675e-03
3.656044e-03
3.659195e-03
3.660087e-03
3.666199e-03
3.668515e-03
3.669825e-03
3.670507e-03
3.678174e-03
3.683779e-03
3.685948e-03
3.689117e-03
3.690084e-03
3.696352e-03
3.700723e-03
3.704590e-03
3.708255e-03
3.712660e-03
3.715941e-03
3.717927e-03
3.726558e-03
3.727609e-03
3.730293e-03
3.731375e-03
3.737985e-03
3.739843e-03
3.740812e-03
3.748817e-03
3.750961e-03
3.752637e-03
3.754889e-03
3.758592e-03
3.761321e-03
3.768586e-03
3.771076e-03
3.771363e-03
3.773689e-03
3.777954e-03
3.779924e-03
3.784425e-03
3.787147e-03
3.789403e-03
3.791910e-03
3.794481e-03
3.795498e-03
3.796944e-03
3.800632e-03
3.805714e-03
3.807400e-03
3.812671e-03
3.820004e-03
3.821176e-03
3.823856e-03
3.825884e-03
3.833646e-03
3.839686e-03
3.845637e-03
3.849965e-03
3.857467e-03
3.862833e-03
3.865795e-03
3.866732e-03
3.871153e-03
3.873096e-03
3.880333e-03
3.886790e-03
3.889204e-03
3.892579e-03
3.902621e-03
3.909056e-03
3.911503e-03
3.914269e-03
3.921373e-03
3.923571e-03
3.927389e-03
3.934293e-03
3.938271e-03
3.940791e-03
3.949184e-03
3.954749e-03
3.960922e-03
3.962359e-03
3.965060e-03
3.968953e-03
3.970185e-03
3.971976e-03
3.981720e-03
3.983276e-03
3.984610e-03
3.988625e-03
3.990351e-03
3.997800e-03
4.000580e-03
4.006758e-03
4.011768e-03
4.013556e-03
4.017144e-03
4.022237e-03
4.028154e-03
4.034225e-03
4.035293e-03
4.035692e-03
4.043656e-03
4.046588e-03
4.047253e-03
4.052918e-03
4.057021e-03
4.063742e-03
4.069763e-03
4.074368e-03
4.078490e-03
4.083037e-03
4.092894e-03
4.099156e-03
4.102352e-03
4.110102e-03
4.119158e-03
4.126208e-03
4.127636e-03
4.128816e-03
4.135453e-03
4.137843e-03
4.148765e-03
4.151244e-03
4.155294e-03
4.156879e-03
4.161541e-03
4.162619e-03
4.165913e-03
4.169149e-03
4.177346e-03
4.182643e-03
4.185111e-03
4.189708e-03
4.197723e-03
4.200518e-03
4.203234e-03
4.205992e-03
4.207490e-03
4.212660e-03
4.221141e-03
4.225172e-03
4.233627e-03
4.237943e-03
4.239049e-03
4.245452e-03
4.248067e-03
4.252641e-03
4.266448e-03
4.267743e-03
4.276978e-03
4.277646e-03
4.287611e-03
4.290317e-03
4.299909e-03
4.305938e-03
4.312717e-03
4.321765e-03
4.322416e-03
4.324475e-03
4.325750e-03
4.330529e-03
4.331945e-03
4.337237e-03
4.337615e-03
4.345359e-03
4.346386e-03
4.357483e-03
4.365451e-03
4.367686e-03
4.371995e-03
4.374818e-03
4.377178e-03
4.384613e-03
4.387711e-03
4.401203e-03
4.406614e-03
4.412177e-03
4.415660e-03
4.418233e-03
4.421446e-03
4.423072e-03
4.426242e-03
4.441541e-03
4.445611e-03
4.447939e-03
4.454708e-03
4.460893e-03
4.466007e-03
4.467349e-03
4.473606e-03
4.475379e-03
4.476979e-03
4.481949e-03
4.486423e-03
4.495514e-03
4.501694e-03
4.510354e-03
4.511707e-03
4.519778e-03
4.528559e-03
4.531986e-03
4.536664e-03
4.543521e-03
4.546602e-03
4.550028e-03
4.558672e-03
4.562626e-03
4.567020e-03
4.578473e-03
4.582212e-03
4.585031e-03
4.587625e-03
4.596668e-03
4.604460e-03
4.610790e-03
4.618047e-03
4.623387e-03
4.624200e-03
4.629446e-03
4.631341e-03
4.632268e-03
4.635428e-03
4.642826e-03
4.650138e-03
4.652791e-03
4.656554e-03
4.664879e-03
4.669093e-03
4.677585e-03
4.685170e-03
4.692585e-03
4.693520e-03
4.694847e-03
4.700856e-03
4.705800e-03
4.708178e-03
4.711788e-03
4.716178e-03
4.722666e-03
4.734027e-03
4.738909e-03
4.746412e-03
4.749538e-03
4.752287e-03
4.759357e-03
4.759923e-03
4.765149e-03
4.771376e-03
4.779734e-03
4.782139e-03
4.789081e-03
4.791538e-03
4.794253e-03
4.799486e-03
4.804955e-03
4.808254e-03
4.822052e-03
4.825671e-03
4.828872e-03
4.830920e-03
4.833932e-03
4.844642e-03
4.847725e-03
4.849126e-03
4.856494e-03
4.862929e-03
4.867734e-03
4.873628e-03
4.884912e-03
4.885830e-03
4.896149e-03
4.896962e-03
4.904641e-03
4.922398e-03
4.931412e-03
4.937626e-03
4.948762e-03
4.950072e-03
4.956539e-03
4.959450e-03
4.967171e-03
4.982577e-03
4.989694e-03
4.991530e-03
4.996240e-03
4.998302e-03
5.004025e-03
5.008774e-03
5.012182e-03
5.021498e-03
5.025364e-03
5.026501e-03
5.035618e-03
5.037352e-03
5.040177e-03
5.047655e-03
5.061907e-03
5.065329e-03
5.069697e-03
5.071470e-03
5.082377e-03
5.088102e-03
5.093557e-03
5.096505e-03
5.097619e-03
5.100949e-03
5.103142e-03
5.108214e-03
5.110227e-03
5.116524e-03
5.123249e-03
5.128853e-03
5.138752e-03
5.139412e-03
5.149907e-03
5.152783e-03
5.154860e-03
5.164520e-03
5.177242e-03
5.179278e-03
5.191912e-03
5.204376e-03
5.224774e-03
5.232742e-03
5.235318e-03
5.238489e-03
5.242356e-03
5.255818e-03
5.258314e-03
5.259152e-03
5.268261e-03
5.268361e-03
5.281940e-03
5.287331e-03
5.294386e-03
5.305555e-03
5.315014e-03
5.318184e-03
5.325360e-03
5.326655e-03
5.335888e-03
5.357790e-03
5.363982e-03
5.364920e-03
5.368294e-03
5.371869e-03
5.374748e-03
5.380266e-03
5.393455e-03
5.394724e-03
5.403437e-03
5.413410e-03
5.415172e-03
5.419866e-03
5.424948e-03
5.432542e-03
5.436241e-03
5.451193e-03
5.457459e-03
5.461731e-03
5.471530e-03
5.476437e-03
5.491291e-03
5.498839e-03
5.502586e-03
5.505492e-03
5.512705e-03
5.514469e-03
5.524789e-03
5.528131e-03
5.531266e-03
5.535263e-03
5.544335e-03
5.561757e-03
5.566443e-03
5.584299e-03
5.596349e-03
5.597391e-03
5.600033e-03
5.603480e-03
5.610006e-03
5.616988e-03
5.620999e-03
5.627803e-03
5.636256e-03
5.639825e-03
5.642179e-03
5.645126e-03
5.669706e-03
5.674110e-03
5.684433e-03
5.685732e-03
5.691669e-03
5.706956e-03
5.713856e-03
5.719970e-03
5.728446e-03
5.732585e-03
5.739882e-03
5.743791e-03
5.771494e-03
5.776005e-03
5.789513e-03
5.792576e-03
5.805818e-03
5.821441e-03
5.822771e-03
5.829204e-03
5.835177e-03
5.840528e-03
5.848368e-03
5.850775e-03
5.863172e-03
5.868745e-03
5.877659e-03
5.895956e-03
5.903934e-03
5.912656e-03
5.919015e-03
5.925799e-03
5.930594e-03
5.941254e-03
5.954019e-03
5.956101e-03
5.964316e-03
5.975359e-03
5.979740e-03
6.004949e-03
6.012181e-03
6.025606e-03
6.026436e-03
6.032103e-03
6.034796e-03
6.048632e-03
6.049193e-03
6.051081e-03
6.057317e-03
6.068453e-03
6.075859e-03
6.082789e-03
6.097513e-03
6.108949e-03
6.111453e-03
6.119193e-03
6.123354e-03
6.146945e-03
6.151821e-03
6.155183e-03
6.161334e-03
6.179577e-03
6.188025e-03
6.189397e-03
6.190536e-03
6.205818e-03
6.221497e-03
6.249518e-03
6.255241e-03
6.286773e-03
6.289723e-03
6.294529e-03
6.298039e-03
6.320229e-03
6.322825e-03
6.322949e-03
6.342400e-03
6.349402e-03
6.370409e-03
6.380753e-03
6.395089e-03
6.400591e-03
6.419144e-03
6.428492e-03
6.435575e-03
6.445096e-03
6.451867e-03
6.453563e-03
6.460295e-03
6.469440e-03
6.481839e-03
6.495196e-03
6.506959e-03
6.520548e-03
6.543048e-03
6.577974e-03
6.593657e-03
6.594443e-03
6.614665e-03
6.622258e-03
6.625749e-03
6.630573e-03
6.645308e-03
6.647661e-03
6.664824e-03
6.681314e-03
6.700734e-03
6.724778e-03
6.727990e-03
6.733544e-03
6.752775e-03
6.760001e-03
6.774256e-03
6.786302e-03
6.788361e-03
6.793830e-03
6.795057e-03
6.811209e-03
6.818939e-03
6.822344e-03
6.832282e-03
6.836090e-03
6.837180e-03
6.838404e-03
6.894940e-03
6.905746e-03
6.907991e-03
6.925963e-03
6.937302e-03
6.938525e-03
6.942353e-03
6.947583e-03
7.001558e-03
7.025081e-03
7.029258e-03
7.029831e-03
7.050866e-03
7.061891e-03
7.066594e-03
7.071351e-03
7.090964e-03
7.095968e-03
7.123772e-03
7.130415e-03
7.141744e-03
7.147907e-03
7.169310e-03
7.177067e-03
7.182244e-03
7.208372e-03
7.213375e-03
7.219311e-03
7.222466e-03
7.237445e-03
7.261506e-03
7.282299e-03
7.293577e-03
7.301891e-03
7.314556e-03
7.343143e-03
7.377721e-03
7.382578e-03
7.397935e-03
7.398677e-03
7.407708e-03
7.422231e-03
7.426610e-03
7.429182e-03
7.432719e-03
7.440396e-03
7.481917e-03
7.483673e-03
7.491014e-03
7.504577e-03
7.506943e-03
7.508754e-03
7.526193e-03
7.541107e-03
7.543695e-03
7.545413e-03
7.599333e-03
7.600293e-03
7.611797e-03
7.628203e-03
7.640606e-03
7.651005e-03
7.682114e-03
7.699063e-03
7.734035e-03
7.740353e-03
7.744597e-03
7.745207e-03
7.745626e-03
7.757760e-03
7.809123e-03
7.818919e-03
7.843621e-03
7.885866e-03
7.888981e-03
7.891572e-03
7.900063e-03
7.907242e-03
7.922021e-03
7.957318e-03
7.975240e-03
7.985472e-03
8.003255e-03
8.017634e-03
8.019189e-03
8.023036e-03
8.039365e-03
8.135407e-03
8.142612e-03
8.144663e-03
8.173259e-03
8.175428e-03
8.188608e-03
8.207645e-03
8.210793e-03
8.225436e-03
8.269619e-03
8.295471e-03
8.302190e-03
8.309970e-03
8.314179e-03
8.332636e-03
8.336541e-03
8.341375e-03
8.346668e-03
8.358278e-03
8.380646e-03
8.382579e-03
8.404365e-03
8.443120e-03
8.462197e-03
8.485193e-03
8.522938e-03
8.525054e-03
8.534601e-03
8.561679e-03
8.620162e-03
8.623555e-03
8.648044e-03
8.651424e-03
8.688123e-03
8.702528e-03
8.710426e-03
8.754635e-03
8.755700e-03
8.758559e-03
8.779412e-03
8.794507e-03
8.820948e-03
8.834659e-03
8.848502e-03
8.886398e-03
8.897077e-03
8.978182e-03
9.006115e-03
9.016871e-03
9.037556e-03
9.069853e-03
9.073930e-03
9.095649e-03
9.127935e-03
9.129895e-03
9.164680e-03
9.194577e-03
9.211930e-03
9.215551e-03
9.233053e-03
9.254794e-03
9.264879e-03
9.285565e-03
9.301096e-03
9.327212e-03
9.382565e-03
9.393874e-03
9.405543e-03
9.418267e-03
9.433189e-03
9.497848e-03
9.562736e-03
9.563853e-03
9.604618e-03
9.605649e-03
9.648502e-03
9.654010e-03
9.742060e-03
9.746808e-03
9.757523e-03
9.780456e-03
9.799484e-03
9.801649e-03
9.824603e-03
9.855861e-03
9.884698e-03
9.917891e-03
9.931060e-03
9.947938e-03
1.005312e-02
1.005410e-02
1.008090e-02
1.009230e-02
1.012727e-02
1.016341e-02
1.019779e-02
1.021839e-02
1.025060e-02
1.029371e-02
1.032537e-02
1.038148e-02
1.039853e-02
1.041737e-02
1.042734e-02
1.045056e-02
1.046893e-02
1.048828e-02
1.052587e-02
1.059458e-02
1.059521e-02
1.060909e-02
1.061219e-02
1.066428e-02
1.073772e-02
1.078387e-02
1.079647e-02
1.087268e-02
1.090497e-02
1.093030e-02
1.093134e-02
1.096448e-02
1.102031e-02
1.106272e-02
1.107062e-02
1.109249e-02
1.116210e-02
1.119608e-02
1.121821e-02
1.123382e-02
1.124531e-02
1.134798e-02
1.139685e-02
1.144036e-02
1.144205e-02
1.155935e-02
1.156572e-02
1.158504e-02
1.159507e-02
1.159701e-02
1.163347e-02
1.167216e-02
1.180184e-02
1.181342e-02
1.185163e-02
1.185356e-02
1.196588e-02
1.202719e-02
1.206489e-02
1.210785e-02
1.210987e-02
1.215756e-02
1.217691e-02
1.231218e-02
1.233554e-02
1.246043e-02
1.247138e-02
1.259952e-02
1.261897e-02
1.263819e-02
1.274150e-02
1.278351e-02
1.289521e-02
1.298882e-02
1.305077e-02
1.310421e-02
1.313670e-02
1.320624e-02
1.329959e-02
1.343666e-02
1.345031e-02
1.357002e-02
1.359275e-02
1.370302e-02
1.374235e-02
1.380019e-02
1.390509e-02
1.395661e-02
1.405432e-02
1.408895e-02
1.409874e-02
1.417665e-02
1.424623e-02
1.425020e-02
1.428164e-02
1.441645e-02
1.463731e-02
1.465676e-02
1.471332e-02
1.473507e-02
1.476533e-02
1.485028e-02
1.493315e-02
1.501725e-02
1.504234e-02
1.516977e-02
1.520404e-02
1.527721e-02
1.543106e-02
1.544478e-02
1.553979e-02
1.554314e-02
1.581705e-02
1.588203e-02
1.617980e-02
1.631566e-02
1.641525e-02
1.642420e-02
1.643499e-02
1.651437e-02
1.653358e-02
1.667911e-02
1.677780e-02
1.680657e-02
1.682584e-02
1.688340e-02
1.730524e-02
1.741245e-02
1.754251e-02
1.755093e-02
1.759793e-02
1.766541e-02
1.772886e-02
1.774914e-02
1.811368e-02
1.814225e-02
1.823587e-02
1.846070e-02
1.893382e-02
1.920798e-02
1.925133e-02
1.932654e-02
1.954630e-02
1.956931e-02
1.961290e-02
1.973338e-02
1.987727e-02
2.027589e-02
2.059951e-02
2.063803e-02
2.087423e-02
2.087605e-02
2.115189e-02
2.164792e-02
2.176375e-02
2.178827e-02
2.196666e-02
2.197104e-02
2.235692e-02
2.252537e-02
2.292480e-02
2.302602e-02
2.326762e-02
2.394194e-02
2.432670e-02
2.457695e-02
2.458780e-02
2.482633e-02
2.496026e-02
2.514023e-02
2.541725e-02
2.586768e-02
2.606803e-02
2.670148e-02
2.672010e-02
2.684723e-02
2.734336e-02
2.758529e-02
2.774838e-02
2.821380e-02
2.867003e-02
2.893122e-02
2.964010e-02
2.986771e-02
3.022928e-02
3.061437e-02
3.066466e-02
3.072532e-02
3.113845e-02
3.150015e-02
3.172419e-02
3.190504e-02
3.280431e-02
3.292581e-02
3.355929e-02
3.416671e-02
3.617427e-02
3.670196e-02
3.673851e-02
3.799635e-02
3.892293e-02
3.908020e-02
4.034242e-02
4.122882e-02
4.187512e-02
4.543640e-02
4.558041e-02
4.607229e-02
4.730200e-02
4.799033e-02
4.833497e-02
4.916800e-02
5.095037e-02
5.204911e-02
5.321486e-02
5.839245e-02
5.992809e-02
6.677235e-02
7.283011e-02
7.638382e-02
8.095330e-02
1.007720e-01
1.085191e-01
1.129913e-01
1.323937e-01
1.572650e-01
1.694217e-01
1.867516e-01
1.896984e-01
1.923681e-01
2.187708e-01
2.336380e-01
2.775025e-01
2.979493e-01
3.421460e-01
3.554429e-01
3.804346e-01
4.471631e-01
5.498127e-01
1.000000e+00
