# SF-29 C-i4 candidate (i) i1o4 field=gauss_ch eps=1 N=16: sorted relative singular values of the dense central-FD Jacobian at the final_iterate state (rows F_i=-q(L_i-S_i); outlet rows (2q/h)(vperp_in-c_perp); smax=1.177319e+05)
1.204338e-07
7.204498e-07
1.266405e-06
2.002309e-06
3.211380e-06
4.414595e-06
5.154358e-06
5.363206e-06
6.340892e-06
6.875266e-06
7.139708e-06
8.029062e-06
9.274830e-06
1.006777e-05
1.156983e-05
1.192606e-05
1.308439e-05
1.430889e-05
1.462859e-05
1.518123e-05
1.618041e-05
1.719235e-05
1.815850e-05
1.923693e-05
1.951486e-05
2.072567e-05
2.172245e-05
2.205299e-05
2.386733e-05
2.502393e-05
2.555423e-05
2.641877e-05
2.720208e-05
2.906464e-05
3.001113e-05
3.043577e-05
3.086960e-05
3.263565e-05
3.389406e-05
3.455460e-05
3.516740e-05
3.598836e-05
3.734420e-05
3.817940e-05
3.960189e-05
4.091100e-05
4.217880e-05
4.289341e-05
4.553976e-05
4.686066e-05
4.728109e-05
4.772251e-05
4.941901e-05
5.058002e-05
5.155942e-05
5.347024e-05
5.382176e-05
5.533779e-05
5.788272e-05
5.865296e-05
5.918719e-05
5.964943e-05
6.149066e-05
6.192905e-05
6.309879e-05
6.355027e-05
6.613349e-05
6.723690e-05
6.850077e-05
6.931926e-05
6.998267e-05
7.135040e-05
7.306020e-05
7.344282e-05
7.489486e-05
7.604669e-05
7.653971e-05
7.775903e-05
7.964970e-05
8.056326e-05
8.154047e-05
8.351631e-05
8.385926e-05
8.611512e-05
8.773556e-05
8.871919e-05
8.971099e-05
9.105124e-05
9.265066e-05
9.441748e-05
9.490832e-05
9.586718e-05
9.701431e-05
9.882140e-05
9.980355e-05
1.001496e-04
1.018629e-04
1.028772e-04
1.055178e-04
1.064042e-04
1.076756e-04
1.086988e-04
1.106431e-04
1.113685e-04
1.136824e-04
1.152396e-04
1.166525e-04
1.176641e-04
1.194880e-04
1.201904e-04
1.210364e-04
1.235272e-04
1.240206e-04
1.255991e-04
1.270872e-04
1.286215e-04
1.288378e-04
1.293482e-04
1.330908e-04
1.345963e-04
1.358466e-04
1.362605e-04
1.371929e-04
1.388518e-04
1.399668e-04
1.417666e-04
1.436325e-04
1.448342e-04
1.450527e-04
1.461234e-04
1.480633e-04
1.495801e-04
1.510966e-04
1.520144e-04
1.525474e-04
1.540876e-04
1.550765e-04
1.556663e-04
1.575139e-04
1.587022e-04
1.605208e-04
1.621784e-04
1.637391e-04
1.642158e-04
1.663885e-04
1.673578e-04
1.685875e-04
1.706161e-04
1.710129e-04
1.722824e-04
1.730834e-04
1.735063e-04
1.769544e-04
1.782008e-04
1.789486e-04
1.802912e-04
1.808665e-04
1.819114e-04
1.853164e-04
1.862777e-04
1.875381e-04
1.891118e-04
1.905323e-04
1.915124e-04
1.921937e-04
1.926428e-04
1.932396e-04
1.955923e-04
1.970117e-04
1.973721e-04
1.986708e-04
1.994534e-04
2.004250e-04
2.032215e-04
2.058804e-04
2.068129e-04
2.077621e-04
2.091695e-04
2.107877e-04
2.116840e-04
2.119448e-04
2.135345e-04
2.155595e-04
2.161120e-04
2.187158e-04
2.194940e-04
2.204307e-04
2.226387e-04
2.240065e-04
2.254167e-04
2.265458e-04
2.283177e-04
2.290040e-04
2.302959e-04
2.321668e-04
2.330996e-04
2.350090e-04
2.362213e-04
2.370491e-04
2.376985e-04
2.391339e-04
2.400002e-04
2.419325e-04
2.425195e-04
2.455303e-04
2.468461e-04
2.479988e-04
2.497851e-04
2.506947e-04
2.532977e-04
2.540364e-04
2.553092e-04
2.572257e-04
2.582148e-04
2.596659e-04
2.608959e-04
2.624044e-04
2.627446e-04
2.642966e-04
2.651788e-04
2.656699e-04
2.665836e-04
2.677140e-04
2.706241e-04
2.717634e-04
2.728226e-04
2.732112e-04
2.739834e-04
2.769002e-04
2.779787e-04
2.790866e-04
2.802145e-04
2.820260e-04
2.838553e-04
2.849280e-04
2.858192e-04
2.878401e-04
2.897054e-04
2.910263e-04
2.922629e-04
2.950116e-04
2.957002e-04
2.966195e-04
2.982379e-04
2.989351e-04
3.010949e-04
3.022576e-04
3.045416e-04
3.057844e-04
3.066883e-04
3.069204e-04
3.083848e-04
3.118064e-04
3.123164e-04
3.129684e-04
3.138451e-04
3.152499e-04
3.162829e-04
3.197284e-04
3.208222e-04
3.224434e-04
3.240650e-04
3.252939e-04
3.259838e-04
3.267531e-04
3.288834e-04
3.302329e-04
3.330616e-04
3.347235e-04
3.355915e-04
3.365215e-04
3.381114e-04
3.389465e-04
3.418667e-04
3.431310e-04
3.446772e-04
3.458281e-04
3.479027e-04
3.489995e-04
3.505822e-04
3.514763e-04
3.535769e-04
3.543246e-04
3.549024e-04
3.566312e-04
3.571982e-04
3.593400e-04
3.602928e-04
3.626526e-04
3.642204e-04
3.652858e-04
3.671555e-04
3.685230e-04
3.690415e-04
3.714867e-04
3.723383e-04
3.744341e-04
3.746697e-04
3.759114e-04
3.772977e-04
3.787607e-04
3.797482e-04
3.818889e-04
3.839035e-04
3.849891e-04
3.864530e-04
3.888924e-04
3.903413e-04
3.910369e-04
3.933862e-04
3.943863e-04
3.950609e-04
3.968745e-04
3.986577e-04
3.992785e-04
4.000209e-04
4.007065e-04
4.025889e-04
4.057071e-04
4.060135e-04
4.068706e-04
4.098280e-04
4.108623e-04
4.123939e-04
4.142553e-04
4.155638e-04
4.162712e-04
4.178377e-04
4.192916e-04
4.208967e-04
4.225519e-04
4.227362e-04
4.240915e-04
4.254318e-04
4.268511e-04
4.296402e-04
4.311510e-04
4.317286e-04
4.327487e-04
4.350652e-04
4.366248e-04
4.367949e-04
4.384993e-04
4.395369e-04
4.403940e-04
4.424872e-04
4.433525e-04
4.442063e-04
4.459853e-04
4.484617e-04
4.501219e-04
4.517742e-04
4.521398e-04
4.539600e-04
4.551439e-04
4.557649e-04
4.570566e-04
4.589263e-04
4.606974e-04
4.624520e-04
4.636198e-04
4.643289e-04
4.662286e-04
4.686083e-04
4.694722e-04
4.719546e-04
4.728883e-04
4.733742e-04
4.754533e-04
4.757136e-04
4.783403e-04
4.786180e-04
4.793462e-04
4.816659e-04
4.830159e-04
4.847119e-04
4.852257e-04
4.877942e-04
4.890598e-04
4.901871e-04
4.920182e-04
4.928481e-04
4.956010e-04
4.976062e-04
4.979259e-04
4.988694e-04
5.014612e-04
5.034227e-04
5.046789e-04
5.066872e-04
5.081394e-04
5.100609e-04
5.107520e-04
5.132547e-04
5.142204e-04
5.163578e-04
5.180527e-04
5.188509e-04
5.205323e-04
5.216027e-04
5.221470e-04
5.234049e-04
5.242957e-04
5.253841e-04
5.265247e-04
5.297675e-04
5.321837e-04
5.335091e-04
5.346354e-04
5.366877e-04
5.376973e-04
5.384981e-04
5.416104e-04
5.426946e-04
5.432427e-04
5.454019e-04
5.472815e-04
5.477310e-04
5.498686e-04
5.516425e-04
5.541806e-04
5.545535e-04
5.553502e-04
5.558162e-04
5.580459e-04
5.595506e-04
5.626157e-04
5.637676e-04
5.644454e-04
5.669829e-04
5.675841e-04
5.687180e-04
5.702327e-04
5.722482e-04
5.736456e-04
5.738303e-04
5.758866e-04
5.773025e-04
5.791587e-04
5.801526e-04
5.822271e-04
5.830904e-04
5.848547e-04
5.850607e-04
5.884778e-04
5.894545e-04
5.915648e-04
5.926558e-04
5.955707e-04
5.961835e-04
5.982189e-04
5.996886e-04
6.013021e-04
6.026436e-04
6.040013e-04
6.057422e-04
6.078675e-04
6.080915e-04
6.094977e-04
6.105644e-04
6.112292e-04
6.117089e-04
6.136413e-04
6.151373e-04
6.170047e-04
6.181019e-04
6.195287e-04
6.208320e-04
6.213284e-04
6.229050e-04
6.247829e-04
6.262650e-04
6.278636e-04
6.300505e-04
6.308809e-04
6.342223e-04
6.350224e-04
6.357321e-04
6.386414e-04
6.405169e-04
6.423364e-04
6.439202e-04
6.440059e-04
6.450596e-04
6.480818e-04
6.494656e-04
6.500555e-04
6.507979e-04
6.535593e-04
6.541532e-04
6.559386e-04
6.580864e-04
6.595504e-04
6.611497e-04
6.620477e-04
6.634159e-04
6.650201e-04
6.662777e-04
6.677742e-04
6.682096e-04
6.703810e-04
6.724724e-04
6.737077e-04
6.772549e-04
6.778686e-04
6.801160e-04
6.813297e-04
6.833045e-04
6.844067e-04
6.849048e-04
6.871338e-04
6.881176e-04
6.885992e-04
6.905088e-04
6.923396e-04
6.937763e-04
6.956431e-04
6.984788e-04
7.000116e-04
7.007609e-04
7.026651e-04
7.046651e-04
7.058236e-04
7.065538e-04
7.082222e-04
7.104460e-04
7.114145e-04
7.122678e-04
7.133637e-04
7.146331e-04
7.150993e-04
7.177204e-04
7.179712e-04
7.189689e-04
7.208315e-04
7.252664e-04
7.261938e-04
7.301660e-04
7.307814e-04
7.325872e-04
7.335594e-04
7.366387e-04
7.375010e-04
7.379582e-04
7.396492e-04
7.413805e-04
7.419328e-04
7.439216e-04
7.448437e-04
7.460242e-04
7.469268e-04
7.492206e-04
7.497401e-04
7.518169e-04
7.527119e-04
7.558979e-04
7.575359e-04
7.584981e-04
7.600046e-04
7.616431e-04
7.618575e-04
7.635522e-04
7.647202e-04
7.676709e-04
7.699008e-04
7.718745e-04
7.723688e-04
7.741757e-04
7.749121e-04
7.773949e-04
7.779949e-04
7.788786e-04
7.810307e-04
7.817435e-04
7.836736e-04
7.854142e-04
7.885246e-04
7.902302e-04
7.916405e-04
7.933864e-04
7.943839e-04
7.954441e-04
7.971559e-04
7.986377e-04
7.993232e-04
8.021605e-04
8.037740e-04
8.053695e-04
8.073421e-04
8.078313e-04
8.095694e-04
8.110936e-04
8.132144e-04
8.140160e-04
8.160934e-04
8.168477e-04
8.198978e-04
8.217146e-04
8.219838e-04
8.246408e-04
8.249650e-04
8.263424e-04
8.276766e-04
8.303184e-04
8.319484e-04
8.326002e-04
8.346457e-04
8.374969e-04
8.386568e-04
8.399487e-04
8.403402e-04
8.432075e-04
8.438453e-04
8.463893e-04
8.478001e-04
8.483000e-04
8.509090e-04
8.524839e-04
8.533100e-04
8.549999e-04
8.567907e-04
8.579498e-04
8.591598e-04
8.604036e-04
8.656467e-04
8.657943e-04
8.666259e-04
8.694855e-04
8.699076e-04
8.722749e-04
8.728347e-04
8.745250e-04
8.757591e-04
8.763868e-04
8.784871e-04
8.794341e-04
8.810900e-04
8.823140e-04
8.836937e-04
8.846410e-04
8.865857e-04
8.899577e-04
8.910624e-04
8.915871e-04
8.930294e-04
8.949535e-04
8.967562e-04
8.988116e-04
8.995775e-04
9.008107e-04
9.019792e-04
9.041143e-04
9.066553e-04
9.078222e-04
9.095285e-04
9.106086e-04
9.120597e-04
9.153348e-04
9.159167e-04
9.168386e-04
9.194235e-04
9.197960e-04
9.212822e-04
9.228939e-04
9.249884e-04
9.256643e-04
9.268251e-04
9.293730e-04
9.311065e-04
9.325912e-04
9.342889e-04
9.360791e-04
9.374873e-04
9.390729e-04
9.396991e-04
9.407634e-04
9.448029e-04
9.458611e-04
9.473695e-04
9.476535e-04
9.492256e-04
9.512645e-04
9.519737e-04
9.530038e-04
9.549071e-04
9.559573e-04
9.573520e-04
9.586166e-04
9.604062e-04
9.618817e-04
9.637197e-04
9.652588e-04
9.666004e-04
9.701145e-04
9.708014e-04
9.731236e-04
9.741746e-04
9.758030e-04
9.776787e-04
9.799432e-04
9.812671e-04
9.827993e-04
9.853201e-04
9.875522e-04
9.889287e-04
9.902833e-04
9.922792e-04
9.944871e-04
9.956312e-04
9.963381e-04
9.977717e-04
1.001298e-03
1.002892e-03
1.003317e-03
1.004704e-03
1.006640e-03
1.008257e-03
1.009469e-03
1.011934e-03
1.012360e-03
1.013945e-03
1.014753e-03
1.018513e-03
1.019980e-03
1.020501e-03
1.023126e-03
1.025078e-03
1.025246e-03
1.026529e-03
1.027672e-03
1.029080e-03
1.030230e-03
1.032814e-03
1.034056e-03
1.035363e-03
1.038197e-03
1.040073e-03
1.040901e-03
1.042344e-03
1.043193e-03
1.045564e-03
1.046910e-03
1.048183e-03
1.050010e-03
1.052523e-03
1.053776e-03
1.054807e-03
1.056904e-03
1.057953e-03
1.059230e-03
1.059741e-03
1.061528e-03
1.064365e-03
1.065792e-03
1.069980e-03
1.070716e-03
1.072013e-03
1.075653e-03
1.076642e-03
1.077280e-03
1.078821e-03
1.080653e-03
1.082328e-03
1.083593e-03
1.085022e-03
1.086363e-03
1.088342e-03
1.088960e-03
1.090467e-03
1.092283e-03
1.093298e-03
1.094844e-03
1.095217e-03
1.098639e-03
1.100779e-03
1.101910e-03
1.102774e-03
1.106012e-03
1.106237e-03
1.106554e-03
1.109106e-03
1.110634e-03
1.111704e-03
1.112359e-03
1.117127e-03
1.118205e-03
1.119820e-03
1.120689e-03
1.121609e-03
1.126006e-03
1.126488e-03
1.129478e-03
1.130538e-03
1.132039e-03
1.132623e-03
1.135050e-03
1.136459e-03
1.138460e-03
1.141018e-03
1.142520e-03
1.143690e-03
1.146131e-03
1.147617e-03
1.148573e-03
1.148879e-03
1.150009e-03
1.153947e-03
1.155603e-03
1.156404e-03
1.157936e-03
1.160399e-03
1.161839e-03
1.164045e-03
1.165144e-03
1.166069e-03
1.168516e-03
1.170607e-03
1.171762e-03
1.173959e-03
1.174664e-03
1.175635e-03
1.179601e-03
1.179915e-03
1.181086e-03
1.181966e-03
1.183159e-03
1.184326e-03
1.188223e-03
1.188416e-03
1.191144e-03
1.192545e-03
1.194277e-03
1.195219e-03
1.197784e-03
1.199614e-03
1.200449e-03
1.201780e-03
1.202840e-03
1.205092e-03
1.205371e-03
1.206370e-03
1.208436e-03
1.210090e-03
1.210334e-03
1.212579e-03
1.215774e-03
1.217881e-03
1.218981e-03
1.220805e-03
1.221788e-03
1.223214e-03
1.224493e-03
1.226204e-03
1.227468e-03
1.229318e-03
1.229790e-03
1.231733e-03
1.233109e-03
1.234200e-03
1.237781e-03
1.238183e-03
1.239008e-03
1.240956e-03
1.242247e-03
1.243066e-03
1.246130e-03
1.248129e-03
1.249411e-03
1.252661e-03
1.253498e-03
1.256073e-03
1.256632e-03
1.258303e-03
1.259387e-03
1.260987e-03
1.262108e-03
1.264268e-03
1.266131e-03
1.268869e-03
1.269654e-03
1.272858e-03
1.273796e-03
1.275577e-03
1.276387e-03
1.277405e-03
1.278383e-03
1.281240e-03
1.284790e-03
1.285087e-03
1.286294e-03
1.289379e-03
1.291718e-03
1.292033e-03
1.293556e-03
1.295324e-03
1.297442e-03
1.300214e-03
1.301141e-03
1.301849e-03
1.302182e-03
1.305335e-03
1.306315e-03
1.308253e-03
1.311628e-03
1.311700e-03
1.312485e-03
1.314818e-03
1.315170e-03
1.317292e-03
1.318655e-03
1.321719e-03
1.321988e-03
1.325892e-03
1.326419e-03
1.328134e-03
1.330837e-03
1.331736e-03
1.331776e-03
1.334518e-03
1.334659e-03
1.337767e-03
1.339012e-03
1.340629e-03
1.342216e-03
1.343126e-03
1.344423e-03
1.345838e-03
1.346466e-03
1.348691e-03
1.349303e-03
1.352353e-03
1.353194e-03
1.354014e-03
1.355070e-03
1.358305e-03
1.358899e-03
1.361211e-03
1.363702e-03
1.364757e-03
1.366798e-03
1.368620e-03
1.370246e-03
1.372637e-03
1.373081e-03
1.375151e-03
1.376498e-03
1.377497e-03
1.378864e-03
1.380332e-03
1.381957e-03
1.382369e-03
1.383561e-03
1.386854e-03
1.387161e-03
1.388343e-03
1.391008e-03
1.392424e-03
1.395613e-03
1.396389e-03
1.398589e-03
1.399297e-03
1.401012e-03
1.403877e-03
1.405798e-03
1.408797e-03
1.409735e-03
1.410521e-03
1.412562e-03
1.413556e-03
1.415696e-03
1.417651e-03
1.420836e-03
1.421793e-03
1.425641e-03
1.425862e-03
1.426578e-03
1.428366e-03
1.429565e-03
1.430471e-03
1.432364e-03
1.435314e-03
1.435726e-03
1.437659e-03
1.439594e-03
1.442276e-03
1.442306e-03
1.445193e-03
1.446636e-03
1.449584e-03
1.451230e-03
1.452307e-03
1.453771e-03
1.454973e-03
1.456893e-03
1.457890e-03
1.459583e-03
1.460422e-03
1.462754e-03
1.463416e-03
1.464602e-03
1.467612e-03
1.468055e-03
1.468145e-03
1.469756e-03
1.472935e-03
1.474424e-03
1.477408e-03
1.479003e-03
1.480768e-03
1.483252e-03
1.484813e-03
1.486175e-03
1.488455e-03
1.490234e-03
1.491197e-03
1.492279e-03
1.493620e-03
1.494967e-03
1.495895e-03
1.498654e-03
1.500248e-03
1.502175e-03
1.503785e-03
1.505131e-03
1.507336e-03
1.508272e-03
1.510501e-03
1.512205e-03
1.513629e-03
1.516553e-03
1.517030e-03
1.517822e-03
1.518949e-03
1.521759e-03
1.523228e-03
1.524296e-03
1.526033e-03
1.528740e-03
1.531453e-03
1.533216e-03
1.534516e-03
1.537343e-03
1.538650e-03
1.539966e-03
1.541773e-03
1.542901e-03
1.545565e-03
1.546953e-03
1.548011e-03
1.550135e-03
1.551384e-03
1.553552e-03
1.555985e-03
1.557298e-03
1.557950e-03
1.559610e-03
1.560660e-03
1.562244e-03
1.563224e-03
1.565324e-03
1.567726e-03
1.571263e-03
1.572363e-03
1.573504e-03
1.575952e-03
1.576162e-03
1.578143e-03
1.579535e-03
1.582274e-03
1.582507e-03
1.586343e-03
1.587342e-03
1.588001e-03
1.590347e-03
1.591377e-03
1.591838e-03
1.593645e-03
1.597033e-03
1.597761e-03
1.599707e-03
1.601172e-03
1.603093e-03
1.603885e-03
1.604165e-03
1.606590e-03
1.609159e-03
1.611517e-03
1.613027e-03
1.614698e-03
1.615669e-03
1.616527e-03
1.620038e-03
1.620375e-03
1.621780e-03
1.623525e-03
1.627544e-03
1.629275e-03
1.630618e-03
1.631086e-03
1.633872e-03
1.634905e-03
1.638061e-03
1.638466e-03
1.640123e-03
1.643922e-03
1.645733e-03
1.646766e-03
1.648576e-03
1.649082e-03
1.650750e-03
1.651042e-03
1.653521e-03
1.653892e-03
1.656298e-03
1.659281e-03
1.661156e-03
1.662946e-03
1.664462e-03
1.666756e-03
1.669230e-03
1.669972e-03
1.671122e-03
1.671960e-03
1.677416e-03
1.677977e-03
1.680234e-03
1.682989e-03
1.683309e-03
1.685624e-03
1.686359e-03
1.688270e-03
1.688876e-03
1.689860e-03
1.692032e-03
1.693114e-03
1.694649e-03
1.695129e-03
1.696183e-03
1.698586e-03
1.700787e-03
1.701450e-03
1.705591e-03
1.705948e-03
1.707686e-03
1.710385e-03
1.712001e-03
1.712705e-03
1.716667e-03
1.717215e-03
1.719567e-03
1.722512e-03
1.723858e-03
1.724286e-03
1.725355e-03
1.728070e-03
1.729106e-03
1.730711e-03
1.732199e-03
1.734423e-03
1.737190e-03
1.739127e-03
1.739960e-03
1.741916e-03
1.743109e-03
1.744575e-03
1.746163e-03
1.751265e-03
1.751526e-03
1.753134e-03
1.754515e-03
1.756849e-03
1.757044e-03
1.759319e-03
1.761248e-03
1.761634e-03
1.762113e-03
1.763812e-03
1.765807e-03
1.766737e-03
1.770322e-03
1.770935e-03
1.772570e-03
1.773976e-03
1.775480e-03
1.777541e-03
1.779371e-03
1.784405e-03
1.784626e-03
1.787059e-03
1.787665e-03
1.788975e-03
1.790287e-03
1.793689e-03
1.795573e-03
1.797441e-03
1.797849e-03
1.798450e-03
1.801244e-03
1.802734e-03
1.804579e-03
1.806014e-03
1.808095e-03
1.809006e-03
1.810463e-03
1.812973e-03
1.814067e-03
1.815028e-03
1.817204e-03
1.818155e-03
1.820607e-03
1.823542e-03
1.824160e-03
1.826024e-03
1.826544e-03
1.828522e-03
1.830528e-03
1.832872e-03
1.835128e-03
1.837489e-03
1.840507e-03
1.842131e-03
1.842903e-03
1.844418e-03
1.846355e-03
1.848745e-03
1.850115e-03
1.851778e-03
1.854121e-03
1.855691e-03
1.857985e-03
1.859690e-03
1.860556e-03
1.862580e-03
1.863811e-03
1.866874e-03
1.867588e-03
1.868448e-03
1.869338e-03
1.871757e-03
1.872562e-03
1.874639e-03
1.877536e-03
1.880309e-03
1.881152e-03
1.881880e-03
1.884676e-03
1.885263e-03
1.887115e-03
1.890918e-03
1.892500e-03
1.893742e-03
1.893889e-03
1.896764e-03
1.898149e-03
1.899131e-03
1.899811e-03
1.901854e-03
1.903348e-03
1.906950e-03
1.910514e-03
1.912712e-03
1.914244e-03
1.915309e-03
1.917227e-03
1.918824e-03
1.919720e-03
1.920911e-03
1.922957e-03
1.923638e-03
1.928468e-03
1.930202e-03
1.930673e-03
1.933531e-03
1.935611e-03
1.936836e-03
1.939312e-03
1.941464e-03
1.944853e-03
1.946102e-03
1.947310e-03
1.948191e-03
1.950700e-03
1.951998e-03
1.952362e-03
1.955021e-03
1.957167e-03
1.958623e-03
1.959961e-03
1.962282e-03
1.962424e-03
1.964922e-03
1.967327e-03
1.968618e-03
1.971945e-03
1.972776e-03
1.973251e-03
1.976047e-03
1.977154e-03
1.978256e-03
1.981858e-03
1.982541e-03
1.983235e-03
1.984728e-03
1.988230e-03
1.990326e-03
1.991280e-03
1.992745e-03
1.993059e-03
1.994205e-03
1.997072e-03
2.001135e-03
2.002066e-03
2.005871e-03
2.006359e-03
2.006763e-03
2.009952e-03
2.010987e-03
2.012824e-03
2.014029e-03
2.016787e-03
2.016858e-03
2.020143e-03
2.022468e-03
2.023336e-03
2.025131e-03
2.027863e-03
2.029203e-03
2.031147e-03
2.032628e-03
2.035575e-03
2.036179e-03
2.036751e-03
2.039141e-03
2.040271e-03
2.042805e-03
2.044110e-03
2.045902e-03
2.046563e-03
2.050105e-03
2.051346e-03
2.053445e-03
2.054273e-03
2.057584e-03
2.060405e-03
2.061535e-03
2.061699e-03
2.062641e-03
2.062832e-03
2.067731e-03
2.068652e-03
2.071966e-03
2.073930e-03
2.074910e-03
2.077383e-03
2.079796e-03
2.080386e-03
2.081871e-03
2.084796e-03
2.086905e-03
2.087606e-03
2.088590e-03
2.092672e-03
2.095479e-03
2.095898e-03
2.097153e-03
2.099800e-03
2.101389e-03
2.105080e-03
2.106877e-03
2.107651e-03
2.108290e-03
2.109791e-03
2.111771e-03
2.112637e-03
2.115255e-03
2.117364e-03
2.119178e-03
2.121292e-03
2.122204e-03
2.123997e-03
2.127156e-03
2.130282e-03
2.132597e-03
2.132809e-03
2.134285e-03
2.136574e-03
2.139119e-03
2.140515e-03
2.142288e-03
2.142812e-03
2.146205e-03
2.148815e-03
2.150395e-03
2.152340e-03
2.153616e-03
2.155087e-03
2.157633e-03
2.158292e-03
2.161223e-03
2.161864e-03
2.162650e-03
2.164696e-03
2.166357e-03
2.168650e-03
2.169825e-03
2.172207e-03
2.173836e-03
2.175399e-03
2.176350e-03
2.180789e-03
2.182705e-03
2.184576e-03
2.185718e-03
2.186800e-03
2.189878e-03
2.191598e-03
2.192404e-03
2.195085e-03
2.197190e-03
2.199381e-03
2.202862e-03
2.203321e-03
2.205305e-03
2.206398e-03
2.209410e-03
2.210402e-03
2.211554e-03
2.213255e-03
2.214881e-03
2.216992e-03
2.218991e-03
2.220641e-03
2.223236e-03
2.223926e-03
2.226715e-03
2.228103e-03
2.230384e-03
2.232202e-03
2.234786e-03
2.236329e-03
2.237764e-03
2.239012e-03
2.242088e-03
2.242819e-03
2.246366e-03
2.248057e-03
2.250353e-03
2.252305e-03
2.253518e-03
2.255262e-03
2.256303e-03
2.257956e-03
2.260336e-03
2.262462e-03
2.263641e-03
2.266625e-03
2.267123e-03
2.268470e-03
2.272688e-03
2.273923e-03
2.275385e-03
2.279013e-03
2.280845e-03
2.282255e-03
2.283633e-03
2.285136e-03
2.286504e-03
2.288261e-03
2.289896e-03
2.291204e-03
2.295077e-03
2.296664e-03
2.298527e-03
2.300085e-03
2.301976e-03
2.304729e-03
2.305487e-03
2.307158e-03
2.308698e-03
2.311639e-03
2.311971e-03
2.314286e-03
2.316027e-03
2.317210e-03
2.319153e-03
2.320962e-03
2.323417e-03
2.324170e-03
2.324845e-03
2.328728e-03
2.331312e-03
2.333954e-03
2.336154e-03
2.337023e-03
2.340143e-03
2.341317e-03
2.343856e-03
2.346011e-03
2.346632e-03
2.348690e-03
2.350681e-03
2.352902e-03
2.355280e-03
2.356863e-03
2.358443e-03
2.359329e-03
2.361347e-03
2.362076e-03
2.364303e-03
2.365490e-03
2.367285e-03
2.368095e-03
2.370599e-03
2.373533e-03
2.374834e-03
2.375993e-03
2.379882e-03
2.381794e-03
2.383218e-03
2.383435e-03
2.385510e-03
2.389111e-03
2.389879e-03
2.391763e-03
2.392827e-03
2.395991e-03
2.398597e-03
2.400097e-03
2.401331e-03
2.402778e-03
2.404030e-03
2.407079e-03
2.407638e-03
2.410369e-03
2.410842e-03
2.413850e-03
2.414925e-03
2.417433e-03
2.418972e-03
2.421868e-03
2.423985e-03
2.426853e-03
2.428312e-03
2.429184e-03
2.430961e-03
2.431755e-03
2.434072e-03
2.435538e-03
2.436516e-03
2.439177e-03
2.441052e-03
2.443541e-03
2.444779e-03
2.448172e-03
2.452541e-03
2.453394e-03
2.455099e-03
2.455491e-03
2.458462e-03
2.459510e-03
2.461641e-03
2.462276e-03
2.466428e-03
2.467158e-03
2.469447e-03
2.471772e-03
2.473147e-03
2.473702e-03
2.475268e-03
2.477011e-03
2.479457e-03
2.479802e-03
2.483170e-03
2.485038e-03
2.488526e-03
2.489794e-03
2.490485e-03
2.492171e-03
2.495213e-03
2.496184e-03
2.497708e-03
2.499837e-03
2.501359e-03
2.503395e-03
2.503845e-03
2.505764e-03
2.508032e-03
2.509920e-03
2.511348e-03
2.514044e-03
2.516583e-03
2.517860e-03
2.522927e-03
2.524398e-03
2.525551e-03
2.527178e-03
2.529563e-03
2.532076e-03
2.534068e-03
2.534817e-03
2.537188e-03
2.539285e-03
2.540410e-03
2.541346e-03
2.545079e-03
2.547533e-03
2.548852e-03
2.551218e-03
2.552606e-03
2.553632e-03
2.554610e-03
2.557459e-03
2.559024e-03
2.562074e-03
2.562660e-03
2.564744e-03
2.568677e-03
2.569769e-03
2.571116e-03
2.574597e-03
2.575252e-03
2.576389e-03
2.578627e-03
2.581783e-03
2.582042e-03
2.584066e-03
2.587877e-03
2.589569e-03
2.590043e-03
2.592227e-03
2.594613e-03
2.597509e-03
2.599195e-03
2.601249e-03
2.602541e-03
2.604554e-03
2.607259e-03
2.609259e-03
2.609752e-03
2.613705e-03
2.614100e-03
2.614744e-03
2.618154e-03
2.619897e-03
2.620152e-03
2.625674e-03
2.627596e-03
2.627887e-03
2.629356e-03
2.634630e-03
2.636425e-03
2.637660e-03
2.638550e-03
2.641652e-03
2.642526e-03
2.645269e-03
2.647133e-03
2.649319e-03
2.650633e-03
2.653720e-03
2.655773e-03
2.657722e-03
2.661057e-03
2.663093e-03
2.664653e-03
2.664881e-03
2.666456e-03
2.667665e-03
2.670500e-03
2.671717e-03
2.672872e-03
2.676055e-03
2.677944e-03
2.679481e-03
2.682506e-03
2.682756e-03
2.685954e-03
2.688519e-03
2.689608e-03
2.693256e-03
2.694776e-03
2.696478e-03
2.697938e-03
2.698529e-03
2.700687e-03
2.704291e-03
2.707306e-03
2.708932e-03
2.709935e-03
2.710745e-03
2.713227e-03
2.715038e-03
2.718941e-03
2.720175e-03
2.720676e-03
2.723015e-03
2.723700e-03
2.726219e-03
2.728748e-03
2.730177e-03
2.732629e-03
2.733746e-03
2.737019e-03
2.738251e-03
2.738928e-03
2.741437e-03
2.743276e-03
2.747246e-03
2.748461e-03
2.750799e-03
2.752701e-03
2.756463e-03
2.759601e-03
2.760509e-03
2.762507e-03
2.764567e-03
2.766445e-03
2.768056e-03
2.770177e-03
2.772958e-03
2.773650e-03
2.775648e-03
2.777510e-03
2.781202e-03
2.782178e-03
2.784170e-03
2.787193e-03
2.787930e-03
2.789010e-03
2.793629e-03
2.795826e-03
2.797000e-03
2.799972e-03
2.802320e-03
2.804651e-03
2.807112e-03
2.809786e-03
2.811419e-03
2.812502e-03
2.814339e-03
2.817361e-03
2.817676e-03
2.820000e-03
2.820484e-03
2.823442e-03
2.825094e-03
2.827855e-03
2.829432e-03
2.831695e-03
2.833248e-03
2.833940e-03
2.836404e-03
2.838830e-03
2.840202e-03
2.842671e-03
2.844837e-03
2.845233e-03
2.850326e-03
2.850669e-03
2.852157e-03
2.856134e-03
2.857491e-03
2.858112e-03
2.860694e-03
2.861344e-03
2.865257e-03
2.867259e-03
2.869285e-03
2.870668e-03
2.872106e-03
2.873822e-03
2.875080e-03
2.877435e-03
2.881606e-03
2.884465e-03
2.885554e-03
2.886407e-03
2.889889e-03
2.891704e-03
2.892965e-03
2.894999e-03
2.898140e-03
2.898852e-03
2.900042e-03
2.904949e-03
2.907247e-03
2.907912e-03
2.909755e-03
2.910461e-03
2.912478e-03
2.915827e-03
2.918593e-03
2.919701e-03
2.923348e-03
2.924721e-03
2.925460e-03
2.929230e-03
2.930198e-03
2.931000e-03
2.932793e-03
2.934451e-03
2.936396e-03
2.938278e-03
2.942729e-03
2.945189e-03
2.946029e-03
2.949759e-03
2.950705e-03
2.952709e-03
2.954674e-03
2.956208e-03
2.958152e-03
2.961343e-03
2.963080e-03
2.965605e-03
2.966245e-03
2.967857e-03
2.970807e-03
2.971718e-03
2.973839e-03
2.975573e-03
2.979349e-03
2.980666e-03
2.981307e-03
2.984914e-03
2.987283e-03
2.990094e-03
2.990861e-03
2.992901e-03
2.994510e-03
2.996749e-03
2.997076e-03
2.998460e-03
3.001153e-03
3.002656e-03
3.004058e-03
3.007687e-03
3.011014e-03
3.012889e-03
3.016783e-03
3.020167e-03
3.023058e-03
3.023449e-03
3.024448e-03
3.025782e-03
3.028163e-03
3.031983e-03
3.033541e-03
3.035040e-03
3.037286e-03
3.038632e-03
3.041029e-03
3.042178e-03
3.045292e-03
3.047993e-03
3.049095e-03
3.052357e-03
3.053717e-03
3.054694e-03
3.056709e-03
3.058299e-03
3.059716e-03
3.062582e-03
3.063926e-03
3.066672e-03
3.068250e-03
3.072495e-03
3.074319e-03
3.075951e-03
3.078140e-03
3.078468e-03
3.079517e-03
3.081078e-03
3.084179e-03
3.085354e-03
3.089489e-03
3.090690e-03
3.094959e-03
3.095893e-03
3.097809e-03
3.098621e-03
3.100503e-03
3.104257e-03
3.105198e-03
3.106156e-03
3.107779e-03
3.109623e-03
3.111705e-03
3.113792e-03
3.116100e-03
3.117672e-03
3.121668e-03
3.122248e-03
3.124467e-03
3.127065e-03
3.128104e-03
3.130230e-03
3.131835e-03
3.132518e-03
3.135687e-03
3.137228e-03
3.139457e-03
3.141900e-03
3.143072e-03
3.148527e-03
3.149772e-03
3.152381e-03
3.153622e-03
3.154635e-03
3.157214e-03
3.159806e-03
3.162839e-03
3.164505e-03
3.165729e-03
3.168041e-03
3.170749e-03
3.172791e-03
3.174397e-03
3.176183e-03
3.177743e-03
3.181453e-03
3.183073e-03
3.185003e-03
3.186446e-03
3.189552e-03
3.191403e-03
3.194242e-03
3.194713e-03
3.196795e-03
3.199080e-03
3.201231e-03
3.202370e-03
3.205972e-03
3.206730e-03
3.208305e-03
3.210802e-03
3.211988e-03
3.214894e-03
3.215928e-03
3.218219e-03
3.221618e-03
3.222994e-03
3.225346e-03
3.228254e-03
3.229094e-03
3.233533e-03
3.234613e-03
3.235874e-03
3.237536e-03
3.240218e-03
3.241466e-03
3.244368e-03
3.244690e-03
3.248898e-03
3.249602e-03
3.252469e-03
3.255584e-03
3.257032e-03
3.258482e-03
3.260756e-03
3.261789e-03
3.264470e-03
3.264516e-03
3.269862e-03
3.271885e-03
3.274684e-03
3.275456e-03
3.278475e-03
3.279603e-03
3.280558e-03
3.284898e-03
3.285628e-03
3.287524e-03
3.289291e-03
3.290233e-03
3.296270e-03
3.297391e-03
3.299661e-03
3.301152e-03
3.304927e-03
3.305828e-03
3.306778e-03
3.309176e-03
3.311213e-03
3.313898e-03
3.315775e-03
3.320163e-03
3.322879e-03
3.324199e-03
3.326925e-03
3.329703e-03
3.330953e-03
3.333717e-03
3.336228e-03
3.336589e-03
3.337675e-03
3.342047e-03
3.344163e-03
3.346146e-03
3.347704e-03
3.350064e-03
3.350411e-03
3.355221e-03
3.356701e-03
3.359369e-03
3.364023e-03
3.364452e-03
3.364746e-03
3.365133e-03
3.369196e-03
3.369803e-03
3.372997e-03
3.375307e-03
3.377491e-03
3.381205e-03
3.383177e-03
3.383896e-03
3.388386e-03
3.388998e-03
3.390845e-03
3.392118e-03
3.395046e-03
3.397218e-03
3.398632e-03
3.400579e-03
3.405010e-03
3.406090e-03
3.407529e-03
3.410459e-03
3.412755e-03
3.416221e-03
3.417612e-03
3.420202e-03
3.422433e-03
3.425271e-03
3.428600e-03
3.430390e-03
3.432358e-03
3.433442e-03
3.434835e-03
3.438439e-03
3.438971e-03
3.441454e-03
3.442835e-03
3.444401e-03
3.447824e-03
3.448152e-03
3.451696e-03
3.452895e-03
3.453094e-03
3.455992e-03
3.458894e-03
3.459583e-03
3.462920e-03
3.465681e-03
3.469025e-03
3.470246e-03
3.471346e-03
3.473393e-03
3.474495e-03
3.478026e-03
3.480498e-03
3.482674e-03
3.483916e-03
3.486899e-03
3.492363e-03
3.495258e-03
3.496686e-03
3.497874e-03
3.499932e-03
3.500882e-03
3.503246e-03
3.505609e-03
3.508326e-03
3.512025e-03
3.512897e-03
3.516670e-03
3.518261e-03
3.518800e-03
3.520254e-03
3.521991e-03
3.525442e-03
3.526099e-03
3.530405e-03
3.531893e-03
3.533937e-03
3.536926e-03
3.538761e-03
3.544283e-03
3.545670e-03
3.547641e-03
3.550033e-03
3.551062e-03
3.553217e-03
3.553544e-03
3.557578e-03
3.561096e-03
3.563062e-03
3.564346e-03
3.565583e-03
3.567465e-03
3.569970e-03
3.573752e-03
3.575133e-03
3.576862e-03
3.578839e-03
3.581457e-03
3.584148e-03
3.586197e-03
3.587484e-03
3.590287e-03
3.591103e-03
3.596690e-03
3.599193e-03
3.600358e-03
3.602625e-03
3.603818e-03
3.606942e-03
3.610074e-03
3.610850e-03
3.613676e-03
3.616278e-03
3.619894e-03
3.620468e-03
3.621674e-03
3.627686e-03
3.630084e-03
3.630252e-03
3.630790e-03
3.633982e-03
3.635690e-03
3.636506e-03
3.639307e-03
3.642127e-03
3.643244e-03
3.646905e-03
3.650184e-03
3.651351e-03
3.653339e-03
3.657256e-03
3.659277e-03
3.659459e-03
3.663067e-03
3.665444e-03
3.668868e-03
3.669170e-03
3.670654e-03
3.673163e-03
3.677217e-03
3.679567e-03
3.680453e-03
3.682992e-03
3.686790e-03
3.688934e-03
3.690713e-03
3.691907e-03
3.694788e-03
3.695814e-03
3.698705e-03
3.699675e-03
3.700845e-03
3.703231e-03
3.706337e-03
3.710016e-03
3.711866e-03
3.713517e-03
3.715178e-03
3.715963e-03
3.716617e-03
3.720945e-03
3.722530e-03
3.725026e-03
3.728279e-03
3.731057e-03
3.733869e-03
3.735917e-03
3.736462e-03
3.738608e-03
3.740733e-03
3.745403e-03
3.746815e-03
3.750099e-03
3.750862e-03
3.754589e-03
3.758060e-03
3.758634e-03
3.759775e-03
3.764426e-03
3.765668e-03
3.767609e-03
3.769114e-03
3.771581e-03
3.772529e-03
3.776478e-03
3.777134e-03
3.782069e-03
3.783477e-03
3.785710e-03
3.788784e-03
3.789936e-03
3.791662e-03
3.793743e-03
3.795230e-03
3.797176e-03
3.800516e-03
3.804853e-03
3.807887e-03
3.808373e-03
3.810124e-03
3.813545e-03
3.814243e-03
3.816458e-03
3.823034e-03
3.824470e-03
3.825319e-03
3.828661e-03
3.828921e-03
3.830763e-03
3.833669e-03
3.834577e-03
3.836016e-03
3.838759e-03
3.842860e-03
3.844525e-03
3.845474e-03
3.846669e-03
3.849998e-03
3.855895e-03
3.856687e-03
3.859741e-03
3.861380e-03
3.863834e-03
3.867156e-03
3.867340e-03
3.869793e-03
3.871746e-03
3.873934e-03
3.875352e-03
3.877906e-03
3.881261e-03
3.883075e-03
3.888584e-03
3.889996e-03
3.893938e-03
3.895538e-03
3.897777e-03
3.900676e-03
3.903116e-03
3.905473e-03
3.906677e-03
3.909401e-03
3.912160e-03
3.913596e-03
3.916053e-03
3.918459e-03
3.919609e-03
3.923928e-03
3.924955e-03
3.926204e-03
3.928016e-03
3.930353e-03
3.931311e-03
3.937110e-03
3.937980e-03
3.941626e-03
3.944393e-03
3.947964e-03
3.948475e-03
3.951103e-03
3.954030e-03
3.954377e-03
3.959184e-03
3.962642e-03
3.965289e-03
3.966124e-03
3.968381e-03
3.970361e-03
3.972881e-03
3.976138e-03
3.978964e-03
3.979869e-03
3.982672e-03
3.983851e-03
3.987476e-03
3.990596e-03
3.994608e-03
3.996788e-03
3.999298e-03
4.000656e-03
4.001605e-03
4.006292e-03
4.007307e-03
4.011686e-03
4.014007e-03
4.016407e-03
4.016934e-03
4.019291e-03
4.024338e-03
4.025959e-03
4.026892e-03
4.028661e-03
4.031266e-03
4.032500e-03
4.037870e-03
4.038466e-03
4.042364e-03
4.043928e-03
4.046339e-03
4.047855e-03
4.052663e-03
4.055684e-03
4.057457e-03
4.060046e-03
4.060538e-03
4.063947e-03
4.065420e-03
4.067754e-03
4.069855e-03
4.072112e-03
4.076047e-03
4.078319e-03
4.080064e-03
4.081879e-03
4.084741e-03
4.085357e-03
4.089696e-03
4.092573e-03
4.093792e-03
4.096602e-03
4.099260e-03
4.102414e-03
4.104911e-03
4.105845e-03
4.110700e-03
4.111736e-03
4.114296e-03
4.114637e-03
4.117948e-03
4.119245e-03
4.123481e-03
4.126518e-03
4.127863e-03
4.129107e-03
4.130091e-03
4.136077e-03
4.138675e-03
4.142582e-03
4.143468e-03
4.144829e-03
4.146081e-03
4.147649e-03
4.149779e-03
4.152272e-03
4.155878e-03
4.158680e-03
4.160981e-03
4.162361e-03
4.165374e-03
4.166352e-03
4.168892e-03
4.170504e-03
4.171849e-03
4.174767e-03
4.177454e-03
4.178973e-03
4.185257e-03
4.185647e-03
4.188142e-03
4.192742e-03
4.194805e-03
4.196978e-03
4.201001e-03
4.202772e-03
4.204653e-03
4.206176e-03
4.208682e-03
4.210890e-03
4.213522e-03
4.216695e-03
4.219508e-03
4.222947e-03
4.224755e-03
4.227633e-03
4.228019e-03
4.230043e-03
4.233681e-03
4.236626e-03
4.237964e-03
4.239562e-03
4.241921e-03
4.243790e-03
4.244825e-03
4.248620e-03
4.250490e-03
4.253550e-03
4.255252e-03
4.256812e-03
4.262034e-03
4.264399e-03
4.266053e-03
4.267786e-03
4.271961e-03
4.273633e-03
4.276171e-03
4.277896e-03
4.279444e-03
4.284191e-03
4.287742e-03
4.288228e-03
4.291656e-03
4.295214e-03
4.297152e-03
4.299105e-03
4.300432e-03
4.303882e-03
4.306080e-03
4.307537e-03
4.311673e-03
4.314809e-03
4.316723e-03
4.319343e-03
4.319700e-03
4.322314e-03
4.327376e-03
4.329532e-03
4.332383e-03
4.334514e-03
4.336193e-03
4.337939e-03
4.338690e-03
4.342325e-03
4.346174e-03
4.346318e-03
4.348857e-03
4.351755e-03
4.354820e-03
4.355105e-03
4.357524e-03
4.359372e-03
4.362143e-03
4.365126e-03
4.368507e-03
4.371578e-03
4.372443e-03
4.374996e-03
4.375512e-03
4.378005e-03
4.379601e-03
4.381267e-03
4.382624e-03
4.386080e-03
4.390801e-03
4.392699e-03
4.394094e-03
4.396637e-03
4.399224e-03
4.403913e-03
4.406079e-03
4.406925e-03
4.409535e-03
4.410908e-03
4.415712e-03
4.420384e-03
4.421816e-03
4.423562e-03
4.426699e-03
4.428807e-03
4.429983e-03
4.433656e-03
4.437106e-03
4.439084e-03
4.442090e-03
4.443353e-03
4.444867e-03
4.447563e-03
4.452092e-03
4.454915e-03
4.455608e-03
4.457474e-03
4.461548e-03
4.465418e-03
4.468573e-03
4.470326e-03
4.471194e-03
4.472590e-03
4.473265e-03
4.476948e-03
4.479997e-03
4.484647e-03
4.486668e-03
4.489620e-03
4.492055e-03
4.492868e-03
4.496896e-03
4.497257e-03
4.498935e-03
4.503779e-03
4.504659e-03
4.506172e-03
4.508326e-03
4.513017e-03
4.517023e-03
4.519958e-03
4.522119e-03
4.525986e-03
4.529296e-03
4.530095e-03
4.530423e-03
4.533194e-03
4.536554e-03
4.539232e-03
4.541204e-03
4.542528e-03
4.545699e-03
4.546121e-03
4.549444e-03
4.551060e-03
4.554771e-03
4.558267e-03
4.558397e-03
4.560219e-03
4.561179e-03
4.564132e-03
4.568371e-03
4.572132e-03
4.574304e-03
4.577082e-03
4.580992e-03
4.581757e-03
4.582906e-03
4.588562e-03
4.590765e-03
4.592847e-03
4.593832e-03
4.596855e-03
4.597994e-03
4.599399e-03
4.604138e-03
4.612445e-03
4.614711e-03
4.616322e-03
4.618453e-03
4.621912e-03
4.623566e-03
4.624207e-03
4.626059e-03
4.630037e-03
4.631386e-03
4.636014e-03
4.636256e-03
4.637421e-03
4.638987e-03
4.643270e-03
4.645328e-03
4.649696e-03
4.651286e-03
4.653141e-03
4.655443e-03
4.657239e-03
4.661200e-03
4.662621e-03
4.663752e-03
4.666598e-03
4.668310e-03
4.671249e-03
4.675118e-03
4.678319e-03
4.682503e-03
4.683843e-03
4.685822e-03
4.688040e-03
4.689813e-03
4.693637e-03
4.695894e-03
4.698668e-03
4.702326e-03
4.702990e-03
4.706063e-03
4.708030e-03
4.708604e-03
4.713774e-03
4.716157e-03
4.717611e-03
4.720995e-03
4.722880e-03
4.726431e-03
4.729508e-03
4.732633e-03
4.734597e-03
4.739981e-03
4.740373e-03
4.741650e-03
4.743722e-03
4.747200e-03
4.749368e-03
4.752511e-03
4.755156e-03
4.757077e-03
4.760961e-03
4.761144e-03
4.764447e-03
4.767303e-03
4.771663e-03
4.773999e-03
4.777343e-03
4.778307e-03
4.779293e-03
4.783803e-03
4.787340e-03
4.788044e-03
4.788290e-03
4.794204e-03
4.795216e-03
4.798721e-03
4.800256e-03
4.802123e-03
4.807916e-03
4.809496e-03
4.809990e-03
4.817156e-03
4.818436e-03
4.819243e-03
4.821255e-03
4.824512e-03
4.826618e-03
4.830824e-03
4.831524e-03
4.834823e-03
4.837604e-03
4.838985e-03
4.843927e-03
4.845859e-03
4.847991e-03
4.850203e-03
4.852121e-03
4.853831e-03
4.854447e-03
4.858772e-03
4.863959e-03
4.866406e-03
4.868443e-03
4.869206e-03
4.869332e-03
4.872540e-03
4.876983e-03
4.878830e-03
4.879762e-03
4.882207e-03
4.891036e-03
4.891796e-03
4.893272e-03
4.897793e-03
4.901774e-03
4.903164e-03
4.904153e-03
4.905656e-03
4.908386e-03
4.915111e-03
4.916529e-03
4.917406e-03
4.923095e-03
4.924834e-03
4.925079e-03
4.929187e-03
4.930773e-03
4.933683e-03
4.935694e-03
4.939164e-03
4.941960e-03
4.943188e-03
4.945934e-03
4.947687e-03
4.949785e-03
4.953466e-03
4.954848e-03
4.957662e-03
4.959074e-03
4.962356e-03
4.968909e-03
4.969904e-03
4.971183e-03
4.972972e-03
4.976907e-03
4.979844e-03
4.980520e-03
4.983954e-03
4.989064e-03
4.992281e-03
4.996010e-03
4.997140e-03
5.001163e-03
5.003211e-03
5.005475e-03
5.008787e-03
5.009730e-03
5.014167e-03
5.014769e-03
5.017331e-03
5.018233e-03
5.022838e-03
5.024929e-03
5.029118e-03
5.031387e-03
5.033499e-03
5.036523e-03
5.040131e-03
5.042586e-03
5.045991e-03
5.050396e-03
5.051195e-03
5.052728e-03
5.055120e-03
5.058226e-03
5.060912e-03
5.063563e-03
5.064614e-03
5.069448e-03
5.070883e-03
5.074347e-03
5.077247e-03
5.079259e-03
5.081121e-03
5.084822e-03
5.086978e-03
5.089611e-03
5.093890e-03
5.093902e-03
5.096725e-03
5.099820e-03
5.103463e-03
5.106584e-03
5.110699e-03
5.113984e-03
5.118726e-03
5.119247e-03
5.122594e-03
5.124088e-03
5.125341e-03
5.127253e-03
5.131578e-03
5.133634e-03
5.134934e-03
5.135936e-03
5.139256e-03
5.142120e-03
5.145860e-03
5.149955e-03
5.153472e-03
5.155983e-03
5.159461e-03
5.160849e-03
5.163891e-03
5.167511e-03
5.170259e-03
5.173008e-03
5.176413e-03
5.178803e-03
5.179456e-03
5.180251e-03
5.185303e-03
5.188370e-03
5.191904e-03
5.194144e-03
5.196000e-03
5.197472e-03
5.202644e-03
5.205989e-03
5.208021e-03
5.210767e-03
5.211916e-03
5.215013e-03
5.218960e-03
5.220982e-03
5.221852e-03
5.225356e-03
5.229888e-03
5.233971e-03
5.234423e-03
5.237394e-03
5.239586e-03
5.243586e-03
5.247216e-03
5.249316e-03
5.255649e-03
5.257408e-03
5.259404e-03
5.261071e-03
5.262609e-03
5.265849e-03
5.268717e-03
5.270927e-03
5.272050e-03
5.278862e-03
5.280361e-03
5.282044e-03
5.284855e-03
5.288065e-03
5.290817e-03
5.292004e-03
5.293160e-03
5.295933e-03
5.302186e-03
5.304046e-03
5.305949e-03
5.307515e-03
5.312020e-03
5.315185e-03
5.315732e-03
5.320391e-03
5.321819e-03
5.324287e-03
5.326667e-03
5.331879e-03
5.332991e-03
5.337686e-03
5.339206e-03
5.341993e-03
5.343779e-03
5.345105e-03
5.350112e-03
5.354169e-03
5.355265e-03
5.358137e-03
5.361220e-03
5.364870e-03
5.366679e-03
5.369003e-03
5.373962e-03
5.375438e-03
5.377727e-03
5.381273e-03
5.386357e-03
5.387589e-03
5.390107e-03
5.392325e-03
5.397760e-03
5.399903e-03
5.404000e-03
5.406989e-03
5.407890e-03
5.409890e-03
5.411526e-03
5.412648e-03
5.417182e-03
5.418875e-03
5.422783e-03
5.424359e-03
5.425692e-03
5.432971e-03
5.435792e-03
5.437322e-03
5.438965e-03
5.440084e-03
5.443879e-03
5.447829e-03
5.450188e-03
5.453684e-03
5.458038e-03
5.460961e-03
5.462732e-03
5.463833e-03
5.465658e-03
5.469123e-03
5.471463e-03
5.473323e-03
5.474700e-03
5.478556e-03
5.479466e-03
5.481486e-03
5.482851e-03
5.484778e-03
5.491238e-03
5.491639e-03
5.494655e-03
5.497147e-03
5.501990e-03
5.504860e-03
5.508181e-03
5.509347e-03
5.512354e-03
5.514722e-03
5.516005e-03
5.522306e-03
5.527151e-03
5.529953e-03
5.532042e-03
5.534222e-03
5.537068e-03
5.540490e-03
5.545360e-03
5.546046e-03
5.550859e-03
5.551976e-03
5.556280e-03
5.557342e-03
5.560607e-03
5.563880e-03
5.565499e-03
5.568691e-03
5.572272e-03
5.573807e-03
5.576952e-03
5.577626e-03
5.580825e-03
5.583478e-03
5.586910e-03
5.588947e-03
5.591263e-03
5.594500e-03
5.599869e-03
5.601155e-03
5.606039e-03
5.608048e-03
5.610923e-03
5.613715e-03
5.616463e-03
5.619425e-03
5.620343e-03
5.623587e-03
5.625797e-03
5.632349e-03
5.634829e-03
5.637232e-03
5.641477e-03
5.643027e-03
5.646060e-03
5.647720e-03
5.649599e-03
5.653345e-03
5.655473e-03
5.660691e-03
5.665780e-03
5.666149e-03
5.668203e-03
5.669968e-03
5.671885e-03
5.674838e-03
5.679723e-03
5.681313e-03
5.684322e-03
5.686343e-03
5.687555e-03
5.690540e-03
5.692134e-03
5.693530e-03
5.695466e-03
5.702970e-03
5.708055e-03
5.709390e-03
5.712213e-03
5.717313e-03
5.719247e-03
5.722219e-03
5.723338e-03
5.724871e-03
5.727968e-03
5.728754e-03
5.734502e-03
5.736175e-03
5.738610e-03
5.741818e-03
5.745036e-03
5.746456e-03
5.751278e-03
5.752219e-03
5.754874e-03
5.757514e-03
5.761083e-03
5.765117e-03
5.766424e-03
5.769711e-03
5.772376e-03
5.774557e-03
5.777608e-03
5.781444e-03
5.783940e-03
5.785193e-03
5.788527e-03
5.792870e-03
5.795271e-03
5.795547e-03
5.800222e-03
5.804415e-03
5.806424e-03
5.809386e-03
5.813424e-03
5.816744e-03
5.821424e-03
5.823221e-03
5.824321e-03
5.829835e-03
5.830346e-03
5.831928e-03
5.833826e-03
5.835405e-03
5.840607e-03
5.844700e-03
5.845365e-03
5.850492e-03
5.853367e-03
5.855798e-03
5.859434e-03
5.861646e-03
5.864404e-03
5.866163e-03
5.868556e-03
5.872485e-03
5.875078e-03
5.878888e-03
5.881379e-03
5.885418e-03
5.887884e-03
5.890951e-03
5.895390e-03
5.899617e-03
5.900673e-03
5.902593e-03
5.905725e-03
5.909016e-03
5.911867e-03
5.916326e-03
5.918013e-03
5.920799e-03
5.924750e-03
5.926439e-03
5.928143e-03
5.933272e-03
5.936313e-03
5.939030e-03
5.941232e-03
5.941802e-03
5.945360e-03
5.949483e-03
5.950796e-03
5.952555e-03
5.957277e-03
5.960487e-03
5.965051e-03
5.967228e-03
5.969672e-03
5.973901e-03
5.974849e-03
5.979129e-03
5.980061e-03
5.984914e-03
5.986846e-03
5.990976e-03
5.992563e-03
5.995868e-03
5.998682e-03
5.999977e-03
6.002518e-03
6.004658e-03
6.007544e-03
6.009944e-03
6.012228e-03
6.013993e-03
6.020299e-03
6.022921e-03
6.027383e-03
6.029150e-03
6.031608e-03
6.033934e-03
6.037994e-03
6.039700e-03
6.044775e-03
6.046498e-03
6.050973e-03
6.052233e-03
6.054456e-03
6.057393e-03
6.060215e-03
6.061246e-03
6.067414e-03
6.069066e-03
6.070938e-03
6.074605e-03
6.082208e-03
6.083183e-03
6.089240e-03
6.090060e-03
6.092678e-03
6.094841e-03
6.095959e-03
6.096618e-03
6.103312e-03
6.107284e-03
6.108438e-03
6.111560e-03
6.115284e-03
6.117970e-03
6.123507e-03
6.125121e-03
6.127451e-03
6.127929e-03
6.134539e-03
6.138320e-03
6.139371e-03
6.144352e-03
6.145918e-03
6.148296e-03
6.154459e-03
6.156315e-03
6.158856e-03
6.164615e-03
6.169577e-03
6.172261e-03
6.175341e-03
6.178069e-03
6.179405e-03
6.180309e-03
6.185781e-03
6.192279e-03
6.195086e-03
6.197369e-03
6.200808e-03
6.203901e-03
6.205801e-03
6.208595e-03
6.210268e-03
6.214810e-03
6.217038e-03
6.220410e-03
6.223637e-03
6.225086e-03
6.230519e-03
6.231736e-03
6.236886e-03
6.239083e-03
6.241461e-03
6.244529e-03
6.245016e-03
6.248595e-03
6.252092e-03
6.253284e-03
6.256232e-03
6.260137e-03
6.260906e-03
6.265980e-03
6.273594e-03
6.275794e-03
6.277450e-03
6.278468e-03
6.281462e-03
6.287618e-03
6.289827e-03
6.293165e-03
6.294356e-03
6.296216e-03
6.305169e-03
6.306500e-03
6.307030e-03
6.313760e-03
6.314377e-03
6.314764e-03
6.318009e-03
6.322548e-03
6.323221e-03
6.326239e-03
6.330516e-03
6.336589e-03
6.340503e-03
6.342688e-03
6.346599e-03
6.348504e-03
6.351894e-03
6.353116e-03
6.358995e-03
6.360493e-03
6.361696e-03
6.364933e-03
6.367696e-03
6.371598e-03
6.375013e-03
6.377758e-03
6.381372e-03
6.387267e-03
6.391176e-03
6.391554e-03
6.397735e-03
6.398101e-03
6.402426e-03
6.403305e-03
6.406381e-03
6.410126e-03
6.411834e-03
6.415130e-03
6.416851e-03
6.419379e-03
6.421389e-03
6.425368e-03
6.430464e-03
6.431275e-03
6.434484e-03
6.438082e-03
6.444090e-03
6.444321e-03
6.447352e-03
6.450206e-03
6.452061e-03
6.457351e-03
6.458719e-03
6.462174e-03
6.463581e-03
6.468219e-03
6.470078e-03
6.472187e-03
6.472618e-03
6.479039e-03
6.484341e-03
6.486307e-03
6.490263e-03
6.491964e-03
6.497777e-03
6.500008e-03
6.505111e-03
6.507168e-03
6.509493e-03
6.515144e-03
6.516531e-03
6.517049e-03
6.522018e-03
6.523573e-03
6.524818e-03
6.532692e-03
6.535184e-03
6.538011e-03
6.541186e-03
6.549415e-03
6.551476e-03
6.552502e-03
6.556042e-03
6.558728e-03
6.560901e-03
6.565580e-03
6.566098e-03
6.567374e-03
6.569328e-03
6.578501e-03
6.580208e-03
6.583919e-03
6.586812e-03
6.589670e-03
6.592580e-03
6.594562e-03
6.601803e-03
6.601955e-03
6.604732e-03
6.609913e-03
6.612802e-03
6.615142e-03
6.620517e-03
6.622438e-03
6.624905e-03
6.628635e-03
6.630498e-03
6.632011e-03
6.639316e-03
6.643076e-03
6.646104e-03
6.648269e-03
6.653841e-03
6.655962e-03
6.660249e-03
6.662072e-03
6.663646e-03
6.666187e-03
6.672034e-03
6.672779e-03
6.675848e-03
6.678727e-03
6.684146e-03
6.687518e-03
6.687612e-03
6.692415e-03
6.697121e-03
6.700283e-03
6.707129e-03
6.709855e-03
6.712914e-03
6.714083e-03
6.716183e-03
6.721685e-03
6.727161e-03
6.728382e-03
6.735869e-03
6.736787e-03
6.740730e-03
6.741255e-03
6.744843e-03
6.745643e-03
6.748763e-03
6.753488e-03
6.755223e-03
6.761473e-03
6.767251e-03
6.768212e-03
6.772799e-03
6.776032e-03
6.777491e-03
6.784039e-03
6.785751e-03
6.787856e-03
6.792445e-03
6.798498e-03
6.799676e-03
6.802033e-03
6.802860e-03
6.806108e-03
6.812916e-03
6.815518e-03
6.821451e-03
6.823452e-03
6.824080e-03
6.827087e-03
6.829821e-03
6.837895e-03
6.839905e-03
6.842142e-03
6.846938e-03
6.848746e-03
6.853799e-03
6.855011e-03
6.859593e-03
6.859740e-03
6.867745e-03
6.872568e-03
6.876648e-03
6.876971e-03
6.881077e-03
6.883362e-03
6.886583e-03
6.893658e-03
6.898128e-03
6.902461e-03
6.903719e-03
6.906169e-03
6.913420e-03
6.916056e-03
6.917764e-03
6.924768e-03
6.925002e-03
6.929276e-03
6.931913e-03
6.932511e-03
6.936360e-03
6.940587e-03
6.944062e-03
6.947777e-03
6.952430e-03
6.956681e-03
6.958283e-03
6.959790e-03
6.963979e-03
6.967249e-03
6.968887e-03
6.975075e-03
6.976232e-03
6.978385e-03
6.981586e-03
6.983555e-03
6.990522e-03
6.992259e-03
6.997539e-03
7.002346e-03
7.005851e-03
7.007469e-03
7.008316e-03
7.013445e-03
7.020026e-03
7.020820e-03
7.022347e-03
7.024748e-03
7.026016e-03
7.030333e-03
7.040129e-03
7.041365e-03
7.042013e-03
7.046405e-03
7.053706e-03
7.056170e-03
7.059526e-03
7.060806e-03
7.070812e-03
7.071886e-03
7.073110e-03
7.079945e-03
7.081866e-03
7.083764e-03
7.085693e-03
7.091530e-03
7.097721e-03
7.101933e-03
7.103812e-03
7.108156e-03
7.109599e-03
7.115870e-03
7.116660e-03
7.122209e-03
7.125227e-03
7.126238e-03
7.128662e-03
7.133363e-03
7.136456e-03
7.142708e-03
7.145174e-03
7.145869e-03
7.150781e-03
7.151907e-03
7.157985e-03
7.161937e-03
7.164595e-03
7.167290e-03
7.170914e-03
7.176624e-03
7.178942e-03
7.182719e-03
7.183217e-03
7.185348e-03
7.191641e-03
7.192864e-03
7.197143e-03
7.199599e-03
7.203235e-03
7.207744e-03
7.208745e-03
7.213902e-03
7.216034e-03
7.223182e-03
7.227310e-03
7.228525e-03
7.236183e-03
7.237601e-03
7.243114e-03
7.247097e-03
7.249654e-03
7.255782e-03
7.256080e-03
7.261436e-03
7.262648e-03
7.264150e-03
7.269282e-03
7.271066e-03
7.272643e-03
7.276626e-03
7.282170e-03
7.283525e-03
7.288964e-03
7.293023e-03
7.297755e-03
7.300796e-03
7.302068e-03
7.304196e-03
7.309038e-03
7.313674e-03
7.315540e-03
7.319250e-03
7.324486e-03
7.327330e-03
7.333030e-03
7.335467e-03
7.342000e-03
7.345212e-03
7.346735e-03
7.350474e-03
7.354938e-03
7.357699e-03
7.360318e-03
7.361587e-03
7.363735e-03
7.367236e-03
7.370805e-03
7.377466e-03
7.380656e-03
7.382150e-03
7.384827e-03
7.390001e-03
7.394443e-03
7.401154e-03
7.403053e-03
7.409051e-03
7.411651e-03
7.415244e-03
7.415703e-03
7.418483e-03
7.423626e-03
7.425751e-03
7.428654e-03
7.431113e-03
7.436709e-03
7.440402e-03
7.443688e-03
7.448445e-03
7.449261e-03
7.452841e-03
7.458867e-03
7.461858e-03
7.464241e-03
7.468894e-03
7.471512e-03
7.472440e-03
7.477062e-03
7.480982e-03
7.484180e-03
7.489112e-03
7.492137e-03
7.497193e-03
7.503720e-03
7.504064e-03
7.505122e-03
7.509026e-03
7.512009e-03
7.515822e-03
7.518062e-03
7.521104e-03
7.523274e-03
7.526188e-03
7.527605e-03
7.537793e-03
7.539584e-03
7.543110e-03
7.544829e-03
7.551056e-03
7.551904e-03
7.554522e-03
7.557116e-03
7.562690e-03
7.563653e-03
7.567427e-03
7.568546e-03
7.573570e-03
7.578440e-03
7.584438e-03
7.587734e-03
7.593452e-03
7.595098e-03
7.598072e-03
7.600550e-03
7.604531e-03
7.606877e-03
7.611708e-03
7.612191e-03
7.615571e-03
7.620891e-03
7.625016e-03
7.628064e-03
7.631002e-03
7.632564e-03
7.637742e-03
7.640735e-03
7.642449e-03
7.647279e-03
7.654437e-03
7.657433e-03
7.663827e-03
7.666735e-03
7.670215e-03
7.670876e-03
7.677083e-03
7.681354e-03
7.684159e-03
7.686631e-03
7.687166e-03
7.694615e-03
7.701907e-03
7.705373e-03
7.710882e-03
7.712330e-03
7.719489e-03
7.721941e-03
7.723726e-03
7.727253e-03
7.729080e-03
7.731845e-03
7.737278e-03
7.741112e-03
7.744080e-03
7.748413e-03
7.749239e-03
7.755408e-03
7.756818e-03
7.760373e-03
7.767357e-03
7.768805e-03
7.770804e-03
7.776388e-03
7.780794e-03
7.782810e-03
7.785199e-03
7.789921e-03
7.795032e-03
7.795773e-03
7.798342e-03
7.799191e-03
7.805352e-03
7.807090e-03
7.811058e-03
7.817788e-03
7.819939e-03
7.823583e-03
7.824781e-03
7.829602e-03
7.834802e-03
7.841747e-03
7.847998e-03
7.848869e-03
7.853252e-03
7.855096e-03
7.860224e-03
7.861308e-03
7.866347e-03
7.873344e-03
7.874270e-03
7.878353e-03
7.881036e-03
7.885990e-03
7.888815e-03
7.893138e-03
7.896966e-03
7.901833e-03
7.903295e-03
7.904025e-03
7.907088e-03
7.912185e-03
7.912973e-03
7.915583e-03
7.917478e-03
7.920740e-03
7.925898e-03
7.929492e-03
7.933309e-03
7.939087e-03
7.942088e-03
7.945661e-03
7.947102e-03
7.951866e-03
7.957603e-03
7.960718e-03
7.963407e-03
7.967868e-03
7.973750e-03
7.977740e-03
7.979751e-03
7.983615e-03
7.987635e-03
7.992484e-03
7.993118e-03
7.998305e-03
8.004444e-03
8.006566e-03
8.007267e-03
8.009713e-03
8.017599e-03
8.024816e-03
8.027105e-03
8.028769e-03
8.033225e-03
8.034955e-03
8.040378e-03
8.044617e-03
8.046324e-03
8.050578e-03
8.056740e-03
8.059514e-03
8.065579e-03
8.067437e-03
8.070610e-03
8.073818e-03
8.081031e-03
8.084998e-03
8.091015e-03
8.091354e-03
8.093007e-03
8.096599e-03
8.103546e-03
8.103894e-03
8.111204e-03
8.112513e-03
8.116300e-03
8.121745e-03
8.126665e-03
8.128444e-03
8.132617e-03
8.134740e-03
8.137672e-03
8.143313e-03
8.145799e-03
8.147233e-03
8.149294e-03
8.152840e-03
8.162765e-03
8.168322e-03
8.172916e-03
8.175424e-03
8.176976e-03
8.184220e-03
8.184993e-03
8.186318e-03
8.195716e-03
8.196974e-03
8.201064e-03
8.207756e-03
8.210810e-03
8.212416e-03
8.212674e-03
8.214630e-03
8.218674e-03
8.220628e-03
8.233172e-03
8.236127e-03
8.240756e-03
8.243099e-03
8.246965e-03
8.253879e-03
8.255356e-03
8.256445e-03
8.261351e-03
8.266339e-03
8.271628e-03
8.274021e-03
8.277082e-03
8.279330e-03
8.284509e-03
8.286511e-03
8.293305e-03
8.294677e-03
8.302111e-03
8.305433e-03
8.308651e-03
8.313603e-03
8.316010e-03
8.316861e-03
8.323453e-03
8.329622e-03
8.332576e-03
8.333905e-03
8.335374e-03
8.344648e-03
8.347841e-03
8.348484e-03
8.351371e-03
8.358575e-03
8.362330e-03
8.364005e-03
8.372465e-03
8.375262e-03
8.376471e-03
8.379678e-03
8.384849e-03
8.388171e-03
8.391699e-03
8.392766e-03
8.399925e-03
8.404454e-03
8.406667e-03
8.410647e-03
8.412009e-03
8.417127e-03
8.420503e-03
8.423076e-03
8.427104e-03
8.433437e-03
8.435820e-03
8.438837e-03
8.442237e-03
8.443555e-03
8.449966e-03
8.452970e-03
8.457522e-03
8.460909e-03
8.462063e-03
8.467517e-03
8.468929e-03
8.476663e-03
8.484024e-03
8.485362e-03
8.489840e-03
8.492665e-03
8.496034e-03
8.499375e-03
8.500176e-03
8.502621e-03
8.510957e-03
8.513010e-03
8.519132e-03
8.521105e-03
8.521662e-03
8.534166e-03
8.537055e-03
8.541717e-03
8.544443e-03
8.549846e-03
8.552378e-03
8.557272e-03
8.559635e-03
8.561552e-03
8.566169e-03
8.579793e-03
8.580162e-03
8.584403e-03
8.587858e-03
8.592630e-03
8.598802e-03
8.602336e-03
8.604728e-03
8.606340e-03
8.611652e-03
8.613921e-03
8.620259e-03
8.622883e-03
8.627613e-03
8.630849e-03
8.634159e-03
8.636477e-03
8.645224e-03
8.648303e-03
8.651173e-03
8.656145e-03
8.661958e-03
8.663144e-03
8.665658e-03
8.669937e-03
8.673164e-03
8.673777e-03
8.674262e-03
8.677959e-03
8.684023e-03
8.688514e-03
8.694325e-03
8.699328e-03
8.703588e-03
8.706677e-03
8.707808e-03
8.709236e-03
8.718709e-03
8.720705e-03
8.723411e-03
8.726438e-03
8.730886e-03
8.738742e-03
8.740304e-03
8.749708e-03
8.751178e-03
8.757203e-03
8.759375e-03
8.765215e-03
8.768128e-03
8.772590e-03
8.774120e-03
8.779539e-03
8.783519e-03
8.784595e-03
8.790085e-03
8.795576e-03
8.799878e-03
8.800421e-03
8.804264e-03
8.813114e-03
8.816052e-03
8.820107e-03
8.826245e-03
8.829203e-03
8.831002e-03
8.835458e-03
8.838830e-03
8.847378e-03
8.848442e-03
8.853451e-03
8.854009e-03
8.860351e-03
8.866357e-03
8.867334e-03
8.871131e-03
8.875902e-03
8.879713e-03
8.882054e-03
8.883322e-03
8.894866e-03
8.899231e-03
8.904535e-03
8.908778e-03
8.910625e-03
8.913852e-03
8.919154e-03
8.925234e-03
8.928650e-03
8.929988e-03
8.935638e-03
8.940045e-03
8.941396e-03
8.949148e-03
8.951286e-03
8.952092e-03
8.958742e-03
8.960986e-03
8.969792e-03
8.975836e-03
8.976999e-03
8.980224e-03
8.986240e-03
8.989240e-03
8.994912e-03
8.999113e-03
8.999967e-03
9.007246e-03
9.010929e-03
9.013178e-03
9.020800e-03
9.022801e-03
9.023624e-03
9.027340e-03
9.031381e-03
9.035333e-03
9.036958e-03
9.040667e-03
9.046146e-03
9.049211e-03
9.054273e-03
9.057339e-03
9.058502e-03
9.064728e-03
9.070636e-03
9.074307e-03
9.077708e-03
9.083328e-03
9.087189e-03
9.092182e-03
9.097461e-03
9.099037e-03
9.106639e-03
9.112209e-03
9.116741e-03
9.119114e-03
9.119394e-03
9.125317e-03
9.128874e-03
9.132281e-03
9.141514e-03
9.145642e-03
9.151222e-03
9.152738e-03
9.155397e-03
9.158627e-03
9.161358e-03
9.165424e-03
9.173314e-03
9.177638e-03
9.183018e-03
9.186006e-03
9.187530e-03
9.195935e-03
9.197117e-03
9.198910e-03
9.206172e-03
9.214909e-03
9.216020e-03
9.221103e-03
9.224337e-03
9.229182e-03
9.231789e-03
9.237768e-03
9.242405e-03
9.248035e-03
9.250718e-03
9.256055e-03
9.256833e-03
9.260308e-03
9.268275e-03
9.271928e-03
9.277041e-03
9.277913e-03
9.281280e-03
9.287476e-03
9.295845e-03
9.298841e-03
9.304514e-03
9.310038e-03
9.311728e-03
9.313231e-03
9.319700e-03
9.321513e-03
9.325661e-03
9.328322e-03
9.331936e-03
9.338647e-03
9.343520e-03
9.346314e-03
9.349496e-03
9.352361e-03
9.358022e-03
9.362997e-03
9.365593e-03
9.370583e-03
9.376869e-03
9.378936e-03
9.386571e-03
9.392464e-03
9.393111e-03
9.400898e-03
9.402229e-03
9.405615e-03
9.410069e-03
9.414784e-03
9.422233e-03
9.424386e-03
9.428858e-03
9.432927e-03
9.433403e-03
9.438474e-03
9.442333e-03
9.445152e-03
9.449044e-03
9.455073e-03
9.458974e-03
9.459870e-03
9.466708e-03
9.471330e-03
9.478099e-03
9.484406e-03
9.485362e-03
9.489330e-03
9.489741e-03
9.492837e-03
9.499783e-03
9.504955e-03
9.505241e-03
9.512473e-03
9.518282e-03
9.521148e-03
9.525814e-03
9.528955e-03
9.536244e-03
9.542730e-03
9.546219e-03
9.553749e-03
9.555057e-03
9.557149e-03
9.557440e-03
9.563026e-03
9.575751e-03
9.578385e-03
9.579528e-03
9.582339e-03
9.589830e-03
9.598615e-03
9.600899e-03
9.604376e-03
9.611120e-03
9.613344e-03
9.618734e-03
9.623724e-03
9.625012e-03
9.628672e-03
9.637109e-03
9.640125e-03
9.648366e-03
9.653169e-03
9.656139e-03
9.658223e-03
9.662042e-03
9.670499e-03
9.673879e-03
9.676933e-03
9.678142e-03
9.686531e-03
9.691069e-03
9.696737e-03
9.700775e-03
9.710996e-03
9.712837e-03
9.714928e-03
9.720208e-03
9.721220e-03
9.724921e-03
9.728681e-03
9.737525e-03
9.738246e-03
9.741365e-03
9.749079e-03
9.750971e-03
9.756752e-03
9.758796e-03
9.766038e-03
9.768739e-03
9.775150e-03
9.776204e-03
9.781999e-03
9.785907e-03
9.790807e-03
9.801793e-03
9.804997e-03
9.812169e-03
9.817611e-03
9.819707e-03
9.822062e-03
9.824879e-03
9.829437e-03
9.830814e-03
9.836522e-03
9.838211e-03
9.844315e-03
9.847662e-03
9.852915e-03
9.855318e-03
9.859204e-03
9.865045e-03
9.868915e-03
9.873608e-03
9.875783e-03
9.882643e-03
9.886384e-03
9.891432e-03
9.892199e-03
9.899615e-03
9.900156e-03
9.904637e-03
9.909914e-03
9.916399e-03
9.923348e-03
9.927627e-03
9.929554e-03
9.935749e-03
9.944554e-03
9.948707e-03
9.950892e-03
9.954322e-03
9.960986e-03
9.964524e-03
9.970177e-03
9.972992e-03
9.976425e-03
9.981745e-03
9.986634e-03
9.988978e-03
9.990626e-03
9.994808e-03
9.996722e-03
1.000749e-02
1.001168e-02
1.001305e-02
1.001470e-02
1.002038e-02
1.002775e-02
1.002887e-02
1.003158e-02
1.003753e-02
1.004420e-02
1.004997e-02
1.005441e-02
1.005717e-02
1.005941e-02
1.006686e-02
1.007090e-02
1.007824e-02
1.007876e-02
1.008668e-02
1.008765e-02
1.009186e-02
1.010052e-02
1.010459e-02
1.011072e-02
1.011293e-02
1.011531e-02
1.012179e-02
1.012871e-02
1.013090e-02
1.013733e-02
1.014119e-02
1.014234e-02
1.014551e-02
1.015236e-02
1.015606e-02
1.016284e-02
1.016988e-02
1.017116e-02
1.017667e-02
1.018292e-02
1.018699e-02
1.019164e-02
1.019504e-02
1.019766e-02
1.020500e-02
1.020942e-02
1.021264e-02
1.021960e-02
1.022432e-02
1.022911e-02
1.023647e-02
1.023939e-02
1.024523e-02
1.024604e-02
1.025141e-02
1.026058e-02
1.026133e-02
1.026775e-02
1.027336e-02
1.027910e-02
1.028705e-02
1.028959e-02
1.029415e-02
1.029906e-02
1.029946e-02
1.030275e-02
1.031397e-02
1.031887e-02
1.032282e-02
1.032772e-02
1.033312e-02
1.033776e-02
1.033850e-02
1.034487e-02
1.034899e-02
1.035032e-02
1.035360e-02
1.036194e-02
1.036714e-02
1.036838e-02
1.037805e-02
1.038054e-02
1.038565e-02
1.038897e-02
1.039412e-02
1.040158e-02
1.040573e-02
1.041159e-02
1.041372e-02
1.041652e-02
1.042020e-02
1.042375e-02
1.042977e-02
1.043166e-02
1.043545e-02
1.043882e-02
1.044633e-02
1.045190e-02
1.045508e-02
1.045923e-02
1.046061e-02
1.046529e-02
1.046897e-02
1.047569e-02
1.047903e-02
1.048330e-02
1.049100e-02
1.049408e-02
1.049515e-02
1.049839e-02
1.050240e-02
1.051402e-02
1.051525e-02
1.052305e-02
1.052623e-02
1.053132e-02
1.053557e-02
1.054096e-02
1.054675e-02
1.055075e-02
1.055449e-02
1.056050e-02
1.056755e-02
1.056935e-02
1.057018e-02
1.057620e-02
1.058211e-02
1.058487e-02
1.058987e-02
1.059517e-02
1.059942e-02
1.060666e-02
1.061598e-02
1.061931e-02
1.062699e-02
1.062915e-02
1.063105e-02
1.063468e-02
1.064578e-02
1.064672e-02
1.064912e-02
1.065308e-02
1.065582e-02
1.066410e-02
1.066912e-02
1.067051e-02
1.067990e-02
1.068737e-02
1.069467e-02
1.069741e-02
1.070165e-02
1.070478e-02
1.070958e-02
1.071881e-02
1.072238e-02
1.072489e-02
1.073107e-02
1.073501e-02
1.074260e-02
1.074480e-02
1.075052e-02
1.075370e-02
1.075966e-02
1.076430e-02
1.076796e-02
1.077017e-02
1.078579e-02
1.078939e-02
1.079717e-02
1.080023e-02
1.080352e-02
1.080866e-02
1.081228e-02
1.081484e-02
1.082166e-02
1.082285e-02
1.082907e-02
1.083282e-02
1.083717e-02
1.083848e-02
1.084373e-02
1.084806e-02
1.085633e-02
1.086231e-02
1.086580e-02
1.086776e-02
1.087705e-02
1.088035e-02
1.088690e-02
1.089073e-02
1.089858e-02
1.090748e-02
1.091327e-02
1.091795e-02
1.092419e-02
1.092568e-02
1.093578e-02
1.093748e-02
1.094570e-02
1.095135e-02
1.095405e-02
1.096194e-02
1.096770e-02
1.097084e-02
1.098066e-02
1.098435e-02
1.098630e-02
1.099389e-02
1.099809e-02
1.099940e-02
1.100582e-02
1.100684e-02
1.101582e-02
1.101904e-02
1.101983e-02
1.102511e-02
1.102764e-02
1.103388e-02
1.104372e-02
1.104865e-02
1.105084e-02
1.105924e-02
1.106467e-02
1.106883e-02
1.107302e-02
1.107766e-02
1.108552e-02
1.108956e-02
1.109369e-02
1.109928e-02
1.110655e-02
1.111473e-02
1.111620e-02
1.111868e-02
1.113187e-02
1.113782e-02
1.114188e-02
1.114442e-02
1.115156e-02
1.116177e-02
1.116252e-02
1.116618e-02
1.117179e-02
1.117322e-02
1.117578e-02
1.118438e-02
1.118850e-02
1.119374e-02
1.120080e-02
1.120657e-02
1.121067e-02
1.121541e-02
1.121835e-02
1.122776e-02
1.122979e-02
1.123491e-02
1.124012e-02
1.124402e-02
1.124762e-02
1.125386e-02
1.125785e-02
1.126867e-02
1.127059e-02
1.127412e-02
1.127801e-02
1.128927e-02
1.129470e-02
1.129720e-02
1.130707e-02
1.130980e-02
1.131606e-02
1.131711e-02
1.132149e-02
1.132891e-02
1.133409e-02
1.133969e-02
1.134293e-02
1.134578e-02
1.135021e-02
1.135668e-02
1.136939e-02
1.137418e-02
1.137825e-02
1.138110e-02
1.138767e-02
1.139508e-02
1.139769e-02
1.140025e-02
1.140468e-02
1.140703e-02
1.141332e-02
1.141384e-02
1.141852e-02
1.142291e-02
1.142484e-02
1.143154e-02
1.143882e-02
1.144594e-02
1.145279e-02
1.145370e-02
1.146417e-02
1.146501e-02
1.147043e-02
1.147453e-02
1.148243e-02
1.149085e-02
1.149259e-02
1.149552e-02
1.150003e-02
1.150657e-02
1.151048e-02
1.151226e-02
1.152319e-02
1.152739e-02
1.153172e-02
1.154248e-02
1.155151e-02
1.155696e-02
1.155999e-02
1.156533e-02
1.157125e-02
1.158072e-02
1.158748e-02
1.159019e-02
1.159726e-02
1.159918e-02
1.160357e-02
1.160884e-02
1.161920e-02
1.162324e-02
1.162638e-02
1.163108e-02
1.163386e-02
1.163690e-02
1.164409e-02
1.165567e-02
1.166057e-02
1.166373e-02
1.166794e-02
1.167041e-02
1.167691e-02
1.168358e-02
1.168727e-02
1.169494e-02
1.169583e-02
1.169947e-02
1.170471e-02
1.171444e-02
1.171757e-02
1.172339e-02
1.173218e-02
1.173443e-02
1.174418e-02
1.174813e-02
1.175448e-02
1.175886e-02
1.176376e-02
1.176965e-02
1.177295e-02
1.177924e-02
1.178228e-02
1.178506e-02
1.178994e-02
1.179402e-02
1.180349e-02
1.180701e-02
1.180767e-02
1.181456e-02
1.182320e-02
1.182761e-02
1.183090e-02
1.183941e-02
1.184448e-02
1.185020e-02
1.185666e-02
1.186007e-02
1.186832e-02
1.187159e-02
1.187762e-02
1.188488e-02
1.188809e-02
1.189195e-02
1.189547e-02
1.190247e-02
1.190525e-02
1.191469e-02
1.192320e-02
1.192570e-02
1.192884e-02
1.193221e-02
1.193982e-02
1.194737e-02
1.195163e-02
1.195864e-02
1.196487e-02
1.196861e-02
1.197513e-02
1.197723e-02
1.198397e-02
1.199509e-02
1.199728e-02
1.200275e-02
1.200871e-02
1.201435e-02
1.201717e-02
1.202697e-02
1.203483e-02
1.204704e-02
1.204899e-02
1.205084e-02
1.205681e-02
1.205891e-02
1.206340e-02
1.207350e-02
1.207765e-02
1.208783e-02
1.209139e-02
1.209830e-02
1.210281e-02
1.210417e-02
1.211072e-02
1.211612e-02
1.211992e-02
1.212814e-02
1.213190e-02
1.213452e-02
1.213927e-02
1.214312e-02
1.215627e-02
1.215849e-02
1.216131e-02
1.217029e-02
1.217776e-02
1.218023e-02
1.218803e-02
1.219413e-02
1.219899e-02
1.220255e-02
1.220641e-02
1.221540e-02
1.222290e-02
1.222605e-02
1.222910e-02
1.223287e-02
1.223718e-02
1.224526e-02
1.225091e-02
1.225611e-02
1.225762e-02
1.226623e-02
1.227082e-02
1.227647e-02
1.228070e-02
1.228932e-02
1.229105e-02
1.229541e-02
1.230252e-02
1.230669e-02
1.231022e-02
1.231363e-02
1.232543e-02
1.233170e-02
1.233416e-02
1.234104e-02
1.234541e-02
1.235389e-02
1.235692e-02
1.237120e-02
1.237576e-02
1.238135e-02
1.238565e-02
1.239532e-02
1.239917e-02
1.240180e-02
1.240873e-02
1.241476e-02
1.242157e-02
1.242546e-02
1.243093e-02
1.243686e-02
1.244260e-02
1.244557e-02
1.244687e-02
1.245713e-02
1.245990e-02
1.246855e-02
1.247376e-02
1.247536e-02
1.248065e-02
1.248358e-02
1.249515e-02
1.249700e-02
1.250405e-02
1.250551e-02
1.251218e-02
1.251300e-02
1.253056e-02
1.253498e-02
1.254010e-02
1.254710e-02
1.255266e-02
1.255570e-02
1.256313e-02
1.256730e-02
1.256922e-02
1.257766e-02
1.257935e-02
1.258663e-02
1.258793e-02
1.259036e-02
1.260555e-02
1.261201e-02
1.261490e-02
1.261846e-02
1.262272e-02
1.263726e-02
1.264325e-02
1.265180e-02
1.265365e-02
1.265789e-02
1.265957e-02
1.266560e-02
1.267348e-02
1.267801e-02
1.268221e-02
1.269065e-02
1.269483e-02
1.270433e-02
1.270950e-02
1.271177e-02
1.272001e-02
1.273082e-02
1.273802e-02
1.273945e-02
1.274400e-02
1.274636e-02
1.275211e-02
1.275400e-02
1.276755e-02
1.277588e-02
1.277602e-02
1.278034e-02
1.278634e-02
1.278637e-02
1.279803e-02
1.280698e-02
1.280988e-02
1.282429e-02
1.283392e-02
1.283480e-02
1.283743e-02
1.283935e-02
1.284317e-02
1.285536e-02
1.286347e-02
1.287039e-02
1.287188e-02
1.288045e-02
1.288110e-02
1.288786e-02
1.288947e-02
1.290123e-02
1.290767e-02
1.291288e-02
1.292150e-02
1.292961e-02
1.293181e-02
1.294169e-02
1.294693e-02
1.295289e-02
1.295776e-02
1.296279e-02
1.296753e-02
1.297346e-02
1.297498e-02
1.297825e-02
1.298323e-02
1.299171e-02
1.299584e-02
1.300053e-02
1.300359e-02
1.300788e-02
1.301416e-02
1.302096e-02
1.302401e-02
1.302869e-02
1.303755e-02
1.304066e-02
1.304262e-02
1.305573e-02
1.306029e-02
1.306866e-02
1.307233e-02
1.307782e-02
1.308478e-02
1.309021e-02
1.309275e-02
1.309934e-02
1.310662e-02
1.311219e-02
1.312071e-02
1.312455e-02
1.312988e-02
1.313574e-02
1.313701e-02
1.315007e-02
1.315446e-02
1.315934e-02
1.316412e-02
1.316496e-02
1.317514e-02
1.318199e-02
1.318910e-02
1.319357e-02
1.319431e-02
1.320874e-02
1.321277e-02
1.322007e-02
1.322291e-02
1.322896e-02
1.323331e-02
1.324104e-02
1.324315e-02
1.325360e-02
1.325498e-02
1.326294e-02
1.326650e-02
1.327564e-02
1.328382e-02
1.328999e-02
1.329290e-02
1.329961e-02
1.330391e-02
1.331456e-02
1.332423e-02
1.332855e-02
1.333613e-02
1.334036e-02
1.334725e-02
1.335187e-02
1.336229e-02
1.336545e-02
1.337286e-02
1.337914e-02
1.338180e-02
1.339684e-02
1.339839e-02
1.340308e-02
1.341116e-02
1.341218e-02
1.341418e-02
1.342345e-02
1.343661e-02
1.344321e-02
1.344926e-02
1.346019e-02
1.346433e-02
1.346716e-02
1.347652e-02
1.348031e-02
1.348282e-02
1.349278e-02
1.350330e-02
1.351225e-02
1.351973e-02
1.352409e-02
1.352657e-02
1.353210e-02
1.353793e-02
1.354522e-02
1.355123e-02
1.355487e-02
1.357062e-02
1.358180e-02
1.358228e-02
1.358411e-02
1.359020e-02
1.360280e-02
1.361032e-02
1.361583e-02
1.362244e-02
1.362669e-02
1.363178e-02
1.364165e-02
1.364905e-02
1.365231e-02
1.365565e-02
1.366121e-02
1.366538e-02
1.366916e-02
1.368049e-02
1.368828e-02
1.369632e-02
1.370170e-02
1.370655e-02
1.371111e-02
1.371442e-02
1.372292e-02
1.373305e-02
1.373886e-02
1.374488e-02
1.374975e-02
1.375963e-02
1.377078e-02
1.377383e-02
1.377974e-02
1.378401e-02
1.379478e-02
1.380346e-02
1.380799e-02
1.381040e-02
1.381864e-02
1.382444e-02
1.382971e-02
1.383669e-02
1.384331e-02
1.385132e-02
1.385644e-02
1.386283e-02
1.386906e-02
1.387189e-02
1.387639e-02
1.388485e-02
1.389138e-02
1.389528e-02
1.391013e-02
1.391350e-02
1.392047e-02
1.393184e-02
1.393337e-02
1.394787e-02
1.394972e-02
1.395371e-02
1.396010e-02
1.396103e-02
1.397590e-02
1.397913e-02
1.399342e-02
1.399916e-02
1.400319e-02
1.400577e-02
1.402337e-02
1.402747e-02
1.403015e-02
1.403607e-02
1.404157e-02
1.405515e-02
1.406763e-02
1.407509e-02
1.408038e-02
1.408698e-02
1.408917e-02
1.409149e-02
1.409988e-02
1.410486e-02
1.410803e-02
1.411579e-02
1.412044e-02
1.413033e-02
1.413428e-02
1.414098e-02
1.414746e-02
1.415397e-02
1.415700e-02
1.416940e-02
1.417012e-02
1.417213e-02
1.418335e-02
1.418833e-02
1.419399e-02
1.420604e-02
1.420814e-02
1.421313e-02
1.421928e-02
1.422863e-02
1.423754e-02
1.424180e-02
1.424887e-02
1.425188e-02
1.425558e-02
1.426525e-02
1.427187e-02
1.427801e-02
1.428221e-02
1.428655e-02
1.430002e-02
1.430426e-02
1.431067e-02
1.431712e-02
1.432579e-02
1.433096e-02
1.433614e-02
1.434830e-02
1.435066e-02
1.436172e-02
1.437354e-02
1.437975e-02
1.438670e-02
1.439391e-02
1.439619e-02
1.440179e-02
1.440690e-02
1.442054e-02
1.442385e-02
1.443365e-02
1.444261e-02
1.444717e-02
1.445648e-02
1.446232e-02
1.446684e-02
1.447001e-02
1.447716e-02
1.448646e-02
1.448815e-02
1.450333e-02
1.450800e-02
1.451564e-02
1.451725e-02
1.452284e-02
1.452979e-02
1.453593e-02
1.454513e-02
1.455529e-02
1.455793e-02
1.456588e-02
1.457652e-02
1.458878e-02
1.459013e-02
1.459525e-02
1.459844e-02
1.460558e-02
1.461004e-02
1.461939e-02
1.462842e-02
1.463521e-02
1.464096e-02
1.464367e-02
1.464943e-02
1.466313e-02
1.466440e-02
1.467751e-02
1.468247e-02
1.468648e-02
1.469058e-02
1.469574e-02
1.470409e-02
1.471107e-02
1.472075e-02
1.472689e-02
1.473175e-02
1.474371e-02
1.474694e-02
1.475322e-02
1.475857e-02
1.476839e-02
1.477030e-02
1.477373e-02
1.478352e-02
1.479688e-02
1.480535e-02
1.481035e-02
1.481427e-02
1.481925e-02
1.482477e-02
1.483486e-02
1.484283e-02
1.485030e-02
1.485413e-02
1.485672e-02
1.486596e-02
1.487058e-02
1.487715e-02
1.488929e-02
1.489204e-02
1.489859e-02
1.490655e-02
1.491590e-02
1.492478e-02
1.493649e-02
1.494114e-02
1.494510e-02
1.495584e-02
1.496255e-02
1.497368e-02
1.497652e-02
1.498186e-02
1.499067e-02
1.499682e-02
1.500238e-02
1.500865e-02
1.501628e-02
1.501945e-02
1.502561e-02
1.503511e-02
1.504210e-02
1.505450e-02
1.505927e-02
1.506339e-02
1.507977e-02
1.508207e-02
1.509101e-02
1.509236e-02
1.510110e-02
1.511346e-02
1.511462e-02
1.512337e-02
1.513162e-02
1.513596e-02
1.513748e-02
1.514170e-02
1.515170e-02
1.515977e-02
1.516755e-02
1.517299e-02
1.517941e-02
1.518422e-02
1.519349e-02
1.519642e-02
1.520511e-02
1.521858e-02
1.523270e-02
1.523519e-02
1.524243e-02
1.525114e-02
1.525369e-02
1.525807e-02
1.526377e-02
1.528135e-02
1.528281e-02
1.528683e-02
1.529490e-02
1.529569e-02
1.530065e-02
1.530694e-02
1.531681e-02
1.532659e-02
1.533078e-02
1.533853e-02
1.534534e-02
1.534930e-02
1.535393e-02
1.535927e-02
1.537409e-02
1.537841e-02
1.538398e-02
1.538917e-02
1.539319e-02
1.539774e-02
1.540588e-02
1.541538e-02
1.542138e-02
1.543272e-02
1.544248e-02
1.544503e-02
1.545542e-02
1.546098e-02
1.546978e-02
1.547717e-02
1.548269e-02
1.548518e-02
1.549974e-02
1.550859e-02
1.551331e-02
1.552007e-02
1.552400e-02
1.553445e-02
1.554111e-02
1.555185e-02
1.555652e-02
1.556127e-02
1.556962e-02
1.557541e-02
1.557848e-02
1.558396e-02
1.559696e-02
1.561300e-02
1.562265e-02
1.562968e-02
1.563820e-02
1.564038e-02
1.564882e-02
1.565565e-02
1.566085e-02
1.566900e-02
1.566991e-02
1.567955e-02
1.569077e-02
1.569264e-02
1.570522e-02
1.570799e-02
1.571379e-02
1.572499e-02
1.572934e-02
1.573828e-02
1.574181e-02
1.574971e-02
1.575582e-02
1.576085e-02
1.576247e-02
1.576986e-02
1.577848e-02
1.578945e-02
1.579667e-02
1.580153e-02
1.581238e-02
1.581528e-02
1.582323e-02
1.582818e-02
1.583047e-02
1.583970e-02
1.584521e-02
1.585689e-02
1.586106e-02
1.586783e-02
1.587469e-02
1.588505e-02
1.588733e-02
1.589719e-02
1.590282e-02
1.591121e-02
1.591412e-02
1.592682e-02
1.593939e-02
1.593971e-02
1.594944e-02
1.595564e-02
1.596163e-02
1.597354e-02
1.598157e-02
1.598683e-02
1.599041e-02
1.599303e-02
1.600819e-02
1.601191e-02
1.602123e-02
1.602904e-02
1.603178e-02
1.603822e-02
1.604185e-02
1.605066e-02
1.606422e-02
1.607763e-02
1.608095e-02
1.609060e-02
1.610419e-02
1.610738e-02
1.612103e-02
1.612241e-02
1.613473e-02
1.614078e-02
1.614883e-02
1.615350e-02
1.616037e-02
1.617377e-02
1.617990e-02
1.618696e-02
1.619143e-02
1.620442e-02
1.620932e-02
1.621340e-02
1.622037e-02
1.622182e-02
1.623959e-02
1.624738e-02
1.625627e-02
1.626589e-02
1.627609e-02
1.627981e-02
1.629188e-02
1.629657e-02
1.630176e-02
1.630877e-02
1.631078e-02
1.632309e-02
1.632866e-02
1.633528e-02
1.634424e-02
1.635142e-02
1.635549e-02
1.635962e-02
1.637132e-02
1.638548e-02
1.639108e-02
1.639504e-02
1.639754e-02
1.640368e-02
1.642330e-02
1.642772e-02
1.644109e-02
1.645007e-02
1.645482e-02
1.646259e-02
1.647391e-02
1.648208e-02
1.648877e-02
1.649279e-02
1.649688e-02
1.650830e-02
1.651703e-02
1.651940e-02
1.652975e-02
1.653580e-02
1.654126e-02
1.654402e-02
1.655228e-02
1.655891e-02
1.657169e-02
1.658012e-02
1.658524e-02
1.659352e-02
1.660237e-02
1.661800e-02
1.662748e-02
1.663463e-02
1.664248e-02
1.665243e-02
1.665819e-02
1.666569e-02
1.667547e-02
1.668068e-02
1.668797e-02
1.669414e-02
1.669857e-02
1.671125e-02
1.671744e-02
1.672834e-02
1.673384e-02
1.673742e-02
1.674462e-02
1.675052e-02
1.675279e-02
1.676446e-02
1.677488e-02
1.677960e-02
1.678818e-02
1.679400e-02
1.680106e-02
1.680314e-02
1.680984e-02
1.682053e-02
1.683158e-02
1.684146e-02
1.685161e-02
1.686732e-02
1.686860e-02
1.687291e-02
1.688610e-02
1.689314e-02
1.689848e-02
1.690549e-02
1.690941e-02
1.691369e-02
1.691982e-02
1.692171e-02
1.692711e-02
1.694310e-02
1.695802e-02
1.696021e-02
1.697260e-02
1.698262e-02
1.699008e-02
1.699414e-02
1.700225e-02
1.701227e-02
1.701594e-02
1.702231e-02
1.703647e-02
1.703956e-02
1.704291e-02
1.705374e-02
1.706219e-02
1.706930e-02
1.707736e-02
1.707965e-02
1.708804e-02
1.710472e-02
1.711640e-02
1.711870e-02
1.713076e-02
1.713699e-02
1.714531e-02
1.714718e-02
1.715196e-02
1.717149e-02
1.717594e-02
1.718537e-02
1.719594e-02
1.719899e-02
1.721022e-02
1.721222e-02
1.721912e-02
1.722714e-02
1.724019e-02
1.725145e-02
1.725592e-02
1.726161e-02
1.727480e-02
1.728925e-02
1.729536e-02
1.730607e-02
1.731760e-02
1.732416e-02
1.733134e-02
1.733888e-02
1.734800e-02
1.735324e-02
1.735704e-02
1.736791e-02
1.738381e-02
1.739277e-02
1.739627e-02
1.740964e-02
1.741400e-02
1.742755e-02
1.742904e-02
1.744470e-02
1.745034e-02
1.745258e-02
1.746101e-02
1.746536e-02
1.747531e-02
1.748045e-02
1.749064e-02
1.750195e-02
1.750478e-02
1.751305e-02
1.752404e-02
1.753083e-02
1.753320e-02
1.754731e-02
1.756171e-02
1.756257e-02
1.756545e-02
1.757351e-02
1.757914e-02
1.758492e-02
1.759268e-02
1.760700e-02
1.761101e-02
1.762192e-02
1.762542e-02
1.763021e-02
1.763528e-02
1.764461e-02
1.765829e-02
1.767526e-02
1.767825e-02
1.768345e-02
1.769648e-02
1.770124e-02
1.770741e-02
1.771537e-02
1.773782e-02
1.774051e-02
1.774672e-02
1.775806e-02
1.776588e-02
1.777084e-02
1.777708e-02
1.778434e-02
1.779575e-02
1.779970e-02
1.781036e-02
1.781925e-02
1.782660e-02
1.783517e-02
1.784409e-02
1.785244e-02
1.785701e-02
1.786703e-02
1.787333e-02
1.788540e-02
1.789167e-02
1.790491e-02
1.790694e-02
1.791675e-02
1.792560e-02
1.794177e-02
1.795200e-02
1.795910e-02
1.796416e-02
1.797150e-02
1.797492e-02
1.798697e-02
1.799158e-02
1.800001e-02
1.800994e-02
1.801628e-02
1.802554e-02
1.803707e-02
1.804617e-02
1.804769e-02
1.806215e-02
1.806509e-02
1.807806e-02
1.808513e-02
1.808757e-02
1.809808e-02
1.810607e-02
1.811482e-02
1.812439e-02
1.813329e-02
1.814142e-02
1.814767e-02
1.814953e-02
1.816072e-02
1.816222e-02
1.817754e-02
1.818660e-02
1.819924e-02
1.820032e-02
1.820571e-02
1.821954e-02
1.822573e-02
1.823527e-02
1.824850e-02
1.825923e-02
1.826583e-02
1.827307e-02
1.827635e-02
1.828049e-02
1.829102e-02
1.829488e-02
1.831314e-02
1.832393e-02
1.833465e-02
1.833821e-02
1.835233e-02
1.836387e-02
1.837303e-02
1.838189e-02
1.838871e-02
1.839499e-02
1.839603e-02
1.841389e-02
1.842830e-02
1.843273e-02
1.844027e-02
1.845653e-02
1.846032e-02
1.846870e-02
1.847530e-02
1.848616e-02
1.850749e-02
1.851214e-02
1.851583e-02
1.852863e-02
1.853246e-02
1.854057e-02
1.854278e-02
1.855382e-02
1.856042e-02
1.857859e-02
1.857945e-02
1.859541e-02
1.860053e-02
1.860737e-02
1.861767e-02
1.863585e-02
1.863716e-02
1.864616e-02
1.865802e-02
1.866281e-02
1.867316e-02
1.868789e-02
1.869491e-02
1.870078e-02
1.870686e-02
1.871624e-02
1.872601e-02
1.873318e-02
1.874517e-02
1.875695e-02
1.875967e-02
1.877368e-02
1.878136e-02
1.878966e-02
1.879136e-02
1.880556e-02
1.880631e-02
1.881890e-02
1.883231e-02
1.884170e-02
1.884506e-02
1.885166e-02
1.886522e-02
1.887046e-02
1.888069e-02
1.889574e-02
1.890299e-02
1.890728e-02
1.891450e-02
1.891785e-02
1.892714e-02
1.894277e-02
1.894901e-02
1.896285e-02
1.896601e-02
1.897788e-02
1.898602e-02
1.899126e-02
1.900099e-02
1.900909e-02
1.901744e-02
1.901963e-02
1.903653e-02
1.904718e-02
1.905106e-02
1.906192e-02
1.906947e-02
1.907280e-02
1.908479e-02
1.909745e-02
1.911179e-02
1.912142e-02
1.912607e-02
1.913481e-02
1.914226e-02
1.915956e-02
1.917120e-02
1.917732e-02
1.917992e-02
1.918924e-02
1.919758e-02
1.920282e-02
1.921404e-02
1.921621e-02
1.922479e-02
1.923831e-02
1.924707e-02
1.925662e-02
1.925943e-02
1.928111e-02
1.928808e-02
1.928973e-02
1.930635e-02
1.931794e-02
1.931979e-02
1.933068e-02
1.933558e-02
1.934588e-02
1.935543e-02
1.936858e-02
1.937615e-02
1.939257e-02
1.939471e-02
1.940477e-02
1.940863e-02
1.941359e-02
1.942974e-02
1.943209e-02
1.944538e-02
1.945603e-02
1.946373e-02
1.946939e-02
1.947670e-02
1.948032e-02
1.949885e-02
1.950616e-02
1.951311e-02
1.953575e-02
1.954231e-02
1.955996e-02
1.956758e-02
1.957423e-02
1.959418e-02
1.960129e-02
1.961170e-02
1.962662e-02
1.962785e-02
1.963757e-02
1.964961e-02
1.966257e-02
1.967163e-02
1.968417e-02
1.968596e-02
1.971067e-02
1.971437e-02
1.972107e-02
1.973156e-02
1.974219e-02
1.974642e-02
1.975061e-02
1.975474e-02
1.977038e-02
1.978314e-02
1.979412e-02
1.979929e-02
1.980737e-02
1.981372e-02
1.981780e-02
1.982447e-02
1.983699e-02
1.984336e-02
1.985046e-02
1.986638e-02
1.988136e-02
1.988941e-02
1.989562e-02
1.990086e-02
1.991011e-02
1.992290e-02
1.994160e-02
1.995054e-02
1.995549e-02
1.996073e-02
1.997978e-02
1.998673e-02
1.999599e-02
2.000669e-02
2.001221e-02
2.002800e-02
2.002958e-02
2.003663e-02
2.004854e-02
2.005360e-02
2.006263e-02
2.007643e-02
2.007980e-02
2.008416e-02
2.010216e-02
2.011325e-02
2.011682e-02
2.012694e-02
2.013809e-02
2.014739e-02
2.014854e-02
2.016622e-02
2.017392e-02
2.018121e-02
2.019048e-02
2.020507e-02
2.021439e-02
2.022135e-02
2.022911e-02
2.023743e-02
2.024503e-02
2.025218e-02
2.026606e-02
2.027361e-02
2.027949e-02
2.028308e-02
2.030689e-02
2.031743e-02
2.031807e-02
2.033280e-02
2.034659e-02
2.035452e-02
2.036853e-02
2.037849e-02
2.038977e-02
2.040076e-02
2.041315e-02
2.042369e-02
2.042803e-02
2.043632e-02
2.045913e-02
2.047760e-02
2.048411e-02
2.048776e-02
2.049049e-02
2.050079e-02
2.051242e-02
2.052921e-02
2.053405e-02
2.054453e-02
2.055242e-02
2.056590e-02
2.057138e-02
2.058298e-02
2.059646e-02
2.060675e-02
2.061845e-02
2.062250e-02
2.062991e-02
2.064780e-02
2.065740e-02
2.067336e-02
2.067985e-02
2.068761e-02
2.069260e-02
2.070607e-02
2.072344e-02
2.072736e-02
2.073175e-02
2.073967e-02
2.076002e-02
2.076599e-02
2.078376e-02
2.079871e-02
2.080459e-02
2.081080e-02
2.082327e-02
2.083848e-02
2.084328e-02
2.085851e-02
2.086666e-02
2.087249e-02
2.089911e-02
2.090891e-02
2.092370e-02
2.093102e-02
2.095374e-02
2.096284e-02
2.096399e-02
2.098358e-02
2.099004e-02
2.100390e-02
2.101261e-02
2.101867e-02
2.102692e-02
2.103938e-02
2.105497e-02
2.105919e-02
2.107427e-02
2.107858e-02
2.108982e-02
2.109578e-02
2.110438e-02
2.110944e-02
2.113756e-02
2.114039e-02
2.115152e-02
2.115826e-02
2.118326e-02
2.119238e-02
2.119968e-02
2.121104e-02
2.121604e-02
2.122002e-02
2.123343e-02
2.124448e-02
2.125891e-02
2.127407e-02
2.128157e-02
2.128956e-02
2.129293e-02
2.130553e-02
2.131753e-02
2.133892e-02
2.134671e-02
2.135553e-02
2.136074e-02
2.137076e-02
2.137810e-02
2.139400e-02
2.139948e-02
2.140649e-02
2.141416e-02
2.142865e-02
2.143486e-02
2.144304e-02
2.146580e-02
2.147199e-02
2.148462e-02
2.149086e-02
2.150116e-02
2.151835e-02
2.152942e-02
2.153590e-02
2.154560e-02
2.155674e-02
2.157416e-02
2.158751e-02
2.159311e-02
2.159722e-02
2.160833e-02
2.162819e-02
2.164321e-02
2.165083e-02
2.165456e-02
2.168031e-02
2.168771e-02
2.169536e-02
2.171457e-02
2.171665e-02
2.173489e-02
2.174102e-02
2.174547e-02
2.175075e-02
2.176771e-02
2.177951e-02
2.178357e-02
2.179665e-02
2.180242e-02
2.181045e-02
2.182252e-02
2.183321e-02
2.185337e-02
2.185790e-02
2.186627e-02
2.187834e-02
2.188917e-02
2.189712e-02
2.191484e-02
2.192356e-02
2.192869e-02
2.194173e-02
2.195513e-02
2.196067e-02
2.197950e-02
2.199102e-02
2.199281e-02
2.200084e-02
2.201645e-02
2.201835e-02
2.203822e-02
2.204246e-02
2.206298e-02
2.207120e-02
2.209159e-02
2.210346e-02
2.210960e-02
2.212651e-02
2.213232e-02
2.213855e-02
2.215247e-02
2.215999e-02
2.216816e-02
2.218617e-02
2.220096e-02
2.220852e-02
2.221116e-02
2.221839e-02
2.223115e-02
2.224911e-02
2.225299e-02
2.227819e-02
2.228949e-02
2.229423e-02
2.230250e-02
2.230942e-02
2.232157e-02
2.234235e-02
2.234560e-02
2.235578e-02
2.236420e-02
2.237640e-02
2.238570e-02
2.239471e-02
2.240814e-02
2.242259e-02
2.242647e-02
2.244533e-02
2.245187e-02
2.246404e-02
2.247620e-02
2.248116e-02
2.248733e-02
2.250581e-02
2.251480e-02
2.252356e-02
2.253822e-02
2.254641e-02
2.255693e-02
2.258440e-02
2.258958e-02
2.259273e-02
2.260036e-02
2.261585e-02
2.262866e-02
2.263176e-02
2.264926e-02
2.266162e-02
2.267435e-02
2.267544e-02
2.268787e-02
2.270282e-02
2.271628e-02
2.272645e-02
2.273054e-02
2.275396e-02
2.276724e-02
2.277516e-02
2.277955e-02
2.278535e-02
2.280211e-02
2.280763e-02
2.282458e-02
2.284415e-02
2.285269e-02
2.286882e-02
2.287389e-02
2.288297e-02
2.289746e-02
2.290940e-02
2.291608e-02
2.292190e-02
2.294638e-02
2.295779e-02
2.296391e-02
2.297415e-02
2.299328e-02
2.299635e-02
2.300793e-02
2.302285e-02
2.303657e-02
2.303842e-02
2.305699e-02
2.306102e-02
2.307850e-02
2.309251e-02
2.309745e-02
2.310204e-02
2.312264e-02
2.314312e-02
2.315689e-02
2.315746e-02
2.316751e-02
2.317902e-02
2.319024e-02
2.319970e-02
2.321811e-02
2.323205e-02
2.324645e-02
2.326473e-02
2.326725e-02
2.327719e-02
2.327979e-02
2.329396e-02
2.330383e-02
2.330672e-02
2.333299e-02
2.334359e-02
2.334649e-02
2.336260e-02
2.336981e-02
2.339080e-02
2.339504e-02
2.341819e-02
2.342038e-02
2.343820e-02
2.344062e-02
2.345285e-02
2.346536e-02
2.348176e-02
2.350099e-02
2.351016e-02
2.351665e-02
2.352819e-02
2.353635e-02
2.354009e-02
2.354388e-02
2.355805e-02
2.357941e-02
2.358805e-02
2.359717e-02
2.362422e-02
2.362995e-02
2.364472e-02
2.365694e-02
2.366872e-02
2.368153e-02
2.369104e-02
2.370554e-02
2.371886e-02
2.372711e-02
2.373478e-02
2.373737e-02
2.377958e-02
2.378032e-02
2.379786e-02
2.380249e-02
2.382574e-02
2.384062e-02
2.384871e-02
2.386467e-02
2.386868e-02
2.389183e-02
2.390535e-02
2.391328e-02
2.392967e-02
2.394026e-02
2.395400e-02
2.397202e-02
2.397444e-02
2.399366e-02
2.400579e-02
2.403597e-02
2.404865e-02
2.405386e-02
2.406129e-02
2.406934e-02
2.408696e-02
2.409292e-02
2.409734e-02
2.412588e-02
2.413444e-02
2.414094e-02
2.415023e-02
2.415562e-02
2.416934e-02
2.418238e-02
2.419588e-02
2.420676e-02
2.422598e-02
2.423540e-02
2.424076e-02
2.425392e-02
2.427178e-02
2.428341e-02
2.428937e-02
2.430351e-02
2.431093e-02
2.432487e-02
2.432924e-02
2.433698e-02
2.435129e-02
2.436208e-02
2.438179e-02
2.439124e-02
2.439773e-02
2.441339e-02
2.442273e-02
2.444093e-02
2.445060e-02
2.446027e-02
2.446686e-02
2.448900e-02
2.450780e-02
2.451380e-02
2.452239e-02
2.453577e-02
2.455784e-02
2.457562e-02
2.458492e-02
2.459419e-02
2.460431e-02
2.461695e-02
2.462745e-02
2.464034e-02
2.464746e-02
2.467658e-02
2.468057e-02
2.469288e-02
2.469909e-02
2.472700e-02
2.473451e-02
2.475595e-02
2.476516e-02
2.477118e-02
2.478409e-02
2.478711e-02
2.480458e-02
2.481662e-02
2.484128e-02
2.485252e-02
2.486313e-02
2.487087e-02
2.488435e-02
2.489310e-02
2.490834e-02
2.491274e-02
2.493660e-02
2.494519e-02
2.495819e-02
2.496709e-02
2.498431e-02
2.499362e-02
2.500455e-02
2.501141e-02
2.502704e-02
2.504675e-02
2.506087e-02
2.506282e-02
2.507418e-02
2.508828e-02
2.510548e-02
2.511080e-02
2.512297e-02
2.512899e-02
2.514383e-02
2.515361e-02
2.516070e-02
2.518069e-02
2.519853e-02
2.521874e-02
2.522795e-02
2.523539e-02
2.524754e-02
2.526060e-02
2.526704e-02
2.527661e-02
2.529891e-02
2.530361e-02
2.531627e-02
2.532419e-02
2.533464e-02
2.534916e-02
2.536306e-02
2.538081e-02
2.539564e-02
2.540023e-02
2.542803e-02
2.543450e-02
2.545236e-02
2.546292e-02
2.547935e-02
2.548990e-02
2.549288e-02
2.550033e-02
2.551670e-02
2.553551e-02
2.554725e-02
2.556497e-02
2.556862e-02
2.558241e-02
2.559213e-02
2.559790e-02
2.560677e-02
2.562306e-02
2.563021e-02
2.563646e-02
2.565130e-02
2.567883e-02
2.568678e-02
2.570128e-02
2.570763e-02
2.571044e-02
2.573811e-02
2.575264e-02
2.575687e-02
2.576220e-02
2.577497e-02
2.581598e-02
2.582103e-02
2.584961e-02
2.585337e-02
2.586358e-02
2.587998e-02
2.588581e-02
2.591535e-02
2.592598e-02
2.593450e-02
2.593717e-02
2.595017e-02
2.595681e-02
2.597636e-02
2.598478e-02
2.601417e-02
2.602229e-02
2.603004e-02
2.605234e-02
2.606779e-02
2.608051e-02
2.608663e-02
2.611131e-02
2.612105e-02
2.613518e-02
2.614714e-02
2.617379e-02
2.618558e-02
2.620608e-02
2.621046e-02
2.622730e-02
2.624222e-02
2.625397e-02
2.627179e-02
2.629110e-02
2.629616e-02
2.631384e-02
2.632428e-02
2.633462e-02
2.634158e-02
2.635220e-02
2.635424e-02
2.638685e-02
2.641605e-02
2.642306e-02
2.643529e-02
2.644063e-02
2.646453e-02
2.647267e-02
2.648125e-02
2.649360e-02
2.651239e-02
2.652790e-02
2.654095e-02
2.655088e-02
2.655697e-02
2.657320e-02
2.659726e-02
2.660119e-02
2.662156e-02
2.662836e-02
2.663940e-02
2.665030e-02
2.667499e-02
2.668521e-02
2.670287e-02
2.671515e-02
2.673391e-02
2.674833e-02
2.675808e-02
2.676732e-02
2.677874e-02
2.680540e-02
2.681263e-02
2.681858e-02
2.685031e-02
2.687003e-02
2.687645e-02
2.690656e-02
2.692271e-02
2.693733e-02
2.694797e-02
2.697101e-02
2.697645e-02
2.699471e-02
2.700543e-02
2.704166e-02
2.704973e-02
2.706414e-02
2.708156e-02
2.708820e-02
2.710573e-02
2.711268e-02
2.712260e-02
2.715324e-02
2.716084e-02
2.716302e-02
2.721216e-02
2.722632e-02
2.723622e-02
2.725620e-02
2.726684e-02
2.727909e-02
2.728436e-02
2.730635e-02
2.731974e-02
2.733380e-02
2.735489e-02
2.736123e-02
2.736958e-02
2.739341e-02
2.740779e-02
2.741201e-02
2.742702e-02
2.743512e-02
2.743724e-02
2.746607e-02
2.747277e-02
2.749626e-02
2.751592e-02
2.751930e-02
2.752967e-02
2.754279e-02
2.757093e-02
2.757914e-02
2.760305e-02
2.761594e-02
2.763798e-02
2.764468e-02
2.765981e-02
2.767995e-02
2.770248e-02
2.770847e-02
2.771973e-02
2.773930e-02
2.775100e-02
2.775585e-02
2.777636e-02
2.778238e-02
2.778825e-02
2.781702e-02
2.784175e-02
2.784799e-02
2.786079e-02
2.787503e-02
2.788638e-02
2.791483e-02
2.792419e-02
2.793478e-02
2.794984e-02
2.796122e-02
2.797406e-02
2.798722e-02
2.799405e-02
2.802536e-02
2.803530e-02
2.804712e-02
2.805951e-02
2.807468e-02
2.808666e-02
2.809133e-02
2.810466e-02
2.813284e-02
2.813945e-02
2.815196e-02
2.816589e-02
2.818126e-02
2.819511e-02
2.820979e-02
2.822264e-02
2.826379e-02
2.827998e-02
2.828562e-02
2.830222e-02
2.831124e-02
2.832461e-02
2.834709e-02
2.835016e-02
2.835669e-02
2.836875e-02
2.837460e-02
2.839697e-02
2.841736e-02
2.842812e-02
2.843470e-02
2.843760e-02
2.846486e-02
2.846922e-02
2.847792e-02
2.850361e-02
2.852296e-02
2.855052e-02
2.856808e-02
2.857810e-02
2.859707e-02
2.860185e-02
2.861204e-02
2.862890e-02
2.864315e-02
2.866296e-02
2.867385e-02
2.871182e-02
2.871973e-02
2.872597e-02
2.875654e-02
2.877962e-02
2.879388e-02
2.881370e-02
2.883546e-02
2.884749e-02
2.885511e-02
2.888080e-02
2.888965e-02
2.889867e-02
2.891028e-02
2.891779e-02
2.893869e-02
2.895640e-02
2.898962e-02
2.900059e-02
2.903035e-02
2.903677e-02
2.905057e-02
2.905778e-02
2.906773e-02
2.911232e-02
2.913042e-02
2.914826e-02
2.915603e-02
2.918199e-02
2.918705e-02
2.920561e-02
2.921564e-02
2.922423e-02
2.923802e-02
2.925416e-02
2.927277e-02
2.928734e-02
2.930422e-02
2.930812e-02
2.932443e-02
2.933453e-02
2.935080e-02
2.935620e-02
2.939411e-02
2.939947e-02
2.940784e-02
2.941142e-02
2.943690e-02
2.946856e-02
2.947885e-02
2.949307e-02
2.950214e-02
2.950969e-02
2.952583e-02
2.953255e-02
2.955327e-02
2.958185e-02
2.958583e-02
2.959499e-02
2.960666e-02
2.962696e-02
2.963216e-02
2.965658e-02
2.967513e-02
2.969227e-02
2.969547e-02
2.970674e-02
2.972037e-02
2.973236e-02
2.974827e-02
2.977110e-02
2.978121e-02
2.979652e-02
2.980663e-02
2.982725e-02
2.985080e-02
2.986316e-02
2.988434e-02
2.989277e-02
2.990993e-02
2.993089e-02
2.994031e-02
2.996335e-02
2.997058e-02
2.999255e-02
3.001461e-02
3.002584e-02
3.005072e-02
3.006831e-02
3.006975e-02
3.009092e-02
3.010315e-02
3.012183e-02
3.013137e-02
3.014110e-02
3.015201e-02
3.018395e-02
3.021142e-02
3.023115e-02
3.023304e-02
3.026295e-02
3.026743e-02
3.027596e-02
3.028802e-02
3.031827e-02
3.033776e-02
3.034282e-02
3.035722e-02
3.037175e-02
3.038800e-02
3.039603e-02
3.042954e-02
3.045513e-02
3.046832e-02
3.047735e-02
3.048525e-02
3.052153e-02
3.053980e-02
3.054987e-02
3.056758e-02
3.058936e-02
3.059556e-02
3.062814e-02
3.063450e-02
3.065231e-02
3.065874e-02
3.068529e-02
3.068890e-02
3.071303e-02
3.072377e-02
3.073449e-02
3.075725e-02
3.076856e-02
3.077483e-02
3.079749e-02
3.080563e-02
3.081582e-02
3.083838e-02
3.084733e-02
3.086143e-02
3.087635e-02
3.090373e-02
3.092399e-02
3.093944e-02
3.096232e-02
3.099044e-02
3.100713e-02
3.101290e-02
3.104596e-02
3.105035e-02
3.105849e-02
3.106632e-02
3.108441e-02
3.110978e-02
3.111557e-02
3.113437e-02
3.114872e-02
3.116275e-02
3.116924e-02
3.118258e-02
3.120867e-02
3.122314e-02
3.123417e-02
3.126877e-02
3.127460e-02
3.129357e-02
3.130559e-02
3.131698e-02
3.133096e-02
3.134433e-02
3.135940e-02
3.137524e-02
3.139461e-02
3.141703e-02
3.143735e-02
3.144073e-02
3.145569e-02
3.147856e-02
3.151094e-02
3.153507e-02
3.154154e-02
3.155552e-02
3.157958e-02
3.159088e-02
3.160892e-02
3.161780e-02
3.164080e-02
3.166066e-02
3.169934e-02
3.170768e-02
3.172037e-02
3.172929e-02
3.176250e-02
3.177596e-02
3.178107e-02
3.179214e-02
3.180104e-02
3.181720e-02
3.183111e-02
3.183953e-02
3.186685e-02
3.188416e-02
3.190786e-02
3.193327e-02
3.194156e-02
3.194699e-02
3.196044e-02
3.199950e-02
3.201239e-02
3.202555e-02
3.204409e-02
3.206381e-02
3.207053e-02
3.208824e-02
3.209116e-02
3.211385e-02
3.213300e-02
3.215095e-02
3.217397e-02
3.219578e-02
3.220937e-02
3.222738e-02
3.224220e-02
3.226005e-02
3.228473e-02
3.230594e-02
3.232722e-02
3.234266e-02
3.236189e-02
3.237604e-02
3.239265e-02
3.242073e-02
3.243256e-02
3.244839e-02
3.246187e-02
3.247296e-02
3.250708e-02
3.252502e-02
3.253059e-02
3.254498e-02
3.256854e-02
3.257544e-02
3.260542e-02
3.260859e-02
3.262421e-02
3.264618e-02
3.266162e-02
3.267512e-02
3.269143e-02
3.272054e-02
3.273688e-02
3.273749e-02
3.275438e-02
3.278931e-02
3.279407e-02
3.281752e-02
3.283198e-02
3.284722e-02
3.286615e-02
3.287661e-02
3.289563e-02
3.292917e-02
3.293424e-02
3.296203e-02
3.297111e-02
3.297764e-02
3.298594e-02
3.301584e-02
3.306079e-02
3.307968e-02
3.310585e-02
3.313283e-02
3.314204e-02
3.315329e-02
3.316802e-02
3.318215e-02
3.320583e-02
3.322941e-02
3.325436e-02
3.326483e-02
3.329222e-02
3.330527e-02
3.330882e-02
3.333421e-02
3.334893e-02
3.339884e-02
3.340710e-02
3.341896e-02
3.344073e-02
3.346039e-02
3.349286e-02
3.350478e-02
3.352487e-02
3.354122e-02
3.356224e-02
3.357726e-02
3.359402e-02
3.361192e-02
3.363486e-02
3.364940e-02
3.366830e-02
3.367635e-02
3.369591e-02
3.370022e-02
3.370502e-02
3.372391e-02
3.373989e-02
3.376862e-02
3.379115e-02
3.381188e-02
3.381787e-02
3.384082e-02
3.385129e-02
3.386599e-02
3.389659e-02
3.390209e-02
3.392534e-02
3.395221e-02
3.396203e-02
3.398917e-02
3.400236e-02
3.402618e-02
3.403984e-02
3.404567e-02
3.408190e-02
3.408900e-02
3.412053e-02
3.415174e-02
3.416398e-02
3.419153e-02
3.420577e-02
3.421518e-02
3.422357e-02
3.424317e-02
3.426884e-02
3.428871e-02
3.429550e-02
3.432560e-02
3.433732e-02
3.436294e-02
3.436999e-02
3.440815e-02
3.444104e-02
3.445753e-02
3.446904e-02
3.447886e-02
3.451182e-02
3.452668e-02
3.455484e-02
3.457729e-02
3.460968e-02
3.461718e-02
3.465429e-02
3.467222e-02
3.468610e-02
3.470164e-02
3.472399e-02
3.474349e-02
3.476281e-02
3.478713e-02
3.480546e-02
3.481087e-02
3.481749e-02
3.485401e-02
3.488161e-02
3.490375e-02
3.490826e-02
3.496474e-02
3.498979e-02
3.501782e-02
3.503468e-02
3.505019e-02
3.507645e-02
3.511915e-02
3.515263e-02
3.519278e-02
3.519658e-02
3.521228e-02
3.522777e-02
3.525339e-02
3.526998e-02
3.529471e-02
3.531292e-02
3.532752e-02
3.534542e-02
3.536351e-02
3.540844e-02
3.541376e-02
3.542376e-02
3.544847e-02
3.548745e-02
3.550433e-02
3.551360e-02
3.554151e-02
3.555431e-02
3.558424e-02
3.559750e-02
3.562143e-02
3.566291e-02
3.568215e-02
3.570409e-02
3.573134e-02
3.574689e-02
3.578873e-02
3.580650e-02
3.582310e-02
3.584081e-02
3.584977e-02
3.587080e-02
3.588057e-02
3.591136e-02
3.593640e-02
3.594451e-02
3.595519e-02
3.600720e-02
3.602858e-02
3.603379e-02
3.603832e-02
3.607701e-02
3.609869e-02
3.611353e-02
3.612385e-02
3.615576e-02
3.618875e-02
3.620919e-02
3.626629e-02
3.627304e-02
3.632000e-02
3.633436e-02
3.635261e-02
3.636647e-02
3.639339e-02
3.642273e-02
3.643576e-02
3.647308e-02
3.648912e-02
3.650988e-02
3.653015e-02
3.655151e-02
3.657046e-02
3.660257e-02
3.661254e-02
3.661926e-02
3.665663e-02
3.668175e-02
3.671156e-02
3.673072e-02
3.675265e-02
3.678199e-02
3.681352e-02
3.682259e-02
3.685479e-02
3.685579e-02
3.689729e-02
3.691686e-02
3.693795e-02
3.695130e-02
3.700551e-02
3.702495e-02
3.703676e-02
3.705576e-02
3.708965e-02
3.710384e-02
3.713787e-02
3.714794e-02
3.718357e-02
3.719576e-02
3.724921e-02
3.725874e-02
3.728555e-02
3.731468e-02
3.733096e-02
3.738733e-02
3.740102e-02
3.741597e-02
3.743508e-02
3.746529e-02
3.748709e-02
3.750378e-02
3.753655e-02
3.756391e-02
3.757241e-02
3.760122e-02
3.761295e-02
3.763745e-02
3.766138e-02
3.768204e-02
3.771135e-02
3.773654e-02
3.776677e-02
3.777711e-02
3.783328e-02
3.784570e-02
3.786328e-02
3.787966e-02
3.789764e-02
3.791306e-02
3.792445e-02
3.795647e-02
3.799217e-02
3.802102e-02
3.802708e-02
3.806288e-02
3.809573e-02
3.813106e-02
3.814890e-02
3.816585e-02
3.817326e-02
3.822219e-02
3.825678e-02
3.828439e-02
3.830218e-02
3.830945e-02
3.832826e-02
3.834855e-02
3.838255e-02
3.839279e-02
3.843786e-02
3.845653e-02
3.847284e-02
3.850259e-02
3.852918e-02
3.854538e-02
3.856700e-02
3.859225e-02
3.860590e-02
3.862887e-02
3.864744e-02
3.868415e-02
3.868720e-02
3.876549e-02
3.876886e-02
3.881093e-02
3.882759e-02
3.886943e-02
3.888274e-02
3.890880e-02
3.895392e-02
3.896992e-02
3.899746e-02
3.900490e-02
3.902859e-02
3.904034e-02
3.904906e-02
3.908533e-02
3.910389e-02
3.913539e-02
3.915203e-02
3.917402e-02
3.920124e-02
3.922269e-02
3.924276e-02
3.925905e-02
3.928289e-02
3.928584e-02
3.932363e-02
3.935797e-02
3.936911e-02
3.939031e-02
3.942144e-02
3.945370e-02
3.946819e-02
3.953065e-02
3.955267e-02
3.958053e-02
3.961130e-02
3.963587e-02
3.965798e-02
3.971853e-02
3.973266e-02
3.974932e-02
3.981640e-02
3.984543e-02
3.986285e-02
3.989449e-02
3.991427e-02
3.992741e-02
3.994166e-02
3.999322e-02
4.000658e-02
4.003978e-02
4.005371e-02
4.006597e-02
4.008205e-02
4.011904e-02
4.015286e-02
4.017630e-02
4.021348e-02
4.024009e-02
4.027163e-02
4.031092e-02
4.035635e-02
4.036020e-02
4.036946e-02
4.040354e-02
4.044001e-02
4.046436e-02
4.046795e-02
4.050293e-02
4.052752e-02
4.054146e-02
4.057180e-02
4.059460e-02
4.064142e-02
4.066246e-02
4.067747e-02
4.070256e-02
4.071463e-02
4.075143e-02
4.076511e-02
4.082114e-02
4.084176e-02
4.088144e-02
4.089228e-02
4.096137e-02
4.096321e-02
4.100808e-02
4.104594e-02
4.105657e-02
4.111041e-02
4.113663e-02
4.116745e-02
4.118436e-02
4.123228e-02
4.125542e-02
4.127255e-02
4.128493e-02
4.129810e-02
4.133168e-02
4.134783e-02
4.138932e-02
4.139596e-02
4.143783e-02
4.148172e-02
4.151158e-02
4.158117e-02
4.163904e-02
4.166084e-02
4.169397e-02
4.171954e-02
4.177092e-02
4.178466e-02
4.180212e-02
4.183187e-02
4.184913e-02
4.188472e-02
4.191151e-02
4.192630e-02
4.195124e-02
4.197619e-02
4.199022e-02
4.203260e-02
4.206751e-02
4.209174e-02
4.211770e-02
4.215020e-02
4.217592e-02
4.221506e-02
4.222935e-02
4.225645e-02
4.231148e-02
4.233541e-02
4.237043e-02
4.238671e-02
4.240576e-02
4.243318e-02
4.247617e-02
4.249186e-02
4.252526e-02
4.255614e-02
4.259910e-02
4.263805e-02
4.264772e-02
4.271056e-02
4.271582e-02
4.276910e-02
4.278577e-02
4.280671e-02
4.282387e-02
4.286081e-02
4.287887e-02
4.290349e-02
4.292328e-02
4.295369e-02
4.296769e-02
4.297756e-02
4.300054e-02
4.302476e-02
4.306926e-02
4.308882e-02
4.311028e-02
4.312162e-02
4.315718e-02
4.321640e-02
4.323462e-02
4.325304e-02
4.326586e-02
4.329587e-02
4.332516e-02
4.333358e-02
4.337405e-02
4.340251e-02
4.341583e-02
4.345098e-02
4.348337e-02
4.353077e-02
4.353114e-02
4.357757e-02
4.359132e-02
4.362078e-02
4.364426e-02
4.367732e-02
4.372411e-02
4.373622e-02
4.377883e-02
4.380672e-02
4.384849e-02
4.388302e-02
4.389900e-02
4.395133e-02
4.395552e-02
4.397944e-02
4.398860e-02
4.401043e-02
4.403268e-02
4.407618e-02
4.411824e-02
4.414619e-02
4.415598e-02
4.416901e-02
4.421651e-02
4.426773e-02
4.427027e-02
4.429059e-02
4.434085e-02
4.436407e-02
4.440629e-02
4.443546e-02
4.445878e-02
4.448639e-02
4.452814e-02
4.453453e-02
4.457135e-02
4.462147e-02
4.463156e-02
4.469451e-02
4.472814e-02
4.476106e-02
4.478974e-02
4.480871e-02
4.482758e-02
4.483010e-02
4.486057e-02
4.497058e-02
4.499244e-02
4.500096e-02
4.501909e-02
4.503192e-02
4.506173e-02
4.512990e-02
4.515863e-02
4.520013e-02
4.521470e-02
4.526982e-02
4.530830e-02
4.533042e-02
4.534698e-02
4.536904e-02
4.542077e-02
4.546855e-02
4.547823e-02
4.553698e-02
4.557048e-02
4.563710e-02
4.565064e-02
4.569289e-02
4.572440e-02
4.573882e-02
4.574608e-02
4.577282e-02
4.578936e-02
4.582090e-02
4.583265e-02
4.584554e-02
4.586280e-02
4.590832e-02
4.596517e-02
4.600307e-02
4.602534e-02
4.605367e-02
4.608105e-02
4.609867e-02
4.616321e-02
4.617612e-02
4.620259e-02
4.621313e-02
4.626982e-02
4.631843e-02
4.632890e-02
4.636559e-02
4.637211e-02
4.642258e-02
4.645252e-02
4.648058e-02
4.649594e-02
4.652138e-02
4.661161e-02
4.662338e-02
4.664861e-02
4.669649e-02
4.671696e-02
4.675323e-02
4.679226e-02
4.681001e-02
4.682091e-02
4.686811e-02
4.689317e-02
4.690519e-02
4.693378e-02
4.696030e-02
4.697861e-02
4.699775e-02
4.701503e-02
4.707521e-02
4.708157e-02
4.711161e-02
4.714537e-02
4.720321e-02
4.722312e-02
4.728709e-02
4.730340e-02
4.739417e-02
4.745129e-02
4.747585e-02
4.748719e-02
4.749703e-02
4.752338e-02
4.758402e-02
4.763625e-02
4.765164e-02
4.767081e-02
4.768686e-02
4.773140e-02
4.774623e-02
4.781403e-02
4.784340e-02
4.786474e-02
4.789167e-02
4.790517e-02
4.793244e-02
4.804175e-02
4.804710e-02
4.809441e-02
4.811665e-02
4.813369e-02
4.820653e-02
4.823441e-02
4.824051e-02
4.828894e-02
4.831512e-02
4.832485e-02
4.835391e-02
4.838512e-02
4.845415e-02
4.848060e-02
4.848996e-02
4.854564e-02
4.859055e-02
4.860452e-02
4.868864e-02
4.870944e-02
4.874428e-02
4.878487e-02
4.879657e-02
4.882735e-02
4.888555e-02
4.892523e-02
4.893742e-02
4.897932e-02
4.899062e-02
4.903262e-02
4.910911e-02
4.913822e-02
4.915455e-02
4.917227e-02
4.919736e-02
4.932211e-02
4.936663e-02
4.939016e-02
4.943681e-02
4.948162e-02
4.951098e-02
4.953044e-02
4.953902e-02
4.959359e-02
4.963984e-02
4.967273e-02
4.971498e-02
4.976923e-02
4.977964e-02
4.981227e-02
4.982036e-02
4.983176e-02
4.987224e-02
4.989595e-02
4.994656e-02
4.996293e-02
5.000550e-02
5.005302e-02
5.010958e-02
5.014326e-02
5.018425e-02
5.021750e-02
5.024548e-02
5.027795e-02
5.034487e-02
5.035411e-02
5.036755e-02
5.039821e-02
5.043687e-02
5.044703e-02
5.051178e-02
5.053208e-02
5.055814e-02
5.058655e-02
5.060331e-02
5.064354e-02
5.067304e-02
5.074948e-02
5.076047e-02
5.082827e-02
5.085392e-02
5.088993e-02
5.092176e-02
5.094247e-02
5.095913e-02
5.099782e-02
5.102421e-02
5.105183e-02
5.110178e-02
5.112833e-02
5.118126e-02
5.121821e-02
5.124473e-02
5.128826e-02
5.132596e-02
5.139988e-02
5.144381e-02
5.146522e-02
5.150801e-02
5.155770e-02
5.157775e-02
5.162566e-02
5.167867e-02
5.176977e-02
5.177543e-02
5.179754e-02
5.186555e-02
5.194955e-02
5.199979e-02
5.205305e-02
5.206149e-02
5.210622e-02
5.212292e-02
5.216806e-02
5.223872e-02
5.228080e-02
5.229512e-02
5.231795e-02
5.235639e-02
5.241456e-02
5.245717e-02
5.249211e-02
5.255541e-02
5.258517e-02
5.262266e-02
5.265406e-02
5.267843e-02
5.273102e-02
5.275897e-02
5.277587e-02
5.279357e-02
5.287761e-02
5.292895e-02
5.298473e-02
5.303825e-02
5.305218e-02
5.310362e-02
5.310881e-02
5.317438e-02
5.323644e-02
5.325305e-02
5.331339e-02
5.339481e-02
5.343634e-02
5.346277e-02
5.347377e-02
5.354574e-02
5.356652e-02
5.360002e-02
5.365828e-02
5.370482e-02
5.376169e-02
5.376894e-02
5.380003e-02
5.388693e-02
5.391910e-02
5.394103e-02
5.394885e-02
5.402185e-02
5.405545e-02
5.408277e-02
5.419358e-02
5.422099e-02
5.424801e-02
5.431304e-02
5.434473e-02
5.435322e-02
5.443527e-02
5.450766e-02
5.457985e-02
5.463882e-02
5.467098e-02
5.469087e-02
5.471953e-02
5.477510e-02
5.481149e-02
5.482250e-02
5.488828e-02
5.493657e-02
5.498987e-02
5.502919e-02
5.503840e-02
5.509610e-02
5.514563e-02
5.516038e-02
5.519222e-02
5.523669e-02
5.525117e-02
5.528314e-02
5.536885e-02
5.548765e-02
5.551376e-02
5.557064e-02
5.563087e-02
5.566606e-02
5.570042e-02
5.585346e-02
5.588221e-02
5.589234e-02
5.596685e-02
5.598979e-02
5.600399e-02
5.605556e-02
5.607721e-02
5.610666e-02
5.619041e-02
5.622798e-02
5.630649e-02
5.633693e-02
5.634849e-02
5.641621e-02
5.643553e-02
5.647922e-02
5.649785e-02
5.652667e-02
5.657270e-02
5.659130e-02
5.666630e-02
5.672642e-02
5.679925e-02
5.689696e-02
5.690703e-02
5.694896e-02
5.699213e-02
5.711907e-02
5.716703e-02
5.721850e-02
5.727072e-02
5.731811e-02
5.738871e-02
5.740715e-02
5.741792e-02
5.744329e-02
5.749926e-02
5.753961e-02
5.759695e-02
5.767107e-02
5.770022e-02
5.773558e-02
5.774486e-02
5.780895e-02
5.782864e-02
5.789819e-02
5.790477e-02
5.803395e-02
5.804270e-02
5.809667e-02
5.810319e-02
5.813846e-02
5.817416e-02
5.824239e-02
5.832520e-02
5.835021e-02
5.843001e-02
5.849684e-02
5.851162e-02
5.861648e-02
5.863252e-02
5.866710e-02
5.868231e-02
5.872610e-02
5.878574e-02
5.884657e-02
5.893780e-02
5.897688e-02
5.898269e-02
5.912295e-02
5.916456e-02
5.932371e-02
5.942703e-02
5.946404e-02
5.946891e-02
5.955022e-02
5.963305e-02
5.965739e-02
5.973819e-02
5.975228e-02
5.984693e-02
5.989307e-02
5.995502e-02
5.998647e-02
6.003533e-02
6.004091e-02
6.009550e-02
6.013149e-02
6.015465e-02
6.026740e-02
6.036603e-02
6.039553e-02
6.047384e-02
6.050578e-02
6.056455e-02
6.060162e-02
6.071797e-02
6.078812e-02
6.085372e-02
6.088159e-02
6.095667e-02
6.108568e-02
6.109882e-02
6.114508e-02
6.115713e-02
6.123955e-02
6.132848e-02
6.133790e-02
6.139802e-02
6.149117e-02
6.157387e-02
6.165927e-02
6.167840e-02
6.169049e-02
6.180048e-02
6.185677e-02
6.191454e-02
6.193688e-02
6.200843e-02
6.206027e-02
6.207376e-02
6.210960e-02
6.216250e-02
6.223437e-02
6.233061e-02
6.238665e-02
6.243336e-02
6.246924e-02
6.252994e-02
6.259201e-02
6.260838e-02
6.269656e-02
6.273051e-02
6.286979e-02
6.294207e-02
6.303612e-02
6.316103e-02
6.316563e-02
6.321865e-02
6.322545e-02
6.338142e-02
6.340312e-02
6.353666e-02
6.363513e-02
6.366062e-02
6.370997e-02
6.382198e-02
6.383948e-02
6.392758e-02
6.401109e-02
6.405951e-02
6.428149e-02
6.432925e-02
6.442167e-02
6.449052e-02
6.451729e-02
6.458946e-02
6.467618e-02
6.485438e-02
6.488688e-02
6.490704e-02
6.496387e-02
6.504196e-02
6.512258e-02
6.518422e-02
6.527100e-02
6.532949e-02
6.538424e-02
6.541496e-02
6.545169e-02
6.563378e-02
6.572027e-02
6.572155e-02
6.581365e-02
6.585411e-02
6.591470e-02
6.603643e-02
6.608749e-02
6.622916e-02
6.623237e-02
6.628170e-02
6.629674e-02
6.635164e-02
6.641151e-02
6.649639e-02
6.654505e-02
6.655260e-02
6.664175e-02
6.676930e-02
6.687620e-02
6.693983e-02
6.703565e-02
6.710618e-02
6.730055e-02
6.748786e-02
6.755422e-02
6.764940e-02
6.773206e-02
6.775925e-02
6.780689e-02
6.792030e-02
6.795196e-02
6.800604e-02
6.803892e-02
6.809521e-02
6.811730e-02
6.819777e-02
6.834777e-02
6.839289e-02
6.850955e-02
6.856706e-02
6.858020e-02
6.860052e-02
6.868281e-02
6.875064e-02
6.891381e-02
6.897190e-02
6.901233e-02
6.902070e-02
6.904680e-02
6.922165e-02
6.923562e-02
6.941602e-02
6.944656e-02
6.959680e-02
6.963204e-02
6.971089e-02
6.978576e-02
7.004922e-02
7.011690e-02
7.019022e-02
7.021098e-02
7.025522e-02
7.039420e-02
7.057268e-02
7.063754e-02
7.071188e-02
7.073182e-02
7.081514e-02
7.086772e-02
7.095634e-02
7.107556e-02
7.113462e-02
7.118073e-02
7.136906e-02
7.151811e-02
7.165577e-02
7.179880e-02
7.186504e-02
7.189010e-02
7.192526e-02
7.208031e-02
7.209679e-02
7.212523e-02
7.214674e-02
7.220934e-02
7.226055e-02
7.254894e-02
7.256875e-02
7.265169e-02
7.273340e-02
7.273944e-02
7.277557e-02
7.285664e-02
7.290206e-02
7.291460e-02
7.307197e-02
7.308232e-02
7.310176e-02
7.320961e-02
7.323835e-02
7.330263e-02
7.345031e-02
7.353469e-02
7.364484e-02
7.373819e-02
7.379366e-02
7.381320e-02
7.395160e-02
7.403435e-02
7.409454e-02
7.418238e-02
7.419505e-02
7.430238e-02
7.434371e-02
7.442121e-02
7.446798e-02
7.448055e-02
7.452372e-02
7.459907e-02
7.470547e-02
7.474334e-02
7.484207e-02
7.488835e-02
7.505828e-02
7.515255e-02
7.516959e-02
7.527481e-02
7.538287e-02
7.542153e-02
7.556278e-02
7.565646e-02
7.579768e-02
7.582699e-02
7.587457e-02
7.591219e-02
7.593121e-02
7.617906e-02
7.632417e-02
7.658856e-02
7.661093e-02
7.672765e-02
7.690342e-02
7.698716e-02
7.702113e-02
7.704013e-02
7.716702e-02
7.739597e-02
7.747506e-02
7.756904e-02
7.757374e-02
7.763161e-02
7.769240e-02
7.779320e-02
7.800858e-02
7.805886e-02
7.824811e-02
7.830529e-02
7.845821e-02
7.857229e-02
7.872803e-02
7.876314e-02
7.887731e-02
7.894483e-02
7.897903e-02
7.909470e-02
7.917173e-02
7.928142e-02
7.934784e-02
7.936664e-02
7.938500e-02
7.953070e-02
7.961278e-02
7.964141e-02
7.986117e-02
7.999793e-02
8.011832e-02
8.019572e-02
8.025735e-02
8.042490e-02
8.047605e-02
8.061435e-02
8.070278e-02
8.091084e-02
8.094844e-02
8.099460e-02
8.103925e-02
8.117246e-02
8.121355e-02
8.132100e-02
8.134146e-02
8.137695e-02
8.144021e-02
8.151136e-02
8.152937e-02
8.176451e-02
8.195341e-02
8.203962e-02
8.206466e-02
8.214569e-02
8.218632e-02
8.220691e-02
8.229547e-02
8.246842e-02
8.265190e-02
8.272923e-02
8.286972e-02
8.291944e-02
8.323758e-02
8.345342e-02
8.350457e-02
8.353117e-02
8.369780e-02
8.371877e-02
8.375313e-02
8.388480e-02
8.391686e-02
8.393775e-02
8.399386e-02
8.432082e-02
8.432773e-02
8.441432e-02
8.478530e-02
8.490152e-02
8.497095e-02
8.497786e-02
8.501754e-02
8.530929e-02
8.538180e-02
8.550139e-02
8.552043e-02
8.554699e-02
8.563870e-02
8.584286e-02
8.589983e-02
8.627654e-02
8.645418e-02
8.676423e-02
8.685851e-02
8.697612e-02
8.725346e-02
8.726369e-02
8.727356e-02
8.731981e-02
8.735822e-02
8.742463e-02
8.767935e-02
8.772424e-02
8.783095e-02
8.787735e-02
8.794366e-02
8.810997e-02
8.818411e-02
8.830139e-02
8.849015e-02
8.870373e-02
8.887062e-02
8.893185e-02
8.905591e-02
8.915498e-02
8.930089e-02
8.933402e-02
8.944285e-02
8.967819e-02
8.986137e-02
9.014728e-02
9.025425e-02
9.039839e-02
9.044462e-02
9.048175e-02
9.066148e-02
9.085140e-02
9.099245e-02
9.109562e-02
9.122892e-02
9.128905e-02
9.180392e-02
9.195361e-02
9.199248e-02
9.208456e-02
9.232354e-02
9.262144e-02
9.263902e-02
9.274682e-02
9.282106e-02
9.301191e-02
9.311741e-02
9.334936e-02
9.355894e-02
9.361192e-02
9.364537e-02
9.388434e-02
9.393300e-02
9.412345e-02
9.417391e-02
9.435491e-02
9.451904e-02
9.454652e-02
9.459645e-02
9.459934e-02
9.478130e-02
9.485306e-02
9.511380e-02
9.555156e-02
9.565626e-02
9.588819e-02
9.591990e-02
9.596774e-02
9.604788e-02
9.618790e-02
9.634241e-02
9.645648e-02
9.724233e-02
9.730517e-02
9.732873e-02
9.750810e-02
9.763698e-02
9.810128e-02
9.820653e-02
9.834306e-02
9.835201e-02
9.851800e-02
9.854704e-02
9.885019e-02
9.896005e-02
9.900662e-02
9.904991e-02
9.916036e-02
9.928390e-02
9.952305e-02
1.000629e-01
1.001452e-01
1.001734e-01
1.002536e-01
1.004391e-01
1.006897e-01
1.007713e-01
1.015216e-01
1.015558e-01
1.017086e-01
1.017928e-01
1.020511e-01
1.024461e-01
1.026143e-01
1.027601e-01
1.030489e-01
1.032552e-01
1.032598e-01
1.039145e-01
1.039771e-01
1.042452e-01
1.042902e-01
1.043992e-01
1.045590e-01
1.047067e-01
1.049349e-01
1.050736e-01
1.053608e-01
1.056773e-01
1.057997e-01
1.058610e-01
1.058631e-01
1.061642e-01
1.068159e-01
1.068702e-01
1.070289e-01
1.071837e-01
1.072945e-01
1.076949e-01
1.079365e-01
1.079925e-01
1.082198e-01
1.083960e-01
1.086863e-01
1.089531e-01
1.089574e-01
1.091012e-01
1.092525e-01
1.094612e-01
1.100519e-01
1.102013e-01
1.106192e-01
1.106868e-01
1.108031e-01
1.108218e-01
1.109809e-01
1.110332e-01
1.117161e-01
1.119255e-01
1.120847e-01
1.121799e-01
1.124141e-01
1.128581e-01
1.134996e-01
1.135757e-01
1.141374e-01
1.144175e-01
1.144862e-01
1.145779e-01
1.147256e-01
1.148482e-01
1.150876e-01
1.157929e-01
1.161197e-01
1.163206e-01
1.163655e-01
1.168128e-01
1.173458e-01
1.174149e-01
1.175974e-01
1.179445e-01
1.180345e-01
1.187096e-01
1.187898e-01
1.188989e-01
1.189508e-01
1.196171e-01
1.200011e-01
1.200825e-01
1.201751e-01
1.201774e-01
1.202619e-01
1.206157e-01
1.206493e-01
1.208162e-01
1.210782e-01
1.217199e-01
1.222171e-01
1.225495e-01
1.225773e-01
1.231947e-01
1.232135e-01
1.234889e-01
1.242829e-01
1.246821e-01
1.250457e-01
1.252609e-01
1.255269e-01
1.258111e-01
1.259893e-01
1.264030e-01
1.264592e-01
1.267742e-01
1.270901e-01
1.276496e-01
1.280788e-01
1.281744e-01
1.284456e-01
1.288461e-01
1.292159e-01
1.298185e-01
1.303868e-01
1.315647e-01
1.320643e-01
1.328496e-01
1.328629e-01
1.332566e-01
1.332873e-01
1.335672e-01
1.336014e-01
1.338727e-01
1.342392e-01
1.349502e-01
1.353565e-01
1.354663e-01
1.359971e-01
1.371247e-01
1.377550e-01
1.377698e-01
1.380764e-01
1.383641e-01
1.385675e-01
1.393163e-01
1.412549e-01
1.414680e-01
1.415928e-01
1.417279e-01
1.420597e-01
1.426785e-01
1.429770e-01
1.431043e-01
1.432308e-01
1.433422e-01
1.438419e-01
1.439665e-01
1.441049e-01
1.453225e-01
1.460374e-01
1.464649e-01
1.464968e-01
1.470482e-01
1.471488e-01
1.477914e-01
1.485227e-01
1.488821e-01
1.491328e-01
1.494209e-01
1.494370e-01
1.506526e-01
1.507972e-01
1.511071e-01
1.513664e-01
1.517383e-01
1.518339e-01
1.518702e-01
1.537243e-01
1.544985e-01
1.548725e-01
1.550173e-01
1.563047e-01
1.588257e-01
1.597679e-01
1.597716e-01
1.603947e-01
1.605710e-01
1.614628e-01
1.630342e-01
1.633217e-01
1.640965e-01
1.647070e-01
1.660356e-01
1.691235e-01
1.698638e-01
1.703817e-01
1.708720e-01
1.728510e-01
1.732567e-01
1.741547e-01
1.751332e-01
1.751494e-01
1.755971e-01
1.756374e-01
1.757281e-01
1.763517e-01
1.767652e-01
1.778440e-01
1.796947e-01
1.804388e-01
1.818862e-01
1.839755e-01
1.853927e-01
1.882056e-01
1.888092e-01
1.897246e-01
1.898187e-01
1.908296e-01
1.910648e-01
1.927556e-01
1.930492e-01
1.932764e-01
1.941476e-01
1.942090e-01
1.950335e-01
1.984964e-01
2.004301e-01
2.020765e-01
2.067171e-01
2.085702e-01
2.092706e-01
2.118596e-01
2.129836e-01
2.169794e-01
2.180720e-01
2.195296e-01
2.272866e-01
2.277620e-01
2.317763e-01
2.322531e-01
2.331122e-01
2.365964e-01
2.407057e-01
2.468041e-01
2.468728e-01
2.527365e-01
2.571645e-01
2.643398e-01
2.661127e-01
2.674139e-01
2.709903e-01
2.746659e-01
2.763664e-01
2.778064e-01
2.807988e-01
2.877471e-01
2.893204e-01
2.910776e-01
2.973041e-01
3.027141e-01
3.028620e-01
3.120190e-01
3.179490e-01
3.211502e-01
3.239580e-01
3.362279e-01
3.480600e-01
3.656055e-01
3.714647e-01
3.720249e-01
3.899143e-01
4.214604e-01
4.416347e-01
4.500215e-01
4.872460e-01
5.196992e-01
5.322026e-01
6.124630e-01
6.127143e-01
6.494753e-01
6.495422e-01
8.904059e-01
9.439714e-01
1.000000e+00
