# SF-29 C-i4 candidate (i) i1o4 field=control2d eps=0.5 N=16: sorted relative singular values of the dense central-FD Jacobian at the converged state (rows F_i=-q(L_i-S_i); outlet rows (2q/h)(vperp_in-c_perp); smax=7.861550e+03)
1.600087e-04
1.621550e-04
1.621550e-04
1.644418e-04
1.644418e-04
1.685797e-04
1.685797e-04
1.720201e-04
1.720201e-04
1.752652e-04
1.752652e-04
1.753155e-04
1.789314e-04
1.789314e-04
1.884929e-04
1.884929e-04
1.891371e-04
1.934622e-04
1.934622e-04
1.947913e-04
1.947913e-04
1.969498e-04
1.969498e-04
2.006727e-04
2.117411e-04
2.117411e-04
2.350000e-04
2.423065e-04
2.423065e-04
2.495249e-04
2.495249e-04
2.658247e-04
2.658247e-04
3.387420e-04
3.746113e-04
4.104143e-04
4.104143e-04
4.347086e-04
4.347086e-04
4.396449e-04
4.396449e-04
4.664470e-04
4.664470e-04
5.745486e-04
5.745486e-04
5.901495e-04
5.901495e-04
6.591522e-04
7.324735e-04
8.369953e-04
8.369953e-04
9.558840e-04
9.558840e-04
1.079547e-03
1.079547e-03
1.099019e-03
1.099019e-03
1.123974e-03
1.124821e-03
1.124821e-03
1.129510e-03
1.129510e-03
1.310351e-03
1.310351e-03
1.331441e-03
1.333256e-03
1.333256e-03
1.376195e-03
1.376195e-03
1.379422e-03
1.379422e-03
1.429382e-03
1.429382e-03
1.543667e-03
1.543667e-03
1.566637e-03
1.635030e-03
1.666017e-03
1.666017e-03
1.673878e-03
1.673878e-03
1.713925e-03
1.768340e-03
1.768340e-03
1.782936e-03
1.782936e-03
1.803503e-03
1.803503e-03
1.810573e-03
1.878366e-03
1.878366e-03
1.914005e-03
1.954396e-03
1.954396e-03
2.007874e-03
2.007874e-03
2.056193e-03
2.100873e-03
2.100873e-03
2.130557e-03
2.130557e-03
2.193993e-03
2.193993e-03
2.196850e-03
2.227729e-03
2.227729e-03
2.258462e-03
2.292738e-03
2.292738e-03
2.318388e-03
2.318388e-03
2.324368e-03
2.367955e-03
2.367955e-03
2.406918e-03
2.406918e-03
2.417196e-03
2.417196e-03
2.439755e-03
2.439755e-03
2.454202e-03
2.454202e-03
2.481226e-03
2.481226e-03
2.519123e-03
2.519123e-03
2.591425e-03
2.591425e-03
2.628307e-03
2.629329e-03
2.629329e-03
2.662828e-03
2.662828e-03
2.747067e-03
2.747067e-03
2.773200e-03
2.773200e-03
2.787550e-03
2.787550e-03
2.871671e-03
2.966618e-03
2.966618e-03
2.985777e-03
2.985777e-03
3.009273e-03
3.009273e-03
3.114328e-03
3.114328e-03
3.196851e-03
3.196851e-03
3.205884e-03
3.205884e-03
3.312637e-03
3.384410e-03
3.384410e-03
3.394687e-03
3.394687e-03
3.469903e-03
3.479747e-03
3.479747e-03
3.507962e-03
3.507962e-03
3.525669e-03
3.525669e-03
3.528381e-03
3.528381e-03
3.599115e-03
3.599115e-03
3.617205e-03
3.617205e-03
3.783850e-03
3.783850e-03
3.892368e-03
3.892368e-03
3.957442e-03
4.126195e-03
4.177229e-03
4.177229e-03
4.278187e-03
4.278187e-03
4.714819e-03
4.714819e-03
4.719815e-03
4.719815e-03
4.839634e-03
4.839634e-03
4.844032e-03
4.844032e-03
4.844082e-03
4.862224e-03
4.862224e-03
4.964953e-03
5.015708e-03
5.015708e-03
5.042764e-03
5.042764e-03
5.043859e-03
5.043859e-03
5.130831e-03
5.130831e-03
5.179338e-03
5.194856e-03
5.194856e-03
5.244537e-03
5.245708e-03
5.245708e-03
5.253958e-03
5.253958e-03
5.382607e-03
5.382607e-03
5.394092e-03
5.452427e-03
5.452427e-03
5.461369e-03
5.461369e-03
5.461609e-03
5.507273e-03
5.507273e-03
5.567836e-03
5.567836e-03
5.586603e-03
5.586603e-03
5.601100e-03
5.601100e-03
5.613552e-03
5.613552e-03
5.693272e-03
5.693272e-03
5.729347e-03
5.729347e-03
5.740821e-03
5.789241e-03
5.789241e-03
5.834569e-03
5.834569e-03
5.917557e-03
5.917557e-03
5.960311e-03
5.960311e-03
6.000785e-03
6.000785e-03
6.004561e-03
6.131289e-03
6.131289e-03
6.158024e-03
6.158024e-03
6.189414e-03
6.189414e-03
6.225415e-03
6.225415e-03
6.230675e-03
6.230675e-03
6.279983e-03
6.323417e-03
6.323417e-03
6.339461e-03
6.339461e-03
6.392579e-03
6.392579e-03
6.403639e-03
6.403639e-03
6.445354e-03
6.445354e-03
6.448961e-03
6.448961e-03
6.464207e-03
6.641491e-03
6.641491e-03
6.658518e-03
6.658518e-03
6.674734e-03
6.745881e-03
6.745881e-03
6.748337e-03
6.748337e-03
6.748821e-03
6.748821e-03
6.975781e-03
6.975781e-03
7.137908e-03
7.137908e-03
7.150852e-03
7.150852e-03
7.167783e-03
7.209343e-03
7.209343e-03
7.233548e-03
7.233548e-03
7.271746e-03
7.271746e-03
7.300815e-03
7.300815e-03
7.304548e-03
7.304548e-03
7.374285e-03
7.391005e-03
7.391005e-03
7.495257e-03
7.495257e-03
7.685525e-03
7.685525e-03
7.776394e-03
7.776394e-03
7.808492e-03
7.808492e-03
7.856954e-03
7.856954e-03
7.870159e-03
7.870159e-03
7.925559e-03
7.988202e-03
7.988202e-03
7.998416e-03
7.998416e-03
8.313544e-03
8.313544e-03
8.366941e-03
8.366941e-03
8.380617e-03
8.380617e-03
8.418912e-03
8.418912e-03
8.426078e-03
8.426078e-03
8.446699e-03
8.446699e-03
8.453394e-03
8.453394e-03
8.636935e-03
8.731484e-03
8.731484e-03
8.739794e-03
8.739794e-03
8.765112e-03
8.765112e-03
8.792354e-03
8.792354e-03
8.840515e-03
8.840515e-03
8.905550e-03
8.905550e-03
8.954583e-03
8.954583e-03
8.976432e-03
9.040448e-03
9.040448e-03
9.259261e-03
9.259261e-03
9.357243e-03
9.357243e-03
9.445640e-03
9.445640e-03
9.467020e-03
9.467020e-03
9.494566e-03
9.499994e-03
9.499994e-03
9.533963e-03
9.533963e-03
9.593249e-03
9.593249e-03
9.598459e-03
9.598459e-03
9.675030e-03
9.675030e-03
9.758009e-03
9.758009e-03
9.805982e-03
9.805982e-03
9.878320e-03
9.878320e-03
9.900342e-03
9.926523e-03
9.926523e-03
9.944756e-03
9.944756e-03
9.952543e-03
9.952543e-03
1.008666e-02
1.008666e-02
1.014058e-02
1.014058e-02
1.014368e-02
1.014368e-02
1.016461e-02
1.018234e-02
1.018234e-02
1.018367e-02
1.018367e-02
1.026320e-02
1.034140e-02
1.034140e-02
1.043844e-02
1.043844e-02
1.057357e-02
1.059862e-02
1.059862e-02
1.061238e-02
1.061238e-02
1.071174e-02
1.071174e-02
1.073373e-02
1.073373e-02
1.074010e-02
1.074010e-02
1.075069e-02
1.075069e-02
1.080526e-02
1.080526e-02
1.084758e-02
1.084758e-02
1.095688e-02
1.095688e-02
1.096913e-02
1.096913e-02
1.099182e-02
1.104575e-02
1.104575e-02
1.108464e-02
1.108464e-02
1.112190e-02
1.112190e-02
1.117033e-02
1.117033e-02
1.124491e-02
1.124491e-02
1.129349e-02
1.137463e-02
1.137463e-02
1.154724e-02
1.154724e-02
1.155290e-02
1.155290e-02
1.159241e-02
1.166315e-02
1.166315e-02
1.168141e-02
1.168141e-02
1.177315e-02
1.177315e-02
1.184326e-02
1.185603e-02
1.185603e-02
1.201915e-02
1.201915e-02
1.202605e-02
1.202605e-02
1.204525e-02
1.204525e-02
1.218977e-02
1.218977e-02
1.221335e-02
1.221335e-02
1.224275e-02
1.245728e-02
1.245728e-02
1.249855e-02
1.249855e-02
1.259000e-02
1.259000e-02
1.267492e-02
1.272154e-02
1.272154e-02
1.276827e-02
1.276827e-02
1.276843e-02
1.276843e-02
1.299430e-02
1.299430e-02
1.300365e-02
1.300365e-02
1.300453e-02
1.300453e-02
1.316110e-02
1.316110e-02
1.316806e-02
1.316806e-02
1.324587e-02
1.340538e-02
1.340538e-02
1.340842e-02
1.340842e-02
1.347519e-02
1.347827e-02
1.347827e-02
1.348425e-02
1.348425e-02
1.358275e-02
1.358275e-02
1.365383e-02
1.366717e-02
1.366717e-02
1.368221e-02
1.368221e-02
1.371659e-02
1.371659e-02
1.375153e-02
1.375153e-02
1.380097e-02
1.380097e-02
1.380098e-02
1.380098e-02
1.388428e-02
1.388428e-02
1.399819e-02
1.399819e-02
1.410956e-02
1.410956e-02
1.414884e-02
1.414884e-02
1.427204e-02
1.430188e-02
1.430188e-02
1.430518e-02
1.430518e-02
1.435509e-02
1.435509e-02
1.436860e-02
1.436860e-02
1.443927e-02
1.443927e-02
1.450575e-02
1.450575e-02
1.455648e-02
1.455648e-02
1.462219e-02
1.479784e-02
1.479784e-02
1.484213e-02
1.487487e-02
1.487487e-02
1.491370e-02
1.491370e-02
1.499941e-02
1.499941e-02
1.505285e-02
1.505285e-02
1.508779e-02
1.526657e-02
1.526657e-02
1.534542e-02
1.534542e-02
1.540044e-02
1.540044e-02
1.542310e-02
1.542310e-02
1.543601e-02
1.543601e-02
1.544295e-02
1.544295e-02
1.564905e-02
1.564905e-02
1.571958e-02
1.571958e-02
1.575275e-02
1.575275e-02
1.576260e-02
1.576260e-02
1.581563e-02
1.581563e-02
1.581696e-02
1.582327e-02
1.582327e-02
1.591215e-02
1.591215e-02
1.595998e-02
1.595998e-02
1.608497e-02
1.608497e-02
1.623200e-02
1.623200e-02
1.624049e-02
1.628232e-02
1.628232e-02
1.640547e-02
1.640547e-02
1.642047e-02
1.642047e-02
1.643879e-02
1.643879e-02
1.653358e-02
1.653358e-02
1.656155e-02
1.656155e-02
1.658265e-02
1.658265e-02
1.668519e-02
1.668519e-02
1.683107e-02
1.683107e-02
1.693685e-02
1.706558e-02
1.706558e-02
1.708523e-02
1.708523e-02
1.717238e-02
1.717238e-02
1.724013e-02
1.724013e-02
1.725088e-02
1.725088e-02
1.744677e-02
1.744677e-02
1.746715e-02
1.746715e-02
1.755449e-02
1.755449e-02
1.758213e-02
1.758213e-02
1.758828e-02
1.771433e-02
1.771433e-02
1.771845e-02
1.771845e-02
1.773865e-02
1.773865e-02
1.787941e-02
1.787941e-02
1.788962e-02
1.788962e-02
1.790778e-02
1.790778e-02
1.801414e-02
1.802349e-02
1.802349e-02
1.805650e-02
1.805650e-02
1.807963e-02
1.807963e-02
1.822788e-02
1.822788e-02
1.824465e-02
1.824465e-02
1.832840e-02
1.832840e-02
1.842121e-02
1.842121e-02
1.862484e-02
1.862484e-02
1.868273e-02
1.868273e-02
1.870069e-02
1.872176e-02
1.872176e-02
1.874556e-02
1.874556e-02
1.900888e-02
1.900888e-02
1.903277e-02
1.903277e-02
1.909142e-02
1.909142e-02
1.916106e-02
1.916106e-02
1.916685e-02
1.916685e-02
1.923528e-02
1.923528e-02
1.924076e-02
1.924685e-02
1.924685e-02
1.946708e-02
1.946708e-02
1.947207e-02
1.947207e-02
1.947919e-02
1.947919e-02
1.949971e-02
1.949971e-02
1.954906e-02
1.954906e-02
1.957786e-02
1.957786e-02
1.961409e-02
1.961409e-02
1.966411e-02
1.966411e-02
1.967026e-02
1.967026e-02
1.971420e-02
1.971420e-02
1.975639e-02
1.975639e-02
1.977667e-02
1.977667e-02
1.981848e-02
1.981848e-02
1.983112e-02
1.983112e-02
1.987764e-02
1.991630e-02
1.991630e-02
2.015476e-02
2.015476e-02
2.017808e-02
2.017808e-02
2.018175e-02
2.018175e-02
2.025241e-02
2.025241e-02
2.028107e-02
2.028107e-02
2.039078e-02
2.039078e-02
2.059052e-02
2.059714e-02
2.059714e-02
2.060366e-02
2.060366e-02
2.061838e-02
2.061838e-02
2.072844e-02
2.072844e-02
2.079880e-02
2.079880e-02
2.082581e-02
2.082581e-02
2.095967e-02
2.095967e-02
2.096348e-02
2.096348e-02
2.102632e-02
2.102632e-02
2.111337e-02
2.111337e-02
2.117879e-02
2.117879e-02
2.125263e-02
2.132538e-02
2.132538e-02
2.134755e-02
2.134755e-02
2.175235e-02
2.175235e-02
2.175581e-02
2.180589e-02
2.180589e-02
2.183267e-02
2.183267e-02
2.197128e-02
2.197128e-02
2.199211e-02
2.208234e-02
2.208234e-02
2.210683e-02
2.210683e-02
2.219228e-02
2.219228e-02
2.221547e-02
2.221547e-02
2.237423e-02
2.237423e-02
2.238159e-02
2.238159e-02
2.239317e-02
2.241878e-02
2.241878e-02
2.245221e-02
2.245221e-02
2.253850e-02
2.253850e-02
2.266852e-02
2.266852e-02
2.267674e-02
2.267674e-02
2.268597e-02
2.268597e-02
2.288171e-02
2.288171e-02
2.290465e-02
2.301767e-02
2.301767e-02
2.307872e-02
2.307872e-02
2.313193e-02
2.313193e-02
2.314090e-02
2.314090e-02
2.320083e-02
2.321823e-02
2.321823e-02
2.324264e-02
2.324264e-02
2.328290e-02
2.328290e-02
2.335800e-02
2.335800e-02
2.341438e-02
2.341622e-02
2.341622e-02
2.346640e-02
2.346640e-02
2.350362e-02
2.350362e-02
2.355484e-02
2.355484e-02
2.375773e-02
2.375773e-02
2.380858e-02
2.380858e-02
2.386072e-02
2.386072e-02
2.394504e-02
2.394504e-02
2.394741e-02
2.394741e-02
2.395726e-02
2.401416e-02
2.401416e-02
2.416278e-02
2.416278e-02
2.421849e-02
2.421849e-02
2.424935e-02
2.424935e-02
2.425999e-02
2.425999e-02
2.447989e-02
2.447989e-02
2.457686e-02
2.457686e-02
2.463521e-02
2.463521e-02
2.464034e-02
2.464034e-02
2.467334e-02
2.467334e-02
2.470099e-02
2.470099e-02
2.477719e-02
2.483601e-02
2.483601e-02
2.484167e-02
2.484167e-02
2.489088e-02
2.489088e-02
2.502675e-02
2.502675e-02
2.504848e-02
2.504848e-02
2.512967e-02
2.512967e-02
2.519408e-02
2.519408e-02
2.531626e-02
2.533535e-02
2.533535e-02
2.540727e-02
2.540727e-02
2.542561e-02
2.542561e-02
2.547541e-02
2.547541e-02
2.548786e-02
2.548786e-02
2.564568e-02
2.564568e-02
2.577171e-02
2.577171e-02
2.578557e-02
2.578557e-02
2.582683e-02
2.582683e-02
2.586218e-02
2.586218e-02
2.588776e-02
2.588776e-02
2.603542e-02
2.603542e-02
2.616982e-02
2.616982e-02
2.617306e-02
2.617306e-02
2.637075e-02
2.637075e-02
2.641575e-02
2.643789e-02
2.643789e-02
2.658182e-02
2.658182e-02
2.659026e-02
2.659026e-02
2.663935e-02
2.663935e-02
2.677486e-02
2.677486e-02
2.686554e-02
2.686554e-02
2.690036e-02
2.690036e-02
2.699140e-02
2.699140e-02
2.702175e-02
2.702175e-02
2.706136e-02
2.707316e-02
2.707316e-02
2.715483e-02
2.715483e-02
2.721545e-02
2.721545e-02
2.722065e-02
2.722065e-02
2.724190e-02
2.724190e-02
2.729075e-02
2.729075e-02
2.741594e-02
2.741594e-02
2.746988e-02
2.746988e-02
2.772251e-02
2.772251e-02
2.776728e-02
2.777410e-02
2.777410e-02
2.779253e-02
2.779253e-02
2.781008e-02
2.781008e-02
2.785383e-02
2.785383e-02
2.796101e-02
2.796101e-02
2.805268e-02
2.805268e-02
2.813328e-02
2.813328e-02
2.826482e-02
2.826482e-02
2.833032e-02
2.833032e-02
2.836892e-02
2.836892e-02
2.837496e-02
2.837496e-02
2.846146e-02
2.846146e-02
2.858665e-02
2.858665e-02
2.861320e-02
2.861320e-02
2.866372e-02
2.866372e-02
2.878012e-02
2.878012e-02
2.881747e-02
2.890485e-02
2.890485e-02
2.891285e-02
2.891285e-02
2.895417e-02
2.895417e-02
2.905498e-02
2.905498e-02
2.909595e-02
2.909595e-02
2.926465e-02
2.926465e-02
2.932121e-02
2.932121e-02
2.932125e-02
2.934874e-02
2.934874e-02
2.961407e-02
2.961407e-02
2.962666e-02
2.962666e-02
2.971902e-02
2.971902e-02
2.979051e-02
2.979051e-02
2.980223e-02
2.980223e-02
2.990722e-02
2.990722e-02
2.990925e-02
2.996998e-02
2.996998e-02
2.997170e-02
2.997170e-02
3.014390e-02
3.014390e-02
3.019744e-02
3.019744e-02
3.029663e-02
3.029663e-02
3.033104e-02
3.034073e-02
3.034073e-02
3.037395e-02
3.037395e-02
3.056195e-02
3.056195e-02
3.059812e-02
3.059812e-02
3.070515e-02
3.070515e-02
3.082260e-02
3.082260e-02
3.089132e-02
3.089132e-02
3.091495e-02
3.091495e-02
3.091873e-02
3.091873e-02
3.095018e-02
3.095018e-02
3.101247e-02
3.101247e-02
3.107203e-02
3.107203e-02
3.109513e-02
3.109513e-02
3.113346e-02
3.113346e-02
3.129623e-02
3.133680e-02
3.133680e-02
3.143136e-02
3.143136e-02
3.146188e-02
3.146188e-02
3.147474e-02
3.149516e-02
3.149516e-02
3.160190e-02
3.160190e-02
3.161227e-02
3.161227e-02
3.163721e-02
3.163721e-02
3.171015e-02
3.171015e-02
3.171945e-02
3.171945e-02
3.196782e-02
3.196782e-02
3.201321e-02
3.201321e-02
3.201353e-02
3.207818e-02
3.207818e-02
3.219216e-02
3.219216e-02
3.225508e-02
3.225508e-02
3.233599e-02
3.233599e-02
3.239953e-02
3.239953e-02
3.248708e-02
3.248708e-02
3.254878e-02
3.254878e-02
3.257274e-02
3.257274e-02
3.265041e-02
3.265041e-02
3.270103e-02
3.270103e-02
3.272652e-02
3.272652e-02
3.281966e-02
3.288838e-02
3.288838e-02
3.290096e-02
3.290096e-02
3.293483e-02
3.293483e-02
3.299711e-02
3.299711e-02
3.299936e-02
3.299936e-02
3.301709e-02
3.301709e-02
3.303736e-02
3.308936e-02
3.308936e-02
3.312929e-02
3.312929e-02
3.313803e-02
3.313803e-02
3.322640e-02
3.322640e-02
3.323286e-02
3.323286e-02
3.328439e-02
3.328439e-02
3.334540e-02
3.334540e-02
3.338119e-02
3.338119e-02
3.338388e-02
3.338388e-02
3.345385e-02
3.345385e-02
3.351527e-02
3.351527e-02
3.372312e-02
3.372312e-02
3.379093e-02
3.380826e-02
3.380826e-02
3.388184e-02
3.388184e-02
3.399566e-02
3.399566e-02
3.402169e-02
3.402169e-02
3.418481e-02
3.418481e-02
3.425228e-02
3.425228e-02
3.430229e-02
3.430229e-02
3.455225e-02
3.455225e-02
3.455645e-02
3.459431e-02
3.459431e-02
3.460648e-02
3.460648e-02
3.461899e-02
3.461899e-02
3.470014e-02
3.470014e-02
3.478448e-02
3.478448e-02
3.481500e-02
3.481500e-02
3.482385e-02
3.482385e-02
3.494289e-02
3.505530e-02
3.505530e-02
3.508393e-02
3.508393e-02
3.510818e-02
3.510818e-02
3.521412e-02
3.521412e-02
3.521784e-02
3.521784e-02
3.527840e-02
3.527840e-02
3.538098e-02
3.538098e-02
3.542910e-02
3.542910e-02
3.543770e-02
3.543770e-02
3.546723e-02
3.546723e-02
3.553793e-02
3.553793e-02
3.554668e-02
3.554668e-02
3.574913e-02
3.574913e-02
3.577100e-02
3.577100e-02
3.579996e-02
3.579996e-02
3.587143e-02
3.587143e-02
3.590245e-02
3.590245e-02
3.595627e-02
3.595627e-02
3.598523e-02
3.607501e-02
3.607501e-02
3.608893e-02
3.608893e-02
3.617357e-02
3.617357e-02
3.624233e-02
3.624233e-02
3.637921e-02
3.637921e-02
3.643752e-02
3.643752e-02
3.653525e-02
3.653525e-02
3.654691e-02
3.654691e-02
3.665136e-02
3.665136e-02
3.678759e-02
3.681293e-02
3.681293e-02
3.691793e-02
3.691793e-02
3.702253e-02
3.702253e-02
3.708429e-02
3.708429e-02
3.709292e-02
3.709292e-02
3.717345e-02
3.717345e-02
3.729383e-02
3.729383e-02
3.729675e-02
3.729675e-02
3.731182e-02
3.731182e-02
3.749725e-02
3.749725e-02
3.757250e-02
3.757250e-02
3.758479e-02
3.758479e-02
3.762262e-02
3.762262e-02
3.767880e-02
3.780385e-02
3.780385e-02
3.782128e-02
3.782128e-02
3.782589e-02
3.782589e-02
3.790207e-02
3.790207e-02
3.808647e-02
3.808647e-02
3.810837e-02
3.810837e-02
3.813374e-02
3.813374e-02
3.822119e-02
3.822119e-02
3.833941e-02
3.833941e-02
3.842634e-02
3.842634e-02
3.846195e-02
3.846195e-02
3.847256e-02
3.848689e-02
3.848689e-02
3.849114e-02
3.849114e-02
3.853980e-02
3.867091e-02
3.867091e-02
3.873800e-02
3.873800e-02
3.884168e-02
3.884168e-02
3.884327e-02
3.884327e-02
3.884823e-02
3.884823e-02
3.893960e-02
3.893960e-02
3.899458e-02
3.899458e-02
3.913625e-02
3.913625e-02
3.923837e-02
3.923837e-02
3.942609e-02
3.942609e-02
3.955002e-02
3.955074e-02
3.955074e-02
3.962728e-02
3.962728e-02
3.964877e-02
3.964877e-02
3.966464e-02
3.966464e-02
3.976839e-02
3.976839e-02
3.981690e-02
3.981690e-02
3.984603e-02
3.984603e-02
3.984716e-02
3.984716e-02
3.993217e-02
3.993217e-02
3.996266e-02
3.999498e-02
3.999498e-02
4.005117e-02
4.005117e-02
4.010972e-02
4.010972e-02
4.018797e-02
4.018797e-02
4.019266e-02
4.019266e-02
4.023576e-02
4.023576e-02
4.024831e-02
4.031886e-02
4.037224e-02
4.037224e-02
4.037549e-02
4.037549e-02
4.052099e-02
4.052099e-02
4.056990e-02
4.056990e-02
4.060860e-02
4.060860e-02
4.062290e-02
4.063691e-02
4.063691e-02
4.068068e-02
4.068068e-02
4.079276e-02
4.079276e-02
4.079637e-02
4.079637e-02
4.082625e-02
4.082625e-02
4.083451e-02
4.083451e-02
4.106671e-02
4.106671e-02
4.111557e-02
4.115845e-02
4.115845e-02
4.120492e-02
4.120492e-02
4.125796e-02
4.125796e-02
4.134459e-02
4.134459e-02
4.134574e-02
4.134574e-02
4.153954e-02
4.153954e-02
4.154989e-02
4.154989e-02
4.156822e-02
4.156822e-02
4.172335e-02
4.172335e-02
4.192196e-02
4.192196e-02
4.194268e-02
4.194268e-02
4.195530e-02
4.195530e-02
4.197937e-02
4.197937e-02
4.204538e-02
4.204538e-02
4.215238e-02
4.215238e-02
4.235576e-02
4.235576e-02
4.241072e-02
4.241072e-02
4.242670e-02
4.242670e-02
4.249826e-02
4.249826e-02
4.253475e-02
4.253475e-02
4.255570e-02
4.259275e-02
4.259275e-02
4.260656e-02
4.260656e-02
4.271891e-02
4.271891e-02
4.274316e-02
4.274316e-02
4.292262e-02
4.292262e-02
4.292271e-02
4.292774e-02
4.292774e-02
4.304705e-02
4.304705e-02
4.312874e-02
4.312874e-02
4.330290e-02
4.335985e-02
4.335985e-02
4.342453e-02
4.342453e-02
4.346531e-02
4.346531e-02
4.360464e-02
4.360464e-02
4.363860e-02
4.363860e-02
4.374971e-02
4.374971e-02
4.378469e-02
4.378469e-02
4.379615e-02
4.379615e-02
4.381628e-02
4.381628e-02
4.392337e-02
4.392337e-02
4.396154e-02
4.399365e-02
4.408456e-02
4.408456e-02
4.411781e-02
4.411781e-02
4.413022e-02
4.413022e-02
4.417041e-02
4.417041e-02
4.418037e-02
4.418037e-02
4.419603e-02
4.419603e-02
4.439623e-02
4.439623e-02
4.450623e-02
4.450623e-02
4.458496e-02
4.458496e-02
4.464278e-02
4.464278e-02
4.468272e-02
4.468272e-02
4.472135e-02
4.472135e-02
4.473441e-02
4.473441e-02
4.479700e-02
4.479700e-02
4.479777e-02
4.486630e-02
4.486630e-02
4.488212e-02
4.488212e-02
4.518447e-02
4.521996e-02
4.521996e-02
4.530593e-02
4.530593e-02
4.537338e-02
4.537338e-02
4.541842e-02
4.541842e-02
4.566594e-02
4.566594e-02
4.578368e-02
4.578368e-02
4.591407e-02
4.591407e-02
4.598560e-02
4.598560e-02
4.604429e-02
4.604429e-02
4.605197e-02
4.620403e-02
4.620403e-02
4.620811e-02
4.620811e-02
4.627061e-02
4.627061e-02
4.628065e-02
4.628065e-02
4.633588e-02
4.633588e-02
4.640676e-02
4.640676e-02
4.642656e-02
4.642656e-02
4.643239e-02
4.643239e-02
4.647904e-02
4.647904e-02
4.666902e-02
4.666902e-02
4.670091e-02
4.670091e-02
4.671998e-02
4.671998e-02
4.677087e-02
4.677087e-02
4.677882e-02
4.677882e-02
4.684072e-02
4.684072e-02
4.690665e-02
4.697727e-02
4.697727e-02
4.707797e-02
4.707797e-02
4.710074e-02
4.710074e-02
4.720322e-02
4.720322e-02
4.726097e-02
4.726097e-02
4.728052e-02
4.728052e-02
4.748145e-02
4.748145e-02
4.750370e-02
4.750370e-02
4.751330e-02
4.751330e-02
4.756668e-02
4.756668e-02
4.766103e-02
4.766103e-02
4.767608e-02
4.767608e-02
4.767688e-02
4.778439e-02
4.778439e-02
4.780619e-02
4.780619e-02
4.798442e-02
4.798442e-02
4.800302e-02
4.800302e-02
4.810462e-02
4.810462e-02
4.815241e-02
4.815241e-02
4.817826e-02
4.817826e-02
4.822273e-02
4.822273e-02
4.828631e-02
4.828631e-02
4.837599e-02
4.837599e-02
4.847744e-02
4.865427e-02
4.865427e-02
4.866794e-02
4.866794e-02
4.880667e-02
4.884628e-02
4.884628e-02
4.886821e-02
4.886821e-02
4.887459e-02
4.887459e-02
4.909399e-02
4.909399e-02
4.922884e-02
4.922884e-02
4.923973e-02
4.923973e-02
4.929829e-02
4.929829e-02
4.931348e-02
4.931348e-02
4.937053e-02
4.937053e-02
4.946387e-02
4.946387e-02
4.955754e-02
4.955754e-02
4.956314e-02
4.956314e-02
4.961110e-02
4.961110e-02
4.977927e-02
4.982043e-02
4.982043e-02
4.988897e-02
4.988897e-02
4.990179e-02
4.990179e-02
4.995066e-02
4.995066e-02
4.997053e-02
4.997053e-02
5.002076e-02
5.002076e-02
5.019857e-02
5.019857e-02
5.027950e-02
5.027950e-02
5.028932e-02
5.028932e-02
5.035339e-02
5.035339e-02
5.037079e-02
5.038083e-02
5.038083e-02
5.041895e-02
5.041895e-02
5.060562e-02
5.060562e-02
5.063871e-02
5.063871e-02
5.073984e-02
5.073984e-02
5.076855e-02
5.076855e-02
5.078153e-02
5.078153e-02
5.087276e-02
5.087276e-02
5.107887e-02
5.107887e-02
5.110510e-02
5.110510e-02
5.110756e-02
5.110756e-02
5.133406e-02
5.133406e-02
5.139240e-02
5.139240e-02
5.163934e-02
5.163934e-02
5.170174e-02
5.170174e-02
5.171715e-02
5.171715e-02
5.174076e-02
5.174076e-02
5.174214e-02
5.174214e-02
5.182439e-02
5.183366e-02
5.183366e-02
5.188577e-02
5.188577e-02
5.196490e-02
5.196490e-02
5.196917e-02
5.196917e-02
5.209162e-02
5.209162e-02
5.213425e-02
5.213425e-02
5.221500e-02
5.221500e-02
5.228342e-02
5.231579e-02
5.231579e-02
5.233061e-02
5.233061e-02
5.241670e-02
5.243490e-02
5.243490e-02
5.265639e-02
5.265639e-02
5.266512e-02
5.266512e-02
5.270277e-02
5.270277e-02
5.278060e-02
5.278060e-02
5.282688e-02
5.282688e-02
5.285880e-02
5.285880e-02
5.291485e-02
5.291485e-02
5.307313e-02
5.307313e-02
5.310053e-02
5.310053e-02
5.313809e-02
5.313809e-02
5.319464e-02
5.331124e-02
5.331124e-02
5.345474e-02
5.345474e-02
5.349618e-02
5.349618e-02
5.351875e-02
5.351875e-02
5.362285e-02
5.362285e-02
5.366952e-02
5.366952e-02
5.368759e-02
5.371946e-02
5.377819e-02
5.377819e-02
5.378343e-02
5.378343e-02
5.379383e-02
5.379383e-02
5.390649e-02
5.390649e-02
5.396543e-02
5.396543e-02
5.428305e-02
5.428305e-02
5.435926e-02
5.435926e-02
5.443683e-02
5.443683e-02
5.453569e-02
5.453569e-02
5.467990e-02
5.467990e-02
5.476017e-02
5.480696e-02
5.480696e-02
5.484305e-02
5.484305e-02
5.504096e-02
5.504096e-02
5.507984e-02
5.507984e-02
5.508324e-02
5.508324e-02
5.508788e-02
5.508788e-02
5.511234e-02
5.511234e-02
5.516862e-02
5.516862e-02
5.523849e-02
5.523849e-02
5.533507e-02
5.535031e-02
5.535031e-02
5.540901e-02
5.540901e-02
5.550857e-02
5.550857e-02
5.556428e-02
5.556428e-02
5.562371e-02
5.562371e-02
5.568701e-02
5.568701e-02
5.576028e-02
5.576028e-02
5.598436e-02
5.598436e-02
5.602961e-02
5.602961e-02
5.611607e-02
5.611607e-02
5.614231e-02
5.614231e-02
5.625331e-02
5.625331e-02
5.627887e-02
5.627887e-02
5.634399e-02
5.634399e-02
5.648249e-02
5.652735e-02
5.652735e-02
5.654435e-02
5.654435e-02
5.666531e-02
5.666531e-02
5.673331e-02
5.673331e-02
5.682190e-02
5.682190e-02
5.692863e-02
5.692863e-02
5.699517e-02
5.699517e-02
5.700439e-02
5.700439e-02
5.705783e-02
5.705783e-02
5.716793e-02
5.716793e-02
5.718653e-02
5.718653e-02
5.722200e-02
5.722200e-02
5.727589e-02
5.727589e-02
5.730419e-02
5.730419e-02
5.739132e-02
5.739132e-02
5.761560e-02
5.763375e-02
5.763375e-02
5.777294e-02
5.777294e-02
5.784165e-02
5.784165e-02
5.791512e-02
5.791512e-02
5.797194e-02
5.797679e-02
5.797679e-02
5.808084e-02
5.808084e-02
5.811491e-02
5.811491e-02
5.813758e-02
5.813758e-02
5.815250e-02
5.815250e-02
5.842114e-02
5.842114e-02
5.842300e-02
5.842300e-02
5.842454e-02
5.852011e-02
5.852011e-02
5.856072e-02
5.856072e-02
5.856220e-02
5.856220e-02
5.857629e-02
5.857629e-02
5.881763e-02
5.881763e-02
5.891859e-02
5.891859e-02
5.895810e-02
5.895810e-02
5.904411e-02
5.904411e-02
5.913233e-02
5.913233e-02
5.918775e-02
5.918775e-02
5.924627e-02
5.945559e-02
5.945559e-02
5.947720e-02
5.947720e-02
5.948031e-02
5.948031e-02
5.949260e-02
5.949260e-02
5.964563e-02
5.964563e-02
5.976516e-02
5.976516e-02
5.977645e-02
5.977645e-02
5.984828e-02
5.984828e-02
5.985322e-02
5.985322e-02
5.997768e-02
5.997768e-02
6.008570e-02
6.008570e-02
6.008666e-02
6.008666e-02
6.010677e-02
6.010677e-02
6.020054e-02
6.020054e-02
6.055596e-02
6.055596e-02
6.063776e-02
6.063776e-02
6.067070e-02
6.067070e-02
6.068358e-02
6.068358e-02
6.072641e-02
6.073331e-02
6.073331e-02
6.073358e-02
6.073358e-02
6.075832e-02
6.075832e-02
6.079328e-02
6.079328e-02
6.098175e-02
6.098175e-02
6.108429e-02
6.108429e-02
6.113214e-02
6.113214e-02
6.115254e-02
6.131731e-02
6.131731e-02
6.148136e-02
6.148136e-02
6.155387e-02
6.155387e-02
6.156517e-02
6.156517e-02
6.167352e-02
6.167352e-02
6.177395e-02
6.177395e-02
6.187869e-02
6.187869e-02
6.188220e-02
6.197246e-02
6.197246e-02
6.202404e-02
6.202404e-02
6.202563e-02
6.202563e-02
6.206255e-02
6.206255e-02
6.210554e-02
6.210554e-02
6.213735e-02
6.213735e-02
6.219582e-02
6.219582e-02
6.222923e-02
6.222923e-02
6.243962e-02
6.243962e-02
6.245882e-02
6.245882e-02
6.246225e-02
6.246225e-02
6.251140e-02
6.251140e-02
6.263964e-02
6.263964e-02
6.264256e-02
6.264256e-02
6.286476e-02
6.286476e-02
6.286728e-02
6.286728e-02
6.289122e-02
6.289122e-02
6.311438e-02
6.311438e-02
6.319611e-02
6.319611e-02
6.322509e-02
6.322509e-02
6.328918e-02
6.328918e-02
6.335493e-02
6.335493e-02
6.347438e-02
6.347540e-02
6.347540e-02
6.351945e-02
6.351945e-02
6.359733e-02
6.359733e-02
6.366026e-02
6.369238e-02
6.379148e-02
6.379148e-02
6.386958e-02
6.386958e-02
6.388188e-02
6.392816e-02
6.392816e-02
6.399474e-02
6.399474e-02
6.410428e-02
6.410428e-02
6.410612e-02
6.410612e-02
6.419254e-02
6.419254e-02
6.424186e-02
6.424186e-02
6.429479e-02
6.429479e-02
6.450780e-02
6.450780e-02
6.465283e-02
6.465283e-02
6.465666e-02
6.465666e-02
6.466086e-02
6.466086e-02
6.469335e-02
6.469335e-02
6.475913e-02
6.475913e-02
6.478609e-02
6.478609e-02
6.479354e-02
6.479354e-02
6.507118e-02
6.507118e-02
6.511810e-02
6.511810e-02
6.512857e-02
6.512857e-02
6.528397e-02
6.528511e-02
6.528511e-02
6.541008e-02
6.541008e-02
6.553442e-02
6.553442e-02
6.556989e-02
6.556989e-02
6.557333e-02
6.557333e-02
6.571292e-02
6.571292e-02
6.579772e-02
6.579772e-02
6.585287e-02
6.585287e-02
6.591103e-02
6.591103e-02
6.597577e-02
6.597577e-02
6.608191e-02
6.610317e-02
6.610317e-02
6.617859e-02
6.617859e-02
6.622352e-02
6.622352e-02
6.630577e-02
6.630577e-02
6.639617e-02
6.639617e-02
6.647769e-02
6.647769e-02
6.663993e-02
6.663993e-02
6.667177e-02
6.667177e-02
6.668687e-02
6.668687e-02
6.684439e-02
6.684439e-02
6.687255e-02
6.687255e-02
6.693199e-02
6.693199e-02
6.699272e-02
6.699272e-02
6.715131e-02
6.715131e-02
6.726178e-02
6.726178e-02
6.727152e-02
6.727152e-02
6.733536e-02
6.733536e-02
6.736606e-02
6.736606e-02
6.742572e-02
6.742572e-02
6.742617e-02
6.742617e-02
6.745622e-02
6.750687e-02
6.750687e-02
6.764251e-02
6.764251e-02
6.769646e-02
6.769646e-02
6.773717e-02
6.784805e-02
6.791768e-02
6.791768e-02
6.800747e-02
6.800747e-02
6.801635e-02
6.801635e-02
6.806097e-02
6.806097e-02
6.806631e-02
6.806631e-02
6.811895e-02
6.811895e-02
6.813629e-02
6.813629e-02
6.830982e-02
6.830982e-02
6.835373e-02
6.835373e-02
6.835999e-02
6.835999e-02
6.848124e-02
6.848124e-02
6.857834e-02
6.871052e-02
6.871052e-02
6.872893e-02
6.872893e-02
6.881637e-02
6.881637e-02
6.891487e-02
6.891487e-02
6.896207e-02
6.896207e-02
6.896699e-02
6.896699e-02
6.903875e-02
6.903875e-02
6.907314e-02
6.907314e-02
6.921246e-02
6.921246e-02
6.928994e-02
6.928994e-02
6.936459e-02
6.936459e-02
6.959556e-02
6.959556e-02
6.960863e-02
6.960863e-02
6.967195e-02
6.967195e-02
6.971415e-02
6.971415e-02
6.979289e-02
6.979289e-02
6.989402e-02
6.989402e-02
6.993040e-02
6.993040e-02
6.993070e-02
6.993070e-02
7.002716e-02
7.002716e-02
7.006352e-02
7.010586e-02
7.010586e-02
7.022374e-02
7.022374e-02
7.023789e-02
7.023789e-02
7.032412e-02
7.032412e-02
7.037955e-02
7.053643e-02
7.053643e-02
7.054355e-02
7.054355e-02
7.061708e-02
7.061708e-02
7.066020e-02
7.068120e-02
7.068120e-02
7.073162e-02
7.073162e-02
7.083483e-02
7.083483e-02
7.088100e-02
7.088100e-02
7.091102e-02
7.104077e-02
7.104077e-02
7.104564e-02
7.104564e-02
7.105210e-02
7.105210e-02
7.111895e-02
7.111895e-02
7.118855e-02
7.118855e-02
7.124205e-02
7.124205e-02
7.138452e-02
7.138452e-02
7.147154e-02
7.147154e-02
7.169431e-02
7.169431e-02
7.173620e-02
7.173620e-02
7.187561e-02
7.187561e-02
7.187791e-02
7.187791e-02
7.205961e-02
7.205961e-02
7.206014e-02
7.206014e-02
7.232869e-02
7.232869e-02
7.239698e-02
7.239698e-02
7.242397e-02
7.242397e-02
7.266920e-02
7.266920e-02
7.267864e-02
7.267864e-02
7.270979e-02
7.270979e-02
7.276960e-02
7.276960e-02
7.283915e-02
7.283915e-02
7.286593e-02
7.286593e-02
7.287297e-02
7.287297e-02
7.302067e-02
7.302067e-02
7.312015e-02
7.312015e-02
7.330268e-02
7.330268e-02
7.336466e-02
7.340465e-02
7.340465e-02
7.344077e-02
7.344077e-02
7.346964e-02
7.346964e-02
7.351751e-02
7.351751e-02
7.359464e-02
7.359464e-02
7.359479e-02
7.359479e-02
7.369086e-02
7.369086e-02
7.376235e-02
7.376235e-02
7.376435e-02
7.376435e-02
7.390337e-02
7.396035e-02
7.401461e-02
7.401461e-02
7.401676e-02
7.401676e-02
7.403943e-02
7.403943e-02
7.407951e-02
7.407951e-02
7.419513e-02
7.419513e-02
7.428297e-02
7.428297e-02
7.432349e-02
7.432349e-02
7.438067e-02
7.438067e-02
7.450089e-02
7.450089e-02
7.452697e-02
7.452697e-02
7.459767e-02
7.478078e-02
7.478078e-02
7.486476e-02
7.486476e-02
7.500822e-02
7.500822e-02
7.507092e-02
7.507092e-02
7.508358e-02
7.508358e-02
7.513660e-02
7.513660e-02
7.521003e-02
7.521003e-02
7.523958e-02
7.530468e-02
7.530468e-02
7.544095e-02
7.544095e-02
7.544688e-02
7.544688e-02
7.562569e-02
7.562569e-02
7.571715e-02
7.571715e-02
7.584162e-02
7.584162e-02
7.599001e-02
7.599001e-02
7.601083e-02
7.601083e-02
7.606630e-02
7.606630e-02
7.606698e-02
7.606698e-02
7.607527e-02
7.607527e-02
7.618226e-02
7.618226e-02
7.630679e-02
7.630679e-02
7.630875e-02
7.630875e-02
7.635375e-02
7.635375e-02
7.644497e-02
7.644497e-02
7.660654e-02
7.660654e-02
7.667078e-02
7.667078e-02
7.668727e-02
7.668727e-02
7.681628e-02
7.683863e-02
7.683863e-02
7.693534e-02
7.693534e-02
7.695425e-02
7.695425e-02
7.704751e-02
7.704751e-02
7.705185e-02
7.705712e-02
7.705712e-02
7.706756e-02
7.706756e-02
7.718256e-02
7.718256e-02
7.730984e-02
7.730984e-02
7.736971e-02
7.736971e-02
7.747127e-02
7.747127e-02
7.760661e-02
7.760661e-02
7.765670e-02
7.765670e-02
7.771911e-02
7.771911e-02
7.778713e-02
7.778713e-02
7.781508e-02
7.781508e-02
7.793285e-02
7.793285e-02
7.798859e-02
7.805417e-02
7.805417e-02
7.809014e-02
7.809014e-02
7.814179e-02
7.814179e-02
7.833734e-02
7.833734e-02
7.835637e-02
7.835637e-02
7.836800e-02
7.836800e-02
7.848161e-02
7.848161e-02
7.859257e-02
7.859257e-02
7.862179e-02
7.862179e-02
7.882195e-02
7.882195e-02
7.882620e-02
7.882620e-02
7.892786e-02
7.897403e-02
7.897403e-02
7.924282e-02
7.924282e-02
7.933406e-02
7.933406e-02
7.934432e-02
7.934432e-02
7.935661e-02
7.943454e-02
7.943454e-02
7.946394e-02
7.946394e-02
7.967428e-02
7.967428e-02
7.969710e-02
7.969710e-02
7.979836e-02
7.979836e-02
7.988277e-02
7.988277e-02
7.988482e-02
7.988482e-02
8.009605e-02
8.009605e-02
8.021112e-02
8.021112e-02
8.036029e-02
8.036029e-02
8.036318e-02
8.036318e-02
8.042107e-02
8.042107e-02
8.042809e-02
8.044885e-02
8.044885e-02
8.066762e-02
8.066762e-02
8.067073e-02
8.067073e-02
8.086228e-02
8.086228e-02
8.086956e-02
8.086956e-02
8.092656e-02
8.092656e-02
8.096955e-02
8.096955e-02
8.108633e-02
8.108633e-02
8.120359e-02
8.120359e-02
8.120557e-02
8.120557e-02
8.123515e-02
8.123515e-02
8.127864e-02
8.128483e-02
8.128483e-02
8.134260e-02
8.134260e-02
8.139286e-02
8.139286e-02
8.143587e-02
8.143587e-02
8.148050e-02
8.148050e-02
8.176218e-02
8.176218e-02
8.176334e-02
8.177501e-02
8.177501e-02
8.195328e-02
8.195328e-02
8.201241e-02
8.201241e-02
8.208131e-02
8.208131e-02
8.210195e-02
8.210195e-02
8.222239e-02
8.222239e-02
8.223005e-02
8.226302e-02
8.226302e-02
8.236950e-02
8.236950e-02
8.240241e-02
8.240241e-02
8.247216e-02
8.247216e-02
8.248173e-02
8.248173e-02
8.251667e-02
8.251667e-02
8.254518e-02
8.254518e-02
8.258045e-02
8.258045e-02
8.261715e-02
8.261715e-02
8.265646e-02
8.265646e-02
8.275758e-02
8.275758e-02
8.281993e-02
8.281993e-02
8.303238e-02
8.303238e-02
8.307387e-02
8.307387e-02
8.307914e-02
8.307914e-02
8.310726e-02
8.310726e-02
8.316245e-02
8.316245e-02
8.334632e-02
8.334632e-02
8.338417e-02
8.338417e-02
8.340457e-02
8.340457e-02
8.354827e-02
8.354827e-02
8.362501e-02
8.362501e-02
8.365661e-02
8.365661e-02
8.379460e-02
8.379460e-02
8.383851e-02
8.383851e-02
8.392275e-02
8.392275e-02
8.398637e-02
8.398637e-02
8.405037e-02
8.405037e-02
8.407437e-02
8.409795e-02
8.409795e-02
8.417851e-02
8.417851e-02
8.450807e-02
8.450807e-02
8.452643e-02
8.452643e-02
8.455124e-02
8.455124e-02
8.462118e-02
8.462118e-02
8.462838e-02
8.462838e-02
8.464938e-02
8.464938e-02
8.470563e-02
8.470563e-02
8.482150e-02
8.482150e-02
8.485826e-02
8.485826e-02
8.486253e-02
8.500225e-02
8.500225e-02
8.501424e-02
8.505460e-02
8.505460e-02
8.506336e-02
8.507720e-02
8.507720e-02
8.510495e-02
8.510495e-02
8.516378e-02
8.516378e-02
8.521684e-02
8.529420e-02
8.529420e-02
8.535522e-02
8.542166e-02
8.542166e-02
8.546132e-02
8.546132e-02
8.562226e-02
8.562226e-02
8.565962e-02
8.565962e-02
8.568091e-02
8.568091e-02
8.578404e-02
8.578404e-02
8.579955e-02
8.579955e-02
8.621413e-02
8.621413e-02
8.628235e-02
8.628235e-02
8.634103e-02
8.634103e-02
8.640272e-02
8.640272e-02
8.646416e-02
8.646416e-02
8.646964e-02
8.646964e-02
8.656172e-02
8.661970e-02
8.661970e-02
8.677607e-02
8.677607e-02
8.679252e-02
8.679252e-02
8.692358e-02
8.692358e-02
8.693311e-02
8.693311e-02
8.697427e-02
8.697427e-02
8.699233e-02
8.699233e-02
8.699342e-02
8.699342e-02
8.700994e-02
8.703766e-02
8.703766e-02
8.706243e-02
8.708220e-02
8.708220e-02
8.725203e-02
8.725203e-02
8.728011e-02
8.728011e-02
8.738878e-02
8.738878e-02
8.748407e-02
8.748407e-02
8.751218e-02
8.751218e-02
8.766825e-02
8.766825e-02
8.769505e-02
8.769505e-02
8.793006e-02
8.793006e-02
8.808134e-02
8.808134e-02
8.811484e-02
8.811484e-02
8.820272e-02
8.820272e-02
8.821861e-02
8.821861e-02
8.824450e-02
8.824450e-02
8.826442e-02
8.826442e-02
8.839904e-02
8.839904e-02
8.844354e-02
8.844354e-02
8.852629e-02
8.852629e-02
8.856562e-02
8.856562e-02
8.864256e-02
8.870113e-02
8.870113e-02
8.886958e-02
8.886958e-02
8.896845e-02
8.896845e-02
8.897557e-02
8.897557e-02
8.903084e-02
8.903084e-02
8.904705e-02
8.904705e-02
8.917781e-02
8.917781e-02
8.922994e-02
8.922994e-02
8.930181e-02
8.930181e-02
8.932613e-02
8.932613e-02
8.952270e-02
8.952270e-02
8.959023e-02
8.959023e-02
8.960019e-02
8.960019e-02
8.961673e-02
8.961673e-02
8.967716e-02
8.967716e-02
8.975283e-02
8.975283e-02
8.984036e-02
8.984036e-02
8.985347e-02
8.985347e-02
8.993093e-02
8.993093e-02
9.004384e-02
9.004384e-02
9.007498e-02
9.007498e-02
9.015646e-02
9.015646e-02
9.018098e-02
9.026804e-02
9.026804e-02
9.033977e-02
9.033977e-02
9.034175e-02
9.034175e-02
9.037030e-02
9.037030e-02
9.042039e-02
9.042039e-02
9.045667e-02
9.045667e-02
9.054837e-02
9.054837e-02
9.058414e-02
9.058414e-02
9.060718e-02
9.077606e-02
9.077606e-02
9.087597e-02
9.087597e-02
9.087971e-02
9.087971e-02
9.090595e-02
9.090595e-02
9.112256e-02
9.112256e-02
9.113791e-02
9.113791e-02
9.122286e-02
9.122286e-02
9.132628e-02
9.133764e-02
9.133764e-02
9.147364e-02
9.147364e-02
9.147975e-02
9.147975e-02
9.149650e-02
9.149650e-02
9.156077e-02
9.156077e-02
9.160766e-02
9.160766e-02
9.170703e-02
9.186525e-02
9.193354e-02
9.193354e-02
9.200324e-02
9.200324e-02
9.200782e-02
9.200782e-02
9.212613e-02
9.212613e-02
9.217427e-02
9.217427e-02
9.226816e-02
9.226816e-02
9.234882e-02
9.234882e-02
9.235806e-02
9.235806e-02
9.240423e-02
9.240423e-02
9.242675e-02
9.242675e-02
9.255631e-02
9.255631e-02
9.292833e-02
9.292833e-02
9.295494e-02
9.298977e-02
9.298977e-02
9.303020e-02
9.303020e-02
9.306140e-02
9.306140e-02
9.306277e-02
9.306277e-02
9.311137e-02
9.311137e-02
9.321407e-02
9.321407e-02
9.323293e-02
9.323293e-02
9.332832e-02
9.332832e-02
9.346965e-02
9.352233e-02
9.352233e-02
9.356000e-02
9.356000e-02
9.362956e-02
9.362956e-02
9.363418e-02
9.363418e-02
9.364856e-02
9.364856e-02
9.372258e-02
9.372258e-02
9.382436e-02
9.382436e-02
9.387033e-02
9.387033e-02
9.390136e-02
9.390136e-02
9.401412e-02
9.401412e-02
9.401433e-02
9.407794e-02
9.407794e-02
9.429428e-02
9.429428e-02
9.433119e-02
9.433119e-02
9.434260e-02
9.434260e-02
9.446208e-02
9.446208e-02
9.450435e-02
9.450435e-02
9.465416e-02
9.465416e-02
9.467500e-02
9.467500e-02
9.472843e-02
9.472843e-02
9.478260e-02
9.478260e-02
9.483787e-02
9.483787e-02
9.490168e-02
9.490168e-02
9.492191e-02
9.492191e-02
9.509122e-02
9.509122e-02
9.520246e-02
9.520246e-02
9.526711e-02
9.538030e-02
9.539998e-02
9.539998e-02
9.544355e-02
9.544355e-02
9.546409e-02
9.546409e-02
9.552773e-02
9.552773e-02
9.561349e-02
9.561349e-02
9.564332e-02
9.566777e-02
9.566777e-02
9.577399e-02
9.577399e-02
9.591367e-02
9.591367e-02
9.598369e-02
9.598369e-02
9.610525e-02
9.610525e-02
9.614362e-02
9.617842e-02
9.617842e-02
9.625387e-02
9.625387e-02
9.628094e-02
9.628094e-02
9.628840e-02
9.628840e-02
9.637406e-02
9.637406e-02
9.668760e-02
9.668760e-02
9.673400e-02
9.673400e-02
9.679365e-02
9.679365e-02
9.684470e-02
9.684470e-02
9.685840e-02
9.685840e-02
9.688528e-02
9.688528e-02
9.698337e-02
9.709272e-02
9.709272e-02
9.712871e-02
9.712871e-02
9.721570e-02
9.721570e-02
9.723317e-02
9.723317e-02
9.724862e-02
9.724862e-02
9.733303e-02
9.733303e-02
9.738760e-02
9.738760e-02
9.740219e-02
9.740219e-02
9.750680e-02
9.750680e-02
9.753108e-02
9.753108e-02
9.755822e-02
9.755822e-02
9.760349e-02
9.760349e-02
9.761387e-02
9.766598e-02
9.766598e-02
9.773394e-02
9.773394e-02
9.778316e-02
9.778316e-02
9.803205e-02
9.803205e-02
9.806100e-02
9.806100e-02
9.806535e-02
9.806535e-02
9.819331e-02
9.819331e-02
9.820616e-02
9.820616e-02
9.825563e-02
9.825563e-02
9.836310e-02
9.836310e-02
9.843681e-02
9.843681e-02
9.843712e-02
9.843712e-02
9.861390e-02
9.861390e-02
9.877879e-02
9.877879e-02
9.880060e-02
9.880060e-02
9.886184e-02
9.886184e-02
9.888753e-02
9.888753e-02
9.889321e-02
9.889321e-02
9.908822e-02
9.908822e-02
9.910860e-02
9.910860e-02
9.918735e-02
9.918735e-02
9.918867e-02
9.918867e-02
9.923996e-02
9.923996e-02
9.928721e-02
9.928721e-02
9.931200e-02
9.931200e-02
9.931840e-02
9.931840e-02
9.932454e-02
9.932454e-02
9.951649e-02
9.979177e-02
9.979177e-02
9.981580e-02
9.981580e-02
9.985443e-02
9.985443e-02
9.990145e-02
9.990325e-02
9.990325e-02
9.992051e-02
9.992051e-02
9.993818e-02
9.993818e-02
1.001327e-01
1.001327e-01
1.001785e-01
1.001785e-01
1.003372e-01
1.003372e-01
1.004149e-01
1.004149e-01
1.004380e-01
1.004380e-01
1.004933e-01
1.004933e-01
1.006021e-01
1.006021e-01
1.006266e-01
1.006266e-01
1.006419e-01
1.006419e-01
1.007766e-01
1.007766e-01
1.009139e-01
1.009139e-01
1.010405e-01
1.011122e-01
1.011122e-01
1.011296e-01
1.011610e-01
1.011610e-01
1.011675e-01
1.011675e-01
1.013084e-01
1.013084e-01
1.013825e-01
1.013825e-01
1.014669e-01
1.014669e-01
1.015517e-01
1.015517e-01
1.015649e-01
1.017703e-01
1.017703e-01
1.017952e-01
1.017952e-01
1.019432e-01
1.019432e-01
1.019895e-01
1.019895e-01
1.021094e-01
1.021094e-01
1.021330e-01
1.021330e-01
1.022592e-01
1.022592e-01
1.022795e-01
1.022795e-01
1.024795e-01
1.025465e-01
1.025465e-01
1.026886e-01
1.026886e-01
1.027650e-01
1.027650e-01
1.028077e-01
1.028077e-01
1.028243e-01
1.028629e-01
1.028629e-01
1.028647e-01
1.028647e-01
1.028950e-01
1.028950e-01
1.029131e-01
1.031758e-01
1.031758e-01
1.033363e-01
1.033363e-01
1.033618e-01
1.033618e-01
1.033666e-01
1.033666e-01
1.034681e-01
1.034681e-01
1.035537e-01
1.035537e-01
1.035633e-01
1.035633e-01
1.036858e-01
1.036858e-01
1.036966e-01
1.036966e-01
1.037236e-01
1.037236e-01
1.037796e-01
1.037796e-01
1.038237e-01
1.038237e-01
1.040284e-01
1.040284e-01
1.041950e-01
1.041950e-01
1.042439e-01
1.042439e-01
1.043816e-01
1.044300e-01
1.044300e-01
1.044346e-01
1.044346e-01
1.045888e-01
1.045888e-01
1.047123e-01
1.047123e-01
1.048288e-01
1.048288e-01
1.048636e-01
1.048636e-01
1.049408e-01
1.049408e-01
1.049579e-01
1.049579e-01
1.050888e-01
1.050888e-01
1.050934e-01
1.050934e-01
1.051217e-01
1.051217e-01
1.051692e-01
1.051701e-01
1.051701e-01
1.052705e-01
1.052705e-01
1.053201e-01
1.053201e-01
1.053897e-01
1.053897e-01
1.054764e-01
1.054764e-01
1.055145e-01
1.055145e-01
1.055614e-01
1.055614e-01
1.056079e-01
1.056079e-01
1.056936e-01
1.056936e-01
1.060303e-01
1.060303e-01
1.060940e-01
1.060940e-01
1.061698e-01
1.061698e-01
1.062195e-01
1.062398e-01
1.062398e-01
1.063697e-01
1.063697e-01
1.064140e-01
1.064140e-01
1.065617e-01
1.065617e-01
1.066637e-01
1.066637e-01
1.067288e-01
1.067288e-01
1.067412e-01
1.067412e-01
1.067904e-01
1.067904e-01
1.068123e-01
1.068123e-01
1.068413e-01
1.068413e-01
1.069087e-01
1.069087e-01
1.070517e-01
1.070517e-01
1.072164e-01
1.072164e-01
1.072591e-01
1.072591e-01
1.074058e-01
1.074058e-01
1.074213e-01
1.074213e-01
1.075789e-01
1.075789e-01
1.076710e-01
1.076710e-01
1.076984e-01
1.076984e-01
1.077063e-01
1.077063e-01
1.077188e-01
1.077188e-01
1.077929e-01
1.077929e-01
1.078151e-01
1.078513e-01
1.078513e-01
1.078997e-01
1.078997e-01
1.079142e-01
1.079142e-01
1.079720e-01
1.079720e-01
1.081778e-01
1.081778e-01
1.082915e-01
1.082915e-01
1.083085e-01
1.083085e-01
1.083142e-01
1.083142e-01
1.083500e-01
1.083500e-01
1.084499e-01
1.084499e-01
1.084797e-01
1.084797e-01
1.085351e-01
1.085351e-01
1.086398e-01
1.087060e-01
1.087060e-01
1.088733e-01
1.088733e-01
1.089193e-01
1.089193e-01
1.089785e-01
1.089785e-01
1.089933e-01
1.092114e-01
1.092114e-01
1.093417e-01
1.093417e-01
1.093604e-01
1.093604e-01
1.093859e-01
1.093946e-01
1.093946e-01
1.094351e-01
1.094351e-01
1.095162e-01
1.095162e-01
1.095586e-01
1.095586e-01
1.095745e-01
1.095745e-01
1.096481e-01
1.096481e-01
1.096581e-01
1.097199e-01
1.098015e-01
1.098015e-01
1.099417e-01
1.099417e-01
1.100072e-01
1.100072e-01
1.101070e-01
1.101070e-01
1.102487e-01
1.102487e-01
1.102516e-01
1.102516e-01
1.103317e-01
1.103317e-01
1.103664e-01
1.103664e-01
1.105704e-01
1.105704e-01
1.105923e-01
1.105923e-01
1.107166e-01
1.108317e-01
1.108317e-01
1.108847e-01
1.108847e-01
1.110007e-01
1.110007e-01
1.110609e-01
1.110609e-01
1.111099e-01
1.111099e-01
1.111742e-01
1.111742e-01
1.113196e-01
1.113196e-01
1.114160e-01
1.114160e-01
1.114677e-01
1.114677e-01
1.115303e-01
1.115303e-01
1.117141e-01
1.117465e-01
1.117465e-01
1.119493e-01
1.119493e-01
1.120705e-01
1.120705e-01
1.121023e-01
1.121023e-01
1.121071e-01
1.121071e-01
1.122086e-01
1.122086e-01
1.122498e-01
1.122498e-01
1.122548e-01
1.122548e-01
1.122927e-01
1.122927e-01
1.124097e-01
1.124097e-01
1.124771e-01
1.124771e-01
1.125887e-01
1.125887e-01
1.125915e-01
1.125915e-01
1.126787e-01
1.126787e-01
1.126905e-01
1.126905e-01
1.126908e-01
1.126908e-01
1.128919e-01
1.128919e-01
1.129353e-01
1.129353e-01
1.129601e-01
1.129601e-01
1.130446e-01
1.130446e-01
1.130867e-01
1.130867e-01
1.131702e-01
1.131702e-01
1.133842e-01
1.133842e-01
1.134509e-01
1.134509e-01
1.135655e-01
1.135655e-01
1.136142e-01
1.136625e-01
1.136625e-01
1.138598e-01
1.138598e-01
1.139256e-01
1.139256e-01
1.139375e-01
1.139375e-01
1.140082e-01
1.140082e-01
1.140102e-01
1.140102e-01
1.142498e-01
1.142498e-01
1.143162e-01
1.143162e-01
1.143483e-01
1.144560e-01
1.144560e-01
1.144568e-01
1.144628e-01
1.144628e-01
1.145634e-01
1.145634e-01
1.145810e-01
1.145810e-01
1.147084e-01
1.147084e-01
1.148010e-01
1.148010e-01
1.149748e-01
1.149748e-01
1.150306e-01
1.150306e-01
1.150702e-01
1.150702e-01
1.151081e-01
1.151081e-01
1.151127e-01
1.151127e-01
1.151643e-01
1.151643e-01
1.153622e-01
1.153622e-01
1.156040e-01
1.156040e-01
1.156090e-01
1.156090e-01
1.157653e-01
1.157653e-01
1.157835e-01
1.157835e-01
1.158168e-01
1.158168e-01
1.159018e-01
1.159018e-01
1.159982e-01
1.159982e-01
1.161017e-01
1.161017e-01
1.162633e-01
1.162633e-01
1.162667e-01
1.162667e-01
1.163302e-01
1.163302e-01
1.165133e-01
1.165133e-01
1.165657e-01
1.165657e-01
1.166413e-01
1.166413e-01
1.168162e-01
1.168162e-01
1.169429e-01
1.169429e-01
1.169438e-01
1.169438e-01
1.169662e-01
1.169662e-01
1.170789e-01
1.170789e-01
1.171636e-01
1.171819e-01
1.171819e-01
1.173061e-01
1.173061e-01
1.173173e-01
1.173173e-01
1.173524e-01
1.173524e-01
1.173658e-01
1.173658e-01
1.174801e-01
1.174801e-01
1.175338e-01
1.175338e-01
1.176213e-01
1.176213e-01
1.177408e-01
1.177408e-01
1.177638e-01
1.177638e-01
1.178033e-01
1.178033e-01
1.180104e-01
1.180104e-01
1.180506e-01
1.180506e-01
1.181031e-01
1.181031e-01
1.181116e-01
1.181116e-01
1.181550e-01
1.181550e-01
1.183532e-01
1.184673e-01
1.184673e-01
1.186381e-01
1.186381e-01
1.186665e-01
1.186695e-01
1.186695e-01
1.189351e-01
1.189351e-01
1.189968e-01
1.189968e-01
1.191340e-01
1.191515e-01
1.191515e-01
1.192854e-01
1.192854e-01
1.194844e-01
1.194844e-01
1.195174e-01
1.195174e-01
1.196394e-01
1.196394e-01
1.196674e-01
1.196674e-01
1.197621e-01
1.197621e-01
1.198523e-01
1.198523e-01
1.198675e-01
1.198675e-01
1.198843e-01
1.198843e-01
1.199018e-01
1.199018e-01
1.199186e-01
1.199186e-01
1.199656e-01
1.200336e-01
1.200336e-01
1.200567e-01
1.200567e-01
1.200576e-01
1.200576e-01
1.204001e-01
1.205118e-01
1.205554e-01
1.205554e-01
1.205820e-01
1.205820e-01
1.208879e-01
1.208879e-01
1.209633e-01
1.209633e-01
1.209791e-01
1.209791e-01
1.210251e-01
1.210251e-01
1.212411e-01
1.212411e-01
1.212656e-01
1.212656e-01
1.212684e-01
1.212684e-01
1.213026e-01
1.213026e-01
1.213098e-01
1.213098e-01
1.213279e-01
1.213279e-01
1.214487e-01
1.214487e-01
1.215296e-01
1.215296e-01
1.215333e-01
1.216807e-01
1.216807e-01
1.216881e-01
1.216881e-01
1.218122e-01
1.218122e-01
1.218191e-01
1.218191e-01
1.219505e-01
1.219505e-01
1.219675e-01
1.219675e-01
1.220146e-01
1.220146e-01
1.222875e-01
1.222875e-01
1.223029e-01
1.223029e-01
1.223913e-01
1.223913e-01
1.224255e-01
1.224255e-01
1.224512e-01
1.224512e-01
1.224735e-01
1.224735e-01
1.226053e-01
1.226053e-01
1.226889e-01
1.228516e-01
1.228516e-01
1.230080e-01
1.230080e-01
1.230081e-01
1.230081e-01
1.231328e-01
1.231328e-01
1.231986e-01
1.231986e-01
1.232147e-01
1.232147e-01
1.234203e-01
1.234203e-01
1.234895e-01
1.235526e-01
1.235526e-01
1.235719e-01
1.235719e-01
1.235927e-01
1.235927e-01
1.236068e-01
1.236068e-01
1.237942e-01
1.237942e-01
1.238028e-01
1.238028e-01
1.238574e-01
1.238574e-01
1.239386e-01
1.239386e-01
1.239704e-01
1.239704e-01
1.240238e-01
1.240238e-01
1.241313e-01
1.241313e-01
1.242016e-01
1.242016e-01
1.243004e-01
1.243004e-01
1.243394e-01
1.243394e-01
1.243626e-01
1.243626e-01
1.244108e-01
1.244108e-01
1.244640e-01
1.244640e-01
1.245407e-01
1.245407e-01
1.247670e-01
1.247670e-01
1.249106e-01
1.249106e-01
1.249212e-01
1.249212e-01
1.249260e-01
1.249770e-01
1.249770e-01
1.250189e-01
1.250189e-01
1.251232e-01
1.251232e-01
1.251792e-01
1.251792e-01
1.252228e-01
1.252228e-01
1.252799e-01
1.252799e-01
1.253997e-01
1.253997e-01
1.256831e-01
1.256831e-01
1.258175e-01
1.258175e-01
1.259502e-01
1.259502e-01
1.260501e-01
1.260501e-01
1.260848e-01
1.260848e-01
1.260947e-01
1.260947e-01
1.261070e-01
1.261070e-01
1.261396e-01
1.261396e-01
1.262506e-01
1.262506e-01
1.263020e-01
1.263020e-01
1.263418e-01
1.263418e-01
1.264365e-01
1.264365e-01
1.264743e-01
1.264743e-01
1.265048e-01
1.265048e-01
1.265391e-01
1.265391e-01
1.266449e-01
1.266449e-01
1.268266e-01
1.268266e-01
1.270058e-01
1.270058e-01
1.271551e-01
1.271551e-01
1.271803e-01
1.272003e-01
1.272003e-01
1.273135e-01
1.273135e-01
1.273315e-01
1.273315e-01
1.273933e-01
1.273933e-01
1.274138e-01
1.274437e-01
1.274437e-01
1.276096e-01
1.276096e-01
1.276556e-01
1.276556e-01
1.276574e-01
1.276574e-01
1.277710e-01
1.277710e-01
1.278103e-01
1.278103e-01
1.282090e-01
1.282090e-01
1.282421e-01
1.282421e-01
1.282874e-01
1.282874e-01
1.283200e-01
1.283200e-01
1.283690e-01
1.283690e-01
1.285286e-01
1.285286e-01
1.286722e-01
1.286722e-01
1.286928e-01
1.286928e-01
1.287518e-01
1.287518e-01
1.287856e-01
1.287856e-01
1.288547e-01
1.288547e-01
1.289494e-01
1.289494e-01
1.289762e-01
1.289762e-01
1.289851e-01
1.289851e-01
1.290013e-01
1.290222e-01
1.290222e-01
1.290304e-01
1.290304e-01
1.290783e-01
1.290783e-01
1.292779e-01
1.293929e-01
1.293929e-01
1.294114e-01
1.294114e-01
1.294773e-01
1.294773e-01
1.294962e-01
1.294962e-01
1.295780e-01
1.295780e-01
1.297577e-01
1.297577e-01
1.298647e-01
1.298647e-01
1.299887e-01
1.299887e-01
1.300092e-01
1.300092e-01
1.300486e-01
1.300486e-01
1.300972e-01
1.300972e-01
1.301044e-01
1.301044e-01
1.301607e-01
1.301607e-01
1.303246e-01
1.304409e-01
1.304409e-01
1.306355e-01
1.306355e-01
1.307233e-01
1.307233e-01
1.307800e-01
1.307800e-01
1.307930e-01
1.307930e-01
1.308142e-01
1.308142e-01
1.308396e-01
1.308396e-01
1.312545e-01
1.312545e-01
1.313633e-01
1.313633e-01
1.313753e-01
1.313899e-01
1.313899e-01
1.317107e-01
1.317107e-01
1.317238e-01
1.317238e-01
1.317558e-01
1.317558e-01
1.318212e-01
1.318212e-01
1.318381e-01
1.318381e-01
1.318944e-01
1.318944e-01
1.320804e-01
1.321552e-01
1.322291e-01
1.322291e-01
1.322312e-01
1.322312e-01
1.322610e-01
1.322610e-01
1.322887e-01
1.322887e-01
1.323325e-01
1.323325e-01
1.324152e-01
1.324152e-01
1.324524e-01
1.324524e-01
1.325756e-01
1.325756e-01
1.325952e-01
1.325952e-01
1.326480e-01
1.326480e-01
1.327894e-01
1.327894e-01
1.327956e-01
1.327956e-01
1.329767e-01
1.329767e-01
1.330435e-01
1.330435e-01
1.331851e-01
1.331851e-01
1.331956e-01
1.331956e-01
1.332119e-01
1.332119e-01
1.332449e-01
1.332449e-01
1.332758e-01
1.332758e-01
1.334981e-01
1.334981e-01
1.336100e-01
1.336160e-01
1.336160e-01
1.336825e-01
1.336825e-01
1.338548e-01
1.339006e-01
1.339006e-01
1.340365e-01
1.340365e-01
1.340615e-01
1.340615e-01
1.341137e-01
1.341137e-01
1.341820e-01
1.341820e-01
1.342034e-01
1.342034e-01
1.344031e-01
1.344031e-01
1.344564e-01
1.344564e-01
1.344638e-01
1.344638e-01
1.345807e-01
1.345807e-01
1.345864e-01
1.345864e-01
1.346472e-01
1.346901e-01
1.346901e-01
1.347088e-01
1.347088e-01
1.348111e-01
1.348111e-01
1.349109e-01
1.349109e-01
1.349474e-01
1.349474e-01
1.349899e-01
1.349899e-01
1.350830e-01
1.350830e-01
1.353058e-01
1.353058e-01
1.354006e-01
1.354006e-01
1.355256e-01
1.355256e-01
1.355290e-01
1.355290e-01
1.355854e-01
1.356223e-01
1.356223e-01
1.358870e-01
1.358870e-01
1.359111e-01
1.359111e-01
1.359277e-01
1.359277e-01
1.359430e-01
1.359430e-01
1.359893e-01
1.359893e-01
1.359921e-01
1.360302e-01
1.360302e-01
1.361135e-01
1.361135e-01
1.361442e-01
1.361442e-01
1.361621e-01
1.361621e-01
1.362478e-01
1.362478e-01
1.364503e-01
1.364503e-01
1.365373e-01
1.365373e-01
1.367777e-01
1.367777e-01
1.367778e-01
1.367778e-01
1.368269e-01
1.368269e-01
1.368748e-01
1.368748e-01
1.368911e-01
1.368911e-01
1.370665e-01
1.370665e-01
1.370720e-01
1.370720e-01
1.370811e-01
1.370811e-01
1.370980e-01
1.370980e-01
1.371481e-01
1.372918e-01
1.373768e-01
1.373768e-01
1.374595e-01
1.374595e-01
1.374619e-01
1.374619e-01
1.376119e-01
1.376119e-01
1.376520e-01
1.376520e-01
1.377475e-01
1.377475e-01
1.378262e-01
1.379555e-01
1.379555e-01
1.379623e-01
1.379623e-01
1.380032e-01
1.380032e-01
1.380480e-01
1.380480e-01
1.381002e-01
1.381002e-01
1.381072e-01
1.381072e-01
1.382346e-01
1.382346e-01
1.382691e-01
1.382691e-01
1.383095e-01
1.383095e-01
1.384315e-01
1.384606e-01
1.384807e-01
1.384807e-01
1.385755e-01
1.385755e-01
1.385897e-01
1.385897e-01
1.386217e-01
1.387245e-01
1.387288e-01
1.387288e-01
1.387553e-01
1.387553e-01
1.388624e-01
1.389057e-01
1.389057e-01
1.390400e-01
1.390400e-01
1.390535e-01
1.390535e-01
1.390952e-01
1.390952e-01
1.391013e-01
1.391013e-01
1.391777e-01
1.391777e-01
1.392234e-01
1.392234e-01
1.393258e-01
1.393258e-01
1.395277e-01
1.395277e-01
1.395368e-01
1.395831e-01
1.395831e-01
1.396203e-01
1.397305e-01
1.397305e-01
1.398501e-01
1.398501e-01
1.398613e-01
1.398613e-01
1.399162e-01
1.399162e-01
1.400130e-01
1.400130e-01
1.400669e-01
1.400669e-01
1.401589e-01
1.401589e-01
1.401720e-01
1.401720e-01
1.403301e-01
1.403301e-01
1.404763e-01
1.404763e-01
1.404767e-01
1.404767e-01
1.405020e-01
1.405020e-01
1.405138e-01
1.405138e-01
1.405738e-01
1.405738e-01
1.405799e-01
1.407210e-01
1.407210e-01
1.408543e-01
1.408543e-01
1.408835e-01
1.408835e-01
1.409930e-01
1.409930e-01
1.410260e-01
1.410260e-01
1.411372e-01
1.411372e-01
1.411439e-01
1.411439e-01
1.413499e-01
1.413499e-01
1.413842e-01
1.413842e-01
1.414645e-01
1.415083e-01
1.415083e-01
1.415716e-01
1.415716e-01
1.416090e-01
1.416090e-01
1.416624e-01
1.416624e-01
1.417284e-01
1.417284e-01
1.417450e-01
1.417450e-01
1.419772e-01
1.420843e-01
1.420843e-01
1.420855e-01
1.420855e-01
1.420869e-01
1.420869e-01
1.423102e-01
1.423102e-01
1.423278e-01
1.423278e-01
1.423411e-01
1.423411e-01
1.424790e-01
1.424790e-01
1.425338e-01
1.425338e-01
1.425953e-01
1.426964e-01
1.426964e-01
1.427052e-01
1.427052e-01
1.427474e-01
1.427474e-01
1.427745e-01
1.427745e-01
1.429234e-01
1.429234e-01
1.431825e-01
1.432495e-01
1.432495e-01
1.433780e-01
1.433780e-01
1.434195e-01
1.434195e-01
1.434593e-01
1.434593e-01
1.436126e-01
1.436126e-01
1.436576e-01
1.436576e-01
1.436631e-01
1.436631e-01
1.437055e-01
1.437055e-01
1.438725e-01
1.438725e-01
1.440957e-01
1.440957e-01
1.441907e-01
1.441907e-01
1.442093e-01
1.442093e-01
1.442876e-01
1.442876e-01
1.443139e-01
1.443139e-01
1.444895e-01
1.444895e-01
1.444998e-01
1.444998e-01
1.445609e-01
1.445609e-01
1.446083e-01
1.446083e-01
1.446465e-01
1.446465e-01
1.446887e-01
1.446887e-01
1.447048e-01
1.447048e-01
1.447765e-01
1.447765e-01
1.449636e-01
1.450454e-01
1.450454e-01
1.450477e-01
1.450477e-01
1.452180e-01
1.452180e-01
1.452481e-01
1.452481e-01
1.452989e-01
1.452989e-01
1.454056e-01
1.454056e-01
1.454486e-01
1.454486e-01
1.454919e-01
1.454919e-01
1.455061e-01
1.455061e-01
1.455718e-01
1.455718e-01
1.457607e-01
1.457607e-01
1.458612e-01
1.458612e-01
1.458787e-01
1.458787e-01
1.460777e-01
1.460777e-01
1.461213e-01
1.461213e-01
1.461649e-01
1.461649e-01
1.462162e-01
1.462162e-01
1.462200e-01
1.462200e-01
1.462491e-01
1.462491e-01
1.463285e-01
1.463285e-01
1.465674e-01
1.465674e-01
1.467441e-01
1.467441e-01
1.469021e-01
1.469021e-01
1.470195e-01
1.471716e-01
1.471716e-01
1.472223e-01
1.472223e-01
1.473654e-01
1.473654e-01
1.474062e-01
1.474062e-01
1.474104e-01
1.474104e-01
1.474806e-01
1.474806e-01
1.474919e-01
1.474919e-01
1.475255e-01
1.475468e-01
1.475468e-01
1.476466e-01
1.476466e-01
1.476647e-01
1.476933e-01
1.476933e-01
1.478765e-01
1.478765e-01
1.478793e-01
1.478793e-01
1.479299e-01
1.479575e-01
1.479575e-01
1.481365e-01
1.481365e-01
1.481854e-01
1.481854e-01
1.482482e-01
1.482482e-01
1.483324e-01
1.483324e-01
1.484661e-01
1.484661e-01
1.485560e-01
1.485560e-01
1.486196e-01
1.486196e-01
1.486516e-01
1.486516e-01
1.487923e-01
1.487923e-01
1.488764e-01
1.488764e-01
1.490680e-01
1.490680e-01
1.491046e-01
1.491046e-01
1.492213e-01
1.492213e-01
1.492668e-01
1.492668e-01
1.493689e-01
1.493689e-01
1.493929e-01
1.493929e-01
1.496905e-01
1.496905e-01
1.497104e-01
1.497199e-01
1.497199e-01
1.497781e-01
1.497781e-01
1.498417e-01
1.498417e-01
1.500481e-01
1.500481e-01
1.501045e-01
1.501045e-01
1.501223e-01
1.501223e-01
1.501447e-01
1.501447e-01
1.503817e-01
1.503817e-01
1.503949e-01
1.503949e-01
1.505528e-01
1.505528e-01
1.506662e-01
1.506662e-01
1.507496e-01
1.507496e-01
1.508045e-01
1.508045e-01
1.508627e-01
1.508627e-01
1.510041e-01
1.510041e-01
1.510061e-01
1.510061e-01
1.510061e-01
1.510061e-01
1.510140e-01
1.510140e-01
1.510634e-01
1.510634e-01
1.512152e-01
1.512152e-01
1.514345e-01
1.514345e-01
1.514918e-01
1.514918e-01
1.515401e-01
1.515401e-01
1.516324e-01
1.516324e-01
1.516801e-01
1.516801e-01
1.518023e-01
1.518234e-01
1.518234e-01
1.518575e-01
1.518575e-01
1.519435e-01
1.519435e-01
1.519598e-01
1.520102e-01
1.520102e-01
1.520715e-01
1.520715e-01
1.522037e-01
1.522037e-01
1.523317e-01
1.524025e-01
1.524144e-01
1.524144e-01
1.525079e-01
1.525079e-01
1.525192e-01
1.525192e-01
1.525435e-01
1.525435e-01
1.527109e-01
1.527109e-01
1.527480e-01
1.527480e-01
1.528249e-01
1.528249e-01
1.529645e-01
1.529645e-01
1.530753e-01
1.530753e-01
1.531035e-01
1.531035e-01
1.532624e-01
1.532624e-01
1.533678e-01
1.533678e-01
1.534262e-01
1.534668e-01
1.534668e-01
1.535437e-01
1.535437e-01
1.535439e-01
1.535439e-01
1.536287e-01
1.536287e-01
1.537186e-01
1.537186e-01
1.537419e-01
1.538071e-01
1.538071e-01
1.541436e-01
1.541436e-01
1.541856e-01
1.541856e-01
1.541986e-01
1.541986e-01
1.542020e-01
1.542020e-01
1.543361e-01
1.543361e-01
1.544245e-01
1.544245e-01
1.544404e-01
1.544404e-01
1.545119e-01
1.545119e-01
1.545353e-01
1.545924e-01
1.546047e-01
1.546047e-01
1.547705e-01
1.547705e-01
1.548123e-01
1.549470e-01
1.549470e-01
1.549484e-01
1.549484e-01
1.549902e-01
1.549902e-01
1.550154e-01
1.550154e-01
1.550739e-01
1.550739e-01
1.551370e-01
1.551370e-01
1.553799e-01
1.553799e-01
1.555136e-01
1.555136e-01
1.555138e-01
1.555138e-01
1.555349e-01
1.555349e-01
1.556273e-01
1.556273e-01
1.556299e-01
1.556299e-01
1.556953e-01
1.560388e-01
1.560388e-01
1.560748e-01
1.560748e-01
1.560814e-01
1.560814e-01
1.561538e-01
1.561538e-01
1.562536e-01
1.562536e-01
1.562748e-01
1.562748e-01
1.563991e-01
1.563991e-01
1.564101e-01
1.564354e-01
1.564354e-01
1.565050e-01
1.565050e-01
1.565825e-01
1.565825e-01
1.569093e-01
1.569093e-01
1.570577e-01
1.570577e-01
1.570822e-01
1.571011e-01
1.571011e-01
1.571826e-01
1.571826e-01
1.572870e-01
1.572870e-01
1.573764e-01
1.574847e-01
1.574847e-01
1.576010e-01
1.576866e-01
1.576866e-01
1.577324e-01
1.577324e-01
1.577965e-01
1.577965e-01
1.579479e-01
1.579479e-01
1.579513e-01
1.579513e-01
1.580057e-01
1.580057e-01
1.580336e-01
1.580336e-01
1.580679e-01
1.580679e-01
1.581034e-01
1.581034e-01
1.581045e-01
1.581045e-01
1.582088e-01
1.582088e-01
1.583183e-01
1.583183e-01
1.584890e-01
1.584890e-01
1.584977e-01
1.584977e-01
1.585430e-01
1.585430e-01
1.586017e-01
1.586017e-01
1.587586e-01
1.587586e-01
1.589207e-01
1.589484e-01
1.589484e-01
1.590775e-01
1.590775e-01
1.590870e-01
1.590870e-01
1.592035e-01
1.592035e-01
1.595651e-01
1.595651e-01
1.597617e-01
1.597617e-01
1.597797e-01
1.597797e-01
1.599937e-01
1.599937e-01
1.600314e-01
1.600314e-01
1.600741e-01
1.600741e-01
1.601315e-01
1.601315e-01
1.602620e-01
1.602620e-01
1.603008e-01
1.603008e-01
1.603600e-01
1.603600e-01
1.604780e-01
1.604780e-01
1.605503e-01
1.605503e-01
1.605584e-01
1.605802e-01
1.605802e-01
1.609354e-01
1.609354e-01
1.610569e-01
1.610569e-01
1.611327e-01
1.611327e-01
1.612611e-01
1.612611e-01
1.613214e-01
1.613214e-01
1.616395e-01
1.616395e-01
1.616732e-01
1.616732e-01
1.618361e-01
1.618361e-01
1.619464e-01
1.619464e-01
1.621857e-01
1.621857e-01
1.622101e-01
1.622101e-01
1.623127e-01
1.623127e-01
1.623509e-01
1.623509e-01
1.624944e-01
1.624944e-01
1.626095e-01
1.626095e-01
1.626473e-01
1.626473e-01
1.627229e-01
1.627229e-01
1.628505e-01
1.628505e-01
1.629188e-01
1.629188e-01
1.629893e-01
1.630824e-01
1.630824e-01
1.630868e-01
1.630868e-01
1.633889e-01
1.634412e-01
1.634412e-01
1.635048e-01
1.635048e-01
1.636415e-01
1.636415e-01
1.636438e-01
1.636438e-01
1.636695e-01
1.638836e-01
1.638836e-01
1.639609e-01
1.639609e-01
1.639898e-01
1.639898e-01
1.641747e-01
1.641747e-01
1.641823e-01
1.641823e-01
1.642128e-01
1.642128e-01
1.643197e-01
1.643197e-01
1.643759e-01
1.643759e-01
1.643951e-01
1.643951e-01
1.644674e-01
1.645271e-01
1.645271e-01
1.645766e-01
1.645766e-01
1.649024e-01
1.649024e-01
1.649276e-01
1.649276e-01
1.651414e-01
1.651414e-01
1.652803e-01
1.652803e-01
1.653330e-01
1.653330e-01
1.653796e-01
1.654287e-01
1.654287e-01
1.654442e-01
1.654442e-01
1.656033e-01
1.656033e-01
1.656716e-01
1.656716e-01
1.656852e-01
1.656852e-01
1.657244e-01
1.657244e-01
1.657854e-01
1.657967e-01
1.657967e-01
1.658421e-01
1.658421e-01
1.658486e-01
1.658486e-01
1.659603e-01
1.659603e-01
1.660077e-01
1.660077e-01
1.660259e-01
1.660259e-01
1.661518e-01
1.661518e-01
1.663860e-01
1.663860e-01
1.664184e-01
1.664184e-01
1.665589e-01
1.665589e-01
1.665796e-01
1.665796e-01
1.666822e-01
1.666822e-01
1.667469e-01
1.667469e-01
1.668735e-01
1.668735e-01
1.670246e-01
1.670246e-01
1.671240e-01
1.671240e-01
1.671306e-01
1.671306e-01
1.672701e-01
1.672701e-01
1.674732e-01
1.674732e-01
1.675021e-01
1.675021e-01
1.675123e-01
1.675123e-01
1.675695e-01
1.676147e-01
1.676147e-01
1.676386e-01
1.676386e-01
1.676740e-01
1.676740e-01
1.676839e-01
1.678433e-01
1.678433e-01
1.679223e-01
1.679223e-01
1.680627e-01
1.680627e-01
1.681938e-01
1.681938e-01
1.682283e-01
1.682283e-01
1.683190e-01
1.683190e-01
1.685220e-01
1.685220e-01
1.685787e-01
1.685787e-01
1.686386e-01
1.686386e-01
1.686513e-01
1.686513e-01
1.687872e-01
1.687872e-01
1.688429e-01
1.688429e-01
1.689686e-01
1.689686e-01
1.691715e-01
1.691715e-01
1.692348e-01
1.692797e-01
1.692797e-01
1.693800e-01
1.693800e-01
1.696159e-01
1.696159e-01
1.696433e-01
1.696433e-01
1.696675e-01
1.696675e-01
1.697313e-01
1.697345e-01
1.697345e-01
1.699418e-01
1.699418e-01
1.699723e-01
1.699723e-01
1.700137e-01
1.700137e-01
1.700487e-01
1.700487e-01
1.700868e-01
1.701226e-01
1.701226e-01
1.701537e-01
1.701537e-01
1.703942e-01
1.703942e-01
1.703986e-01
1.703986e-01
1.705329e-01
1.705329e-01
1.708002e-01
1.708002e-01
1.708117e-01
1.708117e-01
1.708641e-01
1.708641e-01
1.709743e-01
1.709743e-01
1.710515e-01
1.710515e-01
1.710917e-01
1.710917e-01
1.711281e-01
1.711281e-01
1.714238e-01
1.714238e-01
1.715480e-01
1.715480e-01
1.716696e-01
1.716696e-01
1.717945e-01
1.717945e-01
1.717975e-01
1.717975e-01
1.718890e-01
1.718890e-01
1.719122e-01
1.719122e-01
1.722656e-01
1.722656e-01
1.723132e-01
1.723132e-01
1.724296e-01
1.724296e-01
1.726390e-01
1.726390e-01
1.727520e-01
1.728013e-01
1.728013e-01
1.728240e-01
1.728240e-01
1.728983e-01
1.728983e-01
1.731785e-01
1.731785e-01
1.732931e-01
1.732931e-01
1.734073e-01
1.734073e-01
1.735272e-01
1.735272e-01
1.735651e-01
1.735651e-01
1.737413e-01
1.740046e-01
1.740046e-01
1.740578e-01
1.740578e-01
1.740924e-01
1.740924e-01
1.741038e-01
1.741038e-01
1.741432e-01
1.741432e-01
1.741753e-01
1.741753e-01
1.741944e-01
1.741944e-01
1.742233e-01
1.742233e-01
1.742784e-01
1.742784e-01
1.742933e-01
1.742933e-01
1.743000e-01
1.743000e-01
1.744860e-01
1.744860e-01
1.745193e-01
1.745193e-01
1.748020e-01
1.749091e-01
1.749091e-01
1.751135e-01
1.751135e-01
1.752562e-01
1.752562e-01
1.753099e-01
1.753099e-01
1.755339e-01
1.755339e-01
1.755437e-01
1.755773e-01
1.755773e-01
1.757098e-01
1.757098e-01
1.757173e-01
1.757173e-01
1.758073e-01
1.758078e-01
1.758078e-01
1.758387e-01
1.758387e-01
1.759590e-01
1.759590e-01
1.761046e-01
1.761046e-01
1.761494e-01
1.761494e-01
1.761624e-01
1.761624e-01
1.762422e-01
1.762422e-01
1.763953e-01
1.763953e-01
1.765720e-01
1.765720e-01
1.766461e-01
1.766461e-01
1.767435e-01
1.767435e-01
1.768194e-01
1.768194e-01
1.769244e-01
1.769244e-01
1.769644e-01
1.769644e-01
1.769881e-01
1.770175e-01
1.770175e-01
1.773259e-01
1.773259e-01
1.774850e-01
1.774850e-01
1.775778e-01
1.776854e-01
1.776854e-01
1.777423e-01
1.777423e-01
1.777433e-01
1.777433e-01
1.777444e-01
1.777444e-01
1.778682e-01
1.778682e-01
1.779538e-01
1.779538e-01
1.780178e-01
1.780178e-01
1.782975e-01
1.782975e-01
1.784991e-01
1.784991e-01
1.785409e-01
1.785409e-01
1.786312e-01
1.786312e-01
1.786340e-01
1.786674e-01
1.786674e-01
1.787247e-01
1.787247e-01
1.788707e-01
1.788707e-01
1.789371e-01
1.789371e-01
1.789820e-01
1.792011e-01
1.792011e-01
1.792330e-01
1.792330e-01
1.795902e-01
1.795902e-01
1.796366e-01
1.796366e-01
1.797041e-01
1.797041e-01
1.797908e-01
1.797908e-01
1.798155e-01
1.798155e-01
1.800810e-01
1.800810e-01
1.800930e-01
1.800930e-01
1.801844e-01
1.801844e-01
1.802619e-01
1.802619e-01
1.802637e-01
1.802637e-01
1.802777e-01
1.802798e-01
1.802798e-01
1.803231e-01
1.803231e-01
1.804983e-01
1.804983e-01
1.805899e-01
1.805899e-01
1.806153e-01
1.806153e-01
1.807054e-01
1.807054e-01
1.808462e-01
1.808462e-01
1.808597e-01
1.809236e-01
1.809236e-01
1.809707e-01
1.810796e-01
1.810796e-01
1.811562e-01
1.813316e-01
1.813316e-01
1.814004e-01
1.814004e-01
1.814544e-01
1.814544e-01
1.815359e-01
1.815359e-01
1.815432e-01
1.815432e-01
1.815581e-01
1.815581e-01
1.816187e-01
1.816187e-01
1.817910e-01
1.817910e-01
1.819132e-01
1.819132e-01
1.819528e-01
1.819528e-01
1.820923e-01
1.820923e-01
1.823673e-01
1.823673e-01
1.824574e-01
1.824574e-01
1.824586e-01
1.824586e-01
1.825143e-01
1.825143e-01
1.825742e-01
1.825742e-01
1.826353e-01
1.826353e-01
1.827248e-01
1.827248e-01
1.827281e-01
1.827281e-01
1.829024e-01
1.829289e-01
1.829289e-01
1.830403e-01
1.830403e-01
1.830867e-01
1.830867e-01
1.831699e-01
1.831699e-01
1.834235e-01
1.834235e-01
1.834569e-01
1.834569e-01
1.835123e-01
1.835123e-01
1.835599e-01
1.835599e-01
1.837673e-01
1.837673e-01
1.837950e-01
1.838113e-01
1.838113e-01
1.841051e-01
1.841051e-01
1.841633e-01
1.843009e-01
1.843009e-01
1.843264e-01
1.843264e-01
1.844663e-01
1.844663e-01
1.844777e-01
1.845910e-01
1.845910e-01
1.849179e-01
1.849179e-01
1.850261e-01
1.850865e-01
1.850865e-01
1.851335e-01
1.851335e-01
1.851641e-01
1.852328e-01
1.852328e-01
1.852419e-01
1.852419e-01
1.854033e-01
1.854033e-01
1.854063e-01
1.854063e-01
1.855382e-01
1.855382e-01
1.855415e-01
1.855415e-01
1.856549e-01
1.856549e-01
1.859744e-01
1.859744e-01
1.860701e-01
1.860701e-01
1.861405e-01
1.861405e-01
1.862108e-01
1.862108e-01
1.862476e-01
1.862476e-01
1.862588e-01
1.862588e-01
1.863504e-01
1.863504e-01
1.865105e-01
1.865105e-01
1.866248e-01
1.866248e-01
1.869904e-01
1.869904e-01
1.871611e-01
1.871611e-01
1.871945e-01
1.871945e-01
1.872286e-01
1.872286e-01
1.874026e-01
1.874026e-01
1.875042e-01
1.875042e-01
1.876828e-01
1.876828e-01
1.877933e-01
1.877933e-01
1.877986e-01
1.877986e-01
1.880496e-01
1.880496e-01
1.880975e-01
1.880975e-01
1.881723e-01
1.881723e-01
1.881766e-01
1.881766e-01
1.882173e-01
1.882173e-01
1.883267e-01
1.883267e-01
1.884485e-01
1.884485e-01
1.885846e-01
1.885846e-01
1.886708e-01
1.886708e-01
1.887701e-01
1.887701e-01
1.887847e-01
1.888377e-01
1.888377e-01
1.888960e-01
1.888960e-01
1.889784e-01
1.891712e-01
1.891712e-01
1.892300e-01
1.892300e-01
1.893433e-01
1.893433e-01
1.893544e-01
1.893544e-01
1.893965e-01
1.894163e-01
1.894163e-01
1.895551e-01
1.895551e-01
1.895699e-01
1.895699e-01
1.897803e-01
1.897803e-01
1.897817e-01
1.897817e-01
1.899070e-01
1.899070e-01
1.901145e-01
1.901145e-01
1.902173e-01
1.902173e-01
1.902233e-01
1.902233e-01
1.902493e-01
1.903238e-01
1.903238e-01
1.904308e-01
1.904308e-01
1.904476e-01
1.904476e-01
1.905149e-01
1.905149e-01
1.905779e-01
1.905779e-01
1.908375e-01
1.908375e-01
1.908630e-01
1.908630e-01
1.908640e-01
1.908640e-01
1.909097e-01
1.909097e-01
1.910499e-01
1.910499e-01
1.913597e-01
1.914086e-01
1.914086e-01
1.914779e-01
1.914779e-01
1.916044e-01
1.916044e-01
1.916212e-01
1.916212e-01
1.916967e-01
1.916967e-01
1.917171e-01
1.917171e-01
1.917277e-01
1.917277e-01
1.917801e-01
1.917801e-01
1.920067e-01
1.920067e-01
1.922085e-01
1.922085e-01
1.922225e-01
1.922225e-01
1.923727e-01
1.923727e-01
1.925580e-01
1.925580e-01
1.929277e-01
1.929277e-01
1.930016e-01
1.930067e-01
1.930067e-01
1.930287e-01
1.930287e-01
1.931688e-01
1.931688e-01
1.932168e-01
1.932572e-01
1.932572e-01
1.932700e-01
1.932700e-01
1.933313e-01
1.933313e-01
1.935049e-01
1.935049e-01
1.937395e-01
1.938114e-01
1.938114e-01
1.938246e-01
1.938246e-01
1.940713e-01
1.940713e-01
1.942490e-01
1.942490e-01
1.942752e-01
1.942752e-01
1.942992e-01
1.942992e-01
1.943038e-01
1.943038e-01
1.943823e-01
1.943823e-01
1.945539e-01
1.945539e-01
1.947453e-01
1.947453e-01
1.947760e-01
1.948584e-01
1.948584e-01
1.949640e-01
1.951209e-01
1.951209e-01
1.953713e-01
1.953713e-01
1.954043e-01
1.954043e-01
1.954286e-01
1.954286e-01
1.954645e-01
1.954645e-01
1.955171e-01
1.955171e-01
1.955837e-01
1.955837e-01
1.957265e-01
1.957265e-01
1.958986e-01
1.958986e-01
1.960139e-01
1.960139e-01
1.961078e-01
1.961078e-01
1.962984e-01
1.962984e-01
1.963175e-01
1.963175e-01
1.963810e-01
1.963810e-01
1.964785e-01
1.964785e-01
1.965253e-01
1.965330e-01
1.965330e-01
1.966409e-01
1.966409e-01
1.966712e-01
1.966712e-01
1.972194e-01
1.972194e-01
1.973172e-01
1.973172e-01
1.974237e-01
1.974237e-01
1.974418e-01
1.974418e-01
1.974897e-01
1.974897e-01
1.975248e-01
1.975248e-01
1.976638e-01
1.976638e-01
1.977322e-01
1.977352e-01
1.977352e-01
1.979676e-01
1.979676e-01
1.980697e-01
1.980697e-01
1.982947e-01
1.982947e-01
1.986044e-01
1.986044e-01
1.987474e-01
1.987474e-01
1.987583e-01
1.987583e-01
1.987716e-01
1.987716e-01
1.989159e-01
1.989159e-01
1.990911e-01
1.990911e-01
1.991831e-01
1.991831e-01
1.992601e-01
1.992601e-01
1.992630e-01
1.993838e-01
1.993838e-01
1.998098e-01
1.998098e-01
1.998386e-01
1.998993e-01
1.998993e-01
1.999174e-01
1.999174e-01
1.999435e-01
1.999435e-01
2.001456e-01
2.001456e-01
2.001519e-01
2.001519e-01
2.002648e-01
2.002648e-01
2.003751e-01
2.003751e-01
2.004611e-01
2.004611e-01
2.006079e-01
2.006079e-01
2.007055e-01
2.007267e-01
2.007267e-01
2.007950e-01
2.007950e-01
2.008690e-01
2.008690e-01
2.011153e-01
2.011153e-01
2.011416e-01
2.011416e-01
2.013114e-01
2.013114e-01
2.014162e-01
2.014758e-01
2.014758e-01
2.015005e-01
2.015005e-01
2.015271e-01
2.015271e-01
2.016425e-01
2.016425e-01
2.016902e-01
2.016902e-01
2.017680e-01
2.018587e-01
2.018587e-01
2.018669e-01
2.018669e-01
2.018963e-01
2.018963e-01
2.024159e-01
2.024159e-01
2.024520e-01
2.024520e-01
2.026457e-01
2.026457e-01
2.026950e-01
2.026950e-01
2.027028e-01
2.027689e-01
2.027689e-01
2.030068e-01
2.030068e-01
2.031255e-01
2.031255e-01
2.031868e-01
2.031868e-01
2.033238e-01
2.033238e-01
2.035765e-01
2.035765e-01
2.037485e-01
2.037485e-01
2.038293e-01
2.038293e-01
2.038332e-01
2.038332e-01
2.038811e-01
2.038811e-01
2.039189e-01
2.039189e-01
2.039862e-01
2.039862e-01
2.040684e-01
2.040684e-01
2.041833e-01
2.044315e-01
2.044315e-01
2.045585e-01
2.045585e-01
2.047130e-01
2.047130e-01
2.047199e-01
2.047199e-01
2.049561e-01
2.049561e-01
2.049763e-01
2.049763e-01
2.050265e-01
2.050265e-01
2.052098e-01
2.052098e-01
2.052605e-01
2.052605e-01
2.052672e-01
2.052672e-01
2.053194e-01
2.053194e-01
2.053825e-01
2.053825e-01
2.053923e-01
2.053923e-01
2.054002e-01
2.054002e-01
2.054445e-01
2.054445e-01
2.055200e-01
2.055200e-01
2.057339e-01
2.057339e-01
2.057482e-01
2.057482e-01
2.058357e-01
2.058357e-01
2.058511e-01
2.058511e-01
2.059173e-01
2.059173e-01
2.060517e-01
2.060517e-01
2.061672e-01
2.061672e-01
2.066108e-01
2.066108e-01
2.067465e-01
2.067465e-01
2.067679e-01
2.067679e-01
2.068259e-01
2.069104e-01
2.069104e-01
2.070848e-01
2.070848e-01
2.071668e-01
2.071668e-01
2.071680e-01
2.071680e-01
2.072699e-01
2.072699e-01
2.073077e-01
2.073077e-01
2.073306e-01
2.073306e-01
2.073862e-01
2.073862e-01
2.074878e-01
2.074878e-01
2.074980e-01
2.074980e-01
2.076075e-01
2.077484e-01
2.077484e-01
2.078701e-01
2.078701e-01
2.079586e-01
2.079586e-01
2.080980e-01
2.080980e-01
2.082011e-01
2.082011e-01
2.085016e-01
2.086641e-01
2.086641e-01
2.087005e-01
2.087005e-01
2.087601e-01
2.087601e-01
2.087879e-01
2.087879e-01
2.088319e-01
2.088319e-01
2.089447e-01
2.089447e-01
2.092574e-01
2.092574e-01
2.092642e-01
2.092642e-01
2.093439e-01
2.093439e-01
2.094572e-01
2.094572e-01
2.095001e-01
2.098134e-01
2.098134e-01
2.099776e-01
2.099776e-01
2.099792e-01
2.101482e-01
2.101482e-01
2.103062e-01
2.103062e-01
2.103346e-01
2.103346e-01
2.104985e-01
2.104985e-01
2.105033e-01
2.105033e-01
2.105097e-01
2.106048e-01
2.106048e-01
2.106167e-01
2.106167e-01
2.107171e-01
2.107171e-01
2.108832e-01
2.108832e-01
2.111621e-01
2.111621e-01
2.111720e-01
2.114680e-01
2.114680e-01
2.115294e-01
2.115294e-01
2.115842e-01
2.115842e-01
2.117400e-01
2.117400e-01
2.119032e-01
2.119032e-01
2.119336e-01
2.119336e-01
2.119353e-01
2.119353e-01
2.120868e-01
2.120868e-01
2.121425e-01
2.121425e-01
2.122493e-01
2.122493e-01
2.123008e-01
2.123008e-01
2.123237e-01
2.123237e-01
2.125430e-01
2.125500e-01
2.125500e-01
2.129536e-01
2.129536e-01
2.131699e-01
2.131699e-01
2.131791e-01
2.131791e-01
2.132111e-01
2.132111e-01
2.133410e-01
2.133410e-01
2.133862e-01
2.133862e-01
2.135416e-01
2.135416e-01
2.135476e-01
2.135476e-01
2.140251e-01
2.140251e-01
2.141529e-01
2.141529e-01
2.142877e-01
2.142877e-01
2.143039e-01
2.143039e-01
2.143551e-01
2.143551e-01
2.144826e-01
2.144826e-01
2.146406e-01
2.146406e-01
2.147648e-01
2.149668e-01
2.149668e-01
2.149860e-01
2.149860e-01
2.150315e-01
2.150440e-01
2.150440e-01
2.150595e-01
2.150595e-01
2.151282e-01
2.152239e-01
2.152239e-01
2.153856e-01
2.153856e-01
2.156256e-01
2.156256e-01
2.157023e-01
2.157023e-01
2.157669e-01
2.157669e-01
2.158185e-01
2.158185e-01
2.158918e-01
2.158918e-01
2.159698e-01
2.159698e-01
2.160260e-01
2.160260e-01
2.160890e-01
2.160890e-01
2.160925e-01
2.160925e-01
2.161646e-01
2.161646e-01
2.163337e-01
2.163337e-01
2.164728e-01
2.164728e-01
2.164847e-01
2.164847e-01
2.167221e-01
2.167221e-01
2.168420e-01
2.169592e-01
2.169592e-01
2.171629e-01
2.171629e-01
2.171656e-01
2.172169e-01
2.172169e-01
2.174153e-01
2.174153e-01
2.174898e-01
2.174898e-01
2.176059e-01
2.176059e-01
2.177384e-01
2.177384e-01
2.178115e-01
2.178115e-01
2.179949e-01
2.179949e-01
2.180249e-01
2.180249e-01
2.182108e-01
2.182108e-01
2.183474e-01
2.183474e-01
2.184930e-01
2.184930e-01
2.185719e-01
2.185719e-01
2.187456e-01
2.187456e-01
2.188564e-01
2.189985e-01
2.189985e-01
2.192168e-01
2.192168e-01
2.192841e-01
2.192841e-01
2.193304e-01
2.193304e-01
2.194383e-01
2.195393e-01
2.195393e-01
2.195445e-01
2.195445e-01
2.197878e-01
2.197878e-01
2.198357e-01
2.198357e-01
2.199104e-01
2.200546e-01
2.200546e-01
2.201123e-01
2.201123e-01
2.202048e-01
2.202048e-01
2.203460e-01
2.203460e-01
2.204394e-01
2.205073e-01
2.205112e-01
2.205112e-01
2.208071e-01
2.208217e-01
2.208217e-01
2.209821e-01
2.209821e-01
2.212548e-01
2.212548e-01
2.212606e-01
2.212606e-01
2.212899e-01
2.212899e-01
2.213639e-01
2.213639e-01
2.215442e-01
2.215442e-01
2.216845e-01
2.216845e-01
2.217300e-01
2.217300e-01
2.218708e-01
2.218708e-01
2.218849e-01
2.218849e-01
2.219443e-01
2.223960e-01
2.223960e-01
2.224477e-01
2.224477e-01
2.225804e-01
2.225804e-01
2.226982e-01
2.226982e-01
2.227787e-01
2.227787e-01
2.230319e-01
2.230319e-01
2.232350e-01
2.232350e-01
2.232959e-01
2.232959e-01
2.233151e-01
2.233738e-01
2.233738e-01
2.233750e-01
2.233750e-01
2.234637e-01
2.234637e-01
2.238262e-01
2.238262e-01
2.238399e-01
2.238399e-01
2.238787e-01
2.242488e-01
2.242488e-01
2.243302e-01
2.243302e-01
2.244395e-01
2.244395e-01
2.245505e-01
2.245505e-01
2.245830e-01
2.245830e-01
2.245943e-01
2.245943e-01
2.247668e-01
2.247668e-01
2.248128e-01
2.248128e-01
2.248353e-01
2.248353e-01
2.248896e-01
2.248896e-01
2.249050e-01
2.249050e-01
2.250603e-01
2.250603e-01
2.253758e-01
2.253758e-01
2.254055e-01
2.254055e-01
2.255246e-01
2.255246e-01
2.256417e-01
2.256417e-01
2.257438e-01
2.257438e-01
2.260172e-01
2.260363e-01
2.260363e-01
2.262287e-01
2.262287e-01
2.263765e-01
2.263765e-01
2.265450e-01
2.265450e-01
2.266475e-01
2.266475e-01
2.267923e-01
2.267923e-01
2.267960e-01
2.267960e-01
2.272295e-01
2.272295e-01
2.272446e-01
2.272446e-01
2.272861e-01
2.272861e-01
2.275435e-01
2.276332e-01
2.276332e-01
2.277932e-01
2.277932e-01
2.279296e-01
2.279296e-01
2.279703e-01
2.279703e-01
2.280840e-01
2.281527e-01
2.281527e-01
2.282180e-01
2.282180e-01
2.284303e-01
2.284303e-01
2.284321e-01
2.284321e-01
2.287585e-01
2.287585e-01
2.287793e-01
2.287793e-01
2.288461e-01
2.288461e-01
2.292177e-01
2.292177e-01
2.293614e-01
2.293614e-01
2.294345e-01
2.294345e-01
2.296795e-01
2.296795e-01
2.297002e-01
2.297002e-01
2.297310e-01
2.297310e-01
2.299402e-01
2.299402e-01
2.299889e-01
2.299889e-01
2.302308e-01
2.302308e-01
2.303190e-01
2.306108e-01
2.306983e-01
2.306983e-01
2.307421e-01
2.307421e-01
2.307663e-01
2.307663e-01
2.308806e-01
2.308806e-01
2.310511e-01
2.310511e-01
2.310645e-01
2.310645e-01
2.311701e-01
2.311701e-01
2.313188e-01
2.313188e-01
2.314718e-01
2.314718e-01
2.316714e-01
2.316714e-01
2.316777e-01
2.316777e-01
2.317404e-01
2.317404e-01
2.319264e-01
2.319264e-01
2.319430e-01
2.319430e-01
2.320467e-01
2.320467e-01
2.321767e-01
2.322281e-01
2.322281e-01
2.324817e-01
2.324817e-01
2.325342e-01
2.325342e-01
2.328185e-01
2.328185e-01
2.331063e-01
2.331063e-01
2.331934e-01
2.331934e-01
2.333439e-01
2.333797e-01
2.334332e-01
2.334332e-01
2.335118e-01
2.335118e-01
2.337022e-01
2.337022e-01
2.337116e-01
2.337116e-01
2.337392e-01
2.337392e-01
2.337847e-01
2.337847e-01
2.339773e-01
2.339773e-01
2.340462e-01
2.340462e-01
2.343210e-01
2.343210e-01
2.344231e-01
2.344231e-01
2.346340e-01
2.346340e-01
2.350268e-01
2.350268e-01
2.350474e-01
2.350474e-01
2.350542e-01
2.350542e-01
2.353571e-01
2.354201e-01
2.354201e-01
2.354276e-01
2.354276e-01
2.354559e-01
2.354644e-01
2.354644e-01
2.355153e-01
2.355153e-01
2.355908e-01
2.355908e-01
2.357529e-01
2.357529e-01
2.357897e-01
2.357897e-01
2.358185e-01
2.358185e-01
2.360443e-01
2.360443e-01
2.360643e-01
2.360643e-01
2.364836e-01
2.364836e-01
2.365692e-01
2.367591e-01
2.367591e-01
2.367631e-01
2.367631e-01
2.367670e-01
2.367670e-01
2.369643e-01
2.369643e-01
2.370669e-01
2.370669e-01
2.371381e-01
2.371381e-01
2.374613e-01
2.374613e-01
2.375231e-01
2.375231e-01
2.377765e-01
2.377765e-01
2.378679e-01
2.378679e-01
2.378962e-01
2.378962e-01
2.379821e-01
2.379821e-01
2.381129e-01
2.381129e-01
2.382038e-01
2.382038e-01
2.382655e-01
2.382655e-01
2.384095e-01
2.384095e-01
2.384113e-01
2.384671e-01
2.385617e-01
2.385617e-01
2.388866e-01
2.388892e-01
2.388892e-01
2.389090e-01
2.389090e-01
2.390056e-01
2.390056e-01
2.393784e-01
2.393784e-01
2.393869e-01
2.393869e-01
2.394332e-01
2.394379e-01
2.394379e-01
2.395545e-01
2.395545e-01
2.396259e-01
2.396259e-01
2.396926e-01
2.396926e-01
2.403965e-01
2.403965e-01
2.406201e-01
2.406201e-01
2.406569e-01
2.406569e-01
2.406574e-01
2.406574e-01
2.408326e-01
2.408326e-01
2.410827e-01
2.410827e-01
2.413013e-01
2.413013e-01
2.415055e-01
2.415055e-01
2.417113e-01
2.417113e-01
2.417183e-01
2.417183e-01
2.418233e-01
2.418233e-01
2.419217e-01
2.419217e-01
2.419340e-01
2.419340e-01
2.427725e-01
2.427725e-01
2.428012e-01
2.428012e-01
2.428712e-01
2.428712e-01
2.431616e-01
2.432518e-01
2.432518e-01
2.432576e-01
2.432576e-01
2.433241e-01
2.433241e-01
2.433436e-01
2.433436e-01
2.434752e-01
2.434752e-01
2.437382e-01
2.437382e-01
2.441597e-01
2.441597e-01
2.441866e-01
2.441866e-01
2.444624e-01
2.444624e-01
2.446265e-01
2.446265e-01
2.447619e-01
2.447619e-01
2.449709e-01
2.449709e-01
2.451663e-01
2.451663e-01
2.451902e-01
2.451902e-01
2.452388e-01
2.453951e-01
2.453951e-01
2.455291e-01
2.455291e-01
2.456695e-01
2.456695e-01
2.458434e-01
2.458434e-01
2.458661e-01
2.458661e-01
2.458951e-01
2.458951e-01
2.462909e-01
2.462909e-01
2.465211e-01
2.465211e-01
2.466043e-01
2.466915e-01
2.466915e-01
2.467265e-01
2.467265e-01
2.467782e-01
2.467782e-01
2.469685e-01
2.469685e-01
2.469798e-01
2.469798e-01
2.471312e-01
2.471312e-01
2.471534e-01
2.471534e-01
2.471991e-01
2.471991e-01
2.474266e-01
2.474266e-01
2.474702e-01
2.474702e-01
2.475552e-01
2.475552e-01
2.476151e-01
2.476528e-01
2.476528e-01
2.476814e-01
2.476814e-01
2.481158e-01
2.482493e-01
2.482493e-01
2.483801e-01
2.483801e-01
2.484877e-01
2.484877e-01
2.486330e-01
2.486330e-01
2.488704e-01
2.488704e-01
2.489393e-01
2.490122e-01
2.490122e-01
2.490513e-01
2.490513e-01
2.491634e-01
2.491634e-01
2.491765e-01
2.491765e-01
2.496605e-01
2.500131e-01
2.500131e-01
2.500481e-01
2.502027e-01
2.502027e-01
2.503531e-01
2.503531e-01
2.504246e-01
2.504246e-01
2.505056e-01
2.505056e-01
2.505164e-01
2.505164e-01
2.505363e-01
2.505363e-01
2.505995e-01
2.505995e-01
2.506948e-01
2.506948e-01
2.508075e-01
2.508075e-01
2.510975e-01
2.510975e-01
2.516347e-01
2.516347e-01
2.517037e-01
2.517037e-01
2.519471e-01
2.519471e-01
2.521270e-01
2.521270e-01
2.522340e-01
2.522340e-01
2.524050e-01
2.524050e-01
2.524475e-01
2.524475e-01
2.526239e-01
2.526239e-01
2.527395e-01
2.527395e-01
2.528191e-01
2.528191e-01
2.532108e-01
2.532108e-01
2.532473e-01
2.532473e-01
2.532724e-01
2.532724e-01
2.533118e-01
2.533118e-01
2.533502e-01
2.533502e-01
2.534280e-01
2.534280e-01
2.534837e-01
2.534837e-01
2.535937e-01
2.536738e-01
2.536738e-01
2.537919e-01
2.537919e-01
2.538099e-01
2.539853e-01
2.539853e-01
2.540826e-01
2.540826e-01
2.541929e-01
2.541929e-01
2.543730e-01
2.543730e-01
2.545455e-01
2.549492e-01
2.549492e-01
2.550365e-01
2.550365e-01
2.550455e-01
2.550455e-01
2.550680e-01
2.550680e-01
2.551945e-01
2.551945e-01
2.552212e-01
2.552212e-01
2.558220e-01
2.558220e-01
2.559556e-01
2.559556e-01
2.561277e-01
2.561277e-01
2.561487e-01
2.561487e-01
2.562346e-01
2.562346e-01
2.569040e-01
2.571923e-01
2.571923e-01
2.572152e-01
2.572152e-01
2.572605e-01
2.572605e-01
2.574032e-01
2.574032e-01
2.574178e-01
2.574178e-01
2.575526e-01
2.575526e-01
2.577140e-01
2.577140e-01
2.577603e-01
2.577603e-01
2.579234e-01
2.579234e-01
2.579265e-01
2.579265e-01
2.582548e-01
2.582548e-01
2.583311e-01
2.583311e-01
2.583340e-01
2.583340e-01
2.590182e-01
2.590630e-01
2.590630e-01
2.591211e-01
2.591212e-01
2.591212e-01
2.591310e-01
2.591310e-01
2.591800e-01
2.591800e-01
2.593515e-01
2.593515e-01
2.596409e-01
2.596409e-01
2.596554e-01
2.597743e-01
2.597743e-01
2.598921e-01
2.598921e-01
2.604471e-01
2.604471e-01
2.605385e-01
2.605385e-01
2.605424e-01
2.605424e-01
2.606094e-01
2.606094e-01
2.609616e-01
2.609616e-01
2.611044e-01
2.611044e-01
2.613075e-01
2.613075e-01
2.614555e-01
2.614555e-01
2.615688e-01
2.615688e-01
2.617484e-01
2.617484e-01
2.617506e-01
2.617506e-01
2.621733e-01
2.621733e-01
2.625021e-01
2.625021e-01
2.626129e-01
2.627406e-01
2.627406e-01
2.627832e-01
2.627832e-01
2.629157e-01
2.629157e-01
2.629899e-01
2.631400e-01
2.631400e-01
2.633343e-01
2.633343e-01
2.633479e-01
2.633479e-01
2.637869e-01
2.637869e-01
2.639552e-01
2.639552e-01
2.642156e-01
2.642156e-01
2.643521e-01
2.643521e-01
2.643908e-01
2.643908e-01
2.645309e-01
2.645309e-01
2.646577e-01
2.646821e-01
2.646821e-01
2.648510e-01
2.648510e-01
2.648661e-01
2.648661e-01
2.649357e-01
2.649357e-01
2.653072e-01
2.653072e-01
2.653216e-01
2.653216e-01
2.654212e-01
2.654845e-01
2.654845e-01
2.655832e-01
2.655832e-01
2.656651e-01
2.656681e-01
2.656681e-01
2.657231e-01
2.657231e-01
2.662223e-01
2.662223e-01
2.662936e-01
2.662936e-01
2.664069e-01
2.664069e-01
2.664462e-01
2.664462e-01
2.666451e-01
2.666451e-01
2.668884e-01
2.668884e-01
2.669453e-01
2.669453e-01
2.670781e-01
2.670781e-01
2.671789e-01
2.671789e-01
2.673375e-01
2.676121e-01
2.676121e-01
2.677329e-01
2.677329e-01
2.678943e-01
2.678943e-01
2.681532e-01
2.681532e-01
2.682525e-01
2.682525e-01
2.683010e-01
2.683010e-01
2.686053e-01
2.686053e-01
2.686588e-01
2.687669e-01
2.687669e-01
2.689675e-01
2.689675e-01
2.690697e-01
2.690697e-01
2.691652e-01
2.691652e-01
2.692313e-01
2.692313e-01
2.693499e-01
2.693499e-01
2.694350e-01
2.695539e-01
2.695539e-01
2.695774e-01
2.695774e-01
2.698294e-01
2.698294e-01
2.700609e-01
2.700609e-01
2.702261e-01
2.702261e-01
2.706851e-01
2.706851e-01
2.707204e-01
2.707204e-01
2.707496e-01
2.707496e-01
2.709442e-01
2.709442e-01
2.712022e-01
2.712022e-01
2.712378e-01
2.712378e-01
2.713480e-01
2.716876e-01
2.716876e-01
2.718407e-01
2.719609e-01
2.719609e-01
2.719952e-01
2.719952e-01
2.720594e-01
2.720594e-01
2.722520e-01
2.722520e-01
2.723399e-01
2.723399e-01
2.724393e-01
2.724393e-01
2.724843e-01
2.724843e-01
2.727726e-01
2.727726e-01
2.734557e-01
2.734557e-01
2.735083e-01
2.735083e-01
2.736711e-01
2.736711e-01
2.737492e-01
2.737492e-01
2.737906e-01
2.737906e-01
2.737930e-01
2.740106e-01
2.740106e-01
2.740893e-01
2.740893e-01
2.742287e-01
2.742287e-01
2.742907e-01
2.742907e-01
2.744977e-01
2.744977e-01
2.745568e-01
2.745568e-01
2.751473e-01
2.753127e-01
2.753127e-01
2.753832e-01
2.753832e-01
2.754337e-01
2.754337e-01
2.755353e-01
2.755353e-01
2.756279e-01
2.756279e-01
2.759658e-01
2.759658e-01
2.760388e-01
2.760388e-01
2.764129e-01
2.764129e-01
2.765563e-01
2.765563e-01
2.765875e-01
2.765875e-01
2.768991e-01
2.768991e-01
2.771735e-01
2.771735e-01
2.771812e-01
2.773027e-01
2.773027e-01
2.773345e-01
2.773345e-01
2.774666e-01
2.776989e-01
2.776989e-01
2.779006e-01
2.779006e-01
2.785264e-01
2.785264e-01
2.785766e-01
2.785766e-01
2.788678e-01
2.788678e-01
2.791960e-01
2.791960e-01
2.791970e-01
2.791970e-01
2.792278e-01
2.795207e-01
2.795207e-01
2.796286e-01
2.796286e-01
2.796443e-01
2.796443e-01
2.798091e-01
2.798091e-01
2.798353e-01
2.799596e-01
2.799596e-01
2.800107e-01
2.800107e-01
2.802726e-01
2.802726e-01
2.805079e-01
2.805079e-01
2.808078e-01
2.808078e-01
2.809753e-01
2.809753e-01
2.810854e-01
2.810854e-01
2.811754e-01
2.811754e-01
2.813121e-01
2.813121e-01
2.814634e-01
2.814634e-01
2.816840e-01
2.817666e-01
2.817666e-01
2.821269e-01
2.821269e-01
2.821368e-01
2.821832e-01
2.821832e-01
2.823231e-01
2.823231e-01
2.824996e-01
2.824996e-01
2.827111e-01
2.827111e-01
2.830479e-01
2.830479e-01
2.830884e-01
2.830884e-01
2.832059e-01
2.832059e-01
2.832089e-01
2.832089e-01
2.833989e-01
2.833989e-01
2.838801e-01
2.838801e-01
2.839781e-01
2.839781e-01
2.840528e-01
2.840528e-01
2.840616e-01
2.840616e-01
2.840891e-01
2.840891e-01
2.842168e-01
2.844163e-01
2.844163e-01
2.846151e-01
2.846151e-01
2.846160e-01
2.846160e-01
2.846549e-01
2.846549e-01
2.847774e-01
2.851218e-01
2.851218e-01
2.855394e-01
2.855394e-01
2.856115e-01
2.856115e-01
2.856417e-01
2.856417e-01
2.856638e-01
2.856638e-01
2.857433e-01
2.857459e-01
2.857459e-01
2.859278e-01
2.861008e-01
2.861436e-01
2.861436e-01
2.861654e-01
2.861654e-01
2.862457e-01
2.862457e-01
2.862939e-01
2.862939e-01
2.864605e-01
2.864605e-01
2.865881e-01
2.866342e-01
2.866342e-01
2.866431e-01
2.869469e-01
2.869469e-01
2.873007e-01
2.873007e-01
2.873605e-01
2.873605e-01
2.874436e-01
2.874436e-01
2.876167e-01
2.876302e-01
2.876302e-01
2.877526e-01
2.877526e-01
2.877567e-01
2.877567e-01
2.880175e-01
2.880175e-01
2.882538e-01
2.882538e-01
2.884284e-01
2.884284e-01
2.888922e-01
2.888922e-01
2.891392e-01
2.891392e-01
2.891773e-01
2.891773e-01
2.893952e-01
2.893952e-01
2.899069e-01
2.899069e-01
2.899151e-01
2.899151e-01
2.899899e-01
2.899899e-01
2.900849e-01
2.900849e-01
2.904304e-01
2.904304e-01
2.904618e-01
2.904618e-01
2.906670e-01
2.906670e-01
2.908147e-01
2.908147e-01
2.909072e-01
2.909072e-01
2.913651e-01
2.913651e-01
2.914350e-01
2.914350e-01
2.915420e-01
2.915420e-01
2.916045e-01
2.916045e-01
2.916062e-01
2.916062e-01
2.916677e-01
2.916677e-01
2.919104e-01
2.919104e-01
2.920376e-01
2.920376e-01
2.921712e-01
2.924550e-01
2.924550e-01
2.924667e-01
2.924667e-01
2.927421e-01
2.927421e-01
2.927881e-01
2.927881e-01
2.928216e-01
2.928216e-01
2.931290e-01
2.931290e-01
2.933689e-01
2.933689e-01
2.934191e-01
2.934316e-01
2.934316e-01
2.937677e-01
2.937677e-01
2.939054e-01
2.939054e-01
2.941788e-01
2.941788e-01
2.941824e-01
2.941824e-01
2.943110e-01
2.946090e-01
2.948311e-01
2.948311e-01
2.951391e-01
2.951391e-01
2.956339e-01
2.956339e-01
2.959394e-01
2.959394e-01
2.960038e-01
2.960980e-01
2.960980e-01
2.963116e-01
2.963116e-01
2.965674e-01
2.965674e-01
2.965809e-01
2.965809e-01
2.972790e-01
2.972790e-01
2.973652e-01
2.973652e-01
2.973702e-01
2.973702e-01
2.974296e-01
2.974296e-01
2.976225e-01
2.976225e-01
2.976964e-01
2.976964e-01
2.979362e-01
2.981722e-01
2.981722e-01
2.982169e-01
2.982169e-01
2.983045e-01
2.983045e-01
2.985128e-01
2.985128e-01
2.992629e-01
2.992629e-01
2.996556e-01
2.996556e-01
2.996893e-01
2.998021e-01
2.998021e-01
2.998199e-01
2.998199e-01
2.999037e-01
2.999037e-01
3.003614e-01
3.003614e-01
3.006187e-01
3.006187e-01
3.006194e-01
3.006194e-01
3.009660e-01
3.009660e-01
3.010903e-01
3.011045e-01
3.011045e-01
3.014042e-01
3.014042e-01
3.015988e-01
3.015988e-01
3.023796e-01
3.024313e-01
3.024313e-01
3.025195e-01
3.025195e-01
3.026477e-01
3.026477e-01
3.028539e-01
3.028539e-01
3.031058e-01
3.031058e-01
3.034198e-01
3.034198e-01
3.036464e-01
3.036464e-01
3.041591e-01
3.041591e-01
3.046737e-01
3.046737e-01
3.048406e-01
3.048406e-01
3.049273e-01
3.049273e-01
3.052730e-01
3.052730e-01
3.053448e-01
3.053448e-01
3.056698e-01
3.056698e-01
3.058027e-01
3.058027e-01
3.059122e-01
3.059122e-01
3.059230e-01
3.059230e-01
3.061153e-01
3.061153e-01
3.061160e-01
3.061160e-01
3.066655e-01
3.066655e-01
3.071940e-01
3.071940e-01
3.072698e-01
3.074881e-01
3.074881e-01
3.076602e-01
3.076602e-01
3.077464e-01
3.077464e-01
3.078009e-01
3.078009e-01
3.079052e-01
3.079052e-01
3.079222e-01
3.079222e-01
3.085438e-01
3.085438e-01
3.085683e-01
3.085683e-01
3.088449e-01
3.088449e-01
3.089331e-01
3.089331e-01
3.089573e-01
3.089573e-01
3.091776e-01
3.091776e-01
3.094276e-01
3.094276e-01
3.097814e-01
3.097814e-01
3.098880e-01
3.098880e-01
3.103788e-01
3.103788e-01
3.104685e-01
3.104685e-01
3.107129e-01
3.107129e-01
3.107678e-01
3.107678e-01
3.113315e-01
3.116129e-01
3.116129e-01
3.118744e-01
3.118744e-01
3.120635e-01
3.120635e-01
3.121320e-01
3.121320e-01
3.123244e-01
3.123244e-01
3.123727e-01
3.123727e-01
3.126363e-01
3.126363e-01
3.131561e-01
3.131561e-01
3.131574e-01
3.131574e-01
3.136866e-01
3.136866e-01
3.137269e-01
3.137482e-01
3.137482e-01
3.137717e-01
3.137717e-01
3.138653e-01
3.138653e-01
3.140908e-01
3.140908e-01
3.142403e-01
3.142403e-01
3.145268e-01
3.145268e-01
3.147405e-01
3.147405e-01
3.148664e-01
3.151046e-01
3.151046e-01
3.155292e-01
3.155292e-01
3.157189e-01
3.157189e-01
3.159477e-01
3.159477e-01
3.160269e-01
3.160269e-01
3.161062e-01
3.161062e-01
3.162619e-01
3.167366e-01
3.167366e-01
3.167662e-01
3.167662e-01
3.170058e-01
3.170058e-01
3.170770e-01
3.171000e-01
3.171000e-01
3.171983e-01
3.171983e-01
3.172637e-01
3.172637e-01
3.177366e-01
3.177366e-01
3.178047e-01
3.178047e-01
3.181146e-01
3.181146e-01
3.184842e-01
3.185180e-01
3.185180e-01
3.185391e-01
3.185391e-01
3.186825e-01
3.188927e-01
3.188927e-01
3.189667e-01
3.189667e-01
3.190588e-01
3.190588e-01
3.191175e-01
3.191175e-01
3.193528e-01
3.193528e-01
3.194723e-01
3.194723e-01
3.196915e-01
3.196915e-01
3.198139e-01
3.198139e-01
3.201761e-01
3.201761e-01
3.202769e-01
3.202769e-01
3.203803e-01
3.203803e-01
3.207971e-01
3.207971e-01
3.208214e-01
3.211274e-01
3.211274e-01
3.212335e-01
3.212335e-01
3.212835e-01
3.212835e-01
3.219114e-01
3.219566e-01
3.219935e-01
3.219935e-01
3.225700e-01
3.225700e-01
3.226829e-01
3.226829e-01
3.227974e-01
3.227974e-01
3.228787e-01
3.228787e-01
3.236461e-01
3.236960e-01
3.236960e-01
3.237208e-01
3.237208e-01
3.243398e-01
3.243398e-01
3.244243e-01
3.244243e-01
3.244251e-01
3.244251e-01
3.244622e-01
3.246540e-01
3.246540e-01
3.249620e-01
3.249620e-01
3.254467e-01
3.254467e-01
3.257828e-01
3.257828e-01
3.260321e-01
3.260321e-01
3.260774e-01
3.260774e-01
3.265044e-01
3.265471e-01
3.265471e-01
3.265728e-01
3.265728e-01
3.267117e-01
3.267117e-01
3.268065e-01
3.268065e-01
3.268669e-01
3.268669e-01
3.271967e-01
3.271967e-01
3.275386e-01
3.275386e-01
3.275568e-01
3.278994e-01
3.278994e-01
3.279526e-01
3.279526e-01
3.285866e-01
3.285866e-01
3.287422e-01
3.287422e-01
3.288521e-01
3.288521e-01
3.289779e-01
3.289779e-01
3.291120e-01
3.291120e-01
3.291285e-01
3.291285e-01
3.296081e-01
3.296081e-01
3.296529e-01
3.296529e-01
3.300994e-01
3.300994e-01
3.302045e-01
3.302045e-01
3.307731e-01
3.307731e-01
3.308497e-01
3.308606e-01
3.308606e-01
3.309780e-01
3.310692e-01
3.310692e-01
3.310998e-01
3.310998e-01
3.313026e-01
3.316662e-01
3.316662e-01
3.321724e-01
3.321724e-01
3.324384e-01
3.324384e-01
3.325091e-01
3.330556e-01
3.330556e-01
3.334875e-01
3.334875e-01
3.335924e-01
3.335924e-01
3.340866e-01
3.340866e-01
3.346462e-01
3.346462e-01
3.348040e-01
3.348660e-01
3.348660e-01
3.348958e-01
3.348958e-01
3.355248e-01
3.355248e-01
3.355443e-01
3.355443e-01
3.357902e-01
3.357902e-01
3.359373e-01
3.359373e-01
3.362470e-01
3.365381e-01
3.365381e-01
3.369250e-01
3.369250e-01
3.370009e-01
3.370009e-01
3.372934e-01
3.373440e-01
3.373440e-01
3.376617e-01
3.376617e-01
3.377566e-01
3.378899e-01
3.378899e-01
3.380069e-01
3.380069e-01
3.382296e-01
3.382296e-01
3.386027e-01
3.386027e-01
3.388441e-01
3.388441e-01
3.389482e-01
3.389482e-01
3.397552e-01
3.397552e-01
3.397613e-01
3.397613e-01
3.399088e-01
3.399088e-01
3.401155e-01
3.401155e-01
3.402326e-01
3.402326e-01
3.406234e-01
3.406234e-01
3.406579e-01
3.406579e-01
3.410006e-01
3.410006e-01
3.411158e-01
3.411158e-01
3.414082e-01
3.414082e-01
3.415649e-01
3.415649e-01
3.420347e-01
3.420347e-01
3.423201e-01
3.423201e-01
3.425258e-01
3.425258e-01
3.432744e-01
3.432744e-01
3.434835e-01
3.434835e-01
3.445835e-01
3.445835e-01
3.446203e-01
3.446203e-01
3.446362e-01
3.446362e-01
3.447286e-01
3.447286e-01
3.447857e-01
3.447857e-01
3.450378e-01
3.452884e-01
3.452884e-01
3.459301e-01
3.459301e-01
3.463828e-01
3.463828e-01
3.465637e-01
3.465637e-01
3.465867e-01
3.465867e-01
3.469047e-01
3.469047e-01
3.469969e-01
3.469969e-01
3.471158e-01
3.471158e-01
3.471869e-01
3.471869e-01
3.475348e-01
3.475348e-01
3.475707e-01
3.475707e-01
3.477615e-01
3.477615e-01
3.482502e-01
3.482502e-01
3.486624e-01
3.486624e-01
3.489365e-01
3.489365e-01
3.491402e-01
3.491402e-01
3.494129e-01
3.494129e-01
3.495135e-01
3.495135e-01
3.502353e-01
3.502353e-01
3.502504e-01
3.502504e-01
3.503706e-01
3.504853e-01
3.508647e-01
3.508647e-01
3.508650e-01
3.508650e-01
3.511429e-01
3.511429e-01
3.513563e-01
3.513563e-01
3.519464e-01
3.525370e-01
3.525370e-01
3.526816e-01
3.527996e-01
3.528600e-01
3.528600e-01
3.531856e-01
3.531856e-01
3.533907e-01
3.533907e-01
3.534401e-01
3.534401e-01
3.536584e-01
3.536584e-01
3.537636e-01
3.537636e-01
3.542497e-01
3.542497e-01
3.545528e-01
3.545528e-01
3.547650e-01
3.547650e-01
3.548385e-01
3.549073e-01
3.549073e-01
3.552280e-01
3.552280e-01
3.554060e-01
3.554060e-01
3.557715e-01
3.557715e-01
3.561180e-01
3.561180e-01
3.565786e-01
3.565786e-01
3.575255e-01
3.575255e-01
3.578485e-01
3.578485e-01
3.587640e-01
3.587640e-01
3.588001e-01
3.588001e-01
3.592294e-01
3.592294e-01
3.592651e-01
3.592651e-01
3.594675e-01
3.594675e-01
3.596697e-01
3.596697e-01
3.597336e-01
3.597336e-01
3.602887e-01
3.602887e-01
3.603444e-01
3.603444e-01
3.616045e-01
3.616045e-01
3.616262e-01
3.617362e-01
3.617362e-01
3.620327e-01
3.620450e-01
3.620450e-01
3.622415e-01
3.622415e-01
3.625963e-01
3.625963e-01
3.629374e-01
3.629374e-01
3.630406e-01
3.630406e-01
3.634620e-01
3.634620e-01
3.638542e-01
3.638542e-01
3.639161e-01
3.639161e-01
3.643813e-01
3.643813e-01
3.643896e-01
3.644997e-01
3.644997e-01
3.650328e-01
3.650328e-01
3.653264e-01
3.653264e-01
3.660054e-01
3.660054e-01
3.664636e-01
3.664636e-01
3.664939e-01
3.664939e-01
3.669937e-01
3.669937e-01
3.670806e-01
3.670806e-01
3.673743e-01
3.674229e-01
3.674229e-01
3.674731e-01
3.674731e-01
3.677282e-01
3.677282e-01
3.678150e-01
3.678150e-01
3.679132e-01
3.679132e-01
3.683251e-01
3.683251e-01
3.689358e-01
3.696797e-01
3.696797e-01
3.705455e-01
3.705455e-01
3.707268e-01
3.707268e-01
3.709526e-01
3.709526e-01
3.711434e-01
3.711434e-01
3.711790e-01
3.713693e-01
3.713693e-01
3.714068e-01
3.714068e-01
3.720321e-01
3.720321e-01
3.724655e-01
3.724655e-01
3.727795e-01
3.727795e-01
3.731124e-01
3.731124e-01
3.733345e-01
3.733345e-01
3.733839e-01
3.733839e-01
3.736802e-01
3.737545e-01
3.737545e-01
3.740834e-01
3.740834e-01
3.742074e-01
3.742074e-01
3.742316e-01
3.742316e-01
3.749962e-01
3.749962e-01
3.750330e-01
3.750330e-01
3.750457e-01
3.750457e-01
3.752753e-01
3.752753e-01
3.754409e-01
3.754409e-01
3.756818e-01
3.756818e-01
3.761896e-01
3.761896e-01
3.764273e-01
3.764273e-01
3.767290e-01
3.767290e-01
3.768713e-01
3.768713e-01
3.773349e-01
3.773349e-01
3.774093e-01
3.774093e-01
3.777010e-01
3.777010e-01
3.778068e-01
3.778068e-01
3.782999e-01
3.782999e-01
3.789299e-01
3.792866e-01
3.792866e-01
3.793930e-01
3.793930e-01
3.798812e-01
3.801454e-01
3.801893e-01
3.801893e-01
3.801939e-01
3.802418e-01
3.802418e-01
3.805310e-01
3.805310e-01
3.805979e-01
3.806193e-01
3.806193e-01
3.807643e-01
3.807643e-01
3.812163e-01
3.812163e-01
3.812616e-01
3.812616e-01
3.813559e-01
3.813559e-01
3.820362e-01
3.820362e-01
3.822016e-01
3.822016e-01
3.830104e-01
3.831053e-01
3.831053e-01
3.831120e-01
3.831120e-01
3.834653e-01
3.834653e-01
3.839980e-01
3.839980e-01
3.847707e-01
3.861938e-01
3.861938e-01
3.864882e-01
3.864882e-01
3.866850e-01
3.866850e-01
3.869452e-01
3.869452e-01
3.873442e-01
3.873442e-01
3.874664e-01
3.874664e-01
3.874703e-01
3.874703e-01
3.883590e-01
3.883590e-01
3.883592e-01
3.883592e-01
3.884870e-01
3.884870e-01
3.885176e-01
3.885176e-01
3.885434e-01
3.885434e-01
3.888868e-01
3.888868e-01
3.893012e-01
3.893012e-01
3.894095e-01
3.894095e-01
3.895578e-01
3.895578e-01
3.895982e-01
3.895982e-01
3.896435e-01
3.896435e-01
3.900752e-01
3.900752e-01
3.903665e-01
3.903665e-01
3.905182e-01
3.905182e-01
3.908450e-01
3.908450e-01
3.909614e-01
3.909614e-01
3.909700e-01
3.909700e-01
3.910325e-01
3.910325e-01
3.915572e-01
3.915572e-01
3.918853e-01
3.918853e-01
3.920580e-01
3.920580e-01
3.927893e-01
3.927893e-01
3.932322e-01
3.932322e-01
3.933389e-01
3.937607e-01
3.937607e-01
3.943838e-01
3.943909e-01
3.943909e-01
3.945773e-01
3.945773e-01
3.946964e-01
3.946964e-01
3.949898e-01
3.949898e-01
3.950149e-01
3.950149e-01
3.958679e-01
3.960434e-01
3.960434e-01
3.962927e-01
3.962927e-01
3.963885e-01
3.963885e-01
3.972887e-01
3.974507e-01
3.974507e-01
3.985756e-01
3.985756e-01
3.988617e-01
3.988617e-01
3.988696e-01
3.988696e-01
3.995603e-01
3.995603e-01
3.998951e-01
3.998951e-01
4.012542e-01
4.012542e-01
4.014156e-01
4.014156e-01
4.014462e-01
4.016578e-01
4.016578e-01
4.017036e-01
4.020681e-01
4.023437e-01
4.023437e-01
4.023830e-01
4.023830e-01
4.030278e-01
4.030278e-01
4.040077e-01
4.040077e-01
4.046285e-01
4.046785e-01
4.046785e-01
4.049547e-01
4.049547e-01
4.052221e-01
4.052221e-01
4.055327e-01
4.055327e-01
4.058683e-01
4.058683e-01
4.071166e-01
4.071166e-01
4.078153e-01
4.078153e-01
4.079545e-01
4.079545e-01
4.087071e-01
4.087071e-01
4.087832e-01
4.087832e-01
4.091325e-01
4.091325e-01
4.101654e-01
4.101654e-01
4.104299e-01
4.104299e-01
4.105098e-01
4.106573e-01
4.106573e-01
4.110423e-01
4.110423e-01
4.112995e-01
4.112995e-01
4.116299e-01
4.116299e-01
4.118908e-01
4.122914e-01
4.122914e-01
4.129531e-01
4.129531e-01
4.130640e-01
4.130640e-01
4.141883e-01
4.141883e-01
4.157443e-01
4.157443e-01
4.157524e-01
4.158214e-01
4.158214e-01
4.163576e-01
4.163576e-01
4.167554e-01
4.167554e-01
4.169919e-01
4.169919e-01
4.174285e-01
4.174285e-01
4.176153e-01
4.179650e-01
4.179650e-01
4.179784e-01
4.179784e-01
4.184436e-01
4.184436e-01
4.185631e-01
4.185631e-01
4.191174e-01
4.191174e-01
4.195862e-01
4.195862e-01
4.197269e-01
4.197269e-01
4.199090e-01
4.199090e-01
4.205585e-01
4.208403e-01
4.208403e-01
4.215338e-01
4.215338e-01
4.224004e-01
4.224004e-01
4.229895e-01
4.229895e-01
4.238714e-01
4.238714e-01
4.241318e-01
4.243531e-01
4.243531e-01
4.247915e-01
4.247915e-01
4.248790e-01
4.248790e-01
4.255757e-01
4.255757e-01
4.258889e-01
4.258889e-01
4.265067e-01
4.265067e-01
4.268564e-01
4.268564e-01
4.268772e-01
4.268772e-01
4.270639e-01
4.270639e-01
4.274084e-01
4.274084e-01
4.287679e-01
4.295489e-01
4.295489e-01
4.303889e-01
4.303889e-01
4.314034e-01
4.314125e-01
4.314125e-01
4.332259e-01
4.332259e-01
4.352405e-01
4.352405e-01
4.353942e-01
4.353942e-01
4.360028e-01
4.360028e-01
4.365719e-01
4.365719e-01
4.366385e-01
4.375697e-01
4.375697e-01
4.376372e-01
4.376372e-01
4.376763e-01
4.376763e-01
4.388992e-01
4.388992e-01
4.390917e-01
4.390917e-01
4.392215e-01
4.392215e-01
4.395372e-01
4.395372e-01
4.396799e-01
4.396799e-01
4.402028e-01
4.407657e-01
4.407657e-01
4.415253e-01
4.415253e-01
4.415707e-01
4.415707e-01
4.424015e-01
4.424015e-01
4.426579e-01
4.426579e-01
4.429974e-01
4.429974e-01
4.433931e-01
4.433931e-01
4.439971e-01
4.439971e-01
4.440195e-01
4.440195e-01
4.441820e-01
4.441820e-01
4.444171e-01
4.444171e-01
4.445371e-01
4.445371e-01
4.450851e-01
4.450851e-01
4.451386e-01
4.459100e-01
4.459100e-01
4.461845e-01
4.461845e-01
4.472833e-01
4.472833e-01
4.473235e-01
4.473235e-01
4.484444e-01
4.484444e-01
4.484723e-01
4.484723e-01
4.489930e-01
4.489930e-01
4.503491e-01
4.503491e-01
4.506198e-01
4.506198e-01
4.506496e-01
4.506496e-01
4.517848e-01
4.517848e-01
4.523238e-01
4.523238e-01
4.535122e-01
4.535122e-01
4.539120e-01
4.539120e-01
4.539207e-01
4.539207e-01
4.541786e-01
4.541786e-01
4.543821e-01
4.543821e-01
4.554621e-01
4.559949e-01
4.559949e-01
4.573161e-01
4.573161e-01
4.576550e-01
4.576820e-01
4.576820e-01
4.588518e-01
4.588518e-01
4.593391e-01
4.593391e-01
4.611184e-01
4.611184e-01
4.612353e-01
4.612353e-01
4.614780e-01
4.614780e-01
4.615312e-01
4.615312e-01
4.636122e-01
4.636122e-01
4.642055e-01
4.642055e-01
4.642901e-01
4.642901e-01
4.649423e-01
4.649423e-01
4.655543e-01
4.659463e-01
4.659724e-01
4.659724e-01
4.672386e-01
4.675797e-01
4.675797e-01
4.680296e-01
4.680296e-01
4.681743e-01
4.694699e-01
4.694699e-01
4.698517e-01
4.698517e-01
4.702946e-01
4.702946e-01
4.706847e-01
4.706847e-01
4.709163e-01
4.709163e-01
4.715430e-01
4.718925e-01
4.718925e-01
4.723837e-01
4.723837e-01
4.739123e-01
4.739123e-01
4.741799e-01
4.741799e-01
4.742793e-01
4.742793e-01
4.743646e-01
4.743646e-01
4.751607e-01
4.751607e-01
4.751805e-01
4.751805e-01
4.758541e-01
4.758541e-01
4.790810e-01
4.790810e-01
4.790927e-01
4.790927e-01
4.803328e-01
4.803328e-01
4.807241e-01
4.807241e-01
4.817090e-01
4.823890e-01
4.827360e-01
4.827360e-01
4.833275e-01
4.833275e-01
4.839365e-01
4.839365e-01
4.839551e-01
4.839551e-01
4.871728e-01
4.871728e-01
4.888129e-01
4.888129e-01
4.893596e-01
4.893596e-01
4.901525e-01
4.901525e-01
4.903955e-01
4.904228e-01
4.904228e-01
4.909866e-01
4.916239e-01
4.916239e-01
4.916853e-01
4.916853e-01
4.921243e-01
4.921243e-01
4.922060e-01
4.922060e-01
4.925415e-01
4.929065e-01
4.929065e-01
4.934931e-01
4.934931e-01
4.943932e-01
4.943932e-01
4.947967e-01
4.947967e-01
4.952433e-01
4.952433e-01
4.988464e-01
4.988464e-01
4.995379e-01
4.995379e-01
5.002206e-01
5.002206e-01
5.002603e-01
5.002603e-01
5.015718e-01
5.015718e-01
5.018584e-01
5.018584e-01
5.027438e-01
5.027438e-01
5.041046e-01
5.052398e-01
5.052398e-01
5.057486e-01
5.057486e-01
5.058325e-01
5.058325e-01
5.069588e-01
5.069588e-01
5.070481e-01
5.070481e-01
5.081454e-01
5.081454e-01
5.086636e-01
5.086636e-01
5.130403e-01
5.130403e-01
5.136815e-01
5.136815e-01
5.157149e-01
5.157149e-01
5.165732e-01
5.165732e-01
5.166738e-01
5.169292e-01
5.174870e-01
5.174870e-01
5.187328e-01
5.194379e-01
5.194379e-01
5.196495e-01
5.196495e-01
5.198657e-01
5.198657e-01
5.202905e-01
5.204494e-01
5.204494e-01
5.214033e-01
5.214033e-01
5.215420e-01
5.215420e-01
5.217542e-01
5.217542e-01
5.217687e-01
5.217687e-01
5.239390e-01
5.239390e-01
5.240997e-01
5.240997e-01
5.245041e-01
5.245041e-01
5.253735e-01
5.253735e-01
5.262419e-01
5.262419e-01
5.274985e-01
5.274985e-01
5.275464e-01
5.275464e-01
5.277959e-01
5.277959e-01
5.306030e-01
5.306030e-01
5.307517e-01
5.320191e-01
5.320191e-01
5.323738e-01
5.323738e-01
5.329073e-01
5.329073e-01
5.332045e-01
5.332045e-01
5.335553e-01
5.335553e-01
5.341312e-01
5.341312e-01
5.342828e-01
5.369057e-01
5.369057e-01
5.383716e-01
5.391517e-01
5.391517e-01
5.391624e-01
5.391624e-01
5.402589e-01
5.402589e-01
5.414489e-01
5.414489e-01
5.419744e-01
5.419744e-01
5.430651e-01
5.430651e-01
5.430722e-01
5.430931e-01
5.430931e-01
5.431907e-01
5.431907e-01
5.433066e-01
5.433066e-01
5.447361e-01
5.454745e-01
5.454745e-01
5.464677e-01
5.464677e-01
5.471898e-01
5.471898e-01
5.472140e-01
5.472140e-01
5.478097e-01
5.478097e-01
5.478344e-01
5.478344e-01
5.483719e-01
5.483719e-01
5.486936e-01
5.486936e-01
5.496583e-01
5.496583e-01
5.497758e-01
5.497758e-01
5.517069e-01
5.517069e-01
5.520784e-01
5.520784e-01
5.528379e-01
5.528379e-01
5.541727e-01
5.541727e-01
5.544462e-01
5.544462e-01
5.548989e-01
5.548989e-01
5.552130e-01
5.552130e-01
5.582847e-01
5.582847e-01
5.588581e-01
5.588581e-01
5.592027e-01
5.595360e-01
5.595360e-01
5.597157e-01
5.597157e-01
5.602418e-01
5.602418e-01
5.631414e-01
5.631414e-01
5.633431e-01
5.633431e-01
5.634449e-01
5.634449e-01
5.647676e-01
5.647676e-01
5.659167e-01
5.661445e-01
5.661445e-01
5.664651e-01
5.664651e-01
5.680766e-01
5.680766e-01
5.682440e-01
5.682440e-01
5.712919e-01
5.712919e-01
5.714045e-01
5.714045e-01
5.721106e-01
5.721106e-01
5.734471e-01
5.734471e-01
5.746388e-01
5.746388e-01
5.750485e-01
5.754181e-01
5.754181e-01
5.759124e-01
5.764754e-01
5.764754e-01
5.773845e-01
5.773845e-01
5.782315e-01
5.782315e-01
5.784259e-01
5.804508e-01
5.804508e-01
5.810431e-01
5.810431e-01
5.810497e-01
5.810497e-01
5.813547e-01
5.813547e-01
5.837142e-01
5.837142e-01
5.842658e-01
5.842658e-01
5.864105e-01
5.864105e-01
5.870186e-01
5.870186e-01
5.895416e-01
5.895416e-01
5.906598e-01
5.906598e-01
5.920683e-01
5.925661e-01
5.925661e-01
5.929254e-01
5.929254e-01
5.944480e-01
5.944480e-01
5.951501e-01
5.951501e-01
5.961436e-01
5.961436e-01
5.969934e-01
5.969934e-01
5.976185e-01
5.976185e-01
5.993232e-01
5.993232e-01
5.993687e-01
5.993687e-01
6.003470e-01
6.003470e-01
6.013860e-01
6.013860e-01
6.031699e-01
6.031699e-01
6.031992e-01
6.031992e-01
6.036948e-01
6.036948e-01
6.037854e-01
6.037854e-01
6.053067e-01
6.053067e-01
6.053706e-01
6.055808e-01
6.055808e-01
6.060233e-01
6.060233e-01
6.073644e-01
6.076818e-01
6.076818e-01
6.077701e-01
6.077701e-01
6.081096e-01
6.081096e-01
6.102024e-01
6.112193e-01
6.112193e-01
6.128133e-01
6.128133e-01
6.144571e-01
6.154966e-01
6.154966e-01
6.170035e-01
6.170035e-01
6.182165e-01
6.182165e-01
6.185479e-01
6.185479e-01
6.192296e-01
6.192296e-01
6.210317e-01
6.219134e-01
6.219134e-01
6.238787e-01
6.291541e-01
6.291541e-01
6.297079e-01
6.308365e-01
6.308365e-01
6.337749e-01
6.337749e-01
6.409435e-01
6.409435e-01
6.441115e-01
6.441115e-01
6.451237e-01
6.451237e-01
6.468686e-01
6.468686e-01
6.499233e-01
6.514111e-01
6.514111e-01
6.555080e-01
6.555080e-01
6.574211e-01
6.579790e-01
6.579790e-01
6.599240e-01
6.625498e-01
6.625498e-01
6.695069e-01
6.695069e-01
6.712944e-01
6.712944e-01
6.725388e-01
6.725388e-01
6.729344e-01
6.729344e-01
6.758152e-01
6.758152e-01
6.784271e-01
6.784271e-01
6.798471e-01
6.798471e-01
6.856245e-01
6.880167e-01
6.880167e-01
6.890934e-01
6.890934e-01
6.895482e-01
6.895482e-01
6.907115e-01
6.907115e-01
6.924069e-01
6.924069e-01
6.924424e-01
6.924424e-01
6.925351e-01
6.925351e-01
6.945595e-01
6.945595e-01
7.018519e-01
7.018519e-01
7.050898e-01
7.050898e-01
7.126087e-01
7.126087e-01
7.207752e-01
7.207752e-01
7.210712e-01
7.210712e-01
7.211929e-01
7.211929e-01
7.239865e-01
7.239865e-01
7.271120e-01
7.271120e-01
7.280412e-01
7.280412e-01
7.299491e-01
7.299491e-01
7.305371e-01
7.305371e-01
7.322964e-01
7.331185e-01
7.331185e-01
7.335477e-01
7.361726e-01
7.373495e-01
7.373495e-01
7.426001e-01
7.437996e-01
7.437996e-01
7.440812e-01
7.440812e-01
7.449247e-01
7.449247e-01
7.449310e-01
7.449310e-01
7.462149e-01
7.462149e-01
7.469733e-01
7.469733e-01
7.475017e-01
7.475017e-01
7.479784e-01
7.479784e-01
7.700267e-01
7.700267e-01
7.706388e-01
7.706388e-01
7.722642e-01
7.722642e-01
7.724625e-01
7.724625e-01
7.752113e-01
7.752113e-01
7.764172e-01
7.764172e-01
7.778554e-01
7.778554e-01
7.786667e-01
7.786667e-01
9.158157e-01
9.158157e-01
9.161715e-01
9.161715e-01
9.169654e-01
9.169654e-01
9.171819e-01
9.171819e-01
9.185780e-01
9.185780e-01
9.189942e-01
9.189942e-01
9.197851e-01
9.197851e-01
9.200787e-01
9.200787e-01
9.285788e-01
9.285788e-01
9.291091e-01
9.291091e-01
9.302848e-01
9.302848e-01
9.307212e-01
9.307212e-01
9.332141e-01
9.332141e-01
9.338860e-01
9.338860e-01
9.356076e-01
9.356076e-01
9.361716e-01
9.361716e-01
9.953891e-01
9.953891e-01
9.957325e-01
9.957325e-01
9.964674e-01
9.964674e-01
9.967533e-01
9.967533e-01
9.982763e-01
9.982763e-01
9.986461e-01
9.986461e-01
9.996877e-01
9.996877e-01
1.000000e+00
1.000000e+00
