# SF-29 C-i4 candidate (i) i1o4 field=gauss eps=0.25 N=16: sorted relative singular values of the dense central-FD Jacobian at the converged state (rows F_i=-q(L_i-S_i); outlet rows (2q/h)(vperp_in-c_perp); smax=5.814212e+03)
2.544104e-04
2.583396e-04
2.638827e-04
2.705368e-04
2.767132e-04
2.775449e-04
2.823874e-04
2.855924e-04
2.903669e-04
2.915381e-04
2.966231e-04
2.979641e-04
3.022671e-04
3.065183e-04
3.145909e-04
3.174507e-04
3.204960e-04
3.353100e-04
3.396026e-04
3.445340e-04
3.561608e-04
3.625840e-04
3.653605e-04
3.672998e-04
3.762626e-04
3.827501e-04
3.849967e-04
3.895387e-04
3.948453e-04
3.999247e-04
4.322878e-04
4.818609e-04
5.043908e-04
5.110087e-04
5.183964e-04
5.715131e-04
5.813346e-04
5.934851e-04
6.306399e-04
6.392542e-04
6.454957e-04
6.489546e-04
6.622861e-04
6.666060e-04
6.870791e-04
6.925041e-04
6.981840e-04
7.100164e-04
7.112556e-04
7.220467e-04
7.285657e-04
7.864056e-04
8.497661e-04
8.707507e-04
9.353614e-04
1.235063e-03
1.270471e-03
1.278139e-03
1.315465e-03
1.354056e-03
1.367266e-03
1.382743e-03
1.422908e-03
1.457956e-03
1.550430e-03
1.555479e-03
1.588019e-03
1.598382e-03
1.625313e-03
1.635791e-03
1.676654e-03
1.681467e-03
2.160265e-03
2.174395e-03
2.246562e-03
2.290267e-03
2.327508e-03
2.339569e-03
2.372337e-03
2.413620e-03
2.441098e-03
2.478659e-03
2.486419e-03
2.510132e-03
2.541547e-03
2.572187e-03
2.642557e-03
2.650797e-03
2.690496e-03
2.698507e-03
2.720970e-03
2.733095e-03
2.771318e-03
2.787300e-03
2.802549e-03
2.809032e-03
2.827915e-03
2.836617e-03
2.845697e-03
2.877691e-03
2.884822e-03
2.902447e-03
2.943884e-03
2.953197e-03
2.971569e-03
2.985805e-03
2.995664e-03
3.007809e-03
3.036601e-03
3.046962e-03
3.079361e-03
3.090464e-03
3.096740e-03
3.101438e-03
3.118741e-03
3.149283e-03
3.173204e-03
3.185694e-03
3.193098e-03
3.217493e-03
3.235753e-03
3.245101e-03
3.250477e-03
3.264631e-03
3.299325e-03
3.320252e-03
3.329432e-03
3.334702e-03
3.359094e-03
3.377544e-03
3.384751e-03
3.421166e-03
3.426096e-03
3.448447e-03
3.461198e-03
3.469378e-03
3.498233e-03
3.512959e-03
3.523396e-03
3.528823e-03
3.550747e-03
3.588042e-03
3.622325e-03
3.627145e-03
3.659564e-03
3.719782e-03
3.768093e-03
3.785764e-03
3.800665e-03
3.810505e-03
3.860250e-03
3.873406e-03
3.876254e-03
3.883275e-03
3.898664e-03
3.956498e-03
3.962789e-03
4.046337e-03
4.110621e-03
4.123371e-03
4.153620e-03
4.189668e-03
4.204507e-03
4.235879e-03
4.259350e-03
4.279685e-03
4.317235e-03
4.361940e-03
4.399085e-03
4.417347e-03
4.447923e-03
4.460379e-03
4.500809e-03
4.540477e-03
4.556111e-03
4.576362e-03
4.582907e-03
4.595189e-03
4.607384e-03
4.646654e-03
4.662856e-03
4.687088e-03
4.824838e-03
4.831891e-03
4.957070e-03
5.058876e-03
5.315025e-03
5.357768e-03
5.392607e-03
5.583787e-03
5.623305e-03
5.657417e-03
5.679768e-03
5.831378e-03
5.864688e-03
5.920451e-03
6.301218e-03
6.345580e-03
6.473468e-03
6.483984e-03
6.579353e-03
6.637118e-03
6.638938e-03
6.661364e-03
6.707514e-03
6.748005e-03
6.822848e-03
6.853148e-03
6.919652e-03
6.962932e-03
6.989971e-03
7.026531e-03
7.033494e-03
7.082109e-03
7.100819e-03
7.140552e-03
7.159735e-03
7.199796e-03
7.216232e-03
7.262435e-03
7.326444e-03
7.360131e-03
7.378016e-03
7.395951e-03
7.404062e-03
7.425184e-03
7.461134e-03
7.471978e-03
7.536473e-03
7.556114e-03
7.600330e-03
7.637315e-03
7.656000e-03
7.699802e-03
7.732513e-03
7.748038e-03
7.782508e-03
7.813211e-03
7.837048e-03
7.860271e-03
7.878550e-03
7.908831e-03
7.927092e-03
7.940186e-03
7.965133e-03
7.981550e-03
7.990460e-03
8.026909e-03
8.043523e-03
8.063052e-03
8.074399e-03
8.112808e-03
8.149373e-03
8.159797e-03
8.182294e-03
8.204427e-03
8.222397e-03
8.264906e-03
8.334385e-03
8.350502e-03
8.376073e-03
8.394593e-03
8.422572e-03
8.449047e-03
8.458016e-03
8.495026e-03
8.558277e-03
8.572208e-03
8.595357e-03
8.683382e-03
8.708046e-03
8.734071e-03
8.759296e-03
8.811641e-03
8.834584e-03
8.867999e-03
8.912094e-03
8.935833e-03
8.971074e-03
8.979672e-03
8.997729e-03
9.067287e-03
9.108277e-03
9.143895e-03
9.196297e-03
9.230337e-03
9.262242e-03
9.279508e-03
9.314549e-03
9.334747e-03
9.359546e-03
9.431303e-03
9.446220e-03
9.468571e-03
9.492222e-03
9.507620e-03
9.517001e-03
9.563128e-03
9.573312e-03
9.608533e-03
9.661462e-03
9.687431e-03
9.723775e-03
9.756177e-03
9.790860e-03
9.802602e-03
9.821195e-03
9.841749e-03
9.900066e-03
9.916653e-03
9.946311e-03
9.977415e-03
1.006256e-02
1.009199e-02
1.011992e-02
1.016412e-02
1.019371e-02
1.022966e-02
1.031245e-02
1.033991e-02
1.040426e-02
1.042230e-02
1.043752e-02
1.053070e-02
1.059019e-02
1.062850e-02
1.066913e-02
1.071731e-02
1.076008e-02
1.078821e-02
1.101458e-02
1.109001e-02
1.111843e-02
1.116912e-02
1.121176e-02
1.122819e-02
1.129283e-02
1.132395e-02
1.146510e-02
1.163923e-02
1.167256e-02
1.173308e-02
1.180448e-02
1.188170e-02
1.191284e-02
1.199879e-02
1.209886e-02
1.215513e-02
1.220547e-02
1.227073e-02
1.232882e-02
1.235954e-02
1.243525e-02
1.246052e-02
1.255271e-02
1.258606e-02
1.262888e-02
1.264710e-02
1.271337e-02
1.272768e-02
1.277211e-02
1.282613e-02
1.284643e-02
1.287459e-02
1.298860e-02
1.302190e-02
1.305390e-02
1.308221e-02
1.309126e-02
1.315850e-02
1.320525e-02
1.323227e-02
1.325301e-02
1.327983e-02
1.331535e-02
1.340184e-02
1.341218e-02
1.343458e-02
1.352523e-02
1.355634e-02
1.357663e-02
1.364422e-02
1.365866e-02
1.367249e-02
1.370319e-02
1.371154e-02
1.375119e-02
1.382932e-02
1.390705e-02
1.395981e-02
1.398186e-02
1.399106e-02
1.399705e-02
1.402190e-02
1.407627e-02
1.411942e-02
1.420129e-02
1.426338e-02
1.429606e-02
1.433402e-02
1.435225e-02
1.450042e-02
1.456829e-02
1.457486e-02
1.467338e-02
1.468710e-02
1.470247e-02
1.473981e-02
1.477746e-02
1.481349e-02
1.485408e-02
1.487553e-02
1.494847e-02
1.495137e-02
1.500318e-02
1.506089e-02
1.507133e-02
1.511077e-02
1.514059e-02
1.518016e-02
1.534096e-02
1.535560e-02
1.538576e-02
1.540486e-02
1.543278e-02
1.544102e-02
1.547690e-02
1.558142e-02
1.565196e-02
1.567415e-02
1.572394e-02
1.580098e-02
1.581324e-02
1.586221e-02
1.594049e-02
1.599157e-02
1.603606e-02
1.607392e-02
1.613831e-02
1.620545e-02
1.623914e-02
1.625113e-02
1.628347e-02
1.637380e-02
1.643922e-02
1.645899e-02
1.657282e-02
1.660472e-02
1.667930e-02
1.670852e-02
1.672432e-02
1.676902e-02
1.678824e-02
1.689031e-02
1.695591e-02
1.697606e-02
1.698510e-02
1.704997e-02
1.712590e-02
1.714760e-02
1.727047e-02
1.730997e-02
1.737051e-02
1.741497e-02
1.745718e-02
1.754094e-02
1.758673e-02
1.761990e-02
1.762750e-02
1.766502e-02
1.770221e-02
1.777827e-02
1.786593e-02
1.791861e-02
1.793552e-02
1.801383e-02
1.814911e-02
1.815563e-02
1.816724e-02
1.824784e-02
1.828757e-02
1.830627e-02
1.834512e-02
1.840291e-02
1.841139e-02
1.841598e-02
1.847680e-02
1.851752e-02
1.852682e-02
1.855652e-02
1.856617e-02
1.861865e-02
1.868294e-02
1.873844e-02
1.875700e-02
1.878365e-02
1.879621e-02
1.884583e-02
1.887139e-02
1.892969e-02
1.897534e-02
1.901189e-02
1.906729e-02
1.908835e-02
1.913722e-02
1.915621e-02
1.917991e-02
1.922441e-02
1.926088e-02
1.929618e-02
1.936723e-02
1.946946e-02
1.948513e-02
1.956559e-02
1.961340e-02
1.966066e-02
1.968674e-02
1.976811e-02
1.977778e-02
1.980638e-02
1.982722e-02
1.987140e-02
1.989800e-02
1.990703e-02
1.992743e-02
1.996733e-02
1.998402e-02
2.001913e-02
2.002890e-02
2.004350e-02
2.010899e-02
2.013937e-02
2.017336e-02
2.023137e-02
2.024617e-02
2.028095e-02
2.030522e-02
2.032479e-02
2.038364e-02
2.041494e-02
2.043598e-02
2.049854e-02
2.050938e-02
2.058465e-02
2.059587e-02
2.068081e-02
2.081712e-02
2.090414e-02
2.096915e-02
2.108387e-02
2.110886e-02
2.124845e-02
2.134105e-02
2.153177e-02
2.161804e-02
2.170802e-02
2.188726e-02
2.190405e-02
2.195866e-02
2.202307e-02
2.207044e-02
2.209330e-02
2.216046e-02
2.217478e-02
2.230483e-02
2.237086e-02
2.249859e-02
2.256516e-02
2.264398e-02
2.270098e-02
2.275921e-02
2.279672e-02
2.285639e-02
2.289537e-02
2.295742e-02
2.302725e-02
2.305935e-02
2.307165e-02
2.311058e-02
2.312468e-02
2.318768e-02
2.323949e-02
2.328102e-02
2.331220e-02
2.333713e-02
2.342660e-02
2.350031e-02
2.351428e-02
2.354843e-02
2.367766e-02
2.371062e-02
2.374264e-02
2.379021e-02
2.384671e-02
2.388916e-02
2.395183e-02
2.398583e-02
2.402490e-02
2.411019e-02
2.413976e-02
2.418476e-02
2.424089e-02
2.425733e-02
2.432761e-02
2.439594e-02
2.442575e-02
2.456441e-02
2.461403e-02
2.465490e-02
2.470873e-02
2.474559e-02
2.484219e-02
2.498659e-02
2.508922e-02
2.515601e-02
2.519004e-02
2.526098e-02
2.529981e-02
2.533166e-02
2.539010e-02
2.540876e-02
2.543495e-02
2.546882e-02
2.553875e-02
2.558283e-02
2.562378e-02
2.572792e-02
2.574168e-02
2.577811e-02
2.581884e-02
2.583024e-02
2.590088e-02
2.600109e-02
2.603612e-02
2.607218e-02
2.615030e-02
2.618840e-02
2.622922e-02
2.625369e-02
2.639526e-02
2.641510e-02
2.642254e-02
2.650189e-02
2.650980e-02
2.657880e-02
2.661768e-02
2.667816e-02
2.673875e-02
2.675507e-02
2.677163e-02
2.681450e-02
2.686505e-02
2.693279e-02
2.696639e-02
2.696863e-02
2.700191e-02
2.703680e-02
2.706778e-02
2.715211e-02
2.717538e-02
2.726866e-02
2.728289e-02
2.732721e-02
2.736267e-02
2.740863e-02
2.743256e-02
2.747590e-02
2.749851e-02
2.757579e-02
2.759451e-02
2.762694e-02
2.765880e-02
2.784092e-02
2.785174e-02
2.790755e-02
2.796850e-02
2.801673e-02
2.805366e-02
2.809670e-02
2.814323e-02
2.818756e-02
2.821387e-02
2.828115e-02
2.831692e-02
2.834399e-02
2.835866e-02
2.839782e-02
2.841660e-02
2.846949e-02
2.852897e-02
2.856421e-02
2.857245e-02
2.861080e-02
2.863169e-02
2.871436e-02
2.873567e-02
2.879026e-02
2.880581e-02
2.881303e-02
2.885218e-02
2.889761e-02
2.896019e-02
2.896572e-02
2.899107e-02
2.903995e-02
2.909264e-02
2.912324e-02
2.915926e-02
2.921160e-02
2.925463e-02
2.933327e-02
2.935514e-02
2.938613e-02
2.944439e-02
2.952605e-02
2.956018e-02
2.957186e-02
2.961931e-02
2.964556e-02
2.971403e-02
2.974201e-02
2.976515e-02
2.986939e-02
2.990530e-02
2.993066e-02
2.995490e-02
2.999450e-02
3.002331e-02
3.008714e-02
3.012699e-02
3.018431e-02
3.021350e-02
3.022817e-02
3.024532e-02
3.032853e-02
3.036132e-02
3.038898e-02
3.046042e-02
3.048429e-02
3.049010e-02
3.052621e-02
3.056474e-02
3.061803e-02
3.068073e-02
3.073321e-02
3.075553e-02
3.082116e-02
3.091064e-02
3.092574e-02
3.095465e-02
3.102473e-02
3.116028e-02
3.118352e-02
3.126926e-02
3.132842e-02
3.134760e-02
3.139250e-02
3.147237e-02
3.150823e-02
3.153053e-02
3.164141e-02
3.169459e-02
3.172835e-02
3.176282e-02
3.180750e-02
3.188575e-02
3.191924e-02
3.200395e-02
3.206293e-02
3.218870e-02
3.223523e-02
3.231359e-02
3.234611e-02
3.242279e-02
3.244813e-02
3.259038e-02
3.261639e-02
3.268596e-02
3.277661e-02
3.283600e-02
3.287127e-02
3.290848e-02
3.291913e-02
3.296719e-02
3.297490e-02
3.305564e-02
3.308104e-02
3.310380e-02
3.314702e-02
3.319649e-02
3.323322e-02
3.334687e-02
3.343691e-02
3.351697e-02
3.357942e-02
3.359763e-02
3.366958e-02
3.371315e-02
3.380236e-02
3.388732e-02
3.391070e-02
3.396924e-02
3.398883e-02
3.417608e-02
3.420251e-02
3.428808e-02
3.429908e-02
3.437876e-02
3.439571e-02
3.449395e-02
3.450226e-02
3.459585e-02
3.462319e-02
3.471918e-02
3.476538e-02
3.479423e-02
3.487102e-02
3.493452e-02
3.494952e-02
3.496811e-02
3.504873e-02
3.512780e-02
3.517443e-02
3.527491e-02
3.534887e-02
3.535560e-02
3.538561e-02
3.544688e-02
3.552169e-02
3.557673e-02
3.558327e-02
3.564651e-02
3.571131e-02
3.575709e-02
3.582623e-02
3.593154e-02
3.595189e-02
3.595766e-02
3.602566e-02
3.608393e-02
3.610755e-02
3.612796e-02
3.619875e-02
3.633927e-02
3.638504e-02
3.641906e-02
3.651219e-02
3.654049e-02
3.664187e-02
3.666568e-02
3.667796e-02
3.669983e-02
3.675325e-02
3.679616e-02
3.684892e-02
3.689298e-02
3.703156e-02
3.708207e-02
3.711814e-02
3.720086e-02
3.727195e-02
3.734776e-02
3.740856e-02
3.752061e-02
3.758272e-02
3.761455e-02
3.763546e-02
3.765941e-02
3.777315e-02
3.789029e-02
3.796562e-02
3.800895e-02
3.807114e-02
3.814787e-02
3.818959e-02
3.823967e-02
3.826163e-02
3.830902e-02
3.834911e-02
3.838685e-02
3.842577e-02
3.854231e-02
3.860970e-02
3.867482e-02
3.870478e-02
3.874350e-02
3.879992e-02
3.888179e-02
3.892185e-02
3.896276e-02
3.901132e-02
3.905965e-02
3.914217e-02
3.915190e-02
3.921234e-02
3.921923e-02
3.928658e-02
3.935983e-02
3.940939e-02
3.942859e-02
3.945256e-02
3.953156e-02
3.958595e-02
3.961447e-02
3.969555e-02
3.970348e-02
3.973082e-02
3.979953e-02
3.982338e-02
3.992023e-02
3.999688e-02
4.002388e-02
4.006495e-02
4.011180e-02
4.013208e-02
4.018739e-02
4.023312e-02
4.029657e-02
4.033460e-02
4.035680e-02
4.043736e-02
4.047220e-02
4.052611e-02
4.054156e-02
4.058224e-02
4.063236e-02
4.064256e-02
4.066225e-02
4.071955e-02
4.076125e-02
4.078187e-02
4.085235e-02
4.087263e-02
4.091716e-02
4.093138e-02
4.101116e-02
4.103843e-02
4.110670e-02
4.115629e-02
4.120965e-02
4.121275e-02
4.125896e-02
4.130055e-02
4.132748e-02
4.135525e-02
4.140920e-02
4.143654e-02
4.149356e-02
4.152935e-02
4.158918e-02
4.159786e-02
4.161214e-02
4.171672e-02
4.174918e-02
4.177325e-02
4.179292e-02
4.187168e-02
4.190581e-02
4.196893e-02
4.201426e-02
4.209856e-02
4.212195e-02
4.220792e-02
4.225845e-02
4.227520e-02
4.232183e-02
4.237325e-02
4.250628e-02
4.255936e-02
4.256781e-02
4.262623e-02
4.266311e-02
4.272094e-02
4.272827e-02
4.280622e-02
4.287973e-02
4.298145e-02
4.300919e-02
4.304758e-02
4.308803e-02
4.314051e-02
4.322767e-02
4.326203e-02
4.334272e-02
4.338015e-02
4.348928e-02
4.355408e-02
4.358994e-02
4.366085e-02
4.373771e-02
4.386449e-02
4.391530e-02
4.397682e-02
4.409621e-02
4.417457e-02
4.420332e-02
4.422743e-02
4.431114e-02
4.434481e-02
4.436478e-02
4.445273e-02
4.453211e-02
4.459362e-02
4.462939e-02
4.468149e-02
4.472839e-02
4.477993e-02
4.479525e-02
4.491909e-02
4.493500e-02
4.501313e-02
4.504107e-02
4.507409e-02
4.510373e-02
4.520526e-02
4.524180e-02
4.534574e-02
4.541509e-02
4.545129e-02
4.550684e-02
4.560145e-02
4.567857e-02
4.571326e-02
4.575284e-02
4.579211e-02
4.581236e-02
4.586573e-02
4.594678e-02
4.596045e-02
4.601392e-02
4.608180e-02
4.612423e-02
4.619050e-02
4.621794e-02
4.625584e-02
4.637409e-02
4.645550e-02
4.649325e-02
4.653124e-02
4.662860e-02
4.667881e-02
4.673465e-02
4.680316e-02
4.688063e-02
4.697798e-02
4.700072e-02
4.706780e-02
4.710413e-02
4.716023e-02
4.723679e-02
4.726405e-02
4.733400e-02
4.736647e-02
4.746490e-02
4.749208e-02
4.753127e-02
4.757363e-02
4.765996e-02
4.767666e-02
4.772929e-02
4.780518e-02
4.785190e-02
4.787800e-02
4.799703e-02
4.803211e-02
4.815034e-02
4.818615e-02
4.825705e-02
4.835930e-02
4.841338e-02
4.841987e-02
4.850958e-02
4.854436e-02
4.858609e-02
4.866767e-02
4.874721e-02
4.875877e-02
4.889946e-02
4.894584e-02
4.898212e-02
4.901208e-02
4.905712e-02
4.914185e-02
4.919446e-02
4.924853e-02
4.932395e-02
4.935921e-02
4.943127e-02
4.945466e-02
4.947897e-02
4.955714e-02
4.957311e-02
4.961840e-02
4.974934e-02
4.977131e-02
4.982409e-02
4.988498e-02
4.994457e-02
5.004774e-02
5.004894e-02
5.006943e-02
5.012391e-02
5.014971e-02
5.018033e-02
5.018735e-02
5.027106e-02
5.032285e-02
5.039234e-02
5.039768e-02
5.047471e-02
5.048720e-02
5.062717e-02
5.064452e-02
5.069788e-02
5.071825e-02
5.076828e-02
5.083201e-02
5.089145e-02
5.093609e-02
5.096555e-02
5.104843e-02
5.109957e-02
5.115940e-02
5.118974e-02
5.122871e-02
5.126752e-02
5.133271e-02
5.134981e-02
5.140990e-02
5.147548e-02
5.151589e-02
5.157614e-02
5.160926e-02
5.162926e-02
5.172459e-02
5.176364e-02
5.179381e-02
5.190919e-02
5.196461e-02
5.197793e-02
5.202233e-02
5.207068e-02
5.207526e-02
5.216218e-02
5.221450e-02
5.222642e-02
5.228220e-02
5.231566e-02
5.237288e-02
5.241120e-02
5.244204e-02
5.249514e-02
5.251776e-02
5.268810e-02
5.275984e-02
5.280530e-02
5.283256e-02
5.288027e-02
5.295310e-02
5.298920e-02
5.301304e-02
5.302211e-02
5.308073e-02
5.309198e-02
5.316673e-02
5.320640e-02
5.324496e-02
5.329155e-02
5.332507e-02
5.338901e-02
5.344938e-02
5.350353e-02
5.356533e-02
5.362408e-02
5.373351e-02
5.378241e-02
5.379238e-02
5.386736e-02
5.388378e-02
5.394435e-02
5.397707e-02
5.402413e-02
5.404796e-02
5.410117e-02
5.421415e-02
5.425121e-02
5.428135e-02
5.428990e-02
5.433436e-02
5.437807e-02
5.441222e-02
5.447872e-02
5.451266e-02
5.454327e-02
5.462875e-02
5.468337e-02
5.473884e-02
5.479524e-02
5.487088e-02
5.492742e-02
5.494531e-02
5.499571e-02
5.508132e-02
5.510343e-02
5.513613e-02
5.516657e-02
5.526857e-02
5.534991e-02
5.539033e-02
5.545116e-02
5.550321e-02
5.554026e-02
5.560089e-02
5.566139e-02
5.573762e-02
5.575262e-02
5.581135e-02
5.581808e-02
5.591607e-02
5.599419e-02
5.605099e-02
5.611111e-02
5.612952e-02
5.617594e-02
5.621967e-02
5.625703e-02
5.630417e-02
5.637404e-02
5.637840e-02
5.640794e-02
5.648462e-02
5.658746e-02
5.663202e-02
5.669969e-02
5.674382e-02
5.677280e-02
5.685893e-02
5.690168e-02
5.696225e-02
5.698837e-02
5.704436e-02
5.708076e-02
5.712837e-02
5.720688e-02
5.721878e-02
5.723267e-02
5.728420e-02
5.737632e-02
5.742571e-02
5.745605e-02
5.756644e-02
5.759222e-02
5.765778e-02
5.766997e-02
5.770287e-02
5.773467e-02
5.778595e-02
5.783183e-02
5.786724e-02
5.795007e-02
5.797628e-02
5.801150e-02
5.803273e-02
5.809658e-02
5.820860e-02
5.824777e-02
5.828165e-02
5.831349e-02
5.833036e-02
5.846066e-02
5.848900e-02
5.851866e-02
5.858083e-02
5.868403e-02
5.873107e-02
5.874541e-02
5.881269e-02
5.886410e-02
5.889326e-02
5.894017e-02
5.907512e-02
5.911030e-02
5.913222e-02
5.919337e-02
5.928773e-02
5.931746e-02
5.937733e-02
5.938603e-02
5.949459e-02
5.952738e-02
5.958067e-02
5.959112e-02
5.968898e-02
5.979308e-02
5.985701e-02
5.993728e-02
5.997645e-02
6.001670e-02
6.006258e-02
6.011722e-02
6.016331e-02
6.023969e-02
6.029379e-02
6.040667e-02
6.041722e-02
6.043924e-02
6.046059e-02
6.051014e-02
6.053238e-02
6.063951e-02
6.072856e-02
6.077009e-02
6.078584e-02
6.083254e-02
6.089714e-02
6.100409e-02
6.102811e-02
6.109691e-02
6.114102e-02
6.116103e-02
6.118483e-02
6.126458e-02
6.127641e-02
6.130025e-02
6.134783e-02
6.140013e-02
6.147483e-02
6.149547e-02
6.157582e-02
6.158327e-02
6.167148e-02
6.172478e-02
6.179739e-02
6.186500e-02
6.194148e-02
6.195976e-02
6.201274e-02
6.207042e-02
6.216011e-02
6.219165e-02
6.224169e-02
6.228015e-02
6.235985e-02
6.238148e-02
6.247465e-02
6.249979e-02
6.257544e-02
6.266525e-02
6.269072e-02
6.276492e-02
6.281662e-02
6.287463e-02
6.294969e-02
6.298414e-02
6.305606e-02
6.307806e-02
6.312342e-02
6.318247e-02
6.321620e-02
6.331721e-02
6.333673e-02
6.336195e-02
6.343407e-02
6.348637e-02
6.352851e-02
6.356214e-02
6.367470e-02
6.372557e-02
6.373952e-02
6.375589e-02
6.383615e-02
6.387591e-02
6.391897e-02
6.399862e-02
6.400609e-02
6.406949e-02
6.412867e-02
6.419720e-02
6.427248e-02
6.430766e-02
6.434642e-02
6.437751e-02
6.443237e-02
6.448632e-02
6.455950e-02
6.458005e-02
6.462676e-02
6.468945e-02
6.472435e-02
6.478681e-02
6.485085e-02
6.488912e-02
6.492480e-02
6.497687e-02
6.504407e-02
6.506378e-02
6.510519e-02
6.523589e-02
6.525668e-02
6.527761e-02
6.536145e-02
6.537553e-02
6.544310e-02
6.546521e-02
6.554302e-02
6.559694e-02
6.565163e-02
6.569461e-02
6.572755e-02
6.575448e-02
6.578087e-02
6.581512e-02
6.592210e-02
6.599754e-02
6.602963e-02
6.605978e-02
6.609479e-02
6.615993e-02
6.620853e-02
6.628319e-02
6.632467e-02
6.634369e-02
6.641883e-02
6.644246e-02
6.651946e-02
6.656985e-02
6.660973e-02
6.662901e-02
6.671896e-02
6.673882e-02
6.677548e-02
6.681649e-02
6.689170e-02
6.693151e-02
6.696262e-02
6.705385e-02
6.706944e-02
6.715414e-02
6.719071e-02
6.721683e-02
6.729112e-02
6.734042e-02
6.736489e-02
6.737861e-02
6.747506e-02
6.749882e-02
6.753297e-02
6.760520e-02
6.767940e-02
6.775725e-02
6.778219e-02
6.783241e-02
6.784925e-02
6.789622e-02
6.803563e-02
6.806898e-02
6.811863e-02
6.814577e-02
6.818552e-02
6.822312e-02
6.827933e-02
6.836615e-02
6.838311e-02
6.845418e-02
6.849011e-02
6.853531e-02
6.854870e-02
6.865510e-02
6.867698e-02
6.870040e-02
6.877677e-02
6.878963e-02
6.887994e-02
6.889134e-02
6.893770e-02
6.900629e-02
6.901129e-02
6.903656e-02
6.906670e-02
6.911717e-02
6.917332e-02
6.919766e-02
6.928931e-02
6.937820e-02
6.939020e-02
6.942660e-02
6.946560e-02
6.949411e-02
6.955025e-02
6.959339e-02
6.962513e-02
6.970894e-02
6.973670e-02
6.977262e-02
6.982439e-02
6.989410e-02
6.994371e-02
7.000036e-02
7.009610e-02
7.011938e-02
7.015204e-02
7.021649e-02
7.024394e-02
7.027458e-02
7.032119e-02
7.038832e-02
7.042874e-02
7.050468e-02
7.054632e-02
7.058911e-02
7.061550e-02
7.064967e-02
7.072150e-02
7.077119e-02
7.080962e-02
7.087064e-02
7.092757e-02
7.098276e-02
7.101385e-02
7.104422e-02
7.107865e-02
7.109632e-02
7.122552e-02
7.125933e-02
7.129803e-02
7.135058e-02
7.138848e-02
7.141482e-02
7.143350e-02
7.150083e-02
7.150636e-02
7.154286e-02
7.158220e-02
7.160681e-02
7.167987e-02
7.171047e-02
7.177655e-02
7.183502e-02
7.189458e-02
7.194493e-02
7.199762e-02
7.203870e-02
7.207712e-02
7.215673e-02
7.218505e-02
7.224606e-02
7.234805e-02
7.236804e-02
7.246992e-02
7.252729e-02
7.259748e-02
7.265017e-02
7.268409e-02
7.269410e-02
7.272721e-02
7.279122e-02
7.288598e-02
7.291484e-02
7.296908e-02
7.304657e-02
7.308072e-02
7.308606e-02
7.310681e-02
7.314100e-02
7.321197e-02
7.327595e-02
7.338445e-02
7.340983e-02
7.343339e-02
7.349355e-02
7.350962e-02
7.353872e-02
7.358477e-02
7.361661e-02
7.366912e-02
7.372118e-02
7.373441e-02
7.385117e-02
7.387059e-02
7.393376e-02
7.397198e-02
7.400956e-02
7.409740e-02
7.413296e-02
7.414564e-02
7.422386e-02
7.428124e-02
7.429885e-02
7.434940e-02
7.443515e-02
7.452741e-02
7.457622e-02
7.461362e-02
7.466388e-02
7.471035e-02
7.473405e-02
7.480226e-02
7.483856e-02
7.486304e-02
7.492576e-02
7.498051e-02
7.500417e-02
7.504453e-02
7.510651e-02
7.519446e-02
7.521953e-02
7.529810e-02
7.532087e-02
7.538726e-02
7.546167e-02
7.550704e-02
7.556491e-02
7.559583e-02
7.564586e-02
7.570537e-02
7.576929e-02
7.578656e-02
7.585817e-02
7.586923e-02
7.597572e-02
7.605432e-02
7.608734e-02
7.612114e-02
7.618626e-02
7.626060e-02
7.634226e-02
7.639095e-02
7.648054e-02
7.650098e-02
7.657950e-02
7.663470e-02
7.668623e-02
7.671690e-02
7.682432e-02
7.687050e-02
7.688742e-02
7.695489e-02
7.697833e-02
7.699193e-02
7.704869e-02
7.710600e-02
7.714271e-02
7.725973e-02
7.734541e-02
7.740244e-02
7.754338e-02
7.758864e-02
7.762124e-02
7.765975e-02
7.767764e-02
7.773508e-02
7.775566e-02
7.782544e-02
7.788023e-02
7.795119e-02
7.798297e-02
7.800701e-02
7.810792e-02
7.816728e-02
7.822037e-02
7.825380e-02
7.830342e-02
7.843529e-02
7.846347e-02
7.849123e-02
7.853727e-02
7.859526e-02
7.859814e-02
7.872970e-02
7.875594e-02
7.882469e-02
7.885495e-02
7.890543e-02
7.899829e-02
7.902286e-02
7.906518e-02
7.912087e-02
7.920308e-02
7.922637e-02
7.927161e-02
7.933645e-02
7.935413e-02
7.938176e-02
7.942274e-02
7.951818e-02
7.953502e-02
7.964855e-02
7.966980e-02
7.969773e-02
7.980534e-02
7.984386e-02
7.986495e-02
7.991920e-02
7.998184e-02
8.004821e-02
8.010649e-02
8.014836e-02
8.020581e-02
8.023931e-02
8.026935e-02
8.029535e-02
8.040711e-02
8.044939e-02
8.045661e-02
8.049307e-02
8.053937e-02
8.063029e-02
8.067521e-02
8.071087e-02
8.078885e-02
8.079644e-02
8.088795e-02
8.092807e-02
8.098662e-02
8.102638e-02
8.108010e-02
8.111758e-02
8.124320e-02
8.126847e-02
8.128274e-02
8.135913e-02
8.137328e-02
8.142757e-02
8.147549e-02
8.150072e-02
8.155400e-02
8.162860e-02
8.167101e-02
8.177100e-02
8.178789e-02
8.184406e-02
8.184737e-02
8.191114e-02
8.198017e-02
8.201764e-02
8.206837e-02
8.211929e-02
8.224574e-02
8.226415e-02
8.231833e-02
8.234690e-02
8.242852e-02
8.243580e-02
8.249000e-02
8.251840e-02
8.255025e-02
8.259512e-02
8.264968e-02
8.275237e-02
8.278262e-02
8.280327e-02
8.283700e-02
8.290128e-02
8.291389e-02
8.296187e-02
8.304598e-02
8.311641e-02
8.313776e-02
8.320388e-02
8.326732e-02
8.329485e-02
8.334371e-02
8.339621e-02
8.342378e-02
8.347079e-02
8.357830e-02
8.359620e-02
8.365622e-02
8.366880e-02
8.378649e-02
8.381229e-02
8.386561e-02
8.391170e-02
8.396649e-02
8.398275e-02
8.405620e-02
8.409009e-02
8.415186e-02
8.418347e-02
8.422937e-02
8.426110e-02
8.433500e-02
8.440036e-02
8.445693e-02
8.448688e-02
8.456581e-02
8.461940e-02
8.468439e-02
8.469777e-02
8.474343e-02
8.479391e-02
8.481534e-02
8.487578e-02
8.493535e-02
8.496165e-02
8.505958e-02
8.509834e-02
8.512424e-02
8.514716e-02
8.529417e-02
8.534492e-02
8.536550e-02
8.542242e-02
8.547196e-02
8.548178e-02
8.554363e-02
8.558764e-02
8.563564e-02
8.565522e-02
8.569895e-02
8.572480e-02
8.578982e-02
8.587995e-02
8.595495e-02
8.596785e-02
8.600491e-02
8.605823e-02
8.609846e-02
8.615409e-02
8.620682e-02
8.626843e-02
8.629462e-02
8.638606e-02
8.642895e-02
8.648953e-02
8.653995e-02
8.657324e-02
8.661998e-02
8.668335e-02
8.672657e-02
8.682596e-02
8.683283e-02
8.694339e-02
8.699227e-02
8.705653e-02
8.708958e-02
8.716190e-02
8.724054e-02
8.727149e-02
8.727523e-02
8.735668e-02
8.744642e-02
8.748362e-02
8.750138e-02
8.751268e-02
8.753319e-02
8.769851e-02
8.776420e-02
8.781534e-02
8.783006e-02
8.790915e-02
8.804189e-02
8.805385e-02
8.808141e-02
8.809787e-02
8.818264e-02
8.825201e-02
8.827950e-02
8.836039e-02
8.838084e-02
8.844526e-02
8.850736e-02
8.854970e-02
8.857720e-02
8.865631e-02
8.867563e-02
8.871604e-02
8.872819e-02
8.883419e-02
8.886946e-02
8.892332e-02
8.898014e-02
8.904743e-02
8.907720e-02
8.908750e-02
8.922768e-02
8.927247e-02
8.930434e-02
8.938179e-02
8.942766e-02
8.946118e-02
8.951873e-02
8.953546e-02
8.959449e-02
8.965545e-02
8.967219e-02
8.977049e-02
8.981160e-02
8.984606e-02
8.989636e-02
8.998387e-02
9.000829e-02
9.005778e-02
9.011883e-02
9.014462e-02
9.020875e-02
9.030842e-02
9.032380e-02
9.036001e-02
9.042015e-02
9.044495e-02
9.046936e-02
9.049916e-02
9.060080e-02
9.065145e-02
9.068648e-02
9.081883e-02
9.083672e-02
9.090777e-02
9.091936e-02
9.099681e-02
9.104129e-02
9.110393e-02
9.124690e-02
9.132031e-02
9.136613e-02
9.138557e-02
9.141829e-02
9.149915e-02
9.158714e-02
9.160280e-02
9.167388e-02
9.177696e-02
9.179167e-02
9.185389e-02
9.188744e-02
9.198758e-02
9.202131e-02
9.210584e-02
9.217940e-02
9.225071e-02
9.229506e-02
9.236369e-02
9.240840e-02
9.245388e-02
9.247019e-02
9.259467e-02
9.262039e-02
9.266063e-02
9.271551e-02
9.276241e-02
9.280168e-02
9.285313e-02
9.287991e-02
9.292030e-02
9.300661e-02
9.306333e-02
9.307481e-02
9.309517e-02
9.317788e-02
9.321669e-02
9.329012e-02
9.332205e-02
9.336596e-02
9.344851e-02
9.350247e-02
9.352012e-02
9.358601e-02
9.360180e-02
9.366797e-02
9.374602e-02
9.376719e-02
9.380109e-02
9.384306e-02
9.392126e-02
9.394011e-02
9.402616e-02
9.407492e-02
9.414568e-02
9.420718e-02
9.423678e-02
9.427561e-02
9.430590e-02
9.438650e-02
9.442121e-02
9.447459e-02
9.451968e-02
9.453362e-02
9.459226e-02
9.466835e-02
9.471142e-02
9.480830e-02
9.483474e-02
9.488291e-02
9.496475e-02
9.497240e-02
9.504102e-02
9.509331e-02
9.514640e-02
9.528870e-02
9.531883e-02
9.537420e-02
9.542043e-02
9.552361e-02
9.560281e-02
9.564165e-02
9.571871e-02
9.577225e-02
9.580089e-02
9.585884e-02
9.591223e-02
9.593911e-02
9.602034e-02
9.606093e-02
9.609338e-02
9.615941e-02
9.619662e-02
9.623272e-02
9.629842e-02
9.634032e-02
9.638826e-02
9.646591e-02
9.649253e-02
9.654467e-02
9.670717e-02
9.674790e-02
9.676184e-02
9.691433e-02
9.700900e-02
9.701619e-02
9.704880e-02
9.713272e-02
9.714085e-02
9.727960e-02
9.731425e-02
9.736397e-02
9.743526e-02
9.748575e-02
9.755414e-02
9.761408e-02
9.762802e-02
9.770249e-02
9.776702e-02
9.780616e-02
9.783906e-02
9.787526e-02
9.795173e-02
9.798760e-02
9.807517e-02
9.808257e-02
9.816688e-02
9.821534e-02
9.822152e-02
9.831925e-02
9.837703e-02
9.840116e-02
9.843078e-02
9.847635e-02
9.856433e-02
9.865133e-02
9.869196e-02
9.874620e-02
9.880325e-02
9.884889e-02
9.887843e-02
9.895546e-02
9.898976e-02
9.905076e-02
9.911203e-02
9.917601e-02
9.921247e-02
9.930397e-02
9.932308e-02
9.935194e-02
9.946340e-02
9.950403e-02
9.952959e-02
9.961339e-02
9.962689e-02
9.972538e-02
9.978578e-02
9.981636e-02
9.983462e-02
9.987583e-02
9.989072e-02
9.998730e-02
1.000513e-01
1.001040e-01
1.002005e-01
1.002153e-01
1.002386e-01
1.003115e-01
1.004014e-01
1.004328e-01
1.005019e-01
1.005310e-01
1.006086e-01
1.006502e-01
1.007186e-01
1.007818e-01
1.008673e-01
1.008777e-01
1.009220e-01
1.009612e-01
1.009753e-01
1.010404e-01
1.010526e-01
1.011119e-01
1.011605e-01
1.012237e-01
1.012772e-01
1.012921e-01
1.013585e-01
1.014474e-01
1.015708e-01
1.015981e-01
1.016538e-01
1.016838e-01
1.017401e-01
1.017788e-01
1.018349e-01
1.019347e-01
1.019737e-01
1.019900e-01
1.020520e-01
1.020927e-01
1.021549e-01
1.022006e-01
1.022471e-01
1.023658e-01
1.023938e-01
1.024793e-01
1.025105e-01
1.025564e-01
1.025737e-01
1.026378e-01
1.026715e-01
1.027216e-01
1.028114e-01
1.028911e-01
1.029900e-01
1.030569e-01
1.030619e-01
1.030991e-01
1.031148e-01
1.031800e-01
1.032133e-01
1.032882e-01
1.033836e-01
1.034126e-01
1.034656e-01
1.035845e-01
1.035918e-01
1.036457e-01
1.037052e-01
1.037516e-01
1.037742e-01
1.038093e-01
1.039216e-01
1.039554e-01
1.040146e-01
1.040345e-01
1.040937e-01
1.041427e-01
1.042235e-01
1.042889e-01
1.043123e-01
1.043861e-01
1.044570e-01
1.045802e-01
1.046003e-01
1.046462e-01
1.047342e-01
1.047945e-01
1.048353e-01
1.048657e-01
1.048854e-01
1.049380e-01
1.050177e-01
1.050548e-01
1.051728e-01
1.051900e-01
1.052396e-01
1.053081e-01
1.053413e-01
1.053788e-01
1.054383e-01
1.055464e-01
1.055658e-01
1.056015e-01
1.056631e-01
1.057316e-01
1.057697e-01
1.058571e-01
1.058682e-01
1.059425e-01
1.060083e-01
1.060677e-01
1.061784e-01
1.062238e-01
1.062623e-01
1.063225e-01
1.063756e-01
1.064670e-01
1.065031e-01
1.066166e-01
1.066581e-01
1.066825e-01
1.067317e-01
1.067742e-01
1.068622e-01
1.069151e-01
1.070194e-01
1.070543e-01
1.070792e-01
1.071252e-01
1.072090e-01
1.072400e-01
1.073414e-01
1.074224e-01
1.074354e-01
1.075265e-01
1.075466e-01
1.076292e-01
1.076797e-01
1.077194e-01
1.078140e-01
1.079290e-01
1.079558e-01
1.080086e-01
1.081256e-01
1.081315e-01
1.081748e-01
1.082241e-01
1.082563e-01
1.083474e-01
1.084198e-01
1.085152e-01
1.085229e-01
1.085645e-01
1.086814e-01
1.087125e-01
1.087669e-01
1.088297e-01
1.088655e-01
1.088924e-01
1.089498e-01
1.090768e-01
1.091129e-01
1.091759e-01
1.091959e-01
1.092650e-01
1.092806e-01
1.093824e-01
1.094191e-01
1.094844e-01
1.095217e-01
1.096190e-01
1.096478e-01
1.096770e-01
1.097405e-01
1.098059e-01
1.098268e-01
1.099383e-01
1.099799e-01
1.100669e-01
1.101167e-01
1.102128e-01
1.102709e-01
1.103166e-01
1.103374e-01
1.103976e-01
1.104512e-01
1.104683e-01
1.105716e-01
1.105977e-01
1.106824e-01
1.107310e-01
1.107612e-01
1.108207e-01
1.108801e-01
1.109092e-01
1.110333e-01
1.110600e-01
1.110808e-01
1.111878e-01
1.113232e-01
1.113403e-01
1.113937e-01
1.114727e-01
1.114995e-01
1.115461e-01
1.116631e-01
1.117175e-01
1.117723e-01
1.118060e-01
1.118587e-01
1.118978e-01
1.118982e-01
1.119791e-01
1.120505e-01
1.121077e-01
1.121963e-01
1.122170e-01
1.122653e-01
1.122952e-01
1.123976e-01
1.124547e-01
1.124801e-01
1.125548e-01
1.126226e-01
1.127328e-01
1.127662e-01
1.128014e-01
1.128357e-01
1.128752e-01
1.129912e-01
1.130020e-01
1.131322e-01
1.131518e-01
1.132300e-01
1.132658e-01
1.132952e-01
1.133367e-01
1.134093e-01
1.134460e-01
1.135085e-01
1.135831e-01
1.136421e-01
1.136767e-01
1.137647e-01
1.137747e-01
1.137884e-01
1.138956e-01
1.139505e-01
1.140544e-01
1.141167e-01
1.142258e-01
1.143085e-01
1.143299e-01
1.143997e-01
1.144399e-01
1.144843e-01
1.145470e-01
1.146615e-01
1.147189e-01
1.147583e-01
1.147775e-01
1.148114e-01
1.148604e-01
1.149422e-01
1.149990e-01
1.150500e-01
1.150792e-01
1.151562e-01
1.151895e-01
1.152119e-01
1.152948e-01
1.153213e-01
1.154086e-01
1.154414e-01
1.154481e-01
1.155349e-01
1.155619e-01
1.156181e-01
1.156939e-01
1.158013e-01
1.159075e-01
1.159631e-01
1.160154e-01
1.160770e-01
1.161388e-01
1.161871e-01
1.162610e-01
1.163694e-01
1.164171e-01
1.165026e-01
1.165562e-01
1.166193e-01
1.166486e-01
1.167514e-01
1.168267e-01
1.169146e-01
1.170105e-01
1.170676e-01
1.170774e-01
1.171396e-01
1.171906e-01
1.172852e-01
1.173420e-01
1.173541e-01
1.174067e-01
1.175090e-01
1.175671e-01
1.176294e-01
1.176934e-01
1.177287e-01
1.178160e-01
1.178554e-01
1.178755e-01
1.179612e-01
1.180103e-01
1.180731e-01
1.181027e-01
1.181513e-01
1.181749e-01
1.182718e-01
1.183217e-01
1.183880e-01
1.184227e-01
1.184999e-01
1.185461e-01
1.185876e-01
1.186281e-01
1.187644e-01
1.187714e-01
1.188224e-01
1.188992e-01
1.189068e-01
1.189511e-01
1.190087e-01
1.190918e-01
1.191606e-01
1.191926e-01
1.192672e-01
1.193686e-01
1.194776e-01
1.194887e-01
1.195292e-01
1.195588e-01
1.196433e-01
1.196990e-01
1.197441e-01
1.197686e-01
1.198672e-01
1.199085e-01
1.199532e-01
1.200107e-01
1.200774e-01
1.201518e-01
1.202151e-01
1.203069e-01
1.203332e-01
1.204691e-01
1.204840e-01
1.205119e-01
1.206167e-01
1.206538e-01
1.206953e-01
1.207695e-01
1.207751e-01
1.208987e-01
1.209378e-01
1.209872e-01
1.210459e-01
1.211256e-01
1.211277e-01
1.211824e-01
1.212260e-01
1.213183e-01
1.213711e-01
1.214762e-01
1.215348e-01
1.215964e-01
1.216586e-01
1.217360e-01
1.218271e-01
1.218654e-01
1.219121e-01
1.219525e-01
1.219974e-01
1.220534e-01
1.221254e-01
1.221658e-01
1.222145e-01
1.222794e-01
1.223166e-01
1.224080e-01
1.224571e-01
1.224850e-01
1.226006e-01
1.226294e-01
1.227575e-01
1.227845e-01
1.228397e-01
1.229602e-01
1.230055e-01
1.230358e-01
1.230771e-01
1.231005e-01
1.231345e-01
1.232207e-01
1.233456e-01
1.233981e-01
1.234433e-01
1.234736e-01
1.235236e-01
1.236197e-01
1.236434e-01
1.236701e-01
1.237368e-01
1.238197e-01
1.238291e-01
1.239429e-01
1.239936e-01
1.240320e-01
1.241235e-01
1.242096e-01
1.242640e-01
1.243502e-01
1.243702e-01
1.244334e-01
1.244645e-01
1.244910e-01
1.246088e-01
1.246544e-01
1.246821e-01
1.247629e-01
1.248294e-01
1.249765e-01
1.249973e-01
1.250143e-01
1.250903e-01
1.251503e-01
1.251815e-01
1.252210e-01
1.253257e-01
1.253874e-01
1.254324e-01
1.255208e-01
1.255458e-01
1.255823e-01
1.256182e-01
1.256562e-01
1.257519e-01
1.258743e-01
1.259709e-01
1.259995e-01
1.260763e-01
1.261312e-01
1.261929e-01
1.262540e-01
1.263198e-01
1.263330e-01
1.264738e-01
1.264831e-01
1.265439e-01
1.266321e-01
1.266588e-01
1.267201e-01
1.267799e-01
1.268379e-01
1.268976e-01
1.269298e-01
1.269534e-01
1.270380e-01
1.270790e-01
1.271385e-01
1.271628e-01
1.272414e-01
1.273154e-01
1.273872e-01
1.274533e-01
1.275012e-01
1.276274e-01
1.276373e-01
1.276898e-01
1.277337e-01
1.278243e-01
1.278806e-01
1.278920e-01
1.279285e-01
1.280644e-01
1.281494e-01
1.282043e-01
1.282464e-01
1.282487e-01
1.283793e-01
1.283959e-01
1.284567e-01
1.284877e-01
1.285634e-01
1.286370e-01
1.287034e-01
1.287335e-01
1.288020e-01
1.288309e-01
1.289016e-01
1.290070e-01
1.290125e-01
1.291344e-01
1.291734e-01
1.292264e-01
1.293231e-01
1.293479e-01
1.294351e-01
1.295268e-01
1.295756e-01
1.296294e-01
1.296330e-01
1.296649e-01
1.297293e-01
1.297677e-01
1.298318e-01
1.298966e-01
1.299358e-01
1.299589e-01
1.301015e-01
1.301535e-01
1.302368e-01
1.302810e-01
1.303858e-01
1.304160e-01
1.304497e-01
1.304872e-01
1.306071e-01
1.306464e-01
1.306858e-01
1.307664e-01
1.308420e-01
1.309134e-01
1.309308e-01
1.310323e-01
1.310690e-01
1.310954e-01
1.312100e-01
1.312582e-01
1.313060e-01
1.313533e-01
1.314073e-01
1.314340e-01
1.315222e-01
1.315533e-01
1.316342e-01
1.317131e-01
1.317893e-01
1.318216e-01
1.318691e-01
1.319067e-01
1.319512e-01
1.319668e-01
1.320779e-01
1.321226e-01
1.321626e-01
1.322432e-01
1.322941e-01
1.323230e-01
1.323850e-01
1.324315e-01
1.324738e-01
1.325131e-01
1.326011e-01
1.326312e-01
1.327108e-01
1.327442e-01
1.328233e-01
1.329072e-01
1.329637e-01
1.330118e-01
1.330398e-01
1.330558e-01
1.331800e-01
1.331961e-01
1.333231e-01
1.333446e-01
1.334229e-01
1.334480e-01
1.335025e-01
1.335115e-01
1.335759e-01
1.336774e-01
1.337233e-01
1.337636e-01
1.338245e-01
1.338789e-01
1.338979e-01
1.339920e-01
1.340320e-01
1.340981e-01
1.341340e-01
1.341925e-01
1.342632e-01
1.343430e-01
1.343841e-01
1.345029e-01
1.345396e-01
1.345758e-01
1.346601e-01
1.347204e-01
1.347573e-01
1.348314e-01
1.349150e-01
1.349735e-01
1.349933e-01
1.350388e-01
1.350737e-01
1.351347e-01
1.351805e-01
1.353227e-01
1.353562e-01
1.354059e-01
1.354863e-01
1.354942e-01
1.355566e-01
1.356559e-01
1.357200e-01
1.357683e-01
1.358016e-01
1.358544e-01
1.358890e-01
1.359664e-01
1.360385e-01
1.360439e-01
1.361173e-01
1.361588e-01
1.362160e-01
1.362623e-01
1.363362e-01
1.363810e-01
1.364562e-01
1.364934e-01
1.365781e-01
1.366152e-01
1.366776e-01
1.367175e-01
1.367639e-01
1.367915e-01
1.368684e-01
1.369153e-01
1.370220e-01
1.370584e-01
1.371037e-01
1.371395e-01
1.371511e-01
1.372433e-01
1.373190e-01
1.373913e-01
1.374472e-01
1.374801e-01
1.375750e-01
1.376529e-01
1.376785e-01
1.377103e-01
1.377783e-01
1.378404e-01
1.378793e-01
1.379466e-01
1.379742e-01
1.381078e-01
1.381955e-01
1.382248e-01
1.383035e-01
1.383218e-01
1.383526e-01
1.384782e-01
1.385418e-01
1.385804e-01
1.386577e-01
1.387423e-01
1.387776e-01
1.388079e-01
1.388176e-01
1.389016e-01
1.389293e-01
1.389689e-01
1.390313e-01
1.391108e-01
1.391742e-01
1.392219e-01
1.392877e-01
1.393478e-01
1.393921e-01
1.394138e-01
1.394989e-01
1.395003e-01
1.395861e-01
1.396259e-01
1.397660e-01
1.397819e-01
1.397825e-01
1.398509e-01
1.399057e-01
1.400007e-01
1.400494e-01
1.401116e-01
1.401430e-01
1.401762e-01
1.402484e-01
1.403078e-01
1.403900e-01
1.404734e-01
1.405063e-01
1.405604e-01
1.406513e-01
1.407197e-01
1.407578e-01
1.408243e-01
1.408735e-01
1.409250e-01
1.409448e-01
1.409710e-01
1.410593e-01
1.411546e-01
1.411834e-01
1.412510e-01
1.412897e-01
1.413348e-01
1.413760e-01
1.413931e-01
1.414450e-01
1.415259e-01
1.415533e-01
1.416080e-01
1.417282e-01
1.418066e-01
1.418991e-01
1.419511e-01
1.419772e-01
1.419987e-01
1.420554e-01
1.421211e-01
1.422003e-01
1.423151e-01
1.423202e-01
1.423408e-01
1.424587e-01
1.425088e-01
1.425934e-01
1.426595e-01
1.427137e-01
1.427599e-01
1.427846e-01
1.428780e-01
1.429428e-01
1.429882e-01
1.430178e-01
1.430393e-01
1.431441e-01
1.432068e-01
1.432559e-01
1.433234e-01
1.433953e-01
1.434551e-01
1.434675e-01
1.435197e-01
1.435531e-01
1.436668e-01
1.436829e-01
1.437807e-01
1.437857e-01
1.438332e-01
1.439377e-01
1.439873e-01
1.440472e-01
1.441649e-01
1.441925e-01
1.442144e-01
1.442568e-01
1.443360e-01
1.444298e-01
1.444580e-01
1.444810e-01
1.445605e-01
1.445816e-01
1.446550e-01
1.447406e-01
1.447542e-01
1.448436e-01
1.448813e-01
1.449687e-01
1.450029e-01
1.450486e-01
1.451005e-01
1.451447e-01
1.452074e-01
1.452449e-01
1.453086e-01
1.453431e-01
1.453853e-01
1.454220e-01
1.455012e-01
1.455375e-01
1.456455e-01
1.457093e-01
1.457349e-01
1.457492e-01
1.458292e-01
1.458831e-01
1.459475e-01
1.460328e-01
1.460522e-01
1.461204e-01
1.461508e-01
1.461987e-01
1.462548e-01
1.463659e-01
1.463969e-01
1.464259e-01
1.465004e-01
1.465447e-01
1.467003e-01
1.467139e-01
1.467267e-01
1.467515e-01
1.468494e-01
1.468881e-01
1.469351e-01
1.469822e-01
1.470017e-01
1.471375e-01
1.472030e-01
1.472071e-01
1.472612e-01
1.472936e-01
1.473878e-01
1.474576e-01
1.475421e-01
1.475606e-01
1.476107e-01
1.476859e-01
1.477176e-01
1.477869e-01
1.478357e-01
1.478620e-01
1.479748e-01
1.480332e-01
1.480704e-01
1.481512e-01
1.482167e-01
1.482555e-01
1.482968e-01
1.483470e-01
1.483933e-01
1.484141e-01
1.485054e-01
1.485553e-01
1.486078e-01
1.487161e-01
1.487307e-01
1.487683e-01
1.488390e-01
1.489028e-01
1.489944e-01
1.490326e-01
1.490802e-01
1.490944e-01
1.491437e-01
1.491834e-01
1.492478e-01
1.493114e-01
1.494025e-01
1.494222e-01
1.494553e-01
1.495072e-01
1.495776e-01
1.495985e-01
1.497456e-01
1.497674e-01
1.497985e-01
1.498227e-01
1.498793e-01
1.499033e-01
1.499668e-01
1.499852e-01
1.500665e-01
1.501601e-01
1.502304e-01
1.502570e-01
1.502904e-01
1.503399e-01
1.503756e-01
1.504679e-01
1.504890e-01
1.505335e-01
1.505598e-01
1.506436e-01
1.507528e-01
1.507731e-01
1.508220e-01
1.508862e-01
1.509023e-01
1.510077e-01
1.510996e-01
1.511261e-01
1.511536e-01
1.511940e-01
1.512343e-01
1.513102e-01
1.513514e-01
1.514493e-01
1.514954e-01
1.515425e-01
1.515555e-01
1.515640e-01
1.516327e-01
1.516750e-01
1.517503e-01
1.518141e-01
1.518793e-01
1.519372e-01
1.519719e-01
1.520049e-01
1.520722e-01
1.521634e-01
1.522190e-01
1.522603e-01
1.522786e-01
1.523279e-01
1.523727e-01
1.524360e-01
1.525075e-01
1.525262e-01
1.525762e-01
1.525990e-01
1.526445e-01
1.527643e-01
1.527955e-01
1.528263e-01
1.528854e-01
1.529401e-01
1.529934e-01
1.530656e-01
1.531320e-01
1.531715e-01
1.532493e-01
1.532656e-01
1.533108e-01
1.534229e-01
1.534368e-01
1.534776e-01
1.535033e-01
1.535634e-01
1.536767e-01
1.537044e-01
1.537556e-01
1.538510e-01
1.538768e-01
1.539198e-01
1.539494e-01
1.540289e-01
1.540579e-01
1.541388e-01
1.541969e-01
1.542375e-01
1.543041e-01
1.543107e-01
1.543532e-01
1.543798e-01
1.544167e-01
1.545134e-01
1.545954e-01
1.546183e-01
1.547682e-01
1.547737e-01
1.548522e-01
1.549263e-01
1.549552e-01
1.549921e-01
1.550244e-01
1.550746e-01
1.551090e-01
1.552379e-01
1.552875e-01
1.553209e-01
1.553853e-01
1.554354e-01
1.554830e-01
1.555474e-01
1.555838e-01
1.556439e-01
1.557086e-01
1.557355e-01
1.558307e-01
1.558408e-01
1.559062e-01
1.559339e-01
1.559913e-01
1.561044e-01
1.561540e-01
1.561652e-01
1.562128e-01
1.562802e-01
1.563919e-01
1.564200e-01
1.564843e-01
1.565010e-01
1.565986e-01
1.566281e-01
1.566614e-01
1.566967e-01
1.567617e-01
1.568385e-01
1.568669e-01
1.569113e-01
1.569475e-01
1.570538e-01
1.570973e-01
1.571125e-01
1.571792e-01
1.571977e-01
1.572593e-01
1.573483e-01
1.573923e-01
1.574217e-01
1.574598e-01
1.575326e-01
1.576557e-01
1.576825e-01
1.577361e-01
1.578017e-01
1.578098e-01
1.578713e-01
1.579024e-01
1.579533e-01
1.580655e-01
1.581516e-01
1.582103e-01
1.583101e-01
1.583488e-01
1.583977e-01
1.584778e-01
1.585187e-01
1.585884e-01
1.586025e-01
1.586305e-01
1.586966e-01
1.587169e-01
1.587797e-01
1.588269e-01
1.589412e-01
1.589623e-01
1.590252e-01
1.590913e-01
1.591350e-01
1.591568e-01
1.591786e-01
1.592698e-01
1.593209e-01
1.593570e-01
1.593784e-01
1.595070e-01
1.595573e-01
1.596090e-01
1.596263e-01
1.596894e-01
1.597097e-01
1.597809e-01
1.598335e-01
1.599282e-01
1.599783e-01
1.599945e-01
1.600527e-01
1.601406e-01
1.601773e-01
1.602362e-01
1.602515e-01
1.602671e-01
1.603458e-01
1.604434e-01
1.604795e-01
1.605132e-01
1.605283e-01
1.606243e-01
1.606685e-01
1.607323e-01
1.607537e-01
1.607819e-01
1.608214e-01
1.609311e-01
1.610233e-01
1.610437e-01
1.610601e-01
1.611721e-01
1.611898e-01
1.612421e-01
1.612863e-01
1.613416e-01
1.614065e-01
1.614281e-01
1.615063e-01
1.615378e-01
1.615704e-01
1.616260e-01
1.616651e-01
1.616977e-01
1.617138e-01
1.618461e-01
1.618674e-01
1.619904e-01
1.620141e-01
1.620647e-01
1.621245e-01
1.621611e-01
1.622130e-01
1.622460e-01
1.622728e-01
1.623973e-01
1.624651e-01
1.625032e-01
1.625795e-01
1.625883e-01
1.626301e-01
1.626759e-01
1.627512e-01
1.627978e-01
1.628579e-01
1.628755e-01
1.629590e-01
1.630349e-01
1.630725e-01
1.631227e-01
1.631472e-01
1.631788e-01
1.632696e-01
1.633049e-01
1.633630e-01
1.633697e-01
1.634002e-01
1.635020e-01
1.635352e-01
1.635699e-01
1.636420e-01
1.637118e-01
1.637443e-01
1.637661e-01
1.638386e-01
1.638545e-01
1.639056e-01
1.639432e-01
1.640090e-01
1.640721e-01
1.641206e-01
1.641766e-01
1.642585e-01
1.642889e-01
1.643188e-01
1.644171e-01
1.644821e-01
1.645122e-01
1.646505e-01
1.646687e-01
1.647102e-01
1.647966e-01
1.648739e-01
1.649248e-01
1.650087e-01
1.650362e-01
1.650459e-01
1.650774e-01
1.651142e-01
1.651645e-01
1.652150e-01
1.652655e-01
1.653802e-01
1.653923e-01
1.654242e-01
1.655649e-01
1.655944e-01
1.656144e-01
1.656649e-01
1.656989e-01
1.657144e-01
1.658417e-01
1.658694e-01
1.659497e-01
1.659751e-01
1.660891e-01
1.660898e-01
1.661401e-01
1.662078e-01
1.662423e-01
1.663028e-01
1.663293e-01
1.663632e-01
1.664565e-01
1.664855e-01
1.665016e-01
1.665976e-01
1.666241e-01
1.667160e-01
1.667733e-01
1.668267e-01
1.668516e-01
1.668816e-01
1.669277e-01
1.669550e-01
1.670307e-01
1.670786e-01
1.671953e-01
1.672411e-01
1.673217e-01
1.673554e-01
1.673998e-01
1.674655e-01
1.675021e-01
1.675321e-01
1.675692e-01
1.676236e-01
1.676570e-01
1.677319e-01
1.677413e-01
1.677819e-01
1.678943e-01
1.679531e-01
1.680154e-01
1.680627e-01
1.681097e-01
1.681555e-01
1.681833e-01
1.682122e-01
1.682532e-01
1.682920e-01
1.683322e-01
1.683601e-01
1.684802e-01
1.684845e-01
1.685278e-01
1.686288e-01
1.686694e-01
1.687282e-01
1.688040e-01
1.688204e-01
1.688404e-01
1.688965e-01
1.689389e-01
1.690079e-01
1.690323e-01
1.691114e-01
1.691519e-01
1.692091e-01
1.692489e-01
1.693484e-01
1.693806e-01
1.694167e-01
1.695124e-01
1.695884e-01
1.696127e-01
1.696223e-01
1.696697e-01
1.696858e-01
1.697501e-01
1.697928e-01
1.698435e-01
1.699118e-01
1.700181e-01
1.700492e-01
1.701116e-01
1.701412e-01
1.701606e-01
1.702080e-01
1.702652e-01
1.703159e-01
1.703514e-01
1.704445e-01
1.704841e-01
1.705222e-01
1.705983e-01
1.706556e-01
1.706730e-01
1.707062e-01
1.707894e-01
1.708290e-01
1.708625e-01
1.709093e-01
1.709359e-01
1.709974e-01
1.710495e-01
1.711090e-01
1.711417e-01
1.711932e-01
1.712387e-01
1.713702e-01
1.713977e-01
1.714752e-01
1.715235e-01
1.715825e-01
1.716058e-01
1.716444e-01
1.716557e-01
1.717590e-01
1.718160e-01
1.718428e-01
1.719178e-01
1.719552e-01
1.720143e-01
1.720434e-01
1.720664e-01
1.721612e-01
1.721917e-01
1.722626e-01
1.723011e-01
1.723611e-01
1.723912e-01
1.724346e-01
1.725100e-01
1.725694e-01
1.726098e-01
1.726472e-01
1.727101e-01
1.728394e-01
1.728427e-01
1.728935e-01
1.729423e-01
1.729973e-01
1.730701e-01
1.731107e-01
1.731299e-01
1.731495e-01
1.732077e-01
1.732526e-01
1.733285e-01
1.733381e-01
1.733673e-01
1.734336e-01
1.734972e-01
1.735277e-01
1.735857e-01
1.736422e-01
1.736765e-01
1.737575e-01
1.738138e-01
1.738688e-01
1.738937e-01
1.739293e-01
1.740052e-01
1.740076e-01
1.740821e-01
1.741163e-01
1.741836e-01
1.742265e-01
1.742904e-01
1.743427e-01
1.743715e-01
1.744288e-01
1.744411e-01
1.745187e-01
1.745495e-01
1.745934e-01
1.746424e-01
1.746525e-01
1.747378e-01
1.747746e-01
1.748770e-01
1.749035e-01
1.749174e-01
1.750077e-01
1.750611e-01
1.751401e-01
1.751794e-01
1.752362e-01
1.752652e-01
1.753900e-01
1.754536e-01
1.754795e-01
1.755014e-01
1.755382e-01
1.755864e-01
1.756112e-01
1.756857e-01
1.757192e-01
1.757693e-01
1.758368e-01
1.758585e-01
1.759437e-01
1.759612e-01
1.760218e-01
1.760429e-01
1.761212e-01
1.761587e-01
1.762207e-01
1.762647e-01
1.762895e-01
1.763192e-01
1.764124e-01
1.764381e-01
1.764653e-01
1.765411e-01
1.765936e-01
1.766542e-01
1.767201e-01
1.767245e-01
1.767669e-01
1.768053e-01
1.768713e-01
1.769205e-01
1.770063e-01
1.770128e-01
1.770722e-01
1.771261e-01
1.771291e-01
1.771924e-01
1.772871e-01
1.773201e-01
1.774214e-01
1.774677e-01
1.775082e-01
1.775559e-01
1.775714e-01
1.776002e-01
1.776844e-01
1.777015e-01
1.777492e-01
1.777832e-01
1.778273e-01
1.778563e-01
1.778975e-01
1.779669e-01
1.780536e-01
1.780896e-01
1.780952e-01
1.781576e-01
1.781984e-01
1.783125e-01
1.783813e-01
1.784533e-01
1.784587e-01
1.785061e-01
1.785491e-01
1.786178e-01
1.786289e-01
1.786614e-01
1.787141e-01
1.787358e-01
1.787644e-01
1.788341e-01
1.789163e-01
1.789509e-01
1.789829e-01
1.790537e-01
1.791080e-01
1.791538e-01
1.791899e-01
1.792302e-01
1.792525e-01
1.793687e-01
1.793927e-01
1.794983e-01
1.795639e-01
1.795792e-01
1.796187e-01
1.796439e-01
1.797181e-01
1.797499e-01
1.797750e-01
1.798064e-01
1.798515e-01
1.799095e-01
1.799934e-01
1.800120e-01
1.800378e-01
1.801408e-01
1.801698e-01
1.802242e-01
1.802514e-01
1.803175e-01
1.803677e-01
1.803772e-01
1.804186e-01
1.804967e-01
1.805708e-01
1.806355e-01
1.807323e-01
1.807461e-01
1.807922e-01
1.808364e-01
1.808497e-01
1.808908e-01
1.809196e-01
1.810004e-01
1.810173e-01
1.811270e-01
1.811856e-01
1.812202e-01
1.812728e-01
1.813418e-01
1.813840e-01
1.814180e-01
1.814918e-01
1.815371e-01
1.815504e-01
1.815935e-01
1.816846e-01
1.817147e-01
1.817773e-01
1.818043e-01
1.818372e-01
1.818618e-01
1.819180e-01
1.819929e-01
1.820330e-01
1.820580e-01
1.821324e-01
1.821517e-01
1.821731e-01
1.822435e-01
1.822661e-01
1.823313e-01
1.823851e-01
1.824027e-01
1.824969e-01
1.825198e-01
1.825940e-01
1.826344e-01
1.826743e-01
1.827652e-01
1.827829e-01
1.828434e-01
1.828983e-01
1.829366e-01
1.830048e-01
1.830737e-01
1.830838e-01
1.831038e-01
1.831797e-01
1.832516e-01
1.832707e-01
1.833280e-01
1.833357e-01
1.834067e-01
1.834600e-01
1.835400e-01
1.835881e-01
1.836515e-01
1.836932e-01
1.837109e-01
1.837604e-01
1.837987e-01
1.838311e-01
1.839611e-01
1.839997e-01
1.840238e-01
1.840660e-01
1.841157e-01
1.841617e-01
1.842428e-01
1.843000e-01
1.843266e-01
1.843870e-01
1.844332e-01
1.844468e-01
1.845089e-01
1.845179e-01
1.845687e-01
1.846005e-01
1.846342e-01
1.847286e-01
1.847842e-01
1.848078e-01
1.848752e-01
1.849303e-01
1.849437e-01
1.849891e-01
1.850512e-01
1.851175e-01
1.851458e-01
1.851911e-01
1.852514e-01
1.852687e-01
1.853265e-01
1.853818e-01
1.854367e-01
1.854702e-01
1.855223e-01
1.855275e-01
1.855757e-01
1.856345e-01
1.857435e-01
1.857671e-01
1.857982e-01
1.858288e-01
1.858982e-01
1.859205e-01
1.859417e-01
1.860283e-01
1.861088e-01
1.861287e-01
1.861522e-01
1.862555e-01
1.862958e-01
1.863124e-01
1.863579e-01
1.863787e-01
1.864327e-01
1.864684e-01
1.865451e-01
1.865674e-01
1.865979e-01
1.866318e-01
1.866970e-01
1.867102e-01
1.867998e-01
1.868799e-01
1.869236e-01
1.869930e-01
1.870309e-01
1.870581e-01
1.871006e-01
1.871284e-01
1.871930e-01
1.872047e-01
1.872525e-01
1.873540e-01
1.874064e-01
1.874423e-01
1.874628e-01
1.875167e-01
1.875469e-01
1.875909e-01
1.876910e-01
1.877214e-01
1.877720e-01
1.878403e-01
1.878704e-01
1.878897e-01
1.879290e-01
1.880188e-01
1.880692e-01
1.881266e-01
1.882427e-01
1.882682e-01
1.882903e-01
1.883428e-01
1.883560e-01
1.883916e-01
1.884591e-01
1.885081e-01
1.885569e-01
1.886128e-01
1.886341e-01
1.887101e-01
1.887702e-01
1.888140e-01
1.888612e-01
1.889026e-01
1.889624e-01
1.890108e-01
1.890854e-01
1.891801e-01
1.892109e-01
1.892448e-01
1.892598e-01
1.893156e-01
1.893759e-01
1.893849e-01
1.894431e-01
1.894573e-01
1.894904e-01
1.895328e-01
1.896377e-01
1.896638e-01
1.896702e-01
1.897495e-01
1.897831e-01
1.898626e-01
1.899241e-01
1.899573e-01
1.900000e-01
1.900789e-01
1.901316e-01
1.901696e-01
1.902432e-01
1.902579e-01
1.902794e-01
1.903358e-01
1.903785e-01
1.904666e-01
1.904906e-01
1.905519e-01
1.906113e-01
1.906240e-01
1.907109e-01
1.907881e-01
1.908384e-01
1.909001e-01
1.909337e-01
1.909615e-01
1.909901e-01
1.910394e-01
1.911036e-01
1.911194e-01
1.911804e-01
1.912447e-01
1.913022e-01
1.913184e-01
1.913436e-01
1.914062e-01
1.914677e-01
1.915094e-01
1.915295e-01
1.916025e-01
1.916501e-01
1.917549e-01
1.917966e-01
1.918440e-01
1.918519e-01
1.918802e-01
1.919138e-01
1.919381e-01
1.920423e-01
1.920967e-01
1.921332e-01
1.921811e-01
1.922486e-01
1.922838e-01
1.923704e-01
1.923941e-01
1.924106e-01
1.924846e-01
1.925215e-01
1.925423e-01
1.925991e-01
1.926425e-01
1.926770e-01
1.927038e-01
1.927248e-01
1.928125e-01
1.928681e-01
1.929057e-01
1.929452e-01
1.929907e-01
1.930125e-01
1.930810e-01
1.931423e-01
1.932113e-01
1.933044e-01
1.933309e-01
1.933623e-01
1.933966e-01
1.934107e-01
1.934824e-01
1.935139e-01
1.935597e-01
1.935961e-01
1.937161e-01
1.937459e-01
1.937516e-01
1.938388e-01
1.938491e-01
1.939536e-01
1.939811e-01
1.939927e-01
1.940753e-01
1.941032e-01
1.941373e-01
1.941857e-01
1.942044e-01
1.942601e-01
1.942879e-01
1.943576e-01
1.943967e-01
1.944526e-01
1.944957e-01
1.945110e-01
1.946386e-01
1.946462e-01
1.947019e-01
1.947158e-01
1.948037e-01
1.948343e-01
1.949193e-01
1.949285e-01
1.949475e-01
1.950305e-01
1.950872e-01
1.951229e-01
1.952246e-01
1.952588e-01
1.952918e-01
1.953094e-01
1.953546e-01
1.954102e-01
1.954839e-01
1.955280e-01
1.955677e-01
1.956430e-01
1.956658e-01
1.957009e-01
1.957489e-01
1.958380e-01
1.958640e-01
1.958806e-01
1.959244e-01
1.959745e-01
1.960331e-01
1.960747e-01
1.961348e-01
1.962133e-01
1.962619e-01
1.962746e-01
1.963175e-01
1.964071e-01
1.964181e-01
1.965042e-01
1.965553e-01
1.966036e-01
1.966537e-01
1.966808e-01
1.967697e-01
1.968109e-01
1.968449e-01
1.968723e-01
1.968851e-01
1.969276e-01
1.969553e-01
1.970690e-01
1.971034e-01
1.971205e-01
1.971463e-01
1.972439e-01
1.972895e-01
1.973855e-01
1.974386e-01
1.974812e-01
1.975368e-01
1.975571e-01
1.976045e-01
1.976351e-01
1.976927e-01
1.977354e-01
1.978268e-01
1.978589e-01
1.978959e-01
1.979582e-01
1.979834e-01
1.980501e-01
1.980848e-01
1.981201e-01
1.981663e-01
1.982081e-01
1.982355e-01
1.982834e-01
1.983212e-01
1.984012e-01
1.984476e-01
1.984796e-01
1.985380e-01
1.986033e-01
1.986566e-01
1.986773e-01
1.987588e-01
1.987738e-01
1.987910e-01
1.988378e-01
1.989418e-01
1.989793e-01
1.990294e-01
1.990896e-01
1.991207e-01
1.991739e-01
1.991976e-01
1.992784e-01
1.993060e-01
1.993411e-01
1.993807e-01
1.994816e-01
1.995188e-01
1.995723e-01
1.996125e-01
1.996235e-01
1.996498e-01
1.997196e-01
1.998169e-01
1.998628e-01
1.999476e-01
1.999754e-01
1.999845e-01
2.000410e-01
2.001032e-01
2.001733e-01
2.002249e-01
2.002871e-01
2.003205e-01
2.003584e-01
2.003872e-01
2.004059e-01
2.004320e-01
2.004756e-01
2.005568e-01
2.006487e-01
2.006941e-01
2.007351e-01
2.007731e-01
2.007867e-01
2.008431e-01
2.009120e-01
2.009450e-01
2.009843e-01
2.010122e-01
2.010793e-01
2.011330e-01
2.011572e-01
2.011979e-01
2.013030e-01
2.013291e-01
2.013742e-01
2.014057e-01
2.014586e-01
2.015083e-01
2.015645e-01
2.016112e-01
2.016416e-01
2.016827e-01
2.017509e-01
2.017923e-01
2.018353e-01
2.018952e-01
2.018968e-01
2.019613e-01
2.020115e-01
2.020469e-01
2.020785e-01
2.021492e-01
2.022322e-01
2.022422e-01
2.022760e-01
2.023210e-01
2.023494e-01
2.024202e-01
2.024406e-01
2.025547e-01
2.026508e-01
2.026943e-01
2.027185e-01
2.027808e-01
2.028243e-01
2.028611e-01
2.029077e-01
2.029827e-01
2.030116e-01
2.030662e-01
2.031431e-01
2.031764e-01
2.032090e-01
2.032642e-01
2.032790e-01
2.033464e-01
2.033937e-01
2.034606e-01
2.035350e-01
2.035823e-01
2.036378e-01
2.036668e-01
2.037068e-01
2.037220e-01
2.037647e-01
2.038300e-01
2.038835e-01
2.039246e-01
2.039696e-01
2.040062e-01
2.040643e-01
2.041088e-01
2.041406e-01
2.041906e-01
2.042081e-01
2.042983e-01
2.043111e-01
2.043842e-01
2.044241e-01
2.044884e-01
2.045525e-01
2.045951e-01
2.046070e-01
2.046394e-01
2.046774e-01
2.047607e-01
2.048119e-01
2.048251e-01
2.049255e-01
2.049586e-01
2.049907e-01
2.050322e-01
2.050573e-01
2.051450e-01
2.051635e-01
2.051942e-01
2.052748e-01
2.053281e-01
2.053668e-01
2.054469e-01
2.055026e-01
2.055970e-01
2.056069e-01
2.056520e-01
2.057278e-01
2.057668e-01
2.058111e-01
2.058434e-01
2.058698e-01
2.059055e-01
2.059771e-01
2.060149e-01
2.060766e-01
2.061358e-01
2.061977e-01
2.062809e-01
2.063684e-01
2.064041e-01
2.064066e-01
2.064553e-01
2.064896e-01
2.065695e-01
2.066050e-01
2.066414e-01
2.066683e-01
2.066755e-01
2.067189e-01
2.068159e-01
2.068395e-01
2.068878e-01
2.069441e-01
2.069871e-01
2.070225e-01
2.070541e-01
2.071828e-01
2.072147e-01
2.072451e-01
2.072491e-01
2.073372e-01
2.073675e-01
2.074138e-01
2.074702e-01
2.074864e-01
2.075498e-01
2.075994e-01
2.077252e-01
2.077397e-01
2.077863e-01
2.078340e-01
2.079018e-01
2.079150e-01
2.079638e-01
2.080191e-01
2.080318e-01
2.081441e-01
2.081577e-01
2.081649e-01
2.082436e-01
2.082886e-01
2.083389e-01
2.084109e-01
2.084624e-01
2.084877e-01
2.085204e-01
2.085616e-01
2.086171e-01
2.086417e-01
2.087061e-01
2.087110e-01
2.087583e-01
2.088227e-01
2.089026e-01
2.089723e-01
2.090052e-01
2.090430e-01
2.090865e-01
2.091801e-01
2.092127e-01
2.092472e-01
2.092962e-01
2.093266e-01
2.093563e-01
2.093812e-01
2.094765e-01
2.094937e-01
2.095427e-01
2.096545e-01
2.096863e-01
2.097323e-01
2.097559e-01
2.098229e-01
2.098694e-01
2.099508e-01
2.099694e-01
2.100233e-01
2.100610e-01
2.100704e-01
2.101955e-01
2.102639e-01
2.102822e-01
2.103221e-01
2.103623e-01
2.104404e-01
2.105349e-01
2.106231e-01
2.106459e-01
2.106719e-01
2.107231e-01
2.107857e-01
2.108172e-01
2.108532e-01
2.108923e-01
2.109226e-01
2.109832e-01
2.110074e-01
2.110443e-01
2.111015e-01
2.111213e-01
2.111698e-01
2.112659e-01
2.113143e-01
2.113232e-01
2.113906e-01
2.114650e-01
2.115009e-01
2.115123e-01
2.115938e-01
2.116272e-01
2.116508e-01
2.117043e-01
2.117284e-01
2.118301e-01
2.118509e-01
2.119126e-01
2.119297e-01
2.120240e-01
2.120517e-01
2.120996e-01
2.121397e-01
2.122072e-01
2.122497e-01
2.123137e-01
2.123464e-01
2.124060e-01
2.124364e-01
2.124805e-01
2.125440e-01
2.125672e-01
2.126364e-01
2.126581e-01
2.126604e-01
2.127078e-01
2.128236e-01
2.128738e-01
2.128997e-01
2.129464e-01
2.130282e-01
2.130788e-01
2.131368e-01
2.131941e-01
2.132473e-01
2.133022e-01
2.133175e-01
2.133688e-01
2.134299e-01
2.134958e-01
2.135081e-01
2.135674e-01
2.136036e-01
2.136548e-01
2.137605e-01
2.137793e-01
2.138262e-01
2.138813e-01
2.138977e-01
2.139288e-01
2.139608e-01
2.139985e-01
2.140832e-01
2.141367e-01
2.141682e-01
2.141912e-01
2.143085e-01
2.143182e-01
2.143495e-01
2.144313e-01
2.144711e-01
2.144990e-01
2.145203e-01
2.145560e-01
2.146422e-01
2.146666e-01
2.148136e-01
2.148404e-01
2.148757e-01
2.149323e-01
2.149801e-01
2.150491e-01
2.150783e-01
2.151515e-01
2.152019e-01
2.152226e-01
2.152568e-01
2.153040e-01
2.154141e-01
2.154247e-01
2.155025e-01
2.155481e-01
2.155795e-01
2.156010e-01
2.156382e-01
2.157138e-01
2.157249e-01
2.157735e-01
2.158585e-01
2.159016e-01
2.159216e-01
2.159365e-01
2.159820e-01
2.160498e-01
2.160964e-01
2.161185e-01
2.161420e-01
2.161983e-01
2.163607e-01
2.163763e-01
2.163797e-01
2.164467e-01
2.164848e-01
2.165556e-01
2.165728e-01
2.166319e-01
2.166671e-01
2.167015e-01
2.167803e-01
2.168038e-01
2.168946e-01
2.169201e-01
2.169754e-01
2.170028e-01
2.170437e-01
2.171170e-01
2.171559e-01
2.171802e-01
2.172601e-01
2.173216e-01
2.173637e-01
2.173967e-01
2.174825e-01
2.175476e-01
2.175900e-01
2.176183e-01
2.176766e-01
2.177196e-01
2.177814e-01
2.178377e-01
2.178716e-01
2.179029e-01
2.179652e-01
2.181301e-01
2.181526e-01
2.181979e-01
2.182309e-01
2.183046e-01
2.183235e-01
2.183862e-01
2.184171e-01
2.185149e-01
2.185761e-01
2.185867e-01
2.186373e-01
2.186763e-01
2.187533e-01
2.187867e-01
2.188023e-01
2.188595e-01
2.188890e-01
2.189099e-01
2.189851e-01
2.190058e-01
2.190872e-01
2.191198e-01
2.191351e-01
2.192437e-01
2.192683e-01
2.193268e-01
2.193727e-01
2.194221e-01
2.195068e-01
2.195574e-01
2.195803e-01
2.196186e-01
2.196835e-01
2.197200e-01
2.197418e-01
2.197775e-01
2.198051e-01
2.198546e-01
2.198799e-01
2.199406e-01
2.200650e-01
2.200812e-01
2.201285e-01
2.201717e-01
2.201902e-01
2.202142e-01
2.202621e-01
2.203581e-01
2.204198e-01
2.204291e-01
2.204946e-01
2.205058e-01
2.205494e-01
2.206243e-01
2.206647e-01
2.207529e-01
2.207743e-01
2.208363e-01
2.209251e-01
2.209682e-01
2.210203e-01
2.210815e-01
2.211521e-01
2.211656e-01
2.211901e-01
2.212572e-01
2.212695e-01
2.213331e-01
2.214503e-01
2.214673e-01
2.215348e-01
2.215635e-01
2.216299e-01
2.216532e-01
2.217068e-01
2.217754e-01
2.218086e-01
2.218445e-01
2.218711e-01
2.219617e-01
2.219770e-01
2.220093e-01
2.220801e-01
2.221342e-01
2.221730e-01
2.222216e-01
2.222598e-01
2.223502e-01
2.223771e-01
2.224870e-01
2.225109e-01
2.225776e-01
2.226304e-01
2.226529e-01
2.227067e-01
2.227830e-01
2.228287e-01
2.228767e-01
2.229144e-01
2.229863e-01
2.230435e-01
2.230991e-01
2.231505e-01
2.232137e-01
2.232580e-01
2.232860e-01
2.233523e-01
2.234042e-01
2.234674e-01
2.234941e-01
2.235812e-01
2.236112e-01
2.236386e-01
2.236940e-01
2.237134e-01
2.237946e-01
2.237993e-01
2.238988e-01
2.239437e-01
2.239834e-01
2.240112e-01
2.240282e-01
2.240898e-01
2.241797e-01
2.242113e-01
2.243137e-01
2.243355e-01
2.243952e-01
2.244088e-01
2.244375e-01
2.244849e-01
2.245864e-01
2.246273e-01
2.247002e-01
2.247023e-01
2.247707e-01
2.248245e-01
2.248646e-01
2.249255e-01
2.249513e-01
2.250407e-01
2.250932e-01
2.251091e-01
2.251597e-01
2.251986e-01
2.252358e-01
2.252729e-01
2.253465e-01
2.253817e-01
2.254667e-01
2.255452e-01
2.256050e-01
2.256552e-01
2.256955e-01
2.258037e-01
2.258187e-01
2.258936e-01
2.259172e-01
2.259479e-01
2.259761e-01
2.260842e-01
2.261048e-01
2.262162e-01
2.262718e-01
2.263067e-01
2.263184e-01
2.263599e-01
2.263904e-01
2.264451e-01
2.264819e-01
2.265279e-01
2.265337e-01
2.266674e-01
2.267367e-01
2.267463e-01
2.268101e-01
2.268330e-01
2.268532e-01
2.269631e-01
2.269979e-01
2.270294e-01
2.271118e-01
2.271377e-01
2.271617e-01
2.271755e-01
2.272997e-01
2.273340e-01
2.273602e-01
2.274329e-01
2.274433e-01
2.274932e-01
2.275447e-01
2.276194e-01
2.276404e-01
2.277120e-01
2.277475e-01
2.277758e-01
2.278929e-01
2.279237e-01
2.279671e-01
2.279967e-01
2.279999e-01
2.280882e-01
2.281845e-01
2.281882e-01
2.282220e-01
2.282936e-01
2.283546e-01
2.284254e-01
2.285169e-01
2.285208e-01
2.285556e-01
2.286357e-01
2.286659e-01
2.287249e-01
2.287821e-01
2.287886e-01
2.288641e-01
2.288817e-01
2.289433e-01
2.290070e-01
2.290522e-01
2.291310e-01
2.291754e-01
2.292454e-01
2.293013e-01
2.293314e-01
2.294240e-01
2.294511e-01
2.294968e-01
2.295371e-01
2.295844e-01
2.296748e-01
2.296940e-01
2.297793e-01
2.297942e-01
2.298936e-01
2.299309e-01
2.299516e-01
2.300345e-01
2.300668e-01
2.301078e-01
2.301572e-01
2.302002e-01
2.302574e-01
2.302928e-01
2.303891e-01
2.304555e-01
2.305145e-01
2.305343e-01
2.306103e-01
2.306346e-01
2.306444e-01
2.306830e-01
2.307603e-01
2.308144e-01
2.308660e-01
2.308953e-01
2.309353e-01
2.310272e-01
2.310444e-01
2.311166e-01
2.311438e-01
2.312292e-01
2.312440e-01
2.312671e-01
2.313427e-01
2.313633e-01
2.314099e-01
2.315098e-01
2.315257e-01
2.316078e-01
2.316646e-01
2.317119e-01
2.317178e-01
2.318309e-01
2.318645e-01
2.318969e-01
2.319445e-01
2.320383e-01
2.321006e-01
2.321238e-01
2.321918e-01
2.322267e-01
2.323018e-01
2.323410e-01
2.323714e-01
2.324255e-01
2.325198e-01
2.325639e-01
2.326134e-01
2.326318e-01
2.326784e-01
2.328219e-01
2.328553e-01
2.329123e-01
2.329656e-01
2.330156e-01
2.330202e-01
2.330592e-01
2.331465e-01
2.331907e-01
2.332508e-01
2.332917e-01
2.333287e-01
2.333587e-01
2.334577e-01
2.334696e-01
2.335031e-01
2.336080e-01
2.336387e-01
2.337067e-01
2.337561e-01
2.337836e-01
2.338321e-01
2.338504e-01
2.338837e-01
2.339491e-01
2.340402e-01
2.340754e-01
2.341644e-01
2.341947e-01
2.342509e-01
2.343072e-01
2.343438e-01
2.343630e-01
2.344199e-01
2.344568e-01
2.345201e-01
2.345435e-01
2.346151e-01
2.346722e-01
2.347403e-01
2.347647e-01
2.348182e-01
2.348660e-01
2.349187e-01
2.349662e-01
2.350048e-01
2.351375e-01
2.351518e-01
2.352078e-01
2.352806e-01
2.353488e-01
2.354324e-01
2.354816e-01
2.355161e-01
2.355529e-01
2.355773e-01
2.356102e-01
2.356577e-01
2.357444e-01
2.357809e-01
2.358484e-01
2.358768e-01
2.359077e-01
2.360811e-01
2.361201e-01
2.361380e-01
2.361864e-01
2.362638e-01
2.362895e-01
2.363493e-01
2.363681e-01
2.363897e-01
2.364735e-01
2.365169e-01
2.365673e-01
2.366353e-01
2.366699e-01
2.367330e-01
2.367799e-01
2.368081e-01
2.368379e-01
2.368677e-01
2.369168e-01
2.369896e-01
2.370300e-01
2.370675e-01
2.371463e-01
2.371990e-01
2.372509e-01
2.373581e-01
2.374247e-01
2.374740e-01
2.375103e-01
2.375341e-01
2.375650e-01
2.376709e-01
2.378063e-01
2.378242e-01
2.378913e-01
2.379320e-01
2.379928e-01
2.380450e-01
2.381024e-01
2.381199e-01
2.381649e-01
2.382583e-01
2.383579e-01
2.383828e-01
2.383851e-01
2.384563e-01
2.385137e-01
2.386155e-01
2.386384e-01
2.386582e-01
2.387544e-01
2.387859e-01
2.388495e-01
2.388642e-01
2.389331e-01
2.389829e-01
2.390867e-01
2.391511e-01
2.392205e-01
2.392542e-01
2.392695e-01
2.393089e-01
2.393725e-01
2.394642e-01
2.394862e-01
2.395336e-01
2.395727e-01
2.396532e-01
2.396850e-01
2.397480e-01
2.397943e-01
2.398438e-01
2.398626e-01
2.399647e-01
2.400445e-01
2.400987e-01
2.401348e-01
2.401925e-01
2.402435e-01
2.402711e-01
2.403230e-01
2.404048e-01
2.404506e-01
2.404766e-01
2.405654e-01
2.406077e-01
2.407271e-01
2.407575e-01
2.407842e-01
2.408360e-01
2.408620e-01
2.409186e-01
2.409755e-01
2.409879e-01
2.410841e-01
2.411305e-01
2.411668e-01
2.412608e-01
2.413167e-01
2.413673e-01
2.414519e-01
2.414786e-01
2.415261e-01
2.415665e-01
2.416322e-01
2.416699e-01
2.417037e-01
2.417470e-01
2.418218e-01
2.419301e-01
2.419864e-01
2.420231e-01
2.420696e-01
2.421332e-01
2.421672e-01
2.422123e-01
2.422543e-01
2.423024e-01
2.423673e-01
2.423968e-01
2.424462e-01
2.425397e-01
2.425915e-01
2.426089e-01
2.426409e-01
2.427150e-01
2.427601e-01
2.428411e-01
2.428726e-01
2.429168e-01
2.429432e-01
2.430347e-01
2.430899e-01
2.431670e-01
2.432470e-01
2.432876e-01
2.433091e-01
2.434279e-01
2.434898e-01
2.435450e-01
2.435821e-01
2.436069e-01
2.436758e-01
2.437156e-01
2.438194e-01
2.438656e-01
2.439145e-01
2.439844e-01
2.440274e-01
2.440354e-01
2.441418e-01
2.441947e-01
2.442413e-01
2.442532e-01
2.443448e-01
2.443600e-01
2.444271e-01
2.444543e-01
2.445220e-01
2.445735e-01
2.445883e-01
2.446294e-01
2.447404e-01
2.447595e-01
2.448159e-01
2.448918e-01
2.449718e-01
2.450021e-01
2.450653e-01
2.451118e-01
2.451354e-01
2.451851e-01
2.452450e-01
2.452911e-01
2.453392e-01
2.454091e-01
2.454436e-01
2.455266e-01
2.455777e-01
2.456137e-01
2.456482e-01
2.457086e-01
2.457381e-01
2.457737e-01
2.458520e-01
2.459011e-01
2.459566e-01
2.459800e-01
2.460273e-01
2.461518e-01
2.461947e-01
2.462563e-01
2.463010e-01
2.463644e-01
2.463751e-01
2.464043e-01
2.464799e-01
2.465592e-01
2.466049e-01
2.466168e-01
2.467122e-01
2.467587e-01
2.467906e-01
2.469161e-01
2.469383e-01
2.469996e-01
2.470524e-01
2.470857e-01
2.471284e-01
2.472291e-01
2.472713e-01
2.473034e-01
2.473467e-01
2.473920e-01
2.474451e-01
2.475731e-01
2.475877e-01
2.476801e-01
2.476996e-01
2.477732e-01
2.478102e-01
2.478400e-01
2.479101e-01
2.479786e-01
2.480133e-01
2.480453e-01
2.480926e-01
2.481611e-01
2.482265e-01
2.483402e-01
2.483664e-01
2.484321e-01
2.484721e-01
2.485108e-01
2.485546e-01
2.486139e-01
2.486343e-01
2.486751e-01
2.488371e-01
2.488792e-01
2.489189e-01
2.489819e-01
2.490170e-01
2.490831e-01
2.491392e-01
2.491759e-01
2.492435e-01
2.492777e-01
2.493067e-01
2.493529e-01
2.494017e-01
2.494893e-01
2.495307e-01
2.495383e-01
2.495889e-01
2.496638e-01
2.497151e-01
2.497281e-01
2.498243e-01
2.498474e-01
2.499501e-01
2.499802e-01
2.500293e-01
2.501014e-01
2.501555e-01
2.501643e-01
2.502163e-01
2.503302e-01
2.503835e-01
2.504186e-01
2.504536e-01
2.504874e-01
2.505907e-01
2.506602e-01
2.506888e-01
2.507284e-01
2.507738e-01
2.508813e-01
2.509251e-01
2.509530e-01
2.509860e-01
2.510493e-01
2.511092e-01
2.511691e-01
2.512456e-01
2.512793e-01
2.513327e-01
2.513616e-01
2.514349e-01
2.514488e-01
2.515453e-01
2.515643e-01
2.516806e-01
2.517012e-01
2.517367e-01
2.517835e-01
2.518326e-01
2.518948e-01
2.519895e-01
2.520576e-01
2.520953e-01
2.521371e-01
2.521747e-01
2.522033e-01
2.523508e-01
2.523669e-01
2.524328e-01
2.524366e-01
2.525308e-01
2.525717e-01
2.526677e-01
2.527270e-01
2.527407e-01
2.527802e-01
2.528483e-01
2.528970e-01
2.529179e-01
2.529893e-01
2.530582e-01
2.531113e-01
2.531679e-01
2.532101e-01
2.532556e-01
2.533538e-01
2.533754e-01
2.533943e-01
2.534243e-01
2.534855e-01
2.535968e-01
2.536221e-01
2.536686e-01
2.537269e-01
2.537698e-01
2.537847e-01
2.538739e-01
2.539094e-01
2.539623e-01
2.540507e-01
2.540626e-01
2.541117e-01
2.541276e-01
2.542367e-01
2.543089e-01
2.543745e-01
2.544196e-01
2.544593e-01
2.545188e-01
2.545716e-01
2.546098e-01
2.547364e-01
2.547516e-01
2.548396e-01
2.548571e-01
2.549052e-01
2.549818e-01
2.550034e-01
2.550641e-01
2.550881e-01
2.551588e-01
2.551911e-01
2.552405e-01
2.553229e-01
2.554195e-01
2.554514e-01
2.554827e-01
2.555268e-01
2.556021e-01
2.556366e-01
2.556872e-01
2.557620e-01
2.558306e-01
2.558357e-01
2.559034e-01
2.559365e-01
2.559771e-01
2.560583e-01
2.561527e-01
2.562167e-01
2.563010e-01
2.563069e-01
2.563721e-01
2.564165e-01
2.564428e-01
2.565644e-01
2.566011e-01
2.566464e-01
2.566939e-01
2.567536e-01
2.568250e-01
2.568808e-01
2.569211e-01
2.569824e-01
2.570052e-01
2.570165e-01
2.571141e-01
2.571806e-01
2.571969e-01
2.572387e-01
2.572730e-01
2.573388e-01
2.574370e-01
2.574447e-01
2.574622e-01
2.575455e-01
2.575685e-01
2.576599e-01
2.576845e-01
2.577325e-01
2.577754e-01
2.578288e-01
2.578908e-01
2.579180e-01
2.579624e-01
2.579996e-01
2.581052e-01
2.581739e-01
2.582516e-01
2.583066e-01
2.583151e-01
2.583372e-01
2.584191e-01
2.584722e-01
2.585540e-01
2.585824e-01
2.586321e-01
2.586712e-01
2.587459e-01
2.587794e-01
2.588537e-01
2.588776e-01
2.589643e-01
2.590271e-01
2.590377e-01
2.591576e-01
2.591892e-01
2.593128e-01
2.593321e-01
2.593975e-01
2.594176e-01
2.595232e-01
2.595363e-01
2.595708e-01
2.596403e-01
2.596891e-01
2.597363e-01
2.597695e-01
2.598328e-01
2.598902e-01
2.600035e-01
2.600761e-01
2.600847e-01
2.601437e-01
2.602018e-01
2.602223e-01
2.602683e-01
2.603570e-01
2.603813e-01
2.604046e-01
2.604807e-01
2.605399e-01
2.606357e-01
2.606555e-01
2.607155e-01
2.607851e-01
2.608161e-01
2.608727e-01
2.609303e-01
2.609964e-01
2.610705e-01
2.611176e-01
2.611756e-01
2.612124e-01
2.612555e-01
2.612865e-01
2.613259e-01
2.614037e-01
2.614699e-01
2.615039e-01
2.615514e-01
2.615956e-01
2.616785e-01
2.617033e-01
2.617553e-01
2.618105e-01
2.618432e-01
2.618855e-01
2.619501e-01
2.620194e-01
2.621492e-01
2.621595e-01
2.621825e-01
2.622607e-01
2.623476e-01
2.623809e-01
2.624219e-01
2.624746e-01
2.624812e-01
2.625650e-01
2.625996e-01
2.626640e-01
2.627147e-01
2.627954e-01
2.628522e-01
2.629221e-01
2.629331e-01
2.629988e-01
2.630467e-01
2.631160e-01
2.632180e-01
2.632322e-01
2.632819e-01
2.633906e-01
2.634122e-01
2.635163e-01
2.635540e-01
2.635770e-01
2.636220e-01
2.637491e-01
2.637653e-01
2.637895e-01
2.638276e-01
2.638741e-01
2.638837e-01
2.639678e-01
2.640086e-01
2.640462e-01
2.641342e-01
2.641650e-01
2.642299e-01
2.643043e-01
2.643676e-01
2.644327e-01
2.644887e-01
2.645115e-01
2.645764e-01
2.646252e-01
2.647136e-01
2.647851e-01
2.648106e-01
2.648728e-01
2.649112e-01
2.649894e-01
2.650242e-01
2.650792e-01
2.651040e-01
2.651856e-01
2.652652e-01
2.653233e-01
2.653531e-01
2.654023e-01
2.654389e-01
2.654669e-01
2.655064e-01
2.655395e-01
2.655930e-01
2.656407e-01
2.657402e-01
2.657530e-01
2.658291e-01
2.658771e-01
2.659555e-01
2.660421e-01
2.660809e-01
2.661354e-01
2.661633e-01
2.662430e-01
2.662509e-01
2.663452e-01
2.664344e-01
2.664478e-01
2.664747e-01
2.665450e-01
2.665804e-01
2.666197e-01
2.666985e-01
2.667990e-01
2.668768e-01
2.669376e-01
2.669836e-01
2.670036e-01
2.670395e-01
2.671218e-01
2.671798e-01
2.672457e-01
2.672987e-01
2.673426e-01
2.673561e-01
2.674401e-01
2.674695e-01
2.675449e-01
2.676123e-01
2.676444e-01
2.676578e-01
2.676960e-01
2.678270e-01
2.678764e-01
2.679410e-01
2.679908e-01
2.680309e-01
2.681008e-01
2.681740e-01
2.682983e-01
2.683287e-01
2.683430e-01
2.684386e-01
2.684858e-01
2.685432e-01
2.686403e-01
2.686625e-01
2.687520e-01
2.687827e-01
2.688187e-01
2.688962e-01
2.689570e-01
2.689879e-01
2.690257e-01
2.690502e-01
2.691327e-01
2.691818e-01
2.692012e-01
2.692550e-01
2.693084e-01
2.693562e-01
2.694505e-01
2.695667e-01
2.696161e-01
2.696681e-01
2.696805e-01
2.697200e-01
2.697767e-01
2.698483e-01
2.698651e-01
2.699663e-01
2.699809e-01
2.700281e-01
2.701020e-01
2.701568e-01
2.701609e-01
2.703056e-01
2.703853e-01
2.704249e-01
2.704515e-01
2.705013e-01
2.705655e-01
2.705781e-01
2.706993e-01
2.707316e-01
2.708125e-01
2.708820e-01
2.709003e-01
2.709532e-01
2.710887e-01
2.711151e-01
2.711614e-01
2.711988e-01
2.713200e-01
2.713316e-01
2.713868e-01
2.714106e-01
2.714498e-01
2.715201e-01
2.715618e-01
2.716547e-01
2.716795e-01
2.717485e-01
2.718269e-01
2.718957e-01
2.719525e-01
2.719767e-01
2.720755e-01
2.721161e-01
2.721992e-01
2.722308e-01
2.722989e-01
2.723230e-01
2.723739e-01
2.724170e-01
2.724756e-01
2.725543e-01
2.725984e-01
2.726509e-01
2.727063e-01
2.727637e-01
2.727813e-01
2.728909e-01
2.729475e-01
2.729731e-01
2.730700e-01
2.731315e-01
2.731675e-01
2.732076e-01
2.733032e-01
2.733558e-01
2.734298e-01
2.734353e-01
2.735383e-01
2.735930e-01
2.736221e-01
2.737358e-01
2.737600e-01
2.738025e-01
2.738724e-01
2.739850e-01
2.740572e-01
2.740630e-01
2.741367e-01
2.742118e-01
2.742628e-01
2.742886e-01
2.743241e-01
2.744115e-01
2.745020e-01
2.745573e-01
2.746580e-01
2.746984e-01
2.747167e-01
2.747762e-01
2.749293e-01
2.749375e-01
2.750256e-01
2.750931e-01
2.751234e-01
2.751851e-01
2.752114e-01
2.752636e-01
2.752837e-01
2.753872e-01
2.754113e-01
2.755007e-01
2.755419e-01
2.755500e-01
2.755950e-01
2.757692e-01
2.758043e-01
2.758724e-01
2.759103e-01
2.759718e-01
2.760221e-01
2.761196e-01
2.761552e-01
2.761754e-01
2.762593e-01
2.763413e-01
2.763729e-01
2.764323e-01
2.764663e-01
2.764799e-01
2.765515e-01
2.766406e-01
2.766579e-01
2.767581e-01
2.768341e-01
2.768881e-01
2.769670e-01
2.769903e-01
2.770316e-01
2.771226e-01
2.771935e-01
2.772977e-01
2.773381e-01
2.774232e-01
2.774316e-01
2.775292e-01
2.776055e-01
2.776205e-01
2.776994e-01
2.777453e-01
2.778204e-01
2.778747e-01
2.779075e-01
2.779915e-01
2.780419e-01
2.780857e-01
2.781610e-01
2.782200e-01
2.782684e-01
2.783490e-01
2.783994e-01
2.784469e-01
2.785198e-01
2.785781e-01
2.786293e-01
2.786970e-01
2.787219e-01
2.787705e-01
2.787908e-01
2.788389e-01
2.789233e-01
2.790094e-01
2.790379e-01
2.791223e-01
2.791662e-01
2.792143e-01
2.792259e-01
2.792576e-01
2.793627e-01
2.794648e-01
2.794782e-01
2.795837e-01
2.796022e-01
2.796487e-01
2.796820e-01
2.797395e-01
2.797969e-01
2.798669e-01
2.798872e-01
2.799671e-01
2.800248e-01
2.801046e-01
2.802153e-01
2.802661e-01
2.802788e-01
2.803232e-01
2.803631e-01
2.804687e-01
2.805295e-01
2.805773e-01
2.806291e-01
2.807506e-01
2.807733e-01
2.808072e-01
2.808582e-01
2.809265e-01
2.809724e-01
2.810761e-01
2.811404e-01
2.811979e-01
2.812184e-01
2.812618e-01
2.812887e-01
2.813514e-01
2.814884e-01
2.815697e-01
2.816191e-01
2.816990e-01
2.817410e-01
2.817576e-01
2.818291e-01
2.818888e-01
2.819780e-01
2.820353e-01
2.820630e-01
2.821580e-01
2.822491e-01
2.823267e-01
2.823521e-01
2.824022e-01
2.824754e-01
2.825115e-01
2.826044e-01
2.827021e-01
2.827165e-01
2.827377e-01
2.827926e-01
2.829215e-01
2.829696e-01
2.830029e-01
2.830563e-01
2.830975e-01
2.831562e-01
2.832505e-01
2.833243e-01
2.833908e-01
2.834649e-01
2.835032e-01
2.836059e-01
2.836315e-01
2.837183e-01
2.837742e-01
2.837878e-01
2.839137e-01
2.839459e-01
2.839739e-01
2.840343e-01
2.841412e-01
2.841868e-01
2.842424e-01
2.842840e-01
2.843653e-01
2.844303e-01
2.844845e-01
2.845260e-01
2.845874e-01
2.847632e-01
2.847764e-01
2.848505e-01
2.848895e-01
2.849420e-01
2.849857e-01
2.850387e-01
2.850701e-01
2.851796e-01
2.852398e-01
2.852809e-01
2.853458e-01
2.853733e-01
2.854703e-01
2.855069e-01
2.855549e-01
2.856035e-01
2.856831e-01
2.857506e-01
2.857796e-01
2.857960e-01
2.859030e-01
2.859730e-01
2.860091e-01
2.860916e-01
2.861242e-01
2.861573e-01
2.863109e-01
2.863431e-01
2.864009e-01
2.864289e-01
2.865244e-01
2.866549e-01
2.866727e-01
2.867227e-01
2.867551e-01
2.868685e-01
2.868880e-01
2.869622e-01
2.870311e-01
2.871026e-01
2.871725e-01
2.872405e-01
2.873006e-01
2.874070e-01
2.874796e-01
2.874870e-01
2.875685e-01
2.875847e-01
2.876237e-01
2.877204e-01
2.878712e-01
2.878952e-01
2.879216e-01
2.879628e-01
2.880221e-01
2.880805e-01
2.882028e-01
2.882419e-01
2.883850e-01
2.883961e-01
2.885343e-01
2.885917e-01
2.886143e-01
2.886391e-01
2.887261e-01
2.887833e-01
2.889016e-01
2.889569e-01
2.889974e-01
2.890169e-01
2.891339e-01
2.891935e-01
2.892363e-01
2.892579e-01
2.893291e-01
2.893676e-01
2.894541e-01
2.895471e-01
2.895509e-01
2.896397e-01
2.896642e-01
2.897467e-01
2.897896e-01
2.898811e-01
2.899410e-01
2.899608e-01
2.901062e-01
2.901322e-01
2.902568e-01
2.902848e-01
2.903678e-01
2.904335e-01
2.904871e-01
2.905956e-01
2.906474e-01
2.906916e-01
2.907355e-01
2.907861e-01
2.908070e-01
2.908771e-01
2.909067e-01
2.910182e-01
2.910655e-01
2.911026e-01
2.912040e-01
2.913503e-01
2.913786e-01
2.914789e-01
2.915408e-01
2.915428e-01
2.915868e-01
2.916463e-01
2.916723e-01
2.917395e-01
2.918328e-01
2.919101e-01
2.919447e-01
2.920160e-01
2.921150e-01
2.921954e-01
2.922691e-01
2.923122e-01
2.923820e-01
2.924048e-01
2.924821e-01
2.925579e-01
2.926120e-01
2.926823e-01
2.927053e-01
2.928201e-01
2.928930e-01
2.929505e-01
2.929982e-01
2.930620e-01
2.931061e-01
2.931650e-01
2.932332e-01
2.932622e-01
2.934081e-01
2.934161e-01
2.934961e-01
2.935814e-01
2.936274e-01
2.936698e-01
2.937567e-01
2.937976e-01
2.938953e-01
2.939889e-01
2.940003e-01
2.940562e-01
2.941137e-01
2.941838e-01
2.943064e-01
2.943435e-01
2.943584e-01
2.944684e-01
2.945343e-01
2.945712e-01
2.946159e-01
2.947100e-01
2.947917e-01
2.948359e-01
2.949200e-01
2.950017e-01
2.950746e-01
2.951465e-01
2.952060e-01
2.952803e-01
2.953453e-01
2.954196e-01
2.954630e-01
2.955314e-01
2.955398e-01
2.956846e-01
2.957144e-01
2.957950e-01
2.958600e-01
2.959530e-01
2.959722e-01
2.960219e-01
2.961253e-01
2.961591e-01
2.962866e-01
2.963179e-01
2.964098e-01
2.964317e-01
2.965349e-01
2.965832e-01
2.966524e-01
2.967027e-01
2.967434e-01
2.967993e-01
2.969024e-01
2.969736e-01
2.970380e-01
2.971438e-01
2.972044e-01
2.972397e-01
2.973597e-01
2.974566e-01
2.974851e-01
2.976108e-01
2.976301e-01
2.976944e-01
2.977392e-01
2.978526e-01
2.978667e-01
2.979064e-01
2.980106e-01
2.981161e-01
2.981441e-01
2.982128e-01
2.983194e-01
2.983560e-01
2.984594e-01
2.984939e-01
2.985216e-01
2.986198e-01
2.986820e-01
2.987949e-01
2.988462e-01
2.989022e-01
2.989680e-01
2.990372e-01
2.990868e-01
2.991603e-01
2.992083e-01
2.992831e-01
2.993406e-01
2.993734e-01
2.994189e-01
2.995202e-01
2.995560e-01
2.996533e-01
2.997071e-01
2.997480e-01
2.998226e-01
2.998518e-01
2.999566e-01
3.000141e-01
3.001083e-01
3.001503e-01
3.002123e-01
3.002863e-01
3.003745e-01
3.004298e-01
3.005400e-01
3.005910e-01
3.006944e-01
3.007173e-01
3.008429e-01
3.008984e-01
3.009938e-01
3.010916e-01
3.011105e-01
3.011715e-01
3.012473e-01
3.013277e-01
3.014337e-01
3.014587e-01
3.015236e-01
3.016204e-01
3.017149e-01
3.017829e-01
3.018643e-01
3.019410e-01
3.019958e-01
3.020533e-01
3.021144e-01
3.021406e-01
3.022918e-01
3.023657e-01
3.024283e-01
3.025382e-01
3.025921e-01
3.026875e-01
3.027606e-01
3.028227e-01
3.028782e-01
3.028884e-01
3.029832e-01
3.030504e-01
3.030925e-01
3.032227e-01
3.032562e-01
3.033403e-01
3.033801e-01
3.034081e-01
3.035105e-01
3.035538e-01
3.036470e-01
3.037205e-01
3.037660e-01
3.038826e-01
3.038976e-01
3.039838e-01
3.040837e-01
3.041800e-01
3.042447e-01
3.043624e-01
3.044061e-01
3.044702e-01
3.045174e-01
3.045498e-01
3.046238e-01
3.047035e-01
3.048242e-01
3.049559e-01
3.049763e-01
3.050799e-01
3.051830e-01
3.052354e-01
3.052781e-01
3.053162e-01
3.053953e-01
3.054884e-01
3.055034e-01
3.056209e-01
3.056477e-01
3.057154e-01
3.058424e-01
3.058730e-01
3.059500e-01
3.059818e-01
3.061020e-01
3.061675e-01
3.062567e-01
3.063401e-01
3.064022e-01
3.064397e-01
3.064980e-01
3.065734e-01
3.066986e-01
3.067694e-01
3.068293e-01
3.068587e-01
3.069525e-01
3.070483e-01
3.070650e-01
3.071536e-01
3.072007e-01
3.072853e-01
3.074080e-01
3.074753e-01
3.075684e-01
3.076792e-01
3.077202e-01
3.077581e-01
3.077935e-01
3.078800e-01
3.079047e-01
3.079644e-01
3.080440e-01
3.081427e-01
3.081783e-01
3.083112e-01
3.084229e-01
3.085208e-01
3.085566e-01
3.086071e-01
3.086214e-01
3.086673e-01
3.087936e-01
3.088209e-01
3.088538e-01
3.089329e-01
3.089455e-01
3.090977e-01
3.091462e-01
3.092021e-01
3.092357e-01
3.093895e-01
3.095091e-01
3.095523e-01
3.096546e-01
3.097190e-01
3.097791e-01
3.098124e-01
3.099002e-01
3.099547e-01
3.100775e-01
3.101081e-01
3.101712e-01
3.102869e-01
3.103251e-01
3.103796e-01
3.104805e-01
3.106098e-01
3.106648e-01
3.106726e-01
3.107537e-01
3.108066e-01
3.109026e-01
3.109502e-01
3.109799e-01
3.110582e-01
3.111282e-01
3.111780e-01
3.113648e-01
3.114418e-01
3.115193e-01
3.115598e-01
3.116456e-01
3.116924e-01
3.118195e-01
3.118647e-01
3.119008e-01
3.119646e-01
3.120679e-01
3.120797e-01
3.121745e-01
3.122888e-01
3.123685e-01
3.123993e-01
3.124526e-01
3.124935e-01
3.125331e-01
3.125993e-01
3.127107e-01
3.128555e-01
3.128851e-01
3.129395e-01
3.129841e-01
3.130239e-01
3.130920e-01
3.132388e-01
3.132650e-01
3.133886e-01
3.134562e-01
3.134693e-01
3.135499e-01
3.136380e-01
3.136556e-01
3.137209e-01
3.138526e-01
3.138743e-01
3.139916e-01
3.140968e-01
3.142376e-01
3.142824e-01
3.143209e-01
3.143888e-01
3.144601e-01
3.145185e-01
3.146101e-01
3.146800e-01
3.147321e-01
3.148195e-01
3.148534e-01
3.149870e-01
3.150323e-01
3.151019e-01
3.151686e-01
3.152237e-01
3.152595e-01
3.153520e-01
3.154383e-01
3.155459e-01
3.155497e-01
3.156090e-01
3.156654e-01
3.157721e-01
3.159146e-01
3.159862e-01
3.160929e-01
3.161740e-01
3.162197e-01
3.162379e-01
3.163551e-01
3.164062e-01
3.164279e-01
3.165287e-01
3.165804e-01
3.166350e-01
3.167416e-01
3.167961e-01
3.168692e-01
3.169902e-01
3.170516e-01
3.171538e-01
3.171809e-01
3.172299e-01
3.172928e-01
3.174031e-01
3.174412e-01
3.175681e-01
3.176015e-01
3.176911e-01
3.178030e-01
3.178636e-01
3.179069e-01
3.180866e-01
3.181422e-01
3.181531e-01
3.182923e-01
3.183345e-01
3.184040e-01
3.184485e-01
3.185199e-01
3.185953e-01
3.187327e-01
3.187685e-01
3.188465e-01
3.189159e-01
3.190295e-01
3.190393e-01
3.191629e-01
3.191804e-01
3.192228e-01
3.193482e-01
3.194196e-01
3.194813e-01
3.196140e-01
3.196360e-01
3.196646e-01
3.197535e-01
3.198712e-01
3.199602e-01
3.200584e-01
3.201218e-01
3.201615e-01
3.202657e-01
3.202842e-01
3.205060e-01
3.205381e-01
3.205628e-01
3.205995e-01
3.206786e-01
3.207470e-01
3.208811e-01
3.209390e-01
3.210507e-01
3.210670e-01
3.211196e-01
3.211723e-01
3.212708e-01
3.213420e-01
3.213734e-01
3.214201e-01
3.215042e-01
3.215529e-01
3.216994e-01
3.217713e-01
3.218043e-01
3.218588e-01
3.220057e-01
3.221387e-01
3.221575e-01
3.222309e-01
3.222997e-01
3.223056e-01
3.224379e-01
3.224882e-01
3.225402e-01
3.225920e-01
3.226383e-01
3.228149e-01
3.228932e-01
3.229723e-01
3.230116e-01
3.231386e-01
3.232047e-01
3.232748e-01
3.233727e-01
3.234453e-01
3.235073e-01
3.236539e-01
3.237071e-01
3.237475e-01
3.238472e-01
3.238895e-01
3.239730e-01
3.240875e-01
3.241179e-01
3.241731e-01
3.242886e-01
3.243212e-01
3.243842e-01
3.244984e-01
3.245991e-01
3.246519e-01
3.247087e-01
3.247520e-01
3.248538e-01
3.249374e-01
3.249420e-01
3.250386e-01
3.251386e-01
3.251674e-01
3.253134e-01
3.253700e-01
3.253892e-01
3.255325e-01
3.256266e-01
3.257069e-01
3.258443e-01
3.258622e-01
3.260360e-01
3.260641e-01
3.261338e-01
3.262422e-01
3.263066e-01
3.263741e-01
3.264597e-01
3.264857e-01
3.265743e-01
3.266508e-01
3.267077e-01
3.268454e-01
3.268795e-01
3.269549e-01
3.270546e-01
3.271229e-01
3.271819e-01
3.272927e-01
3.273674e-01
3.273867e-01
3.274693e-01
3.276030e-01
3.276207e-01
3.277094e-01
3.277254e-01
3.277677e-01
3.279011e-01
3.280119e-01
3.280476e-01
3.281557e-01
3.282451e-01
3.283455e-01
3.284647e-01
3.285254e-01
3.286310e-01
3.287425e-01
3.287726e-01
3.288400e-01
3.288755e-01
3.289718e-01
3.290074e-01
3.291518e-01
3.292370e-01
3.292703e-01
3.293755e-01
3.294770e-01
3.295566e-01
3.296123e-01
3.297056e-01
3.297558e-01
3.298274e-01
3.299827e-01
3.300063e-01
3.300862e-01
3.302350e-01
3.303234e-01
3.303376e-01
3.304429e-01
3.304780e-01
3.306142e-01
3.307202e-01
3.307509e-01
3.308870e-01
3.310040e-01
3.310546e-01
3.310907e-01
3.311782e-01
3.313118e-01
3.313593e-01
3.314629e-01
3.314855e-01
3.315999e-01
3.316772e-01
3.317714e-01
3.318133e-01
3.319269e-01
3.320745e-01
3.320955e-01
3.321444e-01
3.322781e-01
3.323853e-01
3.324627e-01
3.325881e-01
3.326219e-01
3.327361e-01
3.328277e-01
3.329643e-01
3.330153e-01
3.330221e-01
3.331345e-01
3.332851e-01
3.334210e-01
3.334827e-01
3.335467e-01
3.337265e-01
3.337425e-01
3.337826e-01
3.338627e-01
3.339864e-01
3.340469e-01
3.340729e-01
3.341882e-01
3.342579e-01
3.342975e-01
3.343154e-01
3.344480e-01
3.344886e-01
3.345122e-01
3.346130e-01
3.346331e-01
3.348306e-01
3.350102e-01
3.350696e-01
3.351473e-01
3.352059e-01
3.353690e-01
3.354332e-01
3.354924e-01
3.356529e-01
3.357008e-01
3.358387e-01
3.359283e-01
3.360481e-01
3.360893e-01
3.361099e-01
3.362203e-01
3.362854e-01
3.363752e-01
3.364961e-01
3.365625e-01
3.365912e-01
3.366665e-01
3.367469e-01
3.368154e-01
3.369170e-01
3.369363e-01
3.371214e-01
3.371434e-01
3.372119e-01
3.372568e-01
3.373840e-01
3.375556e-01
3.376084e-01
3.377108e-01
3.377860e-01
3.378716e-01
3.379624e-01
3.380365e-01
3.380780e-01
3.381344e-01
3.382490e-01
3.382921e-01
3.383862e-01
3.385207e-01
3.385296e-01
3.386770e-01
3.387424e-01
3.388778e-01
3.389487e-01
3.390405e-01
3.390888e-01
3.391803e-01
3.392179e-01
3.393142e-01
3.394404e-01
3.395711e-01
3.396440e-01
3.397151e-01
3.397789e-01
3.398709e-01
3.399728e-01
3.400310e-01
3.401392e-01
3.402388e-01
3.403395e-01
3.403878e-01
3.404962e-01
3.405742e-01
3.407218e-01
3.407597e-01
3.408637e-01
3.409895e-01
3.411559e-01
3.411748e-01
3.412729e-01
3.413313e-01
3.414221e-01
3.415047e-01
3.415226e-01
3.415785e-01
3.416455e-01
3.417473e-01
3.418570e-01
3.419280e-01
3.419927e-01
3.420021e-01
3.420650e-01
3.422425e-01
3.424824e-01
3.425213e-01
3.425590e-01
3.425915e-01
3.427527e-01
3.428271e-01
3.428987e-01
3.429525e-01
3.431438e-01
3.431839e-01
3.432323e-01
3.433339e-01
3.435124e-01
3.435262e-01
3.436218e-01
3.437336e-01
3.438146e-01
3.438368e-01
3.439044e-01
3.439845e-01
3.441417e-01
3.442315e-01
3.442658e-01
3.444063e-01
3.444271e-01
3.444938e-01
3.447256e-01
3.447486e-01
3.448449e-01
3.449085e-01
3.449643e-01
3.451283e-01
3.452095e-01
3.453005e-01
3.454649e-01
3.455173e-01
3.455675e-01
3.456318e-01
3.456691e-01
3.457820e-01
3.459479e-01
3.460023e-01
3.460928e-01
3.462202e-01
3.462453e-01
3.463664e-01
3.464768e-01
3.466306e-01
3.466525e-01
3.466955e-01
3.467388e-01
3.467565e-01
3.468303e-01
3.469179e-01
3.469778e-01
3.471362e-01
3.472193e-01
3.473403e-01
3.473797e-01
3.474395e-01
3.474987e-01
3.477176e-01
3.477576e-01
3.479068e-01
3.479971e-01
3.481138e-01
3.481389e-01
3.482315e-01
3.483859e-01
3.484862e-01
3.485390e-01
3.486327e-01
3.487222e-01
3.488470e-01
3.489012e-01
3.490389e-01
3.491184e-01
3.491745e-01
3.492170e-01
3.493410e-01
3.494425e-01
3.495412e-01
3.497332e-01
3.498046e-01
3.498752e-01
3.499320e-01
3.499980e-01
3.501716e-01
3.502383e-01
3.503279e-01
3.503776e-01
3.505378e-01
3.506954e-01
3.507479e-01
3.508131e-01
3.508866e-01
3.509726e-01
3.510403e-01
3.511399e-01
3.512305e-01
3.513166e-01
3.514119e-01
3.515502e-01
3.515979e-01
3.517145e-01
3.517685e-01
3.518347e-01
3.519212e-01
3.519572e-01
3.521221e-01
3.522108e-01
3.523189e-01
3.524037e-01
3.525086e-01
3.525381e-01
3.526479e-01
3.527628e-01
3.529174e-01
3.530049e-01
3.530753e-01
3.531003e-01
3.531382e-01
3.532077e-01
3.534468e-01
3.534773e-01
3.536319e-01
3.536875e-01
3.538372e-01
3.538753e-01
3.540366e-01
3.540628e-01
3.542700e-01
3.542884e-01
3.543668e-01
3.544600e-01
3.546054e-01
3.546952e-01
3.548087e-01
3.548452e-01
3.549264e-01
3.550870e-01
3.551646e-01
3.552299e-01
3.552463e-01
3.553887e-01
3.554591e-01
3.555299e-01
3.557338e-01
3.557729e-01
3.558635e-01
3.559600e-01
3.560666e-01
3.561040e-01
3.562065e-01
3.563480e-01
3.564528e-01
3.565309e-01
3.566230e-01
3.566607e-01
3.568267e-01
3.569230e-01
3.570107e-01
3.571436e-01
3.572450e-01
3.572915e-01
3.573997e-01
3.574855e-01
3.575841e-01
3.577240e-01
3.578042e-01
3.578418e-01
3.580266e-01
3.580847e-01
3.581605e-01
3.582558e-01
3.583672e-01
3.584377e-01
3.585958e-01
3.587446e-01
3.588589e-01
3.588954e-01
3.589413e-01
3.589797e-01
3.591090e-01
3.592128e-01
3.593146e-01
3.594226e-01
3.594971e-01
3.596224e-01
3.597692e-01
3.599342e-01
3.599877e-01
3.601122e-01
3.602045e-01
3.602886e-01
3.603250e-01
3.603982e-01
3.605000e-01
3.605733e-01
3.606289e-01
3.607930e-01
3.608222e-01
3.609980e-01
3.610954e-01
3.612162e-01
3.612816e-01
3.614124e-01
3.614957e-01
3.615318e-01
3.616727e-01
3.618205e-01
3.618434e-01
3.619233e-01
3.619894e-01
3.620677e-01
3.623438e-01
3.624314e-01
3.625168e-01
3.626180e-01
3.626749e-01
3.627278e-01
3.627988e-01
3.629330e-01
3.629645e-01
3.630691e-01
3.632837e-01
3.633876e-01
3.634408e-01
3.635158e-01
3.635951e-01
3.637151e-01
3.638143e-01
3.638576e-01
3.640625e-01
3.641080e-01
3.643188e-01
3.644716e-01
3.645938e-01
3.646894e-01
3.647864e-01
3.648154e-01
3.648377e-01
3.650263e-01
3.650620e-01
3.651210e-01
3.652561e-01
3.653538e-01
3.654928e-01
3.655730e-01
3.656591e-01
3.657456e-01
3.659820e-01
3.660465e-01
3.661451e-01
3.661801e-01
3.663443e-01
3.664043e-01
3.664583e-01
3.666449e-01
3.667174e-01
3.667677e-01
3.668811e-01
3.670258e-01
3.671396e-01
3.671925e-01
3.673608e-01
3.674377e-01
3.676092e-01
3.677154e-01
3.678817e-01
3.679319e-01
3.680870e-01
3.681722e-01
3.682647e-01
3.683092e-01
3.683459e-01
3.684970e-01
3.686306e-01
3.687101e-01
3.687387e-01
3.688655e-01
3.689300e-01
3.690761e-01
3.691801e-01
3.693304e-01
3.694089e-01
3.695378e-01
3.696388e-01
3.696831e-01
3.699411e-01
3.700114e-01
3.700235e-01
3.700931e-01
3.702280e-01
3.703162e-01
3.704905e-01
3.705434e-01
3.706389e-01
3.707657e-01
3.708760e-01
3.710316e-01
3.710926e-01
3.711791e-01
3.712990e-01
3.713617e-01
3.714270e-01
3.715068e-01
3.715618e-01
3.717237e-01
3.718146e-01
3.718967e-01
3.721008e-01
3.721708e-01
3.722419e-01
3.723085e-01
3.723755e-01
3.724375e-01
3.724882e-01
3.727548e-01
3.728179e-01
3.729755e-01
3.730738e-01
3.731218e-01
3.732301e-01
3.732823e-01
3.734304e-01
3.735412e-01
3.736371e-01
3.736909e-01
3.738859e-01
3.739655e-01
3.740593e-01
3.741782e-01
3.743284e-01
3.743434e-01
3.744307e-01
3.745103e-01
3.747940e-01
3.748512e-01
3.749830e-01
3.750159e-01
3.751211e-01
3.751936e-01
3.753167e-01
3.753784e-01
3.756106e-01
3.757523e-01
3.758349e-01
3.759959e-01
3.761442e-01
3.762672e-01
3.763338e-01
3.764364e-01
3.765205e-01
3.765846e-01
3.766079e-01
3.767448e-01
3.768315e-01
3.769274e-01
3.769569e-01
3.771627e-01
3.771778e-01
3.774007e-01
3.774838e-01
3.777462e-01
3.778107e-01
3.779218e-01
3.780428e-01
3.781676e-01
3.782213e-01
3.782826e-01
3.783896e-01
3.785201e-01
3.785916e-01
3.786346e-01
3.787341e-01
3.788644e-01
3.789441e-01
3.791042e-01
3.792113e-01
3.792824e-01
3.793801e-01
3.795208e-01
3.796205e-01
3.796254e-01
3.797626e-01
3.798073e-01
3.799586e-01
3.801444e-01
3.802205e-01
3.803239e-01
3.803731e-01
3.804227e-01
3.806057e-01
3.807085e-01
3.807993e-01
3.809148e-01
3.809911e-01
3.811258e-01
3.811981e-01
3.813437e-01
3.814839e-01
3.815969e-01
3.816879e-01
3.817221e-01
3.819528e-01
3.819723e-01
3.820060e-01
3.821793e-01
3.822881e-01
3.823169e-01
3.824685e-01
3.825265e-01
3.825518e-01
3.826760e-01
3.827162e-01
3.828604e-01
3.829180e-01
3.831557e-01
3.831945e-01
3.833055e-01
3.834292e-01
3.834873e-01
3.837239e-01
3.838297e-01
3.838828e-01
3.839417e-01
3.840977e-01
3.842155e-01
3.842894e-01
3.843613e-01
3.843973e-01
3.844578e-01
3.846596e-01
3.848896e-01
3.849839e-01
3.850482e-01
3.850734e-01
3.852380e-01
3.853371e-01
3.854246e-01
3.855111e-01
3.855864e-01
3.856510e-01
3.858479e-01
3.859506e-01
3.860226e-01
3.861569e-01
3.862635e-01
3.863191e-01
3.863844e-01
3.864587e-01
3.865901e-01
3.866952e-01
3.868831e-01
3.869812e-01
3.871454e-01
3.871659e-01
3.874112e-01
3.875070e-01
3.875495e-01
3.876046e-01
3.877162e-01
3.877606e-01
3.878797e-01
3.879644e-01
3.880471e-01
3.881385e-01
3.884155e-01
3.884685e-01
3.886103e-01
3.886507e-01
3.887982e-01
3.888538e-01
3.889526e-01
3.891676e-01
3.892046e-01
3.894318e-01
3.894738e-01
3.895538e-01
3.897173e-01
3.899031e-01
3.899837e-01
3.900632e-01
3.901784e-01
3.903435e-01
3.904612e-01
3.904703e-01
3.906730e-01
3.907870e-01
3.908227e-01
3.909088e-01
3.911433e-01
3.912274e-01
3.912939e-01
3.913810e-01
3.915325e-01
3.915805e-01
3.918067e-01
3.919965e-01
3.920280e-01
3.921396e-01
3.922945e-01
3.923896e-01
3.924953e-01
3.926379e-01
3.927297e-01
3.928140e-01
3.929072e-01
3.930824e-01
3.931984e-01
3.932359e-01
3.934185e-01
3.934787e-01
3.935781e-01
3.937255e-01
3.938617e-01
3.939620e-01
3.939857e-01
3.940882e-01
3.942762e-01
3.943841e-01
3.945107e-01
3.946570e-01
3.946938e-01
3.947198e-01
3.949286e-01
3.950918e-01
3.952033e-01
3.953292e-01
3.954042e-01
3.954801e-01
3.956749e-01
3.959470e-01
3.960283e-01
3.960391e-01
3.961802e-01
3.963161e-01
3.963885e-01
3.965734e-01
3.967003e-01
3.967523e-01
3.969564e-01
3.971283e-01
3.972271e-01
3.973374e-01
3.974624e-01
3.976175e-01
3.977267e-01
3.977500e-01
3.978723e-01
3.980833e-01
3.981805e-01
3.982476e-01
3.983250e-01
3.984782e-01
3.985827e-01
3.987099e-01
3.989137e-01
3.989691e-01
3.990808e-01
3.990985e-01
3.992601e-01
3.993421e-01
3.993955e-01
3.995002e-01
3.997227e-01
3.997737e-01
3.998236e-01
3.999764e-01
4.000995e-01
4.001912e-01
4.003252e-01
4.004642e-01
4.006040e-01
4.007077e-01
4.007731e-01
4.009137e-01
4.010436e-01
4.011254e-01
4.012702e-01
4.013594e-01
4.014669e-01
4.016457e-01
4.018832e-01
4.019780e-01
4.020732e-01
4.022755e-01
4.025036e-01
4.026397e-01
4.027663e-01
4.028436e-01
4.029990e-01
4.031207e-01
4.032441e-01
4.032962e-01
4.034852e-01
4.035857e-01
4.037424e-01
4.038964e-01
4.040253e-01
4.041859e-01
4.044065e-01
4.044904e-01
4.045931e-01
4.046789e-01
4.047986e-01
4.050437e-01
4.052015e-01
4.053195e-01
4.054183e-01
4.055180e-01
4.055516e-01
4.057170e-01
4.058854e-01
4.060092e-01
4.063097e-01
4.063616e-01
4.064780e-01
4.066057e-01
4.066258e-01
4.067987e-01
4.068993e-01
4.070800e-01
4.071821e-01
4.072854e-01
4.073415e-01
4.075736e-01
4.077263e-01
4.079021e-01
4.080328e-01
4.081831e-01
4.082151e-01
4.084718e-01
4.085074e-01
4.086223e-01
4.086940e-01
4.088556e-01
4.091165e-01
4.091880e-01
4.092358e-01
4.093621e-01
4.095306e-01
4.096121e-01
4.098415e-01
4.099749e-01
4.101105e-01
4.102717e-01
4.103165e-01
4.104822e-01
4.108303e-01
4.108950e-01
4.109687e-01
4.111049e-01
4.112652e-01
4.113648e-01
4.115132e-01
4.117926e-01
4.118976e-01
4.120515e-01
4.121782e-01
4.123804e-01
4.124974e-01
4.126160e-01
4.127172e-01
4.128088e-01
4.129303e-01
4.130383e-01
4.132184e-01
4.132316e-01
4.135990e-01
4.136913e-01
4.138073e-01
4.138675e-01
4.140867e-01
4.141599e-01
4.143231e-01
4.144469e-01
4.145635e-01
4.145953e-01
4.147639e-01
4.149820e-01
4.151210e-01
4.152265e-01
4.155774e-01
4.156230e-01
4.158366e-01
4.159691e-01
4.161362e-01
4.162670e-01
4.165635e-01
4.166674e-01
4.168457e-01
4.169894e-01
4.171284e-01
4.172898e-01
4.173490e-01
4.174663e-01
4.177410e-01
4.177936e-01
4.179951e-01
4.181459e-01
4.182926e-01
4.184187e-01
4.185864e-01
4.186782e-01
4.188865e-01
4.189293e-01
4.191867e-01
4.192848e-01
4.194873e-01
4.195190e-01
4.197607e-01
4.200106e-01
4.200623e-01
4.202330e-01
4.204293e-01
4.204798e-01
4.205972e-01
4.206490e-01
4.208515e-01
4.210765e-01
4.211123e-01
4.213251e-01
4.215802e-01
4.216777e-01
4.217973e-01
4.218249e-01
4.220936e-01
4.221791e-01
4.222280e-01
4.225674e-01
4.226823e-01
4.227738e-01
4.229758e-01
4.232825e-01
4.233590e-01
4.235708e-01
4.237186e-01
4.238933e-01
4.239528e-01
4.241418e-01
4.242288e-01
4.243359e-01
4.244119e-01
4.245278e-01
4.248050e-01
4.248978e-01
4.251434e-01
4.253148e-01
4.253701e-01
4.253961e-01
4.256005e-01
4.256551e-01
4.260061e-01
4.260481e-01
4.263118e-01
4.264627e-01
4.265548e-01
4.266375e-01
4.267074e-01
4.269314e-01
4.270781e-01
4.271231e-01
4.273269e-01
4.274447e-01
4.275617e-01
4.277696e-01
4.277969e-01
4.279605e-01
4.280845e-01
4.282779e-01
4.285764e-01
4.286403e-01
4.287550e-01
4.287742e-01
4.289866e-01
4.290420e-01
4.290816e-01
4.292342e-01
4.294151e-01
4.297772e-01
4.299725e-01
4.300989e-01
4.301786e-01
4.304328e-01
4.305788e-01
4.306860e-01
4.307668e-01
4.310441e-01
4.311159e-01
4.312436e-01
4.313004e-01
4.314877e-01
4.315365e-01
4.316362e-01
4.317726e-01
4.318950e-01
4.319202e-01
4.320695e-01
4.321123e-01
4.322180e-01
4.323562e-01
4.324772e-01
4.325050e-01
4.328154e-01
4.329228e-01
4.330387e-01
4.330925e-01
4.332573e-01
4.334429e-01
4.336316e-01
4.337938e-01
4.338548e-01
4.341113e-01
4.342035e-01
4.344202e-01
4.347788e-01
4.348439e-01
4.349728e-01
4.350399e-01
4.351915e-01
4.352738e-01
4.355782e-01
4.357260e-01
4.359006e-01
4.360141e-01
4.361697e-01
4.362915e-01
4.364283e-01
4.365506e-01
4.367253e-01
4.367744e-01
4.370069e-01
4.373546e-01
4.373929e-01
4.376271e-01
4.376799e-01
4.378281e-01
4.380256e-01
4.380532e-01
4.381914e-01
4.383201e-01
4.384812e-01
4.387743e-01
4.388647e-01
4.390449e-01
4.391395e-01
4.393067e-01
4.393991e-01
4.397058e-01
4.399258e-01
4.400688e-01
4.401710e-01
4.402351e-01
4.404580e-01
4.406399e-01
4.408736e-01
4.409909e-01
4.410492e-01
4.413070e-01
4.414436e-01
4.415224e-01
4.416695e-01
4.417206e-01
4.421264e-01
4.422301e-01
4.424734e-01
4.426748e-01
4.427464e-01
4.428693e-01
4.429899e-01
4.432881e-01
4.434951e-01
4.436191e-01
4.437841e-01
4.439625e-01
4.440767e-01
4.443315e-01
4.444285e-01
4.445475e-01
4.446828e-01
4.447662e-01
4.448633e-01
4.449715e-01
4.452806e-01
4.455275e-01
4.456782e-01
4.458269e-01
4.459506e-01
4.460442e-01
4.461558e-01
4.463252e-01
4.465863e-01
4.466450e-01
4.467125e-01
4.469093e-01
4.471068e-01
4.472180e-01
4.473537e-01
4.474700e-01
4.476261e-01
4.479562e-01
4.480934e-01
4.481871e-01
4.482802e-01
4.487258e-01
4.487634e-01
4.489493e-01
4.491771e-01
4.493313e-01
4.494443e-01
4.496823e-01
4.498770e-01
4.500833e-01
4.501454e-01
4.502738e-01
4.503568e-01
4.504618e-01
4.506613e-01
4.510230e-01
4.511499e-01
4.512740e-01
4.513996e-01
4.515057e-01
4.517362e-01
4.518433e-01
4.520120e-01
4.521065e-01
4.521854e-01
4.523865e-01
4.524673e-01
4.525794e-01
4.527800e-01
4.529121e-01
4.530172e-01
4.531039e-01
4.534747e-01
4.537429e-01
4.540254e-01
4.542499e-01
4.544126e-01
4.544516e-01
4.545539e-01
4.547771e-01
4.550546e-01
4.552045e-01
4.555448e-01
4.556291e-01
4.557098e-01
4.559110e-01
4.561249e-01
4.562827e-01
4.564766e-01
4.567168e-01
4.569734e-01
4.570057e-01
4.571448e-01
4.573692e-01
4.576001e-01
4.577051e-01
4.577740e-01
4.581335e-01
4.581885e-01
4.583131e-01
4.584395e-01
4.586507e-01
4.588290e-01
4.589918e-01
4.592130e-01
4.593107e-01
4.596941e-01
4.598206e-01
4.599245e-01
4.603693e-01
4.604813e-01
4.605154e-01
4.607147e-01
4.610074e-01
4.611060e-01
4.612117e-01
4.614869e-01
4.616420e-01
4.617542e-01
4.619293e-01
4.620088e-01
4.623038e-01
4.624125e-01
4.625845e-01
4.629914e-01
4.631721e-01
4.632685e-01
4.634477e-01
4.635067e-01
4.636079e-01
4.638612e-01
4.641950e-01
4.642408e-01
4.642750e-01
4.644751e-01
4.644958e-01
4.647486e-01
4.650585e-01
4.652540e-01
4.654603e-01
4.656298e-01
4.657864e-01
4.660379e-01
4.662501e-01
4.664404e-01
4.664491e-01
4.667716e-01
4.669482e-01
4.669862e-01
4.672378e-01
4.672743e-01
4.676740e-01
4.678177e-01
4.680574e-01
4.681992e-01
4.683943e-01
4.685498e-01
4.688600e-01
4.689561e-01
4.691479e-01
4.693558e-01
4.694842e-01
4.696280e-01
4.697369e-01
4.698545e-01
4.699971e-01
4.702538e-01
4.705207e-01
4.705928e-01
4.708757e-01
4.709743e-01
4.712445e-01
4.713722e-01
4.715272e-01
4.715775e-01
4.717537e-01
4.718556e-01
4.722272e-01
4.723936e-01
4.725277e-01
4.727542e-01
4.729189e-01
4.731790e-01
4.732123e-01
4.737163e-01
4.738198e-01
4.740648e-01
4.743864e-01
4.745139e-01
4.747652e-01
4.748924e-01
4.750735e-01
4.752519e-01
4.755798e-01
4.756911e-01
4.761748e-01
4.764131e-01
4.764717e-01
4.768146e-01
4.771247e-01
4.772187e-01
4.772922e-01
4.775154e-01
4.776410e-01
4.778955e-01
4.780255e-01
4.781106e-01
4.784810e-01
4.788487e-01
4.791125e-01
4.791689e-01
4.793225e-01
4.794393e-01
4.797199e-01
4.798334e-01
4.803307e-01
4.805144e-01
4.809954e-01
4.810691e-01
4.811571e-01
4.815748e-01
4.816838e-01
4.817480e-01
4.820196e-01
4.821799e-01
4.822266e-01
4.824122e-01
4.827411e-01
4.828511e-01
4.831228e-01
4.832691e-01
4.833316e-01
4.839306e-01
4.840338e-01
4.841701e-01
4.843531e-01
4.844955e-01
4.845478e-01
4.849328e-01
4.852272e-01
4.853649e-01
4.854919e-01
4.856849e-01
4.859383e-01
4.860173e-01
4.861381e-01
4.865482e-01
4.869117e-01
4.870529e-01
4.871810e-01
4.872482e-01
4.875515e-01
4.876984e-01
4.881145e-01
4.882938e-01
4.886534e-01
4.889303e-01
4.891711e-01
4.894043e-01
4.894883e-01
4.897078e-01
4.898745e-01
4.900273e-01
4.903124e-01
4.905062e-01
4.908464e-01
4.913079e-01
4.913901e-01
4.915606e-01
4.916432e-01
4.919698e-01
4.924059e-01
4.926333e-01
4.928276e-01
4.930542e-01
4.935986e-01
4.937801e-01
4.939448e-01
4.942596e-01
4.945035e-01
4.946006e-01
4.949979e-01
4.956170e-01
4.957069e-01
4.960486e-01
4.961955e-01
4.963444e-01
4.965364e-01
4.968038e-01
4.969281e-01
4.970526e-01
4.972229e-01
4.975517e-01
4.977381e-01
4.982267e-01
4.983832e-01
4.985622e-01
4.989568e-01
4.991607e-01
4.993814e-01
4.995729e-01
4.995828e-01
4.997665e-01
5.000890e-01
5.003089e-01
5.005577e-01
5.007579e-01
5.007989e-01
5.013353e-01
5.014836e-01
5.017649e-01
5.018847e-01
5.019777e-01
5.023185e-01
5.024445e-01
5.026726e-01
5.029265e-01
5.033045e-01
5.034207e-01
5.035449e-01
5.040841e-01
5.043305e-01
5.047381e-01
5.048674e-01
5.051097e-01
5.055114e-01
5.056066e-01
5.057480e-01
5.059877e-01
5.060932e-01
5.063367e-01
5.066725e-01
5.071797e-01
5.072528e-01
5.074618e-01
5.077437e-01
5.078309e-01
5.081007e-01
5.083178e-01
5.086550e-01
5.088972e-01
5.093880e-01
5.095917e-01
5.096686e-01
5.097311e-01
5.098394e-01
5.098951e-01
5.103452e-01
5.103978e-01
5.106416e-01
5.110836e-01
5.114237e-01
5.119261e-01
5.126863e-01
5.129482e-01
5.130228e-01
5.131277e-01
5.136496e-01
5.137986e-01
5.143779e-01
5.148276e-01
5.152171e-01
5.152488e-01
5.154690e-01
5.156491e-01
5.160025e-01
5.161474e-01
5.162054e-01
5.165057e-01
5.170692e-01
5.172336e-01
5.175906e-01
5.181338e-01
5.184253e-01
5.184991e-01
5.187391e-01
5.190810e-01
5.191805e-01
5.196612e-01
5.198555e-01
5.201710e-01
5.203449e-01
5.207557e-01
5.210676e-01
5.213021e-01
5.216293e-01
5.218527e-01
5.224763e-01
5.227166e-01
5.229395e-01
5.230142e-01
5.232120e-01
5.234387e-01
5.237091e-01
5.240823e-01
5.244870e-01
5.247513e-01
5.249064e-01
5.251310e-01
5.254613e-01
5.258873e-01
5.262634e-01
5.264849e-01
5.266904e-01
5.270092e-01
5.272791e-01
5.273853e-01
5.275871e-01
5.280927e-01
5.282355e-01
5.284502e-01
5.287961e-01
5.292751e-01
5.294807e-01
5.299953e-01
5.301496e-01
5.306010e-01
5.306954e-01
5.309404e-01
5.313737e-01
5.316279e-01
5.316978e-01
5.318529e-01
5.319791e-01
5.322004e-01
5.322209e-01
5.326956e-01
5.327635e-01
5.329600e-01
5.339824e-01
5.343923e-01
5.346990e-01
5.349647e-01
5.353987e-01
5.355729e-01
5.356695e-01
5.358952e-01
5.361804e-01
5.366468e-01
5.367697e-01
5.370982e-01
5.374453e-01
5.375310e-01
5.378440e-01
5.380669e-01
5.382188e-01
5.383942e-01
5.387517e-01
5.388439e-01
5.392381e-01
5.395312e-01
5.399452e-01
5.403086e-01
5.404978e-01
5.407108e-01
5.409953e-01
5.410182e-01
5.413733e-01
5.416089e-01
5.416420e-01
5.418614e-01
5.423691e-01
5.429112e-01
5.429937e-01
5.431014e-01
5.433544e-01
5.439421e-01
5.443370e-01
5.446328e-01
5.447891e-01
5.448556e-01
5.450628e-01
5.453543e-01
5.455624e-01
5.460001e-01
5.460674e-01
5.465982e-01
5.470104e-01
5.472629e-01
5.474342e-01
5.477467e-01
5.481091e-01
5.483643e-01
5.487440e-01
5.490342e-01
5.494533e-01
5.496186e-01
5.499127e-01
5.502943e-01
5.511162e-01
5.513060e-01
5.514716e-01
5.517289e-01
5.519299e-01
5.521644e-01
5.525346e-01
5.528084e-01
5.529003e-01
5.534851e-01
5.535821e-01
5.540545e-01
5.542850e-01
5.545320e-01
5.549462e-01
5.552709e-01
5.555200e-01
5.557017e-01
5.560820e-01
5.563056e-01
5.565354e-01
5.568999e-01
5.571957e-01
5.573977e-01
5.576001e-01
5.577831e-01
5.580608e-01
5.583039e-01
5.588053e-01
5.590429e-01
5.590562e-01
5.593414e-01
5.598432e-01
5.601240e-01
5.602594e-01
5.604687e-01
5.611676e-01
5.619168e-01
5.620004e-01
5.622601e-01
5.623278e-01
5.629223e-01
5.633642e-01
5.635331e-01
5.637262e-01
5.638311e-01
5.643680e-01
5.645154e-01
5.653966e-01
5.656805e-01
5.660160e-01
5.666204e-01
5.668841e-01
5.670262e-01
5.671921e-01
5.673393e-01
5.675595e-01
5.681033e-01
5.683047e-01
5.685931e-01
5.692247e-01
5.697697e-01
5.701156e-01
5.703202e-01
5.704918e-01
5.706599e-01
5.712998e-01
5.715437e-01
5.721489e-01
5.730605e-01
5.732433e-01
5.736773e-01
5.741401e-01
5.743653e-01
5.744505e-01
5.748675e-01
5.750343e-01
5.756460e-01
5.757673e-01
5.759555e-01
5.761157e-01
5.763597e-01
5.765926e-01
5.771349e-01
5.776334e-01
5.781162e-01
5.785738e-01
5.787085e-01
5.793057e-01
5.796082e-01
5.797949e-01
5.799103e-01
5.802674e-01
5.807066e-01
5.811497e-01
5.814462e-01
5.816212e-01
5.822093e-01
5.823397e-01
5.827622e-01
5.829012e-01
5.834643e-01
5.836666e-01
5.841819e-01
5.844108e-01
5.852726e-01
5.856792e-01
5.859583e-01
5.862659e-01
5.867816e-01
5.872902e-01
5.875289e-01
5.878243e-01
5.879122e-01
5.881360e-01
5.883515e-01
5.887409e-01
5.898253e-01
5.901803e-01
5.905247e-01
5.906277e-01
5.913770e-01
5.919872e-01
5.921676e-01
5.927233e-01
5.938913e-01
5.940474e-01
5.941626e-01
5.946945e-01
5.957718e-01
5.958835e-01
5.960063e-01
5.962361e-01
5.964439e-01
5.969279e-01
5.969938e-01
5.976904e-01
5.980330e-01
5.984675e-01
5.996453e-01
5.997348e-01
5.999247e-01
6.002433e-01
6.009799e-01
6.010678e-01
6.015291e-01
6.015694e-01
6.020900e-01
6.021956e-01
6.032534e-01
6.036303e-01
6.037531e-01
6.041057e-01
6.043313e-01
6.044935e-01
6.049564e-01
6.059550e-01
6.062293e-01
6.064547e-01
6.069904e-01
6.073684e-01
6.074467e-01
6.082675e-01
6.086326e-01
6.094737e-01
6.097706e-01
6.100309e-01
6.104034e-01
6.105690e-01
6.108577e-01
6.108810e-01
6.116875e-01
6.119973e-01
6.124902e-01
6.131815e-01
6.135082e-01
6.137990e-01
6.141767e-01
6.154466e-01
6.157127e-01
6.161121e-01
6.165674e-01
6.168812e-01
6.184293e-01
6.188052e-01
6.189666e-01
6.192146e-01
6.193582e-01
6.197060e-01
6.208143e-01
6.209627e-01
6.213509e-01
6.218852e-01
6.223244e-01
6.228067e-01
6.236119e-01
6.243766e-01
6.248495e-01
6.252430e-01
6.254700e-01
6.258471e-01
6.265050e-01
6.265924e-01
6.268325e-01
6.269932e-01
6.270704e-01
6.277845e-01
6.283058e-01
6.284145e-01
6.286551e-01
6.287075e-01
6.290256e-01
6.303419e-01
6.306334e-01
6.313312e-01
6.315697e-01
6.327615e-01
6.330100e-01
6.332578e-01
6.336663e-01
6.339866e-01
6.341037e-01
6.344973e-01
6.348963e-01
6.350320e-01
6.357348e-01
6.360522e-01
6.370756e-01
6.374679e-01
6.381209e-01
6.382322e-01
6.389267e-01
6.393702e-01
6.395566e-01
6.398720e-01
6.403823e-01
6.405207e-01
6.414378e-01
6.416274e-01
6.421136e-01
6.427891e-01
6.432888e-01
6.437210e-01
6.441031e-01
6.449577e-01
6.451488e-01
6.454994e-01
6.458726e-01
6.461001e-01
6.461793e-01
6.464942e-01
6.471778e-01
6.478190e-01
6.479047e-01
6.480923e-01
6.496081e-01
6.500411e-01
6.509914e-01
6.514360e-01
6.520067e-01
6.523981e-01
6.531068e-01
6.534230e-01
6.535046e-01
6.535886e-01
6.537904e-01
6.548757e-01
6.562193e-01
6.567367e-01
6.569726e-01
6.577787e-01
6.581159e-01
6.582592e-01
6.588962e-01
6.591321e-01
6.595951e-01
6.600615e-01
6.608327e-01
6.610376e-01
6.611794e-01
6.615029e-01
6.623608e-01
6.627620e-01
6.635698e-01
6.637293e-01
6.648685e-01
6.663651e-01
6.675413e-01
6.679763e-01
6.688448e-01
6.698445e-01
6.709075e-01
6.711800e-01
6.714528e-01
6.714904e-01
6.729833e-01
6.736843e-01
6.737321e-01
6.746613e-01
6.750347e-01
6.754501e-01
6.761202e-01
6.768241e-01
6.770118e-01
6.779252e-01
6.797622e-01
6.810493e-01
6.816881e-01
6.820495e-01
6.827139e-01
6.832380e-01
6.845346e-01
6.849739e-01
6.860487e-01
6.867514e-01
6.871996e-01
6.877305e-01
6.881236e-01
6.887632e-01
6.891012e-01
6.894039e-01
6.895589e-01
6.906637e-01
6.908219e-01
6.915849e-01
6.926544e-01
6.931522e-01
6.943438e-01
6.951243e-01
6.953572e-01
6.958569e-01
6.966948e-01
6.972637e-01
6.977618e-01
6.986749e-01
7.000054e-01
7.000832e-01
7.001640e-01
7.007036e-01
7.010328e-01
7.017999e-01
7.020775e-01
7.027715e-01
7.035078e-01
7.037442e-01
7.052847e-01
7.060031e-01
7.061984e-01
7.083488e-01
7.089196e-01
7.099010e-01
7.104258e-01
7.109804e-01
7.115025e-01
7.133361e-01
7.143216e-01
7.160735e-01
7.173994e-01
7.179911e-01
7.191007e-01
7.195016e-01
7.195708e-01
7.201687e-01
7.207814e-01
7.212718e-01
7.215196e-01
7.222092e-01
7.226920e-01
7.234923e-01
7.241026e-01
7.253957e-01
7.261840e-01
7.276398e-01
7.282717e-01
7.287646e-01
7.321047e-01
7.332961e-01
7.335486e-01
7.347636e-01
7.352960e-01
7.358306e-01
7.379880e-01
7.400070e-01
7.402904e-01
7.408332e-01
7.419408e-01
7.421637e-01
7.428902e-01
7.438391e-01
7.449609e-01
7.461183e-01
7.465916e-01
7.468816e-01
7.481490e-01
7.509832e-01
7.529462e-01
7.532263e-01
7.548914e-01
7.556992e-01
7.569008e-01
7.570602e-01
7.593026e-01
7.597413e-01
7.597677e-01
7.603849e-01
7.613563e-01
7.614085e-01
7.618515e-01
7.629563e-01
7.676015e-01
7.692667e-01
7.698820e-01
7.705384e-01
7.705923e-01
7.740974e-01
7.744637e-01
7.760450e-01
7.776011e-01
7.798850e-01
7.812458e-01
7.812938e-01
7.845687e-01
7.882708e-01
7.897574e-01
7.915283e-01
7.927341e-01
7.932561e-01
7.948816e-01
7.980391e-01
7.984832e-01
7.989805e-01
8.005803e-01
8.011822e-01
8.032968e-01
8.045761e-01
8.049719e-01
8.099025e-01
8.101228e-01
8.104472e-01
8.119233e-01
8.120247e-01
8.172222e-01
8.214712e-01
8.221657e-01
8.226160e-01
8.257899e-01
8.288790e-01
8.289850e-01
8.372426e-01
8.373670e-01
8.411232e-01
8.451351e-01
8.505329e-01
8.607499e-01
8.625408e-01
8.664931e-01
8.673782e-01
8.699281e-01
8.870018e-01
8.886351e-01
8.959370e-01
9.023586e-01
9.069573e-01
9.112577e-01
9.228772e-01
9.269101e-01
9.369958e-01
9.492447e-01
9.592498e-01
9.638369e-01
9.662576e-01
1.000000e+00
