# SF-29 C-i4 candidate (i) i1o4 field=generic3d eps=0.5 N=16: sorted relative singular values of the dense central-FD Jacobian at the converged state (rows F_i=-q(L_i-S_i); outlet rows (2q/h)(vperp_in-c_perp); smax=1.197113e+04)
7.564011e-05
8.072332e-05
8.930476e-05
8.992672e-05
9.235952e-05
9.864830e-05
1.035741e-04
1.065336e-04
1.094746e-04
1.159419e-04
1.172917e-04
1.223077e-04
1.290151e-04
1.327035e-04
1.327842e-04
1.357689e-04
1.426661e-04
1.481428e-04
1.723236e-04
1.776197e-04
1.845915e-04
1.903330e-04
2.037254e-04
2.061081e-04
2.132308e-04
2.156460e-04
2.449621e-04
2.458698e-04
2.791976e-04
2.872734e-04
3.271761e-04
3.290274e-04
3.358103e-04
3.452411e-04
3.925113e-04
3.957427e-04
4.047182e-04
4.216298e-04
4.225553e-04
4.398664e-04
4.430494e-04
4.476767e-04
4.889458e-04
5.435966e-04
5.911431e-04
6.055687e-04
6.307634e-04
6.579989e-04
7.118692e-04
7.275499e-04
7.302320e-04
7.492838e-04
7.619374e-04
7.684586e-04
7.925602e-04
7.966681e-04
7.995427e-04
8.266717e-04
8.310098e-04
8.363649e-04
8.597001e-04
8.788768e-04
8.819449e-04
8.991607e-04
9.054902e-04
9.123848e-04
9.227417e-04
9.290028e-04
9.435452e-04
9.571019e-04
9.878579e-04
9.921978e-04
1.007232e-03
1.013504e-03
1.030906e-03
1.076204e-03
1.091855e-03
1.114565e-03
1.128079e-03
1.149526e-03
1.168877e-03
1.185249e-03
1.193253e-03
1.201969e-03
1.207743e-03
1.220900e-03
1.243223e-03
1.260490e-03
1.279805e-03
1.293915e-03
1.304325e-03
1.325831e-03
1.338269e-03
1.355942e-03
1.361522e-03
1.375424e-03
1.380008e-03
1.402504e-03
1.419627e-03
1.429274e-03
1.445835e-03
1.451055e-03
1.463250e-03
1.468885e-03
1.480734e-03
1.492610e-03
1.508645e-03
1.517861e-03
1.523590e-03
1.536006e-03
1.542774e-03
1.559368e-03
1.577975e-03
1.591728e-03
1.612320e-03
1.615611e-03
1.624932e-03
1.639538e-03
1.647025e-03
1.661182e-03
1.676543e-03
1.684632e-03
1.692510e-03
1.702761e-03
1.706796e-03
1.723013e-03
1.734356e-03
1.743935e-03
1.777442e-03
1.782931e-03
1.811743e-03
1.819575e-03
1.834010e-03
1.877276e-03
1.883893e-03
1.903107e-03
1.915349e-03
1.932358e-03
1.958382e-03
1.997054e-03
2.030074e-03
2.049087e-03
2.066526e-03
2.090750e-03
2.126943e-03
2.135736e-03
2.138800e-03
2.156661e-03
2.166770e-03
2.177974e-03
2.186509e-03
2.203201e-03
2.207340e-03
2.238883e-03
2.280569e-03
2.296108e-03
2.308644e-03
2.316707e-03
2.325534e-03
2.356988e-03
2.372137e-03
2.403533e-03
2.410522e-03
2.413164e-03
2.454519e-03
2.486384e-03
2.494794e-03
2.529618e-03
2.552633e-03
2.583578e-03
2.599139e-03
2.651225e-03
2.665767e-03
2.708857e-03
2.725325e-03
2.738576e-03
2.747458e-03
2.766105e-03
2.793446e-03
2.804760e-03
2.810632e-03
2.832899e-03
2.862512e-03
2.875673e-03
2.881223e-03
2.899351e-03
2.931363e-03
2.943874e-03
2.976236e-03
2.978891e-03
2.992321e-03
3.007352e-03
3.020080e-03
3.025707e-03
3.054045e-03
3.056420e-03
3.064535e-03
3.066938e-03
3.093028e-03
3.108121e-03
3.127862e-03
3.143925e-03
3.149762e-03
3.153583e-03
3.162830e-03
3.178081e-03
3.209038e-03
3.225809e-03
3.255569e-03
3.262086e-03
3.273751e-03
3.289101e-03
3.313560e-03
3.325233e-03
3.348820e-03
3.365133e-03
3.389228e-03
3.392943e-03
3.409247e-03
3.418689e-03
3.429172e-03
3.448946e-03
3.465805e-03
3.482785e-03
3.488870e-03
3.490921e-03
3.508686e-03
3.538852e-03
3.544092e-03
3.556897e-03
3.569861e-03
3.586154e-03
3.588355e-03
3.617195e-03
3.629257e-03
3.632288e-03
3.652842e-03
3.673072e-03
3.674924e-03
3.690140e-03
3.710653e-03
3.717501e-03
3.730608e-03
3.744863e-03
3.770880e-03
3.795212e-03
3.811364e-03
3.840187e-03
3.852267e-03
3.871862e-03
3.879790e-03
3.889734e-03
3.915667e-03
3.936343e-03
3.942251e-03
3.945895e-03
3.966044e-03
3.966808e-03
3.978743e-03
4.014203e-03
4.035701e-03
4.045101e-03
4.078995e-03
4.087910e-03
4.099728e-03
4.125987e-03
4.146955e-03
4.177583e-03
4.201349e-03
4.229077e-03
4.253817e-03
4.267893e-03
4.297649e-03
4.320069e-03
4.347121e-03
4.356428e-03
4.372942e-03
4.391642e-03
4.406381e-03
4.419968e-03
4.431889e-03
4.434743e-03
4.451748e-03
4.458531e-03
4.475408e-03
4.502069e-03
4.517561e-03
4.528255e-03
4.545399e-03
4.566828e-03
4.579181e-03
4.590789e-03
4.613142e-03
4.626397e-03
4.646666e-03
4.687234e-03
4.703765e-03
4.717650e-03
4.727060e-03
4.742830e-03
4.777370e-03
4.787046e-03
4.821257e-03
4.851950e-03
4.859189e-03
4.888634e-03
4.903345e-03
4.923537e-03
4.935742e-03
4.977561e-03
4.986670e-03
5.000042e-03
5.048427e-03
5.059180e-03
5.084654e-03
5.127480e-03
5.151520e-03
5.185659e-03
5.193818e-03
5.206577e-03
5.225789e-03
5.257554e-03
5.286644e-03
5.301313e-03
5.340113e-03
5.345604e-03
5.354969e-03
5.386448e-03
5.407108e-03
5.423388e-03
5.446056e-03
5.465114e-03
5.473025e-03
5.495460e-03
5.498963e-03
5.506897e-03
5.521719e-03
5.540485e-03
5.569198e-03
5.611832e-03
5.637593e-03
5.648928e-03
5.663870e-03
5.664243e-03
5.690477e-03
5.719257e-03
5.729434e-03
5.758447e-03
5.759753e-03
5.781405e-03
5.806233e-03
5.822962e-03
5.839432e-03
5.861061e-03
5.870545e-03
5.874100e-03
5.897804e-03
5.926812e-03
5.930195e-03
5.943720e-03
5.958595e-03
5.968736e-03
5.988278e-03
5.989570e-03
6.024264e-03
6.029051e-03
6.052222e-03
6.079809e-03
6.100883e-03
6.113204e-03
6.126827e-03
6.133714e-03
6.154127e-03
6.174713e-03
6.191630e-03
6.222034e-03
6.249639e-03
6.277187e-03
6.287921e-03
6.311914e-03
6.320118e-03
6.356331e-03
6.377014e-03
6.397775e-03
6.418890e-03
6.429358e-03
6.441035e-03
6.481984e-03
6.486937e-03
6.511798e-03
6.523003e-03
6.532491e-03
6.564975e-03
6.584525e-03
6.590784e-03
6.633348e-03
6.655489e-03
6.666896e-03
6.695162e-03
6.747283e-03
6.759144e-03
6.787891e-03
6.816091e-03
6.827816e-03
6.879029e-03
6.886031e-03
6.895251e-03
6.921350e-03
6.942552e-03
6.947723e-03
6.968552e-03
6.973888e-03
6.982257e-03
6.993914e-03
7.000121e-03
7.024665e-03
7.051876e-03
7.054412e-03
7.076328e-03
7.092938e-03
7.105095e-03
7.131728e-03
7.134984e-03
7.150003e-03
7.175505e-03
7.201960e-03
7.221041e-03
7.235792e-03
7.254979e-03
7.263029e-03
7.279841e-03
7.284948e-03
7.309853e-03
7.327268e-03
7.350615e-03
7.372372e-03
7.401769e-03
7.419460e-03
7.427080e-03
7.448057e-03
7.462728e-03
7.474241e-03
7.477766e-03
7.512932e-03
7.548492e-03
7.554326e-03
7.581413e-03
7.604394e-03
7.604990e-03
7.642954e-03
7.658680e-03
7.676748e-03
7.698454e-03
7.713315e-03
7.725430e-03
7.757542e-03
7.780180e-03
7.781878e-03
7.801501e-03
7.826160e-03
7.829318e-03
7.850201e-03
7.866416e-03
7.882614e-03
7.902820e-03
7.931332e-03
7.950337e-03
7.963741e-03
7.973873e-03
7.993982e-03
8.013901e-03
8.034521e-03
8.035949e-03
8.079619e-03
8.094877e-03
8.123397e-03
8.131027e-03
8.144284e-03
8.157224e-03
8.169797e-03
8.191321e-03
8.215386e-03
8.226729e-03
8.243293e-03
8.266883e-03
8.276989e-03
8.295506e-03
8.319680e-03
8.330412e-03
8.351293e-03
8.367180e-03
8.387313e-03
8.409199e-03
8.453601e-03
8.487600e-03
8.509819e-03
8.536214e-03
8.547460e-03
8.567007e-03
8.575909e-03
8.598607e-03
8.614035e-03
8.630918e-03
8.654258e-03
8.656970e-03
8.676278e-03
8.720059e-03
8.735867e-03
8.762899e-03
8.787759e-03
8.809574e-03
8.812826e-03
8.825996e-03
8.843254e-03
8.869647e-03
8.888952e-03
8.898234e-03
8.913064e-03
8.921318e-03
8.940429e-03
8.955794e-03
8.972072e-03
8.984472e-03
9.042515e-03
9.052746e-03
9.093600e-03
9.107071e-03
9.122573e-03
9.159622e-03
9.179713e-03
9.199205e-03
9.211166e-03
9.233848e-03
9.255679e-03
9.270101e-03
9.305990e-03
9.314937e-03
9.344047e-03
9.383730e-03
9.392091e-03
9.419651e-03
9.437794e-03
9.478364e-03
9.503449e-03
9.527923e-03
9.551022e-03
9.564052e-03
9.578153e-03
9.610167e-03
9.637454e-03
9.678236e-03
9.688571e-03
9.700619e-03
9.710095e-03
9.749470e-03
9.769907e-03
9.791994e-03
9.805261e-03
9.821845e-03
9.844133e-03
9.853953e-03
9.865634e-03
9.913511e-03
9.927933e-03
9.932738e-03
9.941723e-03
9.979090e-03
1.000448e-02
1.001884e-02
1.005166e-02
1.007613e-02
1.009814e-02
1.011479e-02
1.012748e-02
1.013777e-02
1.017364e-02
1.020104e-02
1.020309e-02
1.021766e-02
1.023025e-02
1.024868e-02
1.027817e-02
1.030468e-02
1.031583e-02
1.035664e-02
1.038230e-02
1.038906e-02
1.042047e-02
1.042942e-02
1.048411e-02
1.049889e-02
1.051313e-02
1.053792e-02
1.055610e-02
1.057260e-02
1.060465e-02
1.061161e-02
1.062782e-02
1.064666e-02
1.067167e-02
1.068082e-02
1.070169e-02
1.073030e-02
1.075490e-02
1.077716e-02
1.078710e-02
1.081756e-02
1.084364e-02
1.087235e-02
1.089793e-02
1.090581e-02
1.091741e-02
1.093847e-02
1.095746e-02
1.097216e-02
1.099298e-02
1.101761e-02
1.102176e-02
1.103403e-02
1.107347e-02
1.110007e-02
1.112747e-02
1.114594e-02
1.115030e-02
1.119674e-02
1.120415e-02
1.121425e-02
1.124662e-02
1.126450e-02
1.127912e-02
1.129684e-02
1.131702e-02
1.135368e-02
1.138302e-02
1.140337e-02
1.142534e-02
1.144056e-02
1.144692e-02
1.145568e-02
1.147227e-02
1.149255e-02
1.150511e-02
1.150825e-02
1.154512e-02
1.156316e-02
1.157013e-02
1.158185e-02
1.160836e-02
1.162090e-02
1.165539e-02
1.167623e-02
1.171051e-02
1.171995e-02
1.174430e-02
1.176319e-02
1.177606e-02
1.179574e-02
1.181078e-02
1.184315e-02
1.186708e-02
1.186949e-02
1.188940e-02
1.189998e-02
1.192209e-02
1.192999e-02
1.194935e-02
1.195820e-02
1.197646e-02
1.199976e-02
1.200442e-02
1.202661e-02
1.203934e-02
1.204914e-02
1.208589e-02
1.210433e-02
1.211871e-02
1.215149e-02
1.215788e-02
1.217948e-02
1.220891e-02
1.222422e-02
1.224404e-02
1.226981e-02
1.230091e-02
1.231771e-02
1.232236e-02
1.233274e-02
1.236105e-02
1.238036e-02
1.240609e-02
1.242243e-02
1.243406e-02
1.246181e-02
1.248410e-02
1.251039e-02
1.254433e-02
1.255905e-02
1.257890e-02
1.258075e-02
1.259607e-02
1.261436e-02
1.262418e-02
1.266334e-02
1.267232e-02
1.270147e-02
1.270972e-02
1.271998e-02
1.273954e-02
1.277199e-02
1.278754e-02
1.279540e-02
1.282099e-02
1.283003e-02
1.283585e-02
1.285390e-02
1.289416e-02
1.290982e-02
1.292455e-02
1.293190e-02
1.295551e-02
1.296728e-02
1.298098e-02
1.300516e-02
1.302193e-02
1.303725e-02
1.307923e-02
1.308592e-02
1.310322e-02
1.311466e-02
1.315625e-02
1.317846e-02
1.318076e-02
1.321159e-02
1.322432e-02
1.326449e-02
1.328268e-02
1.329582e-02
1.331283e-02
1.334238e-02
1.335145e-02
1.335887e-02
1.337983e-02
1.339473e-02
1.341812e-02
1.343903e-02
1.346206e-02
1.348773e-02
1.349589e-02
1.352743e-02
1.353083e-02
1.357175e-02
1.360398e-02
1.361500e-02
1.363867e-02
1.365172e-02
1.367264e-02
1.369452e-02
1.371205e-02
1.374129e-02
1.374597e-02
1.375626e-02
1.377083e-02
1.377896e-02
1.380854e-02
1.383492e-02
1.384361e-02
1.385572e-02
1.389457e-02
1.390895e-02
1.393176e-02
1.394271e-02
1.397556e-02
1.398280e-02
1.401313e-02
1.402902e-02
1.408181e-02
1.409553e-02
1.411900e-02
1.414928e-02
1.415179e-02
1.417545e-02
1.420713e-02
1.423238e-02
1.423958e-02
1.428211e-02
1.430262e-02
1.432371e-02
1.433132e-02
1.435447e-02
1.437007e-02
1.438183e-02
1.443685e-02
1.444866e-02
1.446166e-02
1.448726e-02
1.451402e-02
1.453483e-02
1.455400e-02
1.455789e-02
1.457887e-02
1.460393e-02
1.463045e-02
1.464643e-02
1.465831e-02
1.467865e-02
1.469532e-02
1.471400e-02
1.474591e-02
1.476481e-02
1.477726e-02
1.479715e-02
1.482867e-02
1.485751e-02
1.486292e-02
1.487763e-02
1.489546e-02
1.491470e-02
1.492449e-02
1.496604e-02
1.497362e-02
1.500404e-02
1.502324e-02
1.502845e-02
1.505635e-02
1.508118e-02
1.509009e-02
1.511244e-02
1.514538e-02
1.515095e-02
1.518077e-02
1.519793e-02
1.520558e-02
1.523069e-02
1.525108e-02
1.526934e-02
1.530647e-02
1.533761e-02
1.534364e-02
1.537955e-02
1.539838e-02
1.541377e-02
1.543781e-02
1.545099e-02
1.546741e-02
1.549756e-02
1.550759e-02
1.553135e-02
1.554675e-02
1.557322e-02
1.558343e-02
1.559987e-02
1.563347e-02
1.566278e-02
1.568899e-02
1.571680e-02
1.573482e-02
1.576698e-02
1.579326e-02
1.581486e-02
1.583396e-02
1.585437e-02
1.586308e-02
1.591111e-02
1.593377e-02
1.593972e-02
1.599075e-02
1.602011e-02
1.602497e-02
1.603868e-02
1.607267e-02
1.610298e-02
1.612349e-02
1.613641e-02
1.616923e-02
1.619275e-02
1.620331e-02
1.621054e-02
1.623348e-02
1.626970e-02
1.628925e-02
1.634301e-02
1.634650e-02
1.637630e-02
1.640396e-02
1.641996e-02
1.643421e-02
1.645703e-02
1.647114e-02
1.649035e-02
1.650461e-02
1.651769e-02
1.656547e-02
1.658664e-02
1.660871e-02
1.663151e-02
1.664857e-02
1.665496e-02
1.669888e-02
1.670587e-02
1.676104e-02
1.676906e-02
1.677624e-02
1.680320e-02
1.681921e-02
1.685155e-02
1.687246e-02
1.690431e-02
1.691844e-02
1.693530e-02
1.695319e-02
1.699516e-02
1.702852e-02
1.704077e-02
1.706593e-02
1.706841e-02
1.708891e-02
1.712773e-02
1.714305e-02
1.719364e-02
1.719584e-02
1.720999e-02
1.722765e-02
1.724642e-02
1.726376e-02
1.727462e-02
1.732058e-02
1.735270e-02
1.735434e-02
1.738248e-02
1.740201e-02
1.742014e-02
1.745791e-02
1.746300e-02
1.751120e-02
1.752548e-02
1.753782e-02
1.754381e-02
1.759022e-02
1.760329e-02
1.762079e-02
1.763271e-02
1.764175e-02
1.766893e-02
1.768250e-02
1.770097e-02
1.772264e-02
1.773472e-02
1.775426e-02
1.778755e-02
1.783465e-02
1.784974e-02
1.786331e-02
1.787748e-02
1.790676e-02
1.792645e-02
1.793393e-02
1.795630e-02
1.796088e-02
1.800219e-02
1.802012e-02
1.803257e-02
1.808738e-02
1.809833e-02
1.812894e-02
1.815980e-02
1.817983e-02
1.821478e-02
1.823956e-02
1.826108e-02
1.829363e-02
1.830055e-02
1.832418e-02
1.833961e-02
1.834588e-02
1.835851e-02
1.840424e-02
1.843010e-02
1.844865e-02
1.845765e-02
1.849327e-02
1.850591e-02
1.852468e-02
1.855504e-02
1.857203e-02
1.857564e-02
1.859653e-02
1.861855e-02
1.862890e-02
1.864920e-02
1.870802e-02
1.871118e-02
1.873048e-02
1.875628e-02
1.879843e-02
1.882856e-02
1.885887e-02
1.887242e-02
1.888025e-02
1.890351e-02
1.893452e-02
1.895370e-02
1.896662e-02
1.900165e-02
1.904214e-02
1.905017e-02
1.907017e-02
1.909397e-02
1.910353e-02
1.912950e-02
1.915666e-02
1.916769e-02
1.917134e-02
1.919351e-02
1.920443e-02
1.923454e-02
1.926491e-02
1.928053e-02
1.929706e-02
1.931815e-02
1.935412e-02
1.937692e-02
1.938625e-02
1.941638e-02
1.945704e-02
1.947528e-02
1.949407e-02
1.950661e-02
1.952435e-02
1.954192e-02
1.957560e-02
1.959762e-02
1.959786e-02
1.962968e-02
1.966085e-02
1.968066e-02
1.971133e-02
1.973508e-02
1.974350e-02
1.977983e-02
1.978715e-02
1.979383e-02
1.983276e-02
1.986189e-02
1.987295e-02
1.989300e-02
1.990499e-02
1.992233e-02
1.994947e-02
1.995804e-02
1.999348e-02
2.000654e-02
2.002280e-02
2.003392e-02
2.006289e-02
2.009241e-02
2.011679e-02
2.013943e-02
2.015918e-02
2.018363e-02
2.019788e-02
2.023373e-02
2.026877e-02
2.028880e-02
2.030256e-02
2.032565e-02
2.033621e-02
2.037081e-02
2.038853e-02
2.039484e-02
2.040267e-02
2.041229e-02
2.044632e-02
2.048104e-02
2.049437e-02
2.051481e-02
2.054080e-02
2.056062e-02
2.058108e-02
2.059102e-02
2.060838e-02
2.066245e-02
2.067020e-02
2.068851e-02
2.069683e-02
2.072930e-02
2.075026e-02
2.075223e-02
2.078497e-02
2.080261e-02
2.082019e-02
2.085034e-02
2.087040e-02
2.087514e-02
2.089110e-02
2.092707e-02
2.095103e-02
2.097909e-02
2.099868e-02
2.101119e-02
2.103459e-02
2.104028e-02
2.110407e-02
2.111650e-02
2.113052e-02
2.115345e-02
2.116754e-02
2.121020e-02
2.121816e-02
2.123547e-02
2.124592e-02
2.127192e-02
2.131021e-02
2.132345e-02
2.133527e-02
2.136139e-02
2.139469e-02
2.140471e-02
2.144577e-02
2.145531e-02
2.146745e-02
2.148524e-02
2.150705e-02
2.155082e-02
2.156033e-02
2.157979e-02
2.162177e-02
2.164230e-02
2.165426e-02
2.166655e-02
2.168888e-02
2.169532e-02
2.174248e-02
2.178818e-02
2.179794e-02
2.182014e-02
2.183426e-02
2.185821e-02
2.186439e-02
2.189692e-02
2.192477e-02
2.193691e-02
2.196649e-02
2.198851e-02
2.199610e-02
2.203803e-02
2.205662e-02
2.206344e-02
2.209928e-02
2.212029e-02
2.213420e-02
2.215932e-02
2.217206e-02
2.218955e-02
2.221944e-02
2.225917e-02
2.226205e-02
2.227574e-02
2.230437e-02
2.231786e-02
2.233523e-02
2.236145e-02
2.238146e-02
2.239121e-02
2.242253e-02
2.244162e-02
2.245678e-02
2.247403e-02
2.251563e-02
2.253252e-02
2.255708e-02
2.257436e-02
2.262078e-02
2.264278e-02
2.266708e-02
2.267828e-02
2.270841e-02
2.271752e-02
2.274909e-02
2.276594e-02
2.279005e-02
2.281602e-02
2.284143e-02
2.288043e-02
2.289730e-02
2.290731e-02
2.292122e-02
2.294976e-02
2.295407e-02
2.295616e-02
2.299122e-02
2.302500e-02
2.306714e-02
2.308398e-02
2.309401e-02
2.312408e-02
2.314853e-02
2.315886e-02
2.319483e-02
2.320056e-02
2.322025e-02
2.324789e-02
2.326147e-02
2.329401e-02
2.330940e-02
2.332868e-02
2.334525e-02
2.337839e-02
2.341273e-02
2.343196e-02
2.344392e-02
2.347989e-02
2.350259e-02
2.353040e-02
2.355972e-02
2.359186e-02
2.360332e-02
2.360766e-02
2.363410e-02
2.365898e-02
2.366694e-02
2.371578e-02
2.374611e-02
2.376122e-02
2.378523e-02
2.378794e-02
2.380447e-02
2.383366e-02
2.385984e-02
2.388073e-02
2.391537e-02
2.393580e-02
2.396432e-02
2.399381e-02
2.401615e-02
2.402761e-02
2.404478e-02
2.405024e-02
2.406354e-02
2.408323e-02
2.409821e-02
2.411266e-02
2.413421e-02
2.416337e-02
2.418881e-02
2.422122e-02
2.424401e-02
2.425261e-02
2.427910e-02
2.430407e-02
2.432991e-02
2.433033e-02
2.438869e-02
2.441235e-02
2.443713e-02
2.447466e-02
2.449226e-02
2.450574e-02
2.451867e-02
2.453173e-02
2.455872e-02
2.460755e-02
2.463130e-02
2.465415e-02
2.466613e-02
2.467133e-02
2.468101e-02
2.473402e-02
2.475178e-02
2.476866e-02
2.478435e-02
2.480697e-02
2.485108e-02
2.487978e-02
2.489292e-02
2.492616e-02
2.494601e-02
2.496637e-02
2.499857e-02
2.503316e-02
2.505722e-02
2.507383e-02
2.509824e-02
2.511228e-02
2.514241e-02
2.515530e-02
2.519472e-02
2.520705e-02
2.522501e-02
2.524005e-02
2.525458e-02
2.527110e-02
2.530195e-02
2.532731e-02
2.535298e-02
2.536421e-02
2.541187e-02
2.542718e-02
2.547021e-02
2.547435e-02
2.548766e-02
2.549373e-02
2.555160e-02
2.556163e-02
2.557692e-02
2.560703e-02
2.563153e-02
2.563342e-02
2.566728e-02
2.569954e-02
2.572433e-02
2.573110e-02
2.576860e-02
2.578868e-02
2.580440e-02
2.581773e-02
2.585499e-02
2.587348e-02
2.590173e-02
2.591682e-02
2.594833e-02
2.597867e-02
2.599528e-02
2.601333e-02
2.604140e-02
2.607100e-02
2.609799e-02
2.613708e-02
2.613857e-02
2.616598e-02
2.617327e-02
2.618960e-02
2.620525e-02
2.622913e-02
2.625339e-02
2.626905e-02
2.631825e-02
2.635990e-02
2.637151e-02
2.640001e-02
2.641385e-02
2.644765e-02
2.644989e-02
2.648188e-02
2.649593e-02
2.650868e-02
2.652771e-02
2.656326e-02
2.657687e-02
2.661935e-02
2.662473e-02
2.664543e-02
2.666039e-02
2.668852e-02
2.670402e-02
2.672435e-02
2.676378e-02
2.677589e-02
2.681897e-02
2.682729e-02
2.684403e-02
2.687008e-02
2.690250e-02
2.691718e-02
2.692960e-02
2.697954e-02
2.700075e-02
2.700944e-02
2.702735e-02
2.704014e-02
2.707921e-02
2.711078e-02
2.712306e-02
2.713433e-02
2.716831e-02
2.718789e-02
2.719035e-02
2.721366e-02
2.724898e-02
2.728484e-02
2.730792e-02
2.733347e-02
2.735729e-02
2.737493e-02
2.739039e-02
2.741556e-02
2.742770e-02
2.745948e-02
2.747620e-02
2.749681e-02
2.751506e-02
2.752397e-02
2.755429e-02
2.758941e-02
2.763002e-02
2.764465e-02
2.767245e-02
2.767896e-02
2.769632e-02
2.773188e-02
2.775043e-02
2.777082e-02
2.780501e-02
2.782372e-02
2.783832e-02
2.786541e-02
2.787923e-02
2.789660e-02
2.792259e-02
2.794602e-02
2.798290e-02
2.799668e-02
2.801600e-02
2.804362e-02
2.805063e-02
2.805664e-02
2.809123e-02
2.810483e-02
2.812751e-02
2.815539e-02
2.818239e-02
2.821149e-02
2.821873e-02
2.825468e-02
2.827250e-02
2.828914e-02
2.833624e-02
2.834870e-02
2.836139e-02
2.840758e-02
2.842158e-02
2.843910e-02
2.844564e-02
2.849369e-02
2.850904e-02
2.853048e-02
2.853747e-02
2.858483e-02
2.860410e-02
2.861828e-02
2.863422e-02
2.865721e-02
2.868897e-02
2.870846e-02
2.872673e-02
2.876278e-02
2.877215e-02
2.879213e-02
2.879757e-02
2.882829e-02
2.885771e-02
2.887631e-02
2.892706e-02
2.894198e-02
2.896078e-02
2.898700e-02
2.900331e-02
2.901309e-02
2.903886e-02
2.905229e-02
2.908009e-02
2.910102e-02
2.914710e-02
2.916005e-02
2.916116e-02
2.918220e-02
2.920424e-02
2.924114e-02
2.925457e-02
2.928790e-02
2.930670e-02
2.931666e-02
2.932308e-02
2.935473e-02
2.937694e-02
2.937942e-02
2.941214e-02
2.942320e-02
2.946099e-02
2.947776e-02
2.948382e-02
2.953540e-02
2.954655e-02
2.954921e-02
2.960906e-02
2.961936e-02
2.965149e-02
2.967077e-02
2.967527e-02
2.970306e-02
2.974115e-02
2.975633e-02
2.976328e-02
2.979382e-02
2.981507e-02
2.985541e-02
2.986560e-02
2.989043e-02
2.992348e-02
2.993153e-02
2.996959e-02
2.998298e-02
3.000267e-02
3.002204e-02
3.004275e-02
3.008234e-02
3.009780e-02
3.011093e-02
3.012833e-02
3.014149e-02
3.014893e-02
3.017658e-02
3.026063e-02
3.027388e-02
3.028136e-02
3.031076e-02
3.031917e-02
3.035118e-02
3.035965e-02
3.040127e-02
3.040875e-02
3.043764e-02
3.044285e-02
3.046604e-02
3.050156e-02
3.051388e-02
3.054966e-02
3.057643e-02
3.058391e-02
3.059414e-02
3.062639e-02
3.063879e-02
3.066278e-02
3.070391e-02
3.071825e-02
3.077603e-02
3.077713e-02
3.079659e-02
3.080751e-02
3.083319e-02
3.083991e-02
3.085939e-02
3.087813e-02
3.090719e-02
3.091900e-02
3.096334e-02
3.096742e-02
3.098051e-02
3.101543e-02
3.104876e-02
3.106775e-02
3.108392e-02
3.108774e-02
3.112501e-02
3.115254e-02
3.118214e-02
3.119468e-02
3.122266e-02
3.124600e-02
3.125946e-02
3.128197e-02
3.133108e-02
3.135890e-02
3.137303e-02
3.140689e-02
3.143285e-02
3.144798e-02
3.146258e-02
3.150620e-02
3.151583e-02
3.152586e-02
3.157910e-02
3.159658e-02
3.160033e-02
3.162997e-02
3.164447e-02
3.165348e-02
3.170727e-02
3.173589e-02
3.175163e-02
3.176145e-02
3.180518e-02
3.181286e-02
3.183383e-02
3.185372e-02
3.186021e-02
3.193135e-02
3.193731e-02
3.196602e-02
3.199168e-02
3.201948e-02
3.203574e-02
3.204748e-02
3.207160e-02
3.208078e-02
3.213431e-02
3.215704e-02
3.217783e-02
3.219244e-02
3.221700e-02
3.223477e-02
3.224756e-02
3.229396e-02
3.230952e-02
3.233600e-02
3.234407e-02
3.236652e-02
3.240196e-02
3.242164e-02
3.245410e-02
3.247311e-02
3.248419e-02
3.251682e-02
3.254498e-02
3.256627e-02
3.260300e-02
3.262124e-02
3.263172e-02
3.264512e-02
3.266556e-02
3.267612e-02
3.271340e-02
3.271943e-02
3.276633e-02
3.277182e-02
3.280092e-02
3.281721e-02
3.285343e-02
3.287479e-02
3.287633e-02
3.289993e-02
3.292659e-02
3.293779e-02
3.296390e-02
3.298238e-02
3.300706e-02
3.304305e-02
3.305415e-02
3.306338e-02
3.308613e-02
3.313110e-02
3.315063e-02
3.321522e-02
3.323120e-02
3.323613e-02
3.326835e-02
3.331502e-02
3.333043e-02
3.335464e-02
3.335610e-02
3.337154e-02
3.339932e-02
3.343131e-02
3.344889e-02
3.346975e-02
3.347786e-02
3.348595e-02
3.352913e-02
3.357001e-02
3.358382e-02
3.360492e-02
3.362097e-02
3.363737e-02
3.366281e-02
3.369326e-02
3.371728e-02
3.375566e-02
3.376970e-02
3.378584e-02
3.380127e-02
3.381788e-02
3.382540e-02
3.387589e-02
3.390009e-02
3.391573e-02
3.394197e-02
3.396165e-02
3.398859e-02
3.399617e-02
3.404347e-02
3.404642e-02
3.408739e-02
3.409712e-02
3.412334e-02
3.414923e-02
3.415636e-02
3.419350e-02
3.419975e-02
3.421375e-02
3.423042e-02
3.425056e-02
3.426405e-02
3.428119e-02
3.430464e-02
3.433747e-02
3.435747e-02
3.437113e-02
3.440793e-02
3.442673e-02
3.446721e-02
3.447985e-02
3.450425e-02
3.452152e-02
3.455344e-02
3.456105e-02
3.458520e-02
3.460507e-02
3.462734e-02
3.463764e-02
3.466336e-02
3.468475e-02
3.471398e-02
3.471642e-02
3.473639e-02
3.478029e-02
3.481388e-02
3.481724e-02
3.484557e-02
3.485437e-02
3.489657e-02
3.491249e-02
3.492764e-02
3.496164e-02
3.499729e-02
3.500612e-02
3.502116e-02
3.505795e-02
3.507100e-02
3.510618e-02
3.511793e-02
3.513757e-02
3.513966e-02
3.516174e-02
3.521012e-02
3.522841e-02
3.523997e-02
3.527598e-02
3.530324e-02
3.531508e-02
3.532327e-02
3.534680e-02
3.539992e-02
3.542819e-02
3.544229e-02
3.548954e-02
3.550662e-02
3.552101e-02
3.554062e-02
3.555159e-02
3.556157e-02
3.558313e-02
3.561448e-02
3.563011e-02
3.563474e-02
3.570043e-02
3.572823e-02
3.573678e-02
3.577219e-02
3.579131e-02
3.580130e-02
3.581602e-02
3.585396e-02
3.588471e-02
3.589745e-02
3.591575e-02
3.592879e-02
3.594309e-02
3.595817e-02
3.597528e-02
3.601101e-02
3.602703e-02
3.604342e-02
3.607564e-02
3.611053e-02
3.611562e-02
3.616401e-02
3.618479e-02
3.619263e-02
3.624730e-02
3.625769e-02
3.627944e-02
3.629493e-02
3.630822e-02
3.633486e-02
3.635999e-02
3.638250e-02
3.640457e-02
3.643406e-02
3.644272e-02
3.645599e-02
3.647859e-02
3.650719e-02
3.654250e-02
3.655399e-02
3.657526e-02
3.661573e-02
3.663153e-02
3.666070e-02
3.667537e-02
3.669170e-02
3.670507e-02
3.673162e-02
3.675640e-02
3.678136e-02
3.679824e-02
3.681749e-02
3.682527e-02
3.687065e-02
3.692921e-02
3.693402e-02
3.694108e-02
3.697998e-02
3.698629e-02
3.700372e-02
3.702115e-02
3.705769e-02
3.707258e-02
3.712082e-02
3.713742e-02
3.714706e-02
3.715669e-02
3.717833e-02
3.721112e-02
3.724347e-02
3.726521e-02
3.727533e-02
3.729715e-02
3.731449e-02
3.733538e-02
3.734881e-02
3.736453e-02
3.740481e-02
3.742149e-02
3.744424e-02
3.745996e-02
3.748345e-02
3.752623e-02
3.756656e-02
3.757262e-02
3.761429e-02
3.761799e-02
3.763572e-02
3.767161e-02
3.769643e-02
3.770688e-02
3.772997e-02
3.776333e-02
3.777054e-02
3.778464e-02
3.781103e-02
3.783320e-02
3.785297e-02
3.785937e-02
3.787025e-02
3.790806e-02
3.791143e-02
3.796519e-02
3.799445e-02
3.800092e-02
3.800469e-02
3.803887e-02
3.807020e-02
3.807172e-02
3.812622e-02
3.814744e-02
3.814929e-02
3.817362e-02
3.819951e-02
3.822257e-02
3.823611e-02
3.827582e-02
3.829430e-02
3.833619e-02
3.835190e-02
3.839534e-02
3.840764e-02
3.842547e-02
3.845361e-02
3.846176e-02
3.848587e-02
3.850375e-02
3.851753e-02
3.852437e-02
3.855718e-02
3.858697e-02
3.860412e-02
3.862636e-02
3.865378e-02
3.867095e-02
3.869193e-02
3.873428e-02
3.875521e-02
3.877493e-02
3.878506e-02
3.880962e-02
3.881571e-02
3.885096e-02
3.887212e-02
3.891843e-02
3.893699e-02
3.895872e-02
3.897828e-02
3.898246e-02
3.904135e-02
3.906389e-02
3.907271e-02
3.909579e-02
3.913532e-02
3.915267e-02
3.917007e-02
3.918295e-02
3.922351e-02
3.922750e-02
3.925796e-02
3.927817e-02
3.929566e-02
3.934162e-02
3.936989e-02
3.937592e-02
3.940383e-02
3.941458e-02
3.942894e-02
3.943810e-02
3.947583e-02
3.950105e-02
3.951539e-02
3.952958e-02
3.957369e-02
3.958132e-02
3.961503e-02
3.962169e-02
3.963851e-02
3.966310e-02
3.969196e-02
3.969669e-02
3.973046e-02
3.975344e-02
3.978856e-02
3.981059e-02
3.981982e-02
3.982303e-02
3.985144e-02
3.987595e-02
3.990547e-02
3.991461e-02
3.993852e-02
3.994881e-02
3.996941e-02
4.000347e-02
4.003651e-02
4.004902e-02
4.009337e-02
4.011072e-02
4.015416e-02
4.016146e-02
4.018386e-02
4.021509e-02
4.022894e-02
4.025107e-02
4.026225e-02
4.030364e-02
4.031639e-02
4.033798e-02
4.034586e-02
4.036038e-02
4.039356e-02
4.039673e-02
4.041865e-02
4.043180e-02
4.046441e-02
4.048929e-02
4.049755e-02
4.052020e-02
4.054935e-02
4.056677e-02
4.057984e-02
4.063411e-02
4.065124e-02
4.067120e-02
4.068773e-02
4.070977e-02
4.072073e-02
4.073756e-02
4.075800e-02
4.079098e-02
4.081459e-02
4.082816e-02
4.083733e-02
4.087481e-02
4.088650e-02
4.090810e-02
4.094295e-02
4.097077e-02
4.098169e-02
4.102294e-02
4.103748e-02
4.106401e-02
4.106950e-02
4.111113e-02
4.113092e-02
4.115841e-02
4.121169e-02
4.122572e-02
4.123813e-02
4.125105e-02
4.125783e-02
4.127496e-02
4.130513e-02
4.132081e-02
4.134943e-02
4.136458e-02
4.139964e-02
4.143020e-02
4.144817e-02
4.145573e-02
4.147145e-02
4.151220e-02
4.155239e-02
4.156178e-02
4.160051e-02
4.160565e-02
4.160937e-02
4.164711e-02
4.167585e-02
4.171347e-02
4.173530e-02
4.174803e-02
4.176251e-02
4.177459e-02
4.180446e-02
4.180913e-02
4.184923e-02
4.187568e-02
4.188034e-02
4.190265e-02
4.193886e-02
4.195956e-02
4.197219e-02
4.199738e-02
4.200134e-02
4.203975e-02
4.205903e-02
4.208142e-02
4.210885e-02
4.212809e-02
4.216524e-02
4.219266e-02
4.220882e-02
4.224420e-02
4.227570e-02
4.229285e-02
4.230203e-02
4.231510e-02
4.233579e-02
4.235144e-02
4.238293e-02
4.238698e-02
4.241998e-02
4.242387e-02
4.247494e-02
4.247842e-02
4.250192e-02
4.252495e-02
4.257335e-02
4.258115e-02
4.258902e-02
4.264858e-02
4.266114e-02
4.268931e-02
4.269844e-02
4.272563e-02
4.274115e-02
4.275006e-02
4.276472e-02
4.278116e-02
4.281891e-02
4.282660e-02
4.285129e-02
4.287363e-02
4.291870e-02
4.292392e-02
4.293842e-02
4.295554e-02
4.297768e-02
4.300998e-02
4.303113e-02
4.305529e-02
4.306799e-02
4.308220e-02
4.312322e-02
4.315744e-02
4.317087e-02
4.319301e-02
4.321080e-02
4.323671e-02
4.325296e-02
4.327758e-02
4.329512e-02
4.331599e-02
4.335349e-02
4.338668e-02
4.341403e-02
4.342710e-02
4.345513e-02
4.346025e-02
4.348394e-02
4.351483e-02
4.355432e-02
4.355664e-02
4.358532e-02
4.359304e-02
4.362560e-02
4.364747e-02
4.365899e-02
4.367803e-02
4.370208e-02
4.373250e-02
4.374603e-02
4.375829e-02
4.378338e-02
4.381482e-02
4.382200e-02
4.384094e-02
4.387350e-02
4.391740e-02
4.394777e-02
4.395921e-02
4.397334e-02
4.399999e-02
4.403275e-02
4.406966e-02
4.407209e-02
4.410812e-02
4.411571e-02
4.414992e-02
4.417327e-02
4.421158e-02
4.421504e-02
4.424389e-02
4.426620e-02
4.428348e-02
4.430020e-02
4.431729e-02
4.435037e-02
4.438257e-02
4.439930e-02
4.442270e-02
4.443038e-02
4.446657e-02
4.450294e-02
4.452409e-02
4.452777e-02
4.454347e-02
4.457624e-02
4.460095e-02
4.462469e-02
4.463455e-02
4.466405e-02
4.467717e-02
4.470006e-02
4.473015e-02
4.473427e-02
4.476215e-02
4.478982e-02
4.480951e-02
4.483892e-02
4.485081e-02
4.487576e-02
4.489078e-02
4.492635e-02
4.496663e-02
4.497408e-02
4.498848e-02
4.500497e-02
4.502994e-02
4.504984e-02
4.507668e-02
4.509035e-02
4.510778e-02
4.515214e-02
4.517093e-02
4.518462e-02
4.520075e-02
4.524065e-02
4.525545e-02
4.527451e-02
4.531826e-02
4.534421e-02
4.536564e-02
4.538782e-02
4.540176e-02
4.541508e-02
4.545923e-02
4.546628e-02
4.549796e-02
4.551132e-02
4.554130e-02
4.554344e-02
4.561121e-02
4.562778e-02
4.566094e-02
4.567200e-02
4.568454e-02
4.571195e-02
4.571996e-02
4.573513e-02
4.575250e-02
4.579525e-02
4.580239e-02
4.582712e-02
4.583644e-02
4.585243e-02
4.587944e-02
4.593421e-02
4.594082e-02
4.595052e-02
4.597709e-02
4.599213e-02
4.603043e-02
4.604227e-02
4.606508e-02
4.607723e-02
4.609906e-02
4.612971e-02
4.613073e-02
4.617116e-02
4.619672e-02
4.620481e-02
4.622307e-02
4.624457e-02
4.629225e-02
4.631149e-02
4.633049e-02
4.634099e-02
4.636610e-02
4.638762e-02
4.639946e-02
4.643330e-02
4.645508e-02
4.647398e-02
4.650201e-02
4.651390e-02
4.654031e-02
4.655743e-02
4.656510e-02
4.658758e-02
4.661369e-02
4.662989e-02
4.665282e-02
4.668312e-02
4.671908e-02
4.673087e-02
4.674424e-02
4.675886e-02
4.679064e-02
4.682752e-02
4.683486e-02
4.684260e-02
4.689990e-02
4.691220e-02
4.693984e-02
4.695033e-02
4.696980e-02
4.699620e-02
4.702775e-02
4.704774e-02
4.705011e-02
4.710239e-02
4.710770e-02
4.712936e-02
4.717345e-02
4.719351e-02
4.723194e-02
4.724470e-02
4.725389e-02
4.726870e-02
4.730407e-02
4.731738e-02
4.736368e-02
4.738904e-02
4.740863e-02
4.743579e-02
4.745401e-02
4.746564e-02
4.748242e-02
4.750291e-02
4.754914e-02
4.755903e-02
4.757043e-02
4.760322e-02
4.760669e-02
4.763694e-02
4.766407e-02
4.768380e-02
4.769014e-02
4.772098e-02
4.773643e-02
4.775717e-02
4.778658e-02
4.781208e-02
4.783160e-02
4.783462e-02
4.787671e-02
4.789676e-02
4.791747e-02
4.793417e-02
4.795159e-02
4.799248e-02
4.800957e-02
4.802879e-02
4.804913e-02
4.805982e-02
4.809110e-02
4.811124e-02
4.811683e-02
4.815476e-02
4.818184e-02
4.820642e-02
4.822576e-02
4.824249e-02
4.826661e-02
4.828579e-02
4.829892e-02
4.833275e-02
4.833481e-02
4.838539e-02
4.841704e-02
4.843744e-02
4.845204e-02
4.846754e-02
4.847390e-02
4.850333e-02
4.851858e-02
4.854738e-02
4.856686e-02
4.857020e-02
4.861249e-02
4.862455e-02
4.863649e-02
4.868952e-02
4.872100e-02
4.873672e-02
4.874608e-02
4.875085e-02
4.877553e-02
4.881086e-02
4.882467e-02
4.884696e-02
4.885836e-02
4.890706e-02
4.893305e-02
4.893938e-02
4.894344e-02
4.897590e-02
4.899954e-02
4.901347e-02
4.903001e-02
4.905497e-02
4.908395e-02
4.909649e-02
4.910633e-02
4.911953e-02
4.914083e-02
4.917178e-02
4.919164e-02
4.922469e-02
4.924486e-02
4.925750e-02
4.929300e-02
4.930567e-02
4.934330e-02
4.935715e-02
4.937434e-02
4.938799e-02
4.942368e-02
4.943256e-02
4.945931e-02
4.948923e-02
4.951587e-02
4.953468e-02
4.954735e-02
4.956912e-02
4.958288e-02
4.962038e-02
4.964327e-02
4.965958e-02
4.968189e-02
4.969602e-02
4.970732e-02
4.973054e-02
4.976227e-02
4.977194e-02
4.978849e-02
4.980873e-02
4.985053e-02
4.986256e-02
4.988156e-02
4.991599e-02
4.992875e-02
4.994406e-02
4.998095e-02
4.999030e-02
5.000424e-02
5.002212e-02
5.004153e-02
5.005259e-02
5.009434e-02
5.012363e-02
5.015104e-02
5.016784e-02
5.018606e-02
5.021834e-02
5.022999e-02
5.025056e-02
5.026259e-02
5.030406e-02
5.034133e-02
5.034965e-02
5.038344e-02
5.040331e-02
5.042991e-02
5.044154e-02
5.044795e-02
5.046118e-02
5.047717e-02
5.050966e-02
5.051893e-02
5.053152e-02
5.055995e-02
5.058431e-02
5.060439e-02
5.064419e-02
5.067610e-02
5.070468e-02
5.070757e-02
5.072086e-02
5.075384e-02
5.077109e-02
5.079713e-02
5.081120e-02
5.085751e-02
5.086924e-02
5.089172e-02
5.094374e-02
5.097116e-02
5.099828e-02
5.100895e-02
5.102656e-02
5.105688e-02
5.108533e-02
5.110103e-02
5.110548e-02
5.111813e-02
5.113955e-02
5.114787e-02
5.117872e-02
5.121363e-02
5.123256e-02
5.127947e-02
5.129227e-02
5.131098e-02
5.133045e-02
5.133765e-02
5.136508e-02
5.139744e-02
5.141419e-02
5.143401e-02
5.145346e-02
5.146455e-02
5.150329e-02
5.152123e-02
5.154105e-02
5.158698e-02
5.160962e-02
5.162390e-02
5.162828e-02
5.164830e-02
5.167627e-02
5.169747e-02
5.171394e-02
5.173747e-02
5.174071e-02
5.178764e-02
5.180416e-02
5.184509e-02
5.187578e-02
5.188716e-02
5.192182e-02
5.193257e-02
5.195883e-02
5.199072e-02
5.200701e-02
5.202724e-02
5.206504e-02
5.207301e-02
5.209285e-02
5.210276e-02
5.212366e-02
5.213746e-02
5.215391e-02
5.220796e-02
5.221843e-02
5.224050e-02
5.225564e-02
5.226893e-02
5.230503e-02
5.232774e-02
5.234716e-02
5.236411e-02
5.238826e-02
5.239730e-02
5.242029e-02
5.244400e-02
5.245497e-02
5.246585e-02
5.252597e-02
5.254141e-02
5.254962e-02
5.257970e-02
5.261224e-02
5.262538e-02
5.263634e-02
5.266924e-02
5.267749e-02
5.269911e-02
5.271779e-02
5.273230e-02
5.277419e-02
5.278997e-02
5.280203e-02
5.284532e-02
5.286147e-02
5.288658e-02
5.290046e-02
5.290598e-02
5.294357e-02
5.294989e-02
5.296927e-02
5.300671e-02
5.301780e-02
5.303502e-02
5.306719e-02
5.309553e-02
5.311103e-02
5.313953e-02
5.314864e-02
5.316507e-02
5.317660e-02
5.320272e-02
5.324961e-02
5.328326e-02
5.329509e-02
5.332639e-02
5.335235e-02
5.335582e-02
5.338862e-02
5.340193e-02
5.341483e-02
5.344596e-02
5.344904e-02
5.348068e-02
5.349489e-02
5.353544e-02
5.357728e-02
5.357888e-02
5.359708e-02
5.361857e-02
5.364528e-02
5.368767e-02
5.369444e-02
5.371524e-02
5.373665e-02
5.376395e-02
5.378404e-02
5.380345e-02
5.382619e-02
5.383529e-02
5.386218e-02
5.387475e-02
5.391333e-02
5.394963e-02
5.396458e-02
5.397679e-02
5.399826e-02
5.400963e-02
5.403920e-02
5.407525e-02
5.408734e-02
5.411852e-02
5.414396e-02
5.416808e-02
5.420654e-02
5.421593e-02
5.425651e-02
5.426275e-02
5.428331e-02
5.429662e-02
5.432958e-02
5.436996e-02
5.440324e-02
5.441729e-02
5.443210e-02
5.446152e-02
5.447752e-02
5.451119e-02
5.455038e-02
5.457841e-02
5.459468e-02
5.460314e-02
5.462900e-02
5.463619e-02
5.465848e-02
5.467229e-02
5.469424e-02
5.473370e-02
5.474043e-02
5.477640e-02
5.479405e-02
5.481443e-02
5.482457e-02
5.485540e-02
5.486884e-02
5.490964e-02
5.493177e-02
5.499509e-02
5.499817e-02
5.501716e-02
5.504221e-02
5.505873e-02
5.507694e-02
5.509088e-02
5.511655e-02
5.512072e-02
5.513649e-02
5.518037e-02
5.521324e-02
5.522136e-02
5.525370e-02
5.529597e-02
5.532082e-02
5.532655e-02
5.533797e-02
5.538949e-02
5.542921e-02
5.543082e-02
5.546761e-02
5.548885e-02
5.550374e-02
5.551668e-02
5.552555e-02
5.556656e-02
5.558400e-02
5.559059e-02
5.562167e-02
5.564222e-02
5.566132e-02
5.570992e-02
5.573138e-02
5.575832e-02
5.577693e-02
5.579861e-02
5.580587e-02
5.581524e-02
5.585786e-02
5.588389e-02
5.589639e-02
5.593515e-02
5.593966e-02
5.595679e-02
5.599103e-02
5.601325e-02
5.601876e-02
5.603144e-02
5.605058e-02
5.609394e-02
5.612261e-02
5.612952e-02
5.614697e-02
5.614957e-02
5.618313e-02
5.620507e-02
5.623606e-02
5.624557e-02
5.626189e-02
5.629583e-02
5.630622e-02
5.632973e-02
5.636374e-02
5.640858e-02
5.641736e-02
5.643376e-02
5.645255e-02
5.647751e-02
5.648353e-02
5.653311e-02
5.653452e-02
5.654839e-02
5.656704e-02
5.664259e-02
5.665463e-02
5.668117e-02
5.670735e-02
5.672115e-02
5.673883e-02
5.675668e-02
5.679107e-02
5.681277e-02
5.684158e-02
5.685823e-02
5.687080e-02
5.688111e-02
5.690957e-02
5.695938e-02
5.698996e-02
5.700336e-02
5.701259e-02
5.704314e-02
5.706877e-02
5.709057e-02
5.710692e-02
5.715386e-02
5.716303e-02
5.719929e-02
5.724176e-02
5.726726e-02
5.727525e-02
5.730524e-02
5.732197e-02
5.733298e-02
5.735289e-02
5.738796e-02
5.742290e-02
5.743147e-02
5.745263e-02
5.747418e-02
5.747815e-02
5.752471e-02
5.754254e-02
5.755889e-02
5.758888e-02
5.760706e-02
5.763034e-02
5.764919e-02
5.766722e-02
5.771225e-02
5.772685e-02
5.773408e-02
5.778309e-02
5.778828e-02
5.782212e-02
5.783555e-02
5.785684e-02
5.790398e-02
5.792722e-02
5.794849e-02
5.798699e-02
5.800187e-02
5.801192e-02
5.803138e-02
5.806536e-02
5.808036e-02
5.810727e-02
5.813473e-02
5.816772e-02
5.818644e-02
5.822010e-02
5.824870e-02
5.826416e-02
5.829498e-02
5.829638e-02
5.832186e-02
5.834444e-02
5.838149e-02
5.841125e-02
5.843722e-02
5.845859e-02
5.849182e-02
5.850765e-02
5.853081e-02
5.855498e-02
5.857624e-02
5.859222e-02
5.861133e-02
5.864028e-02
5.864145e-02
5.868228e-02
5.868623e-02
5.870461e-02
5.872154e-02
5.875494e-02
5.876636e-02
5.879428e-02
5.882960e-02
5.887585e-02
5.889793e-02
5.893024e-02
5.894890e-02
5.896781e-02
5.898754e-02
5.899840e-02
5.901508e-02
5.904460e-02
5.907306e-02
5.908207e-02
5.909376e-02
5.911626e-02
5.915931e-02
5.917408e-02
5.921712e-02
5.925385e-02
5.929311e-02
5.929959e-02
5.931392e-02
5.932598e-02
5.935085e-02
5.935520e-02
5.939358e-02
5.940514e-02
5.944109e-02
5.946710e-02
5.948347e-02
5.949998e-02
5.952552e-02
5.953350e-02
5.959022e-02
5.960444e-02
5.961849e-02
5.963619e-02
5.966879e-02
5.968734e-02
5.971997e-02
5.973489e-02
5.973985e-02
5.978343e-02
5.980911e-02
5.985100e-02
5.988541e-02
5.989186e-02
5.990616e-02
5.992211e-02
5.993425e-02
5.998414e-02
6.001831e-02
6.002337e-02
6.005521e-02
6.007221e-02
6.011021e-02
6.012833e-02
6.013349e-02
6.017238e-02
6.021886e-02
6.024738e-02
6.027352e-02
6.030078e-02
6.033627e-02
6.034356e-02
6.037542e-02
6.041177e-02
6.041928e-02
6.045506e-02
6.045970e-02
6.048270e-02
6.051330e-02
6.054197e-02
6.057287e-02
6.059714e-02
6.061450e-02
6.063773e-02
6.065989e-02
6.069293e-02
6.070546e-02
6.072582e-02
6.074266e-02
6.079365e-02
6.080645e-02
6.083025e-02
6.084063e-02
6.087744e-02
6.088615e-02
6.094720e-02
6.095125e-02
6.096839e-02
6.099898e-02
6.101237e-02
6.102156e-02
6.105112e-02
6.108608e-02
6.111237e-02
6.113451e-02
6.115950e-02
6.119892e-02
6.122465e-02
6.123825e-02
6.126567e-02
6.127889e-02
6.130201e-02
6.132660e-02
6.134886e-02
6.137123e-02
6.139778e-02
6.143452e-02
6.144954e-02
6.147890e-02
6.152058e-02
6.154330e-02
6.156721e-02
6.159393e-02
6.161093e-02
6.162293e-02
6.164430e-02
6.166707e-02
6.168480e-02
6.169322e-02
6.172200e-02
6.175390e-02
6.178165e-02
6.180718e-02
6.184453e-02
6.185676e-02
6.189364e-02
6.192556e-02
6.193292e-02
6.197318e-02
6.198749e-02
6.203115e-02
6.203641e-02
6.208180e-02
6.209684e-02
6.209933e-02
6.211963e-02
6.212746e-02
6.216671e-02
6.218975e-02
6.222197e-02
6.224764e-02
6.225886e-02
6.228397e-02
6.229322e-02
6.232445e-02
6.235573e-02
6.236624e-02
6.239825e-02
6.243664e-02
6.245210e-02
6.248052e-02
6.250302e-02
6.251573e-02
6.255109e-02
6.257253e-02
6.259720e-02
6.262149e-02
6.264828e-02
6.267254e-02
6.270333e-02
6.272826e-02
6.275406e-02
6.276804e-02
6.281735e-02
6.284172e-02
6.285076e-02
6.286541e-02
6.288657e-02
6.290491e-02
6.291534e-02
6.294702e-02
6.296095e-02
6.300815e-02
6.303568e-02
6.304670e-02
6.305926e-02
6.307793e-02
6.314352e-02
6.316194e-02
6.320905e-02
6.321857e-02
6.322305e-02
6.325541e-02
6.326577e-02
6.329032e-02
6.332090e-02
6.333289e-02
6.334525e-02
6.339375e-02
6.341345e-02
6.343047e-02
6.345331e-02
6.348980e-02
6.350742e-02
6.354907e-02
6.356133e-02
6.358209e-02
6.362462e-02
6.364372e-02
6.367051e-02
6.371337e-02
6.372488e-02
6.374821e-02
6.375479e-02
6.378002e-02
6.378602e-02
6.380977e-02
6.383790e-02
6.386504e-02
6.390065e-02
6.391154e-02
6.397457e-02
6.399048e-02
6.401063e-02
6.401261e-02
6.406155e-02
6.407540e-02
6.410105e-02
6.411561e-02
6.415966e-02
6.416544e-02
6.418069e-02
6.422802e-02
6.425440e-02
6.427536e-02
6.428712e-02
6.431349e-02
6.434747e-02
6.436818e-02
6.441137e-02
6.442390e-02
6.444786e-02
6.447824e-02
6.447922e-02
6.451999e-02
6.452804e-02
6.454282e-02
6.457752e-02
6.461696e-02
6.462341e-02
6.466111e-02
6.467174e-02
6.470655e-02
6.471612e-02
6.473510e-02
6.478992e-02
6.479514e-02
6.480945e-02
6.483607e-02
6.484155e-02
6.488001e-02
6.489883e-02
6.493534e-02
6.494668e-02
6.496637e-02
6.498637e-02
6.503695e-02
6.504247e-02
6.508522e-02
6.510971e-02
6.514167e-02
6.517553e-02
6.518264e-02
6.519619e-02
6.521578e-02
6.526469e-02
6.527526e-02
6.528831e-02
6.531044e-02
6.531619e-02
6.536821e-02
6.537710e-02
6.540750e-02
6.542717e-02
6.544427e-02
6.546499e-02
6.547073e-02
6.553094e-02
6.556339e-02
6.558138e-02
6.559700e-02
6.560678e-02
6.564061e-02
6.565586e-02
6.567278e-02
6.574596e-02
6.574721e-02
6.575881e-02
6.579348e-02
6.580947e-02
6.582202e-02
6.584436e-02
6.586399e-02
6.589794e-02
6.591421e-02
6.596410e-02
6.597967e-02
6.603798e-02
6.604018e-02
6.606787e-02
6.608320e-02
6.609454e-02
6.611424e-02
6.613768e-02
6.616255e-02
6.618533e-02
6.620433e-02
6.624020e-02
6.627752e-02
6.628725e-02
6.630738e-02
6.631809e-02
6.635330e-02
6.638734e-02
6.639867e-02
6.641819e-02
6.643015e-02
6.645508e-02
6.647656e-02
6.650460e-02
6.654478e-02
6.656396e-02
6.660399e-02
6.662607e-02
6.664317e-02
6.666410e-02
6.667493e-02
6.670335e-02
6.673239e-02
6.675634e-02
6.677110e-02
6.679468e-02
6.682594e-02
6.684460e-02
6.686560e-02
6.689880e-02
6.692207e-02
6.693143e-02
6.698176e-02
6.700920e-02
6.703520e-02
6.703600e-02
6.705691e-02
6.707839e-02
6.710734e-02
6.714610e-02
6.715094e-02
6.718618e-02
6.721915e-02
6.722797e-02
6.724967e-02
6.726597e-02
6.730424e-02
6.735403e-02
6.737234e-02
6.740101e-02
6.744366e-02
6.746417e-02
6.747665e-02
6.749206e-02
6.751660e-02
6.755064e-02
6.756689e-02
6.757412e-02
6.760849e-02
6.762245e-02
6.766189e-02
6.767547e-02
6.768329e-02
6.771718e-02
6.774666e-02
6.776076e-02
6.779545e-02
6.783629e-02
6.784523e-02
6.790385e-02
6.792570e-02
6.795782e-02
6.799036e-02
6.799890e-02
6.801332e-02
6.804254e-02
6.807416e-02
6.807789e-02
6.811152e-02
6.812264e-02
6.814695e-02
6.817667e-02
6.819475e-02
6.824488e-02
6.826970e-02
6.830433e-02
6.831385e-02
6.832571e-02
6.835075e-02
6.837336e-02
6.840652e-02
6.842594e-02
6.847815e-02
6.848138e-02
6.852581e-02
6.854281e-02
6.855943e-02
6.858253e-02
6.860659e-02
6.863239e-02
6.864699e-02
6.868054e-02
6.869917e-02
6.872596e-02
6.873994e-02
6.876027e-02
6.879134e-02
6.880576e-02
6.881748e-02
6.885545e-02
6.889322e-02
6.890230e-02
6.891445e-02
6.895181e-02
6.897322e-02
6.901497e-02
6.903300e-02
6.907268e-02
6.907480e-02
6.912686e-02
6.914098e-02
6.916674e-02
6.920316e-02
6.923420e-02
6.924844e-02
6.926704e-02
6.928854e-02
6.932238e-02
6.935303e-02
6.935978e-02
6.939153e-02
6.940620e-02
6.942652e-02
6.946891e-02
6.948653e-02
6.950942e-02
6.952979e-02
6.954807e-02
6.957801e-02
6.958929e-02
6.963076e-02
6.965871e-02
6.968477e-02
6.971359e-02
6.971763e-02
6.974874e-02
6.976301e-02
6.978234e-02
6.983584e-02
6.986899e-02
6.987251e-02
6.989310e-02
6.991589e-02
6.992945e-02
6.997055e-02
7.000275e-02
7.001870e-02
7.002856e-02
7.006151e-02
7.007752e-02
7.012907e-02
7.014824e-02
7.016412e-02
7.018298e-02
7.019397e-02
7.024652e-02
7.025392e-02
7.026452e-02
7.031117e-02
7.033911e-02
7.034085e-02
7.037518e-02
7.038745e-02
7.042641e-02
7.045268e-02
7.047995e-02
7.052528e-02
7.054723e-02
7.055753e-02
7.058317e-02
7.060853e-02
7.063421e-02
7.065725e-02
7.068313e-02
7.070773e-02
7.073240e-02
7.074814e-02
7.078055e-02
7.081252e-02
7.086445e-02
7.087596e-02
7.090023e-02
7.092894e-02
7.096072e-02
7.096703e-02
7.098671e-02
7.101054e-02
7.107038e-02
7.108895e-02
7.111223e-02
7.112108e-02
7.112407e-02
7.113662e-02
7.115127e-02
7.118153e-02
7.119436e-02
7.123278e-02
7.126835e-02
7.129403e-02
7.130099e-02
7.130795e-02
7.133976e-02
7.139813e-02
7.141431e-02
7.143099e-02
7.147798e-02
7.150344e-02
7.152283e-02
7.154427e-02
7.157920e-02
7.159430e-02
7.163433e-02
7.164659e-02
7.166720e-02
7.170786e-02
7.172434e-02
7.173689e-02
7.175284e-02
7.175831e-02
7.179698e-02
7.183307e-02
7.185254e-02
7.189767e-02
7.191164e-02
7.194376e-02
7.195811e-02
7.199102e-02
7.203073e-02
7.205299e-02
7.208802e-02
7.209693e-02
7.211914e-02
7.214755e-02
7.216404e-02
7.218457e-02
7.221406e-02
7.224184e-02
7.225620e-02
7.228486e-02
7.230866e-02
7.233642e-02
7.237068e-02
7.238013e-02
7.241277e-02
7.244680e-02
7.245464e-02
7.247729e-02
7.251212e-02
7.254753e-02
7.255127e-02
7.259032e-02
7.264268e-02
7.266541e-02
7.268747e-02
7.270688e-02
7.272589e-02
7.275782e-02
7.278503e-02
7.279693e-02
7.282499e-02
7.286353e-02
7.287904e-02
7.290808e-02
7.294994e-02
7.296035e-02
7.298688e-02
7.300366e-02
7.302893e-02
7.304043e-02
7.306523e-02
7.310454e-02
7.313388e-02
7.317961e-02
7.319849e-02
7.324436e-02
7.325384e-02
7.329667e-02
7.331087e-02
7.331395e-02
7.334188e-02
7.337173e-02
7.340406e-02
7.341912e-02
7.345199e-02
7.346206e-02
7.348111e-02
7.349597e-02
7.349914e-02
7.353792e-02
7.358342e-02
7.361005e-02
7.363899e-02
7.364774e-02
7.368252e-02
7.372329e-02
7.374421e-02
7.376138e-02
7.378487e-02
7.381069e-02
7.382404e-02
7.383088e-02
7.385367e-02
7.388624e-02
7.390649e-02
7.394859e-02
7.395928e-02
7.401578e-02
7.404347e-02
7.404722e-02
7.404983e-02
7.409026e-02
7.411421e-02
7.411953e-02
7.414015e-02
7.416876e-02
7.418717e-02
7.422222e-02
7.423237e-02
7.427971e-02
7.430352e-02
7.432731e-02
7.437954e-02
7.441572e-02
7.443102e-02
7.445528e-02
7.447905e-02
7.450145e-02
7.453233e-02
7.454431e-02
7.455177e-02
7.457699e-02
7.460609e-02
7.463384e-02
7.468706e-02
7.470893e-02
7.472190e-02
7.473472e-02
7.475230e-02
7.477832e-02
7.480838e-02
7.482653e-02
7.485834e-02
7.488582e-02
7.491936e-02
7.494997e-02
7.500074e-02
7.502559e-02
7.503125e-02
7.506302e-02
7.507431e-02
7.509663e-02
7.513281e-02
7.516717e-02
7.518026e-02
7.519548e-02
7.521561e-02
7.528973e-02
7.532068e-02
7.532538e-02
7.537035e-02
7.537454e-02
7.538596e-02
7.543356e-02
7.547717e-02
7.550069e-02
7.553573e-02
7.554076e-02
7.555718e-02
7.558255e-02
7.559703e-02
7.564908e-02
7.566975e-02
7.568524e-02
7.571265e-02
7.572830e-02
7.576194e-02
7.578276e-02
7.581580e-02
7.584452e-02
7.586464e-02
7.587845e-02
7.588726e-02
7.592104e-02
7.595169e-02
7.598760e-02
7.600163e-02
7.604002e-02
7.605510e-02
7.608269e-02
7.611344e-02
7.615964e-02
7.617988e-02
7.620348e-02
7.623207e-02
7.623803e-02
7.626621e-02
7.629414e-02
7.633796e-02
7.635729e-02
7.635887e-02
7.639597e-02
7.641117e-02
7.643614e-02
7.646451e-02
7.650054e-02
7.650187e-02
7.652040e-02
7.657566e-02
7.659930e-02
7.661314e-02
7.665577e-02
7.667322e-02
7.668801e-02
7.671517e-02
7.673429e-02
7.677230e-02
7.677815e-02
7.683055e-02
7.684435e-02
7.685526e-02
7.689092e-02
7.692986e-02
7.694567e-02
7.698209e-02
7.701027e-02
7.704234e-02
7.706157e-02
7.708166e-02
7.709803e-02
7.714919e-02
7.715620e-02
7.718657e-02
7.721747e-02
7.724103e-02
7.726250e-02
7.728533e-02
7.732342e-02
7.732833e-02
7.737507e-02
7.738726e-02
7.739265e-02
7.744118e-02
7.748587e-02
7.750210e-02
7.751247e-02
7.751956e-02
7.757009e-02
7.760197e-02
7.761924e-02
7.763840e-02
7.765921e-02
7.767782e-02
7.770858e-02
7.773918e-02
7.775737e-02
7.779178e-02
7.780419e-02
7.785135e-02
7.787999e-02
7.789882e-02
7.792562e-02
7.795461e-02
7.797726e-02
7.801542e-02
7.802379e-02
7.803269e-02
7.807479e-02
7.808986e-02
7.813320e-02
7.815917e-02
7.817827e-02
7.819615e-02
7.821266e-02
7.824192e-02
7.825887e-02
7.828497e-02
7.830341e-02
7.836063e-02
7.837750e-02
7.840997e-02
7.842441e-02
7.847230e-02
7.848700e-02
7.851688e-02
7.853817e-02
7.858814e-02
7.860970e-02
7.862867e-02
7.863561e-02
7.868751e-02
7.870450e-02
7.875113e-02
7.877377e-02
7.877744e-02
7.880611e-02
7.881065e-02
7.887107e-02
7.890315e-02
7.892253e-02
7.894221e-02
7.894926e-02
7.897788e-02
7.900752e-02
7.903458e-02
7.908586e-02
7.910848e-02
7.912854e-02
7.915378e-02
7.919193e-02
7.922502e-02
7.924191e-02
7.927035e-02
7.929128e-02
7.929746e-02
7.930590e-02
7.933430e-02
7.935449e-02
7.937917e-02
7.941877e-02
7.943162e-02
7.944190e-02
7.946847e-02
7.949111e-02
7.953324e-02
7.955762e-02
7.960143e-02
7.961130e-02
7.962458e-02
7.966350e-02
7.967993e-02
7.971532e-02
7.972048e-02
7.976549e-02
7.980341e-02
7.984188e-02
7.985526e-02
7.987032e-02
7.990923e-02
7.992771e-02
7.995200e-02
7.995998e-02
7.998325e-02
8.002006e-02
8.003870e-02
8.006855e-02
8.009878e-02
8.014780e-02
8.016728e-02
8.020509e-02
8.021988e-02
8.024786e-02
8.026246e-02
8.029835e-02
8.030809e-02
8.032397e-02
8.036546e-02
8.038460e-02
8.039561e-02
8.043709e-02
8.045882e-02
8.047261e-02
8.048544e-02
8.051655e-02
8.055874e-02
8.057684e-02
8.062266e-02
8.063326e-02
8.067038e-02
8.068281e-02
8.071150e-02
8.073627e-02
8.075951e-02
8.077774e-02
8.080699e-02
8.084680e-02
8.087995e-02
8.091085e-02
8.091296e-02
8.093429e-02
8.095532e-02
8.096522e-02
8.102402e-02
8.103351e-02
8.105934e-02
8.110368e-02
8.111220e-02
8.113190e-02
8.115638e-02
8.118871e-02
8.123468e-02
8.125430e-02
8.127109e-02
8.134210e-02
8.135764e-02
8.139158e-02
8.140495e-02
8.143174e-02
8.145930e-02
8.149225e-02
8.151881e-02
8.154992e-02
8.158023e-02
8.161084e-02
8.163406e-02
8.165261e-02
8.167895e-02
8.169461e-02
8.175445e-02
8.175530e-02
8.178383e-02
8.182703e-02
8.185009e-02
8.187021e-02
8.189355e-02
8.193113e-02
8.194421e-02
8.197438e-02
8.200794e-02
8.204378e-02
8.205307e-02
8.207549e-02
8.210484e-02
8.212167e-02
8.215649e-02
8.218374e-02
8.222948e-02
8.224937e-02
8.227383e-02
8.230952e-02
8.233547e-02
8.237236e-02
8.238666e-02
8.241950e-02
8.246164e-02
8.247906e-02
8.250771e-02
8.254643e-02
8.255519e-02
8.257390e-02
8.264034e-02
8.266242e-02
8.266385e-02
8.270692e-02
8.272566e-02
8.275096e-02
8.277029e-02
8.280075e-02
8.283459e-02
8.283902e-02
8.286933e-02
8.291389e-02
8.291960e-02
8.296542e-02
8.297040e-02
8.298376e-02
8.304193e-02
8.305978e-02
8.306865e-02
8.311343e-02
8.313653e-02
8.316099e-02
8.317429e-02
8.321505e-02
8.323413e-02
8.330637e-02
8.332945e-02
8.336917e-02
8.337220e-02
8.342585e-02
8.345007e-02
8.346912e-02
8.347694e-02
8.352704e-02
8.354824e-02
8.358778e-02
8.360525e-02
8.362544e-02
8.365148e-02
8.367376e-02
8.369883e-02
8.373764e-02
8.375075e-02
8.378415e-02
8.379947e-02
8.383328e-02
8.387499e-02
8.390319e-02
8.392966e-02
8.394471e-02
8.397422e-02
8.398383e-02
8.403132e-02
8.404675e-02
8.408747e-02
8.411742e-02
8.412607e-02
8.418174e-02
8.421154e-02
8.423089e-02
8.427487e-02
8.428091e-02
8.431651e-02
8.435241e-02
8.436195e-02
8.438282e-02
8.441777e-02
8.443647e-02
8.448485e-02
8.451790e-02
8.452355e-02
8.454489e-02
8.457208e-02
8.460790e-02
8.464000e-02
8.467690e-02
8.468094e-02
8.470691e-02
8.472335e-02
8.475676e-02
8.479703e-02
8.481583e-02
8.484252e-02
8.486800e-02
8.488871e-02
8.490453e-02
8.492199e-02
8.495377e-02
8.499392e-02
8.504217e-02
8.507324e-02
8.507742e-02
8.510287e-02
8.513540e-02
8.517486e-02
8.521178e-02
8.523989e-02
8.527626e-02
8.528041e-02
8.528217e-02
8.529976e-02
8.535600e-02
8.539821e-02
8.543213e-02
8.545417e-02
8.548897e-02
8.551700e-02
8.555000e-02
8.556998e-02
8.558760e-02
8.562269e-02
8.562529e-02
8.565867e-02
8.567194e-02
8.571313e-02
8.574124e-02
8.575713e-02
8.580484e-02
8.581656e-02
8.585133e-02
8.589646e-02
8.590989e-02
8.597988e-02
8.598542e-02
8.598882e-02
8.604028e-02
8.605721e-02
8.609067e-02
8.612112e-02
8.616639e-02
8.619775e-02
8.622055e-02
8.625189e-02
8.626353e-02
8.627946e-02
8.631669e-02
8.633962e-02
8.635794e-02
8.639965e-02
8.643031e-02
8.644806e-02
8.646066e-02
8.649514e-02
8.652012e-02
8.654332e-02
8.655144e-02
8.658241e-02
8.661184e-02
8.667659e-02
8.670452e-02
8.672946e-02
8.673488e-02
8.678285e-02
8.682884e-02
8.684547e-02
8.687849e-02
8.690538e-02
8.692797e-02
8.694359e-02
8.698927e-02
8.703320e-02
8.705452e-02
8.707483e-02
8.710917e-02
8.713489e-02
8.716810e-02
8.718993e-02
8.722134e-02
8.725285e-02
8.725720e-02
8.728625e-02
8.732262e-02
8.735919e-02
8.737487e-02
8.738780e-02
8.739997e-02
8.749521e-02
8.752017e-02
8.756137e-02
8.760739e-02
8.761645e-02
8.764223e-02
8.767024e-02
8.768574e-02
8.770194e-02
8.773911e-02
8.776203e-02
8.779560e-02
8.782459e-02
8.786798e-02
8.788598e-02
8.790238e-02
8.793327e-02
8.797775e-02
8.800515e-02
8.802055e-02
8.802094e-02
8.805191e-02
8.811184e-02
8.811444e-02
8.815742e-02
8.818291e-02
8.818720e-02
8.821289e-02
8.824967e-02
8.827211e-02
8.832872e-02
8.834490e-02
8.837766e-02
8.840057e-02
8.841874e-02
8.848125e-02
8.850640e-02
8.851446e-02
8.855535e-02
8.859272e-02
8.860880e-02
8.862053e-02
8.864793e-02
8.867564e-02
8.871738e-02
8.876428e-02
8.877664e-02
8.882835e-02
8.887389e-02
8.889091e-02
8.890983e-02
8.894074e-02
8.897309e-02
8.897656e-02
8.898865e-02
8.902295e-02
8.903008e-02
8.909618e-02
8.912839e-02
8.917706e-02
8.921090e-02
8.921407e-02
8.924219e-02
8.927384e-02
8.928612e-02
8.933553e-02
8.936040e-02
8.938342e-02
8.942157e-02
8.944763e-02
8.945247e-02
8.950572e-02
8.951860e-02
8.952595e-02
8.953888e-02
8.959195e-02
8.960775e-02
8.965997e-02
8.968869e-02
8.972729e-02
8.975165e-02
8.976902e-02
8.979090e-02
8.985496e-02
8.986965e-02
8.988766e-02
8.992714e-02
8.994731e-02
8.998216e-02
9.003814e-02
9.005473e-02
9.006901e-02
9.009430e-02
9.010474e-02
9.014992e-02
9.019551e-02
9.026728e-02
9.028360e-02
9.033426e-02
9.034754e-02
9.039643e-02
9.040956e-02
9.043458e-02
9.045261e-02
9.047063e-02
9.051979e-02
9.053944e-02
9.058217e-02
9.059329e-02
9.062756e-02
9.064354e-02
9.065928e-02
9.069980e-02
9.073439e-02
9.080135e-02
9.081013e-02
9.081369e-02
9.085886e-02
9.088883e-02
9.090582e-02
9.098560e-02
9.101746e-02
9.102792e-02
9.106002e-02
9.106659e-02
9.107634e-02
9.113034e-02
9.113705e-02
9.119209e-02
9.123286e-02
9.125765e-02
9.127000e-02
9.132904e-02
9.133196e-02
9.139416e-02
9.140142e-02
9.140593e-02
9.145070e-02
9.146883e-02
9.148498e-02
9.151736e-02
9.155012e-02
9.157203e-02
9.161753e-02
9.165108e-02
9.167346e-02
9.170453e-02
9.171162e-02
9.175184e-02
9.177385e-02
9.179327e-02
9.182596e-02
9.185925e-02
9.190275e-02
9.192429e-02
9.198541e-02
9.199568e-02
9.204703e-02
9.208399e-02
9.210578e-02
9.215249e-02
9.217054e-02
9.221569e-02
9.223053e-02
9.226300e-02
9.226693e-02
9.230360e-02
9.230854e-02
9.234484e-02
9.239496e-02
9.242030e-02
9.242269e-02
9.246005e-02
9.249300e-02
9.250159e-02
9.253788e-02
9.254771e-02
9.261501e-02
9.263320e-02
9.265287e-02
9.268028e-02
9.269765e-02
9.275230e-02
9.279084e-02
9.283626e-02
9.285061e-02
9.291283e-02
9.296027e-02
9.296472e-02
9.298960e-02
9.303172e-02
9.306640e-02
9.307393e-02
9.311736e-02
9.314726e-02
9.315667e-02
9.323027e-02
9.327490e-02
9.328379e-02
9.331811e-02
9.334024e-02
9.336329e-02
9.340146e-02
9.341975e-02
9.347860e-02
9.349181e-02
9.351342e-02
9.355206e-02
9.359041e-02
9.362306e-02
9.364120e-02
9.366636e-02
9.372102e-02
9.374472e-02
9.376880e-02
9.379017e-02
9.382326e-02
9.385210e-02
9.389263e-02
9.391815e-02
9.393488e-02
9.398350e-02
9.400339e-02
9.405344e-02
9.410520e-02
9.410845e-02
9.414881e-02
9.417319e-02
9.418442e-02
9.423037e-02
9.423930e-02
9.427144e-02
9.430210e-02
9.433508e-02
9.437857e-02
9.439532e-02
9.441976e-02
9.442632e-02
9.445360e-02
9.447889e-02
9.452165e-02
9.456292e-02
9.457156e-02
9.461274e-02
9.467975e-02
9.470536e-02
9.471977e-02
9.475113e-02
9.479236e-02
9.482399e-02
9.486278e-02
9.489556e-02
9.491618e-02
9.497279e-02
9.500204e-02
9.501961e-02
9.504654e-02
9.505612e-02
9.508426e-02
9.513440e-02
9.515885e-02
9.519313e-02
9.521473e-02
9.525869e-02
9.527370e-02
9.529650e-02
9.532484e-02
9.533563e-02
9.536461e-02
9.540870e-02
9.543882e-02
9.547275e-02
9.553525e-02
9.554095e-02
9.555705e-02
9.560375e-02
9.563216e-02
9.565987e-02
9.569384e-02
9.570257e-02
9.574021e-02
9.578671e-02
9.580400e-02
9.582781e-02
9.584429e-02
9.587639e-02
9.590225e-02
9.595152e-02
9.597181e-02
9.600678e-02
9.603899e-02
9.608439e-02
9.611147e-02
9.614285e-02
9.618179e-02
9.619979e-02
9.622934e-02
9.627191e-02
9.630981e-02
9.633276e-02
9.634186e-02
9.639346e-02
9.641749e-02
9.645691e-02
9.649670e-02
9.654022e-02
9.654859e-02
9.656204e-02
9.660669e-02
9.663424e-02
9.668858e-02
9.672562e-02
9.677288e-02
9.678603e-02
9.679762e-02
9.683922e-02
9.684933e-02
9.688468e-02
9.691636e-02
9.693639e-02
9.696135e-02
9.699919e-02
9.703505e-02
9.706000e-02
9.708790e-02
9.711717e-02
9.714140e-02
9.716292e-02
9.718171e-02
9.721116e-02
9.724022e-02
9.724361e-02
9.725594e-02
9.728856e-02
9.731470e-02
9.736297e-02
9.737256e-02
9.743091e-02
9.744039e-02
9.745891e-02
9.752327e-02
9.754844e-02
9.757887e-02
9.761326e-02
9.761495e-02
9.768581e-02
9.770793e-02
9.771910e-02
9.775658e-02
9.779021e-02
9.781382e-02
9.784351e-02
9.787160e-02
9.789924e-02
9.794305e-02
9.801016e-02
9.804542e-02
9.805868e-02
9.807295e-02
9.809775e-02
9.812051e-02
9.817794e-02
9.821489e-02
9.822004e-02
9.824358e-02
9.829738e-02
9.831842e-02
9.833630e-02
9.836074e-02
9.838396e-02
9.843042e-02
9.847632e-02
9.848788e-02
9.853270e-02
9.854077e-02
9.858359e-02
9.862544e-02
9.865081e-02
9.867034e-02
9.868242e-02
9.871032e-02
9.876782e-02
9.880294e-02
9.885414e-02
9.888098e-02
9.891544e-02
9.892708e-02
9.895452e-02
9.896932e-02
9.900636e-02
9.906605e-02
9.909159e-02
9.913191e-02
9.917187e-02
9.918261e-02
9.922056e-02
9.923205e-02
9.923746e-02
9.929415e-02
9.933575e-02
9.937800e-02
9.938861e-02
9.942206e-02
9.942948e-02
9.950745e-02
9.953421e-02
9.955494e-02
9.957529e-02
9.958965e-02
9.961930e-02
9.963792e-02
9.969168e-02
9.973059e-02
9.976793e-02
9.978334e-02
9.979639e-02
9.984317e-02
9.989063e-02
9.994114e-02
9.996100e-02
9.997621e-02
1.000004e-01
1.000343e-01
1.000505e-01
1.001042e-01
1.001398e-01
1.001601e-01
1.001928e-01
1.002267e-01
1.002750e-01
1.003131e-01
1.003418e-01
1.003677e-01
1.003821e-01
1.003935e-01
1.004256e-01
1.004497e-01
1.004993e-01
1.005466e-01
1.005579e-01
1.005700e-01
1.005888e-01
1.006237e-01
1.006864e-01
1.006993e-01
1.007178e-01
1.007392e-01
1.007649e-01
1.008037e-01
1.008229e-01
1.008757e-01
1.008867e-01
1.008926e-01
1.009234e-01
1.009987e-01
1.010139e-01
1.010791e-01
1.010925e-01
1.011441e-01
1.011603e-01
1.011802e-01
1.011985e-01
1.012440e-01
1.012894e-01
1.013526e-01
1.013779e-01
1.014098e-01
1.014449e-01
1.014569e-01
1.014731e-01
1.015057e-01
1.015281e-01
1.015621e-01
1.016004e-01
1.016387e-01
1.016543e-01
1.017239e-01
1.017406e-01
1.017643e-01
1.018174e-01
1.018396e-01
1.018526e-01
1.018841e-01
1.019044e-01
1.019408e-01
1.019850e-01
1.020062e-01
1.020313e-01
1.020802e-01
1.020982e-01
1.021151e-01
1.021449e-01
1.021844e-01
1.022129e-01
1.022484e-01
1.023007e-01
1.023194e-01
1.023478e-01
1.023887e-01
1.024191e-01
1.024447e-01
1.024750e-01
1.024824e-01
1.025219e-01
1.025701e-01
1.026017e-01
1.026206e-01
1.026688e-01
1.026755e-01
1.026915e-01
1.027459e-01
1.027535e-01
1.028136e-01
1.028760e-01
1.029058e-01
1.029261e-01
1.029848e-01
1.030002e-01
1.030252e-01
1.030297e-01
1.030864e-01
1.031023e-01
1.031647e-01
1.031812e-01
1.032115e-01
1.032273e-01
1.032544e-01
1.032873e-01
1.033062e-01
1.033631e-01
1.034000e-01
1.034460e-01
1.034962e-01
1.035095e-01
1.035384e-01
1.035492e-01
1.035929e-01
1.036231e-01
1.037289e-01
1.037360e-01
1.037657e-01
1.038002e-01
1.038308e-01
1.038622e-01
1.038792e-01
1.038985e-01
1.039307e-01
1.039569e-01
1.040001e-01
1.040193e-01
1.040701e-01
1.040844e-01
1.041250e-01
1.041617e-01
1.041851e-01
1.042307e-01
1.042441e-01
1.042924e-01
1.043186e-01
1.043303e-01
1.044029e-01
1.044297e-01
1.044584e-01
1.044775e-01
1.044909e-01
1.045253e-01
1.045646e-01
1.046303e-01
1.046465e-01
1.046633e-01
1.046818e-01
1.047061e-01
1.047129e-01
1.047723e-01
1.047927e-01
1.048280e-01
1.048431e-01
1.048911e-01
1.049125e-01
1.049237e-01
1.049700e-01
1.050393e-01
1.050684e-01
1.050910e-01
1.051075e-01
1.051633e-01
1.051928e-01
1.052361e-01
1.052637e-01
1.052952e-01
1.053334e-01
1.053487e-01
1.053964e-01
1.054194e-01
1.054447e-01
1.054770e-01
1.055023e-01
1.055064e-01
1.055336e-01
1.055491e-01
1.055929e-01
1.056300e-01
1.056685e-01
1.057139e-01
1.057586e-01
1.057785e-01
1.057950e-01
1.058633e-01
1.058798e-01
1.059129e-01
1.059551e-01
1.059616e-01
1.059923e-01
1.060327e-01
1.061003e-01
1.061257e-01
1.061400e-01
1.061635e-01
1.061977e-01
1.062464e-01
1.062950e-01
1.063110e-01
1.063808e-01
1.064062e-01
1.064651e-01
1.064987e-01
1.065157e-01
1.065453e-01
1.065687e-01
1.065899e-01
1.066234e-01
1.066940e-01
1.067123e-01
1.067546e-01
1.067689e-01
1.068139e-01
1.068485e-01
1.068691e-01
1.068729e-01
1.068904e-01
1.069308e-01
1.069650e-01
1.069812e-01
1.070392e-01
1.070487e-01
1.070888e-01
1.071020e-01
1.071170e-01
1.071843e-01
1.072306e-01
1.072508e-01
1.072716e-01
1.072888e-01
1.073257e-01
1.073890e-01
1.074504e-01
1.074848e-01
1.075031e-01
1.075629e-01
1.076020e-01
1.076077e-01
1.076351e-01
1.076550e-01
1.076822e-01
1.076943e-01
1.077532e-01
1.077757e-01
1.077859e-01
1.078279e-01
1.078519e-01
1.079120e-01
1.079332e-01
1.079700e-01
1.079795e-01
1.080042e-01
1.080308e-01
1.080839e-01
1.081263e-01
1.081470e-01
1.081840e-01
1.082280e-01
1.082724e-01
1.082857e-01
1.083258e-01
1.083370e-01
1.083998e-01
1.084428e-01
1.084630e-01
1.085053e-01
1.085203e-01
1.085391e-01
1.085749e-01
1.086197e-01
1.086460e-01
1.086777e-01
1.086990e-01
1.087500e-01
1.087613e-01
1.087837e-01
1.088054e-01
1.088162e-01
1.088621e-01
1.089001e-01
1.089335e-01
1.089621e-01
1.090101e-01
1.090301e-01
1.090620e-01
1.090684e-01
1.091040e-01
1.091687e-01
1.092078e-01
1.092288e-01
1.092370e-01
1.092842e-01
1.093038e-01
1.093496e-01
1.093933e-01
1.094324e-01
1.094719e-01
1.094947e-01
1.095111e-01
1.095262e-01
1.096271e-01
1.096412e-01
1.096803e-01
1.096911e-01
1.097488e-01
1.097571e-01
1.098131e-01
1.098181e-01
1.098759e-01
1.099159e-01
1.099448e-01
1.099827e-01
1.100019e-01
1.100214e-01
1.100634e-01
1.101111e-01
1.101300e-01
1.101718e-01
1.101935e-01
1.102299e-01
1.102719e-01
1.103314e-01
1.103411e-01
1.104046e-01
1.104290e-01
1.104507e-01
1.104851e-01
1.105231e-01
1.105505e-01
1.105701e-01
1.106341e-01
1.106877e-01
1.107200e-01
1.107858e-01
1.108001e-01
1.108138e-01
1.108553e-01
1.108995e-01
1.109194e-01
1.109437e-01
1.109899e-01
1.110479e-01
1.110824e-01
1.110959e-01
1.111175e-01
1.111464e-01
1.111732e-01
1.112191e-01
1.112272e-01
1.112815e-01
1.113053e-01
1.113470e-01
1.113609e-01
1.113853e-01
1.114401e-01
1.114583e-01
1.115059e-01
1.115205e-01
1.115701e-01
1.116422e-01
1.116579e-01
1.116880e-01
1.117046e-01
1.117496e-01
1.117755e-01
1.118438e-01
1.118581e-01
1.119130e-01
1.119469e-01
1.119888e-01
1.120162e-01
1.120524e-01
1.120933e-01
1.121268e-01
1.121428e-01
1.121922e-01
1.122069e-01
1.122704e-01
1.122821e-01
1.123399e-01
1.123706e-01
1.123771e-01
1.124336e-01
1.124520e-01
1.124634e-01
1.124838e-01
1.125230e-01
1.125968e-01
1.126311e-01
1.126420e-01
1.126765e-01
1.127113e-01
1.127636e-01
1.128027e-01
1.128115e-01
1.128590e-01
1.128880e-01
1.129128e-01
1.129432e-01
1.130058e-01
1.130499e-01
1.130877e-01
1.131122e-01
1.131563e-01
1.131705e-01
1.131838e-01
1.132348e-01
1.132627e-01
1.133255e-01
1.133736e-01
1.133859e-01
1.134206e-01
1.134383e-01
1.134644e-01
1.135293e-01
1.135334e-01
1.135728e-01
1.135878e-01
1.136394e-01
1.136950e-01
1.137069e-01
1.137607e-01
1.137822e-01
1.138063e-01
1.138392e-01
1.138896e-01
1.139296e-01
1.139423e-01
1.139840e-01
1.139997e-01
1.140559e-01
1.141102e-01
1.141246e-01
1.141446e-01
1.141787e-01
1.142285e-01
1.142530e-01
1.142671e-01
1.143222e-01
1.143379e-01
1.143900e-01
1.144140e-01
1.144692e-01
1.144800e-01
1.145233e-01
1.145442e-01
1.145646e-01
1.145785e-01
1.146137e-01
1.146749e-01
1.147297e-01
1.147895e-01
1.147933e-01
1.148561e-01
1.148856e-01
1.149435e-01
1.149528e-01
1.149809e-01
1.150080e-01
1.150371e-01
1.150795e-01
1.151053e-01
1.151455e-01
1.151640e-01
1.151789e-01
1.152387e-01
1.152688e-01
1.153172e-01
1.153285e-01
1.153496e-01
1.153738e-01
1.153801e-01
1.154476e-01
1.154781e-01
1.154847e-01
1.155614e-01
1.155786e-01
1.156343e-01
1.156705e-01
1.156946e-01
1.157206e-01
1.157481e-01
1.157572e-01
1.158157e-01
1.158763e-01
1.158941e-01
1.159340e-01
1.159745e-01
1.159889e-01
1.160350e-01
1.160889e-01
1.161230e-01
1.161405e-01
1.161725e-01
1.161940e-01
1.162421e-01
1.162770e-01
1.163228e-01
1.163590e-01
1.163760e-01
1.164370e-01
1.164565e-01
1.164759e-01
1.165478e-01
1.165657e-01
1.165955e-01
1.166491e-01
1.166903e-01
1.167152e-01
1.167413e-01
1.167732e-01
1.167803e-01
1.168430e-01
1.168721e-01
1.169265e-01
1.169566e-01
1.169882e-01
1.169969e-01
1.170290e-01
1.170480e-01
1.171215e-01
1.171610e-01
1.172054e-01
1.172255e-01
1.172622e-01
1.173118e-01
1.173187e-01
1.173627e-01
1.173955e-01
1.174344e-01
1.174936e-01
1.175669e-01
1.176104e-01
1.176219e-01
1.176514e-01
1.176689e-01
1.176930e-01
1.177105e-01
1.177627e-01
1.177793e-01
1.178138e-01
1.178353e-01
1.178818e-01
1.179227e-01
1.179513e-01
1.180148e-01
1.180388e-01
1.180930e-01
1.181007e-01
1.181389e-01
1.181526e-01
1.182077e-01
1.182181e-01
1.182639e-01
1.183132e-01
1.183473e-01
1.183806e-01
1.184136e-01
1.184359e-01
1.184612e-01
1.185298e-01
1.185521e-01
1.186082e-01
1.186448e-01
1.186801e-01
1.187177e-01
1.187353e-01
1.187866e-01
1.187949e-01
1.188145e-01
1.188723e-01
1.189121e-01
1.189383e-01
1.190038e-01
1.190233e-01
1.190482e-01
1.190683e-01
1.191026e-01
1.191319e-01
1.191983e-01
1.192337e-01
1.192665e-01
1.193133e-01
1.193672e-01
1.193987e-01
1.194019e-01
1.194465e-01
1.194702e-01
1.195177e-01
1.195378e-01
1.195759e-01
1.196315e-01
1.196750e-01
1.196867e-01
1.197667e-01
1.197769e-01
1.197892e-01
1.198529e-01
1.198815e-01
1.199185e-01
1.199439e-01
1.199964e-01
1.200189e-01
1.200418e-01
1.200606e-01
1.200925e-01
1.201951e-01
1.202104e-01
1.202227e-01
1.202496e-01
1.202861e-01
1.203705e-01
1.203778e-01
1.204076e-01
1.204490e-01
1.204901e-01
1.205462e-01
1.205702e-01
1.205752e-01
1.206143e-01
1.206685e-01
1.207418e-01
1.207830e-01
1.207915e-01
1.208394e-01
1.208908e-01
1.209385e-01
1.209720e-01
1.210059e-01
1.210246e-01
1.210476e-01
1.210559e-01
1.211248e-01
1.211347e-01
1.212213e-01
1.212491e-01
1.212687e-01
1.212918e-01
1.213523e-01
1.213713e-01
1.214108e-01
1.214369e-01
1.214765e-01
1.215501e-01
1.215930e-01
1.216377e-01
1.216542e-01
1.216700e-01
1.217035e-01
1.217585e-01
1.217744e-01
1.218034e-01
1.218624e-01
1.218969e-01
1.219158e-01
1.219804e-01
1.219820e-01
1.220408e-01
1.220679e-01
1.221099e-01
1.221790e-01
1.222028e-01
1.222367e-01
1.222676e-01
1.223256e-01
1.223515e-01
1.223699e-01
1.223976e-01
1.224531e-01
1.224951e-01
1.225376e-01
1.225720e-01
1.226233e-01
1.226302e-01
1.226491e-01
1.226758e-01
1.227535e-01
1.227797e-01
1.228427e-01
1.228580e-01
1.228686e-01
1.229715e-01
1.229788e-01
1.229933e-01
1.230237e-01
1.230402e-01
1.230579e-01
1.230800e-01
1.231791e-01
1.231876e-01
1.232288e-01
1.232916e-01
1.233601e-01
1.233630e-01
1.233929e-01
1.234120e-01
1.234565e-01
1.235247e-01
1.235425e-01
1.235699e-01
1.236044e-01
1.236454e-01
1.236812e-01
1.237344e-01
1.237530e-01
1.238129e-01
1.238630e-01
1.238951e-01
1.239165e-01
1.239553e-01
1.240059e-01
1.240166e-01
1.240993e-01
1.241291e-01
1.241441e-01
1.241880e-01
1.242482e-01
1.242952e-01
1.243084e-01
1.243278e-01
1.243484e-01
1.243919e-01
1.244451e-01
1.244747e-01
1.245601e-01
1.245713e-01
1.245946e-01
1.246167e-01
1.246914e-01
1.247152e-01
1.247478e-01
1.247731e-01
1.248298e-01
1.248686e-01
1.249015e-01
1.249325e-01
1.249999e-01
1.250227e-01
1.250687e-01
1.250906e-01
1.251173e-01
1.251739e-01
1.251989e-01
1.252483e-01
1.253026e-01
1.253345e-01
1.253750e-01
1.253863e-01
1.254086e-01
1.254224e-01
1.254834e-01
1.255109e-01
1.255650e-01
1.255822e-01
1.256452e-01
1.256512e-01
1.256799e-01
1.257212e-01
1.257828e-01
1.258081e-01
1.258928e-01
1.259286e-01
1.259942e-01
1.260503e-01
1.260520e-01
1.260803e-01
1.261214e-01
1.261616e-01
1.261872e-01
1.262343e-01
1.262841e-01
1.263099e-01
1.263331e-01
1.263598e-01
1.264367e-01
1.264750e-01
1.265352e-01
1.265491e-01
1.265691e-01
1.265906e-01
1.266253e-01
1.266517e-01
1.267039e-01
1.267342e-01
1.267803e-01
1.268417e-01
1.269022e-01
1.269142e-01
1.269627e-01
1.269742e-01
1.270031e-01
1.270394e-01
1.270979e-01
1.271655e-01
1.271891e-01
1.272483e-01
1.273241e-01
1.273511e-01
1.273889e-01
1.274401e-01
1.274512e-01
1.274719e-01
1.275084e-01
1.275327e-01
1.275607e-01
1.276014e-01
1.276196e-01
1.276981e-01
1.277359e-01
1.277971e-01
1.278271e-01
1.278405e-01
1.278620e-01
1.279149e-01
1.279439e-01
1.279797e-01
1.280333e-01
1.280565e-01
1.280724e-01
1.281125e-01
1.281573e-01
1.282275e-01
1.282713e-01
1.282856e-01
1.283455e-01
1.284006e-01
1.284119e-01
1.284479e-01
1.284640e-01
1.285101e-01
1.285262e-01
1.285899e-01
1.286084e-01
1.286237e-01
1.286865e-01
1.287463e-01
1.288073e-01
1.288209e-01
1.288912e-01
1.289497e-01
1.289906e-01
1.290266e-01
1.290902e-01
1.291061e-01
1.291593e-01
1.291798e-01
1.292148e-01
1.292328e-01
1.293040e-01
1.293308e-01
1.293445e-01
1.293980e-01
1.294446e-01
1.294878e-01
1.295444e-01
1.295563e-01
1.296200e-01
1.296318e-01
1.296696e-01
1.297144e-01
1.297287e-01
1.297819e-01
1.298647e-01
1.298847e-01
1.298993e-01
1.299440e-01
1.299789e-01
1.300088e-01
1.300784e-01
1.301232e-01
1.301613e-01
1.301912e-01
1.302646e-01
1.303102e-01
1.303353e-01
1.303852e-01
1.303981e-01
1.304494e-01
1.305084e-01
1.305367e-01
1.305415e-01
1.305812e-01
1.306524e-01
1.306729e-01
1.307236e-01
1.307458e-01
1.307934e-01
1.308530e-01
1.309119e-01
1.309670e-01
1.309853e-01
1.310161e-01
1.310454e-01
1.310718e-01
1.310844e-01
1.311432e-01
1.311973e-01
1.312087e-01
1.312506e-01
1.312816e-01
1.313115e-01
1.313582e-01
1.313884e-01
1.314429e-01
1.314983e-01
1.315468e-01
1.315993e-01
1.316265e-01
1.316561e-01
1.317271e-01
1.317821e-01
1.318250e-01
1.318598e-01
1.318738e-01
1.319197e-01
1.319328e-01
1.320155e-01
1.320441e-01
1.320470e-01
1.321149e-01
1.321418e-01
1.321827e-01
1.322202e-01
1.322499e-01
1.322920e-01
1.323297e-01
1.323764e-01
1.324025e-01
1.324441e-01
1.324833e-01
1.324881e-01
1.325485e-01
1.326134e-01
1.326577e-01
1.327578e-01
1.327800e-01
1.328009e-01
1.328323e-01
1.329122e-01
1.329552e-01
1.330020e-01
1.330104e-01
1.330657e-01
1.331167e-01
1.331329e-01
1.331640e-01
1.332894e-01
1.333018e-01
1.333222e-01
1.333729e-01
1.333965e-01
1.334495e-01
1.334819e-01
1.335090e-01
1.335666e-01
1.336521e-01
1.336772e-01
1.337039e-01
1.338033e-01
1.338497e-01
1.338566e-01
1.338813e-01
1.339240e-01
1.339445e-01
1.339715e-01
1.340221e-01
1.340773e-01
1.341129e-01
1.341778e-01
1.342349e-01
1.343370e-01
1.343536e-01
1.344077e-01
1.344478e-01
1.344804e-01
1.345392e-01
1.345888e-01
1.346393e-01
1.346757e-01
1.347161e-01
1.347573e-01
1.347695e-01
1.348334e-01
1.348755e-01
1.348968e-01
1.349336e-01
1.350351e-01
1.350419e-01
1.350789e-01
1.351023e-01
1.351378e-01
1.351958e-01
1.352140e-01
1.352400e-01
1.352825e-01
1.353041e-01
1.353947e-01
1.354680e-01
1.354964e-01
1.355053e-01
1.355600e-01
1.356224e-01
1.356427e-01
1.356702e-01
1.357033e-01
1.357385e-01
1.357697e-01
1.358200e-01
1.358911e-01
1.359516e-01
1.360016e-01
1.360380e-01
1.360924e-01
1.361025e-01
1.361536e-01
1.361801e-01
1.362688e-01
1.362843e-01
1.363214e-01
1.363559e-01
1.364254e-01
1.364475e-01
1.364544e-01
1.364916e-01
1.365647e-01
1.366036e-01
1.366444e-01
1.366990e-01
1.367665e-01
1.367947e-01
1.368421e-01
1.368714e-01
1.369289e-01
1.369657e-01
1.370123e-01
1.370492e-01
1.371146e-01
1.371213e-01
1.371924e-01
1.372202e-01
1.372228e-01
1.372933e-01
1.373414e-01
1.374023e-01
1.374181e-01
1.374782e-01
1.375076e-01
1.375529e-01
1.375995e-01
1.376642e-01
1.376756e-01
1.377179e-01
1.377656e-01
1.377796e-01
1.378153e-01
1.378560e-01
1.378837e-01
1.379136e-01
1.379485e-01
1.380636e-01
1.381172e-01
1.381317e-01
1.382206e-01
1.382443e-01
1.382697e-01
1.382786e-01
1.383296e-01
1.384251e-01
1.385180e-01
1.385521e-01
1.386007e-01
1.386519e-01
1.386642e-01
1.387126e-01
1.387413e-01
1.387672e-01
1.388101e-01
1.388535e-01
1.389025e-01
1.389403e-01
1.390005e-01
1.390314e-01
1.390959e-01
1.391049e-01
1.391425e-01
1.391707e-01
1.391987e-01
1.392886e-01
1.393536e-01
1.393657e-01
1.394802e-01
1.395004e-01
1.395157e-01
1.395852e-01
1.396074e-01
1.396787e-01
1.397166e-01
1.397320e-01
1.397922e-01
1.398514e-01
1.399291e-01
1.399530e-01
1.400208e-01
1.400356e-01
1.400701e-01
1.401165e-01
1.401774e-01
1.402215e-01
1.402444e-01
1.403115e-01
1.403558e-01
1.404488e-01
1.404803e-01
1.405240e-01
1.405737e-01
1.406211e-01
1.406419e-01
1.406925e-01
1.407262e-01
1.407770e-01
1.407971e-01
1.408283e-01
1.408455e-01
1.408778e-01
1.409434e-01
1.409932e-01
1.410245e-01
1.410767e-01
1.411247e-01
1.411735e-01
1.412047e-01
1.412413e-01
1.412759e-01
1.413468e-01
1.413550e-01
1.414070e-01
1.414315e-01
1.414745e-01
1.415248e-01
1.416103e-01
1.416693e-01
1.417229e-01
1.417430e-01
1.417590e-01
1.418283e-01
1.418534e-01
1.419100e-01
1.419506e-01
1.419711e-01
1.420427e-01
1.420606e-01
1.421331e-01
1.421667e-01
1.422391e-01
1.422616e-01
1.423044e-01
1.423365e-01
1.424208e-01
1.424532e-01
1.424762e-01
1.425570e-01
1.425894e-01
1.426211e-01
1.426499e-01
1.427047e-01
1.427430e-01
1.427825e-01
1.428270e-01
1.428451e-01
1.429128e-01
1.429699e-01
1.429943e-01
1.430582e-01
1.430909e-01
1.431383e-01
1.431859e-01
1.432360e-01
1.432521e-01
1.433116e-01
1.433780e-01
1.434038e-01
1.434196e-01
1.434895e-01
1.435572e-01
1.435701e-01
1.436406e-01
1.436872e-01
1.437114e-01
1.437705e-01
1.437918e-01
1.438821e-01
1.439165e-01
1.439676e-01
1.439885e-01
1.440008e-01
1.440640e-01
1.441108e-01
1.441712e-01
1.442219e-01
1.443151e-01
1.443241e-01
1.443524e-01
1.444109e-01
1.444558e-01
1.445150e-01
1.445583e-01
1.446032e-01
1.446576e-01
1.446917e-01
1.447498e-01
1.447620e-01
1.447991e-01
1.448572e-01
1.448922e-01
1.449065e-01
1.449126e-01
1.450760e-01
1.451376e-01
1.451512e-01
1.451604e-01
1.452297e-01
1.452840e-01
1.453029e-01
1.453642e-01
1.454275e-01
1.454743e-01
1.455319e-01
1.455415e-01
1.456018e-01
1.456650e-01
1.456859e-01
1.457772e-01
1.458089e-01
1.458235e-01
1.459095e-01
1.459310e-01
1.459900e-01
1.460228e-01
1.460531e-01
1.461143e-01
1.461691e-01
1.462286e-01
1.462968e-01
1.463029e-01
1.463598e-01
1.464569e-01
1.464682e-01
1.465004e-01
1.465240e-01
1.465729e-01
1.466017e-01
1.466672e-01
1.467230e-01
1.467397e-01
1.467796e-01
1.468552e-01
1.468801e-01
1.469453e-01
1.469887e-01
1.470007e-01
1.470629e-01
1.471090e-01
1.471627e-01
1.472063e-01
1.472367e-01
1.472999e-01
1.473245e-01
1.473949e-01
1.474232e-01
1.474558e-01
1.474962e-01
1.475365e-01
1.475921e-01
1.476573e-01
1.477385e-01
1.478090e-01
1.478653e-01
1.479168e-01
1.479745e-01
1.480320e-01
1.481225e-01
1.481289e-01
1.481515e-01
1.481838e-01
1.481950e-01
1.482659e-01
1.482868e-01
1.483463e-01
1.484179e-01
1.484494e-01
1.484740e-01
1.484990e-01
1.485720e-01
1.486062e-01
1.486471e-01
1.487323e-01
1.487587e-01
1.488341e-01
1.488730e-01
1.489134e-01
1.489347e-01
1.490367e-01
1.490623e-01
1.490819e-01
1.491384e-01
1.491676e-01
1.492047e-01
1.492460e-01
1.492774e-01
1.493462e-01
1.494236e-01
1.494564e-01
1.494794e-01
1.495401e-01
1.495579e-01
1.496390e-01
1.496999e-01
1.497579e-01
1.497705e-01
1.497821e-01
1.498398e-01
1.499349e-01
1.499886e-01
1.500189e-01
1.501218e-01
1.501263e-01
1.501697e-01
1.502352e-01
1.502684e-01
1.503351e-01
1.504023e-01
1.504229e-01
1.505131e-01
1.505434e-01
1.505787e-01
1.506109e-01
1.506639e-01
1.507013e-01
1.507573e-01
1.507928e-01
1.508880e-01
1.509672e-01
1.509930e-01
1.510573e-01
1.510823e-01
1.511476e-01
1.511703e-01
1.512579e-01
1.512775e-01
1.513216e-01
1.513565e-01
1.514366e-01
1.514470e-01
1.515167e-01
1.515747e-01
1.516228e-01
1.516697e-01
1.516787e-01
1.517620e-01
1.518173e-01
1.518711e-01
1.518777e-01
1.519266e-01
1.520106e-01
1.520431e-01
1.521054e-01
1.521662e-01
1.522004e-01
1.522050e-01
1.522457e-01
1.522889e-01
1.523416e-01
1.524381e-01
1.524541e-01
1.524581e-01
1.525400e-01
1.525869e-01
1.526854e-01
1.527428e-01
1.527819e-01
1.528324e-01
1.528727e-01
1.529259e-01
1.529874e-01
1.530158e-01
1.530784e-01
1.530854e-01
1.531752e-01
1.531992e-01
1.532611e-01
1.533415e-01
1.534016e-01
1.534254e-01
1.534724e-01
1.534905e-01
1.535766e-01
1.536390e-01
1.536519e-01
1.536656e-01
1.537616e-01
1.538358e-01
1.538780e-01
1.539157e-01
1.539782e-01
1.540141e-01
1.540764e-01
1.540890e-01
1.541890e-01
1.542287e-01
1.542551e-01
1.543172e-01
1.543309e-01
1.543844e-01
1.544068e-01
1.544857e-01
1.545414e-01
1.545847e-01
1.546811e-01
1.547339e-01
1.548167e-01
1.548879e-01
1.548989e-01
1.549212e-01
1.549455e-01
1.550157e-01
1.550834e-01
1.551657e-01
1.552141e-01
1.552381e-01
1.552746e-01
1.553704e-01
1.554244e-01
1.554404e-01
1.554634e-01
1.555375e-01
1.555871e-01
1.555999e-01
1.556997e-01
1.557719e-01
1.558717e-01
1.559176e-01
1.559351e-01
1.559810e-01
1.560532e-01
1.560959e-01
1.561310e-01
1.561755e-01
1.562583e-01
1.562935e-01
1.563270e-01
1.563420e-01
1.563821e-01
1.564372e-01
1.564816e-01
1.565326e-01
1.565987e-01
1.566264e-01
1.566420e-01
1.567068e-01
1.567518e-01
1.568350e-01
1.568446e-01
1.568781e-01
1.569214e-01
1.570120e-01
1.570801e-01
1.571053e-01
1.571699e-01
1.572217e-01
1.572796e-01
1.573523e-01
1.574066e-01
1.574902e-01
1.575020e-01
1.575288e-01
1.575525e-01
1.576249e-01
1.576668e-01
1.577636e-01
1.578032e-01
1.578631e-01
1.579219e-01
1.580485e-01
1.580849e-01
1.580974e-01
1.581422e-01
1.581757e-01
1.582140e-01
1.582459e-01
1.583084e-01
1.583405e-01
1.584282e-01
1.584486e-01
1.585607e-01
1.585767e-01
1.586313e-01
1.587092e-01
1.587677e-01
1.588116e-01
1.588612e-01
1.588940e-01
1.589282e-01
1.589803e-01
1.590533e-01
1.591146e-01
1.592245e-01
1.592517e-01
1.593123e-01
1.593649e-01
1.594075e-01
1.594577e-01
1.594680e-01
1.595457e-01
1.596066e-01
1.596672e-01
1.597124e-01
1.597283e-01
1.598053e-01
1.598460e-01
1.598774e-01
1.599720e-01
1.600196e-01
1.600909e-01
1.601809e-01
1.601965e-01
1.602569e-01
1.603308e-01
1.603536e-01
1.604350e-01
1.604901e-01
1.605055e-01
1.605625e-01
1.606408e-01
1.606934e-01
1.607330e-01
1.608174e-01
1.608661e-01
1.609143e-01
1.609630e-01
1.610872e-01
1.611179e-01
1.611847e-01
1.612512e-01
1.612643e-01
1.613457e-01
1.614006e-01
1.614137e-01
1.614348e-01
1.614917e-01
1.616255e-01
1.616617e-01
1.617432e-01
1.617660e-01
1.617930e-01
1.618369e-01
1.618946e-01
1.619695e-01
1.619966e-01
1.620557e-01
1.621369e-01
1.621942e-01
1.622406e-01
1.622745e-01
1.623951e-01
1.624336e-01
1.624934e-01
1.625407e-01
1.625707e-01
1.626185e-01
1.626864e-01
1.627538e-01
1.628079e-01
1.628415e-01
1.629823e-01
1.629934e-01
1.630615e-01
1.631820e-01
1.632069e-01
1.632332e-01
1.633322e-01
1.633554e-01
1.634808e-01
1.635690e-01
1.636022e-01
1.637138e-01
1.637601e-01
1.638571e-01
1.638841e-01
1.639460e-01
1.639864e-01
1.640541e-01
1.641027e-01
1.641234e-01
1.642389e-01
1.642889e-01
1.643214e-01
1.643580e-01
1.643745e-01
1.644367e-01
1.644684e-01
1.645871e-01
1.646198e-01
1.646925e-01
1.647559e-01
1.647728e-01
1.648561e-01
1.649043e-01
1.649921e-01
1.650482e-01
1.651077e-01
1.651862e-01
1.652234e-01
1.652355e-01
1.652737e-01
1.653724e-01
1.654505e-01
1.655039e-01
1.655219e-01
1.656141e-01
1.656939e-01
1.657366e-01
1.658054e-01
1.658541e-01
1.658932e-01
1.659642e-01
1.660602e-01
1.661160e-01
1.661267e-01
1.661874e-01
1.662532e-01
1.663495e-01
1.663707e-01
1.664068e-01
1.664593e-01
1.664666e-01
1.665492e-01
1.665990e-01
1.666881e-01
1.667520e-01
1.668293e-01
1.669271e-01
1.669537e-01
1.669857e-01
1.670108e-01
1.670556e-01
1.671763e-01
1.672103e-01
1.672624e-01
1.673657e-01
1.674443e-01
1.674948e-01
1.675090e-01
1.676171e-01
1.676310e-01
1.676364e-01
1.676902e-01
1.677069e-01
1.677989e-01
1.679156e-01
1.679590e-01
1.680102e-01
1.681188e-01
1.681786e-01
1.682255e-01
1.682577e-01
1.683325e-01
1.683560e-01
1.683816e-01
1.685262e-01
1.685882e-01
1.686049e-01
1.686776e-01
1.687837e-01
1.687900e-01
1.688771e-01
1.689275e-01
1.689662e-01
1.690438e-01
1.690748e-01
1.691838e-01
1.692603e-01
1.692891e-01
1.693435e-01
1.693786e-01
1.694078e-01
1.694805e-01
1.695636e-01
1.696210e-01
1.697341e-01
1.697529e-01
1.698386e-01
1.698953e-01
1.699180e-01
1.700451e-01
1.700629e-01
1.701511e-01
1.701862e-01
1.702388e-01
1.702502e-01
1.703831e-01
1.704257e-01
1.704311e-01
1.705142e-01
1.705554e-01
1.706284e-01
1.706908e-01
1.707714e-01
1.708299e-01
1.708527e-01
1.709282e-01
1.709640e-01
1.709762e-01
1.710325e-01
1.710857e-01
1.711686e-01
1.712774e-01
1.713530e-01
1.713788e-01
1.713981e-01
1.715146e-01
1.715655e-01
1.716390e-01
1.717210e-01
1.717455e-01
1.718312e-01
1.718869e-01
1.719315e-01
1.719915e-01
1.720866e-01
1.721192e-01
1.722425e-01
1.722924e-01
1.723577e-01
1.724192e-01
1.724481e-01
1.724896e-01
1.725224e-01
1.725817e-01
1.725982e-01
1.727095e-01
1.727754e-01
1.728407e-01
1.729198e-01
1.729729e-01
1.730167e-01
1.730931e-01
1.731255e-01
1.731935e-01
1.733103e-01
1.733240e-01
1.734378e-01
1.735229e-01
1.735507e-01
1.736384e-01
1.737563e-01
1.738078e-01
1.738362e-01
1.739415e-01
1.739888e-01
1.740195e-01
1.740694e-01
1.741164e-01
1.741772e-01
1.741919e-01
1.742691e-01
1.743085e-01
1.744923e-01
1.745627e-01
1.745744e-01
1.746141e-01
1.746810e-01
1.747959e-01
1.748520e-01
1.748938e-01
1.749621e-01
1.750225e-01
1.750670e-01
1.751721e-01
1.751903e-01
1.752602e-01
1.752687e-01
1.753379e-01
1.754122e-01
1.755305e-01
1.755580e-01
1.756319e-01
1.756871e-01
1.757526e-01
1.758087e-01
1.758691e-01
1.759443e-01
1.760155e-01
1.760817e-01
1.761157e-01
1.761473e-01
1.761850e-01
1.762955e-01
1.764081e-01
1.764412e-01
1.765191e-01
1.765642e-01
1.766864e-01
1.767561e-01
1.768172e-01
1.768874e-01
1.769644e-01
1.770139e-01
1.770641e-01
1.770921e-01
1.772055e-01
1.772310e-01
1.772923e-01
1.773623e-01
1.774782e-01
1.775608e-01
1.776021e-01
1.776787e-01
1.777511e-01
1.778251e-01
1.778773e-01
1.778976e-01
1.779619e-01
1.780587e-01
1.781768e-01
1.782200e-01
1.782931e-01
1.783347e-01
1.784156e-01
1.784914e-01
1.785363e-01
1.786988e-01
1.787532e-01
1.788666e-01
1.788839e-01
1.789576e-01
1.789979e-01
1.790542e-01
1.790882e-01
1.791315e-01
1.791907e-01
1.792975e-01
1.793500e-01
1.794324e-01
1.795147e-01
1.795723e-01
1.796482e-01
1.796829e-01
1.797328e-01
1.798266e-01
1.798749e-01
1.799459e-01
1.799946e-01
1.800035e-01
1.800618e-01
1.801560e-01
1.801931e-01
1.803703e-01
1.803968e-01
1.804443e-01
1.805100e-01
1.805409e-01
1.806088e-01
1.807188e-01
1.808102e-01
1.808551e-01
1.809551e-01
1.810247e-01
1.810505e-01
1.811526e-01
1.812194e-01
1.812905e-01
1.813585e-01
1.814127e-01
1.814910e-01
1.815369e-01
1.815682e-01
1.817678e-01
1.817906e-01
1.818921e-01
1.819356e-01
1.819828e-01
1.820558e-01
1.820839e-01
1.821857e-01
1.822540e-01
1.823364e-01
1.824365e-01
1.824591e-01
1.825315e-01
1.825881e-01
1.826907e-01
1.827601e-01
1.828593e-01
1.829534e-01
1.829686e-01
1.830537e-01
1.830852e-01
1.831783e-01
1.831921e-01
1.832991e-01
1.833176e-01
1.833934e-01
1.834002e-01
1.834696e-01
1.835894e-01
1.835968e-01
1.836556e-01
1.837387e-01
1.837563e-01
1.838644e-01
1.839818e-01
1.840338e-01
1.841055e-01
1.842071e-01
1.843159e-01
1.843507e-01
1.843631e-01
1.844466e-01
1.844854e-01
1.845782e-01
1.846237e-01
1.846828e-01
1.847976e-01
1.848482e-01
1.849755e-01
1.850297e-01
1.850530e-01
1.851215e-01
1.852069e-01
1.853060e-01
1.853309e-01
1.854715e-01
1.855615e-01
1.855804e-01
1.856362e-01
1.856513e-01
1.856807e-01
1.857362e-01
1.857954e-01
1.858713e-01
1.859731e-01
1.860376e-01
1.860873e-01
1.861753e-01
1.862315e-01
1.862799e-01
1.864463e-01
1.864637e-01
1.865100e-01
1.866380e-01
1.866684e-01
1.867645e-01
1.868310e-01
1.868562e-01
1.869359e-01
1.870147e-01
1.871250e-01
1.871876e-01
1.873085e-01
1.874174e-01
1.874478e-01
1.875318e-01
1.875931e-01
1.876267e-01
1.876671e-01
1.877922e-01
1.878958e-01
1.879483e-01
1.880715e-01
1.881026e-01
1.882141e-01
1.882385e-01
1.883153e-01
1.883873e-01
1.884188e-01
1.885075e-01
1.885370e-01
1.886296e-01
1.887444e-01
1.888316e-01
1.889129e-01
1.889256e-01
1.890287e-01
1.890865e-01
1.891849e-01
1.892538e-01
1.893304e-01
1.893978e-01
1.894245e-01
1.895523e-01
1.895984e-01
1.896528e-01
1.897070e-01
1.897791e-01
1.898399e-01
1.899081e-01
1.899881e-01
1.900378e-01
1.901304e-01
1.901733e-01
1.902898e-01
1.903229e-01
1.904701e-01
1.904982e-01
1.905844e-01
1.906233e-01
1.907439e-01
1.907679e-01
1.909092e-01
1.909580e-01
1.910087e-01
1.911412e-01
1.911959e-01
1.912651e-01
1.913594e-01
1.913691e-01
1.914645e-01
1.915518e-01
1.915880e-01
1.916747e-01
1.917797e-01
1.918233e-01
1.918405e-01
1.919580e-01
1.920884e-01
1.921571e-01
1.922503e-01
1.922653e-01
1.923541e-01
1.924430e-01
1.924579e-01
1.925184e-01
1.926299e-01
1.926884e-01
1.928476e-01
1.928638e-01
1.929289e-01
1.931433e-01
1.931478e-01
1.932966e-01
1.933656e-01
1.933905e-01
1.934636e-01
1.935252e-01
1.935954e-01
1.936951e-01
1.937288e-01
1.937600e-01
1.938956e-01
1.939279e-01
1.940009e-01
1.940850e-01
1.941517e-01
1.942537e-01
1.942906e-01
1.943461e-01
1.944571e-01
1.945156e-01
1.945870e-01
1.946586e-01
1.947178e-01
1.948294e-01
1.948677e-01
1.949505e-01
1.949953e-01
1.950649e-01
1.951200e-01
1.951779e-01
1.952782e-01
1.953024e-01
1.954187e-01
1.955687e-01
1.955970e-01
1.956586e-01
1.957019e-01
1.957657e-01
1.957989e-01
1.958821e-01
1.959901e-01
1.960148e-01
1.960635e-01
1.961543e-01
1.962290e-01
1.963014e-01
1.963157e-01
1.964447e-01
1.964663e-01
1.965903e-01
1.966410e-01
1.967180e-01
1.967618e-01
1.967858e-01
1.969267e-01
1.970332e-01
1.971100e-01
1.971843e-01
1.972053e-01
1.972696e-01
1.974176e-01
1.974474e-01
1.975167e-01
1.976136e-01
1.976618e-01
1.977366e-01
1.978130e-01
1.978775e-01
1.979427e-01
1.980619e-01
1.981782e-01
1.981933e-01
1.982628e-01
1.983293e-01
1.983783e-01
1.985162e-01
1.985214e-01
1.986557e-01
1.987378e-01
1.988723e-01
1.989511e-01
1.989645e-01
1.991148e-01
1.992073e-01
1.992390e-01
1.993355e-01
1.994726e-01
1.995351e-01
1.996148e-01
1.996920e-01
1.997694e-01
1.998112e-01
1.999083e-01
1.999341e-01
2.000059e-01
2.001493e-01
2.002461e-01
2.002679e-01
2.003550e-01
2.004079e-01
2.005213e-01
2.006498e-01
2.006964e-01
2.007574e-01
2.008324e-01
2.008442e-01
2.009323e-01
2.010086e-01
2.010826e-01
2.011864e-01
2.012839e-01
2.013859e-01
2.014702e-01
2.015013e-01
2.016205e-01
2.016641e-01
2.017466e-01
2.017734e-01
2.018403e-01
2.019380e-01
2.020341e-01
2.020867e-01
2.021977e-01
2.022095e-01
2.023806e-01
2.024174e-01
2.024723e-01
2.025906e-01
2.026611e-01
2.027747e-01
2.028529e-01
2.029555e-01
2.030111e-01
2.031140e-01
2.031828e-01
2.032335e-01
2.033906e-01
2.034607e-01
2.035421e-01
2.035894e-01
2.037067e-01
2.037580e-01
2.038260e-01
2.038826e-01
2.039491e-01
2.040277e-01
2.040651e-01
2.041731e-01
2.042751e-01
2.043018e-01
2.043570e-01
2.044877e-01
2.045115e-01
2.045492e-01
2.046157e-01
2.047352e-01
2.048101e-01
2.048421e-01
2.049056e-01
2.049915e-01
2.050536e-01
2.051628e-01
2.053159e-01
2.053259e-01
2.054844e-01
2.055482e-01
2.055910e-01
2.056298e-01
2.057112e-01
2.058831e-01
2.060305e-01
2.061003e-01
2.061294e-01
2.061709e-01
2.062778e-01
2.063156e-01
2.063905e-01
2.064607e-01
2.065444e-01
2.066787e-01
2.067638e-01
2.068754e-01
2.070046e-01
2.070956e-01
2.072357e-01
2.073255e-01
2.073613e-01
2.075167e-01
2.075528e-01
2.076814e-01
2.077631e-01
2.078750e-01
2.079076e-01
2.079923e-01
2.081710e-01
2.081806e-01
2.082470e-01
2.083617e-01
2.084573e-01
2.085030e-01
2.085240e-01
2.086609e-01
2.086926e-01
2.088398e-01
2.088591e-01
2.090012e-01
2.091189e-01
2.091973e-01
2.092724e-01
2.093851e-01
2.094798e-01
2.095876e-01
2.096492e-01
2.097285e-01
2.097578e-01
2.098872e-01
2.100027e-01
2.100404e-01
2.100791e-01
2.102325e-01
2.102628e-01
2.105213e-01
2.105627e-01
2.106223e-01
2.107043e-01
2.108325e-01
2.109422e-01
2.109737e-01
2.110259e-01
2.111434e-01
2.112035e-01
2.112284e-01
2.114032e-01
2.114592e-01
2.115641e-01
2.116218e-01
2.116930e-01
2.118252e-01
2.118581e-01
2.121012e-01
2.121750e-01
2.122919e-01
2.123326e-01
2.124033e-01
2.125404e-01
2.126003e-01
2.126800e-01
2.127533e-01
2.128967e-01
2.129792e-01
2.131079e-01
2.131285e-01
2.131729e-01
2.132823e-01
2.134081e-01
2.134440e-01
2.135826e-01
2.136162e-01
2.136601e-01
2.137652e-01
2.138740e-01
2.138880e-01
2.139756e-01
2.140706e-01
2.140870e-01
2.142141e-01
2.144286e-01
2.145245e-01
2.145888e-01
2.147125e-01
2.147454e-01
2.147878e-01
2.148910e-01
2.149416e-01
2.150175e-01
2.151171e-01
2.152005e-01
2.153177e-01
2.154104e-01
2.154661e-01
2.155137e-01
2.156731e-01
2.157365e-01
2.159246e-01
2.159798e-01
2.161432e-01
2.162225e-01
2.163086e-01
2.163728e-01
2.165223e-01
2.165715e-01
2.166073e-01
2.166752e-01
2.167405e-01
2.168450e-01
2.168643e-01
2.169289e-01
2.170823e-01
2.172007e-01
2.172341e-01
2.173172e-01
2.174276e-01
2.175297e-01
2.176472e-01
2.177190e-01
2.178138e-01
2.179300e-01
2.179400e-01
2.180615e-01
2.181404e-01
2.182618e-01
2.183397e-01
2.184935e-01
2.187092e-01
2.187687e-01
2.188081e-01
2.188275e-01
2.190172e-01
2.190377e-01
2.192078e-01
2.193149e-01
2.193629e-01
2.194699e-01
2.195344e-01
2.196017e-01
2.196534e-01
2.197023e-01
2.197503e-01
2.199553e-01
2.200241e-01
2.200765e-01
2.201328e-01
2.202667e-01
2.202936e-01
2.203893e-01
2.205101e-01
2.205990e-01
2.206480e-01
2.207728e-01
2.209214e-01
2.210089e-01
2.210517e-01
2.211629e-01
2.212319e-01
2.213748e-01
2.215191e-01
2.215850e-01
2.216307e-01
2.217269e-01
2.217977e-01
2.219445e-01
2.219688e-01
2.220525e-01
2.221685e-01
2.222294e-01
2.222941e-01
2.223507e-01
2.224480e-01
2.226016e-01
2.226593e-01
2.227265e-01
2.228296e-01
2.228473e-01
2.230284e-01
2.230777e-01
2.232275e-01
2.233445e-01
2.233806e-01
2.234994e-01
2.235173e-01
2.236520e-01
2.237938e-01
2.238334e-01
2.239591e-01
2.240172e-01
2.242172e-01
2.243315e-01
2.244190e-01
2.244276e-01
2.245169e-01
2.245978e-01
2.247472e-01
2.247872e-01
2.248662e-01
2.249160e-01
2.250049e-01
2.251669e-01
2.252452e-01
2.253411e-01
2.254085e-01
2.254883e-01
2.256059e-01
2.256430e-01
2.257727e-01
2.258740e-01
2.259415e-01
2.261178e-01
2.262555e-01
2.263076e-01
2.263973e-01
2.264301e-01
2.265594e-01
2.267168e-01
2.268334e-01
2.268871e-01
2.269645e-01
2.271277e-01
2.271719e-01
2.271969e-01
2.272271e-01
2.274125e-01
2.274557e-01
2.275499e-01
2.276289e-01
2.276616e-01
2.277460e-01
2.278182e-01
2.278771e-01
2.281600e-01
2.282618e-01
2.283352e-01
2.284976e-01
2.285718e-01
2.286688e-01
2.287428e-01
2.288740e-01
2.290563e-01
2.292215e-01
2.293078e-01
2.293897e-01
2.294739e-01
2.295968e-01
2.296324e-01
2.297087e-01
2.297310e-01
2.298287e-01
2.299621e-01
2.300326e-01
2.301147e-01
2.301875e-01
2.302784e-01
2.303827e-01
2.304750e-01
2.305457e-01
2.306028e-01
2.307193e-01
2.308059e-01
2.308751e-01
2.310845e-01
2.311337e-01
2.311852e-01
2.313403e-01
2.315490e-01
2.315965e-01
2.317332e-01
2.317583e-01
2.318701e-01
2.319010e-01
2.319712e-01
2.320511e-01
2.321672e-01
2.323079e-01
2.323266e-01
2.324842e-01
2.325226e-01
2.326841e-01
2.327840e-01
2.329326e-01
2.330314e-01
2.330516e-01
2.331608e-01
2.332653e-01
2.333221e-01
2.334295e-01
2.335325e-01
2.336545e-01
2.336872e-01
2.338236e-01
2.338827e-01
2.339677e-01
2.340342e-01
2.341416e-01
2.341827e-01
2.343256e-01
2.344489e-01
2.345045e-01
2.346251e-01
2.347539e-01
2.349398e-01
2.349875e-01
2.350809e-01
2.351911e-01
2.352693e-01
2.352915e-01
2.354368e-01
2.356050e-01
2.356773e-01
2.358382e-01
2.358915e-01
2.359725e-01
2.360557e-01
2.361147e-01
2.361840e-01
2.362285e-01
2.363994e-01
2.364629e-01
2.365055e-01
2.365583e-01
2.366988e-01
2.367476e-01
2.368540e-01
2.369634e-01
2.370477e-01
2.371956e-01
2.372908e-01
2.373104e-01
2.373930e-01
2.375702e-01
2.376983e-01
2.377567e-01
2.378923e-01
2.379160e-01
2.380681e-01
2.381150e-01
2.382266e-01
2.384024e-01
2.384749e-01
2.386129e-01
2.387262e-01
2.388400e-01
2.389739e-01
2.390582e-01
2.391484e-01
2.392399e-01
2.393306e-01
2.393561e-01
2.394365e-01
2.396539e-01
2.397617e-01
2.398533e-01
2.399092e-01
2.399669e-01
2.400531e-01
2.401801e-01
2.403965e-01
2.404439e-01
2.406502e-01
2.407594e-01
2.408376e-01
2.409368e-01
2.410770e-01
2.412214e-01
2.412643e-01
2.413436e-01
2.414508e-01
2.414965e-01
2.415962e-01
2.418038e-01
2.419313e-01
2.420897e-01
2.421387e-01
2.423439e-01
2.423995e-01
2.425836e-01
2.426063e-01
2.428517e-01
2.429737e-01
2.431660e-01
2.432073e-01
2.434022e-01
2.434758e-01
2.435789e-01
2.437223e-01
2.437496e-01
2.439355e-01
2.440508e-01
2.441707e-01
2.442751e-01
2.443236e-01
2.443438e-01
2.445087e-01
2.446746e-01
2.448227e-01
2.448922e-01
2.449123e-01
2.450185e-01
2.450963e-01
2.452770e-01
2.453688e-01
2.454158e-01
2.455118e-01
2.455633e-01
2.456331e-01
2.457596e-01
2.458834e-01
2.461271e-01
2.461907e-01
2.462568e-01
2.463880e-01
2.465043e-01
2.468141e-01
2.468370e-01
2.470762e-01
2.472249e-01
2.473349e-01
2.473789e-01
2.474302e-01
2.475967e-01
2.476901e-01
2.477120e-01
2.478934e-01
2.480487e-01
2.480964e-01
2.482019e-01
2.483607e-01
2.485526e-01
2.486864e-01
2.488047e-01
2.488811e-01
2.490276e-01
2.491862e-01
2.492112e-01
2.493249e-01
2.494583e-01
2.495662e-01
2.496664e-01
2.497252e-01
2.498503e-01
2.499682e-01
2.501466e-01
2.502460e-01
2.503501e-01
2.503781e-01
2.504713e-01
2.505769e-01
2.507687e-01
2.507959e-01
2.509302e-01
2.509594e-01
2.510966e-01
2.512148e-01
2.513011e-01
2.514463e-01
2.515969e-01
2.516383e-01
2.518105e-01
2.518179e-01
2.519873e-01
2.520978e-01
2.522577e-01
2.524519e-01
2.524647e-01
2.526474e-01
2.527962e-01
2.528784e-01
2.530130e-01
2.531586e-01
2.532610e-01
2.533296e-01
2.533795e-01
2.534781e-01
2.535280e-01
2.536842e-01
2.537610e-01
2.538339e-01
2.538779e-01
2.539920e-01
2.540433e-01
2.541784e-01
2.542964e-01
2.545183e-01
2.545308e-01
2.545979e-01
2.547573e-01
2.547945e-01
2.550334e-01
2.551963e-01
2.554500e-01
2.555000e-01
2.556081e-01
2.556764e-01
2.559175e-01
2.560945e-01
2.561990e-01
2.563811e-01
2.564155e-01
2.565189e-01
2.565598e-01
2.566724e-01
2.567568e-01
2.569969e-01
2.571260e-01
2.572334e-01
2.574270e-01
2.574392e-01
2.575863e-01
2.576956e-01
2.577441e-01
2.579973e-01
2.580374e-01
2.581516e-01
2.583941e-01
2.585024e-01
2.586342e-01
2.586847e-01
2.588627e-01
2.589720e-01
2.591335e-01
2.591822e-01
2.593743e-01
2.594466e-01
2.595430e-01
2.596779e-01
2.599153e-01
2.599420e-01
2.600990e-01
2.602674e-01
2.603619e-01
2.604196e-01
2.606307e-01
2.607459e-01
2.609070e-01
2.611125e-01
2.611656e-01
2.613341e-01
2.613990e-01
2.616878e-01
2.617369e-01
2.618794e-01
2.620491e-01
2.621191e-01
2.622594e-01
2.625639e-01
2.626204e-01
2.626975e-01
2.628566e-01
2.629272e-01
2.630262e-01
2.630986e-01
2.631284e-01
2.632945e-01
2.634369e-01
2.635494e-01
2.636008e-01
2.637304e-01
2.638040e-01
2.639530e-01
2.640565e-01
2.641979e-01
2.642412e-01
2.644862e-01
2.645906e-01
2.646354e-01
2.648772e-01
2.649659e-01
2.650817e-01
2.652358e-01
2.652642e-01
2.654215e-01
2.656142e-01
2.657127e-01
2.659776e-01
2.661005e-01
2.662371e-01
2.663797e-01
2.664727e-01
2.666180e-01
2.669098e-01
2.670551e-01
2.672500e-01
2.674323e-01
2.676656e-01
2.678083e-01
2.680404e-01
2.681694e-01
2.682099e-01
2.683370e-01
2.684345e-01
2.684535e-01
2.685914e-01
2.686410e-01
2.688755e-01
2.690849e-01
2.693710e-01
2.693904e-01
2.694097e-01
2.694592e-01
2.696508e-01
2.697225e-01
2.700403e-01
2.703231e-01
2.703554e-01
2.706010e-01
2.707490e-01
2.708285e-01
2.708548e-01
2.708837e-01
2.710906e-01
2.712122e-01
2.712683e-01
2.713214e-01
2.714333e-01
2.715334e-01
2.717339e-01
2.719154e-01
2.721865e-01
2.722322e-01
2.725139e-01
2.726893e-01
2.727333e-01
2.728082e-01
2.730708e-01
2.731518e-01
2.734970e-01
2.737152e-01
2.738562e-01
2.739240e-01
2.741487e-01
2.743502e-01
2.744338e-01
2.745305e-01
2.747410e-01
2.748676e-01
2.751075e-01
2.752288e-01
2.754015e-01
2.755442e-01
2.756948e-01
2.757989e-01
2.759382e-01
2.760440e-01
2.762351e-01
2.762856e-01
2.764212e-01
2.765130e-01
2.768549e-01
2.769388e-01
2.771361e-01
2.773318e-01
2.774700e-01
2.775666e-01
2.776647e-01
2.777439e-01
2.778110e-01
2.780969e-01
2.782313e-01
2.783314e-01
2.783579e-01
2.785021e-01
2.786277e-01
2.787941e-01
2.789434e-01
2.790368e-01
2.795034e-01
2.795523e-01
2.796858e-01
2.797973e-01
2.798263e-01
2.801942e-01
2.802557e-01
2.803071e-01
2.803283e-01
2.805446e-01
2.807508e-01
2.808401e-01
2.809523e-01
2.809672e-01
2.812531e-01
2.814321e-01
2.815256e-01
2.815375e-01
2.818390e-01
2.819012e-01
2.821018e-01
2.821640e-01
2.824882e-01
2.825848e-01
2.827487e-01
2.829685e-01
2.830447e-01
2.833266e-01
2.835424e-01
2.837178e-01
2.838136e-01
2.841788e-01
2.842377e-01
2.844064e-01
2.846272e-01
2.847291e-01
2.848207e-01
2.849113e-01
2.851388e-01
2.853670e-01
2.855074e-01
2.855989e-01
2.856856e-01
2.857577e-01
2.858022e-01
2.860420e-01
2.861449e-01
2.863346e-01
2.864286e-01
2.866626e-01
2.870315e-01
2.871360e-01
2.872588e-01
2.873380e-01
2.875023e-01
2.875823e-01
2.877689e-01
2.880797e-01
2.880852e-01
2.882299e-01
2.883235e-01
2.884133e-01
2.885214e-01
2.887268e-01
2.889482e-01
2.892207e-01
2.894343e-01
2.897643e-01
2.898118e-01
2.898869e-01
2.901392e-01
2.901999e-01
2.903578e-01
2.905549e-01
2.906790e-01
2.907888e-01
2.908640e-01
2.912574e-01
2.913494e-01
2.913940e-01
2.916184e-01
2.917324e-01
2.917887e-01
2.918458e-01
2.920024e-01
2.920994e-01
2.923987e-01
2.924784e-01
2.926008e-01
2.928995e-01
2.930657e-01
2.933457e-01
2.935038e-01
2.936032e-01
2.938646e-01
2.939475e-01
2.941656e-01
2.941996e-01
2.943306e-01
2.945065e-01
2.945760e-01
2.947632e-01
2.948693e-01
2.951675e-01
2.955231e-01
2.956632e-01
2.957674e-01
2.959836e-01
2.960996e-01
2.962444e-01
2.962874e-01
2.964749e-01
2.965849e-01
2.968387e-01
2.969515e-01
2.970150e-01
2.970972e-01
2.973058e-01
2.977588e-01
2.979430e-01
2.980480e-01
2.982880e-01
2.984532e-01
2.984843e-01
2.987146e-01
2.989825e-01
2.992286e-01
2.995810e-01
2.996758e-01
2.997390e-01
2.999394e-01
3.002630e-01
3.003690e-01
3.005117e-01
3.006207e-01
3.006643e-01
3.008402e-01
3.010550e-01
3.011929e-01
3.015041e-01
3.015338e-01
3.018577e-01
3.019896e-01
3.021209e-01
3.023847e-01
3.025412e-01
3.027377e-01
3.029749e-01
3.031012e-01
3.032917e-01
3.034040e-01
3.036548e-01
3.037146e-01
3.039961e-01
3.040826e-01
3.043346e-01
3.045900e-01
3.047715e-01
3.049996e-01
3.051934e-01
3.054221e-01
3.055484e-01
3.056314e-01
3.059240e-01
3.060046e-01
3.061169e-01
3.063980e-01
3.065616e-01
3.067355e-01
3.071049e-01
3.073700e-01
3.075555e-01
3.076877e-01
3.078744e-01
3.080361e-01
3.081242e-01
3.082536e-01
3.085964e-01
3.087266e-01
3.087663e-01
3.089131e-01
3.091732e-01
3.092426e-01
3.093085e-01
3.097374e-01
3.098494e-01
3.099921e-01
3.102172e-01
3.103588e-01
3.105165e-01
3.106961e-01
3.108842e-01
3.111727e-01
3.113698e-01
3.116414e-01
3.120975e-01
3.122419e-01
3.124210e-01
3.127093e-01
3.128583e-01
3.130950e-01
3.133266e-01
3.134919e-01
3.135374e-01
3.138263e-01
3.140503e-01
3.141904e-01
3.143652e-01
3.145444e-01
3.148437e-01
3.150179e-01
3.153250e-01
3.156980e-01
3.157299e-01
3.159822e-01
3.161453e-01
3.163370e-01
3.166316e-01
3.169201e-01
3.171047e-01
3.173681e-01
3.177326e-01
3.179149e-01
3.179657e-01
3.183665e-01
3.185601e-01
3.188286e-01
3.190516e-01
3.193514e-01
3.195165e-01
3.197716e-01
3.197960e-01
3.200913e-01
3.203450e-01
3.204027e-01
3.207743e-01
3.208912e-01
3.209411e-01
3.211167e-01
3.212989e-01
3.214322e-01
3.215271e-01
3.216488e-01
3.221966e-01
3.223164e-01
3.225140e-01
3.228901e-01
3.231566e-01
3.233900e-01
3.237324e-01
3.237874e-01
3.240805e-01
3.241890e-01
3.243607e-01
3.244149e-01
3.246004e-01
3.248640e-01
3.252539e-01
3.254034e-01
3.254602e-01
3.257966e-01
3.261185e-01
3.262100e-01
3.264094e-01
3.265529e-01
3.266115e-01
3.267987e-01
3.269328e-01
3.276174e-01
3.277980e-01
3.281212e-01
3.282979e-01
3.285042e-01
3.287246e-01
3.289592e-01
3.291590e-01
3.295368e-01
3.297150e-01
3.299660e-01
3.300099e-01
3.300728e-01
3.301971e-01
3.308693e-01
3.309553e-01
3.312060e-01
3.315321e-01
3.316933e-01
3.317398e-01
3.318967e-01
3.322434e-01
3.325343e-01
3.327434e-01
3.333985e-01
3.338545e-01
3.339474e-01
3.343274e-01
3.345042e-01
3.346695e-01
3.348270e-01
3.349842e-01
3.350964e-01
3.352557e-01
3.354347e-01
3.356667e-01
3.362448e-01
3.364480e-01
3.366775e-01
3.368569e-01
3.369782e-01
3.371597e-01
3.373012e-01
3.375885e-01
3.377507e-01
3.378950e-01
3.382200e-01
3.385688e-01
3.386078e-01
3.387241e-01
3.391232e-01
3.392969e-01
3.394961e-01
3.396667e-01
3.398292e-01
3.401572e-01
3.401824e-01
3.402889e-01
3.409288e-01
3.411022e-01
3.417208e-01
3.420166e-01
3.422481e-01
3.423073e-01
3.425913e-01
3.429379e-01
3.430880e-01
3.434418e-01
3.436147e-01
3.440594e-01
3.441023e-01
3.442587e-01
3.443710e-01
3.446772e-01
3.447742e-01
3.452358e-01
3.455516e-01
3.457636e-01
3.458693e-01
3.462252e-01
3.464357e-01
3.465791e-01
3.468138e-01
3.469181e-01
3.470730e-01
3.471168e-01
3.473022e-01
3.477746e-01
3.479346e-01
3.482082e-01
3.484247e-01
3.488553e-01
3.489641e-01
3.493195e-01
3.495941e-01
3.497068e-01
3.498537e-01
3.501379e-01
3.505483e-01
3.508374e-01
3.513097e-01
3.515430e-01
3.518987e-01
3.519323e-01
3.521622e-01
3.523575e-01
3.527511e-01
3.528530e-01
3.529943e-01
3.538295e-01
3.539402e-01
3.541799e-01
3.545458e-01
3.546243e-01
3.552861e-01
3.554380e-01
3.554706e-01
3.557256e-01
3.561325e-01
3.562558e-01
3.567626e-01
3.573162e-01
3.575912e-01
3.584140e-01
3.587605e-01
3.587965e-01
3.594498e-01
3.596970e-01
3.598713e-01
3.600659e-01
3.603461e-01
3.603746e-01
3.609970e-01
3.612771e-01
3.613121e-01
3.616708e-01
3.616895e-01
3.619276e-01
3.621934e-01
3.624552e-01
3.626742e-01
3.626972e-01
3.629510e-01
3.631678e-01
3.632444e-01
3.636593e-01
3.640241e-01
3.640823e-01
3.643661e-01
3.648584e-01
3.653046e-01
3.653984e-01
3.655527e-01
3.659066e-01
3.661291e-01
3.666337e-01
3.666674e-01
3.669217e-01
3.672584e-01
3.673659e-01
3.676857e-01
3.683159e-01
3.686908e-01
3.689639e-01
3.693282e-01
3.697208e-01
3.700007e-01
3.703002e-01
3.705284e-01
3.707111e-01
3.709565e-01
3.711690e-01
3.713450e-01
3.714462e-01
3.716073e-01
3.717495e-01
3.722228e-01
3.726360e-01
3.730866e-01
3.733196e-01
3.735454e-01
3.736893e-01
3.740315e-01
3.742926e-01
3.749600e-01
3.752463e-01
3.755043e-01
3.756677e-01
3.757508e-01
3.763006e-01
3.764334e-01
3.765370e-01
3.766805e-01
3.768790e-01
3.774402e-01
3.778107e-01
3.782118e-01
3.784586e-01
3.787499e-01
3.789280e-01
3.793349e-01
3.799533e-01
3.801208e-01
3.802130e-01
3.811928e-01
3.813114e-01
3.815422e-01
3.816358e-01
3.823526e-01
3.829131e-01
3.830195e-01
3.833278e-01
3.837181e-01
3.840543e-01
3.842804e-01
3.844149e-01
3.845724e-01
3.850872e-01
3.855712e-01
3.856856e-01
3.860185e-01
3.863033e-01
3.865330e-01
3.867381e-01
3.873749e-01
3.876621e-01
3.880310e-01
3.881491e-01
3.884165e-01
3.889468e-01
3.894123e-01
3.899721e-01
3.900875e-01
3.903112e-01
3.907299e-01
3.908627e-01
3.911024e-01
3.913898e-01
3.916298e-01
3.918010e-01
3.925748e-01
3.926657e-01
3.931644e-01
3.937492e-01
3.940847e-01
3.942754e-01
3.948516e-01
3.952889e-01
3.954478e-01
3.962760e-01
3.964611e-01
3.970303e-01
3.972012e-01
3.973224e-01
3.975449e-01
3.975725e-01
3.981306e-01
3.982304e-01
3.982556e-01
3.983985e-01
3.988469e-01
3.993301e-01
3.998975e-01
4.000472e-01
4.002081e-01
4.007413e-01
4.008302e-01
4.012521e-01
4.016351e-01
4.021179e-01
4.026190e-01
4.030220e-01
4.032499e-01
4.038304e-01
4.041596e-01
4.044826e-01
4.045583e-01
4.051067e-01
4.052497e-01
4.056888e-01
4.063909e-01
4.067913e-01
4.069135e-01
4.074975e-01
4.076334e-01
4.082220e-01
4.086329e-01
4.088345e-01
4.092085e-01
4.098488e-01
4.099576e-01
4.102298e-01
4.105956e-01
4.114715e-01
4.115733e-01
4.117208e-01
4.122057e-01
4.129599e-01
4.136160e-01
4.137867e-01
4.142884e-01
4.143995e-01
4.145436e-01
4.147080e-01
4.152495e-01
4.158867e-01
4.167618e-01
4.171380e-01
4.175607e-01
4.179461e-01
4.181973e-01
4.186079e-01
4.188335e-01
4.191294e-01
4.192289e-01
4.196612e-01
4.201495e-01
4.201853e-01
4.209180e-01
4.212497e-01
4.216932e-01
4.221957e-01
4.229324e-01
4.231902e-01
4.234605e-01
4.236454e-01
4.241339e-01
4.247636e-01
4.255091e-01
4.257092e-01
4.260207e-01
4.261755e-01
4.266191e-01
4.266976e-01
4.273061e-01
4.279462e-01
4.281228e-01
4.284252e-01
4.285085e-01
4.293656e-01
4.295394e-01
4.300187e-01
4.310480e-01
4.313905e-01
4.318642e-01
4.323529e-01
4.329241e-01
4.329355e-01
4.331399e-01
4.335854e-01
4.341689e-01
4.347466e-01
4.348264e-01
4.350479e-01
4.358464e-01
4.363292e-01
4.372109e-01
4.374969e-01
4.378760e-01
4.379613e-01
4.386007e-01
4.386960e-01
4.392750e-01
4.396724e-01
4.399316e-01
4.400691e-01
4.403612e-01
4.405354e-01
4.410332e-01
4.418868e-01
4.425348e-01
4.431637e-01
4.435437e-01
4.438050e-01
4.442176e-01
4.450259e-01
4.457324e-01
4.465978e-01
4.468264e-01
4.468935e-01
4.475092e-01
4.476015e-01
4.480107e-01
4.483056e-01
4.486698e-01
4.492522e-01
4.500898e-01
4.502113e-01
4.505091e-01
4.507799e-01
4.515392e-01
4.516200e-01
4.522100e-01
4.524781e-01
4.530014e-01
4.545677e-01
4.547134e-01
4.553718e-01
4.557626e-01
4.563331e-01
4.568232e-01
4.575748e-01
4.579491e-01
4.581426e-01
4.593121e-01
4.598723e-01
4.601698e-01
4.604399e-01
4.605250e-01
4.616435e-01
4.616996e-01
4.624067e-01
4.635424e-01
4.637242e-01
4.640573e-01
4.646506e-01
4.651922e-01
4.656893e-01
4.660348e-01
4.678200e-01
4.678887e-01
4.680784e-01
4.684688e-01
4.692901e-01
4.698402e-01
4.702870e-01
4.705400e-01
4.710496e-01
4.715599e-01
4.717565e-01
4.723069e-01
4.725592e-01
4.727188e-01
4.731615e-01
4.733811e-01
4.736003e-01
4.736712e-01
4.739266e-01
4.743342e-01
4.753928e-01
4.760196e-01
4.761692e-01
4.762466e-01
4.766626e-01
4.774213e-01
4.778325e-01
4.780099e-01
4.790113e-01
4.793581e-01
4.795927e-01
4.797226e-01
4.800164e-01
4.808220e-01
4.820778e-01
4.825077e-01
4.827320e-01
4.830307e-01
4.832278e-01
4.834790e-01
4.840054e-01
4.845892e-01
4.857729e-01
4.859953e-01
4.867653e-01
4.874700e-01
4.881503e-01
4.884504e-01
4.891233e-01
4.900664e-01
4.922598e-01
4.931213e-01
4.934680e-01
4.936058e-01
4.936285e-01
4.944063e-01
4.951847e-01
4.957689e-01
4.961921e-01
4.969606e-01
4.974550e-01
4.982161e-01
4.990513e-01
4.992358e-01
4.995057e-01
4.998323e-01
5.007287e-01
5.016251e-01
5.020516e-01
5.031981e-01
5.035887e-01
5.040640e-01
5.049564e-01
5.054403e-01
5.071990e-01
5.079100e-01
5.083536e-01
5.084682e-01
5.089833e-01
5.097880e-01
5.103076e-01
5.109988e-01
5.119861e-01
5.128534e-01
5.131032e-01
5.144564e-01
5.153016e-01
5.159629e-01
5.167887e-01
5.184831e-01
5.205706e-01
5.214352e-01
5.217201e-01
5.220961e-01
5.235660e-01
5.240228e-01
5.244965e-01
5.262281e-01
5.269061e-01
5.278948e-01
5.283850e-01
5.289300e-01
5.290466e-01
5.296255e-01
5.306327e-01
5.315127e-01
5.324198e-01
5.335682e-01
5.341478e-01
5.357127e-01
5.374205e-01
5.379582e-01
5.383993e-01
5.391757e-01
5.396573e-01
5.401256e-01
5.405443e-01
5.411148e-01
5.413279e-01
5.420762e-01
5.438508e-01
5.449781e-01
5.451516e-01
5.460100e-01
5.470983e-01
5.472949e-01
5.482813e-01
5.489473e-01
5.495913e-01
5.507521e-01
5.516866e-01
5.518761e-01
5.535580e-01
5.548655e-01
5.549347e-01
5.561470e-01
5.566434e-01
5.571392e-01
5.576137e-01
5.579237e-01
5.588095e-01
5.601103e-01
5.620705e-01
5.625791e-01
5.629935e-01
5.640346e-01
5.648108e-01
5.670110e-01
5.675795e-01
5.682429e-01
5.686726e-01
5.698365e-01
5.712350e-01
5.716876e-01
5.732955e-01
5.742313e-01
5.758529e-01
5.761836e-01
5.763459e-01
5.795043e-01
5.803951e-01
5.852961e-01
5.866834e-01
5.887231e-01
5.907785e-01
5.913851e-01
5.915714e-01
5.922388e-01
5.926988e-01
5.964334e-01
5.966487e-01
5.974567e-01
5.976897e-01
5.992490e-01
5.998051e-01
6.002843e-01
6.014816e-01
6.016080e-01
6.048678e-01
6.051426e-01
6.053699e-01
6.061729e-01
6.083673e-01
6.101462e-01
6.103192e-01
6.124156e-01
6.144416e-01
6.163367e-01
6.171897e-01
6.181971e-01
6.187967e-01
6.206404e-01
6.210245e-01
6.229110e-01
6.243050e-01
6.256611e-01
6.265549e-01
6.281254e-01
6.282210e-01
6.299279e-01
6.317400e-01
6.346869e-01
6.349870e-01
6.396238e-01
6.412072e-01
6.415177e-01
6.422166e-01
6.465767e-01
6.493635e-01
6.500866e-01
6.523581e-01
6.534117e-01
6.545475e-01
6.589388e-01
6.625378e-01
6.641016e-01
6.665151e-01
6.679294e-01
6.701985e-01
6.708228e-01
6.723590e-01
6.747067e-01
6.787655e-01
6.822074e-01
6.833456e-01
6.862548e-01
6.906716e-01
6.949945e-01
6.968465e-01
6.978810e-01
6.984266e-01
7.012320e-01
7.040037e-01
7.128793e-01
7.139270e-01
7.167578e-01
7.190947e-01
7.208971e-01
7.216341e-01
7.281164e-01
7.313353e-01
7.315389e-01
7.320159e-01
7.379800e-01
7.485521e-01
7.487089e-01
7.520696e-01
7.612165e-01
7.636940e-01
7.697377e-01
7.931012e-01
8.036357e-01
8.169104e-01
8.192318e-01
8.260243e-01
8.275687e-01
8.391554e-01
8.408027e-01
8.452663e-01
8.518040e-01
8.861573e-01
9.202821e-01
9.251561e-01
9.316729e-01
9.624895e-01
9.822754e-01
1.000000e+00
