# SF-29 C-i4 candidate (i) i1o4 field=gauss eps=0.5 N=16: sorted relative singular values of the dense central-FD Jacobian at the converged state (rows F_i=-q(L_i-S_i); outlet rows (2q/h)(vperp_in-c_perp); smax=9.816449e+03)
1.007361e-04
1.066439e-04
1.132889e-04
1.179034e-04
1.256576e-04
1.271113e-04
1.315911e-04
1.359419e-04
1.412537e-04
1.442264e-04
1.474897e-04
1.524920e-04
1.552866e-04
1.595981e-04
1.640475e-04
1.668149e-04
1.748279e-04
1.796130e-04
1.841736e-04
1.855272e-04
1.952743e-04
2.132125e-04
2.154263e-04
2.185707e-04
2.243886e-04
2.381362e-04
2.416293e-04
2.641665e-04
2.828048e-04
2.924699e-04
2.999894e-04
3.110061e-04
3.234089e-04
3.343568e-04
3.409251e-04
3.467211e-04
3.619880e-04
3.769274e-04
3.838989e-04
4.033777e-04
4.317250e-04
4.352009e-04
4.399838e-04
4.496125e-04
4.687173e-04
4.927111e-04
4.957824e-04
5.378968e-04
5.771659e-04
6.136847e-04
6.309240e-04
6.379990e-04
6.657936e-04
6.799132e-04
7.285894e-04
7.506900e-04
7.674416e-04
7.852370e-04
8.155376e-04
8.447414e-04
8.538691e-04
8.605183e-04
8.663043e-04
9.008003e-04
9.216859e-04
9.244935e-04
9.527090e-04
9.669635e-04
9.788918e-04
9.893834e-04
1.008212e-03
1.029770e-03
1.041429e-03
1.084255e-03
1.097576e-03
1.114456e-03
1.138579e-03
1.186087e-03
1.198708e-03
1.243738e-03
1.254292e-03
1.259785e-03
1.291665e-03
1.292677e-03
1.299331e-03
1.328787e-03
1.338899e-03
1.340381e-03
1.357698e-03
1.369665e-03
1.387761e-03
1.409801e-03
1.412672e-03
1.420393e-03
1.436549e-03
1.443510e-03
1.471696e-03
1.479594e-03
1.487009e-03
1.520112e-03
1.534095e-03
1.535667e-03
1.546170e-03
1.551012e-03
1.577770e-03
1.591698e-03
1.602317e-03
1.620270e-03
1.624960e-03
1.636416e-03
1.672202e-03
1.674490e-03
1.692221e-03
1.695911e-03
1.716954e-03
1.717789e-03
1.736530e-03
1.745739e-03
1.760638e-03
1.766338e-03
1.780655e-03
1.789755e-03
1.819055e-03
1.827806e-03
1.845218e-03
1.873532e-03
1.883701e-03
1.887562e-03
1.903275e-03
1.913495e-03
1.933451e-03
1.942611e-03
1.957446e-03
1.963616e-03
1.984410e-03
2.013927e-03
2.022952e-03
2.051144e-03
2.078082e-03
2.094161e-03
2.107821e-03
2.117328e-03
2.134800e-03
2.148015e-03
2.159550e-03
2.184045e-03
2.198101e-03
2.249972e-03
2.266301e-03
2.293296e-03
2.303928e-03
2.314802e-03
2.326491e-03
2.340631e-03
2.368618e-03
2.385864e-03
2.414138e-03
2.432481e-03
2.437348e-03
2.460660e-03
2.475129e-03
2.481828e-03
2.504351e-03
2.514910e-03
2.535665e-03
2.558246e-03
2.591383e-03
2.604616e-03
2.624098e-03
2.639996e-03
2.653819e-03
2.695752e-03
2.719515e-03
2.731181e-03
2.749084e-03
2.793641e-03
2.811353e-03
2.836951e-03
2.863196e-03
2.897063e-03
2.945333e-03
2.996819e-03
3.015431e-03
3.044823e-03
3.070441e-03
3.091105e-03
3.121867e-03
3.152544e-03
3.185895e-03
3.214111e-03
3.253111e-03
3.262862e-03
3.269575e-03
3.306640e-03
3.352214e-03
3.362353e-03
3.385138e-03
3.421305e-03
3.431047e-03
3.442557e-03
3.471092e-03
3.498488e-03
3.516632e-03
3.529553e-03
3.551057e-03
3.555804e-03
3.568562e-03
3.573826e-03
3.578900e-03
3.593507e-03
3.639408e-03
3.651718e-03
3.680251e-03
3.698436e-03
3.713545e-03
3.732903e-03
3.745466e-03
3.752907e-03
3.776042e-03
3.790937e-03
3.795461e-03
3.824668e-03
3.847002e-03
3.856222e-03
3.870785e-03
3.884230e-03
3.912394e-03
3.920384e-03
3.942455e-03
3.951404e-03
3.964715e-03
3.993849e-03
4.025054e-03
4.031021e-03
4.068664e-03
4.078258e-03
4.109244e-03
4.131430e-03
4.163323e-03
4.174831e-03
4.192454e-03
4.223978e-03
4.229736e-03
4.263546e-03
4.271989e-03
4.282609e-03
4.294421e-03
4.310465e-03
4.346593e-03
4.359260e-03
4.408150e-03
4.414211e-03
4.423571e-03
4.468300e-03
4.498469e-03
4.501812e-03
4.527417e-03
4.550370e-03
4.566254e-03
4.594145e-03
4.610119e-03
4.628219e-03
4.660642e-03
4.688793e-03
4.705188e-03
4.718139e-03
4.765370e-03
4.783898e-03
4.800231e-03
4.833077e-03
4.840438e-03
4.854602e-03
4.866073e-03
4.896086e-03
4.912363e-03
4.940467e-03
4.943620e-03
4.959480e-03
4.976940e-03
4.986170e-03
5.015050e-03
5.045576e-03
5.066589e-03
5.091467e-03
5.109232e-03
5.124246e-03
5.127137e-03
5.154627e-03
5.172309e-03
5.230805e-03
5.246546e-03
5.256106e-03
5.308671e-03
5.324433e-03
5.347263e-03
5.372985e-03
5.394899e-03
5.416539e-03
5.440258e-03
5.458495e-03
5.471792e-03
5.520361e-03
5.541546e-03
5.571399e-03
5.576047e-03
5.600880e-03
5.648531e-03
5.677777e-03
5.695598e-03
5.708631e-03
5.772379e-03
5.824609e-03
5.839943e-03
5.863909e-03
5.890447e-03
5.905064e-03
5.925368e-03
5.936352e-03
5.969209e-03
5.985256e-03
6.002866e-03
6.049702e-03
6.079023e-03
6.118145e-03
6.137540e-03
6.176122e-03
6.195269e-03
6.241617e-03
6.259547e-03
6.264598e-03
6.286548e-03
6.314170e-03
6.357393e-03
6.386801e-03
6.425676e-03
6.445304e-03
6.488026e-03
6.510391e-03
6.526329e-03
6.574808e-03
6.587626e-03
6.612168e-03
6.638455e-03
6.659080e-03
6.681020e-03
6.712932e-03
6.715580e-03
6.751581e-03
6.768062e-03
6.805393e-03
6.821586e-03
6.823736e-03
6.842951e-03
6.859447e-03
6.875262e-03
6.901887e-03
6.934019e-03
6.943568e-03
6.960415e-03
6.970594e-03
7.010484e-03
7.019281e-03
7.037939e-03
7.065207e-03
7.069934e-03
7.091707e-03
7.107435e-03
7.126972e-03
7.138618e-03
7.170815e-03
7.189776e-03
7.207049e-03
7.250671e-03
7.262995e-03
7.294133e-03
7.306902e-03
7.319612e-03
7.336733e-03
7.365990e-03
7.407106e-03
7.428592e-03
7.440828e-03
7.462716e-03
7.488519e-03
7.510147e-03
7.538501e-03
7.581619e-03
7.584363e-03
7.607072e-03
7.630550e-03
7.654885e-03
7.667944e-03
7.685996e-03
7.717503e-03
7.737961e-03
7.754824e-03
7.761145e-03
7.805514e-03
7.823975e-03
7.848376e-03
7.879562e-03
7.887682e-03
7.918337e-03
7.945000e-03
7.960117e-03
7.993364e-03
8.007146e-03
8.036348e-03
8.049159e-03
8.078431e-03
8.097928e-03
8.123976e-03
8.157677e-03
8.166463e-03
8.200785e-03
8.214769e-03
8.231482e-03
8.262413e-03
8.311964e-03
8.319986e-03
8.334666e-03
8.361113e-03
8.363756e-03
8.424045e-03
8.448957e-03
8.456294e-03
8.492256e-03
8.507520e-03
8.527665e-03
8.586773e-03
8.608901e-03
8.637665e-03
8.661606e-03
8.668390e-03
8.715877e-03
8.733074e-03
8.747525e-03
8.771375e-03
8.817245e-03
8.854122e-03
8.873724e-03
8.919760e-03
8.948890e-03
8.961952e-03
8.984400e-03
9.034955e-03
9.081521e-03
9.098917e-03
9.135745e-03
9.160390e-03
9.175191e-03
9.188724e-03
9.247745e-03
9.261886e-03
9.279816e-03
9.298800e-03
9.331565e-03
9.343318e-03
9.415839e-03
9.437181e-03
9.459624e-03
9.476982e-03
9.486963e-03
9.521056e-03
9.523755e-03
9.543935e-03
9.584071e-03
9.623200e-03
9.634477e-03
9.694914e-03
9.696030e-03
9.740590e-03
9.753972e-03
9.789385e-03
9.808843e-03
9.850493e-03
9.854529e-03
9.887520e-03
9.922263e-03
9.966660e-03
9.988851e-03
1.003124e-02
1.004205e-02
1.005196e-02
1.009837e-02
1.010334e-02
1.012743e-02
1.017489e-02
1.021090e-02
1.023312e-02
1.025104e-02
1.029832e-02
1.031119e-02
1.034454e-02
1.037471e-02
1.040717e-02
1.040859e-02
1.043399e-02
1.046440e-02
1.048389e-02
1.051589e-02
1.053565e-02
1.056698e-02
1.061999e-02
1.065526e-02
1.068371e-02
1.070405e-02
1.070895e-02
1.073304e-02
1.073787e-02
1.077239e-02
1.078492e-02
1.081887e-02
1.085263e-02
1.086951e-02
1.092138e-02
1.094910e-02
1.098479e-02
1.101200e-02
1.102898e-02
1.105406e-02
1.109082e-02
1.109604e-02
1.113529e-02
1.114194e-02
1.118437e-02
1.119109e-02
1.119874e-02
1.121621e-02
1.124387e-02
1.126642e-02
1.129318e-02
1.129550e-02
1.131907e-02
1.132908e-02
1.136349e-02
1.140053e-02
1.141379e-02
1.142324e-02
1.147089e-02
1.148170e-02
1.149636e-02
1.152148e-02
1.152826e-02
1.155285e-02
1.156870e-02
1.160928e-02
1.162251e-02
1.166004e-02
1.169925e-02
1.170746e-02
1.173982e-02
1.175322e-02
1.179851e-02
1.181753e-02
1.184627e-02
1.186713e-02
1.188080e-02
1.192629e-02
1.193966e-02
1.195494e-02
1.197766e-02
1.198128e-02
1.199605e-02
1.205483e-02
1.205672e-02
1.208619e-02
1.211049e-02
1.212170e-02
1.214348e-02
1.222311e-02
1.224082e-02
1.226067e-02
1.227201e-02
1.229207e-02
1.231804e-02
1.232423e-02
1.233995e-02
1.237550e-02
1.241087e-02
1.243927e-02
1.245260e-02
1.249551e-02
1.253003e-02
1.255121e-02
1.257465e-02
1.258872e-02
1.259749e-02
1.262324e-02
1.263775e-02
1.265332e-02
1.267607e-02
1.270916e-02
1.273457e-02
1.276144e-02
1.278376e-02
1.281293e-02
1.284705e-02
1.287009e-02
1.290237e-02
1.296617e-02
1.299255e-02
1.300361e-02
1.303027e-02
1.305408e-02
1.307330e-02
1.309685e-02
1.313058e-02
1.313755e-02
1.315151e-02
1.320167e-02
1.324217e-02
1.325374e-02
1.331082e-02
1.332300e-02
1.333113e-02
1.336798e-02
1.340892e-02
1.344125e-02
1.346426e-02
1.347367e-02
1.349088e-02
1.352715e-02
1.354084e-02
1.357354e-02
1.359972e-02
1.361354e-02
1.367581e-02
1.370521e-02
1.372716e-02
1.374933e-02
1.376925e-02
1.385337e-02
1.387694e-02
1.389800e-02
1.391023e-02
1.395602e-02
1.399921e-02
1.405257e-02
1.406641e-02
1.410792e-02
1.412269e-02
1.414195e-02
1.421060e-02
1.423317e-02
1.424539e-02
1.425817e-02
1.427444e-02
1.430138e-02
1.432499e-02
1.436758e-02
1.437545e-02
1.438911e-02
1.441041e-02
1.443142e-02
1.444999e-02
1.448733e-02
1.451270e-02
1.453724e-02
1.456561e-02
1.458782e-02
1.463719e-02
1.464778e-02
1.469601e-02
1.474616e-02
1.476468e-02
1.478822e-02
1.479860e-02
1.483948e-02
1.484625e-02
1.489296e-02
1.490372e-02
1.492634e-02
1.497911e-02
1.501234e-02
1.503912e-02
1.504361e-02
1.507650e-02
1.510452e-02
1.514050e-02
1.514610e-02
1.517719e-02
1.521453e-02
1.525577e-02
1.528484e-02
1.532876e-02
1.535116e-02
1.537497e-02
1.540920e-02
1.542355e-02
1.546252e-02
1.550248e-02
1.551523e-02
1.555818e-02
1.560143e-02
1.563645e-02
1.564131e-02
1.567688e-02
1.568424e-02
1.570723e-02
1.573682e-02
1.575487e-02
1.576888e-02
1.579964e-02
1.580817e-02
1.585640e-02
1.589674e-02
1.591541e-02
1.596609e-02
1.597929e-02
1.600622e-02
1.604238e-02
1.607367e-02
1.612776e-02
1.615778e-02
1.617019e-02
1.620336e-02
1.623945e-02
1.626159e-02
1.626320e-02
1.632533e-02
1.636118e-02
1.637271e-02
1.640174e-02
1.641081e-02
1.644221e-02
1.646640e-02
1.647666e-02
1.651532e-02
1.653169e-02
1.654966e-02
1.657699e-02
1.661711e-02
1.664556e-02
1.668047e-02
1.668911e-02
1.670229e-02
1.674793e-02
1.677879e-02
1.679491e-02
1.683302e-02
1.686212e-02
1.687771e-02
1.692439e-02
1.693873e-02
1.694215e-02
1.696320e-02
1.700603e-02
1.704099e-02
1.705703e-02
1.707016e-02
1.709500e-02
1.710324e-02
1.715195e-02
1.715978e-02
1.718419e-02
1.721692e-02
1.724493e-02
1.728406e-02
1.729330e-02
1.732047e-02
1.737127e-02
1.738784e-02
1.739095e-02
1.742857e-02
1.745835e-02
1.750289e-02
1.750974e-02
1.753222e-02
1.754782e-02
1.756711e-02
1.758896e-02
1.762091e-02
1.767911e-02
1.770558e-02
1.772314e-02
1.774978e-02
1.777526e-02
1.780947e-02
1.783312e-02
1.786247e-02
1.787137e-02
1.790145e-02
1.791524e-02
1.792770e-02
1.794286e-02
1.797880e-02
1.799524e-02
1.801692e-02
1.804859e-02
1.808650e-02
1.812743e-02
1.813594e-02
1.814900e-02
1.821255e-02
1.822161e-02
1.823628e-02
1.826451e-02
1.829640e-02
1.834716e-02
1.835680e-02
1.837103e-02
1.839994e-02
1.843627e-02
1.846402e-02
1.848890e-02
1.853058e-02
1.855059e-02
1.857513e-02
1.859943e-02
1.861942e-02
1.863439e-02
1.868862e-02
1.873130e-02
1.877426e-02
1.879211e-02
1.881937e-02
1.883057e-02
1.884040e-02
1.886456e-02
1.889667e-02
1.892343e-02
1.895256e-02
1.898493e-02
1.900897e-02
1.904027e-02
1.908262e-02
1.908410e-02
1.912215e-02
1.915484e-02
1.917134e-02
1.918317e-02
1.921594e-02
1.928277e-02
1.931181e-02
1.933240e-02
1.934258e-02
1.939720e-02
1.940842e-02
1.943291e-02
1.945137e-02
1.950540e-02
1.954910e-02
1.956786e-02
1.957857e-02
1.959947e-02
1.961567e-02
1.965665e-02
1.966948e-02
1.970760e-02
1.973285e-02
1.977438e-02
1.978298e-02
1.982765e-02
1.985384e-02
1.988594e-02
1.991342e-02
1.992643e-02
1.995558e-02
1.995746e-02
2.001364e-02
2.003120e-02
2.006391e-02
2.007753e-02
2.013666e-02
2.014334e-02
2.017702e-02
2.019071e-02
2.022021e-02
2.024103e-02
2.026208e-02
2.027305e-02
2.028407e-02
2.033682e-02
2.036634e-02
2.041034e-02
2.044770e-02
2.046635e-02
2.049868e-02
2.051070e-02
2.055184e-02
2.059147e-02
2.062681e-02
2.063966e-02
2.065816e-02
2.071240e-02
2.074548e-02
2.077692e-02
2.079379e-02
2.081661e-02
2.084666e-02
2.088294e-02
2.091031e-02
2.092287e-02
2.095581e-02
2.097679e-02
2.103975e-02
2.108021e-02
2.110393e-02
2.111397e-02
2.113622e-02
2.118860e-02
2.121650e-02
2.122603e-02
2.126373e-02
2.129918e-02
2.131899e-02
2.136087e-02
2.139264e-02
2.141719e-02
2.144294e-02
2.146789e-02
2.149068e-02
2.152299e-02
2.153063e-02
2.157785e-02
2.160413e-02
2.162479e-02
2.163059e-02
2.165126e-02
2.166520e-02
2.170654e-02
2.173841e-02
2.176634e-02
2.178932e-02
2.181994e-02
2.186590e-02
2.190469e-02
2.191981e-02
2.193466e-02
2.195425e-02
2.197960e-02
2.198779e-02
2.200732e-02
2.202290e-02
2.204724e-02
2.210155e-02
2.210783e-02
2.215096e-02
2.218948e-02
2.220304e-02
2.222824e-02
2.224464e-02
2.228117e-02
2.229981e-02
2.233713e-02
2.234740e-02
2.239557e-02
2.240739e-02
2.242603e-02
2.245616e-02
2.249259e-02
2.251987e-02
2.253062e-02
2.254221e-02
2.259793e-02
2.262438e-02
2.266522e-02
2.267115e-02
2.271464e-02
2.273376e-02
2.275012e-02
2.278298e-02
2.281753e-02
2.283576e-02
2.285026e-02
2.290324e-02
2.290952e-02
2.293972e-02
2.295852e-02
2.304044e-02
2.309467e-02
2.311302e-02
2.312287e-02
2.315918e-02
2.318624e-02
2.321299e-02
2.324126e-02
2.325680e-02
2.326856e-02
2.327622e-02
2.332588e-02
2.335497e-02
2.336410e-02
2.338629e-02
2.339934e-02
2.342631e-02
2.345512e-02
2.345944e-02
2.349824e-02
2.353913e-02
2.355180e-02
2.359672e-02
2.361546e-02
2.363272e-02
2.366396e-02
2.368185e-02
2.371986e-02
2.374594e-02
2.378968e-02
2.382938e-02
2.385093e-02
2.385763e-02
2.390523e-02
2.392190e-02
2.393289e-02
2.397503e-02
2.399824e-02
2.401252e-02
2.404643e-02
2.409276e-02
2.411889e-02
2.413782e-02
2.415657e-02
2.418969e-02
2.421024e-02
2.423494e-02
2.430130e-02
2.432183e-02
2.435654e-02
2.436899e-02
2.439596e-02
2.446399e-02
2.446791e-02
2.448015e-02
2.452621e-02
2.456012e-02
2.457148e-02
2.458828e-02
2.462569e-02
2.465170e-02
2.466375e-02
2.468185e-02
2.474824e-02
2.476607e-02
2.479766e-02
2.481459e-02
2.482005e-02
2.486222e-02
2.488031e-02
2.490363e-02
2.493181e-02
2.498516e-02
2.501305e-02
2.505588e-02
2.506805e-02
2.508893e-02
2.513451e-02
2.515237e-02
2.518348e-02
2.519067e-02
2.520887e-02
2.528420e-02
2.529041e-02
2.531362e-02
2.535476e-02
2.539269e-02
2.541938e-02
2.545407e-02
2.548293e-02
2.549209e-02
2.557481e-02
2.559541e-02
2.561787e-02
2.563913e-02
2.566173e-02
2.568376e-02
2.573093e-02
2.574110e-02
2.577707e-02
2.579930e-02
2.581035e-02
2.584254e-02
2.588525e-02
2.590513e-02
2.594520e-02
2.596551e-02
2.597596e-02
2.600064e-02
2.601635e-02
2.603372e-02
2.607867e-02
2.611456e-02
2.613211e-02
2.618857e-02
2.621038e-02
2.623286e-02
2.624525e-02
2.629460e-02
2.631544e-02
2.631973e-02
2.639448e-02
2.640930e-02
2.641716e-02
2.644372e-02
2.649615e-02
2.651693e-02
2.655606e-02
2.658739e-02
2.662983e-02
2.663493e-02
2.665713e-02
2.668628e-02
2.672614e-02
2.673707e-02
2.679445e-02
2.681497e-02
2.683307e-02
2.688131e-02
2.694035e-02
2.695402e-02
2.696667e-02
2.700801e-02
2.703021e-02
2.707295e-02
2.709419e-02
2.710845e-02
2.715282e-02
2.716082e-02
2.717569e-02
2.718616e-02
2.724796e-02
2.725301e-02
2.727500e-02
2.730359e-02
2.735725e-02
2.737591e-02
2.740521e-02
2.743371e-02
2.745344e-02
2.748235e-02
2.751555e-02
2.754259e-02
2.755388e-02
2.758792e-02
2.760993e-02
2.762880e-02
2.765534e-02
2.768717e-02
2.772601e-02
2.775921e-02
2.777965e-02
2.781694e-02
2.783679e-02
2.786736e-02
2.788785e-02
2.790757e-02
2.793911e-02
2.794610e-02
2.797437e-02
2.800198e-02
2.802246e-02
2.805568e-02
2.807726e-02
2.808717e-02
2.811240e-02
2.812803e-02
2.819740e-02
2.820137e-02
2.823212e-02
2.826400e-02
2.827815e-02
2.830734e-02
2.831577e-02
2.833648e-02
2.840093e-02
2.842932e-02
2.844655e-02
2.847525e-02
2.851092e-02
2.852798e-02
2.855526e-02
2.859692e-02
2.861723e-02
2.861953e-02
2.866854e-02
2.867366e-02
2.872490e-02
2.876245e-02
2.878002e-02
2.885224e-02
2.885777e-02
2.887437e-02
2.892154e-02
2.894177e-02
2.897028e-02
2.898766e-02
2.902487e-02
2.907772e-02
2.909369e-02
2.911204e-02
2.913406e-02
2.915707e-02
2.918988e-02
2.920360e-02
2.925373e-02
2.928209e-02
2.930424e-02
2.931150e-02
2.933895e-02
2.939490e-02
2.941845e-02
2.944503e-02
2.947003e-02
2.951714e-02
2.954034e-02
2.956717e-02
2.959593e-02
2.961707e-02
2.964705e-02
2.970229e-02
2.972764e-02
2.974890e-02
2.978448e-02
2.980629e-02
2.982756e-02
2.987022e-02
2.987562e-02
2.991811e-02
2.992818e-02
2.993598e-02
2.996617e-02
2.998470e-02
3.001588e-02
3.003884e-02
3.006413e-02
3.008756e-02
3.012434e-02
3.017555e-02
3.017785e-02
3.025265e-02
3.026261e-02
3.028138e-02
3.031199e-02
3.034096e-02
3.039037e-02
3.040048e-02
3.040625e-02
3.045886e-02
3.049263e-02
3.051298e-02
3.053675e-02
3.056975e-02
3.060183e-02
3.062100e-02
3.063469e-02
3.068126e-02
3.071769e-02
3.072336e-02
3.075252e-02
3.077531e-02
3.079969e-02
3.084164e-02
3.088611e-02
3.089611e-02
3.095297e-02
3.095887e-02
3.101128e-02
3.102635e-02
3.105491e-02
3.107962e-02
3.109438e-02
3.112293e-02
3.113830e-02
3.116570e-02
3.117764e-02
3.120710e-02
3.124349e-02
3.130575e-02
3.133385e-02
3.135056e-02
3.137273e-02
3.141370e-02
3.145883e-02
3.146902e-02
3.148549e-02
3.150935e-02
3.152663e-02
3.155441e-02
3.159025e-02
3.163392e-02
3.164263e-02
3.165829e-02
3.170306e-02
3.173749e-02
3.176797e-02
3.177423e-02
3.182114e-02
3.183902e-02
3.185577e-02
3.189443e-02
3.192249e-02
3.194131e-02
3.197731e-02
3.200819e-02
3.204383e-02
3.209646e-02
3.212991e-02
3.214293e-02
3.214942e-02
3.216114e-02
3.221422e-02
3.223241e-02
3.226887e-02
3.230551e-02
3.231065e-02
3.234029e-02
3.235567e-02
3.240267e-02
3.241285e-02
3.248333e-02
3.253785e-02
3.254038e-02
3.256595e-02
3.260175e-02
3.261413e-02
3.268404e-02
3.270777e-02
3.274768e-02
3.279104e-02
3.280737e-02
3.282235e-02
3.282400e-02
3.288335e-02
3.289924e-02
3.295283e-02
3.299081e-02
3.299671e-02
3.301386e-02
3.305482e-02
3.309547e-02
3.311646e-02
3.315637e-02
3.320124e-02
3.321432e-02
3.323434e-02
3.324605e-02
3.329551e-02
3.330619e-02
3.334088e-02
3.335840e-02
3.338426e-02
3.340852e-02
3.342097e-02
3.343869e-02
3.345865e-02
3.351210e-02
3.353762e-02
3.354222e-02
3.359244e-02
3.363291e-02
3.368413e-02
3.369217e-02
3.370399e-02
3.375005e-02
3.377664e-02
3.379627e-02
3.382736e-02
3.385476e-02
3.388727e-02
3.391987e-02
3.393341e-02
3.394750e-02
3.396769e-02
3.399862e-02
3.401643e-02
3.404924e-02
3.406037e-02
3.408221e-02
3.409864e-02
3.411044e-02
3.412966e-02
3.416055e-02
3.418376e-02
3.426126e-02
3.427497e-02
3.431428e-02
3.432904e-02
3.438061e-02
3.438724e-02
3.443130e-02
3.444634e-02
3.446024e-02
3.449267e-02
3.452686e-02
3.455738e-02
3.460048e-02
3.463052e-02
3.464090e-02
3.468481e-02
3.472838e-02
3.476267e-02
3.476362e-02
3.480866e-02
3.482264e-02
3.484951e-02
3.487813e-02
3.492173e-02
3.494514e-02
3.497922e-02
3.498672e-02
3.504331e-02
3.507900e-02
3.508495e-02
3.511158e-02
3.514125e-02
3.515376e-02
3.519672e-02
3.522933e-02
3.524234e-02
3.526599e-02
3.528484e-02
3.532273e-02
3.535252e-02
3.537552e-02
3.541479e-02
3.542909e-02
3.545766e-02
3.546947e-02
3.548839e-02
3.554811e-02
3.555036e-02
3.557673e-02
3.560011e-02
3.562611e-02
3.567296e-02
3.571153e-02
3.574527e-02
3.576811e-02
3.579192e-02
3.580939e-02
3.585762e-02
3.588957e-02
3.591106e-02
3.592472e-02
3.595646e-02
3.600078e-02
3.601106e-02
3.605286e-02
3.607102e-02
3.608092e-02
3.608366e-02
3.612130e-02
3.616292e-02
3.619403e-02
3.623522e-02
3.624754e-02
3.625848e-02
3.632051e-02
3.633548e-02
3.636158e-02
3.638816e-02
3.641888e-02
3.646239e-02
3.647060e-02
3.648525e-02
3.650812e-02
3.653763e-02
3.658377e-02
3.660685e-02
3.660770e-02
3.667152e-02
3.668751e-02
3.669428e-02
3.672744e-02
3.673050e-02
3.677301e-02
3.683302e-02
3.685999e-02
3.687478e-02
3.691291e-02
3.693990e-02
3.697898e-02
3.700122e-02
3.704332e-02
3.707885e-02
3.709845e-02
3.714113e-02
3.718345e-02
3.721600e-02
3.722132e-02
3.725345e-02
3.728498e-02
3.729925e-02
3.732958e-02
3.736385e-02
3.737777e-02
3.740557e-02
3.742142e-02
3.743893e-02
3.745203e-02
3.748115e-02
3.753135e-02
3.754455e-02
3.761036e-02
3.763966e-02
3.767352e-02
3.773508e-02
3.774165e-02
3.774592e-02
3.777699e-02
3.781591e-02
3.784516e-02
3.786861e-02
3.790110e-02
3.792196e-02
3.793971e-02
3.795530e-02
3.799692e-02
3.802496e-02
3.806206e-02
3.810803e-02
3.811128e-02
3.813344e-02
3.817774e-02
3.821969e-02
3.822237e-02
3.828683e-02
3.829224e-02
3.835102e-02
3.835615e-02
3.837977e-02
3.839913e-02
3.844305e-02
3.846130e-02
3.847743e-02
3.851660e-02
3.853991e-02
3.857546e-02
3.860572e-02
3.861988e-02
3.862467e-02
3.869543e-02
3.870420e-02
3.875113e-02
3.877368e-02
3.879230e-02
3.882441e-02
3.883311e-02
3.887905e-02
3.889011e-02
3.893153e-02
3.895746e-02
3.898879e-02
3.900311e-02
3.903445e-02
3.908153e-02
3.909937e-02
3.911095e-02
3.916498e-02
3.919891e-02
3.923256e-02
3.924292e-02
3.927847e-02
3.931252e-02
3.934034e-02
3.937005e-02
3.938138e-02
3.942767e-02
3.943569e-02
3.946571e-02
3.948610e-02
3.951603e-02
3.954929e-02
3.960014e-02
3.962640e-02
3.963823e-02
3.967684e-02
3.969391e-02
3.973128e-02
3.974700e-02
3.976149e-02
3.983069e-02
3.984125e-02
3.987049e-02
3.991660e-02
3.995459e-02
3.997441e-02
4.000479e-02
4.002493e-02
4.004680e-02
4.009582e-02
4.010122e-02
4.014562e-02
4.019780e-02
4.022281e-02
4.024801e-02
4.025379e-02
4.028629e-02
4.029210e-02
4.031259e-02
4.034336e-02
4.037020e-02
4.042484e-02
4.048286e-02
4.049785e-02
4.053591e-02
4.055312e-02
4.057146e-02
4.060384e-02
4.063894e-02
4.064834e-02
4.070153e-02
4.072693e-02
4.074049e-02
4.078465e-02
4.079177e-02
4.080136e-02
4.086292e-02
4.087604e-02
4.090058e-02
4.090994e-02
4.094940e-02
4.100737e-02
4.101845e-02
4.102626e-02
4.106530e-02
4.109735e-02
4.112295e-02
4.114892e-02
4.118334e-02
4.119708e-02
4.121956e-02
4.123142e-02
4.126735e-02
4.127343e-02
4.130765e-02
4.132830e-02
4.139333e-02
4.141223e-02
4.142565e-02
4.146452e-02
4.148148e-02
4.149936e-02
4.151086e-02
4.157352e-02
4.159184e-02
4.162446e-02
4.165151e-02
4.169508e-02
4.171462e-02
4.174565e-02
4.181342e-02
4.182124e-02
4.183308e-02
4.184817e-02
4.189473e-02
4.191286e-02
4.197310e-02
4.198206e-02
4.202354e-02
4.205095e-02
4.205691e-02
4.207097e-02
4.209252e-02
4.212902e-02
4.216297e-02
4.218943e-02
4.222645e-02
4.224123e-02
4.227047e-02
4.230861e-02
4.236790e-02
4.237032e-02
4.241924e-02
4.244037e-02
4.246325e-02
4.247538e-02
4.249403e-02
4.252265e-02
4.257070e-02
4.258642e-02
4.260562e-02
4.261787e-02
4.263738e-02
4.265209e-02
4.273119e-02
4.275908e-02
4.280100e-02
4.282912e-02
4.285131e-02
4.288267e-02
4.291334e-02
4.294736e-02
4.295566e-02
4.297807e-02
4.301564e-02
4.304468e-02
4.306443e-02
4.310563e-02
4.311872e-02
4.317466e-02
4.317994e-02
4.321753e-02
4.324582e-02
4.327474e-02
4.329955e-02
4.333570e-02
4.335068e-02
4.337957e-02
4.339037e-02
4.344144e-02
4.346941e-02
4.348326e-02
4.350840e-02
4.353550e-02
4.355108e-02
4.359688e-02
4.362249e-02
4.362885e-02
4.364324e-02
4.369648e-02
4.372068e-02
4.373608e-02
4.376201e-02
4.380406e-02
4.382777e-02
4.388265e-02
4.390117e-02
4.394347e-02
4.398772e-02
4.399287e-02
4.400223e-02
4.401245e-02
4.407216e-02
4.411769e-02
4.414764e-02
4.417506e-02
4.418494e-02
4.421296e-02
4.423039e-02
4.425127e-02
4.429277e-02
4.430822e-02
4.432123e-02
4.435538e-02
4.439969e-02
4.441586e-02
4.443217e-02
4.444320e-02
4.450289e-02
4.451227e-02
4.454555e-02
4.456931e-02
4.460356e-02
4.461005e-02
4.464128e-02
4.467246e-02
4.471689e-02
4.474952e-02
4.475849e-02
4.479457e-02
4.482711e-02
4.487846e-02
4.488086e-02
4.496276e-02
4.498326e-02
4.500035e-02
4.502080e-02
4.506448e-02
4.507138e-02
4.510333e-02
4.513850e-02
4.514733e-02
4.519540e-02
4.521220e-02
4.524257e-02
4.528319e-02
4.531306e-02
4.533191e-02
4.535793e-02
4.538809e-02
4.541183e-02
4.542537e-02
4.545047e-02
4.546799e-02
4.551330e-02
4.557087e-02
4.559496e-02
4.561316e-02
4.565805e-02
4.567613e-02
4.571414e-02
4.573813e-02
4.575153e-02
4.577450e-02
4.578222e-02
4.584994e-02
4.586213e-02
4.590575e-02
4.590970e-02
4.592473e-02
4.599229e-02
4.602602e-02
4.604960e-02
4.605705e-02
4.610265e-02
4.612612e-02
4.615509e-02
4.616715e-02
4.619345e-02
4.623210e-02
4.625054e-02
4.628956e-02
4.629806e-02
4.634340e-02
4.638170e-02
4.640645e-02
4.641839e-02
4.645671e-02
4.647980e-02
4.649474e-02
4.655548e-02
4.657449e-02
4.659770e-02
4.661465e-02
4.665296e-02
4.670803e-02
4.672836e-02
4.673864e-02
4.677888e-02
4.682949e-02
4.684314e-02
4.686320e-02
4.687156e-02
4.690969e-02
4.692788e-02
4.696359e-02
4.699965e-02
4.701545e-02
4.705904e-02
4.710448e-02
4.712402e-02
4.715490e-02
4.719450e-02
4.721560e-02
4.722669e-02
4.728097e-02
4.729578e-02
4.731137e-02
4.733292e-02
4.737205e-02
4.739645e-02
4.741479e-02
4.744932e-02
4.747314e-02
4.751427e-02
4.754346e-02
4.755967e-02
4.757628e-02
4.759889e-02
4.766203e-02
4.769732e-02
4.770090e-02
4.771471e-02
4.774116e-02
4.779206e-02
4.781912e-02
4.784962e-02
4.789700e-02
4.790585e-02
4.791273e-02
4.794181e-02
4.797097e-02
4.800140e-02
4.801017e-02
4.802508e-02
4.808077e-02
4.814447e-02
4.815646e-02
4.818475e-02
4.821807e-02
4.825573e-02
4.826376e-02
4.832060e-02
4.832672e-02
4.835822e-02
4.836485e-02
4.842937e-02
4.843989e-02
4.845650e-02
4.850339e-02
4.854531e-02
4.857220e-02
4.860632e-02
4.861508e-02
4.863857e-02
4.866313e-02
4.869890e-02
4.873532e-02
4.877848e-02
4.879239e-02
4.881596e-02
4.884227e-02
4.887708e-02
4.890084e-02
4.893158e-02
4.895857e-02
4.897240e-02
4.905260e-02
4.906140e-02
4.907580e-02
4.910580e-02
4.913513e-02
4.914979e-02
4.918611e-02
4.922151e-02
4.924849e-02
4.925420e-02
4.926968e-02
4.931943e-02
4.935520e-02
4.935816e-02
4.940535e-02
4.944229e-02
4.945672e-02
4.950508e-02
4.952848e-02
4.954831e-02
4.956912e-02
4.959455e-02
4.964020e-02
4.965648e-02
4.968632e-02
4.972769e-02
4.975572e-02
4.977340e-02
4.978387e-02
4.979992e-02
4.982690e-02
4.983883e-02
4.985848e-02
4.989257e-02
4.991409e-02
4.995874e-02
4.998849e-02
5.001465e-02
5.004528e-02
5.005526e-02
5.008534e-02
5.010693e-02
5.013600e-02
5.018154e-02
5.021110e-02
5.021890e-02
5.023555e-02
5.028918e-02
5.030108e-02
5.033078e-02
5.034328e-02
5.035494e-02
5.036842e-02
5.041214e-02
5.043452e-02
5.045531e-02
5.050352e-02
5.053398e-02
5.056149e-02
5.058509e-02
5.059575e-02
5.062510e-02
5.065776e-02
5.068065e-02
5.070538e-02
5.072870e-02
5.076434e-02
5.077280e-02
5.081837e-02
5.085505e-02
5.086533e-02
5.090618e-02
5.093741e-02
5.094350e-02
5.097180e-02
5.099540e-02
5.102937e-02
5.105023e-02
5.106488e-02
5.108115e-02
5.115968e-02
5.117234e-02
5.119581e-02
5.123481e-02
5.129787e-02
5.130368e-02
5.132229e-02
5.135872e-02
5.138512e-02
5.142100e-02
5.144516e-02
5.147384e-02
5.151810e-02
5.153022e-02
5.155219e-02
5.159979e-02
5.161447e-02
5.165469e-02
5.166976e-02
5.170103e-02
5.174295e-02
5.175521e-02
5.176759e-02
5.181894e-02
5.183285e-02
5.185296e-02
5.191686e-02
5.195426e-02
5.199236e-02
5.202252e-02
5.205722e-02
5.209909e-02
5.211204e-02
5.214649e-02
5.215246e-02
5.217234e-02
5.219575e-02
5.223438e-02
5.224181e-02
5.226755e-02
5.227992e-02
5.232092e-02
5.234797e-02
5.236633e-02
5.238926e-02
5.240649e-02
5.248264e-02
5.250813e-02
5.252250e-02
5.256237e-02
5.259456e-02
5.263191e-02
5.264682e-02
5.266580e-02
5.270651e-02
5.273463e-02
5.276707e-02
5.277357e-02
5.279128e-02
5.283517e-02
5.285094e-02
5.288654e-02
5.291380e-02
5.295440e-02
5.296107e-02
5.298684e-02
5.303858e-02
5.306869e-02
5.308481e-02
5.310137e-02
5.311481e-02
5.315653e-02
5.320082e-02
5.321141e-02
5.324446e-02
5.329179e-02
5.330818e-02
5.332880e-02
5.336142e-02
5.340687e-02
5.343465e-02
5.345132e-02
5.347961e-02
5.349479e-02
5.355862e-02
5.356939e-02
5.359883e-02
5.363302e-02
5.366183e-02
5.368374e-02
5.370657e-02
5.371719e-02
5.375804e-02
5.378622e-02
5.380284e-02
5.382852e-02
5.386497e-02
5.390760e-02
5.391595e-02
5.396176e-02
5.396252e-02
5.396892e-02
5.400967e-02
5.404626e-02
5.408162e-02
5.408504e-02
5.411231e-02
5.414130e-02
5.418029e-02
5.421050e-02
5.423786e-02
5.425155e-02
5.428416e-02
5.431815e-02
5.432374e-02
5.435976e-02
5.438785e-02
5.445625e-02
5.446552e-02
5.450928e-02
5.453821e-02
5.454999e-02
5.457550e-02
5.459946e-02
5.461190e-02
5.464217e-02
5.465814e-02
5.468177e-02
5.469372e-02
5.473581e-02
5.480945e-02
5.482710e-02
5.486877e-02
5.487061e-02
5.488570e-02
5.492988e-02
5.496741e-02
5.497360e-02
5.502973e-02
5.505903e-02
5.508336e-02
5.511474e-02
5.514872e-02
5.517566e-02
5.520977e-02
5.522617e-02
5.527328e-02
5.529388e-02
5.531597e-02
5.534345e-02
5.535974e-02
5.540552e-02
5.542226e-02
5.545724e-02
5.547733e-02
5.550904e-02
5.551607e-02
5.556338e-02
5.557619e-02
5.563921e-02
5.564867e-02
5.567931e-02
5.568486e-02
5.574758e-02
5.575649e-02
5.579843e-02
5.581258e-02
5.583007e-02
5.586213e-02
5.586689e-02
5.593074e-02
5.596422e-02
5.598343e-02
5.600855e-02
5.603336e-02
5.606541e-02
5.608990e-02
5.612354e-02
5.614852e-02
5.615983e-02
5.616769e-02
5.620551e-02
5.622420e-02
5.624462e-02
5.629279e-02
5.631444e-02
5.634244e-02
5.637057e-02
5.638410e-02
5.642505e-02
5.642704e-02
5.648537e-02
5.650433e-02
5.653964e-02
5.660288e-02
5.660382e-02
5.663497e-02
5.664776e-02
5.666830e-02
5.670065e-02
5.674051e-02
5.677862e-02
5.680517e-02
5.681180e-02
5.687000e-02
5.687917e-02
5.690005e-02
5.690821e-02
5.695994e-02
5.699447e-02
5.701848e-02
5.708027e-02
5.710012e-02
5.713956e-02
5.714240e-02
5.716835e-02
5.719814e-02
5.721594e-02
5.723842e-02
5.725133e-02
5.729300e-02
5.733297e-02
5.735448e-02
5.736850e-02
5.739162e-02
5.743282e-02
5.745916e-02
5.748801e-02
5.749254e-02
5.753972e-02
5.758735e-02
5.760754e-02
5.761591e-02
5.765844e-02
5.767269e-02
5.769623e-02
5.774031e-02
5.777755e-02
5.778976e-02
5.779134e-02
5.783203e-02
5.784226e-02
5.784811e-02
5.790708e-02
5.792010e-02
5.794449e-02
5.797156e-02
5.801637e-02
5.804018e-02
5.806454e-02
5.809448e-02
5.813733e-02
5.817521e-02
5.819970e-02
5.822128e-02
5.824469e-02
5.827606e-02
5.832658e-02
5.835486e-02
5.837119e-02
5.838676e-02
5.839676e-02
5.843537e-02
5.846471e-02
5.848013e-02
5.849982e-02
5.852752e-02
5.856016e-02
5.857612e-02
5.859438e-02
5.866325e-02
5.869102e-02
5.870623e-02
5.871644e-02
5.877840e-02
5.879285e-02
5.879971e-02
5.884696e-02
5.885681e-02
5.889939e-02
5.890847e-02
5.899992e-02
5.900768e-02
5.903657e-02
5.907230e-02
5.910238e-02
5.915367e-02
5.916437e-02
5.918845e-02
5.921267e-02
5.925280e-02
5.926683e-02
5.928814e-02
5.930352e-02
5.930480e-02
5.936776e-02
5.939104e-02
5.943036e-02
5.945436e-02
5.947395e-02
5.951075e-02
5.957103e-02
5.958523e-02
5.960144e-02
5.963650e-02
5.964730e-02
5.968574e-02
5.971248e-02
5.973169e-02
5.974154e-02
5.977596e-02
5.980291e-02
5.982202e-02
5.986355e-02
5.990731e-02
5.993281e-02
5.994756e-02
5.999129e-02
6.000682e-02
6.004223e-02
6.005712e-02
6.007587e-02
6.012338e-02
6.013673e-02
6.014206e-02
6.016955e-02
6.024423e-02
6.025303e-02
6.026166e-02
6.029204e-02
6.035022e-02
6.038686e-02
6.041281e-02
6.042750e-02
6.046617e-02
6.048071e-02
6.050540e-02
6.054879e-02
6.057530e-02
6.061846e-02
6.063431e-02
6.065531e-02
6.066667e-02
6.072668e-02
6.075790e-02
6.079996e-02
6.081788e-02
6.084944e-02
6.086984e-02
6.087871e-02
6.091727e-02
6.094516e-02
6.100104e-02
6.101650e-02
6.102619e-02
6.104985e-02
6.108352e-02
6.111262e-02
6.114464e-02
6.116823e-02
6.120936e-02
6.126081e-02
6.127063e-02
6.130474e-02
6.134118e-02
6.137257e-02
6.141680e-02
6.144018e-02
6.147676e-02
6.151735e-02
6.152570e-02
6.156623e-02
6.158946e-02
6.162490e-02
6.165302e-02
6.168896e-02
6.170544e-02
6.174487e-02
6.176515e-02
6.177212e-02
6.179909e-02
6.184970e-02
6.185361e-02
6.187985e-02
6.189071e-02
6.195267e-02
6.197095e-02
6.201446e-02
6.206322e-02
6.208962e-02
6.215340e-02
6.216854e-02
6.217568e-02
6.223613e-02
6.225521e-02
6.229698e-02
6.231503e-02
6.236973e-02
6.237787e-02
6.239646e-02
6.241429e-02
6.246413e-02
6.247678e-02
6.253446e-02
6.255818e-02
6.256337e-02
6.260693e-02
6.262557e-02
6.267099e-02
6.268038e-02
6.271989e-02
6.273676e-02
6.277843e-02
6.280319e-02
6.282891e-02
6.287469e-02
6.290217e-02
6.291949e-02
6.294214e-02
6.295086e-02
6.301485e-02
6.304834e-02
6.308142e-02
6.309768e-02
6.311584e-02
6.315906e-02
6.318446e-02
6.318843e-02
6.323491e-02
6.324938e-02
6.329378e-02
6.331011e-02
6.332815e-02
6.336750e-02
6.338184e-02
6.344144e-02
6.348756e-02
6.351673e-02
6.353586e-02
6.357871e-02
6.359724e-02
6.362525e-02
6.363900e-02
6.368600e-02
6.370928e-02
6.374193e-02
6.377072e-02
6.379876e-02
6.385120e-02
6.385805e-02
6.391027e-02
6.392149e-02
6.392862e-02
6.396734e-02
6.398923e-02
6.400381e-02
6.405833e-02
6.408226e-02
6.410976e-02
6.414467e-02
6.416830e-02
6.420154e-02
6.424285e-02
6.426293e-02
6.428441e-02
6.432857e-02
6.434441e-02
6.438563e-02
6.439055e-02
6.443868e-02
6.444990e-02
6.449349e-02
6.451188e-02
6.454856e-02
6.457383e-02
6.460881e-02
6.463781e-02
6.465069e-02
6.466021e-02
6.467315e-02
6.473606e-02
6.475003e-02
6.475585e-02
6.479000e-02
6.483130e-02
6.485383e-02
6.487801e-02
6.494398e-02
6.498485e-02
6.500172e-02
6.504627e-02
6.506747e-02
6.507909e-02
6.511090e-02
6.513242e-02
6.515966e-02
6.519078e-02
6.521021e-02
6.525481e-02
6.528347e-02
6.530154e-02
6.532025e-02
6.535417e-02
6.538559e-02
6.541071e-02
6.546265e-02
6.547807e-02
6.553135e-02
6.553656e-02
6.557668e-02
6.561914e-02
6.564311e-02
6.566414e-02
6.568255e-02
6.573035e-02
6.575537e-02
6.577020e-02
6.582863e-02
6.583975e-02
6.585169e-02
6.587431e-02
6.590329e-02
6.592134e-02
6.595378e-02
6.596773e-02
6.602678e-02
6.603254e-02
6.606758e-02
6.613800e-02
6.616060e-02
6.618999e-02
6.621375e-02
6.624614e-02
6.625351e-02
6.628098e-02
6.630657e-02
6.632732e-02
6.637543e-02
6.638857e-02
6.640143e-02
6.644190e-02
6.646296e-02
6.651472e-02
6.652074e-02
6.654734e-02
6.656706e-02
6.658619e-02
6.660773e-02
6.662780e-02
6.664723e-02
6.669390e-02
6.671493e-02
6.673466e-02
6.677345e-02
6.681886e-02
6.683403e-02
6.688028e-02
6.690618e-02
6.691993e-02
6.695858e-02
6.699235e-02
6.703451e-02
6.704545e-02
6.707913e-02
6.711766e-02
6.712628e-02
6.718645e-02
6.720685e-02
6.722134e-02
6.725840e-02
6.727938e-02
6.730475e-02
6.733205e-02
6.737969e-02
6.740967e-02
6.743071e-02
6.745650e-02
6.748031e-02
6.753140e-02
6.755559e-02
6.756020e-02
6.757288e-02
6.761898e-02
6.764130e-02
6.767654e-02
6.771301e-02
6.774162e-02
6.775129e-02
6.777135e-02
6.780091e-02
6.781787e-02
6.785495e-02
6.789006e-02
6.790827e-02
6.794322e-02
6.797626e-02
6.799157e-02
6.800370e-02
6.807645e-02
6.810070e-02
6.813719e-02
6.814728e-02
6.818960e-02
6.822818e-02
6.824890e-02
6.826741e-02
6.827729e-02
6.830254e-02
6.833586e-02
6.835338e-02
6.840288e-02
6.842396e-02
6.846309e-02
6.847649e-02
6.852607e-02
6.856529e-02
6.859382e-02
6.861119e-02
6.862578e-02
6.865628e-02
6.868171e-02
6.872988e-02
6.874968e-02
6.879033e-02
6.882596e-02
6.884152e-02
6.886261e-02
6.891406e-02
6.892526e-02
6.893856e-02
6.897860e-02
6.900811e-02
6.904604e-02
6.907068e-02
6.908630e-02
6.912498e-02
6.914595e-02
6.919457e-02
6.922628e-02
6.924665e-02
6.926322e-02
6.928974e-02
6.933905e-02
6.937676e-02
6.938825e-02
6.940349e-02
6.942793e-02
6.948042e-02
6.951869e-02
6.953995e-02
6.955564e-02
6.958752e-02
6.962338e-02
6.962868e-02
6.965445e-02
6.968841e-02
6.970153e-02
6.971641e-02
6.979064e-02
6.981296e-02
6.983630e-02
6.989234e-02
6.992571e-02
6.994164e-02
6.998631e-02
6.999559e-02
7.002992e-02
7.006274e-02
7.008901e-02
7.012869e-02
7.014447e-02
7.017819e-02
7.020294e-02
7.022775e-02
7.026426e-02
7.028073e-02
7.031052e-02
7.038135e-02
7.040189e-02
7.043704e-02
7.046891e-02
7.050948e-02
7.053101e-02
7.054199e-02
7.059350e-02
7.060991e-02
7.063996e-02
7.065054e-02
7.068278e-02
7.068971e-02
7.073004e-02
7.074823e-02
7.078997e-02
7.081138e-02
7.085594e-02
7.087734e-02
7.089042e-02
7.091978e-02
7.095609e-02
7.097783e-02
7.102002e-02
7.103520e-02
7.107999e-02
7.111488e-02
7.113045e-02
7.114124e-02
7.115517e-02
7.117703e-02
7.124385e-02
7.125953e-02
7.130933e-02
7.131662e-02
7.134008e-02
7.136716e-02
7.139610e-02
7.142694e-02
7.144106e-02
7.147695e-02
7.153807e-02
7.155770e-02
7.157476e-02
7.159320e-02
7.163047e-02
7.169211e-02
7.169660e-02
7.171897e-02
7.175640e-02
7.179200e-02
7.181554e-02
7.184430e-02
7.188578e-02
7.189390e-02
7.191095e-02
7.195128e-02
7.198221e-02
7.200179e-02
7.204200e-02
7.205648e-02
7.207545e-02
7.210441e-02
7.211785e-02
7.216545e-02
7.224517e-02
7.225391e-02
7.227379e-02
7.230843e-02
7.232347e-02
7.233998e-02
7.237866e-02
7.239535e-02
7.241470e-02
7.242691e-02
7.243760e-02
7.247762e-02
7.250519e-02
7.254005e-02
7.257608e-02
7.259016e-02
7.263402e-02
7.265858e-02
7.267526e-02
7.271894e-02
7.274825e-02
7.278288e-02
7.280269e-02
7.287927e-02
7.291776e-02
7.293715e-02
7.294770e-02
7.298198e-02
7.300592e-02
7.303537e-02
7.305740e-02
7.307366e-02
7.311829e-02
7.313307e-02
7.316182e-02
7.318301e-02
7.318714e-02
7.322646e-02
7.324011e-02
7.326888e-02
7.331228e-02
7.331490e-02
7.337691e-02
7.339821e-02
7.343138e-02
7.347900e-02
7.349536e-02
7.352451e-02
7.353750e-02
7.359159e-02
7.364050e-02
7.365503e-02
7.366852e-02
7.367257e-02
7.370383e-02
7.377370e-02
7.378882e-02
7.381999e-02
7.383474e-02
7.384982e-02
7.389462e-02
7.392619e-02
7.395098e-02
7.397004e-02
7.400017e-02
7.401773e-02
7.403160e-02
7.407643e-02
7.411847e-02
7.418755e-02
7.420960e-02
7.422341e-02
7.428316e-02
7.434590e-02
7.435618e-02
7.437355e-02
7.442167e-02
7.443402e-02
7.446825e-02
7.448018e-02
7.451597e-02
7.453306e-02
7.456047e-02
7.459965e-02
7.461868e-02
7.465945e-02
7.470718e-02
7.472373e-02
7.473100e-02
7.478744e-02
7.481179e-02
7.484914e-02
7.486167e-02
7.489549e-02
7.495339e-02
7.496043e-02
7.501400e-02
7.502157e-02
7.507437e-02
7.510170e-02
7.512071e-02
7.513599e-02
7.516197e-02
7.519625e-02
7.524084e-02
7.527406e-02
7.529802e-02
7.530868e-02
7.533602e-02
7.537122e-02
7.538085e-02
7.540243e-02
7.542931e-02
7.547704e-02
7.550373e-02
7.551377e-02
7.555031e-02
7.560207e-02
7.562578e-02
7.565667e-02
7.567143e-02
7.569768e-02
7.570745e-02
7.578686e-02
7.579537e-02
7.580839e-02
7.586153e-02
7.589379e-02
7.591026e-02
7.597501e-02
7.600281e-02
7.601724e-02
7.604014e-02
7.608131e-02
7.610171e-02
7.612414e-02
7.616141e-02
7.618135e-02
7.621381e-02
7.622305e-02
7.624729e-02
7.625603e-02
7.628824e-02
7.629251e-02
7.632542e-02
7.638106e-02
7.639370e-02
7.642269e-02
7.645745e-02
7.650567e-02
7.653813e-02
7.655914e-02
7.660722e-02
7.661446e-02
7.666185e-02
7.668369e-02
7.670828e-02
7.674436e-02
7.676605e-02
7.678855e-02
7.682839e-02
7.684603e-02
7.688846e-02
7.690678e-02
7.696385e-02
7.697094e-02
7.703811e-02
7.706414e-02
7.708717e-02
7.712184e-02
7.713387e-02
7.716005e-02
7.721491e-02
7.723211e-02
7.726355e-02
7.729426e-02
7.732367e-02
7.733873e-02
7.735725e-02
7.737367e-02
7.742512e-02
7.745718e-02
7.747827e-02
7.750370e-02
7.757319e-02
7.761387e-02
7.762516e-02
7.763369e-02
7.766157e-02
7.767915e-02
7.769629e-02
7.776779e-02
7.777951e-02
7.780698e-02
7.782108e-02
7.784748e-02
7.787922e-02
7.791735e-02
7.794215e-02
7.798538e-02
7.800467e-02
7.802391e-02
7.804703e-02
7.808811e-02
7.811538e-02
7.814024e-02
7.815267e-02
7.820620e-02
7.822858e-02
7.824043e-02
7.831704e-02
7.838126e-02
7.838803e-02
7.839774e-02
7.846104e-02
7.846951e-02
7.849517e-02
7.855137e-02
7.858479e-02
7.861253e-02
7.864119e-02
7.868091e-02
7.868901e-02
7.872323e-02
7.875596e-02
7.877618e-02
7.881978e-02
7.886551e-02
7.889235e-02
7.890007e-02
7.891978e-02
7.894958e-02
7.896971e-02
7.901208e-02
7.904436e-02
7.905426e-02
7.908944e-02
7.912488e-02
7.915542e-02
7.916680e-02
7.919682e-02
7.921769e-02
7.926293e-02
7.929146e-02
7.931856e-02
7.933841e-02
7.938376e-02
7.939757e-02
7.944150e-02
7.945198e-02
7.947612e-02
7.949979e-02
7.954255e-02
7.955199e-02
7.960049e-02
7.962261e-02
7.966455e-02
7.966777e-02
7.973732e-02
7.974486e-02
7.978515e-02
7.980958e-02
7.983553e-02
7.986122e-02
7.991154e-02
7.995228e-02
7.999157e-02
8.001236e-02
8.003537e-02
8.005225e-02
8.010786e-02
8.012932e-02
8.014547e-02
8.016052e-02
8.019001e-02
8.022386e-02
8.025372e-02
8.026366e-02
8.028588e-02
8.037468e-02
8.037601e-02
8.040690e-02
8.043746e-02
8.047449e-02
8.048494e-02
8.052828e-02
8.058270e-02
8.060367e-02
8.061795e-02
8.064662e-02
8.065387e-02
8.068514e-02
8.071896e-02
8.075411e-02
8.078030e-02
8.082512e-02
8.083527e-02
8.084811e-02
8.088895e-02
8.090142e-02
8.095567e-02
8.098716e-02
8.100909e-02
8.103559e-02
8.106707e-02
8.107999e-02
8.112186e-02
8.116162e-02
8.118105e-02
8.118717e-02
8.121380e-02
8.127785e-02
8.128784e-02
8.133705e-02
8.135323e-02
8.136950e-02
8.141190e-02
8.144309e-02
8.146285e-02
8.152394e-02
8.154616e-02
8.156670e-02
8.159902e-02
8.161366e-02
8.163834e-02
8.167097e-02
8.169087e-02
8.173662e-02
8.174903e-02
8.179606e-02
8.181583e-02
8.187332e-02
8.188210e-02
8.192777e-02
8.194590e-02
8.199045e-02
8.200429e-02
8.202349e-02
8.210128e-02
8.213430e-02
8.215101e-02
8.217586e-02
8.218263e-02
8.223517e-02
8.227369e-02
8.228730e-02
8.232016e-02
8.236256e-02
8.237207e-02
8.241833e-02
8.244484e-02
8.244642e-02
8.248011e-02
8.249757e-02
8.254414e-02
8.256160e-02
8.259087e-02
8.261300e-02
8.265380e-02
8.269084e-02
8.272029e-02
8.274712e-02
8.276610e-02
8.280114e-02
8.282995e-02
8.286627e-02
8.289711e-02
8.294459e-02
8.295019e-02
8.299026e-02
8.304262e-02
8.308834e-02
8.309332e-02
8.312141e-02
8.313624e-02
8.315382e-02
8.320040e-02
8.324287e-02
8.325129e-02
8.329775e-02
8.331034e-02
8.336227e-02
8.338369e-02
8.341566e-02
8.347238e-02
8.347970e-02
8.353827e-02
8.354886e-02
8.357423e-02
8.361074e-02
8.363291e-02
8.366107e-02
8.368002e-02
8.371083e-02
8.372183e-02
8.374516e-02
8.377693e-02
8.379734e-02
8.383096e-02
8.387439e-02
8.388541e-02
8.393024e-02
8.398308e-02
8.401957e-02
8.404272e-02
8.407016e-02
8.409575e-02
8.412069e-02
8.413229e-02
8.418641e-02
8.422332e-02
8.424205e-02
8.430922e-02
8.431754e-02
8.433851e-02
8.436315e-02
8.438532e-02
8.445019e-02
8.446170e-02
8.448042e-02
8.449312e-02
8.451391e-02
8.457351e-02
8.459137e-02
8.461096e-02
8.466630e-02
8.468464e-02
8.470852e-02
8.474951e-02
8.478038e-02
8.481551e-02
8.484335e-02
8.487792e-02
8.489099e-02
8.493541e-02
8.495463e-02
8.498436e-02
8.501883e-02
8.504496e-02
8.512069e-02
8.514254e-02
8.517615e-02
8.520945e-02
8.522294e-02
8.524969e-02
8.527496e-02
8.529733e-02
8.536489e-02
8.539898e-02
8.541836e-02
8.545537e-02
8.547872e-02
8.548957e-02
8.551024e-02
8.557513e-02
8.561704e-02
8.565402e-02
8.566049e-02
8.567918e-02
8.570141e-02
8.571104e-02
8.578959e-02
8.580063e-02
8.586068e-02
8.586722e-02
8.590675e-02
8.592750e-02
8.595193e-02
8.598379e-02
8.604059e-02
8.604828e-02
8.607288e-02
8.609484e-02
8.611682e-02
8.616934e-02
8.619700e-02
8.622532e-02
8.627436e-02
8.627849e-02
8.635091e-02
8.641905e-02
8.643036e-02
8.646545e-02
8.647410e-02
8.650961e-02
8.652761e-02
8.655896e-02
8.660399e-02
8.661445e-02
8.664518e-02
8.668570e-02
8.670531e-02
8.674182e-02
8.676157e-02
8.679316e-02
8.681286e-02
8.683854e-02
8.689328e-02
8.691559e-02
8.695329e-02
8.698037e-02
8.699075e-02
8.704338e-02
8.705977e-02
8.708873e-02
8.712630e-02
8.713941e-02
8.716751e-02
8.719398e-02
8.721425e-02
8.725649e-02
8.732705e-02
8.734225e-02
8.737423e-02
8.742675e-02
8.744822e-02
8.747614e-02
8.756802e-02
8.757880e-02
8.759835e-02
8.760756e-02
8.762328e-02
8.765661e-02
8.769715e-02
8.771665e-02
8.774458e-02
8.775948e-02
8.779345e-02
8.783078e-02
8.784854e-02
8.786780e-02
8.791662e-02
8.793180e-02
8.794832e-02
8.798984e-02
8.801867e-02
8.807577e-02
8.809721e-02
8.814110e-02
8.815409e-02
8.818040e-02
8.819482e-02
8.824091e-02
8.825589e-02
8.827944e-02
8.828384e-02
8.836984e-02
8.839447e-02
8.844697e-02
8.845096e-02
8.847314e-02
8.851943e-02
8.857191e-02
8.859747e-02
8.862063e-02
8.865169e-02
8.866241e-02
8.868835e-02
8.873241e-02
8.875135e-02
8.877391e-02
8.879200e-02
8.882647e-02
8.886723e-02
8.887935e-02
8.894164e-02
8.897682e-02
8.899147e-02
8.902127e-02
8.905712e-02
8.908967e-02
8.910831e-02
8.914436e-02
8.917499e-02
8.920879e-02
8.923883e-02
8.926982e-02
8.931871e-02
8.936153e-02
8.937989e-02
8.940890e-02
8.941577e-02
8.946346e-02
8.948057e-02
8.950284e-02
8.959468e-02
8.962935e-02
8.963931e-02
8.966008e-02
8.973811e-02
8.975264e-02
8.976376e-02
8.982421e-02
8.985495e-02
8.989527e-02
8.993307e-02
8.995804e-02
8.997264e-02
8.998977e-02
9.001575e-02
9.003667e-02
9.007821e-02
9.013182e-02
9.015993e-02
9.017588e-02
9.022577e-02
9.023085e-02
9.026047e-02
9.029238e-02
9.033640e-02
9.035627e-02
9.038724e-02
9.040450e-02
9.046449e-02
9.049365e-02
9.050101e-02
9.051708e-02
9.055377e-02
9.058195e-02
9.061896e-02
9.063907e-02
9.066216e-02
9.070238e-02
9.074582e-02
9.077783e-02
9.081849e-02
9.082880e-02
9.086558e-02
9.089108e-02
9.091365e-02
9.099985e-02
9.101239e-02
9.104747e-02
9.107097e-02
9.110858e-02
9.112969e-02
9.115531e-02
9.117772e-02
9.121267e-02
9.123871e-02
9.126952e-02
9.127495e-02
9.135222e-02
9.137072e-02
9.140817e-02
9.141681e-02
9.147413e-02
9.147900e-02
9.152933e-02
9.153358e-02
9.155013e-02
9.160932e-02
9.164841e-02
9.167837e-02
9.168479e-02
9.173154e-02
9.175239e-02
9.177510e-02
9.182276e-02
9.185000e-02
9.186080e-02
9.191720e-02
9.195248e-02
9.198891e-02
9.199922e-02
9.201734e-02
9.206301e-02
9.210916e-02
9.211417e-02
9.216102e-02
9.220093e-02
9.221620e-02
9.224342e-02
9.227390e-02
9.230778e-02
9.233118e-02
9.236296e-02
9.243115e-02
9.245323e-02
9.246966e-02
9.248806e-02
9.249999e-02
9.253919e-02
9.261014e-02
9.261489e-02
9.268736e-02
9.269771e-02
9.275429e-02
9.276983e-02
9.277559e-02
9.286513e-02
9.289356e-02
9.291924e-02
9.294013e-02
9.298928e-02
9.299375e-02
9.301971e-02
9.303011e-02
9.309196e-02
9.310856e-02
9.316826e-02
9.320193e-02
9.321775e-02
9.323641e-02
9.326136e-02
9.332072e-02
9.335832e-02
9.337974e-02
9.342761e-02
9.343989e-02
9.346154e-02
9.349084e-02
9.353690e-02
9.357831e-02
9.360471e-02
9.364435e-02
9.367372e-02
9.369054e-02
9.372133e-02
9.376123e-02
9.379302e-02
9.385633e-02
9.387600e-02
9.390859e-02
9.392788e-02
9.398062e-02
9.400405e-02
9.408592e-02
9.411964e-02
9.415725e-02
9.416672e-02
9.420112e-02
9.423018e-02
9.427113e-02
9.430023e-02
9.431337e-02
9.434419e-02
9.439917e-02
9.442184e-02
9.448586e-02
9.450557e-02
9.456660e-02
9.459434e-02
9.462743e-02
9.465163e-02
9.466941e-02
9.469084e-02
9.469633e-02
9.471392e-02
9.476477e-02
9.480474e-02
9.483877e-02
9.487371e-02
9.488572e-02
9.493666e-02
9.495068e-02
9.496153e-02
9.498369e-02
9.499842e-02
9.504616e-02
9.507494e-02
9.511506e-02
9.515667e-02
9.523672e-02
9.524411e-02
9.527830e-02
9.530165e-02
9.534950e-02
9.536491e-02
9.537129e-02
9.541510e-02
9.545490e-02
9.547913e-02
9.549279e-02
9.555034e-02
9.559894e-02
9.561996e-02
9.565003e-02
9.568291e-02
9.569738e-02
9.571688e-02
9.574686e-02
9.575341e-02
9.583073e-02
9.584577e-02
9.587373e-02
9.591578e-02
9.592326e-02
9.595651e-02
9.602062e-02
9.605135e-02
9.607463e-02
9.609863e-02
9.611727e-02
9.616309e-02
9.621849e-02
9.623099e-02
9.625951e-02
9.626688e-02
9.633285e-02
9.633429e-02
9.637301e-02
9.645093e-02
9.646011e-02
9.650200e-02
9.653210e-02
9.656349e-02
9.659191e-02
9.663064e-02
9.663873e-02
9.666146e-02
9.671381e-02
9.673084e-02
9.673680e-02
9.681193e-02
9.687927e-02
9.689490e-02
9.692214e-02
9.695479e-02
9.697531e-02
9.699632e-02
9.702874e-02
9.705396e-02
9.710438e-02
9.712075e-02
9.716620e-02
9.718884e-02
9.721921e-02
9.723850e-02
9.729359e-02
9.733843e-02
9.734581e-02
9.734852e-02
9.736729e-02
9.742989e-02
9.746192e-02
9.748895e-02
9.752033e-02
9.756160e-02
9.759504e-02
9.761799e-02
9.767249e-02
9.769398e-02
9.774765e-02
9.778418e-02
9.779855e-02
9.782175e-02
9.791403e-02
9.791789e-02
9.795711e-02
9.798900e-02
9.802083e-02
9.806081e-02
9.808939e-02
9.809247e-02
9.812657e-02
9.816458e-02
9.818146e-02
9.824632e-02
9.830304e-02
9.833334e-02
9.834380e-02
9.834855e-02
9.839097e-02
9.840861e-02
9.844481e-02
9.847401e-02
9.848070e-02
9.853180e-02
9.857074e-02
9.858624e-02
9.867494e-02
9.868799e-02
9.870306e-02
9.873970e-02
9.876474e-02
9.879832e-02
9.881487e-02
9.885778e-02
9.887711e-02
9.889546e-02
9.892673e-02
9.896080e-02
9.903167e-02
9.907241e-02
9.909941e-02
9.911207e-02
9.913062e-02
9.916667e-02
9.919773e-02
9.921854e-02
9.925646e-02
9.934071e-02
9.934506e-02
9.937526e-02
9.942021e-02
9.944647e-02
9.947702e-02
9.950169e-02
9.950938e-02
9.953710e-02
9.957654e-02
9.957852e-02
9.964895e-02
9.966528e-02
9.970207e-02
9.973779e-02
9.975053e-02
9.980553e-02
9.982904e-02
9.989102e-02
9.989828e-02
9.991865e-02
9.994308e-02
9.996429e-02
9.999266e-02
1.000183e-01
1.000443e-01
1.000736e-01
1.001159e-01
1.001507e-01
1.001891e-01
1.002033e-01
1.002307e-01
1.002459e-01
1.003662e-01
1.003777e-01
1.003981e-01
1.004587e-01
1.004690e-01
1.004995e-01
1.005409e-01
1.005796e-01
1.005897e-01
1.006431e-01
1.006640e-01
1.007294e-01
1.007390e-01
1.007596e-01
1.007973e-01
1.008352e-01
1.008650e-01
1.009157e-01
1.009310e-01
1.009527e-01
1.009784e-01
1.010180e-01
1.010442e-01
1.011071e-01
1.011167e-01
1.011320e-01
1.011815e-01
1.011934e-01
1.012476e-01
1.012592e-01
1.013374e-01
1.013622e-01
1.013893e-01
1.014087e-01
1.014468e-01
1.014543e-01
1.015225e-01
1.015441e-01
1.015565e-01
1.016110e-01
1.016140e-01
1.016769e-01
1.017023e-01
1.017392e-01
1.017706e-01
1.018115e-01
1.018141e-01
1.018629e-01
1.018859e-01
1.019329e-01
1.019924e-01
1.020058e-01
1.020544e-01
1.020831e-01
1.021140e-01
1.021611e-01
1.021775e-01
1.022304e-01
1.022458e-01
1.022620e-01
1.023141e-01
1.023415e-01
1.023572e-01
1.023844e-01
1.024745e-01
1.024863e-01
1.025171e-01
1.025527e-01
1.025790e-01
1.026163e-01
1.026394e-01
1.026564e-01
1.027222e-01
1.027309e-01
1.027646e-01
1.028322e-01
1.028397e-01
1.028631e-01
1.028972e-01
1.029132e-01
1.029661e-01
1.029840e-01
1.030254e-01
1.030415e-01
1.030771e-01
1.031072e-01
1.031137e-01
1.031510e-01
1.031787e-01
1.031936e-01
1.032368e-01
1.032718e-01
1.033247e-01
1.033378e-01
1.033630e-01
1.034242e-01
1.034811e-01
1.034935e-01
1.035082e-01
1.035330e-01
1.035972e-01
1.036294e-01
1.036605e-01
1.036831e-01
1.037459e-01
1.037601e-01
1.037843e-01
1.038221e-01
1.038544e-01
1.038930e-01
1.039238e-01
1.039415e-01
1.039762e-01
1.040256e-01
1.040976e-01
1.041182e-01
1.041403e-01
1.041582e-01
1.041869e-01
1.042100e-01
1.042526e-01
1.043326e-01
1.043551e-01
1.043807e-01
1.043984e-01
1.044182e-01
1.044576e-01
1.044747e-01
1.045021e-01
1.045796e-01
1.045917e-01
1.046202e-01
1.046559e-01
1.046791e-01
1.046947e-01
1.047613e-01
1.048043e-01
1.048289e-01
1.048389e-01
1.048730e-01
1.048955e-01
1.049131e-01
1.049600e-01
1.050048e-01
1.050207e-01
1.050828e-01
1.051126e-01
1.051877e-01
1.052052e-01
1.052208e-01
1.052620e-01
1.053020e-01
1.053222e-01
1.053403e-01
1.053500e-01
1.053930e-01
1.054485e-01
1.054897e-01
1.055109e-01
1.055516e-01
1.055609e-01
1.056454e-01
1.056527e-01
1.056945e-01
1.057323e-01
1.057382e-01
1.057683e-01
1.058015e-01
1.058561e-01
1.058831e-01
1.059256e-01
1.059488e-01
1.059610e-01
1.060054e-01
1.060501e-01
1.060839e-01
1.060960e-01
1.061148e-01
1.061374e-01
1.061959e-01
1.062278e-01
1.062462e-01
1.062763e-01
1.063378e-01
1.063959e-01
1.064253e-01
1.064455e-01
1.064623e-01
1.065304e-01
1.065530e-01
1.065729e-01
1.066017e-01
1.066601e-01
1.067034e-01
1.067149e-01
1.067728e-01
1.068009e-01
1.068282e-01
1.068925e-01
1.069113e-01
1.069526e-01
1.069612e-01
1.070065e-01
1.070347e-01
1.070948e-01
1.071282e-01
1.071551e-01
1.071772e-01
1.072350e-01
1.072518e-01
1.072917e-01
1.073235e-01
1.073690e-01
1.074175e-01
1.074361e-01
1.074502e-01
1.075120e-01
1.075437e-01
1.075969e-01
1.076090e-01
1.076452e-01
1.076831e-01
1.077206e-01
1.077452e-01
1.077724e-01
1.078041e-01
1.078354e-01
1.078573e-01
1.078802e-01
1.079568e-01
1.079718e-01
1.080287e-01
1.080794e-01
1.080887e-01
1.081151e-01
1.081275e-01
1.081556e-01
1.081760e-01
1.082407e-01
1.082708e-01
1.082934e-01
1.083321e-01
1.083665e-01
1.083782e-01
1.083995e-01
1.084298e-01
1.084958e-01
1.085293e-01
1.085811e-01
1.086171e-01
1.086292e-01
1.086935e-01
1.087150e-01
1.087553e-01
1.088008e-01
1.088082e-01
1.088310e-01
1.088787e-01
1.089308e-01
1.089428e-01
1.089475e-01
1.090034e-01
1.090566e-01
1.091079e-01
1.091322e-01
1.092067e-01
1.092369e-01
1.092686e-01
1.092809e-01
1.092905e-01
1.093244e-01
1.093818e-01
1.094077e-01
1.094348e-01
1.094701e-01
1.094820e-01
1.095006e-01
1.095739e-01
1.095944e-01
1.096202e-01
1.096574e-01
1.097395e-01
1.097492e-01
1.097747e-01
1.097933e-01
1.098183e-01
1.098989e-01
1.099378e-01
1.099645e-01
1.099759e-01
1.099866e-01
1.100211e-01
1.100997e-01
1.101147e-01
1.101467e-01
1.101602e-01
1.102309e-01
1.102640e-01
1.103151e-01
1.103465e-01
1.103601e-01
1.103850e-01
1.104318e-01
1.104452e-01
1.104731e-01
1.105515e-01
1.105546e-01
1.105732e-01
1.106270e-01
1.106576e-01
1.106931e-01
1.107237e-01
1.107820e-01
1.108411e-01
1.108613e-01
1.108958e-01
1.109228e-01
1.109595e-01
1.109901e-01
1.110308e-01
1.110515e-01
1.110791e-01
1.111050e-01
1.111884e-01
1.111960e-01
1.112464e-01
1.112833e-01
1.113185e-01
1.113580e-01
1.114019e-01
1.114103e-01
1.114454e-01
1.114889e-01
1.115110e-01
1.115242e-01
1.115944e-01
1.116095e-01
1.116571e-01
1.117099e-01
1.117210e-01
1.117365e-01
1.117647e-01
1.118031e-01
1.118096e-01
1.118788e-01
1.118929e-01
1.120016e-01
1.120102e-01
1.120368e-01
1.120458e-01
1.120808e-01
1.121281e-01
1.121812e-01
1.122067e-01
1.122111e-01
1.122439e-01
1.122859e-01
1.123441e-01
1.123864e-01
1.124152e-01
1.124632e-01
1.124717e-01
1.125228e-01
1.125624e-01
1.125684e-01
1.126077e-01
1.126321e-01
1.126591e-01
1.127505e-01
1.127761e-01
1.128040e-01
1.128304e-01
1.128492e-01
1.128712e-01
1.129338e-01
1.129625e-01
1.129982e-01
1.130378e-01
1.130755e-01
1.130935e-01
1.131093e-01
1.131835e-01
1.132079e-01
1.132150e-01
1.132510e-01
1.132721e-01
1.133342e-01
1.133821e-01
1.134374e-01
1.134671e-01
1.134980e-01
1.135114e-01
1.135621e-01
1.135942e-01
1.136416e-01
1.136794e-01
1.136968e-01
1.137025e-01
1.137454e-01
1.137799e-01
1.138328e-01
1.138442e-01
1.139070e-01
1.139208e-01
1.139496e-01
1.140046e-01
1.140296e-01
1.140622e-01
1.141210e-01
1.141500e-01
1.142108e-01
1.142423e-01
1.142631e-01
1.142793e-01
1.143023e-01
1.143684e-01
1.143918e-01
1.144183e-01
1.144595e-01
1.144883e-01
1.145208e-01
1.145755e-01
1.146187e-01
1.146431e-01
1.146651e-01
1.147070e-01
1.147157e-01
1.147817e-01
1.147930e-01
1.148151e-01
1.148600e-01
1.149246e-01
1.149335e-01
1.149814e-01
1.150049e-01
1.150595e-01
1.151004e-01
1.151283e-01
1.151588e-01
1.151911e-01
1.152035e-01
1.152536e-01
1.152889e-01
1.153239e-01
1.153757e-01
1.154002e-01
1.154440e-01
1.154865e-01
1.154957e-01
1.155419e-01
1.155667e-01
1.155940e-01
1.156352e-01
1.156575e-01
1.156696e-01
1.157061e-01
1.157317e-01
1.157785e-01
1.158124e-01
1.158348e-01
1.158859e-01
1.159309e-01
1.159515e-01
1.159905e-01
1.160442e-01
1.160550e-01
1.160870e-01
1.160985e-01
1.161612e-01
1.162218e-01
1.162830e-01
1.163322e-01
1.163423e-01
1.163695e-01
1.164188e-01
1.164524e-01
1.164988e-01
1.165209e-01
1.165722e-01
1.166284e-01
1.166723e-01
1.166924e-01
1.167082e-01
1.167660e-01
1.167886e-01
1.168142e-01
1.168470e-01
1.168526e-01
1.168996e-01
1.169317e-01
1.169929e-01
1.170029e-01
1.170377e-01
1.170669e-01
1.170858e-01
1.171135e-01
1.171704e-01
1.171892e-01
1.172313e-01
1.172489e-01
1.173295e-01
1.173631e-01
1.174129e-01
1.174496e-01
1.174714e-01
1.174922e-01
1.175476e-01
1.175985e-01
1.176164e-01
1.176406e-01
1.176896e-01
1.177201e-01
1.177590e-01
1.178006e-01
1.178363e-01
1.178671e-01
1.179002e-01
1.179140e-01
1.179362e-01
1.179578e-01
1.180364e-01
1.180558e-01
1.181171e-01
1.181610e-01
1.182152e-01
1.182544e-01
1.182777e-01
1.183033e-01
1.183535e-01
1.183735e-01
1.184192e-01
1.184505e-01
1.184872e-01
1.185340e-01
1.185386e-01
1.185990e-01
1.186322e-01
1.186581e-01
1.186675e-01
1.187091e-01
1.187487e-01
1.188270e-01
1.188566e-01
1.188948e-01
1.189411e-01
1.189465e-01
1.189986e-01
1.190143e-01
1.190287e-01
1.190752e-01
1.190856e-01
1.191292e-01
1.191587e-01
1.191652e-01
1.192020e-01
1.192694e-01
1.193144e-01
1.193278e-01
1.193893e-01
1.194274e-01
1.194619e-01
1.195082e-01
1.195547e-01
1.195686e-01
1.196021e-01
1.196270e-01
1.196442e-01
1.197075e-01
1.197463e-01
1.198077e-01
1.198374e-01
1.198732e-01
1.198922e-01
1.199348e-01
1.199822e-01
1.199935e-01
1.200557e-01
1.200763e-01
1.201141e-01
1.201422e-01
1.201549e-01
1.201885e-01
1.202227e-01
1.202337e-01
1.202719e-01
1.202936e-01
1.203669e-01
1.204016e-01
1.204361e-01
1.204765e-01
1.205044e-01
1.205360e-01
1.205724e-01
1.206257e-01
1.206616e-01
1.207429e-01
1.207599e-01
1.207768e-01
1.208003e-01
1.208646e-01
1.209142e-01
1.209474e-01
1.209726e-01
1.210116e-01
1.210710e-01
1.210946e-01
1.211452e-01
1.211525e-01
1.211849e-01
1.212329e-01
1.212506e-01
1.212825e-01
1.213026e-01
1.213425e-01
1.213996e-01
1.214219e-01
1.214615e-01
1.214776e-01
1.215410e-01
1.215555e-01
1.215833e-01
1.216142e-01
1.216682e-01
1.217088e-01
1.217420e-01
1.217717e-01
1.217938e-01
1.218588e-01
1.218846e-01
1.219542e-01
1.220081e-01
1.220258e-01
1.220545e-01
1.221166e-01
1.221323e-01
1.221808e-01
1.222090e-01
1.222703e-01
1.222800e-01
1.223101e-01
1.223303e-01
1.223678e-01
1.223753e-01
1.224494e-01
1.224905e-01
1.225538e-01
1.226043e-01
1.226104e-01
1.226213e-01
1.226820e-01
1.227097e-01
1.227615e-01
1.227800e-01
1.228308e-01
1.228665e-01
1.228804e-01
1.229570e-01
1.229758e-01
1.229962e-01
1.230215e-01
1.230740e-01
1.231036e-01
1.231103e-01
1.231863e-01
1.231944e-01
1.232470e-01
1.232733e-01
1.232952e-01
1.233153e-01
1.233492e-01
1.234002e-01
1.234390e-01
1.234961e-01
1.235137e-01
1.235278e-01
1.235580e-01
1.235889e-01
1.236495e-01
1.236684e-01
1.237377e-01
1.237677e-01
1.238015e-01
1.238500e-01
1.238892e-01
1.239216e-01
1.239564e-01
1.239762e-01
1.240058e-01
1.240484e-01
1.240922e-01
1.241603e-01
1.241732e-01
1.241862e-01
1.242432e-01
1.242991e-01
1.243251e-01
1.243690e-01
1.243785e-01
1.244164e-01
1.244479e-01
1.244596e-01
1.245044e-01
1.245457e-01
1.245509e-01
1.245896e-01
1.246671e-01
1.247077e-01
1.247453e-01
1.247769e-01
1.248228e-01
1.248498e-01
1.248685e-01
1.249443e-01
1.249698e-01
1.249894e-01
1.250537e-01
1.250845e-01
1.251269e-01
1.251480e-01
1.252268e-01
1.252565e-01
1.252832e-01
1.253177e-01
1.253475e-01
1.253625e-01
1.254541e-01
1.254607e-01
1.255131e-01
1.255316e-01
1.255839e-01
1.256013e-01
1.256473e-01
1.256891e-01
1.257116e-01
1.257760e-01
1.258006e-01
1.258070e-01
1.258925e-01
1.259025e-01
1.259617e-01
1.259816e-01
1.260090e-01
1.260462e-01
1.261339e-01
1.261418e-01
1.262028e-01
1.262336e-01
1.262530e-01
1.262963e-01
1.263392e-01
1.263814e-01
1.264340e-01
1.264530e-01
1.265094e-01
1.265612e-01
1.265903e-01
1.266052e-01
1.266540e-01
1.266639e-01
1.266942e-01
1.267555e-01
1.267725e-01
1.268353e-01
1.268460e-01
1.268779e-01
1.269114e-01
1.269663e-01
1.269799e-01
1.270619e-01
1.270778e-01
1.271006e-01
1.271387e-01
1.271788e-01
1.272208e-01
1.272552e-01
1.273278e-01
1.273416e-01
1.273894e-01
1.274007e-01
1.274322e-01
1.274896e-01
1.274999e-01
1.275513e-01
1.275761e-01
1.275990e-01
1.276840e-01
1.277154e-01
1.277340e-01
1.278052e-01
1.278153e-01
1.278379e-01
1.279040e-01
1.279522e-01
1.279709e-01
1.280015e-01
1.280209e-01
1.280831e-01
1.281454e-01
1.282015e-01
1.282473e-01
1.282589e-01
1.282965e-01
1.283282e-01
1.283741e-01
1.283931e-01
1.284247e-01
1.284701e-01
1.285139e-01
1.285326e-01
1.286183e-01
1.286295e-01
1.286874e-01
1.287059e-01
1.287305e-01
1.287818e-01
1.288176e-01
1.288524e-01
1.289392e-01
1.289490e-01
1.289626e-01
1.290065e-01
1.290409e-01
1.291057e-01
1.291231e-01
1.291782e-01
1.291997e-01
1.292734e-01
1.292939e-01
1.293533e-01
1.293853e-01
1.294640e-01
1.295049e-01
1.295146e-01
1.295588e-01
1.295891e-01
1.296529e-01
1.296948e-01
1.297052e-01
1.297727e-01
1.298153e-01
1.298173e-01
1.298523e-01
1.298732e-01
1.299197e-01
1.299611e-01
1.299675e-01
1.300671e-01
1.301089e-01
1.301322e-01
1.301819e-01
1.302280e-01
1.303066e-01
1.303193e-01
1.303529e-01
1.304305e-01
1.304493e-01
1.304508e-01
1.304738e-01
1.304858e-01
1.305028e-01
1.305572e-01
1.306181e-01
1.306342e-01
1.306824e-01
1.306975e-01
1.307677e-01
1.308026e-01
1.308437e-01
1.308896e-01
1.309335e-01
1.309852e-01
1.309952e-01
1.310282e-01
1.310549e-01
1.311156e-01
1.311280e-01
1.311755e-01
1.312095e-01
1.312416e-01
1.312930e-01
1.313099e-01
1.313655e-01
1.314134e-01
1.314400e-01
1.314526e-01
1.314888e-01
1.315216e-01
1.315924e-01
1.316619e-01
1.316843e-01
1.317227e-01
1.317667e-01
1.317884e-01
1.318147e-01
1.318691e-01
1.319155e-01
1.319464e-01
1.320034e-01
1.320428e-01
1.320827e-01
1.321039e-01
1.321485e-01
1.321689e-01
1.322008e-01
1.322203e-01
1.323151e-01
1.323624e-01
1.323782e-01
1.324162e-01
1.324312e-01
1.325067e-01
1.325097e-01
1.325931e-01
1.326429e-01
1.326545e-01
1.327165e-01
1.327286e-01
1.327631e-01
1.328232e-01
1.328311e-01
1.328857e-01
1.329173e-01
1.329640e-01
1.329826e-01
1.330114e-01
1.330627e-01
1.331077e-01
1.331250e-01
1.331931e-01
1.332340e-01
1.332744e-01
1.333395e-01
1.333795e-01
1.334067e-01
1.334426e-01
1.334921e-01
1.335123e-01
1.335663e-01
1.335879e-01
1.335936e-01
1.336032e-01
1.336628e-01
1.337102e-01
1.337470e-01
1.337958e-01
1.338197e-01
1.338863e-01
1.339092e-01
1.339813e-01
1.339944e-01
1.340152e-01
1.340943e-01
1.341445e-01
1.341553e-01
1.342271e-01
1.342344e-01
1.342905e-01
1.343763e-01
1.343822e-01
1.344296e-01
1.344523e-01
1.344989e-01
1.345094e-01
1.345715e-01
1.345973e-01
1.346635e-01
1.346768e-01
1.346967e-01
1.348055e-01
1.348551e-01
1.348879e-01
1.349191e-01
1.349609e-01
1.350216e-01
1.350389e-01
1.350646e-01
1.350904e-01
1.351607e-01
1.351818e-01
1.352107e-01
1.352402e-01
1.352740e-01
1.353333e-01
1.353704e-01
1.353987e-01
1.354371e-01
1.354516e-01
1.354940e-01
1.355257e-01
1.355731e-01
1.356215e-01
1.356349e-01
1.357432e-01
1.357553e-01
1.358000e-01
1.358484e-01
1.358847e-01
1.358991e-01
1.359470e-01
1.359640e-01
1.360368e-01
1.360650e-01
1.360962e-01
1.361336e-01
1.361710e-01
1.361905e-01
1.362454e-01
1.362802e-01
1.363377e-01
1.363574e-01
1.363818e-01
1.364559e-01
1.364783e-01
1.365347e-01
1.365539e-01
1.365929e-01
1.366241e-01
1.366750e-01
1.367233e-01
1.367404e-01
1.368173e-01
1.368518e-01
1.369092e-01
1.369473e-01
1.369687e-01
1.370293e-01
1.370689e-01
1.371027e-01
1.371101e-01
1.371747e-01
1.372300e-01
1.372843e-01
1.373040e-01
1.373517e-01
1.373881e-01
1.374216e-01
1.374566e-01
1.374911e-01
1.375185e-01
1.375832e-01
1.376212e-01
1.376736e-01
1.376919e-01
1.377168e-01
1.377469e-01
1.377943e-01
1.378203e-01
1.378529e-01
1.379101e-01
1.379628e-01
1.380134e-01
1.380638e-01
1.380675e-01
1.381161e-01
1.381528e-01
1.381984e-01
1.382442e-01
1.383321e-01
1.383551e-01
1.383747e-01
1.383986e-01
1.384703e-01
1.385119e-01
1.385602e-01
1.385844e-01
1.386094e-01
1.386711e-01
1.387038e-01
1.387265e-01
1.387558e-01
1.387979e-01
1.388175e-01
1.388895e-01
1.388913e-01
1.389855e-01
1.390251e-01
1.390748e-01
1.390968e-01
1.391323e-01
1.392074e-01
1.392390e-01
1.392694e-01
1.393147e-01
1.393439e-01
1.393698e-01
1.393910e-01
1.394194e-01
1.394917e-01
1.395254e-01
1.395364e-01
1.395732e-01
1.396174e-01
1.396846e-01
1.397032e-01
1.397389e-01
1.397721e-01
1.397988e-01
1.398186e-01
1.398815e-01
1.399066e-01
1.399729e-01
1.400505e-01
1.400677e-01
1.400905e-01
1.401478e-01
1.401894e-01
1.402727e-01
1.403037e-01
1.403263e-01
1.403814e-01
1.403975e-01
1.404086e-01
1.404724e-01
1.404941e-01
1.405071e-01
1.405488e-01
1.405840e-01
1.406210e-01
1.406521e-01
1.407079e-01
1.407623e-01
1.407990e-01
1.408324e-01
1.409033e-01
1.409364e-01
1.409834e-01
1.410130e-01
1.410858e-01
1.411333e-01
1.411860e-01
1.412279e-01
1.412665e-01
1.412975e-01
1.413380e-01
1.413730e-01
1.414174e-01
1.414749e-01
1.414829e-01
1.415490e-01
1.415907e-01
1.415954e-01
1.416587e-01
1.417071e-01
1.417812e-01
1.418316e-01
1.418368e-01
1.419238e-01
1.419382e-01
1.419451e-01
1.419921e-01
1.420132e-01
1.420473e-01
1.420748e-01
1.421498e-01
1.422060e-01
1.422220e-01
1.422587e-01
1.422779e-01
1.423069e-01
1.423993e-01
1.424280e-01
1.424824e-01
1.425300e-01
1.425462e-01
1.425760e-01
1.425936e-01
1.426554e-01
1.426620e-01
1.427567e-01
1.427981e-01
1.428533e-01
1.428814e-01
1.428938e-01
1.429494e-01
1.429864e-01
1.430233e-01
1.430872e-01
1.431107e-01
1.431609e-01
1.432053e-01
1.432540e-01
1.432843e-01
1.433101e-01
1.433303e-01
1.433940e-01
1.434105e-01
1.434988e-01
1.435267e-01
1.435588e-01
1.435852e-01
1.436297e-01
1.436627e-01
1.437207e-01
1.437974e-01
1.438180e-01
1.438631e-01
1.438997e-01
1.439669e-01
1.440127e-01
1.440459e-01
1.440619e-01
1.441445e-01
1.441956e-01
1.442409e-01
1.443144e-01
1.443404e-01
1.443670e-01
1.444094e-01
1.444637e-01
1.444858e-01
1.445123e-01
1.445613e-01
1.446201e-01
1.446448e-01
1.446736e-01
1.447109e-01
1.447573e-01
1.447809e-01
1.448081e-01
1.448274e-01
1.449363e-01
1.449475e-01
1.450054e-01
1.450551e-01
1.450907e-01
1.451396e-01
1.451586e-01
1.451931e-01
1.452349e-01
1.452953e-01
1.453505e-01
1.454174e-01
1.454544e-01
1.454786e-01
1.455451e-01
1.455723e-01
1.455876e-01
1.456645e-01
1.457012e-01
1.457274e-01
1.457768e-01
1.458192e-01
1.458688e-01
1.459238e-01
1.459494e-01
1.460228e-01
1.460362e-01
1.461165e-01
1.461495e-01
1.461678e-01
1.462610e-01
1.462820e-01
1.463121e-01
1.463319e-01
1.463652e-01
1.463951e-01
1.464524e-01
1.464725e-01
1.464796e-01
1.465222e-01
1.465672e-01
1.466035e-01
1.466838e-01
1.467148e-01
1.467526e-01
1.468278e-01
1.468668e-01
1.468930e-01
1.469151e-01
1.469672e-01
1.470512e-01
1.470883e-01
1.471434e-01
1.471847e-01
1.472139e-01
1.472379e-01
1.472791e-01
1.473335e-01
1.473558e-01
1.474415e-01
1.474897e-01
1.475287e-01
1.475350e-01
1.476027e-01
1.476846e-01
1.477012e-01
1.477664e-01
1.478070e-01
1.478298e-01
1.478645e-01
1.478961e-01
1.479649e-01
1.480315e-01
1.480475e-01
1.480543e-01
1.481075e-01
1.481463e-01
1.481688e-01
1.482245e-01
1.482672e-01
1.483172e-01
1.483479e-01
1.483704e-01
1.484536e-01
1.485019e-01
1.485740e-01
1.486298e-01
1.486942e-01
1.487021e-01
1.487326e-01
1.487539e-01
1.488249e-01
1.488804e-01
1.489054e-01
1.489632e-01
1.489917e-01
1.490559e-01
1.490666e-01
1.491510e-01
1.491837e-01
1.492274e-01
1.492350e-01
1.492609e-01
1.493025e-01
1.493444e-01
1.494030e-01
1.494674e-01
1.495036e-01
1.495091e-01
1.495598e-01
1.496169e-01
1.496495e-01
1.497009e-01
1.497153e-01
1.497551e-01
1.498000e-01
1.498130e-01
1.498953e-01
1.499488e-01
1.499872e-01
1.500327e-01
1.501055e-01
1.501502e-01
1.501894e-01
1.501974e-01
1.502424e-01
1.502709e-01
1.503336e-01
1.503723e-01
1.504314e-01
1.504711e-01
1.505766e-01
1.506138e-01
1.506564e-01
1.506978e-01
1.507587e-01
1.507883e-01
1.508110e-01
1.508697e-01
1.508808e-01
1.509828e-01
1.510211e-01
1.511050e-01
1.511410e-01
1.511575e-01
1.511808e-01
1.512072e-01
1.512616e-01
1.513132e-01
1.513359e-01
1.513918e-01
1.514322e-01
1.514972e-01
1.515146e-01
1.515847e-01
1.516615e-01
1.517107e-01
1.517367e-01
1.517749e-01
1.517992e-01
1.518705e-01
1.518917e-01
1.519601e-01
1.519793e-01
1.521018e-01
1.521427e-01
1.521503e-01
1.521927e-01
1.522069e-01
1.522404e-01
1.522793e-01
1.523207e-01
1.523766e-01
1.523880e-01
1.524514e-01
1.524964e-01
1.525986e-01
1.526312e-01
1.526579e-01
1.527126e-01
1.527816e-01
1.528069e-01
1.529115e-01
1.529419e-01
1.530072e-01
1.530192e-01
1.530286e-01
1.530687e-01
1.530984e-01
1.531589e-01
1.531936e-01
1.532521e-01
1.533037e-01
1.533520e-01
1.533956e-01
1.534344e-01
1.534808e-01
1.534869e-01
1.535327e-01
1.535812e-01
1.536094e-01
1.536609e-01
1.537360e-01
1.537507e-01
1.538360e-01
1.538876e-01
1.539353e-01
1.539831e-01
1.540057e-01
1.540465e-01
1.541115e-01
1.541828e-01
1.542067e-01
1.542586e-01
1.543078e-01
1.543533e-01
1.543737e-01
1.544314e-01
1.544725e-01
1.545351e-01
1.545842e-01
1.546395e-01
1.546625e-01
1.546662e-01
1.547316e-01
1.547631e-01
1.548301e-01
1.548445e-01
1.548748e-01
1.549078e-01
1.549371e-01
1.549775e-01
1.549928e-01
1.551172e-01
1.552537e-01
1.552686e-01
1.552970e-01
1.553248e-01
1.553616e-01
1.553874e-01
1.554236e-01
1.555802e-01
1.556144e-01
1.556186e-01
1.556780e-01
1.556962e-01
1.557602e-01
1.557871e-01
1.558072e-01
1.558537e-01
1.559463e-01
1.559870e-01
1.560417e-01
1.560665e-01
1.560788e-01
1.561562e-01
1.562058e-01
1.562509e-01
1.562635e-01
1.563277e-01
1.563875e-01
1.564058e-01
1.564905e-01
1.565104e-01
1.565396e-01
1.565992e-01
1.566092e-01
1.566390e-01
1.567334e-01
1.567690e-01
1.568256e-01
1.568522e-01
1.569458e-01
1.570103e-01
1.570254e-01
1.570512e-01
1.570776e-01
1.571599e-01
1.572184e-01
1.572718e-01
1.573022e-01
1.573382e-01
1.573788e-01
1.574043e-01
1.574779e-01
1.575401e-01
1.576104e-01
1.576132e-01
1.576437e-01
1.576900e-01
1.577545e-01
1.577818e-01
1.578738e-01
1.579295e-01
1.579568e-01
1.580139e-01
1.580440e-01
1.580708e-01
1.580828e-01
1.581548e-01
1.582170e-01
1.582624e-01
1.583108e-01
1.583879e-01
1.584290e-01
1.584448e-01
1.585026e-01
1.585366e-01
1.585675e-01
1.586226e-01
1.586673e-01
1.587428e-01
1.587875e-01
1.588370e-01
1.588700e-01
1.589080e-01
1.589855e-01
1.590793e-01
1.591103e-01
1.591330e-01
1.591764e-01
1.592191e-01
1.592478e-01
1.592972e-01
1.593221e-01
1.594039e-01
1.594486e-01
1.595114e-01
1.595652e-01
1.595952e-01
1.596232e-01
1.596744e-01
1.597361e-01
1.597507e-01
1.598183e-01
1.598786e-01
1.598887e-01
1.599505e-01
1.600082e-01
1.600727e-01
1.600963e-01
1.602095e-01
1.602374e-01
1.602682e-01
1.603100e-01
1.603308e-01
1.603821e-01
1.604423e-01
1.605024e-01
1.605665e-01
1.606185e-01
1.606558e-01
1.607328e-01
1.607418e-01
1.607957e-01
1.608424e-01
1.608665e-01
1.609158e-01
1.609866e-01
1.609945e-01
1.610322e-01
1.610938e-01
1.611363e-01
1.611882e-01
1.612511e-01
1.612745e-01
1.613214e-01
1.613617e-01
1.614234e-01
1.614770e-01
1.615095e-01
1.615362e-01
1.615965e-01
1.616155e-01
1.617253e-01
1.617700e-01
1.617906e-01
1.618538e-01
1.618553e-01
1.619166e-01
1.620345e-01
1.620834e-01
1.621295e-01
1.621787e-01
1.622139e-01
1.622766e-01
1.622963e-01
1.623390e-01
1.623745e-01
1.624295e-01
1.624408e-01
1.625348e-01
1.625909e-01
1.627181e-01
1.627495e-01
1.627608e-01
1.627793e-01
1.628489e-01
1.628943e-01
1.629288e-01
1.629681e-01
1.630020e-01
1.631045e-01
1.631434e-01
1.631998e-01
1.632521e-01
1.632703e-01
1.633340e-01
1.633606e-01
1.634356e-01
1.634413e-01
1.634979e-01
1.635476e-01
1.635741e-01
1.636528e-01
1.637077e-01
1.637618e-01
1.637814e-01
1.638428e-01
1.639212e-01
1.639360e-01
1.639763e-01
1.640370e-01
1.641214e-01
1.641395e-01
1.642138e-01
1.642366e-01
1.642563e-01
1.643706e-01
1.644085e-01
1.644488e-01
1.645033e-01
1.645956e-01
1.646678e-01
1.647087e-01
1.647164e-01
1.647709e-01
1.647879e-01
1.648127e-01
1.649224e-01
1.649585e-01
1.649793e-01
1.650299e-01
1.650532e-01
1.651624e-01
1.652400e-01
1.652775e-01
1.652985e-01
1.653616e-01
1.653903e-01
1.654605e-01
1.655086e-01
1.655632e-01
1.655939e-01
1.656166e-01
1.656591e-01
1.656998e-01
1.657224e-01
1.657667e-01
1.658532e-01
1.658858e-01
1.659456e-01
1.660536e-01
1.660599e-01
1.661510e-01
1.661704e-01
1.662035e-01
1.662658e-01
1.663357e-01
1.663891e-01
1.664015e-01
1.664323e-01
1.664698e-01
1.664853e-01
1.665728e-01
1.666181e-01
1.666950e-01
1.667078e-01
1.667313e-01
1.668353e-01
1.668536e-01
1.669223e-01
1.669514e-01
1.670372e-01
1.670611e-01
1.671452e-01
1.671917e-01
1.672301e-01
1.672324e-01
1.672851e-01
1.672981e-01
1.673885e-01
1.674440e-01
1.675007e-01
1.675279e-01
1.675991e-01
1.676336e-01
1.676834e-01
1.677028e-01
1.677834e-01
1.678262e-01
1.678768e-01
1.679390e-01
1.679732e-01
1.680216e-01
1.680987e-01
1.681458e-01
1.682088e-01
1.682256e-01
1.682288e-01
1.683107e-01
1.683660e-01
1.684213e-01
1.684500e-01
1.684530e-01
1.685485e-01
1.685870e-01
1.686683e-01
1.687106e-01
1.687387e-01
1.687716e-01
1.688155e-01
1.688918e-01
1.689189e-01
1.689390e-01
1.690415e-01
1.690962e-01
1.691407e-01
1.691725e-01
1.691750e-01
1.692942e-01
1.693238e-01
1.694215e-01
1.695214e-01
1.695652e-01
1.695994e-01
1.696464e-01
1.697074e-01
1.697517e-01
1.697862e-01
1.698272e-01
1.699001e-01
1.699762e-01
1.699874e-01
1.700167e-01
1.701206e-01
1.701944e-01
1.702227e-01
1.702627e-01
1.703380e-01
1.703502e-01
1.703774e-01
1.704627e-01
1.704872e-01
1.705315e-01
1.706074e-01
1.706510e-01
1.707252e-01
1.707543e-01
1.707719e-01
1.708437e-01
1.708949e-01
1.709280e-01
1.709459e-01
1.710079e-01
1.711346e-01
1.711870e-01
1.712100e-01
1.712483e-01
1.712743e-01
1.713406e-01
1.714178e-01
1.715000e-01
1.715183e-01
1.715758e-01
1.716225e-01
1.716648e-01
1.717142e-01
1.717755e-01
1.718517e-01
1.718593e-01
1.718837e-01
1.719594e-01
1.720166e-01
1.720965e-01
1.721250e-01
1.721818e-01
1.722584e-01
1.723062e-01
1.723756e-01
1.724243e-01
1.724448e-01
1.724801e-01
1.725100e-01
1.725438e-01
1.726125e-01
1.726509e-01
1.726782e-01
1.727328e-01
1.727507e-01
1.728148e-01
1.729062e-01
1.729694e-01
1.730284e-01
1.730792e-01
1.731298e-01
1.732004e-01
1.732435e-01
1.732668e-01
1.733054e-01
1.733356e-01
1.733716e-01
1.734274e-01
1.734414e-01
1.735413e-01
1.735574e-01
1.736196e-01
1.736971e-01
1.738171e-01
1.738656e-01
1.738992e-01
1.739459e-01
1.739985e-01
1.740399e-01
1.740663e-01
1.741112e-01
1.741879e-01
1.742058e-01
1.742567e-01
1.743038e-01
1.743110e-01
1.743704e-01
1.744453e-01
1.744858e-01
1.745662e-01
1.746440e-01
1.746807e-01
1.747297e-01
1.748051e-01
1.748259e-01
1.749037e-01
1.749974e-01
1.750555e-01
1.750817e-01
1.751197e-01
1.751646e-01
1.752118e-01
1.752217e-01
1.752310e-01
1.752888e-01
1.754042e-01
1.754446e-01
1.755007e-01
1.755552e-01
1.756357e-01
1.756546e-01
1.757494e-01
1.757570e-01
1.758355e-01
1.758904e-01
1.759453e-01
1.759730e-01
1.760108e-01
1.760662e-01
1.761476e-01
1.762019e-01
1.762374e-01
1.762740e-01
1.763444e-01
1.763534e-01
1.763905e-01
1.764554e-01
1.765590e-01
1.766038e-01
1.766476e-01
1.766714e-01
1.767412e-01
1.767843e-01
1.768174e-01
1.768653e-01
1.769192e-01
1.769691e-01
1.769780e-01
1.770293e-01
1.771130e-01
1.771950e-01
1.772362e-01
1.773177e-01
1.773413e-01
1.773748e-01
1.774157e-01
1.774969e-01
1.775430e-01
1.775576e-01
1.776022e-01
1.776152e-01
1.777413e-01
1.778087e-01
1.778435e-01
1.779034e-01
1.779660e-01
1.779928e-01
1.780078e-01
1.780666e-01
1.781291e-01
1.781695e-01
1.782061e-01
1.782543e-01
1.783766e-01
1.784141e-01
1.784605e-01
1.784965e-01
1.785276e-01
1.786496e-01
1.787190e-01
1.787510e-01
1.787825e-01
1.788385e-01
1.789512e-01
1.789852e-01
1.790244e-01
1.790766e-01
1.791077e-01
1.791642e-01
1.792764e-01
1.793258e-01
1.793436e-01
1.794093e-01
1.794239e-01
1.795017e-01
1.795530e-01
1.795776e-01
1.796215e-01
1.797401e-01
1.797925e-01
1.798803e-01
1.799040e-01
1.799285e-01
1.799623e-01
1.800753e-01
1.801000e-01
1.801251e-01
1.801929e-01
1.803108e-01
1.803285e-01
1.803549e-01
1.803963e-01
1.804428e-01
1.805125e-01
1.805432e-01
1.806061e-01
1.806405e-01
1.807087e-01
1.807735e-01
1.808490e-01
1.808755e-01
1.809003e-01
1.809307e-01
1.809901e-01
1.810779e-01
1.811420e-01
1.811589e-01
1.811946e-01
1.812259e-01
1.812682e-01
1.813627e-01
1.813893e-01
1.814315e-01
1.814883e-01
1.815429e-01
1.815585e-01
1.816346e-01
1.816728e-01
1.817285e-01
1.818202e-01
1.818521e-01
1.818860e-01
1.819738e-01
1.819816e-01
1.820702e-01
1.821006e-01
1.821562e-01
1.822040e-01
1.822542e-01
1.822751e-01
1.823649e-01
1.824207e-01
1.824652e-01
1.825125e-01
1.825811e-01
1.826801e-01
1.827049e-01
1.827389e-01
1.828451e-01
1.829417e-01
1.829581e-01
1.830002e-01
1.830849e-01
1.831344e-01
1.831589e-01
1.832006e-01
1.832452e-01
1.832937e-01
1.833534e-01
1.833939e-01
1.834463e-01
1.834562e-01
1.834975e-01
1.835576e-01
1.836516e-01
1.837345e-01
1.837868e-01
1.838618e-01
1.839022e-01
1.839298e-01
1.839541e-01
1.840480e-01
1.840687e-01
1.841295e-01
1.841611e-01
1.841890e-01
1.842886e-01
1.843230e-01
1.843384e-01
1.844259e-01
1.844795e-01
1.845251e-01
1.845694e-01
1.846122e-01
1.847003e-01
1.847593e-01
1.848050e-01
1.848362e-01
1.848803e-01
1.849118e-01
1.849817e-01
1.850179e-01
1.851044e-01
1.851167e-01
1.851508e-01
1.852507e-01
1.852969e-01
1.853634e-01
1.853663e-01
1.854346e-01
1.854762e-01
1.855338e-01
1.856001e-01
1.856199e-01
1.857419e-01
1.857959e-01
1.858503e-01
1.859406e-01
1.859784e-01
1.860797e-01
1.861310e-01
1.861649e-01
1.862110e-01
1.863184e-01
1.863650e-01
1.864016e-01
1.864535e-01
1.864996e-01
1.865429e-01
1.865872e-01
1.866848e-01
1.866999e-01
1.868494e-01
1.868914e-01
1.869131e-01
1.869623e-01
1.870303e-01
1.870572e-01
1.871221e-01
1.871463e-01
1.872750e-01
1.873067e-01
1.873280e-01
1.873950e-01
1.874361e-01
1.874679e-01
1.875393e-01
1.876044e-01
1.876894e-01
1.877514e-01
1.877644e-01
1.877992e-01
1.878385e-01
1.879611e-01
1.879748e-01
1.880639e-01
1.881078e-01
1.881810e-01
1.882110e-01
1.882780e-01
1.883408e-01
1.883873e-01
1.884131e-01
1.884430e-01
1.885373e-01
1.885789e-01
1.886235e-01
1.887090e-01
1.887550e-01
1.887935e-01
1.888786e-01
1.889486e-01
1.890286e-01
1.890613e-01
1.891105e-01
1.891822e-01
1.892327e-01
1.892939e-01
1.893290e-01
1.893622e-01
1.894069e-01
1.894555e-01
1.895338e-01
1.895737e-01
1.896289e-01
1.897018e-01
1.897229e-01
1.898105e-01
1.898544e-01
1.898875e-01
1.899619e-01
1.899848e-01
1.900383e-01
1.900992e-01
1.901478e-01
1.901934e-01
1.902890e-01
1.903441e-01
1.903947e-01
1.904446e-01
1.904816e-01
1.905143e-01
1.906250e-01
1.906730e-01
1.907467e-01
1.908064e-01
1.908501e-01
1.908747e-01
1.909352e-01
1.909406e-01
1.909739e-01
1.910954e-01
1.911056e-01
1.911397e-01
1.912292e-01
1.913308e-01
1.913618e-01
1.914563e-01
1.914792e-01
1.915674e-01
1.916760e-01
1.917369e-01
1.917423e-01
1.918146e-01
1.918159e-01
1.918769e-01
1.919242e-01
1.919627e-01
1.920458e-01
1.921089e-01
1.921580e-01
1.921890e-01
1.922270e-01
1.923420e-01
1.923879e-01
1.924674e-01
1.925586e-01
1.925732e-01
1.926241e-01
1.926522e-01
1.927392e-01
1.927755e-01
1.928692e-01
1.929007e-01
1.929401e-01
1.929678e-01
1.930111e-01
1.930887e-01
1.931702e-01
1.932014e-01
1.932957e-01
1.932981e-01
1.933720e-01
1.934015e-01
1.934796e-01
1.935991e-01
1.936365e-01
1.936800e-01
1.937366e-01
1.938191e-01
1.938947e-01
1.939633e-01
1.940830e-01
1.941308e-01
1.941857e-01
1.942206e-01
1.943143e-01
1.943351e-01
1.943655e-01
1.943931e-01
1.944139e-01
1.945164e-01
1.945455e-01
1.945786e-01
1.946905e-01
1.946937e-01
1.947144e-01
1.948072e-01
1.948793e-01
1.949563e-01
1.950076e-01
1.950782e-01
1.951246e-01
1.951815e-01
1.952316e-01
1.952942e-01
1.953094e-01
1.954333e-01
1.954734e-01
1.955189e-01
1.955691e-01
1.956800e-01
1.957042e-01
1.957458e-01
1.957789e-01
1.958403e-01
1.959325e-01
1.959681e-01
1.960547e-01
1.961531e-01
1.961922e-01
1.962228e-01
1.962879e-01
1.963272e-01
1.963531e-01
1.964560e-01
1.965734e-01
1.966109e-01
1.966683e-01
1.967618e-01
1.967940e-01
1.968037e-01
1.969001e-01
1.969619e-01
1.970331e-01
1.970706e-01
1.971778e-01
1.971976e-01
1.972622e-01
1.973065e-01
1.973501e-01
1.973983e-01
1.974823e-01
1.975283e-01
1.975787e-01
1.976251e-01
1.976642e-01
1.976906e-01
1.977448e-01
1.978223e-01
1.978717e-01
1.979696e-01
1.979953e-01
1.980100e-01
1.981334e-01
1.981843e-01
1.982962e-01
1.983760e-01
1.984015e-01
1.984601e-01
1.985046e-01
1.985818e-01
1.986866e-01
1.987983e-01
1.988376e-01
1.988733e-01
1.989605e-01
1.990833e-01
1.991314e-01
1.991586e-01
1.991953e-01
1.992390e-01
1.993312e-01
1.993768e-01
1.994013e-01
1.994585e-01
1.995258e-01
1.995539e-01
1.996415e-01
1.997046e-01
1.997416e-01
1.998320e-01
1.998683e-01
1.999458e-01
1.999897e-01
2.000872e-01
2.001547e-01
2.001574e-01
2.001982e-01
2.002958e-01
2.003387e-01
2.003825e-01
2.004574e-01
2.005164e-01
2.005272e-01
2.005661e-01
2.006135e-01
2.007036e-01
2.007826e-01
2.008556e-01
2.009017e-01
2.009526e-01
2.010138e-01
2.010452e-01
2.010688e-01
2.012221e-01
2.012402e-01
2.012879e-01
2.013779e-01
2.014226e-01
2.014640e-01
2.015114e-01
2.015296e-01
2.015977e-01
2.017098e-01
2.018044e-01
2.018386e-01
2.019058e-01
2.019634e-01
2.020367e-01
2.020780e-01
2.021542e-01
2.021854e-01
2.022133e-01
2.022767e-01
2.024027e-01
2.024509e-01
2.024972e-01
2.025235e-01
2.025848e-01
2.026222e-01
2.026868e-01
2.028211e-01
2.028744e-01
2.029882e-01
2.030540e-01
2.030882e-01
2.031316e-01
2.031718e-01
2.032503e-01
2.033197e-01
2.034248e-01
2.034629e-01
2.035764e-01
2.036152e-01
2.036645e-01
2.037227e-01
2.038342e-01
2.038899e-01
2.039528e-01
2.040582e-01
2.041028e-01
2.041799e-01
2.042292e-01
2.042979e-01
2.043052e-01
2.043322e-01
2.043856e-01
2.044566e-01
2.045301e-01
2.045778e-01
2.046561e-01
2.047264e-01
2.047884e-01
2.048475e-01
2.048971e-01
2.049074e-01
2.049579e-01
2.049639e-01
2.050654e-01
2.051359e-01
2.051749e-01
2.051850e-01
2.052902e-01
2.053204e-01
2.053708e-01
2.054725e-01
2.055137e-01
2.056238e-01
2.056828e-01
2.057702e-01
2.058277e-01
2.058764e-01
2.059195e-01
2.059683e-01
2.060472e-01
2.060950e-01
2.061525e-01
2.061693e-01
2.062834e-01
2.063539e-01
2.063807e-01
2.064018e-01
2.064865e-01
2.065653e-01
2.065975e-01
2.066829e-01
2.067414e-01
2.068453e-01
2.068907e-01
2.070130e-01
2.070348e-01
2.071329e-01
2.071859e-01
2.072338e-01
2.072759e-01
2.073774e-01
2.074123e-01
2.074488e-01
2.075240e-01
2.075927e-01
2.076250e-01
2.077792e-01
2.078212e-01
2.078740e-01
2.079201e-01
2.079391e-01
2.080261e-01
2.081264e-01
2.081748e-01
2.082209e-01
2.083174e-01
2.083988e-01
2.084399e-01
2.084877e-01
2.085795e-01
2.086440e-01
2.086699e-01
2.087206e-01
2.087713e-01
2.087901e-01
2.089595e-01
2.089775e-01
2.090094e-01
2.090939e-01
2.092227e-01
2.092691e-01
2.092984e-01
2.093788e-01
2.094340e-01
2.094840e-01
2.095934e-01
2.096370e-01
2.096615e-01
2.097670e-01
2.098234e-01
2.098610e-01
2.099570e-01
2.099981e-01
2.100102e-01
2.101037e-01
2.101529e-01
2.102144e-01
2.102786e-01
2.103699e-01
2.104819e-01
2.104892e-01
2.105124e-01
2.106071e-01
2.106463e-01
2.107450e-01
2.108141e-01
2.108914e-01
2.109477e-01
2.110524e-01
2.110833e-01
2.112475e-01
2.112878e-01
2.113620e-01
2.114705e-01
2.115502e-01
2.115730e-01
2.116294e-01
2.116515e-01
2.117241e-01
2.118370e-01
2.119118e-01
2.119482e-01
2.119927e-01
2.120755e-01
2.121397e-01
2.121890e-01
2.122657e-01
2.123239e-01
2.123759e-01
2.124408e-01
2.125033e-01
2.125811e-01
2.126163e-01
2.127662e-01
2.127821e-01
2.128200e-01
2.129149e-01
2.129434e-01
2.129988e-01
2.130780e-01
2.131413e-01
2.131885e-01
2.131931e-01
2.133295e-01
2.134119e-01
2.134525e-01
2.135343e-01
2.136151e-01
2.137107e-01
2.137784e-01
2.138072e-01
2.138315e-01
2.139053e-01
2.139337e-01
2.139796e-01
2.140542e-01
2.141397e-01
2.141955e-01
2.143111e-01
2.143465e-01
2.144274e-01
2.144419e-01
2.145214e-01
2.146700e-01
2.147313e-01
2.147831e-01
2.148501e-01
2.148998e-01
2.149253e-01
2.149748e-01
2.150406e-01
2.150905e-01
2.151586e-01
2.152494e-01
2.152610e-01
2.153736e-01
2.154238e-01
2.155491e-01
2.156416e-01
2.156671e-01
2.157339e-01
2.157362e-01
2.158006e-01
2.158536e-01
2.159085e-01
2.159484e-01
2.160531e-01
2.161337e-01
2.162398e-01
2.162820e-01
2.163444e-01
2.163889e-01
2.164416e-01
2.165798e-01
2.166242e-01
2.167233e-01
2.167276e-01
2.167597e-01
2.168160e-01
2.168697e-01
2.170126e-01
2.170692e-01
2.171742e-01
2.172349e-01
2.173383e-01
2.173749e-01
2.174723e-01
2.175060e-01
2.175796e-01
2.176505e-01
2.176621e-01
2.177118e-01
2.177893e-01
2.178184e-01
2.178989e-01
2.179349e-01
2.180105e-01
2.180794e-01
2.182224e-01
2.182766e-01
2.183696e-01
2.183706e-01
2.185215e-01
2.185832e-01
2.186015e-01
2.186369e-01
2.187525e-01
2.187774e-01
2.188888e-01
2.189723e-01
2.190173e-01
2.190828e-01
2.191354e-01
2.192514e-01
2.192934e-01
2.193454e-01
2.194744e-01
2.195304e-01
2.195768e-01
2.196057e-01
2.197415e-01
2.197709e-01
2.198249e-01
2.199327e-01
2.200147e-01
2.200617e-01
2.201023e-01
2.202199e-01
2.202743e-01
2.204557e-01
2.204918e-01
2.205428e-01
2.206152e-01
2.206532e-01
2.207620e-01
2.208578e-01
2.209397e-01
2.209638e-01
2.209803e-01
2.211217e-01
2.211688e-01
2.212197e-01
2.212801e-01
2.213758e-01
2.214313e-01
2.215278e-01
2.215772e-01
2.216723e-01
2.217108e-01
2.217793e-01
2.219244e-01
2.219732e-01
2.220625e-01
2.221135e-01
2.221913e-01
2.222628e-01
2.223625e-01
2.224335e-01
2.225119e-01
2.225257e-01
2.225823e-01
2.226576e-01
2.227644e-01
2.228271e-01
2.229493e-01
2.230289e-01
2.231612e-01
2.232062e-01
2.232642e-01
2.233861e-01
2.235218e-01
2.235256e-01
2.235495e-01
2.237122e-01
2.237269e-01
2.238818e-01
2.239331e-01
2.239870e-01
2.240344e-01
2.240622e-01
2.242028e-01
2.242821e-01
2.243157e-01
2.243816e-01
2.244187e-01
2.245526e-01
2.245890e-01
2.246776e-01
2.247765e-01
2.248134e-01
2.248712e-01
2.249656e-01
2.250112e-01
2.251507e-01
2.252513e-01
2.252822e-01
2.253573e-01
2.254506e-01
2.255069e-01
2.255555e-01
2.255716e-01
2.257369e-01
2.258095e-01
2.258526e-01
2.260083e-01
2.260432e-01
2.260788e-01
2.261321e-01
2.262862e-01
2.263435e-01
2.263836e-01
2.263941e-01
2.264761e-01
2.265637e-01
2.266637e-01
2.266982e-01
2.267952e-01
2.268792e-01
2.270231e-01
2.270521e-01
2.270651e-01
2.271669e-01
2.272042e-01
2.272805e-01
2.274623e-01
2.274977e-01
2.275292e-01
2.275532e-01
2.276722e-01
2.277873e-01
2.278440e-01
2.278723e-01
2.279239e-01
2.279898e-01
2.281052e-01
2.281697e-01
2.282654e-01
2.282961e-01
2.283809e-01
2.283972e-01
2.284577e-01
2.285535e-01
2.285885e-01
2.287889e-01
2.288011e-01
2.288930e-01
2.289989e-01
2.290439e-01
2.290837e-01
2.291761e-01
2.292035e-01
2.293440e-01
2.294190e-01
2.294601e-01
2.295117e-01
2.295624e-01
2.296635e-01
2.297284e-01
2.298274e-01
2.298477e-01
2.299802e-01
2.300112e-01
2.300604e-01
2.301308e-01
2.302630e-01
2.303950e-01
2.304709e-01
2.305439e-01
2.306007e-01
2.307397e-01
2.308513e-01
2.309009e-01
2.309492e-01
2.310879e-01
2.311892e-01
2.312112e-01
2.312693e-01
2.313479e-01
2.314183e-01
2.314749e-01
2.315025e-01
2.316217e-01
2.316991e-01
2.318037e-01
2.318650e-01
2.319854e-01
2.320498e-01
2.321548e-01
2.321970e-01
2.322671e-01
2.323126e-01
2.323672e-01
2.324712e-01
2.325892e-01
2.326363e-01
2.327072e-01
2.327769e-01
2.327873e-01
2.328947e-01
2.329264e-01
2.330408e-01
2.331394e-01
2.331747e-01
2.332284e-01
2.332987e-01
2.333214e-01
2.334020e-01
2.334670e-01
2.335902e-01
2.336951e-01
2.337596e-01
2.338741e-01
2.339454e-01
2.340479e-01
2.340771e-01
2.341791e-01
2.342940e-01
2.344382e-01
2.345403e-01
2.345679e-01
2.346048e-01
2.346530e-01
2.347926e-01
2.349064e-01
2.350196e-01
2.351262e-01
2.352071e-01
2.352800e-01
2.353560e-01
2.353788e-01
2.354287e-01
2.354473e-01
2.355948e-01
2.356752e-01
2.357366e-01
2.358722e-01
2.359172e-01
2.360934e-01
2.361877e-01
2.362750e-01
2.363206e-01
2.363562e-01
2.364298e-01
2.364927e-01
2.365910e-01
2.366533e-01
2.367384e-01
2.368941e-01
2.369088e-01
2.369624e-01
2.370235e-01
2.370962e-01
2.371697e-01
2.372257e-01
2.372538e-01
2.374689e-01
2.375486e-01
2.376155e-01
2.376913e-01
2.378202e-01
2.378615e-01
2.380391e-01
2.380505e-01
2.381676e-01
2.381881e-01
2.382653e-01
2.383514e-01
2.385136e-01
2.385449e-01
2.385705e-01
2.386519e-01
2.387729e-01
2.388402e-01
2.389839e-01
2.390739e-01
2.392106e-01
2.392278e-01
2.393008e-01
2.393790e-01
2.395437e-01
2.396384e-01
2.397610e-01
2.397759e-01
2.399451e-01
2.400187e-01
2.400415e-01
2.400965e-01
2.401846e-01
2.403066e-01
2.404010e-01
2.404472e-01
2.406396e-01
2.407095e-01
2.407819e-01
2.408445e-01
2.409534e-01
2.409931e-01
2.411299e-01
2.412607e-01
2.412970e-01
2.414290e-01
2.415331e-01
2.416527e-01
2.417107e-01
2.418119e-01
2.419121e-01
2.419323e-01
2.420039e-01
2.420715e-01
2.421652e-01
2.421929e-01
2.423153e-01
2.424461e-01
2.424823e-01
2.425960e-01
2.427191e-01
2.427588e-01
2.428229e-01
2.428358e-01
2.429708e-01
2.430080e-01
2.431286e-01
2.431815e-01
2.433987e-01
2.435660e-01
2.435985e-01
2.436999e-01
2.437649e-01
2.437933e-01
2.438998e-01
2.439483e-01
2.440882e-01
2.441218e-01
2.442116e-01
2.443431e-01
2.443618e-01
2.445085e-01
2.445521e-01
2.445986e-01
2.446853e-01
2.447949e-01
2.448642e-01
2.449662e-01
2.450032e-01
2.451906e-01
2.452532e-01
2.452816e-01
2.454174e-01
2.454585e-01
2.455621e-01
2.456562e-01
2.457182e-01
2.458568e-01
2.459698e-01
2.459964e-01
2.461203e-01
2.462030e-01
2.462462e-01
2.463846e-01
2.464326e-01
2.465555e-01
2.466757e-01
2.467451e-01
2.467704e-01
2.467941e-01
2.468905e-01
2.470148e-01
2.470638e-01
2.471816e-01
2.472526e-01
2.473760e-01
2.475005e-01
2.475711e-01
2.476419e-01
2.477175e-01
2.477914e-01
2.478916e-01
2.480026e-01
2.480813e-01
2.482078e-01
2.482917e-01
2.484280e-01
2.484880e-01
2.485402e-01
2.486683e-01
2.487983e-01
2.489023e-01
2.489501e-01
2.489741e-01
2.491078e-01
2.492373e-01
2.493245e-01
2.493714e-01
2.494383e-01
2.495377e-01
2.496660e-01
2.497101e-01
2.498706e-01
2.499030e-01
2.500321e-01
2.500771e-01
2.500848e-01
2.502127e-01
2.502541e-01
2.503599e-01
2.504129e-01
2.505000e-01
2.506581e-01
2.507602e-01
2.509157e-01
2.509882e-01
2.510574e-01
2.511474e-01
2.512571e-01
2.513482e-01
2.514699e-01
2.515831e-01
2.518152e-01
2.518662e-01
2.519422e-01
2.520575e-01
2.521598e-01
2.522409e-01
2.523323e-01
2.524718e-01
2.525376e-01
2.526353e-01
2.526940e-01
2.528111e-01
2.528427e-01
2.529871e-01
2.530452e-01
2.530889e-01
2.531915e-01
2.532647e-01
2.533422e-01
2.535328e-01
2.536140e-01
2.536877e-01
2.538640e-01
2.539262e-01
2.540048e-01
2.541944e-01
2.542130e-01
2.543253e-01
2.543958e-01
2.545048e-01
2.545836e-01
2.546929e-01
2.548103e-01
2.549023e-01
2.549667e-01
2.550266e-01
2.551214e-01
2.551649e-01
2.553422e-01
2.554271e-01
2.554781e-01
2.555825e-01
2.556765e-01
2.558151e-01
2.558617e-01
2.560306e-01
2.561192e-01
2.561690e-01
2.561968e-01
2.563495e-01
2.564378e-01
2.565306e-01
2.566238e-01
2.566783e-01
2.567553e-01
2.568751e-01
2.569357e-01
2.569544e-01
2.569992e-01
2.572936e-01
2.573520e-01
2.574800e-01
2.575032e-01
2.575763e-01
2.576941e-01
2.578273e-01
2.579462e-01
2.580402e-01
2.581401e-01
2.581869e-01
2.582036e-01
2.584078e-01
2.585056e-01
2.586524e-01
2.586876e-01
2.588813e-01
2.590185e-01
2.590532e-01
2.591027e-01
2.592209e-01
2.593370e-01
2.593844e-01
2.594382e-01
2.596261e-01
2.597267e-01
2.597739e-01
2.599027e-01
2.600175e-01
2.601309e-01
2.602042e-01
2.602849e-01
2.604487e-01
2.606024e-01
2.606954e-01
2.607750e-01
2.608799e-01
2.609609e-01
2.611016e-01
2.611594e-01
2.613209e-01
2.613975e-01
2.614671e-01
2.615196e-01
2.616302e-01
2.617151e-01
2.618161e-01
2.618815e-01
2.619466e-01
2.620506e-01
2.621147e-01
2.622371e-01
2.623536e-01
2.624526e-01
2.624736e-01
2.626550e-01
2.627363e-01
2.628072e-01
2.628376e-01
2.628964e-01
2.631096e-01
2.632057e-01
2.633908e-01
2.634156e-01
2.635601e-01
2.636528e-01
2.637113e-01
2.638664e-01
2.639073e-01
2.639781e-01
2.641265e-01
2.642179e-01
2.642887e-01
2.644982e-01
2.645451e-01
2.646426e-01
2.646926e-01
2.648195e-01
2.648485e-01
2.649420e-01
2.651010e-01
2.651560e-01
2.652235e-01
2.652499e-01
2.653697e-01
2.655920e-01
2.656861e-01
2.657748e-01
2.658915e-01
2.659368e-01
2.660597e-01
2.661013e-01
2.663670e-01
2.663724e-01
2.664974e-01
2.665114e-01
2.666692e-01
2.667043e-01
2.667718e-01
2.668551e-01
2.669641e-01
2.671300e-01
2.671944e-01
2.673143e-01
2.675183e-01
2.675550e-01
2.677359e-01
2.677893e-01
2.678542e-01
2.679336e-01
2.679890e-01
2.680690e-01
2.682137e-01
2.683542e-01
2.684459e-01
2.685853e-01
2.687625e-01
2.687948e-01
2.688371e-01
2.690455e-01
2.691053e-01
2.691638e-01
2.692858e-01
2.694359e-01
2.695053e-01
2.696293e-01
2.697192e-01
2.697907e-01
2.698723e-01
2.699342e-01
2.701701e-01
2.702090e-01
2.703193e-01
2.704408e-01
2.705508e-01
2.707091e-01
2.707632e-01
2.709589e-01
2.710984e-01
2.711887e-01
2.713402e-01
2.714892e-01
2.715959e-01
2.717527e-01
2.717987e-01
2.718801e-01
2.720398e-01
2.721250e-01
2.722442e-01
2.723704e-01
2.723989e-01
2.725628e-01
2.726141e-01
2.727367e-01
2.728098e-01
2.729751e-01
2.731965e-01
2.732833e-01
2.733638e-01
2.735350e-01
2.736086e-01
2.736945e-01
2.737881e-01
2.739017e-01
2.739558e-01
2.740698e-01
2.742244e-01
2.743060e-01
2.744254e-01
2.745888e-01
2.747199e-01
2.747466e-01
2.748132e-01
2.748790e-01
2.750063e-01
2.750286e-01
2.753279e-01
2.754090e-01
2.755451e-01
2.756950e-01
2.757998e-01
2.758269e-01
2.760021e-01
2.760621e-01
2.762346e-01
2.762490e-01
2.763458e-01
2.765089e-01
2.766524e-01
2.767092e-01
2.768446e-01
2.769920e-01
2.770418e-01
2.771086e-01
2.773161e-01
2.773972e-01
2.775308e-01
2.777849e-01
2.778916e-01
2.779235e-01
2.780823e-01
2.782394e-01
2.783603e-01
2.784393e-01
2.785084e-01
2.786503e-01
2.787248e-01
2.788280e-01
2.788952e-01
2.790176e-01
2.792720e-01
2.793386e-01
2.794459e-01
2.795289e-01
2.796085e-01
2.796514e-01
2.798246e-01
2.798612e-01
2.800608e-01
2.802071e-01
2.802825e-01
2.803094e-01
2.804179e-01
2.804844e-01
2.805439e-01
2.806533e-01
2.807549e-01
2.808791e-01
2.809460e-01
2.810974e-01
2.812779e-01
2.813402e-01
2.813611e-01
2.814464e-01
2.815011e-01
2.818169e-01
2.818621e-01
2.820452e-01
2.820893e-01
2.821041e-01
2.821918e-01
2.822626e-01
2.823609e-01
2.824217e-01
2.824572e-01
2.826068e-01
2.827030e-01
2.829195e-01
2.829876e-01
2.831268e-01
2.832119e-01
2.833303e-01
2.835156e-01
2.837229e-01
2.837233e-01
2.838847e-01
2.839282e-01
2.839696e-01
2.841243e-01
2.842169e-01
2.843551e-01
2.844463e-01
2.845769e-01
2.846016e-01
2.848377e-01
2.849585e-01
2.850537e-01
2.850833e-01
2.851863e-01
2.852528e-01
2.853344e-01
2.854770e-01
2.855522e-01
2.857104e-01
2.858371e-01
2.859425e-01
2.860224e-01
2.862499e-01
2.862955e-01
2.863815e-01
2.865182e-01
2.866301e-01
2.866677e-01
2.867532e-01
2.869124e-01
2.871061e-01
2.872275e-01
2.872761e-01
2.873605e-01
2.876100e-01
2.876789e-01
2.877763e-01
2.879565e-01
2.880795e-01
2.881817e-01
2.882419e-01
2.883746e-01
2.884649e-01
2.886231e-01
2.886825e-01
2.888065e-01
2.888969e-01
2.890264e-01
2.891704e-01
2.892597e-01
2.894426e-01
2.895251e-01
2.896363e-01
2.898873e-01
2.899301e-01
2.900961e-01
2.901567e-01
2.902304e-01
2.904323e-01
2.905446e-01
2.907130e-01
2.907599e-01
2.908391e-01
2.909873e-01
2.910143e-01
2.911027e-01
2.911672e-01
2.915207e-01
2.916417e-01
2.917177e-01
2.919218e-01
2.921768e-01
2.922581e-01
2.924190e-01
2.924905e-01
2.927100e-01
2.928444e-01
2.930822e-01
2.931672e-01
2.932403e-01
2.933074e-01
2.935104e-01
2.938142e-01
2.938883e-01
2.940316e-01
2.941007e-01
2.943954e-01
2.944768e-01
2.946310e-01
2.947656e-01
2.949486e-01
2.950078e-01
2.951431e-01
2.951698e-01
2.953225e-01
2.955563e-01
2.957215e-01
2.957500e-01
2.958171e-01
2.960452e-01
2.962887e-01
2.963565e-01
2.965186e-01
2.965664e-01
2.967385e-01
2.969506e-01
2.970422e-01
2.971941e-01
2.973095e-01
2.974921e-01
2.976308e-01
2.977216e-01
2.978686e-01
2.980155e-01
2.981070e-01
2.982765e-01
2.983943e-01
2.985898e-01
2.986565e-01
2.987522e-01
2.988976e-01
2.990020e-01
2.990281e-01
2.990789e-01
2.993473e-01
2.995339e-01
2.995526e-01
2.997241e-01
2.998503e-01
3.000290e-01
3.001722e-01
3.004111e-01
3.005358e-01
3.006693e-01
3.007882e-01
3.009317e-01
3.010183e-01
3.011582e-01
3.012484e-01
3.014196e-01
3.015136e-01
3.017350e-01
3.018285e-01
3.019408e-01
3.021300e-01
3.022554e-01
3.024592e-01
3.025818e-01
3.026901e-01
3.028559e-01
3.031162e-01
3.031935e-01
3.033864e-01
3.034745e-01
3.037385e-01
3.039579e-01
3.040023e-01
3.042420e-01
3.042807e-01
3.044250e-01
3.046886e-01
3.048072e-01
3.048788e-01
3.049577e-01
3.050423e-01
3.050928e-01
3.053121e-01
3.055143e-01
3.056793e-01
3.057602e-01
3.058847e-01
3.060823e-01
3.061883e-01
3.062596e-01
3.064915e-01
3.065970e-01
3.066659e-01
3.068178e-01
3.068805e-01
3.070678e-01
3.071133e-01
3.071780e-01
3.073277e-01
3.073517e-01
3.075158e-01
3.077047e-01
3.077951e-01
3.079493e-01
3.080791e-01
3.082916e-01
3.083637e-01
3.085253e-01
3.087160e-01
3.089439e-01
3.090855e-01
3.091720e-01
3.092935e-01
3.095188e-01
3.095680e-01
3.096271e-01
3.097385e-01
3.098570e-01
3.099591e-01
3.101855e-01
3.104403e-01
3.105853e-01
3.107013e-01
3.109258e-01
3.109494e-01
3.111412e-01
3.113227e-01
3.114842e-01
3.117325e-01
3.118225e-01
3.118784e-01
3.119408e-01
3.121595e-01
3.122900e-01
3.124415e-01
3.125110e-01
3.126777e-01
3.127586e-01
3.128349e-01
3.128711e-01
3.130571e-01
3.131181e-01
3.132383e-01
3.134169e-01
3.136121e-01
3.137659e-01
3.138158e-01
3.139438e-01
3.143089e-01
3.143104e-01
3.144304e-01
3.145451e-01
3.147194e-01
3.147856e-01
3.149759e-01
3.151534e-01
3.152751e-01
3.154693e-01
3.155861e-01
3.156859e-01
3.157899e-01
3.159330e-01
3.160761e-01
3.161754e-01
3.164545e-01
3.165054e-01
3.166586e-01
3.168104e-01
3.170605e-01
3.171323e-01
3.173430e-01
3.175302e-01
3.176553e-01
3.178375e-01
3.179240e-01
3.179517e-01
3.182442e-01
3.183055e-01
3.184085e-01
3.185022e-01
3.186486e-01
3.189370e-01
3.189775e-01
3.190266e-01
3.192760e-01
3.193735e-01
3.195036e-01
3.195883e-01
3.198977e-01
3.202279e-01
3.202684e-01
3.204303e-01
3.207562e-01
3.209021e-01
3.209246e-01
3.209984e-01
3.211576e-01
3.213151e-01
3.214391e-01
3.217039e-01
3.217779e-01
3.219493e-01
3.220673e-01
3.220719e-01
3.222759e-01
3.226626e-01
3.228306e-01
3.229255e-01
3.231733e-01
3.233790e-01
3.234405e-01
3.236098e-01
3.239019e-01
3.241117e-01
3.241652e-01
3.243912e-01
3.244575e-01
3.247199e-01
3.248383e-01
3.249864e-01
3.250371e-01
3.251399e-01
3.253660e-01
3.256188e-01
3.257399e-01
3.259777e-01
3.260521e-01
3.261693e-01
3.263548e-01
3.264046e-01
3.265247e-01
3.266625e-01
3.268483e-01
3.272440e-01
3.273070e-01
3.275867e-01
3.278213e-01
3.278606e-01
3.280373e-01
3.284158e-01
3.286153e-01
3.287489e-01
3.289693e-01
3.289934e-01
3.290546e-01
3.293488e-01
3.295037e-01
3.296064e-01
3.298397e-01
3.299270e-01
3.304010e-01
3.305606e-01
3.305778e-01
3.309634e-01
3.309978e-01
3.312188e-01
3.313096e-01
3.314437e-01
3.316760e-01
3.319015e-01
3.320213e-01
3.320653e-01
3.322890e-01
3.323805e-01
3.325954e-01
3.326466e-01
3.327382e-01
3.330648e-01
3.333661e-01
3.335074e-01
3.335951e-01
3.338296e-01
3.339540e-01
3.341158e-01
3.341974e-01
3.343992e-01
3.344244e-01
3.346486e-01
3.348637e-01
3.350473e-01
3.351421e-01
3.354159e-01
3.356936e-01
3.357659e-01
3.358192e-01
3.359835e-01
3.361147e-01
3.362535e-01
3.363618e-01
3.365774e-01
3.367373e-01
3.369842e-01
3.370671e-01
3.371674e-01
3.373537e-01
3.375277e-01
3.376818e-01
3.377609e-01
3.378232e-01
3.378774e-01
3.379724e-01
3.380682e-01
3.382670e-01
3.383493e-01
3.385502e-01
3.386718e-01
3.390039e-01
3.391060e-01
3.393788e-01
3.395660e-01
3.395969e-01
3.399892e-01
3.404059e-01
3.406643e-01
3.408408e-01
3.410657e-01
3.412426e-01
3.415155e-01
3.415608e-01
3.417254e-01
3.418540e-01
3.421196e-01
3.422381e-01
3.425326e-01
3.426419e-01
3.428779e-01
3.429016e-01
3.430462e-01
3.432145e-01
3.433669e-01
3.435848e-01
3.437645e-01
3.439951e-01
3.440807e-01
3.443326e-01
3.444266e-01
3.445850e-01
3.448525e-01
3.450146e-01
3.450581e-01
3.450949e-01
3.454796e-01
3.458368e-01
3.461005e-01
3.462562e-01
3.464280e-01
3.466946e-01
3.468277e-01
3.471166e-01
3.473199e-01
3.474264e-01
3.475599e-01
3.476376e-01
3.477092e-01
3.483721e-01
3.484660e-01
3.485581e-01
3.489096e-01
3.490010e-01
3.490684e-01
3.491329e-01
3.496049e-01
3.497073e-01
3.497965e-01
3.500449e-01
3.501074e-01
3.507910e-01
3.510166e-01
3.512695e-01
3.514391e-01
3.516055e-01
3.517107e-01
3.520110e-01
3.520594e-01
3.522102e-01
3.523776e-01
3.525180e-01
3.526749e-01
3.528423e-01
3.529501e-01
3.533533e-01
3.534303e-01
3.537623e-01
3.538312e-01
3.540212e-01
3.541664e-01
3.543928e-01
3.546013e-01
3.547740e-01
3.547996e-01
3.550032e-01
3.553733e-01
3.554408e-01
3.555107e-01
3.560077e-01
3.561288e-01
3.561784e-01
3.564329e-01
3.564804e-01
3.566806e-01
3.567252e-01
3.570582e-01
3.571597e-01
3.575151e-01
3.575420e-01
3.578466e-01
3.581280e-01
3.582202e-01
3.586629e-01
3.588708e-01
3.591259e-01
3.593495e-01
3.593864e-01
3.597003e-01
3.597750e-01
3.599802e-01
3.604796e-01
3.607266e-01
3.608097e-01
3.610309e-01
3.612560e-01
3.613436e-01
3.614318e-01
3.617655e-01
3.622120e-01
3.625847e-01
3.627281e-01
3.629917e-01
3.633827e-01
3.636707e-01
3.639462e-01
3.643297e-01
3.645995e-01
3.646511e-01
3.647998e-01
3.650167e-01
3.652283e-01
3.657504e-01
3.659901e-01
3.661474e-01
3.663323e-01
3.665917e-01
3.666851e-01
3.669248e-01
3.671195e-01
3.672832e-01
3.673944e-01
3.676542e-01
3.678220e-01
3.679057e-01
3.682587e-01
3.682915e-01
3.686181e-01
3.686792e-01
3.688629e-01
3.690389e-01
3.690814e-01
3.693545e-01
3.695874e-01
3.697286e-01
3.700673e-01
3.703274e-01
3.704384e-01
3.705807e-01
3.709383e-01
3.709814e-01
3.712633e-01
3.714135e-01
3.714296e-01
3.716480e-01
3.718273e-01
3.720754e-01
3.723964e-01
3.726682e-01
3.727750e-01
3.730681e-01
3.732524e-01
3.734062e-01
3.734425e-01
3.735706e-01
3.737868e-01
3.742931e-01
3.746307e-01
3.750548e-01
3.753153e-01
3.753468e-01
3.757179e-01
3.758809e-01
3.760904e-01
3.761768e-01
3.764202e-01
3.764893e-01
3.765563e-01
3.765795e-01
3.766609e-01
3.769505e-01
3.770773e-01
3.773604e-01
3.777974e-01
3.778372e-01
3.779483e-01
3.780989e-01
3.782709e-01
3.783323e-01
3.788572e-01
3.792563e-01
3.794221e-01
3.796361e-01
3.799498e-01
3.800222e-01
3.801886e-01
3.803227e-01
3.807258e-01
3.807767e-01
3.809797e-01
3.810249e-01
3.811385e-01
3.812922e-01
3.816566e-01
3.818857e-01
3.820300e-01
3.821809e-01
3.825595e-01
3.828154e-01
3.829159e-01
3.832762e-01
3.836097e-01
3.839742e-01
3.844336e-01
3.845315e-01
3.845964e-01
3.848377e-01
3.851425e-01
3.854472e-01
3.857069e-01
3.858775e-01
3.861434e-01
3.862206e-01
3.865115e-01
3.866789e-01
3.870265e-01
3.873425e-01
3.874739e-01
3.876297e-01
3.879469e-01
3.881975e-01
3.886344e-01
3.890910e-01
3.894931e-01
3.895803e-01
3.896204e-01
3.898067e-01
3.898539e-01
3.900416e-01
3.904147e-01
3.907045e-01
3.910001e-01
3.911453e-01
3.916420e-01
3.918096e-01
3.918855e-01
3.921893e-01
3.922942e-01
3.924969e-01
3.927435e-01
3.927958e-01
3.929412e-01
3.930505e-01
3.933822e-01
3.935932e-01
3.941844e-01
3.943034e-01
3.944153e-01
3.948239e-01
3.951408e-01
3.953371e-01
3.958906e-01
3.959267e-01
3.960892e-01
3.962869e-01
3.963910e-01
3.965903e-01
3.968436e-01
3.969270e-01
3.971647e-01
3.975661e-01
3.977225e-01
3.978113e-01
3.981434e-01
3.983647e-01
3.987103e-01
3.989455e-01
3.991322e-01
3.993925e-01
3.997533e-01
3.999192e-01
4.005624e-01
4.009116e-01
4.010789e-01
4.012210e-01
4.014621e-01
4.016050e-01
4.018368e-01
4.024599e-01
4.025705e-01
4.025918e-01
4.027180e-01
4.029922e-01
4.035804e-01
4.040537e-01
4.046755e-01
4.048616e-01
4.049523e-01
4.053184e-01
4.056120e-01
4.057502e-01
4.060821e-01
4.062384e-01
4.064324e-01
4.064807e-01
4.066556e-01
4.068750e-01
4.071700e-01
4.077308e-01
4.078267e-01
4.080333e-01
4.082044e-01
4.084325e-01
4.090697e-01
4.095186e-01
4.100519e-01
4.104410e-01
4.109673e-01
4.110967e-01
4.113812e-01
4.115119e-01
4.116324e-01
4.119217e-01
4.120859e-01
4.121323e-01
4.123548e-01
4.128622e-01
4.133935e-01
4.135053e-01
4.137740e-01
4.138427e-01
4.139987e-01
4.143342e-01
4.146327e-01
4.152356e-01
4.154021e-01
4.156845e-01
4.157701e-01
4.163514e-01
4.166639e-01
4.173471e-01
4.180041e-01
4.185497e-01
4.188691e-01
4.190939e-01
4.192042e-01
4.196703e-01
4.199118e-01
4.199826e-01
4.201680e-01
4.205819e-01
4.210210e-01
4.213567e-01
4.217040e-01
4.218528e-01
4.219575e-01
4.221873e-01
4.224368e-01
4.225322e-01
4.231798e-01
4.235552e-01
4.240250e-01
4.242055e-01
4.243136e-01
4.243475e-01
4.244540e-01
4.250773e-01
4.251903e-01
4.254529e-01
4.259998e-01
4.261738e-01
4.266632e-01
4.269600e-01
4.270803e-01
4.272395e-01
4.274885e-01
4.277423e-01
4.279147e-01
4.284187e-01
4.285659e-01
4.289724e-01
4.295815e-01
4.301032e-01
4.302731e-01
4.308296e-01
4.309757e-01
4.309889e-01
4.311856e-01
4.314783e-01
4.315704e-01
4.317614e-01
4.324680e-01
4.327721e-01
4.330693e-01
4.333738e-01
4.334544e-01
4.336911e-01
4.340316e-01
4.341880e-01
4.343256e-01
4.347399e-01
4.350749e-01
4.354612e-01
4.364138e-01
4.368056e-01
4.370854e-01
4.374665e-01
4.377000e-01
4.381234e-01
4.387590e-01
4.391713e-01
4.400222e-01
4.403741e-01
4.406665e-01
4.408016e-01
4.413954e-01
4.415621e-01
4.418866e-01
4.427823e-01
4.430331e-01
4.434183e-01
4.436573e-01
4.442579e-01
4.446791e-01
4.448684e-01
4.449296e-01
4.450960e-01
4.451543e-01
4.456304e-01
4.459109e-01
4.463910e-01
4.472653e-01
4.473574e-01
4.479663e-01
4.483860e-01
4.486554e-01
4.490150e-01
4.490669e-01
4.492489e-01
4.495275e-01
4.497502e-01
4.498895e-01
4.503351e-01
4.504144e-01
4.506684e-01
4.507184e-01
4.509039e-01
4.512651e-01
4.513313e-01
4.521517e-01
4.526874e-01
4.526937e-01
4.534484e-01
4.542936e-01
4.543937e-01
4.552192e-01
4.554238e-01
4.556620e-01
4.558703e-01
4.559740e-01
4.565178e-01
4.570712e-01
4.571324e-01
4.572051e-01
4.577770e-01
4.579470e-01
4.583907e-01
4.593264e-01
4.594671e-01
4.600036e-01
4.602288e-01
4.605596e-01
4.608513e-01
4.611847e-01
4.614224e-01
4.615480e-01
4.618907e-01
4.622456e-01
4.626527e-01
4.631443e-01
4.632470e-01
4.634445e-01
4.639096e-01
4.642423e-01
4.643673e-01
4.644551e-01
4.648352e-01
4.651799e-01
4.653082e-01
4.656791e-01
4.661670e-01
4.665959e-01
4.666217e-01
4.675414e-01
4.678148e-01
4.681852e-01
4.684438e-01
4.689736e-01
4.694094e-01
4.707328e-01
4.709384e-01
4.727777e-01
4.731496e-01
4.738295e-01
4.743545e-01
4.746752e-01
4.753719e-01
4.753958e-01
4.755949e-01
4.761779e-01
4.767408e-01
4.768948e-01
4.775672e-01
4.780745e-01
4.787988e-01
4.790461e-01
4.798147e-01
4.800328e-01
4.813729e-01
4.814865e-01
4.818581e-01
4.821371e-01
4.823309e-01
4.829691e-01
4.836306e-01
4.843152e-01
4.848389e-01
4.849225e-01
4.852042e-01
4.858595e-01
4.863862e-01
4.873465e-01
4.876145e-01
4.884661e-01
4.890950e-01
4.897817e-01
4.902574e-01
4.905539e-01
4.911908e-01
4.912422e-01
4.922060e-01
4.930022e-01
4.935431e-01
4.949150e-01
4.949391e-01
4.950816e-01
4.952910e-01
4.962112e-01
4.971364e-01
4.979450e-01
4.982306e-01
4.983237e-01
4.988904e-01
4.991915e-01
4.994927e-01
4.996156e-01
4.999284e-01
5.003935e-01
5.005207e-01
5.007949e-01
5.014252e-01
5.017108e-01
5.022836e-01
5.025218e-01
5.026300e-01
5.030627e-01
5.031978e-01
5.034775e-01
5.039319e-01
5.046672e-01
5.052491e-01
5.053713e-01
5.057376e-01
5.081597e-01
5.094827e-01
5.097439e-01
5.098753e-01
5.101790e-01
5.105272e-01
5.106076e-01
5.107072e-01
5.116511e-01
5.132889e-01
5.138385e-01
5.143313e-01
5.151533e-01
5.163883e-01
5.177160e-01
5.182883e-01
5.188830e-01
5.191218e-01
5.195147e-01
5.199085e-01
5.203409e-01
5.206473e-01
5.218477e-01
5.221525e-01
5.231214e-01
5.232858e-01
5.235163e-01
5.240583e-01
5.249547e-01
5.251387e-01
5.254507e-01
5.255482e-01
5.274811e-01
5.278677e-01
5.281326e-01
5.291372e-01
5.294232e-01
5.294950e-01
5.303196e-01
5.305585e-01
5.308846e-01
5.325866e-01
5.332015e-01
5.346761e-01
5.358615e-01
5.367934e-01
5.371587e-01
5.379630e-01
5.398249e-01
5.414456e-01
5.415383e-01
5.417315e-01
5.417580e-01
5.418503e-01
5.423524e-01
5.428452e-01
5.436995e-01
5.441404e-01
5.445201e-01
5.446027e-01
5.452469e-01
5.461098e-01
5.469203e-01
5.471533e-01
5.483412e-01
5.497631e-01
5.499856e-01
5.503996e-01
5.547423e-01
5.555223e-01
5.566882e-01
5.570731e-01
5.581211e-01
5.590474e-01
5.595612e-01
5.609081e-01
5.616352e-01
5.628497e-01
5.637398e-01
5.638576e-01
5.642108e-01
5.654700e-01
5.674483e-01
5.676792e-01
5.678876e-01
5.688494e-01
5.690258e-01
5.691633e-01
5.701046e-01
5.706967e-01
5.715408e-01
5.723024e-01
5.727970e-01
5.728852e-01
5.758279e-01
5.758337e-01
5.762578e-01
5.764499e-01
5.775385e-01
5.780795e-01
5.789950e-01
5.793089e-01
5.816039e-01
5.820435e-01
5.849807e-01
5.876811e-01
5.883281e-01
5.891788e-01
5.895015e-01
5.895861e-01
5.898041e-01
5.905775e-01
5.909799e-01
5.915193e-01
5.936586e-01
5.946763e-01
5.952493e-01
5.956363e-01
5.965552e-01
5.991570e-01
6.012043e-01
6.017573e-01
6.023493e-01
6.027206e-01
6.028741e-01
6.041953e-01
6.056575e-01
6.102274e-01
6.116963e-01
6.121853e-01
6.142780e-01
6.160540e-01
6.162543e-01
6.163367e-01
6.193542e-01
6.222160e-01
6.223137e-01
6.225368e-01
6.227786e-01
6.244755e-01
6.247730e-01
6.255518e-01
6.274591e-01
6.289094e-01
6.306106e-01
6.310785e-01
6.367219e-01
6.381824e-01
6.390019e-01
6.417375e-01
6.431782e-01
6.438072e-01
6.479746e-01
6.519615e-01
6.522510e-01
6.534276e-01
6.545954e-01
6.551261e-01
6.554086e-01
6.560826e-01
6.575265e-01
6.613886e-01
6.625188e-01
6.657953e-01
6.662456e-01
6.698523e-01
6.732064e-01
6.749005e-01
6.760575e-01
6.801008e-01
6.801266e-01
6.822162e-01
6.826716e-01
6.859926e-01
6.907461e-01
6.930468e-01
6.969539e-01
7.006530e-01
7.029265e-01
7.030815e-01
7.042116e-01
7.043053e-01
7.049498e-01
7.101687e-01
7.120154e-01
7.207428e-01
7.212947e-01
7.226153e-01
7.238555e-01
7.251424e-01
7.255961e-01
7.311484e-01
7.315957e-01
7.319022e-01
7.335419e-01
7.345517e-01
7.347242e-01
7.369456e-01
7.470561e-01
7.493928e-01
7.515584e-01
7.528169e-01
7.610163e-01
7.611396e-01
7.645706e-01
7.666852e-01
7.668212e-01
7.691392e-01
7.867901e-01
7.882989e-01
7.900875e-01
8.057646e-01
8.158724e-01
8.198754e-01
8.234976e-01
8.368085e-01
8.438286e-01
8.510430e-01
8.534572e-01
8.544601e-01
8.602889e-01
8.796305e-01
8.861596e-01
8.967864e-01
9.029861e-01
9.147973e-01
9.152085e-01
9.216167e-01
9.434644e-01
9.622448e-01
9.972992e-01
1.000000e+00
