# SF-29 C-i4 candidate (i) i1o4 field=gauss_ch eps=0.5 N=16: sorted relative singular values of the dense central-FD Jacobian at the converged state (rows F_i=-q(L_i-S_i); outlet rows (2q/h)(vperp_in-c_perp); smax=1.236187e+04)
8.073362e-05
8.974530e-05
9.314225e-05
9.756711e-05
9.852955e-05
1.058666e-04
1.093637e-04
1.130595e-04
1.167947e-04
1.187710e-04
1.233785e-04
1.255814e-04
1.278981e-04
1.339586e-04
1.376435e-04
1.409703e-04
1.463985e-04
1.525387e-04
1.559508e-04
1.629075e-04
1.678747e-04
1.752865e-04
1.779989e-04
1.823298e-04
1.934285e-04
1.959148e-04
2.010485e-04
2.092275e-04
2.371151e-04
2.386652e-04
2.560042e-04
2.585003e-04
2.666884e-04
2.718242e-04
2.785320e-04
2.889138e-04
2.926141e-04
3.190397e-04
3.216374e-04
3.333849e-04
3.447133e-04
3.568961e-04
3.702846e-04
3.764313e-04
3.987020e-04
4.105005e-04
4.263573e-04
4.411701e-04
4.571052e-04
4.689085e-04
5.158138e-04
5.383288e-04
5.439979e-04
5.787043e-04
6.094048e-04
6.120682e-04
6.215468e-04
6.583014e-04
6.708652e-04
6.939767e-04
7.115684e-04
7.347583e-04
7.480538e-04
7.671768e-04
7.750699e-04
7.956063e-04
8.082045e-04
8.158511e-04
8.197313e-04
8.443946e-04
8.524762e-04
8.623399e-04
8.870363e-04
8.956949e-04
9.131508e-04
9.145166e-04
9.325149e-04
9.416078e-04
9.449999e-04
9.752247e-04
9.893453e-04
1.012981e-03
1.029764e-03
1.042628e-03
1.053097e-03
1.075792e-03
1.083105e-03
1.093029e-03
1.108631e-03
1.130677e-03
1.149020e-03
1.158206e-03
1.166100e-03
1.185940e-03
1.209195e-03
1.218278e-03
1.237289e-03
1.251331e-03
1.255140e-03
1.266250e-03
1.272267e-03
1.299119e-03
1.309731e-03
1.317271e-03
1.324107e-03
1.341771e-03
1.357555e-03
1.376718e-03
1.385787e-03
1.400937e-03
1.414949e-03
1.427857e-03
1.433572e-03
1.438334e-03
1.460276e-03
1.474064e-03
1.488305e-03
1.508540e-03
1.527430e-03
1.533866e-03
1.539925e-03
1.566643e-03
1.569357e-03
1.586515e-03
1.604166e-03
1.611112e-03
1.630992e-03
1.642795e-03
1.659255e-03
1.669829e-03
1.683865e-03
1.697096e-03
1.710186e-03
1.722363e-03
1.730272e-03
1.751949e-03
1.768634e-03
1.782326e-03
1.798485e-03
1.804043e-03
1.817232e-03
1.822217e-03
1.838948e-03
1.850263e-03
1.882247e-03
1.897541e-03
1.923304e-03
1.935275e-03
1.957780e-03
1.983382e-03
1.988882e-03
2.010202e-03
2.023629e-03
2.042612e-03
2.051272e-03
2.067422e-03
2.072873e-03
2.095381e-03
2.109254e-03
2.116625e-03
2.148169e-03
2.156622e-03
2.169623e-03
2.170083e-03
2.201895e-03
2.225955e-03
2.247387e-03
2.258521e-03
2.295356e-03
2.299905e-03
2.334063e-03
2.349729e-03
2.373291e-03
2.404129e-03
2.407958e-03
2.426086e-03
2.437666e-03
2.457893e-03
2.491772e-03
2.515222e-03
2.542316e-03
2.560343e-03
2.566773e-03
2.612627e-03
2.629334e-03
2.641987e-03
2.648932e-03
2.668736e-03
2.705619e-03
2.740811e-03
2.748016e-03
2.769570e-03
2.800309e-03
2.809765e-03
2.828673e-03
2.853128e-03
2.861160e-03
2.877353e-03
2.882979e-03
2.912992e-03
2.924191e-03
2.946195e-03
2.968455e-03
2.976875e-03
2.985777e-03
2.996839e-03
3.017257e-03
3.034503e-03
3.065098e-03
3.081337e-03
3.090665e-03
3.109741e-03
3.140255e-03
3.150414e-03
3.177558e-03
3.200644e-03
3.221831e-03
3.225995e-03
3.247280e-03
3.278212e-03
3.297512e-03
3.335914e-03
3.346015e-03
3.351664e-03
3.375078e-03
3.379392e-03
3.392990e-03
3.409847e-03
3.439861e-03
3.449341e-03
3.467525e-03
3.483296e-03
3.493541e-03
3.508003e-03
3.539302e-03
3.559583e-03
3.569063e-03
3.605150e-03
3.622049e-03
3.636785e-03
3.645593e-03
3.666937e-03
3.677496e-03
3.693051e-03
3.723253e-03
3.728406e-03
3.733692e-03
3.745916e-03
3.782447e-03
3.784647e-03
3.797311e-03
3.806309e-03
3.810828e-03
3.836466e-03
3.856762e-03
3.884192e-03
3.899894e-03
3.901664e-03
3.943142e-03
3.953624e-03
3.964605e-03
3.995622e-03
4.013656e-03
4.046282e-03
4.051384e-03
4.067939e-03
4.089745e-03
4.117060e-03
4.121706e-03
4.127320e-03
4.157181e-03
4.176169e-03
4.190885e-03
4.209766e-03
4.214280e-03
4.240817e-03
4.243488e-03
4.262084e-03
4.291649e-03
4.328929e-03
4.331450e-03
4.349103e-03
4.365416e-03
4.378889e-03
4.405430e-03
4.418431e-03
4.429168e-03
4.454175e-03
4.465840e-03
4.489107e-03
4.509868e-03
4.511667e-03
4.542671e-03
4.544555e-03
4.561370e-03
4.582238e-03
4.620044e-03
4.639855e-03
4.651848e-03
4.676534e-03
4.685359e-03
4.689204e-03
4.709275e-03
4.747445e-03
4.757294e-03
4.778281e-03
4.791725e-03
4.822450e-03
4.834127e-03
4.851277e-03
4.857930e-03
4.875884e-03
4.905688e-03
4.940636e-03
4.977177e-03
4.987403e-03
5.002019e-03
5.024588e-03
5.045215e-03
5.086383e-03
5.109967e-03
5.136820e-03
5.152256e-03
5.176732e-03
5.188486e-03
5.211371e-03
5.234481e-03
5.242014e-03
5.266513e-03
5.285310e-03
5.326834e-03
5.337034e-03
5.369508e-03
5.386199e-03
5.394519e-03
5.414854e-03
5.459553e-03
5.478753e-03
5.500661e-03
5.521275e-03
5.534023e-03
5.552926e-03
5.590579e-03
5.614478e-03
5.628629e-03
5.647816e-03
5.664913e-03
5.678815e-03
5.695227e-03
5.723907e-03
5.729093e-03
5.747207e-03
5.756376e-03
5.774686e-03
5.793672e-03
5.847263e-03
5.853885e-03
5.863266e-03
5.891695e-03
5.908265e-03
5.945409e-03
5.967746e-03
5.987306e-03
5.996406e-03
6.004993e-03
6.014740e-03
6.036304e-03
6.056248e-03
6.076823e-03
6.105544e-03
6.127825e-03
6.142617e-03
6.158753e-03
6.183473e-03
6.188956e-03
6.232250e-03
6.254298e-03
6.261996e-03
6.284515e-03
6.304675e-03
6.313399e-03
6.335190e-03
6.359553e-03
6.370763e-03
6.408233e-03
6.420783e-03
6.437003e-03
6.450574e-03
6.474165e-03
6.477623e-03
6.510795e-03
6.523564e-03
6.553432e-03
6.574716e-03
6.584492e-03
6.591464e-03
6.616637e-03
6.640523e-03
6.655973e-03
6.663941e-03
6.675215e-03
6.701899e-03
6.720919e-03
6.724850e-03
6.747311e-03
6.764899e-03
6.774659e-03
6.782879e-03
6.815546e-03
6.838073e-03
6.859900e-03
6.888345e-03
6.893114e-03
6.917916e-03
6.921071e-03
6.960178e-03
6.977338e-03
6.987853e-03
6.999514e-03
7.013090e-03
7.048635e-03
7.066681e-03
7.088231e-03
7.098366e-03
7.118774e-03
7.125863e-03
7.155988e-03
7.166039e-03
7.174319e-03
7.190345e-03
7.198791e-03
7.226694e-03
7.264051e-03
7.273269e-03
7.288626e-03
7.308920e-03
7.345292e-03
7.354471e-03
7.357178e-03
7.375560e-03
7.403768e-03
7.430184e-03
7.453833e-03
7.516031e-03
7.528939e-03
7.542524e-03
7.579053e-03
7.612873e-03
7.622383e-03
7.666146e-03
7.691153e-03
7.714338e-03
7.736823e-03
7.769165e-03
7.791954e-03
7.804599e-03
7.821867e-03
7.840053e-03
7.856715e-03
7.877751e-03
7.921771e-03
7.931583e-03
7.950648e-03
7.974866e-03
8.001969e-03
8.018110e-03
8.025722e-03
8.052043e-03
8.070834e-03
8.098554e-03
8.111778e-03
8.130878e-03
8.155225e-03
8.180512e-03
8.193827e-03
8.207697e-03
8.233807e-03
8.260193e-03
8.275194e-03
8.307062e-03
8.316597e-03
8.350939e-03
8.362683e-03
8.388147e-03
8.425709e-03
8.443601e-03
8.454666e-03
8.495157e-03
8.502946e-03
8.519210e-03
8.555390e-03
8.573383e-03
8.581099e-03
8.610903e-03
8.616873e-03
8.642582e-03
8.652992e-03
8.684957e-03
8.713518e-03
8.745338e-03
8.771267e-03
8.791847e-03
8.816792e-03
8.830755e-03
8.848516e-03
8.856688e-03
8.865061e-03
8.896961e-03
8.920121e-03
8.933339e-03
8.958227e-03
8.986507e-03
9.038713e-03
9.050719e-03
9.063146e-03
9.079267e-03
9.086232e-03
9.139100e-03
9.154841e-03
9.188373e-03
9.189744e-03
9.204700e-03
9.231545e-03
9.281431e-03
9.285982e-03
9.298106e-03
9.320673e-03
9.327511e-03
9.352517e-03
9.372961e-03
9.384166e-03
9.397230e-03
9.430630e-03
9.461753e-03
9.468698e-03
9.505301e-03
9.513070e-03
9.517441e-03
9.560960e-03
9.581625e-03
9.598286e-03
9.633256e-03
9.657452e-03
9.671557e-03
9.692285e-03
9.739947e-03
9.761773e-03
9.770709e-03
9.780569e-03
9.817308e-03
9.846166e-03
9.870856e-03
9.888547e-03
9.919973e-03
9.932564e-03
9.952211e-03
9.984853e-03
9.998621e-03
1.000430e-02
1.003013e-02
1.005077e-02
1.006715e-02
1.007894e-02
1.009179e-02
1.012992e-02
1.014189e-02
1.015208e-02
1.016792e-02
1.017264e-02
1.018371e-02
1.023352e-02
1.024333e-02
1.025425e-02
1.026358e-02
1.027221e-02
1.030307e-02
1.030809e-02
1.034644e-02
1.037211e-02
1.039334e-02
1.041863e-02
1.043647e-02
1.045835e-02
1.048189e-02
1.049770e-02
1.053623e-02
1.055521e-02
1.058480e-02
1.059344e-02
1.062077e-02
1.062933e-02
1.067517e-02
1.068082e-02
1.069492e-02
1.071572e-02
1.071879e-02
1.073775e-02
1.077895e-02
1.079430e-02
1.081636e-02
1.083656e-02
1.086450e-02
1.088473e-02
1.090304e-02
1.092613e-02
1.094406e-02
1.095088e-02
1.097567e-02
1.101496e-02
1.104472e-02
1.106442e-02
1.107067e-02
1.108500e-02
1.112258e-02
1.114835e-02
1.115135e-02
1.116745e-02
1.121928e-02
1.122655e-02
1.123854e-02
1.125864e-02
1.129028e-02
1.130254e-02
1.132049e-02
1.135761e-02
1.136443e-02
1.137209e-02
1.138999e-02
1.140932e-02
1.143423e-02
1.145797e-02
1.148532e-02
1.151593e-02
1.155753e-02
1.158160e-02
1.158482e-02
1.160251e-02
1.163931e-02
1.165350e-02
1.168061e-02
1.168332e-02
1.171782e-02
1.173791e-02
1.175145e-02
1.178234e-02
1.181400e-02
1.183186e-02
1.186568e-02
1.190425e-02
1.192296e-02
1.194062e-02
1.196292e-02
1.198314e-02
1.199459e-02
1.201978e-02
1.203312e-02
1.205530e-02
1.207782e-02
1.208220e-02
1.209902e-02
1.212096e-02
1.214827e-02
1.215779e-02
1.218476e-02
1.221584e-02
1.225453e-02
1.227783e-02
1.231478e-02
1.232512e-02
1.234274e-02
1.236319e-02
1.237768e-02
1.242123e-02
1.246230e-02
1.250038e-02
1.251661e-02
1.254503e-02
1.255393e-02
1.255995e-02
1.262696e-02
1.265730e-02
1.268701e-02
1.270898e-02
1.272967e-02
1.274216e-02
1.275726e-02
1.276511e-02
1.279907e-02
1.280372e-02
1.284046e-02
1.288783e-02
1.290960e-02
1.291936e-02
1.294296e-02
1.296240e-02
1.300064e-02
1.301639e-02
1.303360e-02
1.305489e-02
1.307968e-02
1.310729e-02
1.315186e-02
1.317163e-02
1.317987e-02
1.319684e-02
1.322041e-02
1.323294e-02
1.326307e-02
1.327079e-02
1.329058e-02
1.331432e-02
1.332813e-02
1.335701e-02
1.339039e-02
1.340115e-02
1.344483e-02
1.345000e-02
1.346701e-02
1.350185e-02
1.352148e-02
1.354763e-02
1.357024e-02
1.359935e-02
1.361696e-02
1.363621e-02
1.364064e-02
1.367803e-02
1.368248e-02
1.370179e-02
1.372841e-02
1.376798e-02
1.379991e-02
1.381689e-02
1.384994e-02
1.386173e-02
1.388012e-02
1.392952e-02
1.393866e-02
1.395912e-02
1.398950e-02
1.401130e-02
1.403693e-02
1.405108e-02
1.406213e-02
1.408372e-02
1.410176e-02
1.412171e-02
1.416775e-02
1.417904e-02
1.421375e-02
1.421855e-02
1.423558e-02
1.427880e-02
1.430569e-02
1.431835e-02
1.435306e-02
1.435496e-02
1.438982e-02
1.441316e-02
1.441665e-02
1.446723e-02
1.449079e-02
1.450628e-02
1.453222e-02
1.454453e-02
1.459414e-02
1.460278e-02
1.461069e-02
1.463965e-02
1.466661e-02
1.469096e-02
1.470322e-02
1.472135e-02
1.475483e-02
1.477440e-02
1.478311e-02
1.480672e-02
1.482782e-02
1.485974e-02
1.487361e-02
1.487717e-02
1.492541e-02
1.492951e-02
1.495854e-02
1.497864e-02
1.500347e-02
1.500553e-02
1.503073e-02
1.505876e-02
1.506995e-02
1.509593e-02
1.511923e-02
1.514584e-02
1.517922e-02
1.518575e-02
1.520530e-02
1.521279e-02
1.523240e-02
1.526795e-02
1.529696e-02
1.530923e-02
1.532463e-02
1.534553e-02
1.537185e-02
1.539128e-02
1.543100e-02
1.543378e-02
1.545452e-02
1.546336e-02
1.550001e-02
1.552245e-02
1.553310e-02
1.554727e-02
1.556741e-02
1.557412e-02
1.562760e-02
1.564331e-02
1.566167e-02
1.568766e-02
1.570282e-02
1.573170e-02
1.575486e-02
1.576956e-02
1.577351e-02
1.582688e-02
1.585333e-02
1.588870e-02
1.592521e-02
1.594502e-02
1.597345e-02
1.598468e-02
1.600711e-02
1.602305e-02
1.604945e-02
1.606270e-02
1.606627e-02
1.611649e-02
1.612881e-02
1.613934e-02
1.617883e-02
1.620287e-02
1.622187e-02
1.622794e-02
1.624813e-02
1.628640e-02
1.631168e-02
1.634463e-02
1.637133e-02
1.638863e-02
1.640300e-02
1.641988e-02
1.645692e-02
1.648124e-02
1.649967e-02
1.650501e-02
1.652408e-02
1.656531e-02
1.657946e-02
1.661097e-02
1.662941e-02
1.664847e-02
1.665963e-02
1.667861e-02
1.669474e-02
1.672358e-02
1.675100e-02
1.677448e-02
1.678347e-02
1.682100e-02
1.684312e-02
1.685456e-02
1.688720e-02
1.689340e-02
1.691483e-02
1.695122e-02
1.696006e-02
1.697960e-02
1.700144e-02
1.703629e-02
1.706261e-02
1.707298e-02
1.711337e-02
1.713019e-02
1.714393e-02
1.718259e-02
1.719913e-02
1.723033e-02
1.723333e-02
1.726392e-02
1.728261e-02
1.731372e-02
1.733050e-02
1.734271e-02
1.736802e-02
1.739859e-02
1.742754e-02
1.744373e-02
1.746234e-02
1.747738e-02
1.750091e-02
1.753840e-02
1.755088e-02
1.758110e-02
1.758901e-02
1.761309e-02
1.763502e-02
1.765138e-02
1.768880e-02
1.769807e-02
1.771966e-02
1.775097e-02
1.778926e-02
1.782344e-02
1.786348e-02
1.790145e-02
1.791986e-02
1.793435e-02
1.794626e-02
1.796391e-02
1.798222e-02
1.801179e-02
1.805218e-02
1.806505e-02
1.809390e-02
1.810735e-02
1.811483e-02
1.816323e-02
1.816880e-02
1.819978e-02
1.822479e-02
1.822699e-02
1.825516e-02
1.827653e-02
1.831465e-02
1.832665e-02
1.835864e-02
1.838136e-02
1.841490e-02
1.842139e-02
1.845539e-02
1.848886e-02
1.852219e-02
1.853682e-02
1.854311e-02
1.858359e-02
1.859971e-02
1.862029e-02
1.863281e-02
1.867922e-02
1.870147e-02
1.871823e-02
1.873124e-02
1.874704e-02
1.875692e-02
1.877751e-02
1.883254e-02
1.883499e-02
1.885572e-02
1.887975e-02
1.891120e-02
1.892549e-02
1.894725e-02
1.896990e-02
1.901918e-02
1.902744e-02
1.903562e-02
1.904182e-02
1.905809e-02
1.911008e-02
1.913942e-02
1.915757e-02
1.916836e-02
1.919556e-02
1.921212e-02
1.923498e-02
1.926055e-02
1.927097e-02
1.930601e-02
1.932994e-02
1.933751e-02
1.937280e-02
1.939221e-02
1.939601e-02
1.942602e-02
1.945129e-02
1.946579e-02
1.951773e-02
1.953740e-02
1.955567e-02
1.957897e-02
1.959480e-02
1.962365e-02
1.963640e-02
1.969663e-02
1.970775e-02
1.972717e-02
1.973831e-02
1.976511e-02
1.981678e-02
1.982762e-02
1.983756e-02
1.985957e-02
1.987837e-02
1.989645e-02
1.990693e-02
1.994239e-02
1.996881e-02
1.999217e-02
2.001178e-02
2.002405e-02
2.008729e-02
2.010556e-02
2.013574e-02
2.016351e-02
2.017320e-02
2.018192e-02
2.022128e-02
2.025370e-02
2.027541e-02
2.029675e-02
2.032760e-02
2.034215e-02
2.035021e-02
2.035680e-02
2.037630e-02
2.042428e-02
2.043468e-02
2.044770e-02
2.048646e-02
2.051484e-02
2.052573e-02
2.055405e-02
2.057994e-02
2.058459e-02
2.063179e-02
2.065250e-02
2.068162e-02
2.071876e-02
2.074662e-02
2.077413e-02
2.078182e-02
2.080853e-02
2.082842e-02
2.086365e-02
2.087806e-02
2.089796e-02
2.094630e-02
2.095957e-02
2.097940e-02
2.099267e-02
2.100847e-02
2.104269e-02
2.105917e-02
2.107002e-02
2.110100e-02
2.112521e-02
2.116613e-02
2.118928e-02
2.122243e-02
2.123705e-02
2.124731e-02
2.126652e-02
2.128781e-02
2.135570e-02
2.138044e-02
2.138979e-02
2.142309e-02
2.143390e-02
2.147971e-02
2.148342e-02
2.149503e-02
2.154475e-02
2.155486e-02
2.158765e-02
2.159882e-02
2.161727e-02
2.163326e-02
2.164923e-02
2.166680e-02
2.168895e-02
2.174903e-02
2.176359e-02
2.178922e-02
2.181297e-02
2.182588e-02
2.185660e-02
2.187540e-02
2.187889e-02
2.190639e-02
2.194172e-02
2.195468e-02
2.199228e-02
2.201729e-02
2.205909e-02
2.208042e-02
2.210028e-02
2.212669e-02
2.213636e-02
2.215117e-02
2.217836e-02
2.218658e-02
2.220636e-02
2.224823e-02
2.227868e-02
2.229424e-02
2.232741e-02
2.235097e-02
2.237515e-02
2.239656e-02
2.240820e-02
2.241168e-02
2.245921e-02
2.248119e-02
2.249571e-02
2.252329e-02
2.254940e-02
2.258349e-02
2.258569e-02
2.260029e-02
2.263214e-02
2.266415e-02
2.269018e-02
2.271804e-02
2.273165e-02
2.274865e-02
2.276212e-02
2.279801e-02
2.282785e-02
2.284184e-02
2.288048e-02
2.290154e-02
2.292149e-02
2.292929e-02
2.295607e-02
2.298004e-02
2.300955e-02
2.304820e-02
2.307491e-02
2.308997e-02
2.310385e-02
2.313220e-02
2.314645e-02
2.315250e-02
2.316638e-02
2.319399e-02
2.321072e-02
2.321838e-02
2.325998e-02
2.328818e-02
2.330231e-02
2.335564e-02
2.337113e-02
2.339912e-02
2.340993e-02
2.344594e-02
2.346673e-02
2.349343e-02
2.351021e-02
2.353588e-02
2.355803e-02
2.357000e-02
2.358996e-02
2.361915e-02
2.365343e-02
2.368411e-02
2.369074e-02
2.373647e-02
2.375439e-02
2.376890e-02
2.380144e-02
2.383367e-02
2.385081e-02
2.386167e-02
2.390819e-02
2.392795e-02
2.394184e-02
2.396705e-02
2.398243e-02
2.399758e-02
2.403491e-02
2.405056e-02
2.406620e-02
2.408219e-02
2.410991e-02
2.412187e-02
2.413470e-02
2.415726e-02
2.420702e-02
2.424479e-02
2.425471e-02
2.427068e-02
2.429544e-02
2.432040e-02
2.432230e-02
2.435363e-02
2.439049e-02
2.440363e-02
2.445524e-02
2.447127e-02
2.450437e-02
2.451264e-02
2.454277e-02
2.456714e-02
2.458213e-02
2.460386e-02
2.463637e-02
2.464624e-02
2.468366e-02
2.469048e-02
2.470507e-02
2.471288e-02
2.475166e-02
2.476893e-02
2.478496e-02
2.482015e-02
2.482754e-02
2.486136e-02
2.490765e-02
2.491773e-02
2.494228e-02
2.496928e-02
2.498395e-02
2.499260e-02
2.501997e-02
2.505826e-02
2.507268e-02
2.509087e-02
2.509996e-02
2.513824e-02
2.516448e-02
2.517902e-02
2.522232e-02
2.524198e-02
2.526555e-02
2.530014e-02
2.531098e-02
2.533922e-02
2.536943e-02
2.539448e-02
2.542387e-02
2.543521e-02
2.545137e-02
2.547731e-02
2.550415e-02
2.551836e-02
2.553528e-02
2.557728e-02
2.561345e-02
2.563586e-02
2.564976e-02
2.567503e-02
2.570203e-02
2.572226e-02
2.573616e-02
2.574808e-02
2.577210e-02
2.581349e-02
2.584757e-02
2.584951e-02
2.588276e-02
2.590389e-02
2.593495e-02
2.595035e-02
2.597576e-02
2.601405e-02
2.603755e-02
2.606514e-02
2.608466e-02
2.610065e-02
2.612149e-02
2.616513e-02
2.617833e-02
2.620827e-02
2.625280e-02
2.626040e-02
2.627073e-02
2.631684e-02
2.632614e-02
2.634585e-02
2.640001e-02
2.641212e-02
2.642354e-02
2.647534e-02
2.649578e-02
2.652945e-02
2.655932e-02
2.656251e-02
2.657819e-02
2.659256e-02
2.661353e-02
2.664805e-02
2.665172e-02
2.668484e-02
2.670615e-02
2.673952e-02
2.675910e-02
2.677237e-02
2.680521e-02
2.681859e-02
2.686134e-02
2.688370e-02
2.689585e-02
2.691623e-02
2.696086e-02
2.696283e-02
2.698050e-02
2.701772e-02
2.703102e-02
2.703404e-02
2.707092e-02
2.709576e-02
2.713095e-02
2.715770e-02
2.716042e-02
2.720220e-02
2.721832e-02
2.725005e-02
2.726811e-02
2.729271e-02
2.731851e-02
2.734261e-02
2.736265e-02
2.738122e-02
2.739942e-02
2.742091e-02
2.743523e-02
2.746033e-02
2.747759e-02
2.751267e-02
2.751561e-02
2.754358e-02
2.760427e-02
2.761106e-02
2.761687e-02
2.765859e-02
2.767925e-02
2.769053e-02
2.770909e-02
2.773478e-02
2.777317e-02
2.778099e-02
2.778366e-02
2.780038e-02
2.783423e-02
2.787073e-02
2.789091e-02
2.790503e-02
2.794519e-02
2.795607e-02
2.797334e-02
2.800546e-02
2.801377e-02
2.807639e-02
2.808990e-02
2.811816e-02
2.815528e-02
2.816471e-02
2.818971e-02
2.820271e-02
2.823139e-02
2.823794e-02
2.825684e-02
2.827467e-02
2.830656e-02
2.832289e-02
2.833362e-02
2.835223e-02
2.837530e-02
2.841932e-02
2.844820e-02
2.846970e-02
2.851251e-02
2.851951e-02
2.853371e-02
2.856252e-02
2.858645e-02
2.859274e-02
2.861944e-02
2.866822e-02
2.868023e-02
2.869463e-02
2.872846e-02
2.874916e-02
2.876596e-02
2.878023e-02
2.879149e-02
2.882032e-02
2.884904e-02
2.887764e-02
2.892353e-02
2.893369e-02
2.896210e-02
2.897742e-02
2.899509e-02
2.901135e-02
2.903581e-02
2.905103e-02
2.910566e-02
2.911448e-02
2.915982e-02
2.917952e-02
2.918522e-02
2.920981e-02
2.925642e-02
2.928302e-02
2.930997e-02
2.931486e-02
2.933467e-02
2.935768e-02
2.938416e-02
2.945388e-02
2.946000e-02
2.948971e-02
2.950899e-02
2.953001e-02
2.957368e-02
2.958571e-02
2.962013e-02
2.963703e-02
2.965431e-02
2.968481e-02
2.970078e-02
2.972095e-02
2.972736e-02
2.974199e-02
2.979786e-02
2.980151e-02
2.981527e-02
2.985493e-02
2.987924e-02
2.989146e-02
2.993170e-02
2.996194e-02
2.996970e-02
2.999044e-02
3.003593e-02
3.005549e-02
3.006289e-02
3.008661e-02
3.012107e-02
3.013987e-02
3.014753e-02
3.017306e-02
3.018364e-02
3.020396e-02
3.022693e-02
3.026049e-02
3.029125e-02
3.029436e-02
3.033186e-02
3.034295e-02
3.036552e-02
3.037786e-02
3.041515e-02
3.043065e-02
3.044261e-02
3.047053e-02
3.051301e-02
3.052260e-02
3.055262e-02
3.056101e-02
3.059709e-02
3.062506e-02
3.064672e-02
3.067492e-02
3.069357e-02
3.071536e-02
3.071827e-02
3.077933e-02
3.079657e-02
3.081236e-02
3.083970e-02
3.087959e-02
3.088553e-02
3.091055e-02
3.093461e-02
3.094889e-02
3.098179e-02
3.100205e-02
3.102576e-02
3.106248e-02
3.108393e-02
3.109768e-02
3.113052e-02
3.115044e-02
3.118590e-02
3.120251e-02
3.120329e-02
3.124237e-02
3.125694e-02
3.126557e-02
3.131193e-02
3.133688e-02
3.135116e-02
3.140121e-02
3.140670e-02
3.143625e-02
3.145173e-02
3.148132e-02
3.151291e-02
3.152502e-02
3.157861e-02
3.160320e-02
3.161352e-02
3.163795e-02
3.166168e-02
3.169113e-02
3.170153e-02
3.172878e-02
3.174748e-02
3.175650e-02
3.177830e-02
3.179056e-02
3.182971e-02
3.184900e-02
3.186907e-02
3.189763e-02
3.191518e-02
3.193368e-02
3.195508e-02
3.200811e-02
3.201502e-02
3.203141e-02
3.206851e-02
3.208630e-02
3.210131e-02
3.214087e-02
3.215628e-02
3.218912e-02
3.219957e-02
3.222319e-02
3.226860e-02
3.227196e-02
3.228592e-02
3.231186e-02
3.231648e-02
3.235295e-02
3.239371e-02
3.240691e-02
3.243408e-02
3.244723e-02
3.246528e-02
3.248577e-02
3.250219e-02
3.252313e-02
3.254886e-02
3.256683e-02
3.258199e-02
3.261824e-02
3.262824e-02
3.266099e-02
3.270176e-02
3.271726e-02
3.273428e-02
3.275889e-02
3.277886e-02
3.282192e-02
3.283881e-02
3.286455e-02
3.288384e-02
3.289133e-02
3.291038e-02
3.292684e-02
3.293703e-02
3.300645e-02
3.302603e-02
3.305187e-02
3.306655e-02
3.308910e-02
3.312835e-02
3.314781e-02
3.317700e-02
3.319577e-02
3.320470e-02
3.324588e-02
3.327148e-02
3.328204e-02
3.328617e-02
3.332114e-02
3.334467e-02
3.337539e-02
3.340002e-02
3.341210e-02
3.342458e-02
3.347398e-02
3.350711e-02
3.352181e-02
3.353327e-02
3.356958e-02
3.359374e-02
3.360388e-02
3.362822e-02
3.366486e-02
3.366833e-02
3.368394e-02
3.371297e-02
3.371993e-02
3.374589e-02
3.377050e-02
3.380728e-02
3.383519e-02
3.385581e-02
3.388183e-02
3.389606e-02
3.393011e-02
3.394803e-02
3.399812e-02
3.400481e-02
3.400797e-02
3.402835e-02
3.404069e-02
3.406363e-02
3.409768e-02
3.412710e-02
3.416251e-02
3.417649e-02
3.421596e-02
3.424123e-02
3.424755e-02
3.427224e-02
3.428222e-02
3.430920e-02
3.436755e-02
3.438262e-02
3.440051e-02
3.440798e-02
3.441474e-02
3.445869e-02
3.447619e-02
3.449830e-02
3.452836e-02
3.454961e-02
3.458296e-02
3.459468e-02
3.461828e-02
3.463570e-02
3.466643e-02
3.470270e-02
3.471818e-02
3.473684e-02
3.476449e-02
3.478067e-02
3.480817e-02
3.483584e-02
3.488076e-02
3.489809e-02
3.492084e-02
3.493402e-02
3.497532e-02
3.499157e-02
3.501739e-02
3.506291e-02
3.507892e-02
3.509756e-02
3.512888e-02
3.513843e-02
3.516500e-02
3.520538e-02
3.523805e-02
3.524446e-02
3.526145e-02
3.528333e-02
3.530557e-02
3.533709e-02
3.535599e-02
3.538624e-02
3.539736e-02
3.541110e-02
3.543816e-02
3.547940e-02
3.549055e-02
3.551170e-02
3.555622e-02
3.557114e-02
3.559664e-02
3.561646e-02
3.565175e-02
3.565947e-02
3.570985e-02
3.572756e-02
3.575011e-02
3.576412e-02
3.580098e-02
3.582463e-02
3.584081e-02
3.584421e-02
3.585854e-02
3.586545e-02
3.588863e-02
3.590919e-02
3.593393e-02
3.595528e-02
3.598288e-02
3.600332e-02
3.603148e-02
3.605039e-02
3.609389e-02
3.610001e-02
3.614163e-02
3.617668e-02
3.618324e-02
3.620666e-02
3.623254e-02
3.624767e-02
3.625926e-02
3.629078e-02
3.632365e-02
3.634548e-02
3.636482e-02
3.639876e-02
3.642044e-02
3.644943e-02
3.645158e-02
3.648402e-02
3.650954e-02
3.653503e-02
3.655926e-02
3.657427e-02
3.659156e-02
3.660641e-02
3.663184e-02
3.665474e-02
3.666727e-02
3.671600e-02
3.673752e-02
3.674564e-02
3.675535e-02
3.678724e-02
3.680219e-02
3.681943e-02
3.686229e-02
3.689463e-02
3.692315e-02
3.694620e-02
3.694864e-02
3.697510e-02
3.699908e-02
3.702607e-02
3.705165e-02
3.707220e-02
3.709122e-02
3.711028e-02
3.713566e-02
3.713653e-02
3.717993e-02
3.718978e-02
3.723191e-02
3.725168e-02
3.728536e-02
3.729225e-02
3.731807e-02
3.737069e-02
3.737794e-02
3.741202e-02
3.742880e-02
3.743903e-02
3.748701e-02
3.751026e-02
3.751551e-02
3.756404e-02
3.758118e-02
3.759397e-02
3.760994e-02
3.762477e-02
3.764491e-02
3.770625e-02
3.771091e-02
3.773104e-02
3.774235e-02
3.778584e-02
3.782711e-02
3.783653e-02
3.784777e-02
3.787463e-02
3.789462e-02
3.790669e-02
3.793108e-02
3.797142e-02
3.798982e-02
3.800209e-02
3.802115e-02
3.806099e-02
3.808586e-02
3.810047e-02
3.811386e-02
3.814021e-02
3.817983e-02
3.818873e-02
3.820758e-02
3.825436e-02
3.827510e-02
3.830788e-02
3.831532e-02
3.834938e-02
3.836049e-02
3.841424e-02
3.841961e-02
3.843414e-02
3.846405e-02
3.850829e-02
3.852287e-02
3.853967e-02
3.855800e-02
3.858900e-02
3.860399e-02
3.862471e-02
3.863174e-02
3.865744e-02
3.868294e-02
3.871002e-02
3.871800e-02
3.873399e-02
3.874688e-02
3.876055e-02
3.881152e-02
3.883704e-02
3.888119e-02
3.890422e-02
3.891674e-02
3.891992e-02
3.895256e-02
3.897613e-02
3.900600e-02
3.904771e-02
3.906421e-02
3.908487e-02
3.910455e-02
3.912506e-02
3.914424e-02
3.916210e-02
3.922309e-02
3.923767e-02
3.924925e-02
3.928505e-02
3.929621e-02
3.932190e-02
3.932703e-02
3.934950e-02
3.940207e-02
3.941462e-02
3.941920e-02
3.943128e-02
3.944581e-02
3.948776e-02
3.949157e-02
3.954421e-02
3.955901e-02
3.958498e-02
3.960452e-02
3.962380e-02
3.963347e-02
3.965137e-02
3.966766e-02
3.970616e-02
3.973883e-02
3.977684e-02
3.978578e-02
3.980529e-02
3.982485e-02
3.984278e-02
3.987171e-02
3.988378e-02
3.992541e-02
3.993273e-02
3.996688e-02
3.999164e-02
4.000850e-02
4.004055e-02
4.005537e-02
4.008774e-02
4.011011e-02
4.013123e-02
4.016911e-02
4.018890e-02
4.020679e-02
4.025000e-02
4.027126e-02
4.030828e-02
4.032234e-02
4.033656e-02
4.035763e-02
4.036161e-02
4.040474e-02
4.042774e-02
4.046458e-02
4.048381e-02
4.049672e-02
4.053818e-02
4.054818e-02
4.057026e-02
4.060217e-02
4.060736e-02
4.063288e-02
4.064839e-02
4.068836e-02
4.069964e-02
4.071520e-02
4.074200e-02
4.078236e-02
4.078762e-02
4.080992e-02
4.081826e-02
4.084489e-02
4.088483e-02
4.089122e-02
4.091145e-02
4.092695e-02
4.094809e-02
4.100563e-02
4.101500e-02
4.102832e-02
4.104053e-02
4.105711e-02
4.107608e-02
4.110789e-02
4.113595e-02
4.117415e-02
4.119658e-02
4.120922e-02
4.123270e-02
4.125001e-02
4.125362e-02
4.128353e-02
4.130380e-02
4.134236e-02
4.135919e-02
4.138945e-02
4.142473e-02
4.142682e-02
4.144576e-02
4.148899e-02
4.149110e-02
4.151238e-02
4.152736e-02
4.157143e-02
4.160157e-02
4.163811e-02
4.165747e-02
4.168570e-02
4.169124e-02
4.172638e-02
4.175560e-02
4.177852e-02
4.181278e-02
4.183978e-02
4.186988e-02
4.188490e-02
4.191721e-02
4.192246e-02
4.193129e-02
4.195896e-02
4.198192e-02
4.203622e-02
4.204256e-02
4.205873e-02
4.208294e-02
4.210079e-02
4.211783e-02
4.214387e-02
4.216372e-02
4.219527e-02
4.219789e-02
4.222145e-02
4.224259e-02
4.225518e-02
4.229604e-02
4.231229e-02
4.232164e-02
4.234928e-02
4.237256e-02
4.239244e-02
4.242583e-02
4.245398e-02
4.247638e-02
4.250810e-02
4.252961e-02
4.254268e-02
4.256843e-02
4.260600e-02
4.261289e-02
4.266076e-02
4.269554e-02
4.270381e-02
4.272366e-02
4.274019e-02
4.275286e-02
4.276586e-02
4.280224e-02
4.283463e-02
4.286512e-02
4.288255e-02
4.290456e-02
4.293228e-02
4.294623e-02
4.297832e-02
4.301222e-02
4.302253e-02
4.305082e-02
4.307319e-02
4.309837e-02
4.312394e-02
4.314122e-02
4.316610e-02
4.320351e-02
4.323278e-02
4.323800e-02
4.325994e-02
4.329779e-02
4.332095e-02
4.333561e-02
4.334226e-02
4.335113e-02
4.336778e-02
4.340470e-02
4.343080e-02
4.344808e-02
4.349104e-02
4.352495e-02
4.354095e-02
4.355584e-02
4.357944e-02
4.360584e-02
4.362598e-02
4.365070e-02
4.365889e-02
4.367037e-02
4.370839e-02
4.372628e-02
4.376692e-02
4.377622e-02
4.381047e-02
4.383483e-02
4.386952e-02
4.390470e-02
4.390597e-02
4.393352e-02
4.395479e-02
4.398238e-02
4.400424e-02
4.400976e-02
4.404626e-02
4.406230e-02
4.407602e-02
4.411518e-02
4.412935e-02
4.415810e-02
4.417890e-02
4.419883e-02
4.421438e-02
4.426835e-02
4.426989e-02
4.430617e-02
4.435177e-02
4.435876e-02
4.437930e-02
4.439531e-02
4.441581e-02
4.445915e-02
4.447843e-02
4.450690e-02
4.452157e-02
4.454938e-02
4.458104e-02
4.458792e-02
4.463867e-02
4.465141e-02
4.467654e-02
4.469294e-02
4.473250e-02
4.474700e-02
4.477939e-02
4.478883e-02
4.480683e-02
4.483477e-02
4.484599e-02
4.486572e-02
4.488999e-02
4.493293e-02
4.495337e-02
4.497173e-02
4.500312e-02
4.504266e-02
4.505336e-02
4.508081e-02
4.509444e-02
4.511251e-02
4.512232e-02
4.515433e-02
4.517372e-02
4.519323e-02
4.524631e-02
4.526811e-02
4.528716e-02
4.529894e-02
4.532853e-02
4.533407e-02
4.534823e-02
4.538233e-02
4.541436e-02
4.543383e-02
4.546556e-02
4.551005e-02
4.554715e-02
4.556288e-02
4.556772e-02
4.560740e-02
4.562893e-02
4.565248e-02
4.566771e-02
4.567316e-02
4.570712e-02
4.571992e-02
4.574649e-02
4.577608e-02
4.578473e-02
4.580067e-02
4.582162e-02
4.586911e-02
4.587673e-02
4.589239e-02
4.591307e-02
4.593557e-02
4.597027e-02
4.599032e-02
4.601701e-02
4.603252e-02
4.604337e-02
4.607027e-02
4.610407e-02
4.611299e-02
4.616857e-02
4.618713e-02
4.620830e-02
4.623731e-02
4.624656e-02
4.626821e-02
4.630744e-02
4.632341e-02
4.633891e-02
4.636602e-02
4.638118e-02
4.639767e-02
4.644479e-02
4.645859e-02
4.647686e-02
4.649283e-02
4.650441e-02
4.653986e-02
4.656582e-02
4.658512e-02
4.660037e-02
4.660713e-02
4.664313e-02
4.669544e-02
4.672545e-02
4.674467e-02
4.676738e-02
4.678361e-02
4.679488e-02
4.683531e-02
4.686177e-02
4.688041e-02
4.690737e-02
4.691103e-02
4.692961e-02
4.696438e-02
4.699473e-02
4.701019e-02
4.702658e-02
4.704581e-02
4.706599e-02
4.709559e-02
4.713075e-02
4.715627e-02
4.718538e-02
4.722337e-02
4.726588e-02
4.729850e-02
4.730426e-02
4.731581e-02
4.733176e-02
4.735332e-02
4.739196e-02
4.741943e-02
4.743397e-02
4.744900e-02
4.749491e-02
4.750042e-02
4.751784e-02
4.754016e-02
4.755495e-02
4.758628e-02
4.761974e-02
4.764212e-02
4.765441e-02
4.765659e-02
4.769396e-02
4.769884e-02
4.771163e-02
4.776464e-02
4.777286e-02
4.781308e-02
4.783819e-02
4.786323e-02
4.788322e-02
4.790809e-02
4.793934e-02
4.796063e-02
4.799194e-02
4.801703e-02
4.803334e-02
4.806443e-02
4.807771e-02
4.809445e-02
4.811074e-02
4.814393e-02
4.817210e-02
4.818809e-02
4.820613e-02
4.822536e-02
4.826240e-02
4.827817e-02
4.829797e-02
4.833302e-02
4.834939e-02
4.838541e-02
4.840501e-02
4.842672e-02
4.844004e-02
4.847962e-02
4.849177e-02
4.851455e-02
4.855064e-02
4.857552e-02
4.860597e-02
4.863891e-02
4.864523e-02
4.867769e-02
4.869645e-02
4.871039e-02
4.873358e-02
4.877874e-02
4.881496e-02
4.883002e-02
4.885329e-02
4.887813e-02
4.888407e-02
4.891029e-02
4.894484e-02
4.894848e-02
4.899148e-02
4.900682e-02
4.901408e-02
4.904143e-02
4.907703e-02
4.909286e-02
4.911459e-02
4.912094e-02
4.913071e-02
4.915517e-02
4.919288e-02
4.920874e-02
4.925204e-02
4.926086e-02
4.927586e-02
4.930836e-02
4.933304e-02
4.934698e-02
4.938955e-02
4.941624e-02
4.944070e-02
4.946869e-02
4.948958e-02
4.949896e-02
4.953335e-02
4.954727e-02
4.955762e-02
4.959692e-02
4.962776e-02
4.963411e-02
4.966018e-02
4.967104e-02
4.970407e-02
4.972007e-02
4.973658e-02
4.976952e-02
4.981066e-02
4.982711e-02
4.984952e-02
4.987773e-02
4.992303e-02
4.993796e-02
4.994907e-02
4.996727e-02
4.997672e-02
4.998234e-02
5.004075e-02
5.005286e-02
5.010757e-02
5.012560e-02
5.012821e-02
5.015557e-02
5.015899e-02
5.020058e-02
5.020881e-02
5.023724e-02
5.025945e-02
5.026415e-02
5.032096e-02
5.032804e-02
5.034911e-02
5.038684e-02
5.041171e-02
5.043452e-02
5.045768e-02
5.048875e-02
5.049751e-02
5.054094e-02
5.056790e-02
5.057832e-02
5.060304e-02
5.064108e-02
5.064864e-02
5.066010e-02
5.068875e-02
5.071103e-02
5.073513e-02
5.075739e-02
5.078138e-02
5.080118e-02
5.081594e-02
5.084870e-02
5.086695e-02
5.089861e-02
5.094723e-02
5.095982e-02
5.100071e-02
5.100700e-02
5.102512e-02
5.102701e-02
5.105341e-02
5.107556e-02
5.110464e-02
5.113367e-02
5.114850e-02
5.116783e-02
5.118786e-02
5.119828e-02
5.123311e-02
5.130997e-02
5.131708e-02
5.132737e-02
5.134261e-02
5.138128e-02
5.139946e-02
5.141114e-02
5.142529e-02
5.145622e-02
5.146712e-02
5.147966e-02
5.153678e-02
5.156158e-02
5.157139e-02
5.158622e-02
5.159203e-02
5.163023e-02
5.164033e-02
5.168836e-02
5.169714e-02
5.173930e-02
5.175229e-02
5.178512e-02
5.180980e-02
5.183532e-02
5.185212e-02
5.186777e-02
5.187629e-02
5.192762e-02
5.193483e-02
5.195549e-02
5.199307e-02
5.200401e-02
5.201259e-02
5.205131e-02
5.207146e-02
5.209758e-02
5.211562e-02
5.214535e-02
5.216753e-02
5.219368e-02
5.220747e-02
5.222460e-02
5.226064e-02
5.230000e-02
5.231648e-02
5.232820e-02
5.234068e-02
5.235087e-02
5.238730e-02
5.244373e-02
5.244720e-02
5.246453e-02
5.251046e-02
5.253573e-02
5.255571e-02
5.257798e-02
5.258763e-02
5.259175e-02
5.262908e-02
5.264380e-02
5.267799e-02
5.269565e-02
5.271641e-02
5.274773e-02
5.279380e-02
5.281117e-02
5.283151e-02
5.284131e-02
5.288694e-02
5.291240e-02
5.294403e-02
5.295977e-02
5.297871e-02
5.300302e-02
5.303155e-02
5.304599e-02
5.306848e-02
5.308080e-02
5.309947e-02
5.313910e-02
5.316788e-02
5.317972e-02
5.319813e-02
5.323648e-02
5.325513e-02
5.327706e-02
5.328933e-02
5.329607e-02
5.332478e-02
5.334453e-02
5.338653e-02
5.340550e-02
5.343626e-02
5.347039e-02
5.349069e-02
5.351944e-02
5.353298e-02
5.355764e-02
5.357866e-02
5.358046e-02
5.365649e-02
5.367418e-02
5.370026e-02
5.370205e-02
5.373427e-02
5.375298e-02
5.377693e-02
5.380024e-02
5.383826e-02
5.385890e-02
5.389700e-02
5.393006e-02
5.394225e-02
5.395348e-02
5.398646e-02
5.401034e-02
5.401414e-02
5.405616e-02
5.407966e-02
5.408956e-02
5.410234e-02
5.411922e-02
5.413281e-02
5.419545e-02
5.422160e-02
5.422589e-02
5.424555e-02
5.426190e-02
5.427959e-02
5.430309e-02
5.434116e-02
5.436908e-02
5.441032e-02
5.442475e-02
5.445136e-02
5.445753e-02
5.449457e-02
5.449946e-02
5.453451e-02
5.455309e-02
5.458319e-02
5.458610e-02
5.463327e-02
5.465193e-02
5.468150e-02
5.469181e-02
5.471240e-02
5.474411e-02
5.476374e-02
5.477715e-02
5.481072e-02
5.482682e-02
5.485659e-02
5.488262e-02
5.489709e-02
5.491737e-02
5.496005e-02
5.497287e-02
5.499028e-02
5.502057e-02
5.504237e-02
5.505264e-02
5.508603e-02
5.509707e-02
5.515364e-02
5.516987e-02
5.520684e-02
5.522369e-02
5.524114e-02
5.527662e-02
5.529338e-02
5.530289e-02
5.533326e-02
5.535837e-02
5.539173e-02
5.539939e-02
5.542148e-02
5.543616e-02
5.545617e-02
5.547495e-02
5.552065e-02
5.553880e-02
5.554183e-02
5.555597e-02
5.559601e-02
5.562394e-02
5.563751e-02
5.564332e-02
5.567382e-02
5.572437e-02
5.575688e-02
5.576884e-02
5.577123e-02
5.580859e-02
5.582980e-02
5.583341e-02
5.584572e-02
5.585915e-02
5.588841e-02
5.592096e-02
5.593343e-02
5.594477e-02
5.597182e-02
5.601377e-02
5.602337e-02
5.604836e-02
5.606788e-02
5.607931e-02
5.609119e-02
5.614535e-02
5.616088e-02
5.616993e-02
5.620813e-02
5.623654e-02
5.625123e-02
5.626431e-02
5.628266e-02
5.630275e-02
5.634017e-02
5.636337e-02
5.639812e-02
5.643218e-02
5.643811e-02
5.646024e-02
5.651663e-02
5.652743e-02
5.653812e-02
5.658089e-02
5.660990e-02
5.661216e-02
5.664626e-02
5.668787e-02
5.669751e-02
5.672216e-02
5.674808e-02
5.675497e-02
5.678576e-02
5.680591e-02
5.685885e-02
5.687784e-02
5.689031e-02
5.693090e-02
5.694502e-02
5.696593e-02
5.698327e-02
5.703167e-02
5.704187e-02
5.706815e-02
5.709277e-02
5.710099e-02
5.710757e-02
5.714162e-02
5.717610e-02
5.718651e-02
5.721030e-02
5.723953e-02
5.727402e-02
5.727757e-02
5.730476e-02
5.733613e-02
5.735246e-02
5.736437e-02
5.739721e-02
5.740960e-02
5.742152e-02
5.746283e-02
5.747032e-02
5.752200e-02
5.755003e-02
5.757990e-02
5.758979e-02
5.760960e-02
5.763225e-02
5.766302e-02
5.767497e-02
5.771398e-02
5.773605e-02
5.775230e-02
5.777525e-02
5.780168e-02
5.783020e-02
5.784460e-02
5.787316e-02
5.790391e-02
5.792302e-02
5.793526e-02
5.794999e-02
5.799672e-02
5.800601e-02
5.802723e-02
5.804615e-02
5.807754e-02
5.809606e-02
5.811703e-02
5.815385e-02
5.816893e-02
5.818992e-02
5.820828e-02
5.822188e-02
5.825588e-02
5.827288e-02
5.830146e-02
5.831922e-02
5.833545e-02
5.837429e-02
5.838590e-02
5.842586e-02
5.844996e-02
5.849640e-02
5.850283e-02
5.850751e-02
5.853705e-02
5.856135e-02
5.859856e-02
5.861529e-02
5.862440e-02
5.865106e-02
5.867478e-02
5.868458e-02
5.871321e-02
5.874052e-02
5.875334e-02
5.877996e-02
5.880140e-02
5.882963e-02
5.885343e-02
5.887967e-02
5.890425e-02
5.892281e-02
5.895050e-02
5.899295e-02
5.902353e-02
5.902859e-02
5.904106e-02
5.909107e-02
5.910512e-02
5.911081e-02
5.913905e-02
5.916683e-02
5.918659e-02
5.919232e-02
5.920865e-02
5.921879e-02
5.925491e-02
5.930312e-02
5.932430e-02
5.934831e-02
5.939177e-02
5.942545e-02
5.943465e-02
5.947242e-02
5.949318e-02
5.950428e-02
5.952584e-02
5.953768e-02
5.957195e-02
5.959894e-02
5.961259e-02
5.964567e-02
5.965686e-02
5.968871e-02
5.971136e-02
5.972870e-02
5.975705e-02
5.981663e-02
5.983608e-02
5.984715e-02
5.986500e-02
5.988609e-02
5.990750e-02
5.991405e-02
5.993116e-02
5.995377e-02
5.998496e-02
5.999068e-02
6.005894e-02
6.007674e-02
6.009538e-02
6.013071e-02
6.014861e-02
6.018058e-02
6.019334e-02
6.019909e-02
6.022026e-02
6.023163e-02
6.025350e-02
6.029476e-02
6.031655e-02
6.035548e-02
6.036867e-02
6.041615e-02
6.043103e-02
6.046444e-02
6.048293e-02
6.049998e-02
6.051883e-02
6.054851e-02
6.056611e-02
6.057615e-02
6.060278e-02
6.063775e-02
6.065898e-02
6.067476e-02
6.071276e-02
6.073543e-02
6.075149e-02
6.076637e-02
6.078369e-02
6.080654e-02
6.084754e-02
6.087685e-02
6.088940e-02
6.089901e-02
6.091165e-02
6.093501e-02
6.096565e-02
6.099194e-02
6.103566e-02
6.104879e-02
6.109746e-02
6.110774e-02
6.112584e-02
6.115089e-02
6.117450e-02
6.118876e-02
6.122627e-02
6.123346e-02
6.125572e-02
6.129286e-02
6.132045e-02
6.134343e-02
6.138670e-02
6.142497e-02
6.143875e-02
6.144915e-02
6.146727e-02
6.151477e-02
6.152868e-02
6.155215e-02
6.159198e-02
6.160225e-02
6.162114e-02
6.164450e-02
6.167842e-02
6.168459e-02
6.172217e-02
6.174421e-02
6.178130e-02
6.179569e-02
6.183558e-02
6.185461e-02
6.187907e-02
6.188104e-02
6.193123e-02
6.194839e-02
6.195605e-02
6.199380e-02
6.200015e-02
6.202853e-02
6.205383e-02
6.208895e-02
6.209767e-02
6.211817e-02
6.215240e-02
6.219472e-02
6.220784e-02
6.223699e-02
6.224977e-02
6.227343e-02
6.229674e-02
6.232500e-02
6.235339e-02
6.237609e-02
6.238319e-02
6.240155e-02
6.244922e-02
6.247709e-02
6.249719e-02
6.250511e-02
6.253907e-02
6.255431e-02
6.259541e-02
6.261482e-02
6.262113e-02
6.264348e-02
6.267097e-02
6.269605e-02
6.272604e-02
6.274197e-02
6.277197e-02
6.280076e-02
6.282828e-02
6.282862e-02
6.286835e-02
6.289457e-02
6.292760e-02
6.295878e-02
6.296828e-02
6.297364e-02
6.301527e-02
6.303299e-02
6.305282e-02
6.306805e-02
6.311175e-02
6.314055e-02
6.317042e-02
6.317689e-02
6.319528e-02
6.321868e-02
6.323419e-02
6.324116e-02
6.329299e-02
6.329609e-02
6.333312e-02
6.335506e-02
6.335779e-02
6.339204e-02
6.343532e-02
6.346852e-02
6.347460e-02
6.351679e-02
6.352675e-02
6.354912e-02
6.357478e-02
6.359781e-02
6.363528e-02
6.364148e-02
6.367641e-02
6.374819e-02
6.376646e-02
6.377713e-02
6.379894e-02
6.381669e-02
6.383471e-02
6.386086e-02
6.389744e-02
6.392065e-02
6.395691e-02
6.396945e-02
6.399431e-02
6.401662e-02
6.405235e-02
6.405761e-02
6.407896e-02
6.412753e-02
6.415880e-02
6.418751e-02
6.419347e-02
6.421588e-02
6.422255e-02
6.424641e-02
6.426719e-02
6.432250e-02
6.436087e-02
6.437076e-02
6.437705e-02
6.439077e-02
6.441991e-02
6.444679e-02
6.446641e-02
6.448812e-02
6.450678e-02
6.452747e-02
6.455367e-02
6.457240e-02
6.459334e-02
6.463931e-02
6.465987e-02
6.467333e-02
6.471834e-02
6.473259e-02
6.474280e-02
6.477340e-02
6.480221e-02
6.482080e-02
6.487545e-02
6.488116e-02
6.490492e-02
6.495205e-02
6.497914e-02
6.500438e-02
6.503353e-02
6.504031e-02
6.507258e-02
6.508183e-02
6.511290e-02
6.512138e-02
6.513312e-02
6.515591e-02
6.517606e-02
6.521295e-02
6.525053e-02
6.525254e-02
6.528635e-02
6.531693e-02
6.535001e-02
6.536741e-02
6.537792e-02
6.541349e-02
6.542676e-02
6.544327e-02
6.549050e-02
6.550797e-02
6.551672e-02
6.552882e-02
6.554871e-02
6.560328e-02
6.561259e-02
6.563401e-02
6.565194e-02
6.568057e-02
6.569198e-02
6.571035e-02
6.576362e-02
6.577314e-02
6.581324e-02
6.583982e-02
6.585781e-02
6.589823e-02
6.592713e-02
6.595177e-02
6.597017e-02
6.597507e-02
6.601692e-02
6.603880e-02
6.604586e-02
6.610094e-02
6.610884e-02
6.613340e-02
6.616204e-02
6.618054e-02
6.622010e-02
6.625850e-02
6.626435e-02
6.629051e-02
6.631652e-02
6.633276e-02
6.634346e-02
6.637716e-02
6.640832e-02
6.642396e-02
6.644913e-02
6.646385e-02
6.652576e-02
6.654547e-02
6.657915e-02
6.659951e-02
6.661714e-02
6.662799e-02
6.666537e-02
6.668313e-02
6.669626e-02
6.672521e-02
6.676828e-02
6.678967e-02
6.682669e-02
6.684275e-02
6.686889e-02
6.687637e-02
6.689820e-02
6.692001e-02
6.693443e-02
6.696486e-02
6.698957e-02
6.701583e-02
6.703664e-02
6.705461e-02
6.707922e-02
6.712303e-02
6.714454e-02
6.716263e-02
6.719051e-02
6.721084e-02
6.723907e-02
6.725565e-02
6.726743e-02
6.730599e-02
6.733227e-02
6.737214e-02
6.739530e-02
6.741964e-02
6.744308e-02
6.745306e-02
6.748969e-02
6.754212e-02
6.755664e-02
6.758661e-02
6.760369e-02
6.762871e-02
6.763951e-02
6.766873e-02
6.768791e-02
6.771912e-02
6.776086e-02
6.778700e-02
6.780345e-02
6.783563e-02
6.785864e-02
6.786526e-02
6.790809e-02
6.791658e-02
6.794710e-02
6.797699e-02
6.798590e-02
6.801328e-02
6.802330e-02
6.810356e-02
6.811158e-02
6.813606e-02
6.814481e-02
6.815337e-02
6.820925e-02
6.821793e-02
6.825430e-02
6.828495e-02
6.831422e-02
6.831645e-02
6.834603e-02
6.836994e-02
6.840850e-02
6.841981e-02
6.842905e-02
6.845708e-02
6.849987e-02
6.852848e-02
6.854098e-02
6.858327e-02
6.861468e-02
6.862867e-02
6.865538e-02
6.867829e-02
6.869039e-02
6.871475e-02
6.871930e-02
6.877418e-02
6.878927e-02
6.884302e-02
6.886280e-02
6.888519e-02
6.890715e-02
6.892127e-02
6.893561e-02
6.894505e-02
6.896782e-02
6.901271e-02
6.903315e-02
6.907752e-02
6.909692e-02
6.912098e-02
6.916203e-02
6.917133e-02
6.920408e-02
6.923831e-02
6.925826e-02
6.927053e-02
6.928963e-02
6.932018e-02
6.935840e-02
6.937021e-02
6.939525e-02
6.943422e-02
6.944559e-02
6.945500e-02
6.948406e-02
6.949332e-02
6.953600e-02
6.955462e-02
6.958619e-02
6.961551e-02
6.964076e-02
6.966067e-02
6.970924e-02
6.974345e-02
6.975442e-02
6.978309e-02
6.980251e-02
6.981277e-02
6.985502e-02
6.987792e-02
6.988399e-02
6.993626e-02
6.994049e-02
6.996831e-02
7.000262e-02
7.003444e-02
7.006442e-02
7.009384e-02
7.011521e-02
7.014143e-02
7.014429e-02
7.015638e-02
7.018960e-02
7.020937e-02
7.025115e-02
7.025893e-02
7.030344e-02
7.034008e-02
7.035859e-02
7.038147e-02
7.041384e-02
7.044545e-02
7.046699e-02
7.050121e-02
7.051678e-02
7.054684e-02
7.055996e-02
7.059163e-02
7.062580e-02
7.063651e-02
7.065752e-02
7.069285e-02
7.072937e-02
7.074317e-02
7.076480e-02
7.077867e-02
7.080445e-02
7.083013e-02
7.084278e-02
7.085468e-02
7.088828e-02
7.089775e-02
7.095251e-02
7.098477e-02
7.100453e-02
7.101457e-02
7.104077e-02
7.108549e-02
7.110459e-02
7.112613e-02
7.113716e-02
7.116034e-02
7.118183e-02
7.121243e-02
7.122883e-02
7.127222e-02
7.129238e-02
7.131054e-02
7.132590e-02
7.134152e-02
7.135970e-02
7.137071e-02
7.140514e-02
7.141045e-02
7.144917e-02
7.146408e-02
7.152544e-02
7.155734e-02
7.155964e-02
7.160795e-02
7.162121e-02
7.166211e-02
7.168798e-02
7.170646e-02
7.172575e-02
7.176104e-02
7.177046e-02
7.178100e-02
7.180572e-02
7.182789e-02
7.185444e-02
7.190659e-02
7.192148e-02
7.194966e-02
7.198894e-02
7.201916e-02
7.205620e-02
7.209238e-02
7.211758e-02
7.212798e-02
7.214995e-02
7.216423e-02
7.219539e-02
7.221072e-02
7.223886e-02
7.225360e-02
7.227026e-02
7.229013e-02
7.232770e-02
7.235548e-02
7.238798e-02
7.241500e-02
7.244723e-02
7.250563e-02
7.253106e-02
7.255107e-02
7.258779e-02
7.259522e-02
7.262982e-02
7.263665e-02
7.267419e-02
7.269347e-02
7.273242e-02
7.273813e-02
7.276196e-02
7.280568e-02
7.282222e-02
7.286302e-02
7.289135e-02
7.289763e-02
7.290481e-02
7.292735e-02
7.296823e-02
7.297745e-02
7.300120e-02
7.303985e-02
7.304699e-02
7.308208e-02
7.309224e-02
7.311290e-02
7.314821e-02
7.316507e-02
7.320422e-02
7.323741e-02
7.325699e-02
7.329021e-02
7.329785e-02
7.332006e-02
7.334657e-02
7.338286e-02
7.339894e-02
7.342896e-02
7.344926e-02
7.348583e-02
7.349707e-02
7.352932e-02
7.357015e-02
7.359569e-02
7.360451e-02
7.363008e-02
7.366912e-02
7.368843e-02
7.371817e-02
7.374280e-02
7.379770e-02
7.382661e-02
7.384075e-02
7.386989e-02
7.389587e-02
7.392446e-02
7.395486e-02
7.396937e-02
7.398862e-02
7.400697e-02
7.403506e-02
7.407662e-02
7.409068e-02
7.414149e-02
7.416955e-02
7.417611e-02
7.419215e-02
7.420867e-02
7.422800e-02
7.424922e-02
7.429844e-02
7.432628e-02
7.433978e-02
7.436635e-02
7.439591e-02
7.441414e-02
7.442815e-02
7.447043e-02
7.449170e-02
7.453326e-02
7.455541e-02
7.457907e-02
7.460096e-02
7.465804e-02
7.466421e-02
7.468715e-02
7.471375e-02
7.473735e-02
7.477380e-02
7.479993e-02
7.480821e-02
7.481868e-02
7.483736e-02
7.486575e-02
7.492094e-02
7.494338e-02
7.497679e-02
7.499737e-02
7.502702e-02
7.504049e-02
7.509855e-02
7.512334e-02
7.514090e-02
7.516719e-02
7.518168e-02
7.522813e-02
7.523810e-02
7.527305e-02
7.530396e-02
7.531151e-02
7.533495e-02
7.535675e-02
7.537866e-02
7.542426e-02
7.543219e-02
7.544811e-02
7.547632e-02
7.548881e-02
7.556607e-02
7.561935e-02
7.563413e-02
7.564522e-02
7.565646e-02
7.568498e-02
7.572087e-02
7.575394e-02
7.575675e-02
7.579269e-02
7.581354e-02
7.586759e-02
7.588000e-02
7.589393e-02
7.592688e-02
7.593730e-02
7.598249e-02
7.598994e-02
7.601872e-02
7.605074e-02
7.608313e-02
7.610103e-02
7.614085e-02
7.614635e-02
7.615031e-02
7.619999e-02
7.622956e-02
7.626088e-02
7.627185e-02
7.630221e-02
7.635263e-02
7.636942e-02
7.638862e-02
7.640763e-02
7.646500e-02
7.646965e-02
7.649173e-02
7.649928e-02
7.651062e-02
7.655209e-02
7.656960e-02
7.660434e-02
7.661395e-02
7.666130e-02
7.669479e-02
7.672241e-02
7.675383e-02
7.677794e-02
7.678690e-02
7.682711e-02
7.688536e-02
7.689957e-02
7.692286e-02
7.695794e-02
7.696450e-02
7.697339e-02
7.700357e-02
7.707341e-02
7.707780e-02
7.710830e-02
7.714326e-02
7.716689e-02
7.718093e-02
7.719630e-02
7.724599e-02
7.725663e-02
7.727381e-02
7.729792e-02
7.734434e-02
7.736147e-02
7.738429e-02
7.739894e-02
7.743684e-02
7.744667e-02
7.746336e-02
7.748485e-02
7.750092e-02
7.756285e-02
7.762238e-02
7.764454e-02
7.767726e-02
7.771000e-02
7.773393e-02
7.777519e-02
7.780999e-02
7.783222e-02
7.785287e-02
7.788993e-02
7.790649e-02
7.792015e-02
7.795348e-02
7.797886e-02
7.801536e-02
7.803836e-02
7.803920e-02
7.807156e-02
7.808574e-02
7.813223e-02
7.815335e-02
7.818545e-02
7.820855e-02
7.824676e-02
7.828630e-02
7.829420e-02
7.833581e-02
7.835900e-02
7.837121e-02
7.839409e-02
7.839996e-02
7.841372e-02
7.844536e-02
7.848872e-02
7.851386e-02
7.852904e-02
7.857330e-02
7.860484e-02
7.861939e-02
7.863358e-02
7.867653e-02
7.868865e-02
7.874839e-02
7.878173e-02
7.879460e-02
7.884666e-02
7.886214e-02
7.887176e-02
7.890609e-02
7.892809e-02
7.894612e-02
7.897309e-02
7.900470e-02
7.903106e-02
7.905147e-02
7.907928e-02
7.909555e-02
7.914793e-02
7.916844e-02
7.919983e-02
7.920709e-02
7.922845e-02
7.927344e-02
7.927460e-02
7.933618e-02
7.934923e-02
7.936309e-02
7.938989e-02
7.942288e-02
7.946897e-02
7.949669e-02
7.950812e-02
7.955144e-02
7.956011e-02
7.958300e-02
7.961999e-02
7.967077e-02
7.969036e-02
7.972396e-02
7.973909e-02
7.978177e-02
7.981422e-02
7.984308e-02
7.986900e-02
7.988688e-02
7.993496e-02
7.995724e-02
7.996794e-02
8.001037e-02
8.002465e-02
8.005237e-02
8.008679e-02
8.011654e-02
8.012426e-02
8.013787e-02
8.018851e-02
8.022986e-02
8.023403e-02
8.025671e-02
8.027245e-02
8.031914e-02
8.034767e-02
8.038575e-02
8.039057e-02
8.041341e-02
8.047732e-02
8.048496e-02
8.050152e-02
8.054235e-02
8.056547e-02
8.058488e-02
8.060978e-02
8.063426e-02
8.066984e-02
8.068182e-02
8.072042e-02
8.075237e-02
8.078266e-02
8.080959e-02
8.082259e-02
8.085025e-02
8.085805e-02
8.087744e-02
8.093228e-02
8.095955e-02
8.099979e-02
8.102154e-02
8.104861e-02
8.109027e-02
8.110733e-02
8.113379e-02
8.114108e-02
8.117690e-02
8.121094e-02
8.121608e-02
8.124256e-02
8.125609e-02
8.127160e-02
8.131690e-02
8.133211e-02
8.136033e-02
8.138007e-02
8.141053e-02
8.144844e-02
8.147923e-02
8.149243e-02
8.155874e-02
8.157988e-02
8.160439e-02
8.162639e-02
8.165384e-02
8.165920e-02
8.169718e-02
8.170437e-02
8.174049e-02
8.174908e-02
8.178830e-02
8.182627e-02
8.187239e-02
8.187908e-02
8.190934e-02
8.195040e-02
8.196460e-02
8.198034e-02
8.198631e-02
8.203011e-02
8.205787e-02
8.207587e-02
8.212507e-02
8.214529e-02
8.217207e-02
8.220838e-02
8.224060e-02
8.224980e-02
8.229297e-02
8.230879e-02
8.232539e-02
8.235501e-02
8.240620e-02
8.244073e-02
8.245814e-02
8.247422e-02
8.249146e-02
8.252324e-02
8.252630e-02
8.257780e-02
8.260434e-02
8.265482e-02
8.267190e-02
8.268896e-02
8.270147e-02
8.275427e-02
8.277062e-02
8.278136e-02
8.281792e-02
8.283279e-02
8.286294e-02
8.288698e-02
8.294248e-02
8.296698e-02
8.298782e-02
8.300390e-02
8.303864e-02
8.308371e-02
8.308848e-02
8.311379e-02
8.315332e-02
8.316720e-02
8.319626e-02
8.322566e-02
8.324963e-02
8.328228e-02
8.328991e-02
8.331389e-02
8.337665e-02
8.339159e-02
8.339790e-02
8.342361e-02
8.347068e-02
8.349811e-02
8.350722e-02
8.352167e-02
8.353183e-02
8.354954e-02
8.358443e-02
8.364462e-02
8.367711e-02
8.369860e-02
8.372952e-02
8.375394e-02
8.378584e-02
8.380505e-02
8.382200e-02
8.384974e-02
8.388334e-02
8.391961e-02
8.392285e-02
8.398725e-02
8.399820e-02
8.401214e-02
8.403435e-02
8.406469e-02
8.407714e-02
8.411835e-02
8.414636e-02
8.415930e-02
8.418017e-02
8.422785e-02
8.425561e-02
8.428353e-02
8.434509e-02
8.437072e-02
8.439486e-02
8.440807e-02
8.443285e-02
8.445109e-02
8.446286e-02
8.452120e-02
8.454566e-02
8.459787e-02
8.461228e-02
8.463915e-02
8.466269e-02
8.467088e-02
8.470813e-02
8.474397e-02
8.478114e-02
8.479449e-02
8.483086e-02
8.485712e-02
8.487513e-02
8.491446e-02
8.492549e-02
8.496930e-02
8.499751e-02
8.500397e-02
8.504557e-02
8.506441e-02
8.508163e-02
8.512716e-02
8.517432e-02
8.517829e-02
8.525636e-02
8.527335e-02
8.527698e-02
8.531400e-02
8.537494e-02
8.538539e-02
8.541794e-02
8.543858e-02
8.546938e-02
8.549108e-02
8.550642e-02
8.556303e-02
8.559708e-02
8.562316e-02
8.563210e-02
8.566849e-02
8.568137e-02
8.571604e-02
8.574833e-02
8.576013e-02
8.582522e-02
8.583161e-02
8.585005e-02
8.588411e-02
8.590662e-02
8.594672e-02
8.599752e-02
8.602718e-02
8.604822e-02
8.607483e-02
8.609273e-02
8.613834e-02
8.614150e-02
8.619514e-02
8.621258e-02
8.624637e-02
8.629314e-02
8.632146e-02
8.633438e-02
8.635218e-02
8.636860e-02
8.640311e-02
8.647633e-02
8.648987e-02
8.651156e-02
8.652811e-02
8.657673e-02
8.658700e-02
8.660120e-02
8.666557e-02
8.668855e-02
8.670340e-02
8.673030e-02
8.675214e-02
8.680839e-02
8.682249e-02
8.685475e-02
8.687204e-02
8.690047e-02
8.692352e-02
8.698750e-02
8.701502e-02
8.702492e-02
8.704427e-02
8.709905e-02
8.713528e-02
8.715377e-02
8.716541e-02
8.720956e-02
8.722426e-02
8.725684e-02
8.727514e-02
8.730050e-02
8.736155e-02
8.738220e-02
8.739829e-02
8.742784e-02
8.743840e-02
8.745655e-02
8.750855e-02
8.751496e-02
8.757102e-02
8.759138e-02
8.761189e-02
8.762646e-02
8.765439e-02
8.771900e-02
8.776196e-02
8.776520e-02
8.779533e-02
8.780969e-02
8.783267e-02
8.784601e-02
8.785496e-02
8.788644e-02
8.792464e-02
8.800250e-02
8.800779e-02
8.804392e-02
8.806432e-02
8.808928e-02
8.813029e-02
8.815059e-02
8.816861e-02
8.820635e-02
8.822708e-02
8.824324e-02
8.829599e-02
8.833477e-02
8.836804e-02
8.840099e-02
8.842312e-02
8.844494e-02
8.846517e-02
8.847446e-02
8.850363e-02
8.856809e-02
8.857895e-02
8.860323e-02
8.868355e-02
8.868446e-02
8.869934e-02
8.872556e-02
8.874028e-02
8.877241e-02
8.879724e-02
8.882338e-02
8.888141e-02
8.891412e-02
8.896837e-02
8.897932e-02
8.899599e-02
8.901326e-02
8.904085e-02
8.908952e-02
8.912231e-02
8.914171e-02
8.917640e-02
8.919307e-02
8.922608e-02
8.923049e-02
8.926174e-02
8.927364e-02
8.932248e-02
8.934627e-02
8.939273e-02
8.940391e-02
8.942100e-02
8.947819e-02
8.950007e-02
8.951698e-02
8.954405e-02
8.958356e-02
8.961155e-02
8.962565e-02
8.966366e-02
8.969262e-02
8.971462e-02
8.974943e-02
8.977309e-02
8.978153e-02
8.980089e-02
8.982383e-02
8.985708e-02
8.988278e-02
8.996531e-02
8.996800e-02
9.000272e-02
9.003201e-02
9.005076e-02
9.008899e-02
9.011505e-02
9.012331e-02
9.016565e-02
9.017381e-02
9.020218e-02
9.024939e-02
9.027525e-02
9.030914e-02
9.034234e-02
9.037554e-02
9.040010e-02
9.043883e-02
9.044750e-02
9.048310e-02
9.049521e-02
9.050540e-02
9.054717e-02
9.056495e-02
9.058426e-02
9.065361e-02
9.066357e-02
9.070194e-02
9.072301e-02
9.074213e-02
9.079025e-02
9.081841e-02
9.083679e-02
9.086911e-02
9.091178e-02
9.093873e-02
9.096396e-02
9.099066e-02
9.101290e-02
9.101854e-02
9.107827e-02
9.109869e-02
9.110968e-02
9.115876e-02
9.116893e-02
9.119842e-02
9.124037e-02
9.125745e-02
9.128679e-02
9.130773e-02
9.137051e-02
9.140191e-02
9.142021e-02
9.145548e-02
9.149513e-02
9.150589e-02
9.154402e-02
9.156415e-02
9.158312e-02
9.161857e-02
9.169164e-02
9.171041e-02
9.174128e-02
9.175031e-02
9.178061e-02
9.180339e-02
9.184556e-02
9.187730e-02
9.190634e-02
9.193143e-02
9.194475e-02
9.198397e-02
9.201749e-02
9.204888e-02
9.210035e-02
9.211382e-02
9.213855e-02
9.216413e-02
9.219210e-02
9.221607e-02
9.225246e-02
9.230267e-02
9.231734e-02
9.237737e-02
9.239783e-02
9.242573e-02
9.245011e-02
9.249163e-02
9.252263e-02
9.254597e-02
9.257952e-02
9.258832e-02
9.261222e-02
9.262362e-02
9.268545e-02
9.272294e-02
9.273095e-02
9.276481e-02
9.278059e-02
9.280350e-02
9.284604e-02
9.289137e-02
9.291789e-02
9.294145e-02
9.297099e-02
9.302668e-02
9.305553e-02
9.307892e-02
9.311910e-02
9.313298e-02
9.316467e-02
9.319650e-02
9.320840e-02
9.322603e-02
9.325096e-02
9.329356e-02
9.333148e-02
9.336042e-02
9.343108e-02
9.343476e-02
9.346833e-02
9.347723e-02
9.349943e-02
9.352657e-02
9.354047e-02
9.357718e-02
9.360611e-02
9.365571e-02
9.367364e-02
9.370818e-02
9.373314e-02
9.377523e-02
9.379147e-02
9.382031e-02
9.383810e-02
9.390071e-02
9.393293e-02
9.394110e-02
9.396966e-02
9.400200e-02
9.403536e-02
9.408721e-02
9.410987e-02
9.412704e-02
9.415518e-02
9.418203e-02
9.419439e-02
9.422301e-02
9.425877e-02
9.426749e-02
9.431447e-02
9.433498e-02
9.436558e-02
9.438511e-02
9.444931e-02
9.446900e-02
9.449113e-02
9.450794e-02
9.451559e-02
9.457714e-02
9.458153e-02
9.463893e-02
9.465568e-02
9.466415e-02
9.470108e-02
9.473691e-02
9.477996e-02
9.479673e-02
9.481701e-02
9.486072e-02
9.487066e-02
9.491910e-02
9.493765e-02
9.498232e-02
9.501691e-02
9.505432e-02
9.507719e-02
9.510426e-02
9.511784e-02
9.518673e-02
9.519530e-02
9.524621e-02
9.528348e-02
9.528552e-02
9.532390e-02
9.533068e-02
9.540725e-02
9.542162e-02
9.544247e-02
9.546607e-02
9.548371e-02
9.553818e-02
9.558317e-02
9.558517e-02
9.561654e-02
9.563704e-02
9.564506e-02
9.568788e-02
9.570666e-02
9.574072e-02
9.577656e-02
9.578816e-02
9.584369e-02
9.587038e-02
9.589972e-02
9.591096e-02
9.596041e-02
9.597927e-02
9.602450e-02
9.605591e-02
9.608198e-02
9.613647e-02
9.615083e-02
9.617659e-02
9.622718e-02
9.623710e-02
9.624406e-02
9.627514e-02
9.634122e-02
9.636121e-02
9.637961e-02
9.640276e-02
9.642527e-02
9.643553e-02
9.646410e-02
9.654861e-02
9.655592e-02
9.660056e-02
9.662054e-02
9.664965e-02
9.670427e-02
9.671629e-02
9.673004e-02
9.676429e-02
9.677630e-02
9.683877e-02
9.684880e-02
9.690345e-02
9.693390e-02
9.696078e-02
9.698108e-02
9.699287e-02
9.703138e-02
9.705931e-02
9.707265e-02
9.709985e-02
9.713078e-02
9.715392e-02
9.718799e-02
9.721308e-02
9.724767e-02
9.729319e-02
9.730036e-02
9.734807e-02
9.740169e-02
9.741142e-02
9.747719e-02
9.751361e-02
9.752465e-02
9.755560e-02
9.758452e-02
9.760499e-02
9.764271e-02
9.768424e-02
9.771143e-02
9.774242e-02
9.776650e-02
9.781472e-02
9.783715e-02
9.785869e-02
9.789908e-02
9.791827e-02
9.797985e-02
9.799453e-02
9.806645e-02
9.807589e-02
9.810139e-02
9.812338e-02
9.813753e-02
9.818280e-02
9.821040e-02
9.825150e-02
9.827244e-02
9.830292e-02
9.832357e-02
9.837266e-02
9.837956e-02
9.841907e-02
9.844113e-02
9.847643e-02
9.849705e-02
9.853351e-02
9.855300e-02
9.857339e-02
9.864197e-02
9.866470e-02
9.869351e-02
9.870651e-02
9.872616e-02
9.874718e-02
9.878939e-02
9.881122e-02
9.884319e-02
9.885950e-02
9.888997e-02
9.893121e-02
9.895841e-02
9.900149e-02
9.901344e-02
9.906135e-02
9.908155e-02
9.911653e-02
9.913370e-02
9.915028e-02
9.918725e-02
9.924501e-02
9.925807e-02
9.927972e-02
9.930777e-02
9.935343e-02
9.936422e-02
9.942713e-02
9.946381e-02
9.947851e-02
9.953790e-02
9.955327e-02
9.959733e-02
9.964631e-02
9.966010e-02
9.968685e-02
9.971677e-02
9.974078e-02
9.975054e-02
9.978823e-02
9.979762e-02
9.984001e-02
9.985326e-02
9.990710e-02
9.994104e-02
9.994334e-02
9.997439e-02
1.000213e-01
1.000260e-01
1.000807e-01
1.000836e-01
1.001202e-01
1.001531e-01
1.002009e-01
1.002143e-01
1.002501e-01
1.002803e-01
1.002932e-01
1.003252e-01
1.003571e-01
1.004062e-01
1.004319e-01
1.004620e-01
1.004900e-01
1.005220e-01
1.005581e-01
1.005618e-01
1.006052e-01
1.006557e-01
1.007231e-01
1.007338e-01
1.007542e-01
1.007796e-01
1.008176e-01
1.008410e-01
1.008909e-01
1.009037e-01
1.009657e-01
1.009866e-01
1.009955e-01
1.010481e-01
1.010853e-01
1.011149e-01
1.011460e-01
1.011598e-01
1.012048e-01
1.012387e-01
1.012747e-01
1.013108e-01
1.013182e-01
1.013650e-01
1.013998e-01
1.014263e-01
1.014515e-01
1.014770e-01
1.015511e-01
1.015657e-01
1.015773e-01
1.016055e-01
1.016757e-01
1.016885e-01
1.017146e-01
1.017297e-01
1.017696e-01
1.017841e-01
1.018100e-01
1.018516e-01
1.019091e-01
1.019264e-01
1.019544e-01
1.019633e-01
1.020029e-01
1.020143e-01
1.020355e-01
1.020610e-01
1.021300e-01
1.021575e-01
1.021905e-01
1.022176e-01
1.022495e-01
1.022769e-01
1.022965e-01
1.023035e-01
1.023768e-01
1.024112e-01
1.024410e-01
1.024628e-01
1.025042e-01
1.025363e-01
1.025988e-01
1.026216e-01
1.026583e-01
1.026710e-01
1.026975e-01
1.027183e-01
1.027634e-01
1.027746e-01
1.028544e-01
1.028607e-01
1.028999e-01
1.029264e-01
1.029643e-01
1.029790e-01
1.030198e-01
1.030292e-01
1.030889e-01
1.031063e-01
1.031446e-01
1.031845e-01
1.032062e-01
1.032558e-01
1.032790e-01
1.033188e-01
1.033446e-01
1.033765e-01
1.033912e-01
1.034537e-01
1.034844e-01
1.035079e-01
1.035562e-01
1.036036e-01
1.036160e-01
1.036263e-01
1.036768e-01
1.036904e-01
1.037398e-01
1.037520e-01
1.037895e-01
1.038206e-01
1.038533e-01
1.038815e-01
1.039219e-01
1.039604e-01
1.040062e-01
1.040169e-01
1.040466e-01
1.041010e-01
1.041332e-01
1.041662e-01
1.041850e-01
1.042136e-01
1.042340e-01
1.042611e-01
1.042854e-01
1.042889e-01
1.043367e-01
1.043878e-01
1.044011e-01
1.044272e-01
1.044844e-01
1.045358e-01
1.045504e-01
1.045864e-01
1.046120e-01
1.046254e-01
1.046991e-01
1.047129e-01
1.047347e-01
1.047859e-01
1.048081e-01
1.048391e-01
1.048517e-01
1.048827e-01
1.049046e-01
1.049439e-01
1.049884e-01
1.050287e-01
1.050402e-01
1.050920e-01
1.051214e-01
1.051388e-01
1.051879e-01
1.051899e-01
1.052058e-01
1.052716e-01
1.052854e-01
1.053448e-01
1.053574e-01
1.053656e-01
1.054377e-01
1.054490e-01
1.054797e-01
1.055145e-01
1.055379e-01
1.055625e-01
1.055840e-01
1.056313e-01
1.056667e-01
1.057239e-01
1.057493e-01
1.057504e-01
1.057923e-01
1.058085e-01
1.058630e-01
1.058972e-01
1.059049e-01
1.059481e-01
1.059834e-01
1.060326e-01
1.060525e-01
1.061031e-01
1.061399e-01
1.061643e-01
1.061771e-01
1.062039e-01
1.062361e-01
1.062661e-01
1.063034e-01
1.063237e-01
1.063386e-01
1.064068e-01
1.064176e-01
1.064373e-01
1.064684e-01
1.065003e-01
1.065414e-01
1.065771e-01
1.066096e-01
1.066450e-01
1.066817e-01
1.067268e-01
1.067493e-01
1.067850e-01
1.068085e-01
1.068358e-01
1.068670e-01
1.068708e-01
1.069563e-01
1.069957e-01
1.070235e-01
1.070480e-01
1.070857e-01
1.071358e-01
1.071395e-01
1.071725e-01
1.072317e-01
1.072632e-01
1.072910e-01
1.073254e-01
1.073537e-01
1.074127e-01
1.074239e-01
1.074430e-01
1.074650e-01
1.074926e-01
1.075157e-01
1.075525e-01
1.075807e-01
1.075937e-01
1.076490e-01
1.076914e-01
1.077163e-01
1.077313e-01
1.077455e-01
1.078172e-01
1.078412e-01
1.078582e-01
1.078844e-01
1.079014e-01
1.079601e-01
1.080001e-01
1.080134e-01
1.080293e-01
1.080743e-01
1.080913e-01
1.081405e-01
1.081595e-01
1.081648e-01
1.082386e-01
1.082763e-01
1.083189e-01
1.083364e-01
1.083742e-01
1.083959e-01
1.084239e-01
1.084875e-01
1.085234e-01
1.085269e-01
1.085973e-01
1.086208e-01
1.086322e-01
1.086496e-01
1.087189e-01
1.087422e-01
1.087634e-01
1.088024e-01
1.088174e-01
1.088545e-01
1.089191e-01
1.089295e-01
1.089975e-01
1.090231e-01
1.090374e-01
1.090592e-01
1.090732e-01
1.091168e-01
1.091555e-01
1.091650e-01
1.092222e-01
1.092539e-01
1.092876e-01
1.093087e-01
1.093258e-01
1.093495e-01
1.094551e-01
1.094609e-01
1.094925e-01
1.095089e-01
1.095232e-01
1.095820e-01
1.096132e-01
1.096273e-01
1.096643e-01
1.096827e-01
1.097187e-01
1.097302e-01
1.097751e-01
1.098229e-01
1.098397e-01
1.098586e-01
1.099215e-01
1.099340e-01
1.099698e-01
1.099836e-01
1.100187e-01
1.100876e-01
1.101199e-01
1.101752e-01
1.101839e-01
1.102169e-01
1.102371e-01
1.102622e-01
1.103019e-01
1.103332e-01
1.103540e-01
1.104163e-01
1.104237e-01
1.104581e-01
1.104826e-01
1.105278e-01
1.105456e-01
1.105589e-01
1.105951e-01
1.107001e-01
1.107231e-01
1.107514e-01
1.107629e-01
1.107893e-01
1.108441e-01
1.108725e-01
1.109383e-01
1.109678e-01
1.110025e-01
1.110345e-01
1.110608e-01
1.110792e-01
1.111053e-01
1.111361e-01
1.111684e-01
1.111952e-01
1.112087e-01
1.112695e-01
1.112821e-01
1.113261e-01
1.113331e-01
1.113407e-01
1.113772e-01
1.114292e-01
1.114524e-01
1.114679e-01
1.115470e-01
1.115848e-01
1.116035e-01
1.116481e-01
1.117022e-01
1.117376e-01
1.117417e-01
1.117751e-01
1.118373e-01
1.118808e-01
1.119051e-01
1.119723e-01
1.119869e-01
1.120262e-01
1.120389e-01
1.120555e-01
1.121259e-01
1.121435e-01
1.121644e-01
1.121856e-01
1.122053e-01
1.122578e-01
1.122777e-01
1.123134e-01
1.123625e-01
1.124015e-01
1.124093e-01
1.124442e-01
1.125125e-01
1.125450e-01
1.125524e-01
1.126023e-01
1.126220e-01
1.126381e-01
1.126557e-01
1.126798e-01
1.127234e-01
1.127365e-01
1.127613e-01
1.127845e-01
1.128476e-01
1.128807e-01
1.128969e-01
1.129463e-01
1.129662e-01
1.129884e-01
1.130334e-01
1.130567e-01
1.130787e-01
1.131340e-01
1.131762e-01
1.131830e-01
1.132372e-01
1.132576e-01
1.132956e-01
1.133531e-01
1.133827e-01
1.134087e-01
1.134324e-01
1.134852e-01
1.135081e-01
1.135296e-01
1.135356e-01
1.135561e-01
1.136041e-01
1.136444e-01
1.136709e-01
1.136987e-01
1.137505e-01
1.137666e-01
1.137791e-01
1.138765e-01
1.139017e-01
1.139312e-01
1.139738e-01
1.139845e-01
1.140344e-01
1.140524e-01
1.141117e-01
1.141356e-01
1.141641e-01
1.142106e-01
1.142343e-01
1.142415e-01
1.143053e-01
1.143120e-01
1.143352e-01
1.143729e-01
1.143821e-01
1.144017e-01
1.144443e-01
1.144885e-01
1.145330e-01
1.145978e-01
1.146160e-01
1.146386e-01
1.146743e-01
1.147174e-01
1.147692e-01
1.147914e-01
1.148034e-01
1.148454e-01
1.148832e-01
1.148979e-01
1.149138e-01
1.149757e-01
1.150079e-01
1.150400e-01
1.150742e-01
1.150984e-01
1.151542e-01
1.151846e-01
1.151974e-01
1.152715e-01
1.152830e-01
1.153200e-01
1.153314e-01
1.153817e-01
1.154366e-01
1.154569e-01
1.154982e-01
1.155508e-01
1.155691e-01
1.156136e-01
1.156500e-01
1.156653e-01
1.157085e-01
1.157495e-01
1.157532e-01
1.157812e-01
1.157963e-01
1.158512e-01
1.159052e-01
1.159114e-01
1.159361e-01
1.159897e-01
1.160168e-01
1.160567e-01
1.161409e-01
1.161653e-01
1.161752e-01
1.162283e-01
1.162445e-01
1.162864e-01
1.163387e-01
1.163577e-01
1.163732e-01
1.163932e-01
1.164317e-01
1.165011e-01
1.165316e-01
1.165737e-01
1.165847e-01
1.166058e-01
1.166251e-01
1.166491e-01
1.166755e-01
1.167212e-01
1.167928e-01
1.168240e-01
1.168454e-01
1.168965e-01
1.169015e-01
1.169474e-01
1.169917e-01
1.170135e-01
1.170457e-01
1.170805e-01
1.171109e-01
1.171564e-01
1.172025e-01
1.172320e-01
1.172631e-01
1.172871e-01
1.173453e-01
1.174026e-01
1.174530e-01
1.174614e-01
1.174880e-01
1.175033e-01
1.175278e-01
1.175651e-01
1.176214e-01
1.176320e-01
1.177002e-01
1.177071e-01
1.177449e-01
1.177718e-01
1.178142e-01
1.178659e-01
1.178882e-01
1.179505e-01
1.179757e-01
1.180128e-01
1.180302e-01
1.180655e-01
1.180806e-01
1.181053e-01
1.181363e-01
1.181804e-01
1.182180e-01
1.182739e-01
1.183155e-01
1.183632e-01
1.183969e-01
1.183977e-01
1.184553e-01
1.184800e-01
1.184993e-01
1.185785e-01
1.185879e-01
1.186220e-01
1.186987e-01
1.187113e-01
1.187301e-01
1.187589e-01
1.188056e-01
1.188279e-01
1.188398e-01
1.188623e-01
1.189085e-01
1.189541e-01
1.189936e-01
1.190252e-01
1.190799e-01
1.190994e-01
1.191532e-01
1.192115e-01
1.192255e-01
1.192460e-01
1.193286e-01
1.193523e-01
1.193674e-01
1.193999e-01
1.194292e-01
1.194617e-01
1.194976e-01
1.195478e-01
1.195783e-01
1.195950e-01
1.196503e-01
1.197000e-01
1.197391e-01
1.197700e-01
1.197972e-01
1.198557e-01
1.198863e-01
1.199273e-01
1.199408e-01
1.199658e-01
1.200069e-01
1.200581e-01
1.201211e-01
1.201371e-01
1.201524e-01
1.201624e-01
1.202419e-01
1.202570e-01
1.202752e-01
1.202997e-01
1.203253e-01
1.203606e-01
1.203995e-01
1.204720e-01
1.204970e-01
1.205473e-01
1.205680e-01
1.205944e-01
1.206246e-01
1.206659e-01
1.207093e-01
1.207380e-01
1.207895e-01
1.208170e-01
1.208430e-01
1.208656e-01
1.209058e-01
1.209241e-01
1.209363e-01
1.209719e-01
1.210239e-01
1.210573e-01
1.210747e-01
1.211194e-01
1.211382e-01
1.211713e-01
1.212302e-01
1.212520e-01
1.213081e-01
1.213251e-01
1.213355e-01
1.213952e-01
1.214396e-01
1.215186e-01
1.215402e-01
1.216154e-01
1.216182e-01
1.216628e-01
1.216823e-01
1.217303e-01
1.217647e-01
1.217818e-01
1.218092e-01
1.218358e-01
1.218915e-01
1.219057e-01
1.219729e-01
1.220002e-01
1.220203e-01
1.220839e-01
1.221072e-01
1.221176e-01
1.221628e-01
1.222425e-01
1.222632e-01
1.222758e-01
1.223358e-01
1.223633e-01
1.223708e-01
1.224180e-01
1.224328e-01
1.224878e-01
1.225234e-01
1.225596e-01
1.225952e-01
1.226249e-01
1.226592e-01
1.227088e-01
1.227616e-01
1.227917e-01
1.228281e-01
1.228738e-01
1.228929e-01
1.229200e-01
1.229603e-01
1.229832e-01
1.230261e-01
1.230425e-01
1.230722e-01
1.230895e-01
1.231260e-01
1.232051e-01
1.232432e-01
1.232550e-01
1.232862e-01
1.233669e-01
1.233967e-01
1.234345e-01
1.234680e-01
1.234735e-01
1.234958e-01
1.235152e-01
1.235396e-01
1.236156e-01
1.236291e-01
1.236536e-01
1.237173e-01
1.237812e-01
1.238036e-01
1.238201e-01
1.238885e-01
1.239238e-01
1.239413e-01
1.240153e-01
1.240494e-01
1.240974e-01
1.241210e-01
1.241724e-01
1.241889e-01
1.242028e-01
1.242583e-01
1.242672e-01
1.243445e-01
1.244007e-01
1.244484e-01
1.244638e-01
1.244668e-01
1.245271e-01
1.245579e-01
1.246128e-01
1.246264e-01
1.246515e-01
1.246990e-01
1.247254e-01
1.247578e-01
1.248070e-01
1.248254e-01
1.248475e-01
1.248859e-01
1.249039e-01
1.249804e-01
1.249991e-01
1.250210e-01
1.250989e-01
1.251351e-01
1.251906e-01
1.252066e-01
1.252373e-01
1.252647e-01
1.252761e-01
1.253531e-01
1.253740e-01
1.254068e-01
1.254597e-01
1.254919e-01
1.255070e-01
1.255528e-01
1.256097e-01
1.256347e-01
1.256365e-01
1.256858e-01
1.257179e-01
1.257390e-01
1.257737e-01
1.258334e-01
1.259034e-01
1.259137e-01
1.259350e-01
1.259887e-01
1.260243e-01
1.260525e-01
1.260954e-01
1.261463e-01
1.261784e-01
1.262169e-01
1.262589e-01
1.263046e-01
1.263188e-01
1.263729e-01
1.263843e-01
1.264361e-01
1.264654e-01
1.265167e-01
1.265295e-01
1.266030e-01
1.266296e-01
1.266471e-01
1.266796e-01
1.267190e-01
1.267723e-01
1.267986e-01
1.268463e-01
1.268807e-01
1.269270e-01
1.269491e-01
1.270031e-01
1.270498e-01
1.270547e-01
1.270827e-01
1.271369e-01
1.271796e-01
1.271972e-01
1.272408e-01
1.272800e-01
1.273079e-01
1.273361e-01
1.273799e-01
1.274157e-01
1.274245e-01
1.274604e-01
1.275075e-01
1.275291e-01
1.275628e-01
1.276133e-01
1.276583e-01
1.276878e-01
1.277377e-01
1.277953e-01
1.278382e-01
1.278466e-01
1.278818e-01
1.279224e-01
1.279565e-01
1.279979e-01
1.280778e-01
1.281307e-01
1.281381e-01
1.281773e-01
1.281809e-01
1.282477e-01
1.282537e-01
1.282947e-01
1.283074e-01
1.283833e-01
1.283982e-01
1.284226e-01
1.284317e-01
1.284885e-01
1.285131e-01
1.285758e-01
1.286221e-01
1.286574e-01
1.286889e-01
1.287156e-01
1.287431e-01
1.287882e-01
1.287954e-01
1.288552e-01
1.288793e-01
1.289184e-01
1.289842e-01
1.290172e-01
1.290266e-01
1.291019e-01
1.291309e-01
1.291665e-01
1.292104e-01
1.292570e-01
1.293068e-01
1.293259e-01
1.293336e-01
1.293723e-01
1.294101e-01
1.294639e-01
1.294733e-01
1.295294e-01
1.295465e-01
1.295793e-01
1.296080e-01
1.296682e-01
1.297259e-01
1.297333e-01
1.297705e-01
1.298102e-01
1.298668e-01
1.298848e-01
1.299298e-01
1.299367e-01
1.299587e-01
1.300306e-01
1.300805e-01
1.301153e-01
1.301572e-01
1.301733e-01
1.302683e-01
1.302915e-01
1.303122e-01
1.303528e-01
1.303643e-01
1.304163e-01
1.304543e-01
1.305212e-01
1.305265e-01
1.305604e-01
1.305712e-01
1.306118e-01
1.306653e-01
1.307203e-01
1.307384e-01
1.307561e-01
1.307634e-01
1.308647e-01
1.309094e-01
1.309229e-01
1.309681e-01
1.310220e-01
1.310321e-01
1.310740e-01
1.310878e-01
1.311809e-01
1.312142e-01
1.312481e-01
1.312975e-01
1.313295e-01
1.314021e-01
1.314137e-01
1.314399e-01
1.314963e-01
1.315323e-01
1.315588e-01
1.315856e-01
1.316195e-01
1.316926e-01
1.317142e-01
1.317371e-01
1.317796e-01
1.318535e-01
1.318894e-01
1.319161e-01
1.319311e-01
1.319894e-01
1.320204e-01
1.320534e-01
1.320847e-01
1.321163e-01
1.321340e-01
1.321531e-01
1.322315e-01
1.322863e-01
1.323139e-01
1.323513e-01
1.323924e-01
1.324274e-01
1.325057e-01
1.325456e-01
1.326012e-01
1.326204e-01
1.326713e-01
1.326923e-01
1.327194e-01
1.328069e-01
1.328269e-01
1.328791e-01
1.328945e-01
1.329155e-01
1.329528e-01
1.330190e-01
1.330694e-01
1.331050e-01
1.331417e-01
1.331691e-01
1.331749e-01
1.332095e-01
1.332558e-01
1.332752e-01
1.333051e-01
1.333605e-01
1.334120e-01
1.334922e-01
1.335203e-01
1.335402e-01
1.335613e-01
1.336004e-01
1.336491e-01
1.336734e-01
1.336808e-01
1.338064e-01
1.338562e-01
1.338689e-01
1.338826e-01
1.339404e-01
1.339501e-01
1.339704e-01
1.340324e-01
1.340617e-01
1.340871e-01
1.341085e-01
1.341651e-01
1.342300e-01
1.342487e-01
1.343133e-01
1.343685e-01
1.343900e-01
1.344319e-01
1.344589e-01
1.345138e-01
1.345908e-01
1.346093e-01
1.346482e-01
1.346709e-01
1.346979e-01
1.347138e-01
1.347441e-01
1.348090e-01
1.348533e-01
1.348742e-01
1.349437e-01
1.349694e-01
1.350023e-01
1.350704e-01
1.351066e-01
1.351486e-01
1.351997e-01
1.352255e-01
1.352847e-01
1.353178e-01
1.353415e-01
1.354015e-01
1.354173e-01
1.354428e-01
1.355210e-01
1.355510e-01
1.355784e-01
1.356267e-01
1.356507e-01
1.356992e-01
1.357173e-01
1.357607e-01
1.357978e-01
1.358489e-01
1.359085e-01
1.360027e-01
1.360176e-01
1.360482e-01
1.360887e-01
1.361317e-01
1.361532e-01
1.361766e-01
1.362092e-01
1.362493e-01
1.362894e-01
1.363089e-01
1.363716e-01
1.363973e-01
1.364284e-01
1.364454e-01
1.364847e-01
1.365430e-01
1.365838e-01
1.366593e-01
1.366647e-01
1.366936e-01
1.367466e-01
1.367613e-01
1.367915e-01
1.368815e-01
1.368983e-01
1.369495e-01
1.369797e-01
1.370552e-01
1.371048e-01
1.371411e-01
1.371580e-01
1.372075e-01
1.372589e-01
1.373218e-01
1.373256e-01
1.373656e-01
1.373865e-01
1.373936e-01
1.374501e-01
1.375200e-01
1.375338e-01
1.376173e-01
1.376238e-01
1.376536e-01
1.376580e-01
1.377138e-01
1.377270e-01
1.377974e-01
1.378531e-01
1.378857e-01
1.379331e-01
1.379621e-01
1.380068e-01
1.380206e-01
1.380876e-01
1.381145e-01
1.381464e-01
1.382298e-01
1.382790e-01
1.383601e-01
1.383826e-01
1.384060e-01
1.384276e-01
1.384960e-01
1.385486e-01
1.385617e-01
1.386008e-01
1.386533e-01
1.386850e-01
1.387360e-01
1.388231e-01
1.388522e-01
1.389046e-01
1.389167e-01
1.390401e-01
1.390549e-01
1.390695e-01
1.391035e-01
1.391336e-01
1.391412e-01
1.392111e-01
1.392769e-01
1.393089e-01
1.393507e-01
1.393965e-01
1.394060e-01
1.394685e-01
1.395044e-01
1.395350e-01
1.395539e-01
1.396311e-01
1.396970e-01
1.397281e-01
1.397660e-01
1.397844e-01
1.398325e-01
1.398618e-01
1.399081e-01
1.399543e-01
1.399785e-01
1.400064e-01
1.400162e-01
1.401286e-01
1.401547e-01
1.402167e-01
1.402285e-01
1.402958e-01
1.403303e-01
1.403487e-01
1.403971e-01
1.404315e-01
1.404914e-01
1.405531e-01
1.405802e-01
1.405979e-01
1.406492e-01
1.406831e-01
1.407310e-01
1.407649e-01
1.407912e-01
1.408640e-01
1.408667e-01
1.409508e-01
1.409618e-01
1.410127e-01
1.410516e-01
1.410863e-01
1.411549e-01
1.411790e-01
1.412123e-01
1.412557e-01
1.413163e-01
1.413697e-01
1.414100e-01
1.414110e-01
1.414302e-01
1.414899e-01
1.415143e-01
1.415538e-01
1.416102e-01
1.416339e-01
1.416672e-01
1.416784e-01
1.417489e-01
1.418222e-01
1.418480e-01
1.418945e-01
1.419068e-01
1.419650e-01
1.420065e-01
1.420381e-01
1.420698e-01
1.421628e-01
1.421726e-01
1.421944e-01
1.422420e-01
1.422692e-01
1.422961e-01
1.423882e-01
1.424199e-01
1.424502e-01
1.424904e-01
1.424992e-01
1.425388e-01
1.425975e-01
1.426674e-01
1.426777e-01
1.427130e-01
1.427505e-01
1.428593e-01
1.428823e-01
1.429208e-01
1.429850e-01
1.430387e-01
1.430697e-01
1.431004e-01
1.431472e-01
1.431807e-01
1.432153e-01
1.432373e-01
1.433046e-01
1.433175e-01
1.434044e-01
1.434252e-01
1.434351e-01
1.434633e-01
1.434873e-01
1.435215e-01
1.435481e-01
1.436013e-01
1.436669e-01
1.436836e-01
1.437344e-01
1.437932e-01
1.438016e-01
1.438490e-01
1.439139e-01
1.439492e-01
1.440191e-01
1.440646e-01
1.441127e-01
1.441150e-01
1.441984e-01
1.442258e-01
1.442422e-01
1.442875e-01
1.443112e-01
1.443637e-01
1.444056e-01
1.444558e-01
1.445054e-01
1.445439e-01
1.445975e-01
1.446239e-01
1.446725e-01
1.447196e-01
1.447823e-01
1.448155e-01
1.448369e-01
1.448780e-01
1.449044e-01
1.449476e-01
1.449888e-01
1.449921e-01
1.450382e-01
1.450749e-01
1.451527e-01
1.451952e-01
1.452450e-01
1.452608e-01
1.453330e-01
1.453937e-01
1.454182e-01
1.454491e-01
1.454841e-01
1.455164e-01
1.455306e-01
1.456163e-01
1.456642e-01
1.457087e-01
1.457224e-01
1.457377e-01
1.458010e-01
1.458320e-01
1.458509e-01
1.458844e-01
1.459323e-01
1.459456e-01
1.459930e-01
1.460985e-01
1.461338e-01
1.461683e-01
1.461993e-01
1.462461e-01
1.462554e-01
1.462975e-01
1.463518e-01
1.464369e-01
1.464526e-01
1.464817e-01
1.465014e-01
1.465741e-01
1.466052e-01
1.466756e-01
1.466836e-01
1.467365e-01
1.468024e-01
1.468355e-01
1.468881e-01
1.469570e-01
1.469627e-01
1.469843e-01
1.470538e-01
1.470714e-01
1.470970e-01
1.471441e-01
1.472143e-01
1.472566e-01
1.472884e-01
1.473138e-01
1.473598e-01
1.474381e-01
1.474702e-01
1.475052e-01
1.475598e-01
1.475695e-01
1.476292e-01
1.477024e-01
1.477109e-01
1.477544e-01
1.478039e-01
1.478086e-01
1.479514e-01
1.479916e-01
1.480043e-01
1.480503e-01
1.480961e-01
1.481698e-01
1.482065e-01
1.482320e-01
1.482553e-01
1.483232e-01
1.483410e-01
1.484271e-01
1.484855e-01
1.485194e-01
1.485409e-01
1.486094e-01
1.486606e-01
1.486918e-01
1.487451e-01
1.487790e-01
1.488575e-01
1.488595e-01
1.488937e-01
1.489570e-01
1.489897e-01
1.490362e-01
1.490670e-01
1.491351e-01
1.491684e-01
1.492048e-01
1.492625e-01
1.493222e-01
1.493770e-01
1.494610e-01
1.494699e-01
1.494924e-01
1.495371e-01
1.495619e-01
1.496466e-01
1.496670e-01
1.497132e-01
1.497556e-01
1.497721e-01
1.497988e-01
1.498142e-01
1.499202e-01
1.499663e-01
1.499893e-01
1.500393e-01
1.500737e-01
1.501618e-01
1.501707e-01
1.501933e-01
1.502304e-01
1.503201e-01
1.503477e-01
1.503683e-01
1.504410e-01
1.505036e-01
1.505475e-01
1.505696e-01
1.506395e-01
1.506723e-01
1.507042e-01
1.507343e-01
1.507571e-01
1.507826e-01
1.508594e-01
1.508852e-01
1.509329e-01
1.509469e-01
1.510302e-01
1.510686e-01
1.511028e-01
1.511209e-01
1.511908e-01
1.512311e-01
1.512627e-01
1.512927e-01
1.513166e-01
1.513588e-01
1.514005e-01
1.514528e-01
1.514797e-01
1.515082e-01
1.515617e-01
1.516121e-01
1.516919e-01
1.517227e-01
1.517589e-01
1.517911e-01
1.518599e-01
1.518834e-01
1.519136e-01
1.519912e-01
1.520135e-01
1.520682e-01
1.520980e-01
1.521673e-01
1.522032e-01
1.522332e-01
1.522816e-01
1.523205e-01
1.523469e-01
1.524133e-01
1.524396e-01
1.524980e-01
1.525815e-01
1.526057e-01
1.526602e-01
1.526692e-01
1.527182e-01
1.527669e-01
1.528257e-01
1.528472e-01
1.528968e-01
1.529367e-01
1.529878e-01
1.530283e-01
1.530758e-01
1.531119e-01
1.531807e-01
1.532503e-01
1.533030e-01
1.533210e-01
1.533561e-01
1.534146e-01
1.534403e-01
1.535290e-01
1.535636e-01
1.535993e-01
1.536659e-01
1.537123e-01
1.537787e-01
1.537907e-01
1.538636e-01
1.539084e-01
1.539501e-01
1.539977e-01
1.540321e-01
1.540666e-01
1.541030e-01
1.541482e-01
1.541983e-01
1.542247e-01
1.542467e-01
1.543051e-01
1.543948e-01
1.544358e-01
1.544676e-01
1.545205e-01
1.545897e-01
1.546066e-01
1.546784e-01
1.547607e-01
1.547798e-01
1.548394e-01
1.548532e-01
1.549320e-01
1.549513e-01
1.549868e-01
1.550473e-01
1.550735e-01
1.551410e-01
1.551641e-01
1.552295e-01
1.552523e-01
1.552966e-01
1.553606e-01
1.554032e-01
1.554322e-01
1.554748e-01
1.555567e-01
1.555701e-01
1.556413e-01
1.556645e-01
1.557042e-01
1.557762e-01
1.558135e-01
1.558677e-01
1.559080e-01
1.559397e-01
1.559844e-01
1.560217e-01
1.560574e-01
1.560981e-01
1.562009e-01
1.562223e-01
1.562503e-01
1.563287e-01
1.563314e-01
1.563682e-01
1.564065e-01
1.564555e-01
1.564948e-01
1.565878e-01
1.566380e-01
1.566700e-01
1.567189e-01
1.567332e-01
1.568039e-01
1.568418e-01
1.569187e-01
1.569473e-01
1.569920e-01
1.570311e-01
1.570929e-01
1.571233e-01
1.571516e-01
1.572106e-01
1.572330e-01
1.572853e-01
1.573777e-01
1.573915e-01
1.574044e-01
1.574432e-01
1.575477e-01
1.576135e-01
1.576288e-01
1.576559e-01
1.576917e-01
1.577661e-01
1.577905e-01
1.578502e-01
1.578875e-01
1.579215e-01
1.579786e-01
1.580091e-01
1.580228e-01
1.581072e-01
1.581419e-01
1.581764e-01
1.581973e-01
1.583014e-01
1.583316e-01
1.583944e-01
1.584083e-01
1.584731e-01
1.585052e-01
1.585768e-01
1.586402e-01
1.586982e-01
1.587519e-01
1.588293e-01
1.588456e-01
1.588983e-01
1.589351e-01
1.589684e-01
1.590221e-01
1.590665e-01
1.590957e-01
1.591024e-01
1.592194e-01
1.592574e-01
1.592782e-01
1.593670e-01
1.594187e-01
1.594350e-01
1.594914e-01
1.595440e-01
1.596242e-01
1.596743e-01
1.597280e-01
1.597344e-01
1.597931e-01
1.598076e-01
1.598953e-01
1.599094e-01
1.599904e-01
1.600001e-01
1.600634e-01
1.600889e-01
1.601594e-01
1.601644e-01
1.601942e-01
1.602323e-01
1.602960e-01
1.603718e-01
1.604001e-01
1.604526e-01
1.604775e-01
1.604902e-01
1.605796e-01
1.606513e-01
1.606730e-01
1.607896e-01
1.608239e-01
1.608755e-01
1.609010e-01
1.609353e-01
1.610014e-01
1.610224e-01
1.610465e-01
1.611114e-01
1.611684e-01
1.611964e-01
1.612423e-01
1.612732e-01
1.613127e-01
1.613476e-01
1.613905e-01
1.614582e-01
1.614663e-01
1.615214e-01
1.616255e-01
1.616367e-01
1.617292e-01
1.617605e-01
1.618759e-01
1.619198e-01
1.619462e-01
1.619912e-01
1.620235e-01
1.620694e-01
1.620780e-01
1.621692e-01
1.622235e-01
1.622589e-01
1.623028e-01
1.623511e-01
1.623960e-01
1.624375e-01
1.624863e-01
1.625091e-01
1.625631e-01
1.625902e-01
1.626658e-01
1.626852e-01
1.627319e-01
1.627894e-01
1.628159e-01
1.628544e-01
1.629275e-01
1.629624e-01
1.630150e-01
1.630821e-01
1.631197e-01
1.631365e-01
1.632075e-01
1.632451e-01
1.632927e-01
1.633889e-01
1.634341e-01
1.634689e-01
1.634759e-01
1.635354e-01
1.635925e-01
1.636539e-01
1.637178e-01
1.637682e-01
1.638036e-01
1.638566e-01
1.638898e-01
1.639445e-01
1.639924e-01
1.640271e-01
1.640367e-01
1.641535e-01
1.641606e-01
1.642135e-01
1.643237e-01
1.643545e-01
1.644063e-01
1.644418e-01
1.644461e-01
1.644931e-01
1.645849e-01
1.646227e-01
1.646642e-01
1.647667e-01
1.648017e-01
1.648096e-01
1.648761e-01
1.649145e-01
1.650081e-01
1.650267e-01
1.651209e-01
1.651860e-01
1.652166e-01
1.652631e-01
1.652819e-01
1.654108e-01
1.654344e-01
1.654704e-01
1.655272e-01
1.655684e-01
1.656083e-01
1.656322e-01
1.656879e-01
1.657603e-01
1.657742e-01
1.658228e-01
1.658405e-01
1.658674e-01
1.658952e-01
1.659897e-01
1.660320e-01
1.660467e-01
1.661904e-01
1.662086e-01
1.662589e-01
1.662722e-01
1.662976e-01
1.663522e-01
1.663719e-01
1.664164e-01
1.664531e-01
1.665268e-01
1.666343e-01
1.666473e-01
1.666727e-01
1.667221e-01
1.667690e-01
1.668727e-01
1.669478e-01
1.669976e-01
1.670339e-01
1.671162e-01
1.671381e-01
1.672362e-01
1.672723e-01
1.673345e-01
1.673810e-01
1.674577e-01
1.674879e-01
1.675358e-01
1.675902e-01
1.676389e-01
1.676781e-01
1.677388e-01
1.677805e-01
1.678467e-01
1.679477e-01
1.680078e-01
1.680583e-01
1.680701e-01
1.681311e-01
1.682581e-01
1.682731e-01
1.683700e-01
1.683898e-01
1.684085e-01
1.685197e-01
1.685853e-01
1.686189e-01
1.686520e-01
1.686718e-01
1.687453e-01
1.687618e-01
1.688170e-01
1.688514e-01
1.689076e-01
1.689966e-01
1.690472e-01
1.690924e-01
1.691626e-01
1.692084e-01
1.692351e-01
1.692897e-01
1.693141e-01
1.693243e-01
1.693780e-01
1.694577e-01
1.695211e-01
1.695452e-01
1.695963e-01
1.696421e-01
1.697711e-01
1.697788e-01
1.698129e-01
1.698409e-01
1.698564e-01
1.699269e-01
1.699785e-01
1.700143e-01
1.701086e-01
1.701154e-01
1.701690e-01
1.702134e-01
1.702474e-01
1.702978e-01
1.703791e-01
1.704084e-01
1.704705e-01
1.705831e-01
1.706113e-01
1.706350e-01
1.707042e-01
1.707422e-01
1.708272e-01
1.708824e-01
1.709209e-01
1.709328e-01
1.709682e-01
1.710216e-01
1.710304e-01
1.710841e-01
1.711606e-01
1.712110e-01
1.712937e-01
1.713546e-01
1.714492e-01
1.715181e-01
1.715710e-01
1.716592e-01
1.716722e-01
1.716832e-01
1.717585e-01
1.718221e-01
1.718745e-01
1.719536e-01
1.720307e-01
1.720612e-01
1.720933e-01
1.721276e-01
1.721458e-01
1.722220e-01
1.722332e-01
1.723494e-01
1.723919e-01
1.724291e-01
1.724967e-01
1.725315e-01
1.725935e-01
1.725974e-01
1.726654e-01
1.727679e-01
1.728235e-01
1.728756e-01
1.729022e-01
1.729572e-01
1.730432e-01
1.730670e-01
1.730918e-01
1.731328e-01
1.731801e-01
1.732297e-01
1.732775e-01
1.733868e-01
1.734411e-01
1.734599e-01
1.734870e-01
1.735217e-01
1.735584e-01
1.737037e-01
1.737419e-01
1.737955e-01
1.738274e-01
1.738491e-01
1.738936e-01
1.739608e-01
1.740171e-01
1.740484e-01
1.741389e-01
1.742338e-01
1.742919e-01
1.743417e-01
1.743666e-01
1.743987e-01
1.744655e-01
1.745034e-01
1.745825e-01
1.746085e-01
1.746195e-01
1.746943e-01
1.747420e-01
1.747923e-01
1.748062e-01
1.749551e-01
1.749793e-01
1.750294e-01
1.750796e-01
1.751019e-01
1.751760e-01
1.752133e-01
1.752578e-01
1.753766e-01
1.754362e-01
1.754907e-01
1.756004e-01
1.756244e-01
1.756887e-01
1.757383e-01
1.757563e-01
1.758163e-01
1.758719e-01
1.759046e-01
1.760274e-01
1.760727e-01
1.761445e-01
1.761848e-01
1.762366e-01
1.762952e-01
1.763460e-01
1.764182e-01
1.764500e-01
1.764753e-01
1.764921e-01
1.766469e-01
1.766940e-01
1.767343e-01
1.767831e-01
1.768403e-01
1.768763e-01
1.768913e-01
1.769746e-01
1.770132e-01
1.771640e-01
1.771907e-01
1.771952e-01
1.772712e-01
1.773204e-01
1.773917e-01
1.774066e-01
1.774158e-01
1.775156e-01
1.775503e-01
1.776517e-01
1.777224e-01
1.777318e-01
1.777746e-01
1.779088e-01
1.779633e-01
1.779736e-01
1.779860e-01
1.780390e-01
1.781120e-01
1.781953e-01
1.782585e-01
1.782946e-01
1.783386e-01
1.784667e-01
1.785396e-01
1.785772e-01
1.786121e-01
1.786468e-01
1.787174e-01
1.787355e-01
1.787543e-01
1.787854e-01
1.788496e-01
1.788828e-01
1.789384e-01
1.789899e-01
1.790540e-01
1.791011e-01
1.791852e-01
1.792409e-01
1.792490e-01
1.793626e-01
1.794813e-01
1.795772e-01
1.796073e-01
1.796892e-01
1.797124e-01
1.797379e-01
1.797845e-01
1.798489e-01
1.799064e-01
1.799661e-01
1.800208e-01
1.801038e-01
1.802136e-01
1.802432e-01
1.803065e-01
1.803349e-01
1.804036e-01
1.804391e-01
1.804902e-01
1.805634e-01
1.806388e-01
1.806592e-01
1.807293e-01
1.807854e-01
1.808015e-01
1.809351e-01
1.809603e-01
1.810299e-01
1.810738e-01
1.811533e-01
1.812081e-01
1.812330e-01
1.812675e-01
1.813669e-01
1.814047e-01
1.814390e-01
1.815004e-01
1.815248e-01
1.816034e-01
1.816087e-01
1.816908e-01
1.817689e-01
1.818190e-01
1.818496e-01
1.818875e-01
1.819481e-01
1.820196e-01
1.820697e-01
1.821801e-01
1.822021e-01
1.822791e-01
1.823463e-01
1.823770e-01
1.824549e-01
1.825287e-01
1.825646e-01
1.825861e-01
1.826575e-01
1.827009e-01
1.828046e-01
1.828150e-01
1.829867e-01
1.829904e-01
1.830620e-01
1.830936e-01
1.831730e-01
1.832699e-01
1.833063e-01
1.833768e-01
1.834167e-01
1.834551e-01
1.835272e-01
1.835699e-01
1.836930e-01
1.837637e-01
1.837845e-01
1.838738e-01
1.839225e-01
1.839999e-01
1.840646e-01
1.841336e-01
1.841509e-01
1.841669e-01
1.842260e-01
1.842999e-01
1.843830e-01
1.844463e-01
1.844735e-01
1.844943e-01
1.846074e-01
1.846722e-01
1.846904e-01
1.847351e-01
1.847770e-01
1.847916e-01
1.849535e-01
1.850719e-01
1.851075e-01
1.851805e-01
1.852441e-01
1.853185e-01
1.853720e-01
1.853942e-01
1.854698e-01
1.855129e-01
1.855878e-01
1.856411e-01
1.856645e-01
1.857089e-01
1.857660e-01
1.858459e-01
1.858800e-01
1.859473e-01
1.860591e-01
1.861671e-01
1.862187e-01
1.863097e-01
1.863357e-01
1.863735e-01
1.864526e-01
1.864930e-01
1.865356e-01
1.866404e-01
1.867370e-01
1.868175e-01
1.868581e-01
1.869001e-01
1.870105e-01
1.870691e-01
1.870773e-01
1.871001e-01
1.872421e-01
1.872495e-01
1.872563e-01
1.873734e-01
1.874944e-01
1.875196e-01
1.876186e-01
1.877362e-01
1.877964e-01
1.878069e-01
1.878798e-01
1.879087e-01
1.879224e-01
1.879743e-01
1.881210e-01
1.881899e-01
1.882606e-01
1.883153e-01
1.883461e-01
1.883921e-01
1.884178e-01
1.884336e-01
1.885115e-01
1.885638e-01
1.885936e-01
1.886973e-01
1.887309e-01
1.888054e-01
1.888916e-01
1.889502e-01
1.889760e-01
1.890317e-01
1.890736e-01
1.891845e-01
1.892374e-01
1.892502e-01
1.893131e-01
1.893508e-01
1.893992e-01
1.894320e-01
1.895027e-01
1.895282e-01
1.895619e-01
1.896019e-01
1.897220e-01
1.897303e-01
1.897963e-01
1.898867e-01
1.899494e-01
1.900121e-01
1.900510e-01
1.901223e-01
1.901511e-01
1.901791e-01
1.902922e-01
1.903858e-01
1.904015e-01
1.905235e-01
1.906129e-01
1.906525e-01
1.907608e-01
1.907844e-01
1.908419e-01
1.908520e-01
1.909207e-01
1.909543e-01
1.909825e-01
1.910948e-01
1.911257e-01
1.912073e-01
1.912672e-01
1.913438e-01
1.913669e-01
1.914651e-01
1.914947e-01
1.915443e-01
1.916510e-01
1.916843e-01
1.917921e-01
1.918413e-01
1.919257e-01
1.919386e-01
1.919877e-01
1.920473e-01
1.921409e-01
1.922236e-01
1.922698e-01
1.923199e-01
1.923878e-01
1.924121e-01
1.924618e-01
1.925936e-01
1.926415e-01
1.927488e-01
1.927617e-01
1.928362e-01
1.929052e-01
1.929252e-01
1.929715e-01
1.930053e-01
1.930706e-01
1.931527e-01
1.931752e-01
1.932518e-01
1.932752e-01
1.933009e-01
1.933536e-01
1.934485e-01
1.935282e-01
1.936120e-01
1.936849e-01
1.937748e-01
1.938509e-01
1.938579e-01
1.939723e-01
1.940062e-01
1.940835e-01
1.941366e-01
1.942395e-01
1.942547e-01
1.943049e-01
1.943223e-01
1.943688e-01
1.944732e-01
1.945089e-01
1.946048e-01
1.946632e-01
1.946883e-01
1.947308e-01
1.948826e-01
1.949818e-01
1.950447e-01
1.951259e-01
1.951437e-01
1.952267e-01
1.952957e-01
1.953433e-01
1.954345e-01
1.955087e-01
1.955452e-01
1.956362e-01
1.956535e-01
1.956784e-01
1.957691e-01
1.958582e-01
1.959356e-01
1.960064e-01
1.960298e-01
1.961506e-01
1.961954e-01
1.962435e-01
1.963490e-01
1.963696e-01
1.964200e-01
1.965311e-01
1.965717e-01
1.966257e-01
1.967155e-01
1.967407e-01
1.968327e-01
1.969070e-01
1.970208e-01
1.970646e-01
1.971684e-01
1.972402e-01
1.972789e-01
1.973100e-01
1.973898e-01
1.974826e-01
1.975469e-01
1.976021e-01
1.976755e-01
1.976995e-01
1.977716e-01
1.978570e-01
1.979882e-01
1.980622e-01
1.982078e-01
1.982321e-01
1.982543e-01
1.983074e-01
1.983631e-01
1.984031e-01
1.985350e-01
1.985645e-01
1.986021e-01
1.986438e-01
1.987452e-01
1.987797e-01
1.988853e-01
1.989919e-01
1.990600e-01
1.991158e-01
1.991628e-01
1.992283e-01
1.992797e-01
1.994010e-01
1.994331e-01
1.994615e-01
1.995519e-01
1.996047e-01
1.996802e-01
1.998020e-01
1.998450e-01
1.999069e-01
1.999347e-01
1.999979e-01
2.000482e-01
2.001037e-01
2.002506e-01
2.003031e-01
2.004008e-01
2.004702e-01
2.005225e-01
2.006006e-01
2.006789e-01
2.007417e-01
2.007926e-01
2.008366e-01
2.008780e-01
2.009313e-01
2.009759e-01
2.010721e-01
2.011286e-01
2.011906e-01
2.012516e-01
2.013123e-01
2.014118e-01
2.015198e-01
2.015967e-01
2.016135e-01
2.017022e-01
2.017784e-01
2.018513e-01
2.019207e-01
2.020021e-01
2.020406e-01
2.020624e-01
2.021331e-01
2.022297e-01
2.023123e-01
2.023243e-01
2.023529e-01
2.024465e-01
2.025265e-01
2.026228e-01
2.026742e-01
2.027755e-01
2.028203e-01
2.028567e-01
2.028659e-01
2.030079e-01
2.030337e-01
2.031160e-01
2.031686e-01
2.032558e-01
2.032940e-01
2.034769e-01
2.035173e-01
2.035556e-01
2.036434e-01
2.036921e-01
2.037293e-01
2.038433e-01
2.038784e-01
2.039034e-01
2.039773e-01
2.040324e-01
2.041706e-01
2.042254e-01
2.042890e-01
2.043948e-01
2.044725e-01
2.045053e-01
2.045607e-01
2.046794e-01
2.047519e-01
2.047787e-01
2.048295e-01
2.048996e-01
2.049484e-01
2.049607e-01
2.050407e-01
2.050978e-01
2.051924e-01
2.052549e-01
2.052940e-01
2.053619e-01
2.054357e-01
2.054777e-01
2.055894e-01
2.056178e-01
2.056278e-01
2.057208e-01
2.058479e-01
2.058954e-01
2.059643e-01
2.060238e-01
2.061074e-01
2.061202e-01
2.062091e-01
2.062677e-01
2.063519e-01
2.064278e-01
2.065124e-01
2.065797e-01
2.066777e-01
2.066991e-01
2.067243e-01
2.067732e-01
2.069503e-01
2.070309e-01
2.071377e-01
2.071757e-01
2.073086e-01
2.073404e-01
2.075255e-01
2.075743e-01
2.076116e-01
2.076564e-01
2.077866e-01
2.078460e-01
2.079316e-01
2.079804e-01
2.080902e-01
2.081133e-01
2.082188e-01
2.082549e-01
2.083400e-01
2.083582e-01
2.084454e-01
2.084701e-01
2.086208e-01
2.086629e-01
2.087390e-01
2.087733e-01
2.087989e-01
2.088398e-01
2.089565e-01
2.089990e-01
2.090519e-01
2.091873e-01
2.092572e-01
2.092911e-01
2.095198e-01
2.095482e-01
2.096543e-01
2.096855e-01
2.097796e-01
2.098748e-01
2.099085e-01
2.099560e-01
2.099887e-01
2.100275e-01
2.100405e-01
2.101925e-01
2.102704e-01
2.103956e-01
2.104478e-01
2.104652e-01
2.105859e-01
2.106840e-01
2.107587e-01
2.107873e-01
2.108237e-01
2.109616e-01
2.110737e-01
2.110946e-01
2.111100e-01
2.112574e-01
2.113537e-01
2.114243e-01
2.115545e-01
2.116498e-01
2.116704e-01
2.117370e-01
2.117985e-01
2.118129e-01
2.119379e-01
2.120064e-01
2.121029e-01
2.121235e-01
2.122218e-01
2.122727e-01
2.123681e-01
2.124544e-01
2.124721e-01
2.125902e-01
2.126441e-01
2.127032e-01
2.128084e-01
2.129499e-01
2.130470e-01
2.130977e-01
2.131929e-01
2.132186e-01
2.132602e-01
2.133478e-01
2.134370e-01
2.135535e-01
2.135651e-01
2.136321e-01
2.137102e-01
2.138169e-01
2.138696e-01
2.139332e-01
2.140167e-01
2.141234e-01
2.142744e-01
2.142919e-01
2.143873e-01
2.144496e-01
2.144997e-01
2.146002e-01
2.146619e-01
2.147754e-01
2.148022e-01
2.148968e-01
2.150021e-01
2.150649e-01
2.151382e-01
2.152251e-01
2.152731e-01
2.153633e-01
2.154131e-01
2.155450e-01
2.156383e-01
2.156829e-01
2.157665e-01
2.158565e-01
2.159119e-01
2.160453e-01
2.160889e-01
2.161656e-01
2.162725e-01
2.163425e-01
2.163722e-01
2.165118e-01
2.165990e-01
2.166305e-01
2.167593e-01
2.168092e-01
2.168931e-01
2.170344e-01
2.171052e-01
2.171546e-01
2.171842e-01
2.172834e-01
2.173089e-01
2.174562e-01
2.175100e-01
2.177475e-01
2.177874e-01
2.178542e-01
2.179031e-01
2.180028e-01
2.180380e-01
2.181990e-01
2.182163e-01
2.182680e-01
2.183611e-01
2.184881e-01
2.185829e-01
2.187182e-01
2.188225e-01
2.188489e-01
2.189543e-01
2.190697e-01
2.191159e-01
2.192241e-01
2.192360e-01
2.193671e-01
2.194189e-01
2.194418e-01
2.195288e-01
2.195854e-01
2.197172e-01
2.198087e-01
2.198502e-01
2.199037e-01
2.200310e-01
2.201075e-01
2.201563e-01
2.202524e-01
2.203087e-01
2.204208e-01
2.205348e-01
2.206126e-01
2.206923e-01
2.207294e-01
2.208231e-01
2.209400e-01
2.209631e-01
2.210866e-01
2.212413e-01
2.213261e-01
2.213924e-01
2.214570e-01
2.215144e-01
2.216465e-01
2.217407e-01
2.218825e-01
2.219398e-01
2.220370e-01
2.220951e-01
2.221677e-01
2.222919e-01
2.223721e-01
2.224329e-01
2.225927e-01
2.227325e-01
2.228014e-01
2.228626e-01
2.229738e-01
2.230167e-01
2.231482e-01
2.232576e-01
2.232934e-01
2.233520e-01
2.234506e-01
2.235539e-01
2.235896e-01
2.236536e-01
2.237489e-01
2.237934e-01
2.238216e-01
2.239750e-01
2.240973e-01
2.242101e-01
2.243148e-01
2.243897e-01
2.244879e-01
2.246494e-01
2.246923e-01
2.247787e-01
2.248255e-01
2.248572e-01
2.249235e-01
2.250215e-01
2.251038e-01
2.252541e-01
2.253079e-01
2.254607e-01
2.255295e-01
2.256661e-01
2.257786e-01
2.258870e-01
2.259793e-01
2.260302e-01
2.260580e-01
2.261696e-01
2.262005e-01
2.263954e-01
2.264087e-01
2.264440e-01
2.266219e-01
2.268813e-01
2.269449e-01
2.269711e-01
2.270450e-01
2.271599e-01
2.271694e-01
2.273064e-01
2.273491e-01
2.274625e-01
2.275483e-01
2.276973e-01
2.277094e-01
2.277270e-01
2.278687e-01
2.279411e-01
2.281495e-01
2.282417e-01
2.283636e-01
2.283701e-01
2.285288e-01
2.286038e-01
2.286836e-01
2.288165e-01
2.289483e-01
2.290381e-01
2.290594e-01
2.290841e-01
2.291763e-01
2.293050e-01
2.293660e-01
2.295032e-01
2.296295e-01
2.296873e-01
2.297531e-01
2.298539e-01
2.299177e-01
2.300843e-01
2.301225e-01
2.302808e-01
2.303388e-01
2.304314e-01
2.304623e-01
2.304851e-01
2.306435e-01
2.307022e-01
2.307826e-01
2.308611e-01
2.309425e-01
2.310335e-01
2.310639e-01
2.311294e-01
2.312328e-01
2.313275e-01
2.314172e-01
2.314664e-01
2.316123e-01
2.316900e-01
2.317977e-01
2.319223e-01
2.319471e-01
2.320354e-01
2.321560e-01
2.322995e-01
2.323822e-01
2.324639e-01
2.325988e-01
2.326683e-01
2.327371e-01
2.328808e-01
2.328925e-01
2.329357e-01
2.330824e-01
2.331951e-01
2.332994e-01
2.333113e-01
2.333739e-01
2.334564e-01
2.336972e-01
2.337306e-01
2.338990e-01
2.339520e-01
2.339885e-01
2.340896e-01
2.341686e-01
2.342613e-01
2.343573e-01
2.344485e-01
2.345756e-01
2.346721e-01
2.348171e-01
2.348686e-01
2.349678e-01
2.350175e-01
2.351505e-01
2.352960e-01
2.353876e-01
2.355339e-01
2.356487e-01
2.358302e-01
2.358891e-01
2.360140e-01
2.360945e-01
2.362214e-01
2.362906e-01
2.364268e-01
2.364314e-01
2.365425e-01
2.365927e-01
2.366449e-01
2.368690e-01
2.369911e-01
2.370553e-01
2.371257e-01
2.371364e-01
2.372923e-01
2.373033e-01
2.374522e-01
2.375193e-01
2.375898e-01
2.377386e-01
2.377920e-01
2.379840e-01
2.380459e-01
2.381577e-01
2.383340e-01
2.383570e-01
2.384072e-01
2.385104e-01
2.386001e-01
2.386236e-01
2.387990e-01
2.389468e-01
2.390348e-01
2.392040e-01
2.392594e-01
2.393234e-01
2.393889e-01
2.395351e-01
2.395866e-01
2.397322e-01
2.397975e-01
2.399084e-01
2.399220e-01
2.401087e-01
2.402582e-01
2.402949e-01
2.404061e-01
2.405067e-01
2.405165e-01
2.405770e-01
2.406967e-01
2.407312e-01
2.408217e-01
2.409736e-01
2.410083e-01
2.411251e-01
2.412603e-01
2.414613e-01
2.415242e-01
2.415454e-01
2.417280e-01
2.417748e-01
2.418954e-01
2.419256e-01
2.420757e-01
2.422090e-01
2.423108e-01
2.424264e-01
2.424704e-01
2.426946e-01
2.428088e-01
2.428615e-01
2.429657e-01
2.430096e-01
2.430383e-01
2.431554e-01
2.432070e-01
2.433571e-01
2.434823e-01
2.435113e-01
2.437332e-01
2.438158e-01
2.438690e-01
2.439176e-01
2.440364e-01
2.440646e-01
2.441135e-01
2.441610e-01
2.443651e-01
2.444808e-01
2.446906e-01
2.447157e-01
2.447558e-01
2.448497e-01
2.449871e-01
2.450201e-01
2.451899e-01
2.452592e-01
2.453368e-01
2.453896e-01
2.454041e-01
2.454981e-01
2.456407e-01
2.456474e-01
2.457165e-01
2.457891e-01
2.459399e-01
2.460391e-01
2.460794e-01
2.463558e-01
2.464128e-01
2.465419e-01
2.466486e-01
2.467359e-01
2.469028e-01
2.470050e-01
2.470649e-01
2.471460e-01
2.473308e-01
2.473342e-01
2.473973e-01
2.474786e-01
2.476190e-01
2.476806e-01
2.477807e-01
2.478692e-01
2.480744e-01
2.481475e-01
2.482380e-01
2.483903e-01
2.485821e-01
2.486807e-01
2.489145e-01
2.489494e-01
2.490346e-01
2.491556e-01
2.492001e-01
2.492726e-01
2.492925e-01
2.495235e-01
2.495690e-01
2.496475e-01
2.497506e-01
2.499204e-01
2.499767e-01
2.500611e-01
2.501494e-01
2.502468e-01
2.503203e-01
2.504080e-01
2.504267e-01
2.505724e-01
2.506083e-01
2.507992e-01
2.508776e-01
2.509417e-01
2.511217e-01
2.511780e-01
2.513456e-01
2.513747e-01
2.515859e-01
2.516727e-01
2.517310e-01
2.518795e-01
2.519708e-01
2.520137e-01
2.521424e-01
2.522742e-01
2.524663e-01
2.525291e-01
2.525609e-01
2.526890e-01
2.528137e-01
2.529727e-01
2.530215e-01
2.532195e-01
2.532467e-01
2.533061e-01
2.534586e-01
2.535001e-01
2.535626e-01
2.537060e-01
2.538763e-01
2.539486e-01
2.540470e-01
2.541204e-01
2.542051e-01
2.542397e-01
2.544437e-01
2.544976e-01
2.545823e-01
2.548203e-01
2.549356e-01
2.549989e-01
2.552534e-01
2.552847e-01
2.553811e-01
2.554917e-01
2.555645e-01
2.556718e-01
2.557847e-01
2.559805e-01
2.560909e-01
2.562701e-01
2.563392e-01
2.564721e-01
2.566511e-01
2.567680e-01
2.569483e-01
2.570505e-01
2.571052e-01
2.572031e-01
2.573240e-01
2.574598e-01
2.575371e-01
2.578953e-01
2.580075e-01
2.580928e-01
2.581384e-01
2.582047e-01
2.582406e-01
2.583612e-01
2.585271e-01
2.585337e-01
2.586054e-01
2.589125e-01
2.589494e-01
2.590585e-01
2.591610e-01
2.592770e-01
2.594207e-01
2.595184e-01
2.595469e-01
2.597138e-01
2.597925e-01
2.600059e-01
2.600595e-01
2.602026e-01
2.603771e-01
2.604549e-01
2.605782e-01
2.606053e-01
2.606858e-01
2.608091e-01
2.609249e-01
2.611140e-01
2.613251e-01
2.614513e-01
2.615564e-01
2.616893e-01
2.618582e-01
2.619705e-01
2.621679e-01
2.622249e-01
2.623346e-01
2.624121e-01
2.625754e-01
2.626564e-01
2.628324e-01
2.629458e-01
2.629641e-01
2.630802e-01
2.632814e-01
2.633073e-01
2.634527e-01
2.635422e-01
2.638094e-01
2.638319e-01
2.641561e-01
2.643072e-01
2.644523e-01
2.646742e-01
2.648320e-01
2.650160e-01
2.650924e-01
2.651820e-01
2.652641e-01
2.653922e-01
2.654261e-01
2.655621e-01
2.657036e-01
2.658196e-01
2.658595e-01
2.659338e-01
2.660432e-01
2.662750e-01
2.664231e-01
2.664795e-01
2.665595e-01
2.666537e-01
2.668179e-01
2.669424e-01
2.670806e-01
2.672937e-01
2.674004e-01
2.675523e-01
2.675641e-01
2.678172e-01
2.679206e-01
2.679561e-01
2.680845e-01
2.681664e-01
2.682870e-01
2.683837e-01
2.685692e-01
2.686983e-01
2.688015e-01
2.688565e-01
2.689432e-01
2.689892e-01
2.690375e-01
2.691816e-01
2.694226e-01
2.695717e-01
2.696281e-01
2.697241e-01
2.698957e-01
2.699467e-01
2.701508e-01
2.701939e-01
2.703129e-01
2.704942e-01
2.706170e-01
2.707863e-01
2.709782e-01
2.711079e-01
2.712067e-01
2.712529e-01
2.713046e-01
2.714767e-01
2.716613e-01
2.718116e-01
2.718798e-01
2.719973e-01
2.723210e-01
2.724218e-01
2.725221e-01
2.726943e-01
2.728034e-01
2.729578e-01
2.731717e-01
2.732667e-01
2.734002e-01
2.734541e-01
2.734982e-01
2.736080e-01
2.736573e-01
2.738271e-01
2.739280e-01
2.740523e-01
2.742289e-01
2.743127e-01
2.744648e-01
2.745417e-01
2.746597e-01
2.749383e-01
2.750947e-01
2.752549e-01
2.753362e-01
2.754399e-01
2.755645e-01
2.756804e-01
2.757794e-01
2.759391e-01
2.760451e-01
2.761419e-01
2.761723e-01
2.762353e-01
2.764417e-01
2.765766e-01
2.767651e-01
2.767711e-01
2.769413e-01
2.770632e-01
2.771846e-01
2.774309e-01
2.776240e-01
2.776345e-01
2.777974e-01
2.779688e-01
2.780227e-01
2.781529e-01
2.782255e-01
2.783633e-01
2.785432e-01
2.785725e-01
2.786632e-01
2.787575e-01
2.790300e-01
2.791115e-01
2.792085e-01
2.793002e-01
2.795602e-01
2.796535e-01
2.797041e-01
2.799734e-01
2.800499e-01
2.801052e-01
2.804775e-01
2.805524e-01
2.807259e-01
2.808385e-01
2.808769e-01
2.809766e-01
2.813456e-01
2.813861e-01
2.814830e-01
2.815276e-01
2.815714e-01
2.818955e-01
2.820105e-01
2.821444e-01
2.821562e-01
2.822540e-01
2.824434e-01
2.825871e-01
2.826390e-01
2.828159e-01
2.829099e-01
2.830196e-01
2.832457e-01
2.834034e-01
2.835360e-01
2.838512e-01
2.838709e-01
2.839451e-01
2.841212e-01
2.842304e-01
2.842421e-01
2.843034e-01
2.843835e-01
2.845084e-01
2.845732e-01
2.846403e-01
2.848075e-01
2.848578e-01
2.849850e-01
2.850710e-01
2.854239e-01
2.855370e-01
2.856332e-01
2.857045e-01
2.857581e-01
2.857693e-01
2.860188e-01
2.860897e-01
2.862024e-01
2.862312e-01
2.863643e-01
2.865503e-01
2.866008e-01
2.866605e-01
2.868086e-01
2.869643e-01
2.871273e-01
2.872396e-01
2.874009e-01
2.874861e-01
2.875061e-01
2.875829e-01
2.876274e-01
2.877769e-01
2.879554e-01
2.881137e-01
2.882372e-01
2.883213e-01
2.884680e-01
2.886070e-01
2.889196e-01
2.890432e-01
2.892023e-01
2.893188e-01
2.893952e-01
2.895164e-01
2.896667e-01
2.898683e-01
2.902648e-01
2.902932e-01
2.905342e-01
2.905544e-01
2.908175e-01
2.909459e-01
2.912271e-01
2.914015e-01
2.915712e-01
2.917234e-01
2.918243e-01
2.918531e-01
2.921607e-01
2.922837e-01
2.925027e-01
2.926860e-01
2.929714e-01
2.931414e-01
2.933232e-01
2.936156e-01
2.936533e-01
2.938634e-01
2.939310e-01
2.940249e-01
2.943726e-01
2.944517e-01
2.945770e-01
2.950266e-01
2.950487e-01
2.953004e-01
2.954362e-01
2.955819e-01
2.958187e-01
2.959944e-01
2.960813e-01
2.963950e-01
2.965023e-01
2.965205e-01
2.966755e-01
2.967197e-01
2.968727e-01
2.969229e-01
2.972679e-01
2.973719e-01
2.974708e-01
2.975732e-01
2.979700e-01
2.981846e-01
2.982847e-01
2.984269e-01
2.985414e-01
2.986529e-01
2.990420e-01
2.991131e-01
2.994110e-01
2.994533e-01
2.995750e-01
2.997297e-01
2.999165e-01
3.001665e-01
3.003878e-01
3.004100e-01
3.005149e-01
3.007329e-01
3.008841e-01
3.013829e-01
3.014922e-01
3.016324e-01
3.017398e-01
3.018570e-01
3.019133e-01
3.020886e-01
3.021944e-01
3.024115e-01
3.024415e-01
3.027359e-01
3.028765e-01
3.031079e-01
3.031530e-01
3.032173e-01
3.032825e-01
3.036104e-01
3.036906e-01
3.038482e-01
3.041855e-01
3.043810e-01
3.044659e-01
3.045637e-01
3.046392e-01
3.048749e-01
3.049995e-01
3.051054e-01
3.051797e-01
3.052209e-01
3.053591e-01
3.056263e-01
3.056933e-01
3.057331e-01
3.058497e-01
3.063495e-01
3.067616e-01
3.069678e-01
3.071458e-01
3.074218e-01
3.076099e-01
3.077782e-01
3.078896e-01
3.080685e-01
3.082078e-01
3.083950e-01
3.085421e-01
3.087343e-01
3.090012e-01
3.093407e-01
3.094558e-01
3.096799e-01
3.098601e-01
3.102066e-01
3.102884e-01
3.105783e-01
3.109335e-01
3.111206e-01
3.111791e-01
3.113098e-01
3.116130e-01
3.119272e-01
3.119788e-01
3.120591e-01
3.121826e-01
3.122386e-01
3.123119e-01
3.128092e-01
3.131447e-01
3.134805e-01
3.135074e-01
3.138325e-01
3.139941e-01
3.142160e-01
3.143842e-01
3.145502e-01
3.146283e-01
3.149273e-01
3.149594e-01
3.151480e-01
3.151649e-01
3.154668e-01
3.158628e-01
3.159906e-01
3.162115e-01
3.166637e-01
3.168434e-01
3.169567e-01
3.174198e-01
3.175618e-01
3.179757e-01
3.181120e-01
3.181668e-01
3.182797e-01
3.183147e-01
3.184130e-01
3.186630e-01
3.188025e-01
3.189616e-01
3.192043e-01
3.193755e-01
3.195327e-01
3.197610e-01
3.199663e-01
3.200120e-01
3.201515e-01
3.203264e-01
3.205440e-01
3.206981e-01
3.210715e-01
3.213269e-01
3.214554e-01
3.218147e-01
3.220044e-01
3.221134e-01
3.222809e-01
3.226816e-01
3.228439e-01
3.229468e-01
3.231753e-01
3.234205e-01
3.235921e-01
3.240787e-01
3.241354e-01
3.244412e-01
3.246150e-01
3.248089e-01
3.248883e-01
3.250282e-01
3.251792e-01
3.253574e-01
3.254754e-01
3.255432e-01
3.256788e-01
3.258736e-01
3.260737e-01
3.263069e-01
3.266305e-01
3.268446e-01
3.270618e-01
3.273107e-01
3.274106e-01
3.277568e-01
3.278206e-01
3.282308e-01
3.283400e-01
3.284979e-01
3.289716e-01
3.291282e-01
3.293511e-01
3.295718e-01
3.296304e-01
3.297076e-01
3.300116e-01
3.301730e-01
3.304027e-01
3.305066e-01
3.309794e-01
3.311994e-01
3.314748e-01
3.316424e-01
3.317561e-01
3.321157e-01
3.323624e-01
3.327396e-01
3.330187e-01
3.331381e-01
3.332343e-01
3.334189e-01
3.335866e-01
3.336497e-01
3.338316e-01
3.341491e-01
3.345051e-01
3.347627e-01
3.351264e-01
3.352713e-01
3.355316e-01
3.357335e-01
3.357939e-01
3.360503e-01
3.362455e-01
3.363968e-01
3.367679e-01
3.368170e-01
3.369494e-01
3.370151e-01
3.375653e-01
3.377652e-01
3.377859e-01
3.378264e-01
3.382528e-01
3.387234e-01
3.392558e-01
3.393028e-01
3.394097e-01
3.394693e-01
3.396106e-01
3.399778e-01
3.402712e-01
3.405393e-01
3.405645e-01
3.407030e-01
3.410908e-01
3.413185e-01
3.415446e-01
3.416947e-01
3.418210e-01
3.418936e-01
3.421469e-01
3.425116e-01
3.426528e-01
3.427236e-01
3.430029e-01
3.431162e-01
3.433590e-01
3.437302e-01
3.439245e-01
3.442771e-01
3.444820e-01
3.446548e-01
3.448808e-01
3.451106e-01
3.454161e-01
3.457968e-01
3.461718e-01
3.464035e-01
3.465080e-01
3.472692e-01
3.473952e-01
3.477681e-01
3.479718e-01
3.483205e-01
3.486020e-01
3.486272e-01
3.489265e-01
3.492061e-01
3.494487e-01
3.496025e-01
3.496519e-01
3.499020e-01
3.500419e-01
3.502940e-01
3.503202e-01
3.504069e-01
3.507703e-01
3.512136e-01
3.514252e-01
3.516843e-01
3.517199e-01
3.518689e-01
3.522959e-01
3.526797e-01
3.531020e-01
3.531030e-01
3.534408e-01
3.542162e-01
3.544304e-01
3.546503e-01
3.547153e-01
3.548569e-01
3.550980e-01
3.552785e-01
3.553478e-01
3.555253e-01
3.560181e-01
3.567205e-01
3.573126e-01
3.577048e-01
3.578758e-01
3.579136e-01
3.582081e-01
3.586957e-01
3.591051e-01
3.595638e-01
3.596304e-01
3.598798e-01
3.601955e-01
3.603151e-01
3.603700e-01
3.605310e-01
3.606846e-01
3.613988e-01
3.618079e-01
3.620841e-01
3.621556e-01
3.627019e-01
3.629721e-01
3.633658e-01
3.637849e-01
3.640938e-01
3.642942e-01
3.648479e-01
3.649100e-01
3.650052e-01
3.651475e-01
3.657310e-01
3.657859e-01
3.658482e-01
3.666929e-01
3.668496e-01
3.672803e-01
3.674800e-01
3.676864e-01
3.678278e-01
3.682673e-01
3.688329e-01
3.693075e-01
3.696830e-01
3.700334e-01
3.702987e-01
3.704108e-01
3.706284e-01
3.707894e-01
3.712995e-01
3.715406e-01
3.718729e-01
3.719116e-01
3.720939e-01
3.723781e-01
3.727344e-01
3.729923e-01
3.731963e-01
3.733568e-01
3.738944e-01
3.740139e-01
3.741167e-01
3.743504e-01
3.749762e-01
3.756029e-01
3.758470e-01
3.759518e-01
3.761132e-01
3.762237e-01
3.768029e-01
3.776494e-01
3.776521e-01
3.781727e-01
3.783726e-01
3.790358e-01
3.792670e-01
3.795395e-01
3.803402e-01
3.804059e-01
3.809031e-01
3.825706e-01
3.826106e-01
3.831071e-01
3.832077e-01
3.836472e-01
3.838628e-01
3.840013e-01
3.846810e-01
3.853558e-01
3.857714e-01
3.860323e-01
3.864738e-01
3.867859e-01
3.875490e-01
3.879162e-01
3.885455e-01
3.887677e-01
3.892052e-01
3.892716e-01
3.896363e-01
3.901412e-01
3.904641e-01
3.904980e-01
3.912700e-01
3.920828e-01
3.923391e-01
3.925731e-01
3.926755e-01
3.931995e-01
3.933120e-01
3.935425e-01
3.940510e-01
3.944627e-01
3.949237e-01
3.949507e-01
3.953090e-01
3.955945e-01
3.964632e-01
3.966288e-01
3.968323e-01
3.970654e-01
3.973730e-01
3.980108e-01
3.987105e-01
3.989529e-01
3.996720e-01
4.001287e-01
4.001451e-01
4.008069e-01
4.010939e-01
4.016467e-01
4.017995e-01
4.020167e-01
4.024146e-01
4.031298e-01
4.032295e-01
4.032991e-01
4.040689e-01
4.044884e-01
4.053878e-01
4.058350e-01
4.067795e-01
4.068265e-01
4.078354e-01
4.080289e-01
4.084453e-01
4.086006e-01
4.093784e-01
4.095100e-01
4.101441e-01
4.102032e-01
4.102702e-01
4.106905e-01
4.114296e-01
4.117475e-01
4.125937e-01
4.128892e-01
4.133369e-01
4.138343e-01
4.141147e-01
4.147720e-01
4.153561e-01
4.154903e-01
4.161811e-01
4.164156e-01
4.167751e-01
4.172117e-01
4.178614e-01
4.184971e-01
4.188226e-01
4.197884e-01
4.208607e-01
4.219131e-01
4.228731e-01
4.229086e-01
4.229686e-01
4.233255e-01
4.235154e-01
4.237752e-01
4.249588e-01
4.255144e-01
4.255865e-01
4.264379e-01
4.269870e-01
4.286818e-01
4.291278e-01
4.292244e-01
4.301789e-01
4.302517e-01
4.303987e-01
4.304925e-01
4.306094e-01
4.307936e-01
4.316254e-01
4.319833e-01
4.320634e-01
4.324394e-01
4.326174e-01
4.327145e-01
4.334827e-01
4.346475e-01
4.346783e-01
4.356885e-01
4.360428e-01
4.370821e-01
4.374986e-01
4.382831e-01
4.386575e-01
4.388725e-01
4.400461e-01
4.401936e-01
4.403315e-01
4.405968e-01
4.406201e-01
4.424316e-01
4.435644e-01
4.437847e-01
4.440590e-01
4.441484e-01
4.445255e-01
4.445704e-01
4.447760e-01
4.449265e-01
4.461608e-01
4.469091e-01
4.477034e-01
4.477301e-01
4.478888e-01
4.490914e-01
4.496317e-01
4.498076e-01
4.500264e-01
4.502655e-01
4.514694e-01
4.522683e-01
4.526042e-01
4.542448e-01
4.544016e-01
4.546715e-01
4.553642e-01
4.565985e-01
4.572951e-01
4.581543e-01
4.587229e-01
4.603721e-01
4.609044e-01
4.612753e-01
4.623040e-01
4.626873e-01
4.639078e-01
4.639472e-01
4.642863e-01
4.649040e-01
4.649964e-01
4.659375e-01
4.663514e-01
4.668652e-01
4.669250e-01
4.677923e-01
4.683407e-01
4.696417e-01
4.708635e-01
4.709239e-01
4.731516e-01
4.731763e-01
4.736373e-01
4.755830e-01
4.765591e-01
4.779947e-01
4.790722e-01
4.801742e-01
4.805387e-01
4.812931e-01
4.821327e-01
4.828043e-01
4.834041e-01
4.841800e-01
4.851263e-01
4.870243e-01
4.870751e-01
4.873119e-01
4.880410e-01
4.881708e-01
4.885470e-01
4.920378e-01
4.923818e-01
4.928050e-01
4.952649e-01
4.952830e-01
4.968320e-01
4.979429e-01
4.982483e-01
4.986950e-01
4.990477e-01
5.013414e-01
5.033658e-01
5.038095e-01
5.047721e-01
5.058181e-01
5.061825e-01
5.074870e-01
5.081108e-01
5.093860e-01
5.096470e-01
5.105222e-01
5.107718e-01
5.120131e-01
5.175073e-01
5.175084e-01
5.216613e-01
5.233732e-01
5.234820e-01
5.259422e-01
5.282831e-01
5.297724e-01
5.313049e-01
5.321884e-01
5.324646e-01
5.338883e-01
5.358837e-01
5.375908e-01
5.408150e-01
5.411589e-01
5.426103e-01
5.454399e-01
5.463139e-01
5.475666e-01
5.491608e-01
5.494077e-01
5.516058e-01
5.530035e-01
5.538430e-01
5.542880e-01
5.546717e-01
5.548572e-01
5.554059e-01
5.570621e-01
5.594426e-01
5.626826e-01
5.627757e-01
5.631860e-01
5.641001e-01
5.695237e-01
5.699404e-01
5.725014e-01
5.739749e-01
5.740473e-01
5.789615e-01
5.797764e-01
5.830742e-01
5.869871e-01
5.885750e-01
5.887513e-01
5.890882e-01
5.944433e-01
5.957867e-01
6.024333e-01
6.027455e-01
6.038499e-01
6.067808e-01
6.146905e-01
6.175373e-01
6.178427e-01
6.194037e-01
6.287810e-01
6.291859e-01
6.326618e-01
6.382356e-01
6.415735e-01
6.477278e-01
6.480802e-01
6.514941e-01
6.526908e-01
6.639884e-01
6.713453e-01
6.742944e-01
6.743753e-01
6.779737e-01
6.794747e-01
6.883040e-01
6.901141e-01
6.927811e-01
7.041207e-01
7.289540e-01
7.367400e-01
7.597064e-01
7.649144e-01
7.676178e-01
7.784612e-01
7.943714e-01
7.971287e-01
8.129169e-01
8.184175e-01
8.660123e-01
8.839752e-01
1.000000e+00
