command: /home/sesquerre/MacroFlow3D-SF-33/build/v100-release/inlet_slab --proto /home/sesquerre/MacroFlow3D-SF-33/docs/experiments/artifacts/2026-10-06-sf33-gpu-inlet-labels/exports/gauss_0.5_32 --summary /home/sesquerre/MacroFlow3D-SF-33/docs/experiments/artifacts/2026-10-06-sf33-gpu-inlet-labels/raw/proto_b/gauss_0.5_32.json
CASE_DIR /home/sesquerre/MacroFlow3D-SF-33/docs/experiments/artifacts/2026-10-06-sf33-gpu-inlet-labels/exports/gauss_0.5_32 field=gauss eps=0.5 N=32 nphi=32 Q0=0.999999999790303 inlet_vmin=3.833921e-01 v_rms=1.08101151761272 cache_hit=0 stage_amplitudes=32 target_eps=0.5
SETUP grad_lnk=analytic (prototype export: complex-step gradient of the analytic ln k at the vertices)
SOLVER N=32 eps=0.5 cand=i1o4 newton_tol=1.0e-13 max_newton=120 lin_tol=1.0e-12 restart=100 max_inner=6000 bisect=4 prec=P-A ladder=(0.25,0.5,1) stage_ok=1e-09 forcing=ew ew_gamma=0.9 ew_alpha=2 ew_eta0=0.1 ew_eta_max=0.1 ew_eta_min=1.0e-12 psitc=on psitc_mu0=1 psitc_mu_max=100 psitc_norm=merit psitc_retries=4 psitc_retry_factor=4 stagnation_window=5 stagnation_factor=0.5 gmres_stagnation_factor=0.9 coarse=mult coarse_profiles=2 coarse_assembly=colored coarse_factor=banded
SOLVER_COARSE mode=mult profiles=2 K=4096 assembly=colored factor=banded (SF-33 N7c probe: Galerkin coarse correction on the x1-constant + x1-linear column subspace, rebuilt with P-A at every factor)
STAGE field=gauss eps=0.25 N=32 cand=i1o4 (from eps=0, u=0)
  NEWTON gauss:0.25:32:i1o4 it= 0 r_F=4.928e+00 r_out=6.530e-02
    COARSE build mode=mult profiles=2 K=4096 t_assembly=0.030s t_lu=0.523s t_cond=0.033s norm1=5.567e+05 inv_norm1_est=1.268e-03 rcond_est=1.417e-03 min|U_kk|=4.202e+03 max|U_kk|=1.437e+05 zero_pivots=0 mu=1.000e+00 assembly=colored factor=banded applications=256 color_period=8 kl=639 ku=639
    COARSE apply applications=3 t_apply_avg=6.079ms t_host_solve_avg=5.136ms
    LINEAR gmres+P-A+CC(mult,2) its=2 rel=4.5e-03 t=0.02s cycles=1 reorth=2 rec=4.5e-03 status=converged t_fact=0.00s singular_modes=0 mu=1.000e+00
  NEWTON gauss:0.25:32:i1o4 it= 1 r_F=2.692e+00 r_out=1.532e-03 lambda=1 |dx|max=3.68e-02 lin=gmres+P-A+CC(mult,2) rel=4.5e-03 lits=2 t_lin=0.0s |dx|2=6.50e-01 t_fact=0.59s eta=1.00e-01 mu=1.000e+00 retries=0
    COARSE build mode=mult profiles=2 K=4096 t_assembly=0.026s t_lu=0.528s t_cond=0.033s norm1=5.274e+05 inv_norm1_est=2.393e-03 rcond_est=7.924e-04 min|U_kk|=3.009e+03 max|U_kk|=1.253e+05 zero_pivots=0 mu=5.463e-01 assembly=colored factor=banded applications=256 color_period=8 kl=639 ku=639
    COARSE apply applications=3 t_apply_avg=6.050ms t_host_solve_avg=5.119ms
    LINEAR gmres+P-A+CC(mult,2) its=2 rel=4.2e-03 t=0.02s cycles=1 reorth=2 rec=4.2e-03 status=converged t_fact=0.00s singular_modes=0 mu=5.463e-01
  NEWTON gauss:0.25:32:i1o4 it= 2 r_F=1.566e+00 r_out=1.969e-04 lambda=1 |dx|max=2.33e-02 lin=gmres+P-A+CC(mult,2) rel=4.2e-03 lits=2 t_lin=0.0s |dx|2=7.06e-01 t_fact=0.59s eta=1.00e-01 mu=5.463e-01 retries=0
    COARSE build mode=mult profiles=2 K=4096 t_assembly=0.026s t_lu=0.524s t_cond=0.033s norm1=5.164e+05 inv_norm1_est=4.155e-03 rcond_est=4.660e-04 min|U_kk|=2.278e+03 max|U_kk|=1.161e+05 zero_pivots=0 mu=3.178e-01 assembly=colored factor=banded applications=256 color_period=8 kl=639 ku=639
    COARSE apply applications=3 t_apply_avg=6.061ms t_host_solve_avg=5.124ms
    LINEAR gmres+P-A+CC(mult,2) its=2 rel=6.6e-03 t=0.02s cycles=1 reorth=2 rec=6.6e-03 status=converged t_fact=0.00s singular_modes=0 mu=3.178e-01
  NEWTON gauss:0.25:32:i1o4 it= 3 r_F=9.320e-01 r_out=2.337e-04 lambda=1 |dx|max=1.72e-02 lin=gmres+P-A+CC(mult,2) rel=6.6e-03 lits=2 t_lin=0.0s |dx|2=7.33e-01 t_fact=0.59s eta=1.00e-01 mu=3.178e-01 retries=0
    COARSE build mode=mult profiles=2 K=4096 t_assembly=0.026s t_lu=0.538s t_cond=0.038s norm1=5.131e+05 inv_norm1_est=6.765e-03 rcond_est=2.881e-04 min|U_kk|=1.779e+03 max|U_kk|=1.110e+05 zero_pivots=0 mu=1.891e-01 assembly=colored factor=banded applications=256 color_period=8 kl=639 ku=639
    COARSE apply applications=3 t_apply_avg=6.044ms t_host_solve_avg=5.117ms
    LINEAR gmres+P-A+CC(mult,2) its=2 rel=8.9e-03 t=0.02s cycles=1 reorth=2 rec=8.9e-03 status=converged t_fact=0.00s singular_modes=0 mu=1.891e-01
  NEWTON gauss:0.25:32:i1o4 it= 4 r_F=5.188e-01 r_out=2.409e-04 lambda=1 |dx|max=1.39e-02 lin=gmres+P-A+CC(mult,2) rel=8.9e-03 lits=2 t_lin=0.0s |dx|2=6.88e-01 t_fact=0.60s eta=1.00e-01 mu=1.891e-01 retries=0
    COARSE build mode=mult profiles=2 K=4096 t_assembly=0.027s t_lu=0.523s t_cond=0.033s norm1=5.129e+05 inv_norm1_est=1.122e-02 rcond_est=1.737e-04 min|U_kk|=1.391e+03 max|U_kk|=1.077e+05 zero_pivots=0 mu=1.053e-01 assembly=colored factor=banded applications=256 color_period=8 kl=639 ku=639
    COARSE apply applications=4 t_apply_avg=6.032ms t_host_solve_avg=5.105ms
    LINEAR gmres+P-A+CC(mult,2) its=3 rel=2.7e-03 t=0.02s cycles=1 reorth=3 rec=2.7e-03 status=converged t_fact=0.00s singular_modes=0 mu=1.053e-01
  NEWTON gauss:0.25:32:i1o4 it= 5 r_F=2.579e-01 r_out=5.136e-05 lambda=1 |dx|max=1.26e-02 lin=gmres+P-A+CC(mult,2) rel=2.7e-03 lits=3 t_lin=0.0s |dx|2=6.12e-01 t_fact=0.59s eta=1.00e-01 mu=1.053e-01 retries=0
    COARSE build mode=mult profiles=2 K=4096 t_assembly=0.026s t_lu=0.524s t_cond=0.033s norm1=5.128e+05 inv_norm1_est=1.796e-02 rcond_est=1.086e-04 min|U_kk|=1.093e+03 max|U_kk|=1.058e+05 zero_pivots=0 mu=5.232e-02 assembly=colored factor=banded applications=256 color_period=8 kl=639 ku=639
    COARSE apply applications=4 t_apply_avg=6.052ms t_host_solve_avg=5.124ms
    LINEAR gmres+P-A+CC(mult,2) its=3 rel=6.3e-03 t=0.02s cycles=1 reorth=3 rec=6.3e-03 status=converged t_fact=0.00s singular_modes=0 mu=5.232e-02
  NEWTON gauss:0.25:32:i1o4 it= 6 r_F=1.222e-01 r_out=3.617e-05 lambda=1 |dx|max=1.24e-02 lin=gmres+P-A+CC(mult,2) rel=6.3e-03 lits=3 t_lin=0.0s |dx|2=5.81e-01 t_fact=0.59s eta=1.00e-01 mu=5.232e-02 retries=0
    COARSE build mode=mult profiles=2 K=4096 t_assembly=0.026s t_lu=0.525s t_cond=0.033s norm1=5.120e+05 inv_norm1_est=2.676e-02 rcond_est=7.299e-05 min|U_kk|=8.936e+02 max|U_kk|=1.049e+05 zero_pivots=0 mu=2.480e-02 assembly=colored factor=banded applications=256 color_period=8 kl=639 ku=639
    COARSE apply applications=5 t_apply_avg=6.028ms t_host_solve_avg=5.098ms
    LINEAR gmres+P-A+CC(mult,2) its=4 rel=6.8e-03 t=0.03s cycles=1 reorth=4 rec=6.8e-03 status=converged t_fact=0.00s singular_modes=0 mu=2.480e-02
  NEWTON gauss:0.25:32:i1o4 it= 7 r_F=6.489e-02 r_out=1.277e-05 lambda=1 |dx|max=1.26e-02 lin=gmres+P-A+CC(mult,2) rel=6.8e-03 lits=4 t_lin=0.0s |dx|2=6.58e-01 t_fact=0.59s eta=1.00e-01 mu=2.480e-02 retries=0
    COARSE build mode=mult profiles=2 K=4096 t_assembly=0.026s t_lu=0.533s t_cond=0.033s norm1=5.251e+05 inv_norm1_est=3.519e-02 rcond_est=5.412e-05 min|U_kk|=7.852e+02 max|U_kk|=1.045e+05 zero_pivots=0 mu=1.317e-02 assembly=colored factor=banded applications=256 color_period=8 kl=639 ku=639
    COARSE apply applications=6 t_apply_avg=6.023ms t_host_solve_avg=5.103ms
    LINEAR gmres+P-A+CC(mult,2) its=5 rel=9.4e-03 t=0.04s cycles=1 reorth=5 rec=9.4e-03 status=converged t_fact=0.00s singular_modes=0 mu=1.317e-02
  NEWTON gauss:0.25:32:i1o4 it= 8 r_F=4.114e-02 r_out=2.166e-05 lambda=1 |dx|max=1.27e-02 lin=gmres+P-A+CC(mult,2) rel=9.4e-03 lits=5 t_lin=0.0s |dx|2=8.04e-01 t_fact=0.59s eta=1.00e-01 mu=1.317e-02 retries=0
    COARSE build mode=mult profiles=2 K=4096 t_assembly=0.026s t_lu=0.548s t_cond=0.033s norm1=5.595e+05 inv_norm1_est=3.706e-02 rcond_est=4.823e-05 min|U_kk|=7.296e+02 max|U_kk|=1.042e+05 zero_pivots=0 mu=8.348e-03 assembly=colored factor=banded applications=256 color_period=8 kl=639 ku=639
    COARSE apply applications=8 t_apply_avg=6.041ms t_host_solve_avg=5.113ms
    LINEAR gmres+P-A+CC(mult,2) its=7 rel=8.0e-03 t=0.05s cycles=1 reorth=6 rec=8.0e-03 status=converged t_fact=0.00s singular_modes=0 mu=8.348e-03
  NEWTON gauss:0.25:32:i1o4 it= 9 r_F=2.946e-02 r_out=4.085e-05 lambda=1 |dx|max=1.42e-02 lin=gmres+P-A+CC(mult,2) rel=8.0e-03 lits=7 t_lin=0.1s |dx|2=9.13e-01 t_fact=0.61s eta=1.00e-01 mu=8.348e-03 retries=0
    COARSE build mode=mult profiles=2 K=4096 t_assembly=0.026s t_lu=0.558s t_cond=0.033s norm1=5.968e+05 inv_norm1_est=4.336e-02 rcond_est=3.865e-05 min|U_kk|=6.936e+02 max|U_kk|=1.041e+05 zero_pivots=0 mu=5.979e-03 assembly=colored factor=banded applications=256 color_period=8 kl=639 ku=639
    COARSE apply applications=11 t_apply_avg=6.028ms t_host_solve_avg=5.107ms
    LINEAR gmres+P-A+CC(mult,2) its=10 rel=9.0e-03 t=0.07s cycles=1 reorth=9 rec=9.0e-03 status=converged t_fact=0.00s singular_modes=0 mu=5.979e-03
  NEWTON gauss:0.25:32:i1o4 it=10 r_F=2.097e-02 r_out=4.666e-05 lambda=1 |dx|max=1.53e-02 lin=gmres+P-A+CC(mult,2) rel=9.0e-03 lits=10 t_lin=0.1s |dx|2=8.91e-01 t_fact=0.62s eta=1.00e-01 mu=5.979e-03 retries=0
    COARSE build mode=mult profiles=2 K=4096 t_assembly=0.026s t_lu=0.563s t_cond=0.033s norm1=6.278e+05 inv_norm1_est=4.972e-02 rcond_est=3.203e-05 min|U_kk|=6.610e+02 max|U_kk|=1.040e+05 zero_pivots=0 mu=4.255e-03 assembly=colored factor=banded applications=256 color_period=8 kl=639 ku=639
    COARSE apply applications=16 t_apply_avg=6.035ms t_host_solve_avg=5.114ms
    LINEAR gmres+P-A+CC(mult,2) its=15 rel=9.0e-03 t=0.10s cycles=1 reorth=14 rec=9.0e-03 status=converged t_fact=0.00s singular_modes=0 mu=4.255e-03
  NEWTON gauss:0.25:32:i1o4 it=11 r_F=1.375e-02 r_out=3.910e-05 lambda=1 |dx|max=1.39e-02 lin=gmres+P-A+CC(mult,2) rel=9.0e-03 lits=15 t_lin=0.1s |dx|2=7.92e-01 t_fact=0.62s eta=1.00e-01 mu=4.255e-03 retries=0
    COARSE build mode=mult profiles=2 K=4096 t_assembly=0.026s t_lu=0.586s t_cond=0.039s norm1=6.503e+05 inv_norm1_est=5.754e-02 rcond_est=2.672e-05 min|U_kk|=6.304e+02 max|U_kk|=1.039e+05 zero_pivots=0 mu=2.791e-03 assembly=colored factor=banded applications=256 color_period=8 kl=639 ku=639
    COARSE apply applications=21 t_apply_avg=6.032ms t_host_solve_avg=5.111ms
    LINEAR gmres+P-A+CC(mult,2) its=20 rel=8.0e-03 t=0.13s cycles=1 reorth=18 rec=8.0e-03 status=converged t_fact=0.00s singular_modes=0 mu=2.791e-03
  NEWTON gauss:0.25:32:i1o4 it=12 r_F=7.879e-03 r_out=2.618e-05 lambda=1 |dx|max=1.14e-02 lin=gmres+P-A+CC(mult,2) rel=8.0e-03 lits=20 t_lin=0.1s |dx|2=6.43e-01 t_fact=0.65s eta=1.00e-01 mu=2.791e-03 retries=0
    COARSE build mode=mult profiles=2 K=4096 t_assembly=0.027s t_lu=0.585s t_cond=0.033s norm1=6.647e+05 inv_norm1_est=6.787e-02 rcond_est=2.217e-05 min|U_kk|=6.037e+02 max|U_kk|=1.038e+05 zero_pivots=0 mu=1.599e-03 assembly=colored factor=banded applications=256 color_period=8 kl=639 ku=639
    COARSE apply applications=26 t_apply_avg=6.030ms t_host_solve_avg=5.112ms
    LINEAR gmres+P-A+CC(mult,2) its=25 rel=9.6e-03 t=0.17s cycles=1 reorth=24 rec=9.6e-03 status=converged t_fact=0.00s singular_modes=0 mu=1.599e-03
  NEWTON gauss:0.25:32:i1o4 it=13 r_F=3.590e-03 r_out=1.274e-05 lambda=1 |dx|max=7.89e-03 lin=gmres+P-A+CC(mult,2) rel=9.6e-03 lits=25 t_lin=0.2s |dx|2=4.44e-01 t_fact=0.65s eta=1.00e-01 mu=1.599e-03 retries=0
    COARSE build mode=mult profiles=2 K=4096 t_assembly=0.026s t_lu=0.590s t_cond=0.033s norm1=6.737e+05 inv_norm1_est=7.798e-02 rcond_est=1.903e-05 min|U_kk|=5.823e+02 max|U_kk|=1.038e+05 zero_pivots=0 mu=7.285e-04 assembly=colored factor=banded applications=256 color_period=8 kl=639 ku=639
    COARSE apply applications=32 t_apply_avg=6.035ms t_host_solve_avg=5.114ms
    LINEAR gmres+P-A+CC(mult,2) its=31 rel=9.0e-03 t=0.21s cycles=1 reorth=29 rec=9.0e-03 status=converged t_fact=0.00s singular_modes=0 mu=7.285e-04
  NEWTON gauss:0.25:32:i1o4 it=14 r_F=1.047e-03 r_out=3.489e-06 lambda=1 |dx|max=3.97e-03 lin=gmres+P-A+CC(mult,2) rel=9.0e-03 lits=31 t_lin=0.2s |dx|2=2.26e-01 t_fact=0.65s eta=1.00e-01 mu=7.285e-04 retries=0
    COARSE build mode=mult profiles=2 K=4096 t_assembly=0.026s t_lu=0.595s t_cond=0.034s norm1=6.821e+05 inv_norm1_est=8.551e-02 rcond_est=1.715e-05 min|U_kk|=5.554e+02 max|U_kk|=1.052e+05 zero_pivots=0 mu=2.125e-04 assembly=colored factor=banded applications=256 color_period=8 kl=639 ku=639
    COARSE apply applications=38 t_apply_avg=6.046ms t_host_solve_avg=5.126ms
    LINEAR gmres+P-A+CC(mult,2) its=37 rel=7.1e-03 t=0.25s cycles=1 reorth=36 rec=7.1e-03 status=converged t_fact=0.00s singular_modes=0 mu=2.125e-04
  NEWTON gauss:0.25:32:i1o4 it=15 r_F=1.126e-04 r_out=3.359e-07 lambda=1 |dx|max=1.09e-03 lin=gmres+P-A+CC(mult,2) rel=7.1e-03 lits=37 t_lin=0.2s |dx|2=6.31e-02 t_fact=0.66s eta=7.66e-02 mu=2.125e-04 retries=0
    COARSE build mode=mult profiles=2 K=4096 t_assembly=0.026s t_lu=0.596s t_cond=0.033s norm1=6.853e+05 inv_norm1_est=8.861e-02 rcond_est=1.647e-05 min|U_kk|=5.508e+02 max|U_kk|=1.053e+05 zero_pivots=0 mu=2.284e-05 assembly=colored factor=banded applications=256 color_period=8 kl=639 ku=639
    COARSE apply applications=53 t_apply_avg=6.041ms t_host_solve_avg=5.121ms
    LINEAR gmres+P-A+CC(mult,2) its=52 rel=9.1e-04 t=0.36s cycles=1 reorth=50 rec=9.1e-04 status=converged t_fact=0.00s singular_modes=0 mu=2.284e-05
  NEWTON gauss:0.25:32:i1o4 it=16 r_F=1.352e-06 r_out=3.992e-09 lambda=1 |dx|max=9.65e-05 lin=gmres+P-A+CC(mult,2) rel=9.1e-04 lits=52 t_lin=0.4s |dx|2=5.58e-03 t_fact=0.66s eta=1.04e-02 mu=2.284e-05 retries=0
    COARSE build mode=mult profiles=2 K=4096 t_assembly=0.026s t_lu=0.597s t_cond=0.033s norm1=6.857e+05 inv_norm1_est=8.899e-02 rcond_est=1.639e-05 min|U_kk|=5.503e+02 max|U_kk|=1.053e+05 zero_pivots=0 mu=2.743e-07 assembly=colored factor=banded applications=256 color_period=8 kl=639 ku=639
    COARSE apply applications=78 t_apply_avg=6.044ms t_host_solve_avg=5.124ms
    LINEAR gmres+P-A+CC(mult,2) its=77 rel=1.2e-05 t=0.54s cycles=1 reorth=75 rec=1.2e-05 status=converged t_fact=0.00s singular_modes=0 mu=2.743e-07
  NEWTON gauss:0.25:32:i1o4 it=17 r_F=1.928e-10 r_out=5.476e-13 lambda=1 |dx|max=9.36e-07 lin=gmres+P-A+CC(mult,2) rel=1.2e-05 lits=77 t_lin=0.5s |dx|2=5.39e-05 t_fact=0.66s eta=1.30e-04 mu=2.743e-07 retries=0
    COARSE build mode=mult profiles=2 K=4096 t_assembly=0.026s t_lu=0.596s t_cond=0.033s norm1=6.857e+05 inv_norm1_est=8.899e-02 rcond_est=1.639e-05 min|U_kk|=5.503e+02 max|U_kk|=1.053e+05 zero_pivots=0 mu=3.911e-11 assembly=colored factor=banded applications=256 color_period=8 kl=639 ku=639
    COARSE apply applications=74 t_apply_avg=6.044ms t_host_solve_avg=5.125ms
    LINEAR gmres+P-A+CC(mult,2) its=73 rel=2.2e-05 t=0.51s cycles=1 reorth=71 rec=2.2e-05 status=converged t_fact=0.00s singular_modes=0 mu=3.911e-11
  NEWTON gauss:0.25:32:i1o4 it=18 r_F=9.852e-15 r_out=4.312e-16 lambda=1 |dx|max=1.12e-10 lin=gmres+P-A+CC(mult,2) rel=2.2e-05 lits=73 t_lin=0.5s |dx|2=6.27e-09 t_fact=0.66s eta=2.59e-04 mu=3.911e-11 retries=0
  STAGE_END field=gauss eps=0.25 N=32 cand=i1o4 status=converged its=18 r_F=9.852e-15 r_out=4.312e-16 -> accepted
STAGE field=gauss eps=0.5 N=32 cand=i1o4 (from eps=0.25, warm start)
  NEWTON gauss:0.5:32:i1o4 it= 0 r_F=5.110e+00 r_out=7.206e-02
    COARSE build mode=mult profiles=2 K=4096 t_assembly=0.026s t_lu=0.533s t_cond=0.040s norm1=9.186e+05 inv_norm1_est=2.121e-03 rcond_est=5.132e-04 min|U_kk|=2.960e+03 max|U_kk|=1.938e+05 zero_pivots=0 mu=1.000e+00 assembly=colored factor=banded applications=256 color_period=8 kl=639 ku=639
    COARSE apply applications=3 t_apply_avg=6.021ms t_host_solve_avg=5.091ms
    LINEAR gmres+P-A+CC(mult,2) its=2 rel=9.0e-03 t=0.02s cycles=1 reorth=2 rec=9.0e-03 status=converged t_fact=0.00s singular_modes=0 mu=1.000e+00
  NEWTON gauss:0.5:32:i1o4 it= 1 r_F=2.738e+00 r_out=8.585e-03 lambda=1 |dx|max=3.76e-02 lin=gmres+P-A+CC(mult,2) rel=9.0e-03 lits=2 t_lin=0.0s |dx|2=6.59e-01 t_fact=0.60s eta=1.00e-01 mu=1.000e+00 retries=0
    COARSE build mode=mult profiles=2 K=4096 t_assembly=0.027s t_lu=0.524s t_cond=0.033s norm1=8.956e+05 inv_norm1_est=4.196e-03 rcond_est=2.661e-04 min|U_kk|=2.084e+03 max|U_kk|=1.690e+05 zero_pivots=0 mu=5.358e-01 assembly=colored factor=banded applications=256 color_period=8 kl=639 ku=639
    COARSE apply applications=4 t_apply_avg=6.041ms t_host_solve_avg=5.112ms
    LINEAR gmres+P-A+CC(mult,2) its=3 rel=3.1e-03 t=0.02s cycles=1 reorth=3 rec=3.1e-03 status=converged t_fact=0.00s singular_modes=0 mu=5.358e-01
  NEWTON gauss:0.5:32:i1o4 it= 2 r_F=1.535e+00 r_out=1.446e-03 lambda=1 |dx|max=2.37e-02 lin=gmres+P-A+CC(mult,2) rel=3.1e-03 lits=3 t_lin=0.0s |dx|2=7.19e-01 t_fact=0.59s eta=1.00e-01 mu=5.358e-01 retries=0
    COARSE build mode=mult profiles=2 K=4096 t_assembly=0.026s t_lu=0.524s t_cond=0.033s norm1=8.951e+05 inv_norm1_est=7.554e-03 rcond_est=1.479e-04 min|U_kk|=1.545e+03 max|U_kk|=1.565e+05 zero_pivots=0 mu=3.003e-01 assembly=colored factor=banded applications=256 color_period=8 kl=639 ku=639
    COARSE apply applications=4 t_apply_avg=6.035ms t_host_solve_avg=5.114ms
    LINEAR gmres+P-A+CC(mult,2) its=3 rel=9.3e-03 t=0.02s cycles=1 reorth=3 rec=9.3e-03 status=converged t_fact=0.00s singular_modes=0 mu=3.003e-01
  NEWTON gauss:0.5:32:i1o4 it= 3 r_F=8.747e-01 r_out=4.539e-04 lambda=1 |dx|max=1.76e-02 lin=gmres+P-A+CC(mult,2) rel=9.3e-03 lits=3 t_lin=0.0s |dx|2=7.51e-01 t_fact=0.59s eta=1.00e-01 mu=3.003e-01 retries=0
    COARSE build mode=mult profiles=2 K=4096 t_assembly=0.026s t_lu=0.524s t_cond=0.033s norm1=9.126e+05 inv_norm1_est=1.277e-02 rcond_est=8.578e-05 min|U_kk|=1.189e+03 max|U_kk|=1.499e+05 zero_pivots=0 mu=1.712e-01 assembly=colored factor=banded applications=256 color_period=8 kl=639 ku=639
    COARSE apply applications=5 t_apply_avg=6.037ms t_host_solve_avg=5.105ms
    LINEAR gmres+P-A+CC(mult,2) its=4 rel=1.0e-02 t=0.03s cycles=1 reorth=4 rec=1.0e-02 status=converged t_fact=0.00s singular_modes=0 mu=1.712e-01
  NEWTON gauss:0.5:32:i1o4 it= 4 r_F=4.691e-01 r_out=2.891e-04 lambda=1 |dx|max=1.51e-02 lin=gmres+P-A+CC(mult,2) rel=1.0e-02 lits=4 t_lin=0.0s |dx|2=7.09e-01 t_fact=0.59s eta=1.00e-01 mu=1.712e-01 retries=0
    COARSE build mode=mult profiles=2 K=4096 t_assembly=0.026s t_lu=0.525s t_cond=0.033s norm1=9.410e+05 inv_norm1_est=2.096e-02 rcond_est=5.069e-05 min|U_kk|=9.308e+02 max|U_kk|=1.460e+05 zero_pivots=0 mu=9.179e-02 assembly=colored factor=banded applications=256 color_period=8 kl=639 ku=639
    COARSE apply applications=8 t_apply_avg=6.025ms t_host_solve_avg=5.103ms
    LINEAR gmres+P-A+CC(mult,2) its=7 rel=8.4e-03 t=0.05s cycles=1 reorth=7 rec=8.4e-03 status=converged t_fact=0.00s singular_modes=0 mu=9.179e-02
  NEWTON gauss:0.5:32:i1o4 it= 5 r_F=2.319e-01 r_out=1.238e-04 lambda=1 |dx|max=1.36e-02 lin=gmres+P-A+CC(mult,2) rel=8.4e-03 lits=7 t_lin=0.0s |dx|2=6.44e-01 t_fact=0.59s eta=1.00e-01 mu=9.179e-02 retries=0
    COARSE build mode=mult profiles=2 K=4096 t_assembly=0.026s t_lu=0.549s t_cond=0.033s norm1=9.704e+05 inv_norm1_est=3.145e-02 rcond_est=3.277e-05 min|U_kk|=7.508e+02 max|U_kk|=1.439e+05 zero_pivots=0 mu=4.538e-02 assembly=colored factor=banded applications=256 color_period=8 kl=639 ku=639
    COARSE apply applications=23 t_apply_avg=6.028ms t_host_solve_avg=5.105ms
    LINEAR gmres+P-A+CC(mult,2) its=22 rel=9.1e-03 t=0.15s cycles=1 reorth=21 rec=9.1e-03 status=converged t_fact=0.00s singular_modes=0 mu=4.538e-02
  NEWTON gauss:0.5:32:i1o4 it= 6 r_F=1.154e-01 r_out=4.092e-05 lambda=1 |dx|max=1.25e-02 lin=gmres+P-A+CC(mult,2) rel=9.1e-03 lits=22 t_lin=0.1s |dx|2=6.49e-01 t_fact=0.61s eta=1.00e-01 mu=4.538e-02 retries=0
    COARSE build mode=mult profiles=2 K=4096 t_assembly=0.026s t_lu=0.567s t_cond=0.033s norm1=1.007e+06 inv_norm1_est=4.485e-02 rcond_est=2.214e-05 min|U_kk|=6.456e+02 max|U_kk|=1.429e+05 zero_pivots=0 mu=2.258e-02 assembly=colored factor=banded applications=256 color_period=8 kl=639 ku=639
    COARSE apply applications=56 t_apply_avg=6.041ms t_host_solve_avg=5.121ms
    LINEAR gmres+P-A+CC(mult,2) its=55 rel=9.8e-03 t=0.38s cycles=1 reorth=55 rec=9.8e-03 status=converged t_fact=0.00s singular_modes=0 mu=2.258e-02
  NEWTON gauss:0.5:32:i1o4 it= 7 r_F=6.442e-02 r_out=2.300e-05 lambda=1 |dx|max=1.19e-02 lin=gmres+P-A+CC(mult,2) rel=9.8e-03 lits=55 t_lin=0.4s |dx|2=7.46e-01 t_fact=0.63s eta=1.00e-01 mu=2.258e-02 retries=0
    COARSE build mode=mult profiles=2 K=4096 t_assembly=0.026s t_lu=0.577s t_cond=0.047s norm1=1.062e+06 inv_norm1_est=7.965e-02 rcond_est=1.182e-05 min|U_kk|=5.934e+02 max|U_kk|=1.423e+05 zero_pivots=0 mu=1.261e-02 assembly=colored factor=banded applications=256 color_period=8 kl=639 ku=639
    COARSE apply applications=91 t_apply_avg=6.029ms t_host_solve_avg=5.113ms
    LINEAR gmres+P-A+CC(mult,2) its=90 rel=9.8e-03 t=0.64s cycles=1 reorth=86 rec=9.8e-03 status=converged t_fact=0.00s singular_modes=0 mu=1.261e-02
  NEWTON gauss:0.5:32:i1o4 it= 8 r_F=4.186e-02 r_out=4.641e-05 lambda=1 |dx|max=1.17e-02 lin=gmres+P-A+CC(mult,2) rel=9.8e-03 lits=90 t_lin=0.6s |dx|2=8.82e-01 t_fact=0.65s eta=1.00e-01 mu=1.261e-02 retries=0
    COARSE build mode=mult profiles=2 K=4096 t_assembly=0.026s t_lu=0.581s t_cond=0.033s norm1=1.137e+06 inv_norm1_est=4.609e-01 rcond_est=1.908e-06 min|U_kk|=5.683e+02 max|U_kk|=1.418e+05 zero_pivots=0 mu=8.191e-03 assembly=colored factor=banded applications=256 color_period=8 kl=639 ku=639
    COARSE apply applications=101 t_apply_avg=6.065ms t_host_solve_avg=5.145ms
    LINEAR gmres+P-A+CC(mult,2) its=100 rel=3.0e-02 t=0.73s cycles=1 reorth=97 rec=3.0e-02 status=converged t_fact=0.00s singular_modes=0 mu=8.191e-03
  NEWTON gauss:0.5:32:i1o4 it= 9 r_F=3.098e-02 r_out=9.303e-05 lambda=1 |dx|max=1.38e-02 lin=gmres+P-A+CC(mult,2) rel=3.0e-02 lits=100 t_lin=0.7s |dx|2=9.75e-01 t_fact=0.64s eta=1.00e-01 mu=8.191e-03 retries=0
    COARSE build mode=mult profiles=2 K=4096 t_assembly=0.026s t_lu=0.588s t_cond=0.033s norm1=1.212e+06 inv_norm1_est=2.393e+02 rcond_est=3.449e-09 min|U_kk|=7.414e+00 max|U_kk|=1.415e+05 zero_pivots=0 mu=6.062e-03 assembly=colored factor=banded applications=256 color_period=8 kl=639 ku=639
    COARSE apply applications=202 t_apply_avg=6.040ms t_host_solve_avg=5.122ms
    LINEAR gmres+P-A+CC(mult,2) its=200 rel=5.1e-02 t=1.45s cycles=2 reorth=198 rec=5.1e-02 status=converged t_fact=0.00s singular_modes=0 mu=6.062e-03
  NEWTON gauss:0.5:32:i1o4 it=10 r_F=2.328e-02 r_out=9.972e-05 lambda=1 |dx|max=1.44e-02 lin=gmres+P-A+CC(mult,2) rel=5.1e-02 lits=200 t_lin=1.5s |dx|2=9.32e-01 t_fact=0.65s eta=1.00e-01 mu=6.062e-03 retries=0
    COARSE build mode=mult profiles=2 K=4096 t_assembly=0.026s t_lu=0.596s t_cond=0.047s norm1=1.271e+06 inv_norm1_est=4.685e-01 rcond_est=1.679e-06 min|U_kk|=5.419e+02 max|U_kk|=1.412e+05 zero_pivots=0 mu=4.555e-03 assembly=colored factor=banded applications=256 color_period=8 kl=639 ku=639
    COARSE apply applications=707 t_apply_avg=6.060ms t_host_solve_avg=5.144ms
    LINEAR gmres+P-A+CC(mult,2) its=700 rel=1.0e-01 t=5.10s cycles=7 reorth=689 rec=1.0e-01 status=converged t_fact=0.00s singular_modes=0 mu=4.555e-03
  NEWTON gauss:0.5:32:i1o4 it=11 r_F=1.651e-02 r_out=8.854e-05 lambda=1 |dx|max=1.26e-02 lin=gmres+P-A+CC(mult,2) rel=1.0e-01 lits=700 t_lin=5.1s |dx|2=8.09e-01 t_fact=0.67s eta=1.00e-01 mu=4.555e-03 retries=0
    COARSE build mode=mult profiles=2 K=4096 t_assembly=0.027s t_lu=0.598s t_cond=0.033s norm1=1.311e+06 inv_norm1_est=2.874e-01 rcond_est=2.655e-06 min|U_kk|=5.304e+02 max|U_kk|=1.409e+05 zero_pivots=0 mu=3.232e-03 assembly=colored factor=banded applications=256 color_period=8 kl=639 ku=639
    COARSE apply applications=303 t_apply_avg=6.039ms t_host_solve_avg=5.122ms
    LINEAR gmres+P-A+CC(mult,2) its=300 rel=5.5e-01 t=2.18s cycles=3 reorth=292 rec=5.5e-01 status=stagnation t_fact=0.00s singular_modes=0 mu=3.232e-03
  NEWTON gauss:0.5:32:i1o4 it=12 linear_failure: GMRES status=stagnation rel=5.5e-01 lits=300 prec singular modes=0 (step not taken) eta=1.00e-01 mu=3.232e-03
  STAGE_END field=gauss eps=0.5 N=32 cand=i1o4 status=linear_failure its=12 r_F=1.651e-02 r_out=8.854e-05 -> FAILED
  CONTINUATION bisection 1/4: retry from eps=0.25 at eps=0.375
STAGE field=gauss eps=0.375 N=32 cand=i1o4 (from eps=0.25, warm start)
  NEWTON gauss:0.375:32:i1o4 it= 0 r_F=2.522e+00 r_out=3.524e-02
    COARSE build mode=mult profiles=2 K=4096 t_assembly=0.026s t_lu=0.524s t_cond=0.033s norm1=8.228e+05 inv_norm1_est=1.832e-03 rcond_est=6.635e-04 min|U_kk|=3.491e+03 max|U_kk|=1.659e+05 zero_pivots=0 mu=1.000e+00 assembly=colored factor=banded applications=256 color_period=8 kl=639 ku=639
    COARSE apply applications=3 t_apply_avg=6.045ms t_host_solve_avg=5.112ms
    LINEAR gmres+P-A+CC(mult,2) its=2 rel=6.6e-03 t=0.02s cycles=1 reorth=2 rec=6.6e-03 status=converged t_fact=0.00s singular_modes=0 mu=1.000e+00
  NEWTON gauss:0.375:32:i1o4 it= 1 r_F=1.360e+00 r_out=3.250e-03 lambda=1 |dx|max=1.89e-02 lin=gmres+P-A+CC(mult,2) rel=6.6e-03 lits=2 t_lin=0.0s |dx|2=3.29e-01 t_fact=0.59s eta=1.00e-01 mu=1.000e+00 retries=0
    COARSE build mode=mult profiles=2 K=4096 t_assembly=0.026s t_lu=0.524s t_cond=0.033s norm1=7.975e+05 inv_norm1_est=3.615e-03 rcond_est=3.468e-04 min|U_kk|=2.452e+03 max|U_kk|=1.445e+05 zero_pivots=0 mu=5.392e-01 assembly=colored factor=banded applications=256 color_period=8 kl=639 ku=639
    COARSE apply applications=3 t_apply_avg=6.037ms t_host_solve_avg=5.109ms
    LINEAR gmres+P-A+CC(mult,2) its=2 rel=6.4e-03 t=0.02s cycles=1 reorth=2 rec=6.4e-03 status=converged t_fact=0.00s singular_modes=0 mu=5.392e-01
  NEWTON gauss:0.375:32:i1o4 it= 2 r_F=7.718e-01 r_out=9.406e-04 lambda=1 |dx|max=1.19e-02 lin=gmres+P-A+CC(mult,2) rel=6.4e-03 lits=2 t_lin=0.0s |dx|2=3.57e-01 t_fact=0.59s eta=1.00e-01 mu=5.392e-01 retries=0
    COARSE build mode=mult profiles=2 K=4096 t_assembly=0.026s t_lu=0.524s t_cond=0.033s norm1=7.887e+05 inv_norm1_est=6.506e-03 rcond_est=1.949e-04 min|U_kk|=1.821e+03 max|U_kk|=1.337e+05 zero_pivots=0 mu=3.059e-01 assembly=colored factor=banded applications=256 color_period=8 kl=639 ku=639
    COARSE apply applications=4 t_apply_avg=6.034ms t_host_solve_avg=5.099ms
    LINEAR gmres+P-A+CC(mult,2) its=3 rel=5.0e-03 t=0.02s cycles=1 reorth=3 rec=5.0e-03 status=converged t_fact=0.00s singular_modes=0 mu=3.059e-01
  NEWTON gauss:0.375:32:i1o4 it= 3 r_F=4.495e-01 r_out=1.563e-04 lambda=1 |dx|max=8.97e-03 lin=gmres+P-A+CC(mult,2) rel=5.0e-03 lits=3 t_lin=0.0s |dx|2=3.73e-01 t_fact=0.59s eta=1.00e-01 mu=3.059e-01 retries=0
    COARSE build mode=mult profiles=2 K=4096 t_assembly=0.026s t_lu=0.524s t_cond=0.033s norm1=7.935e+05 inv_norm1_est=1.073e-02 rcond_est=1.175e-04 min|U_kk|=1.411e+03 max|U_kk|=1.279e+05 zero_pivots=0 mu=1.782e-01 assembly=colored factor=banded applications=256 color_period=8 kl=639 ku=639
    COARSE apply applications=5 t_apply_avg=6.032ms t_host_solve_avg=5.108ms
    LINEAR gmres+P-A+CC(mult,2) its=4 rel=5.3e-03 t=0.03s cycles=1 reorth=4 rec=5.3e-03 status=converged t_fact=0.00s singular_modes=0 mu=1.782e-01
  NEWTON gauss:0.375:32:i1o4 it= 4 r_F=2.461e-01 r_out=8.953e-05 lambda=1 |dx|max=7.46e-03 lin=gmres+P-A+CC(mult,2) rel=5.3e-03 lits=4 t_lin=0.0s |dx|2=3.51e-01 t_fact=0.59s eta=1.00e-01 mu=1.782e-01 retries=0
    COARSE build mode=mult profiles=2 K=4096 t_assembly=0.026s t_lu=0.524s t_cond=0.033s norm1=8.014e+05 inv_norm1_est=1.728e-02 rcond_est=7.221e-05 min|U_kk|=1.105e+03 max|U_kk|=1.243e+05 zero_pivots=0 mu=9.754e-02 assembly=colored factor=banded applications=256 color_period=8 kl=639 ku=639
    COARSE apply applications=6 t_apply_avg=6.020ms t_host_solve_avg=5.096ms
    LINEAR gmres+P-A+CC(mult,2) its=5 rel=7.4e-03 t=0.04s cycles=1 reorth=5 rec=7.4e-03 status=converged t_fact=0.00s singular_modes=0 mu=9.754e-02
  NEWTON gauss:0.375:32:i1o4 it= 5 r_F=1.224e-01 r_out=4.629e-05 lambda=1 |dx|max=6.71e-03 lin=gmres+P-A+CC(mult,2) rel=7.4e-03 lits=5 t_lin=0.0s |dx|2=3.17e-01 t_fact=0.59s eta=1.00e-01 mu=9.754e-02 retries=0
    COARSE build mode=mult profiles=2 K=4096 t_assembly=0.026s t_lu=0.537s t_cond=0.033s norm1=8.113e+05 inv_norm1_est=2.530e-02 rcond_est=4.872e-05 min|U_kk|=8.812e+02 max|U_kk|=1.222e+05 zero_pivots=0 mu=4.851e-02 assembly=colored factor=banded applications=256 color_period=8 kl=639 ku=639
    COARSE apply applications=9 t_apply_avg=6.213ms t_host_solve_avg=5.280ms
    LINEAR gmres+P-A+CC(mult,2) its=8 rel=8.6e-03 t=0.06s cycles=1 reorth=8 rec=8.6e-03 status=converged t_fact=0.00s singular_modes=0 mu=4.851e-02
  NEWTON gauss:0.375:32:i1o4 it= 6 r_F=5.990e-02 r_out=1.287e-05 lambda=1 |dx|max=6.24e-03 lin=gmres+P-A+CC(mult,2) rel=8.6e-03 lits=8 t_lin=0.1s |dx|2=3.12e-01 t_fact=0.60s eta=1.00e-01 mu=4.851e-02 retries=0
    COARSE build mode=mult profiles=2 K=4096 t_assembly=0.026s t_lu=0.558s t_cond=0.033s norm1=8.254e+05 inv_norm1_est=3.027e-02 rcond_est=4.003e-05 min|U_kk|=7.414e+02 max|U_kk|=1.212e+05 zero_pivots=0 mu=2.374e-02 assembly=colored factor=banded applications=256 color_period=8 kl=639 ku=639
    COARSE apply applications=24 t_apply_avg=6.025ms t_host_solve_avg=5.108ms
    LINEAR gmres+P-A+CC(mult,2) its=23 rel=9.3e-03 t=0.15s cycles=1 reorth=23 rec=9.3e-03 status=converged t_fact=0.00s singular_modes=0 mu=2.374e-02
  NEWTON gauss:0.375:32:i1o4 it= 7 r_F=3.292e-02 r_out=6.495e-06 lambda=1 |dx|max=5.98e-03 lin=gmres+P-A+CC(mult,2) rel=9.3e-03 lits=23 t_lin=0.2s |dx|2=3.57e-01 t_fact=0.62s eta=1.00e-01 mu=2.374e-02 retries=0
    COARSE build mode=mult profiles=2 K=4096 t_assembly=0.026s t_lu=0.567s t_cond=0.033s norm1=8.473e+05 inv_norm1_est=3.800e-02 rcond_est=3.106e-05 min|U_kk|=6.676e+02 max|U_kk|=1.208e+05 zero_pivots=0 mu=1.305e-02 assembly=colored factor=banded applications=256 color_period=8 kl=639 ku=639
    COARSE apply applications=35 t_apply_avg=6.042ms t_host_solve_avg=5.123ms
    LINEAR gmres+P-A+CC(mult,2) its=34 rel=8.6e-03 t=0.23s cycles=1 reorth=33 rec=8.6e-03 status=converged t_fact=0.00s singular_modes=0 mu=1.305e-02
  NEWTON gauss:0.375:32:i1o4 it= 8 r_F=2.120e-02 r_out=8.424e-06 lambda=1 |dx|max=5.94e-03 lin=gmres+P-A+CC(mult,2) rel=8.6e-03 lits=34 t_lin=0.2s |dx|2=4.27e-01 t_fact=0.63s eta=1.00e-01 mu=1.305e-02 retries=0
    COARSE build mode=mult profiles=2 K=4096 t_assembly=0.026s t_lu=0.576s t_cond=0.033s norm1=8.787e+05 inv_norm1_est=4.290e-02 rcond_est=2.653e-05 min|U_kk|=6.302e+02 max|U_kk|=1.205e+05 zero_pivots=0 mu=8.405e-03 assembly=colored factor=banded applications=256 color_period=8 kl=639 ku=639
    COARSE apply applications=49 t_apply_avg=6.037ms t_host_solve_avg=5.116ms
    LINEAR gmres+P-A+CC(mult,2) its=48 rel=9.2e-03 t=0.33s cycles=1 reorth=47 rec=9.2e-03 status=converged t_fact=0.00s singular_modes=0 mu=8.405e-03
  NEWTON gauss:0.375:32:i1o4 it= 9 r_F=1.522e-02 r_out=1.616e-05 lambda=1 |dx|max=6.91e-03 lin=gmres+P-A+CC(mult,2) rel=9.2e-03 lits=48 t_lin=0.3s |dx|2=4.81e-01 t_fact=0.64s eta=1.00e-01 mu=8.405e-03 retries=0
    COARSE build mode=mult profiles=2 K=4096 t_assembly=0.026s t_lu=0.581s t_cond=0.033s norm1=9.142e+05 inv_norm1_est=5.095e-02 rcond_est=2.147e-05 min|U_kk|=6.080e+02 max|U_kk|=1.203e+05 zero_pivots=0 mu=6.032e-03 assembly=colored factor=banded applications=256 color_period=8 kl=639 ku=639
    COARSE apply applications=63 t_apply_avg=6.032ms t_host_solve_avg=5.114ms
    LINEAR gmres+P-A+CC(mult,2) its=62 rel=9.6e-03 t=0.43s cycles=1 reorth=61 rec=9.6e-03 status=converged t_fact=0.00s singular_modes=0 mu=6.032e-03
  NEWTON gauss:0.375:32:i1o4 it=10 r_F=1.083e-02 r_out=1.857e-05 lambda=1 |dx|max=7.43e-03 lin=gmres+P-A+CC(mult,2) rel=9.6e-03 lits=62 t_lin=0.4s |dx|2=4.72e-01 t_fact=0.64s eta=1.00e-01 mu=6.032e-03 retries=0
    COARSE build mode=mult profiles=2 K=4096 t_assembly=0.026s t_lu=0.590s t_cond=0.033s norm1=9.476e+05 inv_norm1_est=5.939e-02 rcond_est=1.777e-05 min|U_kk|=5.893e+02 max|U_kk|=1.244e+05 zero_pivots=0 mu=4.294e-03 assembly=colored factor=banded applications=256 color_period=8 kl=639 ku=639
    COARSE apply applications=76 t_apply_avg=6.040ms t_host_solve_avg=5.121ms
    LINEAR gmres+P-A+CC(mult,2) its=75 rel=9.4e-03 t=0.53s cycles=1 reorth=74 rec=9.4e-03 status=converged t_fact=0.00s singular_modes=0 mu=4.294e-03
  NEWTON gauss:0.375:32:i1o4 it=11 r_F=7.088e-03 r_out=1.603e-05 lambda=1 |dx|max=6.78e-03 lin=gmres+P-A+CC(mult,2) rel=9.4e-03 lits=75 t_lin=0.5s |dx|2=4.23e-01 t_fact=0.65s eta=1.00e-01 mu=4.294e-03 retries=0
    COARSE build mode=mult profiles=2 K=4096 t_assembly=0.026s t_lu=0.598s t_cond=0.033s norm1=9.755e+05 inv_norm1_est=6.966e-02 rcond_est=1.472e-05 min|U_kk|=5.713e+02 max|U_kk|=1.201e+05 zero_pivots=0 mu=2.809e-03 assembly=colored factor=banded applications=256 color_period=8 kl=639 ku=639
    COARSE apply applications=89 t_apply_avg=5.986ms t_host_solve_avg=5.118ms
    LINEAR gmres+P-A+CC(mult,2) its=88 rel=1.0e-02 t=0.62s cycles=1 reorth=87 rec=1.0e-02 status=converged t_fact=0.00s singular_modes=0 mu=2.809e-03
  NEWTON gauss:0.375:32:i1o4 it=12 r_F=4.013e-03 r_out=1.132e-05 lambda=1 |dx|max=5.53e-03 lin=gmres+P-A+CC(mult,2) rel=1.0e-02 lits=88 t_lin=0.6s |dx|2=3.47e-01 t_fact=0.66s eta=1.00e-01 mu=2.809e-03 retries=0
    COARSE build mode=mult profiles=2 K=4096 t_assembly=0.025s t_lu=0.610s t_cond=0.040s norm1=9.967e+05 inv_norm1_est=8.133e-02 rcond_est=1.234e-05 min|U_kk|=5.554e+02 max|U_kk|=1.387e+05 zero_pivots=0 mu=1.591e-03 assembly=colored factor=banded applications=256 color_period=8 kl=639 ku=639
    COARSE apply applications=101 t_apply_avg=5.986ms t_host_solve_avg=5.118ms
    LINEAR gmres+P-A+CC(mult,2) its=100 rel=1.1e-02 t=0.71s cycles=1 reorth=98 rec=1.1e-02 status=converged t_fact=0.00s singular_modes=0 mu=1.591e-03
  NEWTON gauss:0.375:32:i1o4 it=13 r_F=1.770e-03 r_out=6.087e-06 lambda=1 |dx|max=3.87e-03 lin=gmres+P-A+CC(mult,2) rel=1.1e-02 lits=100 t_lin=0.7s |dx|2=2.44e-01 t_fact=0.68s eta=1.00e-01 mu=1.591e-03 retries=0
    COARSE build mode=mult profiles=2 K=4096 t_assembly=0.026s t_lu=0.601s t_cond=0.033s norm1=1.011e+06 inv_norm1_est=9.291e-02 rcond_est=1.065e-05 min|U_kk|=5.432e+02 max|U_kk|=1.199e+05 zero_pivots=0 mu=7.017e-04 assembly=colored factor=banded applications=256 color_period=8 kl=639 ku=639
    COARSE apply applications=101 t_apply_avg=5.966ms t_host_solve_avg=5.117ms
    LINEAR gmres+P-A+CC(mult,2) its=100 rel=2.8e-02 t=0.71s cycles=1 reorth=98 rec=2.8e-02 status=converged t_fact=0.00s singular_modes=0 mu=7.017e-04
  NEWTON gauss:0.375:32:i1o4 it=14 r_F=4.744e-04 r_out=2.013e-06 lambda=1 |dx|max=1.98e-03 lin=gmres+P-A+CC(mult,2) rel=2.8e-02 lits=100 t_lin=0.7s |dx|2=1.26e-01 t_fact=0.66s eta=1.00e-01 mu=7.017e-04 retries=0
    COARSE build mode=mult profiles=2 K=4096 t_assembly=0.024s t_lu=0.606s t_cond=0.033s norm1=1.017e+06 inv_norm1_est=1.528e-01 rcond_est=6.431e-06 min|U_kk|=5.198e+02 max|U_kk|=1.199e+05 zero_pivots=0 mu=1.880e-04 assembly=colored factor=banded applications=256 color_period=8 kl=639 ku=639
    COARSE apply applications=101 t_apply_avg=5.970ms t_host_solve_avg=5.119ms
    LINEAR gmres+P-A+CC(mult,2) its=100 rel=4.9e-02 t=0.71s cycles=1 reorth=98 rec=4.9e-02 status=converged t_fact=0.00s singular_modes=0 mu=1.880e-04
  NEWTON gauss:0.375:32:i1o4 it=15 r_F=4.873e-05 r_out=4.291e-07 lambda=1 |dx|max=5.58e-04 lin=gmres+P-A+CC(mult,2) rel=4.9e-02 lits=100 t_lin=0.7s |dx|2=3.55e-02 t_fact=0.66s eta=6.46e-02 mu=1.880e-04 retries=0
    COARSE build mode=mult profiles=2 K=4096 t_assembly=0.024s t_lu=0.606s t_cond=0.033s norm1=1.019e+06 inv_norm1_est=1.632e-01 rcond_est=6.010e-06 min|U_kk|=5.173e+02 max|U_kk|=1.199e+05 zero_pivots=0 mu=1.932e-05 assembly=colored factor=banded applications=256 color_period=8 kl=639 ku=639
    COARSE apply applications=202 t_apply_avg=6.018ms t_host_solve_avg=5.132ms
    LINEAR gmres+P-A+CC(mult,2) its=200 rel=4.9e-03 t=1.44s cycles=2 reorth=197 rec=4.9e-03 status=converged t_fact=0.00s singular_modes=0 mu=1.932e-05
  NEWTON gauss:0.375:32:i1o4 it=16 r_F=7.257e-07 r_out=4.942e-09 lambda=1 |dx|max=5.24e-05 lin=gmres+P-A+CC(mult,2) rel=4.9e-03 lits=200 t_lin=1.4s |dx|2=2.98e-03 t_fact=0.67s eta=9.50e-03 mu=1.932e-05 retries=0
    COARSE build mode=mult profiles=2 K=4096 t_assembly=0.026s t_lu=0.607s t_cond=0.033s norm1=1.020e+06 inv_norm1_est=1.645e-01 rcond_est=5.964e-06 min|U_kk|=5.170e+02 max|U_kk|=1.199e+05 zero_pivots=0 mu=2.877e-07 assembly=colored factor=banded applications=256 color_period=8 kl=639 ku=639
    COARSE apply applications=303 t_apply_avg=5.990ms t_host_solve_avg=5.123ms
    LINEAR gmres+P-A+CC(mult,2) its=300 rel=1.9e-04 t=2.14s cycles=3 reorth=297 rec=1.9e-04 status=converged t_fact=0.00s singular_modes=0 mu=2.877e-07
  NEWTON gauss:0.375:32:i1o4 it=17 r_F=1.652e-10 r_out=2.578e-12 lambda=1 |dx|max=5.79e-07 lin=gmres+P-A+CC(mult,2) rel=1.9e-04 lits=300 t_lin=2.1s |dx|2=2.53e-05 t_fact=0.67s eta=2.00e-04 mu=2.877e-07 retries=0
    COARSE build mode=mult profiles=2 K=4096 t_assembly=0.025s t_lu=0.606s t_cond=0.033s norm1=1.020e+06 inv_norm1_est=1.645e-01 rcond_est=5.963e-06 min|U_kk|=5.170e+02 max|U_kk|=1.199e+05 zero_pivots=0 mu=6.548e-11 assembly=colored factor=banded applications=256 color_period=8 kl=639 ku=639
    COARSE apply applications=400 t_apply_avg=5.990ms t_host_solve_avg=5.123ms
    LINEAR gmres+P-A+CC(mult,2) its=396 rel=2.9e-05 t=2.82s cycles=4 reorth=392 rec=2.9e-05 status=converged t_fact=0.00s singular_modes=0 mu=6.548e-11
  NEWTON gauss:0.375:32:i1o4 it=18 r_F=1.406e-14 r_out=6.244e-16 lambda=1 |dx|max=1.69e-10 lin=gmres+P-A+CC(mult,2) rel=2.9e-05 lits=396 t_lin=2.8s |dx|2=4.17e-09 t_fact=0.67s eta=3.03e-04 mu=6.548e-11 retries=0
  STAGE_END field=gauss eps=0.375 N=32 cand=i1o4 status=converged its=18 r_F=1.406e-14 r_out=6.244e-16 -> accepted
STAGE field=gauss eps=0.5 N=32 cand=i1o4 (from eps=0.375, warm start)
  NEWTON gauss:0.5:32:i1o4 it= 0 r_F=2.552e+00 r_out=3.830e-02
    COARSE build mode=mult profiles=2 K=4096 t_assembly=0.025s t_lu=0.523s t_cond=0.033s norm1=1.189e+06 inv_norm1_est=2.348e-03 rcond_est=3.582e-04 min|U_kk|=2.948e+03 max|U_kk|=1.943e+05 zero_pivots=0 mu=1.000e+00 assembly=colored factor=banded applications=256 color_period=8 kl=639 ku=639
    COARSE apply applications=4 t_apply_avg=5.984ms t_host_solve_avg=5.108ms
    LINEAR gmres+P-A+CC(mult,2) its=3 rel=3.0e-03 t=0.02s cycles=1 reorth=3 rec=3.0e-03 status=converged t_fact=0.00s singular_modes=0 mu=1.000e+00
  NEWTON gauss:0.5:32:i1o4 it= 1 r_F=1.366e+00 r_out=1.709e-03 lambda=1 |dx|max=1.86e-02 lin=gmres+P-A+CC(mult,2) rel=3.0e-03 lits=3 t_lin=0.0s |dx|2=3.31e-01 t_fact=0.58s eta=1.00e-01 mu=1.000e+00 retries=0
    COARSE build mode=mult profiles=2 K=4096 t_assembly=0.025s t_lu=0.524s t_cond=0.033s norm1=1.171e+06 inv_norm1_est=4.724e-03 rcond_est=1.808e-04 min|U_kk|=2.064e+03 max|U_kk|=1.692e+05 zero_pivots=0 mu=5.354e-01 assembly=colored factor=banded applications=256 color_period=8 kl=639 ku=639
    COARSE apply applications=4 t_apply_avg=5.980ms t_host_solve_avg=5.105ms
    LINEAR gmres+P-A+CC(mult,2) its=3 rel=5.2e-03 t=0.02s cycles=1 reorth=3 rec=5.2e-03 status=converged t_fact=0.00s singular_modes=0 mu=5.354e-01
  NEWTON gauss:0.5:32:i1o4 it= 2 r_F=7.619e-01 r_out=3.181e-04 lambda=1 |dx|max=1.18e-02 lin=gmres+P-A+CC(mult,2) rel=5.2e-03 lits=3 t_lin=0.0s |dx|2=3.60e-01 t_fact=0.58s eta=1.00e-01 mu=5.354e-01 retries=0
    COARSE build mode=mult profiles=2 K=4096 t_assembly=0.025s t_lu=0.524s t_cond=0.033s norm1=1.174e+06 inv_norm1_est=8.427e-03 rcond_est=1.011e-04 min|U_kk|=1.522e+03 max|U_kk|=1.565e+05 zero_pivots=0 mu=2.985e-01 assembly=colored factor=banded applications=256 color_period=8 kl=639 ku=639
    COARSE apply applications=5 t_apply_avg=6.003ms t_host_solve_avg=5.128ms
    LINEAR gmres+P-A+CC(mult,2) its=4 rel=8.6e-03 t=0.03s cycles=1 reorth=4 rec=8.6e-03 status=converged t_fact=0.00s singular_modes=0 mu=2.985e-01
  NEWTON gauss:0.5:32:i1o4 it= 3 r_F=4.353e-01 r_out=2.576e-04 lambda=1 |dx|max=8.94e-03 lin=gmres+P-A+CC(mult,2) rel=8.6e-03 lits=4 t_lin=0.0s |dx|2=3.77e-01 t_fact=0.58s eta=1.00e-01 mu=2.985e-01 retries=0
    COARSE build mode=mult profiles=2 K=4096 t_assembly=0.025s t_lu=0.524s t_cond=0.033s norm1=1.188e+06 inv_norm1_est=1.413e-02 rcond_est=5.959e-05 min|U_kk|=1.174e+03 max|U_kk|=1.498e+05 zero_pivots=0 mu=1.705e-01 assembly=colored factor=banded applications=256 color_period=8 kl=639 ku=639
    COARSE apply applications=8 t_apply_avg=5.955ms t_host_solve_avg=5.085ms
    LINEAR gmres+P-A+CC(mult,2) its=7 rel=8.9e-03 t=0.05s cycles=1 reorth=7 rec=8.9e-03 status=converged t_fact=0.00s singular_modes=0 mu=1.705e-01
  NEWTON gauss:0.5:32:i1o4 it= 4 r_F=2.353e-01 r_out=1.165e-04 lambda=1 |dx|max=7.73e-03 lin=gmres+P-A+CC(mult,2) rel=8.9e-03 lits=7 t_lin=0.0s |dx|2=3.56e-01 t_fact=0.58s eta=1.00e-01 mu=1.705e-01 retries=0
    COARSE build mode=mult profiles=2 K=4096 t_assembly=0.025s t_lu=0.537s t_cond=0.033s norm1=1.203e+06 inv_norm1_est=2.043e-02 rcond_est=4.069e-05 min|U_kk|=9.234e+02 max|U_kk|=2.004e+05 zero_pivots=0 mu=9.221e-02 assembly=colored factor=banded applications=256 color_period=8 kl=639 ku=639
    COARSE apply applications=19 t_apply_avg=5.971ms t_host_solve_avg=5.097ms
    LINEAR gmres+P-A+CC(mult,2) its=18 rel=8.6e-03 t=0.12s cycles=1 reorth=18 rec=8.6e-03 status=converged t_fact=0.00s singular_modes=0 mu=9.221e-02
  NEWTON gauss:0.5:32:i1o4 it= 5 r_F=1.182e-01 r_out=3.447e-05 lambda=1 |dx|max=6.84e-03 lin=gmres+P-A+CC(mult,2) rel=8.6e-03 lits=18 t_lin=0.1s |dx|2=3.26e-01 t_fact=0.60s eta=1.00e-01 mu=9.221e-02 retries=0
    COARSE build mode=mult profiles=2 K=4096 t_assembly=0.025s t_lu=0.562s t_cond=0.033s norm1=1.217e+06 inv_norm1_est=3.218e-02 rcond_est=2.553e-05 min|U_kk|=7.497e+02 max|U_kk|=1.435e+05 zero_pivots=0 mu=4.632e-02 assembly=colored factor=banded applications=256 color_period=8 kl=639 ku=639
    COARSE apply applications=52 t_apply_avg=5.981ms t_host_solve_avg=5.110ms
    LINEAR gmres+P-A+CC(mult,2) its=51 rel=9.3e-03 t=0.34s cycles=1 reorth=51 rec=9.3e-03 status=converged t_fact=0.00s singular_modes=0 mu=4.632e-02
  NEWTON gauss:0.5:32:i1o4 it= 6 r_F=5.999e-02 r_out=1.285e-05 lambda=1 |dx|max=6.16e-03 lin=gmres+P-A+CC(mult,2) rel=9.3e-03 lits=51 t_lin=0.3s |dx|2=3.30e-01 t_fact=0.62s eta=1.00e-01 mu=4.632e-02 retries=0
    COARSE build mode=mult profiles=2 K=4096 t_assembly=0.025s t_lu=0.579s t_cond=0.035s norm1=1.232e+06 inv_norm1_est=4.720e-02 rcond_est=1.719e-05 min|U_kk|=6.470e+02 max|U_kk|=1.424e+05 zero_pivots=0 mu=2.351e-02 assembly=colored factor=banded applications=256 color_period=8 kl=639 ku=639
    COARSE apply applications=90 t_apply_avg=6.077ms t_host_solve_avg=5.195ms
    LINEAR gmres+P-A+CC(mult,2) its=89 rel=9.9e-03 t=0.63s cycles=1 reorth=88 rec=9.9e-03 status=converged t_fact=0.00s singular_modes=0 mu=2.351e-02
  NEWTON gauss:0.5:32:i1o4 it= 7 r_F=3.386e-02 r_out=8.118e-06 lambda=1 |dx|max=6.20e-03 lin=gmres+P-A+CC(mult,2) rel=9.9e-03 lits=89 t_lin=0.6s |dx|2=3.75e-01 t_fact=0.64s eta=1.00e-01 mu=2.351e-02 retries=0
    COARSE build mode=mult profiles=2 K=4096 t_assembly=0.025s t_lu=0.592s t_cond=0.048s norm1=1.253e+06 inv_norm1_est=3.378e-01 rcond_est=2.363e-06 min|U_kk|=5.936e+02 max|U_kk|=1.424e+05 zero_pivots=0 mu=1.327e-02 assembly=colored factor=banded applications=256 color_period=8 kl=639 ku=639
    COARSE apply applications=101 t_apply_avg=6.030ms t_host_solve_avg=5.162ms
    LINEAR gmres+P-A+CC(mult,2) its=100 rel=5.9e-02 t=0.72s cycles=1 reorth=98 rec=5.9e-02 status=converged t_fact=0.00s singular_modes=0 mu=1.327e-02
  NEWTON gauss:0.5:32:i1o4 it= 8 r_F=2.200e-02 r_out=3.006e-05 lambda=1 |dx|max=5.75e-03 lin=gmres+P-A+CC(mult,2) rel=5.9e-02 lits=100 t_lin=0.7s |dx|2=4.36e-01 t_fact=0.67s eta=1.00e-01 mu=1.327e-02 retries=0
    COARSE build mode=mult profiles=2 K=4096 t_assembly=0.025s t_lu=0.597s t_cond=0.047s norm1=1.279e+06 inv_norm1_est=1.575e-01 rcond_est=4.962e-06 min|U_kk|=5.667e+02 max|U_kk|=1.414e+05 zero_pivots=0 mu=8.622e-03 assembly=colored factor=banded applications=256 color_period=8 kl=639 ku=639
    COARSE apply applications=303 t_apply_avg=5.986ms t_host_solve_avg=5.119ms
    LINEAR gmres+P-A+CC(mult,2) its=300 rel=9.2e-02 t=2.14s cycles=3 reorth=294 rec=9.2e-02 status=converged t_fact=0.00s singular_modes=0 mu=8.622e-03
  NEWTON gauss:0.5:32:i1o4 it= 9 r_F=1.599e-02 r_out=4.259e-05 lambda=1 |dx|max=6.52e-03 lin=gmres+P-A+CC(mult,2) rel=9.2e-02 lits=300 t_lin=2.1s |dx|2=4.86e-01 t_fact=0.67s eta=1.00e-01 mu=8.622e-03 retries=0
    COARSE build mode=mult profiles=2 K=4096 t_assembly=0.025s t_lu=0.597s t_cond=0.033s norm1=1.305e+06 inv_norm1_est=1.647e+00 rcond_est=4.651e-07 min|U_kk|=5.517e+02 max|U_kk|=1.412e+05 zero_pivots=0 mu=6.266e-03 assembly=colored factor=banded applications=256 color_period=8 kl=639 ku=639
    COARSE apply applications=1111 t_apply_avg=6.004ms t_host_solve_avg=5.138ms
    LINEAR gmres+P-A+CC(mult,2) its=1100 rel=9.6e-02 t=7.87s cycles=11 reorth=1078 rec=9.6e-02 status=converged t_fact=0.00s singular_modes=0 mu=6.266e-03
  NEWTON gauss:0.5:32:i1o4 it=10 r_F=1.168e-02 r_out=3.470e-05 lambda=1 |dx|max=6.93e-03 lin=gmres+P-A+CC(mult,2) rel=9.6e-02 lits=1100 t_lin=7.9s |dx|2=4.79e-01 t_fact=0.66s eta=1.00e-01 mu=6.266e-03 retries=0
    COARSE build mode=mult profiles=2 K=4096 t_assembly=0.026s t_lu=0.596s t_cond=0.047s norm1=1.325e+06 inv_norm1_est=5.910e-01 rcond_est=1.277e-06 min|U_kk|=5.195e+02 max|U_kk|=1.410e+05 zero_pivots=0 mu=4.578e-03 assembly=colored factor=banded applications=256 color_period=8 kl=639 ku=639
    COARSE apply applications=404 t_apply_avg=5.988ms t_host_solve_avg=5.120ms
    LINEAR gmres+P-A+CC(mult,2) its=400 rel=5.5e-01 t=2.85s cycles=4 reorth=391 rec=5.5e-01 status=stagnation t_fact=0.00s singular_modes=0 mu=4.578e-03
  NEWTON gauss:0.5:32:i1o4 it=11 linear_failure: GMRES status=stagnation rel=5.5e-01 lits=400 prec singular modes=0 (step not taken) eta=1.00e-01 mu=4.578e-03
  STAGE_END field=gauss eps=0.5 N=32 cand=i1o4 status=linear_failure its=11 r_F=1.168e-02 r_out=3.470e-05 -> FAILED
  CONTINUATION bisection 2/4: retry from eps=0.375 at eps=0.4375
STAGE field=gauss eps=0.4375 N=32 cand=i1o4 (from eps=0.375, warm start)
  NEWTON gauss:0.4375:32:i1o4 it= 0 r_F=1.267e+00 r_out=1.888e-02
    COARSE build mode=mult profiles=2 K=4096 t_assembly=0.025s t_lu=0.524s t_cond=0.033s norm1=1.134e+06 inv_norm1_est=2.178e-03 rcond_est=4.049e-04 min|U_kk|=3.203e+03 max|U_kk|=1.796e+05 zero_pivots=0 mu=1.000e+00 assembly=colored factor=banded applications=256 color_period=8 kl=639 ku=639
    COARSE apply applications=4 t_apply_avg=5.993ms t_host_solve_avg=5.120ms
    LINEAR gmres+P-A+CC(mult,2) its=3 rel=3.1e-03 t=0.02s cycles=1 reorth=3 rec=3.1e-03 status=converged t_fact=0.00s singular_modes=0 mu=1.000e+00
  NEWTON gauss:0.4375:32:i1o4 it= 1 r_F=6.800e-01 r_out=7.288e-04 lambda=1 |dx|max=9.34e-03 lin=gmres+P-A+CC(mult,2) rel=3.1e-03 lits=3 t_lin=0.0s |dx|2=1.65e-01 t_fact=0.58s eta=1.00e-01 mu=1.000e+00 retries=0
    COARSE build mode=mult profiles=2 K=4096 t_assembly=0.025s t_lu=0.524s t_cond=0.033s norm1=1.110e+06 inv_norm1_est=4.291e-03 rcond_est=2.099e-04 min|U_kk|=2.241e+03 max|U_kk|=1.563e+05 zero_pivots=0 mu=5.364e-01 assembly=colored factor=banded applications=256 color_period=8 kl=639 ku=639
    COARSE apply applications=4 t_apply_avg=5.986ms t_host_solve_avg=5.108ms
    LINEAR gmres+P-A+CC(mult,2) its=3 rel=4.3e-03 t=0.02s cycles=1 reorth=3 rec=4.3e-03 status=converged t_fact=0.00s singular_modes=0 mu=5.364e-01
  NEWTON gauss:0.4375:32:i1o4 it= 2 r_F=3.825e-01 r_out=1.370e-04 lambda=1 |dx|max=5.96e-03 lin=gmres+P-A+CC(mult,2) rel=4.3e-03 lits=3 t_lin=0.0s |dx|2=1.80e-01 t_fact=0.58s eta=1.00e-01 mu=5.364e-01 retries=0
    COARSE build mode=mult profiles=2 K=4096 t_assembly=0.025s t_lu=0.523s t_cond=0.033s norm1=1.104e+06 inv_norm1_est=7.791e-03 rcond_est=1.162e-04 min|U_kk|=1.658e+03 max|U_kk|=1.446e+05 zero_pivots=0 mu=3.017e-01 assembly=colored factor=banded applications=256 color_period=8 kl=639 ku=639
    COARSE apply applications=5 t_apply_avg=5.966ms t_host_solve_avg=5.097ms
    LINEAR gmres+P-A+CC(mult,2) its=4 rel=6.9e-03 t=0.03s cycles=1 reorth=4 rec=6.9e-03 status=converged t_fact=0.00s singular_modes=0 mu=3.017e-01
  NEWTON gauss:0.4375:32:i1o4 it= 3 r_F=2.212e-01 r_out=1.035e-04 lambda=1 |dx|max=4.53e-03 lin=gmres+P-A+CC(mult,2) rel=6.9e-03 lits=4 t_lin=0.0s |dx|2=1.88e-01 t_fact=0.58s eta=1.00e-01 mu=3.017e-01 retries=0
    COARSE build mode=mult profiles=2 K=4096 t_assembly=0.025s t_lu=0.523s t_cond=0.033s norm1=1.106e+06 inv_norm1_est=1.290e-02 rcond_est=7.008e-05 min|U_kk|=1.283e+03 max|U_kk|=1.383e+05 zero_pivots=0 mu=1.745e-01 assembly=colored factor=banded applications=256 color_period=8 kl=639 ku=639
    COARSE apply applications=7 t_apply_avg=5.959ms t_host_solve_avg=5.084ms
    LINEAR gmres+P-A+CC(mult,2) its=6 rel=8.2e-03 t=0.04s cycles=1 reorth=6 rec=8.2e-03 status=converged t_fact=0.00s singular_modes=0 mu=1.745e-01
  NEWTON gauss:0.4375:32:i1o4 it= 4 r_F=1.208e-01 r_out=5.125e-05 lambda=1 |dx|max=3.85e-03 lin=gmres+P-A+CC(mult,2) rel=8.2e-03 lits=6 t_lin=0.0s |dx|2=1.77e-01 t_fact=0.58s eta=1.00e-01 mu=1.745e-01 retries=0
    COARSE build mode=mult profiles=2 K=4096 t_assembly=0.025s t_lu=0.534s t_cond=0.033s norm1=1.110e+06 inv_norm1_est=1.874e-02 rcond_est=4.805e-05 min|U_kk|=1.009e+03 max|U_kk|=1.344e+05 zero_pivots=0 mu=9.529e-02 assembly=colored factor=banded applications=256 color_period=8 kl=639 ku=639
    COARSE apply applications=12 t_apply_avg=5.977ms t_host_solve_avg=5.101ms
    LINEAR gmres+P-A+CC(mult,2) its=11 rel=9.7e-03 t=0.07s cycles=1 reorth=10 rec=9.7e-03 status=converged t_fact=0.00s singular_modes=0 mu=9.529e-02
  NEWTON gauss:0.4375:32:i1o4 it= 5 r_F=6.077e-02 r_out=1.887e-05 lambda=1 |dx|max=3.41e-03 lin=gmres+P-A+CC(mult,2) rel=9.7e-03 lits=11 t_lin=0.1s |dx|2=1.61e-01 t_fact=0.59s eta=1.00e-01 mu=9.529e-02 retries=0
    COARSE build mode=mult profiles=2 K=4096 t_assembly=0.025s t_lu=0.560s t_cond=0.033s norm1=1.115e+06 inv_norm1_est=2.941e-02 rcond_est=3.049e-05 min|U_kk|=8.140e+02 max|U_kk|=1.703e+05 zero_pivots=0 mu=4.794e-02 assembly=colored factor=banded applications=256 color_period=8 kl=639 ku=639
    COARSE apply applications=35 t_apply_avg=5.980ms t_host_solve_avg=5.109ms
    LINEAR gmres+P-A+CC(mult,2) its=34 rel=8.9e-03 t=0.23s cycles=1 reorth=34 rec=8.9e-03 status=converged t_fact=0.00s singular_modes=0 mu=4.794e-02
  NEWTON gauss:0.4375:32:i1o4 it= 6 r_F=3.055e-02 r_out=4.346e-06 lambda=1 |dx|max=3.10e-03 lin=gmres+P-A+CC(mult,2) rel=8.9e-03 lits=34 t_lin=0.2s |dx|2=1.62e-01 t_fact=0.62s eta=1.00e-01 mu=4.794e-02 retries=0
    COARSE build mode=mult profiles=2 K=4096 t_assembly=0.025s t_lu=0.573s t_cond=0.033s norm1=1.122e+06 inv_norm1_est=3.398e-02 rcond_est=2.624e-05 min|U_kk|=6.944e+02 max|U_kk|=1.310e+05 zero_pivots=0 mu=2.410e-02 assembly=colored factor=banded applications=256 color_period=8 kl=639 ku=639
    COARSE apply applications=65 t_apply_avg=5.994ms t_host_solve_avg=5.124ms
    LINEAR gmres+P-A+CC(mult,2) its=64 rel=9.6e-03 t=0.44s cycles=1 reorth=64 rec=9.6e-03 status=converged t_fact=0.00s singular_modes=0 mu=2.410e-02
  NEWTON gauss:0.4375:32:i1o4 it= 7 r_F=1.711e-02 r_out=2.870e-06 lambda=1 |dx|max=3.01e-03 lin=gmres+P-A+CC(mult,2) rel=9.6e-03 lits=64 t_lin=0.4s |dx|2=1.83e-01 t_fact=0.63s eta=1.00e-01 mu=2.410e-02 retries=0
    COARSE build mode=mult profiles=2 K=4096 t_assembly=0.025s t_lu=0.583s t_cond=0.033s norm1=1.131e+06 inv_norm1_est=4.250e-02 rcond_est=2.081e-05 min|U_kk|=6.303e+02 max|U_kk|=1.305e+05 zero_pivots=0 mu=1.350e-02 assembly=colored factor=banded applications=256 color_period=8 kl=639 ku=639
    COARSE apply applications=92 t_apply_avg=5.986ms t_host_solve_avg=5.119ms
    LINEAR gmres+P-A+CC(mult,2) its=91 rel=1.0e-02 t=0.64s cycles=1 reorth=90 rec=1.0e-02 status=converged t_fact=0.00s singular_modes=0 mu=1.350e-02
  NEWTON gauss:0.4375:32:i1o4 it= 8 r_F=1.106e-02 r_out=2.880e-06 lambda=1 |dx|max=2.79e-03 lin=gmres+P-A+CC(mult,2) rel=1.0e-02 lits=91 t_lin=0.6s |dx|2=2.16e-01 t_fact=0.64s eta=1.00e-01 mu=1.350e-02 retries=0
    COARSE build mode=mult profiles=2 K=4096 t_assembly=0.025s t_lu=0.591s t_cond=0.033s norm1=1.143e+06 inv_norm1_est=4.640e-02 rcond_est=1.885e-05 min|U_kk|=5.972e+02 max|U_kk|=1.302e+05 zero_pivots=0 mu=8.729e-03 assembly=colored factor=banded applications=256 color_period=8 kl=639 ku=639
    COARSE apply applications=101 t_apply_avg=5.992ms t_host_solve_avg=5.123ms
    LINEAR gmres+P-A+CC(mult,2) its=100 rel=2.0e-02 t=0.71s cycles=1 reorth=99 rec=2.0e-02 status=converged t_fact=0.00s singular_modes=0 mu=8.729e-03
  NEWTON gauss:0.4375:32:i1o4 it= 9 r_F=7.945e-03 r_out=5.518e-06 lambda=1 |dx|max=3.27e-03 lin=gmres+P-A+CC(mult,2) rel=2.0e-02 lits=100 t_lin=0.7s |dx|2=2.43e-01 t_fact=0.65s eta=1.00e-01 mu=8.729e-03 retries=0
    COARSE build mode=mult profiles=2 K=4096 t_assembly=0.025s t_lu=0.594s t_cond=0.033s norm1=1.157e+06 inv_norm1_est=5.563e-02 rcond_est=1.554e-05 min|U_kk|=5.780e+02 max|U_kk|=1.300e+05 zero_pivots=0 mu=6.268e-03 assembly=colored factor=banded applications=256 color_period=8 kl=639 ku=639
    COARSE apply applications=101 t_apply_avg=5.992ms t_host_solve_avg=5.124ms
    LINEAR gmres+P-A+CC(mult,2) its=100 rel=4.8e-02 t=0.71s cycles=1 reorth=98 rec=4.8e-02 status=converged t_fact=0.00s singular_modes=0 mu=6.268e-03
  NEWTON gauss:0.4375:32:i1o4 it=10 r_F=5.680e-03 r_out=8.489e-06 lambda=1 |dx|max=3.54e-03 lin=gmres+P-A+CC(mult,2) rel=4.8e-02 lits=100 t_lin=0.7s |dx|2=2.41e-01 t_fact=0.65s eta=1.00e-01 mu=6.268e-03 retries=0
    COARSE build mode=mult profiles=2 K=4096 t_assembly=0.025s t_lu=0.597s t_cond=0.033s norm1=1.169e+06 inv_norm1_est=6.521e-02 rcond_est=1.312e-05 min|U_kk|=4.930e+02 max|U_kk|=1.299e+05 zero_pivots=0 mu=4.481e-03 assembly=colored factor=banded applications=256 color_period=8 kl=639 ku=639
    COARSE apply applications=202 t_apply_avg=5.988ms t_host_solve_avg=5.122ms
    LINEAR gmres+P-A+CC(mult,2) its=200 rel=3.2e-02 t=1.43s cycles=2 reorth=196 rec=3.2e-02 status=converged t_fact=0.00s singular_modes=0 mu=4.481e-03
  NEWTON gauss:0.4375:32:i1o4 it=11 r_F=3.734e-03 r_out=5.553e-06 lambda=1 |dx|max=3.29e-03 lin=gmres+P-A+CC(mult,2) rel=3.2e-02 lits=200 t_lin=1.4s |dx|2=2.20e-01 t_fact=0.66s eta=1.00e-01 mu=4.481e-03 retries=0
    COARSE build mode=mult profiles=2 K=4096 t_assembly=0.025s t_lu=0.603s t_cond=0.047s norm1=1.178e+06 inv_norm1_est=1.722e-01 rcond_est=4.929e-06 min|U_kk|=4.874e+02 max|U_kk|=1.298e+05 zero_pivots=0 mu=2.945e-03 assembly=colored factor=banded applications=256 color_period=8 kl=639 ku=639
    COARSE apply applications=202 t_apply_avg=5.987ms t_host_solve_avg=5.119ms
    LINEAR gmres+P-A+CC(mult,2) its=200 rel=9.2e-02 t=1.43s cycles=2 reorth=196 rec=9.2e-02 status=converged t_fact=0.00s singular_modes=0 mu=2.945e-03
  NEWTON gauss:0.4375:32:i1o4 it=12 r_F=2.113e-03 r_out=7.268e-06 lambda=1 |dx|max=2.78e-03 lin=gmres+P-A+CC(mult,2) rel=9.2e-02 lits=200 t_lin=1.4s |dx|2=1.86e-01 t_fact=0.68s eta=1.00e-01 mu=2.945e-03 retries=0
    COARSE build mode=mult profiles=2 K=4096 t_assembly=0.025s t_lu=0.607s t_cond=0.033s norm1=1.185e+06 inv_norm1_est=6.394e+00 rcond_est=1.320e-07 min|U_kk|=4.841e+02 max|U_kk|=1.297e+05 zero_pivots=0 mu=1.667e-03 assembly=colored factor=banded applications=256 color_period=8 kl=639 ku=639
    COARSE apply applications=505 t_apply_avg=5.991ms t_host_solve_avg=5.125ms
    LINEAR gmres+P-A+CC(mult,2) its=500 rel=9.3e-02 t=3.57s cycles=5 reorth=495 rec=9.3e-02 status=converged t_fact=0.00s singular_modes=0 mu=1.667e-03
  NEWTON gauss:0.4375:32:i1o4 it=13 r_F=9.408e-04 r_out=4.023e-06 lambda=1 |dx|max=1.95e-03 lin=gmres+P-A+CC(mult,2) rel=9.3e-02 lits=500 t_lin=3.6s |dx|2=1.33e-01 t_fact=0.67s eta=1.00e-01 mu=1.667e-03 retries=0
    COARSE build mode=mult profiles=2 K=4096 t_assembly=0.025s t_lu=0.605s t_cond=0.047s norm1=1.189e+06 inv_norm1_est=1.513e+00 rcond_est=5.560e-07 min|U_kk|=4.774e+02 max|U_kk|=2.042e+05 zero_pivots=0 mu=7.422e-04 assembly=colored factor=banded applications=256 color_period=8 kl=639 ku=639
    COARSE apply applications=1010 t_apply_avg=6.038ms t_host_solve_avg=5.126ms
    LINEAR gmres+P-A+CC(mult,2) its=1000 rel=9.8e-02 t=7.26s cycles=10 reorth=986 rec=9.8e-02 status=converged t_fact=0.00s singular_modes=0 mu=7.422e-04
  NEWTON gauss:0.4375:32:i1o4 it=14 r_F=2.737e-04 r_out=1.587e-06 lambda=1 |dx|max=1.06e-03 lin=gmres+P-A+CC(mult,2) rel=9.8e-02 lits=1000 t_lin=7.3s |dx|2=7.32e-02 t_fact=0.68s eta=1.00e-01 mu=7.422e-04 retries=0
    COARSE build mode=mult profiles=2 K=4096 t_assembly=0.026s t_lu=0.604s t_cond=0.047s norm1=1.191e+06 inv_norm1_est=2.073e+00 rcond_est=4.051e-07 min|U_kk|=4.671e+02 max|U_kk|=1.296e+05 zero_pivots=0 mu=2.159e-04 assembly=colored factor=banded applications=256 color_period=8 kl=639 ku=639
    COARSE apply applications=404 t_apply_avg=6.037ms t_host_solve_avg=5.121ms
    LINEAR gmres+P-A+CC(mult,2) its=400 rel=6.7e-01 t=2.91s cycles=4 reorth=395 rec=6.7e-01 status=stagnation t_fact=0.00s singular_modes=0 mu=2.159e-04
  NEWTON gauss:0.4375:32:i1o4 it=15 linear_failure: GMRES status=stagnation rel=6.7e-01 lits=400 prec singular modes=0 (step not taken) eta=7.62e-02 mu=2.159e-04
  STAGE_END field=gauss eps=0.4375 N=32 cand=i1o4 status=linear_failure its=15 r_F=2.737e-04 r_out=1.587e-06 -> FAILED
  CONTINUATION bisection 3/4: retry from eps=0.375 at eps=0.40625
STAGE field=gauss eps=0.40625 N=32 cand=i1o4 (from eps=0.375, warm start)
  NEWTON gauss:0.40625:32:i1o4 it= 0 r_F=6.313e-01 r_out=9.373e-03
    COARSE build mode=mult profiles=2 K=4096 t_assembly=0.026s t_lu=0.524s t_cond=0.033s norm1=1.108e+06 inv_norm1_est=2.095e-03 rcond_est=4.308e-04 min|U_kk|=3.341e+03 max|U_kk|=1.729e+05 zero_pivots=0 mu=1.000e+00 assembly=colored factor=banded applications=256 color_period=8 kl=639 ku=639
    COARSE apply applications=4 t_apply_avg=6.017ms t_host_solve_avg=5.088ms
    LINEAR gmres+P-A+CC(mult,2) its=3 rel=3.2e-03 t=0.02s cycles=1 reorth=3 rec=3.2e-03 status=converged t_fact=0.00s singular_modes=0 mu=1.000e+00
  NEWTON gauss:0.40625:32:i1o4 it= 1 r_F=3.391e-01 r_out=3.477e-04 lambda=1 |dx|max=4.67e-03 lin=gmres+P-A+CC(mult,2) rel=3.2e-03 lits=3 t_lin=0.0s |dx|2=8.25e-02 t_fact=0.59s eta=1.00e-01 mu=1.000e+00 retries=0
    COARSE build mode=mult profiles=2 K=4096 t_assembly=0.026s t_lu=0.524s t_cond=0.033s norm1=1.081e+06 inv_norm1_est=4.138e-03 rcond_est=2.235e-04 min|U_kk|=2.338e+03 max|U_kk|=1.504e+05 zero_pivots=0 mu=5.370e-01 assembly=colored factor=banded applications=256 color_period=8 kl=639 ku=639
    COARSE apply applications=3 t_apply_avg=6.035ms t_host_solve_avg=5.102ms
    LINEAR gmres+P-A+CC(mult,2) its=2 rel=9.9e-03 t=0.02s cycles=1 reorth=2 rec=9.9e-03 status=converged t_fact=0.00s singular_modes=0 mu=5.370e-01
  NEWTON gauss:0.40625:32:i1o4 it= 2 r_F=1.916e-01 r_out=1.629e-04 lambda=1 |dx|max=3.00e-03 lin=gmres+P-A+CC(mult,2) rel=9.9e-03 lits=2 t_lin=0.0s |dx|2=8.97e-02 t_fact=0.59s eta=1.00e-01 mu=5.370e-01 retries=0
    COARSE build mode=mult profiles=2 K=4096 t_assembly=0.026s t_lu=0.524s t_cond=0.033s norm1=1.071e+06 inv_norm1_est=7.474e-03 rcond_est=1.249e-04 min|U_kk|=1.733e+03 max|U_kk|=1.392e+05 zero_pivots=0 mu=3.035e-01 assembly=colored factor=banded applications=256 color_period=8 kl=639 ku=639
    COARSE apply applications=5 t_apply_avg=6.034ms t_host_solve_avg=5.104ms
    LINEAR gmres+P-A+CC(mult,2) its=4 rel=7.7e-03 t=0.03s cycles=1 reorth=4 rec=7.7e-03 status=converged t_fact=0.00s singular_modes=0 mu=3.035e-01
  NEWTON gauss:0.40625:32:i1o4 it= 3 r_F=1.114e-01 r_out=5.878e-05 lambda=1 |dx|max=2.28e-03 lin=gmres+P-A+CC(mult,2) rel=7.7e-03 lits=4 t_lin=0.0s |dx|2=9.38e-02 t_fact=0.59s eta=1.00e-01 mu=3.035e-01 retries=0
    COARSE build mode=mult profiles=2 K=4096 t_assembly=0.026s t_lu=0.524s t_cond=0.033s norm1=1.068e+06 inv_norm1_est=1.231e-02 rcond_est=7.608e-05 min|U_kk|=1.343e+03 max|U_kk|=1.331e+05 zero_pivots=0 mu=1.765e-01 assembly=colored factor=banded applications=256 color_period=8 kl=639 ku=639
    COARSE apply applications=7 t_apply_avg=6.013ms t_host_solve_avg=5.089ms
    LINEAR gmres+P-A+CC(mult,2) its=6 rel=7.8e-03 t=0.04s cycles=1 reorth=6 rec=7.8e-03 status=converged t_fact=0.00s singular_modes=0 mu=1.765e-01
  NEWTON gauss:0.40625:32:i1o4 it= 4 r_F=6.115e-02 r_out=2.324e-05 lambda=1 |dx|max=1.92e-03 lin=gmres+P-A+CC(mult,2) rel=7.8e-03 lits=6 t_lin=0.0s |dx|2=8.84e-02 t_fact=0.59s eta=1.00e-01 mu=1.765e-01 retries=0
    COARSE build mode=mult profiles=2 K=4096 t_assembly=0.026s t_lu=0.530s t_cond=0.033s norm1=1.067e+06 inv_norm1_est=1.792e-02 rcond_est=5.229e-05 min|U_kk|=1.056e+03 max|U_kk|=1.293e+05 zero_pivots=0 mu=9.685e-02 assembly=colored factor=banded applications=256 color_period=8 kl=639 ku=639
    COARSE apply applications=10 t_apply_avg=6.017ms t_host_solve_avg=5.092ms
    LINEAR gmres+P-A+CC(mult,2) its=9 rel=9.1e-03 t=0.06s cycles=1 reorth=9 rec=9.1e-03 status=converged t_fact=0.00s singular_modes=0 mu=9.685e-02
  NEWTON gauss:0.40625:32:i1o4 it= 5 r_F=3.081e-02 r_out=7.173e-06 lambda=1 |dx|max=1.70e-03 lin=gmres+P-A+CC(mult,2) rel=9.1e-03 lits=9 t_lin=0.1s |dx|2=8.04e-02 t_fact=0.59s eta=1.00e-01 mu=9.685e-02 retries=0
    COARSE build mode=mult profiles=2 K=4096 t_assembly=0.026s t_lu=0.555s t_cond=0.033s norm1=1.068e+06 inv_norm1_est=2.809e-02 rcond_est=3.334e-05 min|U_kk|=8.493e+02 max|U_kk|=1.299e+05 zero_pivots=0 mu=4.879e-02 assembly=colored factor=banded applications=256 color_period=8 kl=639 ku=639
    COARSE apply applications=27 t_apply_avg=6.033ms t_host_solve_avg=5.112ms
    LINEAR gmres+P-A+CC(mult,2) its=26 rel=9.9e-03 t=0.17s cycles=1 reorth=26 rec=9.9e-03 status=converged t_fact=0.00s singular_modes=0 mu=4.879e-02
  NEWTON gauss:0.40625:32:i1o4 it= 6 r_F=1.542e-02 r_out=2.267e-06 lambda=1 |dx|max=1.56e-03 lin=gmres+P-A+CC(mult,2) rel=9.9e-03 lits=26 t_lin=0.2s |dx|2=7.99e-02 t_fact=0.62s eta=1.00e-01 mu=4.879e-02 retries=0
    COARSE build mode=mult profiles=2 K=4096 t_assembly=0.026s t_lu=0.572s t_cond=0.033s norm1=1.070e+06 inv_norm1_est=3.304e-02 rcond_est=2.829e-05 min|U_kk|=7.202e+02 max|U_kk|=1.258e+05 zero_pivots=0 mu=2.443e-02 assembly=colored factor=banded applications=256 color_period=8 kl=639 ku=639
    COARSE apply applications=54 t_apply_avg=6.036ms t_host_solve_avg=5.114ms
    LINEAR gmres+P-A+CC(mult,2) its=53 rel=9.4e-03 t=0.36s cycles=1 reorth=53 rec=9.4e-03 status=converged t_fact=0.00s singular_modes=0 mu=2.443e-02
  NEWTON gauss:0.40625:32:i1o4 it= 7 r_F=8.610e-03 r_out=1.273e-06 lambda=1 |dx|max=1.47e-03 lin=gmres+P-A+CC(mult,2) rel=9.4e-03 lits=53 t_lin=0.4s |dx|2=9.07e-02 t_fact=0.63s eta=1.00e-01 mu=2.443e-02 retries=0
    COARSE build mode=mult profiles=2 K=4096 t_assembly=0.026s t_lu=0.579s t_cond=0.033s norm1=1.074e+06 inv_norm1_est=4.142e-02 rcond_est=2.248e-05 min|U_kk|=6.499e+02 max|U_kk|=1.253e+05 zero_pivots=0 mu=1.364e-02 assembly=colored factor=banded applications=256 color_period=8 kl=639 ku=639
    COARSE apply applications=80 t_apply_avg=6.043ms t_host_solve_avg=5.126ms
    LINEAR gmres+P-A+CC(mult,2) its=79 rel=9.7e-03 t=0.56s cycles=1 reorth=78 rec=9.7e-03 status=converged t_fact=0.00s singular_modes=0 mu=1.364e-02
  NEWTON gauss:0.40625:32:i1o4 it= 8 r_F=5.566e-03 r_out=9.625e-07 lambda=1 |dx|max=1.40e-03 lin=gmres+P-A+CC(mult,2) rel=9.7e-03 lits=79 t_lin=0.6s |dx|2=1.07e-01 t_fact=0.64s eta=1.00e-01 mu=1.364e-02 retries=0
    COARSE build mode=mult profiles=2 K=4096 t_assembly=0.026s t_lu=0.593s t_cond=0.033s norm1=1.080e+06 inv_norm1_est=4.489e-02 rcond_est=2.062e-05 min|U_kk|=6.134e+02 max|U_kk|=1.251e+05 zero_pivots=0 mu=8.816e-03 assembly=colored factor=banded applications=256 color_period=8 kl=639 ku=639
    COARSE apply applications=95 t_apply_avg=6.038ms t_host_solve_avg=5.120ms
    LINEAR gmres+P-A+CC(mult,2) its=94 rel=9.8e-03 t=0.68s cycles=1 reorth=93 rec=9.8e-03 status=converged t_fact=0.00s singular_modes=0 mu=8.816e-03
  NEWTON gauss:0.40625:32:i1o4 it= 9 r_F=3.994e-03 r_out=1.269e-06 lambda=1 |dx|max=1.63e-03 lin=gmres+P-A+CC(mult,2) rel=9.8e-03 lits=94 t_lin=0.7s |dx|2=1.21e-01 t_fact=0.65s eta=1.00e-01 mu=8.816e-03 retries=0
    COARSE build mode=mult profiles=2 K=4096 t_assembly=0.026s t_lu=0.595s t_cond=0.033s norm1=1.087e+06 inv_norm1_est=5.347e-02 rcond_est=1.721e-05 min|U_kk|=5.919e+02 max|U_kk|=1.249e+05 zero_pivots=0 mu=6.327e-03 assembly=colored factor=banded applications=256 color_period=8 kl=639 ku=639
    COARSE apply applications=101 t_apply_avg=6.036ms t_host_solve_avg=5.120ms
    LINEAR gmres+P-A+CC(mult,2) its=100 rel=1.5e-02 t=0.73s cycles=1 reorth=98 rec=1.5e-02 status=converged t_fact=0.00s singular_modes=0 mu=6.327e-03
  NEWTON gauss:0.40625:32:i1o4 it=10 r_F=2.841e-03 r_out=1.463e-06 lambda=1 |dx|max=1.78e-03 lin=gmres+P-A+CC(mult,2) rel=1.5e-02 lits=100 t_lin=0.7s |dx|2=1.20e-01 t_fact=0.66s eta=1.00e-01 mu=6.327e-03 retries=0
    COARSE build mode=mult profiles=2 K=4096 t_assembly=0.026s t_lu=0.610s t_cond=0.038s norm1=1.093e+06 inv_norm1_est=6.256e-02 rcond_est=1.462e-05 min|U_kk|=5.748e+02 max|U_kk|=1.248e+05 zero_pivots=0 mu=4.500e-03 assembly=colored factor=banded applications=256 color_period=8 kl=639 ku=639
    COARSE apply applications=101 t_apply_avg=5.998ms t_host_solve_avg=5.116ms
    LINEAR gmres+P-A+CC(mult,2) its=100 rel=2.8e-02 t=0.72s cycles=1 reorth=98 rec=2.8e-02 status=converged t_fact=0.00s singular_modes=0 mu=4.500e-03
  NEWTON gauss:0.40625:32:i1o4 it=11 r_F=1.850e-03 r_out=1.601e-06 lambda=1 |dx|max=1.66e-03 lin=gmres+P-A+CC(mult,2) rel=2.8e-02 lits=100 t_lin=0.7s |dx|2=1.10e-01 t_fact=0.68s eta=1.00e-01 mu=4.500e-03 retries=0
    COARSE build mode=mult profiles=2 K=4096 t_assembly=0.026s t_lu=0.604s t_cond=0.033s norm1=1.099e+06 inv_norm1_est=7.365e-02 rcond_est=1.236e-05 min|U_kk|=5.588e+02 max|U_kk|=1.383e+05 zero_pivots=0 mu=2.930e-03 assembly=colored factor=banded applications=256 color_period=8 kl=639 ku=639
    COARSE apply applications=101 t_apply_avg=6.003ms t_host_solve_avg=5.121ms
    LINEAR gmres+P-A+CC(mult,2) its=100 rel=5.8e-02 t=0.72s cycles=1 reorth=98 rec=5.8e-02 status=converged t_fact=0.00s singular_modes=0 mu=2.930e-03
  NEWTON gauss:0.40625:32:i1o4 it=12 r_F=1.030e-03 r_out=2.034e-06 lambda=1 |dx|max=1.39e-03 lin=gmres+P-A+CC(mult,2) rel=5.8e-02 lits=100 t_lin=0.7s |dx|2=9.21e-02 t_fact=0.67s eta=1.00e-01 mu=2.930e-03 retries=0
    COARSE build mode=mult profiles=2 K=4096 t_assembly=0.025s t_lu=0.605s t_cond=0.033s norm1=1.103e+06 inv_norm1_est=1.779e+00 rcond_est=5.096e-07 min|U_kk|=5.255e+02 max|U_kk|=1.246e+05 zero_pivots=0 mu=1.631e-03 assembly=colored factor=banded applications=256 color_period=8 kl=639 ku=639
    COARSE apply applications=202 t_apply_avg=6.002ms t_host_solve_avg=5.122ms
    LINEAR gmres+P-A+CC(mult,2) its=200 rel=1.9e-02 t=1.43s cycles=2 reorth=198 rec=1.9e-02 status=converged t_fact=0.00s singular_modes=0 mu=1.631e-03
  NEWTON gauss:0.40625:32:i1o4 it=13 r_F=4.271e-04 r_out=5.803e-07 lambda=1 |dx|max=1.01e-03 lin=gmres+P-A+CC(mult,2) rel=1.9e-02 lits=200 t_lin=1.4s |dx|2=6.77e-02 t_fact=0.67s eta=1.00e-01 mu=1.631e-03 retries=0
    COARSE build mode=mult profiles=2 K=4096 t_assembly=0.025s t_lu=0.607s t_cond=0.033s norm1=1.106e+06 inv_norm1_est=1.323e+00 rcond_est=6.837e-07 min|U_kk|=5.134e+02 max|U_kk|=1.246e+05 zero_pivots=0 mu=6.765e-04 assembly=colored factor=banded applications=256 color_period=8 kl=639 ku=639
    COARSE apply applications=202 t_apply_avg=5.970ms t_host_solve_avg=5.122ms
    LINEAR gmres+P-A+CC(mult,2) its=200 rel=4.8e-02 t=1.42s cycles=2 reorth=198 rec=4.8e-02 status=converged t_fact=0.00s singular_modes=0 mu=6.765e-04
  NEWTON gauss:0.40625:32:i1o4 it=14 r_F=9.970e-05 r_out=3.818e-07 lambda=1 |dx|max=5.42e-04 lin=gmres+P-A+CC(mult,2) rel=4.8e-02 lits=200 t_lin=1.4s |dx|2=3.66e-02 t_fact=0.67s eta=1.00e-01 mu=6.765e-04 retries=0
    COARSE build mode=mult profiles=2 K=4096 t_assembly=0.024s t_lu=0.607s t_cond=0.033s norm1=1.107e+06 inv_norm1_est=1.227e+00 rcond_est=7.364e-07 min|U_kk|=4.868e+02 max|U_kk|=1.246e+05 zero_pivots=0 mu=1.579e-04 assembly=colored factor=banded applications=256 color_period=8 kl=639 ku=639
    COARSE apply applications=303 t_apply_avg=5.970ms t_host_solve_avg=5.122ms
    LINEAR gmres+P-A+CC(mult,2) its=300 rel=3.3e-02 t=2.13s cycles=3 reorth=295 rec=3.3e-02 status=converged t_fact=0.00s singular_modes=0 mu=1.579e-04
  NEWTON gauss:0.40625:32:i1o4 it=15 r_F=8.292e-06 r_out=7.058e-08 lambda=1 |dx|max=1.51e-04 lin=gmres+P-A+CC(mult,2) rel=3.3e-02 lits=300 t_lin=2.1s |dx|2=9.91e-03 t_fact=0.67s eta=4.90e-02 mu=1.579e-04 retries=0
    COARSE build mode=mult profiles=2 K=4096 t_assembly=0.024s t_lu=0.615s t_cond=0.034s norm1=1.107e+06 inv_norm1_est=1.356e+00 rcond_est=6.661e-07 min|U_kk|=4.849e+02 max|U_kk|=1.245e+05 zero_pivots=0 mu=1.313e-05 assembly=colored factor=banded applications=256 color_period=8 kl=639 ku=639
    COARSE apply applications=606 t_apply_avg=5.986ms t_host_solve_avg=5.139ms
    LINEAR gmres+P-A+CC(mult,2) its=600 rel=2.8e-03 t=4.26s cycles=6 reorth=591 rec=2.8e-03 status=converged t_fact=0.00s singular_modes=0 mu=1.313e-05
  NEWTON gauss:0.40625:32:i1o4 it=16 r_F=5.806e-08 r_out=5.495e-10 lambda=1 |dx|max=1.32e-05 lin=gmres+P-A+CC(mult,2) rel=2.8e-03 lits=600 t_lin=4.3s |dx|2=7.92e-04 t_fact=0.67s eta=6.23e-03 mu=1.313e-05 retries=0
    COARSE build mode=mult profiles=2 K=4096 t_assembly=0.024s t_lu=0.607s t_cond=0.033s norm1=1.107e+06 inv_norm1_est=1.372e+00 rcond_est=6.581e-07 min|U_kk|=4.847e+02 max|U_kk|=1.245e+05 zero_pivots=0 mu=9.197e-08 assembly=colored factor=banded applications=256 color_period=8 kl=639 ku=639
    COARSE apply applications=1111 t_apply_avg=5.968ms t_host_solve_avg=5.121ms
    LINEAR gmres+P-A+CC(mult,2) its=1100 rel=2.0e-05 t=7.79s cycles=11 reorth=1081 rec=2.0e-05 status=converged t_fact=0.00s singular_modes=0 mu=9.197e-08
  NEWTON gauss:0.40625:32:i1o4 it=17 r_F=2.767e-12 r_out=2.327e-14 lambda=1 |dx|max=8.65e-08 lin=gmres+P-A+CC(mult,2) rel=2.0e-05 lits=1100 t_lin=7.8s |dx|2=4.82e-06 t_fact=0.67s eta=4.41e-05 mu=9.197e-08 retries=0
    COARSE build mode=mult profiles=2 K=4096 t_assembly=0.024s t_lu=0.607s t_cond=0.033s norm1=1.107e+06 inv_norm1_est=1.372e+00 rcond_est=6.581e-07 min|U_kk|=4.847e+02 max|U_kk|=1.245e+05 zero_pivots=0 mu=4.383e-12 assembly=colored factor=banded applications=256 color_period=8 kl=639 ku=639
    COARSE apply applications=505 t_apply_avg=6.009ms t_host_solve_avg=5.125ms
    LINEAR gmres+P-A+CC(mult,2) its=500 rel=6.5e-03 t=3.59s cycles=5 reorth=489 rec=6.5e-03 status=converged t_fact=0.00s singular_modes=0 mu=4.383e-12
  NEWTON gauss:0.40625:32:i1o4 it=18 r_F=2.283e-14 r_out=8.224e-16 lambda=1 |dx|max=4.11e-12 lin=gmres+P-A+CC(mult,2) rel=6.5e-03 lits=500 t_lin=3.6s |dx|2=2.15e-10 t_fact=0.67s eta=1.81e-02 mu=4.383e-12 retries=0
  STAGE_END field=gauss eps=0.40625 N=32 cand=i1o4 status=converged its=18 r_F=2.283e-14 r_out=8.224e-16 -> accepted
STAGE field=gauss eps=0.4375 N=32 cand=i1o4 (from eps=0.40625, warm start)
  NEWTON gauss:0.4375:32:i1o4 it= 0 r_F=6.329e-01 r_out=9.589e-03
    COARSE build mode=mult profiles=2 K=4096 t_assembly=0.026s t_lu=0.523s t_cond=0.033s norm1=1.199e+06 inv_norm1_est=2.226e-03 rcond_est=3.746e-04 min|U_kk|=3.203e+03 max|U_kk|=1.798e+05 zero_pivots=0 mu=1.000e+00 assembly=colored factor=banded applications=256 color_period=8 kl=639 ku=639
    COARSE apply applications=4 t_apply_avg=6.027ms t_host_solve_avg=5.115ms
    LINEAR gmres+P-A+CC(mult,2) its=3 rel=3.7e-03 t=0.02s cycles=1 reorth=3 rec=3.7e-03 status=converged t_fact=0.00s singular_modes=0 mu=1.000e+00
  NEWTON gauss:0.4375:32:i1o4 it= 1 r_F=3.392e-01 r_out=4.343e-04 lambda=1 |dx|max=4.64e-03 lin=gmres+P-A+CC(mult,2) rel=3.7e-03 lits=3 t_lin=0.0s |dx|2=8.26e-02 t_fact=0.58s eta=1.00e-01 mu=1.000e+00 retries=0
    COARSE build mode=mult profiles=2 K=4096 t_assembly=0.026s t_lu=0.523s t_cond=0.033s norm1=1.172e+06 inv_norm1_est=4.384e-03 rcond_est=1.946e-04 min|U_kk|=2.240e+03 max|U_kk|=1.564e+05 zero_pivots=0 mu=5.359e-01 assembly=colored factor=banded applications=256 color_period=8 kl=639 ku=639
    COARSE apply applications=4 t_apply_avg=6.000ms t_host_solve_avg=5.091ms
    LINEAR gmres+P-A+CC(mult,2) its=3 rel=5.2e-03 t=0.02s cycles=1 reorth=3 rec=5.2e-03 status=converged t_fact=0.00s singular_modes=0 mu=5.359e-01
  NEWTON gauss:0.4375:32:i1o4 it= 2 r_F=1.910e-01 r_out=8.335e-05 lambda=1 |dx|max=2.99e-03 lin=gmres+P-A+CC(mult,2) rel=5.2e-03 lits=3 t_lin=0.0s |dx|2=9.00e-02 t_fact=0.58s eta=1.00e-01 mu=5.359e-01 retries=0
    COARSE build mode=mult profiles=2 K=4096 t_assembly=0.026s t_lu=0.524s t_cond=0.033s norm1=1.162e+06 inv_norm1_est=7.957e-03 rcond_est=1.082e-04 min|U_kk|=1.658e+03 max|U_kk|=1.447e+05 zero_pivots=0 mu=3.017e-01 assembly=colored factor=banded applications=256 color_period=8 kl=639 ku=639
    COARSE apply applications=5 t_apply_avg=6.025ms t_host_solve_avg=5.118ms
    LINEAR gmres+P-A+CC(mult,2) its=4 rel=8.5e-03 t=0.03s cycles=1 reorth=4 rec=8.5e-03 status=converged t_fact=0.00s singular_modes=0 mu=3.017e-01
  NEWTON gauss:0.4375:32:i1o4 it= 3 r_F=1.106e-01 r_out=6.280e-05 lambda=1 |dx|max=2.27e-03 lin=gmres+P-A+CC(mult,2) rel=8.5e-03 lits=4 t_lin=0.0s |dx|2=9.41e-02 t_fact=0.58s eta=1.00e-01 mu=3.017e-01 retries=0
    COARSE build mode=mult profiles=2 K=4096 t_assembly=0.026s t_lu=0.523s t_cond=0.033s norm1=1.159e+06 inv_norm1_est=1.315e-02 rcond_est=6.559e-05 min|U_kk|=1.285e+03 max|U_kk|=1.524e+05 zero_pivots=0 mu=1.748e-01 assembly=colored factor=banded applications=256 color_period=8 kl=639 ku=639
    COARSE apply applications=8 t_apply_avg=5.990ms t_host_solve_avg=5.088ms
    LINEAR gmres+P-A+CC(mult,2) its=7 rel=9.1e-03 t=0.05s cycles=1 reorth=7 rec=9.1e-03 status=converged t_fact=0.00s singular_modes=0 mu=1.748e-01
  NEWTON gauss:0.4375:32:i1o4 it= 4 r_F=6.057e-02 r_out=2.496e-05 lambda=1 |dx|max=1.93e-03 lin=gmres+P-A+CC(mult,2) rel=9.1e-03 lits=7 t_lin=0.0s |dx|2=8.87e-02 t_fact=0.58s eta=1.00e-01 mu=1.748e-01 retries=0
    COARSE build mode=mult profiles=2 K=4096 t_assembly=0.026s t_lu=0.546s t_cond=0.033s norm1=1.159e+06 inv_norm1_est=1.902e-02 rcond_est=4.537e-05 min|U_kk|=1.012e+03 max|U_kk|=1.344e+05 zero_pivots=0 mu=9.569e-02 assembly=colored factor=banded applications=256 color_period=8 kl=639 ku=639
    COARSE apply applications=19 t_apply_avg=6.012ms t_host_solve_avg=5.107ms
    LINEAR gmres+P-A+CC(mult,2) its=18 rel=9.0e-03 t=0.12s cycles=1 reorth=18 rec=9.0e-03 status=converged t_fact=0.00s singular_modes=0 mu=9.569e-02
  NEWTON gauss:0.4375:32:i1o4 it= 5 r_F=3.062e-02 r_out=5.995e-06 lambda=1 |dx|max=1.71e-03 lin=gmres+P-A+CC(mult,2) rel=9.0e-03 lits=18 t_lin=0.1s |dx|2=8.10e-02 t_fact=0.61s eta=1.00e-01 mu=9.569e-02 retries=0
    COARSE build mode=mult profiles=2 K=4096 t_assembly=0.026s t_lu=0.563s t_cond=0.033s norm1=1.159e+06 inv_norm1_est=2.977e-02 rcond_est=2.897e-05 min|U_kk|=8.171e+02 max|U_kk|=1.402e+05 zero_pivots=0 mu=4.837e-02 assembly=colored factor=banded applications=256 color_period=8 kl=639 ku=639
    COARSE apply applications=46 t_apply_avg=6.019ms t_host_solve_avg=5.117ms
    LINEAR gmres+P-A+CC(mult,2) its=45 rel=9.4e-03 t=0.30s cycles=1 reorth=45 rec=9.4e-03 status=converged t_fact=0.00s singular_modes=0 mu=4.837e-02
  NEWTON gauss:0.4375:32:i1o4 it= 6 r_F=1.548e-02 r_out=1.975e-06 lambda=1 |dx|max=1.55e-03 lin=gmres+P-A+CC(mult,2) rel=9.4e-03 lits=45 t_lin=0.3s |dx|2=8.10e-02 t_fact=0.62s eta=1.00e-01 mu=4.837e-02 retries=0
    COARSE build mode=mult profiles=2 K=4096 t_assembly=0.026s t_lu=0.578s t_cond=0.033s norm1=1.161e+06 inv_norm1_est=4.242e-02 rcond_est=2.030e-05 min|U_kk|=6.973e+02 max|U_kk|=1.737e+05 zero_pivots=0 mu=2.445e-02 assembly=colored factor=banded applications=256 color_period=8 kl=639 ku=639
    COARSE apply applications=80 t_apply_avg=6.015ms t_host_solve_avg=5.117ms
    LINEAR gmres+P-A+CC(mult,2) its=79 rel=9.7e-03 t=0.55s cycles=1 reorth=79 rec=9.7e-03 status=converged t_fact=0.00s singular_modes=0 mu=2.445e-02
  NEWTON gauss:0.4375:32:i1o4 it= 7 r_F=8.694e-03 r_out=1.374e-06 lambda=1 |dx|max=1.52e-03 lin=gmres+P-A+CC(mult,2) rel=9.7e-03 lits=79 t_lin=0.6s |dx|2=9.17e-02 t_fact=0.64s eta=1.00e-01 mu=2.445e-02 retries=0
    COARSE build mode=mult profiles=2 K=4096 t_assembly=0.026s t_lu=0.587s t_cond=0.033s norm1=1.165e+06 inv_norm1_est=3.821e-02 rcond_est=2.246e-05 min|U_kk|=6.323e+02 max|U_kk|=1.304e+05 zero_pivots=0 mu=1.374e-02 assembly=colored factor=banded applications=256 color_period=8 kl=639 ku=639
    COARSE apply applications=101 t_apply_avg=6.018ms t_host_solve_avg=5.120ms
    LINEAR gmres+P-A+CC(mult,2) its=100 rel=1.3e-02 t=0.72s cycles=1 reorth=99 rec=1.3e-02 status=converged t_fact=0.00s singular_modes=0 mu=1.374e-02
  NEWTON gauss:0.4375:32:i1o4 it= 8 r_F=5.624e-03 r_out=1.338e-06 lambda=1 |dx|max=1.39e-03 lin=gmres+P-A+CC(mult,2) rel=1.3e-02 lits=100 t_lin=0.7s |dx|2=1.08e-01 t_fact=0.65s eta=1.00e-01 mu=1.374e-02 retries=0
    COARSE build mode=mult profiles=2 K=4096 t_assembly=0.026s t_lu=0.592s t_cond=0.033s norm1=1.170e+06 inv_norm1_est=4.649e-02 rcond_est=1.838e-05 min|U_kk|=5.982e+02 max|U_kk|=1.301e+05 zero_pivots=0 mu=8.886e-03 assembly=colored factor=banded applications=256 color_period=8 kl=639 ku=639
    COARSE apply applications=101 t_apply_avg=6.018ms t_host_solve_avg=5.121ms
    LINEAR gmres+P-A+CC(mult,2) its=100 rel=4.3e-02 t=0.72s cycles=1 reorth=98 rec=4.3e-02 status=converged t_fact=0.00s singular_modes=0 mu=8.886e-03
  NEWTON gauss:0.4375:32:i1o4 it= 9 r_F=4.040e-03 r_out=4.018e-06 lambda=1 |dx|max=1.60e-03 lin=gmres+P-A+CC(mult,2) rel=4.3e-02 lits=100 t_lin=0.7s |dx|2=1.21e-01 t_fact=0.65s eta=1.00e-01 mu=8.886e-03 retries=0
    COARSE build mode=mult profiles=2 K=4096 t_assembly=0.026s t_lu=0.597s t_cond=0.033s norm1=1.176e+06 inv_norm1_est=1.114e+00 rcond_est=7.633e-07 min|U_kk|=5.784e+02 max|U_kk|=1.300e+05 zero_pivots=0 mu=6.383e-03 assembly=colored factor=banded applications=256 color_period=8 kl=639 ku=639
    COARSE apply applications=202 t_apply_avg=6.027ms t_host_solve_avg=5.130ms
    LINEAR gmres+P-A+CC(mult,2) its=200 rel=2.4e-02 t=1.45s cycles=2 reorth=197 rec=2.4e-02 status=converged t_fact=0.00s singular_modes=0 mu=6.383e-03
  NEWTON gauss:0.4375:32:i1o4 it=10 r_F=2.886e-03 r_out=1.854e-06 lambda=1 |dx|max=1.75e-03 lin=gmres+P-A+CC(mult,2) rel=2.4e-02 lits=200 t_lin=1.4s |dx|2=1.21e-01 t_fact=0.66s eta=1.00e-01 mu=6.383e-03 retries=0
    COARSE build mode=mult profiles=2 K=4096 t_assembly=0.026s t_lu=0.600s t_cond=0.033s norm1=1.181e+06 inv_norm1_est=5.823e-02 rcond_est=1.454e-05 min|U_kk|=5.023e+02 max|U_kk|=1.333e+05 zero_pivots=0 mu=4.560e-03 assembly=colored factor=banded applications=256 color_period=8 kl=639 ku=639
    COARSE apply applications=202 t_apply_avg=5.991ms t_host_solve_avg=5.123ms
    LINEAR gmres+P-A+CC(mult,2) its=200 rel=5.9e-02 t=1.43s cycles=2 reorth=195 rec=5.9e-02 status=converged t_fact=0.00s singular_modes=0 mu=4.560e-03
  NEWTON gauss:0.4375:32:i1o4 it=11 r_F=1.892e-03 r_out=3.046e-06 lambda=1 |dx|max=1.64e-03 lin=gmres+P-A+CC(mult,2) rel=5.9e-02 lits=200 t_lin=1.4s |dx|2=1.11e-01 t_fact=0.66s eta=1.00e-01 mu=4.560e-03 retries=0
    COARSE build mode=mult profiles=2 K=4096 t_assembly=0.025s t_lu=0.601s t_cond=0.061s norm1=1.186e+06 inv_norm1_est=4.441e-01 rcond_est=1.899e-06 min|U_kk|=5.296e+02 max|U_kk|=1.297e+05 zero_pivots=0 mu=2.989e-03 assembly=colored factor=banded applications=256 color_period=8 kl=639 ku=639
    COARSE apply applications=303 t_apply_avg=5.981ms t_host_solve_avg=5.115ms
    LINEAR gmres+P-A+CC(mult,2) its=300 rel=6.5e-02 t=2.14s cycles=3 reorth=297 rec=6.5e-02 status=converged t_fact=0.00s singular_modes=0 mu=2.989e-03
  NEWTON gauss:0.4375:32:i1o4 it=12 r_F=1.066e-03 r_out=1.886e-06 lambda=1 |dx|max=1.37e-03 lin=gmres+P-A+CC(mult,2) rel=6.5e-02 lits=300 t_lin=2.1s |dx|2=9.34e-02 t_fact=0.69s eta=1.00e-01 mu=2.989e-03 retries=0
    COARSE build mode=mult profiles=2 K=4096 t_assembly=0.025s t_lu=0.605s t_cond=0.033s norm1=1.189e+06 inv_norm1_est=2.107e+00 rcond_est=3.993e-07 min|U_kk|=4.849e+02 max|U_kk|=1.682e+05 zero_pivots=0 mu=1.684e-03 assembly=colored factor=banded applications=256 color_period=8 kl=639 ku=639
    COARSE apply applications=505 t_apply_avg=5.987ms t_host_solve_avg=5.121ms
    LINEAR gmres+P-A+CC(mult,2) its=500 rel=7.9e-02 t=3.57s cycles=5 reorth=495 rec=7.9e-02 status=converged t_fact=0.00s singular_modes=0 mu=1.684e-03
  NEWTON gauss:0.4375:32:i1o4 it=13 r_F=4.615e-04 r_out=1.482e-06 lambda=1 |dx|max=9.99e-04 lin=gmres+P-A+CC(mult,2) rel=7.9e-02 lits=500 t_lin=3.6s |dx|2=6.88e-02 t_fact=0.66s eta=1.00e-01 mu=1.684e-03 retries=0
    COARSE build mode=mult profiles=2 K=4096 t_assembly=0.025s t_lu=0.605s t_cond=0.047s norm1=1.191e+06 inv_norm1_est=1.853e+00 rcond_est=4.532e-07 min|U_kk|=4.723e+02 max|U_kk|=1.296e+05 zero_pivots=0 mu=7.291e-04 assembly=colored factor=banded applications=256 color_period=8 kl=639 ku=639
    COARSE apply applications=1010 t_apply_avg=5.985ms t_host_solve_avg=5.119ms
    LINEAR gmres+P-A+CC(mult,2) its=1000 rel=9.5e-02 t=7.13s cycles=10 reorth=987 rec=9.5e-02 status=converged t_fact=0.00s singular_modes=0 mu=7.291e-04
  NEWTON gauss:0.4375:32:i1o4 it=14 r_F=1.246e-04 r_out=6.516e-07 lambda=1 |dx|max=5.57e-04 lin=gmres+P-A+CC(mult,2) rel=9.5e-02 lits=1000 t_lin=7.1s |dx|2=3.85e-02 t_fact=0.68s eta=1.00e-01 mu=7.291e-04 retries=0
    COARSE build mode=mult profiles=2 K=4096 t_assembly=0.025s t_lu=0.604s t_cond=0.047s norm1=1.192e+06 inv_norm1_est=1.903e+00 rcond_est=4.411e-07 min|U_kk|=4.668e+02 max|U_kk|=1.296e+05 zero_pivots=0 mu=1.968e-04 assembly=colored factor=banded applications=256 color_period=8 kl=639 ku=639
    COARSE apply applications=303 t_apply_avg=6.041ms t_host_solve_avg=5.169ms
    LINEAR gmres+P-A+CC(mult,2) its=300 rel=8.1e-01 t=2.16s cycles=3 reorth=295 rec=8.1e-01 status=stagnation t_fact=0.00s singular_modes=0 mu=1.968e-04
  NEWTON gauss:0.4375:32:i1o4 it=15 linear_failure: GMRES status=stagnation rel=8.1e-01 lits=300 prec singular modes=0 (step not taken) eta=6.56e-02 mu=1.968e-04
  STAGE_END field=gauss eps=0.4375 N=32 cand=i1o4 status=linear_failure its=15 r_F=1.246e-04 r_out=6.516e-07 -> FAILED
  CONTINUATION bisection 4/4: retry from eps=0.40625 at eps=0.421875
STAGE field=gauss eps=0.421875 N=32 cand=i1o4 (from eps=0.40625, warm start)
  NEWTON gauss:0.421875:32:i1o4 it= 0 r_F=3.158e-01 r_out=4.777e-03
    COARSE build mode=mult profiles=2 K=4096 t_assembly=0.026s t_lu=0.524s t_cond=0.033s norm1=1.185e+06 inv_norm1_est=2.183e-03 rcond_est=3.864e-04 min|U_kk|=3.271e+03 max|U_kk|=1.764e+05 zero_pivots=0 mu=1.000e+00 assembly=colored factor=banded applications=256 color_period=8 kl=639 ku=639
    COARSE apply applications=4 t_apply_avg=6.012ms t_host_solve_avg=5.134ms
    LINEAR gmres+P-A+CC(mult,2) its=3 rel=3.8e-03 t=0.02s cycles=1 reorth=3 rec=3.8e-03 status=converged t_fact=0.00s singular_modes=0 mu=1.000e+00
  NEWTON gauss:0.421875:32:i1o4 it= 1 r_F=1.694e-01 r_out=2.132e-04 lambda=1 |dx|max=2.32e-03 lin=gmres+P-A+CC(mult,2) rel=3.8e-03 lits=3 t_lin=0.0s |dx|2=4.13e-02 t_fact=0.58s eta=1.00e-01 mu=1.000e+00 retries=0
    COARSE build mode=mult profiles=2 K=4096 t_assembly=0.025s t_lu=0.524s t_cond=0.033s norm1=1.157e+06 inv_norm1_est=4.304e-03 rcond_est=2.008e-04 min|U_kk|=2.287e+03 max|U_kk|=1.535e+05 zero_pivots=0 mu=5.362e-01 assembly=colored factor=banded applications=256 color_period=8 kl=639 ku=639
    COARSE apply applications=4 t_apply_avg=5.960ms t_host_solve_avg=5.087ms
    LINEAR gmres+P-A+CC(mult,2) its=3 rel=5.2e-03 t=0.02s cycles=1 reorth=3 rec=5.2e-03 status=converged t_fact=0.00s singular_modes=0 mu=5.362e-01
  NEWTON gauss:0.421875:32:i1o4 it= 2 r_F=9.560e-02 r_out=4.053e-05 lambda=1 |dx|max=1.50e-03 lin=gmres+P-A+CC(mult,2) rel=5.2e-03 lits=3 t_lin=0.0s |dx|2=4.50e-02 t_fact=0.58s eta=1.00e-01 mu=5.362e-01 retries=0
    COARSE build mode=mult profiles=2 K=4096 t_assembly=0.025s t_lu=0.524s t_cond=0.033s norm1=1.144e+06 inv_norm1_est=7.791e-03 rcond_est=1.122e-04 min|U_kk|=1.695e+03 max|U_kk|=1.419e+05 zero_pivots=0 mu=3.027e-01 assembly=colored factor=banded applications=256 color_period=8 kl=639 ku=639
    COARSE apply applications=5 t_apply_avg=5.983ms t_host_solve_avg=5.101ms
    LINEAR gmres+P-A+CC(mult,2) its=4 rel=8.2e-03 t=0.03s cycles=1 reorth=4 rec=8.2e-03 status=converged t_fact=0.00s singular_modes=0 mu=3.027e-01
  NEWTON gauss:0.421875:32:i1o4 it= 3 r_F=5.553e-02 r_out=2.967e-05 lambda=1 |dx|max=1.14e-03 lin=gmres+P-A+CC(mult,2) rel=8.2e-03 lits=4 t_lin=0.0s |dx|2=4.70e-02 t_fact=0.58s eta=1.00e-01 mu=3.027e-01 retries=0
    COARSE build mode=mult profiles=2 K=4096 t_assembly=0.025s t_lu=0.524s t_cond=0.033s norm1=1.139e+06 inv_norm1_est=1.285e-02 rcond_est=6.836e-05 min|U_kk|=1.315e+03 max|U_kk|=1.357e+05 zero_pivots=0 mu=1.758e-01 assembly=colored factor=banded applications=256 color_period=8 kl=639 ku=639
    COARSE apply applications=8 t_apply_avg=5.970ms t_host_solve_avg=5.097ms
    LINEAR gmres+P-A+CC(mult,2) its=7 rel=8.6e-03 t=0.05s cycles=1 reorth=7 rec=8.6e-03 status=converged t_fact=0.00s singular_modes=0 mu=1.758e-01
  NEWTON gauss:0.421875:32:i1o4 it= 4 r_F=3.048e-02 r_out=1.114e-05 lambda=1 |dx|max=9.64e-04 lin=gmres+P-A+CC(mult,2) rel=8.6e-03 lits=7 t_lin=0.0s |dx|2=4.43e-02 t_fact=0.58s eta=1.00e-01 mu=1.758e-01 retries=0
    COARSE build mode=mult profiles=2 K=4096 t_assembly=0.025s t_lu=0.541s t_cond=0.033s norm1=1.136e+06 inv_norm1_est=1.860e-02 rcond_est=4.733e-05 min|U_kk|=1.035e+03 max|U_kk|=1.318e+05 zero_pivots=0 mu=9.649e-02 assembly=colored factor=banded applications=256 color_period=8 kl=639 ku=639
    COARSE apply applications=18 t_apply_avg=5.968ms t_host_solve_avg=5.098ms
    LINEAR gmres+P-A+CC(mult,2) its=17 rel=9.5e-03 t=0.11s cycles=1 reorth=16 rec=9.5e-03 status=converged t_fact=0.00s singular_modes=0 mu=9.649e-02
  NEWTON gauss:0.421875:32:i1o4 it= 5 r_F=1.541e-02 r_out=3.204e-06 lambda=1 |dx|max=8.54e-04 lin=gmres+P-A+CC(mult,2) rel=9.5e-03 lits=17 t_lin=0.1s |dx|2=4.04e-02 t_fact=0.60s eta=1.00e-01 mu=9.649e-02 retries=0
    COARSE build mode=mult profiles=2 K=4096 t_assembly=0.025s t_lu=0.563s t_cond=0.033s norm1=1.135e+06 inv_norm1_est=2.909e-02 rcond_est=3.030e-05 min|U_kk|=8.347e+02 max|U_kk|=1.353e+05 zero_pivots=0 mu=4.880e-02 assembly=colored factor=banded applications=256 color_period=8 kl=639 ku=639
    COARSE apply applications=43 t_apply_avg=5.984ms t_host_solve_avg=5.113ms
    LINEAR gmres+P-A+CC(mult,2) its=42 rel=9.9e-03 t=0.28s cycles=1 reorth=42 rec=9.9e-03 status=converged t_fact=0.00s singular_modes=0 mu=4.880e-02
  NEWTON gauss:0.421875:32:i1o4 it= 6 r_F=7.776e-03 r_out=1.003e-06 lambda=1 |dx|max=7.75e-04 lin=gmres+P-A+CC(mult,2) rel=9.9e-03 lits=42 t_lin=0.3s |dx|2=4.03e-02 t_fact=0.62s eta=1.00e-01 mu=4.880e-02 retries=0
    COARSE build mode=mult profiles=2 K=4096 t_assembly=0.025s t_lu=0.576s t_cond=0.033s norm1=1.135e+06 inv_norm1_est=4.147e-02 rcond_est=2.125e-05 min|U_kk|=7.101e+02 max|U_kk|=1.408e+05 zero_pivots=0 mu=2.462e-02 assembly=colored factor=banded applications=256 color_period=8 kl=639 ku=639
    COARSE apply applications=73 t_apply_avg=5.984ms t_host_solve_avg=5.116ms
    LINEAR gmres+P-A+CC(mult,2) its=72 rel=9.3e-03 t=0.50s cycles=1 reorth=72 rec=9.3e-03 status=converged t_fact=0.00s singular_modes=0 mu=2.462e-02
  NEWTON gauss:0.421875:32:i1o4 it= 7 r_F=4.361e-03 r_out=6.416e-07 lambda=1 |dx|max=7.52e-04 lin=gmres+P-A+CC(mult,2) rel=9.3e-03 lits=72 t_lin=0.5s |dx|2=4.56e-02 t_fact=0.64s eta=1.00e-01 mu=2.462e-02 retries=0
    COARSE build mode=mult profiles=2 K=4096 t_assembly=0.025s t_lu=0.586s t_cond=0.033s norm1=1.136e+06 inv_norm1_est=3.780e-02 rcond_est=2.328e-05 min|U_kk|=6.421e+02 max|U_kk|=1.418e+05 zero_pivots=0 mu=1.381e-02 assembly=colored factor=banded applications=256 color_period=8 kl=639 ku=639
    COARSE apply applications=98 t_apply_avg=5.990ms t_host_solve_avg=5.122ms
    LINEAR gmres+P-A+CC(mult,2) its=97 rel=9.8e-03 t=0.69s cycles=1 reorth=96 rec=9.8e-03 status=converged t_fact=0.00s singular_modes=0 mu=1.381e-02
  NEWTON gauss:0.421875:32:i1o4 it= 8 r_F=2.821e-03 r_out=4.833e-07 lambda=1 |dx|max=6.96e-04 lin=gmres+P-A+CC(mult,2) rel=9.8e-03 lits=97 t_lin=0.7s |dx|2=5.36e-02 t_fact=0.65s eta=1.00e-01 mu=1.381e-02 retries=0
    COARSE build mode=mult profiles=2 K=4096 t_assembly=0.025s t_lu=0.593s t_cond=0.033s norm1=1.139e+06 inv_norm1_est=4.572e-02 rcond_est=1.921e-05 min|U_kk|=6.061e+02 max|U_kk|=1.473e+05 zero_pivots=0 mu=8.932e-03 assembly=colored factor=banded applications=256 color_period=8 kl=639 ku=639
    COARSE apply applications=101 t_apply_avg=5.986ms t_host_solve_avg=5.120ms
    LINEAR gmres+P-A+CC(mult,2) its=100 rel=2.5e-02 t=0.71s cycles=1 reorth=98 rec=2.5e-02 status=converged t_fact=0.00s singular_modes=0 mu=8.932e-03
  NEWTON gauss:0.421875:32:i1o4 it= 9 r_F=2.026e-03 r_out=9.225e-07 lambda=1 |dx|max=8.00e-04 lin=gmres+P-A+CC(mult,2) rel=2.5e-02 lits=100 t_lin=0.7s |dx|2=6.04e-02 t_fact=0.65s eta=1.00e-01 mu=8.932e-03 retries=0
    COARSE build mode=mult profiles=2 K=4096 t_assembly=0.025s t_lu=0.595s t_cond=0.033s norm1=1.142e+06 inv_norm1_est=5.458e-02 rcond_est=1.605e-05 min|U_kk|=5.853e+02 max|U_kk|=1.274e+05 zero_pivots=0 mu=6.413e-03 assembly=colored factor=banded applications=256 color_period=8 kl=639 ku=639
    COARSE apply applications=101 t_apply_avg=5.990ms t_host_solve_avg=5.122ms
    LINEAR gmres+P-A+CC(mult,2) its=100 rel=4.9e-02 t=0.71s cycles=1 reorth=98 rec=4.9e-02 status=converged t_fact=0.00s singular_modes=0 mu=6.413e-03
  NEWTON gauss:0.421875:32:i1o4 it=10 r_F=1.447e-03 r_out=1.580e-06 lambda=1 |dx|max=8.75e-04 lin=gmres+P-A+CC(mult,2) rel=4.9e-02 lits=100 t_lin=0.7s |dx|2=6.02e-02 t_fact=0.66s eta=1.00e-01 mu=6.413e-03 retries=0
    COARSE build mode=mult profiles=2 K=4096 t_assembly=0.025s t_lu=0.596s t_cond=0.033s norm1=1.144e+06 inv_norm1_est=1.375e+00 rcond_est=6.356e-07 min|U_kk|=5.692e+02 max|U_kk|=1.579e+05 zero_pivots=0 mu=4.580e-03 assembly=colored factor=banded applications=256 color_period=8 kl=639 ku=639
    COARSE apply applications=101 t_apply_avg=5.986ms t_host_solve_avg=5.119ms
    LINEAR gmres+P-A+CC(mult,2) its=100 rel=9.1e-02 t=0.71s cycles=1 reorth=99 rec=9.1e-02 status=converged t_fact=0.00s singular_modes=0 mu=4.580e-03
  NEWTON gauss:0.421875:32:i1o4 it=11 r_F=9.546e-04 r_out=2.453e-06 lambda=1 |dx|max=8.17e-04 lin=gmres+P-A+CC(mult,2) rel=9.1e-02 lits=100 t_lin=0.7s |dx|2=5.49e-02 t_fact=0.66s eta=1.00e-01 mu=4.580e-03 retries=0
    COARSE build mode=mult profiles=2 K=4096 t_assembly=0.025s t_lu=0.602s t_cond=0.033s norm1=1.146e+06 inv_norm1_est=7.533e-02 rcond_est=1.158e-05 min|U_kk|=4.553e+02 max|U_kk|=1.272e+05 zero_pivots=0 mu=3.022e-03 assembly=colored factor=banded applications=256 color_period=8 kl=639 ku=639
    COARSE apply applications=202 t_apply_avg=5.977ms t_host_solve_avg=5.123ms
    LINEAR gmres+P-A+CC(mult,2) its=200 rel=5.6e-02 t=1.42s cycles=2 reorth=196 rec=5.6e-02 status=converged t_fact=0.00s singular_modes=0 mu=3.022e-03
  NEWTON gauss:0.421875:32:i1o4 it=12 r_F=5.346e-04 r_out=7.559e-07 lambda=1 |dx|max=6.90e-04 lin=gmres+P-A+CC(mult,2) rel=5.6e-02 lits=200 t_lin=1.4s |dx|2=4.68e-02 t_fact=0.66s eta=1.00e-01 mu=3.022e-03 retries=0
    COARSE build mode=mult profiles=2 K=4096 t_assembly=0.024s t_lu=0.607s t_cond=0.033s norm1=1.148e+06 inv_norm1_est=4.730e-01 rcond_est=1.841e-06 min|U_kk|=4.750e+02 max|U_kk|=1.271e+05 zero_pivots=0 mu=1.693e-03 assembly=colored factor=banded applications=256 color_period=8 kl=639 ku=639
    COARSE apply applications=303 t_apply_avg=6.038ms t_host_solve_avg=5.122ms
    LINEAR gmres+P-A+CC(mult,2) its=300 rel=5.0e-02 t=2.18s cycles=3 reorth=296 rec=5.0e-02 status=converged t_fact=0.00s singular_modes=0 mu=1.693e-03
  NEWTON gauss:0.421875:32:i1o4 it=13 r_F=2.290e-04 r_out=4.139e-07 lambda=1 |dx|max=5.03e-04 lin=gmres+P-A+CC(mult,2) rel=5.0e-02 lits=300 t_lin=2.2s |dx|2=3.45e-02 t_fact=0.67s eta=1.00e-01 mu=1.693e-03 retries=0
    COARSE build mode=mult profiles=2 K=4096 t_assembly=0.026s t_lu=0.605s t_cond=0.033s norm1=1.149e+06 inv_norm1_est=5.261e+00 rcond_est=1.654e-07 min|U_kk|=4.667e+02 max|U_kk|=1.271e+05 zero_pivots=0 mu=7.250e-04 assembly=colored factor=banded applications=256 color_period=8 kl=639 ku=639
    COARSE apply applications=404 t_apply_avg=6.071ms t_host_solve_avg=5.156ms
    LINEAR gmres+P-A+CC(mult,2) its=400 rel=7.4e-02 t=2.92s cycles=4 reorth=395 rec=7.4e-02 status=converged t_fact=0.00s singular_modes=0 mu=7.250e-04
  NEWTON gauss:0.421875:32:i1o4 it=14 r_F=5.756e-05 r_out=3.212e-07 lambda=1 |dx|max=2.84e-04 lin=gmres+P-A+CC(mult,2) rel=7.4e-02 lits=400 t_lin=2.9s |dx|2=1.95e-02 t_fact=0.67s eta=1.00e-01 mu=7.250e-04 retries=0
    COARSE build mode=mult profiles=2 K=4096 t_assembly=0.026s t_lu=0.613s t_cond=0.034s norm1=1.150e+06 inv_norm1_est=1.927e+00 rcond_est=4.512e-07 min|U_kk|=4.767e+02 max|U_kk|=1.270e+05 zero_pivots=0 mu=1.822e-04 assembly=colored factor=banded applications=256 color_period=8 kl=639 ku=639
    COARSE apply applications=606 t_apply_avg=6.036ms t_host_solve_avg=5.121ms
    LINEAR gmres+P-A+CC(mult,2) its=600 rel=5.6e-02 t=4.36s cycles=6 reorth=592 rec=5.6e-02 status=converged t_fact=0.00s singular_modes=0 mu=1.822e-04
  NEWTON gauss:0.421875:32:i1o4 it=15 r_F=5.494e-06 r_out=5.380e-08 lambda=1 |dx|max=9.04e-05 lin=gmres+P-A+CC(mult,2) rel=5.6e-02 lits=600 t_lin=4.4s |dx|2=5.85e-03 t_fact=0.68s eta=5.69e-02 mu=1.822e-04 retries=0
    COARSE build mode=mult profiles=2 K=4096 t_assembly=0.026s t_lu=0.607s t_cond=0.033s norm1=1.150e+06 inv_norm1_est=1.575e+00 rcond_est=5.522e-07 min|U_kk|=4.750e+02 max|U_kk|=1.270e+05 zero_pivots=0 mu=1.739e-05 assembly=colored factor=banded applications=256 color_period=8 kl=639 ku=639
    COARSE apply applications=1010 t_apply_avg=6.043ms t_host_solve_avg=5.129ms
    LINEAR gmres+P-A+CC(mult,2) its=1000 rel=4.8e-03 t=7.27s cycles=10 reorth=981 rec=4.8e-03 status=converged t_fact=0.00s singular_modes=0 mu=1.739e-05
  NEWTON gauss:0.421875:32:i1o4 it=16 r_F=4.998e-08 r_out=2.877e-10 lambda=1 |dx|max=8.75e-06 lin=gmres+P-A+CC(mult,2) rel=4.8e-03 lits=1000 t_lin=7.3s |dx|2=5.02e-04 t_fact=0.67s eta=8.20e-03 mu=1.739e-05 retries=0
    COARSE build mode=mult profiles=2 K=4096 t_assembly=0.026s t_lu=0.607s t_cond=0.033s norm1=1.150e+06 inv_norm1_est=1.553e+00 rcond_est=5.599e-07 min|U_kk|=4.749e+02 max|U_kk|=1.270e+05 zero_pivots=0 mu=1.582e-07 assembly=colored factor=banded applications=256 color_period=8 kl=639 ku=639
    COARSE apply applications=2828 t_apply_avg=6.036ms t_host_solve_avg=5.122ms
    LINEAR gmres+P-A+CC(mult,2) its=2800 rel=5.0e-05 t=20.33s cycles=28 reorth=2748 rec=5.0e-05 status=converged t_fact=0.00s singular_modes=0 mu=1.582e-07
  NEWTON gauss:0.421875:32:i1o4 it=17 r_F=4.411e-12 r_out=2.573e-14 lambda=1 |dx|max=8.68e-08 lin=gmres+P-A+CC(mult,2) rel=5.0e-05 lits=2800 t_lin=20.3s |dx|2=4.22e-06 t_fact=0.67s eta=7.45e-05 mu=1.582e-07 retries=0
    COARSE build mode=mult profiles=2 K=4096 t_assembly=0.026s t_lu=0.606s t_cond=0.033s norm1=1.150e+06 inv_norm1_est=1.553e+00 rcond_est=5.600e-07 min|U_kk|=4.749e+02 max|U_kk|=1.270e+05 zero_pivots=0 mu=1.397e-11 assembly=colored factor=banded applications=256 color_period=8 kl=639 ku=639
    COARSE apply applications=1111 t_apply_avg=6.051ms t_host_solve_avg=5.136ms
    LINEAR gmres+P-A+CC(mult,2) its=1100 rel=1.1e-02 t=8.00s cycles=11 reorth=1076 rec=1.1e-02 status=converged t_fact=0.00s singular_modes=0 mu=1.397e-11
  NEWTON gauss:0.421875:32:i1o4 it=18 r_F=4.875e-14 r_out=8.161e-16 lambda=1 |dx|max=7.58e-12 lin=gmres+P-A+CC(mult,2) rel=1.1e-02 lits=1100 t_lin=8.0s |dx|2=3.34e-10 t_fact=0.67s eta=1.13e-02 mu=1.397e-11 retries=0
  STAGE_END field=gauss eps=0.421875 N=32 cand=i1o4 status=converged its=18 r_F=4.875e-14 r_out=8.161e-16 -> accepted
STAGE field=gauss eps=0.4375 N=32 cand=i1o4 (from eps=0.421875, warm start)
  NEWTON gauss:0.4375:32:i1o4 it= 0 r_F=3.162e-01 r_out=4.833e-03
    COARSE build mode=mult profiles=2 K=4096 t_assembly=0.027s t_lu=0.524s t_cond=0.033s norm1=1.230e+06 inv_norm1_est=2.271e-03 rcond_est=3.581e-04 min|U_kk|=3.203e+03 max|U_kk|=1.799e+05 zero_pivots=0 mu=1.000e+00 assembly=colored factor=banded applications=256 color_period=8 kl=639 ku=639
    COARSE apply applications=4 t_apply_avg=6.014ms t_host_solve_avg=5.098ms
    LINEAR gmres+P-A+CC(mult,2) its=3 rel=4.1e-03 t=0.02s cycles=1 reorth=3 rec=4.1e-03 status=converged t_fact=0.00s singular_modes=0 mu=1.000e+00
  NEWTON gauss:0.4375:32:i1o4 it= 1 r_F=1.694e-01 r_out=2.371e-04 lambda=1 |dx|max=2.31e-03 lin=gmres+P-A+CC(mult,2) rel=4.1e-03 lits=3 t_lin=0.0s |dx|2=4.13e-02 t_fact=0.59s eta=1.00e-01 mu=1.000e+00 retries=0
    COARSE build mode=mult profiles=2 K=4096 t_assembly=0.026s t_lu=0.524s t_cond=0.033s norm1=1.201e+06 inv_norm1_est=4.429e-03 rcond_est=1.880e-04 min|U_kk|=2.239e+03 max|U_kk|=1.565e+05 zero_pivots=0 mu=5.357e-01 assembly=colored factor=banded applications=256 color_period=8 kl=639 ku=639
    COARSE apply applications=4 t_apply_avg=6.031ms t_host_solve_avg=5.098ms
    LINEAR gmres+P-A+CC(mult,2) its=3 rel=5.8e-03 t=0.02s cycles=1 reorth=3 rec=5.8e-03 status=converged t_fact=0.00s singular_modes=0 mu=5.357e-01
  NEWTON gauss:0.4375:32:i1o4 it= 2 r_F=9.544e-02 r_out=4.567e-05 lambda=1 |dx|max=1.50e-03 lin=gmres+P-A+CC(mult,2) rel=5.8e-03 lits=3 t_lin=0.0s |dx|2=4.50e-02 t_fact=0.59s eta=1.00e-01 mu=5.357e-01 retries=0
    COARSE build mode=mult profiles=2 K=4096 t_assembly=0.026s t_lu=0.524s t_cond=0.033s norm1=1.188e+06 inv_norm1_est=8.036e-03 rcond_est=1.048e-04 min|U_kk|=1.658e+03 max|U_kk|=1.447e+05 zero_pivots=0 mu=3.018e-01 assembly=colored factor=banded applications=256 color_period=8 kl=639 ku=639
    COARSE apply applications=5 t_apply_avg=6.017ms t_host_solve_avg=5.094ms
    LINEAR gmres+P-A+CC(mult,2) its=4 rel=9.6e-03 t=0.03s cycles=1 reorth=4 rec=9.6e-03 status=converged t_fact=0.00s singular_modes=0 mu=3.018e-01
  NEWTON gauss:0.4375:32:i1o4 it= 3 r_F=5.532e-02 r_out=3.519e-05 lambda=1 |dx|max=1.14e-03 lin=gmres+P-A+CC(mult,2) rel=9.6e-03 lits=4 t_lin=0.0s |dx|2=4.71e-02 t_fact=0.59s eta=1.00e-01 mu=3.018e-01 retries=0
    COARSE build mode=mult profiles=2 K=4096 t_assembly=0.026s t_lu=0.529s t_cond=0.033s norm1=1.182e+06 inv_norm1_est=1.328e-02 rcond_est=6.370e-05 min|U_kk|=1.286e+03 max|U_kk|=1.384e+05 zero_pivots=0 mu=1.749e-01 assembly=colored factor=banded applications=256 color_period=8 kl=639 ku=639
    COARSE apply applications=10 t_apply_avg=6.011ms t_host_solve_avg=5.095ms
    LINEAR gmres+P-A+CC(mult,2) its=9 rel=9.7e-03 t=0.06s cycles=1 reorth=9 rec=9.7e-03 status=converged t_fact=0.00s singular_modes=0 mu=1.749e-01
  NEWTON gauss:0.4375:32:i1o4 it= 4 r_F=3.034e-02 r_out=1.172e-05 lambda=1 |dx|max=9.65e-04 lin=gmres+P-A+CC(mult,2) rel=9.7e-03 lits=9 t_lin=0.1s |dx|2=4.44e-02 t_fact=0.59s eta=1.00e-01 mu=1.749e-01 retries=0
    COARSE build mode=mult profiles=2 K=4096 t_assembly=0.026s t_lu=0.544s t_cond=0.033s norm1=1.180e+06 inv_norm1_est=1.916e-02 rcond_est=4.426e-05 min|U_kk|=1.014e+03 max|U_kk|=1.344e+05 zero_pivots=0 mu=9.592e-02 assembly=colored factor=banded applications=256 color_period=8 kl=639 ku=639
    COARSE apply applications=22 t_apply_avg=6.019ms t_host_solve_avg=5.101ms
    LINEAR gmres+P-A+CC(mult,2) its=21 rel=8.8e-03 t=0.14s cycles=1 reorth=21 rec=8.8e-03 status=converged t_fact=0.00s singular_modes=0 mu=9.592e-02
  NEWTON gauss:0.4375:32:i1o4 it= 5 r_F=1.537e-02 r_out=2.813e-06 lambda=1 |dx|max=8.55e-04 lin=gmres+P-A+CC(mult,2) rel=8.8e-03 lits=21 t_lin=0.1s |dx|2=4.06e-02 t_fact=0.61s eta=1.00e-01 mu=9.592e-02 retries=0
    COARSE build mode=mult profiles=2 K=4096 t_assembly=0.026s t_lu=0.564s t_cond=0.033s norm1=1.178e+06 inv_norm1_est=2.994e-02 rcond_est=2.834e-05 min|U_kk|=8.190e+02 max|U_kk|=2.029e+05 zero_pivots=0 mu=4.860e-02 assembly=colored factor=banded applications=256 color_period=8 kl=639 ku=639
    COARSE apply applications=51 t_apply_avg=6.041ms t_host_solve_avg=5.120ms
    LINEAR gmres+P-A+CC(mult,2) its=50 rel=9.9e-03 t=0.34s cycles=1 reorth=50 rec=9.9e-03 status=converged t_fact=0.00s singular_modes=0 mu=4.860e-02
  NEWTON gauss:0.4375:32:i1o4 it= 6 r_F=7.791e-03 r_out=9.434e-07 lambda=1 |dx|max=7.71e-04 lin=gmres+P-A+CC(mult,2) rel=9.9e-03 lits=50 t_lin=0.3s |dx|2=4.06e-02 t_fact=0.63s eta=1.00e-01 mu=4.860e-02 retries=0
    COARSE build mode=mult profiles=2 K=4096 t_assembly=0.026s t_lu=0.578s t_cond=0.033s norm1=1.179e+06 inv_norm1_est=4.263e-02 rcond_est=1.990e-05 min|U_kk|=6.990e+02 max|U_kk|=1.309e+05 zero_pivots=0 mu=2.464e-02 assembly=colored factor=banded applications=256 color_period=8 kl=639 ku=639
    COARSE apply applications=87 t_apply_avg=6.036ms t_host_solve_avg=5.117ms
    LINEAR gmres+P-A+CC(mult,2) its=86 rel=1.0e-02 t=0.61s cycles=1 reorth=86 rec=1.0e-02 status=converged t_fact=0.00s singular_modes=0 mu=2.464e-02
  NEWTON gauss:0.4375:32:i1o4 it= 7 r_F=4.384e-03 r_out=6.437e-07 lambda=1 |dx|max=7.60e-04 lin=gmres+P-A+CC(mult,2) rel=1.0e-02 lits=86 t_lin=0.6s |dx|2=4.58e-02 t_fact=0.64s eta=1.00e-01 mu=2.464e-02 retries=0
    COARSE build mode=mult profiles=2 K=4096 t_assembly=0.026s t_lu=0.586s t_cond=0.033s norm1=1.180e+06 inv_norm1_est=3.853e-02 rcond_est=2.200e-05 min|U_kk|=6.334e+02 max|U_kk|=1.303e+05 zero_pivots=0 mu=1.386e-02 assembly=colored factor=banded applications=256 color_period=8 kl=639 ku=639
    COARSE apply applications=101 t_apply_avg=6.041ms t_host_solve_avg=5.124ms
    LINEAR gmres+P-A+CC(mult,2) its=100 rel=2.0e-02 t=0.73s cycles=1 reorth=99 rec=2.0e-02 status=converged t_fact=0.00s singular_modes=0 mu=1.386e-02
  NEWTON gauss:0.4375:32:i1o4 it= 8 r_F=2.836e-03 r_out=1.023e-06 lambda=1 |dx|max=6.97e-04 lin=gmres+P-A+CC(mult,2) rel=2.0e-02 lits=100 t_lin=0.7s |dx|2=5.37e-02 t_fact=0.65s eta=1.00e-01 mu=1.386e-02 retries=0
    COARSE build mode=mult profiles=2 K=4096 t_assembly=0.026s t_lu=0.596s t_cond=0.033s norm1=1.182e+06 inv_norm1_est=4.652e-02 rcond_est=1.819e-05 min|U_kk|=5.986e+02 max|U_kk|=1.301e+05 zero_pivots=0 mu=8.969e-03 assembly=colored factor=banded applications=256 color_period=8 kl=639 ku=639
    COARSE apply applications=101 t_apply_avg=6.026ms t_host_solve_avg=5.127ms
    LINEAR gmres+P-A+CC(mult,2) its=100 rel=6.2e-02 t=0.72s cycles=1 reorth=98 rec=6.2e-02 status=converged t_fact=0.00s singular_modes=0 mu=8.969e-03
  NEWTON gauss:0.4375:32:i1o4 it= 9 r_F=2.042e-03 r_out=2.688e-06 lambda=1 |dx|max=7.91e-04 lin=gmres+P-A+CC(mult,2) rel=6.2e-02 lits=100 t_lin=0.7s |dx|2=6.03e-02 t_fact=0.66s eta=1.00e-01 mu=8.969e-03 retries=0
    COARSE build mode=mult profiles=2 K=4096 t_assembly=0.026s t_lu=0.597s t_cond=0.033s norm1=1.185e+06 inv_norm1_est=5.565e-02 rcond_est=1.517e-05 min|U_kk|=5.791e+02 max|U_kk|=1.299e+05 zero_pivots=0 mu=6.456e-03 assembly=colored factor=banded applications=256 color_period=8 kl=639 ku=639
    COARSE apply applications=202 t_apply_avg=6.033ms t_host_solve_avg=5.125ms
    LINEAR gmres+P-A+CC(mult,2) its=200 rel=4.0e-02 t=1.45s cycles=2 reorth=196 rec=4.0e-02 status=converged t_fact=0.00s singular_modes=0 mu=6.456e-03
  NEWTON gauss:0.4375:32:i1o4 it=10 r_F=1.459e-03 r_out=1.026e-06 lambda=1 |dx|max=8.70e-04 lin=gmres+P-A+CC(mult,2) rel=4.0e-02 lits=200 t_lin=1.5s |dx|2=6.06e-02 t_fact=0.66s eta=1.00e-01 mu=6.456e-03 retries=0
    COARSE build mode=mult profiles=2 K=4096 t_assembly=0.026s t_lu=0.599s t_cond=0.033s norm1=1.187e+06 inv_norm1_est=5.879e-02 rcond_est=1.433e-05 min|U_kk|=5.081e+02 max|U_kk|=1.298e+05 zero_pivots=0 mu=4.614e-03 assembly=colored factor=banded applications=256 color_period=8 kl=639 ku=639
    COARSE apply applications=202 t_apply_avg=5.974ms t_host_solve_avg=5.125ms
    LINEAR gmres+P-A+CC(mult,2) its=200 rel=8.5e-02 t=1.42s cycles=2 reorth=196 rec=8.5e-02 status=converged t_fact=0.00s singular_modes=0 mu=4.614e-03
  NEWTON gauss:0.4375:32:i1o4 it=11 r_F=9.582e-04 r_out=2.113e-06 lambda=1 |dx|max=8.21e-04 lin=gmres+P-A+CC(mult,2) rel=8.5e-02 lits=200 t_lin=1.4s |dx|2=5.59e-02 t_fact=0.66s eta=1.00e-01 mu=4.614e-03 retries=0
    COARSE build mode=mult profiles=2 K=4096 t_assembly=0.024s t_lu=0.601s t_cond=0.047s norm1=1.189e+06 inv_norm1_est=5.376e-01 rcond_est=1.564e-06 min|U_kk|=5.303e+02 max|U_kk|=1.801e+05 zero_pivots=0 mu=3.030e-03 assembly=colored factor=banded applications=256 color_period=8 kl=639 ku=639
    COARSE apply applications=404 t_apply_avg=5.966ms t_host_solve_avg=5.119ms
    LINEAR gmres+P-A+CC(mult,2) its=400 rel=8.3e-02 t=2.83s cycles=4 reorth=395 rec=8.3e-02 status=converged t_fact=0.00s singular_modes=0 mu=3.030e-03
  NEWTON gauss:0.4375:32:i1o4 it=12 r_F=5.421e-04 r_out=1.288e-06 lambda=1 |dx|max=6.83e-04 lin=gmres+P-A+CC(mult,2) rel=8.3e-02 lits=400 t_lin=2.8s |dx|2=4.68e-02 t_fact=0.67s eta=1.00e-01 mu=3.030e-03 retries=0
    COARSE build mode=mult profiles=2 K=4096 t_assembly=0.024s t_lu=0.605s t_cond=0.033s norm1=1.190e+06 inv_norm1_est=1.622e+00 rcond_est=5.178e-07 min|U_kk|=4.864e+02 max|U_kk|=1.683e+05 zero_pivots=0 mu=1.714e-03 assembly=colored factor=banded applications=256 color_period=8 kl=639 ku=639
    COARSE apply applications=808 t_apply_avg=5.992ms t_host_solve_avg=5.145ms
    LINEAR gmres+P-A+CC(mult,2) its=800 rel=8.4e-02 t=5.68s cycles=8 reorth=792 rec=8.4e-02 status=converged t_fact=0.00s singular_modes=0 mu=1.714e-03
  NEWTON gauss:0.4375:32:i1o4 it=13 r_F=2.345e-04 r_out=7.105e-07 lambda=1 |dx|max=5.04e-04 lin=gmres+P-A+CC(mult,2) rel=8.4e-02 lits=800 t_lin=5.7s |dx|2=3.50e-02 t_fact=0.66s eta=1.00e-01 mu=1.714e-03 retries=0
    COARSE build mode=mult profiles=2 K=4096 t_assembly=0.024s t_lu=0.609s t_cond=0.047s norm1=1.191e+06 inv_norm1_est=1.777e+00 rcond_est=4.724e-07 min|U_kk|=4.725e+02 max|U_kk|=1.296e+05 zero_pivots=0 mu=7.414e-04 assembly=colored factor=banded applications=256 color_period=8 kl=639 ku=639
    COARSE apply applications=404 t_apply_avg=5.970ms t_host_solve_avg=5.122ms
    LINEAR gmres+P-A+CC(mult,2) its=400 rel=6.5e-01 t=2.83s cycles=4 reorth=395 rec=6.5e-01 status=stagnation t_fact=0.00s singular_modes=0 mu=7.414e-04
  NEWTON gauss:0.4375:32:i1o4 it=14 linear_failure: GMRES status=stagnation rel=6.5e-01 lits=400 prec singular modes=0 (step not taken) eta=1.00e-01 mu=7.414e-04
  STAGE_END field=gauss eps=0.4375 N=32 cand=i1o4 status=linear_failure its=14 r_F=2.345e-04 r_out=7.105e-07 -> FAILED
  CONTINUATION gave up after 4 bisections at the failed stage eps=0.4375
STAGE field=gauss eps=0.5 N=32 cand=i1o4 (final attempt from eps=0.421875)
  NEWTON gauss:0.5:32:i1o4 it= 0 r_F=1.592e+00 r_out=2.452e-02
    COARSE build mode=mult profiles=2 K=4096 t_assembly=0.024s t_lu=0.524s t_cond=0.033s norm1=1.288e+06 inv_norm1_est=2.428e-03 rcond_est=3.197e-04 min|U_kk|=2.947e+03 max|U_kk|=1.946e+05 zero_pivots=0 mu=1.000e+00 assembly=colored factor=banded applications=256 color_period=8 kl=639 ku=639
    COARSE apply applications=4 t_apply_avg=5.962ms t_host_solve_avg=5.103ms
    LINEAR gmres+P-A+CC(mult,2) its=3 rel=3.8e-03 t=0.02s cycles=1 reorth=3 rec=3.8e-03 status=converged t_fact=0.00s singular_modes=0 mu=1.000e+00
  NEWTON gauss:0.5:32:i1o4 it= 1 r_F=8.517e-01 r_out=1.287e-03 lambda=1 |dx|max=1.15e-02 lin=gmres+P-A+CC(mult,2) rel=3.8e-03 lits=3 t_lin=0.0s |dx|2=2.07e-01 t_fact=0.58s eta=1.00e-01 mu=1.000e+00 retries=0
    COARSE build mode=mult profiles=2 K=4096 t_assembly=0.024s t_lu=0.523s t_cond=0.033s norm1=1.266e+06 inv_norm1_est=4.754e-03 rcond_est=1.662e-04 min|U_kk|=2.060e+03 max|U_kk|=1.693e+05 zero_pivots=0 mu=5.348e-01 assembly=colored factor=banded applications=256 color_period=8 kl=639 ku=639
    COARSE apply applications=4 t_apply_avg=5.959ms t_host_solve_avg=5.100ms
    LINEAR gmres+P-A+CC(mult,2) its=3 rel=6.4e-03 t=0.02s cycles=1 reorth=3 rec=6.4e-03 status=converged t_fact=0.00s singular_modes=0 mu=5.348e-01
  NEWTON gauss:0.5:32:i1o4 it= 2 r_F=4.750e-01 r_out=2.528e-04 lambda=1 |dx|max=7.37e-03 lin=gmres+P-A+CC(mult,2) rel=6.4e-03 lits=3 t_lin=0.0s |dx|2=2.25e-01 t_fact=0.58s eta=1.00e-01 mu=5.348e-01 retries=0
    COARSE build mode=mult profiles=2 K=4096 t_assembly=0.024s t_lu=0.524s t_cond=0.033s norm1=1.263e+06 inv_norm1_est=8.714e-03 rcond_est=9.083e-05 min|U_kk|=1.519e+03 max|U_kk|=1.566e+05 zero_pivots=0 mu=2.983e-01 assembly=colored factor=banded applications=256 color_period=8 kl=639 ku=639
    COARSE apply applications=6 t_apply_avg=5.952ms t_host_solve_avg=5.099ms
    LINEAR gmres+P-A+CC(mult,2) its=5 rel=7.3e-03 t=0.04s cycles=1 reorth=5 rec=7.3e-03 status=converged t_fact=0.00s singular_modes=0 mu=2.983e-01
  NEWTON gauss:0.5:32:i1o4 it= 3 r_F=2.720e-01 r_out=1.291e-04 lambda=1 |dx|max=5.62e-03 lin=gmres+P-A+CC(mult,2) rel=7.3e-03 lits=5 t_lin=0.0s |dx|2=2.36e-01 t_fact=0.58s eta=1.00e-01 mu=2.983e-01 retries=0
    COARSE build mode=mult profiles=2 K=4096 t_assembly=0.024s t_lu=0.532s t_cond=0.033s norm1=1.270e+06 inv_norm1_est=1.457e-02 rcond_est=5.407e-05 min|U_kk|=1.174e+03 max|U_kk|=1.498e+05 zero_pivots=0 mu=1.708e-01 assembly=colored factor=banded applications=256 color_period=8 kl=639 ku=639
    COARSE apply applications=9 t_apply_avg=5.950ms t_host_solve_avg=5.096ms
    LINEAR gmres+P-A+CC(mult,2) its=8 rel=8.8e-03 t=0.06s cycles=1 reorth=8 rec=8.8e-03 status=converged t_fact=0.00s singular_modes=0 mu=1.708e-01
  NEWTON gauss:0.5:32:i1o4 it= 4 r_F=1.477e-01 r_out=5.878e-05 lambda=1 |dx|max=4.84e-03 lin=gmres+P-A+CC(mult,2) rel=8.8e-03 lits=8 t_lin=0.1s |dx|2=2.23e-01 t_fact=0.59s eta=1.00e-01 mu=1.708e-01 retries=0
    COARSE build mode=mult profiles=2 K=4096 t_assembly=0.024s t_lu=0.551s t_cond=0.033s norm1=1.278e+06 inv_norm1_est=2.091e-02 rcond_est=3.744e-05 min|U_kk|=9.256e+02 max|U_kk|=1.457e+05 zero_pivots=0 mu=9.275e-02 assembly=colored factor=banded applications=256 color_period=8 kl=639 ku=639
    COARSE apply applications=27 t_apply_avg=5.956ms t_host_solve_avg=5.104ms
    LINEAR gmres+P-A+CC(mult,2) its=26 rel=8.8e-03 t=0.17s cycles=1 reorth=25 rec=8.8e-03 status=converged t_fact=0.00s singular_modes=0 mu=9.275e-02
  NEWTON gauss:0.5:32:i1o4 it= 5 r_F=7.471e-02 r_out=1.711e-05 lambda=1 |dx|max=4.27e-03 lin=gmres+P-A+CC(mult,2) rel=8.8e-03 lits=26 t_lin=0.2s |dx|2=2.05e-01 t_fact=0.61s eta=1.00e-01 mu=9.275e-02 retries=0
    COARSE build mode=mult profiles=2 K=4096 t_assembly=0.024s t_lu=0.568s t_cond=0.033s norm1=1.285e+06 inv_norm1_est=3.283e-02 rcond_est=2.371e-05 min|U_kk|=7.531e+02 max|U_kk|=1.775e+05 zero_pivots=0 mu=4.692e-02 assembly=colored factor=banded applications=256 color_period=8 kl=639 ku=639
    COARSE apply applications=70 t_apply_avg=5.969ms t_host_solve_avg=5.119ms
    LINEAR gmres+P-A+CC(mult,2) its=69 rel=9.8e-03 t=0.47s cycles=1 reorth=69 rec=9.8e-03 status=converged t_fact=0.00s singular_modes=0 mu=4.692e-02
  NEWTON gauss:0.5:32:i1o4 it= 6 r_F=3.823e-02 r_out=6.241e-06 lambda=1 |dx|max=3.83e-03 lin=gmres+P-A+CC(mult,2) rel=9.8e-03 lits=69 t_lin=0.5s |dx|2=2.07e-01 t_fact=0.63s eta=1.00e-01 mu=4.692e-02 retries=0
    COARSE build mode=mult profiles=2 K=4096 t_assembly=0.024s t_lu=0.585s t_cond=0.033s norm1=1.292e+06 inv_norm1_est=4.671e-02 rcond_est=1.656e-05 min|U_kk|=6.503e+02 max|U_kk|=1.422e+05 zero_pivots=0 mu=2.401e-02 assembly=colored factor=banded applications=256 color_period=8 kl=639 ku=639
    COARSE apply applications=101 t_apply_avg=5.964ms t_host_solve_avg=5.116ms
    LINEAR gmres+P-A+CC(mult,2) its=100 rel=2.5e-02 t=0.71s cycles=1 reorth=99 rec=2.5e-02 status=converged t_fact=0.00s singular_modes=0 mu=2.401e-02
  NEWTON gauss:0.5:32:i1o4 it= 7 r_F=2.168e-02 r_out=9.234e-06 lambda=1 |dx|max=3.92e-03 lin=gmres+P-A+CC(mult,2) rel=2.5e-02 lits=100 t_lin=0.7s |dx|2=2.34e-01 t_fact=0.64s eta=1.00e-01 mu=2.401e-02 retries=0
    COARSE build mode=mult profiles=2 K=4096 t_assembly=0.024s t_lu=0.594s t_cond=0.048s norm1=1.302e+06 inv_norm1_est=8.787e-02 rcond_est=8.738e-06 min|U_kk|=5.959e+02 max|U_kk|=1.416e+05 zero_pivots=0 mu=1.361e-02 assembly=colored factor=banded applications=256 color_period=8 kl=639 ku=639
    COARSE apply applications=202 t_apply_avg=5.969ms t_host_solve_avg=5.121ms
    LINEAR gmres+P-A+CC(mult,2) its=200 rel=8.7e-02 t=1.42s cycles=2 reorth=196 rec=8.7e-02 status=converged t_fact=0.00s singular_modes=0 mu=1.361e-02
  NEWTON gauss:0.5:32:i1o4 it= 8 r_F=1.412e-02 r_out=2.949e-05 lambda=1 |dx|max=3.53e-03 lin=gmres+P-A+CC(mult,2) rel=8.7e-02 lits=200 t_lin=1.4s |dx|2=2.70e-01 t_fact=0.67s eta=1.00e-01 mu=1.361e-02 retries=0
    COARSE build mode=mult profiles=2 K=4096 t_assembly=0.024s t_lu=0.597s t_cond=0.033s norm1=1.315e+06 inv_norm1_est=4.783e-01 rcond_est=1.590e-06 min|U_kk|=5.680e+02 max|U_kk|=1.413e+05 zero_pivots=0 mu=8.866e-03 assembly=colored factor=banded applications=256 color_period=8 kl=639 ku=639
    COARSE apply applications=404 t_apply_avg=5.974ms t_host_solve_avg=5.125ms
    LINEAR gmres+P-A+CC(mult,2) its=400 rel=2.4e-01 t=2.84s cycles=4 reorth=393 rec=2.4e-01 status=stagnation t_fact=0.00s singular_modes=0 mu=8.866e-03
  NEWTON gauss:0.5:32:i1o4 it= 9 linear_failure: GMRES status=stagnation rel=2.4e-01 lits=400 prec singular modes=0 (step not taken) eta=1.00e-01 mu=8.866e-03
  STAGE_END field=gauss eps=0.5 N=32 cand=i1o4 status=linear_failure its=9 r_F=1.412e-02 r_out=2.949e-05 (final attempt) -> FAILED
  CONTINUATION reporting the state of the final attempt at eps=0.5 (status=linear_failure)
PATH field=gauss eps=0.5 N=32 cand=i1o4 continuation path: 0.25->0.5(fail)->0.375->0.5(fail)->0.4375(fail)->0.40625->0.4375(fail)->0.421875->0.4375(fail)->0.5(final)
GMRES_STATS field=gauss eps=0.5 N=32 stage_eps=0.25 status=converged newton_its=18 steps=18 its_max=77 its_median=8.5 its_total=370 rel_max=9.6e-03 linear_failures=0 forcing=ew etas=1.00e-01,1.00e-01,1.00e-01,1.00e-01,1.00e-01,1.00e-01,1.00e-01,1.00e-01,1.00e-01,1.00e-01,1.00e-01,1.00e-01,1.00e-01,1.00e-01,7.66e-02,1.04e-02,1.30e-04,2.59e-04 psitc=on mus=1.00e+00,5.46e-01,3.18e-01,1.89e-01,1.05e-01,5.23e-02,2.48e-02,1.32e-02,8.35e-03,5.98e-03,4.26e-03,2.79e-03,1.60e-03,7.28e-04,2.12e-04,2.28e-05,2.74e-07,3.91e-11
GMRES_STATS field=gauss eps=0.5 N=32 stage_eps=0.5 status=linear_failure newton_its=12 steps=12 its_max=700 its_median=38.5 its_total=1486 rel_max=5.5e-01 linear_failures=1 forcing=ew etas=1.00e-01,1.00e-01,1.00e-01,1.00e-01,1.00e-01,1.00e-01,1.00e-01,1.00e-01,1.00e-01,1.00e-01,1.00e-01,1.00e-01 psitc=on mus=1.00e+00,5.36e-01,3.00e-01,1.71e-01,9.18e-02,4.54e-02,2.26e-02,1.26e-02,8.19e-03,6.06e-03,4.55e-03,3.23e-03
GMRES_STATS field=gauss eps=0.5 N=32 stage_eps=0.375 status=converged newton_its=18 steps=18 its_max=396 its_median=55.0 its_total=1550 rel_max=4.9e-02 linear_failures=0 forcing=ew etas=1.00e-01,1.00e-01,1.00e-01,1.00e-01,1.00e-01,1.00e-01,1.00e-01,1.00e-01,1.00e-01,1.00e-01,1.00e-01,1.00e-01,1.00e-01,1.00e-01,6.46e-02,9.50e-03,2.00e-04,3.03e-04 psitc=on mus=1.00e+00,5.39e-01,3.06e-01,1.78e-01,9.75e-02,4.85e-02,2.37e-02,1.31e-02,8.40e-03,6.03e-03,4.29e-03,2.81e-03,1.59e-03,7.02e-04,1.88e-04,1.93e-05,2.88e-07,6.55e-11
GMRES_STATS field=gauss eps=0.5 N=32 stage_eps=0.5 status=linear_failure newton_its=11 steps=11 its_max=1100 its_median=51.0 its_total=2075 rel_max=5.5e-01 linear_failures=1 forcing=ew etas=1.00e-01,1.00e-01,1.00e-01,1.00e-01,1.00e-01,1.00e-01,1.00e-01,1.00e-01,1.00e-01,1.00e-01,1.00e-01 psitc=on mus=1.00e+00,5.35e-01,2.99e-01,1.71e-01,9.22e-02,4.63e-02,2.35e-02,1.33e-02,8.62e-03,6.27e-03,4.58e-03
GMRES_STATS field=gauss eps=0.5 N=32 stage_eps=0.4375 status=linear_failure newton_its=15 steps=15 its_max=1000 its_median=91.0 its_total=2716 rel_max=6.7e-01 linear_failures=1 forcing=ew etas=1.00e-01,1.00e-01,1.00e-01,1.00e-01,1.00e-01,1.00e-01,1.00e-01,1.00e-01,1.00e-01,1.00e-01,1.00e-01,1.00e-01,1.00e-01,1.00e-01,7.62e-02 psitc=on mus=1.00e+00,5.36e-01,3.02e-01,1.74e-01,9.53e-02,4.79e-02,2.41e-02,1.35e-02,8.73e-03,6.27e-03,4.48e-03,2.95e-03,1.67e-03,7.42e-04,2.16e-04
GMRES_STATS field=gauss eps=0.5 N=32 stage_eps=0.40625 status=converged newton_its=18 steps=18 its_max=1100 its_median=97.0 its_total=3476 rel_max=5.8e-02 linear_failures=0 forcing=ew etas=1.00e-01,1.00e-01,1.00e-01,1.00e-01,1.00e-01,1.00e-01,1.00e-01,1.00e-01,1.00e-01,1.00e-01,1.00e-01,1.00e-01,1.00e-01,1.00e-01,4.90e-02,6.23e-03,4.41e-05,1.81e-02 psitc=on mus=1.00e+00,5.37e-01,3.04e-01,1.76e-01,9.68e-02,4.88e-02,2.44e-02,1.36e-02,8.82e-03,6.33e-03,4.50e-03,2.93e-03,1.63e-03,6.76e-04,1.58e-04,1.31e-05,9.20e-08,4.38e-12
GMRES_STATS field=gauss eps=0.5 N=32 stage_eps=0.4375 status=linear_failure newton_its=15 steps=15 its_max=1000 its_median=100.0 its_total=2859 rel_max=8.1e-01 linear_failures=1 forcing=ew etas=1.00e-01,1.00e-01,1.00e-01,1.00e-01,1.00e-01,1.00e-01,1.00e-01,1.00e-01,1.00e-01,1.00e-01,1.00e-01,1.00e-01,1.00e-01,1.00e-01,6.56e-02 psitc=on mus=1.00e+00,5.36e-01,3.02e-01,1.75e-01,9.57e-02,4.84e-02,2.45e-02,1.37e-02,8.89e-03,6.38e-03,4.56e-03,2.99e-03,1.68e-03,7.29e-04,1.97e-04
GMRES_STATS field=gauss eps=0.5 N=32 stage_eps=0.421875 status=converged newton_its=18 steps=18 its_max=2800 its_median=100.0 its_total=6945 rel_max=9.1e-02 linear_failures=0 forcing=ew etas=1.00e-01,1.00e-01,1.00e-01,1.00e-01,1.00e-01,1.00e-01,1.00e-01,1.00e-01,1.00e-01,1.00e-01,1.00e-01,1.00e-01,1.00e-01,1.00e-01,5.69e-02,8.20e-03,7.45e-05,1.13e-02 psitc=on mus=1.00e+00,5.36e-01,3.03e-01,1.76e-01,9.65e-02,4.88e-02,2.46e-02,1.38e-02,8.93e-03,6.41e-03,4.58e-03,3.02e-03,1.69e-03,7.25e-04,1.82e-04,1.74e-05,1.58e-07,1.40e-11
GMRES_STATS field=gauss eps=0.5 N=32 stage_eps=0.4375 status=linear_failure newton_its=14 steps=14 its_max=800 its_median=93.0 its_total=2376 rel_max=6.5e-01 linear_failures=1 forcing=ew etas=1.00e-01,1.00e-01,1.00e-01,1.00e-01,1.00e-01,1.00e-01,1.00e-01,1.00e-01,1.00e-01,1.00e-01,1.00e-01,1.00e-01,1.00e-01,1.00e-01 psitc=on mus=1.00e+00,5.36e-01,3.02e-01,1.75e-01,9.59e-02,4.86e-02,2.46e-02,1.39e-02,8.97e-03,6.46e-03,4.61e-03,3.03e-03,1.71e-03,7.41e-04
GMRES_STATS field=gauss eps=0.5 N=32 stage_eps=0.5(final) status=linear_failure newton_its=9 steps=9 its_max=400 its_median=26.0 its_total=814 rel_max=2.4e-01 linear_failures=1 forcing=ew etas=1.00e-01,1.00e-01,1.00e-01,1.00e-01,1.00e-01,1.00e-01,1.00e-01,1.00e-01,1.00e-01 psitc=on mus=1.00e+00,5.35e-01,2.98e-01,1.71e-01,9.28e-02,4.69e-02,2.40e-02,1.36e-02,8.87e-03
CASE field=gauss eps=0.5 N=32 cand=i1o4 | r_F=1.412e-02 its=9 | e_v=1.387e-02 e_psi=1.151e-01 e_i=(1.001e-02,8.864e-03) e_div=9.068e-03 min_c=2.385e-01 p0.1=2.738e-01 p1=3.764e-01 p5=5.162e-01 p50=9.451e-01 | t=270.3 | e_psi1=1.097e-01 e_psi2=1.151e-01
CASE field=gauss eps=0.5 N=32 cand=oracle_fd4 | r_F=nan its=nan | e_v=2.999e-03 e_psi=1.813e-17 e_i=(1.017e-03,2.881e-04) e_div=1.993e-02 min_c=2.383e-01 p0.1=2.732e-01 p1=3.759e-01 p5=5.157e-01 p50=9.449e-01 | t=0.0 | e_psi1=1.238e-18 e_psi2=1.813e-17
EXTRA field=gauss eps=0.5 N=32 cand=i1o4 status=linear_failure r_F=1.412e-02 r_out=2.949e-05 | outlet c_perp-vperp_in: cand=2.949e-05 oracle_fd=5.981e-04 | inlet oblique defect (c x e1 - vperp_in x e1)/v_rms: j=0(one-sided) cand=2.109e-02 oracle_fd=4.653e-04; j=1 cand=5.009e-02 oracle_fd=4.432e-02; j=1 vs vD(j=1) cand=2.039e-02 oracle_fd=1.885e-04 | min|c|/v_rms=0.2207 min|vD|/v_rms=0.2206 e_i1=1.001e-02 e_i2=8.864e-03 | t=270.3s | a_psi1=6.907e-03 a_psi2=5.507e-03 (FD order 4)
HISTORY field=gauss eps=0.5 N=32 cand=i1o4 r_F: 1.59e+00 8.52e-01 4.75e-01 2.72e-01 1.48e-01 7.47e-02 3.82e-02 2.17e-02 1.41e-02
HISTORY field=gauss eps=0.5 N=32 cand=i1o4 r_out: 2.45e-02 1.29e-03 2.53e-04 1.29e-04 5.88e-05 1.71e-05 6.24e-06 9.23e-06 2.95e-05
HISTORY_FULL field=gauss eps=0.5 N=32 cand=i1o4 r_F: 1.59223479694019043e+00 8.51653529913263041e-01 4.74960483167845005e-01 2.72026781592881350e-01 1.47700017804753142e-01 7.47133353064061284e-02 3.82283312115193341e-02 2.16761998381205419e-02 1.41179058762310981e-02
HISTORY_FULL field=gauss eps=0.5 N=32 cand=i1o4 r_out: 2.45215451575582048e-02 1.28669114087882029e-03 2.52754827873710665e-04 1.29058888921893813e-04 5.87830515963649736e-05 1.71138248981335346e-05 6.24105981044558503e-06 9.23398836074282517e-06 2.94886383383293891e-05
TIMING load=0.014s metrics=0.002s prepare=0.067s solve=270.258s total=270.342s
MEMORY peak_device_bytes=609222656 free_min=33480507392 total_device=34089730048 workspaces_bytes=84336031 (peak/free: cudaMemGetInfo polls before/after every phase, device-wide)
SUMMARY_JSON /home/sesquerre/MacroFlow3D-SF-33/docs/experiments/artifacts/2026-10-06-sf33-gpu-inlet-labels/raw/proto_b/gauss_0.5_32.json
STATUS continuation_floor
