command: /home/sesquerre/MacroFlow3D-SF-33/build/v100-release/inlet_slab --proto /home/sesquerre/MacroFlow3D-SF-33/docs/experiments/artifacts/2026-10-06-sf33-gpu-inlet-labels/exports/gauss_ch_0.5_32 --summary /home/sesquerre/MacroFlow3D-SF-33/docs/experiments/artifacts/2026-10-06-sf33-gpu-inlet-labels/raw/proto_b/gauss_ch_0.5_32.json
CASE_DIR /home/sesquerre/MacroFlow3D-SF-33/docs/experiments/artifacts/2026-10-06-sf33-gpu-inlet-labels/exports/gauss_ch_0.5_32 field=gauss_ch eps=0.5 N=32 nphi=48 Q0=0.999999999971152 inlet_vmin=3.227927e-01 v_rms=1.09022720871254 cache_hit=0 stage_amplitudes=32 target_eps=0.5
SETUP grad_lnk=analytic (prototype export: complex-step gradient of the analytic ln k at the vertices)
SOLVER N=32 eps=0.5 cand=i1o4 newton_tol=1.0e-13 max_newton=120 lin_tol=1.0e-12 restart=100 max_inner=6000 bisect=4 prec=P-A ladder=(0.25,0.5,1) stage_ok=1e-09 forcing=ew ew_gamma=0.9 ew_alpha=2 ew_eta0=0.1 ew_eta_max=0.1 ew_eta_min=1.0e-12 psitc=on psitc_mu0=1 psitc_mu_max=100 psitc_norm=merit psitc_retries=4 psitc_retry_factor=4 stagnation_window=5 stagnation_factor=0.5 gmres_stagnation_factor=0.9 coarse=mult coarse_profiles=2 coarse_assembly=colored coarse_factor=banded
SOLVER_COARSE mode=mult profiles=2 K=4096 assembly=colored factor=banded (SF-33 N7c probe: Galerkin coarse correction on the x1-constant + x1-linear column subspace, rebuilt with P-A at every factor)
STAGE field=gauss_ch eps=0.25 N=32 cand=i1o4 (from eps=0, u=0)
  NEWTON gauss_ch:0.25:32:i1o4 it= 0 r_F=5.871e+00 r_out=1.582e-16
    COARSE build mode=mult profiles=2 K=4096 t_assembly=0.030s t_lu=0.521s t_cond=0.033s norm1=5.571e+05 inv_norm1_est=1.419e-03 rcond_est=1.265e-03 min|U_kk|=4.165e+03 max|U_kk|=1.537e+05 zero_pivots=0 mu=1.000e+00 assembly=colored factor=banded applications=256 color_period=8 kl=639 ku=639
    COARSE apply applications=3 t_apply_avg=6.026ms t_host_solve_avg=5.085ms
    LINEAR gmres+P-A+CC(mult,2) its=2 rel=7.4e-03 t=0.02s cycles=1 reorth=2 rec=7.4e-03 status=converged t_fact=0.00s singular_modes=0 mu=1.000e+00
  NEWTON gauss_ch:0.25:32:i1o4 it= 1 r_F=3.083e+00 r_out=5.439e-05 lambda=1 |dx|max=4.56e-02 lin=gmres+P-A+CC(mult,2) rel=7.4e-03 lits=2 t_lin=0.0s |dx|2=7.67e-01 t_fact=0.59s eta=1.00e-01 mu=1.000e+00 retries=0
    COARSE build mode=mult profiles=2 K=4096 t_assembly=0.026s t_lu=0.521s t_cond=0.033s norm1=5.311e+05 inv_norm1_est=2.789e-03 rcond_est=6.751e-04 min|U_kk|=2.948e+03 max|U_kk|=1.334e+05 zero_pivots=0 mu=5.251e-01 assembly=colored factor=banded applications=256 color_period=8 kl=639 ku=639
    COARSE apply applications=3 t_apply_avg=6.003ms t_host_solve_avg=5.095ms
    LINEAR gmres+P-A+CC(mult,2) its=2 rel=5.8e-03 t=0.02s cycles=1 reorth=2 rec=5.8e-03 status=converged t_fact=0.00s singular_modes=0 mu=5.251e-01
  NEWTON gauss_ch:0.25:32:i1o4 it= 2 r_F=1.695e+00 r_out=5.211e-05 lambda=1 |dx|max=2.93e-02 lin=gmres+P-A+CC(mult,2) rel=5.8e-03 lits=2 t_lin=0.0s |dx|2=8.12e-01 t_fact=0.58s eta=1.00e-01 mu=5.251e-01 retries=0
    COARSE build mode=mult profiles=2 K=4096 t_assembly=0.027s t_lu=0.521s t_cond=0.033s norm1=5.222e+05 inv_norm1_est=5.038e-03 rcond_est=3.801e-04 min|U_kk|=2.195e+03 max|U_kk|=1.233e+05 zero_pivots=0 mu=2.887e-01 assembly=colored factor=banded applications=256 color_period=8 kl=639 ku=639
    COARSE apply applications=3 t_apply_avg=6.041ms t_host_solve_avg=5.108ms
    LINEAR gmres+P-A+CC(mult,2) its=2 rel=9.2e-03 t=0.02s cycles=1 reorth=2 rec=9.2e-03 status=converged t_fact=0.00s singular_modes=0 mu=2.887e-01
  NEWTON gauss_ch:0.25:32:i1o4 it= 3 r_F=9.637e-01 r_out=7.435e-05 lambda=1 |dx|max=2.20e-02 lin=gmres+P-A+CC(mult,2) rel=9.2e-03 lits=2 t_lin=0.0s |dx|2=8.44e-01 t_fact=0.58s eta=1.00e-01 mu=2.887e-01 retries=0
    COARSE build mode=mult profiles=2 K=4096 t_assembly=0.027s t_lu=0.526s t_cond=0.038s norm1=5.213e+05 inv_norm1_est=8.425e-03 rcond_est=2.277e-04 min|U_kk|=1.696e+03 max|U_kk|=1.179e+05 zero_pivots=0 mu=1.641e-01 assembly=colored factor=banded applications=256 color_period=8 kl=639 ku=639
    COARSE apply applications=4 t_apply_avg=6.007ms t_host_solve_avg=5.075ms
    LINEAR gmres+P-A+CC(mult,2) its=3 rel=3.2e-03 t=0.02s cycles=1 reorth=3 rec=3.2e-03 status=converged t_fact=0.00s singular_modes=0 mu=1.641e-01
  NEWTON gauss_ch:0.25:32:i1o4 it= 4 r_F=5.268e-01 r_out=1.179e-05 lambda=1 |dx|max=1.81e-02 lin=gmres+P-A+CC(mult,2) rel=3.2e-03 lits=3 t_lin=0.0s |dx|2=8.07e-01 t_fact=0.59s eta=1.00e-01 mu=1.641e-01 retries=0
    COARSE build mode=mult profiles=2 K=4096 t_assembly=0.027s t_lu=0.521s t_cond=0.033s norm1=5.245e+05 inv_norm1_est=1.361e-02 rcond_est=1.401e-04 min|U_kk|=1.328e+03 max|U_kk|=1.146e+05 zero_pivots=0 mu=8.974e-02 assembly=colored factor=banded applications=256 color_period=8 kl=639 ku=639
    COARSE apply applications=4 t_apply_avg=5.994ms t_host_solve_avg=5.076ms
    LINEAR gmres+P-A+CC(mult,2) its=3 rel=5.2e-03 t=0.02s cycles=1 reorth=3 rec=5.2e-03 status=converged t_fact=0.00s singular_modes=0 mu=8.974e-02
  NEWTON gauss_ch:0.25:32:i1o4 it= 5 r_F=2.722e-01 r_out=1.406e-05 lambda=1 |dx|max=1.62e-02 lin=gmres+P-A+CC(mult,2) rel=5.2e-03 lits=3 t_lin=0.0s |dx|2=7.54e-01 t_fact=0.58s eta=1.00e-01 mu=8.974e-02 retries=0
    COARSE build mode=mult profiles=2 K=4096 t_assembly=0.027s t_lu=0.521s t_cond=0.033s norm1=5.299e+05 inv_norm1_est=2.106e-02 rcond_est=8.961e-05 min|U_kk|=1.064e+03 max|U_kk|=1.128e+05 zero_pivots=0 mu=4.636e-02 assembly=colored factor=banded applications=256 color_period=8 kl=639 ku=639
    COARSE apply applications=5 t_apply_avg=5.974ms t_host_solve_avg=5.069ms
    LINEAR gmres+P-A+CC(mult,2) its=4 rel=4.2e-03 t=0.03s cycles=1 reorth=4 rec=4.2e-03 status=converged t_fact=0.00s singular_modes=0 mu=4.636e-02
  NEWTON gauss_ch:0.25:32:i1o4 it= 6 r_F=1.410e-01 r_out=4.898e-06 lambda=1 |dx|max=1.53e-02 lin=gmres+P-A+CC(mult,2) rel=4.2e-03 lits=4 t_lin=0.0s |dx|2=7.54e-01 t_fact=0.58s eta=1.00e-01 mu=4.636e-02 retries=0
    COARSE build mode=mult profiles=2 K=4096 t_assembly=0.027s t_lu=0.523s t_cond=0.033s norm1=5.358e+05 inv_norm1_est=2.952e-02 rcond_est=6.323e-05 min|U_kk|=8.900e+02 max|U_kk|=1.118e+05 zero_pivots=0 mu=2.401e-02 assembly=colored factor=banded applications=256 color_period=8 kl=639 ku=639
    COARSE apply applications=5 t_apply_avg=6.000ms t_host_solve_avg=5.070ms
    LINEAR gmres+P-A+CC(mult,2) its=4 rel=9.2e-03 t=0.03s cycles=1 reorth=4 rec=9.2e-03 status=converged t_fact=0.00s singular_modes=0 mu=2.401e-02
  NEWTON gauss_ch:0.25:32:i1o4 it= 7 r_F=7.950e-02 r_out=7.159e-06 lambda=1 |dx|max=1.48e-02 lin=gmres+P-A+CC(mult,2) rel=9.2e-03 lits=4 t_lin=0.0s |dx|2=8.39e-01 t_fact=0.58s eta=1.00e-01 mu=2.401e-02 retries=0
    COARSE build mode=mult profiles=2 K=4096 t_assembly=0.027s t_lu=0.534s t_cond=0.033s norm1=5.421e+05 inv_norm1_est=3.688e-02 rcond_est=5.002e-05 min|U_kk|=7.858e+02 max|U_kk|=1.113e+05 zero_pivots=0 mu=1.354e-02 assembly=colored factor=banded applications=256 color_period=8 kl=639 ku=639
    COARSE apply applications=6 t_apply_avg=6.000ms t_host_solve_avg=5.079ms
    LINEAR gmres+P-A+CC(mult,2) its=5 rel=8.5e-03 t=0.04s cycles=1 reorth=5 rec=8.5e-03 status=converged t_fact=0.00s singular_modes=0 mu=1.354e-02
  NEWTON gauss_ch:0.25:32:i1o4 it= 8 r_F=5.236e-02 r_out=6.035e-06 lambda=1 |dx|max=1.48e-02 lin=gmres+P-A+CC(mult,2) rel=8.5e-03 lits=5 t_lin=0.0s |dx|2=1.00e+00 t_fact=0.60s eta=1.00e-01 mu=1.354e-02 retries=0
    COARSE build mode=mult profiles=2 K=4096 t_assembly=0.027s t_lu=0.544s t_cond=0.033s norm1=5.754e+05 inv_norm1_est=4.177e-02 rcond_est=4.161e-05 min|U_kk|=7.274e+02 max|U_kk|=1.126e+05 zero_pivots=0 mu=8.919e-03 assembly=colored factor=banded applications=256 color_period=8 kl=639 ku=639
    COARSE apply applications=8 t_apply_avg=5.998ms t_host_solve_avg=5.079ms
    LINEAR gmres+P-A+CC(mult,2) its=7 rel=6.3e-03 t=0.05s cycles=1 reorth=7 rec=6.3e-03 status=converged t_fact=0.00s singular_modes=0 mu=8.919e-03
  NEWTON gauss_ch:0.25:32:i1o4 it= 9 r_F=3.864e-02 r_out=2.821e-06 lambda=1 |dx|max=1.63e-02 lin=gmres+P-A+CC(mult,2) rel=6.3e-03 lits=7 t_lin=0.0s |dx|2=1.13e+00 t_fact=0.61s eta=1.00e-01 mu=8.919e-03 retries=0
    COARSE build mode=mult profiles=2 K=4096 t_assembly=0.027s t_lu=0.556s t_cond=0.033s norm1=6.098e+05 inv_norm1_est=4.661e-02 rcond_est=3.518e-05 min|U_kk|=6.882e+02 max|U_kk|=1.108e+05 zero_pivots=0 mu=6.582e-03 assembly=colored factor=banded applications=256 color_period=8 kl=639 ku=639
    COARSE apply applications=11 t_apply_avg=6.000ms t_host_solve_avg=5.081ms
    LINEAR gmres+P-A+CC(mult,2) its=10 rel=8.9e-03 t=0.07s cycles=1 reorth=9 rec=8.9e-03 status=converged t_fact=0.00s singular_modes=0 mu=6.582e-03
  NEWTON gauss_ch:0.25:32:i1o4 it=10 r_F=2.830e-02 r_out=3.097e-06 lambda=1 |dx|max=1.76e-02 lin=gmres+P-A+CC(mult,2) rel=8.9e-03 lits=10 t_lin=0.1s |dx|2=1.11e+00 t_fact=0.62s eta=1.00e-01 mu=6.582e-03 retries=0
    COARSE build mode=mult profiles=2 K=4096 t_assembly=0.027s t_lu=0.562s t_cond=0.033s norm1=6.377e+05 inv_norm1_est=4.612e-02 rcond_est=3.400e-05 min|U_kk|=6.518e+02 max|U_kk|=1.107e+05 zero_pivots=0 mu=4.820e-03 assembly=colored factor=banded applications=256 color_period=8 kl=639 ku=639
    COARSE apply applications=14 t_apply_avg=5.978ms t_host_solve_avg=5.069ms
    LINEAR gmres+P-A+CC(mult,2) its=13 rel=7.0e-03 t=0.09s cycles=1 reorth=12 rec=7.0e-03 status=converged t_fact=0.00s singular_modes=0 mu=4.820e-03
  NEWTON gauss_ch:0.25:32:i1o4 it=11 r_F=1.926e-02 r_out=1.832e-06 lambda=1 |dx|max=1.64e-02 lin=gmres+P-A+CC(mult,2) rel=7.0e-03 lits=13 t_lin=0.1s |dx|2=1.00e+00 t_fact=0.62s eta=1.00e-01 mu=4.820e-03 retries=0
    COARSE build mode=mult profiles=2 K=4096 t_assembly=0.027s t_lu=0.576s t_cond=0.043s norm1=6.584e+05 inv_norm1_est=5.279e-02 rcond_est=2.877e-05 min|U_kk|=6.160e+02 max|U_kk|=1.106e+05 zero_pivots=0 mu=3.281e-03 assembly=colored factor=banded applications=256 color_period=8 kl=639 ku=639
    COARSE apply applications=17 t_apply_avg=5.997ms t_host_solve_avg=5.081ms
    LINEAR gmres+P-A+CC(mult,2) its=16 rel=9.3e-03 t=0.11s cycles=1 reorth=15 rec=9.3e-03 status=converged t_fact=0.00s singular_modes=0 mu=3.281e-03
  NEWTON gauss_ch:0.25:32:i1o4 it=12 r_F=1.160e-02 r_out=1.500e-06 lambda=1 |dx|max=1.38e-02 lin=gmres+P-A+CC(mult,2) rel=9.3e-03 lits=16 t_lin=0.1s |dx|2=8.48e-01 t_fact=0.65s eta=1.00e-01 mu=3.281e-03 retries=0
    COARSE build mode=mult profiles=2 K=4096 t_assembly=0.027s t_lu=0.590s t_cond=0.033s norm1=6.861e+05 inv_norm1_est=5.617e-02 rcond_est=2.595e-05 min|U_kk|=5.817e+02 max|U_kk|=1.105e+05 zero_pivots=0 mu=1.977e-03 assembly=colored factor=banded applications=256 color_period=8 kl=639 ku=639
    COARSE apply applications=22 t_apply_avg=6.003ms t_host_solve_avg=5.088ms
    LINEAR gmres+P-A+CC(mult,2) its=21 rel=8.9e-03 t=0.14s cycles=1 reorth=20 rec=8.9e-03 status=converged t_fact=0.00s singular_modes=0 mu=1.977e-03
  NEWTON gauss_ch:0.25:32:i1o4 it=13 r_F=5.699e-03 r_out=8.574e-07 lambda=1 |dx|max=1.03e-02 lin=gmres+P-A+CC(mult,2) rel=8.9e-03 lits=21 t_lin=0.1s |dx|2=6.33e-01 t_fact=0.65s eta=1.00e-01 mu=1.977e-03 retries=0
    COARSE build mode=mult profiles=2 K=4096 t_assembly=0.027s t_lu=0.599s t_cond=0.033s norm1=7.192e+05 inv_norm1_est=5.987e-02 rcond_est=2.322e-05 min|U_kk|=5.519e+02 max|U_kk|=1.104e+05 zero_pivots=0 mu=9.708e-04 assembly=colored factor=banded applications=256 color_period=8 kl=639 ku=639
    COARSE apply applications=28 t_apply_avg=5.997ms t_host_solve_avg=5.079ms
    LINEAR gmres+P-A+CC(mult,2) its=27 rel=9.7e-03 t=0.18s cycles=1 reorth=26 rec=9.7e-03 status=converged t_fact=0.00s singular_modes=0 mu=9.708e-04
  NEWTON gauss_ch:0.25:32:i1o4 it=14 r_F=1.911e-03 r_out=5.822e-07 lambda=1 |dx|max=5.94e-03 lin=gmres+P-A+CC(mult,2) rel=9.7e-03 lits=27 t_lin=0.2s |dx|2=3.70e-01 t_fact=0.66s eta=1.00e-01 mu=9.708e-04 retries=0
    COARSE build mode=mult profiles=2 K=4096 t_assembly=0.027s t_lu=0.609s t_cond=0.033s norm1=7.414e+05 inv_norm1_est=6.168e-02 rcond_est=2.187e-05 min|U_kk|=5.260e+02 max|U_kk|=1.103e+05 zero_pivots=0 mu=3.254e-04 assembly=colored factor=banded applications=256 color_period=8 kl=639 ku=639
    COARSE apply applications=33 t_apply_avg=6.004ms t_host_solve_avg=5.085ms
    LINEAR gmres+P-A+CC(mult,2) its=32 rel=9.3e-03 t=0.21s cycles=1 reorth=31 rec=9.3e-03 status=converged t_fact=0.00s singular_modes=0 mu=3.254e-04
  NEWTON gauss_ch:0.25:32:i1o4 it=15 r_F=2.889e-04 r_out=1.933e-07 lambda=1 |dx|max=2.06e-03 lin=gmres+P-A+CC(mult,2) rel=9.3e-03 lits=32 t_lin=0.2s |dx|2=1.31e-01 t_fact=0.67s eta=1.00e-01 mu=3.254e-04 retries=0
    COARSE build mode=mult profiles=2 K=4096 t_assembly=0.027s t_lu=0.608s t_cond=0.033s norm1=7.500e+05 inv_norm1_est=6.951e-02 rcond_est=1.918e-05 min|U_kk|=5.252e+02 max|U_kk|=1.103e+05 zero_pivots=0 mu=4.920e-05 assembly=colored factor=banded applications=256 color_period=8 kl=639 ku=639
    COARSE apply applications=45 t_apply_avg=5.999ms t_host_solve_avg=5.087ms
    LINEAR gmres+P-A+CC(mult,2) its=44 rel=1.9e-03 t=0.30s cycles=1 reorth=42 rec=1.9e-03 status=converged t_fact=0.00s singular_modes=0 mu=4.920e-05
  NEWTON gauss_ch:0.25:32:i1o4 it=16 r_F=7.610e-06 r_out=5.837e-09 lambda=1 |dx|max=2.71e-04 lin=gmres+P-A+CC(mult,2) rel=1.9e-03 lits=44 t_lin=0.3s |dx|2=1.75e-02 t_fact=0.67s eta=2.06e-02 mu=4.920e-05 retries=0
    COARSE build mode=mult profiles=2 K=4096 t_assembly=0.027s t_lu=0.610s t_cond=0.033s norm1=7.513e+05 inv_norm1_est=7.006e-02 rcond_est=1.900e-05 min|U_kk|=5.238e+02 max|U_kk|=1.103e+05 zero_pivots=0 mu=1.296e-06 assembly=colored factor=banded applications=256 color_period=8 kl=639 ku=639
    COARSE apply applications=66 t_apply_avg=6.006ms t_host_solve_avg=5.090ms
    LINEAR gmres+P-A+CC(mult,2) its=65 rel=6.0e-05 t=0.45s cycles=1 reorth=64 rec=6.0e-05 status=converged t_fact=0.00s singular_modes=0 mu=1.296e-06
  NEWTON gauss_ch:0.25:32:i1o4 it=17 r_F=5.091e-09 r_out=4.346e-12 lambda=1 |dx|max=5.56e-06 lin=gmres+P-A+CC(mult,2) rel=6.0e-05 lits=65 t_lin=0.4s |dx|2=3.60e-04 t_fact=0.67s eta=6.25e-04 mu=1.296e-06 retries=0
    COARSE build mode=mult profiles=2 K=4096 t_assembly=0.027s t_lu=0.608s t_cond=0.033s norm1=7.513e+05 inv_norm1_est=7.007e-02 rcond_est=1.900e-05 min|U_kk|=5.238e+02 max|U_kk|=1.103e+05 zero_pivots=0 mu=8.671e-10 assembly=colored factor=banded applications=256 color_period=8 kl=639 ku=639
    COARSE apply applications=87 t_apply_avg=5.997ms t_host_solve_avg=5.085ms
    LINEAR gmres+P-A+CC(mult,2) its=86 rel=9.5e-07 t=0.61s cycles=1 reorth=85 rec=9.5e-07 status=converged t_fact=0.00s singular_modes=0 mu=8.671e-10
  NEWTON gauss_ch:0.25:32:i1o4 it=18 r_F=1.224e-14 r_out=5.287e-16 lambda=1 |dx|max=3.15e-09 lin=gmres+P-A+CC(mult,2) rel=9.5e-07 lits=86 t_lin=0.6s |dx|2=1.96e-07 t_fact=0.67s eta=9.82e-06 mu=8.671e-10 retries=0
  STAGE_END field=gauss_ch eps=0.25 N=32 cand=i1o4 status=converged its=18 r_F=1.224e-14 r_out=5.287e-16 -> accepted
STAGE field=gauss_ch eps=0.5 N=32 cand=i1o4 (from eps=0.25, warm start)
  NEWTON gauss_ch:0.5:32:i1o4 it= 0 r_F=5.897e+00 r_out=5.642e-16
    COARSE build mode=mult profiles=2 K=4096 t_assembly=0.026s t_lu=0.521s t_cond=0.033s norm1=9.890e+05 inv_norm1_est=2.773e-03 rcond_est=3.646e-04 min|U_kk|=2.652e+03 max|U_kk|=2.203e+05 zero_pivots=0 mu=1.000e+00 assembly=colored factor=banded applications=256 color_period=8 kl=639 ku=639
    COARSE apply applications=4 t_apply_avg=5.994ms t_host_solve_avg=5.081ms
    LINEAR gmres+P-A+CC(mult,2) its=3 rel=2.2e-03 t=0.02s cycles=1 reorth=3 rec=2.2e-03 status=converged t_fact=0.00s singular_modes=0 mu=1.000e+00
  NEWTON gauss_ch:0.5:32:i1o4 it= 1 r_F=3.067e+00 r_out=6.261e-05 lambda=1 |dx|max=4.48e-02 lin=gmres+P-A+CC(mult,2) rel=2.2e-03 lits=3 t_lin=0.0s |dx|2=7.74e-01 t_fact=0.58s eta=1.00e-01 mu=1.000e+00 retries=0
    COARSE build mode=mult profiles=2 K=4096 t_assembly=0.026s t_lu=0.532s t_cond=0.034s norm1=9.612e+05 inv_norm1_est=5.705e-03 rcond_est=1.823e-04 min|U_kk|=2.005e+03 max|U_kk|=1.913e+05 zero_pivots=0 mu=5.201e-01 assembly=colored factor=banded applications=256 color_period=8 kl=639 ku=639
    COARSE apply applications=4 t_apply_avg=6.007ms t_host_solve_avg=5.080ms
    LINEAR gmres+P-A+CC(mult,2) its=3 rel=4.0e-03 t=0.02s cycles=1 reorth=3 rec=4.0e-03 status=converged t_fact=0.00s singular_modes=0 mu=5.201e-01
  NEWTON gauss_ch:0.5:32:i1o4 it= 2 r_F=1.662e+00 r_out=4.549e-05 lambda=1 |dx|max=2.89e-02 lin=gmres+P-A+CC(mult,2) rel=4.0e-03 lits=3 t_lin=0.0s |dx|2=8.18e-01 t_fact=0.59s eta=1.00e-01 mu=5.201e-01 retries=0
    COARSE build mode=mult profiles=2 K=4096 t_assembly=0.027s t_lu=0.521s t_cond=0.033s norm1=9.877e+05 inv_norm1_est=1.042e-02 rcond_est=9.716e-05 min|U_kk|=1.481e+03 max|U_kk|=1.771e+05 zero_pivots=0 mu=2.818e-01 assembly=colored factor=banded applications=256 color_period=8 kl=639 ku=639
    COARSE apply applications=5 t_apply_avg=5.989ms t_host_solve_avg=5.068ms
    LINEAR gmres+P-A+CC(mult,2) its=4 rel=7.1e-03 t=0.03s cycles=1 reorth=4 rec=7.1e-03 status=converged t_fact=0.00s singular_modes=0 mu=2.818e-01
  NEWTON gauss_ch:0.5:32:i1o4 it= 3 r_F=9.296e-01 r_out=3.331e-05 lambda=1 |dx|max=2.18e-02 lin=gmres+P-A+CC(mult,2) rel=7.1e-03 lits=4 t_lin=0.0s |dx|2=8.54e-01 t_fact=0.58s eta=1.00e-01 mu=2.818e-01 retries=0
    COARSE build mode=mult profiles=2 K=4096 t_assembly=0.026s t_lu=0.521s t_cond=0.033s norm1=1.040e+06 inv_norm1_est=1.744e-02 rcond_est=5.516e-05 min|U_kk|=1.143e+03 max|U_kk|=1.698e+05 zero_pivots=0 mu=1.576e-01 assembly=colored factor=banded applications=256 color_period=8 kl=639 ku=639
    COARSE apply applications=7 t_apply_avg=5.973ms t_host_solve_avg=5.063ms
    LINEAR gmres+P-A+CC(mult,2) its=6 rel=7.8e-03 t=0.04s cycles=1 reorth=6 rec=7.8e-03 status=converged t_fact=0.00s singular_modes=0 mu=1.576e-01
  NEWTON gauss_ch:0.5:32:i1o4 it= 4 r_F=5.089e-01 r_out=3.690e-05 lambda=1 |dx|max=1.80e-02 lin=gmres+P-A+CC(mult,2) rel=7.8e-03 lits=6 t_lin=0.0s |dx|2=8.26e-01 t_fact=0.58s eta=1.00e-01 mu=1.576e-01 retries=0
    COARSE build mode=mult profiles=2 K=4096 t_assembly=0.026s t_lu=0.526s t_cond=0.033s norm1=1.101e+06 inv_norm1_est=2.677e-02 rcond_est=3.391e-05 min|U_kk|=9.074e+02 max|U_kk|=1.657e+05 zero_pivots=0 mu=8.630e-02 assembly=colored factor=banded applications=256 color_period=8 kl=639 ku=639
    COARSE apply applications=10 t_apply_avg=5.973ms t_host_solve_avg=5.060ms
    LINEAR gmres+P-A+CC(mult,2) its=9 rel=8.5e-03 t=0.06s cycles=1 reorth=9 rec=8.5e-03 status=converged t_fact=0.00s singular_modes=0 mu=8.630e-02
  NEWTON gauss_ch:0.5:32:i1o4 it= 5 r_F=2.703e-01 r_out=2.500e-05 lambda=1 |dx|max=1.61e-02 lin=gmres+P-A+CC(mult,2) rel=8.5e-03 lits=9 t_lin=0.1s |dx|2=7.86e-01 t_fact=0.59s eta=1.00e-01 mu=8.630e-02 retries=0
    COARSE build mode=mult profiles=2 K=4096 t_assembly=0.026s t_lu=0.548s t_cond=0.033s norm1=1.161e+06 inv_norm1_est=3.901e-02 rcond_est=2.209e-05 min|U_kk|=7.466e+02 max|U_kk|=1.634e+05 zero_pivots=0 mu=4.584e-02 assembly=colored factor=banded applications=256 color_period=8 kl=639 ku=639
    COARSE apply applications=41 t_apply_avg=5.994ms t_host_solve_avg=5.081ms
    LINEAR gmres+P-A+CC(mult,2) its=40 rel=8.9e-03 t=0.27s cycles=1 reorth=39 rec=8.9e-03 status=converged t_fact=0.00s singular_modes=0 mu=4.584e-02
  NEWTON gauss_ch:0.5:32:i1o4 it= 6 r_F=1.457e-01 r_out=8.743e-06 lambda=1 |dx|max=1.45e-02 lin=gmres+P-A+CC(mult,2) rel=8.9e-03 lits=40 t_lin=0.3s |dx|2=8.01e-01 t_fact=0.61s eta=1.00e-01 mu=4.584e-02 retries=0
    COARSE build mode=mult profiles=2 K=4096 t_assembly=0.026s t_lu=0.559s t_cond=0.033s norm1=1.213e+06 inv_norm1_est=5.194e-02 rcond_est=1.587e-05 min|U_kk|=6.435e+02 max|U_kk|=1.620e+05 zero_pivots=0 mu=2.471e-02 assembly=colored factor=banded applications=256 color_period=8 kl=639 ku=639
    COARSE apply applications=101 t_apply_avg=5.987ms t_host_solve_avg=5.074ms
    LINEAR gmres+P-A+CC(mult,2) its=100 rel=1.8e-02 t=0.72s cycles=1 reorth=88 rec=1.8e-02 status=converged t_fact=0.00s singular_modes=0 mu=2.471e-02
  NEWTON gauss_ch:0.5:32:i1o4 it= 7 r_F=8.468e-02 r_out=1.239e-05 lambda=1 |dx|max=1.32e-02 lin=gmres+P-A+CC(mult,2) rel=1.8e-02 lits=100 t_lin=0.7s |dx|2=8.94e-01 t_fact=0.62s eta=1.00e-01 mu=2.471e-02 retries=0
    COARSE build mode=mult profiles=2 K=4096 t_assembly=0.026s t_lu=0.576s t_cond=0.047s norm1=1.270e+06 inv_norm1_est=1.567e-01 rcond_est=5.025e-06 min|U_kk|=5.820e+02 max|U_kk|=1.611e+05 zero_pivots=0 mu=1.436e-02 assembly=colored factor=banded applications=256 color_period=8 kl=639 ku=639
    COARSE apply applications=303 t_apply_avg=5.998ms t_host_solve_avg=5.089ms
    LINEAR gmres+P-A+CC(mult,2) its=300 rel=8.8e-02 t=2.17s cycles=3 reorth=290 rec=8.8e-02 status=converged t_fact=0.00s singular_modes=0 mu=1.436e-02
  NEWTON gauss_ch:0.5:32:i1o4 it= 8 r_F=5.792e-02 r_out=6.126e-05 lambda=1 |dx|max=1.26e-02 lin=gmres+P-A+CC(mult,2) rel=8.8e-02 lits=300 t_lin=2.2s |dx|2=1.06e+00 t_fact=0.65s eta=1.00e-01 mu=1.436e-02 retries=0
    COARSE build mode=mult profiles=2 K=4096 t_assembly=0.026s t_lu=0.588s t_cond=0.033s norm1=1.335e+06 inv_norm1_est=5.528e-02 rcond_est=1.355e-05 min|U_kk|=5.511e+02 max|U_kk|=1.605e+05 zero_pivots=0 mu=9.821e-03 assembly=colored factor=banded applications=256 color_period=8 kl=639 ku=639
    COARSE apply applications=404 t_apply_avg=6.019ms t_host_solve_avg=5.109ms
    LINEAR gmres+P-A+CC(mult,2) its=400 rel=3.5e-01 t=2.90s cycles=4 reorth=387 rec=3.5e-01 status=stagnation t_fact=0.00s singular_modes=0 mu=9.821e-03
  NEWTON gauss_ch:0.5:32:i1o4 it= 9 linear_failure: GMRES status=stagnation rel=3.5e-01 lits=400 prec singular modes=0 (step not taken) eta=1.00e-01 mu=9.821e-03
  STAGE_END field=gauss_ch eps=0.5 N=32 cand=i1o4 status=linear_failure its=9 r_F=5.792e-02 r_out=6.126e-05 -> FAILED
  CONTINUATION bisection 1/4: retry from eps=0.25 at eps=0.375
STAGE field=gauss_ch eps=0.375 N=32 cand=i1o4 (from eps=0.25, warm start)
  NEWTON gauss_ch:0.375:32:i1o4 it= 0 r_F=2.958e+00 r_out=5.656e-16
    COARSE build mode=mult profiles=2 K=4096 t_assembly=0.027s t_lu=0.521s t_cond=0.033s norm1=8.831e+05 inv_norm1_est=2.326e-03 rcond_est=4.869e-04 min|U_kk|=3.351e+03 max|U_kk|=1.830e+05 zero_pivots=0 mu=1.000e+00 assembly=colored factor=banded applications=256 color_period=8 kl=639 ku=639
    COARSE apply applications=3 t_apply_avg=5.994ms t_host_solve_avg=5.072ms
    LINEAR gmres+P-A+CC(mult,2) its=2 rel=3.0e-03 t=0.02s cycles=1 reorth=2 rec=3.0e-03 status=converged t_fact=0.00s singular_modes=0 mu=1.000e+00
  NEWTON gauss_ch:0.375:32:i1o4 it= 1 r_F=1.545e+00 r_out=3.878e-05 lambda=1 |dx|max=2.29e-02 lin=gmres+P-A+CC(mult,2) rel=3.0e-03 lits=2 t_lin=0.0s |dx|2=3.87e-01 t_fact=0.58s eta=1.00e-01 mu=1.000e+00 retries=0
    COARSE build mode=mult profiles=2 K=4096 t_assembly=0.026s t_lu=0.521s t_cond=0.033s norm1=8.662e+05 inv_norm1_est=4.696e-03 rcond_est=2.458e-04 min|U_kk|=2.366e+03 max|U_kk|=1.586e+05 zero_pivots=0 mu=5.223e-01 assembly=colored factor=banded applications=256 color_period=8 kl=639 ku=639
    COARSE apply applications=3 t_apply_avg=6.005ms t_host_solve_avg=5.088ms
    LINEAR gmres+P-A+CC(mult,2) its=2 rel=6.1e-03 t=0.02s cycles=1 reorth=2 rec=6.1e-03 status=converged t_fact=0.00s singular_modes=0 mu=5.223e-01
  NEWTON gauss_ch:0.375:32:i1o4 it= 2 r_F=8.372e-01 r_out=3.891e-05 lambda=1 |dx|max=1.47e-02 lin=gmres+P-A+CC(mult,2) rel=6.1e-03 lits=2 t_lin=0.0s |dx|2=4.08e-01 t_fact=0.58s eta=1.00e-01 mu=5.223e-01 retries=0
    COARSE build mode=mult profiles=2 K=4096 t_assembly=0.026s t_lu=0.521s t_cond=0.033s norm1=8.707e+05 inv_norm1_est=8.635e-03 rcond_est=1.330e-04 min|U_kk|=1.734e+03 max|U_kk|=1.464e+05 zero_pivots=0 mu=2.830e-01 assembly=colored factor=banded applications=256 color_period=8 kl=639 ku=639
    COARSE apply applications=4 t_apply_avg=6.004ms t_host_solve_avg=5.076ms
    LINEAR gmres+P-A+CC(mult,2) its=3 rel=6.3e-03 t=0.02s cycles=1 reorth=3 rec=6.3e-03 status=converged t_fact=0.00s singular_modes=0 mu=2.830e-01
  NEWTON gauss_ch:0.375:32:i1o4 it= 3 r_F=4.735e-01 r_out=2.849e-05 lambda=1 |dx|max=1.13e-02 lin=gmres+P-A+CC(mult,2) rel=6.3e-03 lits=3 t_lin=0.0s |dx|2=4.28e-01 t_fact=0.58s eta=1.00e-01 mu=2.830e-01 retries=0
    COARSE build mode=mult profiles=2 K=4096 t_assembly=0.026s t_lu=0.521s t_cond=0.033s norm1=8.872e+05 inv_norm1_est=1.424e-02 rcond_est=7.913e-05 min|U_kk|=1.340e+03 max|U_kk|=1.402e+05 zero_pivots=0 mu=1.601e-01 assembly=colored factor=banded applications=256 color_period=8 kl=639 ku=639
    COARSE apply applications=5 t_apply_avg=5.994ms t_host_solve_avg=5.076ms
    LINEAR gmres+P-A+CC(mult,2) its=4 rel=6.1e-03 t=0.03s cycles=1 reorth=4 rec=6.1e-03 status=converged t_fact=0.00s singular_modes=0 mu=1.601e-01
  NEWTON gauss_ch:0.375:32:i1o4 it= 4 r_F=2.610e-01 r_out=2.986e-05 lambda=1 |dx|max=9.36e-03 lin=gmres+P-A+CC(mult,2) rel=6.1e-03 lits=4 t_lin=0.0s |dx|2=4.13e-01 t_fact=0.58s eta=1.00e-01 mu=1.601e-01 retries=0
    COARSE build mode=mult profiles=2 K=4096 t_assembly=0.026s t_lu=0.521s t_cond=0.033s norm1=9.077e+05 inv_norm1_est=2.091e-02 rcond_est=5.267e-05 min|U_kk|=1.063e+03 max|U_kk|=1.366e+05 zero_pivots=0 mu=8.825e-02 assembly=colored factor=banded applications=256 color_period=8 kl=639 ku=639
    COARSE apply applications=6 t_apply_avg=5.968ms t_host_solve_avg=5.055ms
    LINEAR gmres+P-A+CC(mult,2) its=5 rel=8.8e-03 t=0.04s cycles=1 reorth=5 rec=8.8e-03 status=converged t_fact=0.00s singular_modes=0 mu=8.825e-02
  NEWTON gauss_ch:0.375:32:i1o4 it= 5 r_F=1.379e-01 r_out=2.326e-05 lambda=1 |dx|max=8.14e-03 lin=gmres+P-A+CC(mult,2) rel=8.8e-03 lits=5 t_lin=0.0s |dx|2=3.90e-01 t_fact=0.58s eta=1.00e-01 mu=8.825e-02 retries=0
    COARSE build mode=mult profiles=2 K=4096 t_assembly=0.026s t_lu=0.539s t_cond=0.033s norm1=9.284e+05 inv_norm1_est=3.061e-02 rcond_est=3.519e-05 min|U_kk|=8.689e+02 max|U_kk|=1.346e+05 zero_pivots=0 mu=4.663e-02 assembly=colored factor=banded applications=256 color_period=8 kl=639 ku=639
    COARSE apply applications=9 t_apply_avg=5.988ms t_host_solve_avg=5.066ms
    LINEAR gmres+P-A+CC(mult,2) its=8 rel=9.5e-03 t=0.06s cycles=1 reorth=8 rec=9.5e-03 status=converged t_fact=0.00s singular_modes=0 mu=4.663e-02
  NEWTON gauss_ch:0.375:32:i1o4 it= 6 r_F=7.322e-02 r_out=4.189e-06 lambda=1 |dx|max=7.41e-03 lin=gmres+P-A+CC(mult,2) rel=9.5e-03 lits=8 t_lin=0.1s |dx|2=3.92e-01 t_fact=0.60s eta=1.00e-01 mu=4.663e-02 retries=0
    COARSE build mode=mult profiles=2 K=4096 t_assembly=0.026s t_lu=0.552s t_cond=0.033s norm1=9.493e+05 inv_norm1_est=4.242e-02 rcond_est=2.483e-05 min|U_kk|=7.398e+02 max|U_kk|=1.335e+05 zero_pivots=0 mu=2.476e-02 assembly=colored factor=banded applications=256 color_period=8 kl=639 ku=639
    COARSE apply applications=18 t_apply_avg=5.990ms t_host_solve_avg=5.070ms
    LINEAR gmres+P-A+CC(mult,2) its=17 rel=9.0e-03 t=0.11s cycles=1 reorth=16 rec=9.0e-03 status=converged t_fact=0.00s singular_modes=0 mu=2.476e-02
  NEWTON gauss_ch:0.375:32:i1o4 it= 7 r_F=4.214e-02 r_out=1.689e-06 lambda=1 |dx|max=6.77e-03 lin=gmres+P-A+CC(mult,2) rel=9.0e-03 lits=17 t_lin=0.1s |dx|2=4.38e-01 t_fact=0.61s eta=1.00e-01 mu=2.476e-02 retries=0
    COARSE build mode=mult profiles=2 K=4096 t_assembly=0.026s t_lu=0.567s t_cond=0.033s norm1=9.742e+05 inv_norm1_est=4.124e-02 rcond_est=2.489e-05 min|U_kk|=6.607e+02 max|U_kk|=1.329e+05 zero_pivots=0 mu=1.425e-02 assembly=colored factor=banded applications=256 color_period=8 kl=639 ku=639
    COARSE apply applications=30 t_apply_avg=5.985ms t_host_solve_avg=5.073ms
    LINEAR gmres+P-A+CC(mult,2) its=29 rel=9.4e-03 t=0.19s cycles=1 reorth=28 rec=9.4e-03 status=converged t_fact=0.00s singular_modes=0 mu=1.425e-02
  NEWTON gauss_ch:0.375:32:i1o4 it= 8 r_F=2.849e-02 r_out=1.481e-06 lambda=1 |dx|max=6.60e-03 lin=gmres+P-A+CC(mult,2) rel=9.4e-03 lits=29 t_lin=0.2s |dx|2=5.29e-01 t_fact=0.63s eta=1.00e-01 mu=1.425e-02 retries=0
    COARSE build mode=mult profiles=2 K=4096 t_assembly=0.026s t_lu=0.578s t_cond=0.033s norm1=1.005e+06 inv_norm1_est=4.797e-02 rcond_est=2.074e-05 min|U_kk|=6.186e+02 max|U_kk|=1.418e+05 zero_pivots=0 mu=9.631e-03 assembly=colored factor=banded applications=256 color_period=8 kl=639 ku=639
    COARSE apply applications=39 t_apply_avg=5.994ms t_host_solve_avg=5.078ms
    LINEAR gmres+P-A+CC(mult,2) its=38 rel=9.6e-03 t=0.25s cycles=1 reorth=37 rec=9.6e-03 status=converged t_fact=0.00s singular_modes=0 mu=9.631e-03
  NEWTON gauss_ch:0.375:32:i1o4 it= 9 r_F=2.158e-02 r_out=1.256e-06 lambda=1 |dx|max=7.14e-03 lin=gmres+P-A+CC(mult,2) rel=9.6e-03 lits=38 t_lin=0.3s |dx|2=5.95e-01 t_fact=0.64s eta=1.00e-01 mu=9.631e-03 retries=0
    COARSE build mode=mult profiles=2 K=4096 t_assembly=0.026s t_lu=0.580s t_cond=0.033s norm1=1.038e+06 inv_norm1_est=5.333e-02 rcond_est=1.806e-05 min|U_kk|=5.867e+02 max|U_kk|=1.324e+05 zero_pivots=0 mu=7.296e-03 assembly=colored factor=banded applications=256 color_period=8 kl=639 ku=639
    COARSE apply applications=48 t_apply_avg=5.989ms t_host_solve_avg=5.078ms
    LINEAR gmres+P-A+CC(mult,2) its=47 rel=9.5e-03 t=0.32s cycles=1 reorth=46 rec=9.5e-03 status=converged t_fact=0.00s singular_modes=0 mu=7.296e-03
  NEWTON gauss_ch:0.375:32:i1o4 it=10 r_F=1.630e-02 r_out=1.213e-06 lambda=1 |dx|max=7.73e-03 lin=gmres+P-A+CC(mult,2) rel=9.5e-03 lits=47 t_lin=0.3s |dx|2=5.87e-01 t_fact=0.64s eta=1.00e-01 mu=7.296e-03 retries=0
    COARSE build mode=mult profiles=2 K=4096 t_assembly=0.026s t_lu=0.594s t_cond=0.033s norm1=1.068e+06 inv_norm1_est=5.018e-02 rcond_est=1.866e-05 min|U_kk|=5.706e+02 max|U_kk|=1.769e+05 zero_pivots=0 mu=5.510e-03 assembly=colored factor=banded applications=256 color_period=8 kl=639 ku=639
    COARSE apply applications=59 t_apply_avg=6.003ms t_host_solve_avg=5.087ms
    LINEAR gmres+P-A+CC(mult,2) its=58 rel=9.2e-03 t=0.40s cycles=1 reorth=56 rec=9.2e-03 status=converged t_fact=0.00s singular_modes=0 mu=5.510e-03
  NEWTON gauss_ch:0.375:32:i1o4 it=11 r_F=1.154e-02 r_out=8.244e-07 lambda=1 |dx|max=7.36e-03 lin=gmres+P-A+CC(mult,2) rel=9.2e-03 lits=58 t_lin=0.4s |dx|2=5.41e-01 t_fact=0.66s eta=1.00e-01 mu=5.510e-03 retries=0
    COARSE build mode=mult profiles=2 K=4096 t_assembly=0.026s t_lu=0.598s t_cond=0.033s norm1=1.092e+06 inv_norm1_est=6.151e-02 rcond_est=1.488e-05 min|U_kk|=5.011e+02 max|U_kk|=1.321e+05 zero_pivots=0 mu=3.900e-03 assembly=colored factor=banded applications=256 color_period=8 kl=639 ku=639
    COARSE apply applications=69 t_apply_avg=5.997ms t_host_solve_avg=5.085ms
    LINEAR gmres+P-A+CC(mult,2) its=68 rel=9.8e-03 t=0.47s cycles=1 reorth=66 rec=9.8e-03 status=converged t_fact=0.00s singular_modes=0 mu=3.900e-03
  NEWTON gauss_ch:0.375:32:i1o4 it=12 r_F=7.334e-03 r_out=6.523e-07 lambda=1 |dx|max=6.42e-03 lin=gmres+P-A+CC(mult,2) rel=9.8e-03 lits=68 t_lin=0.5s |dx|2=4.74e-01 t_fact=0.66s eta=1.00e-01 mu=3.900e-03 retries=0
    COARSE build mode=mult profiles=2 K=4096 t_assembly=0.026s t_lu=0.606s t_cond=0.033s norm1=1.112e+06 inv_norm1_est=6.067e-02 rcond_est=1.483e-05 min|U_kk|=5.041e+02 max|U_kk|=1.319e+05 zero_pivots=0 mu=2.479e-03 assembly=colored factor=banded applications=256 color_period=8 kl=639 ku=639
    COARSE apply applications=80 t_apply_avg=6.001ms t_host_solve_avg=5.087ms
    LINEAR gmres+P-A+CC(mult,2) its=79 rel=1.0e-02 t=0.56s cycles=1 reorth=78 rec=1.0e-02 status=converged t_fact=0.00s singular_modes=0 mu=2.479e-03
  NEWTON gauss_ch:0.375:32:i1o4 it=13 r_F=3.909e-03 r_out=4.812e-07 lambda=1 |dx|max=5.07e-03 lin=gmres+P-A+CC(mult,2) rel=1.0e-02 lits=79 t_lin=0.6s |dx|2=3.79e-01 t_fact=0.67s eta=1.00e-01 mu=2.479e-03 retries=0
    COARSE build mode=mult profiles=2 K=4096 t_assembly=0.026s t_lu=0.618s t_cond=0.047s norm1=1.125e+06 inv_norm1_est=2.867e-01 rcond_est=3.100e-06 min|U_kk|=4.839e+02 max|U_kk|=1.318e+05 zero_pivots=0 mu=1.322e-03 assembly=colored factor=banded applications=256 color_period=8 kl=639 ku=639
    COARSE apply applications=92 t_apply_avg=5.992ms t_host_solve_avg=5.083ms
    LINEAR gmres+P-A+CC(mult,2) its=91 rel=9.9e-03 t=0.65s cycles=1 reorth=90 rec=9.9e-03 status=converged t_fact=0.00s singular_modes=0 mu=1.322e-03
  NEWTON gauss_ch:0.375:32:i1o4 it=14 r_F=1.517e-03 r_out=2.988e-07 lambda=1 |dx|max=3.37e-03 lin=gmres+P-A+CC(mult,2) rel=9.9e-03 lits=91 t_lin=0.6s |dx|2=2.53e-01 t_fact=0.69s eta=1.00e-01 mu=1.322e-03 retries=0
    COARSE build mode=mult profiles=2 K=4096 t_assembly=0.026s t_lu=0.619s t_cond=0.047s norm1=1.134e+06 inv_norm1_est=5.947e-01 rcond_est=1.483e-06 min|U_kk|=4.592e+02 max|U_kk|=1.317e+05 zero_pivots=0 mu=5.128e-04 assembly=colored factor=banded applications=256 color_period=8 kl=639 ku=639
    COARSE apply applications=101 t_apply_avg=5.998ms t_host_solve_avg=5.084ms
    LINEAR gmres+P-A+CC(mult,2) its=100 rel=1.1e-02 t=0.72s cycles=1 reorth=98 rec=1.1e-02 status=converged t_fact=0.00s singular_modes=0 mu=5.128e-04
  NEWTON gauss_ch:0.375:32:i1o4 it=15 r_F=3.086e-04 r_out=1.312e-07 lambda=1 |dx|max=1.62e-03 lin=gmres+P-A+CC(mult,2) rel=1.1e-02 lits=100 t_lin=0.7s |dx|2=1.16e-01 t_fact=0.70s eta=1.00e-01 mu=5.128e-04 retries=0
    COARSE build mode=mult profiles=2 K=4096 t_assembly=0.026s t_lu=0.623s t_cond=0.047s norm1=1.137e+06 inv_norm1_est=9.362e-01 rcond_est=9.391e-07 min|U_kk|=4.252e+02 max|U_kk|=1.317e+05 zero_pivots=0 mu=1.043e-04 assembly=colored factor=banded applications=256 color_period=8 kl=639 ku=639
    COARSE apply applications=101 t_apply_avg=5.924ms t_host_solve_avg=5.080ms
    LINEAR gmres+P-A+CC(mult,2) its=100 rel=1.9e-02 t=0.70s cycles=1 reorth=99 rec=1.9e-02 status=converged t_fact=0.00s singular_modes=0 mu=1.043e-04
  NEWTON gauss_ch:0.375:32:i1o4 it=16 r_F=1.597e-05 r_out=4.729e-08 lambda=1 |dx|max=3.58e-04 lin=gmres+P-A+CC(mult,2) rel=1.9e-02 lits=100 t_lin=0.7s |dx|2=2.41e-02 t_fact=0.70s eta=3.73e-02 mu=1.043e-04 retries=0
    COARSE build mode=mult profiles=2 K=4096 t_assembly=0.024s t_lu=0.622s t_cond=0.033s norm1=1.138e+06 inv_norm1_est=1.033e+00 rcond_est=8.508e-07 min|U_kk|=4.235e+02 max|U_kk|=1.317e+05 zero_pivots=0 mu=5.399e-06 assembly=colored factor=banded applications=256 color_period=8 kl=639 ku=639
    COARSE apply applications=202 t_apply_avg=5.974ms t_host_solve_avg=5.093ms
    LINEAR gmres+P-A+CC(mult,2) its=200 rel=1.1e-03 t=1.43s cycles=2 reorth=198 rec=1.1e-03 status=converged t_fact=0.00s singular_modes=0 mu=5.399e-06
  NEWTON gauss_ch:0.375:32:i1o4 it=17 r_F=6.302e-08 r_out=1.488e-10 lambda=1 |dx|max=1.76e-05 lin=gmres+P-A+CC(mult,2) rel=1.1e-03 lits=200 t_lin=1.4s |dx|2=1.08e-03 t_fact=0.68s eta=2.41e-03 mu=5.399e-06 retries=0
    COARSE build mode=mult profiles=2 K=4096 t_assembly=0.027s t_lu=0.631s t_cond=0.036s norm1=1.138e+06 inv_norm1_est=1.038e+00 rcond_est=8.464e-07 min|U_kk|=4.234e+02 max|U_kk|=1.317e+05 zero_pivots=0 mu=2.131e-08 assembly=colored factor=banded applications=256 color_period=8 kl=639 ku=639
    COARSE apply applications=404 t_apply_avg=5.932ms t_host_solve_avg=5.090ms
    LINEAR gmres+P-A+CC(mult,2) its=400 rel=1.5e-06 t=2.82s cycles=4 reorth=392 rec=1.5e-06 status=converged t_fact=0.00s singular_modes=0 mu=2.131e-08
  NEWTON gauss_ch:0.375:32:i1o4 it=18 r_F=6.124e-13 r_out=1.383e-15 lambda=1 |dx|max=4.35e-08 lin=gmres+P-A+CC(mult,2) rel=1.5e-06 lits=400 t_lin=2.8s |dx|2=2.52e-06 t_fact=0.70s eta=1.40e-05 mu=2.131e-08 retries=0
    COARSE build mode=mult profiles=2 K=4096 t_assembly=0.025s t_lu=0.633s t_cond=0.034s norm1=1.138e+06 inv_norm1_est=1.038e+00 rcond_est=8.464e-07 min|U_kk|=4.234e+02 max|U_kk|=1.317e+05 zero_pivots=0 mu=2.071e-13 assembly=colored factor=banded applications=256 color_period=8 kl=639 ku=639
    COARSE apply applications=101 t_apply_avg=5.959ms t_host_solve_avg=5.114ms
    LINEAR gmres+P-A+CC(mult,2) its=100 rel=1.2e-02 t=0.71s cycles=1 reorth=97 rec=1.2e-02 status=converged t_fact=0.00s singular_modes=0 mu=2.071e-13
  NEWTON gauss_ch:0.375:32:i1o4 it=19 r_F=1.915e-14 r_out=9.231e-16 lambda=1 |dx|max=4.20e-13 lin=gmres+P-A+CC(mult,2) rel=1.2e-02 lits=100 t_lin=0.7s |dx|2=2.30e-11 t_fact=0.69s eta=8.16e-02 mu=2.071e-13 retries=0
  STAGE_END field=gauss_ch eps=0.375 N=32 cand=i1o4 status=converged its=19 r_F=1.915e-14 r_out=9.231e-16 -> accepted
STAGE field=gauss_ch eps=0.5 N=32 cand=i1o4 (from eps=0.375, warm start)
  NEWTON gauss_ch:0.5:32:i1o4 it= 0 r_F=2.951e+00 r_out=9.474e-16
    COARSE build mode=mult profiles=2 K=4096 t_assembly=0.024s t_lu=0.525s t_cond=0.034s norm1=1.312e+06 inv_norm1_est=3.178e-03 rcond_est=2.399e-04 min|U_kk|=2.646e+03 max|U_kk|=2.202e+05 zero_pivots=0 mu=1.000e+00 assembly=colored factor=banded applications=256 color_period=8 kl=639 ku=639
    COARSE apply applications=3 t_apply_avg=5.948ms t_host_solve_avg=5.087ms
    LINEAR gmres+P-A+CC(mult,2) its=2 rel=5.9e-03 t=0.02s cycles=1 reorth=2 rec=5.9e-03 status=converged t_fact=0.00s singular_modes=0 mu=1.000e+00
  NEWTON gauss_ch:0.5:32:i1o4 it= 1 r_F=1.541e+00 r_out=7.021e-05 lambda=1 |dx|max=2.22e-02 lin=gmres+P-A+CC(mult,2) rel=5.9e-03 lits=2 t_lin=0.0s |dx|2=3.87e-01 t_fact=0.58s eta=1.00e-01 mu=1.000e+00 retries=0
    COARSE build mode=mult profiles=2 K=4096 t_assembly=0.024s t_lu=0.521s t_cond=0.033s norm1=1.300e+06 inv_norm1_est=6.431e-03 rcond_est=1.196e-04 min|U_kk|=1.976e+03 max|U_kk|=1.910e+05 zero_pivots=0 mu=5.222e-01 assembly=colored factor=banded applications=256 color_period=8 kl=639 ku=639
    COARSE apply applications=4 t_apply_avg=5.938ms t_host_solve_avg=5.081ms
    LINEAR gmres+P-A+CC(mult,2) its=3 rel=6.9e-03 t=0.02s cycles=1 reorth=3 rec=6.9e-03 status=converged t_fact=0.00s singular_modes=0 mu=5.222e-01
  NEWTON gauss_ch:0.5:32:i1o4 it= 2 r_F=8.302e-01 r_out=3.286e-05 lambda=1 |dx|max=1.42e-02 lin=gmres+P-A+CC(mult,2) rel=6.9e-03 lits=3 t_lin=0.0s |dx|2=4.09e-01 t_fact=0.58s eta=1.00e-01 mu=5.222e-01 retries=0
    COARSE build mode=mult profiles=2 K=4096 t_assembly=0.024s t_lu=0.521s t_cond=0.033s norm1=1.317e+06 inv_norm1_est=1.187e-02 rcond_est=6.401e-05 min|U_kk|=1.448e+03 max|U_kk|=1.763e+05 zero_pivots=0 mu=2.813e-01 assembly=colored factor=banded applications=256 color_period=8 kl=639 ku=639
    COARSE apply applications=6 t_apply_avg=5.912ms t_host_solve_avg=5.063ms
    LINEAR gmres+P-A+CC(mult,2) its=5 rel=5.9e-03 t=0.04s cycles=1 reorth=5 rec=5.9e-03 status=converged t_fact=0.00s singular_modes=0 mu=2.813e-01
  NEWTON gauss_ch:0.5:32:i1o4 it= 3 r_F=4.666e-01 r_out=3.251e-05 lambda=1 |dx|max=1.09e-02 lin=gmres+P-A+CC(mult,2) rel=5.9e-03 lits=5 t_lin=0.0s |dx|2=4.31e-01 t_fact=0.58s eta=1.00e-01 mu=2.813e-01 retries=0
    COARSE build mode=mult profiles=2 K=4096 t_assembly=0.024s t_lu=0.528s t_cond=0.033s norm1=1.349e+06 inv_norm1_est=1.784e-02 rcond_est=4.153e-05 min|U_kk|=1.122e+03 max|U_kk|=1.689e+05 zero_pivots=0 mu=1.581e-01 assembly=colored factor=banded applications=256 color_period=8 kl=639 ku=639
    COARSE apply applications=8 t_apply_avg=5.908ms t_host_solve_avg=5.059ms
    LINEAR gmres+P-A+CC(mult,2) its=7 rel=7.0e-03 t=0.05s cycles=1 reorth=7 rec=7.0e-03 status=converged t_fact=0.00s singular_modes=0 mu=1.581e-01
  NEWTON gauss_ch:0.5:32:i1o4 it= 4 r_F=2.582e-01 r_out=2.626e-05 lambda=1 |dx|max=9.03e-03 lin=gmres+P-A+CC(mult,2) rel=7.0e-03 lits=7 t_lin=0.0s |dx|2=4.18e-01 t_fact=0.59s eta=1.00e-01 mu=1.581e-01 retries=0
    COARSE build mode=mult profiles=2 K=4096 t_assembly=0.024s t_lu=0.548s t_cond=0.033s norm1=1.384e+06 inv_norm1_est=2.761e-02 rcond_est=2.616e-05 min|U_kk|=8.987e+02 max|U_kk|=1.647e+05 zero_pivots=0 mu=8.749e-02 assembly=colored factor=banded applications=256 color_period=8 kl=639 ku=639
    COARSE apply applications=17 t_apply_avg=5.920ms t_host_solve_avg=5.068ms
    LINEAR gmres+P-A+CC(mult,2) its=16 rel=8.8e-03 t=0.11s cycles=1 reorth=16 rec=8.8e-03 status=converged t_fact=0.00s singular_modes=0 mu=8.749e-02
  NEWTON gauss_ch:0.5:32:i1o4 it= 5 r_F=1.389e-01 r_out=1.068e-05 lambda=1 |dx|max=8.07e-03 lin=gmres+P-A+CC(mult,2) rel=8.8e-03 lits=16 t_lin=0.1s |dx|2=3.98e-01 t_fact=0.61s eta=1.00e-01 mu=8.749e-02 retries=0
    COARSE build mode=mult profiles=2 K=4096 t_assembly=0.024s t_lu=0.564s t_cond=0.033s norm1=1.413e+06 inv_norm1_est=3.973e-02 rcond_est=1.781e-05 min|U_kk|=7.451e+02 max|U_kk|=1.623e+05 zero_pivots=0 mu=4.707e-02 assembly=colored factor=banded applications=256 color_period=8 kl=639 ku=639
    COARSE apply applications=44 t_apply_avg=5.926ms t_host_solve_avg=5.080ms
    LINEAR gmres+P-A+CC(mult,2) its=43 rel=1.0e-02 t=0.28s cycles=1 reorth=42 rec=1.0e-02 status=converged t_fact=0.00s singular_modes=0 mu=4.707e-02
  NEWTON gauss_ch:0.5:32:i1o4 it= 6 r_F=7.556e-02 r_out=3.639e-06 lambda=1 |dx|max=7.26e-03 lin=gmres+P-A+CC(mult,2) rel=1.0e-02 lits=43 t_lin=0.3s |dx|2=4.03e-01 t_fact=0.62s eta=1.00e-01 mu=4.707e-02 retries=0
    COARSE build mode=mult profiles=2 K=4096 t_assembly=0.024s t_lu=0.577s t_cond=0.033s norm1=1.434e+06 inv_norm1_est=5.246e-02 rcond_est=1.329e-05 min|U_kk|=5.590e+02 max|U_kk|=1.610e+05 zero_pivots=0 mu=2.560e-02 assembly=colored factor=banded applications=256 color_period=8 kl=639 ku=639
    COARSE apply applications=93 t_apply_avg=5.929ms t_host_solve_avg=5.085ms
    LINEAR gmres+P-A+CC(mult,2) its=92 rel=9.4e-03 t=0.64s cycles=1 reorth=91 rec=9.4e-03 status=converged t_fact=0.00s singular_modes=0 mu=2.560e-02
  NEWTON gauss_ch:0.5:32:i1o4 it= 7 r_F=4.423e-02 r_out=1.736e-06 lambda=1 |dx|max=7.04e-03 lin=gmres+P-A+CC(mult,2) rel=9.4e-03 lits=92 t_lin=0.6s |dx|2=4.48e-01 t_fact=0.64s eta=1.00e-01 mu=2.560e-02 retries=0
    COARSE build mode=mult profiles=2 K=4096 t_assembly=0.024s t_lu=0.592s t_cond=0.047s norm1=1.453e+06 inv_norm1_est=9.654e-02 rcond_est=7.129e-06 min|U_kk|=5.815e+02 max|U_kk|=1.603e+05 zero_pivots=0 mu=1.499e-02 assembly=colored factor=banded applications=256 color_period=8 kl=639 ku=639
    COARSE apply applications=101 t_apply_avg=5.926ms t_host_solve_avg=5.080ms
    LINEAR gmres+P-A+CC(mult,2) its=100 rel=5.5e-02 t=0.70s cycles=1 reorth=96 rec=5.5e-02 status=converged t_fact=0.00s singular_modes=0 mu=1.499e-02
  NEWTON gauss_ch:0.5:32:i1o4 it= 8 r_F=3.041e-02 r_out=1.071e-05 lambda=1 |dx|max=6.78e-03 lin=gmres+P-A+CC(mult,2) rel=5.5e-02 lits=100 t_lin=0.7s |dx|2=5.35e-01 t_fact=0.67s eta=1.00e-01 mu=1.499e-02 retries=0
    COARSE build mode=mult profiles=2 K=4096 t_assembly=0.024s t_lu=0.598s t_cond=0.047s norm1=1.473e+06 inv_norm1_est=8.740e-01 rcond_est=7.768e-07 min|U_kk|=4.748e+02 max|U_kk|=1.598e+05 zero_pivots=0 mu=1.030e-02 assembly=colored factor=banded applications=256 color_period=8 kl=639 ku=639
    COARSE apply applications=202 t_apply_avg=5.933ms t_host_solve_avg=5.088ms
    LINEAR gmres+P-A+CC(mult,2) its=200 rel=9.7e-02 t=1.41s cycles=2 reorth=197 rec=9.7e-02 status=converged t_fact=0.00s singular_modes=0 mu=1.030e-02
  NEWTON gauss_ch:0.5:32:i1o4 it= 9 r_F=2.387e-02 r_out=1.693e-05 lambda=1 |dx|max=6.66e-03 lin=gmres+P-A+CC(mult,2) rel=9.7e-02 lits=200 t_lin=1.4s |dx|2=5.99e-01 t_fact=0.67s eta=1.00e-01 mu=1.030e-02 retries=0
    COARSE build mode=mult profiles=2 K=4096 t_assembly=0.024s t_lu=0.614s t_cond=0.047s norm1=1.491e+06 inv_norm1_est=1.290e+00 rcond_est=5.198e-07 min|U_kk|=4.970e+02 max|U_kk|=2.517e+05 zero_pivots=0 mu=8.087e-03 assembly=colored factor=banded applications=256 color_period=8 kl=639 ku=639
    COARSE apply applications=606 t_apply_avg=5.934ms t_host_solve_avg=5.092ms
    LINEAR gmres+P-A+CC(mult,2) its=600 rel=9.6e-02 t=4.23s cycles=6 reorth=592 rec=9.6e-02 status=converged t_fact=0.00s singular_modes=0 mu=8.087e-03
  NEWTON gauss_ch:0.5:32:i1o4 it=10 r_F=1.886e-02 r_out=1.430e-05 lambda=1 |dx|max=7.39e-03 lin=gmres+P-A+CC(mult,2) rel=9.6e-02 lits=600 t_lin=4.2s |dx|2=5.87e-01 t_fact=0.69s eta=1.00e-01 mu=8.087e-03 retries=0
    COARSE build mode=mult profiles=2 K=4096 t_assembly=0.024s t_lu=0.617s t_cond=0.033s norm1=1.504e+06 inv_norm1_est=1.657e+00 rcond_est=4.014e-07 min|U_kk|=4.768e+02 max|U_kk|=1.592e+05 zero_pivots=0 mu=6.390e-03 assembly=colored factor=banded applications=256 color_period=8 kl=639 ku=639
    COARSE apply applications=1010 t_apply_avg=5.933ms t_host_solve_avg=5.091ms
    LINEAR gmres+P-A+CC(mult,2) its=1000 rel=8.9e-02 t=7.05s cycles=10 reorth=984 rec=8.9e-02 status=converged t_fact=0.00s singular_modes=0 mu=6.390e-03
  NEWTON gauss_ch:0.5:32:i1o4 it=11 r_F=1.425e-02 r_out=9.266e-06 lambda=1 |dx|max=7.19e-03 lin=gmres+P-A+CC(mult,2) rel=8.9e-02 lits=1000 t_lin=7.0s |dx|2=5.47e-01 t_fact=0.68s eta=1.00e-01 mu=6.390e-03 retries=0
    COARSE build mode=mult profiles=2 K=4096 t_assembly=0.024s t_lu=0.625s t_cond=0.047s norm1=1.511e+06 inv_norm1_est=3.358e-01 rcond_est=1.971e-06 min|U_kk|=4.751e+02 max|U_kk|=1.590e+05 zero_pivots=0 mu=4.828e-03 assembly=colored factor=banded applications=256 color_period=8 kl=639 ku=639
    COARSE apply applications=1616 t_apply_avg=5.935ms t_host_solve_avg=5.094ms
    LINEAR gmres+P-A+CC(mult,2) its=1600 rel=1.2e-01 t=11.28s cycles=16 reorth=1560 rec=1.2e-01 status=stagnation t_fact=0.00s singular_modes=0 mu=4.828e-03
  NEWTON gauss_ch:0.5:32:i1o4 it=12 linear_failure: GMRES status=stagnation rel=1.2e-01 lits=1600 prec singular modes=0 (step not taken) eta=1.00e-01 mu=4.828e-03
  STAGE_END field=gauss_ch eps=0.5 N=32 cand=i1o4 status=linear_failure its=12 r_F=1.425e-02 r_out=9.266e-06 -> FAILED
  CONTINUATION bisection 2/4: retry from eps=0.375 at eps=0.4375
STAGE field=gauss_ch eps=0.4375 N=32 cand=i1o4 (from eps=0.375, warm start)
  NEWTON gauss_ch:0.4375:32:i1o4 it= 0 r_F=1.477e+00 r_out=9.629e-16
    COARSE build mode=mult profiles=2 K=4096 t_assembly=0.025s t_lu=0.521s t_cond=0.033s norm1=1.255e+06 inv_norm1_est=2.864e-03 rcond_est=2.783e-04 min|U_kk|=2.974e+03 max|U_kk|=2.007e+05 zero_pivots=0 mu=1.000e+00 assembly=colored factor=banded applications=256 color_period=8 kl=639 ku=639
    COARSE apply applications=3 t_apply_avg=5.954ms t_host_solve_avg=5.097ms
    LINEAR gmres+P-A+CC(mult,2) its=2 rel=3.3e-03 t=0.02s cycles=1 reorth=2 rec=3.3e-03 status=converged t_fact=0.00s singular_modes=0 mu=1.000e+00
  NEWTON gauss_ch:0.4375:32:i1o4 it= 1 r_F=7.701e-01 r_out=2.257e-05 lambda=1 |dx|max=1.12e-02 lin=gmres+P-A+CC(mult,2) rel=3.3e-03 lits=2 t_lin=0.0s |dx|2=1.94e-01 t_fact=0.58s eta=1.00e-01 mu=1.000e+00 retries=0
    COARSE build mode=mult profiles=2 K=4096 t_assembly=0.024s t_lu=0.521s t_cond=0.033s norm1=1.234e+06 inv_norm1_est=5.848e-03 rcond_est=1.386e-04 min|U_kk|=2.149e+03 max|U_kk|=1.738e+05 zero_pivots=0 mu=5.215e-01 assembly=colored factor=banded applications=256 color_period=8 kl=639 ku=639
    COARSE apply applications=4 t_apply_avg=5.928ms t_host_solve_avg=5.080ms
    LINEAR gmres+P-A+CC(mult,2) its=3 rel=5.3e-03 t=0.02s cycles=1 reorth=3 rec=5.3e-03 status=converged t_fact=0.00s singular_modes=0 mu=5.215e-01
  NEWTON gauss_ch:0.4375:32:i1o4 it= 2 r_F=4.160e-01 r_out=1.612e-05 lambda=1 |dx|max=7.20e-03 lin=gmres+P-A+CC(mult,2) rel=5.3e-03 lits=3 t_lin=0.0s |dx|2=2.05e-01 t_fact=0.58s eta=1.00e-01 mu=5.215e-01 retries=0
    COARSE build mode=mult profiles=2 K=4096 t_assembly=0.024s t_lu=0.520s t_cond=0.033s norm1=1.234e+06 inv_norm1_est=1.079e-02 rcond_est=7.512e-05 min|U_kk|=1.572e+03 max|U_kk|=1.603e+05 zero_pivots=0 mu=2.817e-01 assembly=colored factor=banded applications=256 color_period=8 kl=639 ku=639
    COARSE apply applications=5 t_apply_avg=5.895ms t_host_solve_avg=5.049ms
    LINEAR gmres+P-A+CC(mult,2) its=4 rel=7.7e-03 t=0.03s cycles=1 reorth=4 rec=7.7e-03 status=converged t_fact=0.00s singular_modes=0 mu=2.817e-01
  NEWTON gauss_ch:0.4375:32:i1o4 it= 3 r_F=2.356e-01 r_out=2.318e-05 lambda=1 |dx|max=5.56e-03 lin=gmres+P-A+CC(mult,2) rel=7.7e-03 lits=4 t_lin=0.0s |dx|2=2.16e-01 t_fact=0.58s eta=1.00e-01 mu=2.817e-01 retries=0
    COARSE build mode=mult profiles=2 K=4096 t_assembly=0.024s t_lu=0.523s t_cond=0.033s norm1=1.244e+06 inv_norm1_est=1.622e-02 rcond_est=4.953e-05 min|U_kk|=1.220e+03 max|U_kk|=1.535e+05 zero_pivots=0 mu=1.595e-01 assembly=colored factor=banded applications=256 color_period=8 kl=639 ku=639
    COARSE apply applications=7 t_apply_avg=5.910ms t_host_solve_avg=5.062ms
    LINEAR gmres+P-A+CC(mult,2) its=6 rel=7.8e-03 t=0.04s cycles=1 reorth=6 rec=7.8e-03 status=converged t_fact=0.00s singular_modes=0 mu=1.595e-01
  NEWTON gauss_ch:0.4375:32:i1o4 it= 4 r_F=1.310e-01 r_out=1.700e-05 lambda=1 |dx|max=4.63e-03 lin=gmres+P-A+CC(mult,2) rel=7.8e-03 lits=6 t_lin=0.0s |dx|2=2.09e-01 t_fact=0.58s eta=1.00e-01 mu=1.595e-01 retries=0
    COARSE build mode=mult profiles=2 K=4096 t_assembly=0.024s t_lu=0.540s t_cond=0.033s norm1=1.257e+06 inv_norm1_est=2.499e-02 rcond_est=3.184e-05 min|U_kk|=9.766e+02 max|U_kk|=1.496e+05 zero_pivots=0 mu=8.867e-02 assembly=colored factor=banded applications=256 color_period=8 kl=639 ku=639
    COARSE apply applications=10 t_apply_avg=5.925ms t_host_solve_avg=5.075ms
    LINEAR gmres+P-A+CC(mult,2) its=9 rel=9.9e-03 t=0.06s cycles=1 reorth=9 rec=9.9e-03 status=converged t_fact=0.00s singular_modes=0 mu=8.867e-02
  NEWTON gauss_ch:0.4375:32:i1o4 it= 5 r_F=7.034e-02 r_out=5.587e-06 lambda=1 |dx|max=4.06e-03 lin=gmres+P-A+CC(mult,2) rel=9.9e-03 lits=9 t_lin=0.1s |dx|2=1.98e-01 t_fact=0.60s eta=1.00e-01 mu=8.867e-02 retries=0
    COARSE build mode=mult profiles=2 K=4096 t_assembly=0.024s t_lu=0.556s t_cond=0.033s norm1=1.268e+06 inv_norm1_est=3.599e-02 rcond_est=2.192e-05 min|U_kk|=8.064e+02 max|U_kk|=1.474e+05 zero_pivots=0 mu=4.763e-02 assembly=colored factor=banded applications=256 color_period=8 kl=639 ku=639
    COARSE apply applications=27 t_apply_avg=5.926ms t_host_solve_avg=5.079ms
    LINEAR gmres+P-A+CC(mult,2) its=26 rel=9.3e-03 t=0.17s cycles=1 reorth=26 rec=9.3e-03 status=converged t_fact=0.00s singular_modes=0 mu=4.763e-02
  NEWTON gauss_ch:0.4375:32:i1o4 it= 6 r_F=3.800e-02 r_out=1.372e-06 lambda=1 |dx|max=3.63e-03 lin=gmres+P-A+CC(mult,2) rel=9.3e-03 lits=26 t_lin=0.2s |dx|2=2.00e-01 t_fact=0.61s eta=1.00e-01 mu=4.763e-02 retries=0
    COARSE build mode=mult profiles=2 K=4096 t_assembly=0.024s t_lu=0.575s t_cond=0.033s norm1=1.277e+06 inv_norm1_est=4.772e-02 rcond_est=1.642e-05 min|U_kk|=6.182e+02 max|U_kk|=1.461e+05 zero_pivots=0 mu=2.573e-02 assembly=colored factor=banded applications=256 color_period=8 kl=639 ku=639
    COARSE apply applications=55 t_apply_avg=5.928ms t_host_solve_avg=5.080ms
    LINEAR gmres+P-A+CC(mult,2) its=54 rel=9.7e-03 t=0.36s cycles=1 reorth=53 rec=9.7e-03 status=converged t_fact=0.00s singular_modes=0 mu=2.573e-02
  NEWTON gauss_ch:0.4375:32:i1o4 it= 7 r_F=2.213e-02 r_out=1.138e-06 lambda=1 |dx|max=3.40e-03 lin=gmres+P-A+CC(mult,2) rel=9.7e-03 lits=54 t_lin=0.4s |dx|2=2.22e-01 t_fact=0.63s eta=1.00e-01 mu=2.573e-02 retries=0
    COARSE build mode=mult profiles=2 K=4096 t_assembly=0.024s t_lu=0.585s t_cond=0.033s norm1=1.285e+06 inv_norm1_est=4.708e-02 rcond_est=1.653e-05 min|U_kk|=5.761e+02 max|U_kk|=1.653e+05 zero_pivots=0 mu=1.499e-02 assembly=colored factor=banded applications=256 color_period=8 kl=639 ku=639
    COARSE apply applications=83 t_apply_avg=5.932ms t_host_solve_avg=5.086ms
    LINEAR gmres+P-A+CC(mult,2) its=82 rel=9.9e-03 t=0.57s cycles=1 reorth=80 rec=9.9e-03 status=converged t_fact=0.00s singular_modes=0 mu=1.499e-02
  NEWTON gauss_ch:0.4375:32:i1o4 it= 8 r_F=1.516e-02 r_out=8.053e-07 lambda=1 |dx|max=3.15e-03 lin=gmres+P-A+CC(mult,2) rel=9.9e-03 lits=82 t_lin=0.6s |dx|2=2.67e-01 t_fact=0.64s eta=1.00e-01 mu=1.499e-02 retries=0
    COARSE build mode=mult profiles=2 K=4096 t_assembly=0.024s t_lu=0.592s t_cond=0.047s norm1=1.295e+06 inv_norm1_est=8.110e-02 rcond_est=9.525e-06 min|U_kk|=5.395e+02 max|U_kk|=1.452e+05 zero_pivots=0 mu=1.026e-02 assembly=colored factor=banded applications=256 color_period=8 kl=639 ku=639
    COARSE apply applications=101 t_apply_avg=5.934ms t_host_solve_avg=5.089ms
    LINEAR gmres+P-A+CC(mult,2) its=100 rel=1.0e-02 t=0.70s cycles=1 reorth=98 rec=1.0e-02 status=converged t_fact=0.00s singular_modes=0 mu=1.026e-02
  NEWTON gauss_ch:0.4375:32:i1o4 it= 9 r_F=1.167e-02 r_out=6.907e-07 lambda=1 |dx|max=3.34e-03 lin=gmres+P-A+CC(mult,2) rel=1.0e-02 lits=100 t_lin=0.7s |dx|2=3.00e-01 t_fact=0.67s eta=1.00e-01 mu=1.026e-02 retries=0
    COARSE build mode=mult profiles=2 K=4096 t_assembly=0.024s t_lu=0.602s t_cond=0.047s norm1=1.304e+06 inv_norm1_est=1.394e-01 rcond_est=5.499e-06 min|U_kk|=5.436e+02 max|U_kk|=1.450e+05 zero_pivots=0 mu=7.903e-03 assembly=colored factor=banded applications=256 color_period=8 kl=639 ku=639
    COARSE apply applications=101 t_apply_avg=5.933ms t_host_solve_avg=5.084ms
    LINEAR gmres+P-A+CC(mult,2) its=100 rel=1.9e-02 t=0.71s cycles=1 reorth=96 rec=1.9e-02 status=converged t_fact=0.00s singular_modes=0 mu=7.903e-03
  NEWTON gauss_ch:0.4375:32:i1o4 it=10 r_F=8.984e-03 r_out=1.221e-06 lambda=1 |dx|max=3.70e-03 lin=gmres+P-A+CC(mult,2) rel=1.9e-02 lits=100 t_lin=0.7s |dx|2=2.97e-01 t_fact=0.67s eta=1.00e-01 mu=7.903e-03 retries=0
    COARSE build mode=mult profiles=2 K=4096 t_assembly=0.027s t_lu=0.606s t_cond=0.047s norm1=1.312e+06 inv_norm1_est=3.664e-01 rcond_est=2.080e-06 min|U_kk|=5.369e+02 max|U_kk|=1.448e+05 zero_pivots=0 mu=6.084e-03 assembly=colored factor=banded applications=256 color_period=8 kl=639 ku=639
    COARSE apply applications=101 t_apply_avg=5.993ms t_host_solve_avg=5.080ms
    LINEAR gmres+P-A+CC(mult,2) its=100 rel=3.9e-02 t=0.72s cycles=1 reorth=96 rec=3.9e-02 status=converged t_fact=0.00s singular_modes=0 mu=6.084e-03
  NEWTON gauss_ch:0.4375:32:i1o4 it=11 r_F=6.536e-03 r_out=2.400e-06 lambda=1 |dx|max=3.61e-03 lin=gmres+P-A+CC(mult,2) rel=3.9e-02 lits=100 t_lin=0.7s |dx|2=2.77e-01 t_fact=0.68s eta=1.00e-01 mu=6.084e-03 retries=0
    COARSE build mode=mult profiles=2 K=4096 t_assembly=0.026s t_lu=0.616s t_cond=0.061s norm1=1.319e+06 inv_norm1_est=5.551e-01 rcond_est=1.366e-06 min|U_kk|=4.835e+02 max|U_kk|=1.447e+05 zero_pivots=0 mu=4.426e-03 assembly=colored factor=banded applications=256 color_period=8 kl=639 ku=639
    COARSE apply applications=101 t_apply_avg=5.979ms t_host_solve_avg=5.085ms
    LINEAR gmres+P-A+CC(mult,2) its=100 rel=8.9e-02 t=0.72s cycles=1 reorth=96 rec=8.9e-02 status=converged t_fact=0.00s singular_modes=0 mu=4.426e-03
  NEWTON gauss_ch:0.4375:32:i1o4 it=12 r_F=4.357e-03 r_out=4.758e-06 lambda=1 |dx|max=3.29e-03 lin=gmres+P-A+CC(mult,2) rel=8.9e-02 lits=100 t_lin=0.7s |dx|2=2.47e-01 t_fact=0.71s eta=1.00e-01 mu=4.426e-03 retries=0
    COARSE build mode=mult profiles=2 K=4096 t_assembly=0.026s t_lu=0.625s t_cond=0.047s norm1=1.324e+06 inv_norm1_est=6.195e-01 rcond_est=1.220e-06 min|U_kk|=4.278e+02 max|U_kk|=1.446e+05 zero_pivots=0 mu=2.951e-03 assembly=colored factor=banded applications=256 color_period=8 kl=639 ku=639
    COARSE apply applications=202 t_apply_avg=5.976ms t_host_solve_avg=5.086ms
    LINEAR gmres+P-A+CC(mult,2) its=200 rel=7.0e-02 t=1.43s cycles=2 reorth=193 rec=7.0e-02 status=converged t_fact=0.00s singular_modes=0 mu=2.951e-03
  NEWTON gauss_ch:0.4375:32:i1o4 it=13 r_F=2.476e-03 r_out=2.373e-06 lambda=1 |dx|max=2.88e-03 lin=gmres+P-A+CC(mult,2) rel=7.0e-02 lits=200 t_lin=1.4s |dx|2=2.08e-01 t_fact=0.70s eta=1.00e-01 mu=2.951e-03 retries=0
    COARSE build mode=mult profiles=2 K=4096 t_assembly=0.026s t_lu=0.633s t_cond=0.033s norm1=1.327e+06 inv_norm1_est=3.074e+00 rcond_est=2.452e-07 min|U_kk|=4.481e+02 max|U_kk|=1.444e+05 zero_pivots=0 mu=1.677e-03 assembly=colored factor=banded applications=256 color_period=8 kl=639 ku=639
    COARSE apply applications=303 t_apply_avg=5.986ms t_host_solve_avg=5.093ms
    LINEAR gmres+P-A+CC(mult,2) its=300 rel=8.6e-02 t=2.15s cycles=3 reorth=295 rec=8.6e-02 status=converged t_fact=0.00s singular_modes=0 mu=1.677e-03
  NEWTON gauss_ch:0.4375:32:i1o4 it=14 r_F=1.102e-03 r_out=1.592e-06 lambda=1 |dx|max=2.17e-03 lin=gmres+P-A+CC(mult,2) rel=8.6e-02 lits=300 t_lin=2.2s |dx|2=1.51e-01 t_fact=0.69s eta=1.00e-01 mu=1.677e-03 retries=0
    COARSE build mode=mult profiles=2 K=4096 t_assembly=0.026s t_lu=0.638s t_cond=0.047s norm1=1.329e+06 inv_norm1_est=5.730e-01 rcond_est=1.313e-06 min|U_kk|=4.363e+02 max|U_kk|=1.444e+05 zero_pivots=0 mu=7.466e-04 assembly=colored factor=banded applications=256 color_period=8 kl=639 ku=639
    COARSE apply applications=707 t_apply_avg=5.980ms t_host_solve_avg=5.089ms
    LINEAR gmres+P-A+CC(mult,2) its=700 rel=8.2e-02 t=5.02s cycles=7 reorth=681 rec=8.2e-02 status=converged t_fact=0.00s singular_modes=0 mu=7.466e-04
  NEWTON gauss_ch:0.4375:32:i1o4 it=15 r_F=3.111e-04 r_out=6.537e-07 lambda=1 |dx|max=1.27e-03 lin=gmres+P-A+CC(mult,2) rel=8.2e-02 lits=700 t_lin=5.0s |dx|2=8.32e-02 t_fact=0.71s eta=1.00e-01 mu=7.466e-04 retries=0
    COARSE build mode=mult profiles=2 K=4096 t_assembly=0.026s t_lu=0.638s t_cond=0.047s norm1=1.330e+06 inv_norm1_est=4.477e-01 rcond_est=1.679e-06 min|U_kk|=4.233e+02 max|U_kk|=1.483e+05 zero_pivots=0 mu=2.107e-04 assembly=colored factor=banded applications=256 color_period=8 kl=639 ku=639
    COARSE apply applications=1111 t_apply_avg=5.979ms t_host_solve_avg=5.089ms
    LINEAR gmres+P-A+CC(mult,2) its=1100 rel=6.2e-02 t=7.89s cycles=11 reorth=1068 rec=6.2e-02 status=converged t_fact=0.00s singular_modes=0 mu=2.107e-04
  NEWTON gauss_ch:0.4375:32:i1o4 it=16 r_F=4.008e-05 r_out=1.439e-07 lambda=1 |dx|max=4.17e-04 lin=gmres+P-A+CC(mult,2) rel=6.2e-02 lits=1100 t_lin=7.9s |dx|2=2.52e-02 t_fact=0.71s eta=7.17e-02 mu=2.107e-04 retries=0
    COARSE build mode=mult profiles=2 K=4096 t_assembly=0.026s t_lu=0.652s t_cond=0.049s norm1=1.330e+06 inv_norm1_est=4.300e-01 rcond_est=1.749e-06 min|U_kk|=4.195e+02 max|U_kk|=1.479e+05 zero_pivots=0 mu=2.714e-05 assembly=colored factor=banded applications=256 color_period=8 kl=639 ku=639
    COARSE apply applications=2727 t_apply_avg=5.956ms t_host_solve_avg=5.096ms
    LINEAR gmres+P-A+CC(mult,2) its=2700 rel=1.2e-02 t=19.18s cycles=27 reorth=2624 rec=1.2e-02 status=converged t_fact=0.00s singular_modes=0 mu=2.714e-05
  NEWTON gauss_ch:0.4375:32:i1o4 it=17 r_F=1.043e-06 r_out=3.173e-09 lambda=1 |dx|max=5.17e-05 lin=gmres+P-A+CC(mult,2) rel=1.2e-02 lits=2700 t_lin=19.2s |dx|2=2.50e-03 t_fact=0.73s eta=1.49e-02 mu=2.714e-05 retries=0
    COARSE build mode=mult profiles=2 K=4096 t_assembly=0.026s t_lu=0.638s t_cond=0.047s norm1=1.330e+06 inv_norm1_est=4.282e-01 rcond_est=1.756e-06 min|U_kk|=4.022e+02 max|U_kk|=1.479e+05 zero_pivots=0 mu=7.065e-07 assembly=colored factor=banded applications=256 color_period=8 kl=639 ku=639
    COARSE apply applications=5858 t_apply_avg=5.993ms t_host_solve_avg=5.090ms
    LINEAR gmres+P-A+CC(mult,2) its=5800 rel=5.4e-04 t=41.80s cycles=58 reorth=5642 rec=5.4e-04 status=converged t_fact=0.00s singular_modes=0 mu=7.065e-07
  NEWTON gauss_ch:0.4375:32:i1o4 it=18 r_F=7.734e-10 r_out=3.764e-12 lambda=1 |dx|max=8.93e-07 lin=gmres+P-A+CC(mult,2) rel=5.4e-04 lits=5800 t_lin=41.8s |dx|2=3.52e-05 t_fact=0.71s eta=6.10e-04 mu=7.065e-07 retries=0
    COARSE build mode=mult profiles=2 K=4096 t_assembly=0.027s t_lu=0.637s t_cond=0.047s norm1=1.330e+06 inv_norm1_est=4.282e-01 rcond_est=1.756e-06 min|U_kk|=4.021e+02 max|U_kk|=1.479e+05 zero_pivots=0 mu=5.237e-10 assembly=colored factor=banded applications=256 color_period=8 kl=639 ku=639
    COARSE apply applications=6060 t_apply_avg=6.002ms t_host_solve_avg=5.094ms
    LINEAR gmres+P-A+CC(mult,2) its=6000 rel=1.6e-04 t=43.34s cycles=60 reorth=5870 rec=1.6e-04 status=max_iterations t_fact=0.00s singular_modes=0 mu=5.237e-10
  NEWTON gauss_ch:0.4375:32:i1o4 it=19 linear_failure: GMRES status=max_iterations rel=1.6e-04 lits=6000 prec singular modes=0 (step not taken) eta=6.47e-05 mu=5.237e-10
  STAGE_END field=gauss_ch eps=0.4375 N=32 cand=i1o4 status=linear_failure its=19 r_F=7.734e-10 r_out=3.764e-12 -> accepted
STAGE field=gauss_ch eps=0.5 N=32 cand=i1o4 (from eps=0.4375, warm start)
  NEWTON gauss_ch:0.5:32:i1o4 it= 0 r_F=1.473e+00 r_out=3.689e-12
    COARSE build mode=mult profiles=2 K=4096 t_assembly=0.026s t_lu=0.521s t_cond=0.033s norm1=1.458e+06 inv_norm1_est=3.314e-03 rcond_est=2.070e-04 min|U_kk|=2.648e+03 max|U_kk|=2.203e+05 zero_pivots=0 mu=1.000e+00 assembly=colored factor=banded applications=256 color_period=8 kl=639 ku=639
    COARSE apply applications=3 t_apply_avg=5.994ms t_host_solve_avg=5.081ms
    LINEAR gmres+P-A+CC(mult,2) its=2 rel=5.1e-03 t=0.02s cycles=1 reorth=2 rec=5.1e-03 status=converged t_fact=0.00s singular_modes=0 mu=1.000e+00
  NEWTON gauss_ch:0.5:32:i1o4 it= 1 r_F=7.686e-01 r_out=3.083e-05 lambda=1 |dx|max=1.10e-02 lin=gmres+P-A+CC(mult,2) rel=5.1e-03 lits=2 t_lin=0.0s |dx|2=1.94e-01 t_fact=0.58s eta=1.00e-01 mu=1.000e+00 retries=0
    COARSE build mode=mult profiles=2 K=4096 t_assembly=0.026s t_lu=0.521s t_cond=0.033s norm1=1.439e+06 inv_norm1_est=6.773e-03 rcond_est=1.026e-04 min|U_kk|=1.968e+03 max|U_kk|=1.908e+05 zero_pivots=0 mu=5.216e-01 assembly=colored factor=banded applications=256 color_period=8 kl=639 ku=639
    COARSE apply applications=4 t_apply_avg=6.006ms t_host_solve_avg=5.084ms
    LINEAR gmres+P-A+CC(mult,2) its=3 rel=9.2e-03 t=0.02s cycles=1 reorth=3 rec=9.2e-03 status=converged t_fact=0.00s singular_modes=0 mu=5.216e-01
  NEWTON gauss_ch:0.5:32:i1o4 it= 2 r_F=4.140e-01 r_out=2.764e-05 lambda=1 |dx|max=7.04e-03 lin=gmres+P-A+CC(mult,2) rel=9.2e-03 lits=3 t_lin=0.0s |dx|2=2.05e-01 t_fact=0.58s eta=1.00e-01 mu=5.216e-01 retries=0
    COARSE build mode=mult profiles=2 K=4096 t_assembly=0.026s t_lu=0.531s t_cond=0.033s norm1=1.442e+06 inv_norm1_est=1.252e-02 rcond_est=5.539e-05 min|U_kk|=1.441e+03 max|U_kk|=1.760e+05 zero_pivots=0 mu=2.810e-01 assembly=colored factor=banded applications=256 color_period=8 kl=639 ku=639
    COARSE apply applications=6 t_apply_avg=5.992ms t_host_solve_avg=5.075ms
    LINEAR gmres+P-A+CC(mult,2) its=5 rel=9.0e-03 t=0.04s cycles=1 reorth=5 rec=9.0e-03 status=converged t_fact=0.00s singular_modes=0 mu=2.810e-01
  NEWTON gauss_ch:0.5:32:i1o4 it= 3 r_F=2.339e-01 r_out=2.856e-05 lambda=1 |dx|max=5.45e-03 lin=gmres+P-A+CC(mult,2) rel=9.0e-03 lits=5 t_lin=0.0s |dx|2=2.17e-01 t_fact=0.59s eta=1.00e-01 mu=2.810e-01 retries=0
    COARSE build mode=mult profiles=2 K=4096 t_assembly=0.026s t_lu=0.549s t_cond=0.033s norm1=1.457e+06 inv_norm1_est=1.853e-02 rcond_est=3.705e-05 min|U_kk|=1.120e+03 max|U_kk|=1.686e+05 zero_pivots=0 mu=1.587e-01 assembly=colored factor=banded applications=256 color_period=8 kl=639 ku=639
    COARSE apply applications=9 t_apply_avg=5.993ms t_host_solve_avg=5.072ms
    LINEAR gmres+P-A+CC(mult,2) its=8 rel=9.9e-03 t=0.06s cycles=1 reorth=8 rec=9.9e-03 status=converged t_fact=0.00s singular_modes=0 mu=1.587e-01
  NEWTON gauss_ch:0.5:32:i1o4 it= 4 r_F=1.304e-01 r_out=1.407e-05 lambda=1 |dx|max=4.50e-03 lin=gmres+P-A+CC(mult,2) rel=9.9e-03 lits=8 t_lin=0.1s |dx|2=2.10e-01 t_fact=0.61s eta=1.00e-01 mu=1.587e-01 retries=0
    COARSE build mode=mult profiles=2 K=4096 t_assembly=0.026s t_lu=0.561s t_cond=0.033s norm1=1.473e+06 inv_norm1_est=2.846e-02 rcond_est=2.386e-05 min|U_kk|=9.009e+02 max|U_kk|=1.643e+05 zero_pivots=0 mu=8.847e-02 assembly=colored factor=banded applications=256 color_period=8 kl=639 ku=639
    COARSE apply applications=31 t_apply_avg=5.986ms t_host_solve_avg=5.074ms
    LINEAR gmres+P-A+CC(mult,2) its=30 rel=9.6e-03 t=0.20s cycles=1 reorth=30 rec=9.6e-03 status=converged t_fact=0.00s singular_modes=0 mu=8.847e-02
  NEWTON gauss_ch:0.5:32:i1o4 it= 5 r_F=7.074e-02 r_out=3.522e-06 lambda=1 |dx|max=4.00e-03 lin=gmres+P-A+CC(mult,2) rel=9.6e-03 lits=30 t_lin=0.2s |dx|2=2.00e-01 t_fact=0.62s eta=1.00e-01 mu=8.847e-02 retries=0
    COARSE build mode=mult profiles=2 K=4096 t_assembly=0.026s t_lu=0.579s t_cond=0.033s norm1=1.485e+06 inv_norm1_est=4.066e-02 rcond_est=1.656e-05 min|U_kk|=6.147e+02 max|U_kk|=1.969e+05 zero_pivots=0 mu=4.801e-02 assembly=colored factor=banded applications=256 color_period=8 kl=639 ku=639
    COARSE apply applications=74 t_apply_avg=6.000ms t_host_solve_avg=5.087ms
    LINEAR gmres+P-A+CC(mult,2) its=73 rel=9.6e-03 t=0.51s cycles=1 reorth=72 rec=9.6e-03 status=converged t_fact=0.00s singular_modes=0 mu=4.801e-02
  NEWTON gauss_ch:0.5:32:i1o4 it= 6 r_F=3.873e-02 r_out=2.021e-06 lambda=1 |dx|max=3.63e-03 lin=gmres+P-A+CC(mult,2) rel=9.6e-03 lits=73 t_lin=0.5s |dx|2=2.02e-01 t_fact=0.64s eta=1.00e-01 mu=4.801e-02 retries=0
    COARSE build mode=mult profiles=2 K=4096 t_assembly=0.026s t_lu=0.592s t_cond=0.033s norm1=1.493e+06 inv_norm1_est=4.188e-02 rcond_est=1.599e-05 min|U_kk|=5.715e+02 max|U_kk|=1.605e+05 zero_pivots=0 mu=2.629e-02 assembly=colored factor=banded applications=256 color_period=8 kl=639 ku=639
    COARSE apply applications=101 t_apply_avg=6.000ms t_host_solve_avg=5.086ms
    LINEAR gmres+P-A+CC(mult,2) its=100 rel=2.3e-02 t=0.72s cycles=1 reorth=98 rec=2.3e-02 status=converged t_fact=0.00s singular_modes=0 mu=2.629e-02
  NEWTON gauss_ch:0.5:32:i1o4 it= 7 r_F=2.277e-02 r_out=2.650e-06 lambda=1 |dx|max=3.60e-03 lin=gmres+P-A+CC(mult,2) rel=2.3e-02 lits=100 t_lin=0.7s |dx|2=2.23e-01 t_fact=0.65s eta=1.00e-01 mu=2.629e-02 retries=0
    COARSE build mode=mult profiles=2 K=4096 t_assembly=0.026s t_lu=0.606s t_cond=0.061s norm1=1.498e+06 inv_norm1_est=3.556e-01 rcond_est=1.877e-06 min|U_kk|=5.429e+02 max|U_kk|=1.598e+05 zero_pivots=0 mu=1.546e-02 assembly=colored factor=banded applications=256 color_period=8 kl=639 ku=639
    COARSE apply applications=202 t_apply_avg=5.990ms t_host_solve_avg=5.080ms
    LINEAR gmres+P-A+CC(mult,2) its=200 rel=6.6e-02 t=1.44s cycles=2 reorth=193 rec=6.6e-02 status=converged t_fact=0.00s singular_modes=0 mu=1.546e-02
  NEWTON gauss_ch:0.5:32:i1o4 it= 8 r_F=1.572e-02 r_out=6.059e-06 lambda=1 |dx|max=3.30e-03 lin=gmres+P-A+CC(mult,2) rel=6.6e-02 lits=200 t_lin=1.4s |dx|2=2.66e-01 t_fact=0.70s eta=1.00e-01 mu=1.546e-02 retries=0
    COARSE build mode=mult profiles=2 K=4096 t_assembly=0.026s t_lu=0.620s t_cond=0.033s norm1=1.504e+06 inv_norm1_est=5.922e-02 rcond_est=1.123e-05 min|U_kk|=5.169e+02 max|U_kk|=1.594e+05 zero_pivots=0 mu=1.067e-02 assembly=colored factor=banded applications=256 color_period=8 kl=639 ku=639
    COARSE apply applications=505 t_apply_avg=5.973ms t_host_solve_avg=5.092ms
    LINEAR gmres+P-A+CC(mult,2) its=500 rel=9.0e-02 t=3.58s cycles=5 reorth=480 rec=9.0e-02 status=converged t_fact=0.00s singular_modes=0 mu=1.067e-02
  NEWTON gauss_ch:0.5:32:i1o4 it= 9 r_F=1.226e-02 r_out=8.002e-06 lambda=1 |dx|max=3.39e-03 lin=gmres+P-A+CC(mult,2) rel=9.0e-02 lits=500 t_lin=3.6s |dx|2=2.98e-01 t_fact=0.68s eta=1.00e-01 mu=1.067e-02 retries=0
    COARSE build mode=mult profiles=2 K=4096 t_assembly=0.026s t_lu=0.618s t_cond=0.033s norm1=1.508e+06 inv_norm1_est=1.558e+01 rcond_est=4.256e-08 min|U_kk|=3.578e+02 max|U_kk|=1.592e+05 zero_pivots=0 mu=8.319e-03 assembly=colored factor=banded applications=256 color_period=8 kl=639 ku=639
    COARSE apply applications=707 t_apply_avg=6.013ms t_host_solve_avg=5.105ms
    LINEAR gmres+P-A+CC(mult,2) its=700 rel=9.7e-02 t=5.07s cycles=7 reorth=693 rec=9.7e-02 status=converged t_fact=0.00s singular_modes=0 mu=8.319e-03
  NEWTON gauss_ch:0.5:32:i1o4 it=10 r_F=9.655e-03 r_out=7.567e-06 lambda=1 |dx|max=3.79e-03 lin=gmres+P-A+CC(mult,2) rel=9.7e-02 lits=700 t_lin=5.1s |dx|2=2.96e-01 t_fact=0.68s eta=1.00e-01 mu=8.319e-03 retries=0
    COARSE build mode=mult profiles=2 K=4096 t_assembly=0.027s t_lu=0.627s t_cond=0.047s norm1=1.511e+06 inv_norm1_est=3.992e-01 rcond_est=1.658e-06 min|U_kk|=4.635e+02 max|U_kk|=1.590e+05 zero_pivots=0 mu=6.553e-03 assembly=colored factor=banded applications=256 color_period=8 kl=639 ku=639
    COARSE apply applications=404 t_apply_avg=5.998ms t_host_solve_avg=5.088ms
    LINEAR gmres+P-A+CC(mult,2) its=400 rel=2.8e-01 t=2.89s cycles=4 reorth=388 rec=2.8e-01 status=stagnation t_fact=0.00s singular_modes=0 mu=6.553e-03
  NEWTON gauss_ch:0.5:32:i1o4 it=11 linear_failure: GMRES status=stagnation rel=2.8e-01 lits=400 prec singular modes=0 (step not taken) eta=1.00e-01 mu=6.553e-03
  STAGE_END field=gauss_ch eps=0.5 N=32 cand=i1o4 status=linear_failure its=11 r_F=9.655e-03 r_out=7.567e-06 -> FAILED
  CONTINUATION bisection 3/4: retry from eps=0.4375 at eps=0.46875
STAGE field=gauss_ch eps=0.46875 N=32 cand=i1o4 (from eps=0.4375, warm start)
  NEWTON gauss_ch:0.46875:32:i1o4 it= 0 r_F=7.367e-01 r_out=3.727e-12
    COARSE build mode=mult profiles=2 K=4096 t_assembly=0.026s t_lu=0.521s t_cond=0.034s norm1=1.426e+06 inv_norm1_est=3.145e-03 rcond_est=2.229e-04 min|U_kk|=2.808e+03 max|U_kk|=2.103e+05 zero_pivots=0 mu=1.000e+00 assembly=colored factor=banded applications=256 color_period=8 kl=639 ku=639
    COARSE apply applications=3 t_apply_avg=6.020ms t_host_solve_avg=5.100ms
    LINEAR gmres+P-A+CC(mult,2) its=2 rel=4.6e-03 t=0.02s cycles=1 reorth=2 rec=4.6e-03 status=converged t_fact=0.00s singular_modes=0 mu=1.000e+00
  NEWTON gauss_ch:0.46875:32:i1o4 it= 1 r_F=3.837e-01 r_out=1.389e-05 lambda=1 |dx|max=5.52e-03 lin=gmres+P-A+CC(mult,2) rel=4.6e-03 lits=2 t_lin=0.0s |dx|2=9.69e-02 t_fact=0.58s eta=1.00e-01 mu=1.000e+00 retries=0
    COARSE build mode=mult profiles=2 K=4096 t_assembly=0.026s t_lu=0.533s t_cond=0.033s norm1=1.401e+06 inv_norm1_est=6.458e-03 rcond_est=1.105e-04 min|U_kk|=2.053e+03 max|U_kk|=1.820e+05 zero_pivots=0 mu=5.209e-01 assembly=colored factor=banded applications=256 color_period=8 kl=639 ku=639
    COARSE apply applications=4 t_apply_avg=6.016ms t_host_solve_avg=5.096ms
    LINEAR gmres+P-A+CC(mult,2) its=3 rel=8.5e-03 t=0.02s cycles=1 reorth=3 rec=8.5e-03 status=converged t_fact=0.00s singular_modes=0 mu=5.209e-01
  NEWTON gauss_ch:0.46875:32:i1o4 it= 2 r_F=2.072e-01 r_out=1.367e-05 lambda=1 |dx|max=3.56e-03 lin=gmres+P-A+CC(mult,2) rel=8.5e-03 lits=3 t_lin=0.0s |dx|2=1.03e-01 t_fact=0.59s eta=1.00e-01 mu=5.209e-01 retries=0
    COARSE build mode=mult profiles=2 K=4096 t_assembly=0.026s t_lu=0.535s t_cond=0.033s norm1=1.395e+06 inv_norm1_est=1.192e-02 rcond_est=6.017e-05 min|U_kk|=1.503e+03 max|U_kk|=1.679e+05 zero_pivots=0 mu=2.813e-01 assembly=colored factor=banded applications=256 color_period=8 kl=639 ku=639
    COARSE apply applications=6 t_apply_avg=5.991ms t_host_solve_avg=5.068ms
    LINEAR gmres+P-A+CC(mult,2) its=5 rel=8.3e-03 t=0.04s cycles=1 reorth=5 rec=8.3e-03 status=converged t_fact=0.00s singular_modes=0 mu=2.813e-01
  NEWTON gauss_ch:0.46875:32:i1o4 it= 3 r_F=1.176e-01 r_out=1.224e-05 lambda=1 |dx|max=2.75e-03 lin=gmres+P-A+CC(mult,2) rel=8.3e-03 lits=5 t_lin=0.0s |dx|2=1.09e-01 t_fact=0.60s eta=1.00e-01 mu=2.813e-01 retries=0
    COARSE build mode=mult profiles=2 K=4096 t_assembly=0.026s t_lu=0.553s t_cond=0.033s norm1=1.397e+06 inv_norm1_est=1.765e-02 rcond_est=4.054e-05 min|U_kk|=1.169e+03 max|U_kk|=1.607e+05 zero_pivots=0 mu=1.596e-01 assembly=colored factor=banded applications=256 color_period=8 kl=639 ku=639
    COARSE apply applications=9 t_apply_avg=5.987ms t_host_solve_avg=5.076ms
    LINEAR gmres+P-A+CC(mult,2) its=8 rel=9.1e-03 t=0.06s cycles=1 reorth=8 rec=9.1e-03 status=converged t_fact=0.00s singular_modes=0 mu=1.596e-01
  NEWTON gauss_ch:0.46875:32:i1o4 it= 4 r_F=6.570e-02 r_out=6.131e-06 lambda=1 |dx|max=2.28e-03 lin=gmres+P-A+CC(mult,2) rel=9.1e-03 lits=8 t_lin=0.1s |dx|2=1.05e-01 t_fact=0.61s eta=1.00e-01 mu=1.596e-01 retries=0
    COARSE build mode=mult profiles=2 K=4096 t_assembly=0.026s t_lu=0.561s t_cond=0.033s norm1=1.402e+06 inv_norm1_est=2.704e-02 rcond_est=2.637e-05 min|U_kk|=9.403e+02 max|U_kk|=1.743e+05 zero_pivots=0 mu=8.918e-02 assembly=colored factor=banded applications=256 color_period=8 kl=639 ku=639
    COARSE apply applications=28 t_apply_avg=5.995ms t_host_solve_avg=5.076ms
    LINEAR gmres+P-A+CC(mult,2) its=27 rel=8.8e-03 t=0.18s cycles=1 reorth=27 rec=8.8e-03 status=converged t_fact=0.00s singular_modes=0 mu=8.918e-02
  NEWTON gauss_ch:0.46875:32:i1o4 it= 5 r_F=3.564e-02 r_out=1.387e-06 lambda=1 |dx|max=2.01e-03 lin=gmres+P-A+CC(mult,2) rel=8.8e-03 lits=27 t_lin=0.2s |dx|2=9.99e-02 t_fact=0.62s eta=1.00e-01 mu=8.918e-02 retries=0
    COARSE build mode=mult profiles=2 K=4096 t_assembly=0.026s t_lu=0.579s t_cond=0.033s norm1=1.407e+06 inv_norm1_est=3.866e-02 rcond_est=1.839e-05 min|U_kk|=6.438e+02 max|U_kk|=1.542e+05 zero_pivots=0 mu=4.837e-02 assembly=colored factor=banded applications=256 color_period=8 kl=639 ku=639
    COARSE apply applications=60 t_apply_avg=5.997ms t_host_solve_avg=5.079ms
    LINEAR gmres+P-A+CC(mult,2) its=59 rel=9.3e-03 t=0.40s cycles=1 reorth=59 rec=9.3e-03 status=converged t_fact=0.00s singular_modes=0 mu=4.837e-02
  NEWTON gauss_ch:0.46875:32:i1o4 it= 6 r_F=1.945e-02 r_out=8.340e-07 lambda=1 |dx|max=1.80e-03 lin=gmres+P-A+CC(mult,2) rel=9.3e-03 lits=59 t_lin=0.4s |dx|2=1.01e-01 t_fact=0.64s eta=1.00e-01 mu=4.837e-02 retries=0
    COARSE build mode=mult profiles=2 K=4096 t_assembly=0.026s t_lu=0.587s t_cond=0.033s norm1=1.410e+06 inv_norm1_est=5.099e-02 rcond_est=1.391e-05 min|U_kk|=6.308e+02 max|U_kk|=1.648e+05 zero_pivots=0 mu=2.640e-02 assembly=colored factor=banded applications=256 color_period=8 kl=639 ku=639
    COARSE apply applications=100 t_apply_avg=5.999ms t_host_solve_avg=5.089ms
    LINEAR gmres+P-A+CC(mult,2) its=99 rel=9.7e-03 t=0.71s cycles=1 reorth=98 rec=9.7e-03 status=converged t_fact=0.00s singular_modes=0 mu=2.640e-02
  NEWTON gauss_ch:0.46875:32:i1o4 it= 7 r_F=1.141e-02 r_out=4.074e-07 lambda=1 |dx|max=1.77e-03 lin=gmres+P-A+CC(mult,2) rel=9.7e-03 lits=99 t_lin=0.7s |dx|2=1.11e-01 t_fact=0.65s eta=1.00e-01 mu=2.640e-02 retries=0
    COARSE build mode=mult profiles=2 K=4096 t_assembly=0.026s t_lu=0.601s t_cond=0.033s norm1=1.412e+06 inv_norm1_est=4.941e-02 rcond_est=1.434e-05 min|U_kk|=4.887e+02 max|U_kk|=1.683e+05 zero_pivots=0 mu=1.549e-02 assembly=colored factor=banded applications=256 color_period=8 kl=639 ku=639
    COARSE apply applications=101 t_apply_avg=5.997ms t_host_solve_avg=5.084ms
    LINEAR gmres+P-A+CC(mult,2) its=100 rel=4.1e-02 t=0.72s cycles=1 reorth=98 rec=4.1e-02 status=converged t_fact=0.00s singular_modes=0 mu=1.549e-02
  NEWTON gauss_ch:0.46875:32:i1o4 it= 8 r_F=7.867e-03 r_out=2.177e-06 lambda=1 |dx|max=1.65e-03 lin=gmres+P-A+CC(mult,2) rel=4.1e-02 lits=100 t_lin=0.7s |dx|2=1.33e-01 t_fact=0.66s eta=1.00e-01 mu=1.549e-02 retries=0
    COARSE build mode=mult profiles=2 K=4096 t_assembly=0.026s t_lu=0.611s t_cond=0.062s norm1=1.414e+06 inv_norm1_est=2.812e-01 rcond_est=2.515e-06 min|U_kk|=5.278e+02 max|U_kk|=1.520e+05 zero_pivots=0 mu=1.068e-02 assembly=colored factor=banded applications=256 color_period=8 kl=639 ku=639
    COARSE apply applications=202 t_apply_avg=5.998ms t_host_solve_avg=5.086ms
    LINEAR gmres+P-A+CC(mult,2) its=200 rel=8.7e-02 t=1.44s cycles=2 reorth=194 rec=8.7e-02 status=converged t_fact=0.00s singular_modes=0 mu=1.068e-02
  NEWTON gauss_ch:0.46875:32:i1o4 it= 9 r_F=6.117e-03 r_out=3.918e-06 lambda=1 |dx|max=1.68e-03 lin=gmres+P-A+CC(mult,2) rel=8.7e-02 lits=200 t_lin=1.4s |dx|2=1.49e-01 t_fact=0.70s eta=1.00e-01 mu=1.068e-02 retries=0
    COARSE build mode=mult profiles=2 K=4096 t_assembly=0.026s t_lu=0.616s t_cond=0.061s norm1=1.416e+06 inv_norm1_est=2.828e-01 rcond_est=2.496e-06 min|U_kk|=3.991e+02 max|U_kk|=1.518e+05 zero_pivots=0 mu=8.303e-03 assembly=colored factor=banded applications=256 color_period=8 kl=639 ku=639
    COARSE apply applications=303 t_apply_avg=5.995ms t_host_solve_avg=5.084ms
    LINEAR gmres+P-A+CC(mult,2) its=300 rel=7.2e-02 t=2.16s cycles=3 reorth=286 rec=7.2e-02 status=converged t_fact=0.00s singular_modes=0 mu=8.303e-03
  NEWTON gauss_ch:0.46875:32:i1o4 it=10 r_F=4.763e-03 r_out=2.320e-06 lambda=1 |dx|max=1.89e-03 lin=gmres+P-A+CC(mult,2) rel=7.2e-02 lits=300 t_lin=2.2s |dx|2=1.48e-01 t_fact=0.71s eta=1.00e-01 mu=8.303e-03 retries=0
    COARSE build mode=mult profiles=2 K=4096 t_assembly=0.026s t_lu=0.619s t_cond=0.047s norm1=1.418e+06 inv_norm1_est=6.022e-01 rcond_est=1.171e-06 min|U_kk|=4.712e+02 max|U_kk|=1.516e+05 zero_pivots=0 mu=6.465e-03 assembly=colored factor=banded applications=256 color_period=8 kl=639 ku=639
    COARSE apply applications=505 t_apply_avg=5.996ms t_host_solve_avg=5.087ms
    LINEAR gmres+P-A+CC(mult,2) its=500 rel=9.1e-02 t=3.61s cycles=5 reorth=489 rec=9.1e-02 status=converged t_fact=0.00s singular_modes=0 mu=6.465e-03
  NEWTON gauss_ch:0.46875:32:i1o4 it=11 r_F=3.531e-03 r_out=2.732e-06 lambda=1 |dx|max=1.86e-03 lin=gmres+P-A+CC(mult,2) rel=9.1e-02 lits=500 t_lin=3.6s |dx|2=1.39e-01 t_fact=0.69s eta=1.00e-01 mu=6.465e-03 retries=0
    COARSE build mode=mult profiles=2 K=4096 t_assembly=0.026s t_lu=0.625s t_cond=0.047s norm1=1.420e+06 inv_norm1_est=1.262e+00 rcond_est=5.582e-07 min|U_kk|=4.801e+02 max|U_kk|=1.515e+05 zero_pivots=0 mu=4.793e-03 assembly=colored factor=banded applications=256 color_period=8 kl=639 ku=639
    COARSE apply applications=808 t_apply_avg=6.020ms t_host_solve_avg=5.112ms
    LINEAR gmres+P-A+CC(mult,2) its=800 rel=7.3e-02 t=5.80s cycles=8 reorth=786 rec=7.3e-02 status=converged t_fact=0.00s singular_modes=0 mu=4.793e-03
  NEWTON gauss_ch:0.46875:32:i1o4 it=12 r_F=2.394e-03 r_out=1.286e-06 lambda=1 |dx|max=1.76e-03 lin=gmres+P-A+CC(mult,2) rel=7.3e-02 lits=800 t_lin=5.8s |dx|2=1.27e-01 t_fact=0.70s eta=1.00e-01 mu=4.793e-03 retries=0
    COARSE build mode=mult profiles=2 K=4096 t_assembly=0.026s t_lu=0.630s t_cond=0.047s norm1=1.420e+06 inv_norm1_est=4.015e-01 rcond_est=1.754e-06 min|U_kk|=4.640e+02 max|U_kk|=2.324e+05 zero_pivots=0 mu=3.250e-03 assembly=colored factor=banded applications=256 color_period=8 kl=639 ku=639
    COARSE apply applications=1010 t_apply_avg=5.997ms t_host_solve_avg=5.088ms
    LINEAR gmres+P-A+CC(mult,2) its=1000 rel=9.2e-02 t=7.22s cycles=10 reorth=973 rec=9.2e-02 status=converged t_fact=0.00s singular_modes=0 mu=3.250e-03
  NEWTON gauss_ch:0.46875:32:i1o4 it=13 r_F=1.413e-03 r_out=1.391e-06 lambda=1 |dx|max=1.54e-03 lin=gmres+P-A+CC(mult,2) rel=9.2e-02 lits=1000 t_lin=7.2s |dx|2=1.08e-01 t_fact=0.71s eta=1.00e-01 mu=3.250e-03 retries=0
    COARSE build mode=mult profiles=2 K=4096 t_assembly=0.026s t_lu=0.639s t_cond=0.047s norm1=1.421e+06 inv_norm1_est=2.819e-01 rcond_est=2.497e-06 min|U_kk|=4.067e+02 max|U_kk|=2.080e+05 zero_pivots=0 mu=1.918e-03 assembly=colored factor=banded applications=256 color_period=8 kl=639 ku=639
    COARSE apply applications=404 t_apply_avg=6.002ms t_host_solve_avg=5.092ms
    LINEAR gmres+P-A+CC(mult,2) its=400 rel=5.5e-01 t=2.89s cycles=4 reorth=391 rec=5.5e-01 status=stagnation t_fact=0.00s singular_modes=0 mu=1.918e-03
  NEWTON gauss_ch:0.46875:32:i1o4 it=14 linear_failure: GMRES status=stagnation rel=5.5e-01 lits=400 prec singular modes=0 (step not taken) eta=1.00e-01 mu=1.918e-03
  STAGE_END field=gauss_ch eps=0.46875 N=32 cand=i1o4 status=linear_failure its=14 r_F=1.413e-03 r_out=1.391e-06 -> FAILED
  CONTINUATION bisection 4/4: retry from eps=0.4375 at eps=0.453125
STAGE field=gauss_ch eps=0.453125 N=32 cand=i1o4 (from eps=0.4375, warm start)
  NEWTON gauss_ch:0.453125:32:i1o4 it= 0 r_F=3.683e-01 r_out=3.746e-12
    COARSE build mode=mult profiles=2 K=4096 t_assembly=0.026s t_lu=0.521s t_cond=0.033s norm1=1.411e+06 inv_norm1_est=3.064e-03 rcond_est=2.314e-04 min|U_kk|=2.892e+03 max|U_kk|=2.055e+05 zero_pivots=0 mu=1.000e+00 assembly=colored factor=banded applications=256 color_period=8 kl=639 ku=639
    COARSE apply applications=3 t_apply_avg=5.998ms t_host_solve_avg=5.076ms
    LINEAR gmres+P-A+CC(mult,2) its=2 rel=4.5e-03 t=0.02s cycles=1 reorth=2 rec=4.5e-03 status=converged t_fact=0.00s singular_modes=0 mu=1.000e+00
  NEWTON gauss_ch:0.453125:32:i1o4 it= 1 r_F=1.918e-01 r_out=6.806e-06 lambda=1 |dx|max=2.77e-03 lin=gmres+P-A+CC(mult,2) rel=4.5e-03 lits=2 t_lin=0.0s |dx|2=4.84e-02 t_fact=0.58s eta=1.00e-01 mu=1.000e+00 retries=0
    COARSE build mode=mult profiles=2 K=4096 t_assembly=0.026s t_lu=0.520s t_cond=0.033s norm1=1.383e+06 inv_norm1_est=6.301e-03 rcond_est=1.148e-04 min|U_kk|=2.097e+03 max|U_kk|=1.778e+05 zero_pivots=0 mu=5.207e-01 assembly=colored factor=banded applications=256 color_period=8 kl=639 ku=639
    COARSE apply applications=4 t_apply_avg=6.015ms t_host_solve_avg=5.094ms
    LINEAR gmres+P-A+CC(mult,2) its=3 rel=8.3e-03 t=0.02s cycles=1 reorth=3 rec=8.3e-03 status=converged t_fact=0.00s singular_modes=0 mu=5.207e-01
  NEWTON gauss_ch:0.453125:32:i1o4 it= 2 r_F=1.037e-01 r_out=6.765e-06 lambda=1 |dx|max=1.79e-03 lin=gmres+P-A+CC(mult,2) rel=8.3e-03 lits=3 t_lin=0.0s |dx|2=5.15e-02 t_fact=0.58s eta=1.00e-01 mu=5.207e-01 retries=0
    COARSE build mode=mult profiles=2 K=4096 t_assembly=0.026s t_lu=0.526s t_cond=0.033s norm1=1.371e+06 inv_norm1_est=1.162e-02 rcond_est=6.277e-05 min|U_kk|=1.536e+03 max|U_kk|=1.640e+05 zero_pivots=0 mu=2.816e-01 assembly=colored factor=banded applications=256 color_period=8 kl=639 ku=639
    COARSE apply applications=6 t_apply_avg=5.983ms t_host_solve_avg=5.064ms
    LINEAR gmres+P-A+CC(mult,2) its=5 rel=8.1e-03 t=0.04s cycles=1 reorth=5 rec=8.1e-03 status=converged t_fact=0.00s singular_modes=0 mu=2.816e-01
  NEWTON gauss_ch:0.453125:32:i1o4 it= 3 r_F=5.897e-02 r_out=5.542e-06 lambda=1 |dx|max=1.38e-03 lin=gmres+P-A+CC(mult,2) rel=8.1e-03 lits=5 t_lin=0.0s |dx|2=5.43e-02 t_fact=0.59s eta=1.00e-01 mu=2.816e-01 retries=0
    COARSE build mode=mult profiles=2 K=4096 t_assembly=0.026s t_lu=0.544s t_cond=0.033s norm1=1.369e+06 inv_norm1_est=1.722e-02 rcond_est=4.244e-05 min|U_kk|=1.195e+03 max|U_kk|=1.570e+05 zero_pivots=0 mu=1.601e-01 assembly=colored factor=banded applications=256 color_period=8 kl=639 ku=639
    COARSE apply applications=9 t_apply_avg=5.989ms t_host_solve_avg=5.068ms
    LINEAR gmres+P-A+CC(mult,2) its=8 rel=8.5e-03 t=0.06s cycles=1 reorth=8 rec=8.5e-03 status=converged t_fact=0.00s singular_modes=0 mu=1.601e-01
  NEWTON gauss_ch:0.453125:32:i1o4 it= 4 r_F=3.299e-02 r_out=2.647e-06 lambda=1 |dx|max=1.15e-03 lin=gmres+P-A+CC(mult,2) rel=8.5e-03 lits=8 t_lin=0.1s |dx|2=5.25e-02 t_fact=0.61s eta=1.00e-01 mu=1.601e-01 retries=0
    COARSE build mode=mult profiles=2 K=4096 t_assembly=0.026s t_lu=0.559s t_cond=0.033s norm1=1.369e+06 inv_norm1_est=2.634e-02 rcond_est=2.773e-05 min|U_kk|=9.610e+02 max|U_kk|=1.530e+05 zero_pivots=0 mu=8.957e-02 assembly=colored factor=banded applications=256 color_period=8 kl=639 ku=639
    COARSE apply applications=27 t_apply_avg=5.987ms t_host_solve_avg=5.073ms
    LINEAR gmres+P-A+CC(mult,2) its=26 rel=8.6e-03 t=0.17s cycles=1 reorth=26 rec=8.6e-03 status=converged t_fact=0.00s singular_modes=0 mu=8.957e-02
  NEWTON gauss_ch:0.453125:32:i1o4 it= 5 r_F=1.789e-02 r_out=6.617e-07 lambda=1 |dx|max=1.01e-03 lin=gmres+P-A+CC(mult,2) rel=8.6e-03 lits=26 t_lin=0.2s |dx|2=4.99e-02 t_fact=0.62s eta=1.00e-01 mu=8.957e-02 retries=0
    COARSE build mode=mult profiles=2 K=4096 t_assembly=0.026s t_lu=0.577s t_cond=0.033s norm1=1.369e+06 inv_norm1_est=3.767e-02 rcond_est=1.938e-05 min|U_kk|=7.572e+02 max|U_kk|=1.506e+05 zero_pivots=0 mu=4.857e-02 assembly=colored factor=banded applications=256 color_period=8 kl=639 ku=639
    COARSE apply applications=53 t_apply_avg=5.997ms t_host_solve_avg=5.082ms
    LINEAR gmres+P-A+CC(mult,2) its=52 rel=9.6e-03 t=0.35s cycles=1 reorth=52 rec=9.6e-03 status=converged t_fact=0.00s singular_modes=0 mu=4.857e-02
  NEWTON gauss_ch:0.453125:32:i1o4 it= 6 r_F=9.749e-03 r_out=4.427e-07 lambda=1 |dx|max=8.98e-04 lin=gmres+P-A+CC(mult,2) rel=9.6e-03 lits=52 t_lin=0.4s |dx|2=5.02e-02 t_fact=0.64s eta=1.00e-01 mu=4.857e-02 retries=0
    COARSE build mode=mult profiles=2 K=4096 t_assembly=0.026s t_lu=0.585s t_cond=0.033s norm1=1.370e+06 inv_norm1_est=4.976e-02 rcond_est=1.467e-05 min|U_kk|=5.663e+02 max|U_kk|=1.666e+05 zero_pivots=0 mu=2.647e-02 assembly=colored factor=banded applications=256 color_period=8 kl=639 ku=639
    COARSE apply applications=91 t_apply_avg=5.995ms t_host_solve_avg=5.083ms
    LINEAR gmres+P-A+CC(mult,2) its=90 rel=1.0e-02 t=0.64s cycles=1 reorth=89 rec=1.0e-02 status=converged t_fact=0.00s singular_modes=0 mu=2.647e-02
  NEWTON gauss_ch:0.453125:32:i1o4 it= 7 r_F=5.712e-03 r_out=2.008e-07 lambda=1 |dx|max=8.78e-04 lin=gmres+P-A+CC(mult,2) rel=1.0e-02 lits=90 t_lin=0.6s |dx|2=5.54e-02 t_fact=0.65s eta=1.00e-01 mu=2.647e-02 retries=0
    COARSE build mode=mult profiles=2 K=4096 t_assembly=0.026s t_lu=0.602s t_cond=0.033s norm1=1.371e+06 inv_norm1_est=4.497e-02 rcond_est=1.622e-05 min|U_kk|=5.458e+02 max|U_kk|=1.487e+05 zero_pivots=0 mu=1.551e-02 assembly=colored factor=banded applications=256 color_period=8 kl=639 ku=639
    COARSE apply applications=101 t_apply_avg=5.947ms t_host_solve_avg=5.083ms
    LINEAR gmres+P-A+CC(mult,2) its=100 rel=2.7e-02 t=0.71s cycles=1 reorth=98 rec=2.7e-02 status=converged t_fact=0.00s singular_modes=0 mu=1.551e-02
  NEWTON gauss_ch:0.453125:32:i1o4 it= 8 r_F=3.930e-03 r_out=6.822e-07 lambda=1 |dx|max=8.14e-04 lin=gmres+P-A+CC(mult,2) rel=2.7e-02 lits=100 t_lin=0.7s |dx|2=6.65e-02 t_fact=0.66s eta=1.00e-01 mu=1.551e-02 retries=0
    COARSE build mode=mult profiles=2 K=4096 t_assembly=0.025s t_lu=0.603s t_cond=0.033s norm1=1.372e+06 inv_norm1_est=1.249e+00 rcond_est=5.835e-07 min|U_kk|=4.803e+02 max|U_kk|=1.484e+05 zero_pivots=0 mu=1.067e-02 assembly=colored factor=banded applications=256 color_period=8 kl=639 ku=639
    COARSE apply applications=101 t_apply_avg=5.951ms t_host_solve_avg=5.087ms
    LINEAR gmres+P-A+CC(mult,2) its=100 rel=8.3e-02 t=0.71s cycles=1 reorth=98 rec=8.3e-02 status=converged t_fact=0.00s singular_modes=0 mu=1.067e-02
  NEWTON gauss_ch:0.453125:32:i1o4 it= 9 r_F=3.052e-03 r_out=1.841e-06 lambda=1 |dx|max=8.35e-04 lin=gmres+P-A+CC(mult,2) rel=8.3e-02 lits=100 t_lin=0.7s |dx|2=7.44e-02 t_fact=0.66s eta=1.00e-01 mu=1.067e-02 retries=0
    COARSE build mode=mult profiles=2 K=4096 t_assembly=0.025s t_lu=0.613s t_cond=0.061s norm1=1.373e+06 inv_norm1_est=2.534e-01 rcond_est=2.874e-06 min|U_kk|=5.215e+02 max|U_kk|=1.482e+05 zero_pivots=0 mu=8.287e-03 assembly=colored factor=banded applications=256 color_period=8 kl=639 ku=639
    COARSE apply applications=202 t_apply_avg=5.977ms t_host_solve_avg=5.086ms
    LINEAR gmres+P-A+CC(mult,2) its=200 rel=6.6e-02 t=1.43s cycles=2 reorth=192 rec=6.6e-02 status=converged t_fact=0.00s singular_modes=0 mu=8.287e-03
  NEWTON gauss_ch:0.453125:32:i1o4 it=10 r_F=2.361e-03 r_out=1.315e-06 lambda=1 |dx|max=9.44e-04 lin=gmres+P-A+CC(mult,2) rel=6.6e-02 lits=200 t_lin=1.4s |dx|2=7.44e-02 t_fact=0.70s eta=1.00e-01 mu=8.287e-03 retries=0
    COARSE build mode=mult profiles=2 K=4096 t_assembly=0.027s t_lu=0.616s t_cond=0.061s norm1=1.374e+06 inv_norm1_est=2.907e-01 rcond_est=2.503e-06 min|U_kk|=4.465e+02 max|U_kk|=2.273e+05 zero_pivots=0 mu=6.411e-03 assembly=colored factor=banded applications=256 color_period=8 kl=639 ku=639
    COARSE apply applications=303 t_apply_avg=5.994ms t_host_solve_avg=5.085ms
    LINEAR gmres+P-A+CC(mult,2) its=300 rel=6.2e-02 t=2.17s cycles=3 reorth=286 rec=6.2e-02 status=converged t_fact=0.00s singular_modes=0 mu=6.411e-03
  NEWTON gauss_ch:0.453125:32:i1o4 it=11 r_F=1.731e-03 r_out=8.263e-07 lambda=1 |dx|max=9.34e-04 lin=gmres+P-A+CC(mult,2) rel=6.2e-02 lits=300 t_lin=2.2s |dx|2=6.99e-02 t_fact=0.71s eta=1.00e-01 mu=6.411e-03 retries=0
    COARSE build mode=mult profiles=2 K=4096 t_assembly=0.026s t_lu=0.626s t_cond=0.047s norm1=1.375e+06 inv_norm1_est=6.827e-01 rcond_est=1.066e-06 min|U_kk|=4.243e+02 max|U_kk|=1.480e+05 zero_pivots=0 mu=4.700e-03 assembly=colored factor=banded applications=256 color_period=8 kl=639 ku=639
    COARSE apply applications=303 t_apply_avg=5.997ms t_host_solve_avg=5.087ms
    LINEAR gmres+P-A+CC(mult,2) its=300 rel=7.3e-02 t=2.17s cycles=3 reorth=293 rec=7.3e-02 status=converged t_fact=0.00s singular_modes=0 mu=4.700e-03
  NEWTON gauss_ch:0.453125:32:i1o4 it=12 r_F=1.162e-03 r_out=7.664e-07 lambda=1 |dx|max=8.75e-04 lin=gmres+P-A+CC(mult,2) rel=7.3e-02 lits=300 t_lin=2.2s |dx|2=6.34e-02 t_fact=0.70s eta=1.00e-01 mu=4.700e-03 retries=0
    COARSE build mode=mult profiles=2 K=4096 t_assembly=0.026s t_lu=0.628s t_cond=0.047s norm1=1.375e+06 inv_norm1_est=1.114e+00 rcond_est=6.525e-07 min|U_kk|=4.316e+02 max|U_kk|=1.593e+05 zero_pivots=0 mu=3.154e-03 assembly=colored factor=banded applications=256 color_period=8 kl=639 ku=639
    COARSE apply applications=505 t_apply_avg=6.018ms t_host_solve_avg=5.108ms
    LINEAR gmres+P-A+CC(mult,2) its=500 rel=9.6e-02 t=3.62s cycles=5 reorth=491 rec=9.6e-02 status=converged t_fact=0.00s singular_modes=0 mu=3.154e-03
  NEWTON gauss_ch:0.453125:32:i1o4 it=13 r_F=6.763e-04 r_out=7.477e-07 lambda=1 |dx|max=7.67e-04 lin=gmres+P-A+CC(mult,2) rel=9.6e-02 lits=500 t_lin=3.6s |dx|2=5.41e-02 t_fact=0.70s eta=1.00e-01 mu=3.154e-03 retries=0
    COARSE build mode=mult profiles=2 K=4096 t_assembly=0.027s t_lu=0.637s t_cond=0.047s norm1=1.376e+06 inv_norm1_est=4.397e-01 rcond_est=1.653e-06 min|U_kk|=4.482e+02 max|U_kk|=1.478e+05 zero_pivots=0 mu=1.836e-03 assembly=colored factor=banded applications=256 color_period=8 kl=639 ku=639
    COARSE apply applications=1111 t_apply_avg=5.998ms t_host_solve_avg=5.088ms
    LINEAR gmres+P-A+CC(mult,2) its=1100 rel=9.8e-02 t=7.94s cycles=11 reorth=1069 rec=9.8e-02 status=converged t_fact=0.00s singular_modes=0 mu=1.836e-03
  NEWTON gauss_ch:0.453125:32:i1o4 it=14 r_F=3.053e-04 r_out=4.467e-07 lambda=1 |dx|max=6.05e-04 lin=gmres+P-A+CC(mult,2) rel=9.8e-02 lits=1100 t_lin=7.9s |dx|2=4.10e-02 t_fact=0.71s eta=1.00e-01 mu=1.836e-03 retries=0
    COARSE build mode=mult profiles=2 K=4096 t_assembly=0.026s t_lu=0.638s t_cond=0.047s norm1=1.376e+06 inv_norm1_est=4.279e-01 rcond_est=1.699e-06 min|U_kk|=4.322e+02 max|U_kk|=1.484e+05 zero_pivots=0 mu=8.290e-04 assembly=colored factor=banded applications=256 color_period=8 kl=639 ku=639
    COARSE apply applications=606 t_apply_avg=6.035ms t_host_solve_avg=5.127ms
    LINEAR gmres+P-A+CC(mult,2) its=600 rel=4.8e-01 t=4.35s cycles=6 reorth=583 rec=4.8e-01 status=stagnation t_fact=0.00s singular_modes=0 mu=8.290e-04
  NEWTON gauss_ch:0.453125:32:i1o4 it=15 linear_failure: GMRES status=stagnation rel=4.8e-01 lits=600 prec singular modes=0 (step not taken) eta=1.00e-01 mu=8.290e-04
  STAGE_END field=gauss_ch eps=0.453125 N=32 cand=i1o4 status=linear_failure its=15 r_F=3.053e-04 r_out=4.467e-07 -> FAILED
  CONTINUATION gave up after 4 bisections at the failed stage eps=0.453125
STAGE field=gauss_ch eps=0.5 N=32 cand=i1o4 (final attempt from eps=0.4375)
  NEWTON gauss_ch:0.5:32:i1o4 it= 0 r_F=1.473e+00 r_out=3.689e-12
    COARSE build mode=mult profiles=2 K=4096 t_assembly=0.026s t_lu=0.520s t_cond=0.033s norm1=1.458e+06 inv_norm1_est=3.314e-03 rcond_est=2.070e-04 min|U_kk|=2.648e+03 max|U_kk|=2.203e+05 zero_pivots=0 mu=1.000e+00 assembly=colored factor=banded applications=256 color_period=8 kl=639 ku=639
    COARSE apply applications=3 t_apply_avg=6.032ms t_host_solve_avg=5.098ms
    LINEAR gmres+P-A+CC(mult,2) its=2 rel=5.1e-03 t=0.02s cycles=1 reorth=2 rec=5.1e-03 status=converged t_fact=0.00s singular_modes=0 mu=1.000e+00
  NEWTON gauss_ch:0.5:32:i1o4 it= 1 r_F=7.686e-01 r_out=3.083e-05 lambda=1 |dx|max=1.10e-02 lin=gmres+P-A+CC(mult,2) rel=5.1e-03 lits=2 t_lin=0.0s |dx|2=1.94e-01 t_fact=0.58s eta=1.00e-01 mu=1.000e+00 retries=0
    COARSE build mode=mult profiles=2 K=4096 t_assembly=0.026s t_lu=0.521s t_cond=0.033s norm1=1.439e+06 inv_norm1_est=6.773e-03 rcond_est=1.026e-04 min|U_kk|=1.968e+03 max|U_kk|=1.908e+05 zero_pivots=0 mu=5.216e-01 assembly=colored factor=banded applications=256 color_period=8 kl=639 ku=639
    COARSE apply applications=4 t_apply_avg=5.989ms t_host_solve_avg=5.070ms
    LINEAR gmres+P-A+CC(mult,2) its=3 rel=9.2e-03 t=0.02s cycles=1 reorth=3 rec=9.2e-03 status=converged t_fact=0.00s singular_modes=0 mu=5.216e-01
  NEWTON gauss_ch:0.5:32:i1o4 it= 2 r_F=4.140e-01 r_out=2.764e-05 lambda=1 |dx|max=7.04e-03 lin=gmres+P-A+CC(mult,2) rel=9.2e-03 lits=3 t_lin=0.0s |dx|2=2.05e-01 t_fact=0.58s eta=1.00e-01 mu=5.216e-01 retries=0
    COARSE build mode=mult profiles=2 K=4096 t_assembly=0.026s t_lu=0.531s t_cond=0.033s norm1=1.442e+06 inv_norm1_est=1.252e-02 rcond_est=5.539e-05 min|U_kk|=1.441e+03 max|U_kk|=1.760e+05 zero_pivots=0 mu=2.810e-01 assembly=colored factor=banded applications=256 color_period=8 kl=639 ku=639
    COARSE apply applications=6 t_apply_avg=5.993ms t_host_solve_avg=5.069ms
    LINEAR gmres+P-A+CC(mult,2) its=5 rel=9.0e-03 t=0.04s cycles=1 reorth=5 rec=9.0e-03 status=converged t_fact=0.00s singular_modes=0 mu=2.810e-01
  NEWTON gauss_ch:0.5:32:i1o4 it= 3 r_F=2.339e-01 r_out=2.856e-05 lambda=1 |dx|max=5.45e-03 lin=gmres+P-A+CC(mult,2) rel=9.0e-03 lits=5 t_lin=0.0s |dx|2=2.17e-01 t_fact=0.59s eta=1.00e-01 mu=2.810e-01 retries=0
    COARSE build mode=mult profiles=2 K=4096 t_assembly=0.026s t_lu=0.550s t_cond=0.033s norm1=1.457e+06 inv_norm1_est=1.853e-02 rcond_est=3.705e-05 min|U_kk|=1.120e+03 max|U_kk|=1.686e+05 zero_pivots=0 mu=1.587e-01 assembly=colored factor=banded applications=256 color_period=8 kl=639 ku=639
    COARSE apply applications=9 t_apply_avg=5.975ms t_host_solve_avg=5.068ms
    LINEAR gmres+P-A+CC(mult,2) its=8 rel=9.9e-03 t=0.06s cycles=1 reorth=8 rec=9.9e-03 status=converged t_fact=0.00s singular_modes=0 mu=1.587e-01
  NEWTON gauss_ch:0.5:32:i1o4 it= 4 r_F=1.304e-01 r_out=1.407e-05 lambda=1 |dx|max=4.50e-03 lin=gmres+P-A+CC(mult,2) rel=9.9e-03 lits=8 t_lin=0.1s |dx|2=2.10e-01 t_fact=0.61s eta=1.00e-01 mu=1.587e-01 retries=0
    COARSE build mode=mult profiles=2 K=4096 t_assembly=0.026s t_lu=0.561s t_cond=0.033s norm1=1.473e+06 inv_norm1_est=2.846e-02 rcond_est=2.386e-05 min|U_kk|=9.009e+02 max|U_kk|=1.643e+05 zero_pivots=0 mu=8.847e-02 assembly=colored factor=banded applications=256 color_period=8 kl=639 ku=639
    COARSE apply applications=31 t_apply_avg=5.991ms t_host_solve_avg=5.073ms
    LINEAR gmres+P-A+CC(mult,2) its=30 rel=9.6e-03 t=0.20s cycles=1 reorth=30 rec=9.6e-03 status=converged t_fact=0.00s singular_modes=0 mu=8.847e-02
  NEWTON gauss_ch:0.5:32:i1o4 it= 5 r_F=7.074e-02 r_out=3.522e-06 lambda=1 |dx|max=4.00e-03 lin=gmres+P-A+CC(mult,2) rel=9.6e-03 lits=30 t_lin=0.2s |dx|2=2.00e-01 t_fact=0.62s eta=1.00e-01 mu=8.847e-02 retries=0
    COARSE build mode=mult profiles=2 K=4096 t_assembly=0.026s t_lu=0.579s t_cond=0.033s norm1=1.485e+06 inv_norm1_est=4.066e-02 rcond_est=1.656e-05 min|U_kk|=6.147e+02 max|U_kk|=1.969e+05 zero_pivots=0 mu=4.801e-02 assembly=colored factor=banded applications=256 color_period=8 kl=639 ku=639
    COARSE apply applications=74 t_apply_avg=5.993ms t_host_solve_avg=5.079ms
    LINEAR gmres+P-A+CC(mult,2) its=73 rel=9.6e-03 t=0.51s cycles=1 reorth=72 rec=9.6e-03 status=converged t_fact=0.00s singular_modes=0 mu=4.801e-02
  NEWTON gauss_ch:0.5:32:i1o4 it= 6 r_F=3.873e-02 r_out=2.021e-06 lambda=1 |dx|max=3.63e-03 lin=gmres+P-A+CC(mult,2) rel=9.6e-03 lits=73 t_lin=0.5s |dx|2=2.02e-01 t_fact=0.64s eta=1.00e-01 mu=4.801e-02 retries=0
    COARSE build mode=mult profiles=2 K=4096 t_assembly=0.026s t_lu=0.592s t_cond=0.033s norm1=1.493e+06 inv_norm1_est=4.188e-02 rcond_est=1.599e-05 min|U_kk|=5.715e+02 max|U_kk|=1.605e+05 zero_pivots=0 mu=2.629e-02 assembly=colored factor=banded applications=256 color_period=8 kl=639 ku=639
    COARSE apply applications=101 t_apply_avg=5.994ms t_host_solve_avg=5.082ms
    LINEAR gmres+P-A+CC(mult,2) its=100 rel=2.3e-02 t=0.72s cycles=1 reorth=98 rec=2.3e-02 status=converged t_fact=0.00s singular_modes=0 mu=2.629e-02
  NEWTON gauss_ch:0.5:32:i1o4 it= 7 r_F=2.277e-02 r_out=2.650e-06 lambda=1 |dx|max=3.60e-03 lin=gmres+P-A+CC(mult,2) rel=2.3e-02 lits=100 t_lin=0.7s |dx|2=2.23e-01 t_fact=0.65s eta=1.00e-01 mu=2.629e-02 retries=0
    COARSE build mode=mult profiles=2 K=4096 t_assembly=0.026s t_lu=0.606s t_cond=0.061s norm1=1.498e+06 inv_norm1_est=3.556e-01 rcond_est=1.877e-06 min|U_kk|=5.429e+02 max|U_kk|=1.598e+05 zero_pivots=0 mu=1.546e-02 assembly=colored factor=banded applications=256 color_period=8 kl=639 ku=639
    COARSE apply applications=202 t_apply_avg=5.996ms t_host_solve_avg=5.084ms
    LINEAR gmres+P-A+CC(mult,2) its=200 rel=6.6e-02 t=1.44s cycles=2 reorth=193 rec=6.6e-02 status=converged t_fact=0.00s singular_modes=0 mu=1.546e-02
  NEWTON gauss_ch:0.5:32:i1o4 it= 8 r_F=1.572e-02 r_out=6.059e-06 lambda=1 |dx|max=3.30e-03 lin=gmres+P-A+CC(mult,2) rel=6.6e-02 lits=200 t_lin=1.4s |dx|2=2.66e-01 t_fact=0.70s eta=1.00e-01 mu=1.546e-02 retries=0
    COARSE build mode=mult profiles=2 K=4096 t_assembly=0.026s t_lu=0.617s t_cond=0.033s norm1=1.504e+06 inv_norm1_est=5.922e-02 rcond_est=1.123e-05 min|U_kk|=5.169e+02 max|U_kk|=1.594e+05 zero_pivots=0 mu=1.067e-02 assembly=colored factor=banded applications=256 color_period=8 kl=639 ku=639
    COARSE apply applications=505 t_apply_avg=6.000ms t_host_solve_avg=5.091ms
    LINEAR gmres+P-A+CC(mult,2) its=500 rel=9.0e-02 t=3.61s cycles=5 reorth=480 rec=9.0e-02 status=converged t_fact=0.00s singular_modes=0 mu=1.067e-02
  NEWTON gauss_ch:0.5:32:i1o4 it= 9 r_F=1.226e-02 r_out=8.002e-06 lambda=1 |dx|max=3.39e-03 lin=gmres+P-A+CC(mult,2) rel=9.0e-02 lits=500 t_lin=3.6s |dx|2=2.98e-01 t_fact=0.68s eta=1.00e-01 mu=1.067e-02 retries=0
    COARSE build mode=mult profiles=2 K=4096 t_assembly=0.026s t_lu=0.619s t_cond=0.033s norm1=1.508e+06 inv_norm1_est=1.558e+01 rcond_est=4.256e-08 min|U_kk|=3.578e+02 max|U_kk|=1.592e+05 zero_pivots=0 mu=8.319e-03 assembly=colored factor=banded applications=256 color_period=8 kl=639 ku=639
    COARSE apply applications=707 t_apply_avg=5.977ms t_host_solve_avg=5.088ms
    LINEAR gmres+P-A+CC(mult,2) its=700 rel=9.7e-02 t=5.02s cycles=7 reorth=693 rec=9.7e-02 status=converged t_fact=0.00s singular_modes=0 mu=8.319e-03
  NEWTON gauss_ch:0.5:32:i1o4 it=10 r_F=9.655e-03 r_out=7.567e-06 lambda=1 |dx|max=3.79e-03 lin=gmres+P-A+CC(mult,2) rel=9.7e-02 lits=700 t_lin=5.0s |dx|2=2.96e-01 t_fact=0.68s eta=1.00e-01 mu=8.319e-03 retries=0
    COARSE build mode=mult profiles=2 K=4096 t_assembly=0.026s t_lu=0.627s t_cond=0.047s norm1=1.511e+06 inv_norm1_est=3.992e-01 rcond_est=1.658e-06 min|U_kk|=4.635e+02 max|U_kk|=1.590e+05 zero_pivots=0 mu=6.553e-03 assembly=colored factor=banded applications=256 color_period=8 kl=639 ku=639
    COARSE apply applications=404 t_apply_avg=5.982ms t_host_solve_avg=5.091ms
    LINEAR gmres+P-A+CC(mult,2) its=400 rel=2.8e-01 t=2.87s cycles=4 reorth=388 rec=2.8e-01 status=stagnation t_fact=0.00s singular_modes=0 mu=6.553e-03
  NEWTON gauss_ch:0.5:32:i1o4 it=11 linear_failure: GMRES status=stagnation rel=2.8e-01 lits=400 prec singular modes=0 (step not taken) eta=1.00e-01 mu=6.553e-03
  STAGE_END field=gauss_ch eps=0.5 N=32 cand=i1o4 status=linear_failure its=11 r_F=9.655e-03 r_out=7.567e-06 (final attempt) -> FAILED
  CONTINUATION reporting the state of the final attempt at eps=0.5 (status=linear_failure)
PATH field=gauss_ch eps=0.5 N=32 cand=i1o4 continuation path: 0.25->0.5(fail)->0.375->0.5(fail)->0.4375->0.5(fail)->0.46875(fail)->0.453125(fail)->0.5(final)
GMRES_STATS field=gauss_ch eps=0.5 N=32 stage_eps=0.25 status=converged newton_its=18 steps=18 its_max=86 its_median=8.5 its_total=346 rel_max=9.7e-03 linear_failures=0 forcing=ew etas=1.00e-01,1.00e-01,1.00e-01,1.00e-01,1.00e-01,1.00e-01,1.00e-01,1.00e-01,1.00e-01,1.00e-01,1.00e-01,1.00e-01,1.00e-01,1.00e-01,1.00e-01,2.06e-02,6.25e-04,9.82e-06 psitc=on mus=1.00e+00,5.25e-01,2.89e-01,1.64e-01,8.97e-02,4.64e-02,2.40e-02,1.35e-02,8.92e-03,6.58e-03,4.82e-03,3.28e-03,1.98e-03,9.71e-04,3.25e-04,4.92e-05,1.30e-06,8.67e-10
GMRES_STATS field=gauss_ch eps=0.5 N=32 stage_eps=0.5 status=linear_failure newton_its=9 steps=9 its_max=400 its_median=9.0 its_total=865 rel_max=3.5e-01 linear_failures=1 forcing=ew etas=1.00e-01,1.00e-01,1.00e-01,1.00e-01,1.00e-01,1.00e-01,1.00e-01,1.00e-01,1.00e-01 psitc=on mus=1.00e+00,5.20e-01,2.82e-01,1.58e-01,8.63e-02,4.58e-02,2.47e-02,1.44e-02,9.82e-03
GMRES_STATS field=gauss_ch eps=0.5 N=32 stage_eps=0.375 status=converged newton_its=19 steps=19 its_max=400 its_median=47.0 its_total=1351 rel_max=1.9e-02 linear_failures=0 forcing=ew etas=1.00e-01,1.00e-01,1.00e-01,1.00e-01,1.00e-01,1.00e-01,1.00e-01,1.00e-01,1.00e-01,1.00e-01,1.00e-01,1.00e-01,1.00e-01,1.00e-01,1.00e-01,3.73e-02,2.41e-03,1.40e-05,8.16e-02 psitc=on mus=1.00e+00,5.22e-01,2.83e-01,1.60e-01,8.83e-02,4.66e-02,2.48e-02,1.42e-02,9.63e-03,7.30e-03,5.51e-03,3.90e-03,2.48e-03,1.32e-03,5.13e-04,1.04e-04,5.40e-06,2.13e-08,2.07e-13
GMRES_STATS field=gauss_ch eps=0.5 N=32 stage_eps=0.5 status=linear_failure newton_its=12 steps=12 its_max=1600 its_median=67.5 its_total=3668 rel_max=1.2e-01 linear_failures=1 forcing=ew etas=1.00e-01,1.00e-01,1.00e-01,1.00e-01,1.00e-01,1.00e-01,1.00e-01,1.00e-01,1.00e-01,1.00e-01,1.00e-01,1.00e-01 psitc=on mus=1.00e+00,5.22e-01,2.81e-01,1.58e-01,8.75e-02,4.71e-02,2.56e-02,1.50e-02,1.03e-02,8.09e-03,6.39e-03,4.83e-03
GMRES_STATS field=gauss_ch eps=0.5 N=32 stage_eps=0.4375 status=linear_failure newton_its=19 steps=19 its_max=6000 its_median=100.0 its_total=17386 rel_max=8.9e-02 linear_failures=1 forcing=ew etas=1.00e-01,1.00e-01,1.00e-01,1.00e-01,1.00e-01,1.00e-01,1.00e-01,1.00e-01,1.00e-01,1.00e-01,1.00e-01,1.00e-01,1.00e-01,1.00e-01,1.00e-01,7.17e-02,1.49e-02,6.10e-04,6.47e-05 psitc=on mus=1.00e+00,5.22e-01,2.82e-01,1.60e-01,8.87e-02,4.76e-02,2.57e-02,1.50e-02,1.03e-02,7.90e-03,6.08e-03,4.43e-03,2.95e-03,1.68e-03,7.47e-04,2.11e-04,2.71e-05,7.07e-07,5.24e-10
GMRES_STATS field=gauss_ch eps=0.5 N=32 stage_eps=0.5 status=linear_failure newton_its=11 steps=11 its_max=700 its_median=73.0 its_total=2021 rel_max=2.8e-01 linear_failures=1 forcing=ew etas=1.00e-01,1.00e-01,1.00e-01,1.00e-01,1.00e-01,1.00e-01,1.00e-01,1.00e-01,1.00e-01,1.00e-01,1.00e-01 psitc=on mus=1.00e+00,5.22e-01,2.81e-01,1.59e-01,8.85e-02,4.80e-02,2.63e-02,1.55e-02,1.07e-02,8.32e-03,6.55e-03
GMRES_STATS field=gauss_ch eps=0.5 N=32 stage_eps=0.46875 status=linear_failure newton_its=14 steps=14 its_max=1000 its_median=99.5 its_total=3503 rel_max=5.5e-01 linear_failures=1 forcing=ew etas=1.00e-01,1.00e-01,1.00e-01,1.00e-01,1.00e-01,1.00e-01,1.00e-01,1.00e-01,1.00e-01,1.00e-01,1.00e-01,1.00e-01,1.00e-01,1.00e-01 psitc=on mus=1.00e+00,5.21e-01,2.81e-01,1.60e-01,8.92e-02,4.84e-02,2.64e-02,1.55e-02,1.07e-02,8.30e-03,6.47e-03,4.79e-03,3.25e-03,1.92e-03
GMRES_STATS field=gauss_ch eps=0.5 N=32 stage_eps=0.453125 status=linear_failure newton_its=15 steps=15 its_max=1100 its_median=100.0 its_total=3386 rel_max=4.8e-01 linear_failures=1 forcing=ew etas=1.00e-01,1.00e-01,1.00e-01,1.00e-01,1.00e-01,1.00e-01,1.00e-01,1.00e-01,1.00e-01,1.00e-01,1.00e-01,1.00e-01,1.00e-01,1.00e-01,1.00e-01 psitc=on mus=1.00e+00,5.21e-01,2.82e-01,1.60e-01,8.96e-02,4.86e-02,2.65e-02,1.55e-02,1.07e-02,8.29e-03,6.41e-03,4.70e-03,3.15e-03,1.84e-03,8.29e-04
GMRES_STATS field=gauss_ch eps=0.5 N=32 stage_eps=0.5(final) status=linear_failure newton_its=11 steps=11 its_max=700 its_median=73.0 its_total=2021 rel_max=2.8e-01 linear_failures=1 forcing=ew etas=1.00e-01,1.00e-01,1.00e-01,1.00e-01,1.00e-01,1.00e-01,1.00e-01,1.00e-01,1.00e-01,1.00e-01,1.00e-01 psitc=on mus=1.00e+00,5.22e-01,2.81e-01,1.59e-01,8.85e-02,4.80e-02,2.63e-02,1.55e-02,1.07e-02,8.32e-03,6.55e-03
CASE field=gauss_ch eps=0.5 N=32 cand=i1o4 | r_F=9.655e-03 its=11 | e_v=1.074e-02 e_psi=7.023e-02 e_i=(6.774e-03,7.607e-03) e_div=1.211e-02 min_c=2.901e-01 p0.1=3.327e-01 p1=4.112e-01 p5=5.140e-01 p50=9.228e-01 | t=329.8 | e_psi1=7.023e-02 e_psi2=6.796e-02
CASE field=gauss_ch eps=0.5 N=32 cand=oracle_fd4 | r_F=nan its=nan | e_v=2.912e-03 e_psi=1.409e-17 e_i=(9.914e-04,3.718e-04) e_div=2.355e-02 min_c=2.901e-01 p0.1=3.327e-01 p1=4.112e-01 p5=5.136e-01 p50=9.228e-01 | t=0.0 | e_psi1=1.383e-18 e_psi2=1.409e-17
EXTRA field=gauss_ch eps=0.5 N=32 cand=i1o4 status=linear_failure r_F=9.655e-03 r_out=7.567e-06 | outlet c_perp-vperp_in: cand=7.567e-06 oracle_fd=1.546e-04 | inlet oblique defect (c x e1 - vperp_in x e1)/v_rms: j=0(one-sided) cand=1.401e-02 oracle_fd=1.525e-04; j=1 cand=2.796e-02 oracle_fd=2.585e-02; j=1 vs vD(j=1) cand=1.395e-02 oracle_fd=5.064e-05 | min|c|/v_rms=0.2661 min|vD|/v_rms=0.2662 e_i1=6.774e-03 e_i2=7.607e-03 | t=329.8s | a_psi1=5.130e-03 a_psi2=4.831e-03 (FD order 4)
HISTORY field=gauss_ch eps=0.5 N=32 cand=i1o4 r_F: 1.47e+00 7.69e-01 4.14e-01 2.34e-01 1.30e-01 7.07e-02 3.87e-02 2.28e-02 1.57e-02 1.23e-02 9.66e-03
HISTORY field=gauss_ch eps=0.5 N=32 cand=i1o4 r_out: 3.69e-12 3.08e-05 2.76e-05 2.86e-05 1.41e-05 3.52e-06 2.02e-06 2.65e-06 6.06e-06 8.00e-06 7.57e-06
HISTORY_FULL field=gauss_ch eps=0.5 N=32 cand=i1o4 r_F: 1.47348567123020691e+00 7.68563588647014684e-01 4.13996903516117953e-01 2.33881948531754924e-01 1.30361730990085939e-01 7.07374658611144153e-02 3.87338574274403713e-02 2.27731532796249803e-02 1.57172984723301448e-02 1.22574771951000569e-02 9.65515333505594618e-03
HISTORY_FULL field=gauss_ch eps=0.5 N=32 cand=i1o4 r_out: 3.68884912896747596e-12 3.08252390074181088e-05 2.76393264528088610e-05 2.85570739770399322e-05 1.40691072037300379e-05 3.52193943280953395e-06 2.02116037371325124e-06 2.64983420517600065e-06 6.05860221726965696e-06 8.00215167663034736e-06 7.56703555431534586e-06
TIMING load=0.014s metrics=0.002s prepare=0.061s solve=329.823s total=329.901s
MEMORY peak_device_bytes=609222656 free_min=33480507392 total_device=34089730048 workspaces_bytes=84336031 (peak/free: cudaMemGetInfo polls before/after every phase, device-wide)
SUMMARY_JSON /home/sesquerre/MacroFlow3D-SF-33/docs/experiments/artifacts/2026-10-06-sf33-gpu-inlet-labels/raw/proto_b/gauss_ch_0.5_32.json
STATUS continuation_floor
