# SF-29 N2 candidate (i) i1 k = 1 control (u = 0, affine labels) N=16: sorted relative singular values of the dense central-FD Jacobian (smax=2.151102e+03)
1.047105e-03
1.047105e-03
1.047105e-03
1.047105e-03
1.047105e-03
1.047105e-03
1.047105e-03
1.047105e-03
1.047105e-03
1.047105e-03
1.047105e-03
1.047105e-03
1.047105e-03
1.047105e-03
1.047105e-03
1.047105e-03
1.047105e-03
1.047105e-03
1.047105e-03
1.047105e-03
1.047105e-03
1.047105e-03
1.047105e-03
1.047105e-03
1.047105e-03
1.047105e-03
1.047105e-03
1.047105e-03
1.047105e-03
1.047105e-03
1.047105e-03
1.047105e-03
1.675196e-03
1.675196e-03
1.675196e-03
1.675196e-03
3.456439e-03
3.456439e-03
3.456439e-03
3.456439e-03
3.456439e-03
3.456439e-03
3.456439e-03
3.456439e-03
6.100670e-03
6.100670e-03
6.100670e-03
6.100670e-03
6.100670e-03
6.100670e-03
6.100670e-03
6.100670e-03
9.184259e-03
9.184259e-03
9.184259e-03
9.184259e-03
9.184259e-03
9.184259e-03
9.184259e-03
9.184259e-03
9.421713e-03
9.421713e-03
9.421713e-03
9.421713e-03
9.421713e-03
9.421713e-03
9.421713e-03
9.421713e-03
9.421713e-03
9.421713e-03
9.421713e-03
9.421713e-03
9.421713e-03
9.421713e-03
9.421713e-03
9.421713e-03
9.421713e-03
9.421713e-03
9.421713e-03
9.421713e-03
9.421713e-03
9.421713e-03
9.421713e-03
9.421713e-03
9.421713e-03
9.421713e-03
9.421713e-03
9.421713e-03
9.421713e-03
9.421713e-03
9.421713e-03
9.421713e-03
1.005462e-02
1.005462e-02
1.005462e-02
1.005462e-02
1.019854e-02
1.019854e-02
1.019854e-02
1.019854e-02
1.185831e-02
1.185831e-02
1.185831e-02
1.185831e-02
1.185831e-02
1.185831e-02
1.185831e-02
1.185831e-02
1.222698e-02
1.222698e-02
1.222698e-02
1.222698e-02
1.222698e-02
1.222698e-02
1.222698e-02
1.222698e-02
1.456206e-02
1.456206e-02
1.456206e-02
1.456206e-02
1.456206e-02
1.456206e-02
1.456206e-02
1.456206e-02
1.477288e-02
1.477288e-02
1.477288e-02
1.477288e-02
1.477288e-02
1.477288e-02
1.477288e-02
1.477288e-02
1.645629e-02
1.645629e-02
1.645629e-02
1.645629e-02
1.645629e-02
1.645629e-02
1.645629e-02
1.645629e-02
1.704401e-02
1.704401e-02
1.704401e-02
1.704401e-02
1.704401e-02
1.704401e-02
1.704401e-02
1.704401e-02
1.775967e-02
1.775967e-02
1.775967e-02
1.775967e-02
1.775967e-02
1.775967e-02
1.775967e-02
1.775967e-02
1.882304e-02
1.882304e-02
1.882304e-02
1.882304e-02
1.991528e-02
1.991528e-02
1.991528e-02
1.991528e-02
1.991528e-02
1.991528e-02
1.991528e-02
1.991528e-02
2.096827e-02
2.096827e-02
2.096827e-02
2.096827e-02
2.096827e-02
2.096827e-02
2.096827e-02
2.096827e-02
2.369832e-02
2.369832e-02
2.369832e-02
2.369832e-02
2.369832e-02
2.369832e-02
2.369832e-02
2.369832e-02
2.552802e-02
2.552802e-02
2.552802e-02
2.552802e-02
2.552802e-02
2.552802e-02
2.552802e-02
2.552802e-02
2.608978e-02
2.608978e-02
2.608978e-02
2.608978e-02
2.608978e-02
2.608978e-02
2.608978e-02
2.608978e-02
2.608978e-02
2.608978e-02
2.608978e-02
2.608978e-02
2.608978e-02
2.608978e-02
2.608978e-02
2.608978e-02
2.608978e-02
2.608978e-02
2.608978e-02
2.608978e-02
2.608978e-02
2.608978e-02
2.608978e-02
2.608978e-02
2.608978e-02
2.608978e-02
2.608978e-02
2.608978e-02
2.608978e-02
2.608978e-02
2.608978e-02
2.608978e-02
2.617163e-02
2.617163e-02
2.617163e-02
2.617163e-02
2.617163e-02
2.617163e-02
2.617163e-02
2.617163e-02
2.672906e-02
2.672906e-02
2.672906e-02
2.672906e-02
2.855095e-02
2.855095e-02
2.855095e-02
2.855095e-02
2.855095e-02
2.855095e-02
2.855095e-02
2.855095e-02
2.935333e-02
2.935333e-02
2.935333e-02
2.935333e-02
2.935333e-02
2.935333e-02
2.935333e-02
2.935333e-02
3.075711e-02
3.075711e-02
3.075711e-02
3.075711e-02
3.075711e-02
3.075711e-02
3.075711e-02
3.075711e-02
3.128148e-02
3.128148e-02
3.128148e-02
3.128148e-02
3.128148e-02
3.128148e-02
3.128148e-02
3.128148e-02
3.129954e-02
3.129954e-02
3.129954e-02
3.129954e-02
3.450862e-02
3.450862e-02
3.450862e-02
3.450862e-02
3.450862e-02
3.450862e-02
3.450862e-02
3.450862e-02
3.558100e-02
3.558100e-02
3.558100e-02
3.558100e-02
3.774284e-02
3.774284e-02
3.774284e-02
3.774284e-02
3.774284e-02
3.774284e-02
3.774284e-02
3.774284e-02
3.883092e-02
3.883092e-02
3.883092e-02
3.883092e-02
4.049044e-02
4.049044e-02
4.049044e-02
4.049044e-02
4.049044e-02
4.049044e-02
4.049044e-02
4.049044e-02
4.095462e-02
4.095462e-02
4.095462e-02
4.095462e-02
4.095462e-02
4.095462e-02
4.095462e-02
4.095462e-02
4.197831e-02
4.197831e-02
4.197831e-02
4.197831e-02
4.197831e-02
4.197831e-02
4.197831e-02
4.197831e-02
4.232933e-02
4.232933e-02
4.232933e-02
4.232933e-02
4.232933e-02
4.232933e-02
4.232933e-02
4.232933e-02
4.263687e-02
4.263687e-02
4.263687e-02
4.263687e-02
4.297564e-02
4.297564e-02
4.297564e-02
4.297564e-02
4.297564e-02
4.297564e-02
4.297564e-02
4.297564e-02
4.616650e-02
4.616650e-02
4.616650e-02
4.616650e-02
4.616650e-02
4.616650e-02
4.616650e-02
4.616650e-02
4.914908e-02
4.914908e-02
4.914908e-02
4.914908e-02
4.914908e-02
4.914908e-02
4.914908e-02
4.914908e-02
5.075455e-02
5.075455e-02
5.075455e-02
5.075455e-02
5.075455e-02
5.075455e-02
5.075455e-02
5.075455e-02
5.075455e-02
5.075455e-02
5.075455e-02
5.075455e-02
5.075455e-02
5.075455e-02
5.075455e-02
5.075455e-02
5.075455e-02
5.075455e-02
5.075455e-02
5.075455e-02
5.075455e-02
5.075455e-02
5.075455e-02
5.075455e-02
5.075455e-02
5.075455e-02
5.075455e-02
5.075455e-02
5.075455e-02
5.075455e-02
5.075455e-02
5.075455e-02
5.140092e-02
5.140092e-02
5.140092e-02
5.140092e-02
5.205630e-02
5.205630e-02
5.205630e-02
5.205630e-02
5.324268e-02
5.324268e-02
5.324268e-02
5.324268e-02
5.324268e-02
5.324268e-02
5.324268e-02
5.324268e-02
5.441864e-02
5.441864e-02
5.441864e-02
5.441864e-02
5.441864e-02
5.441864e-02
5.441864e-02
5.441864e-02
5.480584e-02
5.480584e-02
5.480584e-02
5.480584e-02
5.480584e-02
5.480584e-02
5.480584e-02
5.480584e-02
5.600196e-02
5.600196e-02
5.600196e-02
5.600196e-02
5.600196e-02
5.600196e-02
5.600196e-02
5.600196e-02
5.623276e-02
5.623276e-02
5.623276e-02
5.623276e-02
5.623276e-02
5.623276e-02
5.623276e-02
5.623276e-02
5.875810e-02
5.875810e-02
5.875810e-02
5.875810e-02
5.875810e-02
5.875810e-02
5.875810e-02
5.875810e-02
5.876752e-02
5.876752e-02
5.876752e-02
5.876752e-02
5.876752e-02
5.876752e-02
5.876752e-02
5.876752e-02
5.926126e-02
5.926126e-02
5.926126e-02
5.926126e-02
5.926126e-02
5.926126e-02
5.926126e-02
5.926126e-02
5.941212e-02
5.941212e-02
5.941212e-02
5.941212e-02
6.034385e-02
6.034385e-02
6.034385e-02
6.034385e-02
6.252549e-02
6.252549e-02
6.252549e-02
6.252549e-02
6.252549e-02
6.252549e-02
6.252549e-02
6.252549e-02
6.529663e-02
6.529663e-02
6.529663e-02
6.529663e-02
6.529663e-02
6.529663e-02
6.529663e-02
6.529663e-02
6.579997e-02
6.579997e-02
6.579997e-02
6.579997e-02
6.579997e-02
6.579997e-02
6.579997e-02
6.579997e-02
6.645981e-02
6.645981e-02
6.645981e-02
6.645981e-02
6.645981e-02
6.645981e-02
6.645981e-02
6.645981e-02
6.715022e-02
6.715022e-02
6.715022e-02
6.715022e-02
6.715022e-02
6.715022e-02
6.715022e-02
6.715022e-02
6.780150e-02
6.780150e-02
6.780150e-02
6.780150e-02
6.780150e-02
6.780150e-02
6.780150e-02
6.780150e-02
6.874354e-02
6.874354e-02
6.874354e-02
6.874354e-02
7.101523e-02
7.101523e-02
7.101523e-02
7.101523e-02
7.101523e-02
7.101523e-02
7.101523e-02
7.101523e-02
7.146091e-02
7.146091e-02
7.146091e-02
7.146091e-02
7.146091e-02
7.146091e-02
7.146091e-02
7.146091e-02
7.319064e-02
7.319064e-02
7.319064e-02
7.319064e-02
7.319064e-02
7.319064e-02
7.319064e-02
7.319064e-02
7.579267e-02
7.579267e-02
7.579267e-02
7.579267e-02
7.579267e-02
7.579267e-02
7.579267e-02
7.579267e-02
7.672069e-02
7.672069e-02
7.672069e-02
7.672069e-02
7.672069e-02
7.672069e-02
7.672069e-02
7.672069e-02
7.947770e-02
7.947770e-02
7.947770e-02
7.947770e-02
7.947770e-02
7.947770e-02
7.947770e-02
7.947770e-02
8.230905e-02
8.230905e-02
8.230905e-02
8.230905e-02
8.230905e-02
8.230905e-02
8.230905e-02
8.230905e-02
8.279987e-02
8.279987e-02
8.279987e-02
8.279987e-02
8.279987e-02
8.279987e-02
8.279987e-02
8.279987e-02
8.279987e-02
8.279987e-02
8.279987e-02
8.279987e-02
8.279987e-02
8.279987e-02
8.279987e-02
8.279987e-02
8.279987e-02
8.279987e-02
8.279987e-02
8.279987e-02
8.279987e-02
8.279987e-02
8.279987e-02
8.279987e-02
8.279987e-02
8.279987e-02
8.279987e-02
8.279987e-02
8.279987e-02
8.279987e-02
8.279987e-02
8.279987e-02
8.345297e-02
8.345297e-02
8.345297e-02
8.345297e-02
8.366995e-02
8.366995e-02
8.366995e-02
8.366995e-02
8.366995e-02
8.366995e-02
8.366995e-02
8.366995e-02
8.432607e-02
8.432607e-02
8.432607e-02
8.432607e-02
8.531357e-02
8.531357e-02
8.531357e-02
8.531357e-02
8.531357e-02
8.531357e-02
8.531357e-02
8.531357e-02
8.703925e-02
8.703925e-02
8.703925e-02
8.703925e-02
8.810022e-02
8.810022e-02
8.810022e-02
8.810022e-02
8.810022e-02
8.810022e-02
8.810022e-02
8.810022e-02
8.959349e-02
8.959349e-02
8.959349e-02
8.959349e-02
8.959349e-02
8.959349e-02
8.959349e-02
8.959349e-02
9.069309e-02
9.069309e-02
9.069309e-02
9.069309e-02
9.069309e-02
9.069309e-02
9.069309e-02
9.069309e-02
9.101269e-02
9.101269e-02
9.101269e-02
9.101269e-02
9.101269e-02
9.101269e-02
9.101269e-02
9.101269e-02
9.139042e-02
9.139042e-02
9.139042e-02
9.139042e-02
9.139042e-02
9.139042e-02
9.139042e-02
9.139042e-02
9.215767e-02
9.215767e-02
9.215767e-02
9.215767e-02
9.215767e-02
9.215767e-02
9.215767e-02
9.215767e-02
9.248293e-02
9.248293e-02
9.248293e-02
9.248293e-02
9.282930e-02
9.282930e-02
9.282930e-02
9.282930e-02
9.367564e-02
9.367564e-02
9.367564e-02
9.367564e-02
9.468400e-02
9.468400e-02
9.468400e-02
9.468400e-02
9.468400e-02
9.468400e-02
9.468400e-02
9.468400e-02
9.578915e-02
9.578915e-02
9.578915e-02
9.578915e-02
9.578915e-02
9.578915e-02
9.578915e-02
9.578915e-02
9.639436e-02
9.639436e-02
9.639436e-02
9.639436e-02
9.639436e-02
9.639436e-02
9.639436e-02
9.639436e-02
9.747879e-02
9.747879e-02
9.747879e-02
9.747879e-02
9.747879e-02
9.747879e-02
9.747879e-02
9.747879e-02
9.934754e-02
9.934754e-02
9.934754e-02
9.934754e-02
9.934754e-02
9.934754e-02
9.934754e-02
9.934754e-02
9.947752e-02
9.947752e-02
9.947752e-02
9.947752e-02
9.947752e-02
9.947752e-02
9.947752e-02
9.947752e-02
1.000040e-01
1.000040e-01
1.000040e-01
1.000040e-01
1.000040e-01
1.000040e-01
1.000040e-01
1.000040e-01
1.024656e-01
1.024656e-01
1.024656e-01
1.024656e-01
1.024656e-01
1.024656e-01
1.024656e-01
1.024656e-01
1.032424e-01
1.032424e-01
1.032424e-01
1.032424e-01
1.032424e-01
1.032424e-01
1.032424e-01
1.032424e-01
1.071599e-01
1.071599e-01
1.071599e-01
1.071599e-01
1.071599e-01
1.071599e-01
1.071599e-01
1.071599e-01
1.072282e-01
1.072282e-01
1.072282e-01
1.072282e-01
1.072282e-01
1.072282e-01
1.072282e-01
1.072282e-01
1.072326e-01
1.072326e-01
1.072326e-01
1.072326e-01
1.072326e-01
1.072326e-01
1.072326e-01
1.072326e-01
1.089858e-01
1.089858e-01
1.089858e-01
1.089858e-01
1.089858e-01
1.089858e-01
1.089858e-01
1.089858e-01
1.115713e-01
1.115713e-01
1.115713e-01
1.115713e-01
1.115713e-01
1.115713e-01
1.115713e-01
1.115713e-01
1.144987e-01
1.144987e-01
1.144987e-01
1.144987e-01
1.144987e-01
1.144987e-01
1.144987e-01
1.144987e-01
1.159787e-01
1.159787e-01
1.159787e-01
1.159787e-01
1.159787e-01
1.159787e-01
1.159787e-01
1.159787e-01
1.166384e-01
1.166384e-01
1.166384e-01
1.166384e-01
1.170546e-01
1.170546e-01
1.170546e-01
1.170546e-01
1.170546e-01
1.170546e-01
1.170546e-01
1.170546e-01
1.206729e-01
1.206729e-01
1.206729e-01
1.206729e-01
1.206729e-01
1.206729e-01
1.206729e-01
1.206729e-01
1.212465e-01
1.212465e-01
1.212465e-01
1.212465e-01
1.212465e-01
1.212465e-01
1.212465e-01
1.212465e-01
1.212465e-01
1.212465e-01
1.212465e-01
1.212465e-01
1.212465e-01
1.212465e-01
1.212465e-01
1.212465e-01
1.212465e-01
1.212465e-01
1.212465e-01
1.212465e-01
1.212465e-01
1.212465e-01
1.212465e-01
1.212465e-01
1.212465e-01
1.212465e-01
1.212465e-01
1.212465e-01
1.212465e-01
1.212465e-01
1.212465e-01
1.212465e-01
1.219055e-01
1.219055e-01
1.219055e-01
1.219055e-01
1.231611e-01
1.231611e-01
1.231611e-01
1.231611e-01
1.231611e-01
1.231611e-01
1.231611e-01
1.231611e-01
1.237827e-01
1.237827e-01
1.237827e-01
1.237827e-01
1.237827e-01
1.237827e-01
1.237827e-01
1.237827e-01
1.245113e-01
1.245113e-01
1.245113e-01
1.245113e-01
1.260318e-01
1.260318e-01
1.260318e-01
1.260318e-01
1.263415e-01
1.263415e-01
1.263415e-01
1.263415e-01
1.263415e-01
1.263415e-01
1.263415e-01
1.263415e-01
1.265934e-01
1.265934e-01
1.265934e-01
1.265934e-01
1.265934e-01
1.265934e-01
1.265934e-01
1.265934e-01
1.287610e-01
1.287610e-01
1.287610e-01
1.287610e-01
1.287610e-01
1.287610e-01
1.287610e-01
1.287610e-01
1.299111e-01
1.299111e-01
1.299111e-01
1.299111e-01
1.299111e-01
1.299111e-01
1.299111e-01
1.299111e-01
1.300197e-01
1.300197e-01
1.300197e-01
1.300197e-01
1.300197e-01
1.300197e-01
1.300197e-01
1.300197e-01
1.308732e-01
1.308732e-01
1.308732e-01
1.308732e-01
1.308732e-01
1.308732e-01
1.308732e-01
1.308732e-01
1.310124e-01
1.310124e-01
1.310124e-01
1.310124e-01
1.319931e-01
1.319931e-01
1.319931e-01
1.319931e-01
1.319931e-01
1.319931e-01
1.319931e-01
1.319931e-01
1.332310e-01
1.332310e-01
1.332310e-01
1.332310e-01
1.332310e-01
1.332310e-01
1.332310e-01
1.332310e-01
1.346528e-01
1.346528e-01
1.346528e-01
1.346528e-01
1.360472e-01
1.360472e-01
1.360472e-01
1.360472e-01
1.360472e-01
1.360472e-01
1.360472e-01
1.360472e-01
1.379299e-01
1.379299e-01
1.379299e-01
1.379299e-01
1.379299e-01
1.379299e-01
1.379299e-01
1.379299e-01
1.385912e-01
1.385912e-01
1.385912e-01
1.385912e-01
1.385912e-01
1.385912e-01
1.385912e-01
1.385912e-01
1.396312e-01
1.396312e-01
1.396312e-01
1.396312e-01
1.396312e-01
1.396312e-01
1.396312e-01
1.396312e-01
1.402425e-01
1.402425e-01
1.402425e-01
1.402425e-01
1.406981e-01
1.406981e-01
1.406981e-01
1.406981e-01
1.413059e-01
1.413059e-01
1.413059e-01
1.413059e-01
1.413059e-01
1.413059e-01
1.413059e-01
1.413059e-01
1.418526e-01
1.418526e-01
1.418526e-01
1.418526e-01
1.418526e-01
1.418526e-01
1.418526e-01
1.418526e-01
1.450872e-01
1.450872e-01
1.450872e-01
1.450872e-01
1.450872e-01
1.450872e-01
1.450872e-01
1.450872e-01
1.465371e-01
1.465371e-01
1.465371e-01
1.465371e-01
1.465371e-01
1.465371e-01
1.465371e-01
1.465371e-01
1.467064e-01
1.467064e-01
1.467064e-01
1.467064e-01
1.467064e-01
1.467064e-01
1.467064e-01
1.467064e-01
1.469109e-01
1.469109e-01
1.469109e-01
1.469109e-01
1.469109e-01
1.469109e-01
1.469109e-01
1.469109e-01
1.479073e-01
1.479073e-01
1.479073e-01
1.479073e-01
1.479073e-01
1.479073e-01
1.479073e-01
1.479073e-01
1.487783e-01
1.487783e-01
1.487783e-01
1.487783e-01
1.487783e-01
1.487783e-01
1.487783e-01
1.487783e-01
1.493552e-01
1.493552e-01
1.493552e-01
1.493552e-01
1.494701e-01
1.494701e-01
1.494701e-01
1.494701e-01
1.494701e-01
1.494701e-01
1.494701e-01
1.494701e-01
1.502785e-01
1.502785e-01
1.502785e-01
1.502785e-01
1.522709e-01
1.522709e-01
1.522709e-01
1.522709e-01
1.522709e-01
1.522709e-01
1.522709e-01
1.522709e-01
1.530920e-01
1.530920e-01
1.530920e-01
1.530920e-01
1.530920e-01
1.530920e-01
1.530920e-01
1.530920e-01
1.546693e-01
1.546693e-01
1.546693e-01
1.546693e-01
1.546693e-01
1.546693e-01
1.546693e-01
1.546693e-01
1.553327e-01
1.553327e-01
1.553327e-01
1.553327e-01
1.588166e-01
1.588166e-01
1.588166e-01
1.588166e-01
1.588166e-01
1.588166e-01
1.588166e-01
1.588166e-01
1.618052e-01
1.618052e-01
1.618052e-01
1.618052e-01
1.618052e-01
1.618052e-01
1.618052e-01
1.618052e-01
1.622180e-01
1.622180e-01
1.622180e-01
1.622180e-01
1.622180e-01
1.622180e-01
1.622180e-01
1.622180e-01
1.644158e-01
1.644158e-01
1.644158e-01
1.644158e-01
1.644158e-01
1.644158e-01
1.644158e-01
1.644158e-01
1.647413e-01
1.647413e-01
1.647413e-01
1.647413e-01
1.647413e-01
1.647413e-01
1.647413e-01
1.647413e-01
1.647620e-01
1.647620e-01
1.647620e-01
1.647620e-01
1.647620e-01
1.647620e-01
1.647620e-01
1.647620e-01
1.647620e-01
1.647620e-01
1.647620e-01
1.647620e-01
1.647620e-01
1.647620e-01
1.647620e-01
1.647620e-01
1.647620e-01
1.647620e-01
1.647620e-01
1.647620e-01
1.647620e-01
1.647620e-01
1.647620e-01
1.647620e-01
1.647620e-01
1.647620e-01
1.647620e-01
1.647620e-01
1.647620e-01
1.647620e-01
1.647620e-01
1.647620e-01
1.647749e-01
1.647749e-01
1.647749e-01
1.647749e-01
1.648851e-01
1.648851e-01
1.648851e-01
1.648851e-01
1.654260e-01
1.654260e-01
1.654260e-01
1.654260e-01
1.673171e-01
1.673171e-01
1.673171e-01
1.673171e-01
1.673171e-01
1.673171e-01
1.673171e-01
1.673171e-01
1.675167e-01
1.675167e-01
1.675167e-01
1.675167e-01
1.675167e-01
1.675167e-01
1.675167e-01
1.675167e-01
1.677337e-01
1.677337e-01
1.677337e-01
1.677337e-01
1.677337e-01
1.677337e-01
1.677337e-01
1.677337e-01
1.698147e-01
1.698147e-01
1.698147e-01
1.698147e-01
1.698147e-01
1.698147e-01
1.698147e-01
1.698147e-01
1.701484e-01
1.701484e-01
1.701484e-01
1.701484e-01
1.701484e-01
1.701484e-01
1.701484e-01
1.701484e-01
1.711405e-01
1.711405e-01
1.711405e-01
1.711405e-01
1.711405e-01
1.711405e-01
1.711405e-01
1.711405e-01
1.726230e-01
1.726230e-01
1.726230e-01
1.726230e-01
1.726230e-01
1.726230e-01
1.726230e-01
1.726230e-01
1.734896e-01
1.734896e-01
1.734896e-01
1.734896e-01
1.734896e-01
1.734896e-01
1.734896e-01
1.734896e-01
1.743426e-01
1.743426e-01
1.743426e-01
1.743426e-01
1.743426e-01
1.743426e-01
1.743426e-01
1.743426e-01
1.745986e-01
1.745986e-01
1.745986e-01
1.745986e-01
1.748584e-01
1.748584e-01
1.748584e-01
1.748584e-01
1.768322e-01
1.768322e-01
1.768322e-01
1.768322e-01
1.768322e-01
1.768322e-01
1.768322e-01
1.768322e-01
1.784311e-01
1.784311e-01
1.784311e-01
1.784311e-01
1.784311e-01
1.784311e-01
1.784311e-01
1.784311e-01
1.784756e-01
1.784756e-01
1.784756e-01
1.784756e-01
1.784756e-01
1.784756e-01
1.784756e-01
1.784756e-01
1.796672e-01
1.796672e-01
1.796672e-01
1.796672e-01
1.796672e-01
1.796672e-01
1.796672e-01
1.796672e-01
1.801026e-01
1.801026e-01
1.801026e-01
1.801026e-01
1.801026e-01
1.801026e-01
1.801026e-01
1.801026e-01
1.802779e-01
1.802779e-01
1.802779e-01
1.802779e-01
1.802779e-01
1.802779e-01
1.802779e-01
1.802779e-01
1.803179e-01
1.803179e-01
1.803179e-01
1.803179e-01
1.803179e-01
1.803179e-01
1.803179e-01
1.803179e-01
1.815620e-01
1.815620e-01
1.815620e-01
1.815620e-01
1.815620e-01
1.815620e-01
1.815620e-01
1.815620e-01
1.822275e-01
1.822275e-01
1.822275e-01
1.822275e-01
1.822275e-01
1.822275e-01
1.822275e-01
1.822275e-01
1.840961e-01
1.840961e-01
1.840961e-01
1.840961e-01
1.851377e-01
1.851377e-01
1.851377e-01
1.851377e-01
1.851377e-01
1.851377e-01
1.851377e-01
1.851377e-01
1.852698e-01
1.852698e-01
1.852698e-01
1.852698e-01
1.852698e-01
1.852698e-01
1.852698e-01
1.852698e-01
1.855094e-01
1.855094e-01
1.855094e-01
1.855094e-01
1.855094e-01
1.855094e-01
1.855094e-01
1.855094e-01
1.857349e-01
1.857349e-01
1.857349e-01
1.857349e-01
1.857349e-01
1.857349e-01
1.857349e-01
1.857349e-01
1.867234e-01
1.867234e-01
1.867234e-01
1.867234e-01
1.867234e-01
1.867234e-01
1.867234e-01
1.867234e-01
1.872205e-01
1.872205e-01
1.872205e-01
1.872205e-01
1.883017e-01
1.883017e-01
1.883017e-01
1.883017e-01
1.883017e-01
1.883017e-01
1.883017e-01
1.883017e-01
1.919335e-01
1.919335e-01
1.919335e-01
1.919335e-01
1.919335e-01
1.919335e-01
1.919335e-01
1.919335e-01
1.922049e-01
1.922049e-01
1.922049e-01
1.922049e-01
1.922049e-01
1.922049e-01
1.922049e-01
1.922049e-01
1.923679e-01
1.923679e-01
1.923679e-01
1.923679e-01
1.923679e-01
1.923679e-01
1.923679e-01
1.923679e-01
1.970064e-01
1.970064e-01
1.970064e-01
1.970064e-01
1.970064e-01
1.970064e-01
1.970064e-01
1.970064e-01
1.972663e-01
1.972663e-01
1.972663e-01
1.972663e-01
1.983993e-01
1.983993e-01
1.983993e-01
1.983993e-01
1.983993e-01
1.983993e-01
1.983993e-01
1.983993e-01
1.990662e-01
1.990662e-01
1.990662e-01
1.990662e-01
2.002018e-01
2.002018e-01
2.002018e-01
2.002018e-01
2.002018e-01
2.002018e-01
2.002018e-01
2.002018e-01
2.002922e-01
2.002922e-01
2.002922e-01
2.002922e-01
2.002922e-01
2.002922e-01
2.002922e-01
2.002922e-01
2.012055e-01
2.012055e-01
2.012055e-01
2.012055e-01
2.012055e-01
2.012055e-01
2.012055e-01
2.012055e-01
2.019095e-01
2.019095e-01
2.019095e-01
2.019095e-01
2.019095e-01
2.019095e-01
2.019095e-01
2.019095e-01
2.032824e-01
2.032824e-01
2.032824e-01
2.032824e-01
2.032824e-01
2.032824e-01
2.032824e-01
2.032824e-01
2.035075e-01
2.035075e-01
2.035075e-01
2.035075e-01
2.035075e-01
2.035075e-01
2.035075e-01
2.035075e-01
2.038886e-01
2.038886e-01
2.038886e-01
2.038886e-01
2.038886e-01
2.038886e-01
2.038886e-01
2.038886e-01
2.044988e-01
2.044988e-01
2.044988e-01
2.044988e-01
2.044988e-01
2.044988e-01
2.044988e-01
2.044988e-01
2.067806e-01
2.067806e-01
2.067806e-01
2.067806e-01
2.067806e-01
2.067806e-01
2.067806e-01
2.067806e-01
2.072164e-01
2.072164e-01
2.072164e-01
2.072164e-01
2.074951e-01
2.074951e-01
2.074951e-01
2.074951e-01
2.083035e-01
2.083035e-01
2.083035e-01
2.083035e-01
2.083035e-01
2.083035e-01
2.083035e-01
2.083035e-01
2.085552e-01
2.085552e-01
2.085552e-01
2.085552e-01
2.095040e-01
2.095040e-01
2.095040e-01
2.095040e-01
2.095040e-01
2.095040e-01
2.095040e-01
2.095040e-01
2.099194e-01
2.099194e-01
2.099194e-01
2.099194e-01
2.100876e-01
2.100876e-01
2.100876e-01
2.100876e-01
2.100876e-01
2.100876e-01
2.100876e-01
2.100876e-01
2.113096e-01
2.113096e-01
2.113096e-01
2.113096e-01
2.113096e-01
2.113096e-01
2.113096e-01
2.113096e-01
2.117053e-01
2.117053e-01
2.117053e-01
2.117053e-01
2.117053e-01
2.117053e-01
2.117053e-01
2.117053e-01
2.117053e-01
2.117053e-01
2.117053e-01
2.117053e-01
2.117053e-01
2.117053e-01
2.117053e-01
2.117053e-01
2.117053e-01
2.117053e-01
2.117053e-01
2.117053e-01
2.117053e-01
2.117053e-01
2.117053e-01
2.117053e-01
2.117053e-01
2.117053e-01
2.117053e-01
2.117053e-01
2.117053e-01
2.117053e-01
2.117053e-01
2.117053e-01
2.123735e-01
2.123735e-01
2.123735e-01
2.123735e-01
2.132857e-01
2.132857e-01
2.132857e-01
2.132857e-01
2.132857e-01
2.132857e-01
2.132857e-01
2.132857e-01
2.140838e-01
2.140838e-01
2.140838e-01
2.140838e-01
2.140838e-01
2.140838e-01
2.140838e-01
2.140838e-01
2.142449e-01
2.142449e-01
2.142449e-01
2.142449e-01
2.142449e-01
2.142449e-01
2.142449e-01
2.142449e-01
2.142766e-01
2.142766e-01
2.142766e-01
2.142766e-01
2.142766e-01
2.142766e-01
2.142766e-01
2.142766e-01
2.147021e-01
2.147021e-01
2.147021e-01
2.147021e-01
2.147021e-01
2.147021e-01
2.147021e-01
2.147021e-01
2.153821e-01
2.153821e-01
2.153821e-01
2.153821e-01
2.153821e-01
2.153821e-01
2.153821e-01
2.153821e-01
2.154152e-01
2.154152e-01
2.154152e-01
2.154152e-01
2.154152e-01
2.154152e-01
2.154152e-01
2.154152e-01
2.159146e-01
2.159146e-01
2.159146e-01
2.159146e-01
2.161779e-01
2.161779e-01
2.161779e-01
2.161779e-01
2.161779e-01
2.161779e-01
2.161779e-01
2.161779e-01
2.169669e-01
2.169669e-01
2.169669e-01
2.169669e-01
2.169669e-01
2.169669e-01
2.169669e-01
2.169669e-01
2.171254e-01
2.171254e-01
2.171254e-01
2.171254e-01
2.171254e-01
2.171254e-01
2.171254e-01
2.171254e-01
2.176304e-01
2.176304e-01
2.176304e-01
2.176304e-01
2.176304e-01
2.176304e-01
2.176304e-01
2.176304e-01
2.180711e-01
2.180711e-01
2.180711e-01
2.180711e-01
2.182253e-01
2.182253e-01
2.182253e-01
2.182253e-01
2.182253e-01
2.182253e-01
2.182253e-01
2.182253e-01
2.182253e-01
2.182253e-01
2.182253e-01
2.182253e-01
2.182253e-01
2.182253e-01
2.182253e-01
2.182253e-01
2.182253e-01
2.182253e-01
2.182253e-01
2.182253e-01
2.182253e-01
2.182253e-01
2.182253e-01
2.182253e-01
2.182253e-01
2.182253e-01
2.182253e-01
2.182253e-01
2.182253e-01
2.182253e-01
2.182253e-01
2.182253e-01
2.190496e-01
2.190496e-01
2.190496e-01
2.190496e-01
2.190496e-01
2.190496e-01
2.190496e-01
2.190496e-01
2.192067e-01
2.192067e-01
2.192067e-01
2.192067e-01
2.192067e-01
2.192067e-01
2.192067e-01
2.192067e-01
2.204867e-01
2.204867e-01
2.204867e-01
2.204867e-01
2.204867e-01
2.204867e-01
2.204867e-01
2.204867e-01
2.216022e-01
2.216022e-01
2.216022e-01
2.216022e-01
2.222697e-01
2.222697e-01
2.222697e-01
2.222697e-01
2.222697e-01
2.222697e-01
2.222697e-01
2.222697e-01
2.233813e-01
2.233813e-01
2.233813e-01
2.233813e-01
2.233813e-01
2.233813e-01
2.233813e-01
2.233813e-01
2.238489e-01
2.238489e-01
2.238489e-01
2.238489e-01
2.238489e-01
2.238489e-01
2.238489e-01
2.238489e-01
2.245153e-01
2.245153e-01
2.245153e-01
2.245153e-01
2.245153e-01
2.245153e-01
2.245153e-01
2.245153e-01
2.267000e-01
2.267000e-01
2.267000e-01
2.267000e-01
2.267000e-01
2.267000e-01
2.267000e-01
2.267000e-01
2.286055e-01
2.286055e-01
2.286055e-01
2.286055e-01
2.286055e-01
2.286055e-01
2.286055e-01
2.286055e-01
2.292747e-01
2.292747e-01
2.292747e-01
2.292747e-01
2.292747e-01
2.292747e-01
2.292747e-01
2.292747e-01
2.296005e-01
2.296005e-01
2.296005e-01
2.296005e-01
2.296005e-01
2.296005e-01
2.296005e-01
2.296005e-01
2.321762e-01
2.321762e-01
2.321762e-01
2.321762e-01
2.321762e-01
2.321762e-01
2.321762e-01
2.321762e-01
2.325744e-01
2.325744e-01
2.325744e-01
2.325744e-01
2.325744e-01
2.325744e-01
2.325744e-01
2.325744e-01
2.326101e-01
2.326101e-01
2.326101e-01
2.326101e-01
2.340431e-01
2.340431e-01
2.340431e-01
2.340431e-01
2.340431e-01
2.340431e-01
2.340431e-01
2.340431e-01
2.358198e-01
2.358198e-01
2.358198e-01
2.358198e-01
2.358198e-01
2.358198e-01
2.358198e-01
2.358198e-01
2.361644e-01
2.361644e-01
2.361644e-01
2.361644e-01
2.367714e-01
2.367714e-01
2.367714e-01
2.367714e-01
2.367714e-01
2.367714e-01
2.367714e-01
2.367714e-01
2.396116e-01
2.396116e-01
2.396116e-01
2.396116e-01
2.396116e-01
2.396116e-01
2.396116e-01
2.396116e-01
2.417605e-01
2.417605e-01
2.417605e-01
2.417605e-01
2.417605e-01
2.417605e-01
2.417605e-01
2.417605e-01
2.424059e-01
2.424059e-01
2.424059e-01
2.424059e-01
2.424059e-01
2.424059e-01
2.424059e-01
2.424059e-01
2.430847e-01
2.430847e-01
2.430847e-01
2.430847e-01
2.430847e-01
2.430847e-01
2.430847e-01
2.430847e-01
2.455297e-01
2.455297e-01
2.455297e-01
2.455297e-01
2.455297e-01
2.455297e-01
2.455297e-01
2.455297e-01
2.461143e-01
2.461143e-01
2.461143e-01
2.461143e-01
2.461998e-01
2.461998e-01
2.461998e-01
2.461998e-01
2.472018e-01
2.472018e-01
2.472018e-01
2.472018e-01
2.472018e-01
2.472018e-01
2.472018e-01
2.472018e-01
2.475360e-01
2.475360e-01
2.475360e-01
2.475360e-01
2.475360e-01
2.475360e-01
2.475360e-01
2.475360e-01
2.475659e-01
2.475659e-01
2.475659e-01
2.475659e-01
2.489924e-01
2.489924e-01
2.489924e-01
2.489924e-01
2.489924e-01
2.489924e-01
2.489924e-01
2.489924e-01
2.521274e-01
2.521274e-01
2.521274e-01
2.521274e-01
2.521274e-01
2.521274e-01
2.521274e-01
2.521274e-01
2.535609e-01
2.535609e-01
2.535609e-01
2.535609e-01
2.557321e-01
2.557321e-01
2.557321e-01
2.557321e-01
2.579426e-01
2.579426e-01
2.579426e-01
2.579426e-01
2.579426e-01
2.579426e-01
2.579426e-01
2.579426e-01
2.579939e-01
2.579939e-01
2.579939e-01
2.579939e-01
2.579939e-01
2.579939e-01
2.579939e-01
2.579939e-01
2.584983e-01
2.584983e-01
2.584983e-01
2.584983e-01
2.584983e-01
2.584983e-01
2.584983e-01
2.584983e-01
2.601964e-01
2.601964e-01
2.601964e-01
2.601964e-01
2.601964e-01
2.601964e-01
2.601964e-01
2.601964e-01
2.601964e-01
2.601964e-01
2.601964e-01
2.601964e-01
2.601964e-01
2.601964e-01
2.601964e-01
2.601964e-01
2.601964e-01
2.601964e-01
2.601964e-01
2.601964e-01
2.601964e-01
2.601964e-01
2.601964e-01
2.601964e-01
2.601964e-01
2.601964e-01
2.601964e-01
2.601964e-01
2.601964e-01
2.601964e-01
2.601964e-01
2.601964e-01
2.608682e-01
2.608682e-01
2.608682e-01
2.608682e-01
2.627817e-01
2.627817e-01
2.627817e-01
2.627817e-01
2.627817e-01
2.627817e-01
2.627817e-01
2.627817e-01
2.631626e-01
2.631626e-01
2.631626e-01
2.631626e-01
2.631626e-01
2.631626e-01
2.631626e-01
2.631626e-01
2.634045e-01
2.634045e-01
2.634045e-01
2.634045e-01
2.634045e-01
2.634045e-01
2.634045e-01
2.634045e-01
2.656457e-01
2.656457e-01
2.656457e-01
2.656457e-01
2.656457e-01
2.656457e-01
2.656457e-01
2.656457e-01
2.669991e-01
2.669991e-01
2.669991e-01
2.669991e-01
2.669991e-01
2.669991e-01
2.669991e-01
2.669991e-01
2.684268e-01
2.684268e-01
2.684268e-01
2.684268e-01
2.690246e-01
2.690246e-01
2.690246e-01
2.690246e-01
2.690246e-01
2.690246e-01
2.690246e-01
2.690246e-01
2.695026e-01
2.695026e-01
2.695026e-01
2.695026e-01
2.695026e-01
2.695026e-01
2.695026e-01
2.695026e-01
2.701459e-01
2.701459e-01
2.701459e-01
2.701459e-01
2.716019e-01
2.716019e-01
2.716019e-01
2.716019e-01
2.717667e-01
2.717667e-01
2.717667e-01
2.717667e-01
2.717667e-01
2.717667e-01
2.717667e-01
2.717667e-01
2.724041e-01
2.724041e-01
2.724041e-01
2.724041e-01
2.724041e-01
2.724041e-01
2.724041e-01
2.724041e-01
2.730218e-01
2.730218e-01
2.730218e-01
2.730218e-01
2.730218e-01
2.730218e-01
2.730218e-01
2.730218e-01
2.752696e-01
2.752696e-01
2.752696e-01
2.752696e-01
2.752696e-01
2.752696e-01
2.752696e-01
2.752696e-01
2.756492e-01
2.756492e-01
2.756492e-01
2.756492e-01
2.756492e-01
2.756492e-01
2.756492e-01
2.756492e-01
2.768603e-01
2.768603e-01
2.768603e-01
2.768603e-01
2.768603e-01
2.768603e-01
2.768603e-01
2.768603e-01
2.771844e-01
2.771844e-01
2.771844e-01
2.771844e-01
2.771844e-01
2.771844e-01
2.771844e-01
2.771844e-01
2.778569e-01
2.778569e-01
2.778569e-01
2.778569e-01
2.778569e-01
2.778569e-01
2.778569e-01
2.778569e-01
2.778848e-01
2.778848e-01
2.778848e-01
2.778848e-01
2.778848e-01
2.778848e-01
2.778848e-01
2.778848e-01
2.794449e-01
2.794449e-01
2.794449e-01
2.794449e-01
2.794449e-01
2.794449e-01
2.794449e-01
2.794449e-01
2.796638e-01
2.796638e-01
2.796638e-01
2.796638e-01
2.796638e-01
2.796638e-01
2.796638e-01
2.796638e-01
2.801482e-01
2.801482e-01
2.801482e-01
2.801482e-01
2.806327e-01
2.806327e-01
2.806327e-01
2.806327e-01
2.806327e-01
2.806327e-01
2.806327e-01
2.806327e-01
2.811726e-01
2.811726e-01
2.811726e-01
2.811726e-01
2.811726e-01
2.811726e-01
2.811726e-01
2.811726e-01
2.819823e-01
2.819823e-01
2.819823e-01
2.819823e-01
2.819823e-01
2.819823e-01
2.819823e-01
2.819823e-01
2.831009e-01
2.831009e-01
2.831009e-01
2.831009e-01
2.831009e-01
2.831009e-01
2.831009e-01
2.831009e-01
2.859062e-01
2.859062e-01
2.859062e-01
2.859062e-01
2.859062e-01
2.859062e-01
2.859062e-01
2.859062e-01
2.863974e-01
2.863974e-01
2.863974e-01
2.863974e-01
2.863974e-01
2.863974e-01
2.863974e-01
2.863974e-01
2.901098e-01
2.901098e-01
2.901098e-01
2.901098e-01
2.909479e-01
2.909479e-01
2.909479e-01
2.909479e-01
2.909479e-01
2.909479e-01
2.909479e-01
2.909479e-01
2.923695e-01
2.923695e-01
2.923695e-01
2.923695e-01
2.926605e-01
2.926605e-01
2.926605e-01
2.926605e-01
2.926605e-01
2.926605e-01
2.926605e-01
2.926605e-01
2.941873e-01
2.941873e-01
2.941873e-01
2.941873e-01
2.941873e-01
2.941873e-01
2.941873e-01
2.941873e-01
2.945182e-01
2.945182e-01
2.945182e-01
2.945182e-01
2.945182e-01
2.945182e-01
2.945182e-01
2.945182e-01
2.948604e-01
2.948604e-01
2.948604e-01
2.948604e-01
3.006549e-01
3.006549e-01
3.006549e-01
3.006549e-01
3.006549e-01
3.006549e-01
3.006549e-01
3.006549e-01
3.019480e-01
3.019480e-01
3.019480e-01
3.019480e-01
3.019480e-01
3.019480e-01
3.019480e-01
3.019480e-01
3.036465e-01
3.036465e-01
3.036465e-01
3.036465e-01
3.044329e-01
3.044329e-01
3.044329e-01
3.044329e-01
3.050615e-01
3.050615e-01
3.050615e-01
3.050615e-01
3.050615e-01
3.050615e-01
3.050615e-01
3.050615e-01
3.072103e-01
3.072103e-01
3.072103e-01
3.072103e-01
3.072103e-01
3.072103e-01
3.072103e-01
3.072103e-01
3.074132e-01
3.074132e-01
3.074132e-01
3.074132e-01
3.074132e-01
3.074132e-01
3.074132e-01
3.074132e-01
3.082004e-01
3.082004e-01
3.082004e-01
3.082004e-01
3.082004e-01
3.082004e-01
3.082004e-01
3.082004e-01
3.082004e-01
3.082004e-01
3.082004e-01
3.082004e-01
3.082004e-01
3.082004e-01
3.082004e-01
3.082004e-01
3.082004e-01
3.082004e-01
3.082004e-01
3.082004e-01
3.082004e-01
3.082004e-01
3.082004e-01
3.082004e-01
3.082004e-01
3.082004e-01
3.082004e-01
3.082004e-01
3.082004e-01
3.082004e-01
3.082004e-01
3.082004e-01
3.088755e-01
3.088755e-01
3.088755e-01
3.088755e-01
3.105215e-01
3.105215e-01
3.105215e-01
3.105215e-01
3.105215e-01
3.105215e-01
3.105215e-01
3.105215e-01
3.105946e-01
3.105946e-01
3.105946e-01
3.105946e-01
3.105946e-01
3.105946e-01
3.105946e-01
3.105946e-01
3.107983e-01
3.107983e-01
3.107983e-01
3.107983e-01
3.107983e-01
3.107983e-01
3.107983e-01
3.107983e-01
3.136762e-01
3.136762e-01
3.136762e-01
3.136762e-01
3.136762e-01
3.136762e-01
3.136762e-01
3.136762e-01
3.139914e-01
3.139914e-01
3.139914e-01
3.139914e-01
3.139914e-01
3.139914e-01
3.139914e-01
3.139914e-01
3.164457e-01
3.164457e-01
3.164457e-01
3.164457e-01
3.164457e-01
3.164457e-01
3.164457e-01
3.164457e-01
3.165044e-01
3.165044e-01
3.165044e-01
3.165044e-01
3.165044e-01
3.165044e-01
3.165044e-01
3.165044e-01
3.170712e-01
3.170712e-01
3.170712e-01
3.170712e-01
3.170712e-01
3.170712e-01
3.170712e-01
3.170712e-01
3.181978e-01
3.181978e-01
3.181978e-01
3.181978e-01
3.182569e-01
3.182569e-01
3.182569e-01
3.182569e-01
3.182569e-01
3.182569e-01
3.182569e-01
3.182569e-01
3.184777e-01
3.184777e-01
3.184777e-01
3.184777e-01
3.184777e-01
3.184777e-01
3.184777e-01
3.184777e-01
3.196624e-01
3.196624e-01
3.196624e-01
3.196624e-01
3.196624e-01
3.196624e-01
3.196624e-01
3.196624e-01
3.204666e-01
3.204666e-01
3.204666e-01
3.204666e-01
3.204666e-01
3.204666e-01
3.204666e-01
3.204666e-01
3.215337e-01
3.215337e-01
3.215337e-01
3.215337e-01
3.215337e-01
3.215337e-01
3.215337e-01
3.215337e-01
3.229266e-01
3.229266e-01
3.229266e-01
3.229266e-01
3.229266e-01
3.229266e-01
3.229266e-01
3.229266e-01
3.233453e-01
3.233453e-01
3.233453e-01
3.233453e-01
3.233453e-01
3.233453e-01
3.233453e-01
3.233453e-01
3.243435e-01
3.243435e-01
3.243435e-01
3.243435e-01
3.244684e-01
3.244684e-01
3.244684e-01
3.244684e-01
3.244684e-01
3.244684e-01
3.244684e-01
3.244684e-01
3.246466e-01
3.246466e-01
3.246466e-01
3.246466e-01
3.246466e-01
3.246466e-01
3.246466e-01
3.246466e-01
3.252689e-01
3.252689e-01
3.252689e-01
3.252689e-01
3.252689e-01
3.252689e-01
3.252689e-01
3.252689e-01
3.256410e-01
3.256410e-01
3.256410e-01
3.256410e-01
3.256410e-01
3.256410e-01
3.256410e-01
3.256410e-01
3.259444e-01
3.259444e-01
3.259444e-01
3.259444e-01
3.259444e-01
3.259444e-01
3.259444e-01
3.259444e-01
3.275440e-01
3.275440e-01
3.275440e-01
3.275440e-01
3.282345e-01
3.282345e-01
3.282345e-01
3.282345e-01
3.282345e-01
3.282345e-01
3.282345e-01
3.282345e-01
3.292749e-01
3.292749e-01
3.292749e-01
3.292749e-01
3.292749e-01
3.292749e-01
3.292749e-01
3.292749e-01
3.311025e-01
3.311025e-01
3.311025e-01
3.311025e-01
3.311025e-01
3.311025e-01
3.311025e-01
3.311025e-01
3.319028e-01
3.319028e-01
3.319028e-01
3.319028e-01
3.319028e-01
3.319028e-01
3.319028e-01
3.319028e-01
3.338049e-01
3.338049e-01
3.338049e-01
3.338049e-01
3.338049e-01
3.338049e-01
3.338049e-01
3.338049e-01
3.340466e-01
3.340466e-01
3.340466e-01
3.340466e-01
3.340466e-01
3.340466e-01
3.340466e-01
3.340466e-01
3.361767e-01
3.361767e-01
3.361767e-01
3.361767e-01
3.361767e-01
3.361767e-01
3.361767e-01
3.361767e-01
3.375236e-01
3.375236e-01
3.375236e-01
3.375236e-01
3.396334e-01
3.396334e-01
3.396334e-01
3.396334e-01
3.396334e-01
3.396334e-01
3.396334e-01
3.396334e-01
3.423457e-01
3.423457e-01
3.423457e-01
3.423457e-01
3.423457e-01
3.423457e-01
3.423457e-01
3.423457e-01
3.424140e-01
3.424140e-01
3.424140e-01
3.424140e-01
3.430215e-01
3.430215e-01
3.430215e-01
3.430215e-01
3.433565e-01
3.433565e-01
3.433565e-01
3.433565e-01
3.433565e-01
3.433565e-01
3.433565e-01
3.433565e-01
3.438261e-01
3.438261e-01
3.438261e-01
3.438261e-01
3.438261e-01
3.438261e-01
3.438261e-01
3.438261e-01
3.483988e-01
3.483988e-01
3.483988e-01
3.483988e-01
3.483988e-01
3.483988e-01
3.483988e-01
3.483988e-01
3.486570e-01
3.486570e-01
3.486570e-01
3.486570e-01
3.486570e-01
3.486570e-01
3.486570e-01
3.486570e-01
3.493799e-01
3.493799e-01
3.493799e-01
3.493799e-01
3.493799e-01
3.493799e-01
3.493799e-01
3.493799e-01
3.517440e-01
3.517440e-01
3.517440e-01
3.517440e-01
3.526328e-01
3.526328e-01
3.526328e-01
3.526328e-01
3.527374e-01
3.527374e-01
3.527374e-01
3.527374e-01
3.527374e-01
3.527374e-01
3.527374e-01
3.527374e-01
3.536201e-01
3.536201e-01
3.536201e-01
3.536201e-01
3.536201e-01
3.536201e-01
3.536201e-01
3.536201e-01
3.536201e-01
3.536201e-01
3.536201e-01
3.536201e-01
3.536201e-01
3.536201e-01
3.536201e-01
3.536201e-01
3.536201e-01
3.536201e-01
3.536201e-01
3.536201e-01
3.536201e-01
3.536201e-01
3.536201e-01
3.536201e-01
3.536201e-01
3.536201e-01
3.536201e-01
3.536201e-01
3.536201e-01
3.536201e-01
3.536201e-01
3.536201e-01
3.542300e-01
3.542300e-01
3.542300e-01
3.542300e-01
3.542300e-01
3.542300e-01
3.542300e-01
3.542300e-01
3.542984e-01
3.542984e-01
3.542984e-01
3.542984e-01
3.546026e-01
3.546026e-01
3.546026e-01
3.546026e-01
3.546026e-01
3.546026e-01
3.546026e-01
3.546026e-01
3.548087e-01
3.548087e-01
3.548087e-01
3.548087e-01
3.548087e-01
3.548087e-01
3.548087e-01
3.548087e-01
3.548524e-01
3.548524e-01
3.548524e-01
3.548524e-01
3.548524e-01
3.548524e-01
3.548524e-01
3.548524e-01
3.554211e-01
3.554211e-01
3.554211e-01
3.554211e-01
3.554211e-01
3.554211e-01
3.554211e-01
3.554211e-01
3.555443e-01
3.555443e-01
3.555443e-01
3.555443e-01
3.555443e-01
3.555443e-01
3.555443e-01
3.555443e-01
3.562301e-01
3.562301e-01
3.562301e-01
3.562301e-01
3.562301e-01
3.562301e-01
3.562301e-01
3.562301e-01
3.563373e-01
3.563373e-01
3.563373e-01
3.563373e-01
3.563373e-01
3.563373e-01
3.563373e-01
3.563373e-01
3.591212e-01
3.591212e-01
3.591212e-01
3.591212e-01
3.591212e-01
3.591212e-01
3.591212e-01
3.591212e-01
3.594055e-01
3.594055e-01
3.594055e-01
3.594055e-01
3.594055e-01
3.594055e-01
3.594055e-01
3.594055e-01
3.598662e-01
3.598662e-01
3.598662e-01
3.598662e-01
3.598662e-01
3.598662e-01
3.598662e-01
3.598662e-01
3.616537e-01
3.616537e-01
3.616537e-01
3.616537e-01
3.616537e-01
3.616537e-01
3.616537e-01
3.616537e-01
3.619444e-01
3.619444e-01
3.619444e-01
3.619444e-01
3.624815e-01
3.624815e-01
3.624815e-01
3.624815e-01
3.624815e-01
3.624815e-01
3.624815e-01
3.624815e-01
3.625316e-01
3.625316e-01
3.625316e-01
3.625316e-01
3.625316e-01
3.625316e-01
3.625316e-01
3.625316e-01
3.630674e-01
3.630674e-01
3.630674e-01
3.630674e-01
3.636633e-01
3.636633e-01
3.636633e-01
3.636633e-01
3.659422e-01
3.659422e-01
3.659422e-01
3.659422e-01
3.659422e-01
3.659422e-01
3.659422e-01
3.659422e-01
3.663118e-01
3.663118e-01
3.663118e-01
3.663118e-01
3.665093e-01
3.665093e-01
3.665093e-01
3.665093e-01
3.665093e-01
3.665093e-01
3.665093e-01
3.665093e-01
3.671155e-01
3.671155e-01
3.671155e-01
3.671155e-01
3.671155e-01
3.671155e-01
3.671155e-01
3.671155e-01
3.688336e-01
3.688336e-01
3.688336e-01
3.688336e-01
3.688336e-01
3.688336e-01
3.688336e-01
3.688336e-01
3.701034e-01
3.701034e-01
3.701034e-01
3.701034e-01
3.701034e-01
3.701034e-01
3.701034e-01
3.701034e-01
3.707657e-01
3.707657e-01
3.707657e-01
3.707657e-01
3.707657e-01
3.707657e-01
3.707657e-01
3.707657e-01
3.714442e-01
3.714442e-01
3.714442e-01
3.714442e-01
3.714442e-01
3.714442e-01
3.714442e-01
3.714442e-01
3.721045e-01
3.721045e-01
3.721045e-01
3.721045e-01
3.721045e-01
3.721045e-01
3.721045e-01
3.721045e-01
3.723069e-01
3.723069e-01
3.723069e-01
3.723069e-01
3.723069e-01
3.723069e-01
3.723069e-01
3.723069e-01
3.739199e-01
3.739199e-01
3.739199e-01
3.739199e-01
3.739199e-01
3.739199e-01
3.739199e-01
3.739199e-01
3.747892e-01
3.747892e-01
3.747892e-01
3.747892e-01
3.747892e-01
3.747892e-01
3.747892e-01
3.747892e-01
3.764702e-01
3.764702e-01
3.764702e-01
3.764702e-01
3.764893e-01
3.764893e-01
3.764893e-01
3.764893e-01
3.765225e-01
3.765225e-01
3.765225e-01
3.765225e-01
3.765225e-01
3.765225e-01
3.765225e-01
3.765225e-01
3.778628e-01
3.778628e-01
3.778628e-01
3.778628e-01
3.778628e-01
3.778628e-01
3.778628e-01
3.778628e-01
3.793588e-01
3.793588e-01
3.793588e-01
3.793588e-01
3.793588e-01
3.793588e-01
3.793588e-01
3.793588e-01
3.802034e-01
3.802034e-01
3.802034e-01
3.802034e-01
3.802034e-01
3.802034e-01
3.802034e-01
3.802034e-01
3.827450e-01
3.827450e-01
3.827450e-01
3.827450e-01
3.827450e-01
3.827450e-01
3.827450e-01
3.827450e-01
3.863997e-01
3.863997e-01
3.863997e-01
3.863997e-01
3.864716e-01
3.864716e-01
3.864716e-01
3.864716e-01
3.865838e-01
3.865838e-01
3.865838e-01
3.865838e-01
3.865838e-01
3.865838e-01
3.865838e-01
3.865838e-01
3.870697e-01
3.870697e-01
3.870697e-01
3.870697e-01
3.870697e-01
3.870697e-01
3.870697e-01
3.870697e-01
3.878105e-01
3.878105e-01
3.878105e-01
3.878105e-01
3.878105e-01
3.878105e-01
3.878105e-01
3.878105e-01
3.879151e-01
3.879151e-01
3.879151e-01
3.879151e-01
3.879151e-01
3.879151e-01
3.879151e-01
3.879151e-01
3.885937e-01
3.885937e-01
3.885937e-01
3.885937e-01
3.899088e-01
3.899088e-01
3.899088e-01
3.899088e-01
3.916262e-01
3.916262e-01
3.916262e-01
3.916262e-01
3.916262e-01
3.916262e-01
3.916262e-01
3.916262e-01
3.916948e-01
3.916948e-01
3.916948e-01
3.916948e-01
3.916948e-01
3.916948e-01
3.916948e-01
3.916948e-01
3.936895e-01
3.936895e-01
3.936895e-01
3.936895e-01
3.936895e-01
3.936895e-01
3.936895e-01
3.936895e-01
3.938670e-01
3.938670e-01
3.938670e-01
3.938670e-01
3.938670e-01
3.938670e-01
3.938670e-01
3.938670e-01
3.943889e-01
3.943889e-01
3.943889e-01
3.943889e-01
3.943889e-01
3.943889e-01
3.943889e-01
3.943889e-01
3.943889e-01
3.943889e-01
3.943889e-01
3.943889e-01
3.943889e-01
3.943889e-01
3.943889e-01
3.943889e-01
3.943889e-01
3.943889e-01
3.943889e-01
3.943889e-01
3.943889e-01
3.943889e-01
3.943889e-01
3.943889e-01
3.943889e-01
3.943889e-01
3.943889e-01
3.943889e-01
3.943889e-01
3.943889e-01
3.943889e-01
3.943889e-01
3.949903e-01
3.949903e-01
3.949903e-01
3.949903e-01
3.949903e-01
3.949903e-01
3.949903e-01
3.949903e-01
3.950703e-01
3.950703e-01
3.950703e-01
3.950703e-01
3.957486e-01
3.957486e-01
3.957486e-01
3.957486e-01
3.957486e-01
3.957486e-01
3.957486e-01
3.957486e-01
3.967132e-01
3.967132e-01
3.967132e-01
3.967132e-01
3.967132e-01
3.967132e-01
3.967132e-01
3.967132e-01
3.970107e-01
3.970107e-01
3.970107e-01
3.970107e-01
3.970107e-01
3.970107e-01
3.970107e-01
3.970107e-01
3.982437e-01
3.982437e-01
3.982437e-01
3.982437e-01
3.983514e-01
3.983514e-01
3.983514e-01
3.983514e-01
3.983514e-01
3.983514e-01
3.983514e-01
3.983514e-01
3.999148e-01
3.999148e-01
3.999148e-01
3.999148e-01
3.999148e-01
3.999148e-01
3.999148e-01
3.999148e-01
4.000574e-01
4.000574e-01
4.000574e-01
4.000574e-01
4.010430e-01
4.010430e-01
4.010430e-01
4.010430e-01
4.010430e-01
4.010430e-01
4.010430e-01
4.010430e-01
4.020795e-01
4.020795e-01
4.020795e-01
4.020795e-01
4.020795e-01
4.020795e-01
4.020795e-01
4.020795e-01
4.033404e-01
4.033404e-01
4.033404e-01
4.033404e-01
4.033404e-01
4.033404e-01
4.033404e-01
4.033404e-01
4.038338e-01
4.038338e-01
4.038338e-01
4.038338e-01
4.038338e-01
4.038338e-01
4.038338e-01
4.038338e-01
4.040306e-01
4.040306e-01
4.040306e-01
4.040306e-01
4.040306e-01
4.040306e-01
4.040306e-01
4.040306e-01
4.044770e-01
4.044770e-01
4.044770e-01
4.044770e-01
4.056200e-01
4.056200e-01
4.056200e-01
4.056200e-01
4.056200e-01
4.056200e-01
4.056200e-01
4.056200e-01
4.067660e-01
4.067660e-01
4.067660e-01
4.067660e-01
4.067660e-01
4.067660e-01
4.067660e-01
4.067660e-01
4.070322e-01
4.070322e-01
4.070322e-01
4.070322e-01
4.074528e-01
4.074528e-01
4.074528e-01
4.074528e-01
4.074528e-01
4.074528e-01
4.074528e-01
4.074528e-01
4.077926e-01
4.077926e-01
4.077926e-01
4.077926e-01
4.077926e-01
4.077926e-01
4.077926e-01
4.077926e-01
4.095706e-01
4.095706e-01
4.095706e-01
4.095706e-01
4.095706e-01
4.095706e-01
4.095706e-01
4.095706e-01
4.096701e-01
4.096701e-01
4.096701e-01
4.096701e-01
4.096701e-01
4.096701e-01
4.096701e-01
4.096701e-01
4.099610e-01
4.099610e-01
4.099610e-01
4.099610e-01
4.099610e-01
4.099610e-01
4.099610e-01
4.099610e-01
4.102248e-01
4.102248e-01
4.102248e-01
4.102248e-01
4.102248e-01
4.102248e-01
4.102248e-01
4.102248e-01
4.112027e-01
4.112027e-01
4.112027e-01
4.112027e-01
4.112027e-01
4.112027e-01
4.112027e-01
4.112027e-01
4.116106e-01
4.116106e-01
4.116106e-01
4.116106e-01
4.116106e-01
4.116106e-01
4.116106e-01
4.116106e-01
4.121738e-01
4.121738e-01
4.121738e-01
4.121738e-01
4.121738e-01
4.121738e-01
4.121738e-01
4.121738e-01
4.122920e-01
4.122920e-01
4.122920e-01
4.122920e-01
4.122920e-01
4.122920e-01
4.122920e-01
4.122920e-01
4.138542e-01
4.138542e-01
4.138542e-01
4.138542e-01
4.138542e-01
4.138542e-01
4.138542e-01
4.138542e-01
4.156515e-01
4.156515e-01
4.156515e-01
4.156515e-01
4.156515e-01
4.156515e-01
4.156515e-01
4.156515e-01
4.161172e-01
4.161172e-01
4.161172e-01
4.161172e-01
4.161172e-01
4.161172e-01
4.161172e-01
4.161172e-01
4.173882e-01
4.173882e-01
4.173882e-01
4.173882e-01
4.173882e-01
4.173882e-01
4.173882e-01
4.173882e-01
4.196120e-01
4.196120e-01
4.196120e-01
4.196120e-01
4.196120e-01
4.196120e-01
4.196120e-01
4.196120e-01
4.211138e-01
4.211138e-01
4.211138e-01
4.211138e-01
4.211138e-01
4.211138e-01
4.211138e-01
4.211138e-01
4.214054e-01
4.214054e-01
4.214054e-01
4.214054e-01
4.214054e-01
4.214054e-01
4.214054e-01
4.214054e-01
4.215828e-01
4.215828e-01
4.215828e-01
4.215828e-01
4.219076e-01
4.219076e-01
4.219076e-01
4.219076e-01
4.219076e-01
4.219076e-01
4.219076e-01
4.219076e-01
4.222240e-01
4.222240e-01
4.222240e-01
4.222240e-01
4.222240e-01
4.222240e-01
4.222240e-01
4.222240e-01
4.249043e-01
4.249043e-01
4.249043e-01
4.249043e-01
4.251681e-01
4.251681e-01
4.251681e-01
4.251681e-01
4.251681e-01
4.251681e-01
4.251681e-01
4.251681e-01
4.253531e-01
4.253531e-01
4.253531e-01
4.253531e-01
4.253531e-01
4.253531e-01
4.253531e-01
4.253531e-01
4.256508e-01
4.256508e-01
4.256508e-01
4.256508e-01
4.256508e-01
4.256508e-01
4.256508e-01
4.256508e-01
4.259182e-01
4.259182e-01
4.259182e-01
4.259182e-01
4.259182e-01
4.259182e-01
4.259182e-01
4.259182e-01
4.282978e-01
4.282978e-01
4.282978e-01
4.282978e-01
4.282978e-01
4.282978e-01
4.282978e-01
4.282978e-01
4.285625e-01
4.285625e-01
4.285625e-01
4.285625e-01
4.285625e-01
4.285625e-01
4.285625e-01
4.285625e-01
4.285625e-01
4.285625e-01
4.285625e-01
4.285625e-01
4.285625e-01
4.285625e-01
4.285625e-01
4.285625e-01
4.285625e-01
4.285625e-01
4.285625e-01
4.285625e-01
4.285625e-01
4.285625e-01
4.285625e-01
4.285625e-01
4.285625e-01
4.285625e-01
4.285625e-01
4.285625e-01
4.285625e-01
4.285625e-01
4.285625e-01
4.285625e-01
4.288331e-01
4.288331e-01
4.288331e-01
4.288331e-01
4.288331e-01
4.288331e-01
4.288331e-01
4.288331e-01
4.292468e-01
4.292468e-01
4.292468e-01
4.292468e-01
4.295145e-01
4.295145e-01
4.295145e-01
4.295145e-01
4.301990e-01
4.301990e-01
4.301990e-01
4.301990e-01
4.301990e-01
4.301990e-01
4.301990e-01
4.301990e-01
4.310053e-01
4.310053e-01
4.310053e-01
4.310053e-01
4.310053e-01
4.310053e-01
4.310053e-01
4.310053e-01
4.311952e-01
4.311952e-01
4.311952e-01
4.311952e-01
4.311952e-01
4.311952e-01
4.311952e-01
4.311952e-01
4.311957e-01
4.311957e-01
4.311957e-01
4.311957e-01
4.311957e-01
4.311957e-01
4.311957e-01
4.311957e-01
4.317037e-01
4.317037e-01
4.317037e-01
4.317037e-01
4.327069e-01
4.327069e-01
4.327069e-01
4.327069e-01
4.327069e-01
4.327069e-01
4.327069e-01
4.327069e-01
4.337044e-01
4.337044e-01
4.337044e-01
4.337044e-01
4.337044e-01
4.337044e-01
4.337044e-01
4.337044e-01
4.338814e-01
4.338814e-01
4.338814e-01
4.338814e-01
4.341123e-01
4.341123e-01
4.341123e-01
4.341123e-01
4.341123e-01
4.341123e-01
4.341123e-01
4.341123e-01
4.349311e-01
4.349311e-01
4.349311e-01
4.349311e-01
4.352921e-01
4.352921e-01
4.352921e-01
4.352921e-01
4.352921e-01
4.352921e-01
4.352921e-01
4.352921e-01
4.355493e-01
4.355493e-01
4.355493e-01
4.355493e-01
4.358360e-01
4.358360e-01
4.358360e-01
4.358360e-01
4.358360e-01
4.358360e-01
4.358360e-01
4.358360e-01
4.374498e-01
4.374498e-01
4.374498e-01
4.374498e-01
4.374498e-01
4.374498e-01
4.374498e-01
4.374498e-01
4.375526e-01
4.375526e-01
4.375526e-01
4.375526e-01
4.375526e-01
4.375526e-01
4.375526e-01
4.375526e-01
4.386942e-01
4.386942e-01
4.386942e-01
4.386942e-01
4.389153e-01
4.389153e-01
4.389153e-01
4.389153e-01
4.389153e-01
4.389153e-01
4.389153e-01
4.389153e-01
4.392043e-01
4.392043e-01
4.392043e-01
4.392043e-01
4.409930e-01
4.409930e-01
4.409930e-01
4.409930e-01
4.409930e-01
4.409930e-01
4.409930e-01
4.409930e-01
4.420150e-01
4.420150e-01
4.420150e-01
4.420150e-01
4.420150e-01
4.420150e-01
4.420150e-01
4.420150e-01
4.425752e-01
4.425752e-01
4.425752e-01
4.425752e-01
4.425752e-01
4.425752e-01
4.425752e-01
4.425752e-01
4.439095e-01
4.439095e-01
4.439095e-01
4.439095e-01
4.439095e-01
4.439095e-01
4.439095e-01
4.439095e-01
4.441937e-01
4.441937e-01
4.441937e-01
4.441937e-01
4.441937e-01
4.441937e-01
4.441937e-01
4.441937e-01
4.453491e-01
4.453491e-01
4.453491e-01
4.453491e-01
4.453590e-01
4.453590e-01
4.453590e-01
4.453590e-01
4.453590e-01
4.453590e-01
4.453590e-01
4.453590e-01
4.458583e-01
4.458583e-01
4.458583e-01
4.458583e-01
4.458583e-01
4.458583e-01
4.458583e-01
4.458583e-01
4.460383e-01
4.460383e-01
4.460383e-01
4.460383e-01
4.460383e-01
4.460383e-01
4.460383e-01
4.460383e-01
4.465426e-01
4.465426e-01
4.465426e-01
4.465426e-01
4.465426e-01
4.465426e-01
4.465426e-01
4.465426e-01
4.468391e-01
4.468391e-01
4.468391e-01
4.468391e-01
4.468391e-01
4.468391e-01
4.468391e-01
4.468391e-01
4.471189e-01
4.471189e-01
4.471189e-01
4.471189e-01
4.471189e-01
4.471189e-01
4.471189e-01
4.471189e-01
4.481027e-01
4.481027e-01
4.481027e-01
4.481027e-01
4.481027e-01
4.481027e-01
4.481027e-01
4.481027e-01
4.489886e-01
4.489886e-01
4.489886e-01
4.489886e-01
4.489886e-01
4.489886e-01
4.489886e-01
4.489886e-01
4.490934e-01
4.490934e-01
4.490934e-01
4.490934e-01
4.490934e-01
4.490934e-01
4.490934e-01
4.490934e-01
4.499164e-01
4.499164e-01
4.499164e-01
4.499164e-01
4.499164e-01
4.499164e-01
4.499164e-01
4.499164e-01
4.499568e-01
4.499568e-01
4.499568e-01
4.499568e-01
4.511256e-01
4.511256e-01
4.511256e-01
4.511256e-01
4.511256e-01
4.511256e-01
4.511256e-01
4.511256e-01
4.517342e-01
4.517342e-01
4.517342e-01
4.517342e-01
4.517342e-01
4.517342e-01
4.517342e-01
4.517342e-01
4.523337e-01
4.523337e-01
4.523337e-01
4.523337e-01
4.523337e-01
4.523337e-01
4.523337e-01
4.523337e-01
4.530983e-01
4.530983e-01
4.530983e-01
4.530983e-01
4.530983e-01
4.530983e-01
4.530983e-01
4.530983e-01
4.531904e-01
4.531904e-01
4.531904e-01
4.531904e-01
4.531904e-01
4.531904e-01
4.531904e-01
4.531904e-01
4.536008e-01
4.536008e-01
4.536008e-01
4.536008e-01
4.536008e-01
4.536008e-01
4.536008e-01
4.536008e-01
4.544141e-01
4.544141e-01
4.544141e-01
4.544141e-01
4.544141e-01
4.544141e-01
4.544141e-01
4.544141e-01
4.544141e-01
4.544141e-01
4.544141e-01
4.544141e-01
4.544141e-01
4.544141e-01
4.544141e-01
4.544141e-01
4.544141e-01
4.544141e-01
4.544141e-01
4.544141e-01
4.544141e-01
4.544141e-01
4.544141e-01
4.544141e-01
4.544141e-01
4.544141e-01
4.544141e-01
4.544141e-01
4.544141e-01
4.544141e-01
4.544141e-01
4.544141e-01
4.545101e-01
4.545101e-01
4.545101e-01
4.545101e-01
4.551010e-01
4.551010e-01
4.551010e-01
4.551010e-01
4.570574e-01
4.570574e-01
4.570574e-01
4.570574e-01
4.570574e-01
4.570574e-01
4.570574e-01
4.570574e-01
4.590146e-01
4.590146e-01
4.590146e-01
4.590146e-01
4.590146e-01
4.590146e-01
4.590146e-01
4.590146e-01
4.592552e-01
4.592552e-01
4.592552e-01
4.592552e-01
4.592552e-01
4.592552e-01
4.592552e-01
4.592552e-01
4.593701e-01
4.593701e-01
4.593701e-01
4.593701e-01
4.593701e-01
4.593701e-01
4.593701e-01
4.593701e-01
4.597413e-01
4.597413e-01
4.597413e-01
4.597413e-01
4.599852e-01
4.599852e-01
4.599852e-01
4.599852e-01
4.599852e-01
4.599852e-01
4.599852e-01
4.599852e-01
4.600878e-01
4.600878e-01
4.600878e-01
4.600878e-01
4.604294e-01
4.604294e-01
4.604294e-01
4.604294e-01
4.604294e-01
4.604294e-01
4.604294e-01
4.604294e-01
4.606577e-01
4.606577e-01
4.606577e-01
4.606577e-01
4.606577e-01
4.606577e-01
4.606577e-01
4.606577e-01
4.627680e-01
4.627680e-01
4.627680e-01
4.627680e-01
4.627680e-01
4.627680e-01
4.627680e-01
4.627680e-01
4.631535e-01
4.631535e-01
4.631535e-01
4.631535e-01
4.631535e-01
4.631535e-01
4.631535e-01
4.631535e-01
4.632799e-01
4.632799e-01
4.632799e-01
4.632799e-01
4.632799e-01
4.632799e-01
4.632799e-01
4.632799e-01
4.634388e-01
4.634388e-01
4.634388e-01
4.634388e-01
4.634388e-01
4.634388e-01
4.634388e-01
4.634388e-01
4.634572e-01
4.634572e-01
4.634572e-01
4.634572e-01
4.634572e-01
4.634572e-01
4.634572e-01
4.634572e-01
4.638378e-01
4.638378e-01
4.638378e-01
4.638378e-01
4.638497e-01
4.638497e-01
4.638497e-01
4.638497e-01
4.638497e-01
4.638497e-01
4.638497e-01
4.638497e-01
4.645848e-01
4.645848e-01
4.645848e-01
4.645848e-01
4.646430e-01
4.646430e-01
4.646430e-01
4.646430e-01
4.646430e-01
4.646430e-01
4.646430e-01
4.646430e-01
4.652634e-01
4.652634e-01
4.652634e-01
4.652634e-01
4.652634e-01
4.652634e-01
4.652634e-01
4.652634e-01
4.654199e-01
4.654199e-01
4.654199e-01
4.654199e-01
4.654199e-01
4.654199e-01
4.654199e-01
4.654199e-01
4.668924e-01
4.668924e-01
4.668924e-01
4.668924e-01
4.668924e-01
4.668924e-01
4.668924e-01
4.668924e-01
4.669882e-01
4.669882e-01
4.669882e-01
4.669882e-01
4.669882e-01
4.669882e-01
4.669882e-01
4.669882e-01
4.683574e-01
4.683574e-01
4.683574e-01
4.683574e-01
4.683574e-01
4.683574e-01
4.683574e-01
4.683574e-01
4.690498e-01
4.690498e-01
4.690498e-01
4.690498e-01
4.690498e-01
4.690498e-01
4.690498e-01
4.690498e-01
4.696494e-01
4.696494e-01
4.696494e-01
4.696494e-01
4.696494e-01
4.696494e-01
4.696494e-01
4.696494e-01
4.698202e-01
4.698202e-01
4.698202e-01
4.698202e-01
4.698202e-01
4.698202e-01
4.698202e-01
4.698202e-01
4.701860e-01
4.701860e-01
4.701860e-01
4.701860e-01
4.705130e-01
4.705130e-01
4.705130e-01
4.705130e-01
4.705130e-01
4.705130e-01
4.705130e-01
4.705130e-01
4.705477e-01
4.705477e-01
4.705477e-01
4.705477e-01
4.705477e-01
4.705477e-01
4.705477e-01
4.705477e-01
4.705477e-01
4.705477e-01
4.705477e-01
4.705477e-01
4.705477e-01
4.705477e-01
4.705477e-01
4.705477e-01
4.705477e-01
4.705477e-01
4.705477e-01
4.705477e-01
4.705477e-01
4.705477e-01
4.705477e-01
4.705477e-01
4.705477e-01
4.705477e-01
4.705477e-01
4.705477e-01
4.705477e-01
4.705477e-01
4.705477e-01
4.705477e-01
4.706726e-01
4.706726e-01
4.706726e-01
4.706726e-01
4.707655e-01
4.707655e-01
4.707655e-01
4.707655e-01
4.712365e-01
4.712365e-01
4.712365e-01
4.712365e-01
4.717764e-01
4.717764e-01
4.717764e-01
4.717764e-01
4.717764e-01
4.717764e-01
4.717764e-01
4.717764e-01
4.718223e-01
4.718223e-01
4.718223e-01
4.718223e-01
4.718223e-01
4.718223e-01
4.718223e-01
4.718223e-01
4.724634e-01
4.724634e-01
4.724634e-01
4.724634e-01
4.724634e-01
4.724634e-01
4.724634e-01
4.724634e-01
4.731983e-01
4.731983e-01
4.731983e-01
4.731983e-01
4.731983e-01
4.731983e-01
4.731983e-01
4.731983e-01
4.733448e-01
4.733448e-01
4.733448e-01
4.733448e-01
4.735678e-01
4.735678e-01
4.735678e-01
4.735678e-01
4.737414e-01
4.737414e-01
4.737414e-01
4.737414e-01
4.737414e-01
4.737414e-01
4.737414e-01
4.737414e-01
4.740731e-01
4.740731e-01
4.740731e-01
4.740731e-01
4.740731e-01
4.740731e-01
4.740731e-01
4.740731e-01
4.752873e-01
4.752873e-01
4.752873e-01
4.752873e-01
4.752873e-01
4.752873e-01
4.752873e-01
4.752873e-01
4.758501e-01
4.758501e-01
4.758501e-01
4.758501e-01
4.758501e-01
4.758501e-01
4.758501e-01
4.758501e-01
4.761342e-01
4.761342e-01
4.761342e-01
4.761342e-01
4.761342e-01
4.761342e-01
4.761342e-01
4.761342e-01
4.763901e-01
4.763901e-01
4.763901e-01
4.763901e-01
4.763901e-01
4.763901e-01
4.763901e-01
4.763901e-01
4.768892e-01
4.768892e-01
4.768892e-01
4.768892e-01
4.768892e-01
4.768892e-01
4.768892e-01
4.768892e-01
4.770750e-01
4.770750e-01
4.770750e-01
4.770750e-01
4.770750e-01
4.770750e-01
4.770750e-01
4.770750e-01
4.771345e-01
4.771345e-01
4.771345e-01
4.771345e-01
4.771345e-01
4.771345e-01
4.771345e-01
4.771345e-01
4.778227e-01
4.778227e-01
4.778227e-01
4.778227e-01
4.778227e-01
4.778227e-01
4.778227e-01
4.778227e-01
4.782248e-01
4.782248e-01
4.782248e-01
4.782248e-01
4.782248e-01
4.782248e-01
4.782248e-01
4.782248e-01
4.784733e-01
4.784733e-01
4.784733e-01
4.784733e-01
4.784733e-01
4.784733e-01
4.784733e-01
4.784733e-01
4.785633e-01
4.785633e-01
4.785633e-01
4.785633e-01
4.785633e-01
4.785633e-01
4.785633e-01
4.785633e-01
4.795974e-01
4.795974e-01
4.795974e-01
4.795974e-01
4.795974e-01
4.795974e-01
4.795974e-01
4.795974e-01
4.797826e-01
4.797826e-01
4.797826e-01
4.797826e-01
4.797826e-01
4.797826e-01
4.797826e-01
4.797826e-01
4.801876e-01
4.801876e-01
4.801876e-01
4.801876e-01
4.806146e-01
4.806146e-01
4.806146e-01
4.806146e-01
4.806146e-01
4.806146e-01
4.806146e-01
4.806146e-01
4.807466e-01
4.807466e-01
4.807466e-01
4.807466e-01
4.808217e-01
4.808217e-01
4.808217e-01
4.808217e-01
4.808768e-01
4.808768e-01
4.808768e-01
4.808768e-01
4.808768e-01
4.808768e-01
4.808768e-01
4.808768e-01
4.808768e-01
4.808768e-01
4.808768e-01
4.808768e-01
4.808768e-01
4.808768e-01
4.808768e-01
4.808768e-01
4.808768e-01
4.808768e-01
4.808768e-01
4.808768e-01
4.808768e-01
4.808768e-01
4.808768e-01
4.808768e-01
4.808768e-01
4.808768e-01
4.808768e-01
4.808768e-01
4.808768e-01
4.808768e-01
4.808768e-01
4.808768e-01
4.827159e-01
4.827159e-01
4.827159e-01
4.827159e-01
4.827159e-01
4.827159e-01
4.827159e-01
4.827159e-01
4.829528e-01
4.829528e-01
4.829528e-01
4.829528e-01
4.830606e-01
4.830606e-01
4.830606e-01
4.830606e-01
4.830606e-01
4.830606e-01
4.830606e-01
4.830606e-01
4.831085e-01
4.831085e-01
4.831085e-01
4.831085e-01
4.832490e-01
4.832490e-01
4.832490e-01
4.832490e-01
4.832490e-01
4.832490e-01
4.832490e-01
4.832490e-01
4.837952e-01
4.837952e-01
4.837952e-01
4.837952e-01
4.837952e-01
4.837952e-01
4.837952e-01
4.837952e-01
4.843644e-01
4.843644e-01
4.843644e-01
4.843644e-01
4.843644e-01
4.843644e-01
4.843644e-01
4.843644e-01
4.850279e-01
4.850279e-01
4.850279e-01
4.850279e-01
4.859965e-01
4.859965e-01
4.859965e-01
4.859965e-01
4.859965e-01
4.859965e-01
4.859965e-01
4.859965e-01
4.861761e-01
4.861761e-01
4.861761e-01
4.861761e-01
4.861761e-01
4.861761e-01
4.861761e-01
4.861761e-01
4.863789e-01
4.863789e-01
4.863789e-01
4.863789e-01
4.863789e-01
4.863789e-01
4.863789e-01
4.863789e-01
4.864302e-01
4.864302e-01
4.864302e-01
4.864302e-01
4.864302e-01
4.864302e-01
4.864302e-01
4.864302e-01
4.874326e-01
4.874326e-01
4.874326e-01
4.874326e-01
4.874326e-01
4.874326e-01
4.874326e-01
4.874326e-01
4.876113e-01
4.876113e-01
4.876113e-01
4.876113e-01
4.876113e-01
4.876113e-01
4.876113e-01
4.876113e-01
4.879582e-01
4.879582e-01
4.879582e-01
4.879582e-01
4.879582e-01
4.879582e-01
4.879582e-01
4.879582e-01
4.886471e-01
4.886471e-01
4.886471e-01
4.886471e-01
4.886471e-01
4.886471e-01
4.886471e-01
4.886471e-01
4.891380e-01
4.891380e-01
4.891380e-01
4.891380e-01
4.891380e-01
4.891380e-01
4.891380e-01
4.891380e-01
4.896363e-01
4.896363e-01
4.896363e-01
4.896363e-01
4.896363e-01
4.896363e-01
4.896363e-01
4.896363e-01
4.898249e-01
4.898249e-01
4.898249e-01
4.898249e-01
4.907522e-01
4.907522e-01
4.907522e-01
4.907522e-01
4.907522e-01
4.907522e-01
4.907522e-01
4.907522e-01
4.919489e-01
4.919489e-01
4.919489e-01
4.919489e-01
4.919489e-01
4.919489e-01
4.919489e-01
4.919489e-01
4.920433e-01
4.920433e-01
4.920433e-01
4.920433e-01
4.920433e-01
4.920433e-01
4.920433e-01
4.920433e-01
4.925698e-01
4.925698e-01
4.925698e-01
4.925698e-01
4.925698e-01
4.925698e-01
4.925698e-01
4.925698e-01
4.927629e-01
4.927629e-01
4.927629e-01
4.927629e-01
4.927629e-01
4.927629e-01
4.927629e-01
4.927629e-01
4.932706e-01
4.932706e-01
4.932706e-01
4.932706e-01
4.932706e-01
4.932706e-01
4.932706e-01
4.932706e-01
4.945300e-01
4.945300e-01
4.945300e-01
4.945300e-01
4.947732e-01
4.947732e-01
4.947732e-01
4.947732e-01
4.947732e-01
4.947732e-01
4.947732e-01
4.947732e-01
4.951088e-01
4.951088e-01
4.951088e-01
4.951088e-01
4.951088e-01
4.951088e-01
4.951088e-01
4.951088e-01
4.952183e-01
4.952183e-01
4.952183e-01
4.952183e-01
4.952183e-01
4.952183e-01
4.952183e-01
4.952183e-01
4.952183e-01
4.952183e-01
4.952183e-01
4.952183e-01
4.952183e-01
4.952183e-01
4.952183e-01
4.952183e-01
4.952183e-01
4.952183e-01
4.952183e-01
4.952183e-01
4.952183e-01
4.952183e-01
4.952183e-01
4.952183e-01
4.952183e-01
4.952183e-01
4.952183e-01
4.952183e-01
4.952183e-01
4.952183e-01
4.952183e-01
4.952183e-01
4.970800e-01
4.970800e-01
4.970800e-01
4.970800e-01
4.970800e-01
4.970800e-01
4.970800e-01
4.970800e-01
4.977415e-01
4.977415e-01
4.977415e-01
4.977415e-01
4.977415e-01
4.977415e-01
4.977415e-01
4.977415e-01
4.982723e-01
4.982723e-01
4.982723e-01
4.982723e-01
4.982723e-01
4.982723e-01
4.982723e-01
4.982723e-01
4.995923e-01
4.995923e-01
4.995923e-01
4.995923e-01
4.997137e-01
4.997137e-01
4.997137e-01
4.997137e-01
4.997137e-01
4.997137e-01
4.997137e-01
4.997137e-01
5.004663e-01
5.004663e-01
5.004663e-01
5.004663e-01
5.004663e-01
5.004663e-01
5.004663e-01
5.004663e-01
5.011532e-01
5.011532e-01
5.011532e-01
5.011532e-01
5.011532e-01
5.011532e-01
5.011532e-01
5.011532e-01
5.014647e-01
5.014647e-01
5.014647e-01
5.014647e-01
5.014647e-01
5.014647e-01
5.014647e-01
5.014647e-01
5.019839e-01
5.019839e-01
5.019839e-01
5.019839e-01
5.019839e-01
5.019839e-01
5.019839e-01
5.019839e-01
5.021790e-01
5.021790e-01
5.021790e-01
5.021790e-01
5.021790e-01
5.021790e-01
5.021790e-01
5.021790e-01
5.024253e-01
5.024253e-01
5.024253e-01
5.024253e-01
5.024253e-01
5.024253e-01
5.024253e-01
5.024253e-01
5.031093e-01
5.031093e-01
5.031093e-01
5.031093e-01
5.031093e-01
5.031093e-01
5.031093e-01
5.031093e-01
5.035914e-01
5.035914e-01
5.035914e-01
5.035914e-01
5.036718e-01
5.036718e-01
5.036718e-01
5.036718e-01
5.036718e-01
5.036718e-01
5.036718e-01
5.036718e-01
5.039149e-01
5.039149e-01
5.039149e-01
5.039149e-01
5.048093e-01
5.048093e-01
5.048093e-01
5.048093e-01
5.053685e-01
5.053685e-01
5.053685e-01
5.053685e-01
5.053685e-01
5.053685e-01
5.053685e-01
5.053685e-01
5.060369e-01
5.060369e-01
5.060369e-01
5.060369e-01
5.060369e-01
5.060369e-01
5.060369e-01
5.060369e-01
5.060573e-01
5.060573e-01
5.060573e-01
5.060573e-01
5.076145e-01
5.076145e-01
5.076145e-01
5.076145e-01
5.076145e-01
5.076145e-01
5.076145e-01
5.076145e-01
5.076706e-01
5.076706e-01
5.076706e-01
5.076706e-01
5.076706e-01
5.076706e-01
5.076706e-01
5.076706e-01
5.083444e-01
5.083444e-01
5.083444e-01
5.083444e-01
5.094903e-01
5.094903e-01
5.094903e-01
5.094903e-01
5.094903e-01
5.094903e-01
5.094903e-01
5.094903e-01
5.106134e-01
5.106134e-01
5.106134e-01
5.106134e-01
5.106134e-01
5.106134e-01
5.106134e-01
5.106134e-01
5.119979e-01
5.119979e-01
5.119979e-01
5.119979e-01
5.129439e-01
5.129439e-01
5.129439e-01
5.129439e-01
5.129439e-01
5.129439e-01
5.129439e-01
5.129439e-01
5.130857e-01
5.130857e-01
5.130857e-01
5.130857e-01
5.130857e-01
5.130857e-01
5.130857e-01
5.130857e-01
5.136894e-01
5.136894e-01
5.136894e-01
5.136894e-01
5.136894e-01
5.136894e-01
5.136894e-01
5.136894e-01
5.139967e-01
5.139967e-01
5.139967e-01
5.139967e-01
5.145510e-01
5.145510e-01
5.145510e-01
5.145510e-01
5.152362e-01
5.152362e-01
5.152362e-01
5.152362e-01
5.152362e-01
5.152362e-01
5.152362e-01
5.152362e-01
5.152727e-01
5.152727e-01
5.152727e-01
5.152727e-01
5.152727e-01
5.152727e-01
5.152727e-01
5.152727e-01
5.156323e-01
5.156323e-01
5.156323e-01
5.156323e-01
5.156323e-01
5.156323e-01
5.156323e-01
5.156323e-01
5.158523e-01
5.158523e-01
5.158523e-01
5.158523e-01
5.158719e-01
5.158719e-01
5.158719e-01
5.158719e-01
5.158719e-01
5.158719e-01
5.158719e-01
5.158719e-01
5.164921e-01
5.164921e-01
5.164921e-01
5.164921e-01
5.164921e-01
5.164921e-01
5.164921e-01
5.164921e-01
5.178284e-01
5.178284e-01
5.178284e-01
5.178284e-01
5.183288e-01
5.183288e-01
5.183288e-01
5.183288e-01
5.183288e-01
5.183288e-01
5.183288e-01
5.183288e-01
5.185154e-01
5.185154e-01
5.185154e-01
5.185154e-01
5.185154e-01
5.185154e-01
5.185154e-01
5.185154e-01
5.185154e-01
5.185154e-01
5.185154e-01
5.185154e-01
5.185154e-01
5.185154e-01
5.185154e-01
5.185154e-01
5.185154e-01
5.185154e-01
5.185154e-01
5.185154e-01
5.185154e-01
5.185154e-01
5.185154e-01
5.185154e-01
5.185154e-01
5.185154e-01
5.185154e-01
5.185154e-01
5.185154e-01
5.185154e-01
5.185154e-01
5.185154e-01
5.186935e-01
5.186935e-01
5.186935e-01
5.186935e-01
5.186935e-01
5.186935e-01
5.186935e-01
5.186935e-01
5.189901e-01
5.189901e-01
5.189901e-01
5.189901e-01
5.189901e-01
5.189901e-01
5.189901e-01
5.189901e-01
5.212155e-01
5.212155e-01
5.212155e-01
5.212155e-01
5.212155e-01
5.212155e-01
5.212155e-01
5.212155e-01
5.215114e-01
5.215114e-01
5.215114e-01
5.215114e-01
5.215114e-01
5.215114e-01
5.215114e-01
5.215114e-01
5.216189e-01
5.216189e-01
5.216189e-01
5.216189e-01
5.216189e-01
5.216189e-01
5.216189e-01
5.216189e-01
5.220880e-01
5.220880e-01
5.220880e-01
5.220880e-01
5.238583e-01
5.238583e-01
5.238583e-01
5.238583e-01
5.238583e-01
5.238583e-01
5.238583e-01
5.238583e-01
5.275604e-01
5.275604e-01
5.275604e-01
5.275604e-01
5.275604e-01
5.275604e-01
5.275604e-01
5.275604e-01
5.275958e-01
5.275958e-01
5.275958e-01
5.275958e-01
5.275958e-01
5.275958e-01
5.275958e-01
5.275958e-01
5.284921e-01
5.284921e-01
5.284921e-01
5.284921e-01
5.284921e-01
5.284921e-01
5.284921e-01
5.284921e-01
5.291063e-01
5.291063e-01
5.291063e-01
5.291063e-01
5.291063e-01
5.291063e-01
5.291063e-01
5.291063e-01
5.293591e-01
5.293591e-01
5.293591e-01
5.293591e-01
5.293591e-01
5.293591e-01
5.293591e-01
5.293591e-01
5.299897e-01
5.299897e-01
5.299897e-01
5.299897e-01
5.299897e-01
5.299897e-01
5.299897e-01
5.299897e-01
5.312148e-01
5.312148e-01
5.312148e-01
5.312148e-01
5.312148e-01
5.312148e-01
5.312148e-01
5.312148e-01
5.315844e-01
5.315844e-01
5.315844e-01
5.315844e-01
5.318711e-01
5.318711e-01
5.318711e-01
5.318711e-01
5.318711e-01
5.318711e-01
5.318711e-01
5.318711e-01
5.325565e-01
5.325565e-01
5.325565e-01
5.325565e-01
5.325565e-01
5.325565e-01
5.325565e-01
5.325565e-01
5.329976e-01
5.329976e-01
5.329976e-01
5.329976e-01
5.329976e-01
5.329976e-01
5.329976e-01
5.329976e-01
5.338576e-01
5.338576e-01
5.338576e-01
5.338576e-01
5.338576e-01
5.338576e-01
5.338576e-01
5.338576e-01
5.340684e-01
5.340684e-01
5.340684e-01
5.340684e-01
5.340684e-01
5.340684e-01
5.340684e-01
5.340684e-01
5.345084e-01
5.345084e-01
5.345084e-01
5.345084e-01
5.345084e-01
5.345084e-01
5.345084e-01
5.345084e-01
5.354668e-01
5.354668e-01
5.354668e-01
5.354668e-01
5.354668e-01
5.354668e-01
5.354668e-01
5.354668e-01
5.374298e-01
5.374298e-01
5.374298e-01
5.374298e-01
5.374298e-01
5.374298e-01
5.374298e-01
5.374298e-01
5.375375e-01
5.375375e-01
5.375375e-01
5.375375e-01
5.375375e-01
5.375375e-01
5.375375e-01
5.375375e-01
5.392611e-01
5.392611e-01
5.392611e-01
5.392611e-01
5.392611e-01
5.392611e-01
5.392611e-01
5.392611e-01
5.393713e-01
5.393713e-01
5.393713e-01
5.393713e-01
5.393713e-01
5.393713e-01
5.393713e-01
5.393713e-01
5.395954e-01
5.395954e-01
5.395954e-01
5.395954e-01
5.395954e-01
5.395954e-01
5.395954e-01
5.395954e-01
5.397325e-01
5.397325e-01
5.397325e-01
5.397325e-01
5.401879e-01
5.401879e-01
5.401879e-01
5.401879e-01
5.401879e-01
5.401879e-01
5.401879e-01
5.401879e-01
5.403145e-01
5.403145e-01
5.403145e-01
5.403145e-01
5.403145e-01
5.403145e-01
5.403145e-01
5.403145e-01
5.408761e-01
5.408761e-01
5.408761e-01
5.408761e-01
5.408761e-01
5.408761e-01
5.408761e-01
5.408761e-01
5.419138e-01
5.419138e-01
5.419138e-01
5.419138e-01
5.419138e-01
5.419138e-01
5.419138e-01
5.419138e-01
5.431340e-01
5.431340e-01
5.431340e-01
5.431340e-01
5.439361e-01
5.439361e-01
5.439361e-01
5.439361e-01
5.439361e-01
5.439361e-01
5.439361e-01
5.439361e-01
5.443225e-01
5.443225e-01
5.443225e-01
5.443225e-01
5.443225e-01
5.443225e-01
5.443225e-01
5.443225e-01
5.457656e-01
5.457656e-01
5.457656e-01
5.457656e-01
5.457656e-01
5.457656e-01
5.457656e-01
5.457656e-01
5.466498e-01
5.466498e-01
5.466498e-01
5.466498e-01
5.472444e-01
5.472444e-01
5.472444e-01
5.472444e-01
5.472444e-01
5.472444e-01
5.472444e-01
5.472444e-01
5.474269e-01
5.474269e-01
5.474269e-01
5.474269e-01
5.474269e-01
5.474269e-01
5.474269e-01
5.474269e-01
5.491969e-01
5.491969e-01
5.491969e-01
5.491969e-01
5.498825e-01
5.498825e-01
5.498825e-01
5.498825e-01
5.498825e-01
5.498825e-01
5.498825e-01
5.498825e-01
5.498825e-01
5.498825e-01
5.498825e-01
5.498825e-01
5.498825e-01
5.498825e-01
5.498825e-01
5.498825e-01
5.498825e-01
5.498825e-01
5.498825e-01
5.498825e-01
5.498825e-01
5.498825e-01
5.498825e-01
5.498825e-01
5.498825e-01
5.498825e-01
5.498825e-01
5.498825e-01
5.498825e-01
5.498825e-01
5.498825e-01
5.498825e-01
5.508315e-01
5.508315e-01
5.508315e-01
5.508315e-01
5.508315e-01
5.508315e-01
5.508315e-01
5.508315e-01
5.513257e-01
5.513257e-01
5.513257e-01
5.513257e-01
5.519751e-01
5.519751e-01
5.519751e-01
5.519751e-01
5.519751e-01
5.519751e-01
5.519751e-01
5.519751e-01
5.522452e-01
5.522452e-01
5.522452e-01
5.522452e-01
5.528558e-01
5.528558e-01
5.528558e-01
5.528558e-01
5.530046e-01
5.530046e-01
5.530046e-01
5.530046e-01
5.530046e-01
5.530046e-01
5.530046e-01
5.530046e-01
5.535395e-01
5.535395e-01
5.535395e-01
5.535395e-01
5.535395e-01
5.535395e-01
5.535395e-01
5.535395e-01
5.536829e-01
5.536829e-01
5.536829e-01
5.536829e-01
5.536829e-01
5.536829e-01
5.536829e-01
5.536829e-01
5.550777e-01
5.550777e-01
5.550777e-01
5.550777e-01
5.550777e-01
5.550777e-01
5.550777e-01
5.550777e-01
5.555965e-01
5.555965e-01
5.555965e-01
5.555965e-01
5.555965e-01
5.555965e-01
5.555965e-01
5.555965e-01
5.556355e-01
5.556355e-01
5.556355e-01
5.556355e-01
5.556355e-01
5.556355e-01
5.556355e-01
5.556355e-01
5.567780e-01
5.567780e-01
5.567780e-01
5.567780e-01
5.570094e-01
5.570094e-01
5.570094e-01
5.570094e-01
5.570094e-01
5.570094e-01
5.570094e-01
5.570094e-01
5.590082e-01
5.590082e-01
5.590082e-01
5.590082e-01
5.590082e-01
5.590082e-01
5.590082e-01
5.590082e-01
5.613973e-01
5.613973e-01
5.613973e-01
5.613973e-01
5.627194e-01
5.627194e-01
5.627194e-01
5.627194e-01
5.627194e-01
5.627194e-01
5.627194e-01
5.627194e-01
5.653438e-01
5.653438e-01
5.653438e-01
5.653438e-01
5.653438e-01
5.653438e-01
5.653438e-01
5.653438e-01
5.655781e-01
5.655781e-01
5.655781e-01
5.655781e-01
5.655781e-01
5.655781e-01
5.655781e-01
5.655781e-01
5.667686e-01
5.667686e-01
5.667686e-01
5.667686e-01
5.667686e-01
5.667686e-01
5.667686e-01
5.667686e-01
5.688028e-01
5.688028e-01
5.688028e-01
5.688028e-01
5.688028e-01
5.688028e-01
5.688028e-01
5.688028e-01
5.701409e-01
5.701409e-01
5.701409e-01
5.701409e-01
5.701409e-01
5.701409e-01
5.701409e-01
5.701409e-01
5.705963e-01
5.705963e-01
5.705963e-01
5.705963e-01
5.705963e-01
5.705963e-01
5.705963e-01
5.705963e-01
5.708249e-01
5.708249e-01
5.708249e-01
5.708249e-01
5.708249e-01
5.708249e-01
5.708249e-01
5.708249e-01
5.720189e-01
5.720189e-01
5.720189e-01
5.720189e-01
5.720189e-01
5.720189e-01
5.720189e-01
5.720189e-01
5.727730e-01
5.727730e-01
5.727730e-01
5.727730e-01
5.727730e-01
5.727730e-01
5.727730e-01
5.727730e-01
5.728185e-01
5.728185e-01
5.728185e-01
5.728185e-01
5.728185e-01
5.728185e-01
5.728185e-01
5.728185e-01
5.729530e-01
5.729530e-01
5.729530e-01
5.729530e-01
5.743502e-01
5.743502e-01
5.743502e-01
5.743502e-01
5.743502e-01
5.743502e-01
5.743502e-01
5.743502e-01
5.756886e-01
5.756886e-01
5.756886e-01
5.756886e-01
5.756886e-01
5.756886e-01
5.756886e-01
5.756886e-01
5.762347e-01
5.762347e-01
5.762347e-01
5.762347e-01
5.762347e-01
5.762347e-01
5.762347e-01
5.762347e-01
5.776990e-01
5.776990e-01
5.776990e-01
5.776990e-01
5.779867e-01
5.779867e-01
5.779867e-01
5.779867e-01
5.785970e-01
5.785970e-01
5.785970e-01
5.785970e-01
5.785970e-01
5.785970e-01
5.785970e-01
5.785970e-01
5.791148e-01
5.791148e-01
5.791148e-01
5.791148e-01
5.791148e-01
5.791148e-01
5.791148e-01
5.791148e-01
5.791280e-01
5.791280e-01
5.791280e-01
5.791280e-01
5.791280e-01
5.791280e-01
5.791280e-01
5.791280e-01
5.793320e-01
5.793320e-01
5.793320e-01
5.793320e-01
5.793320e-01
5.793320e-01
5.793320e-01
5.793320e-01
5.825677e-01
5.825677e-01
5.825677e-01
5.825677e-01
5.825677e-01
5.825677e-01
5.825677e-01
5.825677e-01
5.829394e-01
5.829394e-01
5.829394e-01
5.829394e-01
5.829394e-01
5.829394e-01
5.829394e-01
5.829394e-01
5.831197e-01
5.831197e-01
5.831197e-01
5.831197e-01
5.840078e-01
5.840078e-01
5.840078e-01
5.840078e-01
5.840078e-01
5.840078e-01
5.840078e-01
5.840078e-01
5.841467e-01
5.841467e-01
5.841467e-01
5.841467e-01
5.841467e-01
5.841467e-01
5.841467e-01
5.841467e-01
5.854839e-01
5.854839e-01
5.854839e-01
5.854839e-01
5.854839e-01
5.854839e-01
5.854839e-01
5.854839e-01
5.867749e-01
5.867749e-01
5.867749e-01
5.867749e-01
5.867749e-01
5.867749e-01
5.867749e-01
5.867749e-01
5.868225e-01
5.868225e-01
5.868225e-01
5.868225e-01
5.872302e-01
5.872302e-01
5.872302e-01
5.872302e-01
5.872302e-01
5.872302e-01
5.872302e-01
5.872302e-01
5.874325e-01
5.874325e-01
5.874325e-01
5.874325e-01
5.880466e-01
5.880466e-01
5.880466e-01
5.880466e-01
5.880466e-01
5.880466e-01
5.880466e-01
5.880466e-01
5.881168e-01
5.881168e-01
5.881168e-01
5.881168e-01
5.881168e-01
5.881168e-01
5.881168e-01
5.881168e-01
5.881168e-01
5.881168e-01
5.881168e-01
5.881168e-01
5.881168e-01
5.881168e-01
5.881168e-01
5.881168e-01
5.881168e-01
5.881168e-01
5.881168e-01
5.881168e-01
5.881168e-01
5.881168e-01
5.881168e-01
5.881168e-01
5.881168e-01
5.881168e-01
5.881168e-01
5.881168e-01
5.881168e-01
5.881168e-01
5.881168e-01
5.881168e-01
5.884513e-01
5.884513e-01
5.884513e-01
5.884513e-01
5.884513e-01
5.884513e-01
5.884513e-01
5.884513e-01
5.894272e-01
5.894272e-01
5.894272e-01
5.894272e-01
5.918271e-01
5.918271e-01
5.918271e-01
5.918271e-01
5.918271e-01
5.918271e-01
5.918271e-01
5.918271e-01
5.947908e-01
5.947908e-01
5.947908e-01
5.947908e-01
5.947908e-01
5.947908e-01
5.947908e-01
5.947908e-01
5.951693e-01
5.951693e-01
5.951693e-01
5.951693e-01
5.951693e-01
5.951693e-01
5.951693e-01
5.951693e-01
5.951902e-01
5.951902e-01
5.951902e-01
5.951902e-01
5.951902e-01
5.951902e-01
5.951902e-01
5.951902e-01
5.958253e-01
5.958253e-01
5.958253e-01
5.958253e-01
5.958253e-01
5.958253e-01
5.958253e-01
5.958253e-01
5.965278e-01
5.965278e-01
5.965278e-01
5.965278e-01
5.969792e-01
5.969792e-01
5.969792e-01
5.969792e-01
5.969792e-01
5.969792e-01
5.969792e-01
5.969792e-01
5.972104e-01
5.972104e-01
5.972104e-01
5.972104e-01
5.972104e-01
5.972104e-01
5.972104e-01
5.972104e-01
5.983952e-01
5.983952e-01
5.983952e-01
5.983952e-01
5.996245e-01
5.996245e-01
5.996245e-01
5.996245e-01
6.004013e-01
6.004013e-01
6.004013e-01
6.004013e-01
6.007586e-01
6.007586e-01
6.007586e-01
6.007586e-01
6.007586e-01
6.007586e-01
6.007586e-01
6.007586e-01
6.041517e-01
6.041517e-01
6.041517e-01
6.041517e-01
6.041517e-01
6.041517e-01
6.041517e-01
6.041517e-01
6.063585e-01
6.063585e-01
6.063585e-01
6.063585e-01
6.063585e-01
6.063585e-01
6.063585e-01
6.063585e-01
6.100653e-01
6.100653e-01
6.100653e-01
6.100653e-01
6.100653e-01
6.100653e-01
6.100653e-01
6.100653e-01
6.104171e-01
6.104171e-01
6.104171e-01
6.104171e-01
6.104171e-01
6.104171e-01
6.104171e-01
6.104171e-01
6.104684e-01
6.104684e-01
6.104684e-01
6.104684e-01
6.117318e-01
6.117318e-01
6.117318e-01
6.117318e-01
6.117318e-01
6.117318e-01
6.117318e-01
6.117318e-01
6.126865e-01
6.126865e-01
6.126865e-01
6.126865e-01
6.126865e-01
6.126865e-01
6.126865e-01
6.126865e-01
6.132304e-01
6.132304e-01
6.132304e-01
6.132304e-01
6.132304e-01
6.132304e-01
6.132304e-01
6.132304e-01
6.137837e-01
6.137837e-01
6.137837e-01
6.137837e-01
6.137837e-01
6.137837e-01
6.137837e-01
6.137837e-01
6.142745e-01
6.142745e-01
6.142745e-01
6.142745e-01
6.142745e-01
6.142745e-01
6.142745e-01
6.142745e-01
6.144666e-01
6.144666e-01
6.144666e-01
6.144666e-01
6.144666e-01
6.144666e-01
6.144666e-01
6.144666e-01
6.164114e-01
6.164114e-01
6.164114e-01
6.164114e-01
6.164114e-01
6.164114e-01
6.164114e-01
6.164114e-01
6.173173e-01
6.173173e-01
6.173173e-01
6.173173e-01
6.173173e-01
6.173173e-01
6.173173e-01
6.173173e-01
6.183018e-01
6.183018e-01
6.183018e-01
6.183018e-01
6.183018e-01
6.183018e-01
6.183018e-01
6.183018e-01
6.192482e-01
6.192482e-01
6.192482e-01
6.192482e-01
6.192947e-01
6.192947e-01
6.192947e-01
6.192947e-01
6.192947e-01
6.192947e-01
6.192947e-01
6.192947e-01
6.193221e-01
6.193221e-01
6.193221e-01
6.193221e-01
6.193221e-01
6.193221e-01
6.193221e-01
6.193221e-01
6.201521e-01
6.201521e-01
6.201521e-01
6.201521e-01
6.201521e-01
6.201521e-01
6.201521e-01
6.201521e-01
6.206675e-01
6.206675e-01
6.206675e-01
6.206675e-01
6.206675e-01
6.206675e-01
6.206675e-01
6.206675e-01
6.216163e-01
6.216163e-01
6.216163e-01
6.216163e-01
6.221538e-01
6.221538e-01
6.221538e-01
6.221538e-01
6.221538e-01
6.221538e-01
6.221538e-01
6.221538e-01
6.224208e-01
6.224208e-01
6.224208e-01
6.224208e-01
6.224208e-01
6.224208e-01
6.224208e-01
6.224208e-01
6.227557e-01
6.227557e-01
6.227557e-01
6.227557e-01
6.227557e-01
6.227557e-01
6.227557e-01
6.227557e-01
6.261896e-01
6.261896e-01
6.261896e-01
6.261896e-01
6.261896e-01
6.261896e-01
6.261896e-01
6.261896e-01
6.276593e-01
6.276593e-01
6.276593e-01
6.276593e-01
6.276593e-01
6.276593e-01
6.276593e-01
6.276593e-01
6.291009e-01
6.291009e-01
6.291009e-01
6.291009e-01
6.291009e-01
6.291009e-01
6.291009e-01
6.291009e-01
6.296214e-01
6.296214e-01
6.296214e-01
6.296214e-01
6.296214e-01
6.296214e-01
6.296214e-01
6.296214e-01
6.298276e-01
6.298276e-01
6.298276e-01
6.298276e-01
6.298276e-01
6.298276e-01
6.298276e-01
6.298276e-01
6.301199e-01
6.301199e-01
6.301199e-01
6.301199e-01
6.301199e-01
6.301199e-01
6.301199e-01
6.301199e-01
6.303436e-01
6.303436e-01
6.303436e-01
6.303436e-01
6.303436e-01
6.303436e-01
6.303436e-01
6.303436e-01
6.310463e-01
6.310463e-01
6.310463e-01
6.310463e-01
6.313276e-01
6.313276e-01
6.313276e-01
6.313276e-01
6.313276e-01
6.313276e-01
6.313276e-01
6.313276e-01
6.316420e-01
6.316420e-01
6.316420e-01
6.316420e-01
6.316420e-01
6.316420e-01
6.316420e-01
6.316420e-01
6.317294e-01
6.317294e-01
6.317294e-01
6.317294e-01
6.317294e-01
6.317294e-01
6.317294e-01
6.317294e-01
6.317294e-01
6.317294e-01
6.317294e-01
6.317294e-01
6.317294e-01
6.317294e-01
6.317294e-01
6.317294e-01
6.317294e-01
6.317294e-01
6.317294e-01
6.317294e-01
6.317294e-01
6.317294e-01
6.317294e-01
6.317294e-01
6.317294e-01
6.317294e-01
6.317294e-01
6.317294e-01
6.317294e-01
6.317294e-01
6.317294e-01
6.317294e-01
6.341388e-01
6.341388e-01
6.341388e-01
6.341388e-01
6.349149e-01
6.349149e-01
6.349149e-01
6.349149e-01
6.349149e-01
6.349149e-01
6.349149e-01
6.349149e-01
6.371554e-01
6.371554e-01
6.371554e-01
6.371554e-01
6.371554e-01
6.371554e-01
6.371554e-01
6.371554e-01
6.385754e-01
6.385754e-01
6.385754e-01
6.385754e-01
6.385754e-01
6.385754e-01
6.385754e-01
6.385754e-01
6.399947e-01
6.399947e-01
6.399947e-01
6.399947e-01
6.438319e-01
6.438319e-01
6.438319e-01
6.438319e-01
6.438435e-01
6.438435e-01
6.438435e-01
6.438435e-01
6.438435e-01
6.438435e-01
6.438435e-01
6.438435e-01
6.445137e-01
6.445137e-01
6.445137e-01
6.445137e-01
6.445137e-01
6.445137e-01
6.445137e-01
6.445137e-01
6.487430e-01
6.487430e-01
6.487430e-01
6.487430e-01
6.487430e-01
6.487430e-01
6.487430e-01
6.487430e-01
6.491080e-01
6.491080e-01
6.491080e-01
6.491080e-01
6.528590e-01
6.528590e-01
6.528590e-01
6.528590e-01
6.528590e-01
6.528590e-01
6.528590e-01
6.528590e-01
6.542788e-01
6.542788e-01
6.542788e-01
6.542788e-01
6.554037e-01
6.554037e-01
6.554037e-01
6.554037e-01
6.554037e-01
6.554037e-01
6.554037e-01
6.554037e-01
6.557027e-01
6.557027e-01
6.557027e-01
6.557027e-01
6.557027e-01
6.557027e-01
6.557027e-01
6.557027e-01
6.567391e-01
6.567391e-01
6.567391e-01
6.567391e-01
6.567391e-01
6.567391e-01
6.567391e-01
6.567391e-01
6.577035e-01
6.577035e-01
6.577035e-01
6.577035e-01
6.577035e-01
6.577035e-01
6.577035e-01
6.577035e-01
6.591079e-01
6.591079e-01
6.591079e-01
6.591079e-01
6.591079e-01
6.591079e-01
6.591079e-01
6.591079e-01
6.591766e-01
6.591766e-01
6.591766e-01
6.591766e-01
6.605076e-01
6.605076e-01
6.605076e-01
6.605076e-01
6.605076e-01
6.605076e-01
6.605076e-01
6.605076e-01
6.610657e-01
6.610657e-01
6.610657e-01
6.610657e-01
6.610657e-01
6.610657e-01
6.610657e-01
6.610657e-01
6.617273e-01
6.617273e-01
6.617273e-01
6.617273e-01
6.617273e-01
6.617273e-01
6.617273e-01
6.617273e-01
6.617477e-01
6.617477e-01
6.617477e-01
6.617477e-01
6.617477e-01
6.617477e-01
6.617477e-01
6.617477e-01
6.636900e-01
6.636900e-01
6.636900e-01
6.636900e-01
6.636900e-01
6.636900e-01
6.636900e-01
6.636900e-01
6.640745e-01
6.640745e-01
6.640745e-01
6.640745e-01
6.640745e-01
6.640745e-01
6.640745e-01
6.640745e-01
6.646855e-01
6.646855e-01
6.646855e-01
6.646855e-01
6.646855e-01
6.646855e-01
6.646855e-01
6.646855e-01
6.654525e-01
6.654525e-01
6.654525e-01
6.654525e-01
6.654525e-01
6.654525e-01
6.654525e-01
6.654525e-01
6.655332e-01
6.655332e-01
6.655332e-01
6.655332e-01
6.655332e-01
6.655332e-01
6.655332e-01
6.655332e-01
6.665969e-01
6.665969e-01
6.665969e-01
6.665969e-01
6.665969e-01
6.665969e-01
6.665969e-01
6.665969e-01
6.688882e-01
6.688882e-01
6.688882e-01
6.688882e-01
6.691875e-01
6.691875e-01
6.691875e-01
6.691875e-01
6.691875e-01
6.691875e-01
6.691875e-01
6.691875e-01
6.700260e-01
6.700260e-01
6.700260e-01
6.700260e-01
6.700260e-01
6.700260e-01
6.700260e-01
6.700260e-01
6.720141e-01
6.720141e-01
6.720141e-01
6.720141e-01
6.720141e-01
6.720141e-01
6.720141e-01
6.720141e-01
6.734554e-01
6.734554e-01
6.734554e-01
6.734554e-01
6.734554e-01
6.734554e-01
6.734554e-01
6.734554e-01
6.734744e-01
6.734744e-01
6.734744e-01
6.734744e-01
6.734744e-01
6.734744e-01
6.734744e-01
6.734744e-01
6.736679e-01
6.736679e-01
6.736679e-01
6.736679e-01
6.736679e-01
6.736679e-01
6.736679e-01
6.736679e-01
6.750917e-01
6.750917e-01
6.750917e-01
6.750917e-01
6.763629e-01
6.763629e-01
6.763629e-01
6.763629e-01
6.763629e-01
6.763629e-01
6.763629e-01
6.763629e-01
6.763684e-01
6.763684e-01
6.763684e-01
6.763684e-01
6.763684e-01
6.763684e-01
6.763684e-01
6.763684e-01
6.778928e-01
6.778928e-01
6.778928e-01
6.778928e-01
6.778928e-01
6.778928e-01
6.778928e-01
6.778928e-01
6.783057e-01
6.783057e-01
6.783057e-01
6.783057e-01
6.789880e-01
6.789880e-01
6.789880e-01
6.789880e-01
6.789880e-01
6.789880e-01
6.789880e-01
6.789880e-01
6.789880e-01
6.789880e-01
6.789880e-01
6.789880e-01
6.789880e-01
6.789880e-01
6.789880e-01
6.789880e-01
6.789880e-01
6.789880e-01
6.789880e-01
6.789880e-01
6.789880e-01
6.789880e-01
6.789880e-01
6.789880e-01
6.789880e-01
6.789880e-01
6.789880e-01
6.789880e-01
6.789880e-01
6.789880e-01
6.789880e-01
6.789880e-01
6.803546e-01
6.803546e-01
6.803546e-01
6.803546e-01
6.803546e-01
6.803546e-01
6.803546e-01
6.803546e-01
6.809887e-01
6.809887e-01
6.809887e-01
6.809887e-01
6.824179e-01
6.824179e-01
6.824179e-01
6.824179e-01
6.824179e-01
6.824179e-01
6.824179e-01
6.824179e-01
6.831636e-01
6.831636e-01
6.831636e-01
6.831636e-01
6.834114e-01
6.834114e-01
6.834114e-01
6.834114e-01
6.834114e-01
6.834114e-01
6.834114e-01
6.834114e-01
6.906763e-01
6.906763e-01
6.906763e-01
6.906763e-01
6.906763e-01
6.906763e-01
6.906763e-01
6.906763e-01
6.906763e-01
6.906763e-01
6.906763e-01
6.906763e-01
6.906763e-01
6.906763e-01
6.906763e-01
6.906763e-01
6.906763e-01
6.906763e-01
6.906763e-01
6.906763e-01
6.906763e-01
6.906763e-01
6.906763e-01
6.906763e-01
6.906763e-01
6.906763e-01
6.906763e-01
6.906763e-01
6.906763e-01
6.906763e-01
6.906763e-01
6.906763e-01
6.909660e-01
6.909660e-01
6.909660e-01
6.909660e-01
6.914343e-01
6.914343e-01
6.914343e-01
6.914343e-01
6.914343e-01
6.914343e-01
6.914343e-01
6.914343e-01
6.917941e-01
6.917941e-01
6.917941e-01
6.917941e-01
6.917941e-01
6.917941e-01
6.917941e-01
6.917941e-01
6.925520e-01
6.925520e-01
6.925520e-01
6.925520e-01
6.925520e-01
6.925520e-01
6.925520e-01
6.925520e-01
6.928490e-01
6.928490e-01
6.928490e-01
6.928490e-01
6.930414e-01
6.930414e-01
6.930414e-01
6.930414e-01
6.930414e-01
6.930414e-01
6.930414e-01
6.930414e-01
6.935302e-01
6.935302e-01
6.935302e-01
6.935302e-01
6.935302e-01
6.935302e-01
6.935302e-01
6.935302e-01
6.945249e-01
6.945249e-01
6.945249e-01
6.945249e-01
6.945249e-01
6.945249e-01
6.945249e-01
6.945249e-01
6.950201e-01
6.950201e-01
6.950201e-01
6.950201e-01
6.953743e-01
6.953743e-01
6.953743e-01
6.953743e-01
6.960216e-01
6.960216e-01
6.960216e-01
6.960216e-01
6.960216e-01
6.960216e-01
6.960216e-01
6.960216e-01
6.973009e-01
6.973009e-01
6.973009e-01
6.973009e-01
6.973009e-01
6.973009e-01
6.973009e-01
6.973009e-01
6.978034e-01
6.978034e-01
6.978034e-01
6.978034e-01
6.981609e-01
6.981609e-01
6.981609e-01
6.981609e-01
6.981609e-01
6.981609e-01
6.981609e-01
6.981609e-01
6.984640e-01
6.984640e-01
6.984640e-01
6.984640e-01
6.984640e-01
6.984640e-01
6.984640e-01
6.984640e-01
6.991283e-01
6.991283e-01
6.991283e-01
6.991283e-01
6.991283e-01
6.991283e-01
6.991283e-01
6.991283e-01
6.992373e-01
6.992373e-01
6.992373e-01
6.992373e-01
6.992373e-01
6.992373e-01
6.992373e-01
6.992373e-01
6.992457e-01
6.992457e-01
6.992457e-01
6.992457e-01
6.992457e-01
6.992457e-01
6.992457e-01
6.992457e-01
6.999655e-01
6.999655e-01
6.999655e-01
6.999655e-01
6.999655e-01
6.999655e-01
6.999655e-01
6.999655e-01
7.004502e-01
7.004502e-01
7.004502e-01
7.004502e-01
7.004502e-01
7.004502e-01
7.004502e-01
7.004502e-01
7.018793e-01
7.018793e-01
7.018793e-01
7.018793e-01
7.022380e-01
7.022380e-01
7.022380e-01
7.022380e-01
7.022380e-01
7.022380e-01
7.022380e-01
7.022380e-01
7.041108e-01
7.041108e-01
7.041108e-01
7.041108e-01
7.041108e-01
7.041108e-01
7.041108e-01
7.041108e-01
7.054508e-01
7.054508e-01
7.054508e-01
7.054508e-01
7.059795e-01
7.059795e-01
7.059795e-01
7.059795e-01
7.059795e-01
7.059795e-01
7.059795e-01
7.059795e-01
7.062957e-01
7.062957e-01
7.062957e-01
7.062957e-01
7.067090e-01
7.067090e-01
7.067090e-01
7.067090e-01
7.067090e-01
7.067090e-01
7.067090e-01
7.067090e-01
7.072091e-01
7.072091e-01
7.072091e-01
7.072091e-01
7.072091e-01
7.072091e-01
7.072091e-01
7.072091e-01
7.072729e-01
7.072729e-01
7.072729e-01
7.072729e-01
7.072729e-01
7.072729e-01
7.072729e-01
7.072729e-01
7.078144e-01
7.078144e-01
7.078144e-01
7.078144e-01
7.078144e-01
7.078144e-01
7.078144e-01
7.078144e-01
7.082837e-01
7.082837e-01
7.082837e-01
7.082837e-01
7.082837e-01
7.082837e-01
7.082837e-01
7.082837e-01
7.100683e-01
7.100683e-01
7.100683e-01
7.100683e-01
7.100683e-01
7.100683e-01
7.100683e-01
7.100683e-01
7.104334e-01
7.104334e-01
7.104334e-01
7.104334e-01
7.104334e-01
7.104334e-01
7.104334e-01
7.104334e-01
7.107497e-01
7.107497e-01
7.107497e-01
7.107497e-01
7.107497e-01
7.107497e-01
7.107497e-01
7.107497e-01
7.108480e-01
7.108480e-01
7.108480e-01
7.108480e-01
7.121881e-01
7.121881e-01
7.121881e-01
7.121881e-01
7.121881e-01
7.121881e-01
7.121881e-01
7.121881e-01
7.126903e-01
7.126903e-01
7.126903e-01
7.126903e-01
7.126903e-01
7.126903e-01
7.126903e-01
7.126903e-01
7.155946e-01
7.155946e-01
7.155946e-01
7.155946e-01
7.155946e-01
7.155946e-01
7.155946e-01
7.155946e-01
7.173299e-01
7.173299e-01
7.173299e-01
7.173299e-01
7.173299e-01
7.173299e-01
7.173299e-01
7.173299e-01
7.176032e-01
7.176032e-01
7.176032e-01
7.176032e-01
7.176032e-01
7.176032e-01
7.176032e-01
7.176032e-01
7.178839e-01
7.178839e-01
7.178839e-01
7.178839e-01
7.178921e-01
7.178921e-01
7.178921e-01
7.178921e-01
7.178921e-01
7.178921e-01
7.178921e-01
7.178921e-01
7.187638e-01
7.187638e-01
7.187638e-01
7.187638e-01
7.190208e-01
7.190208e-01
7.190208e-01
7.190208e-01
7.190208e-01
7.190208e-01
7.190208e-01
7.190208e-01
7.196546e-01
7.196546e-01
7.196546e-01
7.196546e-01
7.196546e-01
7.196546e-01
7.196546e-01
7.196546e-01
7.212986e-01
7.212986e-01
7.212986e-01
7.212986e-01
7.212986e-01
7.212986e-01
7.212986e-01
7.212986e-01
7.224471e-01
7.224471e-01
7.224471e-01
7.224471e-01
7.224471e-01
7.224471e-01
7.224471e-01
7.224471e-01
7.226108e-01
7.226108e-01
7.226108e-01
7.226108e-01
7.226108e-01
7.226108e-01
7.226108e-01
7.226108e-01
7.226546e-01
7.226546e-01
7.226546e-01
7.226546e-01
7.226546e-01
7.226546e-01
7.226546e-01
7.226546e-01
7.244796e-01
7.244796e-01
7.244796e-01
7.244796e-01
7.244796e-01
7.244796e-01
7.244796e-01
7.244796e-01
7.251826e-01
7.251826e-01
7.251826e-01
7.251826e-01
7.251826e-01
7.251826e-01
7.251826e-01
7.251826e-01
7.253520e-01
7.253520e-01
7.253520e-01
7.253520e-01
7.253520e-01
7.253520e-01
7.253520e-01
7.253520e-01
7.261227e-01
7.261227e-01
7.261227e-01
7.261227e-01
7.261227e-01
7.261227e-01
7.261227e-01
7.261227e-01
7.272930e-01
7.272930e-01
7.272930e-01
7.272930e-01
7.279746e-01
7.279746e-01
7.279746e-01
7.279746e-01
7.279746e-01
7.279746e-01
7.279746e-01
7.279746e-01
7.279746e-01
7.279746e-01
7.279746e-01
7.279746e-01
7.279746e-01
7.279746e-01
7.279746e-01
7.279746e-01
7.279746e-01
7.279746e-01
7.279746e-01
7.279746e-01
7.279746e-01
7.279746e-01
7.279746e-01
7.279746e-01
7.279746e-01
7.279746e-01
7.279746e-01
7.279746e-01
7.279746e-01
7.279746e-01
7.279746e-01
7.279746e-01
7.290565e-01
7.290565e-01
7.290565e-01
7.290565e-01
7.290565e-01
7.290565e-01
7.290565e-01
7.290565e-01
7.304097e-01
7.304097e-01
7.304097e-01
7.304097e-01
7.304097e-01
7.304097e-01
7.304097e-01
7.304097e-01
7.318648e-01
7.318648e-01
7.318648e-01
7.318648e-01
7.341154e-01
7.341154e-01
7.341154e-01
7.341154e-01
7.341154e-01
7.341154e-01
7.341154e-01
7.341154e-01
7.371653e-01
7.371653e-01
7.371653e-01
7.371653e-01
7.375200e-01
7.375200e-01
7.375200e-01
7.375200e-01
7.375200e-01
7.375200e-01
7.375200e-01
7.375200e-01
7.388476e-01
7.388476e-01
7.388476e-01
7.388476e-01
7.388476e-01
7.388476e-01
7.388476e-01
7.388476e-01
7.389598e-01
7.389598e-01
7.389598e-01
7.389598e-01
7.389598e-01
7.389598e-01
7.389598e-01
7.389598e-01
7.409254e-01
7.409254e-01
7.409254e-01
7.409254e-01
7.409254e-01
7.409254e-01
7.409254e-01
7.409254e-01
7.415472e-01
7.415472e-01
7.415472e-01
7.415472e-01
7.422282e-01
7.422282e-01
7.422282e-01
7.422282e-01
7.422282e-01
7.422282e-01
7.422282e-01
7.422282e-01
7.425689e-01
7.425689e-01
7.425689e-01
7.425689e-01
7.425689e-01
7.425689e-01
7.425689e-01
7.425689e-01
7.430901e-01
7.430901e-01
7.430901e-01
7.430901e-01
7.430901e-01
7.430901e-01
7.430901e-01
7.430901e-01
7.472578e-01
7.472578e-01
7.472578e-01
7.472578e-01
7.483553e-01
7.483553e-01
7.483553e-01
7.483553e-01
7.504122e-01
7.504122e-01
7.504122e-01
7.504122e-01
7.504122e-01
7.504122e-01
7.504122e-01
7.504122e-01
7.511105e-01
7.511105e-01
7.511105e-01
7.511105e-01
7.511105e-01
7.511105e-01
7.511105e-01
7.511105e-01
7.518881e-01
7.518881e-01
7.518881e-01
7.518881e-01
7.518881e-01
7.518881e-01
7.518881e-01
7.518881e-01
7.540058e-01
7.540058e-01
7.540058e-01
7.540058e-01
7.541175e-01
7.541175e-01
7.541175e-01
7.541175e-01
7.541175e-01
7.541175e-01
7.541175e-01
7.541175e-01
7.549843e-01
7.549843e-01
7.549843e-01
7.549843e-01
7.549843e-01
7.549843e-01
7.549843e-01
7.549843e-01
7.554023e-01
7.554023e-01
7.554023e-01
7.554023e-01
7.554023e-01
7.554023e-01
7.554023e-01
7.554023e-01
7.567376e-01
7.567376e-01
7.567376e-01
7.567376e-01
7.567376e-01
7.567376e-01
7.567376e-01
7.567376e-01
7.587604e-01
7.587604e-01
7.587604e-01
7.587604e-01
7.587604e-01
7.587604e-01
7.587604e-01
7.587604e-01
7.594415e-01
7.594415e-01
7.594415e-01
7.594415e-01
7.594415e-01
7.594415e-01
7.594415e-01
7.594415e-01
7.605271e-01
7.605271e-01
7.605271e-01
7.605271e-01
7.605271e-01
7.605271e-01
7.605271e-01
7.605271e-01
7.608539e-01
7.608539e-01
7.608539e-01
7.608539e-01
7.608539e-01
7.608539e-01
7.608539e-01
7.608539e-01
7.613813e-01
7.613813e-01
7.613813e-01
7.613813e-01
7.613813e-01
7.613813e-01
7.613813e-01
7.613813e-01
7.640635e-01
7.640635e-01
7.640635e-01
7.640635e-01
7.640635e-01
7.640635e-01
7.640635e-01
7.640635e-01
7.641994e-01
7.641994e-01
7.641994e-01
7.641994e-01
7.641994e-01
7.641994e-01
7.641994e-01
7.641994e-01
7.642845e-01
7.642845e-01
7.642845e-01
7.642845e-01
7.642845e-01
7.642845e-01
7.642845e-01
7.642845e-01
7.644870e-01
7.644870e-01
7.644870e-01
7.644870e-01
7.644870e-01
7.644870e-01
7.644870e-01
7.644870e-01
7.645371e-01
7.645371e-01
7.645371e-01
7.645371e-01
7.645371e-01
7.645371e-01
7.645371e-01
7.645371e-01
7.665727e-01
7.665727e-01
7.665727e-01
7.665727e-01
7.677091e-01
7.677091e-01
7.677091e-01
7.677091e-01
7.677091e-01
7.677091e-01
7.677091e-01
7.677091e-01
7.696042e-01
7.696042e-01
7.696042e-01
7.696042e-01
7.696042e-01
7.696042e-01
7.696042e-01
7.696042e-01
7.711340e-01
7.711340e-01
7.711340e-01
7.711340e-01
7.711340e-01
7.711340e-01
7.711340e-01
7.711340e-01
7.713668e-01
7.713668e-01
7.713668e-01
7.713668e-01
7.713668e-01
7.713668e-01
7.713668e-01
7.713668e-01
7.725412e-01
7.725412e-01
7.725412e-01
7.725412e-01
7.740376e-01
7.740376e-01
7.740376e-01
7.740376e-01
7.740376e-01
7.740376e-01
7.740376e-01
7.740376e-01
7.743814e-01
7.743814e-01
7.743814e-01
7.743814e-01
7.743814e-01
7.743814e-01
7.743814e-01
7.743814e-01
7.753677e-01
7.753677e-01
7.753677e-01
7.753677e-01
7.753677e-01
7.753677e-01
7.753677e-01
7.753677e-01
7.759777e-01
7.759777e-01
7.759777e-01
7.759777e-01
7.763110e-01
7.763110e-01
7.763110e-01
7.763110e-01
7.763110e-01
7.763110e-01
7.763110e-01
7.763110e-01
7.766590e-01
7.766590e-01
7.766590e-01
7.766590e-01
7.766590e-01
7.766590e-01
7.766590e-01
7.766590e-01
7.766590e-01
7.766590e-01
7.766590e-01
7.766590e-01
7.766590e-01
7.766590e-01
7.766590e-01
7.766590e-01
7.766590e-01
7.766590e-01
7.766590e-01
7.766590e-01
7.766590e-01
7.766590e-01
7.766590e-01
7.766590e-01
7.766590e-01
7.766590e-01
7.766590e-01
7.766590e-01
7.766590e-01
7.766590e-01
7.766590e-01
7.766590e-01
7.781768e-01
7.781768e-01
7.781768e-01
7.781768e-01
7.807022e-01
7.807022e-01
7.807022e-01
7.807022e-01
7.807022e-01
7.807022e-01
7.807022e-01
7.807022e-01
7.816396e-01
7.816396e-01
7.816396e-01
7.816396e-01
7.816396e-01
7.816396e-01
7.816396e-01
7.816396e-01
7.820644e-01
7.820644e-01
7.820644e-01
7.820644e-01
7.820644e-01
7.820644e-01
7.820644e-01
7.820644e-01
7.826594e-01
7.826594e-01
7.826594e-01
7.826594e-01
7.867249e-01
7.867249e-01
7.867249e-01
7.867249e-01
7.867249e-01
7.867249e-01
7.867249e-01
7.867249e-01
7.876270e-01
7.876270e-01
7.876270e-01
7.876270e-01
7.876270e-01
7.876270e-01
7.876270e-01
7.876270e-01
7.878619e-01
7.878619e-01
7.878619e-01
7.878619e-01
7.885431e-01
7.885431e-01
7.885431e-01
7.885431e-01
7.885431e-01
7.885431e-01
7.885431e-01
7.885431e-01
7.922814e-01
7.922814e-01
7.922814e-01
7.922814e-01
7.922814e-01
7.922814e-01
7.922814e-01
7.922814e-01
7.930112e-01
7.930112e-01
7.930112e-01
7.930112e-01
7.930112e-01
7.930112e-01
7.930112e-01
7.930112e-01
7.959913e-01
7.959913e-01
7.959913e-01
7.959913e-01
7.959913e-01
7.959913e-01
7.959913e-01
7.959913e-01
7.980539e-01
7.980539e-01
7.980539e-01
7.980539e-01
7.980539e-01
7.980539e-01
7.980539e-01
7.980539e-01
7.986145e-01
7.986145e-01
7.986145e-01
7.986145e-01
7.986145e-01
7.986145e-01
7.986145e-01
7.986145e-01
7.992301e-01
7.992301e-01
7.992301e-01
7.992301e-01
7.992301e-01
7.992301e-01
7.992301e-01
7.992301e-01
7.996840e-01
7.996840e-01
7.996840e-01
7.996840e-01
7.999312e-01
7.999312e-01
7.999312e-01
7.999312e-01
7.999312e-01
7.999312e-01
7.999312e-01
7.999312e-01
8.017200e-01
8.017200e-01
8.017200e-01
8.017200e-01
8.017200e-01
8.017200e-01
8.017200e-01
8.017200e-01
8.034671e-01
8.034671e-01
8.034671e-01
8.034671e-01
8.034671e-01
8.034671e-01
8.034671e-01
8.034671e-01
8.048131e-01
8.048131e-01
8.048131e-01
8.048131e-01
8.048131e-01
8.048131e-01
8.048131e-01
8.048131e-01
8.050787e-01
8.050787e-01
8.050787e-01
8.050787e-01
8.050787e-01
8.050787e-01
8.050787e-01
8.050787e-01
8.057599e-01
8.057599e-01
8.057599e-01
8.057599e-01
8.057599e-01
8.057599e-01
8.057599e-01
8.057599e-01
8.060850e-01
8.060850e-01
8.060850e-01
8.060850e-01
8.060850e-01
8.060850e-01
8.060850e-01
8.060850e-01
8.077000e-01
8.077000e-01
8.077000e-01
8.077000e-01
8.077000e-01
8.077000e-01
8.077000e-01
8.077000e-01
8.098379e-01
8.098379e-01
8.098379e-01
8.098379e-01
8.106036e-01
8.106036e-01
8.106036e-01
8.106036e-01
8.106036e-01
8.106036e-01
8.106036e-01
8.106036e-01
8.128922e-01
8.128922e-01
8.128922e-01
8.128922e-01
8.137145e-01
8.137145e-01
8.137145e-01
8.137145e-01
8.140287e-01
8.140287e-01
8.140287e-01
8.140287e-01
8.140287e-01
8.140287e-01
8.140287e-01
8.140287e-01
8.146545e-01
8.146545e-01
8.146545e-01
8.146545e-01
8.146545e-01
8.146545e-01
8.146545e-01
8.146545e-01
8.161846e-01
8.161846e-01
8.161846e-01
8.161846e-01
8.161846e-01
8.161846e-01
8.161846e-01
8.161846e-01
8.169143e-01
8.169143e-01
8.169143e-01
8.169143e-01
8.172657e-01
8.172657e-01
8.172657e-01
8.172657e-01
8.172657e-01
8.172657e-01
8.172657e-01
8.172657e-01
8.174540e-01
8.174540e-01
8.174540e-01
8.174540e-01
8.174540e-01
8.174540e-01
8.174540e-01
8.174540e-01
8.200778e-01
8.200778e-01
8.200778e-01
8.200778e-01
8.203578e-01
8.203578e-01
8.203578e-01
8.203578e-01
8.203578e-01
8.203578e-01
8.203578e-01
8.203578e-01
8.206272e-01
8.206272e-01
8.206272e-01
8.206272e-01
8.206272e-01
8.206272e-01
8.206272e-01
8.206272e-01
8.207114e-01
8.207114e-01
8.207114e-01
8.207114e-01
8.207114e-01
8.207114e-01
8.207114e-01
8.207114e-01
8.222982e-01
8.222982e-01
8.222982e-01
8.222982e-01
8.229795e-01
8.229795e-01
8.229795e-01
8.229795e-01
8.229795e-01
8.229795e-01
8.229795e-01
8.229795e-01
8.229795e-01
8.229795e-01
8.229795e-01
8.229795e-01
8.229795e-01
8.229795e-01
8.229795e-01
8.229795e-01
8.229795e-01
8.229795e-01
8.229795e-01
8.229795e-01
8.229795e-01
8.229795e-01
8.229795e-01
8.229795e-01
8.229795e-01
8.229795e-01
8.229795e-01
8.229795e-01
8.229795e-01
8.229795e-01
8.229795e-01
8.229795e-01
8.266726e-01
8.266726e-01
8.266726e-01
8.266726e-01
8.266726e-01
8.266726e-01
8.266726e-01
8.266726e-01
8.271059e-01
8.271059e-01
8.271059e-01
8.271059e-01
8.271702e-01
8.271702e-01
8.271702e-01
8.271702e-01
8.271702e-01
8.271702e-01
8.271702e-01
8.271702e-01
8.276375e-01
8.276375e-01
8.276375e-01
8.276375e-01
8.277903e-01
8.277903e-01
8.277903e-01
8.277903e-01
8.277903e-01
8.277903e-01
8.277903e-01
8.277903e-01
8.297728e-01
8.297728e-01
8.297728e-01
8.297728e-01
8.304546e-01
8.304546e-01
8.304546e-01
8.304546e-01
8.304546e-01
8.304546e-01
8.304546e-01
8.304546e-01
8.315084e-01
8.315084e-01
8.315084e-01
8.315084e-01
8.315084e-01
8.315084e-01
8.315084e-01
8.315084e-01
8.341374e-01
8.341374e-01
8.341374e-01
8.341374e-01
8.341374e-01
8.341374e-01
8.341374e-01
8.341374e-01
8.416242e-01
8.416242e-01
8.416242e-01
8.416242e-01
8.416242e-01
8.416242e-01
8.416242e-01
8.416242e-01
8.434797e-01
8.434797e-01
8.434797e-01
8.434797e-01
8.434797e-01
8.434797e-01
8.434797e-01
8.434797e-01
8.436441e-01
8.436441e-01
8.436441e-01
8.436441e-01
8.436441e-01
8.436441e-01
8.436441e-01
8.436441e-01
8.442764e-01
8.442764e-01
8.442764e-01
8.442764e-01
8.442764e-01
8.442764e-01
8.442764e-01
8.442764e-01
8.445033e-01
8.445033e-01
8.445033e-01
8.445033e-01
8.445033e-01
8.445033e-01
8.445033e-01
8.445033e-01
8.470058e-01
8.470058e-01
8.470058e-01
8.470058e-01
8.470058e-01
8.470058e-01
8.470058e-01
8.470058e-01
8.476876e-01
8.476876e-01
8.476876e-01
8.476876e-01
8.476876e-01
8.476876e-01
8.476876e-01
8.476876e-01
8.496294e-01
8.496294e-01
8.496294e-01
8.496294e-01
8.496294e-01
8.496294e-01
8.496294e-01
8.496294e-01
8.498717e-01
8.498717e-01
8.498717e-01
8.498717e-01
8.498717e-01
8.498717e-01
8.498717e-01
8.498717e-01
8.525355e-01
8.525355e-01
8.525355e-01
8.525355e-01
8.525355e-01
8.525355e-01
8.525355e-01
8.525355e-01
8.528285e-01
8.528285e-01
8.528285e-01
8.528285e-01
8.528285e-01
8.528285e-01
8.528285e-01
8.528285e-01
8.548260e-01
8.548260e-01
8.548260e-01
8.548260e-01
8.551250e-01
8.551250e-01
8.551250e-01
8.551250e-01
8.551250e-01
8.551250e-01
8.551250e-01
8.551250e-01
8.556464e-01
8.556464e-01
8.556464e-01
8.556464e-01
8.559635e-01
8.559635e-01
8.559635e-01
8.559635e-01
8.559635e-01
8.559635e-01
8.559635e-01
8.559635e-01
8.588556e-01
8.588556e-01
8.588556e-01
8.588556e-01
8.588556e-01
8.588556e-01
8.588556e-01
8.588556e-01
8.593916e-01
8.593916e-01
8.593916e-01
8.593916e-01
8.593916e-01
8.593916e-01
8.593916e-01
8.593916e-01
8.608750e-01
8.608750e-01
8.608750e-01
8.608750e-01
8.608750e-01
8.608750e-01
8.608750e-01
8.608750e-01
8.614935e-01
8.614935e-01
8.614935e-01
8.614935e-01
8.614935e-01
8.614935e-01
8.614935e-01
8.614935e-01
8.622978e-01
8.622978e-01
8.622978e-01
8.622978e-01
8.622978e-01
8.622978e-01
8.622978e-01
8.622978e-01
8.642397e-01
8.642397e-01
8.642397e-01
8.642397e-01
8.649216e-01
8.649216e-01
8.649216e-01
8.649216e-01
8.649216e-01
8.649216e-01
8.649216e-01
8.649216e-01
8.649216e-01
8.649216e-01
8.649216e-01
8.649216e-01
8.649216e-01
8.649216e-01
8.649216e-01
8.649216e-01
8.649216e-01
8.649216e-01
8.649216e-01
8.649216e-01
8.649216e-01
8.649216e-01
8.649216e-01
8.649216e-01
8.649216e-01
8.649216e-01
8.649216e-01
8.649216e-01
8.649216e-01
8.649216e-01
8.649216e-01
8.649216e-01
8.653612e-01
8.653612e-01
8.653612e-01
8.653612e-01
8.660443e-01
8.660443e-01
8.660443e-01
8.660443e-01
8.660443e-01
8.660443e-01
8.660443e-01
8.660443e-01
8.690054e-01
8.690054e-01
8.690054e-01
8.690054e-01
8.690054e-01
8.690054e-01
8.690054e-01
8.690054e-01
8.716464e-01
8.716464e-01
8.716464e-01
8.716464e-01
8.716464e-01
8.716464e-01
8.716464e-01
8.716464e-01
8.725651e-01
8.725651e-01
8.725651e-01
8.725651e-01
8.725651e-01
8.725651e-01
8.725651e-01
8.725651e-01
8.753448e-01
8.753448e-01
8.753448e-01
8.753448e-01
8.753448e-01
8.753448e-01
8.753448e-01
8.753448e-01
8.763102e-01
8.763102e-01
8.763102e-01
8.763102e-01
8.763102e-01
8.763102e-01
8.763102e-01
8.763102e-01
8.789584e-01
8.789584e-01
8.789584e-01
8.789584e-01
8.789584e-01
8.789584e-01
8.789584e-01
8.789584e-01
8.792596e-01
8.792596e-01
8.792596e-01
8.792596e-01
8.792596e-01
8.792596e-01
8.792596e-01
8.792596e-01
8.802470e-01
8.802470e-01
8.802470e-01
8.802470e-01
8.802470e-01
8.802470e-01
8.802470e-01
8.802470e-01
8.826277e-01
8.826277e-01
8.826277e-01
8.826277e-01
8.826277e-01
8.826277e-01
8.826277e-01
8.826277e-01
8.830742e-01
8.830742e-01
8.830742e-01
8.830742e-01
8.833108e-01
8.833108e-01
8.833108e-01
8.833108e-01
8.833108e-01
8.833108e-01
8.833108e-01
8.833108e-01
8.845228e-01
8.845228e-01
8.845228e-01
8.845228e-01
8.845228e-01
8.845228e-01
8.845228e-01
8.845228e-01
8.852563e-01
8.852563e-01
8.852563e-01
8.852563e-01
8.852563e-01
8.852563e-01
8.852563e-01
8.852563e-01
8.864996e-01
8.864996e-01
8.864996e-01
8.864996e-01
8.864996e-01
8.864996e-01
8.864996e-01
8.864996e-01
8.881678e-01
8.881678e-01
8.881678e-01
8.881678e-01
8.881678e-01
8.881678e-01
8.881678e-01
8.881678e-01
8.886580e-01
8.886580e-01
8.886580e-01
8.886580e-01
8.886580e-01
8.886580e-01
8.886580e-01
8.886580e-01
8.904625e-01
8.904625e-01
8.904625e-01
8.904625e-01
8.916021e-01
8.916021e-01
8.916021e-01
8.916021e-01
8.916021e-01
8.916021e-01
8.916021e-01
8.916021e-01
8.928207e-01
8.928207e-01
8.928207e-01
8.928207e-01
8.935061e-01
8.935061e-01
8.935061e-01
8.935061e-01
8.935061e-01
8.935061e-01
8.935061e-01
8.935061e-01
8.950364e-01
8.950364e-01
8.950364e-01
8.950364e-01
8.950364e-01
8.950364e-01
8.950364e-01
8.950364e-01
8.976996e-01
8.976996e-01
8.976996e-01
8.976996e-01
8.977853e-01
8.977853e-01
8.977853e-01
8.977853e-01
8.977853e-01
8.977853e-01
8.977853e-01
8.977853e-01
8.979479e-01
8.979479e-01
8.979479e-01
8.979479e-01
8.979479e-01
8.979479e-01
8.979479e-01
8.979479e-01
8.998932e-01
8.998932e-01
8.998932e-01
8.998932e-01
9.005583e-01
9.005583e-01
9.005583e-01
9.005583e-01
9.005583e-01
9.005583e-01
9.005583e-01
9.005583e-01
9.005764e-01
9.005764e-01
9.005764e-01
9.005764e-01
9.005764e-01
9.005764e-01
9.005764e-01
9.005764e-01
9.005764e-01
9.005764e-01
9.005764e-01
9.005764e-01
9.005764e-01
9.005764e-01
9.005764e-01
9.005764e-01
9.005764e-01
9.005764e-01
9.005764e-01
9.005764e-01
9.005764e-01
9.005764e-01
9.005764e-01
9.005764e-01
9.005764e-01
9.005764e-01
9.005764e-01
9.005764e-01
9.005764e-01
9.005764e-01
9.005764e-01
9.005764e-01
9.006237e-01
9.006237e-01
9.006237e-01
9.006237e-01
9.053957e-01
9.053957e-01
9.053957e-01
9.053957e-01
9.067640e-01
9.067640e-01
9.067640e-01
9.067640e-01
9.067640e-01
9.067640e-01
9.067640e-01
9.067640e-01
9.101428e-01
9.101428e-01
9.101428e-01
9.101428e-01
9.101428e-01
9.101428e-01
9.101428e-01
9.101428e-01
9.104089e-01
9.104089e-01
9.104089e-01
9.104089e-01
9.108281e-01
9.108281e-01
9.108281e-01
9.108281e-01
9.108281e-01
9.108281e-01
9.108281e-01
9.108281e-01
9.110970e-01
9.110970e-01
9.110970e-01
9.110970e-01
9.110970e-01
9.110970e-01
9.110970e-01
9.110970e-01
9.127798e-01
9.127798e-01
9.127798e-01
9.127798e-01
9.127798e-01
9.127798e-01
9.127798e-01
9.127798e-01
9.157005e-01
9.157005e-01
9.157005e-01
9.157005e-01
9.157005e-01
9.157005e-01
9.157005e-01
9.157005e-01
9.180025e-01
9.180025e-01
9.180025e-01
9.180025e-01
9.186998e-01
9.186998e-01
9.186998e-01
9.186998e-01
9.186998e-01
9.186998e-01
9.186998e-01
9.186998e-01
9.191457e-01
9.191457e-01
9.191457e-01
9.191457e-01
9.191457e-01
9.191457e-01
9.191457e-01
9.191457e-01
9.225908e-01
9.225908e-01
9.225908e-01
9.225908e-01
9.225908e-01
9.225908e-01
9.225908e-01
9.225908e-01
9.244080e-01
9.244080e-01
9.244080e-01
9.244080e-01
9.244080e-01
9.244080e-01
9.244080e-01
9.244080e-01
9.255113e-01
9.255113e-01
9.255113e-01
9.255113e-01
9.255113e-01
9.255113e-01
9.255113e-01
9.255113e-01
9.274627e-01
9.274627e-01
9.274627e-01
9.274627e-01
9.278004e-01
9.278004e-01
9.278004e-01
9.278004e-01
9.278004e-01
9.278004e-01
9.278004e-01
9.278004e-01
9.281479e-01
9.281479e-01
9.281479e-01
9.281479e-01
9.281479e-01
9.281479e-01
9.281479e-01
9.281479e-01
9.281479e-01
9.281479e-01
9.281479e-01
9.281479e-01
9.281479e-01
9.281479e-01
9.281479e-01
9.281479e-01
9.281479e-01
9.281479e-01
9.281479e-01
9.281479e-01
9.281479e-01
9.281479e-01
9.281479e-01
9.281479e-01
9.281479e-01
9.281479e-01
9.281479e-01
9.281479e-01
9.281479e-01
9.281479e-01
9.281479e-01
9.281479e-01
9.284884e-01
9.284884e-01
9.284884e-01
9.284884e-01
9.284884e-01
9.284884e-01
9.284884e-01
9.284884e-01
9.304479e-01
9.304479e-01
9.304479e-01
9.304479e-01
9.304479e-01
9.304479e-01
9.304479e-01
9.304479e-01
9.314051e-01
9.314051e-01
9.314051e-01
9.314051e-01
9.314051e-01
9.314051e-01
9.314051e-01
9.314051e-01
9.333805e-01
9.333805e-01
9.333805e-01
9.333805e-01
9.333805e-01
9.333805e-01
9.333805e-01
9.333805e-01
9.356918e-01
9.356918e-01
9.356918e-01
9.356918e-01
9.368396e-01
9.368396e-01
9.368396e-01
9.368396e-01
9.368396e-01
9.368396e-01
9.368396e-01
9.368396e-01
9.402986e-01
9.402986e-01
9.402986e-01
9.402986e-01
9.402986e-01
9.402986e-01
9.402986e-01
9.402986e-01
9.405833e-01
9.405833e-01
9.405833e-01
9.405833e-01
9.405833e-01
9.405833e-01
9.405833e-01
9.405833e-01
9.432310e-01
9.432310e-01
9.432310e-01
9.432310e-01
9.432310e-01
9.432310e-01
9.432310e-01
9.432310e-01
9.435419e-01
9.435419e-01
9.435419e-01
9.435419e-01
9.435419e-01
9.435419e-01
9.435419e-01
9.435419e-01
9.451904e-01
9.451904e-01
9.451904e-01
9.451904e-01
9.456392e-01
9.456392e-01
9.456392e-01
9.456392e-01
9.456392e-01
9.456392e-01
9.456392e-01
9.456392e-01
9.458784e-01
9.458784e-01
9.458784e-01
9.458784e-01
9.458784e-01
9.458784e-01
9.458784e-01
9.458784e-01
9.458784e-01
9.458784e-01
9.458784e-01
9.458784e-01
9.458784e-01
9.458784e-01
9.458784e-01
9.458784e-01
9.458784e-01
9.458784e-01
9.458784e-01
9.458784e-01
9.458784e-01
9.458784e-01
9.458784e-01
9.458784e-01
9.458784e-01
9.458784e-01
9.458784e-01
9.458784e-01
9.458784e-01
9.458784e-01
9.458784e-01
9.458784e-01
9.516353e-01
9.516353e-01
9.516353e-01
9.516353e-01
9.516353e-01
9.516353e-01
9.516353e-01
9.516353e-01
9.606729e-01
9.606729e-01
9.606729e-01
9.606729e-01
9.606729e-01
9.606729e-01
9.606729e-01
9.606729e-01
9.629577e-01
9.629577e-01
9.629577e-01
9.629577e-01
9.708704e-01
9.708704e-01
9.708704e-01
9.708704e-01
9.714290e-01
9.714290e-01
9.714290e-01
9.714290e-01
9.714290e-01
9.714290e-01
9.714290e-01
9.714290e-01
9.822852e-01
9.822852e-01
9.822852e-01
9.822852e-01
9.822852e-01
9.822852e-01
9.822852e-01
9.822852e-01
9.850677e-01
9.850677e-01
9.850677e-01
9.850677e-01
9.850677e-01
9.850677e-01
9.850677e-01
9.850677e-01
9.856328e-01
9.856328e-01
9.856328e-01
9.856328e-01
9.856328e-01
9.856328e-01
9.856328e-01
9.856328e-01
9.872436e-01
9.872436e-01
9.872436e-01
9.872436e-01
9.872436e-01
9.872436e-01
9.872436e-01
9.872436e-01
9.896582e-01
9.896582e-01
9.896582e-01
9.896582e-01
9.896582e-01
9.896582e-01
9.896582e-01
9.896582e-01
9.915645e-01
9.915645e-01
9.915645e-01
9.915645e-01
9.925123e-01
9.925123e-01
9.925123e-01
9.925123e-01
9.925123e-01
9.925123e-01
9.925123e-01
9.925123e-01
9.953726e-01
9.953726e-01
9.953726e-01
9.953726e-01
9.953726e-01
9.953726e-01
9.953726e-01
9.953726e-01
9.978025e-01
9.978025e-01
9.978025e-01
9.978025e-01
9.978025e-01
9.978025e-01
9.978025e-01
9.978025e-01
9.994285e-01
9.994285e-01
9.994285e-01
9.994285e-01
1.000000e+00
1.000000e+00
1.000000e+00
1.000000e+00
1.000000e+00
1.000000e+00
1.000000e+00
1.000000e+00
1.000000e+00
1.000000e+00
1.000000e+00
1.000000e+00
1.000000e+00
1.000000e+00
1.000000e+00
1.000000e+00
1.000000e+00
1.000000e+00
1.000000e+00
1.000000e+00
1.000000e+00
1.000000e+00
1.000000e+00
1.000000e+00
1.000000e+00
1.000000e+00
1.000000e+00
1.000000e+00
1.000000e+00
1.000000e+00
1.000000e+00
1.000000e+00
