# SF-29 N2 candidate (i) i0 k = 1 control (u = 0, affine labels) N=16: sorted relative singular values of the dense central-FD Jacobian (smax=2.500744e+03)
5.827561e-18
1.158927e-17
2.379446e-17
2.899242e-17
3.227176e-17
4.960436e-17
5.673303e-17
6.231524e-17
6.633391e-17
7.444162e-17
7.654875e-17
8.699148e-17
1.041793e-16
1.055614e-16
1.073506e-16
1.217823e-16
1.389002e-16
1.424792e-16
1.503743e-16
1.679215e-16
1.785417e-16
1.905952e-16
2.004788e-16
2.085700e-16
2.144023e-16
2.271563e-16
2.359035e-16
2.423411e-16
2.615321e-16
2.841141e-16
3.026460e-16
3.296389e-16
5.745827e-07
5.745827e-07
5.745827e-07
5.745827e-07
9.396363e-06
9.396363e-06
9.396363e-06
9.396363e-06
9.396363e-06
9.396363e-06
9.396363e-06
9.396363e-06
4.492604e-05
4.492604e-05
4.492604e-05
4.492604e-05
4.492604e-05
4.492604e-05
4.492604e-05
4.492604e-05
1.227400e-04
1.227400e-04
1.227400e-04
1.227400e-04
1.227400e-04
1.227400e-04
1.227400e-04
1.227400e-04
1.571447e-04
1.571447e-04
1.571447e-04
1.571447e-04
2.392611e-04
2.392611e-04
2.392611e-04
2.392611e-04
2.392611e-04
2.392611e-04
2.392611e-04
2.392611e-04
3.678114e-04
3.678114e-04
3.678114e-04
3.678114e-04
3.678114e-04
3.678114e-04
3.678114e-04
3.678114e-04
4.686513e-04
4.686513e-04
4.686513e-04
4.686513e-04
4.686513e-04
4.686513e-04
4.686513e-04
4.686513e-04
5.068657e-04
5.068657e-04
5.068657e-04
5.068657e-04
5.068657e-04
5.068657e-04
5.068657e-04
5.068657e-04
7.162824e-04
7.162824e-04
7.162824e-04
7.162824e-04
7.162824e-04
7.162824e-04
7.162824e-04
7.162824e-04
1.862738e-03
1.862738e-03
1.862738e-03
1.862738e-03
1.862738e-03
1.862738e-03
1.862738e-03
1.862738e-03
1.935564e-03
1.935564e-03
1.935564e-03
1.935564e-03
3.108730e-03
3.108730e-03
3.108730e-03
3.108730e-03
3.495969e-03
3.495969e-03
3.495969e-03
3.495969e-03
3.495969e-03
3.495969e-03
3.495969e-03
3.495969e-03
5.235989e-03
5.235989e-03
5.235989e-03
5.235989e-03
5.235989e-03
5.235989e-03
5.235989e-03
5.235989e-03
5.790969e-03
5.790969e-03
5.790969e-03
5.790969e-03
5.790969e-03
5.790969e-03
5.790969e-03
5.790969e-03
5.790969e-03
5.790969e-03
5.790969e-03
5.790969e-03
5.790969e-03
5.790969e-03
5.790969e-03
5.790969e-03
5.790969e-03
5.790969e-03
5.790969e-03
5.790969e-03
5.790969e-03
5.790969e-03
5.790969e-03
5.790969e-03
5.790969e-03
5.790969e-03
5.790969e-03
5.790969e-03
5.790969e-03
5.790969e-03
5.790969e-03
5.790969e-03
6.247731e-03
6.247731e-03
6.247731e-03
6.247731e-03
6.570941e-03
6.570941e-03
6.570941e-03
6.570941e-03
6.570941e-03
6.570941e-03
6.570941e-03
6.570941e-03
7.071385e-03
7.071385e-03
7.071385e-03
7.071385e-03
7.071385e-03
7.071385e-03
7.071385e-03
7.071385e-03
7.643700e-03
7.643700e-03
7.643700e-03
7.643700e-03
7.643700e-03
7.643700e-03
7.643700e-03
7.643700e-03
7.806644e-03
7.806644e-03
7.806644e-03
7.806644e-03
7.806644e-03
7.806644e-03
7.806644e-03
7.806644e-03
9.891634e-03
9.891634e-03
9.891634e-03
9.891634e-03
9.891634e-03
9.891634e-03
9.891634e-03
9.891634e-03
1.030375e-02
1.030375e-02
1.030375e-02
1.030375e-02
1.030375e-02
1.030375e-02
1.030375e-02
1.030375e-02
1.266797e-02
1.266797e-02
1.266797e-02
1.266797e-02
1.266797e-02
1.266797e-02
1.266797e-02
1.266797e-02
1.360647e-02
1.360647e-02
1.360647e-02
1.360647e-02
1.429325e-02
1.429325e-02
1.429325e-02
1.429325e-02
1.429325e-02
1.429325e-02
1.429325e-02
1.429325e-02
1.551341e-02
1.551341e-02
1.551341e-02
1.551341e-02
1.551341e-02
1.551341e-02
1.551341e-02
1.551341e-02
1.795664e-02
1.795664e-02
1.795664e-02
1.795664e-02
1.795664e-02
1.795664e-02
1.795664e-02
1.795664e-02
1.862101e-02
1.862101e-02
1.862101e-02
1.862101e-02
1.862101e-02
1.862101e-02
1.862101e-02
1.862101e-02
1.862101e-02
1.862101e-02
1.862101e-02
1.862101e-02
1.862101e-02
1.862101e-02
1.862101e-02
1.862101e-02
1.862101e-02
1.862101e-02
1.862101e-02
1.862101e-02
1.862101e-02
1.862101e-02
1.862101e-02
1.862101e-02
1.862101e-02
1.862101e-02
1.862101e-02
1.862101e-02
1.862101e-02
1.862101e-02
1.862101e-02
1.862101e-02
1.912548e-02
1.912548e-02
1.912548e-02
1.912548e-02
1.913729e-02
1.913729e-02
1.913729e-02
1.913729e-02
1.959972e-02
1.959972e-02
1.959972e-02
1.959972e-02
1.959972e-02
1.959972e-02
1.959972e-02
1.959972e-02
2.017828e-02
2.017828e-02
2.017828e-02
2.017828e-02
2.017828e-02
2.017828e-02
2.017828e-02
2.017828e-02
2.062958e-02
2.062958e-02
2.062958e-02
2.062958e-02
2.062958e-02
2.062958e-02
2.062958e-02
2.062958e-02
2.104735e-02
2.104735e-02
2.104735e-02
2.104735e-02
2.104735e-02
2.104735e-02
2.104735e-02
2.104735e-02
2.222437e-02
2.222437e-02
2.222437e-02
2.222437e-02
2.291196e-02
2.291196e-02
2.291196e-02
2.291196e-02
2.291196e-02
2.291196e-02
2.291196e-02
2.291196e-02
2.304015e-02
2.304015e-02
2.304015e-02
2.304015e-02
2.304015e-02
2.304015e-02
2.304015e-02
2.304015e-02
2.566011e-02
2.566011e-02
2.566011e-02
2.566011e-02
2.566011e-02
2.566011e-02
2.566011e-02
2.566011e-02
2.614859e-02
2.614859e-02
2.614859e-02
2.614859e-02
2.614859e-02
2.614859e-02
2.614859e-02
2.614859e-02
2.658237e-02
2.658237e-02
2.658237e-02
2.658237e-02
2.804554e-02
2.804554e-02
2.804554e-02
2.804554e-02
2.804554e-02
2.804554e-02
2.804554e-02
2.804554e-02
2.845212e-02
2.845212e-02
2.845212e-02
2.845212e-02
2.845212e-02
2.845212e-02
2.845212e-02
2.845212e-02
3.084472e-02
3.084472e-02
3.084472e-02
3.084472e-02
3.084472e-02
3.084472e-02
3.084472e-02
3.084472e-02
3.245385e-02
3.245385e-02
3.245385e-02
3.245385e-02
3.245385e-02
3.245385e-02
3.245385e-02
3.245385e-02
3.248545e-02
3.248545e-02
3.248545e-02
3.248545e-02
3.248545e-02
3.248545e-02
3.248545e-02
3.248545e-02
3.302062e-02
3.302062e-02
3.302062e-02
3.302062e-02
3.302062e-02
3.302062e-02
3.302062e-02
3.302062e-02
3.436025e-02
3.436025e-02
3.436025e-02
3.436025e-02
3.436025e-02
3.436025e-02
3.436025e-02
3.436025e-02
3.436435e-02
3.436435e-02
3.436435e-02
3.436435e-02
3.436435e-02
3.436435e-02
3.436435e-02
3.436435e-02
3.494785e-02
3.494785e-02
3.494785e-02
3.494785e-02
3.582622e-02
3.582622e-02
3.582622e-02
3.582622e-02
3.582622e-02
3.582622e-02
3.582622e-02
3.582622e-02
3.830293e-02
3.830293e-02
3.830293e-02
3.830293e-02
3.830293e-02
3.830293e-02
3.830293e-02
3.830293e-02
3.830293e-02
3.830293e-02
3.830293e-02
3.830293e-02
3.830293e-02
3.830293e-02
3.830293e-02
3.830293e-02
3.830293e-02
3.830293e-02
3.830293e-02
3.830293e-02
3.830293e-02
3.830293e-02
3.830293e-02
3.830293e-02
3.830293e-02
3.830293e-02
3.830293e-02
3.830293e-02
3.830293e-02
3.830293e-02
3.830293e-02
3.830293e-02
3.884552e-02
3.884552e-02
3.884552e-02
3.884552e-02
4.039854e-02
4.039854e-02
4.039854e-02
4.039854e-02
4.039854e-02
4.039854e-02
4.039854e-02
4.039854e-02
4.274207e-02
4.274207e-02
4.274207e-02
4.274207e-02
4.274207e-02
4.274207e-02
4.274207e-02
4.274207e-02
4.331758e-02
4.331758e-02
4.331758e-02
4.331758e-02
4.553148e-02
4.553148e-02
4.553148e-02
4.553148e-02
4.553148e-02
4.553148e-02
4.553148e-02
4.553148e-02
4.574921e-02
4.574921e-02
4.574921e-02
4.574921e-02
4.574921e-02
4.574921e-02
4.574921e-02
4.574921e-02
4.646223e-02
4.646223e-02
4.646223e-02
4.646223e-02
4.648503e-02
4.648503e-02
4.648503e-02
4.648503e-02
4.648503e-02
4.648503e-02
4.648503e-02
4.648503e-02
4.696252e-02
4.696252e-02
4.696252e-02
4.696252e-02
4.696252e-02
4.696252e-02
4.696252e-02
4.696252e-02
4.754216e-02
4.754216e-02
4.754216e-02
4.754216e-02
4.834332e-02
4.834332e-02
4.834332e-02
4.834332e-02
4.834332e-02
4.834332e-02
4.834332e-02
4.834332e-02
4.989598e-02
4.989598e-02
4.989598e-02
4.989598e-02
4.989598e-02
4.989598e-02
4.989598e-02
4.989598e-02
5.074178e-02
5.074178e-02
5.074178e-02
5.074178e-02
5.074178e-02
5.074178e-02
5.074178e-02
5.074178e-02
5.235090e-02
5.235090e-02
5.235090e-02
5.235090e-02
5.235090e-02
5.235090e-02
5.235090e-02
5.235090e-02
5.291707e-02
5.291707e-02
5.291707e-02
5.291707e-02
5.291707e-02
5.291707e-02
5.291707e-02
5.291707e-02
5.542871e-02
5.542871e-02
5.542871e-02
5.542871e-02
5.542871e-02
5.542871e-02
5.542871e-02
5.542871e-02
5.571623e-02
5.571623e-02
5.571623e-02
5.571623e-02
5.571623e-02
5.571623e-02
5.571623e-02
5.571623e-02
5.581207e-02
5.581207e-02
5.581207e-02
5.581207e-02
5.821880e-02
5.821880e-02
5.821880e-02
5.821880e-02
5.821880e-02
5.821880e-02
5.821880e-02
5.821880e-02
6.077536e-02
6.077536e-02
6.077536e-02
6.077536e-02
6.144068e-02
6.144068e-02
6.144068e-02
6.144068e-02
6.144068e-02
6.144068e-02
6.144068e-02
6.144068e-02
6.190371e-02
6.190371e-02
6.190371e-02
6.190371e-02
6.190371e-02
6.190371e-02
6.190371e-02
6.190371e-02
6.416619e-02
6.416619e-02
6.416619e-02
6.416619e-02
6.416619e-02
6.416619e-02
6.416619e-02
6.416619e-02
6.416619e-02
6.416619e-02
6.416619e-02
6.416619e-02
6.416619e-02
6.416619e-02
6.416619e-02
6.416619e-02
6.416619e-02
6.416619e-02
6.416619e-02
6.416619e-02
6.416619e-02
6.416619e-02
6.416619e-02
6.416619e-02
6.416619e-02
6.416619e-02
6.416619e-02
6.416619e-02
6.416619e-02
6.416619e-02
6.416619e-02
6.416619e-02
6.417845e-02
6.417845e-02
6.417845e-02
6.417845e-02
6.417845e-02
6.417845e-02
6.417845e-02
6.417845e-02
6.472356e-02
6.472356e-02
6.472356e-02
6.472356e-02
6.569707e-02
6.569707e-02
6.569707e-02
6.569707e-02
6.569707e-02
6.569707e-02
6.569707e-02
6.569707e-02
6.631431e-02
6.631431e-02
6.631431e-02
6.631431e-02
6.631431e-02
6.631431e-02
6.631431e-02
6.631431e-02
6.679767e-02
6.679767e-02
6.679767e-02
6.679767e-02
6.679767e-02
6.679767e-02
6.679767e-02
6.679767e-02
6.737390e-02
6.737390e-02
6.737390e-02
6.737390e-02
6.739620e-02
6.739620e-02
6.739620e-02
6.739620e-02
6.739620e-02
6.739620e-02
6.739620e-02
6.739620e-02
6.781330e-02
6.781330e-02
6.781330e-02
6.781330e-02
6.781330e-02
6.781330e-02
6.781330e-02
6.781330e-02
6.870401e-02
6.870401e-02
6.870401e-02
6.870401e-02
6.870401e-02
6.870401e-02
6.870401e-02
6.870401e-02
7.005310e-02
7.005310e-02
7.005310e-02
7.005310e-02
7.005310e-02
7.005310e-02
7.005310e-02
7.005310e-02
7.075252e-02
7.075252e-02
7.075252e-02
7.075252e-02
7.153525e-02
7.153525e-02
7.153525e-02
7.153525e-02
7.153525e-02
7.153525e-02
7.153525e-02
7.153525e-02
7.247741e-02
7.247741e-02
7.247741e-02
7.247741e-02
7.424152e-02
7.424152e-02
7.424152e-02
7.424152e-02
7.424152e-02
7.424152e-02
7.424152e-02
7.424152e-02
7.437835e-02
7.437835e-02
7.437835e-02
7.437835e-02
7.437835e-02
7.437835e-02
7.437835e-02
7.437835e-02
7.559420e-02
7.559420e-02
7.559420e-02
7.559420e-02
7.650138e-02
7.650138e-02
7.650138e-02
7.650138e-02
7.650138e-02
7.650138e-02
7.650138e-02
7.650138e-02
7.679686e-02
7.679686e-02
7.679686e-02
7.679686e-02
7.679686e-02
7.679686e-02
7.679686e-02
7.679686e-02
7.744452e-02
7.744452e-02
7.744452e-02
7.744452e-02
7.744452e-02
7.744452e-02
7.744452e-02
7.744452e-02
7.798660e-02
7.798660e-02
7.798660e-02
7.798660e-02
7.798660e-02
7.798660e-02
7.798660e-02
7.798660e-02
7.841668e-02
7.841668e-02
7.841668e-02
7.841668e-02
7.841668e-02
7.841668e-02
7.841668e-02
7.841668e-02
7.898617e-02
7.898617e-02
7.898617e-02
7.898617e-02
7.898617e-02
7.898617e-02
7.898617e-02
7.898617e-02
7.969926e-02
7.969926e-02
7.969926e-02
7.969926e-02
7.969926e-02
7.969926e-02
7.969926e-02
7.969926e-02
8.179870e-02
8.179870e-02
8.179870e-02
8.179870e-02
8.179870e-02
8.179870e-02
8.179870e-02
8.179870e-02
8.297522e-02
8.297522e-02
8.297522e-02
8.297522e-02
8.297522e-02
8.297522e-02
8.297522e-02
8.297522e-02
8.714689e-02
8.714689e-02
8.714689e-02
8.714689e-02
8.714689e-02
8.714689e-02
8.714689e-02
8.714689e-02
8.752646e-02
8.752646e-02
8.752646e-02
8.752646e-02
8.752646e-02
8.752646e-02
8.752646e-02
8.752646e-02
8.969330e-02
8.969330e-02
8.969330e-02
8.969330e-02
8.969330e-02
8.969330e-02
8.969330e-02
8.969330e-02
9.152490e-02
9.152490e-02
9.152490e-02
9.152490e-02
9.152490e-02
9.152490e-02
9.152490e-02
9.152490e-02
9.289957e-02
9.289957e-02
9.289957e-02
9.289957e-02
9.289957e-02
9.289957e-02
9.289957e-02
9.289957e-02
9.347583e-02
9.347583e-02
9.347583e-02
9.347583e-02
9.392083e-02
9.392083e-02
9.392083e-02
9.392083e-02
9.392083e-02
9.392083e-02
9.392083e-02
9.392083e-02
9.540837e-02
9.540837e-02
9.540837e-02
9.540837e-02
9.540837e-02
9.540837e-02
9.540837e-02
9.540837e-02
9.540837e-02
9.540837e-02
9.540837e-02
9.540837e-02
9.540837e-02
9.540837e-02
9.540837e-02
9.540837e-02
9.540837e-02
9.540837e-02
9.540837e-02
9.540837e-02
9.540837e-02
9.540837e-02
9.540837e-02
9.540837e-02
9.540837e-02
9.540837e-02
9.540837e-02
9.540837e-02
9.540837e-02
9.540837e-02
9.540837e-02
9.540837e-02
9.597496e-02
9.597496e-02
9.597496e-02
9.597496e-02
9.616935e-02
9.616935e-02
9.616935e-02
9.616935e-02
9.616935e-02
9.616935e-02
9.616935e-02
9.616935e-02
9.759024e-02
9.759024e-02
9.759024e-02
9.759024e-02
9.759024e-02
9.759024e-02
9.759024e-02
9.759024e-02
9.935168e-02
9.935168e-02
9.935168e-02
9.935168e-02
9.935168e-02
9.935168e-02
9.935168e-02
9.935168e-02
1.000123e-01
1.000123e-01
1.000123e-01
1.000123e-01
1.000123e-01
1.000123e-01
1.000123e-01
1.000123e-01
1.016904e-01
1.016904e-01
1.016904e-01
1.016904e-01
1.028760e-01
1.028760e-01
1.028760e-01
1.028760e-01
1.028760e-01
1.028760e-01
1.028760e-01
1.028760e-01
1.036213e-01
1.036213e-01
1.036213e-01
1.036213e-01
1.036213e-01
1.036213e-01
1.036213e-01
1.036213e-01
1.037128e-01
1.037128e-01
1.037128e-01
1.037128e-01
1.037128e-01
1.037128e-01
1.037128e-01
1.037128e-01
1.038277e-01
1.038277e-01
1.038277e-01
1.038277e-01
1.040795e-01
1.040795e-01
1.040795e-01
1.040795e-01
1.040795e-01
1.040795e-01
1.040795e-01
1.040795e-01
1.057463e-01
1.057463e-01
1.057463e-01
1.057463e-01
1.057463e-01
1.057463e-01
1.057463e-01
1.057463e-01
1.064523e-01
1.064523e-01
1.064523e-01
1.064523e-01
1.064523e-01
1.064523e-01
1.064523e-01
1.064523e-01
1.064938e-01
1.064938e-01
1.064938e-01
1.064938e-01
1.081843e-01
1.081843e-01
1.081843e-01
1.081843e-01
1.081843e-01
1.081843e-01
1.081843e-01
1.081843e-01
1.093008e-01
1.093008e-01
1.093008e-01
1.093008e-01
1.093008e-01
1.093008e-01
1.093008e-01
1.093008e-01
1.098156e-01
1.098156e-01
1.098156e-01
1.098156e-01
1.098156e-01
1.098156e-01
1.098156e-01
1.098156e-01
1.103889e-01
1.103889e-01
1.103889e-01
1.103889e-01
1.103889e-01
1.103889e-01
1.103889e-01
1.103889e-01
1.119969e-01
1.119969e-01
1.119969e-01
1.119969e-01
1.119969e-01
1.119969e-01
1.119969e-01
1.119969e-01
1.132181e-01
1.132181e-01
1.132181e-01
1.132181e-01
1.132181e-01
1.132181e-01
1.132181e-01
1.132181e-01
1.135132e-01
1.135132e-01
1.135132e-01
1.135132e-01
1.135132e-01
1.135132e-01
1.135132e-01
1.135132e-01
1.136020e-01
1.136020e-01
1.136020e-01
1.136020e-01
1.136020e-01
1.136020e-01
1.136020e-01
1.136020e-01
1.152649e-01
1.152649e-01
1.152649e-01
1.152649e-01
1.167099e-01
1.167099e-01
1.167099e-01
1.167099e-01
1.167099e-01
1.167099e-01
1.167099e-01
1.167099e-01
1.186309e-01
1.186309e-01
1.186309e-01
1.186309e-01
1.199825e-01
1.199825e-01
1.199825e-01
1.199825e-01
1.199825e-01
1.199825e-01
1.199825e-01
1.199825e-01
1.222258e-01
1.222258e-01
1.222258e-01
1.222258e-01
1.222258e-01
1.222258e-01
1.222258e-01
1.222258e-01
1.232656e-01
1.232656e-01
1.232656e-01
1.232656e-01
1.232656e-01
1.232656e-01
1.232656e-01
1.232656e-01
1.237292e-01
1.237292e-01
1.237292e-01
1.237292e-01
1.241180e-01
1.241180e-01
1.241180e-01
1.241180e-01
1.241180e-01
1.241180e-01
1.241180e-01
1.241180e-01
1.243611e-01
1.243611e-01
1.243611e-01
1.243611e-01
1.243611e-01
1.243611e-01
1.243611e-01
1.243611e-01
1.249387e-01
1.249387e-01
1.249387e-01
1.249387e-01
1.254008e-01
1.254008e-01
1.254008e-01
1.254008e-01
1.254008e-01
1.254008e-01
1.254008e-01
1.254008e-01
1.256808e-01
1.256808e-01
1.256808e-01
1.256808e-01
1.256808e-01
1.256808e-01
1.256808e-01
1.256808e-01
1.259566e-01
1.259566e-01
1.259566e-01
1.259566e-01
1.259566e-01
1.259566e-01
1.259566e-01
1.259566e-01
1.273770e-01
1.273770e-01
1.273770e-01
1.273770e-01
1.297337e-01
1.297337e-01
1.297337e-01
1.297337e-01
1.304866e-01
1.304866e-01
1.304866e-01
1.304866e-01
1.304866e-01
1.304866e-01
1.304866e-01
1.304866e-01
1.312286e-01
1.312286e-01
1.312286e-01
1.312286e-01
1.312286e-01
1.312286e-01
1.312286e-01
1.312286e-01
1.312286e-01
1.312286e-01
1.312286e-01
1.312286e-01
1.312286e-01
1.312286e-01
1.312286e-01
1.312286e-01
1.312286e-01
1.312286e-01
1.312286e-01
1.312286e-01
1.312286e-01
1.312286e-01
1.312286e-01
1.312286e-01
1.312286e-01
1.312286e-01
1.312286e-01
1.312286e-01
1.312286e-01
1.312286e-01
1.312286e-01
1.312286e-01
1.318012e-01
1.318012e-01
1.318012e-01
1.318012e-01
1.331672e-01
1.331672e-01
1.331672e-01
1.331672e-01
1.334327e-01
1.334327e-01
1.334327e-01
1.334327e-01
1.334327e-01
1.334327e-01
1.334327e-01
1.334327e-01
1.353262e-01
1.353262e-01
1.353262e-01
1.353262e-01
1.353262e-01
1.353262e-01
1.353262e-01
1.353262e-01
1.355586e-01
1.355586e-01
1.355586e-01
1.355586e-01
1.355586e-01
1.355586e-01
1.355586e-01
1.355586e-01
1.358770e-01
1.358770e-01
1.358770e-01
1.358770e-01
1.358770e-01
1.358770e-01
1.358770e-01
1.358770e-01
1.377669e-01
1.377669e-01
1.377669e-01
1.377669e-01
1.377669e-01
1.377669e-01
1.377669e-01
1.377669e-01
1.381345e-01
1.381345e-01
1.381345e-01
1.381345e-01
1.387640e-01
1.387640e-01
1.387640e-01
1.387640e-01
1.387640e-01
1.387640e-01
1.387640e-01
1.387640e-01
1.397228e-01
1.397228e-01
1.397228e-01
1.397228e-01
1.401703e-01
1.401703e-01
1.401703e-01
1.401703e-01
1.401703e-01
1.401703e-01
1.401703e-01
1.401703e-01
1.412517e-01
1.412517e-01
1.412517e-01
1.412517e-01
1.412517e-01
1.412517e-01
1.412517e-01
1.412517e-01
1.416548e-01
1.416548e-01
1.416548e-01
1.416548e-01
1.416548e-01
1.416548e-01
1.416548e-01
1.416548e-01
1.425618e-01
1.425618e-01
1.425618e-01
1.425618e-01
1.425618e-01
1.425618e-01
1.425618e-01
1.425618e-01
1.436054e-01
1.436054e-01
1.436054e-01
1.436054e-01
1.436054e-01
1.436054e-01
1.436054e-01
1.436054e-01
1.441084e-01
1.441084e-01
1.441084e-01
1.441084e-01
1.441084e-01
1.441084e-01
1.441084e-01
1.441084e-01
1.450847e-01
1.450847e-01
1.450847e-01
1.450847e-01
1.450847e-01
1.450847e-01
1.450847e-01
1.450847e-01
1.456297e-01
1.456297e-01
1.456297e-01
1.456297e-01
1.456297e-01
1.456297e-01
1.456297e-01
1.456297e-01
1.457492e-01
1.457492e-01
1.457492e-01
1.457492e-01
1.457492e-01
1.457492e-01
1.457492e-01
1.457492e-01
1.463256e-01
1.463256e-01
1.463256e-01
1.463256e-01
1.463256e-01
1.463256e-01
1.463256e-01
1.463256e-01
1.468553e-01
1.468553e-01
1.468553e-01
1.468553e-01
1.491694e-01
1.491694e-01
1.491694e-01
1.491694e-01
1.491694e-01
1.491694e-01
1.491694e-01
1.491694e-01
1.492583e-01
1.492583e-01
1.492583e-01
1.492583e-01
1.492583e-01
1.492583e-01
1.492583e-01
1.492583e-01
1.501955e-01
1.501955e-01
1.501955e-01
1.501955e-01
1.501955e-01
1.501955e-01
1.501955e-01
1.501955e-01
1.514638e-01
1.514638e-01
1.514638e-01
1.514638e-01
1.514638e-01
1.514638e-01
1.514638e-01
1.514638e-01
1.533049e-01
1.533049e-01
1.533049e-01
1.533049e-01
1.533049e-01
1.533049e-01
1.533049e-01
1.533049e-01
1.537062e-01
1.537062e-01
1.537062e-01
1.537062e-01
1.537062e-01
1.537062e-01
1.537062e-01
1.537062e-01
1.568794e-01
1.568794e-01
1.568794e-01
1.568794e-01
1.568794e-01
1.568794e-01
1.568794e-01
1.568794e-01
1.572181e-01
1.572181e-01
1.572181e-01
1.572181e-01
1.572181e-01
1.572181e-01
1.572181e-01
1.572181e-01
1.574684e-01
1.574684e-01
1.574684e-01
1.574684e-01
1.574684e-01
1.574684e-01
1.574684e-01
1.574684e-01
1.576746e-01
1.576746e-01
1.576746e-01
1.576746e-01
1.576746e-01
1.576746e-01
1.576746e-01
1.576746e-01
1.598179e-01
1.598179e-01
1.598179e-01
1.598179e-01
1.598179e-01
1.598179e-01
1.598179e-01
1.598179e-01
1.603545e-01
1.603545e-01
1.603545e-01
1.603545e-01
1.603545e-01
1.603545e-01
1.603545e-01
1.603545e-01
1.609338e-01
1.609338e-01
1.609338e-01
1.609338e-01
1.614847e-01
1.614847e-01
1.614847e-01
1.614847e-01
1.614847e-01
1.614847e-01
1.614847e-01
1.614847e-01
1.620014e-01
1.620014e-01
1.620014e-01
1.620014e-01
1.620014e-01
1.620014e-01
1.620014e-01
1.620014e-01
1.640941e-01
1.640941e-01
1.640941e-01
1.640941e-01
1.662562e-01
1.662562e-01
1.662562e-01
1.662562e-01
1.662562e-01
1.662562e-01
1.662562e-01
1.662562e-01
1.667970e-01
1.667970e-01
1.667970e-01
1.667970e-01
1.667970e-01
1.667970e-01
1.667970e-01
1.667970e-01
1.691811e-01
1.691811e-01
1.691811e-01
1.691811e-01
1.695536e-01
1.695536e-01
1.695536e-01
1.695536e-01
1.695536e-01
1.695536e-01
1.695536e-01
1.695536e-01
1.707199e-01
1.707199e-01
1.707199e-01
1.707199e-01
1.707199e-01
1.707199e-01
1.707199e-01
1.707199e-01
1.707199e-01
1.707199e-01
1.707199e-01
1.707199e-01
1.707199e-01
1.707199e-01
1.707199e-01
1.707199e-01
1.707199e-01
1.707199e-01
1.707199e-01
1.707199e-01
1.707199e-01
1.707199e-01
1.707199e-01
1.707199e-01
1.707199e-01
1.707199e-01
1.707199e-01
1.707199e-01
1.707199e-01
1.707199e-01
1.707199e-01
1.707199e-01
1.712965e-01
1.712965e-01
1.712965e-01
1.712965e-01
1.715766e-01
1.715766e-01
1.715766e-01
1.715766e-01
1.715766e-01
1.715766e-01
1.715766e-01
1.715766e-01
1.719142e-01
1.719142e-01
1.719142e-01
1.719142e-01
1.719142e-01
1.719142e-01
1.719142e-01
1.719142e-01
1.727205e-01
1.727205e-01
1.727205e-01
1.727205e-01
1.727205e-01
1.727205e-01
1.727205e-01
1.727205e-01
1.727968e-01
1.727968e-01
1.727968e-01
1.727968e-01
1.729392e-01
1.729392e-01
1.729392e-01
1.729392e-01
1.729392e-01
1.729392e-01
1.729392e-01
1.729392e-01
1.734639e-01
1.734639e-01
1.734639e-01
1.734639e-01
1.734639e-01
1.734639e-01
1.734639e-01
1.734639e-01
1.752889e-01
1.752889e-01
1.752889e-01
1.752889e-01
1.753992e-01
1.753992e-01
1.753992e-01
1.753992e-01
1.753992e-01
1.753992e-01
1.753992e-01
1.753992e-01
1.770811e-01
1.770811e-01
1.770811e-01
1.770811e-01
1.770811e-01
1.770811e-01
1.770811e-01
1.770811e-01
1.783031e-01
1.783031e-01
1.783031e-01
1.783031e-01
1.783031e-01
1.783031e-01
1.783031e-01
1.783031e-01
1.788199e-01
1.788199e-01
1.788199e-01
1.788199e-01
1.788199e-01
1.788199e-01
1.788199e-01
1.788199e-01
1.792673e-01
1.792673e-01
1.792673e-01
1.792673e-01
1.807142e-01
1.807142e-01
1.807142e-01
1.807142e-01
1.807142e-01
1.807142e-01
1.807142e-01
1.807142e-01
1.811143e-01
1.811143e-01
1.811143e-01
1.811143e-01
1.811143e-01
1.811143e-01
1.811143e-01
1.811143e-01
1.812095e-01
1.812095e-01
1.812095e-01
1.812095e-01
1.812095e-01
1.812095e-01
1.812095e-01
1.812095e-01
1.816176e-01
1.816176e-01
1.816176e-01
1.816176e-01
1.820647e-01
1.820647e-01
1.820647e-01
1.820647e-01
1.820647e-01
1.820647e-01
1.820647e-01
1.820647e-01
1.831392e-01
1.831392e-01
1.831392e-01
1.831392e-01
1.831392e-01
1.831392e-01
1.831392e-01
1.831392e-01
1.836752e-01
1.836752e-01
1.836752e-01
1.836752e-01
1.836752e-01
1.836752e-01
1.836752e-01
1.836752e-01
1.839172e-01
1.839172e-01
1.839172e-01
1.839172e-01
1.839172e-01
1.839172e-01
1.839172e-01
1.839172e-01
1.853235e-01
1.853235e-01
1.853235e-01
1.853235e-01
1.853235e-01
1.853235e-01
1.853235e-01
1.853235e-01
1.859025e-01
1.859025e-01
1.859025e-01
1.859025e-01
1.859025e-01
1.859025e-01
1.859025e-01
1.859025e-01
1.874978e-01
1.874978e-01
1.874978e-01
1.874978e-01
1.874978e-01
1.874978e-01
1.874978e-01
1.874978e-01
1.879136e-01
1.879136e-01
1.879136e-01
1.879136e-01
1.879136e-01
1.879136e-01
1.879136e-01
1.879136e-01
1.887582e-01
1.887582e-01
1.887582e-01
1.887582e-01
1.887582e-01
1.887582e-01
1.887582e-01
1.887582e-01
1.897411e-01
1.897411e-01
1.897411e-01
1.897411e-01
1.897411e-01
1.897411e-01
1.897411e-01
1.897411e-01
1.907678e-01
1.907678e-01
1.907678e-01
1.907678e-01
1.907678e-01
1.907678e-01
1.907678e-01
1.907678e-01
1.908136e-01
1.908136e-01
1.908136e-01
1.908136e-01
1.908136e-01
1.908136e-01
1.908136e-01
1.908136e-01
1.929153e-01
1.929153e-01
1.929153e-01
1.929153e-01
1.929153e-01
1.929153e-01
1.929153e-01
1.929153e-01
1.930017e-01
1.930017e-01
1.930017e-01
1.930017e-01
1.930017e-01
1.930017e-01
1.930017e-01
1.930017e-01
1.934556e-01
1.934556e-01
1.934556e-01
1.934556e-01
1.934556e-01
1.934556e-01
1.934556e-01
1.934556e-01
1.947495e-01
1.947495e-01
1.947495e-01
1.947495e-01
1.947495e-01
1.947495e-01
1.947495e-01
1.947495e-01
1.955319e-01
1.955319e-01
1.955319e-01
1.955319e-01
1.966899e-01
1.966899e-01
1.966899e-01
1.966899e-01
1.966899e-01
1.966899e-01
1.966899e-01
1.966899e-01
1.982224e-01
1.982224e-01
1.982224e-01
1.982224e-01
1.986135e-01
1.986135e-01
1.986135e-01
1.986135e-01
1.986135e-01
1.986135e-01
1.986135e-01
1.986135e-01
1.989846e-01
1.989846e-01
1.989846e-01
1.989846e-01
1.989846e-01
1.989846e-01
1.989846e-01
1.989846e-01
1.997657e-01
1.997657e-01
1.997657e-01
1.997657e-01
1.999809e-01
1.999809e-01
1.999809e-01
1.999809e-01
1.999809e-01
1.999809e-01
1.999809e-01
1.999809e-01
2.005617e-01
2.005617e-01
2.005617e-01
2.005617e-01
2.009844e-01
2.009844e-01
2.009844e-01
2.009844e-01
2.009844e-01
2.009844e-01
2.009844e-01
2.009844e-01
2.010004e-01
2.010004e-01
2.010004e-01
2.010004e-01
2.010004e-01
2.010004e-01
2.010004e-01
2.010004e-01
2.012856e-01
2.012856e-01
2.012856e-01
2.012856e-01
2.012856e-01
2.012856e-01
2.012856e-01
2.012856e-01
2.028333e-01
2.028333e-01
2.028333e-01
2.028333e-01
2.028333e-01
2.028333e-01
2.028333e-01
2.028333e-01
2.029668e-01
2.029668e-01
2.029668e-01
2.029668e-01
2.029668e-01
2.029668e-01
2.029668e-01
2.029668e-01
2.032411e-01
2.032411e-01
2.032411e-01
2.032411e-01
2.032411e-01
2.032411e-01
2.032411e-01
2.032411e-01
2.032760e-01
2.032760e-01
2.032760e-01
2.032760e-01
2.032760e-01
2.032760e-01
2.032760e-01
2.032760e-01
2.042235e-01
2.042235e-01
2.042235e-01
2.042235e-01
2.045503e-01
2.045503e-01
2.045503e-01
2.045503e-01
2.050104e-01
2.050104e-01
2.050104e-01
2.050104e-01
2.050104e-01
2.050104e-01
2.050104e-01
2.050104e-01
2.050104e-01
2.050104e-01
2.050104e-01
2.050104e-01
2.050104e-01
2.050104e-01
2.050104e-01
2.050104e-01
2.050104e-01
2.050104e-01
2.050104e-01
2.050104e-01
2.050104e-01
2.050104e-01
2.050104e-01
2.050104e-01
2.050104e-01
2.050104e-01
2.050104e-01
2.050104e-01
2.050104e-01
2.050104e-01
2.050104e-01
2.050104e-01
2.087896e-01
2.087896e-01
2.087896e-01
2.087896e-01
2.087896e-01
2.087896e-01
2.087896e-01
2.087896e-01
2.088286e-01
2.088286e-01
2.088286e-01
2.088286e-01
2.101616e-01
2.101616e-01
2.101616e-01
2.101616e-01
2.101616e-01
2.101616e-01
2.101616e-01
2.101616e-01
2.112288e-01
2.112288e-01
2.112288e-01
2.112288e-01
2.112288e-01
2.112288e-01
2.112288e-01
2.112288e-01
2.117346e-01
2.117346e-01
2.117346e-01
2.117346e-01
2.125950e-01
2.125950e-01
2.125950e-01
2.125950e-01
2.125950e-01
2.125950e-01
2.125950e-01
2.125950e-01
2.125950e-01
2.125950e-01
2.125950e-01
2.125950e-01
2.125950e-01
2.125950e-01
2.125950e-01
2.125950e-01
2.125950e-01
2.125950e-01
2.125950e-01
2.125950e-01
2.125950e-01
2.125950e-01
2.125950e-01
2.125950e-01
2.125950e-01
2.125950e-01
2.125950e-01
2.125950e-01
2.125950e-01
2.125950e-01
2.125950e-01
2.125950e-01
2.129680e-01
2.129680e-01
2.129680e-01
2.129680e-01
2.129680e-01
2.129680e-01
2.129680e-01
2.129680e-01
2.131748e-01
2.131748e-01
2.131748e-01
2.131748e-01
2.145525e-01
2.145525e-01
2.145525e-01
2.145525e-01
2.145525e-01
2.145525e-01
2.145525e-01
2.145525e-01
2.148261e-01
2.148261e-01
2.148261e-01
2.148261e-01
2.148261e-01
2.148261e-01
2.148261e-01
2.148261e-01
2.165790e-01
2.165790e-01
2.165790e-01
2.165790e-01
2.165790e-01
2.165790e-01
2.165790e-01
2.165790e-01
2.167462e-01
2.167462e-01
2.167462e-01
2.167462e-01
2.167462e-01
2.167462e-01
2.167462e-01
2.167462e-01
2.172984e-01
2.172984e-01
2.172984e-01
2.172984e-01
2.172984e-01
2.172984e-01
2.172984e-01
2.172984e-01
2.178138e-01
2.178138e-01
2.178138e-01
2.178138e-01
2.193208e-01
2.193208e-01
2.193208e-01
2.193208e-01
2.193208e-01
2.193208e-01
2.193208e-01
2.193208e-01
2.202161e-01
2.202161e-01
2.202161e-01
2.202161e-01
2.202161e-01
2.202161e-01
2.202161e-01
2.202161e-01
2.207492e-01
2.207492e-01
2.207492e-01
2.207492e-01
2.207492e-01
2.207492e-01
2.207492e-01
2.207492e-01
2.207815e-01
2.207815e-01
2.207815e-01
2.207815e-01
2.207815e-01
2.207815e-01
2.207815e-01
2.207815e-01
2.211846e-01
2.211846e-01
2.211846e-01
2.211846e-01
2.231353e-01
2.231353e-01
2.231353e-01
2.231353e-01
2.231353e-01
2.231353e-01
2.231353e-01
2.231353e-01
2.256112e-01
2.256112e-01
2.256112e-01
2.256112e-01
2.256112e-01
2.256112e-01
2.256112e-01
2.256112e-01
2.271722e-01
2.271722e-01
2.271722e-01
2.271722e-01
2.271722e-01
2.271722e-01
2.271722e-01
2.271722e-01
2.272661e-01
2.272661e-01
2.272661e-01
2.272661e-01
2.272661e-01
2.272661e-01
2.272661e-01
2.272661e-01
2.278474e-01
2.278474e-01
2.278474e-01
2.278474e-01
2.278474e-01
2.278474e-01
2.278474e-01
2.278474e-01
2.285311e-01
2.285311e-01
2.285311e-01
2.285311e-01
2.285311e-01
2.285311e-01
2.285311e-01
2.285311e-01
2.291213e-01
2.291213e-01
2.291213e-01
2.291213e-01
2.291213e-01
2.291213e-01
2.291213e-01
2.291213e-01
2.294177e-01
2.294177e-01
2.294177e-01
2.294177e-01
2.294177e-01
2.294177e-01
2.294177e-01
2.294177e-01
2.297647e-01
2.297647e-01
2.297647e-01
2.297647e-01
2.300071e-01
2.300071e-01
2.300071e-01
2.300071e-01
2.300071e-01
2.300071e-01
2.300071e-01
2.300071e-01
2.307137e-01
2.307137e-01
2.307137e-01
2.307137e-01
2.307137e-01
2.307137e-01
2.307137e-01
2.307137e-01
2.310532e-01
2.310532e-01
2.310532e-01
2.310532e-01
2.315551e-01
2.315551e-01
2.315551e-01
2.315551e-01
2.322850e-01
2.322850e-01
2.322850e-01
2.322850e-01
2.322850e-01
2.322850e-01
2.322850e-01
2.322850e-01
2.325944e-01
2.325944e-01
2.325944e-01
2.325944e-01
2.325944e-01
2.325944e-01
2.325944e-01
2.325944e-01
2.343550e-01
2.343550e-01
2.343550e-01
2.343550e-01
2.343550e-01
2.343550e-01
2.343550e-01
2.343550e-01
2.359973e-01
2.359973e-01
2.359973e-01
2.359973e-01
2.359973e-01
2.359973e-01
2.359973e-01
2.359973e-01
2.370036e-01
2.370036e-01
2.370036e-01
2.370036e-01
2.370036e-01
2.370036e-01
2.370036e-01
2.370036e-01
2.387625e-01
2.387625e-01
2.387625e-01
2.387625e-01
2.387625e-01
2.387625e-01
2.387625e-01
2.387625e-01
2.400565e-01
2.400565e-01
2.400565e-01
2.400565e-01
2.400565e-01
2.400565e-01
2.400565e-01
2.400565e-01
2.402402e-01
2.402402e-01
2.402402e-01
2.402402e-01
2.419721e-01
2.419721e-01
2.419721e-01
2.419721e-01
2.419721e-01
2.419721e-01
2.419721e-01
2.419721e-01
2.425182e-01
2.425182e-01
2.425182e-01
2.425182e-01
2.425182e-01
2.425182e-01
2.425182e-01
2.425182e-01
2.425547e-01
2.425547e-01
2.425547e-01
2.425547e-01
2.456698e-01
2.456698e-01
2.456698e-01
2.456698e-01
2.456698e-01
2.456698e-01
2.456698e-01
2.456698e-01
2.478292e-01
2.478292e-01
2.478292e-01
2.478292e-01
2.478292e-01
2.478292e-01
2.478292e-01
2.478292e-01
2.490614e-01
2.490614e-01
2.490614e-01
2.490614e-01
2.505608e-01
2.505608e-01
2.505608e-01
2.505608e-01
2.505608e-01
2.505608e-01
2.505608e-01
2.505608e-01
2.506954e-01
2.506954e-01
2.506954e-01
2.506954e-01
2.506954e-01
2.506954e-01
2.506954e-01
2.506954e-01
2.508423e-01
2.508423e-01
2.508423e-01
2.508423e-01
2.532479e-01
2.532479e-01
2.532479e-01
2.532479e-01
2.532479e-01
2.532479e-01
2.532479e-01
2.532479e-01
2.550936e-01
2.550936e-01
2.550936e-01
2.550936e-01
2.550936e-01
2.550936e-01
2.550936e-01
2.550936e-01
2.550936e-01
2.550936e-01
2.550936e-01
2.550936e-01
2.550936e-01
2.550936e-01
2.550936e-01
2.550936e-01
2.550936e-01
2.550936e-01
2.550936e-01
2.550936e-01
2.550936e-01
2.550936e-01
2.550936e-01
2.550936e-01
2.550936e-01
2.550936e-01
2.550936e-01
2.550936e-01
2.550936e-01
2.550936e-01
2.550936e-01
2.550936e-01
2.553250e-01
2.553250e-01
2.553250e-01
2.553250e-01
2.553250e-01
2.553250e-01
2.553250e-01
2.553250e-01
2.556761e-01
2.556761e-01
2.556761e-01
2.556761e-01
2.564343e-01
2.564343e-01
2.564343e-01
2.564343e-01
2.564343e-01
2.564343e-01
2.564343e-01
2.564343e-01
2.568624e-01
2.568624e-01
2.568624e-01
2.568624e-01
2.573350e-01
2.573350e-01
2.573350e-01
2.573350e-01
2.573350e-01
2.573350e-01
2.573350e-01
2.573350e-01
2.575975e-01
2.575975e-01
2.575975e-01
2.575975e-01
2.575975e-01
2.575975e-01
2.575975e-01
2.575975e-01
2.580927e-01
2.580927e-01
2.580927e-01
2.580927e-01
2.580927e-01
2.580927e-01
2.580927e-01
2.580927e-01
2.598183e-01
2.598183e-01
2.598183e-01
2.598183e-01
2.598183e-01
2.598183e-01
2.598183e-01
2.598183e-01
2.604783e-01
2.604783e-01
2.604783e-01
2.604783e-01
2.604783e-01
2.604783e-01
2.604783e-01
2.604783e-01
2.627484e-01
2.627484e-01
2.627484e-01
2.627484e-01
2.627484e-01
2.627484e-01
2.627484e-01
2.627484e-01
2.628191e-01
2.628191e-01
2.628191e-01
2.628191e-01
2.628191e-01
2.628191e-01
2.628191e-01
2.628191e-01
2.637209e-01
2.637209e-01
2.637209e-01
2.637209e-01
2.656796e-01
2.656796e-01
2.656796e-01
2.656796e-01
2.656796e-01
2.656796e-01
2.656796e-01
2.656796e-01
2.658552e-01
2.658552e-01
2.658552e-01
2.658552e-01
2.658552e-01
2.658552e-01
2.658552e-01
2.658552e-01
2.660018e-01
2.660018e-01
2.660018e-01
2.660018e-01
2.660018e-01
2.660018e-01
2.660018e-01
2.660018e-01
2.673466e-01
2.673466e-01
2.673466e-01
2.673466e-01
2.673466e-01
2.673466e-01
2.673466e-01
2.673466e-01
2.681652e-01
2.681652e-01
2.681652e-01
2.681652e-01
2.681652e-01
2.681652e-01
2.681652e-01
2.681652e-01
2.692201e-01
2.692201e-01
2.692201e-01
2.692201e-01
2.692201e-01
2.692201e-01
2.692201e-01
2.692201e-01
2.698264e-01
2.698264e-01
2.698264e-01
2.698264e-01
2.698264e-01
2.698264e-01
2.698264e-01
2.698264e-01
2.699700e-01
2.699700e-01
2.699700e-01
2.699700e-01
2.699700e-01
2.699700e-01
2.699700e-01
2.699700e-01
2.703457e-01
2.703457e-01
2.703457e-01
2.703457e-01
2.703457e-01
2.703457e-01
2.703457e-01
2.703457e-01
2.704098e-01
2.704098e-01
2.704098e-01
2.704098e-01
2.704098e-01
2.704098e-01
2.704098e-01
2.704098e-01
2.712421e-01
2.712421e-01
2.712421e-01
2.712421e-01
2.714688e-01
2.714688e-01
2.714688e-01
2.714688e-01
2.714688e-01
2.714688e-01
2.714688e-01
2.714688e-01
2.719645e-01
2.719645e-01
2.719645e-01
2.719645e-01
2.719645e-01
2.719645e-01
2.719645e-01
2.719645e-01
2.732866e-01
2.732866e-01
2.732866e-01
2.732866e-01
2.732866e-01
2.732866e-01
2.732866e-01
2.732866e-01
2.736193e-01
2.736193e-01
2.736193e-01
2.736193e-01
2.736193e-01
2.736193e-01
2.736193e-01
2.736193e-01
2.746498e-01
2.746498e-01
2.746498e-01
2.746498e-01
2.746498e-01
2.746498e-01
2.746498e-01
2.746498e-01
2.748502e-01
2.748502e-01
2.748502e-01
2.748502e-01
2.763448e-01
2.763448e-01
2.763448e-01
2.763448e-01
2.763448e-01
2.763448e-01
2.763448e-01
2.763448e-01
2.766894e-01
2.766894e-01
2.766894e-01
2.766894e-01
2.766894e-01
2.766894e-01
2.766894e-01
2.766894e-01
2.768654e-01
2.768654e-01
2.768654e-01
2.768654e-01
2.768654e-01
2.768654e-01
2.768654e-01
2.768654e-01
2.799250e-01
2.799250e-01
2.799250e-01
2.799250e-01
2.838740e-01
2.838740e-01
2.838740e-01
2.838740e-01
2.838740e-01
2.838740e-01
2.838740e-01
2.838740e-01
2.845818e-01
2.845818e-01
2.845818e-01
2.845818e-01
2.845818e-01
2.845818e-01
2.845818e-01
2.845818e-01
2.845849e-01
2.845849e-01
2.845849e-01
2.845849e-01
2.845849e-01
2.845849e-01
2.845849e-01
2.845849e-01
2.851661e-01
2.851661e-01
2.851661e-01
2.851661e-01
2.871168e-01
2.871168e-01
2.871168e-01
2.871168e-01
2.871168e-01
2.871168e-01
2.871168e-01
2.871168e-01
2.881894e-01
2.881894e-01
2.881894e-01
2.881894e-01
2.882516e-01
2.882516e-01
2.882516e-01
2.882516e-01
2.882516e-01
2.882516e-01
2.882516e-01
2.882516e-01
2.894184e-01
2.894184e-01
2.894184e-01
2.894184e-01
2.894184e-01
2.894184e-01
2.894184e-01
2.894184e-01
2.902419e-01
2.902419e-01
2.902419e-01
2.902419e-01
2.902419e-01
2.902419e-01
2.902419e-01
2.902419e-01
2.919262e-01
2.919262e-01
2.919262e-01
2.919262e-01
2.919262e-01
2.919262e-01
2.919262e-01
2.919262e-01
2.934770e-01
2.934770e-01
2.934770e-01
2.934770e-01
2.950039e-01
2.950039e-01
2.950039e-01
2.950039e-01
2.950039e-01
2.950039e-01
2.950039e-01
2.950039e-01
2.957377e-01
2.957377e-01
2.957377e-01
2.957377e-01
2.957377e-01
2.957377e-01
2.957377e-01
2.957377e-01
2.958888e-01
2.958888e-01
2.958888e-01
2.958888e-01
2.958888e-01
2.958888e-01
2.958888e-01
2.958888e-01
2.961323e-01
2.961323e-01
2.961323e-01
2.961323e-01
2.961323e-01
2.961323e-01
2.961323e-01
2.961323e-01
2.961323e-01
2.961323e-01
2.961323e-01
2.961323e-01
2.961323e-01
2.961323e-01
2.961323e-01
2.961323e-01
2.961323e-01
2.961323e-01
2.961323e-01
2.961323e-01
2.961323e-01
2.961323e-01
2.961323e-01
2.961323e-01
2.961323e-01
2.961323e-01
2.961323e-01
2.961323e-01
2.961323e-01
2.961323e-01
2.961323e-01
2.961323e-01
2.964449e-01
2.964449e-01
2.964449e-01
2.964449e-01
2.964449e-01
2.964449e-01
2.964449e-01
2.964449e-01
2.967173e-01
2.967173e-01
2.967173e-01
2.967173e-01
2.971731e-01
2.971731e-01
2.971731e-01
2.971731e-01
2.971731e-01
2.971731e-01
2.971731e-01
2.971731e-01
2.983834e-01
2.983834e-01
2.983834e-01
2.983834e-01
2.983834e-01
2.983834e-01
2.983834e-01
2.983834e-01
2.985125e-01
2.985125e-01
2.985125e-01
2.985125e-01
2.985125e-01
2.985125e-01
2.985125e-01
2.985125e-01
2.990173e-01
2.990173e-01
2.990173e-01
2.990173e-01
2.990173e-01
2.990173e-01
2.990173e-01
2.990173e-01
3.008771e-01
3.008771e-01
3.008771e-01
3.008771e-01
3.008771e-01
3.008771e-01
3.008771e-01
3.008771e-01
3.023510e-01
3.023510e-01
3.023510e-01
3.023510e-01
3.026266e-01
3.026266e-01
3.026266e-01
3.026266e-01
3.026266e-01
3.026266e-01
3.026266e-01
3.026266e-01
3.031192e-01
3.031192e-01
3.031192e-01
3.031192e-01
3.031192e-01
3.031192e-01
3.031192e-01
3.031192e-01
3.033068e-01
3.033068e-01
3.033068e-01
3.033068e-01
3.033068e-01
3.033068e-01
3.033068e-01
3.033068e-01
3.038193e-01
3.038193e-01
3.038193e-01
3.038193e-01
3.038193e-01
3.038193e-01
3.038193e-01
3.038193e-01
3.038239e-01
3.038239e-01
3.038239e-01
3.038239e-01
3.038239e-01
3.038239e-01
3.038239e-01
3.038239e-01
3.047958e-01
3.047958e-01
3.047958e-01
3.047958e-01
3.049297e-01
3.049297e-01
3.049297e-01
3.049297e-01
3.049297e-01
3.049297e-01
3.049297e-01
3.049297e-01
3.054827e-01
3.054827e-01
3.054827e-01
3.054827e-01
3.054827e-01
3.054827e-01
3.054827e-01
3.054827e-01
3.056222e-01
3.056222e-01
3.056222e-01
3.056222e-01
3.056222e-01
3.056222e-01
3.056222e-01
3.056222e-01
3.056755e-01
3.056755e-01
3.056755e-01
3.056755e-01
3.056755e-01
3.056755e-01
3.056755e-01
3.056755e-01
3.061594e-01
3.061594e-01
3.061594e-01
3.061594e-01
3.067621e-01
3.067621e-01
3.067621e-01
3.067621e-01
3.067621e-01
3.067621e-01
3.067621e-01
3.067621e-01
3.074933e-01
3.074933e-01
3.074933e-01
3.074933e-01
3.074933e-01
3.074933e-01
3.074933e-01
3.074933e-01
3.092574e-01
3.092574e-01
3.092574e-01
3.092574e-01
3.092574e-01
3.092574e-01
3.092574e-01
3.092574e-01
3.100170e-01
3.100170e-01
3.100170e-01
3.100170e-01
3.100170e-01
3.100170e-01
3.100170e-01
3.100170e-01
3.109249e-01
3.109249e-01
3.109249e-01
3.109249e-01
3.109249e-01
3.109249e-01
3.109249e-01
3.109249e-01
3.111312e-01
3.111312e-01
3.111312e-01
3.111312e-01
3.115105e-01
3.115105e-01
3.115105e-01
3.115105e-01
3.115105e-01
3.115105e-01
3.115105e-01
3.115105e-01
3.118972e-01
3.118972e-01
3.118972e-01
3.118972e-01
3.118972e-01
3.118972e-01
3.118972e-01
3.118972e-01
3.133281e-01
3.133281e-01
3.133281e-01
3.133281e-01
3.141503e-01
3.141503e-01
3.141503e-01
3.141503e-01
3.141503e-01
3.141503e-01
3.141503e-01
3.141503e-01
3.142432e-01
3.142432e-01
3.142432e-01
3.142432e-01
3.143978e-01
3.143978e-01
3.143978e-01
3.143978e-01
3.143978e-01
3.143978e-01
3.143978e-01
3.143978e-01
3.173374e-01
3.173374e-01
3.173374e-01
3.173374e-01
3.173374e-01
3.173374e-01
3.173374e-01
3.173374e-01
3.175127e-01
3.175127e-01
3.175127e-01
3.175127e-01
3.175127e-01
3.175127e-01
3.175127e-01
3.175127e-01
3.182508e-01
3.182508e-01
3.182508e-01
3.182508e-01
3.182508e-01
3.182508e-01
3.182508e-01
3.182508e-01
3.187773e-01
3.187773e-01
3.187773e-01
3.187773e-01
3.187773e-01
3.187773e-01
3.187773e-01
3.187773e-01
3.220139e-01
3.220139e-01
3.220139e-01
3.220139e-01
3.230189e-01
3.230189e-01
3.230189e-01
3.230189e-01
3.230540e-01
3.230540e-01
3.230540e-01
3.230540e-01
3.230540e-01
3.230540e-01
3.230540e-01
3.230540e-01
3.241306e-01
3.241306e-01
3.241306e-01
3.241306e-01
3.253586e-01
3.253586e-01
3.253586e-01
3.253586e-01
3.253586e-01
3.253586e-01
3.253586e-01
3.253586e-01
3.257318e-01
3.257318e-01
3.257318e-01
3.257318e-01
3.257318e-01
3.257318e-01
3.257318e-01
3.257318e-01
3.261202e-01
3.261202e-01
3.261202e-01
3.261202e-01
3.261202e-01
3.261202e-01
3.261202e-01
3.261202e-01
3.263179e-01
3.263179e-01
3.263179e-01
3.263179e-01
3.270279e-01
3.270279e-01
3.270279e-01
3.270279e-01
3.270279e-01
3.270279e-01
3.270279e-01
3.270279e-01
3.272897e-01
3.272897e-01
3.272897e-01
3.272897e-01
3.272897e-01
3.272897e-01
3.272897e-01
3.272897e-01
3.288579e-01
3.288579e-01
3.288579e-01
3.288579e-01
3.288579e-01
3.288579e-01
3.288579e-01
3.288579e-01
3.323328e-01
3.323328e-01
3.323328e-01
3.323328e-01
3.323328e-01
3.323328e-01
3.323328e-01
3.323328e-01
3.331064e-01
3.331064e-01
3.331064e-01
3.331064e-01
3.331064e-01
3.331064e-01
3.331064e-01
3.331064e-01
3.332286e-01
3.332286e-01
3.332286e-01
3.332286e-01
3.332286e-01
3.332286e-01
3.332286e-01
3.332286e-01
3.334660e-01
3.334660e-01
3.334660e-01
3.334660e-01
3.335268e-01
3.335268e-01
3.335268e-01
3.335268e-01
3.335268e-01
3.335268e-01
3.335268e-01
3.335268e-01
3.335268e-01
3.335268e-01
3.335268e-01
3.335268e-01
3.335268e-01
3.335268e-01
3.335268e-01
3.335268e-01
3.335268e-01
3.335268e-01
3.335268e-01
3.335268e-01
3.335268e-01
3.335268e-01
3.335268e-01
3.335268e-01
3.335268e-01
3.335268e-01
3.335268e-01
3.335268e-01
3.335268e-01
3.335268e-01
3.335268e-01
3.335268e-01
3.339109e-01
3.339109e-01
3.339109e-01
3.339109e-01
3.339109e-01
3.339109e-01
3.339109e-01
3.339109e-01
3.341142e-01
3.341142e-01
3.341142e-01
3.341142e-01
3.346544e-01
3.346544e-01
3.346544e-01
3.346544e-01
3.357871e-01
3.357871e-01
3.357871e-01
3.357871e-01
3.357871e-01
3.357871e-01
3.357871e-01
3.357871e-01
3.361002e-01
3.361002e-01
3.361002e-01
3.361002e-01
3.361002e-01
3.361002e-01
3.361002e-01
3.361002e-01
3.367334e-01
3.367334e-01
3.367334e-01
3.367334e-01
3.367334e-01
3.367334e-01
3.367334e-01
3.367334e-01
3.370733e-01
3.370733e-01
3.370733e-01
3.370733e-01
3.370733e-01
3.370733e-01
3.370733e-01
3.370733e-01
3.370955e-01
3.370955e-01
3.370955e-01
3.370955e-01
3.370955e-01
3.370955e-01
3.370955e-01
3.370955e-01
3.380008e-01
3.380008e-01
3.380008e-01
3.380008e-01
3.380008e-01
3.380008e-01
3.380008e-01
3.380008e-01
3.382910e-01
3.382910e-01
3.382910e-01
3.382910e-01
3.382910e-01
3.382910e-01
3.382910e-01
3.382910e-01
3.402265e-01
3.402265e-01
3.402265e-01
3.402265e-01
3.402265e-01
3.402265e-01
3.402265e-01
3.402265e-01
3.408563e-01
3.408563e-01
3.408563e-01
3.408563e-01
3.408563e-01
3.408563e-01
3.408563e-01
3.408563e-01
3.412375e-01
3.412375e-01
3.412375e-01
3.412375e-01
3.412375e-01
3.412375e-01
3.412375e-01
3.412375e-01
3.412448e-01
3.412448e-01
3.412448e-01
3.412448e-01
3.412448e-01
3.412448e-01
3.412448e-01
3.412448e-01
3.420849e-01
3.420849e-01
3.420849e-01
3.420849e-01
3.422251e-01
3.422251e-01
3.422251e-01
3.422251e-01
3.422360e-01
3.422360e-01
3.422360e-01
3.422360e-01
3.429576e-01
3.429576e-01
3.429576e-01
3.429576e-01
3.429576e-01
3.429576e-01
3.429576e-01
3.429576e-01
3.439779e-01
3.439779e-01
3.439779e-01
3.439779e-01
3.439779e-01
3.439779e-01
3.439779e-01
3.439779e-01
3.441990e-01
3.441990e-01
3.441990e-01
3.441990e-01
3.441990e-01
3.441990e-01
3.441990e-01
3.441990e-01
3.466937e-01
3.466937e-01
3.466937e-01
3.466937e-01
3.466937e-01
3.466937e-01
3.466937e-01
3.466937e-01
3.467038e-01
3.467038e-01
3.467038e-01
3.467038e-01
3.467038e-01
3.467038e-01
3.467038e-01
3.467038e-01
3.477674e-01
3.477674e-01
3.477674e-01
3.477674e-01
3.477674e-01
3.477674e-01
3.477674e-01
3.477674e-01
3.483775e-01
3.483775e-01
3.483775e-01
3.483775e-01
3.483775e-01
3.483775e-01
3.483775e-01
3.483775e-01
3.487775e-01
3.487775e-01
3.487775e-01
3.487775e-01
3.487775e-01
3.487775e-01
3.487775e-01
3.487775e-01
3.489653e-01
3.489653e-01
3.489653e-01
3.489653e-01
3.489653e-01
3.489653e-01
3.489653e-01
3.489653e-01
3.502997e-01
3.502997e-01
3.502997e-01
3.502997e-01
3.502997e-01
3.502997e-01
3.502997e-01
3.502997e-01
3.518632e-01
3.518632e-01
3.518632e-01
3.518632e-01
3.518632e-01
3.518632e-01
3.518632e-01
3.518632e-01
3.521010e-01
3.521010e-01
3.521010e-01
3.521010e-01
3.521010e-01
3.521010e-01
3.521010e-01
3.521010e-01
3.521088e-01
3.521088e-01
3.521088e-01
3.521088e-01
3.521088e-01
3.521088e-01
3.521088e-01
3.521088e-01
3.531244e-01
3.531244e-01
3.531244e-01
3.531244e-01
3.531244e-01
3.531244e-01
3.531244e-01
3.531244e-01
3.535270e-01
3.535270e-01
3.535270e-01
3.535270e-01
3.535270e-01
3.535270e-01
3.535270e-01
3.535270e-01
3.553831e-01
3.553831e-01
3.553831e-01
3.553831e-01
3.553831e-01
3.553831e-01
3.553831e-01
3.553831e-01
3.558090e-01
3.558090e-01
3.558090e-01
3.558090e-01
3.558090e-01
3.558090e-01
3.558090e-01
3.558090e-01
3.560704e-01
3.560704e-01
3.560704e-01
3.560704e-01
3.572086e-01
3.572086e-01
3.572086e-01
3.572086e-01
3.572086e-01
3.572086e-01
3.572086e-01
3.572086e-01
3.585778e-01
3.585778e-01
3.585778e-01
3.585778e-01
3.585778e-01
3.585778e-01
3.585778e-01
3.585778e-01
3.591822e-01
3.591822e-01
3.591822e-01
3.591822e-01
3.601211e-01
3.601211e-01
3.601211e-01
3.601211e-01
3.601211e-01
3.601211e-01
3.601211e-01
3.601211e-01
3.615250e-01
3.615250e-01
3.615250e-01
3.615250e-01
3.615250e-01
3.615250e-01
3.615250e-01
3.615250e-01
3.621700e-01
3.621700e-01
3.621700e-01
3.621700e-01
3.621700e-01
3.621700e-01
3.621700e-01
3.621700e-01
3.623076e-01
3.623076e-01
3.623076e-01
3.623076e-01
3.623076e-01
3.623076e-01
3.623076e-01
3.623076e-01
3.624473e-01
3.624473e-01
3.624473e-01
3.624473e-01
3.624473e-01
3.624473e-01
3.624473e-01
3.624473e-01
3.629359e-01
3.629359e-01
3.629359e-01
3.629359e-01
3.629359e-01
3.629359e-01
3.629359e-01
3.629359e-01
3.632367e-01
3.632367e-01
3.632367e-01
3.632367e-01
3.632367e-01
3.632367e-01
3.632367e-01
3.632367e-01
3.637672e-01
3.637672e-01
3.637672e-01
3.637672e-01
3.638248e-01
3.638248e-01
3.638248e-01
3.638248e-01
3.644885e-01
3.644885e-01
3.644885e-01
3.644885e-01
3.644885e-01
3.644885e-01
3.644885e-01
3.644885e-01
3.647647e-01
3.647647e-01
3.647647e-01
3.647647e-01
3.649943e-01
3.649943e-01
3.649943e-01
3.649943e-01
3.649943e-01
3.649943e-01
3.649943e-01
3.649943e-01
3.651864e-01
3.651864e-01
3.651864e-01
3.651864e-01
3.651864e-01
3.651864e-01
3.651864e-01
3.651864e-01
3.651864e-01
3.651864e-01
3.651864e-01
3.651864e-01
3.651864e-01
3.651864e-01
3.651864e-01
3.651864e-01
3.651864e-01
3.651864e-01
3.651864e-01
3.651864e-01
3.651864e-01
3.651864e-01
3.651864e-01
3.651864e-01
3.651864e-01
3.651864e-01
3.651864e-01
3.651864e-01
3.651864e-01
3.651864e-01
3.651864e-01
3.651864e-01
3.653960e-01
3.653960e-01
3.653960e-01
3.653960e-01
3.653960e-01
3.653960e-01
3.653960e-01
3.653960e-01
3.657761e-01
3.657761e-01
3.657761e-01
3.657761e-01
3.674552e-01
3.674552e-01
3.674552e-01
3.674552e-01
3.674552e-01
3.674552e-01
3.674552e-01
3.674552e-01
3.676771e-01
3.676771e-01
3.676771e-01
3.676771e-01
3.676771e-01
3.676771e-01
3.676771e-01
3.676771e-01
3.679463e-01
3.679463e-01
3.679463e-01
3.679463e-01
3.685523e-01
3.685523e-01
3.685523e-01
3.685523e-01
3.685523e-01
3.685523e-01
3.685523e-01
3.685523e-01
3.698134e-01
3.698134e-01
3.698134e-01
3.698134e-01
3.698134e-01
3.698134e-01
3.698134e-01
3.698134e-01
3.699684e-01
3.699684e-01
3.699684e-01
3.699684e-01
3.699684e-01
3.699684e-01
3.699684e-01
3.699684e-01
3.713007e-01
3.713007e-01
3.713007e-01
3.713007e-01
3.713007e-01
3.713007e-01
3.713007e-01
3.713007e-01
3.720336e-01
3.720336e-01
3.720336e-01
3.720336e-01
3.720336e-01
3.720336e-01
3.720336e-01
3.720336e-01
3.721883e-01
3.721883e-01
3.721883e-01
3.721883e-01
3.727368e-01
3.727368e-01
3.727368e-01
3.727368e-01
3.727368e-01
3.727368e-01
3.727368e-01
3.727368e-01
3.729331e-01
3.729331e-01
3.729331e-01
3.729331e-01
3.729331e-01
3.729331e-01
3.729331e-01
3.729331e-01
3.739169e-01
3.739169e-01
3.739169e-01
3.739169e-01
3.741733e-01
3.741733e-01
3.741733e-01
3.741733e-01
3.741733e-01
3.741733e-01
3.741733e-01
3.741733e-01
3.744798e-01
3.744798e-01
3.744798e-01
3.744798e-01
3.746147e-01
3.746147e-01
3.746147e-01
3.746147e-01
3.746147e-01
3.746147e-01
3.746147e-01
3.746147e-01
3.750923e-01
3.750923e-01
3.750923e-01
3.750923e-01
3.750923e-01
3.750923e-01
3.750923e-01
3.750923e-01
3.752300e-01
3.752300e-01
3.752300e-01
3.752300e-01
3.752300e-01
3.752300e-01
3.752300e-01
3.752300e-01
3.758979e-01
3.758979e-01
3.758979e-01
3.758979e-01
3.758979e-01
3.758979e-01
3.758979e-01
3.758979e-01
3.781885e-01
3.781885e-01
3.781885e-01
3.781885e-01
3.781885e-01
3.781885e-01
3.781885e-01
3.781885e-01
3.784116e-01
3.784116e-01
3.784116e-01
3.784116e-01
3.784116e-01
3.784116e-01
3.784116e-01
3.784116e-01
3.798585e-01
3.798585e-01
3.798585e-01
3.798585e-01
3.798585e-01
3.798585e-01
3.798585e-01
3.798585e-01
3.800262e-01
3.800262e-01
3.800262e-01
3.800262e-01
3.800262e-01
3.800262e-01
3.800262e-01
3.800262e-01
3.800912e-01
3.800912e-01
3.800912e-01
3.800912e-01
3.800912e-01
3.800912e-01
3.800912e-01
3.800912e-01
3.804813e-01
3.804813e-01
3.804813e-01
3.804813e-01
3.804813e-01
3.804813e-01
3.804813e-01
3.804813e-01
3.806810e-01
3.806810e-01
3.806810e-01
3.806810e-01
3.806810e-01
3.806810e-01
3.806810e-01
3.806810e-01
3.813644e-01
3.813644e-01
3.813644e-01
3.813644e-01
3.813644e-01
3.813644e-01
3.813644e-01
3.813644e-01
3.817091e-01
3.817091e-01
3.817091e-01
3.817091e-01
3.825280e-01
3.825280e-01
3.825280e-01
3.825280e-01
3.825280e-01
3.825280e-01
3.825280e-01
3.825280e-01
3.829094e-01
3.829094e-01
3.829094e-01
3.829094e-01
3.829094e-01
3.829094e-01
3.829094e-01
3.829094e-01
3.829131e-01
3.829131e-01
3.829131e-01
3.829131e-01
3.835062e-01
3.835062e-01
3.835062e-01
3.835062e-01
3.835062e-01
3.835062e-01
3.835062e-01
3.835062e-01
3.835890e-01
3.835890e-01
3.835890e-01
3.835890e-01
3.835890e-01
3.835890e-01
3.835890e-01
3.835890e-01
3.838957e-01
3.838957e-01
3.838957e-01
3.838957e-01
3.838957e-01
3.838957e-01
3.838957e-01
3.838957e-01
3.842639e-01
3.842639e-01
3.842639e-01
3.842639e-01
3.842639e-01
3.842639e-01
3.842639e-01
3.842639e-01
3.845886e-01
3.845886e-01
3.845886e-01
3.845886e-01
3.845886e-01
3.845886e-01
3.845886e-01
3.845886e-01
3.850444e-01
3.850444e-01
3.850444e-01
3.850444e-01
3.850444e-01
3.850444e-01
3.850444e-01
3.850444e-01
3.863410e-01
3.863410e-01
3.863410e-01
3.863410e-01
3.868686e-01
3.868686e-01
3.868686e-01
3.868686e-01
3.868686e-01
3.868686e-01
3.868686e-01
3.868686e-01
3.892743e-01
3.892743e-01
3.892743e-01
3.892743e-01
3.892743e-01
3.892743e-01
3.892743e-01
3.892743e-01
3.892743e-01
3.892743e-01
3.892743e-01
3.892743e-01
3.892743e-01
3.892743e-01
3.892743e-01
3.892743e-01
3.892743e-01
3.892743e-01
3.892743e-01
3.892743e-01
3.892743e-01
3.892743e-01
3.892743e-01
3.892743e-01
3.892743e-01
3.892743e-01
3.892743e-01
3.892743e-01
3.892743e-01
3.892743e-01
3.892743e-01
3.892743e-01
3.898657e-01
3.898657e-01
3.898657e-01
3.898657e-01
3.904238e-01
3.904238e-01
3.904238e-01
3.904238e-01
3.905376e-01
3.905376e-01
3.905376e-01
3.905376e-01
3.905376e-01
3.905376e-01
3.905376e-01
3.905376e-01
3.907129e-01
3.907129e-01
3.907129e-01
3.907129e-01
3.907129e-01
3.907129e-01
3.907129e-01
3.907129e-01
3.915501e-01
3.915501e-01
3.915501e-01
3.915501e-01
3.915501e-01
3.915501e-01
3.915501e-01
3.915501e-01
3.929778e-01
3.929778e-01
3.929778e-01
3.929778e-01
3.929778e-01
3.929778e-01
3.929778e-01
3.929778e-01
3.933615e-01
3.933615e-01
3.933615e-01
3.933615e-01
3.933615e-01
3.933615e-01
3.933615e-01
3.933615e-01
3.936867e-01
3.936867e-01
3.936867e-01
3.936867e-01
3.936867e-01
3.936867e-01
3.936867e-01
3.936867e-01
3.940711e-01
3.940711e-01
3.940711e-01
3.940711e-01
3.940711e-01
3.940711e-01
3.940711e-01
3.940711e-01
3.947714e-01
3.947714e-01
3.947714e-01
3.947714e-01
3.948815e-01
3.948815e-01
3.948815e-01
3.948815e-01
3.948815e-01
3.948815e-01
3.948815e-01
3.948815e-01
3.949789e-01
3.949789e-01
3.949789e-01
3.949789e-01
3.949789e-01
3.949789e-01
3.949789e-01
3.949789e-01
3.950004e-01
3.950004e-01
3.950004e-01
3.950004e-01
3.950004e-01
3.950004e-01
3.950004e-01
3.950004e-01
3.953643e-01
3.953643e-01
3.953643e-01
3.953643e-01
3.953643e-01
3.953643e-01
3.953643e-01
3.953643e-01
3.955904e-01
3.955904e-01
3.955904e-01
3.955904e-01
3.960033e-01
3.960033e-01
3.960033e-01
3.960033e-01
3.960033e-01
3.960033e-01
3.960033e-01
3.960033e-01
3.961811e-01
3.961811e-01
3.961811e-01
3.961811e-01
3.961811e-01
3.961811e-01
3.961811e-01
3.961811e-01
3.969931e-01
3.969931e-01
3.969931e-01
3.969931e-01
3.969931e-01
3.969931e-01
3.969931e-01
3.969931e-01
3.970448e-01
3.970448e-01
3.970448e-01
3.970448e-01
3.970448e-01
3.970448e-01
3.970448e-01
3.970448e-01
3.973870e-01
3.973870e-01
3.973870e-01
3.973870e-01
3.979029e-01
3.979029e-01
3.979029e-01
3.979029e-01
3.979029e-01
3.979029e-01
3.979029e-01
3.979029e-01
3.980316e-01
3.980316e-01
3.980316e-01
3.980316e-01
3.984960e-01
3.984960e-01
3.984960e-01
3.984960e-01
3.984960e-01
3.984960e-01
3.984960e-01
3.984960e-01
3.991820e-01
3.991820e-01
3.991820e-01
3.991820e-01
4.000186e-01
4.000186e-01
4.000186e-01
4.000186e-01
4.000186e-01
4.000186e-01
4.000186e-01
4.000186e-01
4.001850e-01
4.001850e-01
4.001850e-01
4.001850e-01
4.001850e-01
4.001850e-01
4.001850e-01
4.001850e-01
4.003675e-01
4.003675e-01
4.003675e-01
4.003675e-01
4.003675e-01
4.003675e-01
4.003675e-01
4.003675e-01
4.025397e-01
4.025397e-01
4.025397e-01
4.025397e-01
4.025397e-01
4.025397e-01
4.025397e-01
4.025397e-01
4.025456e-01
4.025456e-01
4.025456e-01
4.025456e-01
4.025456e-01
4.025456e-01
4.025456e-01
4.025456e-01
4.027128e-01
4.027128e-01
4.027128e-01
4.027128e-01
4.027128e-01
4.027128e-01
4.027128e-01
4.027128e-01
4.028503e-01
4.028503e-01
4.028503e-01
4.028503e-01
4.028503e-01
4.028503e-01
4.028503e-01
4.028503e-01
4.030791e-01
4.030791e-01
4.030791e-01
4.030791e-01
4.030791e-01
4.030791e-01
4.030791e-01
4.030791e-01
4.039804e-01
4.039804e-01
4.039804e-01
4.039804e-01
4.042243e-01
4.042243e-01
4.042243e-01
4.042243e-01
4.042243e-01
4.042243e-01
4.042243e-01
4.042243e-01
4.043471e-01
4.043471e-01
4.043471e-01
4.043471e-01
4.043471e-01
4.043471e-01
4.043471e-01
4.043471e-01
4.043471e-01
4.043471e-01
4.043471e-01
4.043471e-01
4.043471e-01
4.043471e-01
4.043471e-01
4.043471e-01
4.043471e-01
4.043471e-01
4.043471e-01
4.043471e-01
4.043471e-01
4.043471e-01
4.043471e-01
4.043471e-01
4.043471e-01
4.043471e-01
4.043471e-01
4.043471e-01
4.043471e-01
4.043471e-01
4.043471e-01
4.043471e-01
4.047051e-01
4.047051e-01
4.047051e-01
4.047051e-01
4.048159e-01
4.048159e-01
4.048159e-01
4.048159e-01
4.048159e-01
4.048159e-01
4.048159e-01
4.048159e-01
4.049398e-01
4.049398e-01
4.049398e-01
4.049398e-01
4.055233e-01
4.055233e-01
4.055233e-01
4.055233e-01
4.056944e-01
4.056944e-01
4.056944e-01
4.056944e-01
4.056944e-01
4.056944e-01
4.056944e-01
4.056944e-01
4.058482e-01
4.058482e-01
4.058482e-01
4.058482e-01
4.060949e-01
4.060949e-01
4.060949e-01
4.060949e-01
4.061815e-01
4.061815e-01
4.061815e-01
4.061815e-01
4.061815e-01
4.061815e-01
4.061815e-01
4.061815e-01
4.064142e-01
4.064142e-01
4.064142e-01
4.064142e-01
4.064142e-01
4.064142e-01
4.064142e-01
4.064142e-01
4.066277e-01
4.066277e-01
4.066277e-01
4.066277e-01
4.066277e-01
4.066277e-01
4.066277e-01
4.066277e-01
4.068332e-01
4.068332e-01
4.068332e-01
4.068332e-01
4.068332e-01
4.068332e-01
4.068332e-01
4.068332e-01
4.070510e-01
4.070510e-01
4.070510e-01
4.070510e-01
4.070510e-01
4.070510e-01
4.070510e-01
4.070510e-01
4.070749e-01
4.070749e-01
4.070749e-01
4.070749e-01
4.070749e-01
4.070749e-01
4.070749e-01
4.070749e-01
4.077324e-01
4.077324e-01
4.077324e-01
4.077324e-01
4.077324e-01
4.077324e-01
4.077324e-01
4.077324e-01
4.086761e-01
4.086761e-01
4.086761e-01
4.086761e-01
4.086761e-01
4.086761e-01
4.086761e-01
4.086761e-01
4.091539e-01
4.091539e-01
4.091539e-01
4.091539e-01
4.091539e-01
4.091539e-01
4.091539e-01
4.091539e-01
4.094184e-01
4.094184e-01
4.094184e-01
4.094184e-01
4.094184e-01
4.094184e-01
4.094184e-01
4.094184e-01
4.097563e-01
4.097563e-01
4.097563e-01
4.097563e-01
4.097563e-01
4.097563e-01
4.097563e-01
4.097563e-01
4.102735e-01
4.102735e-01
4.102735e-01
4.102735e-01
4.102735e-01
4.102735e-01
4.102735e-01
4.102735e-01
4.103492e-01
4.103492e-01
4.103492e-01
4.103492e-01
4.103492e-01
4.103492e-01
4.103492e-01
4.103492e-01
4.111012e-01
4.111012e-01
4.111012e-01
4.111012e-01
4.111012e-01
4.111012e-01
4.111012e-01
4.111012e-01
4.112039e-01
4.112039e-01
4.112039e-01
4.112039e-01
4.112039e-01
4.112039e-01
4.112039e-01
4.112039e-01
4.120377e-01
4.120377e-01
4.120377e-01
4.120377e-01
4.120377e-01
4.120377e-01
4.120377e-01
4.120377e-01
4.121338e-01
4.121338e-01
4.121338e-01
4.121338e-01
4.121338e-01
4.121338e-01
4.121338e-01
4.121338e-01
4.125522e-01
4.125522e-01
4.125522e-01
4.125522e-01
4.125522e-01
4.125522e-01
4.125522e-01
4.125522e-01
4.128929e-01
4.128929e-01
4.128929e-01
4.128929e-01
4.131225e-01
4.131225e-01
4.131225e-01
4.131225e-01
4.134860e-01
4.134860e-01
4.134860e-01
4.134860e-01
4.134860e-01
4.134860e-01
4.134860e-01
4.134860e-01
4.134860e-01
4.134860e-01
4.134860e-01
4.134860e-01
4.134860e-01
4.134860e-01
4.134860e-01
4.134860e-01
4.134860e-01
4.134860e-01
4.134860e-01
4.134860e-01
4.134860e-01
4.134860e-01
4.134860e-01
4.134860e-01
4.134860e-01
4.134860e-01
4.134860e-01
4.134860e-01
4.134860e-01
4.134860e-01
4.134860e-01
4.134860e-01
4.139498e-01
4.139498e-01
4.139498e-01
4.139498e-01
4.141357e-01
4.141357e-01
4.141357e-01
4.141357e-01
4.141357e-01
4.141357e-01
4.141357e-01
4.141357e-01
4.145424e-01
4.145424e-01
4.145424e-01
4.145424e-01
4.145424e-01
4.145424e-01
4.145424e-01
4.145424e-01
4.145646e-01
4.145646e-01
4.145646e-01
4.145646e-01
4.145646e-01
4.145646e-01
4.145646e-01
4.145646e-01
4.148148e-01
4.148148e-01
4.148148e-01
4.148148e-01
4.148148e-01
4.148148e-01
4.148148e-01
4.148148e-01
4.151136e-01
4.151136e-01
4.151136e-01
4.151136e-01
4.151136e-01
4.151136e-01
4.151136e-01
4.151136e-01
4.158941e-01
4.158941e-01
4.158941e-01
4.158941e-01
4.158941e-01
4.158941e-01
4.158941e-01
4.158941e-01
4.160922e-01
4.160922e-01
4.160922e-01
4.160922e-01
4.160922e-01
4.160922e-01
4.160922e-01
4.160922e-01
4.164375e-01
4.164375e-01
4.164375e-01
4.164375e-01
4.164375e-01
4.164375e-01
4.164375e-01
4.164375e-01
4.165563e-01
4.165563e-01
4.165563e-01
4.165563e-01
4.175454e-01
4.175454e-01
4.175454e-01
4.175454e-01
4.175454e-01
4.175454e-01
4.175454e-01
4.175454e-01
4.176398e-01
4.176398e-01
4.176398e-01
4.176398e-01
4.176398e-01
4.176398e-01
4.176398e-01
4.176398e-01
4.190416e-01
4.190416e-01
4.190416e-01
4.190416e-01
4.190416e-01
4.190416e-01
4.190416e-01
4.190416e-01
4.191763e-01
4.191763e-01
4.191763e-01
4.191763e-01
4.191763e-01
4.191763e-01
4.191763e-01
4.191763e-01
4.193278e-01
4.193278e-01
4.193278e-01
4.193278e-01
4.193278e-01
4.193278e-01
4.193278e-01
4.193278e-01
4.197679e-01
4.197679e-01
4.197679e-01
4.197679e-01
4.199206e-01
4.199206e-01
4.199206e-01
4.199206e-01
4.199206e-01
4.199206e-01
4.199206e-01
4.199206e-01
4.201906e-01
4.201906e-01
4.201906e-01
4.201906e-01
4.201906e-01
4.201906e-01
4.201906e-01
4.201906e-01
4.205262e-01
4.205262e-01
4.205262e-01
4.205262e-01
4.205262e-01
4.205262e-01
4.205262e-01
4.205262e-01
4.209730e-01
4.209730e-01
4.209730e-01
4.209730e-01
4.209730e-01
4.209730e-01
4.209730e-01
4.209730e-01
4.212102e-01
4.212102e-01
4.212102e-01
4.212102e-01
4.212102e-01
4.212102e-01
4.212102e-01
4.212102e-01
4.225566e-01
4.225566e-01
4.225566e-01
4.225566e-01
4.225566e-01
4.225566e-01
4.225566e-01
4.225566e-01
4.225597e-01
4.225597e-01
4.225597e-01
4.225597e-01
4.225597e-01
4.225597e-01
4.225597e-01
4.225597e-01
4.228429e-01
4.228429e-01
4.228429e-01
4.228429e-01
4.228429e-01
4.228429e-01
4.228429e-01
4.228429e-01
4.230532e-01
4.230532e-01
4.230532e-01
4.230532e-01
4.230532e-01
4.230532e-01
4.230532e-01
4.230532e-01
4.237839e-01
4.237839e-01
4.237839e-01
4.237839e-01
4.247417e-01
4.247417e-01
4.247417e-01
4.247417e-01
4.248309e-01
4.248309e-01
4.248309e-01
4.248309e-01
4.248309e-01
4.248309e-01
4.248309e-01
4.248309e-01
4.253346e-01
4.253346e-01
4.253346e-01
4.253346e-01
4.253346e-01
4.253346e-01
4.253346e-01
4.253346e-01
4.253346e-01
4.253346e-01
4.253346e-01
4.253346e-01
4.253346e-01
4.253346e-01
4.253346e-01
4.253346e-01
4.253346e-01
4.253346e-01
4.253346e-01
4.253346e-01
4.253346e-01
4.253346e-01
4.253346e-01
4.253346e-01
4.253346e-01
4.253346e-01
4.253346e-01
4.253346e-01
4.253346e-01
4.253346e-01
4.253346e-01
4.253346e-01
4.260063e-01
4.260063e-01
4.260063e-01
4.260063e-01
4.260063e-01
4.260063e-01
4.260063e-01
4.260063e-01
4.262845e-01
4.262845e-01
4.262845e-01
4.262845e-01
4.278311e-01
4.278311e-01
4.278311e-01
4.278311e-01
4.278311e-01
4.278311e-01
4.278311e-01
4.278311e-01
4.280430e-01
4.280430e-01
4.280430e-01
4.280430e-01
4.280430e-01
4.280430e-01
4.280430e-01
4.280430e-01
4.281808e-01
4.281808e-01
4.281808e-01
4.281808e-01
4.282109e-01
4.282109e-01
4.282109e-01
4.282109e-01
4.282109e-01
4.282109e-01
4.282109e-01
4.282109e-01
4.287543e-01
4.287543e-01
4.287543e-01
4.287543e-01
4.287543e-01
4.287543e-01
4.287543e-01
4.287543e-01
4.289282e-01
4.289282e-01
4.289282e-01
4.289282e-01
4.289282e-01
4.289282e-01
4.289282e-01
4.289282e-01
4.295208e-01
4.295208e-01
4.295208e-01
4.295208e-01
4.295208e-01
4.295208e-01
4.295208e-01
4.295208e-01
4.295452e-01
4.295452e-01
4.295452e-01
4.295452e-01
4.295452e-01
4.295452e-01
4.295452e-01
4.295452e-01
4.306211e-01
4.306211e-01
4.306211e-01
4.306211e-01
4.306211e-01
4.306211e-01
4.306211e-01
4.306211e-01
4.311972e-01
4.311972e-01
4.311972e-01
4.311972e-01
4.312086e-01
4.312086e-01
4.312086e-01
4.312086e-01
4.312086e-01
4.312086e-01
4.312086e-01
4.312086e-01
4.319027e-01
4.319027e-01
4.319027e-01
4.319027e-01
4.319027e-01
4.319027e-01
4.319027e-01
4.319027e-01
4.337345e-01
4.337345e-01
4.337345e-01
4.337345e-01
4.337345e-01
4.337345e-01
4.337345e-01
4.337345e-01
4.343090e-01
4.343090e-01
4.343090e-01
4.343090e-01
4.343090e-01
4.343090e-01
4.343090e-01
4.343090e-01
4.349018e-01
4.349018e-01
4.349018e-01
4.349018e-01
4.350369e-01
4.350369e-01
4.350369e-01
4.350369e-01
4.350820e-01
4.350820e-01
4.350820e-01
4.350820e-01
4.355907e-01
4.355907e-01
4.355907e-01
4.355907e-01
4.355907e-01
4.355907e-01
4.355907e-01
4.355907e-01
4.357253e-01
4.357253e-01
4.357253e-01
4.357253e-01
4.362517e-01
4.362517e-01
4.362517e-01
4.362517e-01
4.362517e-01
4.362517e-01
4.362517e-01
4.362517e-01
4.367140e-01
4.367140e-01
4.367140e-01
4.367140e-01
4.367140e-01
4.367140e-01
4.367140e-01
4.367140e-01
4.380702e-01
4.380702e-01
4.380702e-01
4.380702e-01
4.380702e-01
4.380702e-01
4.380702e-01
4.380702e-01
4.382631e-01
4.382631e-01
4.382631e-01
4.382631e-01
4.382631e-01
4.382631e-01
4.382631e-01
4.382631e-01
4.396196e-01
4.396196e-01
4.396196e-01
4.396196e-01
4.396936e-01
4.396936e-01
4.396936e-01
4.396936e-01
4.396936e-01
4.396936e-01
4.396936e-01
4.396936e-01
4.399520e-01
4.399520e-01
4.399520e-01
4.399520e-01
4.399520e-01
4.399520e-01
4.399520e-01
4.399520e-01
4.402119e-01
4.402119e-01
4.402119e-01
4.402119e-01
4.402119e-01
4.402119e-01
4.402119e-01
4.402119e-01
4.403244e-01
4.403244e-01
4.403244e-01
4.403244e-01
4.403244e-01
4.403244e-01
4.403244e-01
4.403244e-01
4.405565e-01
4.405565e-01
4.405565e-01
4.405565e-01
4.405565e-01
4.405565e-01
4.405565e-01
4.405565e-01
4.414838e-01
4.414838e-01
4.414838e-01
4.414838e-01
4.414838e-01
4.414838e-01
4.414838e-01
4.414838e-01
4.422196e-01
4.422196e-01
4.422196e-01
4.422196e-01
4.422196e-01
4.422196e-01
4.422196e-01
4.422196e-01
4.433305e-01
4.433305e-01
4.433305e-01
4.433305e-01
4.437613e-01
4.437613e-01
4.437613e-01
4.437613e-01
4.437613e-01
4.437613e-01
4.437613e-01
4.437613e-01
4.438076e-01
4.438076e-01
4.438076e-01
4.438076e-01
4.439074e-01
4.439074e-01
4.439074e-01
4.439074e-01
4.445001e-01
4.445001e-01
4.445001e-01
4.445001e-01
4.445001e-01
4.445001e-01
4.445001e-01
4.445001e-01
4.445001e-01
4.445001e-01
4.445001e-01
4.445001e-01
4.445001e-01
4.445001e-01
4.445001e-01
4.445001e-01
4.445001e-01
4.445001e-01
4.445001e-01
4.445001e-01
4.445001e-01
4.445001e-01
4.445001e-01
4.445001e-01
4.445001e-01
4.445001e-01
4.445001e-01
4.445001e-01
4.445001e-01
4.445001e-01
4.445001e-01
4.445001e-01
4.446126e-01
4.446126e-01
4.446126e-01
4.446126e-01
4.446126e-01
4.446126e-01
4.446126e-01
4.446126e-01
4.457754e-01
4.457754e-01
4.457754e-01
4.457754e-01
4.457754e-01
4.457754e-01
4.457754e-01
4.457754e-01
4.468083e-01
4.468083e-01
4.468083e-01
4.468083e-01
4.468083e-01
4.468083e-01
4.468083e-01
4.468083e-01
4.486401e-01
4.486401e-01
4.486401e-01
4.486401e-01
4.490852e-01
4.490852e-01
4.490852e-01
4.490852e-01
4.490852e-01
4.490852e-01
4.490852e-01
4.490852e-01
4.498670e-01
4.498670e-01
4.498670e-01
4.498670e-01
4.498670e-01
4.498670e-01
4.498670e-01
4.498670e-01
4.499808e-01
4.499808e-01
4.499808e-01
4.499808e-01
4.499808e-01
4.499808e-01
4.499808e-01
4.499808e-01
4.502472e-01
4.502472e-01
4.502472e-01
4.502472e-01
4.502472e-01
4.502472e-01
4.502472e-01
4.502472e-01
4.506788e-01
4.506788e-01
4.506788e-01
4.506788e-01
4.506788e-01
4.506788e-01
4.506788e-01
4.506788e-01
4.514826e-01
4.514826e-01
4.514826e-01
4.514826e-01
4.514826e-01
4.514826e-01
4.514826e-01
4.514826e-01
4.516704e-01
4.516704e-01
4.516704e-01
4.516704e-01
4.516704e-01
4.516704e-01
4.516704e-01
4.516704e-01
4.521149e-01
4.521149e-01
4.521149e-01
4.521149e-01
4.521149e-01
4.521149e-01
4.521149e-01
4.521149e-01
4.523053e-01
4.523053e-01
4.523053e-01
4.523053e-01
4.523053e-01
4.523053e-01
4.523053e-01
4.523053e-01
4.541700e-01
4.541700e-01
4.541700e-01
4.541700e-01
4.541700e-01
4.541700e-01
4.541700e-01
4.541700e-01
4.545909e-01
4.545909e-01
4.545909e-01
4.545909e-01
4.545909e-01
4.545909e-01
4.545909e-01
4.545909e-01
4.551833e-01
4.551833e-01
4.551833e-01
4.551833e-01
4.551833e-01
4.551833e-01
4.551833e-01
4.551833e-01
4.554686e-01
4.554686e-01
4.554686e-01
4.554686e-01
4.554686e-01
4.554686e-01
4.554686e-01
4.554686e-01
4.554963e-01
4.554963e-01
4.554963e-01
4.554963e-01
4.554963e-01
4.554963e-01
4.554963e-01
4.554963e-01
4.568703e-01
4.568703e-01
4.568703e-01
4.568703e-01
4.568703e-01
4.568703e-01
4.568703e-01
4.568703e-01
4.576082e-01
4.576082e-01
4.576082e-01
4.576082e-01
4.576082e-01
4.576082e-01
4.576082e-01
4.576082e-01
4.589513e-01
4.589513e-01
4.589513e-01
4.589513e-01
4.589513e-01
4.589513e-01
4.589513e-01
4.589513e-01
4.593951e-01
4.593951e-01
4.593951e-01
4.593951e-01
4.593951e-01
4.593951e-01
4.593951e-01
4.593951e-01
4.599547e-01
4.599547e-01
4.599547e-01
4.599547e-01
4.599547e-01
4.599547e-01
4.599547e-01
4.599547e-01
4.613851e-01
4.613851e-01
4.613851e-01
4.613851e-01
4.619917e-01
4.619917e-01
4.619917e-01
4.619917e-01
4.619917e-01
4.619917e-01
4.619917e-01
4.619917e-01
4.623566e-01
4.623566e-01
4.623566e-01
4.623566e-01
4.623566e-01
4.623566e-01
4.623566e-01
4.623566e-01
4.623703e-01
4.623703e-01
4.623703e-01
4.623703e-01
4.623703e-01
4.623703e-01
4.623703e-01
4.623703e-01
4.623733e-01
4.623733e-01
4.623733e-01
4.623733e-01
4.623733e-01
4.623733e-01
4.623733e-01
4.623733e-01
4.623963e-01
4.623963e-01
4.623963e-01
4.623963e-01
4.640473e-01
4.640473e-01
4.640473e-01
4.640473e-01
4.640473e-01
4.640473e-01
4.640473e-01
4.640473e-01
4.642726e-01
4.642726e-01
4.642726e-01
4.642726e-01
4.642726e-01
4.642726e-01
4.642726e-01
4.642726e-01
4.653511e-01
4.653511e-01
4.653511e-01
4.653511e-01
4.653511e-01
4.653511e-01
4.653511e-01
4.653511e-01
4.653516e-01
4.653516e-01
4.653516e-01
4.653516e-01
4.653516e-01
4.653516e-01
4.653516e-01
4.653516e-01
4.658523e-01
4.658523e-01
4.658523e-01
4.658523e-01
4.665785e-01
4.665785e-01
4.665785e-01
4.665785e-01
4.670415e-01
4.670415e-01
4.670415e-01
4.670415e-01
4.674983e-01
4.674983e-01
4.674983e-01
4.674983e-01
4.674983e-01
4.674983e-01
4.674983e-01
4.674983e-01
4.678764e-01
4.678764e-01
4.678764e-01
4.678764e-01
4.678764e-01
4.678764e-01
4.678764e-01
4.678764e-01
4.691110e-01
4.691110e-01
4.691110e-01
4.691110e-01
4.691110e-01
4.691110e-01
4.691110e-01
4.691110e-01
4.692346e-01
4.692346e-01
4.692346e-01
4.692346e-01
4.692346e-01
4.692346e-01
4.692346e-01
4.692346e-01
4.695635e-01
4.695635e-01
4.695635e-01
4.695635e-01
4.696625e-01
4.696625e-01
4.696625e-01
4.696625e-01
4.696625e-01
4.696625e-01
4.696625e-01
4.696625e-01
4.701560e-01
4.701560e-01
4.701560e-01
4.701560e-01
4.701560e-01
4.701560e-01
4.701560e-01
4.701560e-01
4.701560e-01
4.701560e-01
4.701560e-01
4.701560e-01
4.701560e-01
4.701560e-01
4.701560e-01
4.701560e-01
4.701560e-01
4.701560e-01
4.701560e-01
4.701560e-01
4.701560e-01
4.701560e-01
4.701560e-01
4.701560e-01
4.701560e-01
4.701560e-01
4.701560e-01
4.701560e-01
4.701560e-01
4.701560e-01
4.701560e-01
4.701560e-01
4.708145e-01
4.708145e-01
4.708145e-01
4.708145e-01
4.714065e-01
4.714065e-01
4.714065e-01
4.714065e-01
4.714065e-01
4.714065e-01
4.714065e-01
4.714065e-01
4.725284e-01
4.725284e-01
4.725284e-01
4.725284e-01
4.725284e-01
4.725284e-01
4.725284e-01
4.725284e-01
4.740188e-01
4.740188e-01
4.740188e-01
4.740188e-01
4.740188e-01
4.740188e-01
4.740188e-01
4.740188e-01
4.740935e-01
4.740935e-01
4.740935e-01
4.740935e-01
4.740935e-01
4.740935e-01
4.740935e-01
4.740935e-01
4.745993e-01
4.745993e-01
4.745993e-01
4.745993e-01
4.757867e-01
4.757867e-01
4.757867e-01
4.757867e-01
4.764337e-01
4.764337e-01
4.764337e-01
4.764337e-01
4.764337e-01
4.764337e-01
4.764337e-01
4.764337e-01
4.773124e-01
4.773124e-01
4.773124e-01
4.773124e-01
4.773124e-01
4.773124e-01
4.773124e-01
4.773124e-01
4.775668e-01
4.775668e-01
4.775668e-01
4.775668e-01
4.775668e-01
4.775668e-01
4.775668e-01
4.775668e-01
4.776442e-01
4.776442e-01
4.776442e-01
4.776442e-01
4.776442e-01
4.776442e-01
4.776442e-01
4.776442e-01
4.795885e-01
4.795885e-01
4.795885e-01
4.795885e-01
4.795885e-01
4.795885e-01
4.795885e-01
4.795885e-01
4.820037e-01
4.820037e-01
4.820037e-01
4.820037e-01
4.820037e-01
4.820037e-01
4.820037e-01
4.820037e-01
4.828594e-01
4.828594e-01
4.828594e-01
4.828594e-01
4.828594e-01
4.828594e-01
4.828594e-01
4.828594e-01
4.857785e-01
4.857785e-01
4.857785e-01
4.857785e-01
4.857785e-01
4.857785e-01
4.857785e-01
4.857785e-01
4.860706e-01
4.860706e-01
4.860706e-01
4.860706e-01
4.860706e-01
4.860706e-01
4.860706e-01
4.860706e-01
4.861713e-01
4.861713e-01
4.861713e-01
4.861713e-01
4.861713e-01
4.861713e-01
4.861713e-01
4.861713e-01
4.863706e-01
4.863706e-01
4.863706e-01
4.863706e-01
4.863706e-01
4.863706e-01
4.863706e-01
4.863706e-01
4.874088e-01
4.874088e-01
4.874088e-01
4.874088e-01
4.874088e-01
4.874088e-01
4.874088e-01
4.874088e-01
4.880568e-01
4.880568e-01
4.880568e-01
4.880568e-01
4.880568e-01
4.880568e-01
4.880568e-01
4.880568e-01
4.895342e-01
4.895342e-01
4.895342e-01
4.895342e-01
4.895342e-01
4.895342e-01
4.895342e-01
4.895342e-01
4.900602e-01
4.900602e-01
4.900602e-01
4.900602e-01
4.905804e-01
4.905804e-01
4.905804e-01
4.905804e-01
4.905804e-01
4.905804e-01
4.905804e-01
4.905804e-01
4.909626e-01
4.909626e-01
4.909626e-01
4.909626e-01
4.909626e-01
4.909626e-01
4.909626e-01
4.909626e-01
4.912881e-01
4.912881e-01
4.912881e-01
4.912881e-01
4.912881e-01
4.912881e-01
4.912881e-01
4.912881e-01
4.913930e-01
4.913930e-01
4.913930e-01
4.913930e-01
4.916670e-01
4.916670e-01
4.916670e-01
4.916670e-01
4.916670e-01
4.916670e-01
4.916670e-01
4.916670e-01
4.925695e-01
4.925695e-01
4.925695e-01
4.925695e-01
4.927259e-01
4.927259e-01
4.927259e-01
4.927259e-01
4.927259e-01
4.927259e-01
4.927259e-01
4.927259e-01
4.935573e-01
4.935573e-01
4.935573e-01
4.935573e-01
4.935573e-01
4.935573e-01
4.935573e-01
4.935573e-01
4.942790e-01
4.942790e-01
4.942790e-01
4.942790e-01
4.942790e-01
4.942790e-01
4.942790e-01
4.942790e-01
4.957727e-01
4.957727e-01
4.957727e-01
4.957727e-01
4.957727e-01
4.957727e-01
4.957727e-01
4.957727e-01
4.965341e-01
4.965341e-01
4.965341e-01
4.965341e-01
4.965341e-01
4.965341e-01
4.965341e-01
4.965341e-01
4.968915e-01
4.968915e-01
4.968915e-01
4.968915e-01
4.968915e-01
4.968915e-01
4.968915e-01
4.968915e-01
4.975136e-01
4.975136e-01
4.975136e-01
4.975136e-01
4.975136e-01
4.975136e-01
4.975136e-01
4.975136e-01
4.982131e-01
4.982131e-01
4.982131e-01
4.982131e-01
4.990348e-01
4.990348e-01
4.990348e-01
4.990348e-01
4.990348e-01
4.990348e-01
4.990348e-01
4.990348e-01
4.990579e-01
4.990579e-01
4.990579e-01
4.990579e-01
4.990579e-01
4.990579e-01
4.990579e-01
4.990579e-01
5.001566e-01
5.001566e-01
5.001566e-01
5.001566e-01
5.001773e-01
5.001773e-01
5.001773e-01
5.001773e-01
5.001773e-01
5.001773e-01
5.001773e-01
5.001773e-01
5.007442e-01
5.007442e-01
5.007442e-01
5.007442e-01
5.013364e-01
5.013364e-01
5.013364e-01
5.013364e-01
5.013364e-01
5.013364e-01
5.013364e-01
5.013364e-01
5.013364e-01
5.013364e-01
5.013364e-01
5.013364e-01
5.013364e-01
5.013364e-01
5.013364e-01
5.013364e-01
5.013364e-01
5.013364e-01
5.013364e-01
5.013364e-01
5.013364e-01
5.013364e-01
5.013364e-01
5.013364e-01
5.013364e-01
5.013364e-01
5.013364e-01
5.013364e-01
5.013364e-01
5.013364e-01
5.013364e-01
5.013364e-01
5.016952e-01
5.016952e-01
5.016952e-01
5.016952e-01
5.016952e-01
5.016952e-01
5.016952e-01
5.016952e-01
5.035924e-01
5.035924e-01
5.035924e-01
5.035924e-01
5.035924e-01
5.035924e-01
5.035924e-01
5.035924e-01
5.060600e-01
5.060600e-01
5.060600e-01
5.060600e-01
5.060600e-01
5.060600e-01
5.060600e-01
5.060600e-01
5.066266e-01
5.066266e-01
5.066266e-01
5.066266e-01
5.066500e-01
5.066500e-01
5.066500e-01
5.066500e-01
5.067827e-01
5.067827e-01
5.067827e-01
5.067827e-01
5.067827e-01
5.067827e-01
5.067827e-01
5.067827e-01
5.070512e-01
5.070512e-01
5.070512e-01
5.070512e-01
5.070512e-01
5.070512e-01
5.070512e-01
5.070512e-01
5.072184e-01
5.072184e-01
5.072184e-01
5.072184e-01
5.072184e-01
5.072184e-01
5.072184e-01
5.072184e-01
5.078929e-01
5.078929e-01
5.078929e-01
5.078929e-01
5.080109e-01
5.080109e-01
5.080109e-01
5.080109e-01
5.105624e-01
5.105624e-01
5.105624e-01
5.105624e-01
5.105624e-01
5.105624e-01
5.105624e-01
5.105624e-01
5.111502e-01
5.111502e-01
5.111502e-01
5.111502e-01
5.111502e-01
5.111502e-01
5.111502e-01
5.111502e-01
5.121570e-01
5.121570e-01
5.121570e-01
5.121570e-01
5.121570e-01
5.121570e-01
5.121570e-01
5.121570e-01
5.136329e-01
5.136329e-01
5.136329e-01
5.136329e-01
5.136329e-01
5.136329e-01
5.136329e-01
5.136329e-01
5.153632e-01
5.153632e-01
5.153632e-01
5.153632e-01
5.153632e-01
5.153632e-01
5.153632e-01
5.153632e-01
5.154270e-01
5.154270e-01
5.154270e-01
5.154270e-01
5.166362e-01
5.166362e-01
5.166362e-01
5.166362e-01
5.168499e-01
5.168499e-01
5.168499e-01
5.168499e-01
5.168499e-01
5.168499e-01
5.168499e-01
5.168499e-01
5.186652e-01
5.186652e-01
5.186652e-01
5.186652e-01
5.186652e-01
5.186652e-01
5.186652e-01
5.186652e-01
5.191247e-01
5.191247e-01
5.191247e-01
5.191247e-01
5.191247e-01
5.191247e-01
5.191247e-01
5.191247e-01
5.204402e-01
5.204402e-01
5.204402e-01
5.204402e-01
5.204402e-01
5.204402e-01
5.204402e-01
5.204402e-01
5.215829e-01
5.215829e-01
5.215829e-01
5.215829e-01
5.215829e-01
5.215829e-01
5.215829e-01
5.215829e-01
5.221747e-01
5.221747e-01
5.221747e-01
5.221747e-01
5.221747e-01
5.221747e-01
5.221747e-01
5.221747e-01
5.238600e-01
5.238600e-01
5.238600e-01
5.238600e-01
5.238600e-01
5.238600e-01
5.238600e-01
5.238600e-01
5.247995e-01
5.247995e-01
5.247995e-01
5.247995e-01
5.247995e-01
5.247995e-01
5.247995e-01
5.247995e-01
5.256033e-01
5.256033e-01
5.256033e-01
5.256033e-01
5.256033e-01
5.256033e-01
5.256033e-01
5.256033e-01
5.258482e-01
5.258482e-01
5.258482e-01
5.258482e-01
5.258482e-01
5.258482e-01
5.258482e-01
5.258482e-01
5.261165e-01
5.261165e-01
5.261165e-01
5.261165e-01
5.261165e-01
5.261165e-01
5.261165e-01
5.261165e-01
5.263823e-01
5.263823e-01
5.263823e-01
5.263823e-01
5.263823e-01
5.263823e-01
5.263823e-01
5.263823e-01
5.279036e-01
5.279036e-01
5.279036e-01
5.279036e-01
5.283704e-01
5.283704e-01
5.283704e-01
5.283704e-01
5.288532e-01
5.288532e-01
5.288532e-01
5.288532e-01
5.288532e-01
5.288532e-01
5.288532e-01
5.288532e-01
5.291329e-01
5.291329e-01
5.291329e-01
5.291329e-01
5.291329e-01
5.291329e-01
5.291329e-01
5.291329e-01
5.293576e-01
5.293576e-01
5.293576e-01
5.293576e-01
5.293576e-01
5.293576e-01
5.293576e-01
5.293576e-01
5.304895e-01
5.304895e-01
5.304895e-01
5.304895e-01
5.304895e-01
5.304895e-01
5.304895e-01
5.304895e-01
5.306560e-01
5.306560e-01
5.306560e-01
5.306560e-01
5.306560e-01
5.306560e-01
5.306560e-01
5.306560e-01
5.315646e-01
5.315646e-01
5.315646e-01
5.315646e-01
5.315646e-01
5.315646e-01
5.315646e-01
5.315646e-01
5.322662e-01
5.322662e-01
5.322662e-01
5.322662e-01
5.322662e-01
5.322662e-01
5.322662e-01
5.322662e-01
5.323331e-01
5.323331e-01
5.323331e-01
5.323331e-01
5.323331e-01
5.323331e-01
5.323331e-01
5.323331e-01
5.348556e-01
5.348556e-01
5.348556e-01
5.348556e-01
5.348556e-01
5.348556e-01
5.348556e-01
5.348556e-01
5.353000e-01
5.353000e-01
5.353000e-01
5.353000e-01
5.353000e-01
5.353000e-01
5.353000e-01
5.353000e-01
5.355210e-01
5.355210e-01
5.355210e-01
5.355210e-01
5.355210e-01
5.355210e-01
5.355210e-01
5.355210e-01
5.357270e-01
5.357270e-01
5.357270e-01
5.357270e-01
5.357270e-01
5.357270e-01
5.357270e-01
5.357270e-01
5.365411e-01
5.365411e-01
5.365411e-01
5.365411e-01
5.368888e-01
5.368888e-01
5.368888e-01
5.368888e-01
5.368888e-01
5.368888e-01
5.368888e-01
5.368888e-01
5.371329e-01
5.371329e-01
5.371329e-01
5.371329e-01
5.371329e-01
5.371329e-01
5.371329e-01
5.371329e-01
5.371329e-01
5.371329e-01
5.371329e-01
5.371329e-01
5.371329e-01
5.371329e-01
5.371329e-01
5.371329e-01
5.371329e-01
5.371329e-01
5.371329e-01
5.371329e-01
5.371329e-01
5.371329e-01
5.371329e-01
5.371329e-01
5.371329e-01
5.371329e-01
5.371329e-01
5.371329e-01
5.371329e-01
5.371329e-01
5.371329e-01
5.371329e-01
5.377391e-01
5.377391e-01
5.377391e-01
5.377391e-01
5.391517e-01
5.391517e-01
5.391517e-01
5.391517e-01
5.391517e-01
5.391517e-01
5.391517e-01
5.391517e-01
5.403084e-01
5.403084e-01
5.403084e-01
5.403084e-01
5.403084e-01
5.403084e-01
5.403084e-01
5.403084e-01
5.414248e-01
5.414248e-01
5.414248e-01
5.414248e-01
5.414248e-01
5.414248e-01
5.414248e-01
5.414248e-01
5.446455e-01
5.446455e-01
5.446455e-01
5.446455e-01
5.446455e-01
5.446455e-01
5.446455e-01
5.446455e-01
5.456169e-01
5.456169e-01
5.456169e-01
5.456169e-01
5.456169e-01
5.456169e-01
5.456169e-01
5.456169e-01
5.458039e-01
5.458039e-01
5.458039e-01
5.458039e-01
5.458039e-01
5.458039e-01
5.458039e-01
5.458039e-01
5.458751e-01
5.458751e-01
5.458751e-01
5.458751e-01
5.461481e-01
5.461481e-01
5.461481e-01
5.461481e-01
5.467396e-01
5.467396e-01
5.467396e-01
5.467396e-01
5.467396e-01
5.467396e-01
5.467396e-01
5.467396e-01
5.506869e-01
5.506869e-01
5.506869e-01
5.506869e-01
5.539438e-01
5.539438e-01
5.539438e-01
5.539438e-01
5.539438e-01
5.539438e-01
5.539438e-01
5.539438e-01
5.556531e-01
5.556531e-01
5.556531e-01
5.556531e-01
5.556531e-01
5.556531e-01
5.556531e-01
5.556531e-01
5.567427e-01
5.567427e-01
5.567427e-01
5.567427e-01
5.567427e-01
5.567427e-01
5.567427e-01
5.567427e-01
5.581805e-01
5.581805e-01
5.581805e-01
5.581805e-01
5.581805e-01
5.581805e-01
5.581805e-01
5.581805e-01
5.588688e-01
5.588688e-01
5.588688e-01
5.588688e-01
5.588688e-01
5.588688e-01
5.588688e-01
5.588688e-01
5.594292e-01
5.594292e-01
5.594292e-01
5.594292e-01
5.600376e-01
5.600376e-01
5.600376e-01
5.600376e-01
5.610966e-01
5.610966e-01
5.610966e-01
5.610966e-01
5.610966e-01
5.610966e-01
5.610966e-01
5.610966e-01
5.611427e-01
5.611427e-01
5.611427e-01
5.611427e-01
5.611427e-01
5.611427e-01
5.611427e-01
5.611427e-01
5.612688e-01
5.612688e-01
5.612688e-01
5.612688e-01
5.612688e-01
5.612688e-01
5.612688e-01
5.612688e-01
5.616881e-01
5.616881e-01
5.616881e-01
5.616881e-01
5.616881e-01
5.616881e-01
5.616881e-01
5.616881e-01
5.619000e-01
5.619000e-01
5.619000e-01
5.619000e-01
5.619000e-01
5.619000e-01
5.619000e-01
5.619000e-01
5.633726e-01
5.633726e-01
5.633726e-01
5.633726e-01
5.633726e-01
5.633726e-01
5.633726e-01
5.633726e-01
5.636399e-01
5.636399e-01
5.636399e-01
5.636399e-01
5.636399e-01
5.636399e-01
5.636399e-01
5.636399e-01
5.658936e-01
5.658936e-01
5.658936e-01
5.658936e-01
5.658936e-01
5.658936e-01
5.658936e-01
5.658936e-01
5.662610e-01
5.662610e-01
5.662610e-01
5.662610e-01
5.662610e-01
5.662610e-01
5.662610e-01
5.662610e-01
5.667392e-01
5.667392e-01
5.667392e-01
5.667392e-01
5.667392e-01
5.667392e-01
5.667392e-01
5.667392e-01
5.676185e-01
5.676185e-01
5.676185e-01
5.676185e-01
5.676185e-01
5.676185e-01
5.676185e-01
5.676185e-01
5.678806e-01
5.678806e-01
5.678806e-01
5.678806e-01
5.688674e-01
5.688674e-01
5.688674e-01
5.688674e-01
5.688674e-01
5.688674e-01
5.688674e-01
5.688674e-01
5.690364e-01
5.690364e-01
5.690364e-01
5.690364e-01
5.690364e-01
5.690364e-01
5.690364e-01
5.690364e-01
5.718414e-01
5.718414e-01
5.718414e-01
5.718414e-01
5.718414e-01
5.718414e-01
5.718414e-01
5.718414e-01
5.720923e-01
5.720923e-01
5.720923e-01
5.720923e-01
5.720923e-01
5.720923e-01
5.720923e-01
5.720923e-01
5.736197e-01
5.736197e-01
5.736197e-01
5.736197e-01
5.736197e-01
5.736197e-01
5.736197e-01
5.736197e-01
5.743560e-01
5.743560e-01
5.743560e-01
5.743560e-01
5.743560e-01
5.743560e-01
5.743560e-01
5.743560e-01
5.743626e-01
5.743626e-01
5.743626e-01
5.743626e-01
5.743626e-01
5.743626e-01
5.743626e-01
5.743626e-01
5.760473e-01
5.760473e-01
5.760473e-01
5.760473e-01
5.766388e-01
5.766388e-01
5.766388e-01
5.766388e-01
5.766388e-01
5.766388e-01
5.766388e-01
5.766388e-01
5.766388e-01
5.766388e-01
5.766388e-01
5.766388e-01
5.766388e-01
5.766388e-01
5.766388e-01
5.766388e-01
5.766388e-01
5.766388e-01
5.766388e-01
5.766388e-01
5.766388e-01
5.766388e-01
5.766388e-01
5.766388e-01
5.766388e-01
5.766388e-01
5.766388e-01
5.766388e-01
5.766388e-01
5.766388e-01
5.766388e-01
5.766388e-01
5.768044e-01
5.768044e-01
5.768044e-01
5.768044e-01
5.768044e-01
5.768044e-01
5.768044e-01
5.768044e-01
5.769865e-01
5.769865e-01
5.769865e-01
5.769865e-01
5.769865e-01
5.769865e-01
5.769865e-01
5.769865e-01
5.773113e-01
5.773113e-01
5.773113e-01
5.773113e-01
5.773113e-01
5.773113e-01
5.773113e-01
5.773113e-01
5.780358e-01
5.780358e-01
5.780358e-01
5.780358e-01
5.789984e-01
5.789984e-01
5.789984e-01
5.789984e-01
5.789984e-01
5.789984e-01
5.789984e-01
5.789984e-01
5.797493e-01
5.797493e-01
5.797493e-01
5.797493e-01
5.817756e-01
5.817756e-01
5.817756e-01
5.817756e-01
5.817756e-01
5.817756e-01
5.817756e-01
5.817756e-01
5.845598e-01
5.845598e-01
5.845598e-01
5.845598e-01
5.857930e-01
5.857930e-01
5.857930e-01
5.857930e-01
5.857930e-01
5.857930e-01
5.857930e-01
5.857930e-01
5.881550e-01
5.881550e-01
5.881550e-01
5.881550e-01
5.884064e-01
5.884064e-01
5.884064e-01
5.884064e-01
5.884064e-01
5.884064e-01
5.884064e-01
5.884064e-01
5.887461e-01
5.887461e-01
5.887461e-01
5.887461e-01
5.887461e-01
5.887461e-01
5.887461e-01
5.887461e-01
5.921574e-01
5.921574e-01
5.921574e-01
5.921574e-01
5.935726e-01
5.935726e-01
5.935726e-01
5.935726e-01
5.935726e-01
5.935726e-01
5.935726e-01
5.935726e-01
5.954154e-01
5.954154e-01
5.954154e-01
5.954154e-01
5.954154e-01
5.954154e-01
5.954154e-01
5.954154e-01
5.984412e-01
5.984412e-01
5.984412e-01
5.984412e-01
5.984412e-01
5.984412e-01
5.984412e-01
5.984412e-01
5.989287e-01
5.989287e-01
5.989287e-01
5.989287e-01
5.989287e-01
5.989287e-01
5.989287e-01
5.989287e-01
5.998162e-01
5.998162e-01
5.998162e-01
5.998162e-01
5.998162e-01
5.998162e-01
5.998162e-01
5.998162e-01
5.999443e-01
5.999443e-01
5.999443e-01
5.999443e-01
6.001824e-01
6.001824e-01
6.001824e-01
6.001824e-01
6.001824e-01
6.001824e-01
6.001824e-01
6.001824e-01
6.009024e-01
6.009024e-01
6.009024e-01
6.009024e-01
6.011789e-01
6.011789e-01
6.011789e-01
6.011789e-01
6.011789e-01
6.011789e-01
6.011789e-01
6.011789e-01
6.013524e-01
6.013524e-01
6.013524e-01
6.013524e-01
6.013524e-01
6.013524e-01
6.013524e-01
6.013524e-01
6.016564e-01
6.016564e-01
6.016564e-01
6.016564e-01
6.016564e-01
6.016564e-01
6.016564e-01
6.016564e-01
6.025856e-01
6.025856e-01
6.025856e-01
6.025856e-01
6.030974e-01
6.030974e-01
6.030974e-01
6.030974e-01
6.030974e-01
6.030974e-01
6.030974e-01
6.030974e-01
6.036886e-01
6.036886e-01
6.036886e-01
6.036886e-01
6.036886e-01
6.036886e-01
6.036886e-01
6.036886e-01
6.039299e-01
6.039299e-01
6.039299e-01
6.039299e-01
6.039299e-01
6.039299e-01
6.039299e-01
6.039299e-01
6.041808e-01
6.041808e-01
6.041808e-01
6.041808e-01
6.041808e-01
6.041808e-01
6.041808e-01
6.041808e-01
6.053724e-01
6.053724e-01
6.053724e-01
6.053724e-01
6.053724e-01
6.053724e-01
6.053724e-01
6.053724e-01
6.058182e-01
6.058182e-01
6.058182e-01
6.058182e-01
6.058182e-01
6.058182e-01
6.058182e-01
6.058182e-01
6.078925e-01
6.078925e-01
6.078925e-01
6.078925e-01
6.078925e-01
6.078925e-01
6.078925e-01
6.078925e-01
6.089678e-01
6.089678e-01
6.089678e-01
6.089678e-01
6.089678e-01
6.089678e-01
6.089678e-01
6.089678e-01
6.098787e-01
6.098787e-01
6.098787e-01
6.098787e-01
6.104048e-01
6.104048e-01
6.104048e-01
6.104048e-01
6.104048e-01
6.104048e-01
6.104048e-01
6.104048e-01
6.108651e-01
6.108651e-01
6.108651e-01
6.108651e-01
6.108651e-01
6.108651e-01
6.108651e-01
6.108651e-01
6.138379e-01
6.138379e-01
6.138379e-01
6.138379e-01
6.138379e-01
6.138379e-01
6.138379e-01
6.138379e-01
6.149149e-01
6.149149e-01
6.149149e-01
6.149149e-01
6.149149e-01
6.149149e-01
6.149149e-01
6.149149e-01
6.158332e-01
6.158332e-01
6.158332e-01
6.158332e-01
6.158332e-01
6.158332e-01
6.158332e-01
6.158332e-01
6.163581e-01
6.163581e-01
6.163581e-01
6.163581e-01
6.163581e-01
6.163581e-01
6.163581e-01
6.163581e-01
6.167568e-01
6.167568e-01
6.167568e-01
6.167568e-01
6.167568e-01
6.167568e-01
6.167568e-01
6.167568e-01
6.179914e-01
6.179914e-01
6.179914e-01
6.179914e-01
6.180421e-01
6.180421e-01
6.180421e-01
6.180421e-01
6.186335e-01
6.186335e-01
6.186335e-01
6.186335e-01
6.186335e-01
6.186335e-01
6.186335e-01
6.186335e-01
6.186335e-01
6.186335e-01
6.186335e-01
6.186335e-01
6.186335e-01
6.186335e-01
6.186335e-01
6.186335e-01
6.186335e-01
6.186335e-01
6.186335e-01
6.186335e-01
6.186335e-01
6.186335e-01
6.186335e-01
6.186335e-01
6.186335e-01
6.186335e-01
6.186335e-01
6.186335e-01
6.186335e-01
6.186335e-01
6.186335e-01
6.186335e-01
6.197077e-01
6.197077e-01
6.197077e-01
6.197077e-01
6.197077e-01
6.197077e-01
6.197077e-01
6.197077e-01
6.200960e-01
6.200960e-01
6.200960e-01
6.200960e-01
6.200960e-01
6.200960e-01
6.200960e-01
6.200960e-01
6.225337e-01
6.225337e-01
6.225337e-01
6.225337e-01
6.235087e-01
6.235087e-01
6.235087e-01
6.235087e-01
6.235087e-01
6.235087e-01
6.235087e-01
6.235087e-01
6.298871e-01
6.298871e-01
6.298871e-01
6.298871e-01
6.298871e-01
6.298871e-01
6.298871e-01
6.298871e-01
6.300972e-01
6.300972e-01
6.300972e-01
6.300972e-01
6.304077e-01
6.304077e-01
6.304077e-01
6.304077e-01
6.304077e-01
6.304077e-01
6.304077e-01
6.304077e-01
6.309379e-01
6.309379e-01
6.309379e-01
6.309379e-01
6.315290e-01
6.315290e-01
6.315290e-01
6.315290e-01
6.315290e-01
6.315290e-01
6.315290e-01
6.315290e-01
6.320469e-01
6.320469e-01
6.320469e-01
6.320469e-01
6.320469e-01
6.320469e-01
6.320469e-01
6.320469e-01
6.333575e-01
6.333575e-01
6.333575e-01
6.333575e-01
6.333575e-01
6.333575e-01
6.333575e-01
6.333575e-01
6.364166e-01
6.364166e-01
6.364166e-01
6.364166e-01
6.364166e-01
6.364166e-01
6.364166e-01
6.364166e-01
6.388484e-01
6.388484e-01
6.388484e-01
6.388484e-01
6.389381e-01
6.389381e-01
6.389381e-01
6.389381e-01
6.389381e-01
6.389381e-01
6.389381e-01
6.389381e-01
6.399241e-01
6.399241e-01
6.399241e-01
6.399241e-01
6.399241e-01
6.399241e-01
6.399241e-01
6.399241e-01
6.429634e-01
6.429634e-01
6.429634e-01
6.429634e-01
6.429634e-01
6.429634e-01
6.429634e-01
6.429634e-01
6.431399e-01
6.431399e-01
6.431399e-01
6.431399e-01
6.431399e-01
6.431399e-01
6.431399e-01
6.431399e-01
6.454139e-01
6.454139e-01
6.454139e-01
6.454139e-01
6.454139e-01
6.454139e-01
6.454139e-01
6.454139e-01
6.458447e-01
6.458447e-01
6.458447e-01
6.458447e-01
6.458447e-01
6.458447e-01
6.458447e-01
6.458447e-01
6.458778e-01
6.458778e-01
6.458778e-01
6.458778e-01
6.458778e-01
6.458778e-01
6.458778e-01
6.458778e-01
6.464690e-01
6.464690e-01
6.464690e-01
6.464690e-01
6.464690e-01
6.464690e-01
6.464690e-01
6.464690e-01
6.471629e-01
6.471629e-01
6.471629e-01
6.471629e-01
6.471629e-01
6.471629e-01
6.471629e-01
6.471629e-01
6.481525e-01
6.481525e-01
6.481525e-01
6.481525e-01
6.481525e-01
6.481525e-01
6.481525e-01
6.481525e-01
6.506721e-01
6.506721e-01
6.506721e-01
6.506721e-01
6.506721e-01
6.506721e-01
6.506721e-01
6.506721e-01
6.518900e-01
6.518900e-01
6.518900e-01
6.518900e-01
6.518900e-01
6.518900e-01
6.518900e-01
6.518900e-01
6.519609e-01
6.519609e-01
6.519609e-01
6.519609e-01
6.519609e-01
6.519609e-01
6.519609e-01
6.519609e-01
6.526580e-01
6.526580e-01
6.526580e-01
6.526580e-01
6.536442e-01
6.536442e-01
6.536442e-01
6.536442e-01
6.536442e-01
6.536442e-01
6.536442e-01
6.536442e-01
6.537893e-01
6.537893e-01
6.537893e-01
6.537893e-01
6.537893e-01
6.537893e-01
6.537893e-01
6.537893e-01
6.566164e-01
6.566164e-01
6.566164e-01
6.566164e-01
6.566164e-01
6.566164e-01
6.566164e-01
6.566164e-01
6.566712e-01
6.566712e-01
6.566712e-01
6.566712e-01
6.566712e-01
6.566712e-01
6.566712e-01
6.566712e-01
6.591362e-01
6.591362e-01
6.591362e-01
6.591362e-01
6.591362e-01
6.591362e-01
6.591362e-01
6.591362e-01
6.608200e-01
6.608200e-01
6.608200e-01
6.608200e-01
6.610464e-01
6.610464e-01
6.610464e-01
6.610464e-01
6.610464e-01
6.610464e-01
6.610464e-01
6.610464e-01
6.614112e-01
6.614112e-01
6.614112e-01
6.614112e-01
6.614112e-01
6.614112e-01
6.614112e-01
6.614112e-01
6.614112e-01
6.614112e-01
6.614112e-01
6.614112e-01
6.614112e-01
6.614112e-01
6.614112e-01
6.614112e-01
6.614112e-01
6.614112e-01
6.614112e-01
6.614112e-01
6.614112e-01
6.614112e-01
6.614112e-01
6.614112e-01
6.614112e-01
6.614112e-01
6.614112e-01
6.614112e-01
6.614112e-01
6.614112e-01
6.614112e-01
6.614112e-01
6.615830e-01
6.615830e-01
6.615830e-01
6.615830e-01
6.615830e-01
6.615830e-01
6.615830e-01
6.615830e-01
6.623616e-01
6.623616e-01
6.623616e-01
6.623616e-01
6.640210e-01
6.640210e-01
6.640210e-01
6.640210e-01
6.656254e-01
6.656254e-01
6.656254e-01
6.656254e-01
6.656254e-01
6.656254e-01
6.656254e-01
6.656254e-01
6.678520e-01
6.678520e-01
6.678520e-01
6.678520e-01
6.678520e-01
6.678520e-01
6.678520e-01
6.678520e-01
6.711219e-01
6.711219e-01
6.711219e-01
6.711219e-01
6.718060e-01
6.718060e-01
6.718060e-01
6.718060e-01
6.718060e-01
6.718060e-01
6.718060e-01
6.718060e-01
6.721357e-01
6.721357e-01
6.721357e-01
6.721357e-01
6.721357e-01
6.721357e-01
6.721357e-01
6.721357e-01
6.724267e-01
6.724267e-01
6.724267e-01
6.724267e-01
6.730178e-01
6.730178e-01
6.730178e-01
6.730178e-01
6.730178e-01
6.730178e-01
6.730178e-01
6.730178e-01
6.765154e-01
6.765154e-01
6.765154e-01
6.765154e-01
6.765154e-01
6.765154e-01
6.765154e-01
6.765154e-01
6.766099e-01
6.766099e-01
6.766099e-01
6.766099e-01
6.766099e-01
6.766099e-01
6.766099e-01
6.766099e-01
6.778950e-01
6.778950e-01
6.778950e-01
6.778950e-01
6.778950e-01
6.778950e-01
6.778950e-01
6.778950e-01
6.811127e-01
6.811127e-01
6.811127e-01
6.811127e-01
6.811127e-01
6.811127e-01
6.811127e-01
6.811127e-01
6.833880e-01
6.833880e-01
6.833880e-01
6.833880e-01
6.833880e-01
6.833880e-01
6.833880e-01
6.833880e-01
6.844539e-01
6.844539e-01
6.844539e-01
6.844539e-01
6.844539e-01
6.844539e-01
6.844539e-01
6.844539e-01
6.860777e-01
6.860777e-01
6.860777e-01
6.860777e-01
6.860777e-01
6.860777e-01
6.860777e-01
6.860777e-01
6.870230e-01
6.870230e-01
6.870230e-01
6.870230e-01
6.872857e-01
6.872857e-01
6.872857e-01
6.872857e-01
6.872857e-01
6.872857e-01
6.872857e-01
6.872857e-01
6.873687e-01
6.873687e-01
6.873687e-01
6.873687e-01
6.873687e-01
6.873687e-01
6.873687e-01
6.873687e-01
6.879600e-01
6.879600e-01
6.879600e-01
6.879600e-01
6.879600e-01
6.879600e-01
6.879600e-01
6.879600e-01
6.896437e-01
6.896437e-01
6.896437e-01
6.896437e-01
6.896437e-01
6.896437e-01
6.896437e-01
6.896437e-01
6.898677e-01
6.898677e-01
6.898677e-01
6.898677e-01
6.898677e-01
6.898677e-01
6.898677e-01
6.898677e-01
6.902905e-01
6.902905e-01
6.902905e-01
6.902905e-01
6.902905e-01
6.902905e-01
6.902905e-01
6.902905e-01
6.920942e-01
6.920942e-01
6.920942e-01
6.920942e-01
6.920942e-01
6.920942e-01
6.920942e-01
6.920942e-01
6.921636e-01
6.921636e-01
6.921636e-01
6.921636e-01
6.921636e-01
6.921636e-01
6.921636e-01
6.921636e-01
6.941498e-01
6.941498e-01
6.941498e-01
6.941498e-01
6.951362e-01
6.951362e-01
6.951362e-01
6.951362e-01
6.951362e-01
6.951362e-01
6.951362e-01
6.951362e-01
6.957934e-01
6.957934e-01
6.957934e-01
6.957934e-01
6.981088e-01
6.981088e-01
6.981088e-01
6.981088e-01
6.981088e-01
6.981088e-01
6.981088e-01
6.981088e-01
6.995659e-01
6.995659e-01
6.995659e-01
6.995659e-01
6.995659e-01
6.995659e-01
6.995659e-01
6.995659e-01
7.001538e-01
7.001538e-01
7.001538e-01
7.001538e-01
7.001538e-01
7.001538e-01
7.001538e-01
7.001538e-01
7.006289e-01
7.006289e-01
7.006289e-01
7.006289e-01
7.006289e-01
7.006289e-01
7.006289e-01
7.006289e-01
7.020053e-01
7.020053e-01
7.020053e-01
7.020053e-01
7.023128e-01
7.023128e-01
7.023128e-01
7.023128e-01
7.025173e-01
7.025173e-01
7.025173e-01
7.025173e-01
7.029041e-01
7.029041e-01
7.029041e-01
7.029041e-01
7.029041e-01
7.029041e-01
7.029041e-01
7.029041e-01
7.029041e-01
7.029041e-01
7.029041e-01
7.029041e-01
7.029041e-01
7.029041e-01
7.029041e-01
7.029041e-01
7.029041e-01
7.029041e-01
7.029041e-01
7.029041e-01
7.029041e-01
7.029041e-01
7.029041e-01
7.029041e-01
7.029041e-01
7.029041e-01
7.029041e-01
7.029041e-01
7.029041e-01
7.029041e-01
7.029041e-01
7.029041e-01
7.057880e-01
7.057880e-01
7.057880e-01
7.057880e-01
7.057880e-01
7.057880e-01
7.057880e-01
7.057880e-01
7.102059e-01
7.102059e-01
7.102059e-01
7.102059e-01
7.102059e-01
7.102059e-01
7.102059e-01
7.102059e-01
7.104152e-01
7.104152e-01
7.104152e-01
7.104152e-01
7.107660e-01
7.107660e-01
7.107660e-01
7.107660e-01
7.107660e-01
7.107660e-01
7.107660e-01
7.107660e-01
7.110067e-01
7.110067e-01
7.110067e-01
7.110067e-01
7.110067e-01
7.110067e-01
7.110067e-01
7.110067e-01
7.112960e-01
7.112960e-01
7.112960e-01
7.112960e-01
7.134265e-01
7.134265e-01
7.134265e-01
7.134265e-01
7.134265e-01
7.134265e-01
7.134265e-01
7.134265e-01
7.157038e-01
7.157038e-01
7.157038e-01
7.157038e-01
7.157038e-01
7.157038e-01
7.157038e-01
7.157038e-01
7.221892e-01
7.221892e-01
7.221892e-01
7.221892e-01
7.221892e-01
7.221892e-01
7.221892e-01
7.221892e-01
7.224484e-01
7.224484e-01
7.224484e-01
7.224484e-01
7.224484e-01
7.224484e-01
7.224484e-01
7.224484e-01
7.248573e-01
7.248573e-01
7.248573e-01
7.248573e-01
7.248573e-01
7.248573e-01
7.248573e-01
7.248573e-01
7.253646e-01
7.253646e-01
7.253646e-01
7.253646e-01
7.253646e-01
7.253646e-01
7.253646e-01
7.253646e-01
7.259561e-01
7.259561e-01
7.259561e-01
7.259561e-01
7.259561e-01
7.259561e-01
7.259561e-01
7.259561e-01
7.262823e-01
7.262823e-01
7.262823e-01
7.262823e-01
7.262823e-01
7.262823e-01
7.262823e-01
7.262823e-01
7.276407e-01
7.276407e-01
7.276407e-01
7.276407e-01
7.276407e-01
7.276407e-01
7.276407e-01
7.276407e-01
7.301618e-01
7.301618e-01
7.301618e-01
7.301618e-01
7.301618e-01
7.301618e-01
7.301618e-01
7.301618e-01
7.318957e-01
7.318957e-01
7.318957e-01
7.318957e-01
7.318957e-01
7.318957e-01
7.318957e-01
7.318957e-01
7.321488e-01
7.321488e-01
7.321488e-01
7.321488e-01
7.331357e-01
7.331357e-01
7.331357e-01
7.331357e-01
7.331357e-01
7.331357e-01
7.331357e-01
7.331357e-01
7.343370e-01
7.343370e-01
7.343370e-01
7.343370e-01
7.349199e-01
7.349199e-01
7.349199e-01
7.349199e-01
7.349199e-01
7.349199e-01
7.349199e-01
7.349199e-01
7.361096e-01
7.361096e-01
7.361096e-01
7.361096e-01
7.361096e-01
7.361096e-01
7.361096e-01
7.361096e-01
7.381438e-01
7.381438e-01
7.381438e-01
7.381438e-01
7.381438e-01
7.381438e-01
7.381438e-01
7.381438e-01
7.386308e-01
7.386308e-01
7.386308e-01
7.386308e-01
7.386308e-01
7.386308e-01
7.386308e-01
7.386308e-01
7.403155e-01
7.403155e-01
7.403155e-01
7.403155e-01
7.403861e-01
7.403861e-01
7.403861e-01
7.403861e-01
7.403861e-01
7.403861e-01
7.403861e-01
7.403861e-01
7.404234e-01
7.404234e-01
7.404234e-01
7.404234e-01
7.404234e-01
7.404234e-01
7.404234e-01
7.404234e-01
7.409071e-01
7.409071e-01
7.409071e-01
7.409071e-01
7.409071e-01
7.409071e-01
7.409071e-01
7.409071e-01
7.409071e-01
7.409071e-01
7.409071e-01
7.409071e-01
7.409071e-01
7.409071e-01
7.409071e-01
7.409071e-01
7.409071e-01
7.409071e-01
7.409071e-01
7.409071e-01
7.409071e-01
7.409071e-01
7.409071e-01
7.409071e-01
7.409071e-01
7.409071e-01
7.409071e-01
7.409071e-01
7.409071e-01
7.409071e-01
7.409071e-01
7.409071e-01
7.427539e-01
7.427539e-01
7.427539e-01
7.427539e-01
7.433459e-01
7.433459e-01
7.433459e-01
7.433459e-01
7.433459e-01
7.433459e-01
7.433459e-01
7.433459e-01
7.469154e-01
7.469154e-01
7.469154e-01
7.469154e-01
7.469154e-01
7.469154e-01
7.469154e-01
7.469154e-01
7.504574e-01
7.504574e-01
7.504574e-01
7.504574e-01
7.504574e-01
7.504574e-01
7.504574e-01
7.504574e-01
7.536841e-01
7.536841e-01
7.536841e-01
7.536841e-01
7.536841e-01
7.536841e-01
7.536841e-01
7.536841e-01
7.547966e-01
7.547966e-01
7.547966e-01
7.547966e-01
7.547966e-01
7.547966e-01
7.547966e-01
7.547966e-01
7.559656e-01
7.559656e-01
7.559656e-01
7.559656e-01
7.559656e-01
7.559656e-01
7.559656e-01
7.559656e-01
7.566315e-01
7.566315e-01
7.566315e-01
7.566315e-01
7.566315e-01
7.566315e-01
7.566315e-01
7.566315e-01
7.577151e-01
7.577151e-01
7.577151e-01
7.577151e-01
7.577151e-01
7.577151e-01
7.577151e-01
7.577151e-01
7.583071e-01
7.583071e-01
7.583071e-01
7.583071e-01
7.583071e-01
7.583071e-01
7.583071e-01
7.583071e-01
7.590752e-01
7.590752e-01
7.590752e-01
7.590752e-01
7.599929e-01
7.599929e-01
7.599929e-01
7.599929e-01
7.599929e-01
7.599929e-01
7.599929e-01
7.599929e-01
7.624631e-01
7.624631e-01
7.624631e-01
7.624631e-01
7.624631e-01
7.624631e-01
7.624631e-01
7.624631e-01
7.625159e-01
7.625159e-01
7.625159e-01
7.625159e-01
7.625159e-01
7.625159e-01
7.625159e-01
7.625159e-01
7.645045e-01
7.645045e-01
7.645045e-01
7.645045e-01
7.654921e-01
7.654921e-01
7.654921e-01
7.654921e-01
7.654921e-01
7.654921e-01
7.654921e-01
7.654921e-01
7.675002e-01
7.675002e-01
7.675002e-01
7.675002e-01
7.680927e-01
7.680927e-01
7.680927e-01
7.680927e-01
7.680927e-01
7.680927e-01
7.680927e-01
7.680927e-01
7.684683e-01
7.684683e-01
7.684683e-01
7.684683e-01
7.684683e-01
7.684683e-01
7.684683e-01
7.684683e-01
7.709914e-01
7.709914e-01
7.709914e-01
7.709914e-01
7.709914e-01
7.709914e-01
7.709914e-01
7.709914e-01
7.718195e-01
7.718195e-01
7.718195e-01
7.718195e-01
7.718195e-01
7.718195e-01
7.718195e-01
7.718195e-01
7.718195e-01
7.718195e-01
7.718195e-01
7.718195e-01
7.718195e-01
7.718195e-01
7.718195e-01
7.718195e-01
7.718195e-01
7.718195e-01
7.718195e-01
7.718195e-01
7.718195e-01
7.718195e-01
7.718195e-01
7.718195e-01
7.718195e-01
7.718195e-01
7.718195e-01
7.718195e-01
7.718195e-01
7.718195e-01
7.718195e-01
7.718195e-01
7.719207e-01
7.719207e-01
7.719207e-01
7.719207e-01
7.721872e-01
7.721872e-01
7.721872e-01
7.721872e-01
7.721872e-01
7.721872e-01
7.721872e-01
7.721872e-01
7.722140e-01
7.722140e-01
7.722140e-01
7.722140e-01
7.722140e-01
7.722140e-01
7.722140e-01
7.722140e-01
7.726671e-01
7.726671e-01
7.726671e-01
7.726671e-01
7.726671e-01
7.726671e-01
7.726671e-01
7.726671e-01
7.726773e-01
7.726773e-01
7.726773e-01
7.726773e-01
7.732230e-01
7.732230e-01
7.732230e-01
7.732230e-01
7.732230e-01
7.732230e-01
7.732230e-01
7.732230e-01
7.732693e-01
7.732693e-01
7.732693e-01
7.732693e-01
7.732693e-01
7.732693e-01
7.732693e-01
7.732693e-01
7.732693e-01
7.732693e-01
7.732693e-01
7.732693e-01
7.732693e-01
7.732693e-01
7.732693e-01
7.732693e-01
7.732693e-01
7.732693e-01
7.732693e-01
7.732693e-01
7.732693e-01
7.732693e-01
7.732693e-01
7.732693e-01
7.732693e-01
7.732693e-01
7.732693e-01
7.732693e-01
7.732693e-01
7.732693e-01
7.732693e-01
7.732693e-01
7.734126e-01
7.734126e-01
7.734126e-01
7.734126e-01
7.738022e-01
7.738022e-01
7.738022e-01
7.738022e-01
7.738022e-01
7.738022e-01
7.738022e-01
7.738022e-01
7.743114e-01
7.743114e-01
7.743114e-01
7.743114e-01
7.743114e-01
7.743114e-01
7.743114e-01
7.743114e-01
7.746329e-01
7.746329e-01
7.746329e-01
7.746329e-01
7.746608e-01
7.746608e-01
7.746608e-01
7.746608e-01
7.746608e-01
7.746608e-01
7.746608e-01
7.746608e-01
7.747853e-01
7.747853e-01
7.747853e-01
7.747853e-01
7.747853e-01
7.747853e-01
7.747853e-01
7.747853e-01
7.754121e-01
7.754121e-01
7.754121e-01
7.754121e-01
7.754121e-01
7.754121e-01
7.754121e-01
7.754121e-01
7.780830e-01
7.780830e-01
7.780830e-01
7.780830e-01
7.780830e-01
7.780830e-01
7.780830e-01
7.780830e-01
7.782301e-01
7.782301e-01
7.782301e-01
7.782301e-01
7.795542e-01
7.795542e-01
7.795542e-01
7.795542e-01
7.795542e-01
7.795542e-01
7.795542e-01
7.795542e-01
7.804176e-01
7.804176e-01
7.804176e-01
7.804176e-01
7.810852e-01
7.810852e-01
7.810852e-01
7.810852e-01
7.810852e-01
7.810852e-01
7.810852e-01
7.810852e-01
7.824754e-01
7.824754e-01
7.824754e-01
7.824754e-01
7.824754e-01
7.824754e-01
7.824754e-01
7.824754e-01
7.830647e-01
7.830647e-01
7.830647e-01
7.830647e-01
7.830679e-01
7.830679e-01
7.830679e-01
7.830679e-01
7.830679e-01
7.830679e-01
7.830679e-01
7.830679e-01
7.836576e-01
7.836576e-01
7.836576e-01
7.836576e-01
7.836576e-01
7.836576e-01
7.836576e-01
7.836576e-01
7.838842e-01
7.838842e-01
7.838842e-01
7.838842e-01
7.838842e-01
7.838842e-01
7.838842e-01
7.838842e-01
7.847553e-01
7.847553e-01
7.847553e-01
7.847553e-01
7.847553e-01
7.847553e-01
7.847553e-01
7.847553e-01
7.858817e-01
7.858817e-01
7.858817e-01
7.858817e-01
7.858817e-01
7.858817e-01
7.858817e-01
7.858817e-01
7.866070e-01
7.866070e-01
7.866070e-01
7.866070e-01
7.866070e-01
7.866070e-01
7.866070e-01
7.866070e-01
7.872806e-01
7.872806e-01
7.872806e-01
7.872806e-01
7.872806e-01
7.872806e-01
7.872806e-01
7.872806e-01
7.876536e-01
7.876536e-01
7.876536e-01
7.876536e-01
7.876536e-01
7.876536e-01
7.876536e-01
7.876536e-01
7.892710e-01
7.892710e-01
7.892710e-01
7.892710e-01
7.902594e-01
7.902594e-01
7.902594e-01
7.902594e-01
7.902594e-01
7.902594e-01
7.902594e-01
7.902594e-01
7.910763e-01
7.910763e-01
7.910763e-01
7.910763e-01
7.910763e-01
7.910763e-01
7.910763e-01
7.910763e-01
7.932383e-01
7.932383e-01
7.932383e-01
7.932383e-01
7.932383e-01
7.932383e-01
7.932383e-01
7.932383e-01
7.951282e-01
7.951282e-01
7.951282e-01
7.951282e-01
7.951282e-01
7.951282e-01
7.951282e-01
7.951282e-01
7.957636e-01
7.957636e-01
7.957636e-01
7.957636e-01
7.957636e-01
7.957636e-01
7.957636e-01
7.957636e-01
7.962567e-01
7.962567e-01
7.962567e-01
7.962567e-01
7.962567e-01
7.962567e-01
7.962567e-01
7.962567e-01
7.974511e-01
7.974511e-01
7.974511e-01
7.974511e-01
7.980436e-01
7.980436e-01
7.980436e-01
7.980436e-01
7.980436e-01
7.980436e-01
7.980436e-01
7.980436e-01
7.980436e-01
7.980436e-01
7.980436e-01
7.980436e-01
7.980436e-01
7.980436e-01
7.980436e-01
7.980436e-01
7.980436e-01
7.980436e-01
7.980436e-01
7.980436e-01
7.980436e-01
7.980436e-01
7.980436e-01
7.980436e-01
7.980436e-01
7.980436e-01
7.980436e-01
7.980436e-01
7.980436e-01
7.980436e-01
7.980436e-01
7.980436e-01
7.980516e-01
7.980516e-01
7.980516e-01
7.980516e-01
7.980516e-01
7.980516e-01
7.980516e-01
7.980516e-01
7.986446e-01
7.986446e-01
7.986446e-01
7.986446e-01
7.986446e-01
7.986446e-01
7.986446e-01
7.986446e-01
8.003333e-01
8.003333e-01
8.003333e-01
8.003333e-01
8.003333e-01
8.003333e-01
8.003333e-01
8.003333e-01
8.022388e-01
8.022388e-01
8.022388e-01
8.022388e-01
8.028606e-01
8.028606e-01
8.028606e-01
8.028606e-01
8.028606e-01
8.028606e-01
8.028606e-01
8.028606e-01
8.045570e-01
8.045570e-01
8.045570e-01
8.045570e-01
8.045570e-01
8.045570e-01
8.045570e-01
8.045570e-01
8.048525e-01
8.048525e-01
8.048525e-01
8.048525e-01
8.058417e-01
8.058417e-01
8.058417e-01
8.058417e-01
8.058417e-01
8.058417e-01
8.058417e-01
8.058417e-01
8.059632e-01
8.059632e-01
8.059632e-01
8.059632e-01
8.088228e-01
8.088228e-01
8.088228e-01
8.088228e-01
8.088228e-01
8.088228e-01
8.088228e-01
8.088228e-01
8.105890e-01
8.105890e-01
8.105890e-01
8.105890e-01
8.105890e-01
8.105890e-01
8.105890e-01
8.105890e-01
8.113501e-01
8.113501e-01
8.113501e-01
8.113501e-01
8.113501e-01
8.113501e-01
8.113501e-01
8.113501e-01
8.127957e-01
8.127957e-01
8.127957e-01
8.127957e-01
8.127957e-01
8.127957e-01
8.127957e-01
8.127957e-01
8.130388e-01
8.130388e-01
8.130388e-01
8.130388e-01
8.136317e-01
8.136317e-01
8.136317e-01
8.136317e-01
8.136317e-01
8.136317e-01
8.136317e-01
8.136317e-01
8.136317e-01
8.136317e-01
8.136317e-01
8.136317e-01
8.136317e-01
8.136317e-01
8.136317e-01
8.136317e-01
8.136317e-01
8.136317e-01
8.136317e-01
8.136317e-01
8.136317e-01
8.136317e-01
8.136317e-01
8.136317e-01
8.136317e-01
8.136317e-01
8.136317e-01
8.136317e-01
8.136317e-01
8.136317e-01
8.136317e-01
8.136317e-01
8.179002e-01
8.179002e-01
8.179002e-01
8.179002e-01
8.179002e-01
8.179002e-01
8.179002e-01
8.179002e-01
8.200384e-01
8.200384e-01
8.200384e-01
8.200384e-01
8.200384e-01
8.200384e-01
8.200384e-01
8.200384e-01
8.335982e-01
8.335982e-01
8.335982e-01
8.335982e-01
8.335982e-01
8.335982e-01
8.335982e-01
8.335982e-01
8.373570e-01
8.373570e-01
8.373570e-01
8.373570e-01
8.373570e-01
8.373570e-01
8.373570e-01
8.373570e-01
8.492248e-01
8.492248e-01
8.492248e-01
8.492248e-01
8.499455e-01
8.499455e-01
8.499455e-01
8.499455e-01
8.499455e-01
8.499455e-01
8.499455e-01
8.499455e-01
8.545442e-01
8.545442e-01
8.545442e-01
8.545442e-01
8.545442e-01
8.545442e-01
8.545442e-01
8.545442e-01
8.592311e-01
8.592311e-01
8.592311e-01
8.592311e-01
8.592311e-01
8.592311e-01
8.592311e-01
8.592311e-01
8.599819e-01
8.599819e-01
8.599819e-01
8.599819e-01
8.730376e-01
8.730376e-01
8.730376e-01
8.730376e-01
8.730376e-01
8.730376e-01
8.730376e-01
8.730376e-01
8.774685e-01
8.774685e-01
8.774685e-01
8.774685e-01
8.774685e-01
8.774685e-01
8.774685e-01
8.774685e-01
8.948678e-01
8.948678e-01
8.948678e-01
8.948678e-01
8.948678e-01
8.948678e-01
8.948678e-01
8.948678e-01
8.978440e-01
8.978440e-01
8.978440e-01
8.978440e-01
8.978440e-01
8.978440e-01
8.978440e-01
8.978440e-01
9.052521e-01
9.052521e-01
9.052521e-01
9.052521e-01
9.052521e-01
9.052521e-01
9.052521e-01
9.052521e-01
9.085994e-01
9.085994e-01
9.085994e-01
9.085994e-01
9.085994e-01
9.085994e-01
9.085994e-01
9.085994e-01
9.159365e-01
9.159365e-01
9.159365e-01
9.159365e-01
9.182612e-01
9.182612e-01
9.182612e-01
9.182612e-01
9.182612e-01
9.182612e-01
9.182612e-01
9.182612e-01
9.221996e-01
9.221996e-01
9.221996e-01
9.221996e-01
9.330600e-01
9.330600e-01
9.330600e-01
9.330600e-01
9.330600e-01
9.330600e-01
9.330600e-01
9.330600e-01
9.434649e-01
9.434649e-01
9.434649e-01
9.434649e-01
9.434649e-01
9.434649e-01
9.434649e-01
9.434649e-01
9.509984e-01
9.509984e-01
9.509984e-01
9.509984e-01
9.509984e-01
9.509984e-01
9.509984e-01
9.509984e-01
9.534296e-01
9.534296e-01
9.534296e-01
9.534296e-01
9.534296e-01
9.534296e-01
9.534296e-01
9.534296e-01
9.551537e-01
9.551537e-01
9.551537e-01
9.551537e-01
9.551537e-01
9.551537e-01
9.551537e-01
9.551537e-01
9.600859e-01
9.600859e-01
9.600859e-01
9.600859e-01
9.600859e-01
9.600859e-01
9.600859e-01
9.600859e-01
9.675282e-01
9.675282e-01
9.675282e-01
9.675282e-01
9.675282e-01
9.675282e-01
9.675282e-01
9.675282e-01
9.694111e-01
9.694111e-01
9.694111e-01
9.694111e-01
9.759360e-01
9.759360e-01
9.759360e-01
9.759360e-01
9.763968e-01
9.763968e-01
9.763968e-01
9.763968e-01
9.763968e-01
9.763968e-01
9.763968e-01
9.763968e-01
9.853584e-01
9.853584e-01
9.853584e-01
9.853584e-01
9.853584e-01
9.853584e-01
9.853584e-01
9.853584e-01
9.876568e-01
9.876568e-01
9.876568e-01
9.876568e-01
9.876568e-01
9.876568e-01
9.876568e-01
9.876568e-01
9.881237e-01
9.881237e-01
9.881237e-01
9.881237e-01
9.881237e-01
9.881237e-01
9.881237e-01
9.881237e-01
9.894546e-01
9.894546e-01
9.894546e-01
9.894546e-01
9.894546e-01
9.894546e-01
9.894546e-01
9.894546e-01
9.914499e-01
9.914499e-01
9.914499e-01
9.914499e-01
9.914499e-01
9.914499e-01
9.914499e-01
9.914499e-01
9.930254e-01
9.930254e-01
9.930254e-01
9.930254e-01
9.938088e-01
9.938088e-01
9.938088e-01
9.938088e-01
9.938088e-01
9.938088e-01
9.938088e-01
9.938088e-01
9.961735e-01
9.961735e-01
9.961735e-01
9.961735e-01
9.961735e-01
9.961735e-01
9.961735e-01
9.961735e-01
9.981827e-01
9.981827e-01
9.981827e-01
9.981827e-01
9.981827e-01
9.981827e-01
9.981827e-01
9.981827e-01
9.995274e-01
9.995274e-01
9.995274e-01
9.995274e-01
1.000000e+00
1.000000e+00
1.000000e+00
1.000000e+00
1.000000e+00
1.000000e+00
1.000000e+00
1.000000e+00
1.000000e+00
1.000000e+00
1.000000e+00
1.000000e+00
1.000000e+00
1.000000e+00
1.000000e+00
1.000000e+00
1.000000e+00
1.000000e+00
1.000000e+00
1.000000e+00
1.000000e+00
1.000000e+00
1.000000e+00
1.000000e+00
1.000000e+00
1.000000e+00
1.000000e+00
1.000000e+00
1.000000e+00
1.000000e+00
1.000000e+00
1.000000e+00
